v 0.048376 0.054215 -0.460198
v -0.099113 0.054215 -0.451995
v -0.007755 0.054215 -0.523392
v -0.050337 0.054215 -0.521024
v -0.422725 0.054215 -0.188217
v -0.460500 0.054215 -0.045412
v -0.500172 0.054215 -0.154362
v -0.511078 0.054215 -0.113132
v -0.309635 0.054215 0.343873
v -0.185492 0.054215 0.423929
v -0.301369 0.054215 0.427991
v -0.265527 0.054215 0.451104
v 0.231361 0.054215 0.400743
v 0.345860 0.054215 0.307414
v 0.313916 0.054215 0.418875
v 0.346973 0.054215 0.391930
v 0.452624 0.054215 -0.096201
v 0.399245 0.054215 -0.233936
v 0.495379 0.054215 -0.169112
v 0.479968 0.054215 -0.208879
v -0.148227 1.579672 -0.828227
v 0.055463 1.579672 -0.839556
v -0.078086 1.579672 -0.938499
v -0.026474 1.579672 -0.941370
v -0.781326 1.579672 -0.312185
v -0.833495 1.579672 -0.114964
v -0.903477 1.579672 -0.265721
v -0.916696 1.579672 -0.215748
v -0.366902 1.579672 0.757175
v -0.538349 1.579672 0.646615
v -0.488463 1.579672 0.805160
v -0.531905 1.579672 0.777146
v 0.606737 1.579672 0.582924
v 0.448608 1.579672 0.711815
v 0.614809 1.579672 0.713364
v 0.574742 1.579672 0.746023
v 0.741886 1.579672 -0.396908
v 0.815604 1.579672 -0.206689
v 0.868436 1.579672 -0.364276
v 0.887115 1.579672 -0.316078
v 0.055544 2.500550 -0.798001
v -0.143699 2.500550 -0.786919
v -0.023892 2.500550 -0.895458
v -0.075560 2.500550 -0.892585
v -0.741780 2.500550 -0.299421
v -0.792810 2.500550 -0.106506
v -0.859015 2.500550 -0.253989
v -0.872248 2.500550 -0.203962
v -0.513989 2.500550 0.612949
v -0.346285 2.500550 0.721095
v -0.507008 2.500550 0.738485
v -0.463518 2.500550 0.766530
v 0.424117 2.500550 0.678244
v 0.578794 2.500550 0.552167
v 0.545667 2.500550 0.710398
v 0.585778 2.500550 0.677703
v 0.776108 2.500550 -0.193771
v 0.703999 2.500550 -0.379837
v 0.844249 2.500550 -0.299435
v 0.825549 2.500550 -0.347686
v -0.106438 3.098604 -0.515163
v 0.048650 3.098604 -0.523789
v -0.054321 3.098604 -0.591684
v -0.011632 3.098604 -0.594058
v -0.522840 3.098604 -0.057966
v -0.483120 3.098604 -0.208129
v -0.579510 3.098604 -0.131178
v -0.568577 3.098604 -0.172512
v -0.216696 3.098604 0.479338
v -0.347234 3.098604 0.395159
v -0.303837 3.098604 0.510611
v -0.339768 3.098604 0.487440
v 0.388915 3.098604 0.354214
v 0.268517 3.098604 0.452350
v 0.391729 3.098604 0.446753
v 0.358589 3.098604 0.473766
v 0.457058 3.098604 -0.260422
v 0.513187 3.098604 -0.115591
v 0.545939 3.098604 -0.234502
v 0.561388 3.098604 -0.194636
v 0.338554 0.516883 0.560414
v 0.480637 0.516883 0.444602
v 0.443824 0.516883 0.585389
v 0.483872 0.516883 0.552745
v -0.650174 0.516883 -0.077179
v -0.603299 0.516883 -0.254387
v -0.716356 0.516883 -0.162767
v -0.703144 0.516883 -0.212716
v 0.055507 0.516883 -0.652381
v -0.127513 0.516883 -0.642202
v -0.014978 0.516883 -0.734463
v -0.066565 0.516883 -0.731593
v -0.428366 0.516883 0.495162
v -0.274317 0.516883 0.594502
v -0.419589 0.516883 0.602997
v -0.376167 0.516883 0.630998
v 0.637604 0.516883 -0.148807
v 0.571367 0.516883 -0.319723
v 0.693887 0.516883 -0.241206
v 0.675217 0.516883 -0.289382
v -0.163904 0.054215 -0.314193
v -0.274690 0.054215 -0.223891
v -0.194116 0.054215 -0.258195
v -0.213750 0.054215 -0.242191
v -0.349465 0.054215 0.058791
v -0.297817 0.054215 0.192060
v -0.305543 0.054215 0.104829
v -0.296390 0.054215 0.128447
v -0.052077 0.054215 0.350528
v 0.090629 0.054215 0.342591
v 0.005280 0.054215 0.322982
v 0.030571 0.054215 0.321576
v 0.317279 0.054215 0.157847
v 0.353829 0.054215 0.019673
v 0.308806 0.054215 0.094785
v 0.315284 0.054215 0.070298
v 0.248166 0.054215 -0.252973
v 0.128049 0.054215 -0.330432
v 0.185573 0.054214 -0.264402
v 0.164285 0.054214 -0.278129
v -0.456202 1.579672 -0.385846
v -0.285932 1.579672 -0.524633
v -0.356700 1.579672 -0.413330
v -0.332916 1.579672 -0.432717
v -0.507936 1.579672 0.314641
v -0.587314 1.579672 0.109817
v -0.503327 1.579672 0.211515
v -0.514415 1.579672 0.182905
v -0.077048 1.579672 0.592504
v 0.142281 1.579672 0.580305
v 0.014990 1.579672 0.545758
v 0.045627 1.579672 0.544054
v 0.595870 1.579672 0.044007
v 0.539696 1.579672 0.256371
v 0.531525 1.579672 0.124728
v 0.523679 1.579672 0.154392
v 0.410598 1.579672 -0.434059
v 0.225987 1.579672 -0.553107
v 0.308661 1.579672 -0.450338
v 0.282874 1.579672 -0.466968
v -0.273236 2.500550 -0.501907
v -0.436502 2.500550 -0.368828
v -0.318177 2.500550 -0.414637
v -0.341963 2.500550 -0.395248
v -0.561777 2.500550 0.104765
v -0.485663 2.500550 0.301164
v -0.492665 2.500550 0.174474
v -0.481576 2.500550 0.203087
v -0.073961 2.500550 0.566656
v 0.136346 2.500550 0.554958
v 0.013693 2.500550 0.522468
v 0.044333 2.500550 0.520763
v 0.516066 2.500550 0.245447
v 0.569930 2.500550 0.041819
v 0.501128 2.500550 0.148428
v 0.508975 2.500550 0.118762
v 0.392907 2.500550 -0.414961
v 0.215890 2.500550 -0.529113
v 0.296021 2.500550 -0.430734
v 0.270231 2.500550 -0.447364
v -0.305431 3.098604 -0.250171
v -0.183445 3.098604 -0.349602
v -0.236561 3.098604 -0.270173
v -0.216923 3.098604 -0.286180
v -0.332310 3.098604 0.213175
v -0.389179 3.098604 0.066434
v -0.330051 3.098604 0.141495
v -0.339206 3.098604 0.117872
v 0.100052 3.098604 0.381921
v -0.057081 3.098604 0.390660
v 0.032578 3.098604 0.357622
v 0.007283 3.098604 0.359029
v 0.394146 3.098604 0.022864
v 0.353901 3.098604 0.175008
v 0.350186 3.098604 0.079527
v 0.343707 3.098604 0.104020
v 0.143543 3.098604 -0.367789
v 0.275804 3.098604 -0.282500
v 0.183848 3.098604 -0.308471
v 0.205140 3.098604 -0.294741
v 0.115587 0.516883 0.465831
v -0.063213 0.516883 0.475776
v 0.039772 0.516883 0.438812
v 0.009137 0.516883 0.440515
v -0.472024 0.516883 0.086903
v -0.407313 0.516883 0.253879
v -0.416132 0.516883 0.144816
v -0.405044 0.516883 0.173426
v 0.180297 0.516883 -0.444805
v 0.330795 0.516883 -0.347755
v 0.225750 0.516883 -0.378384
v 0.251537 0.516883 -0.361755
v 0.432956 0.516883 0.207142
v 0.478750 0.516883 0.034020
v 0.421779 0.516883 0.127437
v 0.429625 0.516883 0.097774
v -0.228513 0.516883 -0.422067
v -0.367320 0.516883 -0.308925
v -0.266320 0.516883 -0.351014
v -0.290103 0.516883 -0.331628
v 0.488126 0.516883 0.537887
v 0.489373 0.516883 0.517240
v 0.487061 0.516883 0.487310
v 0.452309 0.330152 0.413721
v 0.423075 0.192943 0.383026
v 0.385859 0.101877 0.345839
v 0.324636 0.038513 0.306796
v 0.309680 0.030627 0.317560
v 0.325189 0.038513 0.355472
v 0.387047 0.101877 0.437631
v 0.424597 0.192942 0.481164
v 0.454519 0.330152 0.516878
v 0.456902 0.516883 0.581169
v 0.468053 0.516883 0.574226
v 0.477102 0.516883 0.564704
v 0.318793 0.038513 0.371400
v 0.294195 0.030627 0.360929
v 0.299490 0.038513 0.387134
v 0.350598 0.101877 0.467341
v 0.385665 0.192942 0.512897
v 0.414612 0.330152 0.549406
v 0.379089 0.516883 0.575318
v 0.407938 0.516883 0.583618
v 0.428413 0.516883 0.586559
v 0.282599 0.038513 0.390186
v 0.248593 0.030627 0.367352
v 0.235035 0.038513 0.379830
v 0.260931 0.101877 0.447668
v 0.289850 0.192943 0.491619
v 0.314019 0.330152 0.526441
v -0.691364 0.516883 -0.222722
v -0.673071 0.516883 -0.232376
v -0.644853 0.516883 -0.242619
v -0.650730 0.752318 -0.269782
v -0.701269 1.020820 -0.286188
v -0.747329 1.303051 -0.301142
v -0.835768 1.579672 -0.297651
v -0.870607 1.579672 -0.285987
v -0.891344 1.579672 -0.275805
v -0.865217 1.303051 -0.255596
v -0.813385 1.020820 -0.241882
v -0.756516 0.752318 -0.226836
v -0.717908 0.516883 -0.176422
v -0.716185 0.516883 -0.189444
v -0.711244 0.516883 -0.201615
v -0.911581 1.579672 -0.254614
v -0.916524 1.579672 -0.242437
v -0.918248 1.579672 -0.229409
v -0.878434 1.303051 -0.205632
v -0.826600 1.020820 -0.191924
v -0.769729 0.752318 -0.176884
v -0.680474 0.516883 -0.107954
v -0.699937 0.516883 -0.130809
v -0.711064 0.516883 -0.148246
v -0.911135 1.579672 -0.200983
v -0.898145 1.579672 -0.181881
v -0.873630 1.579672 -0.154516
v -0.798484 1.303051 -0.107753
v -0.751054 1.020820 -0.097978
v -0.699013 0.752318 -0.087249
v -0.078741 0.516883 -0.722073
v -0.091886 0.516883 -0.706102
v -0.107607 0.516883 -0.680529
v -0.122746 0.330152 -0.600567
v -0.117138 0.192942 -0.558552
v -0.108887 0.101877 -0.506592
v -0.082306 0.038513 -0.439019
v -0.063880 0.030627 -0.438937
v -0.054142 0.038513 -0.478724
v -0.055894 0.101877 -0.581551
v -0.060685 0.192942 -0.638841
v -0.063901 0.330152 -0.685322
v -0.028039 0.516883 -0.738736
v -0.041141 0.516883 -0.739674
v -0.054059 0.516883 -0.737289
v -0.039606 0.038513 -0.487851
v -0.025859 0.030627 -0.464921
v -0.014741 0.038513 -0.489234
v -0.008944 0.101877 -0.584163
v -0.010536 0.192942 -0.641631
v -0.012495 0.330152 -0.688181
v 0.031473 0.516883 -0.688265
v 0.013013 0.516883 -0.711937
v -0.001822 0.516883 -0.726351
v 0.000718 0.038513 -0.481775
v 0.014808 0.030627 -0.443314
v 0.033112 0.038513 -0.445439
v 0.052035 0.101877 -0.515543
v 0.054473 0.192943 -0.568097
v 0.055387 0.330152 -0.610475
v -0.360721 0.516883 0.630452
v -0.340699 0.516883 0.625258
v -0.312949 0.516883 0.613810
v -0.253701 0.330152 0.558018
v -0.233542 0.192943 0.520730
v -0.209676 0.101877 0.473844
v -0.191462 0.038513 0.403553
v -0.206321 0.030627 0.392655
v -0.237585 0.038513 0.419120
v -0.296608 0.101877 0.503339
v -0.326406 0.192942 0.552504
v -0.351126 0.330152 0.591997
v -0.411534 0.516883 0.614131
v -0.401485 0.516883 0.622591
v -0.389633 0.516883 0.628254
v -0.254710 0.038513 0.417959
v -0.252353 0.030627 0.391329
v -0.275639 0.038513 0.404463
v -0.336126 0.101877 0.477855
v -0.368617 0.192942 0.525283
v -0.394394 0.330152 0.564095
v -0.430015 0.516883 0.538319
v -0.428993 0.516883 0.568320
v -0.425464 0.516883 0.588701
v -0.283761 0.038513 0.389342
v -0.272553 0.030627 0.349944
v -0.288610 0.038513 0.340905
v -0.345125 0.101877 0.386497
v -0.377989 0.192943 0.427582
v -0.403637 0.330152 0.461329
v 0.662400 0.516883 -0.298019
v 0.643149 0.516883 -0.305586
v 0.613969 0.516883 -0.312636
v 0.533243 0.330152 -0.302324
v 0.495017 0.192943 -0.284007
v 0.448150 0.101877 -0.260103
v 0.392098 0.038513 -0.213942
v 0.397714 0.030627 -0.196392
v 0.438562 0.038513 -0.199426
v 0.535816 0.101877 -0.232868
v 0.588822 0.192942 -0.255128
v 0.632034 0.330152 -0.272549
v 0.693915 0.516883 -0.254949
v 0.690758 0.516883 -0.267700
v 0.684498 0.516883 -0.279248
v 0.451735 0.038513 -0.188422
v 0.434176 0.030627 -0.168262
v 0.460734 0.038513 -0.165201
v 0.552808 0.101877 -0.189023
v 0.606971 0.192942 -0.208295
v 0.650638 0.330152 -0.224543
v 0.664305 0.516883 -0.182753
v 0.681113 0.516883 -0.207625
v 0.690238 0.516883 -0.226188
v 0.458417 0.038513 -0.148194
v 0.426192 0.030627 -0.122908
v 0.433870 0.038513 -0.106157
v 0.506390 0.101877 -0.109823
v 0.557126 0.192943 -0.123745
v 0.597712 0.330152 -0.135971
v -0.797187 1.835362 -0.317346
v -0.794889 2.070884 -0.316617
v -0.775923 2.291019 -0.310482
v -0.793362 2.500550 -0.285497
v -0.826740 2.500550 -0.274142
v -0.846947 2.500549 -0.264068
v -0.897423 2.291019 -0.264141
v -0.918754 2.070884 -0.269775
v -0.921331 1.835362 -0.270449
v -0.867128 2.500550 -0.242870
v -0.872076 2.500550 -0.230680
v -0.873802 2.500549 -0.217637
v -0.910652 2.291019 -0.214128
v -0.931979 2.070884 -0.219778
v -0.934553 1.835362 -0.220466
v -0.866742 2.500550 -0.189234
v -0.854159 2.500550 -0.170487
v -0.830761 2.500549 -0.144113
v -0.827956 2.291019 -0.113774
v -0.847475 2.070884 -0.117818
v -0.849833 1.835362 -0.118320
v -0.087865 2.500550 -0.882797
v -0.101807 2.500550 -0.865037
v -0.119660 2.500550 -0.834634
v -0.147647 2.291019 -0.822591
v -0.149833 2.070884 -0.842405
v -0.150083 1.835362 -0.844802
v -0.123013 1.579672 -0.878620
v -0.104563 1.579672 -0.910391
v -0.090410 1.579672 -0.928648
v -0.079118 1.835362 -0.956940
v -0.078977 2.070884 -0.954280
v -0.077759 2.291019 -0.932251
v -0.036974 2.500550 -0.899738
v -0.050097 2.500550 -0.900678
v -0.063034 2.500550 -0.898289
v -0.065573 1.579672 -0.944197
v -0.052650 1.579672 -0.946584
v -0.039542 1.579672 -0.945645
v -0.027494 1.835362 -0.959811
v -0.027339 2.070884 -0.957152
v -0.026107 2.291019 -0.935124
v 0.026362 2.500550 -0.842756
v 0.005247 2.500550 -0.870991
v -0.010578 2.500550 -0.887096
v -0.013134 1.579672 -0.932947
v 0.002957 1.579672 -0.916372
v 0.024816 1.579672 -0.886842
v 0.055470 1.835362 -0.856235
v 0.055487 2.070884 -0.853825
v 0.055512 2.291019 -0.833891
v 0.558998 1.579672 0.747050
v 0.536237 1.579672 0.743098
v 0.501196 1.579672 0.732057
v 0.458406 1.835362 0.725313
v 0.456976 2.070884 0.723373
v 0.445239 2.291019 0.707261
v 0.474032 2.500550 0.697299
v 0.507711 2.500550 0.707731
v 0.529980 2.500549 0.711458
v 0.570773 2.291019 0.741186
v 0.584718 2.070884 0.758283
v 0.586406 1.835362 0.760343
v 0.608035 1.579672 0.725329
v 0.598983 1.579672 0.734855
v 0.587826 1.579672 0.741801
v 0.558766 2.500550 0.706171
v 0.569934 2.500550 0.699218
v 0.578997 2.500549 0.689681
v 0.610872 2.291019 0.708502
v 0.624805 2.070884 0.725608
v 0.626483 1.835362 0.727677
v 0.615960 1.579672 0.638513
v 0.619708 1.579672 0.675061
v 0.618989 1.579672 0.698151
v 0.589980 2.500550 0.662552
v 0.590820 2.500550 0.639989
v 0.587393 2.500549 0.604899
v 0.602956 2.291019 0.578705
v 0.616370 2.070884 0.593450
v 0.617982 1.835362 0.595243
v -0.447811 2.500550 0.765844
v -0.426092 2.500550 0.759670
v -0.393779 2.500550 0.745568
v -0.364058 2.291019 0.752275
v -0.373936 2.070884 0.769589
v -0.375142 1.835362 0.771676
v -0.416920 1.579672 0.783124
v -0.450521 1.579672 0.797983
v -0.472703 1.579672 0.804434
v -0.498468 1.835362 0.820685
v -0.497018 2.070884 0.818450
v -0.485055 2.291019 0.799913
v -0.498940 2.500550 0.749637
v -0.488876 2.500550 0.758110
v -0.477005 2.500550 0.763782
v -0.501935 1.579672 0.802415
v -0.513793 1.579672 0.796749
v -0.523846 1.579672 0.788285
v -0.541920 1.835362 0.792664
v -0.540482 2.070884 0.790422
v -0.528532 2.291019 0.771877
v -0.516687 2.500550 0.666309
v -0.516201 2.500550 0.701563
v -0.512864 2.500550 0.723893
v -0.537747 1.579672 0.762490
v -0.541022 1.579672 0.739622
v -0.541350 1.579672 0.702884
v -0.548159 1.835362 0.660105
v -0.546755 2.070884 0.658144
v -0.535059 2.291019 0.642003
v 0.812438 2.500550 -0.356364
v 0.791239 2.500550 -0.364135
v 0.756807 2.500550 -0.371719
v 0.736705 2.291019 -0.394616
v 0.754874 2.070884 -0.402817
v 0.757076 1.835362 -0.403796
v 0.797604 1.579672 -0.388501
v 0.833522 1.579672 -0.380772
v 0.855259 1.579672 -0.372953
v 0.885655 1.835362 -0.370956
v 0.883169 2.070884 -0.370000
v 0.862595 2.291019 -0.362035
v 0.844277 2.500550 -0.313199
v 0.841115 2.500550 -0.325970
v 0.834845 2.500550 -0.337536
v 0.877722 1.579672 -0.354137
v 0.883985 1.579672 -0.342583
v 0.887143 1.579672 -0.329827
v 0.904338 1.835362 -0.322747
v 0.901858 2.070884 -0.321778
v 0.881289 2.291019 -0.313798
v 0.809655 2.500550 -0.235354
v 0.829983 2.500550 -0.264161
v 0.840410 2.500550 -0.284188
v 0.883226 1.579672 -0.300788
v 0.872435 1.579672 -0.280362
v 0.851106 1.579672 -0.250447
v 0.831469 1.835362 -0.211836
v 0.829182 2.070884 -0.211075
v 0.810232 2.291019 -0.204891
v -0.057708 3.126928 -0.540225
v -0.067680 3.141156 -0.494588
v -0.087586 3.126928 -0.496686
v -0.118437 3.016319 -0.590994
v -0.129765 2.877917 -0.670935
v -0.137980 2.700631 -0.736534
v -0.072363 2.700631 -0.836590
v -0.067696 2.877916 -0.763890
v -0.061178 3.016319 -0.675543
v -0.018140 3.126928 -0.550914
v -0.029026 3.141156 -0.521859
v -0.043068 3.126927 -0.549528
v -0.020860 2.700631 -0.839455
v -0.017437 2.877916 -0.766685
v -0.014116 3.016319 -0.678161
v 0.031964 3.126928 -0.503335
v 0.012414 3.141156 -0.499043
v -0.002558 3.126927 -0.543292
v 0.055448 2.700631 -0.747292
v 0.054559 2.877917 -0.681187
v 0.052166 3.016319 -0.600483
v 0.394389 2.700631 0.637164
v 0.356253 2.877917 0.583161
v 0.310752 3.016319 0.516463
v 0.269994 3.126927 0.425995
v 0.283287 3.141155 0.411031
v 0.321409 3.126927 0.438029
v 0.410033 3.016319 0.540346
v 0.464753 2.877917 0.610013
v 0.510295 2.700631 0.666872
v 0.338495 3.126928 0.435037
v 0.330224 3.141155 0.405132
v 0.357847 3.126927 0.419263
v 0.446569 3.016319 0.510566
v 0.503770 2.877917 0.578209
v 0.550279 2.700631 0.634282
v 0.364223 3.126928 0.403131
v 0.345466 3.141155 0.360349
v 0.362803 3.126927 0.350346
v 0.443195 3.016319 0.408508
v 0.499348 2.877917 0.466524
v 0.544552 2.700631 0.514766
v -0.270849 3.126928 0.470971
v -0.235957 3.141155 0.439912
v -0.221086 3.126927 0.453309
v -0.251560 3.016319 0.547739
v -0.289384 2.877917 0.619072
v -0.321296 2.700631 0.676971
v -0.433192 2.700631 0.719350
v -0.394236 2.877916 0.657791
v -0.347580 3.016319 0.582486
v -0.309144 3.126928 0.456361
v -0.283258 3.141155 0.439254
v -0.288162 3.126927 0.469892
v -0.476543 2.700631 0.691395
v -0.436540 2.877916 0.630511
v -0.387193 3.016319 0.556941
v -0.321712 3.126927 0.388419
v -0.303373 3.141156 0.396438
v -0.317270 3.126928 0.441036
v -0.484106 2.700631 0.571981
v -0.444531 2.877917 0.519023
v -0.395158 3.016319 0.455139
v 0.495952 3.126928 -0.221822
v 0.449467 3.141156 -0.217204
v 0.445311 3.126927 -0.236784
v 0.525469 3.016319 -0.295267
v 0.597998 2.877917 -0.330744
v 0.657847 2.700631 -0.358828
v 0.773283 2.700631 -0.327342
v 0.705583 2.877916 -0.300437
v 0.623575 3.016319 -0.266938
v 0.518345 3.126928 -0.187494
v 0.487348 3.141156 -0.188869
v 0.509323 3.126927 -0.210773
v 0.791923 2.700631 -0.279245
v 0.723773 2.877916 -0.253502
v 0.640607 3.016319 -0.222988
v 0.488578 3.126928 -0.125140
v 0.478454 3.141156 -0.142407
v 0.515911 3.126927 -0.170320
v 0.727852 2.700631 -0.178192
v 0.664707 2.877917 -0.158610
v 0.587213 3.016319 -0.135947
v -0.531617 3.126928 -0.112055
v -0.491296 3.141155 -0.088468
v -0.499442 3.126927 -0.070185
v -0.598667 3.016319 -0.069987
v -0.678197 2.877917 -0.083916
v -0.743123 2.700631 -0.096375
v -0.818006 2.700631 -0.189699
v -0.747422 2.877916 -0.171673
v -0.661385 3.016319 -0.150570
v -0.529556 3.126928 -0.152990
v -0.505287 3.141155 -0.133658
v -0.535940 3.126927 -0.128853
v -0.804815 2.700631 -0.239567
v -0.734549 2.877916 -0.220336
v -0.649331 3.016319 -0.196138
v -0.468823 3.126927 -0.185939
v -0.470782 3.141156 -0.166019
v -0.517492 3.126928 -0.165454
v -0.693583 2.700631 -0.283660
v -0.630988 2.877917 -0.262387
v -0.554973 3.016319 -0.235172
v 0.582651 1.303051 0.556512
v 0.550025 1.020820 0.520724
v 0.514230 0.752318 0.481456
v 0.518755 0.752318 0.595537
v 0.555923 1.020820 0.641133
v 0.589800 1.303051 0.682690
v 0.478703 0.752318 0.628183
v 0.515868 1.020820 0.673782
v 0.549740 1.303051 0.715343
v 0.367878 0.752318 0.600748
v 0.399121 1.020820 0.643726
v 0.427595 1.303051 0.682898
v -0.457973 0.038513 -0.149560
v -0.417040 0.030627 -0.151075
v -0.413406 0.038513 -0.169139
v -0.474230 0.101877 -0.208799
v -0.523460 0.192943 -0.227358
v -0.563481 0.330152 -0.241323
v -0.658361 0.330152 -0.200776
v -0.613483 0.192943 -0.188255
v -0.558336 0.101877 -0.172010
v -0.476212 0.038513 -0.113087
v -0.450157 0.030627 -0.119075
v -0.469844 0.038513 -0.137162
v -0.671527 0.330152 -0.151003
v -0.626327 0.192943 -0.139698
v -0.570360 0.101877 -0.126551
v -0.442966 0.038513 -0.057387
v -0.437194 0.030627 -0.074886
v -0.472024 0.038513 -0.096442
v -0.609104 0.330152 -0.068847
v -0.567412 0.192943 -0.061197
v -0.515446 0.101877 -0.052988
v -0.144266 1.303051 -0.792701
v -0.138906 1.020820 -0.744571
v -0.133028 0.752318 -0.691763
v -0.069633 0.752318 -0.786716
v -0.072903 1.020820 -0.845451
v -0.075883 1.303051 -0.898984
v -0.018042 0.752318 -0.789586
v -0.021307 1.020820 -0.848321
v -0.024281 1.303051 -0.901854
v 0.055492 0.752318 -0.702248
v 0.055477 1.020820 -0.755383
v 0.055466 1.303051 -0.803810
v -0.349225 1.303051 0.726106
v -0.325271 1.020820 0.684018
v -0.298986 0.752318 0.637840
v -0.406086 0.752318 0.677396
v -0.437964 1.020820 0.726836
v -0.467018 1.303051 0.771896
v -0.449510 0.752318 0.649393
v -0.481393 1.020820 0.698830
v -0.510453 1.303051 0.743887
v -0.457665 0.752318 0.535514
v -0.488885 1.020820 0.578509
v -0.517341 1.303051 0.617694
v 0.709323 1.303051 -0.382163
v 0.665205 1.020820 -0.362192
v 0.616798 0.752318 -0.340284
v 0.726694 0.752318 -0.309334
v 0.781544 1.020820 -0.330593
v 0.831535 1.303051 -0.349971
v 0.745365 0.752318 -0.261155
v 0.800217 1.020820 -0.282410
v 0.850211 1.303051 -0.301781
v 0.685026 0.752318 -0.164231
v 0.735555 1.020820 -0.180665
v 0.781609 1.303051 -0.195640
v 0.001159 0.516883 0.442604
v -0.010744 0.516883 0.447581
v -0.030794 0.516883 0.457841
v -0.066900 0.752318 0.506872
v -0.070828 1.020820 0.540006
v -0.074407 1.303051 0.570207
v -0.033247 1.579672 0.567930
v -0.007353 1.579672 0.554260
v 0.006704 1.579672 0.548026
v 0.013872 1.303051 0.525654
v 0.012357 1.020820 0.498424
v 0.010696 0.752318 0.468551
v 0.032138 0.516883 0.438465
v 0.024398 0.516883 0.438639
v 0.016686 0.516883 0.439325
v 0.022539 1.579672 0.544567
v 0.030251 1.579672 0.543881
v 0.037992 1.579672 0.543708
v 0.044508 1.303051 0.523950
v 0.042994 1.020820 0.496720
v 0.041332 0.752318 0.466847
v 0.081379 0.516883 0.451602
v 0.060315 0.516883 0.443629
v 0.047933 0.516883 0.440002
v 0.054113 1.579672 0.545389
v 0.068774 1.579672 0.550026
v 0.096025 1.579672 0.560739
v 0.137183 1.303051 0.558438
v 0.130277 1.020820 0.528820
v 0.122699 0.752318 0.496326
v -0.403655 0.516883 0.181555
v -0.403278 0.516883 0.194451
v -0.404352 0.516883 0.216948
v -0.384681 0.330152 0.240322
v -0.361152 0.192943 0.226886
v -0.330855 0.101877 0.210354
v -0.275875 0.038513 0.161098
v -0.260626 0.030627 0.131790
v -0.275117 0.038513 0.124830
v -0.329454 0.101877 0.142654
v -0.359670 0.192942 0.155384
v -0.382902 0.330152 0.164788
v -0.412667 0.516883 0.151628
v -0.409631 0.516883 0.158750
v -0.407074 0.516883 0.166058
v -0.277070 0.038513 0.115309
v -0.265046 0.030627 0.102717
v -0.282415 0.038513 0.101517
v -0.339546 0.101877 0.116614
v -0.370450 0.192942 0.127570
v -0.393951 0.330152 0.136278
v -0.444949 0.516883 0.112193
v -0.428995 0.516883 0.128092
v -0.420583 0.516883 0.137874
v -0.287388 0.038513 0.093166
v -0.281372 0.030627 0.078259
v -0.312388 0.038513 0.066880
v -0.386202 0.101877 0.067538
v -0.419728 0.192943 0.075740
v -0.446166 0.330152 0.081669
v 0.259218 0.516883 -0.358755
v 0.271774 0.516883 -0.355786
v 0.294026 0.516883 -0.352301
v 0.352055 0.752318 -0.370745
v 0.374708 1.020820 -0.395242
v 0.395356 1.303051 -0.417572
v 0.360718 1.579672 -0.439922
v 0.331734 1.579672 -0.444084
v 0.316698 1.579672 -0.447302
v 0.297749 1.303051 -0.433417
v 0.282969 1.020820 -0.410497
v 0.266754 0.752318 -0.385352
v 0.231723 0.516883 -0.373616
v 0.238087 0.516883 -0.369207
v 0.244730 0.516883 -0.365229
v 0.301854 1.579672 -0.453812
v 0.295212 1.579672 -0.457791
v 0.288847 1.579672 -0.462200
v 0.271962 1.303051 -0.450046
v 0.257182 1.020820 -0.427126
v 0.240967 0.752318 -0.401981
v 0.199608 0.516883 -0.413187
v 0.211963 0.516883 -0.394355
v 0.219848 0.516883 -0.384143
v 0.276793 1.579672 -0.473036
v 0.267657 1.579672 -0.485404
v 0.251908 1.579672 -0.510090
v 0.217258 1.303051 -0.532420
v 0.205436 1.020820 -0.504399
v 0.192468 0.752318 -0.473657
v 0.433279 0.516883 0.090381
v 0.440554 0.516883 0.079726
v 0.454647 0.516883 0.062157
v 0.452471 0.330152 0.031685
v 0.425538 0.192943 0.028725
v 0.391310 0.101877 0.024292
v 0.317878 0.038513 0.031824
v 0.288315 0.030627 0.046572
v 0.295948 0.038513 0.060720
v 0.350384 0.101877 0.078239
v 0.382312 0.192942 0.085700
v 0.406635 0.330152 0.091748
v 0.422979 0.516883 0.119890
v 0.424710 0.516883 0.112343
v 0.426937 0.516883 0.104928
v 0.291931 0.038513 0.069571
v 0.274802 0.030627 0.072690
v 0.288149 0.038513 0.083870
v 0.343242 0.101877 0.105238
v 0.374684 0.192942 0.114539
v 0.398815 0.330152 0.121308
v 0.425917 0.516883 0.170768
v 0.422355 0.516883 0.148529
v 0.421299 0.516883 0.135670
v 0.287264 0.038513 0.093550
v 0.273634 0.030627 0.102073
v 0.292038 0.038513 0.129510
v 0.352142 0.101877 0.172365
v 0.384086 0.192943 0.185435
v 0.408959 0.330152 0.196178
v -0.297405 0.516883 -0.327795
v -0.309554 0.516883 -0.323451
v -0.331282 0.516883 -0.317521
v -0.347432 0.330152 -0.291590
v -0.327383 0.192943 -0.273364
v -0.302298 0.101877 -0.249659
v -0.238464 0.038513 -0.212590
v -0.205877 0.030627 -0.207145
v -0.203736 0.038513 -0.223077
v -0.237479 0.101877 -0.269247
v -0.258924 0.192942 -0.294050
v -0.275046 0.330152 -0.313240
v -0.271728 0.516883 -0.345614
v -0.277564 0.516883 -0.340526
v -0.283724 0.516883 -0.335836
v -0.195284 0.038513 -0.227877
v -0.179593 0.030627 -0.220332
v -0.183820 0.038513 -0.237222
v -0.215832 0.101877 -0.286892
v -0.235801 0.192942 -0.312897
v -0.251345 0.330152 -0.332558
v -0.244199 0.516883 -0.388502
v -0.254389 0.516883 -0.368416
v -0.261093 0.516883 -0.357393
v -0.177414 0.038513 -0.244533
v -0.161377 0.030627 -0.243417
v -0.160140 0.038513 -0.276432
v -0.183575 0.101877 -0.346430
v -0.201736 0.192943 -0.375780
v -0.215544 0.330152 -0.399092
v -0.480215 2.500550 0.211493
v -0.480037 2.500550 0.226317
v -0.481650 2.500550 0.254046
v -0.504936 2.291019 0.312811
v -0.515632 2.070884 0.319278
v -0.516913 1.835362 0.320058
v -0.503621 1.579672 0.264603
v -0.501853 1.579672 0.235375
v -0.501974 1.579672 0.219999
v -0.512095 1.835362 0.214914
v -0.510846 2.070884 0.214430
v -0.500399 2.291019 0.210382
v -0.489199 2.500550 0.181287
v -0.486163 2.500550 0.188410
v -0.483606 2.500550 0.195719
v -0.505357 1.579672 0.204147
v -0.507914 1.579672 0.196839
v -0.510949 1.579672 0.189717
v -0.523184 1.835362 0.186303
v -0.521934 2.070884 0.185818
v -0.511487 2.291019 0.181769
v -0.527060 2.500550 0.136874
v -0.507182 2.500550 0.156274
v -0.497323 2.500550 0.167347
v -0.519132 1.579672 0.175725
v -0.529404 1.579672 0.164283
v -0.550407 1.579672 0.143880
v -0.597597 1.835362 0.111865
v -0.596125 2.070884 0.111578
v -0.583864 2.291019 0.109148
v 0.417714 1.835362 -0.441759
v 0.416692 2.070884 -0.440662
v 0.408201 2.291019 -0.431489
v 0.345948 2.500550 -0.420531
v 0.318463 2.500550 -0.424542
v 0.303979 2.500549 -0.427706
v 0.306961 2.291019 -0.447699
v 0.313032 2.070884 -0.457115
v 0.313758 1.835362 -0.458242
v 0.289213 2.500550 -0.434208
v 0.282570 2.500550 -0.438187
v 0.276205 2.500549 -0.442596
v 0.281172 2.291019 -0.464329
v 0.287244 2.070884 -0.473745
v 0.287971 1.835362 -0.474871
v 0.264190 2.500550 -0.453364
v 0.255332 2.500550 -0.465253
v 0.240339 2.500549 -0.488635
v 0.224636 2.291019 -0.549863
v 0.229488 2.070884 -0.561382
v 0.230066 1.835362 -0.562766
v 0.512814 2.500550 0.111162
v 0.521384 2.500550 0.099064
v 0.538988 2.500550 0.077579
v 0.592367 2.291019 0.043724
v 0.604822 2.070884 0.044780
v 0.606316 1.835362 0.044902
v 0.562968 1.579672 0.081953
v 0.544358 1.579672 0.104559
v 0.535417 1.579672 0.117070
v 0.540617 1.835362 0.127133
v 0.539322 2.070884 0.126790
v 0.528490 2.291019 0.123925
v 0.502328 2.500550 0.140880
v 0.504059 2.500550 0.133333
v 0.506286 2.500550 0.125917
v 0.528837 1.579672 0.131883
v 0.526610 1.579672 0.139298
v 0.524879 1.579672 0.146844
v 0.532770 1.835362 0.156798
v 0.531475 2.070884 0.156455
v 0.520643 2.291019 0.153590
v 0.506853 2.500550 0.199064
v 0.502174 2.500550 0.171686
v 0.500707 2.500550 0.156933
v 0.523275 1.579672 0.162973
v 0.524860 1.579672 0.178268
v 0.529859 1.579672 0.207120
v 0.549218 1.835362 0.260758
v 0.547859 2.070884 0.260125
v 0.536511 2.291019 0.254884
v -0.349536 2.500550 -0.391356
v -0.363580 2.500550 -0.386606
v -0.390450 2.500550 -0.379572
v -0.453534 2.291019 -0.383558
v -0.462991 2.070884 -0.391733
v -0.464128 1.835362 -0.392710
v -0.407280 1.579672 -0.397206
v -0.378936 1.579672 -0.404556
v -0.364350 1.579672 -0.409422
v -0.362642 1.835362 -0.420620
v -0.361795 2.070884 -0.419581
v -0.354717 2.291019 -0.410896
v -0.323585 2.500550 -0.409235
v -0.329421 2.500550 -0.404147
v -0.335582 2.500550 -0.399456
v -0.350319 1.579672 -0.417538
v -0.344159 1.579672 -0.422228
v -0.338323 1.579672 -0.427316
v -0.338857 1.835362 -0.440007
v -0.338010 2.070884 -0.438968
v -0.330931 2.291019 -0.430284
v -0.293045 2.500550 -0.458967
v -0.305353 2.500550 -0.434067
v -0.312838 2.500550 -0.421269
v -0.327545 1.579672 -0.439422
v -0.319837 1.579672 -0.452727
v -0.306923 1.579672 -0.479007
v -0.291057 1.835362 -0.533780
v -0.290330 2.070884 -0.532470
v -0.284229 2.291019 -0.521559
v 0.052747 2.500550 0.522066
v 0.066901 2.500550 0.526478
v 0.092774 2.500550 0.536581
v 0.141467 2.291019 0.576886
v 0.144312 2.070884 0.589058
v 0.144658 1.835362 0.590516
v 0.046149 1.835362 0.553444
v 0.046075 2.070884 0.552106
v 0.045453 2.291019 0.540919
v 0.021243 2.500550 0.521277
v 0.028956 2.500550 0.520591
v 0.036697 2.500550 0.520417
v 0.015512 1.835362 0.555148
v 0.015437 2.070884 0.553810
v 0.014814 2.291019 0.542623
v -0.032695 2.500550 0.543560
v -0.008102 2.500550 0.530650
v 0.005475 2.500550 0.524695
v -0.078278 1.835362 0.602916
v -0.078096 2.070884 0.601428
v -0.076618 2.291019 0.589016
v 0.371320 2.700631 -0.391488
v 0.343313 2.877917 -0.360228
v 0.309100 3.016319 -0.320932
v 0.234793 3.126927 -0.263777
v 0.198755 3.141156 -0.253013
v 0.194992 3.126927 -0.270763
v 0.232165 3.016319 -0.334252
v 0.259297 2.877917 -0.374571
v 0.280422 2.700631 -0.406641
v 0.185890 3.126928 -0.274614
v 0.169819 3.141156 -0.263341
v 0.173457 3.126928 -0.282632
v 0.208690 3.016319 -0.349390
v 0.234223 2.877917 -0.390740
v 0.254721 2.700631 -0.423215
v 0.166194 3.126928 -0.289334
v 0.148472 3.141156 -0.285439
v 0.143409 3.126927 -0.322707
v 0.164814 3.016319 -0.413977
v 0.186494 2.877917 -0.461355
v 0.203414 2.700631 -0.499764
v 0.326530 3.126928 0.068651
v 0.317349 3.141156 0.053000
v 0.351229 3.126927 0.036668
v 0.444646 3.016319 0.028822
v 0.496404 2.877917 0.034800
v 0.538162 2.700631 0.039022
v 0.481214 2.700631 0.111474
v 0.443994 2.877916 0.102014
v 0.396779 3.016319 0.090508
v 0.318617 3.126928 0.091931
v 0.302929 3.141156 0.080130
v 0.322400 3.126927 0.077629
v 0.473394 2.700631 0.141038
v 0.436365 2.877916 0.130857
v 0.389636 3.016319 0.117512
v 0.323422 3.126927 0.141790
v 0.302048 3.141156 0.110842
v 0.317767 3.126927 0.101778
v 0.487071 2.700631 0.232170
v 0.448687 2.877917 0.215194
v 0.400742 3.016319 0.194798
v -0.530515 2.700631 0.098463
v -0.489483 2.877917 0.089636
v -0.438707 3.016319 0.077955
v -0.344996 3.126927 0.075392
v -0.309513 3.141155 0.087867
v -0.316902 3.126927 0.104439
v -0.384294 3.016319 0.133952
v -0.429942 2.877917 0.150623
v -0.465884 2.700631 0.164152
v -0.311802 3.126928 0.112904
v -0.292174 3.141155 0.113231
v -0.306456 3.126927 0.126698
v -0.374200 3.016319 0.159998
v -0.419161 2.877917 0.178442
v -0.454833 2.700631 0.192667
v -0.304520 3.126928 0.136390
v -0.287893 3.141155 0.143655
v -0.305702 3.126927 0.176782
v -0.376667 3.016319 0.238039
v -0.422054 2.877917 0.263625
v -0.458319 2.700631 0.284754
v -0.223816 3.126928 -0.247469
v -0.225588 3.141156 -0.229411
v -0.262597 3.126928 -0.236112
v -0.342785 3.016319 -0.284674
v -0.381145 2.877917 -0.319933
v -0.412446 2.700631 -0.347894
v -0.323788 2.700631 -0.373035
v -0.299237 2.877916 -0.343504
v -0.267801 3.016319 -0.306443
v -0.203730 3.126928 -0.261652
v -0.197975 3.141156 -0.242884
v -0.215198 3.126927 -0.252305
v -0.300084 2.700631 -0.392356
v -0.276111 2.877916 -0.362354
v -0.246150 3.016319 -0.324092
v -0.178312 3.126927 -0.304813
v -0.179211 3.141156 -0.267213
v -0.197256 3.126927 -0.269119
v -0.257582 2.700631 -0.474123
v -0.236507 2.877917 -0.437827
v -0.209707 3.016319 -0.393146
v 0.035613 3.126928 0.331763
v 0.047660 3.141156 0.318194
v 0.073663 3.126927 0.345369
v 0.109992 3.016319 0.431790
v 0.120301 2.877917 0.482862
v 0.129189 2.700631 0.523881
v 0.042686 2.700631 0.492109
v 0.040181 2.877916 0.453788
v 0.036533 3.016319 0.405328
v 0.011026 3.126928 0.331431
v 0.017402 3.141155 0.312864
v 0.025797 3.126927 0.330609
v 0.012152 2.700631 0.493807
v 0.010392 2.877916 0.455445
v 0.008643 3.016319 0.406879
v -0.034907 3.126928 0.351408
v -0.012079 3.141155 0.321517
v 0.001399 3.126927 0.333666
v -0.070294 2.700631 0.534977
v -0.066010 2.877917 0.493225
v -0.061428 3.016319 0.441324
v -0.000202 0.038513 0.302112
v -0.012520 0.030627 0.291784
v -0.032927 0.038513 0.317766
v -0.055111 0.101877 0.388171
v -0.057670 0.192943 0.422590
v -0.060201 0.330152 0.449566
v 0.007870 0.330152 0.416782
v 0.006851 0.192943 0.391740
v 0.005980 0.101877 0.358963
v 0.024045 0.038513 0.299142
v 0.015786 0.030627 0.283815
v 0.009277 0.038513 0.299963
v 0.038399 0.330152 0.415084
v 0.036635 0.192943 0.390083
v 0.033865 0.101877 0.357412
v 0.067964 0.038513 0.312154
v 0.044801 0.030627 0.288596
v 0.033704 0.038513 0.300226
v 0.109687 0.330152 0.440117
v 0.104179 0.192943 0.413587
v 0.097819 0.101877 0.379665
v -0.488715 1.303051 0.303036
v -0.462680 1.020820 0.287315
v -0.434118 0.752318 0.270067
v -0.431225 0.752318 0.183572
v -0.459123 1.020820 0.194384
v -0.484552 1.303051 0.204239
v -0.442313 0.752318 0.154963
v -0.470211 1.020820 0.165774
v -0.495640 1.303051 0.175629
v -0.502737 0.752318 0.093006
v -0.535463 1.020820 0.099510
v -0.565292 1.303051 0.105439
v 0.177740 0.038513 -0.244295
v 0.181635 0.030627 -0.228699
v 0.213417 0.038513 -0.237724
v 0.272747 0.101877 -0.281643
v 0.295048 0.192943 -0.307985
v 0.312952 0.330152 -0.328321
v 0.238611 0.330152 -0.341810
v 0.224716 0.192943 -0.320951
v 0.206155 0.101877 -0.293923
v 0.156378 0.038513 -0.256144
v 0.154051 0.030627 -0.238890
v 0.168808 0.038513 -0.248128
v 0.212915 0.330152 -0.358381
v 0.199647 0.192943 -0.337118
v 0.182684 0.101877 -0.309058
v 0.128496 0.038513 -0.292486
v 0.133387 0.030627 -0.259812
v 0.149201 0.038513 -0.262699
v 0.169956 0.330152 -0.420534
v 0.158818 0.192943 -0.395834
v 0.144024 0.101877 -0.364651
v 0.573498 1.303051 0.042098
v 0.543196 1.020820 0.039514
v 0.509950 0.752318 0.036680
v 0.456770 0.752318 0.104955
v 0.485695 1.020820 0.112606
v 0.512060 1.303051 0.119580
v 0.448923 0.752318 0.134618
v 0.477848 1.020820 0.142269
v 0.504213 1.303051 0.149243
v 0.461390 0.752318 0.220257
v 0.491689 1.020820 0.234232
v 0.519306 1.303051 0.246969
v -0.439225 1.303051 -0.371152
v -0.416229 1.020820 -0.351250
v -0.390998 0.752318 -0.329415
v -0.307844 0.752318 -0.353393
v -0.326747 1.020820 -0.376584
v -0.343978 1.303051 -0.397723
v -0.284060 0.752318 -0.372779
v -0.302964 1.020820 -0.395970
v -0.320194 1.303051 -0.417109
v -0.243808 0.752318 -0.449390
v -0.260107 1.020820 -0.478505
v -0.274963 1.303051 -0.505043
v -0.142210 0.038513 -0.314986
v -0.117280 0.030627 -0.336608
v -0.104143 0.038513 -0.396140
v -0.152387 0.516883 -0.589901
v -0.179728 0.516883 -0.530145
v -0.206211 0.516883 -0.471383
v -0.279841 0.038513 -0.202803
v -0.306045 0.030627 -0.182745
v -0.367004 0.038513 -0.181881
v -0.408933 0.038513 -0.023368
v -0.356374 0.030627 0.007523
v -0.343515 0.038513 0.037914
v -0.279353 0.038513 0.203475
v -0.268374 0.030627 0.234595
v -0.286389 0.038513 0.292837
v -0.148592 0.038513 0.381697
v -0.102971 0.030627 0.341257
v -0.070093 0.038513 0.338418
v 0.107191 0.038513 0.328557
v 0.140181 0.030627 0.327732
v 0.190005 0.038513 0.362864
v 0.317098 0.038513 0.259270
v 0.292735 0.030627 0.203386
v 0.300195 0.038513 0.171240
v 0.345600 0.038513 -0.000415
v 0.355010 0.030627 -0.032045
v 0.403819 0.038513 -0.068575
v 0.344569 0.038513 -0.221459
v 0.283891 0.030627 -0.215557
v 0.255624 0.038513 -0.232586
v 0.106402 0.038513 -0.328814
v 0.079227 0.030627 -0.347537
v 0.059569 0.038513 -0.405246
v -0.420120 0.516883 -0.297025
v -0.483015 0.516883 -0.282934
v -0.547057 0.516883 -0.268204
v -0.412312 0.516883 0.307773
v -0.418346 0.516883 0.371943
v -0.424127 0.516883 0.437403
v -0.608120 0.516883 -0.037361
v -0.559737 0.516883 0.007107
v -0.512035 0.516883 0.050453
v -0.223452 0.516883 0.566811
v -0.166209 0.516883 0.534537
v -0.110244 0.516883 0.502565
v 0.165298 0.516883 0.487239
v 0.224463 0.516883 0.512808
v 0.284932 0.516883 0.538534
v 0.470019 0.516883 0.387669
v 0.457014 0.516883 0.323255
v 0.443900 0.516883 0.260149
v 0.514471 0.516883 -0.006642
v 0.557072 0.516883 -0.055011
v 0.600225 0.516883 -0.104570
v 0.513939 0.516883 -0.327218
v 0.448659 0.516883 -0.334755
v 0.384589 0.516883 -0.341784
v 0.152663 0.516883 -0.491344
v 0.119826 0.516883 -0.546806
v 0.086027 0.516883 -0.603162
v -0.255315 1.579672 -0.592857
v -0.218795 1.579672 -0.674439
v -0.181418 1.579672 -0.757016
v -0.175042 2.500550 -0.719915
v -0.210186 2.500550 -0.642418
v -0.244471 2.500550 -0.565919
v -0.529198 1.579672 -0.369614
v -0.616468 1.579672 -0.350295
v -0.704886 1.579672 -0.330336
v -0.505000 2.500550 -0.353561
v -0.586841 2.500550 -0.335406
v -0.669832 2.500550 -0.316610
v -0.642738 1.579672 0.059616
v -0.709041 1.579672 -0.000326
v -0.776026 1.579672 -0.061392
v -0.738771 2.500550 -0.055991
v -0.675927 2.500550 0.001381
v -0.613767 2.500550 0.057627
v -0.515055 1.579672 0.389081
v -0.523649 1.579672 0.478049
v -0.531990 1.579672 0.568307
v -0.492310 2.500550 0.371027
v -0.500334 2.500550 0.454473
v -0.508104 2.500550 0.539210
v -0.298193 1.579672 0.719074
v -0.219416 1.579672 0.674237
v -0.141919 1.579672 0.629702
v 0.376098 1.579672 0.681569
v 0.292835 1.579672 0.645745
v 0.210877 1.579672 0.610079
v 0.200735 2.500550 0.582869
v 0.277618 2.500550 0.616286
v 0.355807 2.500550 0.649861
v -0.281543 2.500550 0.685311
v -0.207560 2.500550 0.643272
v -0.134858 2.500550 0.601535
v 0.555027 1.579672 0.329561
v 0.573435 1.579672 0.417028
v 0.591733 1.579672 0.505804
v 0.564767 2.500550 0.479536
v 0.547648 2.500550 0.396183
v 0.530420 2.500550 0.314142
v 0.645384 1.579672 -0.012031
v 0.704631 1.579672 -0.078956
v 0.764431 1.579672 -0.147074
v 0.616372 2.500550 -0.010794
v 0.671911 2.500550 -0.073587
v 0.728004 2.500550 -0.137574
v 0.663904 1.579672 -0.406470
v 0.573818 1.579672 -0.416500
v 0.484944 1.579672 -0.426022
v 0.096346 1.579672 -0.772466
v 0.142651 1.579672 -0.694543
v 0.187993 1.579672 -0.617515
v 0.180203 2.500550 -0.589540
v 0.137646 2.500550 -0.661765
v 0.094125 2.500550 -0.734886
v 0.630589 2.500550 -0.388941
v 0.546025 2.500550 -0.398417
v 0.462675 2.500550 -0.407384
v -0.311108 3.126928 -0.224794
v -0.342747 3.141156 -0.201363
v -0.415266 3.126927 -0.200222
v -0.112375 3.126928 -0.447109
v -0.128116 3.141156 -0.376310
v -0.157445 3.126928 -0.350045
v -0.309929 3.126928 0.226416
v -0.297423 3.141156 0.263747
v -0.318747 3.126928 0.333069
v -0.459951 3.126928 -0.031289
v -0.397482 3.141155 0.005559
v -0.381566 3.126927 0.041569
v 0.119561 3.126928 0.364727
v 0.158930 3.141156 0.364368
v 0.218269 3.126927 0.406070
v -0.171890 3.126928 0.427771
v -0.117541 3.141155 0.379746
v -0.078376 3.126928 0.375736
v 0.353717 3.126928 0.295666
v 0.324837 3.141156 0.229136
v 0.333127 3.126928 0.190649
v 0.383822 3.126928 -0.001003
v 0.395647 3.141156 -0.038555
v 0.453644 3.126927 -0.082104
v 0.390500 3.126928 -0.245040
v 0.318302 3.141156 -0.238132
v 0.284259 3.126928 -0.257909
v 0.117654 3.126928 -0.365346
v 0.085593 3.141156 -0.388197
v 0.062098 3.126927 -0.456813
v -0.259700 1.835362 -0.603687
v -0.222287 1.835362 -0.687299
v -0.184016 1.835362 -0.771908
v -0.259081 2.070884 -0.602130
v -0.221799 2.070884 -0.685444
v -0.183658 2.070884 -0.769756
v -0.253868 2.291019 -0.589201
v -0.217656 2.291019 -0.670081
v -0.180586 2.291019 -0.751959
v -0.546854 0.752318 0.052892
v -0.599513 0.752318 0.005124
v -0.652852 0.752318 -0.043767
v -0.583956 1.020820 0.055492
v -0.641896 1.020820 0.003012
v -0.700517 1.020820 -0.050591
v -0.617773 1.303051 0.057863
v -0.680525 1.303051 0.001089
v -0.743959 1.303051 -0.056808
v 0.473504 0.752318 0.278642
v 0.488028 0.752318 0.348239
v 0.502443 0.752318 0.419145
v 0.505048 1.020820 0.298347
v 0.521075 1.020820 0.374860
v 0.536993 1.020820 0.452682
v 0.533800 1.303051 0.316306
v 0.551197 1.303051 0.399122
v 0.568485 1.303051 0.483246
v -0.718948 1.835362 -0.335883
v -0.628360 1.835362 -0.356308
v -0.538921 1.835362 -0.376092
v -0.716912 2.070884 -0.335099
v -0.626642 2.070884 -0.355455
v -0.537521 2.070884 -0.375172
v -0.700100 2.291019 -0.328501
v -0.612430 2.291019 -0.348301
v -0.525909 2.291019 -0.367460
v -0.654392 1.835362 0.060439
v -0.722351 1.835362 -0.000980
v -0.790992 1.835362 -0.063523
v -0.652719 2.070884 0.060332
v -0.720436 2.070884 -0.000871
v -0.788835 2.070884 -0.063199
v -0.638813 2.291019 0.059369
v -0.704545 2.291019 -0.000063
v -0.770959 2.291019 -0.060620
v 0.643972 0.752318 -0.115897
v 0.596383 0.752318 -0.061393
v 0.549347 0.752318 -0.008080
v 0.690585 1.020820 -0.127965
v 0.638270 1.020820 -0.068192
v 0.586508 1.020820 -0.009611
v 0.733070 1.303051 -0.138962
v 0.676448 1.303051 -0.074387
v 0.620380 1.303051 -0.011005
v -0.144737 1.835362 0.641041
v -0.224151 1.835362 0.686694
v -0.304844 1.835362 0.732649
v -0.144322 2.070884 0.639417
v -0.223455 2.070884 0.684906
v -0.303869 2.070884 0.730697
v -0.140941 2.291019 0.625894
v -0.217776 2.291019 0.670043
v -0.295893 2.291019 0.714493
v 0.088773 0.752318 -0.648268
v 0.125904 0.752318 -0.586165
v 0.162073 0.752318 -0.524957
v 0.091700 1.020820 -0.696329
v 0.132382 1.020820 -0.628104
v 0.172101 1.020820 -0.560772
v 0.094371 1.303051 -0.740133
v 0.138288 1.303051 -0.666328
v 0.181242 1.303051 -0.593417
v -0.478566 2.700893 0.503631
v -0.471263 2.701156 0.425374
v -0.464162 2.700893 0.348825
v -0.438134 2.880013 0.456663
v -0.430143 2.882111 0.385473
v -0.425545 2.880013 0.318896
v -0.384725 3.024157 0.398062
v -0.373204 3.031015 0.332257
v -0.374265 3.024158 0.279384
v 0.309223 0.752318 0.576639
v 0.242681 0.752318 0.548223
v 0.177442 0.752318 0.519963
v 0.335105 1.020820 0.617242
v 0.262091 1.020820 0.585959
v 0.190381 1.020820 0.554833
v 0.358691 1.303051 0.654250
v 0.279781 1.303051 0.620354
v 0.202174 1.303051 0.586615
v -0.452861 0.752318 0.472280
v -0.446398 0.752318 0.400213
v -0.439682 0.752318 0.329435
v -0.483479 1.020820 0.509442
v -0.476289 1.020820 0.430334
v -0.468846 1.020820 0.352516
v -0.511387 1.303051 0.543310
v -0.503535 1.303051 0.457787
v -0.495429 1.303051 0.373553
v -0.626866 2.700893 -0.299513
v -0.550183 2.701156 -0.316750
v -0.475187 2.700893 -0.333651
v -0.569703 2.880013 -0.275574
v -0.499528 2.882111 -0.289972
v -0.434788 2.880013 -0.306173
v -0.497466 3.024157 -0.242887
v -0.431322 3.031015 -0.252265
v -0.381364 3.024158 -0.269613
v -0.230982 2.700893 -0.532703
v -0.199305 2.701156 -0.602752
v -0.166960 2.700893 -0.674384
v -0.212213 2.880013 -0.487594
v -0.183292 2.882111 -0.547738
v -0.155039 2.880013 -0.613568
v -0.187177 3.024157 -0.427895
v -0.160112 3.031015 -0.473329
v -0.137590 3.024158 -0.536224
v -0.219291 0.752318 -0.503745
v -0.190133 0.752318 -0.568587
v -0.160118 0.752318 -0.634424
v -0.233228 1.020820 -0.538228
v -0.201221 1.020820 -0.609548
v -0.168357 1.020820 -0.681864
v -0.245933 1.303051 -0.569657
v -0.211330 1.303051 -0.646882
v -0.175869 1.303051 -0.725102
v 0.564940 1.835362 0.335745
v 0.583818 1.835362 0.425380
v 0.602588 1.835362 0.516325
v 0.563523 2.070884 0.334849
v 0.582333 2.070884 0.424166
v 0.601034 2.070884 0.514794
v 0.551707 2.291019 0.327454
v 0.569952 2.291019 0.414172
v 0.588087 2.291019 0.502201
v 0.384214 1.835362 0.694322
v 0.298922 1.835362 0.657600
v 0.214935 1.835362 0.621035
v 0.383028 2.070884 0.692491
v 0.298032 2.070884 0.655900
v 0.214343 2.070884 0.619467
v 0.373304 2.291019 0.677272
v 0.290740 2.291019 0.641758
v 0.209482 2.291019 0.606403
v 0.493889 1.835362 -0.433538
v 0.584970 1.835362 -0.423795
v 0.677264 1.835362 -0.413542
v 0.492599 2.070884 -0.432468
v 0.583357 2.070884 -0.422757
v 0.675328 2.070884 -0.412537
v 0.481914 2.291019 -0.423516
v 0.570026 2.291019 -0.414070
v 0.659351 2.291019 -0.404116
v 0.097277 1.835362 -0.787554
v 0.144695 1.835362 -0.707711
v 0.191149 1.835362 -0.628764
v 0.097160 2.070884 -0.785375
v 0.144415 2.070884 -0.705814
v 0.190707 2.070884 -0.627147
v 0.096081 2.291019 -0.767347
v 0.142002 2.291019 -0.690086
v 0.186960 2.291019 -0.613721
v -0.541611 1.835362 0.579967
v -0.533043 1.835362 0.487501
v -0.524221 1.835362 0.396326
v -0.540236 2.070884 0.578273
v -0.531701 2.070884 0.486130
v -0.522913 2.070884 0.395278
v -0.528766 2.291019 0.564322
v -0.520505 2.291019 0.474825
v -0.511990 2.291019 0.386618
v -0.118684 0.752318 0.536434
v -0.180386 0.752318 0.571754
v -0.243367 0.752318 0.607375
v -0.127677 1.020820 0.572523
v -0.195492 1.020820 0.611410
v -0.264586 1.020820 0.650598
v -0.135872 1.303051 0.605418
v -0.209258 1.303051 0.647555
v -0.283923 1.303051 0.689993
v 0.779068 1.835362 -0.150852
v 0.717787 1.835362 -0.081082
v 0.657058 1.835362 -0.012505
v 0.776960 2.070884 -0.150290
v 0.715895 2.070884 -0.080761
v 0.655384 2.070884 -0.012426
v 0.759481 2.291019 -0.145745
v 0.700192 2.291019 -0.078196
v 0.641457 2.291019 -0.011841
v 0.411325 0.752318 -0.364223
v 0.482004 0.752318 -0.356530
v 0.553894 0.752318 -0.348329
v 0.439813 1.020820 -0.388135
v 0.517534 1.020820 -0.379734
v 0.596466 1.020820 -0.370825
v 0.465778 1.303051 -0.409930
v 0.549916 1.303051 -0.400884
v 0.635266 1.303051 -0.391330
v 0.435254 2.700893 -0.384291
v 0.511662 2.701156 -0.375811
v 0.589784 2.700893 -0.367184
v 0.398152 2.880013 -0.352502
v 0.464289 2.882111 -0.343581
v 0.535628 2.880013 -0.337053
v 0.349112 3.024157 -0.310243
v 0.400685 3.031015 -0.298542
v 0.467462 3.024158 -0.296558
v 0.499983 2.700893 0.295199
v 0.515530 2.701156 0.370488
v 0.531466 2.700893 0.447452
v 0.458285 2.880013 0.269736
v 0.470238 2.882111 0.335393
v 0.486075 2.880013 0.405257
v 0.402940 3.024157 0.236155
v 0.407749 3.031015 0.288820
v 0.426497 3.024158 0.352941
v 0.000000 3.280312 0.000000
v -0.223775 3.188714 -0.176775
v -0.155195 3.212775 -0.150981
v -0.170024 3.188714 -0.192337
v -0.131559 3.212775 -0.161402
v -0.154103 3.188714 -0.205314
v -0.116586 3.212775 -0.182451
v -0.128022 3.188714 -0.254823
v -0.084505 3.212775 -0.249165
v -0.078225 3.188714 -0.359383
v -0.046614 3.212775 -0.320481
v -0.039139 3.188714 -0.416456
v -0.019007 3.212775 -0.341718
v -0.007287 3.188714 -0.418227
v 0.010785 3.212775 -0.323674
v 0.037887 3.188714 -0.365841
v 0.056351 3.212775 -0.257000
v 0.098972 3.188714 -0.267449
v 0.095633 3.212775 -0.194255
v 0.130384 3.188714 -0.221138
v 0.112848 3.212775 -0.174996
v 0.147645 3.188714 -0.210007
v 0.137494 3.212775 -0.167261
v 0.202790 3.188714 -0.200501
v 0.210857 3.212775 -0.157365
v 0.317621 3.188714 -0.185452
v 0.290391 3.212775 -0.143367
v 0.383978 3.188714 -0.165915
v 0.319120 3.212774 -0.123673
v 0.395506 3.188713 -0.136170
v 0.311165 3.212774 -0.089763
v 0.359644 3.188713 -0.077019
v 0.261835 3.212774 -0.025824
v 0.284943 3.188713 0.011482
v 0.214300 3.212774 0.030925
v 0.250605 3.188713 0.055667
v 0.201303 3.212774 0.053248
v 0.245353 3.188713 0.075523
v 0.201563 3.212774 0.079079
v 0.253353 3.188714 0.130907
v 0.214822 3.212775 0.151908
v 0.274525 3.188714 0.244768
v 0.226086 3.212775 0.231876
v 0.276450 3.188713 0.313915
v 0.216233 3.212774 0.265284
v 0.251723 3.188713 0.334070
v 0.181525 3.212774 0.268197
v 0.184385 3.188713 0.318241
v 0.105472 3.212774 0.241040
v 0.077132 3.188713 0.274545
v 0.036811 3.212774 0.213368
v 0.024499 3.188713 0.255542
v 0.011564 3.212774 0.207905
v 0.003991 3.188713 0.256682
v -0.012922 3.212774 0.216134
v -0.046209 3.188713 0.281405
v -0.078090 3.212774 0.251250
v -0.147955 3.188713 0.336726
v -0.150663 3.212774 0.286674
v -0.213123 3.188713 0.359925
v -0.185480 3.212774 0.287627
v -0.239932 3.188713 0.342636
v -0.198976 3.212774 0.255518
v -0.245687 3.188714 0.273703
v -0.196650 3.212775 0.174795
v -0.237273 3.188714 0.158196
v -0.191549 3.212775 0.100944
v -0.235464 3.188713 0.102267
v -0.194156 3.212774 0.075244
v -0.242886 3.188713 0.083115
v -0.209549 3.212774 0.054500
v -0.281912 3.188713 0.043011
v -0.263084 3.212774 0.003373
v -0.365966 3.188713 -0.036659
v -0.319200 3.212774 -0.054702
v -0.408167 3.188713 -0.091469
v -0.330866 3.212774 -0.087520
v -0.400010 3.188713 -0.122309
v -0.304499 3.212774 -0.110278
v -0.336228 3.188714 -0.149084
v -0.227008 3.212775 -0.133011
v 0.091141 2.700893 -0.688740
v 0.131231 2.701156 -0.621137
v 0.170481 2.700893 -0.555033
v 0.086038 2.880013 -0.626976
v 0.121417 2.882111 -0.564686
v 0.156831 2.880013 -0.508121
v 0.077274 3.024157 -0.548175
v 0.106633 3.031015 -0.488165
v 0.138570 3.024158 -0.446014
v -0.126247 2.700893 0.566734
v -0.193047 2.701156 0.604785
v -0.261320 2.700893 0.643725
v -0.114917 2.880013 0.519208
v -0.173666 2.882111 0.550865
v -0.235217 2.880013 0.587516
v -0.100081 3.024157 0.456195
v -0.148683 3.031014 0.477042
v -0.203872 3.024158 0.514687
v 0.331096 2.700893 0.610774
v 0.258927 2.701156 0.579646
v 0.188319 2.700893 0.549237
v 0.298921 2.880013 0.557807
v 0.233685 2.882111 0.528208
v 0.171787 2.880013 0.503261
v 0.259693 3.024157 0.488903
v 0.200669 3.031014 0.457611
v 0.150055 3.024158 0.442282
v 0.683195 2.700893 -0.126152
v 0.631289 2.701156 -0.067134
v 0.580549 2.700893 -0.009378
v 0.622877 2.880013 -0.111919
v 0.574568 2.882111 -0.059023
v 0.531715 2.880013 -0.007863
v 0.545224 3.024157 -0.095903
v 0.497224 3.031014 -0.049438
v 0.467005 3.024158 -0.006038
v -0.578008 2.700893 0.055062
v -0.634840 2.701156 0.003290
v -0.692971 2.700893 -0.049608
v -0.529307 2.880013 0.051152
v -0.577570 2.882111 0.005060
v -0.631447 2.880013 -0.042152
v -0.464794 3.024157 0.045789
v -0.499640 3.031014 0.006009
v -0.552497 3.024158 -0.034847
v -0.589107 0.752318 -0.284754
v -0.518570 0.752318 -0.300877
v -0.449180 0.752318 -0.316361
v -0.633911 1.020820 -0.302390
v -0.556454 1.020820 -0.319997
v -0.480144 1.020820 -0.336966
v -0.674746 1.303051 -0.318466
v -0.590982 1.303051 -0.337426
v -0.508366 1.303051 -0.355747
v -0.086573 0.097532 0.400144
v -0.125787 0.093731 0.416667
v -0.170460 0.097532 0.447028
v -0.096059 0.191780 0.442785
v -0.141924 0.190617 0.467273
v -0.190246 0.191780 0.495860
v -0.103161 0.330007 0.473786
v -0.154254 0.329862 0.502717
v -0.206773 0.330007 0.532424
v 0.353807 0.097532 0.205987
v 0.357403 0.093731 0.248388
v 0.372474 0.097532 0.300257
v 0.391429 0.191780 0.228186
v 0.400546 0.190617 0.279373
v 0.412802 0.191780 0.334164
v 0.418719 0.330007 0.244520
v 0.430445 0.329862 0.302052
v 0.442469 0.330007 0.361180
v 0.072863 0.097532 -0.472844
v 0.096681 0.093731 -0.424365
v 0.122597 0.097532 -0.390615
v 0.079810 0.191780 -0.525072
v 0.107677 0.190617 -0.476332
v 0.135435 0.191780 -0.432369
v 0.083523 0.330007 -0.565026
v 0.114484 0.329862 -0.513237
v 0.144590 0.330007 -0.462827
v -0.427186 0.097532 -0.215414
v -0.373719 0.093731 -0.223086
v -0.333612 0.097532 -0.237304
v -0.474711 0.191780 -0.238160
v -0.419745 0.190617 -0.249601
v -0.369356 0.191780 -0.262416
v -0.511561 0.330007 -0.254038
v -0.452740 0.329862 -0.267480
v -0.395494 0.330007 -0.280535
v 0.218984 0.097532 0.425367
v 0.171219 0.093731 0.400147
v 0.130414 0.097532 0.388075
v 0.244063 0.191780 0.471703
v 0.192869 0.190617 0.448652
v 0.144571 0.191780 0.429401
v 0.264542 0.330007 0.506209
v 0.209053 0.329862 0.482510
v 0.155067 0.330007 0.459423
v 0.305238 0.097532 -0.272837
v 0.346674 0.093731 -0.263155
v 0.400662 0.097532 -0.261459
v 0.337976 0.191780 -0.301758
v 0.389475 0.190617 -0.294611
v 0.445371 0.191780 -0.289336
v 0.361943 0.330007 -0.322664
v 0.420284 0.329862 -0.316038
v 0.480233 0.330007 -0.309202
v -0.336878 0.097532 0.339712
v -0.327653 0.093731 0.286491
v -0.328781 0.097532 0.243953
v -0.373197 0.191780 0.377882
v -0.367093 0.190617 0.322070
v -0.363709 0.191780 0.270188
v -0.399685 0.330007 0.408022
v -0.394293 0.329862 0.347925
v -0.389019 0.330007 0.289447
v -0.407312 0.097532 0.041316
v -0.435144 0.093731 0.009127
v -0.477824 0.097532 -0.023978
v -0.450797 0.191780 0.045470
v -0.488260 0.190617 0.009418
v -0.530380 0.191780 -0.027705
v -0.482476 0.330007 0.048296
v -0.525779 0.329862 0.008644
v -0.570262 0.330007 -0.032124
v 0.472218 0.097532 -0.076820
v 0.433472 0.093731 -0.039187
v 0.409382 0.097532 -0.004110
v 0.524036 0.191780 -0.086353
v 0.486293 0.190617 -0.044788
v 0.453059 0.191780 -0.004803
v 0.563181 0.330007 -0.095168
v 0.523495 0.329862 -0.049718
v 0.484855 0.330007 -0.005508
v 0.457905 0.330007 0.453329
v 0.426629 0.191780 0.418207
v 0.384117 0.097532 0.372144
v 0.459701 0.329862 0.481603
v 0.426738 0.190617 0.443759
v 0.379768 0.093731 0.392380
v 0.458559 0.330007 0.501925
v 0.427039 0.191780 0.465085
v 0.384491 0.097532 0.417853
v 0.447575 0.330007 0.528539
v 0.416435 0.191780 0.490747
v 0.375054 0.097532 0.440787
v 0.438352 0.329862 0.537787
v 0.405986 0.190617 0.498080
v 0.360809 0.093731 0.442654
v 0.427434 0.330007 0.544956
v 0.396697 0.191780 0.506835
v 0.356107 0.097532 0.456231
v 0.399152 0.330007 0.550348
v 0.369424 0.191780 0.512047
v 0.331742 0.097532 0.460849
v 0.379016 0.329862 0.547369
v 0.348597 0.190617 0.507452
v 0.307745 0.093731 0.451087
v 0.351685 0.330007 0.539909
v 0.323591 0.191780 0.502193
v 0.287047 0.097532 0.451266
v -0.695718 0.752318 -0.257277
v -0.749915 1.020820 -0.272898
v -0.799310 1.303051 -0.287137
v -0.725699 0.752318 -0.246656
v -0.781775 1.020820 -0.261873
v -0.832884 1.303051 -0.275744
v -0.744642 0.752318 -0.236862
v -0.801412 1.020820 -0.251930
v -0.853152 1.303051 -0.265664
v -0.764617 0.752318 -0.215734
v -0.821487 1.020820 -0.230779
v -0.873320 1.303051 -0.244491
v -0.769558 0.752318 -0.203562
v -0.826428 1.020820 -0.218605
v -0.878262 1.303051 -0.232316
v -0.771281 0.752318 -0.190539
v -0.828152 1.020820 -0.205581
v -0.879986 1.303051 -0.219290
v -0.764366 0.752318 -0.162298
v -0.821161 1.020820 -0.177270
v -0.872925 1.303051 -0.190915
v -0.752743 0.752318 -0.144418
v -0.809009 1.020820 -0.158918
v -0.860291 1.303051 -0.172131
v -0.731934 0.752318 -0.120362
v -0.786766 1.020820 -0.133582
v -0.836741 1.303051 -0.145629
v -0.103993 0.330007 -0.635900
v -0.099334 0.191780 -0.589103
v -0.092017 0.097532 -0.526849
v -0.088827 0.329862 -0.659830
v -0.084403 0.190617 -0.609839
v -0.076603 0.093731 -0.540664
v -0.075958 0.330007 -0.675600
v -0.072112 0.191780 -0.627269
v -0.065452 0.097532 -0.564048
v -0.051428 0.330007 -0.690675
v -0.048450 0.191780 -0.641797
v -0.044337 0.097532 -0.577055
v -0.038531 0.329862 -0.692736
v -0.035686 0.190617 -0.641587
v -0.031715 0.093731 -0.570193
v -0.025484 0.330007 -0.692118
v -0.023024 0.191780 -0.643211
v -0.019931 0.097532 -0.578413
v 0.000566 0.330007 -0.679856
v 0.002104 0.191780 -0.631397
v 0.002496 0.097532 -0.567827
v 0.015105 0.329862 -0.665611
v 0.016252 0.190617 -0.615438
v 0.016171 0.093731 -0.545824
v 0.032831 0.330007 -0.643511
v 0.033391 0.191780 -0.596485
v 0.033022 0.097532 -0.533804
v -0.289641 0.330007 0.575580
v -0.265903 0.191780 0.534981
v -0.235231 0.097532 0.480316
v -0.315976 0.329862 0.586025
v -0.290171 0.190617 0.542981
v -0.255821 0.093731 0.482433
v -0.335657 0.330007 0.591219
v -0.310359 0.191780 0.549858
v -0.278588 0.097532 0.494796
v -0.364362 0.330007 0.588997
v -0.338042 0.191780 0.547703
v -0.303315 0.097532 0.492908
v -0.376008 0.329862 0.583083
v -0.348245 0.190617 0.540031
v -0.309493 0.093731 0.479937
v -0.386200 0.330007 0.574914
v -0.359443 0.191780 0.533902
v -0.323858 0.097532 0.479661
v -0.400067 0.330007 0.549683
v -0.372828 0.191780 0.509574
v -0.335780 0.097532 0.457915
v -0.403456 0.329862 0.529612
v -0.374894 0.190617 0.488347
v -0.333911 0.093731 0.432076
v -0.404807 0.330007 0.501314
v -0.377619 0.191780 0.462940
v -0.340478 0.097532 0.412447
v 0.572642 0.330007 -0.295408
v 0.529574 0.191780 -0.276515
v 0.472629 0.097532 -0.250318
v 0.600087 0.329862 -0.288378
v 0.553910 0.190617 -0.268723
v 0.490531 0.093731 -0.239928
v 0.619062 0.330007 -0.281012
v 0.574284 0.191780 -0.262420
v 0.516216 0.097532 -0.236549
v 0.640979 0.330007 -0.262342
v 0.595413 0.191780 -0.244404
v 0.535111 0.097532 -0.220487
v 0.646924 0.329862 -0.250712
v 0.599158 0.190617 -0.232201
v 0.532485 0.093731 -0.206362
v 0.650368 0.330007 -0.238113
v 0.604615 0.191780 -0.220660
v 0.543944 0.097532 -0.197695
v 0.646757 0.330007 -0.209549
v 0.601144 0.191780 -0.193111
v 0.540807 0.097532 -0.173095
v 0.637701 0.329862 -0.191320
v 0.590338 0.190617 -0.174724
v 0.524107 0.093731 -0.153289
v 0.622160 0.330007 -0.167632
v 0.577609 0.191780 -0.152567
v 0.517882 0.097532 -0.133549
v -0.852778 1.835362 -0.302565
v -0.850314 2.070884 -0.301871
v -0.829976 2.291020 -0.296029
v -0.888208 1.835362 -0.290773
v -0.885662 2.070884 -0.290095
v -0.864621 2.291019 -0.284402
v -0.909164 1.835362 -0.280543
v -0.906589 2.070884 -0.279870
v -0.885292 2.291019 -0.274231
v -0.929437 1.835362 -0.259340
v -0.926862 2.070884 -0.258663
v -0.905534 2.291020 -0.253025
v -0.934381 1.835362 -0.247161
v -0.931808 2.070884 -0.246480
v -0.910481 2.291019 -0.240839
v -0.936106 1.835362 -0.234129
v -0.933533 2.070884 -0.233445
v -0.912206 2.291019 -0.227800
v -0.928968 1.835362 -0.205676
v -0.926397 2.070884 -0.204988
v -0.905097 2.291020 -0.199360
v -0.915811 1.835362 -0.186423
v -0.913262 2.070884 -0.185753
v -0.892159 2.291019 -0.180298
v -0.890845 1.835362 -0.158655
v -0.888360 2.070884 -0.158040
v -0.867794 2.291019 -0.153062
v -0.122592 2.291020 -0.872620
v -0.124214 2.070884 -0.893718
v -0.124397 1.835362 -0.896271
v -0.104219 2.291019 -0.904208
v -0.105552 2.070884 -0.925965
v -0.105702 1.835362 -0.928596
v -0.090088 2.291019 -0.922404
v -0.091317 2.070884 -0.944400
v -0.091457 1.835362 -0.947058
v -0.065237 2.291020 -0.937954
v -0.066458 2.070884 -0.959981
v -0.066602 1.835362 -0.962639
v -0.052303 2.291019 -0.940342
v -0.053528 2.070884 -0.962368
v -0.053676 1.835362 -0.965026
v -0.039184 2.291019 -0.939403
v -0.040413 2.070884 -0.961430
v -0.040564 1.835362 -0.964088
v -0.012762 2.291020 -0.926705
v -0.013979 2.070884 -0.948702
v -0.014135 1.835362 -0.951359
v 0.003300 2.291019 -0.910189
v 0.002213 2.070884 -0.931959
v 0.002070 1.835362 -0.934590
v 0.025063 2.291019 -0.880832
v 0.024335 2.070884 -0.901980
v 0.024234 1.835362 -0.904537
v 0.512068 1.835362 0.746031
v 0.510483 2.070884 0.744021
v 0.497464 2.291020 0.727340
v 0.547664 1.835362 0.757316
v 0.546001 2.070884 0.755271
v 0.532326 2.291019 0.738298
v 0.570630 1.835362 0.761357
v 0.568942 2.070884 0.759300
v 0.555028 2.291019 0.742219
v 0.599494 1.835362 0.756120
v 0.597809 2.070884 0.754059
v 0.583868 2.291020 0.736961
v 0.610653 1.835362 0.749173
v 0.608971 2.070884 0.747110
v 0.595033 2.291019 0.730010
v 0.619708 1.835362 0.739644
v 0.618028 2.070884 0.737578
v 0.604093 2.291019 0.720476
v 0.630657 1.835362 0.712429
v 0.628982 2.070884 0.710361
v 0.615058 2.291020 0.693288
v 0.631330 1.835362 0.689120
v 0.629662 2.070884 0.687079
v 0.615795 2.291019 0.670262
v 0.627454 1.835362 0.651980
v 0.625805 2.070884 0.650022
v 0.612092 2.291019 0.633906
v -0.413734 2.291020 0.778022
v -0.424823 2.070884 0.796044
v -0.426176 1.835362 0.798217
v -0.447166 2.291019 0.792778
v -0.458875 2.070884 0.811163
v -0.460300 1.835362 0.813380
v -0.469293 2.291019 0.799193
v -0.481227 2.070884 0.817711
v -0.482677 1.835362 0.819944
v -0.498538 2.291020 0.797166
v -0.510497 2.070884 0.815704
v -0.511943 1.835362 0.817940
v -0.510405 2.291019 0.791495
v -0.522361 2.070884 0.810036
v -0.523804 1.835362 0.812272
v -0.520467 2.291019 0.783025
v -0.532419 2.070884 0.801567
v -0.533859 1.835362 0.803807
v -0.534379 2.291020 0.757221
v -0.546324 2.070884 0.775733
v -0.547759 1.835362 0.777974
v -0.537665 2.291019 0.734419
v -0.549582 2.070884 0.752670
v -0.551013 1.835362 0.754883
v -0.538017 2.291019 0.697877
v -0.549858 2.070884 0.715414
v -0.551279 1.835362 0.717542
v 0.792027 2.291020 -0.386246
v 0.811592 2.070884 -0.394308
v 0.813963 1.835362 -0.395271
v 0.827748 2.291019 -0.378534
v 0.848027 2.070884 -0.386525
v 0.850483 1.835362 -0.387481
v 0.849419 2.291019 -0.370717
v 0.869960 2.070884 -0.378684
v 0.872444 1.835362 -0.379638
v 0.871888 2.291020 -0.351887
v 0.892459 2.070884 -0.359856
v 0.894943 1.835362 -0.360814
v 0.878156 2.291019 -0.340325
v 0.898726 2.070884 -0.348296
v 0.901208 1.835362 -0.349258
v 0.881317 2.291019 -0.327558
v 0.901886 2.070884 -0.335533
v 0.904367 1.835362 -0.336498
v 0.877405 2.291020 -0.298505
v 0.897950 2.070884 -0.306460
v 0.900428 1.835362 -0.307429
v 0.866661 2.291019 -0.278125
v 0.887029 2.070884 -0.285887
v 0.889487 1.835362 -0.286836
v 0.845466 2.291019 -0.248356
v 0.865354 2.070884 -0.255583
v 0.867755 1.835362 -0.256470
v -0.099124 3.024157 -0.614007
v -0.108745 2.880014 -0.708038
v -0.115341 2.700893 -0.780595
v -0.082250 3.031014 -0.628650
v -0.092094 2.882112 -0.731918
v -0.098163 2.701156 -0.808989
v -0.070694 3.024157 -0.655390
v -0.079199 2.880014 -0.751436
v -0.084543 2.700893 -0.826530
v -0.049458 3.024156 -0.668590
v -0.055397 2.880013 -0.766196
v -0.059863 2.700893 -0.841871
v -0.036685 3.031014 -0.659545
v -0.042568 2.882112 -0.765330
v -0.046936 2.701156 -0.843853
v -0.024993 3.024157 -0.669951
v -0.029915 2.880014 -0.767613
v -0.033869 2.700893 -0.843317
v -0.002424 3.024156 -0.659187
v -0.004623 2.880013 -0.755585
v -0.007640 2.700893 -0.830808
v 0.012026 3.031014 -0.633894
v 0.010357 2.882112 -0.737616
v 0.007841 2.701156 -0.814885
v 0.030419 3.024157 -0.621213
v 0.029554 2.880014 -0.715730
v 0.028063 2.700893 -0.788571
v 0.440808 2.700893 0.654462
v 0.396786 2.880013 0.596409
v 0.340530 3.024157 0.520452
v 0.472634 2.701155 0.663864
v 0.425181 2.882111 0.602832
v 0.362864 3.031014 0.519900
v 0.494517 2.700893 0.667647
v 0.447862 2.880013 0.608563
v 0.389421 3.024158 0.531869
v 0.523090 2.700893 0.662350
v 0.475394 2.880013 0.603428
v 0.414007 3.024157 0.527311
v 0.533977 2.701155 0.655104
v 0.484288 2.882111 0.594144
v 0.417349 3.031014 0.512021
v 0.543270 2.700893 0.645902
v 0.495175 2.880013 0.587304
v 0.432999 3.024158 0.511830
v 0.554219 2.700893 0.618984
v 0.505757 2.880013 0.561373
v 0.442421 3.024157 0.488668
v 0.554927 2.701155 0.596787
v 0.504716 2.882111 0.538002
v 0.436053 3.031014 0.460243
v 0.552135 2.700893 0.563719
v 0.504151 2.880013 0.508896
v 0.441097 3.024158 0.438479
v -0.280712 3.024157 0.555006
v -0.328197 2.880014 0.636733
v -0.365509 2.700893 0.699311
v -0.302969 3.031014 0.556934
v -0.355705 2.882112 0.646265
v -0.396096 2.701156 0.712184
v -0.328036 3.024156 0.571774
v -0.377610 2.880014 0.654477
v -0.417426 2.700893 0.718370
v -0.352975 3.024157 0.569971
v -0.405542 2.880014 0.652427
v -0.446409 2.700893 0.716274
v -0.357992 3.031014 0.555146
v -0.415411 2.882112 0.644186
v -0.458033 2.701156 0.710280
v -0.373567 3.024156 0.556692
v -0.426990 2.880014 0.638596
v -0.468289 2.700893 0.702165
v -0.385499 3.024157 0.534718
v -0.440381 2.880014 0.613998
v -0.482156 2.700893 0.676628
v -0.382323 3.031014 0.505762
v -0.441939 2.882112 0.590656
v -0.485321 2.701156 0.654647
v -0.389749 3.024156 0.484692
v -0.444605 2.880014 0.561667
v -0.486214 2.700893 0.621473
v 0.553325 3.024157 -0.284011
v 0.639780 2.880014 -0.322218
v 0.706748 2.700893 -0.350913
v 0.572465 3.031014 -0.272488
v 0.667636 2.882112 -0.313762
v 0.739060 2.701156 -0.343349
v 0.601467 3.024157 -0.269761
v 0.690185 2.880014 -0.307529
v 0.759952 2.700893 -0.335817
v 0.620583 3.024156 -0.253643
v 0.711577 2.880014 -0.289453
v 0.782168 2.700893 -0.317085
v 0.615928 3.031014 -0.238700
v 0.714718 2.882112 -0.276985
v 0.788048 2.701156 -0.305404
v 0.629438 3.024157 -0.230796
v 0.720799 2.880014 -0.265657
v 0.791576 2.700893 -0.292811
v 0.626175 3.024156 -0.206005
v 0.717175 2.880014 -0.237886
v 0.787784 2.700893 -0.264000
v 0.606586 3.031014 -0.184446
v 0.704715 2.882112 -0.218086
v 0.777424 2.701156 -0.244356
v 0.600208 3.024157 -0.163035
v 0.689832 2.880014 -0.193066
v 0.758648 2.700893 -0.216993
v -0.614587 3.024157 -0.095467
v -0.706988 2.880014 -0.115373
v -0.778032 2.700893 -0.131521
v -0.623299 3.031015 -0.116039
v -0.724554 2.882112 -0.138588
v -0.799728 2.701156 -0.156633
v -0.645158 3.024157 -0.135292
v -0.739133 2.880014 -0.156884
v -0.812202 2.700893 -0.175007
v -0.651150 3.024157 -0.159568
v -0.745814 2.880014 -0.184082
v -0.819165 2.700893 -0.203219
v -0.638601 3.031014 -0.168922
v -0.741026 2.882112 -0.196015
v -0.817056 2.701156 -0.216126
v -0.644884 3.024156 -0.183256
v -0.739288 2.880014 -0.208754
v -0.812508 2.700893 -0.228388
v -0.627673 3.024157 -0.201395
v -0.720032 2.880014 -0.229091
v -0.792506 2.700893 -0.249468
v -0.599153 3.031015 -0.207322
v -0.698314 2.882112 -0.237786
v -0.772578 2.701156 -0.259270
v -0.581408 3.024157 -0.220896
v -0.671567 2.880014 -0.249280
v -0.741304 2.700893 -0.270371
v 0.591340 1.303051 0.609640
v 0.557990 1.020820 0.570520
v 0.521400 0.752318 0.527595
v 0.594814 1.303051 0.644924
v 0.561092 1.020820 0.604091
v 0.524095 0.752318 0.559288
v 0.593994 1.303051 0.667546
v 0.560136 1.020820 0.626081
v 0.522988 0.752318 0.580585
v 0.583028 1.303051 0.694652
v 0.549152 1.020820 0.653094
v 0.511984 0.752318 0.607497
v 0.573977 1.303051 0.704177
v 0.540102 1.020820 0.662618
v 0.502935 0.752318 0.617020
v 0.562822 1.303051 0.711122
v 0.528949 1.020820 0.669562
v 0.491783 0.752318 0.623963
v 0.534061 1.303051 0.716397
v 0.500275 1.020820 0.674874
v 0.463204 0.752318 0.629315
v 0.511739 1.303051 0.712639
v 0.478544 1.020820 0.671376
v 0.442122 0.752318 0.626105
v 0.477881 1.303051 0.702121
v 0.446288 1.020820 0.661568
v 0.411623 0.752318 0.617074
v -0.497473 0.097532 -0.196360
v -0.556973 0.191780 -0.216081
v -0.601870 0.330007 -0.230080
v -0.514113 0.093731 -0.184049
v -0.580294 0.190617 -0.205637
v -0.628366 0.329862 -0.220051
v -0.539265 0.097532 -0.177842
v -0.599844 0.191780 -0.197113
v -0.646407 0.330007 -0.210625
v -0.556262 0.097532 -0.159784
v -0.618845 0.191780 -0.176866
v -0.666118 0.330007 -0.189640
v -0.552086 0.093731 -0.146037
v -0.621213 0.190617 -0.164322
v -0.670737 0.329862 -0.177422
v -0.562513 0.097532 -0.136153
v -0.625357 0.191780 -0.152248
v -0.672763 0.330007 -0.164519
v -0.556667 0.097532 -0.112052
v -0.618852 0.191780 -0.125254
v -0.666006 0.330007 -0.136532
v -0.537874 0.093731 -0.094221
v -0.606074 0.190617 -0.108178
v -0.654985 0.329862 -0.119419
v -0.529498 0.097532 -0.075292
v -0.590966 0.191780 -0.087570
v -0.636913 0.330007 -0.097601
v -0.120066 1.303051 -0.840790
v -0.116080 1.020820 -0.789538
v -0.111709 0.752318 -0.733305
v -0.102138 1.303051 -0.871377
v -0.098857 1.020820 -0.818522
v -0.095260 0.752318 -0.760529
v -0.088178 1.303051 -0.889197
v -0.085158 1.020820 -0.835750
v -0.081847 0.752318 -0.777108
v -0.063373 1.303051 -0.904681
v -0.060394 1.020820 -0.851148
v -0.057126 0.752318 -0.792412
v -0.050452 1.303051 -0.907067
v -0.047474 1.020820 -0.853533
v -0.044207 0.752318 -0.794797
v -0.037346 1.303051 -0.906129
v -0.034370 1.020820 -0.852595
v -0.031104 0.752318 -0.793859
v -0.010977 1.303051 -0.893491
v -0.008051 1.020820 -0.840039
v -0.004838 0.752318 -0.781391
v 0.004873 1.303051 -0.877329
v 0.007474 1.020820 -0.824436
v 0.010331 0.752318 -0.766402
v 0.026083 1.303051 -0.848919
v 0.027805 1.020820 -0.797541
v 0.029697 0.752318 -0.741170
v -0.397068 1.303051 0.750787
v -0.370168 1.020820 0.706980
v -0.340652 0.752318 0.658917
v -0.429551 1.303051 0.764994
v -0.401138 1.020820 0.720305
v -0.369960 0.752318 0.671273
v -0.451319 1.303051 0.771205
v -0.422347 1.020820 0.726191
v -0.390557 0.752318 0.676802
v -0.480488 1.303051 0.769152
v -0.451432 1.020820 0.724092
v -0.419552 0.752318 0.674652
v -0.492344 1.303051 0.763487
v -0.463286 1.020820 0.718427
v -0.431405 0.752318 0.668989
v -0.502396 1.303051 0.755025
v -0.473337 1.020820 0.709966
v -0.441455 0.752318 0.660528
v -0.516300 1.303051 0.729302
v -0.487249 1.020820 0.684338
v -0.455376 0.752318 0.635003
v -0.519624 1.303051 0.706910
v -0.490638 1.020820 0.662589
v -0.458838 0.752318 0.613960
v -0.520084 1.303051 0.671459
v -0.491278 1.020820 0.628881
v -0.459674 0.752318 0.582164
v 0.762536 1.303051 -0.374008
v 0.715025 1.020820 -0.354379
v 0.662894 0.752318 -0.332845
v 0.797166 1.303051 -0.366409
v 0.747912 1.020820 -0.346956
v 0.693869 0.752318 -0.325614
v 0.818428 1.303051 -0.358639
v 0.768530 1.020820 -0.339251
v 0.713781 0.752318 -0.317981
v 0.840819 1.303051 -0.339833
v 0.790826 1.020820 -0.320457
v 0.735976 0.752318 -0.299199
v 0.847081 1.303051 -0.328282
v 0.797088 1.020820 -0.308907
v 0.742236 0.752318 -0.287650
v 0.850239 1.303051 -0.315527
v 0.800245 1.020820 -0.296154
v 0.745393 0.752318 -0.274898
v 0.846368 1.303051 -0.286544
v 0.796436 1.020820 -0.267243
v 0.741652 0.752318 -0.246064
v 0.835896 1.303051 -0.266475
v 0.786395 1.020820 -0.247656
v 0.732084 0.752318 -0.227006
v 0.815430 1.303051 -0.237524
v 0.767099 1.020820 -0.220010
v 0.714071 0.752318 -0.200791
v -0.000000 -0.046515 -0.000000
v -0.117059 0.004264 -0.233251
v -0.106854 -0.009073 -0.168277
v -0.140887 0.004264 -0.188865
v -0.121168 -0.009073 -0.148654
v -0.156577 0.004264 -0.176076
v -0.143275 -0.009073 -0.138591
v -0.204856 0.004264 -0.161687
v -0.206317 -0.009073 -0.122504
v -0.302121 0.004264 -0.137262
v -0.275010 -0.009073 -0.101674
v -0.360376 0.004264 -0.111706
v -0.299851 -0.009073 -0.079316
v -0.368475 0.004264 -0.081088
v -0.289314 -0.009073 -0.047599
v -0.330475 0.004264 -0.030071
v -0.239904 -0.009073 0.004471
v -0.258008 0.004264 0.039252
v -0.193061 -0.009073 0.049624
v -0.223158 0.004264 0.075629
v -0.178821 -0.009073 0.069301
v -0.215843 0.004264 0.094504
v -0.176082 -0.009073 0.093436
v -0.217078 0.004264 0.144865
v -0.180264 -0.009073 0.158363
v -0.223905 0.004264 0.244918
v -0.181681 -0.009073 0.230131
v -0.217601 0.004264 0.308219
v -0.168093 -0.009073 0.260666
v -0.190984 0.004264 0.325383
v -0.134672 -0.009073 0.260445
v -0.130722 0.004264 0.305008
v -0.069883 -0.009073 0.229544
v -0.042398 0.004264 0.257510
v -0.012464 -0.009073 0.198946
v 0.002968 0.004264 0.235606
v 0.010651 -0.009073 0.191484
v 0.023179 0.004264 0.234482
v 0.034450 -0.009073 0.196337
v 0.070695 0.004264 0.251219
v 0.094908 -0.009073 0.220378
v 0.163740 0.004264 0.288630
v 0.162725 -0.009073 0.243903
v 0.225891 0.004264 0.302196
v 0.195964 -0.009073 0.240416
v 0.250440 0.004264 0.282186
v 0.206081 -0.009073 0.208563
v 0.249685 0.004264 0.218576
v 0.196714 -0.009073 0.137395
v 0.231804 0.004264 0.119898
v 0.185358 -0.009073 0.073332
v 0.224992 0.004264 0.069984
v 0.185403 -0.009073 0.049043
v 0.230168 0.004264 0.050414
v 0.197373 -0.009073 0.027907
v 0.260770 0.004264 0.010397
v 0.238920 -0.009073 -0.022162
v 0.325102 0.004264 -0.066535
v 0.282250 -0.009073 -0.079390
v 0.357210 0.004264 -0.121451
v 0.289206 -0.009073 -0.112080
v 0.345765 0.004264 -0.150983
v 0.262038 -0.009073 -0.131546
v 0.285035 0.004264 -0.169920
v 0.191459 -0.009073 -0.144629
v 0.185661 0.004264 -0.183408
v 0.127022 -0.009073 -0.153625
v 0.136085 0.004264 -0.192354
v 0.103935 -0.009073 -0.161174
v 0.119073 0.004264 -0.203324
v 0.087533 -0.009073 -0.179089
v 0.090470 0.004264 -0.244794
v 0.052753 -0.009073 -0.234075
v 0.037183 0.004264 -0.329750
v 0.011715 -0.009073 -0.292969
v -0.005123 0.004264 -0.377257
v -0.017225 -0.009073 -0.309686
v -0.036746 0.004264 -0.375498
v -0.044133 -0.009073 -0.289863
v -0.073523 0.004264 -0.323593
v -0.078386 -0.009073 -0.226781
v -0.031448 0.752318 0.487168
v -0.032145 1.020820 0.518417
v -0.032779 1.303051 0.546900
v -0.009841 0.752318 0.475999
v -0.008878 1.020820 0.506280
v -0.008001 1.303051 0.533882
v 0.002636 0.752318 0.470687
v 0.004210 1.020820 0.500611
v 0.005645 1.303051 0.527887
v 0.018245 0.752318 0.467360
v 0.019907 1.020820 0.497233
v 0.021421 1.303051 0.524463
v 0.025957 0.752318 0.466674
v 0.027619 1.020820 0.496548
v 0.029133 1.303051 0.523777
v 0.033697 0.752318 0.466501
v 0.035359 1.020820 0.496374
v 0.036874 1.303051 0.523604
v 0.049579 0.752318 0.468076
v 0.051333 1.020820 0.497990
v 0.052932 1.303051 0.525257
v 0.062568 0.752318 0.471972
v 0.064969 1.020820 0.502173
v 0.067158 1.303051 0.529701
v 0.085281 0.752318 0.480675
v 0.089438 1.020820 0.511654
v 0.093228 1.303051 0.539892
v -0.381834 0.330007 0.206193
v -0.357293 0.191780 0.194798
v -0.323392 0.097532 0.179778
v -0.380723 0.329862 0.185022
v -0.354990 0.190617 0.173879
v -0.317359 0.093731 0.157105
v -0.381331 0.330007 0.172731
v -0.356871 0.191780 0.162501
v -0.322895 0.097532 0.147375
v -0.384740 0.330007 0.157379
v -0.360162 0.191780 0.147689
v -0.325815 0.097532 0.134053
v -0.387106 0.329862 0.150021
v -0.361188 0.190617 0.139976
v -0.322963 0.093731 0.125163
v -0.390316 0.330007 0.142990
v -0.365627 0.191780 0.133587
v -0.331061 0.097532 0.120516
v -0.398143 0.330007 0.129350
v -0.373177 0.191780 0.120426
v -0.337881 0.097532 0.108705
v -0.405976 0.329862 0.119859
v -0.379455 0.190617 0.110751
v -0.340348 0.093731 0.097786
v -0.421064 0.330007 0.104965
v -0.395253 0.191780 0.096847
v -0.360084 0.097532 0.085099
v 0.311792 0.752318 -0.375642
v 0.330723 1.020820 -0.400514
v 0.347979 1.303051 -0.423184
v 0.287747 0.752318 -0.379307
v 0.304767 1.020820 -0.404371
v 0.320280 1.303051 -0.427217
v 0.274530 0.752318 -0.382343
v 0.290846 1.020820 -0.407477
v 0.305718 1.303051 -0.430388
v 0.259947 0.752318 -0.388826
v 0.276162 1.020820 -0.413971
v 0.290942 1.303051 -0.436891
v 0.253305 0.752318 -0.392804
v 0.269519 1.020820 -0.417949
v 0.284299 1.303051 -0.440869
v 0.246940 0.752318 -0.397214
v 0.263155 1.020820 -0.422358
v 0.277935 1.303051 -0.445278
v 0.235018 0.752318 -0.407823
v 0.251182 1.020820 -0.433055
v 0.265915 1.303051 -0.456055
v 0.226799 0.752318 -0.418610
v 0.242608 1.020820 -0.444454
v 0.257018 1.303051 -0.468012
v 0.213540 0.752318 -0.439001
v 0.228386 1.020820 -0.466508
v 0.241917 1.303051 -0.491580
v 0.430108 0.330007 0.057622
v 0.403556 0.191780 0.052417
v 0.367301 0.097532 0.044641
v 0.416764 0.329862 0.074097
v 0.389396 0.190617 0.067986
v 0.349093 0.093731 0.059438
v 0.410032 0.330007 0.084398
v 0.384231 0.191780 0.078298
v 0.347852 0.097532 0.070564
v 0.403766 0.330007 0.098822
v 0.378186 0.191780 0.092215
v 0.342384 0.097532 0.083058
v 0.401355 0.329862 0.106166
v 0.374483 0.190617 0.099058
v 0.334852 0.093731 0.088574
v 0.399820 0.330007 0.113741
v 0.374319 0.191780 0.106836
v 0.338672 0.097532 0.097093
v 0.398134 0.330007 0.129376
v 0.372691 0.191780 0.121922
v 0.337247 0.097532 0.110657
v 0.398893 0.329862 0.141659
v 0.372083 0.190617 0.133439
v 0.332824 0.093731 0.120941
v 0.402345 0.330007 0.162577
v 0.376692 0.191780 0.153973
v 0.341334 0.097532 0.142806
v -0.314095 0.330007 -0.299428
v -0.295674 0.191780 -0.279610
v -0.270913 0.097532 -0.252010
v -0.293616 0.329862 -0.304914
v -0.275067 0.190617 -0.283884
v -0.247485 0.093731 -0.253278
v -0.282114 0.330007 -0.309290
v -0.264827 0.191780 -0.289189
v -0.239942 0.097532 -0.261550
v -0.268568 0.330007 -0.317277
v -0.251757 0.191780 -0.296896
v -0.228174 0.097532 -0.268444
v -0.262300 0.329862 -0.321800
v -0.244738 0.190617 -0.300255
v -0.218838 0.093731 -0.268479
v -0.256606 0.330007 -0.327027
v -0.240034 0.191780 -0.306451
v -0.216921 0.097532 -0.277616
v -0.246052 0.330007 -0.338685
v -0.229850 0.191780 -0.317699
v -0.207796 0.097532 -0.287752
v -0.239446 0.329862 -0.349068
v -0.222588 0.190617 -0.326659
v -0.198173 0.093731 -0.293472
v -0.229944 0.330007 -0.368020
v -0.214247 0.191780 -0.345981
v -0.192206 0.097532 -0.316164
v -0.500663 2.291020 0.263176
v -0.511215 2.070884 0.268245
v -0.512478 1.835362 0.268853
v -0.498916 2.291019 0.234155
v -0.509394 2.070884 0.238506
v -0.510648 1.835362 0.239026
v -0.499044 2.291019 0.218855
v -0.509495 2.070884 0.222941
v -0.510746 1.835362 0.223429
v -0.502429 2.291020 0.203013
v -0.512876 2.070884 0.207062
v -0.514126 1.835362 0.207546
v -0.504986 2.291019 0.195705
v -0.515433 2.070884 0.199753
v -0.516683 1.835362 0.200238
v -0.508022 2.291019 0.188581
v -0.518468 2.070884 0.192630
v -0.519718 1.835362 0.193115
v -0.516196 2.291020 0.174596
v -0.526671 2.070884 0.178620
v -0.527924 1.835362 0.179102
v -0.526412 2.291019 0.163205
v -0.537086 2.070884 0.167052
v -0.538363 1.835362 0.167512
v -0.547260 2.291019 0.142940
v -0.558472 2.070884 0.146307
v -0.559815 1.835362 0.146708
v 0.366667 1.835362 -0.447740
v 0.365816 2.070884 -0.446626
v 0.358724 2.291020 -0.437312
v 0.337084 1.835362 -0.451962
v 0.336321 2.070884 -0.450839
v 0.329947 2.291019 -0.441453
v 0.321826 1.835362 -0.455203
v 0.321096 2.070884 -0.454077
v 0.314987 2.291019 -0.444664
v 0.306951 1.835362 -0.461716
v 0.306225 2.070884 -0.460589
v 0.300153 2.291020 -0.451173
v 0.300308 1.835362 -0.465694
v 0.299582 2.070884 -0.464568
v 0.293510 2.291019 -0.455152
v 0.293944 1.835362 -0.470104
v 0.293217 2.070884 -0.468977
v 0.287145 2.291019 -0.459561
v 0.281874 1.835362 -0.480967
v 0.281149 2.070884 -0.479837
v 0.275096 2.291020 -0.470388
v 0.272626 1.835362 -0.493528
v 0.271918 2.070884 -0.492369
v 0.265998 2.291019 -0.482691
v 0.256575 1.835362 -0.518734
v 0.255911 2.070884 -0.517500
v 0.250354 2.291019 -0.507196
v 0.559736 2.291020 0.081368
v 0.571252 2.070884 0.083470
v 0.572631 1.835362 0.083720
v 0.541264 2.291019 0.103820
v 0.552299 2.070884 0.106459
v 0.553619 1.835362 0.106775
v 0.532375 2.291019 0.116274
v 0.543232 2.070884 0.119111
v 0.544530 1.835362 0.119451
v 0.525801 2.291020 0.131079
v 0.536633 2.070884 0.133944
v 0.537929 1.835362 0.134287
v 0.523574 2.291019 0.138495
v 0.534406 2.070884 0.141360
v 0.535702 1.835362 0.141703
v 0.521844 2.291019 0.146042
v 0.532675 2.070884 0.148907
v 0.533971 1.835362 0.149250
v 0.520237 2.291020 0.162161
v 0.531076 2.070884 0.165063
v 0.532373 1.835362 0.165410
v 0.521806 2.291019 0.177382
v 0.532702 2.070884 0.180543
v 0.534006 1.835362 0.180922
v 0.526761 2.291019 0.206030
v 0.537810 2.070884 0.209897
v 0.539133 1.835362 0.210362
v -0.405009 2.291020 -0.394833
v -0.413090 2.070884 -0.403302
v -0.414059 1.835362 -0.404315
v -0.376868 2.291019 -0.402139
v -0.384244 2.070884 -0.410760
v -0.385126 1.835362 -0.411792
v -0.362356 2.291019 -0.406990
v -0.369472 2.070884 -0.415666
v -0.370323 1.835362 -0.416705
v -0.348336 2.291020 -0.415104
v -0.355415 2.070884 -0.423788
v -0.356261 1.835362 -0.424827
v -0.342175 2.291019 -0.419794
v -0.349254 2.070884 -0.428479
v -0.350101 1.835362 -0.429518
v -0.336339 2.291019 -0.424882
v -0.343418 2.070884 -0.433567
v -0.344265 1.835362 -0.434606
v -0.325565 2.291020 -0.436979
v -0.332628 2.070884 -0.445698
v -0.333474 1.835362 -0.446741
v -0.317888 2.291019 -0.450215
v -0.324844 2.070884 -0.459177
v -0.325677 1.835362 -0.460249
v -0.305057 2.291019 -0.476304
v -0.311723 2.070884 -0.485927
v -0.312520 1.835362 -0.487080
v 0.095582 2.291020 0.557485
v 0.097142 2.070884 0.569087
v 0.097330 1.835362 0.570476
v 0.068521 2.291019 0.546855
v 0.069421 2.070884 0.558165
v 0.069529 1.835362 0.559518
v 0.053930 2.291019 0.542249
v 0.054586 2.070884 0.553451
v 0.054665 1.835362 0.554791
v 0.037818 2.291020 0.540573
v 0.038440 2.070884 0.551759
v 0.038514 1.835362 0.553098
v 0.030077 2.291019 0.540746
v 0.030699 2.070884 0.551933
v 0.030774 1.835362 0.553271
v 0.022364 2.291019 0.541432
v 0.022987 2.070884 0.552619
v 0.023061 1.835362 0.553957
v 0.006538 2.291020 0.544885
v 0.007127 2.070884 0.556091
v 0.007198 1.835362 0.557432
v -0.007453 2.291019 0.551081
v -0.007093 2.070884 0.562421
v -0.007050 1.835362 0.563778
v -0.033168 2.291019 0.564646
v -0.033431 2.070884 0.576349
v -0.033465 1.835362 0.577751
v 0.327736 2.700893 -0.396506
v 0.303101 2.880013 -0.363421
v 0.271304 3.024157 -0.319299
v 0.301831 2.701155 -0.400147
v 0.277851 2.882111 -0.365513
v 0.244019 3.031014 -0.317351
v 0.288122 2.700893 -0.403438
v 0.265739 2.880013 -0.370088
v 0.234963 3.024158 -0.325799
v 0.273512 2.700893 -0.409900
v 0.251674 2.880013 -0.376321
v 0.222323 3.024157 -0.331364
v 0.266758 2.701155 -0.413666
v 0.244143 2.882111 -0.378597
v 0.212435 3.031014 -0.329426
v 0.260541 2.700893 -0.418265
v 0.238962 2.880013 -0.384518
v 0.210120 3.024158 -0.339234
v 0.248626 2.700893 -0.428908
v 0.227481 2.880013 -0.394759
v 0.199835 3.024157 -0.348451
v 0.239972 2.701155 -0.440037
v 0.218317 2.882111 -0.403905
v 0.188404 3.031014 -0.353215
v 0.225968 2.700893 -0.462133
v 0.205993 2.880013 -0.426042
v 0.178921 3.024158 -0.378873
v 0.415620 3.024156 0.053085
v 0.468846 2.880014 0.064257
v 0.509342 2.700893 0.072101
v 0.394148 3.031014 0.070033
v 0.451600 2.882112 0.082818
v 0.492655 2.701156 0.092248
v 0.393149 3.024157 0.082377
v 0.445734 2.880014 0.094360
v 0.484745 2.700893 0.103918
v 0.387561 3.024156 0.095007
v 0.439542 2.880014 0.108444
v 0.478305 2.700893 0.118538
v 0.378949 3.031014 0.100239
v 0.435512 2.882112 0.115201
v 0.475852 2.701156 0.125872
v 0.383848 3.024157 0.109045
v 0.435674 2.880014 0.123067
v 0.474358 2.700893 0.133459
v 0.382460 3.024156 0.122785
v 0.434092 2.880014 0.138370
v 0.472727 2.700893 0.149351
v 0.377225 3.031014 0.134009
v 0.433484 2.882112 0.151303
v 0.473833 2.701156 0.163406
v 0.387509 3.024156 0.159357
v 0.439297 2.880014 0.175963
v 0.478376 2.700893 0.189168
v -0.498205 2.700893 0.128142
v -0.458828 2.880013 0.115855
v -0.407169 3.024157 0.098850
v -0.479386 2.701155 0.146314
v -0.439630 2.882111 0.132389
v -0.383950 3.031014 0.113312
v -0.470230 2.700893 0.157035
v -0.432520 2.880013 0.143210
v -0.381588 3.024158 0.125469
v -0.462209 2.700893 0.170850
v -0.424804 2.880013 0.156519
v -0.374634 3.024157 0.137401
v -0.458958 2.701155 0.177867
v -0.420050 2.882111 0.162788
v -0.365495 3.031014 0.141646
v -0.456632 2.700893 0.185241
v -0.419338 2.880013 0.170624
v -0.369387 3.024158 0.150940
v -0.453248 2.700893 0.200855
v -0.416070 2.880013 0.185657
v -0.366485 3.024157 0.164443
v -0.452789 2.701155 0.214946
v -0.414031 2.882111 0.198442
v -0.360037 3.031014 0.175016
v -0.454447 2.700893 0.241053
v -0.417073 2.880013 0.223596
v -0.367446 3.024158 0.201348
v -0.305041 3.024157 -0.287242
v -0.341535 2.880014 -0.327566
v -0.369687 2.700893 -0.357715
v -0.277708 3.031015 -0.288332
v -0.316673 2.882112 -0.332445
v -0.344345 2.701156 -0.364206
v -0.269644 3.024157 -0.297732
v -0.305143 2.880014 -0.338335
v -0.331085 2.700893 -0.368997
v -0.257700 3.024156 -0.304665
v -0.291856 2.880013 -0.346089
v -0.317282 2.700893 -0.377040
v -0.247657 3.031014 -0.303836
v -0.284623 2.882112 -0.349187
v -0.310987 2.701156 -0.381531
v -0.246444 3.024157 -0.313839
v -0.280131 2.880014 -0.355646
v -0.305319 2.700893 -0.386791
v -0.237246 3.024156 -0.324140
v -0.269857 2.880013 -0.367097
v -0.294658 2.700893 -0.398689
v -0.226413 3.031014 -0.330143
v -0.261763 2.882112 -0.377202
v -0.287291 2.701156 -0.410710
v -0.219834 3.024156 -0.356694
v -0.251970 2.880014 -0.400570
v -0.275824 2.700893 -0.434223
v 0.077946 3.024157 0.411682
v 0.083769 2.880014 0.465755
v 0.088823 2.700893 0.506694
v 0.055193 3.031014 0.396498
v 0.060787 2.882112 0.455089
v 0.064506 2.701156 0.497049
v 0.043144 3.024156 0.399363
v 0.047997 2.880014 0.453077
v 0.050963 2.700893 0.493132
v 0.029406 3.024157 0.397951
v 0.032690 2.880014 0.451540
v 0.035068 2.700893 0.491525
v 0.021769 3.031014 0.391377
v 0.025018 2.882112 0.449795
v 0.027335 2.701156 0.491459
v 0.014908 3.024156 0.398757
v 0.017587 2.880014 0.452380
v 0.019658 2.700893 0.492382
v 0.001411 3.024157 0.401684
v 0.002545 2.880014 0.455605
v 0.004040 2.700893 0.495742
v -0.010881 3.031014 0.400173
v -0.009943 2.882112 0.459023
v -0.008986 2.701156 0.501137
v -0.031810 3.024157 0.417787
v -0.031601 2.880014 0.472172
v -0.032084 2.700893 0.513419
v -0.030338 0.097532 0.368758
v -0.030033 0.191780 0.405836
v -0.030288 0.330007 0.432892
v -0.012173 0.093731 0.353907
v -0.011928 0.190617 0.395107
v -0.011461 0.329862 0.423145
v -0.001026 0.097532 0.354935
v -0.000787 0.191780 0.392126
v -0.000014 0.330007 0.418627
v 0.012314 0.097532 0.352099
v 0.014064 0.191780 0.389013
v 0.015377 0.330007 0.415399
v 0.019236 0.093731 0.345834
v 0.021512 0.190617 0.386765
v 0.023056 0.329862 0.414518
v 0.026809 0.097532 0.351293
v 0.029164 0.191780 0.388173
v 0.030785 0.330007 0.414542
v 0.040382 0.097532 0.352632
v 0.044268 0.191780 0.389620
v 0.046439 0.330007 0.416044
v 0.051346 0.093731 0.350374
v 0.055671 0.190617 0.391347
v 0.058316 0.329862 0.419264
v 0.071046 0.097532 0.363119
v 0.074854 0.191780 0.400002
v 0.078108 0.330007 0.426863
v -0.484659 1.303051 0.255501
v -0.458974 1.020820 0.243171
v -0.430796 0.752318 0.229644
v -0.483023 1.303051 0.227558
v -0.457518 1.020820 0.216970
v -0.429537 0.752318 0.205353
v -0.483192 1.303051 0.212655
v -0.457754 1.020820 0.202708
v -0.429846 0.752318 0.191796
v -0.486582 1.303051 0.196871
v -0.461153 1.020820 0.187016
v -0.433255 0.752318 0.176205
v -0.489139 1.303051 0.189563
v -0.463710 1.020820 0.179708
v -0.435812 0.752318 0.168897
v -0.492175 1.303051 0.182441
v -0.466746 1.020820 0.172586
v -0.438848 0.752318 0.161774
v -0.500306 1.303051 0.168495
v -0.474808 1.020820 0.158701
v -0.446835 0.752318 0.147957
v -0.510224 1.303051 0.157369
v -0.484245 1.020820 0.148005
v -0.455743 0.752318 0.137733
v -0.530263 1.303051 0.137826
v -0.502977 1.020820 0.129628
v -0.473042 0.752318 0.120634
v 0.241294 0.097532 -0.280499
v 0.262841 0.191780 -0.310675
v 0.278951 0.330007 -0.332414
v 0.217870 0.093731 -0.279162
v 0.241888 0.190617 -0.312637
v 0.257990 0.329862 -0.335595
v 0.209456 0.097532 -0.286546
v 0.231122 0.191780 -0.316774
v 0.246074 0.330007 -0.338669
v 0.196996 0.097532 -0.292092
v 0.217278 0.191780 -0.322984
v 0.231725 0.330007 -0.345104
v 0.187714 0.093731 -0.291092
v 0.209931 0.190617 -0.325544
v 0.224995 0.329862 -0.348904
v 0.184796 0.097532 -0.299960
v 0.204568 0.191780 -0.331181
v 0.218756 0.330007 -0.353467
v 0.174603 0.097532 -0.309021
v 0.193199 0.191780 -0.341230
v 0.206974 0.330007 -0.363883
v 0.164405 0.093731 -0.313639
v 0.184989 0.190617 -0.349329
v 0.199258 0.329862 -0.373469
v 0.155959 0.097532 -0.335529
v 0.174557 0.191780 -0.367606
v 0.187713 0.330007 -0.391250
v 0.542277 1.303051 0.078171
v 0.514250 1.020820 0.073049
v 0.483502 0.752318 0.067430
v 0.524529 1.303051 0.099815
v 0.497671 1.020820 0.093390
v 0.468206 0.752318 0.086341
v 0.515906 1.303051 0.111972
v 0.489479 1.020820 0.105066
v 0.460487 0.752318 0.097491
v 0.509371 1.303051 0.126734
v 0.483006 1.020820 0.119760
v 0.454081 0.752318 0.112109
v 0.507144 1.303051 0.134149
v 0.480779 1.020820 0.127175
v 0.451854 0.752318 0.119524
v 0.505414 1.303051 0.141695
v 0.479049 1.020820 0.134721
v 0.450124 0.752318 0.127070
v 0.503795 1.303051 0.157758
v 0.477410 1.020820 0.150693
v 0.448464 0.752318 0.142943
v 0.505279 1.303051 0.172588
v 0.478758 1.020820 0.164893
v 0.449661 0.752318 0.156451
v 0.510004 1.303051 0.200177
v 0.483110 1.020820 0.190771
v 0.453606 0.752318 0.180452
v -0.392763 1.303051 -0.381984
v -0.373100 1.020820 -0.361366
v -0.351527 0.752318 -0.338748
v -0.365683 1.303051 -0.389063
v -0.347731 1.020820 -0.368078
v -0.328037 0.752318 -0.345056
v -0.351562 1.303051 -0.393829
v -0.334241 1.020820 -0.372709
v -0.315238 0.752318 -0.349539
v -0.337598 1.303051 -0.401931
v -0.320367 1.020820 -0.380792
v -0.301464 0.752318 -0.357600
v -0.331438 1.303051 -0.406621
v -0.314207 1.020820 -0.385482
v -0.295304 0.752318 -0.362290
v -0.325602 1.303051 -0.411709
v -0.308371 1.020820 -0.390570
v -0.289468 0.752318 -0.367378
v -0.314851 1.303051 -0.423752
v -0.297658 1.020820 -0.402528
v -0.278795 0.752318 -0.379244
v -0.307335 1.303051 -0.436622
v -0.290401 1.020820 -0.414808
v -0.271824 0.752318 -0.390876
v -0.294941 1.303051 -0.461719
v -0.278712 1.020820 -0.438302
v -0.260908 0.752318 -0.412612
v -0.165160 0.097532 -0.374610
v -0.143147 0.093731 -0.411026
v -0.124851 0.097532 -0.461847
v -0.182549 0.191780 -0.414683
v -0.159837 0.190617 -0.461453
v -0.137547 0.191780 -0.512983
v -0.195025 0.330007 -0.443937
v -0.170696 0.329862 -0.497375
v -0.145668 0.330007 -0.552278
vn -0.6020 0.6759 0.4251
vn 0.6455 0.6759 0.3557
vn -0.1819 0.8150 0.5502
vn 0.2418 0.8150 0.5266
vn 0.2182 0.6759 0.7039
vn 0.5377 0.6759 -0.5040
vn 0.4670 0.8150 0.3430
vn 0.5756 0.8150 -0.0672
vn 0.7369 0.6759 0.0100
vn -0.3131 0.6759 -0.6672
vn 0.4705 0.8150 -0.3382
vn 0.1139 0.8150 -0.5682
vn 0.2372 0.6759 -0.6978
vn -0.7313 0.6759 0.0916
vn -0.1762 0.8150 -0.5520
vn -0.5052 0.8150 -0.2839
vn -0.5903 0.6759 -0.4412
vn -0.1388 0.6759 0.7238
vn -0.5795 0.8150 -0.0030
vn -0.4261 0.8150 0.3927
vn 0.8990 0.0518 0.4348
vn -0.8453 0.0518 0.5318
vn 0.5200 0.0941 0.8490
vn -0.4227 0.0941 0.9014
vn 0.2446 0.0518 0.9682
vn 0.6914 0.0518 -0.7207
vn 0.7267 0.0941 0.6805
vn 0.9681 0.0941 -0.2322
vn -0.4717 0.0518 -0.8802
vn 0.9964 0.0518 0.0666
vn 0.0783 0.0941 -0.9925
vn 0.8718 0.0941 -0.4808
vn -0.9829 0.0518 0.1766
vn 0.3712 0.0518 -0.9271
vn -0.9197 0.0941 -0.3812
vn -0.1879 0.0941 -0.9777
vn -0.1357 0.0518 0.9894
vn -0.7670 0.0518 -0.6395
vn -0.6467 0.0941 0.7569
vn -0.9879 0.0941 -0.1234
vn -0.8397 -0.1132 0.5311
vn 0.8934 -0.1132 0.4347
vn -0.4139 -0.2025 0.8875
vn 0.5098 -0.2025 0.8361
vn 0.2456 -0.1132 0.9627
vn 0.6895 -0.1132 -0.7154
vn 0.7161 -0.2025 0.6679
vn 0.9527 -0.2025 -0.2265
vn 0.9915 -0.1132 0.0639
vn -0.4673 -0.1132 -0.8768
vn 0.8565 -0.2025 -0.4747
vn 0.0790 -0.2025 -0.9761
vn 0.3672 -0.1132 -0.9232
vn -0.9783 -0.1132 0.1735
vn -0.1868 -0.2025 -0.9613
vn -0.9039 -0.2025 -0.3768
vn -0.7646 -0.1132 -0.6345
vn -0.1373 -0.1132 0.9840
vn -0.9720 -0.2025 -0.1194
vn -0.6376 -0.2025 0.7432
vn 0.7303 -0.5569 0.3957
vn -0.6819 -0.5569 0.4742
vn 0.2682 -0.7350 0.6228
vn -0.1975 -0.7350 0.6487
vn 0.6020 -0.5569 -0.5722
vn 0.2403 -0.5569 0.7950
vn 0.6752 -0.7350 -0.0626
vn 0.5559 -0.7350 0.3882
vn -0.3582 -0.5569 -0.7493
vn 0.8304 -0.5569 0.0172
vn 0.1491 -0.7350 -0.6615
vn 0.5410 -0.7350 -0.4087
vn -0.8233 -0.5569 0.1091
vn 0.2729 -0.5569 -0.7844
vn -0.5830 -0.7350 -0.3462
vn -0.2215 -0.7350 -0.6408
vn -0.1506 -0.5569 0.8168
vn -0.6617 -0.5569 -0.5020
vn -0.5094 -0.7350 0.4475
vn -0.6779 -0.7350 0.0127
vn 0.3588 0.1179 -0.9259
vn -0.9793 0.1179 0.1647
vn -0.1890 0.2087 -0.9596
vn -0.9017 0.2087 -0.3786
vn 0.6954 0.1179 -0.7089
vn 0.2540 0.1179 0.9600
vn 0.9521 0.2087 -0.2237
vn 0.7169 0.2087 0.6652
vn -0.8345 0.1179 0.5382
vn 0.8891 0.1179 0.4423
vn -0.4111 0.2087 0.8874
vn 0.5070 0.2087 0.8363
vn 0.9915 0.1179 0.0551
vn -0.4593 0.1179 -0.8804
vn 0.8542 0.2087 -0.4763
vn 0.0814 0.2087 -0.9746
vn -0.7697 0.1179 -0.6274
vn -0.1459 0.1179 0.9822
vn -0.9710 0.2087 -0.1168
vn -0.6387 0.2087 0.7406
vn 0.6911 0.6517 0.3125
vn 0.1667 0.6517 0.7399
vn 0.5397 0.6602 0.5223
vn 0.4028 0.6602 0.6340
vn 0.5107 0.6517 -0.5607
vn 0.7552 0.6517 0.0701
vn 0.6636 0.6602 -0.3519
vn 0.7274 0.6602 -0.1872
vn -0.3754 0.6517 -0.6590
vn 0.3000 0.6517 -0.6966
vn -0.1296 0.6602 -0.7398
vn 0.0468 0.6602 -0.7496
vn -0.7428 0.6517 0.1534
vn -0.5698 0.6517 -0.5006
vn -0.7437 0.6602 -0.1053
vn -0.6985 0.6602 -0.2761
vn -0.0836 0.6517 0.7538
vn -0.6522 0.6517 0.3872
vn -0.3300 0.6602 0.6747
vn -0.4785 0.6602 0.5790
vn 0.2214 0.0492 0.9739
vn 0.9093 0.0492 0.4132
vn 0.5028 0.0541 0.8627
vn 0.7436 0.0541 0.6664
vn 0.9947 0.0492 0.0904
vn 0.6740 0.0492 -0.7371
vn 0.9759 0.0541 -0.2116
vn 0.8636 0.0541 -0.5013
vn -0.4927 0.0492 -0.8688
vn 0.3933 0.0492 -0.9181
vn -0.2099 0.0541 -0.9762
vn 0.1003 0.0541 -0.9935
vn -0.7516 0.0492 -0.6578
vn -0.9785 0.0492 0.2001
vn -0.9139 0.0541 -0.4024
vn -0.9933 0.0541 -0.1021
vn -0.1120 0.0492 0.9925
vn -0.8579 0.0492 0.5115
vn -0.4040 0.0541 0.9131
vn -0.6651 0.0541 0.7448
vn 0.9049 -0.1072 0.4119
vn 0.2210 -0.1072 0.9694
vn 0.7389 -0.1179 0.6634
vn 0.5007 -0.1179 0.8575
vn 0.6714 -0.1072 -0.7333
vn 0.9902 -0.1072 0.0894
vn 0.8592 -0.1179 -0.4978
vn 0.9703 -0.1179 -0.2112
vn -0.4899 -0.1072 -0.8651
vn 0.3910 -0.1072 -0.9141
vn -0.2079 -0.1179 -0.9710
vn 0.0989 -0.1179 -0.9881
vn -0.9742 -0.1072 0.1986
vn -0.7486 -0.1072 -0.6543
vn -0.9877 -0.1179 -0.1023
vn -0.9092 -0.1179 -0.3994
vn -0.1121 -0.1072 0.9879
vn -0.8536 -0.1072 0.5097
vn -0.4026 -0.1179 0.9078
vn -0.6608 -0.1179 0.7412
vn 0.1850 -0.5275 0.8292
vn 0.7748 -0.5275 0.3483
vn 0.4485 -0.5431 0.7099
vn 0.6048 -0.5431 0.5824
vn 0.8457 -0.5275 0.0803
vn 0.5707 -0.5275 -0.6293
vn 0.8137 -0.5431 -0.2072
vn 0.7408 -0.5431 -0.3953
vn 0.3377 -0.5275 -0.7795
vn -0.4221 -0.5275 -0.7372
vn 0.0544 -0.5431 -0.8379
vn -0.1470 -0.5431 -0.8267
vn -0.6370 -0.5275 -0.5621
vn -0.8316 -0.5275 0.1736
vn -0.7801 -0.5431 -0.3107
vn -0.8317 -0.5431 -0.1157
vn -0.7314 -0.5275 0.4321
vn -0.0919 -0.5275 0.8445
vn -0.5365 -0.5431 0.6459
vn -0.3670 -0.5431 0.7552
vn 0.3876 0.1105 -0.9152
vn -0.4867 0.1105 -0.8666
vn 0.0945 0.1212 -0.9881
vn -0.2035 0.1212 -0.9715
vn 0.6737 0.1105 -0.7307
vn 0.9902 0.1105 0.0858
vn 0.8611 0.1212 -0.4938
vn 0.9690 0.1212 -0.2154
vn -0.8515 0.1105 0.5126
vn -0.1156 0.1105 0.9871
vn -0.6573 0.1212 0.7438
vn -0.4064 0.1212 0.9056
vn -0.9745 0.1105 0.1951
vn -0.7506 0.1105 -0.6514
vn -0.9869 0.1212 -0.1066
vn -0.9105 0.1212 -0.3953
vn 0.9031 0.1105 0.4150
vn 0.2244 0.1105 0.9682
vn 0.7357 0.1212 0.6664
vn 0.5043 0.1212 0.8550
vn -0.9704 0.1788 -0.1625
vn -0.9887 0.1493 0.0093
vn -0.9854 0.1292 0.1109
vn -0.9760 0.1495 0.1583
vn -0.9552 0.2605 0.1408
vn -0.8644 0.4930 0.0987
vn -0.5355 0.8444 -0.0152
vn -0.4762 0.8793 0.0061
vn -0.5514 0.8342 -0.0053
vn -0.7031 0.6079 -0.3689
vn -0.8298 0.3986 -0.3906
vn -0.8880 0.2551 -0.3827
vn -0.4142 0.2287 -0.8810
vn -0.6140 0.2356 -0.7533
vn -0.7794 0.2287 -0.5833
vn -0.2211 0.9082 -0.3554
vn -0.1941 0.9516 -0.2382
vn -0.3035 0.9082 -0.2882
vn -0.2195 0.6079 -0.7631
vn -0.2153 0.3986 -0.8915
vn -0.1958 0.2551 -0.9469
vn 0.3073 0.1292 -0.9428
vn 0.2084 0.1493 -0.9666
vn 0.0365 0.1788 -0.9832
vn 0.1060 0.8342 -0.5411
vn 0.1021 0.8793 -0.4652
vn 0.0931 0.8444 -0.5275
vn 0.2709 0.4930 -0.8268
vn 0.3305 0.2605 -0.9072
vn 0.3518 0.1495 -0.9241
vn 0.5484 0.1788 0.8169
vn 0.3995 0.1493 0.9045
vn 0.3055 0.1292 0.9434
vn 0.2506 0.1097 0.9619
vn 0.2478 0.0986 0.9638
vn 0.2457 0.0801 0.9660
vn 0.2883 0.0560 0.9559
vn 0.3807 0.0648 0.9224
vn 0.5437 0.0794 0.8355
vn 0.7225 0.1449 0.6760
vn 0.7193 0.1772 0.6718
vn 0.7175 0.1960 0.6685
vn 0.9734 0.2287 0.0138
vn 0.9395 0.2356 0.2485
vn 0.8529 0.2287 0.4693
vn 0.8693 0.1034 0.4833
vn 0.9612 0.1067 0.2543
vn 0.9946 0.1034 0.0097
vn 0.9623 0.1449 -0.2304
vn 0.9573 0.1772 -0.2283
vn 0.9541 0.1960 -0.2263
vn 0.7320 0.1292 -0.6689
vn 0.7945 0.1493 -0.5887
vn 0.8806 0.1788 -0.4389
vn 0.8857 0.0794 -0.4574
vn 0.7870 0.0648 -0.6136
vn 0.7232 0.0560 -0.6883
vn 0.6912 0.0801 -0.7182
vn 0.6919 0.0986 -0.7152
vn 0.6934 0.1097 -0.7122
vn 0.6895 0.1788 0.7019
vn 0.8053 0.1493 0.5737
vn 0.8624 0.1292 0.4895
vn 0.8826 0.1495 0.4456
vn 0.8555 0.2605 0.4475
vn 0.7573 0.4930 0.4283
vn 0.4243 0.8444 0.3270
vn 0.3889 0.8793 0.2750
vn 0.4429 0.8342 0.3284
vn 0.3520 0.6079 0.7117
vn 0.4417 0.3986 0.8038
vn 0.4935 0.2551 0.8315
vn -0.1828 0.2287 0.9562
vn 0.0540 0.2356 0.9704
vn 0.2877 0.2287 0.9300
vn -0.0300 0.9082 0.4175
vn 0.0171 0.9516 0.3068
vn 0.0761 0.9082 0.4116
vn -0.2709 0.6079 0.7464
vn -0.3498 0.3986 0.8478
vn -0.3982 0.2551 0.8811
vn -0.8028 0.1292 0.5821
vn -0.7368 0.1493 0.6595
vn -0.6074 0.1788 0.7740
vn -0.4038 0.8342 0.3755
vn -0.3560 0.8793 0.3164
vn -0.3854 0.8444 0.3720
vn -0.7052 0.4930 0.5096
vn -0.8006 0.2605 0.5397
vn -0.8278 0.1495 0.5408
vn -0.1453 0.1788 -0.9731
vn -0.3143 0.1493 -0.9375
vn -0.4100 0.1292 -0.9029
vn -0.4521 0.1495 -0.8793
vn -0.4291 0.2605 -0.8649
vn -0.3610 0.4930 -0.7916
vn -0.1510 0.8444 -0.5139
vn -0.1530 0.8793 -0.4510
vn -0.1653 0.8342 -0.5260
vn 0.1335 0.6079 -0.7827
vn 0.1151 0.3986 -0.9099
vn 0.0895 0.2551 -0.9628
vn 0.7099 0.2287 -0.6661
vn 0.5267 0.2356 -0.8168
vn 0.3139 0.2287 -0.9215
vn 0.2697 0.9082 -0.3201
vn 0.1665 0.9516 -0.2582
vn 0.1803 0.9082 -0.3777
vn 0.6579 0.6079 -0.4446
vn 0.7813 0.3986 -0.4803
vn 0.8401 0.2551 -0.4788
vn 0.9916 0.1292 0.0009
vn 0.9837 0.1493 -0.1005
vn 0.9464 0.1788 -0.2692
vn 0.5474 0.8342 -0.0664
vn 0.4740 0.8793 -0.0467
vn 0.5305 0.8444 -0.0745
vn 0.8700 0.4930 0.0022
vn 0.9649 0.2605 0.0340
vn 0.9875 0.1495 0.0491
vn -0.4544 0.1788 0.8726
vn -0.2967 0.1493 0.9432
vn -0.1990 0.1292 0.9714
vn -0.1511 0.1495 0.9772
vn -0.1613 0.2605 0.9519
vn -0.1733 0.4930 0.8526
vn -0.1799 0.8444 0.5046
vn -0.1413 0.8793 0.4548
vn -0.1754 0.8342 0.5227
vn -0.5681 0.6079 0.5547
vn -0.6279 0.3986 0.6684
vn -0.6383 0.2551 0.7263
vn -0.9659 0.2287 0.1216
vn -0.9062 0.2356 0.3512
vn -0.7956 0.2287 0.5610
vn -0.4063 0.9082 0.1005
vn -0.2865 0.9516 0.1110
vn -0.3679 0.9082 0.1996
vn -0.7936 0.6079 -0.0270
vn -0.9144 0.3986 -0.0707
vn -0.9611 0.2551 -0.1064
vn -0.8017 0.1292 -0.5836
vn -0.8549 0.1493 -0.4969
vn -0.9238 0.1788 -0.3385
vn -0.4819 0.8342 -0.2680
vn -0.4109 0.8793 -0.2408
vn -0.4729 0.8444 -0.2516
vn -0.7026 0.4930 -0.5132
vn -0.7606 0.2605 -0.5946
vn -0.7701 0.1495 -0.6202
vn 0.2442 0.0147 0.9696
vn 0.2443 -0.0267 0.9693
vn 0.2447 -0.0695 0.9671
vn 0.2913 -0.1232 0.9487
vn 0.3819 -0.1421 0.9132
vn 0.5378 -0.1719 0.8254
vn 0.7243 -0.1261 0.6778
vn 0.7290 -0.0489 0.6827
vn 0.7295 0.0267 0.6834
vn 0.8548 -0.2222 0.4689
vn 0.9411 -0.2288 0.2489
vn 0.9749 -0.2222 0.0151
vn 0.9647 -0.1261 -0.2310
vn 0.9713 -0.0489 -0.2330
vn 0.9720 0.0267 -0.2333
vn 0.8755 -0.1719 -0.4515
vn 0.7835 -0.1421 -0.6050
vn 0.7223 -0.1232 -0.6805
vn 0.6908 -0.0695 -0.7197
vn 0.6916 -0.0267 -0.7218
vn 0.6917 0.0147 -0.7221
vn 0.7000 -0.1719 0.6932
vn 0.8175 -0.1421 0.5582
vn 0.8704 -0.1232 0.4767
vn 0.8979 -0.0695 0.4346
vn 0.9002 -0.0267 0.4347
vn 0.9005 0.0147 0.4347
vn 0.8781 0.0560 0.4751
vn 0.8267 0.0648 0.5589
vn 0.7087 0.0794 0.7010
vn 0.5223 0.0267 0.8524
vn 0.5217 -0.0489 0.8517
vn 0.5178 -0.1261 0.8461
vn -0.1818 -0.2222 0.9579
vn 0.0541 -0.2288 0.9720
vn 0.2869 -0.2222 0.9318
vn 0.2981 0.1034 0.9489
vn 0.0552 0.1067 0.9928
vn -0.1910 0.1034 0.9761
vn -0.4245 0.0267 0.9050
vn -0.4240 -0.0489 0.9043
vn -0.4208 -0.1261 0.8983
vn -0.8122 -0.1232 0.5702
vn -0.7505 -0.1421 0.6454
vn -0.6188 -0.1719 0.7665
vn -0.6266 0.0794 0.7753
vn -0.7596 0.0648 0.6471
vn -0.8200 0.0560 0.5696
vn -0.8467 0.0147 0.5319
vn -0.8464 -0.0267 0.5318
vn -0.8442 -0.0695 0.5315
vn 0.0512 0.0794 -0.9955
vn 0.2342 0.0648 -0.9700
vn 0.3286 0.0560 -0.9428
vn 0.3724 0.0147 -0.9280
vn 0.3722 -0.0267 -0.9278
vn 0.3705 -0.0695 -0.9262
vn 0.3219 -0.1232 -0.9387
vn 0.2278 -0.1421 -0.9633
vn 0.0501 -0.1719 -0.9838
vn -0.1876 -0.1261 -0.9741
vn -0.1885 -0.0489 -0.9809
vn -0.1885 0.0267 -0.9817
vn -0.7989 0.1034 -0.5925
vn -0.6282 0.1067 -0.7707
vn -0.4192 0.1034 -0.9020
vn -0.4160 -0.2222 -0.8818
vn -0.6150 -0.2288 -0.7546
vn -0.7798 -0.2222 -0.5852
vn -0.9163 -0.1261 -0.3802
vn -0.9227 -0.0489 -0.3824
vn -0.9235 0.0267 -0.3826
vn -0.9897 0.0560 0.1318
vn -0.9973 0.0648 0.0338
vn -0.9854 0.0794 -0.1506
vn -0.9737 -0.1719 -0.1493
vn -0.9894 -0.1421 0.0289
vn -0.9844 -0.1232 0.1260
vn -0.9819 -0.0695 0.1761
vn -0.9838 -0.0267 0.1774
vn -0.9840 0.0147 0.1776
vn -0.1589 -0.1719 -0.9722
vn -0.3333 -0.1421 -0.9321
vn -0.4240 -0.1232 -0.8972
vn -0.4709 -0.0695 -0.8794
vn -0.4727 -0.0267 -0.8808
vn -0.4730 0.0147 -0.8810
vn -0.4311 0.0560 -0.9005
vn -0.3403 0.0648 -0.9381
vn -0.1613 0.0794 -0.9837
vn 0.0785 0.0267 -0.9966
vn 0.0785 -0.0489 -0.9957
vn 0.0784 -0.1261 -0.9889
vn 0.7101 -0.2222 -0.6681
vn 0.5276 -0.2288 -0.8181
vn 0.3156 -0.2222 -0.9225
vn 0.3166 0.1034 -0.9429
vn 0.5389 0.1067 -0.8356
vn 0.7283 0.1034 -0.6774
vn 0.8754 0.0267 -0.4826
vn 0.8746 -0.0489 -0.4824
vn 0.8685 -0.1261 -0.4794
vn 0.9923 -0.1232 0.0161
vn 0.9865 -0.1421 -0.0810
vn 0.9512 -0.1719 -0.2564
vn 0.9626 0.0794 -0.2589
vn 0.9949 0.0648 -0.0770
vn 0.9982 0.0560 0.0212
vn 0.9976 0.0147 0.0674
vn 0.9974 -0.0267 0.0672
vn 0.9954 -0.0695 0.0662
vn -0.4429 -0.1719 0.8799
vn -0.2783 -0.1421 0.9499
vn -0.1843 -0.1232 0.9751
vn -0.1359 -0.0695 0.9883
vn -0.1353 -0.0267 0.9904
vn -0.1352 0.0147 0.9907
vn -0.1805 0.0560 0.9820
vn -0.2760 0.0648 0.9590
vn -0.4477 0.0794 0.8906
vn -0.6493 0.0267 0.7601
vn -0.6488 -0.0489 0.7594
vn -0.6447 -0.1261 0.7540
vn -0.9672 -0.2222 0.1231
vn -0.9077 -0.2288 0.3518
vn -0.7976 -0.2222 0.5608
vn -0.8104 0.1034 0.5767
vn -0.9271 0.1067 0.3593
vn -0.9874 0.1034 0.1200
vn -0.9919 0.0267 -0.1241
vn -0.9911 -0.0489 -0.1238
vn -0.9844 -0.1261 -0.1226
vn -0.7933 -0.1232 -0.5962
vn -0.8457 -0.1421 -0.5144
vn -0.9202 -0.1719 -0.3516
vn -0.9310 0.0794 -0.3563
vn -0.8502 0.0648 -0.5225
vn -0.7951 0.0560 -0.6039
vn -0.7675 0.0147 -0.6409
vn -0.7674 -0.0267 -0.6406
vn -0.7664 -0.0695 -0.6386
vn 0.5266 -0.7434 0.4124
vn 0.5152 -0.7846 0.3449
vn 0.5559 -0.7294 0.3987
vn 0.7960 -0.4236 0.4324
vn 0.8591 -0.2672 0.4365
vn 0.8839 -0.1704 0.4354
vn 0.4895 -0.2937 0.8211
vn 0.4400 -0.4210 0.7932
vn 0.3706 -0.5654 0.7368
vn 0.0735 -0.8427 0.5334
vn 0.0235 -0.9061 0.4225
vn -0.0140 -0.8427 0.5383
vn -0.3954 -0.2937 0.8703
vn -0.3493 -0.4210 0.8371
vn -0.2866 -0.5654 0.7734
vn -0.5082 -0.7294 0.4579
vn -0.4737 -0.7846 0.3999
vn -0.4776 -0.7434 0.4682
vn -0.8302 -0.1704 0.5308
vn -0.8054 -0.2672 0.5290
vn -0.7431 -0.4236 0.5180
vn 0.3597 -0.1704 -0.9174
vn 0.3406 -0.2672 -0.9014
vn 0.2967 -0.4236 -0.8559
vn 0.1420 -0.7294 -0.6692
vn 0.1482 -0.7846 -0.6020
vn 0.1112 -0.7434 -0.6595
vn -0.2227 -0.5654 -0.7942
vn -0.2094 -0.4210 -0.8825
vn -0.1917 -0.2937 -0.9365
vn -0.3730 -0.8427 -0.3883
vn -0.2674 -0.9061 -0.3280
vn -0.3051 -0.8427 -0.4437
vn -0.7330 -0.5654 -0.3782
vn -0.8222 -0.4210 -0.3831
vn -0.8786 -0.2937 -0.3765
vn -0.6684 -0.7434 -0.0241
vn -0.6195 -0.7846 0.0238
vn -0.6841 -0.7294 0.0042
vn -0.8981 -0.4236 0.1181
vn -0.9516 -0.2672 0.1519
vn -0.9711 -0.1704 0.1673
vn -0.1836 -0.7434 -0.6431
vn -0.2141 -0.7846 -0.5818
vn -0.2154 -0.7294 -0.6493
vn -0.3898 -0.4236 -0.8177
vn -0.4385 -0.2672 -0.8581
vn -0.4592 -0.1704 -0.8718
vn 0.0866 -0.2937 -0.9520
vn 0.1103 -0.4210 -0.9003
vn 0.1333 -0.5654 -0.8140
vn 0.2540 -0.8427 -0.4748
vn 0.2293 -0.9061 -0.3556
vn 0.3277 -0.8427 -0.4272
vn 0.8314 -0.2937 -0.4717
vn 0.7746 -0.4210 -0.4719
vn 0.6865 -0.5654 -0.4572
vn 0.6803 -0.7294 -0.0717
vn 0.6183 -0.7846 -0.0451
vn 0.6616 -0.7434 -0.0980
vn 0.9836 -0.1704 0.0586
vn 0.9626 -0.2672 0.0454
vn 0.9057 -0.4236 0.0177
vn -0.2294 -0.7434 0.6282
vn -0.1688 -0.7846 0.5965
vn -0.2074 -0.7294 0.6519
vn -0.1653 -0.4236 0.8906
vn -0.1496 -0.2672 0.9520
vn -0.1410 -0.1704 0.9752
vn -0.6296 -0.2937 0.7193
vn -0.6184 -0.4210 0.6636
vn -0.5862 -0.5654 0.5802
vn -0.4845 -0.8427 0.2348
vn -0.3946 -0.9061 0.1529
vn -0.5162 -0.8427 0.1531
vn -0.9499 -0.2937 -0.1071
vn -0.9041 -0.4210 -0.0736
vn -0.8241 -0.5654 -0.0336
vn -0.5926 -0.7294 -0.3419
vn -0.5267 -0.7846 -0.3270
vn -0.5929 -0.7434 -0.3096
vn -0.7613 -0.1704 -0.6256
vn -0.7520 -0.2672 -0.6025
vn -0.7223 -0.4236 -0.5467
vn 0.5549 -0.7434 -0.3734
vn 0.4872 -0.7846 -0.3834
vn 0.5510 -0.7294 -0.4055
vn 0.6572 -0.4236 -0.6234
vn 0.6806 -0.2672 -0.6822
vn 0.6873 -0.1704 -0.7061
vn 0.9321 -0.2937 -0.2118
vn 0.8903 -0.4210 -0.1734
vn 0.8153 -0.5654 -0.1248
vn 0.5300 -0.8427 0.0949
vn 0.4091 -0.9061 0.1082
vn 0.5076 -0.8427 0.1796
vn 0.7055 -0.2937 0.6450
vn 0.6882 -0.4210 0.5909
vn 0.6470 -0.5654 0.5116
vn 0.2785 -0.7294 0.6249
vn 0.2339 -0.7846 0.5741
vn 0.2977 -0.7434 0.5989
vn 0.2482 -0.1704 0.9536
vn 0.2543 -0.2672 0.9295
vn 0.2630 -0.4236 0.8668
vn -0.9814 0.0801 0.1747
vn -0.9802 0.0986 0.1719
vn -0.9796 0.1097 0.1686
vn -0.9049 0.1960 -0.3778
vn -0.9087 0.1772 -0.3780
vn -0.9139 0.1449 -0.3792
vn -0.1875 0.1960 -0.9625
vn -0.1870 0.1772 -0.9662
vn -0.1871 0.1449 -0.9716
vn 0.3626 0.1097 -0.9254
vn 0.3661 0.0986 -0.9254
vn 0.3690 0.0801 -0.9260
vn 0.2323 0.8342 0.5001
vn 0.1909 0.8793 0.4364
vn 0.2347 0.8444 0.4815
vn 0.2668 0.4930 0.8281
vn 0.2658 0.2605 0.9282
vn 0.2585 0.1495 0.9544
vn 0.7150 0.2551 0.6510
vn 0.6982 0.3986 0.5947
vn 0.6261 0.6079 0.4883
vn 0.3878 0.9082 0.1576
vn 0.2971 0.9516 0.0786
vn 0.4150 0.9082 0.0548
vn 0.9433 0.2551 -0.2124
vn 0.9009 0.3986 -0.1717
vn 0.7857 0.6079 -0.1149
vn 0.4421 0.8444 -0.3024
vn 0.3817 0.8793 -0.2849
vn 0.4492 0.8342 -0.3198
vn 0.6966 0.1495 -0.7017
vn 0.6900 0.2605 -0.6753
vn 0.6413 0.4930 -0.5879
vn 0.8966 0.0801 0.4355
vn 0.8940 0.0986 0.4370
vn 0.8916 0.1097 0.4394
vn 0.5101 0.1960 0.8375
vn 0.5129 0.1772 0.8399
vn 0.5165 0.1449 0.8440
vn -0.4140 0.1960 0.8889
vn -0.4166 0.1772 0.8916
vn -0.4197 0.1449 0.8960
vn -0.8373 0.1097 0.5355
vn -0.8401 0.0986 0.5335
vn -0.8428 0.0801 0.5322
vn -0.4694 0.0801 -0.8793
vn -0.4664 0.0986 -0.8791
vn -0.4630 0.1097 -0.8795
vn 0.0796 0.1960 -0.9774
vn 0.0787 0.1772 -0.9810
vn 0.0782 0.1449 -0.9864
vn 0.8575 0.1960 -0.4758
vn 0.8611 0.1772 -0.4765
vn 0.8662 0.1449 -0.4782
vn 0.9922 0.1097 0.0589
vn 0.9932 0.0986 0.0622
vn 0.9947 0.0801 0.0648
vn -0.1371 0.0801 0.9873
vn -0.1394 0.0986 0.9853
vn -0.1424 0.1097 0.9837
vn -0.6389 0.1960 0.7439
vn -0.6403 0.1772 0.7474
vn -0.6431 0.1449 0.7520
vn -0.9734 0.1960 -0.1191
vn -0.9767 0.1772 -0.1207
vn -0.9819 0.1449 -0.1222
vn -0.7681 0.1097 -0.6309
vn -0.7669 0.0986 -0.6341
vn -0.7666 0.0801 -0.6371
vn -0.3143 0.1187 -0.9419
vn -0.4179 0.1147 -0.9012
vn -0.4683 0.1118 -0.8764
vn -0.4882 0.1033 -0.8666
vn -0.4898 0.0932 -0.8669
vn -0.4913 0.0759 -0.8677
vn -0.4774 0.0496 -0.8773
vn -0.4356 0.0506 -0.8987
vn -0.3350 0.0526 -0.9407
vn -0.2084 0.0834 -0.9745
vn -0.2067 0.1023 -0.9730
vn -0.2050 0.1133 -0.9722
vn 0.0171 0.1225 -0.9923
vn -0.0551 0.1230 -0.9909
vn -0.1271 0.1225 -0.9843
vn -0.1221 0.0546 -0.9910
vn -0.0555 0.0547 -0.9970
vn 0.0115 0.0546 -0.9984
vn 0.0991 0.0834 -0.9916
vn 0.0975 0.1023 -0.9900
vn 0.0959 0.1133 -0.9889
vn 0.3683 0.1118 -0.9230
vn 0.3154 0.1147 -0.9420
vn 0.2079 0.1187 -0.9709
vn 0.2286 0.0526 -0.9721
vn 0.3333 0.0506 -0.9415
vn 0.3772 0.0496 -0.9248
vn 0.3921 0.0759 -0.9168
vn 0.3906 0.0932 -0.9158
vn 0.3891 0.1033 -0.9154
vn 0.9876 0.1187 -0.1023
vn 0.9934 0.1147 0.0089
vn 0.9916 0.1118 0.0650
vn 0.9866 0.1392 0.0852
vn 0.9675 0.2389 0.0834
vn 0.8911 0.4485 0.0689
vn 0.6616 0.7397 0.1233
vn 0.5179 0.8544 -0.0411
vn 0.5481 0.8067 -0.2210
vn 0.8801 0.4229 -0.2158
vn 0.9425 0.2546 -0.2163
vn 0.9646 0.1532 -0.2148
vn 0.8969 0.1225 -0.4250
vn 0.9253 0.1230 -0.3586
vn 0.9490 0.1225 -0.2903
vn 0.6416 0.7641 0.0672
vn 0.4379 0.8829 -0.1697
vn 0.4288 0.7641 -0.4820
vn 0.7957 0.4229 -0.4337
vn 0.8421 0.2546 -0.4754
vn 0.8574 0.1532 -0.4913
vn 0.6888 0.1118 -0.7163
vn 0.7280 0.1147 -0.6760
vn 0.7987 0.1187 -0.5900
vn 0.5539 0.8067 -0.2060
vn 0.4103 0.8544 -0.3187
vn 0.4058 0.7397 -0.5369
vn 0.6120 0.4485 -0.6514
vn 0.6586 0.2389 -0.7136
vn 0.6715 0.1392 -0.7278
vn -0.2994 0.1187 0.9467
vn -0.1916 0.1147 0.9747
vn -0.1363 0.1118 0.9843
vn -0.1144 0.1033 0.9880
vn -0.1133 0.0932 0.9892
vn -0.1125 0.0759 0.9907
vn -0.1294 0.0496 0.9904
vn -0.1758 0.0506 0.9831
vn -0.2819 0.0526 0.9580
vn -0.4042 0.0834 0.9109
vn -0.4047 0.1023 0.9087
vn -0.4056 0.1133 0.9070
vn -0.5971 0.1225 0.7927
vn -0.5378 0.1230 0.8340
vn -0.4758 0.1225 0.8710
vn -0.4837 0.0546 0.8735
vn -0.5411 0.0547 0.8392
vn -0.5961 0.0546 0.8010
vn -0.6630 0.0834 0.7440
vn -0.6608 0.1023 0.7436
vn -0.6588 0.1133 0.7437
vn -0.8404 0.1118 0.5303
vn -0.8089 0.1147 0.5767
vn -0.7389 0.1187 0.6633
vn -0.7564 0.0526 0.6520
vn -0.8230 0.0506 0.5658
vn -0.8487 0.0496 0.5265
vn -0.8561 0.0759 0.5112
vn -0.8543 0.0932 0.5113
vn -0.8528 0.1033 0.5119
vn -0.8592 0.1187 -0.4977
vn -0.7984 0.1147 -0.5911
vn -0.7640 0.1118 -0.6354
vn -0.7481 0.1392 -0.6488
vn -0.7336 0.2389 -0.6362
vn -0.6805 0.4485 -0.5795
vn -0.4628 0.7397 -0.4886
vn -0.4431 0.8544 -0.2712
vn -0.5733 0.8067 -0.1433
vn -0.8389 0.4229 -0.3428
vn -0.8897 0.2546 -0.3790
vn -0.9066 0.1532 -0.3932
vn -0.9754 0.1225 -0.1833
vn -0.9594 0.1230 -0.2538
vn -0.9385 0.1225 -0.3229
vn -0.4796 0.7641 -0.4315
vn -0.4540 0.8829 -0.1201
vn -0.6302 0.7641 0.1379
vn -0.8986 0.4229 -0.1168
vn -0.9607 0.2546 -0.1104
vn -0.9824 0.1532 -0.1065
vn -0.9783 0.1118 0.1746
vn -0.9863 0.1147 0.1190
vn -0.9929 0.1187 0.0078
vn -0.5692 0.8067 -0.1589
vn -0.5193 0.8544 0.0166
vn -0.6438 0.7397 0.1959
vn -0.8780 0.4485 0.1673
vn -0.9522 0.2389 0.1902
vn -0.9711 0.1392 0.1941
vn 0.4025 0.1187 0.9077
vn 0.2985 0.1147 0.9475
vn 0.2446 0.1118 0.9632
vn 0.2238 0.1392 0.9646
vn 0.2196 0.2389 0.9459
vn 0.2099 0.4485 0.8688
vn 0.0872 0.7397 0.6673
vn 0.1991 0.8544 0.4799
vn 0.3796 0.8067 0.4529
vn 0.4772 0.4229 0.7704
vn 0.4970 0.2546 0.8296
vn 0.5024 0.1532 0.8510
vn 0.6814 0.1225 0.7216
vn 0.6270 0.1230 0.7692
vn 0.5694 0.1225 0.8129
vn 0.1344 0.7641 0.6309
vn 0.2967 0.8829 0.3640
vn 0.5909 0.7641 0.2588
vn 0.6583 0.4229 0.6227
vn 0.7123 0.2546 0.6540
vn 0.7322 0.1532 0.6637
vn 0.8941 0.1118 0.4338
vn 0.8678 0.1147 0.4834
vn 0.8079 0.1187 0.5773
vn 0.3671 0.8067 0.4631
vn 0.4299 0.8544 0.2918
vn 0.6360 0.7397 0.2200
vn 0.8086 0.4485 0.3808
vn 0.8822 0.2389 0.4058
vn 0.8997 0.1392 0.4138
vn 0.9893 -0.1151 -0.0900
vn 0.9936 -0.1110 0.0222
vn 0.9915 -0.1083 0.0723
vn 0.9937 -0.0660 0.0902
vn 0.9956 -0.0254 0.0907
vn 0.9958 0.0140 0.0908
vn 0.9961 0.0496 0.0730
vn 0.9984 0.0506 0.0260
vn 0.9952 0.0526 -0.0829
vn 0.9773 0.0154 -0.2114
vn 0.9770 -0.0280 -0.2114
vn 0.9747 -0.0726 -0.2115
vn 0.8969 -0.1192 -0.4259
vn 0.9257 -0.1198 -0.3588
vn 0.9497 -0.1192 -0.2898
vn 0.9531 0.0546 -0.2976
vn 0.9310 0.0547 -0.3608
vn 0.9048 0.0546 -0.4224
vn 0.8645 0.0154 -0.5024
vn 0.8643 -0.0280 -0.5022
vn 0.8627 -0.0726 -0.5006
vn 0.6838 -0.1083 -0.7216
vn 0.7191 -0.1110 -0.6860
vn 0.7915 -0.1151 -0.6002
vn 0.7912 0.0526 -0.6093
vn 0.7201 0.0506 -0.6920
vn 0.6868 0.0496 -0.7252
vn 0.6745 0.0140 -0.7381
vn 0.6744 -0.0254 -0.7379
vn 0.6734 -0.0660 -0.7363
vn -0.1119 0.0140 0.9936
vn -0.1119 -0.0254 0.9934
vn -0.1120 -0.0660 0.9915
vn -0.1291 -0.1083 0.9857
vn -0.1786 -0.1110 0.9776
vn -0.2876 -0.1151 0.9508
vn -0.4037 -0.0726 0.9120
vn -0.4041 -0.0280 0.9143
vn -0.4041 0.0154 0.9146
vn -0.4753 -0.1192 0.8717
vn -0.5380 -0.1198 0.8344
vn -0.5980 -0.1192 0.7926
vn -0.6642 -0.0726 0.7440
vn -0.6661 -0.0280 0.7453
vn -0.6664 0.0154 0.7455
vn -0.7475 -0.1151 0.6543
vn -0.8169 -0.1110 0.5660
vn -0.8446 -0.1083 0.5243
vn -0.8570 -0.0660 0.5111
vn -0.8587 -0.0254 0.5118
vn -0.8590 0.0140 0.5119
vn -0.8532 -0.1151 -0.5087
vn -0.7908 -0.1110 -0.6020
vn -0.7596 -0.1083 -0.6413
vn -0.7509 -0.0660 -0.6571
vn -0.7521 -0.0254 -0.6586
vn -0.7522 0.0140 -0.6587
vn -0.7630 0.0496 -0.6445
vn -0.7924 0.0506 -0.6079
vn -0.8539 0.0526 -0.5178
vn -0.9149 0.0154 -0.4034
vn -0.9147 -0.0280 -0.4032
vn -0.9128 -0.0726 -0.4018
vn -0.9759 -0.1192 -0.1826
vn -0.9598 -0.1198 -0.2539
vn -0.9386 -0.1192 -0.3238
vn -0.9460 0.0546 -0.3194
vn -0.9653 0.0547 -0.2553
vn -0.9802 0.0546 -0.1901
vn -0.9947 0.0154 -0.1017
vn -0.9944 -0.0280 -0.1018
vn -0.9921 -0.0726 -0.1021
vn -0.9773 -0.1083 0.1818
vn -0.9850 -0.1110 0.1323
vn -0.9931 -0.1151 0.0203
vn -0.9982 0.0526 0.0279
vn -0.9893 0.0506 0.1366
vn -0.9819 0.0496 0.1830
vn -0.9796 0.0140 0.2007
vn -0.9793 -0.0254 0.2006
vn -0.9776 -0.0660 0.1999
vn 0.3913 -0.1151 0.9130
vn 0.2859 -0.1110 0.9518
vn 0.2376 -0.1083 0.9653
vn 0.2213 -0.0660 0.9730
vn 0.2213 -0.0254 0.9749
vn 0.2214 0.0140 0.9751
vn 0.2384 0.0496 0.9699
vn 0.2838 0.0506 0.9576
vn 0.3864 0.0526 0.9208
vn 0.5031 0.0154 0.8641
vn 0.5030 -0.0280 0.8638
vn 0.5023 -0.0726 0.8616
vn 0.6822 -0.1192 0.7214
vn 0.6273 -0.1198 0.7695
vn 0.5690 -0.1192 0.8136
vn 0.5776 0.0546 0.8145
vn 0.6309 0.0547 0.7740
vn 0.6813 0.0546 0.7300
vn 0.7449 0.0154 0.6670
vn 0.7447 -0.0280 0.6668
vn 0.7426 -0.0726 0.6658
vn 0.8976 -0.1083 0.4274
vn 0.8746 -0.1110 0.4719
vn 0.8154 -0.1151 0.5673
vn 0.8240 0.0526 0.5641
vn 0.8807 0.0506 0.4710
vn 0.9019 0.0496 0.4291
vn 0.9104 0.0140 0.4134
vn 0.9102 -0.0254 0.4134
vn 0.9084 -0.0660 0.4129
vn 0.2201 -0.1151 -0.9686
vn 0.3282 -0.1110 -0.9381
vn 0.3752 -0.1083 -0.9206
vn 0.3929 -0.0660 -0.9172
vn 0.3939 -0.0254 -0.9188
vn 0.3941 0.0140 -0.9190
vn 0.1009 0.0154 -0.9948
vn 0.1008 -0.0280 -0.9945
vn 0.1001 -0.0726 -0.9923
vn -0.1279 -0.1192 -0.9846
vn -0.0551 -0.1198 -0.9913
vn 0.0179 -0.1192 -0.9927
vn -0.2106 0.0154 -0.9774
vn -0.2105 -0.0280 -0.9772
vn -0.2095 -0.0726 -0.9751
vn -0.4749 -0.1083 -0.8733
vn -0.4302 -0.1110 -0.8959
vn -0.3262 -0.1151 -0.9383
vn -0.4935 0.0140 -0.8696
vn -0.4934 -0.0254 -0.8694
vn -0.4922 -0.0660 -0.8680
vn -0.1115 -0.1604 0.9807
vn -0.1092 -0.2479 0.9626
vn -0.1086 -0.3862 0.9160
vn -0.0265 -0.6143 0.7887
vn -0.1818 -0.7468 0.6397
vn -0.3736 -0.6826 0.6281
vn -0.3878 -0.3711 0.8437
vn -0.3951 -0.2616 0.8806
vn -0.3990 -0.1760 0.8999
vn -0.0949 -0.6394 0.7630
vn -0.3369 -0.7833 0.5224
vn -0.6559 -0.6394 0.4012
vn -0.6086 -0.3711 0.7014
vn -0.6392 -0.2616 0.7232
vn -0.6551 -0.1760 0.7347
vn -0.4180 -0.6826 0.5994
vn -0.5077 -0.7468 0.4296
vn -0.7074 -0.6143 0.3496
vn -0.7896 -0.3862 0.4769
vn -0.8318 -0.2479 0.4966
vn -0.8474 -0.1604 0.5062
vn -0.6993 -0.6826 -0.2124
vn -0.5654 -0.7468 -0.3501
vn -0.5511 -0.6143 -0.5648
vn -0.6975 -0.3862 -0.6036
vn -0.7294 -0.2479 -0.6376
vn -0.7432 -0.1604 -0.6495
vn -0.9012 -0.1760 -0.3960
vn -0.8853 -0.2616 -0.3844
vn -0.8551 -0.3711 -0.3621
vn -0.7549 -0.6394 0.1455
vn -0.6009 -0.7833 -0.1590
vn -0.5842 -0.6394 -0.4998
vn -0.9792 -0.1760 -0.1014
vn -0.9596 -0.2616 -0.1036
vn -0.9223 -0.3711 -0.1081
vn -0.7583 -0.6143 0.2185
vn -0.6646 -0.7468 0.0247
vn -0.7128 -0.6826 -0.1612
vn -0.9672 -0.1604 0.1971
vn -0.9492 -0.2479 0.1936
vn -0.9047 -0.3862 0.1798
vn 0.6666 -0.1604 -0.7279
vn 0.6541 -0.2479 -0.7146
vn 0.6263 -0.3862 -0.6772
vn 0.4850 -0.6143 -0.6224
vn 0.5231 -0.7468 -0.4106
vn 0.6714 -0.6826 -0.2886
vn 0.8097 -0.3711 -0.4547
vn 0.8372 -0.2616 -0.4802
vn 0.8517 -0.1760 -0.4935
vn 0.5252 -0.6394 -0.5615
vn 0.5796 -0.7833 -0.2246
vn 0.7664 -0.6394 0.0609
vn 0.9046 -0.3711 -0.2097
vn 0.9422 -0.2616 -0.2094
vn 0.9619 -0.1760 -0.2093
vn 0.6905 -0.6826 -0.2392
vn 0.6632 -0.7468 -0.0491
vn 0.7778 -0.6143 0.1330
vn 0.9191 -0.3862 0.0783
vn 0.9649 -0.2479 0.0871
vn 0.9831 -0.1604 0.0886
vn 0.4409 -0.6826 0.5828
vn 0.2517 -0.7468 0.6156
vn 0.1138 -0.6143 0.7808
vn 0.2095 -0.3862 0.8983
vn 0.2153 -0.2479 0.9446
vn 0.2195 -0.1604 0.9623
vn 0.4963 -0.1760 0.8501
vn 0.4903 -0.2616 0.8314
vn 0.4790 -0.3711 0.7955
vn 0.6963 -0.6395 0.3260
vn 0.3927 -0.7833 0.4818
vn 0.1789 -0.6394 0.7477
vn 0.7326 -0.1760 0.6576
vn 0.7154 -0.2616 0.6479
vn 0.6826 -0.3711 0.6296
vn 0.7418 -0.6143 0.2689
vn 0.5522 -0.7468 0.3706
vn 0.4819 -0.6826 0.5494
vn 0.8983 -0.1604 0.4091
vn 0.8817 -0.2479 0.4013
vn 0.8376 -0.3862 0.3863
vn -0.0141 -0.6826 -0.7307
vn 0.1582 -0.7468 -0.6459
vn 0.3669 -0.6143 -0.6986
vn 0.3585 -0.3862 -0.8499
vn 0.3810 -0.2479 -0.8907
vn 0.3880 -0.1604 -0.9076
vn 0.0981 -0.1760 -0.9795
vn 0.0920 -0.2616 -0.9608
vn 0.0801 -0.3711 -0.9251
vn -0.3717 -0.6394 -0.6730
vn -0.0345 -0.7833 -0.6206
vn 0.2948 -0.6394 -0.7101
vn -0.2062 -0.1760 -0.9626
vn -0.1980 -0.2616 -0.9447
vn -0.1822 -0.3711 -0.9105
vn -0.4421 -0.6143 -0.6536
vn -0.2289 -0.7468 -0.6244
vn -0.0670 -0.6826 -0.7277
vn -0.4863 -0.1604 -0.8589
vn -0.4775 -0.2479 -0.8429
vn -0.4505 -0.3862 -0.8049
vn -0.0248 0.8067 -0.5905
vn -0.1763 0.8544 -0.4887
vn -0.3852 0.7397 -0.5518
vn -0.4304 0.4485 -0.7833
vn -0.4752 0.2389 -0.8468
vn -0.4847 0.1392 -0.8636
vn -0.2023 0.1532 -0.9673
vn -0.1919 0.2546 -0.9478
vn -0.1666 0.4229 -0.8907
vn 0.2621 0.7641 -0.5894
vn -0.0261 0.8829 -0.4689
vn -0.3259 0.7641 -0.5567
vn 0.0938 0.1532 -0.9837
vn 0.0856 0.2546 -0.9632
vn 0.0668 0.4229 -0.9037
vn 0.3217 0.7397 -0.5911
vn 0.1210 0.8544 -0.5053
vn -0.0409 0.8067 -0.5896
vn 0.3859 0.1392 -0.9120
vn 0.3783 0.2389 -0.8943
vn 0.3409 0.4485 -0.8262
vn 0.9931 0.0759 0.0896
vn 0.9917 0.0932 0.0885
vn 0.9908 0.1033 0.0871
vn 0.9701 0.1133 -0.2144
vn 0.9716 0.1023 -0.2132
vn 0.9737 0.0834 -0.2122
vn 0.8613 0.1133 -0.4953
vn 0.8615 0.1023 -0.4973
vn 0.8624 0.0834 -0.4994
vn 0.6733 0.1033 -0.7321
vn 0.6731 0.0932 -0.7337
vn 0.6734 0.0759 -0.7354
vn -0.3270 0.8067 0.4922
vn -0.1446 0.8544 0.4990
vn -0.0127 0.7397 0.6729
vn -0.1122 0.4485 0.8867
vn -0.1133 0.2389 0.9644
vn -0.1155 0.1392 0.9835
vn -0.4049 0.1532 0.9014
vn -0.4019 0.2546 0.8796
vn -0.3888 0.4229 0.8185
vn -0.5585 0.7641 0.3228
vn -0.2545 0.8829 0.3947
vn -0.0636 0.7641 0.6419
vn -0.6541 0.1532 0.7408
vn -0.6354 0.2546 0.7290
vn -0.5852 0.4229 0.6919
vn -0.6077 0.7397 0.2892
vn -0.3949 0.8544 0.3376
vn -0.3135 0.8067 0.5010
vn -0.8483 0.1392 0.5110
vn -0.8317 0.2389 0.5011
vn -0.7614 0.4485 0.4681
vn -0.7508 0.0759 -0.6562
vn -0.7503 0.0932 -0.6545
vn -0.7504 0.1033 -0.6529
vn -0.9109 0.1133 -0.3968
vn -0.9114 0.1023 -0.3987
vn -0.9124 0.0834 -0.4006
vn -0.9879 0.1133 -0.1055
vn -0.9893 0.1023 -0.1041
vn -0.9912 0.0834 -0.1029
vn -0.9751 0.1033 0.1965
vn -0.9758 0.0932 0.1979
vn -0.9770 0.0759 0.1992
vn 0.2217 0.0759 0.9722
vn 0.2223 0.0932 0.9705
vn 0.2233 0.1033 0.9693
vn 0.5037 0.1133 0.8564
vn 0.5030 0.1023 0.8582
vn 0.5027 0.0834 0.8604
vn 0.7372 0.1133 0.6661
vn 0.7392 0.1023 0.6657
vn 0.7414 0.0834 0.6659
vn 0.9043 0.1033 0.4142
vn 0.9058 0.0932 0.4134
vn 0.9075 0.0759 0.4131
vn 0.5160 0.8022 0.3005
vn 0.5319 0.8074 0.2554
vn 0.6141 0.7474 0.2537
vn 0.9007 0.1129 0.4195
vn 0.9049 0.1112 0.4109
vn 0.9056 0.1105 0.4096
vn 0.1903 0.8022 0.5659
vn 0.1429 0.8074 0.5724
vn 0.1246 0.7474 0.6526
vn 0.4310 0.7474 -0.5056
vn 0.4073 0.8074 -0.4269
vn 0.4452 0.8022 -0.3978
vn 0.5970 0.8022 -0.0061
vn 0.5886 0.8074 0.0410
vn 0.6592 0.7474 0.0831
vn -0.3477 0.7474 -0.5662
vn -0.2802 0.8074 -0.5193
vn -0.2408 0.8022 -0.5464
vn 0.1787 0.8022 -0.5697
vn 0.2208 0.8074 -0.5471
vn 0.2827 0.7474 -0.6012
vn -0.6459 0.7474 0.1557
vn -0.5804 0.8074 0.1060
vn -0.5940 0.8022 0.0602
vn -0.4866 0.8022 -0.3460
vn -0.4521 0.8074 -0.3791
vn -0.4844 0.7474 -0.4547
vn -0.0515 0.7474 0.6624
vn -0.0786 0.8074 0.5848
vn -0.1263 0.8022 0.5836
vn -0.4794 0.8022 0.3558
vn -0.5003 0.8074 0.3128
vn -0.5821 0.7474 0.3202
vn 0.2185 0.1105 0.9696
vn 0.2200 0.1112 0.9691
vn 0.2293 0.1129 0.9668
vn 0.9896 0.1105 0.0918
vn 0.9897 0.1112 0.0903
vn 0.9903 0.1129 0.0807
vn 0.6773 0.1129 -0.7270
vn 0.6704 0.1112 -0.7336
vn 0.6693 0.1105 -0.7347
vn -0.4821 0.1129 -0.8688
vn -0.4906 0.1112 -0.8643
vn -0.4919 0.1105 -0.8636
vn 0.3931 0.1105 -0.9128
vn 0.3917 0.1112 -0.9134
vn 0.3828 0.1129 -0.9169
vn -0.9753 0.1129 0.1900
vn -0.9736 0.1112 0.1995
vn -0.9733 0.1105 0.2009
vn -0.7467 0.1105 -0.6559
vn -0.7476 0.1112 -0.6548
vn -0.7537 0.1129 -0.6474
vn -0.1206 0.1129 0.9863
vn -0.1111 0.1112 0.9876
vn -0.1097 0.1105 0.9878
vn -0.8546 0.1105 0.5075
vn -0.8537 0.1112 0.5087
vn -0.8486 0.1129 0.5168
vn 0.9114 0.0490 0.4086
vn 0.9107 0.0493 0.4101
vn 0.9075 0.0499 0.4171
vn 0.9030 -0.1092 0.4156
vn 0.9063 -0.1079 0.4087
vn 0.9068 -0.1073 0.4076
vn 0.2164 0.0490 0.9751
vn 0.2180 0.0493 0.9747
vn 0.2255 0.0499 0.9730
vn 0.2164 -0.1073 0.9704
vn 0.2175 -0.1079 0.9701
vn 0.2249 -0.1092 0.9682
vn 0.6702 0.0490 -0.7406
vn 0.6714 0.0493 -0.7394
vn 0.6771 0.0499 -0.7342
vn 0.6743 -0.1092 -0.7304
vn 0.6687 -0.1079 -0.7357
vn 0.6679 -0.1073 -0.7365
vn 0.9942 0.0490 0.0955
vn 0.9944 0.0493 0.0939
vn 0.9950 0.0499 0.0862
vn 0.9898 -0.1073 0.0940
vn 0.9898 -0.1079 0.0929
vn 0.9904 -0.1092 0.0853
vn -0.4890 0.0499 -0.8708
vn -0.4958 0.0493 -0.8671
vn -0.4972 0.0490 -0.8662
vn 0.3894 0.0499 -0.9197
vn 0.3966 0.0493 -0.9167
vn 0.3981 0.0490 -0.9160
vn 0.3953 -0.1073 -0.9123
vn 0.3942 -0.1079 -0.9127
vn 0.3871 -0.1092 -0.9155
vn -0.4863 -0.1092 -0.8670
vn -0.4930 -0.1079 -0.8633
vn -0.4940 -0.1073 -0.8628
vn -0.9775 0.0490 0.2052
vn -0.9778 0.0493 0.2036
vn -0.9793 0.0499 0.1960
vn -0.9748 -0.1092 0.1946
vn -0.9734 -0.1079 0.2021
vn -0.9732 -0.1073 0.2032
vn -0.7482 0.0490 -0.6617
vn -0.7493 0.0493 -0.6604
vn -0.7543 0.0499 -0.6546
vn -0.7455 -0.1073 -0.6578
vn -0.7462 -0.1079 -0.6570
vn -0.7511 -0.1092 -0.6511
vn -0.1162 0.0499 0.9920
vn -0.1086 0.0493 0.9929
vn -0.1069 0.0490 0.9931
vn -0.8556 0.0499 0.5151
vn -0.8596 0.0493 0.5085
vn -0.8605 0.0490 0.5071
vn -0.8560 -0.1073 0.5057
vn -0.8554 -0.1079 0.5066
vn -0.8513 -0.1092 0.5131
vn -0.1162 -0.1092 0.9872
vn -0.1086 -0.1079 0.9882
vn -0.1075 -0.1073 0.9884
vn 0.2166 -0.6774 0.7030
vn 0.1695 -0.6882 0.7055
vn 0.1529 -0.6239 0.7664
vn 0.7199 -0.6239 0.3043
vn 0.6568 -0.6882 0.3083
vn 0.6449 -0.6774 0.3539
vn 0.7355 -0.6774 0.0113
vn 0.7233 -0.6882 0.0568
vn 0.7762 -0.6239 0.0914
vn 0.5118 -0.6239 -0.5906
vn 0.4962 -0.6882 -0.5294
vn 0.5358 -0.6774 -0.5040
vn 0.2380 -0.6774 -0.6960
vn 0.2775 -0.6882 -0.6704
vn 0.3268 -0.6239 -0.7099
vn -0.4035 -0.6239 -0.6693
vn -0.3501 -0.6882 -0.6355
vn -0.3137 -0.6774 -0.6653
vn -0.7612 -0.6239 0.1769
vn -0.7126 -0.6882 0.1366
vn -0.7297 -0.6774 0.0928
vn -0.5884 -0.6774 -0.4414
vn -0.5518 -0.6882 -0.4711
vn -0.5742 -0.6239 -0.5302
vn -0.0669 -0.6239 0.7786
vn -0.0903 -0.6882 0.7199
vn -0.1373 -0.6774 0.7227
vn -0.6017 -0.6774 0.4232
vn -0.6185 -0.6882 0.3792
vn -0.6817 -0.6239 0.3822
vn 0.9125 0.0139 0.4089
vn 0.9118 0.0140 0.4103
vn 0.9087 0.0142 0.4172
vn 0.9123 -0.0253 0.4088
vn 0.9116 -0.0255 0.4103
vn 0.9085 -0.0258 0.4172
vn 0.9105 -0.0658 0.4082
vn 0.9098 -0.0661 0.4097
vn 0.9065 -0.0671 0.4168
vn 0.6687 0.1030 -0.7363
vn 0.6702 0.1036 -0.7349
vn 0.6770 0.1053 -0.7285
vn 0.6688 0.0930 -0.7376
vn 0.6702 0.0934 -0.7363
vn 0.6764 0.0948 -0.7304
vn 0.6694 0.0758 -0.7391
vn 0.6706 0.0761 -0.7379
vn 0.6765 0.0772 -0.7324
vn -0.9738 0.1030 0.2026
vn -0.9742 0.1036 0.2007
vn -0.9758 0.1053 0.1914
vn -0.9746 0.0930 0.2036
vn -0.9750 0.0934 0.2018
vn -0.9766 0.0948 0.1933
vn -0.9759 0.0758 0.2045
vn -0.9763 0.0761 0.2028
vn -0.9778 0.0772 0.1948
vn 0.2254 0.0142 0.9742
vn 0.2180 0.0140 0.9758
vn 0.2165 0.0139 0.9762
vn 0.2254 -0.0258 0.9739
vn 0.2180 -0.0255 0.9756
vn 0.2164 -0.0253 0.9760
vn 0.2254 -0.0671 0.9719
vn 0.2179 -0.0661 0.9737
vn 0.2162 -0.0658 0.9741
vn 0.6708 0.0139 -0.7415
vn 0.6720 0.0140 -0.7404
vn 0.6776 0.0142 -0.7353
vn 0.6707 -0.0253 -0.7413
vn 0.6719 -0.0255 -0.7402
vn 0.6775 -0.0258 -0.7351
vn 0.6696 -0.0658 -0.7398
vn 0.6708 -0.0661 -0.7387
vn 0.6765 -0.0671 -0.7334
vn -0.7536 0.1053 -0.6489
vn -0.7476 0.1036 -0.6561
vn -0.7463 0.1030 -0.6576
vn -0.7533 0.0948 -0.6508
vn -0.7477 0.0934 -0.6574
vn -0.7465 0.0930 -0.6589
vn -0.7536 0.0772 -0.6528
vn -0.7483 0.0761 -0.6590
vn -0.7472 0.0758 -0.6603
vn -0.4979 0.0139 -0.8671
vn -0.4965 0.0140 -0.8679
vn -0.4899 0.0142 -0.8717
vn -0.4978 -0.0253 -0.8669
vn -0.4964 -0.0255 -0.8677
vn -0.4898 -0.0258 -0.8715
vn -0.4967 -0.0658 -0.8654
vn -0.4952 -0.0661 -0.8662
vn -0.4884 -0.0671 -0.8700
vn -0.8500 0.1053 0.5162
vn -0.8550 0.1036 0.5082
vn -0.8560 0.1030 0.5065
vn -0.8518 0.0948 0.5153
vn -0.8563 0.0934 0.5079
vn -0.8573 0.0930 0.5064
vn -0.8537 0.0772 0.5150
vn -0.8580 0.0761 0.5081
vn -0.8588 0.0758 0.5066
vn 0.9826 -0.1635 0.0881
vn 0.9822 -0.1642 0.0917
vn 0.9827 -0.1630 0.0874
vn 0.9628 -0.2504 0.1017
vn 0.9611 -0.2614 0.0895
vn 0.9630 -0.2613 0.0651
vn 0.9143 -0.3832 0.1314
vn 0.8990 -0.4302 0.0821
vn 0.8998 -0.4360 0.0144
vn 0.3843 0.1053 -0.9172
vn 0.3930 0.1036 -0.9137
vn 0.3948 0.1030 -0.9130
vn 0.3862 0.0948 -0.9175
vn 0.3942 0.0934 -0.9143
vn 0.3959 0.0930 -0.9136
vn 0.3880 0.0772 -0.9184
vn 0.3955 0.0761 -0.9153
vn 0.3971 0.0758 -0.9147
vn 0.9911 0.1053 0.0820
vn 0.9904 0.1036 0.0914
vn 0.9903 0.1030 0.0934
vn 0.9920 0.0948 0.0838
vn 0.9913 0.0934 0.0924
vn 0.9912 0.0930 0.0942
vn 0.9934 0.0772 0.0852
vn 0.9927 0.0761 0.0933
vn 0.9926 0.0758 0.0950
vn 0.2198 -0.1635 0.9617
vn 0.2163 -0.1642 0.9624
vn 0.2205 -0.1630 0.9617
vn 0.2008 -0.2504 0.9471
vn 0.2119 -0.2614 0.9417
vn 0.2357 -0.2613 0.9360
vn 0.1576 -0.3832 0.9101
vn 0.1997 -0.4302 0.8803
vn 0.2644 -0.4360 0.8602
vn 0.8974 -0.1630 0.4099
vn 0.8990 -0.1642 0.4059
vn 0.8977 -0.1635 0.4092
vn 0.8693 -0.2613 0.4196
vn 0.8796 -0.2614 0.3974
vn 0.8871 -0.2504 0.3877
vn 0.7893 -0.4360 0.4324
vn 0.8220 -0.4302 0.3731
vn 0.8596 -0.3832 0.3379
vn 0.9069 0.1030 0.4085
vn 0.9061 0.1036 0.4103
vn 0.9020 0.1053 0.4187
vn 0.9082 0.0930 0.4082
vn 0.9074 0.0934 0.4098
vn 0.9036 0.0948 0.4176
vn 0.9097 0.0758 0.4082
vn 0.9090 0.0761 0.4098
vn 0.9056 0.0772 0.4171
vn -0.9785 0.0139 0.2056
vn -0.9789 0.0140 0.2040
vn -0.9804 0.0142 0.1966
vn -0.9783 -0.0253 0.2055
vn -0.9787 -0.0255 0.2039
vn -0.9802 -0.0258 0.1965
vn -0.9766 -0.0658 0.2049
vn -0.9769 -0.0661 0.2033
vn -0.9784 -0.0671 0.1956
vn 0.3902 0.0142 -0.9206
vn 0.3972 0.0140 -0.9176
vn 0.3987 0.0139 -0.9170
vn 0.3901 -0.0258 -0.9204
vn 0.3971 -0.0255 -0.9174
vn 0.3986 -0.0253 -0.9168
vn 0.3889 -0.0671 -0.9188
vn 0.3961 -0.0661 -0.9158
vn 0.3976 -0.0658 -0.9152
vn -0.1069 0.0139 0.9942
vn -0.1085 0.0140 0.9940
vn -0.1160 0.0142 0.9931
vn -0.1069 -0.0253 0.9940
vn -0.1085 -0.0255 0.9938
vn -0.1160 -0.0258 0.9929
vn -0.1069 -0.0658 0.9921
vn -0.1085 -0.0661 0.9919
vn -0.1163 -0.0671 0.9910
vn -0.8568 0.0142 0.5154
vn -0.8607 0.0140 0.5089
vn -0.8615 0.0139 0.5075
vn -0.8566 -0.0258 0.5153
vn -0.8605 -0.0255 0.5088
vn -0.8613 -0.0253 0.5074
vn -0.8547 -0.0671 0.5148
vn -0.8588 -0.0661 0.5081
vn -0.8596 -0.0658 0.5067
vn 0.9961 0.0142 0.0866
vn 0.9955 0.0140 0.0942
vn 0.9953 0.0139 0.0958
vn 0.9959 -0.0258 0.0866
vn 0.9952 -0.0255 0.0941
vn 0.9951 -0.0253 0.0958
vn 0.9940 -0.0671 0.0859
vn 0.9934 -0.0661 0.0937
vn 0.9933 -0.0658 0.0954
vn -0.4936 0.1030 -0.8635
vn -0.4919 0.1036 -0.8645
vn -0.4836 0.1053 -0.8689
vn -0.4948 0.0930 -0.8640
vn -0.4932 0.0934 -0.8649
vn -0.4856 0.0948 -0.8690
vn -0.4960 0.0758 -0.8650
vn -0.4945 0.0761 -0.8658
vn -0.4875 0.0772 -0.8697
vn -0.7550 0.0142 -0.6556
vn -0.7500 0.0140 -0.6613
vn -0.7489 0.0139 -0.6625
vn -0.7548 -0.0258 -0.6554
vn -0.7498 -0.0255 -0.6611
vn -0.7488 -0.0253 -0.6624
vn -0.7537 -0.0671 -0.6538
vn -0.7486 -0.0661 -0.6597
vn -0.7475 -0.0658 -0.6610
vn -0.1082 0.1030 0.9888
vn -0.1102 0.1036 0.9885
vn -0.1195 0.1053 0.9872
vn -0.1076 0.0930 0.9898
vn -0.1094 0.0934 0.9896
vn -0.1180 0.0948 0.9885
vn -0.1071 0.0758 0.9914
vn -0.1088 0.0761 0.9911
vn -0.1169 0.0772 0.9901
vn -0.1125 -0.1630 0.9802
vn -0.1082 -0.1642 0.9805
vn -0.1118 -0.1635 0.9802
vn -0.1304 -0.2613 0.9564
vn -0.1061 -0.2614 0.9594
vn -0.0946 -0.2504 0.9635
vn -0.1674 -0.4360 0.8843
vn -0.1008 -0.4302 0.8971
vn -0.0557 -0.3832 0.9220
vn -0.9670 -0.1630 0.1959
vn -0.9659 -0.1642 0.2000
vn -0.9668 -0.1635 0.1965
vn -0.9499 -0.2613 0.1715
vn -0.9452 -0.2614 0.1955
vn -0.9456 -0.2504 0.2078
vn -0.8927 -0.4360 0.1141
vn -0.8843 -0.4302 0.1813
vn -0.8941 -0.3832 0.2320
vn -0.0000 -1.0000 -0.0000
vn 0.1259 -0.8041 0.5810
vn 0.1280 -0.9174 0.3767
vn 0.2063 -0.8050 0.5562
vn 0.2256 -0.9341 0.2767
vn 0.5032 -0.8050 0.3143
vn 0.3431 -0.9175 0.2014
vn 0.5437 -0.8041 0.2405
vn 0.3786 -0.9049 0.1944
vn 0.4917 -0.8263 0.2749
vn 0.2554 -0.9456 0.2017
vn 0.1980 -0.9139 0.3544
vn 0.0123 -0.9753 0.2207
vn -0.1574 -0.9139 0.3742
vn -0.2314 -0.9456 0.2288
vn -0.4582 -0.8263 0.3277
vn -0.3547 -0.9049 0.2352
vn -0.5137 -0.8041 0.2993
vn -0.3187 -0.9175 0.2382
vn -0.4652 -0.8050 0.3681
vn -0.1935 -0.9341 0.3000
vn -0.1434 -0.8050 0.5756
vn -0.0855 -0.9174 0.3886
vn -0.0607 -0.8041 0.5914
vn -0.0679 -0.9049 0.4202
vn -0.1095 -0.8263 0.5526
vn -0.1129 -0.9456 0.3052
vn -0.2759 -0.9139 0.2978
vn -0.2061 -0.9753 0.0799
vn -0.4045 -0.9139 -0.0341
vn -0.2891 -0.9456 -0.1494
vn -0.4532 -0.8263 -0.3345
vn -0.3333 -0.9049 -0.2647
vn -0.4434 -0.8041 -0.3961
vn -0.3250 -0.9174 -0.2295
vn -0.4939 -0.8050 -0.3287
vn -0.3452 -0.9341 -0.0913
vn -0.5918 -0.8050 0.0415
vn -0.3960 -0.9174 0.0388
vn -0.5812 -0.8041 0.1250
vn -0.4206 -0.9049 0.0652
vn -0.5593 -0.8263 0.0666
vn -0.3252 -0.9456 -0.0131
vn -0.3685 -0.9139 -0.1704
vn -0.1397 -0.9753 -0.1714
vn -0.0926 -0.9139 -0.3953
vn 0.0528 -0.9456 -0.3211
vn 0.1780 -0.8263 -0.5344
vn 0.1487 -0.9049 -0.3988
vn 0.2397 -0.8041 -0.5440
vn 0.1178 -0.9174 -0.3800
vn 0.1600 -0.8050 -0.5713
vn -0.0198 -0.9341 -0.3565
vn -0.2223 -0.8050 -0.5500
vn -0.1592 -0.9174 -0.3646
vn -0.2985 -0.8041 -0.5141
vn -0.1920 -0.9049 -0.3798
vn -0.2362 -0.8263 -0.5114
vn -0.0881 -0.9456 -0.3133
vn 0.0482 -0.9139 -0.4031
vn 0.1198 -0.9753 -0.1858
vn 0.3473 -0.9139 -0.2102
vn 0.3217 -0.9456 -0.0490
vn 0.5633 -0.8263 0.0042
vn 0.4252 -0.9049 0.0182
vn 0.5915 -0.8041 0.0598
vn 0.3978 -0.9174 -0.0054
vn 0.5927 -0.8050 -0.0244
vn 0.3329 -0.9341 -0.1290
vn 0.4544 -0.8050 -0.3814
vn 0.2975 -0.9174 -0.2641
vn 0.3967 -0.8041 -0.4428
vn 0.3019 -0.9049 -0.3000
vn 0.4133 -0.8263 -0.3827
vn 0.2707 -0.9456 -0.1806
vn 0.3982 -0.9139 -0.0787
vn 0.2137 -0.9753 0.0565
vn 0.3072 -0.9139 0.2653
vn 0.1461 -0.9456 0.2908
vn 0.1701 -0.8263 0.5370
vn 0.1141 -0.9049 0.4100
vn -0.8467 -0.1635 0.5063
vn -0.8485 -0.1642 0.5031
vn -0.8464 -0.1630 0.5069
vn -0.8387 -0.2504 0.4837
vn -0.8301 -0.2614 0.4925
vn -0.8174 -0.2613 0.5134
vn -0.8169 -0.3832 0.4311
vn -0.7756 -0.4302 0.4619
vn -0.7364 -0.4360 0.5173
vn -0.4851 -0.1630 -0.8591
vn -0.4887 -0.1642 -0.8568
vn -0.4857 -0.1635 -0.8587
vn -0.4567 -0.2613 -0.8504
vn -0.4780 -0.2614 -0.8385
vn -0.4898 -0.2504 -0.8351
vn -0.3843 -0.4360 -0.8138
vn -0.4457 -0.4302 -0.7850
vn -0.4969 -0.3832 -0.7786
vn 0.3874 -0.1635 -0.9073
vn 0.3907 -0.1642 -0.9058
vn 0.3868 -0.1630 -0.9076
vn 0.3942 -0.2504 -0.8843
vn 0.3821 -0.2614 -0.8864
vn 0.3595 -0.2613 -0.8958
vn 0.4075 -0.3832 -0.8289
vn 0.3559 -0.4302 -0.8296
vn 0.2917 -0.4360 -0.8514
vn -0.7431 -0.1635 -0.6489
vn -0.7407 -0.1642 -0.6515
vn -0.7437 -0.1630 -0.6484
vn -0.7192 -0.2504 -0.6482
vn -0.7249 -0.2614 -0.6373
vn -0.7408 -0.2613 -0.6188
vn -0.6624 -0.3832 -0.6437
vn -0.6790 -0.4302 -0.5949
vn -0.7195 -0.4360 -0.5405
vn 0.6672 -0.1630 -0.7268
vn 0.6639 -0.1642 -0.7296
vn 0.6666 -0.1635 -0.7273
vn 0.6676 -0.2613 -0.6971
vn 0.6498 -0.2614 -0.7138
vn 0.6428 -0.2504 -0.7239
vn 0.6552 -0.4360 -0.6170
vn 0.6088 -0.4302 -0.6665
vn 0.5870 -0.3832 -0.7132
vn 0.2282 0.1053 0.9679
vn 0.2191 0.1036 0.9702
vn 0.2172 0.1030 0.9707
vn 0.2269 0.0948 0.9693
vn 0.2185 0.0934 0.9714
vn 0.2167 0.0930 0.9718
vn 0.2259 0.0772 0.9711
vn 0.2181 0.0761 0.9730
vn 0.2164 0.0758 0.9734
vn -0.3528 0.5111 -0.7838
vn -0.4251 0.5042 -0.7517
vn -0.4873 0.4433 -0.7524
vn -0.4498 0.2561 -0.8556
vn -0.4763 0.2568 -0.8410
vn -0.4905 0.2423 -0.8371
vn -0.4835 0.1420 -0.8637
vn -0.4877 0.1436 -0.8611
vn -0.4836 0.1427 -0.8635
vn -0.8544 0.5111 0.0933
vn -0.8463 0.5042 0.1720
vn -0.8661 0.4433 0.2309
vn -0.9528 0.2561 0.1634
vn -0.9470 0.2568 0.1931
vn -0.9477 0.2423 0.2078
vn -0.9709 0.1420 0.1929
vn -0.9697 0.1436 0.1977
vn -0.9707 0.1427 0.1931
vn -0.7955 0.4433 0.4131
vn -0.7412 0.5042 0.4432
vn -0.6942 0.5111 0.5068
vn -0.8402 0.2423 0.4851
vn -0.8298 0.2568 0.4955
vn -0.8140 0.2561 0.5213
vn -0.8474 0.1427 0.5115
vn -0.8497 0.1436 0.5073
vn -0.8473 0.1420 0.5117
vn 0.1470 0.4433 0.8842
vn 0.1925 0.5042 0.8419
vn 0.2675 0.5111 0.8168
vn 0.2017 0.2423 0.9490
vn 0.2148 0.2568 0.9423
vn 0.2443 0.2561 0.9353
vn 0.2246 0.1427 0.9639
vn 0.2199 0.1436 0.9649
vn 0.2248 0.1420 0.9640
vn 0.4008 0.4433 -0.8018
vn 0.3391 0.5042 -0.7942
vn 0.2637 0.5111 -0.8181
vn 0.3946 0.2423 -0.8863
vn 0.3801 0.2568 -0.8886
vn 0.3521 0.2561 -0.9002
vn 0.3849 0.1427 -0.9119
vn 0.3892 0.1436 -0.9099
vn 0.3847 0.1420 -0.9120
vn -0.1753 0.5111 0.8415
vn -0.0979 0.5042 0.8580
vn -0.0480 0.4433 0.8951
vn -0.1390 0.2561 0.9566
vn -0.1090 0.2568 0.9603
vn -0.0952 0.2423 0.9655
vn -0.1165 0.1420 0.9830
vn -0.1116 0.1436 0.9833
vn -0.1163 0.1427 0.9829
vn 0.8864 0.4433 0.1334
vn 0.8602 0.5042 0.0771
vn 0.8595 0.5111 -0.0020
vn 0.9649 0.2423 0.1014
vn 0.9626 0.2568 0.0869
vn 0.9650 0.2561 0.0567
vn 0.9862 0.1427 0.0843
vn 0.9856 0.1436 0.0890
vn 0.9863 0.1420 0.0841
vn 0.6364 0.5111 -0.5777
vn 0.5836 0.5042 -0.6366
vn 0.5650 0.4433 -0.6959
vn 0.6748 0.2561 -0.6922
vn 0.6526 0.2568 -0.7129
vn 0.6446 0.2423 -0.7252
vn 0.6721 0.1420 -0.7267
vn 0.6683 0.1436 -0.7299
vn 0.6718 0.1427 -0.7268
vn -0.6387 0.4433 -0.6290
vn -0.6506 0.5042 -0.5680
vn -0.6965 0.5111 -0.5036
vn -0.7210 0.2423 -0.6492
vn -0.7276 0.2568 -0.6361
vn -0.7474 0.2561 -0.6131
vn -0.7483 0.1427 -0.6478
vn -0.7451 0.1436 -0.6513
vn -0.7485 0.1420 -0.6477
vn -0.9814 0.1681 0.0930
vn -0.9505 0.3076 0.0442
vn -0.8061 0.5908 -0.0345
vn -0.9818 0.1898 0.0072
vn -0.9459 0.3241 0.0173
vn -0.8027 0.5958 0.0257
vn -0.9659 0.2172 -0.1411
vn -0.9414 0.3318 -0.0611
vn -0.8514 0.5193 0.0735
vn -0.7420 0.2830 -0.6078
vn -0.5977 0.4509 -0.6629
vn -0.2851 0.6935 -0.6616
vn -0.6044 0.2915 -0.7415
vn -0.5564 0.4739 -0.6826
vn -0.3994 0.7749 -0.4900
vn -0.4457 0.2830 -0.8493
vn -0.5287 0.4509 -0.7191
vn -0.5905 0.6935 -0.4127
vn 0.0566 0.2172 -0.9745
vn 0.1300 0.3318 -0.9344
vn 0.2436 0.5193 -0.8191
vn 0.2050 0.1898 -0.9602
vn 0.2076 0.3241 -0.9230
vn 0.1870 0.5958 -0.7811
vn 0.2890 0.1681 -0.9425
vn 0.2349 0.3076 -0.9221
vn 0.1288 0.5908 -0.7965
vn 0.2990 0.1196 0.9467
vn 0.2942 0.1071 0.9497
vn 0.2905 0.0868 0.9529
vn 0.3938 0.1384 0.9087
vn 0.3878 0.1240 0.9134
vn 0.3833 0.1004 0.9182
vn 0.5477 0.1674 0.8197
vn 0.5450 0.1507 0.8248
vn 0.5436 0.1227 0.8304
vn 0.8534 0.2145 0.4751
vn 0.8571 0.1942 0.4771
vn 0.8628 0.1590 0.4800
vn 0.9428 0.2210 0.2494
vn 0.9472 0.2001 0.2506
vn 0.9537 0.1639 0.2523
vn 0.9767 0.2145 0.0090
vn 0.9809 0.1942 0.0091
vn 0.9872 0.1590 0.0094
vn 0.8814 0.1674 -0.4417
vn 0.8815 0.1507 -0.4475
vn 0.8830 0.1227 -0.4530
vn 0.7916 0.1384 -0.5952
vn 0.7887 0.1240 -0.6022
vn 0.7871 0.1004 -0.6086
vn 0.7280 0.1196 -0.6750
vn 0.7253 0.1071 -0.6801
vn 0.7237 0.0868 -0.6847
vn 0.8486 0.1681 0.5016
vn 0.7949 0.3076 0.5229
vn 0.6319 0.5908 0.5017
vn 0.7985 0.1898 0.5713
vn 0.7754 0.3241 0.5420
vn 0.6645 0.5958 0.4511
vn 0.6985 0.2172 0.6818
vn 0.7257 0.3318 0.6028
vn 0.7320 0.5193 0.4410
vn 0.2430 0.2830 0.9278
vn 0.0939 0.4509 0.8876
vn -0.1582 0.6935 0.7029
vn 0.0531 0.2915 0.9551
vn 0.0489 0.4739 0.8792
vn 0.0351 0.7749 0.6311
vn -0.1386 0.2830 0.9490
vn 0.0051 0.4509 0.8925
vn 0.2352 0.6935 0.6810
vn -0.6186 0.2172 0.7551
vn -0.6543 0.3318 0.6795
vn -0.6786 0.5193 0.5195
vn -0.7302 0.1898 0.6563
vn -0.7105 0.3241 0.6247
vn -0.6104 0.5958 0.5220
vn -0.7878 0.1681 0.5926
vn -0.7320 0.3076 0.6079
vn -0.5723 0.5908 0.5687
vn -0.3917 0.1681 -0.9046
vn -0.3357 0.3076 -0.8903
vn -0.2163 0.5908 -0.7773
vn -0.3102 0.1898 -0.9315
vn -0.3087 0.3241 -0.8942
vn -0.2725 0.5958 -0.7555
vn -0.1643 0.2172 -0.9622
vn -0.2328 0.3318 -0.9142
vn -0.3330 0.5193 -0.7871
vn 0.3487 0.2830 -0.8935
vn 0.4457 0.4509 -0.7733
vn 0.5411 0.6935 -0.4756
vn 0.5184 0.2915 -0.8039
vn 0.4772 0.4739 -0.7400
vn 0.3426 0.7749 -0.5312
vn 0.6700 0.2830 -0.6863
vn 0.5205 0.4509 -0.7251
vn 0.2100 0.6935 -0.6892
vn 0.9443 0.2172 -0.2473
vn 0.9288 0.3318 -0.1651
vn 0.8543 0.5193 -0.0214
vn 0.9765 0.1898 -0.1017
vn 0.9419 0.3241 -0.0877
vn 0.8006 0.5958 -0.0635
vn 0.9856 0.1681 -0.0164
vn 0.9495 0.3076 -0.0615
vn 0.7973 0.5908 -0.1237
vn -0.2148 0.1681 0.9621
vn -0.2517 0.3076 0.9176
vn -0.2819 0.5908 0.7560
vn -0.2966 0.1898 0.9360
vn -0.2759 0.3241 0.9049
vn -0.2237 0.5958 0.7714
vn -0.4326 0.2172 0.8750
vn -0.3490 0.3318 0.8764
vn -0.1932 0.5193 0.8325
vn -0.8073 0.2830 0.5179
vn -0.8151 0.4509 0.3636
vn -0.7173 0.6935 0.0667
vn -0.8919 0.2915 0.3457
vn -0.8211 0.4739 0.3182
vn -0.5894 0.7749 0.2284
vn -0.9454 0.2830 0.1614
vn -0.8473 0.4509 0.2807
vn -0.5750 0.6935 0.4341
vn -0.9093 0.2172 -0.3550
vn -0.8485 0.3318 -0.4123
vn -0.7037 0.5193 -0.4848
vn -0.8498 0.1898 -0.4917
vn -0.8136 0.3241 -0.4827
vn -0.6850 0.5958 -0.4192
vn -0.8070 0.1681 -0.5661
vn -0.8043 0.3076 -0.5084
vn -0.7177 0.5908 -0.3686
vn 0.2874 0.0159 0.9577
vn 0.2876 -0.0289 0.9573
vn 0.2885 -0.0753 0.9545
vn 0.3797 0.0184 0.9249
vn 0.3799 -0.0335 0.9244
vn 0.3809 -0.0871 0.9205
vn 0.5443 0.0225 0.8386
vn 0.5442 -0.0412 0.8379
vn 0.5430 -0.1066 0.8329
vn 0.8737 0.0294 0.4856
vn 0.8728 -0.0537 0.4851
vn 0.8656 -0.1385 0.4811
vn 0.9663 0.0303 0.2556
vn 0.9653 -0.0554 0.2553
vn 0.9569 -0.1427 0.2531
vn 0.9995 0.0294 0.0099
vn 0.9985 -0.0537 0.0100
vn 0.9903 -0.1385 0.0098
vn 0.8877 0.0225 -0.4598
vn 0.8874 -0.0412 -0.4592
vn 0.8838 -0.1067 -0.4555
vn 0.7874 0.0184 -0.6162
vn 0.7873 -0.0335 -0.6157
vn 0.7862 -0.0871 -0.6118
vn 0.7234 0.0159 -0.6903
vn 0.7233 -0.0289 -0.6899
vn 0.7227 -0.0753 -0.6870
vn 0.8767 -0.0753 0.4751
vn 0.8797 -0.0289 0.4747
vn 0.8800 0.0159 0.4746
vn 0.8248 -0.0871 0.5587
vn 0.8288 -0.0335 0.5585
vn 0.8294 0.0184 0.5584
vn 0.7063 -0.1066 0.6998
vn 0.7110 -0.0412 0.7020
vn 0.7116 0.0225 0.7022
vn 0.2967 -0.1385 0.9449
vn 0.2991 -0.0537 0.9527
vn 0.2994 0.0294 0.9537
vn 0.0550 -0.1427 0.9882
vn 0.0554 -0.0554 0.9969
vn 0.0555 0.0303 0.9980
vn -0.1901 -0.1385 0.9720
vn -0.1916 -0.0537 0.9800
vn -0.1918 0.0294 0.9810
vn -0.6243 -0.1066 0.7738
vn -0.6287 -0.0412 0.7765
vn -0.6293 0.0225 0.7768
vn -0.7577 -0.0871 0.6467
vn -0.7618 -0.0335 0.6470
vn -0.7623 0.0184 0.6470
vn -0.8186 -0.0753 0.5694
vn -0.8216 -0.0289 0.5693
vn -0.8220 0.0159 0.5693
vn 0.3304 0.0159 -0.9437
vn 0.3300 -0.0289 -0.9435
vn 0.3276 -0.0753 -0.9418
vn 0.2364 0.0184 -0.9715
vn 0.2360 -0.0335 -0.9712
vn 0.2329 -0.0871 -0.9686
vn 0.0526 0.0225 -0.9984
vn 0.0522 -0.0412 -0.9978
vn 0.0502 -0.1066 -0.9930
vn -0.4214 0.0294 -0.9064
vn -0.4210 -0.0537 -0.9055
vn -0.4175 -0.1385 -0.8981
vn -0.6315 0.0303 -0.7748
vn -0.6308 -0.0554 -0.7739
vn -0.6253 -0.1427 -0.7672
vn -0.8028 0.0294 -0.5955
vn -0.8020 -0.0537 -0.5950
vn -0.7954 -0.1385 -0.5900
vn -0.9885 0.0225 -0.1498
vn -0.9878 -0.0412 -0.1501
vn -0.9828 -0.1066 -0.1510
vn -0.9992 0.0184 0.0357
vn -0.9988 -0.0335 0.0353
vn -0.9957 -0.0871 0.0328
vn -0.9910 0.0159 0.1333
vn -0.9907 -0.0289 0.1330
vn -0.9885 -0.0753 0.1310
vn -0.4300 -0.0753 -0.8997
vn -0.4326 -0.0289 -0.9011
vn -0.4330 0.0159 -0.9013
vn -0.3389 -0.0871 -0.9368
vn -0.3423 -0.0335 -0.9390
vn -0.3427 0.0184 -0.9393
vn -0.1601 -0.1066 -0.9813
vn -0.1625 -0.0412 -0.9858
vn -0.1630 0.0225 -0.9864
vn 0.3153 -0.1385 -0.9388
vn 0.3180 -0.0537 -0.9466
vn 0.3183 0.0294 -0.9475
vn 0.5364 -0.1427 -0.8318
vn 0.5411 -0.0554 -0.8391
vn 0.5417 0.0303 -0.8400
vn 0.7251 -0.1385 -0.6746
vn 0.7310 -0.0537 -0.6802
vn 0.7318 0.0294 -0.6809
vn 0.9599 -0.1066 -0.2591
vn 0.9651 -0.0412 -0.2587
vn 0.9657 0.0225 -0.2585
vn 0.9932 -0.0871 -0.0778
vn 0.9966 -0.0335 -0.0756
vn 0.9970 0.0184 -0.0753
vn 0.9970 -0.0753 0.0206
vn 0.9993 -0.0289 0.0223
vn 0.9996 0.0159 0.0226
vn -0.1809 -0.0753 0.9806
vn -0.1796 -0.0289 0.9833
vn -0.1795 0.0159 0.9836
vn -0.2765 -0.0871 0.9571
vn -0.2750 -0.0335 0.9608
vn -0.2748 0.0184 0.9613
vn -0.4473 -0.1066 0.8880
vn -0.4480 -0.0412 0.8931
vn -0.4479 0.0225 0.8938
vn -0.8069 -0.1385 0.5742
vn -0.8137 -0.0537 0.5789
vn -0.8145 0.0294 0.5795
vn -0.9229 -0.1427 0.3577
vn -0.9310 -0.0554 0.3608
vn -0.9320 0.0303 0.3612
vn -0.9831 -0.1385 0.1196
vn -0.9912 -0.0537 0.1206
vn -0.9923 0.0294 0.1207
vn -0.9289 -0.1066 -0.3546
vn -0.9328 -0.0412 -0.3580
vn -0.9333 0.0225 -0.3585
vn -0.8492 -0.0871 -0.5208
vn -0.8507 -0.0335 -0.5246
vn -0.8509 0.0184 -0.5251
vn -0.7945 -0.0753 -0.6026
vn -0.7954 -0.0289 -0.6055
vn -0.7954 0.0159 -0.6058
vn 0.6880 -0.5136 0.5127
vn 0.8066 -0.3095 0.5036
vn 0.8540 -0.1892 0.4846
vn 0.7138 -0.5212 0.4679
vn 0.7852 -0.3284 0.5250
vn 0.8068 -0.2131 0.5511
vn 0.7673 -0.4557 0.4512
vn 0.7310 -0.3451 0.5887
vn 0.7039 -0.2473 0.6658
vn -0.1887 -0.6424 0.7428
vn 0.0844 -0.4749 0.8760
vn 0.2357 -0.3251 0.9158
vn 0.0384 -0.7224 0.6905
vn 0.0482 -0.4967 0.8666
vn 0.0523 -0.3339 0.9411
vn 0.2699 -0.6424 0.7173
vn 0.0133 -0.4749 0.8799
vn -0.1327 -0.3251 0.9363
vn -0.7125 -0.4557 0.5335
vn -0.6612 -0.3451 0.6661
vn -0.6257 -0.2473 0.7398
vn -0.6575 -0.5212 0.5442
vn -0.7221 -0.3284 0.6088
vn -0.7407 -0.2131 0.6372
vn -0.6269 -0.5136 0.5859
vn -0.7458 -0.3095 0.5899
vn -0.7950 -0.1892 0.5763
vn 0.3045 -0.1892 -0.9335
vn 0.2566 -0.3095 -0.9156
vn 0.1628 -0.5136 -0.8424
vn 0.2247 -0.2131 -0.9508
vn 0.2264 -0.3284 -0.9170
vn 0.2121 -0.5212 -0.8267
vn 0.0714 -0.2473 -0.9663
vn 0.1434 -0.3451 -0.9276
vn 0.2629 -0.4557 -0.8504
vn -0.4430 -0.3251 -0.8355
vn -0.5279 -0.4749 -0.7041
vn -0.6400 -0.6424 -0.4217
vn -0.5955 -0.3339 -0.7306
vn -0.5483 -0.4967 -0.6727
vn -0.4369 -0.7224 -0.5360
vn -0.7290 -0.3251 -0.6024
vn -0.5832 -0.4749 -0.6591
vn -0.2840 -0.6424 -0.7118
vn -0.9609 -0.2473 -0.1249
vn -0.9374 -0.3451 -0.0465
vn -0.8860 -0.4557 0.0860
vn -0.9766 -0.2131 0.0284
vn -0.9438 -0.3284 0.0368
vn -0.8525 -0.5212 0.0410
vn -0.9758 -0.1892 0.1100
vn -0.9485 -0.3095 0.0667
vn -0.8580 -0.5136 -0.0104
vn -0.2552 -0.5136 -0.8192
vn -0.3565 -0.3095 -0.8815
vn -0.4061 -0.1892 -0.8940
vn -0.3024 -0.5212 -0.7981
vn -0.3267 -0.3284 -0.8862
vn -0.3288 -0.2131 -0.9201
vn -0.3556 -0.4557 -0.8160
vn -0.2454 -0.3451 -0.9059
vn -0.1781 -0.2473 -0.9524
vn 0.5893 -0.6424 -0.4900
vn 0.4466 -0.4749 -0.7583
vn 0.3476 -0.3251 -0.8795
vn 0.3748 -0.7224 -0.5812
vn 0.4704 -0.4967 -0.7294
vn 0.5108 -0.3339 -0.7922
vn 0.2033 -0.6424 -0.7389
vn 0.5065 -0.4749 -0.7197
vn 0.6577 -0.3251 -0.6795
vn 0.8900 -0.4557 -0.0128
vn 0.9265 -0.3451 -0.1502
vn 0.9411 -0.2473 -0.2307
vn 0.8518 -0.5212 -0.0538
vn 0.9421 -0.3284 -0.0681
vn 0.9737 -0.2131 -0.0801
vn 0.8515 -0.5136 -0.1055
vn 0.9501 -0.3095 -0.0389
vn 0.9819 -0.1892 0.0011
vn -0.2750 -0.5136 0.8128
vn -0.2297 -0.3095 0.9227
vn -0.1969 -0.1892 0.9620
vn -0.2244 -0.5212 0.8234
vn -0.2566 -0.3284 0.9090
vn -0.2748 -0.2131 0.9376
vn -0.1920 -0.4557 0.8692
vn -0.3340 -0.3451 0.8772
vn -0.4157 -0.2473 0.8752
vn -0.7648 -0.6424 0.0501
vn -0.8070 -0.4749 0.3510
vn -0.7982 -0.3251 0.5072
vn -0.6448 -0.7224 0.2499
vn -0.8093 -0.4967 0.3136
vn -0.8789 -0.3339 0.3406
vn -0.5988 -0.6424 0.4783
vn -0.8328 -0.4749 0.2845
vn -0.9315 -0.3251 0.1632
vn -0.7276 -0.4557 -0.5128
vn -0.8378 -0.3451 -0.4230
vn -0.8970 -0.2473 -0.3665
vn -0.7207 -0.5212 -0.4571
vn -0.8022 -0.3284 -0.4987
vn -0.8349 -0.2131 -0.5076
vn -0.7509 -0.5136 -0.4152
vn -0.7915 -0.3095 -0.5270
vn -0.7938 -0.1892 -0.5780
vn 0.7002 -0.5136 -0.4959
vn 0.7282 -0.3095 -0.6115
vn 0.7248 -0.1892 -0.6625
vn 0.6656 -0.5212 -0.5342
vn 0.7419 -0.3284 -0.5846
vn 0.7734 -0.2131 -0.5970
vn 0.6662 -0.4557 -0.5903
vn 0.7858 -0.3451 -0.5133
vn 0.8508 -0.2473 -0.4637
vn 0.6481 -0.6424 0.4090
vn 0.8592 -0.4749 0.1904
vn 0.9439 -0.3251 0.0589
vn 0.6685 -0.7224 0.1768
vn 0.8390 -0.4967 0.2220
vn 0.9113 -0.3339 0.2410
vn 0.7656 -0.6424 -0.0350
vn 0.8410 -0.4749 0.2593
vn 0.8495 -0.3251 0.4155
vn 0.2872 -0.4557 0.8425
vn 0.4292 -0.3451 0.8347
vn 0.5102 -0.2473 0.8237
vn 0.3144 -0.5212 0.7934
vn 0.3559 -0.3284 0.8749
vn 0.3771 -0.2131 0.9013
vn 0.3635 -0.5136 0.7772
vn 0.3306 -0.3095 0.8916
vn 0.3024 -0.1892 0.9342
vn -0.9879 0.0868 0.1286
vn -0.9865 0.1071 0.1239
vn -0.9858 0.1196 0.1182
vn -0.9945 0.1004 0.0297
vn -0.9920 0.1240 0.0236
vn -0.9902 0.1384 0.0162
vn -0.9807 0.1227 -0.1525
vn -0.9762 0.1507 -0.1561
vn -0.9727 0.1674 -0.1607
vn -0.7932 0.1590 -0.5879
vn -0.7882 0.1942 -0.5840
vn -0.7849 0.2145 -0.5813
vn -0.6233 0.1639 -0.7646
vn -0.6190 0.2001 -0.7594
vn -0.6162 0.2210 -0.7560
vn -0.4159 0.1590 -0.8954
vn -0.4130 0.1942 -0.8898
vn -0.4111 0.2145 -0.8860
vn 0.0483 0.1227 -0.9913
vn 0.0439 0.1507 -0.9876
vn 0.0387 0.1674 -0.9851
vn 0.2296 0.1004 -0.9681
vn 0.2231 0.1240 -0.9669
vn 0.2156 0.1384 -0.9666
vn 0.3251 0.0868 -0.9417
vn 0.3203 0.1071 -0.9413
vn 0.3145 0.1196 -0.9417
vn 0.3640 0.5908 0.7201
vn 0.3519 0.3076 0.8840
vn 0.3202 0.1681 0.9323
vn 0.3078 0.5958 0.7418
vn 0.3745 0.3241 0.8687
vn 0.3985 0.1898 0.8973
vn 0.2844 0.5193 0.8059
vn 0.4441 0.3318 0.8323
vn 0.5270 0.2172 0.8216
vn 0.7203 0.6935 -0.0133
vn 0.8504 0.4509 0.2710
vn 0.8598 0.2830 0.4251
vn 0.6111 0.7749 0.1616
vn 0.8513 0.4739 0.2252
vn 0.9248 0.2915 0.2446
vn 0.6196 0.6935 0.3677
vn 0.8732 0.4509 0.1850
vn 0.9575 0.2830 0.0556
vn 0.6456 0.5193 -0.5599
vn 0.7975 0.3318 -0.5039
vn 0.8643 0.2172 -0.4536
vn 0.6343 0.5958 -0.4926
vn 0.7551 0.3241 -0.5699
vn 0.7901 0.1898 -0.5829
vn 0.6724 0.5908 -0.4459
vn 0.7430 0.3076 -0.5944
vn 0.7393 0.1681 -0.6521
vn 0.8748 0.0868 0.4767
vn 0.8709 0.1071 0.4796
vn 0.8670 0.1196 0.4838
vn 0.8220 0.1004 0.5605
vn 0.8164 0.1240 0.5640
vn 0.8107 0.1384 0.5689
vn 0.7037 0.1227 0.6998
vn 0.6980 0.1507 0.7001
vn 0.6925 0.1674 0.7018
vn 0.2961 0.1590 0.9418
vn 0.2944 0.1942 0.9357
vn 0.2933 0.2145 0.9316
vn 0.0548 0.1639 0.9850
vn 0.0544 0.2001 0.9783
vn 0.0542 0.2210 0.9738
vn -0.1899 0.1590 0.9688
vn -0.1888 0.1942 0.9626
vn -0.1882 0.2145 0.9584
vn -0.6218 0.1227 0.7735
vn -0.6160 0.1507 0.7732
vn -0.6104 0.1674 0.7742
vn -0.7548 0.1004 0.6482
vn -0.7488 0.1240 0.6511
vn -0.7426 0.1384 0.6553
vn -0.8165 0.0868 0.5707
vn -0.8123 0.1071 0.5733
vn -0.8080 0.1196 0.5770
vn -0.4276 0.0868 -0.8998
vn -0.4227 0.1071 -0.8999
vn -0.4170 0.1196 -0.9010
vn -0.3356 0.1004 -0.9366
vn -0.3290 0.1240 -0.9362
vn -0.3214 0.1384 -0.9368
vn -0.1580 0.1227 -0.9798
vn -0.1532 0.1507 -0.9766
vn -0.1477 0.1674 -0.9748
vn 0.3140 0.1590 -0.9360
vn 0.3118 0.1942 -0.9301
vn 0.3103 0.2145 -0.9261
vn 0.5346 0.1639 -0.8290
vn 0.5310 0.2001 -0.8234
vn 0.5285 0.2211 -0.8196
vn 0.7231 0.1590 -0.6722
vn 0.7186 0.1942 -0.6678
vn 0.7156 0.2145 -0.6648
vn 0.9577 0.1227 -0.2604
vn 0.9528 0.1507 -0.2634
vn 0.9489 0.1674 -0.2676
vn 0.9917 0.1004 -0.0808
vn 0.9885 0.1240 -0.0866
vn 0.9859 0.1384 -0.0937
vn 0.9961 0.0868 0.0182
vn 0.9942 0.1071 0.0137
vn 0.9928 0.1196 0.0081
vn -0.1830 0.0868 0.9793
vn -0.1870 0.1071 0.9765
vn -0.1922 0.1196 0.9740
vn -0.2791 0.1004 0.9550
vn -0.2841 0.1240 0.9507
vn -0.2906 0.1384 0.9468
vn -0.4481 0.1227 0.8855
vn -0.4501 0.1507 0.8802
vn -0.4534 0.1674 0.8754
vn -0.8042 0.1590 0.5727
vn -0.7989 0.1942 0.5692
vn -0.7954 0.2145 0.5668
vn -0.9198 0.1639 0.3565
vn -0.9136 0.2001 0.3540
vn -0.9094 0.2210 0.3524
vn -0.9801 0.1590 0.1188
vn -0.9739 0.1942 0.1179
vn -0.9697 0.2145 0.1172
vn -0.9278 0.1227 -0.3523
vn -0.9257 0.1507 -0.3470
vn -0.9250 0.1674 -0.3412
vn -0.8497 0.1004 -0.5175
vn -0.8506 0.1240 -0.5110
vn -0.8527 0.1384 -0.5037
vn -0.7951 0.0868 -0.6002
vn -0.7962 0.1071 -0.5954
vn -0.7984 0.1196 -0.5901
vn -0.0000 1.0000 -0.0000
vn 0.3911 0.9040 0.1727
vn 0.2215 0.9660 0.1334
vn 0.3555 0.9067 0.2268
vn 0.1445 0.9735 0.1773
vn 0.1505 0.9067 0.3940
vn 0.0860 0.9660 0.2439
vn 0.0903 0.9040 0.4179
vn 0.0780 0.9599 0.2693
vn 0.1204 0.9162 0.3822
vn 0.0959 0.9781 0.1845
vn 0.2058 0.9604 0.1878
vn 0.1354 0.9901 0.0358
vn 0.2717 0.9604 -0.0615
vn 0.1746 0.9781 -0.1130
vn 0.2936 0.9162 -0.2727
vn 0.2009 0.9599 -0.1955
vn 0.2851 0.9040 -0.3186
vn 0.1954 0.9660 -0.1694
vn 0.3256 0.9067 -0.2680
vn 0.2133 0.9735 -0.0827
vn 0.4212 0.9067 -0.0214
vn 0.2585 0.9660 -0.0065
vn 0.4253 0.9040 0.0433
vn 0.2802 0.9599 0.0091
vn 0.4007 0.9162 0.0036
vn 0.2051 0.9781 -0.0341
vn 0.2422 0.9604 -0.1377
vn 0.0759 0.9901 -0.1177
vn 0.0255 0.9604 -0.2774
vn -0.0535 0.9781 -0.2009
vn -0.1686 0.9162 -0.3635
vn -0.1239 0.9599 -0.2515
vn -0.2149 0.9040 -0.3696
vn -0.1008 0.9660 -0.2382
vn -0.1543 0.9067 -0.3925
vn -0.0127 0.9735 -0.2284
vn 0.1098 0.9067 -0.4072
vn 0.0738 0.9660 -0.2479
vn 0.1726 0.9040 -0.3911
vn 0.0952 0.9599 -0.2637
vn 0.1272 0.9162 -0.3799
vn 0.0309 0.9781 -0.2056
vn -0.0561 0.9604 -0.2729
vn -0.0885 0.9901 -0.1086
vn -0.2560 0.9604 -0.1100
vn -0.2076 0.9781 -0.0112
vn -0.3978 0.9162 0.0480
vn -0.2775 0.9599 0.0401
vn -0.4179 0.9040 0.0902
vn -0.2576 0.9660 0.0223
vn -0.4210 0.9067 0.0255
vn -0.2212 0.9735 -0.0585
vn -0.3533 0.9067 -0.2303
vn -0.2129 0.9660 -0.1467
vn -0.3187 0.9040 -0.2850
vn -0.2214 0.9599 -0.1720
vn -0.3220 0.9162 -0.2384
vn -0.1860 0.9781 -0.0929
vn -0.2769 0.9604 -0.0310
vn -0.1306 0.9901 0.0506
vn -0.1837 0.9604 0.2095
vn -0.0748 0.9781 0.1940
vn -0.0773 0.9162 0.3932
vn -0.0476 0.9599 0.2763
vn -0.0434 0.9040 0.4253
vn -0.0584 0.9660 0.2519
vn -0.1059 0.9067 0.4082
vn -0.1240 0.9735 0.1923
vn -0.3282 0.9067 0.2648
vn -0.2054 0.9660 0.1572
vn -0.3695 0.9040 0.2150
vn -0.2320 0.9599 0.1574
vn -0.3263 0.9162 0.2326
vn -0.1459 0.9781 0.1482
vn -0.1150 0.9604 0.2537
vn 0.0078 0.9901 0.1399
vn 0.1425 0.9604 0.2394
vn 0.1614 0.9781 0.1311
vn 0.3500 0.9162 0.1950
vn 0.2481 0.9599 0.1307
vn -0.4700 0.1043 -0.8765
vn -0.4728 0.0940 -0.8761
vn -0.4754 0.0766 -0.8764
vn -0.4234 0.1066 -0.8997
vn -0.4282 0.0961 -0.8986
vn -0.4324 0.0782 -0.8983
vn -0.3229 0.1105 -0.9400
vn -0.3275 0.0996 -0.9396
vn -0.3318 0.0812 -0.9399
vn -0.1215 0.1143 -0.9860
vn -0.1216 0.1033 -0.9872
vn -0.1218 0.0842 -0.9890
vn -0.0552 0.1146 -0.9919
vn -0.0552 0.1035 -0.9931
vn -0.0553 0.0844 -0.9949
vn 0.0114 0.1143 -0.9934
vn 0.0114 0.1033 -0.9946
vn 0.0114 0.0842 -0.9964
vn 0.2166 0.1105 -0.9700
vn 0.2213 0.0996 -0.9701
vn 0.2255 0.0812 -0.9709
vn 0.3210 0.1066 -0.9411
vn 0.3259 0.0961 -0.9405
vn 0.3301 0.0782 -0.9407
vn 0.3699 0.1043 -0.9232
vn 0.3727 0.0940 -0.9232
vn 0.3752 0.0766 -0.9238
vn 0.9871 0.1415 0.0752
vn 0.9639 0.2407 0.1138
vn 0.8793 0.4432 0.1746
vn 0.9888 0.1491 -0.0006
vn 0.9614 0.2743 -0.0223
vn 0.8285 0.5578 -0.0498
vn 0.9777 0.1540 -0.1426
vn 0.9206 0.2808 -0.2714
vn 0.7065 0.5300 -0.4690
vn 0.9577 0.1562 -0.2416
vn 0.9613 0.2635 -0.0802
vn 0.8769 0.4427 0.1876
vn 0.9204 0.1602 -0.3567
vn 0.8905 0.2965 -0.3451
vn 0.7455 0.6007 -0.2889
vn 0.8704 0.1562 -0.4669
vn 0.7643 0.2635 -0.5886
vn 0.5214 0.4426 -0.7295
vn 0.8185 0.1540 -0.5535
vn 0.8631 0.2808 -0.4198
vn 0.8381 0.5300 -0.1296
vn 0.7310 0.1491 -0.6659
vn 0.7253 0.2743 -0.6314
vn 0.6457 0.5578 -0.5215
vn 0.6786 0.1415 -0.7207
vn 0.6355 0.2407 -0.7337
vn 0.5320 0.4432 -0.7215
vn -0.1350 0.1043 0.9853
vn -0.1325 0.0940 0.9867
vn -0.1306 0.0766 0.9885
vn -0.1863 0.1066 0.9767
vn -0.1818 0.0961 0.9786
vn -0.1782 0.0782 0.9809
vn -0.2913 0.1105 0.9502
vn -0.2873 0.0996 0.9527
vn -0.2840 0.0812 0.9554
vn -0.4813 0.1143 0.8691
vn -0.4819 0.1033 0.8701
vn -0.4827 0.0842 0.8717
vn -0.5384 0.1146 0.8349
vn -0.5390 0.1035 0.8359
vn -0.5400 0.0844 0.8374
vn -0.5931 0.1143 0.7970
vn -0.5938 0.1033 0.7979
vn -0.5949 0.0842 0.7994
vn -0.7454 0.1105 0.6574
vn -0.7493 0.0996 0.6547
vn -0.7531 0.0812 0.6529
vn -0.8128 0.1066 0.5727
vn -0.8165 0.0961 0.5693
vn -0.8200 0.0782 0.5670
vn -0.8419 0.1043 0.5295
vn -0.8442 0.0940 0.5278
vn -0.8466 0.0766 0.5268
vn -0.7544 0.1415 -0.6410
vn -0.7129 0.2407 -0.6587
vn -0.6087 0.4432 -0.6581
vn -0.8003 0.1491 -0.5807
vn -0.7909 0.2743 -0.5471
vn -0.6995 0.5578 -0.4467
vn -0.8748 0.1540 -0.4593
vn -0.9043 0.2808 -0.3215
vn -0.8473 0.5300 -0.0359
vn -0.9168 0.1562 -0.3675
vn -0.8249 0.2635 -0.5002
vn -0.5991 0.4427 -0.6672
vn -0.9543 0.1602 -0.2524
vn -0.9233 0.2965 -0.2442
vn -0.7729 0.6007 -0.2045
vn -0.9786 0.1562 -0.1339
vn -0.9643 0.2635 0.0269
vn -0.8506 0.4426 0.2837
vn -0.9875 0.1540 -0.0333
vn -0.9450 0.2808 -0.1677
vn -0.7542 0.5300 -0.3877
vn -0.9828 0.1491 0.1090
vn -0.9579 0.2743 0.0845
vn -0.8289 0.5578 0.0424
vn -0.9727 0.1415 0.1842
vn -0.9453 0.2407 0.2200
vn -0.8545 0.4432 0.2710
vn 0.2335 0.1415 0.9620
vn 0.1896 0.2407 0.9519
vn 0.1057 0.4432 0.8902
vn 0.3062 0.1491 0.9402
vn 0.3182 0.2743 0.9075
vn 0.3034 0.5578 0.7725
vn 0.4378 0.1540 0.8858
vn 0.5426 0.2808 0.7917
vn 0.6644 0.5300 0.5270
vn 0.5257 0.1562 0.8362
vn 0.3733 0.2635 0.8895
vn 0.0926 0.4427 0.8919
vn 0.6236 0.1602 0.7651
vn 0.6034 0.2965 0.7403
vn 0.5051 0.6007 0.6197
vn 0.7130 0.1562 0.6835
vn 0.7960 0.2635 0.5450
vn 0.8549 0.4427 0.2705
vn 0.7793 0.1540 0.6074
vn 0.6660 0.2808 0.6911
vn 0.3823 0.5300 0.7570
vn 0.8592 0.1491 0.4895
vn 0.8246 0.2743 0.4947
vn 0.6955 0.5578 0.4529
vn 0.8951 0.1415 0.4227
vn 0.8941 0.2407 0.3776
vn 0.8506 0.4432 0.2830
vn 0.9951 -0.0666 0.0727
vn 0.9970 -0.0256 0.0736
vn 0.9972 0.0141 0.0737
vn 0.9974 -0.0679 0.0257
vn 0.9993 -0.0261 0.0272
vn 0.9995 0.0144 0.0273
vn 0.9940 -0.0706 -0.0832
vn 0.9963 -0.0272 -0.0819
vn 0.9965 0.0149 -0.0817
vn 0.9520 -0.0733 -0.2973
vn 0.9542 -0.0282 -0.2980
vn 0.9544 0.0155 -0.2980
vn 0.9299 -0.0734 -0.3604
vn 0.9321 -0.0283 -0.3612
vn 0.9323 0.0155 -0.3613
vn 0.9037 -0.0733 -0.4219
vn 0.9058 -0.0282 -0.4228
vn 0.9060 0.0155 -0.4230
vn 0.7905 -0.0706 -0.6084
vn 0.7912 -0.0272 -0.6109
vn 0.7914 0.0149 -0.6112
vn 0.7196 -0.0679 -0.6911
vn 0.7200 -0.0261 -0.6935
vn 0.7201 0.0144 -0.6937
vn 0.6863 -0.0666 -0.7243
vn 0.6870 -0.0256 -0.7262
vn 0.6871 0.0141 -0.7264
vn -0.1289 0.0141 0.9916
vn -0.1290 -0.0256 0.9913
vn -0.1294 -0.0666 0.9893
vn -0.1748 0.0144 0.9845
vn -0.1749 -0.0261 0.9842
vn -0.1760 -0.0679 0.9821
vn -0.2810 0.0149 0.9596
vn -0.2811 -0.0272 0.9593
vn -0.2819 -0.0706 0.9568
vn -0.4844 0.0155 0.8747
vn -0.4842 -0.0282 0.8745
vn -0.4831 -0.0733 0.8725
vn -0.5419 0.0155 0.8403
vn -0.5417 -0.0283 0.8401
vn -0.5405 -0.0734 0.8381
vn -0.5970 0.0155 0.8021
vn -0.5968 -0.0282 0.8019
vn -0.5954 -0.0733 0.8001
vn -0.7582 0.0149 0.6519
vn -0.7579 -0.0272 0.6518
vn -0.7553 -0.0706 0.6516
vn -0.8247 0.0144 0.5654
vn -0.8244 -0.0261 0.5654
vn -0.8220 -0.0679 0.5655
vn -0.8500 0.0141 0.5265
vn -0.8498 -0.0256 0.5265
vn -0.8478 -0.0666 0.5261
vn -0.7623 -0.0666 -0.6437
vn -0.7633 -0.0256 -0.6455
vn -0.7634 0.0141 -0.6457
vn -0.7918 -0.0679 -0.6070
vn -0.7925 -0.0261 -0.6094
vn -0.7926 0.0144 -0.6096
vn -0.8531 -0.0706 -0.5170
vn -0.8541 -0.0272 -0.5194
vn -0.8543 0.0149 -0.5196
vn -0.9449 -0.0733 -0.3191
vn -0.9471 -0.0282 -0.3198
vn -0.9473 0.0155 -0.3199
vn -0.9641 -0.0734 -0.2550
vn -0.9664 -0.0283 -0.2556
vn -0.9666 0.0155 -0.2557
vn -0.9791 -0.0733 -0.1899
vn -0.9813 -0.0282 -0.1903
vn -0.9816 0.0155 -0.1904
vn -0.9971 -0.0706 0.0276
vn -0.9992 -0.0272 0.0291
vn -0.9995 0.0149 0.0293
vn -0.9884 -0.0679 0.1361
vn -0.9901 -0.0261 0.1378
vn -0.9903 0.0144 0.1380
vn -0.9809 -0.0666 0.1826
vn -0.9826 -0.0256 0.1837
vn -0.9829 0.0141 0.1838
vn 0.2384 -0.0666 0.9689
vn 0.2381 -0.0256 0.9709
vn 0.2381 0.0141 0.9711
vn 0.2838 -0.0679 0.9565
vn 0.2829 -0.0261 0.9588
vn 0.2829 0.0144 0.9590
vn 0.3863 -0.0706 0.9197
vn 0.3857 -0.0272 0.9222
vn 0.3857 0.0149 0.9225
vn 0.5769 -0.0733 0.8135
vn 0.5782 -0.0282 0.8154
vn 0.5784 0.0155 0.8156
vn 0.6301 -0.0734 0.7730
vn 0.6316 -0.0283 0.7748
vn 0.6317 0.0155 0.7750
vn 0.6805 -0.0733 0.7291
vn 0.6820 -0.0282 0.7308
vn 0.6822 0.0155 0.7310
vn 0.8229 -0.0706 0.5638
vn 0.8255 -0.0272 0.5637
vn 0.8258 0.0149 0.5638
vn 0.8796 -0.0679 0.4708
vn 0.8820 -0.0261 0.4705
vn 0.8823 0.0144 0.4705
vn 0.9009 -0.0666 0.4288
vn 0.9030 -0.0256 0.4290
vn 0.9032 0.0141 0.4290
vn 0.3767 -0.0666 -0.9240
vn 0.3781 -0.0256 -0.9254
vn 0.3782 0.0141 -0.9256
vn 0.3326 -0.0679 -0.9406
vn 0.3347 -0.0261 -0.9420
vn 0.3349 0.0144 -0.9422
vn 0.2281 -0.0706 -0.9711
vn 0.2300 -0.0272 -0.9728
vn 0.2302 0.0149 -0.9730
vn 0.0114 -0.0733 -0.9972
vn 0.0115 -0.0282 -0.9995
vn 0.0115 0.0155 -0.9998
vn -0.0554 -0.0734 -0.9958
vn -0.0555 -0.0283 -0.9981
vn -0.0555 0.0155 -0.9983
vn -0.1220 -0.0733 -0.9898
vn -0.1222 -0.0282 -0.9921
vn -0.1223 0.0155 -0.9924
vn -0.3344 -0.0706 -0.9398
vn -0.3365 -0.0272 -0.9413
vn -0.3367 0.0149 -0.9415
vn -0.4349 -0.0679 -0.8979
vn -0.4370 -0.0261 -0.8991
vn -0.4373 0.0144 -0.8992
vn -0.4768 -0.0666 -0.8765
vn -0.4784 -0.0256 -0.8778
vn -0.4785 0.0141 -0.8780
vn -0.1191 -0.1623 0.9795
vn -0.0838 -0.2487 0.9650
vn -0.0172 -0.3826 0.9238
vn -0.1859 -0.1700 0.9677
vn -0.2045 -0.2782 0.9385
vn -0.2251 -0.4783 0.8489
vn -0.3238 -0.1765 0.9295
vn -0.4389 -0.2872 0.8514
vn -0.6220 -0.4557 0.6367
vn -0.4245 -0.1792 0.8875
vn -0.2664 -0.2703 0.9252
vn 0.0133 -0.3772 0.9260
vn -0.5327 -0.1836 0.8261
vn -0.5164 -0.3034 0.8008
vn -0.4634 -0.5187 0.7185
vn -0.6333 -0.1792 0.7529
vn -0.7329 -0.2703 0.6244
vn -0.8490 -0.3772 0.3699
vn -0.7131 -0.1765 0.6785
vn -0.5945 -0.2872 0.7511
vn -0.3234 -0.4557 0.8293
vn -0.8048 -0.1700 0.5686
vn -0.7705 -0.2782 0.5735
vn -0.6804 -0.4783 0.5553
vn -0.8431 -0.1623 0.5126
vn -0.8444 -0.2487 0.4744
vn -0.8344 -0.3826 0.3968
vn -0.6352 -0.3826 -0.6710
vn -0.7122 -0.2487 -0.6565
vn -0.7481 -0.1623 -0.6434
vn -0.7383 -0.4783 -0.4755
vn -0.7835 -0.2782 -0.5556
vn -0.7895 -0.1700 -0.5897
vn -0.8887 -0.4557 -0.0513
vn -0.8980 -0.2872 -0.3333
vn -0.8656 -0.1765 -0.4685
vn -0.6142 -0.3772 -0.6932
vn -0.8203 -0.2703 -0.5041
vn -0.9117 -0.1792 -0.3697
vn -0.8265 -0.5187 -0.2186
vn -0.9212 -0.3034 -0.2437
vn -0.9503 -0.1836 -0.2514
vn -0.8766 -0.3772 0.2988
vn -0.9622 -0.2703 0.0326
vn -0.9753 -0.1792 -0.1295
vn -0.7978 -0.4557 -0.3948
vn -0.9453 -0.2872 -0.1543
vn -0.9841 -0.1765 -0.0207
vn -0.8769 -0.4783 0.0482
vn -0.9558 -0.2782 0.0955
vn -0.9778 -0.1700 0.1223
vn -0.8839 -0.3826 0.2691
vn -0.9436 -0.2487 0.2185
vn -0.9684 -0.1623 0.1894
vn 0.6721 -0.1623 -0.7224
vn 0.6350 -0.2487 -0.7314
vn 0.5569 -0.3826 -0.7373
vn 0.7192 -0.1700 -0.6737
vn 0.7171 -0.2782 -0.6390
vn 0.6811 -0.4783 -0.5544
vn 0.8083 -0.1765 -0.5616
vn 0.8555 -0.2872 -0.4308
vn 0.8775 -0.4557 -0.1495
vn 0.8651 -0.1792 -0.4685
vn 0.7593 -0.2703 -0.5919
vn 0.5335 -0.3772 -0.7570
vn 0.9166 -0.1836 -0.3552
vn 0.8885 -0.3034 -0.3443
vn 0.7972 -0.5187 -0.3089
vn 0.9549 -0.1792 -0.2368
vn 0.9599 -0.2703 -0.0744
vn 0.9043 -0.3772 0.1998
vn 0.9757 -0.1765 -0.1298
vn 0.9224 -0.2872 -0.2582
vn 0.7491 -0.4557 -0.4809
vn 0.9854 -0.1700 0.0131
vn 0.9605 -0.2782 -0.0111
vn 0.8768 -0.4783 -0.0493
vn 0.9834 -0.1623 0.0808
vn 0.9620 -0.2487 0.1125
vn 0.9083 -0.3826 0.1695
vn 0.1195 -0.3826 0.9162
vn 0.1903 -0.2487 0.9497
vn 0.2270 -0.1623 0.9603
vn 0.3178 -0.4783 0.8187
vn 0.3073 -0.2782 0.9100
vn 0.2921 -0.1700 0.9412
vn 0.6888 -0.4557 0.5638
vn 0.5306 -0.2872 0.7975
vn 0.4249 -0.1765 0.8879
vn 0.0895 -0.3772 0.9218
vn 0.3673 -0.2703 0.8899
vn 0.5203 -0.1792 0.8350
vn 0.5402 -0.5187 0.6627
vn 0.6020 -0.3034 0.7386
vn 0.6211 -0.1836 0.7619
vn 0.8848 -0.3772 0.2735
vn 0.7976 -0.2703 0.5393
vn 0.7129 -0.1792 0.6780
vn 0.4134 -0.4557 0.7883
vn 0.6741 -0.2872 0.6805
vn 0.7839 -0.1765 0.5952
vn 0.7378 -0.4783 0.4764
vn 0.8294 -0.2782 0.4845
vn 0.8629 -0.1700 0.4759
vn 0.8733 -0.3826 0.3018
vn 0.8918 -0.2487 0.3779
vn 0.8948 -0.1623 0.4160
vn 0.4418 -0.3826 -0.8114
vn 0.4043 -0.2487 -0.8802
vn 0.3808 -0.1623 -0.9103
vn 0.2241 -0.4783 -0.8491
vn 0.2863 -0.2782 -0.9169
vn 0.3169 -0.1700 -0.9331
vn -0.2258 -0.4557 -0.8610
vn 0.0395 -0.2872 -0.9570
vn 0.1781 -0.1765 -0.9681
vn 0.4694 -0.3772 -0.7983
vn 0.2259 -0.2703 -0.9359
vn 0.0698 -0.1792 -0.9813
vn -0.0475 -0.5187 -0.8537
vn -0.0529 -0.3034 -0.9514
vn -0.0546 -0.1836 -0.9815
vn -0.5551 -0.3772 -0.7414
vn -0.3283 -0.2703 -0.9051
vn -0.1782 -0.1792 -0.9675
vn 0.1290 -0.4557 -0.8807
vn -0.1454 -0.2872 -0.9468
vn -0.2844 -0.1765 -0.9423
vn -0.3169 -0.4783 -0.8191
vn -0.3862 -0.2782 -0.8795
vn -0.4184 -0.1700 -0.8922
vn -0.5291 -0.3826 -0.7574
vn -0.4994 -0.2487 -0.8299
vn -0.4794 -0.1623 -0.8625
vn -0.5218 0.4432 -0.7289
vn -0.5014 0.2407 -0.8311
vn -0.4757 0.1415 -0.8681
vn -0.2964 0.5578 -0.7752
vn -0.3764 0.2743 -0.8849
vn -0.4074 0.1491 -0.9010
vn 0.1357 0.5300 -0.8371
vn -0.1326 0.2808 -0.9506
vn -0.2735 0.1540 -0.9495
vn -0.5327 0.4426 -0.7213
vn -0.3236 0.2635 -0.9088
vn -0.1751 0.1562 -0.9721
vn -0.0444 0.6007 -0.7983
vn -0.0530 0.2965 -0.9535
vn -0.0548 0.1602 -0.9856
vn 0.4494 0.4426 -0.7760
vn 0.2208 0.2635 -0.9391
vn 0.0662 0.1562 -0.9855
vn -0.2277 0.5300 -0.8169
vn 0.0263 0.2808 -0.9594
vn 0.1665 0.1540 -0.9739
vn 0.2086 0.5578 -0.8033
vn 0.2759 0.2743 -0.9212
vn 0.3049 0.1491 -0.9406
vn 0.4377 0.4432 -0.7823
vn 0.4061 0.2407 -0.8816
vn 0.3765 0.1415 -0.9155
vn 0.9945 0.0766 0.0714
vn 0.9932 0.0940 0.0692
vn 0.9923 0.1043 0.0665
vn 0.9967 0.0782 0.0233
vn 0.9952 0.0961 0.0193
vn 0.9942 0.1066 0.0145
vn 0.9930 0.0812 -0.0855
vn 0.9910 0.0996 -0.0893
vn 0.9895 0.1105 -0.0937
vn 0.9511 0.0842 -0.2970
vn 0.9494 0.1033 -0.2965
vn 0.9483 0.1143 -0.2962
vn 0.9291 0.0844 -0.3601
vn 0.9274 0.1035 -0.3594
vn 0.9263 0.1146 -0.3590
vn 0.9029 0.0842 -0.4215
vn 0.9013 0.1033 -0.4207
vn 0.9002 0.1143 -0.4202
vn 0.7913 0.0812 -0.6060
vn 0.7924 0.0996 -0.6019
vn 0.7942 0.1105 -0.5975
vn 0.7207 0.0782 -0.6888
vn 0.7223 0.0961 -0.6849
vn 0.7248 0.1066 -0.6807
vn 0.6866 0.0766 -0.7229
vn 0.6871 0.0940 -0.7204
vn 0.6884 0.1043 -0.7178
vn -0.0063 0.4432 0.8964
vn -0.0829 0.2407 0.9671
vn -0.1254 0.1415 0.9820
vn -0.2158 0.5578 0.8014
vn -0.2157 0.2743 0.9372
vn -0.2000 0.1491 0.9684
vn -0.6018 0.5300 0.5975
vn -0.4515 0.2808 0.8469
vn -0.3368 0.1540 0.9289
vn 0.0069 0.4426 0.8967
vn -0.2724 0.2635 0.9254
vn -0.4297 0.1562 0.8893
vn -0.4333 0.6007 0.6719
vn -0.5176 0.2965 0.8026
vn -0.5349 0.1602 0.8296
vn -0.8197 0.4426 0.3636
vn -0.7306 0.2635 0.6299
vn -0.6328 0.1562 0.7584
vn -0.2959 0.5300 0.7947
vn -0.5852 0.2808 0.7607
vn -0.7072 0.1540 0.6901
vn -0.6410 0.5578 0.5273
vn -0.7647 0.2743 0.5831
vn -0.7996 0.1491 0.5817
vn -0.8140 0.4432 0.3756
vn -0.8467 0.2407 0.4745
vn -0.8427 0.1415 0.5194
vn -0.7626 0.0766 -0.6423
vn -0.7628 0.0940 -0.6398
vn -0.7637 0.1043 -0.6371
vn -0.7926 0.0782 -0.6047
vn -0.7938 0.0961 -0.6006
vn -0.7958 0.1066 -0.5961
vn -0.8537 0.0812 -0.5145
vn -0.8542 0.0996 -0.5103
vn -0.8556 0.1105 -0.5058
vn -0.9441 0.0842 -0.3188
vn -0.9424 0.1033 -0.3182
vn -0.9412 0.1143 -0.3178
vn -0.9633 0.0844 -0.2548
vn -0.9616 0.1035 -0.2543
vn -0.9604 0.1146 -0.2540
vn -0.9782 0.0842 -0.1897
vn -0.9765 0.1033 -0.1894
vn -0.9753 0.1143 -0.1892
vn -0.9964 0.0812 0.0251
vn -0.9948 0.0996 0.0212
vn -0.9937 0.1105 0.0166
vn -0.9879 0.0782 0.1337
vn -0.9869 0.0961 0.1296
vn -0.9865 0.1066 0.1247
vn -0.9804 0.0766 0.1813
vn -0.9794 0.0940 0.1789
vn -0.9788 0.1043 0.1761
vn 0.2394 0.0766 0.9679
vn 0.2411 0.0940 0.9659
vn 0.2434 0.1043 0.9643
vn 0.2858 0.0782 0.9551
vn 0.2892 0.0961 0.9524
vn 0.2934 0.1066 0.9500
vn 0.3882 0.0812 0.9180
vn 0.3912 0.0996 0.9149
vn 0.3949 0.1105 0.9121
vn 0.5764 0.0842 0.8128
vn 0.5754 0.1033 0.8113
vn 0.5747 0.1143 0.8103
vn 0.6296 0.0844 0.7724
vn 0.6284 0.1035 0.7710
vn 0.6276 0.1146 0.7700
vn 0.6799 0.0842 0.7285
vn 0.6787 0.1033 0.7272
vn 0.6778 0.1143 0.7263
vn 0.8209 0.0812 0.5653
vn 0.8173 0.0996 0.5676
vn 0.8137 0.1105 0.5707
vn 0.8778 0.0782 0.4725
vn 0.8746 0.0961 0.4753
vn 0.8713 0.1066 0.4790
vn 0.8997 0.0766 0.4296
vn 0.8975 0.0940 0.4309
vn 0.8954 0.1043 0.4328
vn 0.7461 0.5111 0.4267
vn 0.7858 0.5042 0.3583
vn 0.8364 0.4433 0.3223
vn 0.8668 0.2561 0.4278
vn 0.8796 0.2568 0.4004
vn 0.8888 0.2423 0.3889
vn 0.8989 0.1420 0.4146
vn 0.9007 0.1436 0.4100
vn 0.8989 0.1427 0.4143
vt 0.000000 0.000000
s 1
f 1281/1/1281 1282/1/1282 1285/1/1285 1284/1/1284
f 1282/1/1282 1283/1/1283 1286/1/1286 1285/1/1285
f 1284/1/1284 1285/1/1285 1288/1/1288 1287/1/1287
f 1285/1/1285 1286/1/1286 1289/1/1289 1288/1/1288
f 122/1/122 1191/1/1191 1281/1/1281 924/1/924
f 1191/1/1191 1192/1/1192 1282/1/1282 1281/1/1281
f 1192/1/1192 1193/1/1193 1283/1/1283 1282/1/1282
f 1193/1/1193 21/1/21 377/1/377 1283/1/1283
f 1283/1/1283 377/1/377 376/1/376 1286/1/1286
f 1286/1/1286 376/1/376 375/1/375 1289/1/1289
f 1289/1/1289 375/1/375 42/1/42 1194/1/1194
f 1288/1/1288 1289/1/1289 1194/1/1194 1195/1/1195
f 1287/1/1287 1288/1/1288 1195/1/1195 1196/1/1196
f 926/1/926 1287/1/1287 1196/1/1196 141/1/141
f 925/1/925 1284/1/1284 1287/1/1287 926/1/926
f 924/1/924 1281/1/1281 1284/1/1284 925/1/925
f 1290/1/1290 1291/1/1291 1294/1/1294 1293/1/1293
f 1291/1/1291 1292/1/1292 1295/1/1295 1294/1/1294
f 1293/1/1293 1294/1/1294 1297/1/1297 1296/1/1296
f 1294/1/1294 1295/1/1295 1298/1/1298 1297/1/1297
f 185/1/185 1172/1/1172 1290/1/1290 1083/1/1083
f 1172/1/1172 1171/1/1171 1291/1/1291 1290/1/1290
f 1171/1/1171 1170/1/1170 1292/1/1292 1291/1/1291
f 1170/1/1170 85/1/85 260/1/260 1292/1/1292
f 1292/1/1292 260/1/260 259/1/259 1295/1/1295
f 1295/1/1295 259/1/259 258/1/258 1298/1/1298
f 1298/1/1298 258/1/258 26/1/26 1205/1/1205
f 1297/1/1297 1298/1/1298 1205/1/1205 1204/1/1204
f 1296/1/1296 1297/1/1297 1204/1/1204 1203/1/1203
f 1085/1/1085 1296/1/1296 1203/1/1203 126/1/126
f 1084/1/1084 1293/1/1293 1296/1/1296 1085/1/1085
f 1083/1/1083 1290/1/1290 1293/1/1293 1084/1/1084
f 1299/1/1299 1300/1/1300 1303/1/1303 1302/1/1302
f 1300/1/1300 1301/1/1301 1304/1/1304 1303/1/1303
f 1302/1/1302 1303/1/1303 1306/1/1306 1305/1/1305
f 1303/1/1303 1304/1/1304 1307/1/1307 1306/1/1306
f 193/1/193 1181/1/1181 1299/1/1299 1116/1/1116
f 1181/1/1181 1180/1/1180 1300/1/1300 1299/1/1299
f 1180/1/1180 1179/1/1179 1301/1/1301 1300/1/1300
f 1179/1/1179 82/1/82 599/1/599 1301/1/1301
f 1301/1/1301 599/1/599 598/1/598 1304/1/1304
f 1304/1/1304 598/1/598 597/1/597 1307/1/1307
f 1307/1/1307 597/1/597 33/1/33 1229/1/1229
f 1306/1/1306 1307/1/1307 1229/1/1229 1228/1/1228
f 1305/1/1305 1306/1/1306 1228/1/1228 1227/1/1227
f 1118/1/1118 1305/1/1305 1227/1/1227 134/1/134
f 1117/1/1117 1302/1/1302 1305/1/1305 1118/1/1118
f 1116/1/1116 1299/1/1299 1302/1/1302 1117/1/1117
f 1308/1/1308 1309/1/1309 1312/1/1312 1311/1/1311
f 1309/1/1309 1310/1/1310 1313/1/1313 1312/1/1312
f 1311/1/1311 1312/1/1312 1315/1/1315 1314/1/1314
f 1312/1/1312 1313/1/1313 1316/1/1316 1315/1/1315
f 25/1/25 1199/1/1199 1308/1/1308 351/1/351
f 1199/1/1199 1198/1/1198 1309/1/1309 1308/1/1308
f 1198/1/1198 1197/1/1197 1310/1/1310 1309/1/1309
f 1197/1/1197 121/1/121 902/1/902 1310/1/1310
f 1310/1/1310 902/1/902 901/1/901 1313/1/1313
f 1313/1/1313 901/1/901 900/1/900 1316/1/1316
f 1316/1/1316 900/1/900 142/1/142 1200/1/1200
f 1315/1/1315 1316/1/1316 1200/1/1200 1201/1/1201
f 1314/1/1314 1315/1/1315 1201/1/1201 1202/1/1202
f 353/1/353 1314/1/1314 1202/1/1202 45/1/45
f 352/1/352 1311/1/1311 1314/1/1314 353/1/353
f 351/1/351 1308/1/1308 1311/1/1311 352/1/352
f 1317/1/1317 1318/1/1318 1321/1/1321 1320/1/1320
f 1318/1/1318 1319/1/1319 1322/1/1322 1321/1/1321
f 1320/1/1320 1321/1/1321 1324/1/1324 1323/1/1323
f 1321/1/1321 1322/1/1322 1325/1/1325 1324/1/1324
f 126/1/126 1203/1/1203 1317/1/1317 843/1/843
f 1203/1/1203 1204/1/1204 1318/1/1318 1317/1/1317
f 1204/1/1204 1205/1/1205 1319/1/1319 1318/1/1318
f 1205/1/1205 26/1/26 371/1/371 1319/1/1319
f 1319/1/1319 371/1/371 370/1/370 1322/1/1322
f 1322/1/1322 370/1/370 369/1/369 1325/1/1325
f 1325/1/1325 369/1/369 46/1/46 1206/1/1206
f 1324/1/1324 1325/1/1325 1206/1/1206 1207/1/1207
f 1323/1/1323 1324/1/1324 1207/1/1207 1208/1/1208
f 845/1/845 1323/1/1323 1208/1/1208 145/1/145
f 844/1/844 1320/1/1320 1323/1/1323 845/1/845
f 843/1/843 1317/1/1317 1320/1/1320 844/1/844
f 1326/1/1326 1327/1/1327 1330/1/1330 1329/1/1329
f 1327/1/1327 1328/1/1328 1331/1/1331 1330/1/1330
f 1329/1/1329 1330/1/1330 1333/1/1333 1332/1/1332
f 1330/1/1330 1331/1/1331 1334/1/1334 1333/1/1333
f 97/1/97 1184/1/1184 1326/1/1326 663/1/663
f 1184/1/1184 1183/1/1183 1327/1/1327 1326/1/1326
f 1183/1/1183 1182/1/1182 1328/1/1328 1327/1/1327
f 1182/1/1182 194/1/194 1109/1/1109 1328/1/1328
f 1328/1/1328 1109/1/1109 1108/1/1108 1331/1/1331
f 1331/1/1331 1108/1/1108 1107/1/1107 1334/1/1334
f 1334/1/1334 1107/1/1107 133/1/133 1233/1/1233
f 1333/1/1333 1334/1/1334 1233/1/1233 1234/1/1234
f 1332/1/1332 1333/1/1333 1234/1/1234 1235/1/1235
f 665/1/665 1332/1/1332 1235/1/1235 38/1/38
f 664/1/664 1329/1/1329 1332/1/1332 665/1/665
f 663/1/663 1326/1/1326 1329/1/1329 664/1/664
f 1335/1/1335 1336/1/1336 1339/1/1339 1338/1/1338
f 1336/1/1336 1337/1/1337 1340/1/1340 1339/1/1339
f 1338/1/1338 1339/1/1339 1342/1/1342 1341/1/1341
f 1339/1/1339 1340/1/1340 1343/1/1343 1342/1/1342
f 129/1/129 1217/1/1217 1335/1/1335 945/1/945
f 1217/1/1217 1216/1/1216 1336/1/1336 1335/1/1335
f 1216/1/1216 1215/1/1215 1337/1/1337 1336/1/1336
f 1215/1/1215 29/1/29 437/1/437 1337/1/1337
f 1337/1/1337 437/1/437 436/1/436 1340/1/1340
f 1340/1/1340 436/1/436 435/1/435 1343/1/1343
f 1343/1/1343 435/1/435 50/1/50 1224/1/1224
f 1342/1/1342 1343/1/1343 1224/1/1224 1225/1/1225
f 1341/1/1341 1342/1/1342 1225/1/1225 1226/1/1226
f 947/1/947 1341/1/1341 1226/1/1226 149/1/149
f 946/1/946 1338/1/1338 1341/1/1341 947/1/947
f 945/1/945 1335/1/1335 1338/1/1338 946/1/946
f 1344/1/1344 1345/1/1345 1348/1/1348 1347/1/1347
f 1345/1/1345 1346/1/1346 1349/1/1349 1348/1/1348
f 1347/1/1347 1348/1/1348 1351/1/1351 1350/1/1350
f 1348/1/1348 1349/1/1349 1352/1/1352 1351/1/1351
f 89/1/89 1190/1/1190 1344/1/1344 639/1/639
f 1190/1/1190 1189/1/1189 1345/1/1345 1344/1/1344
f 1189/1/1189 1188/1/1188 1346/1/1346 1345/1/1345
f 1188/1/1188 189/1/189 755/1/755 1346/1/1346
f 1346/1/1346 755/1/755 754/1/754 1349/1/1349
f 1349/1/1349 754/1/754 753/1/753 1352/1/1352
f 1352/1/1352 753/1/753 138/1/138 1244/1/1244
f 1351/1/1351 1352/1/1352 1244/1/1244 1243/1/1243
f 1350/1/1350 1351/1/1351 1243/1/1243 1242/1/1242
f 641/1/641 1350/1/1350 1242/1/1242 22/1/22
f 640/1/640 1347/1/1347 1350/1/1350 641/1/641
f 639/1/639 1344/1/1344 1347/1/1347 640/1/640
f 1353/1/1353 1354/1/1354 1357/1/1357 1356/1/1356
f 1354/1/1354 1355/1/1355 1358/1/1358 1357/1/1357
f 1356/1/1356 1357/1/1357 1360/1/1360 1359/1/1359
f 1357/1/1357 1358/1/1358 1361/1/1361 1360/1/1360
f 49/1/49 1214/1/1214 1353/1/1353 552/1/552
f 1214/1/1214 1213/1/1213 1354/1/1354 1353/1/1353
f 1213/1/1213 1212/1/1212 1355/1/1355 1354/1/1354
f 1212/1/1212 146/1/146 1010/1/1010 1355/1/1355
f 1355/1/1355 1010/1/1010 1009/1/1009 1358/1/1358
f 1358/1/1358 1009/1/1009 1008/1/1008 1361/1/1361
f 1361/1/1361 1008/1/1008 165/1/165 1257/1/1257
f 1360/1/1360 1361/1/1361 1257/1/1257 1258/1/1258
f 1359/1/1359 1360/1/1360 1258/1/1258 1259/1/1259
f 554/1/554 1359/1/1359 1259/1/1259 70/1/70
f 553/1/553 1356/1/1356 1359/1/1359 554/1/554
f 552/1/552 1353/1/1353 1356/1/1356 553/1/553
f 1362/1/1362 1363/1/1363 1366/1/1366 1365/1/1365
f 1363/1/1363 1364/1/1364 1367/1/1367 1366/1/1366
f 1365/1/1365 1366/1/1366 1369/1/1369 1368/1/1368
f 1366/1/1366 1367/1/1367 1370/1/1370 1369/1/1369
f 81/1/81 1178/1/1178 1362/1/1362 606/1/606
f 1178/1/1178 1177/1/1177 1363/1/1363 1362/1/1362
f 1177/1/1177 1176/1/1176 1364/1/1364 1363/1/1363
f 1176/1/1176 181/1/181 695/1/695 1364/1/1364
f 1364/1/1364 695/1/695 694/1/694 1367/1/1367
f 1367/1/1367 694/1/694 693/1/693 1370/1/1370
f 1370/1/1370 693/1/693 130/1/130 1220/1/1220
f 1369/1/1369 1370/1/1370 1220/1/1220 1219/1/1219
f 1368/1/1368 1369/1/1369 1219/1/1219 1218/1/1218
f 608/1/608 1368/1/1368 1218/1/1218 34/1/34
f 607/1/607 1365/1/1365 1368/1/1368 608/1/608
f 606/1/606 1362/1/1362 1365/1/1365 607/1/607
f 1371/1/1371 1372/1/1372 1375/1/1375 1374/1/1374
f 1372/1/1372 1373/1/1373 1376/1/1376 1375/1/1375
f 1374/1/1374 1375/1/1375 1378/1/1378 1377/1/1377
f 1375/1/1375 1376/1/1376 1379/1/1379 1378/1/1378
f 93/1/93 1169/1/1169 1371/1/1371 651/1/651
f 1169/1/1169 1168/1/1168 1372/1/1372 1371/1/1371
f 1168/1/1168 1167/1/1167 1373/1/1373 1372/1/1372
f 1167/1/1167 186/1/186 1076/1/1076 1373/1/1373
f 1373/1/1373 1076/1/1076 1075/1/1075 1376/1/1376
f 1376/1/1376 1075/1/1075 1074/1/1074 1379/1/1379
f 1379/1/1379 1074/1/1074 125/1/125 1209/1/1209
f 1378/1/1378 1379/1/1379 1209/1/1209 1210/1/1210
f 1377/1/1377 1378/1/1378 1210/1/1210 1211/1/1211
f 653/1/653 1377/1/1377 1211/1/1211 30/1/30
f 652/1/652 1374/1/1374 1377/1/1377 653/1/653
f 651/1/651 1371/1/1371 1374/1/1374 652/1/652
f 1380/1/1380 1381/1/1381 1384/1/1384 1383/1/1383
f 1381/1/1381 1382/1/1382 1385/1/1385 1384/1/1384
f 1383/1/1383 1384/1/1384 1387/1/1387 1386/1/1386
f 1384/1/1384 1385/1/1385 1388/1/1388 1387/1/1387
f 45/1/45 1202/1/1202 1380/1/1380 594/1/594
f 1202/1/1202 1201/1/1201 1381/1/1381 1380/1/1380
f 1201/1/1201 1200/1/1200 1382/1/1382 1381/1/1381
f 1200/1/1200 142/1/142 1016/1/1016 1382/1/1382
f 1382/1/1382 1016/1/1016 1015/1/1015 1385/1/1385
f 1385/1/1385 1015/1/1015 1014/1/1014 1388/1/1388
f 1388/1/1388 1014/1/1014 161/1/161 1251/1/1251
f 1387/1/1387 1388/1/1388 1251/1/1251 1252/1/1252
f 1386/1/1386 1387/1/1387 1252/1/1252 1253/1/1253
f 596/1/596 1386/1/1386 1253/1/1253 66/1/66
f 595/1/595 1383/1/1383 1386/1/1386 596/1/596
f 594/1/594 1380/1/1380 1383/1/1383 595/1/595
f 1389/1/1389 1390/1/1390 1393/1/1393 1392/1/1392
f 1390/1/1390 1391/1/1391 1394/1/1394 1393/1/1393
f 1392/1/1392 1393/1/1393 1396/1/1396 1395/1/1395
f 1393/1/1393 1394/1/1394 1397/1/1397 1396/1/1396
f 141/1/141 1196/1/1196 1389/1/1389 1029/1/1029
f 1196/1/1196 1195/1/1195 1390/1/1390 1389/1/1389
f 1195/1/1195 1194/1/1194 1391/1/1391 1390/1/1390
f 1194/1/1194 42/1/42 497/1/497 1391/1/1391
f 1391/1/1391 497/1/497 496/1/496 1394/1/1394
f 1394/1/1394 496/1/496 495/1/495 1397/1/1397
f 1397/1/1397 495/1/495 61/1/61 1254/1/1254
f 1396/1/1396 1397/1/1397 1254/1/1254 1255/1/1255
f 1395/1/1395 1396/1/1396 1255/1/1255 1256/1/1256
f 1031/1/1031 1395/1/1395 1256/1/1256 162/1/162
f 1030/1/1030 1392/1/1392 1395/1/1395 1031/1/1031
f 1029/1/1029 1389/1/1389 1392/1/1392 1030/1/1030
f 1398/1/1398 1399/1/1399 1402/1/1402 1401/1/1401
f 1399/1/1399 1400/1/1400 1403/1/1403 1402/1/1402
f 1401/1/1401 1402/1/1402 1405/1/1405 1404/1/1404
f 1402/1/1402 1403/1/1403 1406/1/1406 1405/1/1405
f 197/1/197 1136/1/1136 1398/1/1398 1128/1/1128
f 1136/1/1136 1135/1/1135 1399/1/1399 1398/1/1398
f 1135/1/1135 1134/1/1134 1400/1/1400 1399/1/1399
f 1134/1/1134 90/1/90 632/1/632 1400/1/1400
f 1400/1/1400 632/1/632 631/1/631 1403/1/1403
f 1403/1/1403 631/1/631 630/1/630 1406/1/1406
f 1406/1/1406 630/1/630 21/1/21 1193/1/1193
f 1405/1/1405 1406/1/1406 1193/1/1193 1192/1/1192
f 1404/1/1404 1405/1/1405 1192/1/1192 1191/1/1191
f 1130/1/1130 1404/1/1404 1191/1/1191 122/1/122
f 1129/1/1129 1401/1/1401 1404/1/1404 1130/1/1130
f 1128/1/1128 1398/1/1398 1401/1/1401 1129/1/1129
f 1407/1/1407 1408/1/1408 1411/1/1411 1410/1/1410
f 1408/1/1408 1409/1/1409 1412/1/1412 1411/1/1411
f 1410/1/1410 1411/1/1411 1414/1/1414 1413/1/1413
f 1411/1/1411 1412/1/1412 1415/1/1415 1414/1/1414
f 134/1/134 1227/1/1227 1407/1/1407 894/1/894
f 1227/1/1227 1228/1/1228 1408/1/1408 1407/1/1407
f 1228/1/1228 1229/1/1229 1409/1/1409 1408/1/1408
f 1229/1/1229 33/1/33 431/1/431 1409/1/1409
f 1409/1/1409 431/1/431 430/1/430 1412/1/1412
f 1412/1/1412 430/1/430 429/1/429 1415/1/1415
f 1415/1/1415 429/1/429 54/1/54 1230/1/1230
f 1414/1/1414 1415/1/1415 1230/1/1230 1231/1/1231
f 1413/1/1413 1414/1/1414 1231/1/1231 1232/1/1232
f 896/1/896 1413/1/1413 1232/1/1232 153/1/153
f 895/1/895 1410/1/1410 1413/1/1413 896/1/896
f 894/1/894 1407/1/1407 1410/1/1410 895/1/895
f 1416/1/1416 1417/1/1417 1420/1/1420 1419/1/1419
f 1417/1/1417 1418/1/1418 1421/1/1421 1420/1/1420
f 1419/1/1419 1420/1/1420 1423/1/1423 1422/1/1422
f 1420/1/1420 1421/1/1421 1424/1/1424 1423/1/1423
f 34/1/34 1218/1/1218 1416/1/1416 405/1/405
f 1218/1/1218 1219/1/1219 1417/1/1417 1416/1/1416
f 1219/1/1219 1220/1/1220 1418/1/1418 1417/1/1417
f 1220/1/1220 130/1/130 932/1/932 1418/1/1418
f 1418/1/1418 932/1/932 931/1/931 1421/1/1421
f 1421/1/1421 931/1/931 930/1/930 1424/1/1424
f 1424/1/1424 930/1/930 150/1/150 1221/1/1221
f 1423/1/1423 1424/1/1424 1221/1/1221 1222/1/1222
f 1422/1/1422 1423/1/1423 1222/1/1222 1223/1/1223
f 407/1/407 1422/1/1422 1223/1/1223 53/1/53
f 406/1/406 1419/1/1419 1422/1/1422 407/1/407
f 405/1/405 1416/1/1416 1419/1/1419 406/1/406
f 1425/1/1425 1426/1/1426 1429/1/1429 1428/1/1428
f 1426/1/1426 1427/1/1427 1430/1/1430 1429/1/1429
f 1428/1/1428 1429/1/1429 1432/1/1432 1431/1/1431
f 1429/1/1429 1430/1/1430 1433/1/1433 1432/1/1432
f 137/1/137 1241/1/1241 1425/1/1425 846/1/846
f 1241/1/1241 1240/1/1240 1426/1/1426 1425/1/1425
f 1240/1/1240 1239/1/1239 1427/1/1427 1426/1/1426
f 1239/1/1239 37/1/37 467/1/467 1427/1/1427
f 1427/1/1427 467/1/467 466/1/466 1430/1/1430
f 1430/1/1430 466/1/466 465/1/465 1433/1/1433
f 1433/1/1433 465/1/465 58/1/58 1248/1/1248
f 1432/1/1432 1433/1/1433 1248/1/1248 1249/1/1249
f 1431/1/1431 1432/1/1432 1249/1/1249 1250/1/1250
f 848/1/848 1431/1/1431 1250/1/1250 157/1/157
f 847/1/847 1428/1/1428 1431/1/1431 848/1/848
f 846/1/846 1425/1/1425 1428/1/1428 847/1/847
f 1434/1/1434 1435/1/1435 1438/1/1438 1437/1/1437
f 1435/1/1435 1436/1/1436 1439/1/1439 1438/1/1438
f 1437/1/1437 1438/1/1438 1441/1/1441 1440/1/1440
f 1438/1/1438 1439/1/1439 1442/1/1442 1441/1/1441
f 22/1/22 1242/1/1242 1434/1/1434 399/1/399
f 1242/1/1242 1243/1/1243 1435/1/1435 1434/1/1434
f 1243/1/1243 1244/1/1244 1436/1/1436 1435/1/1435
f 1244/1/1244 138/1/138 866/1/866 1436/1/1436
f 1436/1/1436 866/1/866 865/1/865 1439/1/1439
f 1439/1/1439 865/1/865 864/1/864 1442/1/1442
f 1442/1/1442 864/1/864 158/1/158 1245/1/1245
f 1441/1/1441 1442/1/1442 1245/1/1245 1246/1/1246
f 1440/1/1440 1441/1/1441 1246/1/1246 1247/1/1247
f 401/1/401 1440/1/1440 1247/1/1247 41/1/41
f 400/1/400 1437/1/1437 1440/1/1440 401/1/401
f 399/1/399 1434/1/1434 1437/1/1437 400/1/400
f 1443/1/1443 1444/1/1444 1447/1/1447 1446/1/1446
f 1444/1/1444 1445/1/1445 1448/1/1448 1447/1/1447
f 1446/1/1446 1447/1/1447 1450/1/1450 1449/1/1449
f 1447/1/1447 1448/1/1448 1451/1/1451 1450/1/1450
f 30/1/30 1211/1/1211 1443/1/1443 459/1/459
f 1211/1/1211 1210/1/1210 1444/1/1444 1443/1/1443
f 1210/1/1210 1209/1/1209 1445/1/1445 1444/1/1444
f 1209/1/1209 125/1/125 821/1/821 1445/1/1445
f 1445/1/1445 821/1/821 820/1/820 1448/1/1448
f 1448/1/1448 820/1/820 819/1/819 1451/1/1451
f 1451/1/1451 819/1/819 146/1/146 1212/1/1212
f 1450/1/1450 1451/1/1451 1212/1/1212 1213/1/1213
f 1449/1/1449 1450/1/1450 1213/1/1213 1214/1/1214
f 461/1/461 1449/1/1449 1214/1/1214 49/1/49
f 460/1/460 1446/1/1446 1449/1/1449 461/1/461
f 459/1/459 1443/1/1443 1446/1/1446 460/1/460
f 1452/1/1452 1453/1/1453 1456/1/1456 1455/1/1455
f 1453/1/1453 1454/1/1454 1457/1/1457 1456/1/1456
f 1455/1/1455 1456/1/1456 1459/1/1459 1458/1/1458
f 1456/1/1456 1457/1/1457 1460/1/1460 1459/1/1459
f 182/1/182 1175/1/1175 1452/1/1452 669/1/669
f 1175/1/1175 1174/1/1174 1453/1/1453 1452/1/1452
f 1174/1/1174 1173/1/1173 1454/1/1454 1453/1/1453
f 1173/1/1173 94/1/94 644/1/644 1454/1/1454
f 1454/1/1454 644/1/644 643/1/643 1457/1/1457
f 1457/1/1457 643/1/643 642/1/642 1460/1/1460
f 1460/1/1460 642/1/642 29/1/29 1215/1/1215
f 1459/1/1459 1460/1/1460 1215/1/1215 1216/1/1216
f 1458/1/1458 1459/1/1459 1216/1/1216 1217/1/1217
f 671/1/671 1458/1/1458 1217/1/1217 129/1/129
f 670/1/670 1455/1/1455 1458/1/1458 671/1/671
f 669/1/669 1452/1/1452 1455/1/1455 670/1/670
f 1461/1/1461 1462/1/1462 1465/1/1465 1464/1/1464
f 1462/1/1462 1463/1/1463 1466/1/1466 1465/1/1465
f 1464/1/1464 1465/1/1465 1468/1/1468 1467/1/1467
f 1465/1/1465 1466/1/1466 1469/1/1469 1468/1/1468
f 38/1/38 1235/1/1235 1461/1/1461 489/1/489
f 1235/1/1235 1234/1/1234 1462/1/1462 1461/1/1461
f 1234/1/1234 1233/1/1233 1463/1/1463 1462/1/1462
f 1233/1/1233 133/1/133 872/1/872 1463/1/1463
f 1463/1/1463 872/1/872 871/1/871 1466/1/1466
f 1466/1/1466 871/1/871 870/1/870 1469/1/1469
f 1469/1/1469 870/1/870 154/1/154 1236/1/1236
f 1468/1/1468 1469/1/1469 1236/1/1236 1237/1/1237
f 1467/1/1467 1468/1/1468 1237/1/1237 1238/1/1238
f 491/1/491 1467/1/1467 1238/1/1238 57/1/57
f 490/1/490 1464/1/1464 1467/1/1467 491/1/491
f 489/1/489 1461/1/1461 1464/1/1464 490/1/490
f 1470/1/1470 1471/1/1471 1474/1/1474 1473/1/1473
f 1471/1/1471 1472/1/1472 1475/1/1475 1474/1/1474
f 1473/1/1473 1474/1/1474 1477/1/1477 1476/1/1476
f 1474/1/1474 1475/1/1475 1478/1/1478 1477/1/1477
f 190/1/190 1187/1/1187 1470/1/1470 729/1/729
f 1187/1/1187 1186/1/1186 1471/1/1471 1470/1/1470
f 1186/1/1186 1185/1/1185 1472/1/1472 1471/1/1471
f 1185/1/1185 98/1/98 656/1/656 1472/1/1472
f 1472/1/1472 656/1/656 655/1/655 1475/1/1475
f 1475/1/1475 655/1/655 654/1/654 1478/1/1478
f 1478/1/1478 654/1/654 37/1/37 1239/1/1239
f 1477/1/1477 1478/1/1478 1239/1/1239 1240/1/1240
f 1476/1/1476 1477/1/1477 1240/1/1240 1241/1/1241
f 731/1/731 1476/1/1476 1241/1/1241 137/1/137
f 730/1/730 1473/1/1473 1476/1/1476 731/1/731
f 729/1/729 1470/1/1470 1473/1/1473 730/1/730
f 1479/1/1479 1480/1/1480 1483/1/1483 1482/1/1482
f 1480/1/1480 1481/1/1481 1484/1/1484 1483/1/1483
f 1482/1/1482 1483/1/1483 1486/1/1486 1485/1/1485
f 1483/1/1483 1484/1/1484 1487/1/1487 1486/1/1486
f 157/1/157 1250/1/1250 1479/1/1479 948/1/948
f 1250/1/1250 1249/1/1249 1480/1/1480 1479/1/1479
f 1249/1/1249 1248/1/1248 1481/1/1481 1480/1/1480
f 1248/1/1248 58/1/58 560/1/560 1481/1/1481
f 1481/1/1481 560/1/560 559/1/559 1484/1/1484
f 1484/1/1484 559/1/559 558/1/558 1487/1/1487
f 1487/1/1487 558/1/558 77/1/77 1275/1/1275
f 1486/1/1486 1487/1/1487 1275/1/1275 1276/1/1276
f 1485/1/1485 1486/1/1486 1276/1/1276 1277/1/1277
f 950/1/950 1485/1/1485 1277/1/1277 178/1/178
f 949/1/949 1482/1/1482 1485/1/1485 950/1/950
f 948/1/948 1479/1/1479 1482/1/1482 949/1/949
f 1488/1/1488 1489/1/1489 1492/1/1492 1491/1/1491
f 1489/1/1489 1490/1/1490 1493/1/1493 1492/1/1492
f 1491/1/1491 1492/1/1492 1495/1/1495 1494/1/1494
f 1492/1/1492 1493/1/1493 1496/1/1496 1495/1/1495
f 153/1/153 1232/1/1232 1488/1/1488 987/1/987
f 1232/1/1232 1231/1/1231 1489/1/1489 1488/1/1488
f 1231/1/1231 1230/1/1230 1490/1/1490 1489/1/1489
f 1230/1/1230 54/1/54 533/1/533 1490/1/1490
f 1490/1/1490 533/1/533 532/1/532 1493/1/1493
f 1493/1/1493 532/1/532 531/1/531 1496/1/1496
f 1496/1/1496 531/1/531 73/1/73 1269/1/1269
f 1495/1/1495 1496/1/1496 1269/1/1269 1270/1/1270
f 1494/1/1494 1495/1/1495 1270/1/1270 1271/1/1271
f 989/1/989 1494/1/1494 1271/1/1271 174/1/174
f 988/1/988 1491/1/1491 1494/1/1494 989/1/989
f 987/1/987 1488/1/1488 1491/1/1491 988/1/988
f 1498/1/1498 1499/1/1499 1497/1/1497 1577/1/1577
f 1500/1/1500 1501/1/1501 1497/1/1497 1499/1/1499
f 1502/1/1502 1503/1/1503 1497/1/1497 1501/1/1501
f 1504/1/1504 1505/1/1505 1497/1/1497 1503/1/1503
f 1506/1/1506 1507/1/1507 1497/1/1497 1505/1/1505
f 1508/1/1508 1509/1/1509 1497/1/1497 1507/1/1507
f 1510/1/1510 1511/1/1511 1497/1/1497 1509/1/1509
f 1512/1/1512 1513/1/1513 1497/1/1497 1511/1/1511
f 1514/1/1514 1515/1/1515 1497/1/1497 1513/1/1513
f 1516/1/1516 1517/1/1517 1497/1/1497 1515/1/1515
f 1518/1/1518 1519/1/1519 1497/1/1497 1517/1/1517
f 1520/1/1520 1521/1/1521 1497/1/1497 1519/1/1519
f 1522/1/1522 1523/1/1523 1497/1/1497 1521/1/1521
f 1524/1/1524 1525/1/1525 1497/1/1497 1523/1/1523
f 1526/1/1526 1527/1/1527 1497/1/1497 1525/1/1525
f 1528/1/1528 1529/1/1529 1497/1/1497 1527/1/1527
f 1530/1/1530 1531/1/1531 1497/1/1497 1529/1/1529
f 1532/1/1532 1533/1/1533 1497/1/1497 1531/1/1531
f 1534/1/1534 1535/1/1535 1497/1/1497 1533/1/1533
f 1536/1/1536 1537/1/1537 1497/1/1497 1535/1/1535
f 1538/1/1538 1539/1/1539 1497/1/1497 1537/1/1537
f 1540/1/1540 1541/1/1541 1497/1/1497 1539/1/1539
f 1542/1/1542 1543/1/1543 1497/1/1497 1541/1/1541
f 1544/1/1544 1545/1/1545 1497/1/1497 1543/1/1543
f 1546/1/1546 1547/1/1547 1497/1/1497 1545/1/1545
f 1548/1/1548 1549/1/1549 1497/1/1497 1547/1/1547
f 1550/1/1550 1551/1/1551 1497/1/1497 1549/1/1549
f 1552/1/1552 1553/1/1553 1497/1/1497 1551/1/1551
f 1554/1/1554 1555/1/1555 1497/1/1497 1553/1/1553
f 1556/1/1556 1557/1/1557 1497/1/1497 1555/1/1555
f 1558/1/1558 1559/1/1559 1497/1/1497 1557/1/1557
f 1560/1/1560 1561/1/1561 1497/1/1497 1559/1/1559
f 1562/1/1562 1563/1/1563 1497/1/1497 1561/1/1561
f 1564/1/1564 1565/1/1565 1497/1/1497 1563/1/1563
f 1566/1/1566 1567/1/1567 1497/1/1497 1565/1/1565
f 1568/1/1568 1569/1/1569 1497/1/1497 1567/1/1567
f 1570/1/1570 1571/1/1571 1497/1/1497 1569/1/1569
f 1572/1/1572 1573/1/1573 1497/1/1497 1571/1/1571
f 1574/1/1574 1575/1/1575 1497/1/1497 1573/1/1573
f 1576/1/1576 1577/1/1577 1497/1/1497 1575/1/1575
f 161/1/161 1013/1/1013 1498/1/1498 1251/1/1251
f 1013/1/1013 1012/1/1012 1499/1/1499 1498/1/1498
f 1251/1/1251 1498/1/1498 1577/1/1577 1252/1/1252
f 163/1/163 1022/1/1022 1500/1/1500 1011/1/1011
f 1022/1/1022 1021/1/1021 1501/1/1501 1500/1/1500
f 1011/1/1011 1500/1/1500 1499/1/1499 1012/1/1012
f 164/1/164 1028/1/1028 1502/1/1502 1020/1/1020
f 1028/1/1028 1027/1/1027 1503/1/1503 1502/1/1502
f 1020/1/1020 1502/1/1502 1501/1/1501 1021/1/1021
f 162/1/162 1256/1/1256 1504/1/1504 1026/1/1026
f 1256/1/1256 1255/1/1255 1505/1/1505 1504/1/1504
f 1026/1/1026 1504/1/1504 1503/1/1503 1027/1/1027
f 61/1/61 494/1/494 1506/1/1506 1254/1/1254
f 494/1/494 493/1/493 1507/1/1507 1506/1/1506
f 1254/1/1254 1506/1/1506 1505/1/1505 1255/1/1255
f 63/1/63 503/1/503 1508/1/1508 492/1/492
f 503/1/503 502/1/502 1509/1/1509 1508/1/1508
f 492/1/492 1508/1/1508 1507/1/1507 493/1/493
f 64/1/64 509/1/509 1510/1/1510 501/1/501
f 509/1/509 508/1/508 1511/1/1511 1510/1/1510
f 501/1/501 1510/1/1510 1509/1/1509 502/1/502
f 62/1/62 1280/1/1280 1512/1/1512 507/1/507
f 1280/1/1280 1279/1/1279 1513/1/1513 1512/1/1512
f 507/1/507 1512/1/1512 1511/1/1511 508/1/508
f 177/1/177 965/1/965 1514/1/1514 1278/1/1278
f 965/1/965 964/1/964 1515/1/1515 1514/1/1514
f 1278/1/1278 1514/1/1514 1513/1/1513 1279/1/1279
f 179/1/179 959/1/959 1516/1/1516 963/1/963
f 959/1/959 958/1/958 1517/1/1517 1516/1/1516
f 963/1/963 1516/1/1516 1515/1/1515 964/1/964
f 180/1/180 953/1/953 1518/1/1518 957/1/957
f 953/1/953 952/1/952 1519/1/1519 1518/1/1518
f 957/1/957 1518/1/1518 1517/1/1517 958/1/958
f 178/1/178 1277/1/1277 1520/1/1520 951/1/951
f 1277/1/1277 1276/1/1276 1521/1/1521 1520/1/1520
f 951/1/951 1520/1/1520 1519/1/1519 952/1/952
f 77/1/77 557/1/557 1522/1/1522 1275/1/1275
f 557/1/557 556/1/556 1523/1/1523 1522/1/1522
f 1275/1/1275 1522/1/1522 1521/1/1521 1276/1/1276
f 79/1/79 566/1/566 1524/1/1524 555/1/555
f 566/1/566 565/1/565 1525/1/1525 1524/1/1524
f 555/1/555 1524/1/1524 1523/1/1523 556/1/556
f 80/1/80 572/1/572 1526/1/1526 564/1/564
f 572/1/572 571/1/571 1527/1/1527 1526/1/1526
f 564/1/564 1526/1/1526 1525/1/1525 565/1/565
f 78/1/78 1274/1/1274 1528/1/1528 570/1/570
f 1274/1/1274 1273/1/1273 1529/1/1529 1528/1/1528
f 570/1/570 1528/1/1528 1527/1/1527 571/1/571
f 173/1/173 971/1/971 1530/1/1530 1272/1/1272
f 971/1/971 970/1/970 1531/1/1531 1530/1/1530
f 1272/1/1272 1530/1/1530 1529/1/1529 1273/1/1273
f 175/1/175 980/1/980 1532/1/1532 969/1/969
f 980/1/980 979/1/979 1533/1/1533 1532/1/1532
f 969/1/969 1532/1/1532 1531/1/1531 970/1/970
f 176/1/176 986/1/986 1534/1/1534 978/1/978
f 986/1/986 985/1/985 1535/1/1535 1534/1/1534
f 978/1/978 1534/1/1534 1533/1/1533 979/1/979
f 174/1/174 1271/1/1271 1536/1/1536 984/1/984
f 1271/1/1271 1270/1/1270 1537/1/1537 1536/1/1536
f 984/1/984 1536/1/1536 1535/1/1535 985/1/985
f 73/1/73 530/1/530 1538/1/1538 1269/1/1269
f 530/1/530 529/1/529 1539/1/1539 1538/1/1538
f 1269/1/1269 1538/1/1538 1537/1/1537 1270/1/1270
f 75/1/75 524/1/524 1540/1/1540 528/1/528
f 524/1/524 523/1/523 1541/1/1541 1540/1/1540
f 528/1/528 1540/1/1540 1539/1/1539 529/1/529
f 76/1/76 518/1/518 1542/1/1542 522/1/522
f 518/1/518 517/1/517 1543/1/1543 1542/1/1542
f 522/1/522 1542/1/1542 1541/1/1541 523/1/523
f 74/1/74 1265/1/1265 1544/1/1544 516/1/516
f 1265/1/1265 1264/1/1264 1545/1/1545 1544/1/1544
f 516/1/516 1544/1/1544 1543/1/1543 517/1/517
f 169/1/169 1034/1/1034 1546/1/1546 1263/1/1263
f 1034/1/1034 1033/1/1033 1547/1/1547 1546/1/1546
f 1263/1/1263 1546/1/1546 1545/1/1545 1264/1/1264
f 171/1/171 1043/1/1043 1548/1/1548 1032/1/1032
f 1043/1/1043 1042/1/1042 1549/1/1549 1548/1/1548
f 1032/1/1032 1548/1/1548 1547/1/1547 1033/1/1033
f 172/1/172 1049/1/1049 1550/1/1550 1041/1/1041
f 1049/1/1049 1048/1/1048 1551/1/1551 1550/1/1550
f 1041/1/1041 1550/1/1550 1549/1/1549 1042/1/1042
f 170/1/170 1268/1/1268 1552/1/1552 1047/1/1047
f 1268/1/1268 1267/1/1267 1553/1/1553 1552/1/1552
f 1047/1/1047 1552/1/1552 1551/1/1551 1048/1/1048
f 69/1/69 536/1/536 1554/1/1554 1266/1/1266
f 536/1/536 535/1/535 1555/1/1555 1554/1/1554
f 1266/1/1266 1554/1/1554 1553/1/1553 1267/1/1267
f 71/1/71 545/1/545 1556/1/1556 534/1/534
f 545/1/545 544/1/544 1557/1/1557 1556/1/1556
f 534/1/534 1556/1/1556 1555/1/1555 535/1/535
f 72/1/72 551/1/551 1558/1/1558 543/1/543
f 551/1/551 550/1/550 1559/1/1559 1558/1/1558
f 543/1/543 1558/1/1558 1557/1/1557 544/1/544
f 70/1/70 1259/1/1259 1560/1/1560 549/1/549
f 1259/1/1259 1258/1/1258 1561/1/1561 1560/1/1560
f 549/1/549 1560/1/1560 1559/1/1559 550/1/550
f 165/1/165 1007/1/1007 1562/1/1562 1257/1/1257
f 1007/1/1007 1006/1/1006 1563/1/1563 1562/1/1562
f 1257/1/1257 1562/1/1562 1561/1/1561 1258/1/1258
f 167/1/167 1001/1/1001 1564/1/1564 1005/1/1005
f 1001/1/1001 1000/1/1000 1565/1/1565 1564/1/1564
f 1005/1/1005 1564/1/1564 1563/1/1563 1006/1/1006
f 168/1/168 995/1/995 1566/1/1566 999/1/999
f 995/1/995 994/1/994 1567/1/1567 1566/1/1566
f 999/1/999 1566/1/1566 1565/1/1565 1000/1/1000
f 166/1/166 1262/1/1262 1568/1/1568 993/1/993
f 1262/1/1262 1261/1/1261 1569/1/1569 1568/1/1568
f 993/1/993 1568/1/1568 1567/1/1567 994/1/994
f 65/1/65 578/1/578 1570/1/1570 1260/1/1260
f 578/1/578 577/1/577 1571/1/1571 1570/1/1570
f 1260/1/1260 1570/1/1570 1569/1/1569 1261/1/1261
f 67/1/67 587/1/587 1572/1/1572 576/1/576
f 587/1/587 586/1/586 1573/1/1573 1572/1/1572
f 576/1/576 1572/1/1572 1571/1/1571 577/1/577
f 68/1/68 593/1/593 1574/1/1574 585/1/585
f 593/1/593 592/1/592 1575/1/1575 1574/1/1574
f 585/1/585 1574/1/1574 1573/1/1573 586/1/586
f 66/1/66 1253/1/1253 1576/1/1576 591/1/591
f 1253/1/1253 1252/1/1252 1577/1/1577 1576/1/1576
f 591/1/591 1576/1/1576 1575/1/1575 592/1/592
f 1578/1/1578 1579/1/1579 1582/1/1582 1581/1/1581
f 1579/1/1579 1580/1/1580 1583/1/1583 1582/1/1582
f 1581/1/1581 1582/1/1582 1585/1/1585 1584/1/1584
f 1582/1/1582 1583/1/1583 1586/1/1586 1585/1/1585
f 41/1/41 1247/1/1247 1578/1/1578 510/1/510
f 1247/1/1247 1246/1/1246 1579/1/1579 1578/1/1578
f 1246/1/1246 1245/1/1245 1580/1/1580 1579/1/1579
f 1245/1/1245 158/1/158 968/1/968 1580/1/1580
f 1580/1/1580 968/1/968 967/1/967 1583/1/1583
f 1583/1/1583 967/1/967 966/1/966 1586/1/1586
f 1586/1/1586 966/1/966 177/1/177 1278/1/1278
f 1585/1/1585 1586/1/1586 1278/1/1278 1279/1/1279
f 1584/1/1584 1585/1/1585 1279/1/1279 1280/1/1280
f 512/1/512 1584/1/1584 1280/1/1280 62/1/62
f 511/1/511 1581/1/1581 1584/1/1584 512/1/512
f 510/1/510 1578/1/1578 1581/1/1581 511/1/511
f 1587/1/1587 1588/1/1588 1591/1/1591 1590/1/1590
f 1588/1/1588 1589/1/1589 1592/1/1592 1591/1/1591
f 1590/1/1590 1591/1/1591 1594/1/1594 1593/1/1593
f 1591/1/1591 1592/1/1592 1595/1/1595 1594/1/1594
f 149/1/149 1226/1/1226 1587/1/1587 1050/1/1050
f 1226/1/1226 1225/1/1225 1588/1/1588 1587/1/1587
f 1225/1/1225 1224/1/1224 1589/1/1589 1588/1/1588
f 1224/1/1224 50/1/50 539/1/539 1589/1/1589
f 1589/1/1589 539/1/539 538/1/538 1592/1/1592
f 1592/1/1592 538/1/538 537/1/537 1595/1/1595
f 1595/1/1595 537/1/537 69/1/69 1266/1/1266
f 1594/1/1594 1595/1/1595 1266/1/1266 1267/1/1267
f 1593/1/1593 1594/1/1594 1267/1/1267 1268/1/1268
f 1052/1/1052 1593/1/1593 1268/1/1268 170/1/170
f 1051/1/1051 1590/1/1590 1593/1/1593 1052/1/1052
f 1050/1/1050 1587/1/1587 1590/1/1590 1051/1/1051
f 1596/1/1596 1597/1/1597 1600/1/1600 1599/1/1599
f 1597/1/1597 1598/1/1598 1601/1/1601 1600/1/1600
f 1599/1/1599 1600/1/1600 1603/1/1603 1602/1/1602
f 1600/1/1600 1601/1/1601 1604/1/1604 1603/1/1603
f 53/1/53 1223/1/1223 1596/1/1596 513/1/513
f 1223/1/1223 1222/1/1222 1597/1/1597 1596/1/1596
f 1222/1/1222 1221/1/1221 1598/1/1598 1597/1/1597
f 1221/1/1221 150/1/150 1037/1/1037 1598/1/1598
f 1598/1/1598 1037/1/1037 1036/1/1036 1601/1/1601
f 1601/1/1601 1036/1/1036 1035/1/1035 1604/1/1604
f 1604/1/1604 1035/1/1035 169/1/169 1263/1/1263
f 1603/1/1603 1604/1/1604 1263/1/1263 1264/1/1264
f 1602/1/1602 1603/1/1603 1264/1/1264 1265/1/1265
f 515/1/515 1602/1/1602 1265/1/1265 74/1/74
f 514/1/514 1599/1/1599 1602/1/1602 515/1/515
f 513/1/513 1596/1/1596 1599/1/1599 514/1/514
f 1605/1/1605 1606/1/1606 1609/1/1609 1608/1/1608
f 1606/1/1606 1607/1/1607 1610/1/1610 1609/1/1609
f 1608/1/1608 1609/1/1609 1612/1/1612 1611/1/1611
f 1609/1/1609 1610/1/1610 1613/1/1613 1612/1/1612
f 57/1/57 1238/1/1238 1605/1/1605 573/1/573
f 1238/1/1238 1237/1/1237 1606/1/1606 1605/1/1605
f 1237/1/1237 1236/1/1236 1607/1/1607 1606/1/1606
f 1236/1/1236 154/1/154 974/1/974 1607/1/1607
f 1607/1/1607 974/1/974 973/1/973 1610/1/1610
f 1610/1/1610 973/1/973 972/1/972 1613/1/1613
f 1613/1/1613 972/1/972 173/1/173 1272/1/1272
f 1612/1/1612 1613/1/1613 1272/1/1272 1273/1/1273
f 1611/1/1611 1612/1/1612 1273/1/1273 1274/1/1274
f 575/1/575 1611/1/1611 1274/1/1274 78/1/78
f 574/1/574 1608/1/1608 1611/1/1611 575/1/575
f 573/1/573 1605/1/1605 1608/1/1608 574/1/574
f 1614/1/1614 1615/1/1615 1618/1/1618 1617/1/1617
f 1615/1/1615 1616/1/1616 1619/1/1619 1618/1/1618
f 1617/1/1617 1618/1/1618 1621/1/1621 1620/1/1620
f 1618/1/1618 1619/1/1619 1622/1/1622 1621/1/1621
f 145/1/145 1208/1/1208 1614/1/1614 990/1/990
f 1208/1/1208 1207/1/1207 1615/1/1615 1614/1/1614
f 1207/1/1207 1206/1/1206 1616/1/1616 1615/1/1615
f 1206/1/1206 46/1/46 581/1/581 1616/1/1616
f 1616/1/1616 581/1/581 580/1/580 1619/1/1619
f 1619/1/1619 580/1/580 579/1/579 1622/1/1622
f 1622/1/1622 579/1/579 65/1/65 1260/1/1260
f 1621/1/1621 1622/1/1622 1260/1/1260 1261/1/1261
f 1620/1/1620 1621/1/1621 1261/1/1261 1262/1/1262
f 992/1/992 1620/1/1620 1262/1/1262 166/1/166
f 991/1/991 1617/1/1617 1620/1/1620 992/1/992
f 990/1/990 1614/1/1614 1617/1/1617 991/1/991
f 1623/1/1623 1624/1/1624 1627/1/1627 1626/1/1626
f 1624/1/1624 1625/1/1625 1628/1/1628 1627/1/1627
f 1626/1/1626 1627/1/1627 1630/1/1630 1629/1/1629
f 1627/1/1627 1628/1/1628 1631/1/1631 1630/1/1630
f 86/1/86 1166/1/1166 1623/1/1623 234/1/234
f 1166/1/1166 1165/1/1165 1624/1/1624 1623/1/1623
f 1165/1/1165 1164/1/1164 1625/1/1625 1624/1/1624
f 1164/1/1164 198/1/198 1121/1/1121 1625/1/1625
f 1625/1/1625 1121/1/1121 1120/1/1120 1628/1/1628
f 1628/1/1628 1120/1/1120 1119/1/1119 1631/1/1631
f 1631/1/1631 1119/1/1119 121/1/121 1197/1/1197
f 1630/1/1630 1631/1/1631 1197/1/1197 1198/1/1198
f 1629/1/1629 1630/1/1630 1198/1/1198 1199/1/1199
f 236/1/236 1629/1/1629 1199/1/1199 25/1/25
f 235/1/235 1626/1/1626 1629/1/1629 236/1/236
f 234/1/234 1623/1/1623 1626/1/1626 235/1/235
f 1632/1/1632 1633/1/1633 1636/1/1636 1635/1/1635
f 1633/1/1633 1634/1/1634 1637/1/1637 1636/1/1636
f 1635/1/1635 1636/1/1636 1639/1/1639 1638/1/1638
f 1636/1/1636 1637/1/1637 1640/1/1640 1639/1/1639
f 109/1/109 1148/1/1148 1632/1/1632 1056/1/1056
f 1148/1/1148 1147/1/1147 1633/1/1633 1632/1/1632
f 1147/1/1147 1146/1/1146 1634/1/1634 1633/1/1633
f 1146/1/1146 10/1/10 296/1/296 1634/1/1634
f 1634/1/1634 296/1/296 295/1/295 1637/1/1637
f 1637/1/1637 295/1/295 294/1/294 1640/1/1640
f 1640/1/1640 294/1/294 94/1/94 1173/1/1173
f 1639/1/1639 1640/1/1640 1173/1/1173 1174/1/1174
f 1638/1/1638 1639/1/1639 1174/1/1174 1175/1/1175
f 1058/1/1058 1638/1/1638 1175/1/1175 182/1/182
f 1057/1/1057 1635/1/1635 1638/1/1638 1058/1/1058
f 1056/1/1056 1632/1/1632 1635/1/1635 1057/1/1057
f 1641/1/1641 1642/1/1642 1645/1/1645 1644/1/1644
f 1642/1/1642 1643/1/1643 1646/1/1646 1645/1/1645
f 1644/1/1644 1645/1/1645 1648/1/1648 1647/1/1647
f 1645/1/1645 1646/1/1646 1649/1/1649 1648/1/1648
f 113/1/113 1154/1/1154 1641/1/1641 783/1/783
f 1154/1/1154 1153/1/1153 1642/1/1642 1641/1/1641
f 1153/1/1153 1152/1/1152 1643/1/1643 1642/1/1642
f 1152/1/1152 14/1/14 206/1/206 1643/1/1643
f 1643/1/1643 206/1/206 205/1/205 1646/1/1646
f 1646/1/1646 205/1/205 204/1/204 1649/1/1649
f 1649/1/1649 204/1/204 82/1/82 1179/1/1179
f 1648/1/1648 1649/1/1649 1179/1/1179 1180/1/1180
f 1647/1/1647 1648/1/1648 1180/1/1180 1181/1/1181
f 785/1/785 1647/1/1647 1181/1/1181 193/1/193
f 784/1/784 1644/1/1644 1647/1/1647 785/1/785
f 783/1/783 1641/1/1641 1644/1/1644 784/1/784
f 1650/1/1650 1651/1/1651 1654/1/1654 1653/1/1653
f 1651/1/1651 1652/1/1652 1655/1/1655 1654/1/1654
f 1653/1/1653 1654/1/1654 1657/1/1657 1656/1/1656
f 1654/1/1654 1655/1/1655 1658/1/1658 1657/1/1657
f 1/1/1 1163/1/1163 1650/1/1650 288/1/288
f 1163/1/1163 1162/1/1162 1651/1/1651 1650/1/1650
f 1162/1/1162 1161/1/1161 1652/1/1652 1651/1/1651
f 1161/1/1161 118/1/118 1106/1/1106 1652/1/1652
f 1652/1/1652 1106/1/1106 1105/1/1105 1655/1/1655
f 1655/1/1655 1105/1/1105 1104/1/1104 1658/1/1658
f 1658/1/1658 1104/1/1104 189/1/189 1188/1/1188
f 1657/1/1657 1658/1/1658 1188/1/1188 1189/1/1189
f 1656/1/1656 1657/1/1657 1189/1/1189 1190/1/1190
f 290/1/290 1656/1/1656 1190/1/1190 89/1/89
f 289/1/289 1653/1/1653 1656/1/1656 290/1/290
f 288/1/288 1650/1/1650 1653/1/1653 289/1/289
f 1659/1/1659 1660/1/1660 1663/1/1663 1662/1/1662
f 1660/1/1660 1661/1/1661 1664/1/1664 1663/1/1663
f 1662/1/1662 1663/1/1663 1666/1/1666 1665/1/1665
f 1663/1/1663 1664/1/1664 1667/1/1667 1666/1/1666
f 5/1/5 1139/1/1139 1659/1/1659 612/1/612
f 1139/1/1139 1138/1/1138 1660/1/1660 1659/1/1659
f 1138/1/1138 1137/1/1137 1661/1/1661 1660/1/1660
f 1137/1/1137 102/1/102 791/1/791 1661/1/1661
f 1661/1/1661 791/1/791 790/1/790 1664/1/1664
f 1664/1/1664 790/1/790 789/1/789 1667/1/1667
f 1667/1/1667 789/1/789 198/1/198 1164/1/1164
f 1666/1/1666 1667/1/1667 1164/1/1164 1165/1/1165
f 1665/1/1665 1666/1/1666 1165/1/1165 1166/1/1166
f 614/1/614 1665/1/1665 1166/1/1166 86/1/86
f 613/1/613 1662/1/1662 1665/1/1665 614/1/614
f 612/1/612 1659/1/1659 1662/1/1662 613/1/613
f 1668/1/1668 1669/1/1669 1672/1/1672 1671/1/1671
f 1669/1/1669 1670/1/1670 1673/1/1673 1672/1/1672
f 1671/1/1671 1672/1/1672 1675/1/1675 1674/1/1674
f 1672/1/1672 1673/1/1673 1676/1/1676 1675/1/1675
f 13/1/13 1151/1/1151 1668/1/1668 228/1/228
f 1151/1/1151 1150/1/1150 1669/1/1669 1668/1/1668
f 1150/1/1150 1149/1/1149 1670/1/1670 1669/1/1669
f 1149/1/1149 110/1/110 1073/1/1073 1670/1/1670
f 1670/1/1670 1073/1/1073 1072/1/1072 1673/1/1673
f 1673/1/1673 1072/1/1072 1071/1/1071 1676/1/1676
f 1676/1/1676 1071/1/1071 181/1/181 1176/1/1176
f 1675/1/1675 1676/1/1676 1176/1/1176 1177/1/1177
f 1674/1/1674 1675/1/1675 1177/1/1177 1178/1/1178
f 230/1/230 1674/1/1674 1178/1/1178 81/1/81
f 229/1/229 1671/1/1671 1674/1/1674 230/1/230
f 228/1/228 1668/1/1668 1671/1/1671 229/1/229
f 1677/1/1677 1678/1/1678 1681/1/1681 1680/1/1680
f 1678/1/1678 1679/1/1679 1682/1/1682 1681/1/1681
f 1680/1/1680 1681/1/1681 1684/1/1684 1683/1/1683
f 1681/1/1681 1682/1/1682 1685/1/1685 1684/1/1684
f 117/1/117 1160/1/1160 1677/1/1677 1089/1/1089
f 1160/1/1160 1159/1/1159 1678/1/1678 1677/1/1677
f 1159/1/1159 1158/1/1158 1679/1/1679 1678/1/1678
f 1158/1/1158 18/1/18 326/1/326 1679/1/1679
f 1679/1/1679 326/1/326 325/1/325 1682/1/1682
f 1682/1/1682 325/1/325 324/1/324 1685/1/1685
f 1685/1/1685 324/1/324 98/1/98 1185/1/1185
f 1684/1/1684 1685/1/1685 1185/1/1185 1186/1/1186
f 1683/1/1683 1684/1/1684 1186/1/1186 1187/1/1187
f 1091/1/1091 1683/1/1683 1187/1/1187 190/1/190
f 1090/1/1090 1680/1/1680 1683/1/1683 1091/1/1091
f 1089/1/1089 1677/1/1677 1680/1/1680 1090/1/1090
f 1686/1/1686 1687/1/1687 1690/1/1690 1689/1/1689
f 1687/1/1687 1688/1/1688 1691/1/1691 1690/1/1690
f 1689/1/1689 1690/1/1690 1693/1/1693 1692/1/1692
f 1690/1/1690 1691/1/1691 1694/1/1694 1693/1/1693
f 9/1/9 1145/1/1145 1686/1/1686 318/1/318
f 1145/1/1145 1144/1/1144 1687/1/1687 1686/1/1686
f 1144/1/1144 1143/1/1143 1688/1/1688 1687/1/1687
f 1143/1/1143 106/1/106 701/1/701 1688/1/1688
f 1688/1/1688 701/1/701 700/1/700 1691/1/1691
f 1691/1/1691 700/1/700 699/1/699 1694/1/1694
f 1694/1/1694 699/1/699 186/1/186 1167/1/1167
f 1693/1/1693 1694/1/1694 1167/1/1167 1168/1/1168
f 1692/1/1692 1693/1/1693 1168/1/1168 1169/1/1169
f 320/1/320 1692/1/1692 1169/1/1169 93/1/93
f 319/1/319 1689/1/1689 1692/1/1692 320/1/320
f 318/1/318 1686/1/1686 1689/1/1689 319/1/319
f 1695/1/1695 1696/1/1696 1699/1/1699 1698/1/1698
f 1696/1/1696 1697/1/1697 1700/1/1700 1699/1/1699
f 1698/1/1698 1699/1/1699 1702/1/1702 1701/1/1701
f 1699/1/1699 1700/1/1700 1703/1/1703 1702/1/1702
f 105/1/105 1142/1/1142 1695/1/1695 723/1/723
f 1142/1/1142 1141/1/1141 1696/1/1696 1695/1/1695
f 1141/1/1141 1140/1/1140 1697/1/1697 1696/1/1696
f 1140/1/1140 6/1/6 629/1/629 1697/1/1697
f 1697/1/1697 629/1/629 628/1/628 1700/1/1700
f 1700/1/1700 628/1/628 627/1/627 1703/1/1703
f 1703/1/1703 627/1/627 85/1/85 1170/1/1170
f 1702/1/1702 1703/1/1703 1170/1/1170 1171/1/1171
f 1701/1/1701 1702/1/1702 1171/1/1171 1172/1/1172
f 725/1/725 1701/1/1701 1172/1/1172 185/1/185
f 724/1/724 1698/1/1698 1701/1/1701 725/1/725
f 723/1/723 1695/1/1695 1698/1/1698 724/1/724
f 1704/1/1704 1705/1/1705 1708/1/1708 1707/1/1707
f 1705/1/1705 1706/1/1706 1709/1/1709 1708/1/1708
f 1707/1/1707 1708/1/1708 1711/1/1711 1710/1/1710
f 1708/1/1708 1709/1/1709 1712/1/1712 1711/1/1711
f 17/1/17 1157/1/1157 1704/1/1704 348/1/348
f 1157/1/1157 1156/1/1156 1705/1/1705 1704/1/1704
f 1156/1/1156 1155/1/1155 1706/1/1706 1705/1/1705
f 1155/1/1155 114/1/114 761/1/761 1706/1/1706
f 1706/1/1706 761/1/761 760/1/760 1709/1/1709
f 1709/1/1709 760/1/760 759/1/759 1712/1/1712
f 1712/1/1712 759/1/759 194/1/194 1182/1/1182
f 1711/1/1711 1712/1/1712 1182/1/1182 1183/1/1183
f 1710/1/1710 1711/1/1711 1183/1/1183 1184/1/1184
f 350/1/350 1710/1/1710 1184/1/1184 97/1/97
f 349/1/349 1707/1/1707 1710/1/1710 350/1/350
f 348/1/348 1704/1/1704 1707/1/1707 349/1/349
f 1713/1/1713 1714/1/1714 1717/1/1717 1716/1/1716
f 1714/1/1714 1715/1/1715 1718/1/1718 1717/1/1717
f 1716/1/1716 1717/1/1717 1720/1/1720 1719/1/1719
f 1717/1/1717 1718/1/1718 1721/1/1721 1720/1/1720
f 82/1/82 204/1/204 1713/1/1713 203/1/203
f 204/1/204 205/1/205 1714/1/1714 1713/1/1713
f 205/1/205 206/1/206 1715/1/1715 1714/1/1714
f 206/1/206 14/1/14 207/1/207 1715/1/1715
f 1715/1/1715 207/1/207 208/1/208 1718/1/1718
f 1718/1/1718 208/1/208 209/1/209 1721/1/1721
f 1721/1/1721 209/1/209 16/1/16 210/1/210
f 1720/1/1720 1721/1/1721 210/1/210 211/1/211
f 1719/1/1719 1720/1/1720 211/1/211 212/1/212
f 201/1/201 1719/1/1719 212/1/212 84/1/84
f 202/1/202 1716/1/1716 1719/1/1719 201/1/201
f 203/1/203 1713/1/1713 1716/1/1716 202/1/202
f 1722/1/1722 1723/1/1723 1726/1/1726 1725/1/1725
f 1723/1/1723 1724/1/1724 1727/1/1727 1726/1/1726
f 1725/1/1725 1726/1/1726 1729/1/1729 1728/1/1728
f 1726/1/1726 1727/1/1727 1730/1/1730 1729/1/1729
f 84/1/84 212/1/212 1722/1/1722 215/1/215
f 212/1/212 211/1/211 1723/1/1723 1722/1/1722
f 211/1/211 210/1/210 1724/1/1724 1723/1/1723
f 210/1/210 16/1/16 216/1/216 1724/1/1724
f 1724/1/1724 216/1/216 217/1/217 1727/1/1727
f 1727/1/1727 217/1/217 218/1/218 1730/1/1730
f 1730/1/1730 218/1/218 15/1/15 219/1/219
f 1729/1/1729 1730/1/1730 219/1/219 220/1/220
f 1728/1/1728 1729/1/1729 220/1/220 221/1/221
f 213/1/213 1728/1/1728 221/1/221 83/1/83
f 214/1/214 1725/1/1725 1728/1/1728 213/1/213
f 215/1/215 1722/1/1722 1725/1/1725 214/1/214
f 1731/1/1731 1732/1/1732 1735/1/1735 1734/1/1734
f 1732/1/1732 1733/1/1733 1736/1/1736 1735/1/1735
f 1734/1/1734 1735/1/1735 1738/1/1738 1737/1/1737
f 1735/1/1735 1736/1/1736 1739/1/1739 1738/1/1738
f 83/1/83 221/1/221 1731/1/1731 224/1/224
f 221/1/221 220/1/220 1732/1/1732 1731/1/1731
f 220/1/220 219/1/219 1733/1/1733 1732/1/1732
f 219/1/219 15/1/15 225/1/225 1733/1/1733
f 1733/1/1733 225/1/225 226/1/226 1736/1/1736
f 1736/1/1736 226/1/226 227/1/227 1739/1/1739
f 1739/1/1739 227/1/227 13/1/13 228/1/228
f 1738/1/1738 1739/1/1739 228/1/228 229/1/229
f 1737/1/1737 1738/1/1738 229/1/229 230/1/230
f 222/1/222 1737/1/1737 230/1/230 81/1/81
f 223/1/223 1734/1/1734 1737/1/1737 222/1/222
f 224/1/224 1731/1/1731 1734/1/1734 223/1/223
f 1740/1/1740 1741/1/1741 1744/1/1744 1743/1/1743
f 1741/1/1741 1742/1/1742 1745/1/1745 1744/1/1744
f 1743/1/1743 1744/1/1744 1747/1/1747 1746/1/1746
f 1744/1/1744 1745/1/1745 1748/1/1748 1747/1/1747
f 86/1/86 234/1/234 1740/1/1740 233/1/233
f 234/1/234 235/1/235 1741/1/1741 1740/1/1740
f 235/1/235 236/1/236 1742/1/1742 1741/1/1741
f 236/1/236 25/1/25 237/1/237 1742/1/1742
f 1742/1/1742 237/1/237 238/1/238 1745/1/1745
f 1745/1/1745 238/1/238 239/1/239 1748/1/1748
f 1748/1/1748 239/1/239 27/1/27 240/1/240
f 1747/1/1747 1748/1/1748 240/1/240 241/1/241
f 1746/1/1746 1747/1/1747 241/1/241 242/1/242
f 231/1/231 1746/1/1746 242/1/242 88/1/88
f 232/1/232 1743/1/1743 1746/1/1746 231/1/231
f 233/1/233 1740/1/1740 1743/1/1743 232/1/232
f 1749/1/1749 1750/1/1750 1753/1/1753 1752/1/1752
f 1750/1/1750 1751/1/1751 1754/1/1754 1753/1/1753
f 1752/1/1752 1753/1/1753 1756/1/1756 1755/1/1755
f 1753/1/1753 1754/1/1754 1757/1/1757 1756/1/1756
f 88/1/88 242/1/242 1749/1/1749 245/1/245
f 242/1/242 241/1/241 1750/1/1750 1749/1/1749
f 241/1/241 240/1/240 1751/1/1751 1750/1/1750
f 240/1/240 27/1/27 246/1/246 1751/1/1751
f 1751/1/1751 246/1/246 247/1/247 1754/1/1754
f 1754/1/1754 247/1/247 248/1/248 1757/1/1757
f 1757/1/1757 248/1/248 28/1/28 249/1/249
f 1756/1/1756 1757/1/1757 249/1/249 250/1/250
f 1755/1/1755 1756/1/1756 250/1/250 251/1/251
f 243/1/243 1755/1/1755 251/1/251 87/1/87
f 244/1/244 1752/1/1752 1755/1/1755 243/1/243
f 245/1/245 1749/1/1749 1752/1/1752 244/1/244
f 1758/1/1758 1759/1/1759 1762/1/1762 1761/1/1761
f 1759/1/1759 1760/1/1760 1763/1/1763 1762/1/1762
f 1761/1/1761 1762/1/1762 1765/1/1765 1764/1/1764
f 1762/1/1762 1763/1/1763 1766/1/1766 1765/1/1765
f 87/1/87 251/1/251 1758/1/1758 254/1/254
f 251/1/251 250/1/250 1759/1/1759 1758/1/1758
f 250/1/250 249/1/249 1760/1/1760 1759/1/1759
f 249/1/249 28/1/28 255/1/255 1760/1/1760
f 1760/1/1760 255/1/255 256/1/256 1763/1/1763
f 1763/1/1763 256/1/256 257/1/257 1766/1/1766
f 1766/1/1766 257/1/257 26/1/26 258/1/258
f 1765/1/1765 1766/1/1766 258/1/258 259/1/259
f 1764/1/1764 1765/1/1765 259/1/259 260/1/260
f 252/1/252 1764/1/1764 260/1/260 85/1/85
f 253/1/253 1761/1/1761 1764/1/1764 252/1/252
f 254/1/254 1758/1/1758 1761/1/1761 253/1/253
f 1767/1/1767 1768/1/1768 1771/1/1771 1770/1/1770
f 1768/1/1768 1769/1/1769 1772/1/1772 1771/1/1771
f 1770/1/1770 1771/1/1771 1774/1/1774 1773/1/1773
f 1771/1/1771 1772/1/1772 1775/1/1775 1774/1/1774
f 90/1/90 264/1/264 1767/1/1767 263/1/263
f 264/1/264 265/1/265 1768/1/1768 1767/1/1767
f 265/1/265 266/1/266 1769/1/1769 1768/1/1768
f 266/1/266 2/1/2 267/1/267 1769/1/1769
f 1769/1/1769 267/1/267 268/1/268 1772/1/1772
f 1772/1/1772 268/1/268 269/1/269 1775/1/1775
f 1775/1/1775 269/1/269 4/1/4 270/1/270
f 1774/1/1774 1775/1/1775 270/1/270 271/1/271
f 1773/1/1773 1774/1/1774 271/1/271 272/1/272
f 261/1/261 1773/1/1773 272/1/272 92/1/92
f 262/1/262 1770/1/1770 1773/1/1773 261/1/261
f 263/1/263 1767/1/1767 1770/1/1770 262/1/262
f 1776/1/1776 1777/1/1777 1780/1/1780 1779/1/1779
f 1777/1/1777 1778/1/1778 1781/1/1781 1780/1/1780
f 1779/1/1779 1780/1/1780 1783/1/1783 1782/1/1782
f 1780/1/1780 1781/1/1781 1784/1/1784 1783/1/1783
f 92/1/92 272/1/272 1776/1/1776 275/1/275
f 272/1/272 271/1/271 1777/1/1777 1776/1/1776
f 271/1/271 270/1/270 1778/1/1778 1777/1/1777
f 270/1/270 4/1/4 276/1/276 1778/1/1778
f 1778/1/1778 276/1/276 277/1/277 1781/1/1781
f 1781/1/1781 277/1/277 278/1/278 1784/1/1784
f 1784/1/1784 278/1/278 3/1/3 279/1/279
f 1783/1/1783 1784/1/1784 279/1/279 280/1/280
f 1782/1/1782 1783/1/1783 280/1/280 281/1/281
f 273/1/273 1782/1/1782 281/1/281 91/1/91
f 274/1/274 1779/1/1779 1782/1/1782 273/1/273
f 275/1/275 1776/1/1776 1779/1/1779 274/1/274
f 1785/1/1785 1786/1/1786 1789/1/1789 1788/1/1788
f 1786/1/1786 1787/1/1787 1790/1/1790 1789/1/1789
f 1788/1/1788 1789/1/1789 1792/1/1792 1791/1/1791
f 1789/1/1789 1790/1/1790 1793/1/1793 1792/1/1792
f 91/1/91 281/1/281 1785/1/1785 284/1/284
f 281/1/281 280/1/280 1786/1/1786 1785/1/1785
f 280/1/280 279/1/279 1787/1/1787 1786/1/1786
f 279/1/279 3/1/3 285/1/285 1787/1/1787
f 1787/1/1787 285/1/285 286/1/286 1790/1/1790
f 1790/1/1790 286/1/286 287/1/287 1793/1/1793
f 1793/1/1793 287/1/287 1/1/1 288/1/288
f 1792/1/1792 1793/1/1793 288/1/288 289/1/289
f 1791/1/1791 1792/1/1792 289/1/289 290/1/290
f 282/1/282 1791/1/1791 290/1/290 89/1/89
f 283/1/283 1788/1/1788 1791/1/1791 282/1/282
f 284/1/284 1785/1/1785 1788/1/1788 283/1/283
f 1794/1/1794 1795/1/1795 1798/1/1798 1797/1/1797
f 1795/1/1795 1796/1/1796 1799/1/1799 1798/1/1798
f 1797/1/1797 1798/1/1798 1801/1/1801 1800/1/1800
f 1798/1/1798 1799/1/1799 1802/1/1802 1801/1/1801
f 94/1/94 294/1/294 1794/1/1794 293/1/293
f 294/1/294 295/1/295 1795/1/1795 1794/1/1794
f 295/1/295 296/1/296 1796/1/1796 1795/1/1795
f 296/1/296 10/1/10 297/1/297 1796/1/1796
f 1796/1/1796 297/1/297 298/1/298 1799/1/1799
f 1799/1/1799 298/1/298 299/1/299 1802/1/1802
f 1802/1/1802 299/1/299 12/1/12 300/1/300
f 1801/1/1801 1802/1/1802 300/1/300 301/1/301
f 1800/1/1800 1801/1/1801 301/1/301 302/1/302
f 291/1/291 1800/1/1800 302/1/302 96/1/96
f 292/1/292 1797/1/1797 1800/1/1800 291/1/291
f 293/1/293 1794/1/1794 1797/1/1797 292/1/292
f 1803/1/1803 1804/1/1804 1807/1/1807 1806/1/1806
f 1804/1/1804 1805/1/1805 1808/1/1808 1807/1/1807
f 1806/1/1806 1807/1/1807 1810/1/1810 1809/1/1809
f 1807/1/1807 1808/1/1808 1811/1/1811 1810/1/1810
f 96/1/96 302/1/302 1803/1/1803 305/1/305
f 302/1/302 301/1/301 1804/1/1804 1803/1/1803
f 301/1/301 300/1/300 1805/1/1805 1804/1/1804
f 300/1/300 12/1/12 306/1/306 1805/1/1805
f 1805/1/1805 306/1/306 307/1/307 1808/1/1808
f 1808/1/1808 307/1/307 308/1/308 1811/1/1811
f 1811/1/1811 308/1/308 11/1/11 309/1/309
f 1810/1/1810 1811/1/1811 309/1/309 310/1/310
f 1809/1/1809 1810/1/1810 310/1/310 311/1/311
f 303/1/303 1809/1/1809 311/1/311 95/1/95
f 304/1/304 1806/1/1806 1809/1/1809 303/1/303
f 305/1/305 1803/1/1803 1806/1/1806 304/1/304
f 1812/1/1812 1813/1/1813 1816/1/1816 1815/1/1815
f 1813/1/1813 1814/1/1814 1817/1/1817 1816/1/1816
f 1815/1/1815 1816/1/1816 1819/1/1819 1818/1/1818
f 1816/1/1816 1817/1/1817 1820/1/1820 1819/1/1819
f 95/1/95 311/1/311 1812/1/1812 314/1/314
f 311/1/311 310/1/310 1813/1/1813 1812/1/1812
f 310/1/310 309/1/309 1814/1/1814 1813/1/1813
f 309/1/309 11/1/11 315/1/315 1814/1/1814
f 1814/1/1814 315/1/315 316/1/316 1817/1/1817
f 1817/1/1817 316/1/316 317/1/317 1820/1/1820
f 1820/1/1820 317/1/317 9/1/9 318/1/318
f 1819/1/1819 1820/1/1820 318/1/318 319/1/319
f 1818/1/1818 1819/1/1819 319/1/319 320/1/320
f 312/1/312 1818/1/1818 320/1/320 93/1/93
f 313/1/313 1815/1/1815 1818/1/1818 312/1/312
f 314/1/314 1812/1/1812 1815/1/1815 313/1/313
f 1821/1/1821 1822/1/1822 1825/1/1825 1824/1/1824
f 1822/1/1822 1823/1/1823 1826/1/1826 1825/1/1825
f 1824/1/1824 1825/1/1825 1828/1/1828 1827/1/1827
f 1825/1/1825 1826/1/1826 1829/1/1829 1828/1/1828
f 98/1/98 324/1/324 1821/1/1821 323/1/323
f 324/1/324 325/1/325 1822/1/1822 1821/1/1821
f 325/1/325 326/1/326 1823/1/1823 1822/1/1822
f 326/1/326 18/1/18 327/1/327 1823/1/1823
f 1823/1/1823 327/1/327 328/1/328 1826/1/1826
f 1826/1/1826 328/1/328 329/1/329 1829/1/1829
f 1829/1/1829 329/1/329 20/1/20 330/1/330
f 1828/1/1828 1829/1/1829 330/1/330 331/1/331
f 1827/1/1827 1828/1/1828 331/1/331 332/1/332
f 321/1/321 1827/1/1827 332/1/332 100/1/100
f 322/1/322 1824/1/1824 1827/1/1827 321/1/321
f 323/1/323 1821/1/1821 1824/1/1824 322/1/322
f 1830/1/1830 1831/1/1831 1834/1/1834 1833/1/1833
f 1831/1/1831 1832/1/1832 1835/1/1835 1834/1/1834
f 1833/1/1833 1834/1/1834 1837/1/1837 1836/1/1836
f 1834/1/1834 1835/1/1835 1838/1/1838 1837/1/1837
f 100/1/100 332/1/332 1830/1/1830 335/1/335
f 332/1/332 331/1/331 1831/1/1831 1830/1/1830
f 331/1/331 330/1/330 1832/1/1832 1831/1/1831
f 330/1/330 20/1/20 336/1/336 1832/1/1832
f 1832/1/1832 336/1/336 337/1/337 1835/1/1835
f 1835/1/1835 337/1/337 338/1/338 1838/1/1838
f 1838/1/1838 338/1/338 19/1/19 339/1/339
f 1837/1/1837 1838/1/1838 339/1/339 340/1/340
f 1836/1/1836 1837/1/1837 340/1/340 341/1/341
f 333/1/333 1836/1/1836 341/1/341 99/1/99
f 334/1/334 1833/1/1833 1836/1/1836 333/1/333
f 335/1/335 1830/1/1830 1833/1/1833 334/1/334
f 1839/1/1839 1840/1/1840 1843/1/1843 1842/1/1842
f 1840/1/1840 1841/1/1841 1844/1/1844 1843/1/1843
f 1842/1/1842 1843/1/1843 1846/1/1846 1845/1/1845
f 1843/1/1843 1844/1/1844 1847/1/1847 1846/1/1846
f 99/1/99 341/1/341 1839/1/1839 344/1/344
f 341/1/341 340/1/340 1840/1/1840 1839/1/1839
f 340/1/340 339/1/339 1841/1/1841 1840/1/1840
f 339/1/339 19/1/19 345/1/345 1841/1/1841
f 1841/1/1841 345/1/345 346/1/346 1844/1/1844
f 1844/1/1844 346/1/346 347/1/347 1847/1/1847
f 1847/1/1847 347/1/347 17/1/17 348/1/348
f 1846/1/1846 1847/1/1847 348/1/348 349/1/349
f 1845/1/1845 1846/1/1846 349/1/349 350/1/350
f 342/1/342 1845/1/1845 350/1/350 97/1/97
f 343/1/343 1842/1/1842 1845/1/1845 342/1/342
f 344/1/344 1839/1/1839 1842/1/1842 343/1/343
f 1848/1/1848 1849/1/1849 1852/1/1852 1851/1/1851
f 1849/1/1849 1850/1/1850 1853/1/1853 1852/1/1852
f 1851/1/1851 1852/1/1852 1855/1/1855 1854/1/1854
f 1852/1/1852 1853/1/1853 1856/1/1856 1855/1/1855
f 25/1/25 351/1/351 1848/1/1848 237/1/237
f 351/1/351 352/1/352 1849/1/1849 1848/1/1848
f 352/1/352 353/1/353 1850/1/1850 1849/1/1849
f 353/1/353 45/1/45 354/1/354 1850/1/1850
f 1850/1/1850 354/1/354 355/1/355 1853/1/1853
f 1853/1/1853 355/1/355 356/1/356 1856/1/1856
f 1856/1/1856 356/1/356 47/1/47 357/1/357
f 1855/1/1855 1856/1/1856 357/1/357 358/1/358
f 1854/1/1854 1855/1/1855 358/1/358 359/1/359
f 239/1/239 1854/1/1854 359/1/359 27/1/27
f 238/1/238 1851/1/1851 1854/1/1854 239/1/239
f 237/1/237 1848/1/1848 1851/1/1851 238/1/238
f 1857/1/1857 1858/1/1858 1861/1/1861 1860/1/1860
f 1858/1/1858 1859/1/1859 1862/1/1862 1861/1/1861
f 1860/1/1860 1861/1/1861 1864/1/1864 1863/1/1863
f 1861/1/1861 1862/1/1862 1865/1/1865 1864/1/1864
f 27/1/27 359/1/359 1857/1/1857 246/1/246
f 359/1/359 358/1/358 1858/1/1858 1857/1/1857
f 358/1/358 357/1/357 1859/1/1859 1858/1/1858
f 357/1/357 47/1/47 360/1/360 1859/1/1859
f 1859/1/1859 360/1/360 361/1/361 1862/1/1862
f 1862/1/1862 361/1/361 362/1/362 1865/1/1865
f 1865/1/1865 362/1/362 48/1/48 363/1/363
f 1864/1/1864 1865/1/1865 363/1/363 364/1/364
f 1863/1/1863 1864/1/1864 364/1/364 365/1/365
f 248/1/248 1863/1/1863 365/1/365 28/1/28
f 247/1/247 1860/1/1860 1863/1/1863 248/1/248
f 246/1/246 1857/1/1857 1860/1/1860 247/1/247
f 1866/1/1866 1867/1/1867 1870/1/1870 1869/1/1869
f 1867/1/1867 1868/1/1868 1871/1/1871 1870/1/1870
f 1869/1/1869 1870/1/1870 1873/1/1873 1872/1/1872
f 1870/1/1870 1871/1/1871 1874/1/1874 1873/1/1873
f 28/1/28 365/1/365 1866/1/1866 255/1/255
f 365/1/365 364/1/364 1867/1/1867 1866/1/1866
f 364/1/364 363/1/363 1868/1/1868 1867/1/1867
f 363/1/363 48/1/48 366/1/366 1868/1/1868
f 1868/1/1868 366/1/366 367/1/367 1871/1/1871
f 1871/1/1871 367/1/367 368/1/368 1874/1/1874
f 1874/1/1874 368/1/368 46/1/46 369/1/369
f 1873/1/1873 1874/1/1874 369/1/369 370/1/370
f 1872/1/1872 1873/1/1873 370/1/370 371/1/371
f 257/1/257 1872/1/1872 371/1/371 26/1/26
f 256/1/256 1869/1/1869 1872/1/1872 257/1/257
f 255/1/255 1866/1/1866 1869/1/1869 256/1/256
f 1875/1/1875 1876/1/1876 1879/1/1879 1878/1/1878
f 1876/1/1876 1877/1/1877 1880/1/1880 1879/1/1879
f 1878/1/1878 1879/1/1879 1882/1/1882 1881/1/1881
f 1879/1/1879 1880/1/1880 1883/1/1883 1882/1/1882
f 42/1/42 375/1/375 1875/1/1875 374/1/374
f 375/1/375 376/1/376 1876/1/1876 1875/1/1875
f 376/1/376 377/1/377 1877/1/1877 1876/1/1876
f 377/1/377 21/1/21 378/1/378 1877/1/1877
f 1877/1/1877 378/1/378 379/1/379 1880/1/1880
f 1880/1/1880 379/1/379 380/1/380 1883/1/1883
f 1883/1/1883 380/1/380 23/1/23 381/1/381
f 1882/1/1882 1883/1/1883 381/1/381 382/1/382
f 1881/1/1881 1882/1/1882 382/1/382 383/1/383
f 372/1/372 1881/1/1881 383/1/383 44/1/44
f 373/1/373 1878/1/1878 1881/1/1881 372/1/372
f 374/1/374 1875/1/1875 1878/1/1878 373/1/373
f 1884/1/1884 1885/1/1885 1888/1/1888 1887/1/1887
f 1885/1/1885 1886/1/1886 1889/1/1889 1888/1/1888
f 1887/1/1887 1888/1/1888 1891/1/1891 1890/1/1890
f 1888/1/1888 1889/1/1889 1892/1/1892 1891/1/1891
f 44/1/44 383/1/383 1884/1/1884 386/1/386
f 383/1/383 382/1/382 1885/1/1885 1884/1/1884
f 382/1/382 381/1/381 1886/1/1886 1885/1/1885
f 381/1/381 23/1/23 387/1/387 1886/1/1886
f 1886/1/1886 387/1/387 388/1/388 1889/1/1889
f 1889/1/1889 388/1/388 389/1/389 1892/1/1892
f 1892/1/1892 389/1/389 24/1/24 390/1/390
f 1891/1/1891 1892/1/1892 390/1/390 391/1/391
f 1890/1/1890 1891/1/1891 391/1/391 392/1/392
f 384/1/384 1890/1/1890 392/1/392 43/1/43
f 385/1/385 1887/1/1887 1890/1/1890 384/1/384
f 386/1/386 1884/1/1884 1887/1/1887 385/1/385
f 1893/1/1893 1894/1/1894 1897/1/1897 1896/1/1896
f 1894/1/1894 1895/1/1895 1898/1/1898 1897/1/1897
f 1896/1/1896 1897/1/1897 1900/1/1900 1899/1/1899
f 1897/1/1897 1898/1/1898 1901/1/1901 1900/1/1900
f 43/1/43 392/1/392 1893/1/1893 395/1/395
f 392/1/392 391/1/391 1894/1/1894 1893/1/1893
f 391/1/391 390/1/390 1895/1/1895 1894/1/1894
f 390/1/390 24/1/24 396/1/396 1895/1/1895
f 1895/1/1895 396/1/396 397/1/397 1898/1/1898
f 1898/1/1898 397/1/397 398/1/398 1901/1/1901
f 1901/1/1901 398/1/398 22/1/22 399/1/399
f 1900/1/1900 1901/1/1901 399/1/399 400/1/400
f 1899/1/1899 1900/1/1900 400/1/400 401/1/401
f 393/1/393 1899/1/1899 401/1/401 41/1/41
f 394/1/394 1896/1/1896 1899/1/1899 393/1/393
f 395/1/395 1893/1/1893 1896/1/1896 394/1/394
f 1902/1/1902 1903/1/1903 1906/1/1906 1905/1/1905
f 1903/1/1903 1904/1/1904 1907/1/1907 1906/1/1906
f 1905/1/1905 1906/1/1906 1909/1/1909 1908/1/1908
f 1906/1/1906 1907/1/1907 1910/1/1910 1909/1/1909
f 34/1/34 405/1/405 1902/1/1902 404/1/404
f 405/1/405 406/1/406 1903/1/1903 1902/1/1902
f 406/1/406 407/1/407 1904/1/1904 1903/1/1903
f 407/1/407 53/1/53 408/1/408 1904/1/1904
f 1904/1/1904 408/1/408 409/1/409 1907/1/1907
f 1907/1/1907 409/1/409 410/1/410 1910/1/1910
f 1910/1/1910 410/1/410 55/1/55 411/1/411
f 1909/1/1909 1910/1/1910 411/1/411 412/1/412
f 1908/1/1908 1909/1/1909 412/1/412 413/1/413
f 402/1/402 1908/1/1908 413/1/413 36/1/36
f 403/1/403 1905/1/1905 1908/1/1908 402/1/402
f 404/1/404 1902/1/1902 1905/1/1905 403/1/403
f 1911/1/1911 1912/1/1912 1915/1/1915 1914/1/1914
f 1912/1/1912 1913/1/1913 1916/1/1916 1915/1/1915
f 1914/1/1914 1915/1/1915 1918/1/1918 1917/1/1917
f 1915/1/1915 1916/1/1916 1919/1/1919 1918/1/1918
f 36/1/36 413/1/413 1911/1/1911 416/1/416
f 413/1/413 412/1/412 1912/1/1912 1911/1/1911
f 412/1/412 411/1/411 1913/1/1913 1912/1/1912
f 411/1/411 55/1/55 417/1/417 1913/1/1913
f 1913/1/1913 417/1/417 418/1/418 1916/1/1916
f 1916/1/1916 418/1/418 419/1/419 1919/1/1919
f 1919/1/1919 419/1/419 56/1/56 420/1/420
f 1918/1/1918 1919/1/1919 420/1/420 421/1/421
f 1917/1/1917 1918/1/1918 421/1/421 422/1/422
f 414/1/414 1917/1/1917 422/1/422 35/1/35
f 415/1/415 1914/1/1914 1917/1/1917 414/1/414
f 416/1/416 1911/1/1911 1914/1/1914 415/1/415
f 1920/1/1920 1921/1/1921 1924/1/1924 1923/1/1923
f 1921/1/1921 1922/1/1922 1925/1/1925 1924/1/1924
f 1923/1/1923 1924/1/1924 1927/1/1927 1926/1/1926
f 1924/1/1924 1925/1/1925 1928/1/1928 1927/1/1927
f 35/1/35 422/1/422 1920/1/1920 425/1/425
f 422/1/422 421/1/421 1921/1/1921 1920/1/1920
f 421/1/421 420/1/420 1922/1/1922 1921/1/1921
f 420/1/420 56/1/56 426/1/426 1922/1/1922
f 1922/1/1922 426/1/426 427/1/427 1925/1/1925
f 1925/1/1925 427/1/427 428/1/428 1928/1/1928
f 1928/1/1928 428/1/428 54/1/54 429/1/429
f 1927/1/1927 1928/1/1928 429/1/429 430/1/430
f 1926/1/1926 1927/1/1927 430/1/430 431/1/431
f 423/1/423 1926/1/1926 431/1/431 33/1/33
f 424/1/424 1923/1/1923 1926/1/1926 423/1/423
f 425/1/425 1920/1/1920 1923/1/1923 424/1/424
f 1929/1/1929 1930/1/1930 1933/1/1933 1932/1/1932
f 1930/1/1930 1931/1/1931 1934/1/1934 1933/1/1933
f 1932/1/1932 1933/1/1933 1936/1/1936 1935/1/1935
f 1933/1/1933 1934/1/1934 1937/1/1937 1936/1/1936
f 50/1/50 435/1/435 1929/1/1929 434/1/434
f 435/1/435 436/1/436 1930/1/1930 1929/1/1929
f 436/1/436 437/1/437 1931/1/1931 1930/1/1930
f 437/1/437 29/1/29 438/1/438 1931/1/1931
f 1931/1/1931 438/1/438 439/1/439 1934/1/1934
f 1934/1/1934 439/1/439 440/1/440 1937/1/1937
f 1937/1/1937 440/1/440 31/1/31 441/1/441
f 1936/1/1936 1937/1/1937 441/1/441 442/1/442
f 1935/1/1935 1936/1/1936 442/1/442 443/1/443
f 432/1/432 1935/1/1935 443/1/443 52/1/52
f 433/1/433 1932/1/1932 1935/1/1935 432/1/432
f 434/1/434 1929/1/1929 1932/1/1932 433/1/433
f 1938/1/1938 1939/1/1939 1942/1/1942 1941/1/1941
f 1939/1/1939 1940/1/1940 1943/1/1943 1942/1/1942
f 1941/1/1941 1942/1/1942 1945/1/1945 1944/1/1944
f 1942/1/1942 1943/1/1943 1946/1/1946 1945/1/1945
f 52/1/52 443/1/443 1938/1/1938 446/1/446
f 443/1/443 442/1/442 1939/1/1939 1938/1/1938
f 442/1/442 441/1/441 1940/1/1940 1939/1/1939
f 441/1/441 31/1/31 447/1/447 1940/1/1940
f 1940/1/1940 447/1/447 448/1/448 1943/1/1943
f 1943/1/1943 448/1/448 449/1/449 1946/1/1946
f 1946/1/1946 449/1/449 32/1/32 450/1/450
f 1945/1/1945 1946/1/1946 450/1/450 451/1/451
f 1944/1/1944 1945/1/1945 451/1/451 452/1/452
f 444/1/444 1944/1/1944 452/1/452 51/1/51
f 445/1/445 1941/1/1941 1944/1/1944 444/1/444
f 446/1/446 1938/1/1938 1941/1/1941 445/1/445
f 1947/1/1947 1948/1/1948 1951/1/1951 1950/1/1950
f 1948/1/1948 1949/1/1949 1952/1/1952 1951/1/1951
f 1950/1/1950 1951/1/1951 1954/1/1954 1953/1/1953
f 1951/1/1951 1952/1/1952 1955/1/1955 1954/1/1954
f 51/1/51 452/1/452 1947/1/1947 455/1/455
f 452/1/452 451/1/451 1948/1/1948 1947/1/1947
f 451/1/451 450/1/450 1949/1/1949 1948/1/1948
f 450/1/450 32/1/32 456/1/456 1949/1/1949
f 1949/1/1949 456/1/456 457/1/457 1952/1/1952
f 1952/1/1952 457/1/457 458/1/458 1955/1/1955
f 1955/1/1955 458/1/458 30/1/30 459/1/459
f 1954/1/1954 1955/1/1955 459/1/459 460/1/460
f 1953/1/1953 1954/1/1954 460/1/460 461/1/461
f 453/1/453 1953/1/1953 461/1/461 49/1/49
f 454/1/454 1950/1/1950 1953/1/1953 453/1/453
f 455/1/455 1947/1/1947 1950/1/1950 454/1/454
f 1956/1/1956 1957/1/1957 1960/1/1960 1959/1/1959
f 1957/1/1957 1958/1/1958 1961/1/1961 1960/1/1960
f 1959/1/1959 1960/1/1960 1963/1/1963 1962/1/1962
f 1960/1/1960 1961/1/1961 1964/1/1964 1963/1/1963
f 58/1/58 465/1/465 1956/1/1956 464/1/464
f 465/1/465 466/1/466 1957/1/1957 1956/1/1956
f 466/1/466 467/1/467 1958/1/1958 1957/1/1957
f 467/1/467 37/1/37 468/1/468 1958/1/1958
f 1958/1/1958 468/1/468 469/1/469 1961/1/1961
f 1961/1/1961 469/1/469 470/1/470 1964/1/1964
f 1964/1/1964 470/1/470 39/1/39 471/1/471
f 1963/1/1963 1964/1/1964 471/1/471 472/1/472
f 1962/1/1962 1963/1/1963 472/1/472 473/1/473
f 462/1/462 1962/1/1962 473/1/473 60/1/60
f 463/1/463 1959/1/1959 1962/1/1962 462/1/462
f 464/1/464 1956/1/1956 1959/1/1959 463/1/463
f 1965/1/1965 1966/1/1966 1969/1/1969 1968/1/1968
f 1966/1/1966 1967/1/1967 1970/1/1970 1969/1/1969
f 1968/1/1968 1969/1/1969 1972/1/1972 1971/1/1971
f 1969/1/1969 1970/1/1970 1973/1/1973 1972/1/1972
f 60/1/60 473/1/473 1965/1/1965 476/1/476
f 473/1/473 472/1/472 1966/1/1966 1965/1/1965
f 472/1/472 471/1/471 1967/1/1967 1966/1/1966
f 471/1/471 39/1/39 477/1/477 1967/1/1967
f 1967/1/1967 477/1/477 478/1/478 1970/1/1970
f 1970/1/1970 478/1/478 479/1/479 1973/1/1973
f 1973/1/1973 479/1/479 40/1/40 480/1/480
f 1972/1/1972 1973/1/1973 480/1/480 481/1/481
f 1971/1/1971 1972/1/1972 481/1/481 482/1/482
f 474/1/474 1971/1/1971 482/1/482 59/1/59
f 475/1/475 1968/1/1968 1971/1/1971 474/1/474
f 476/1/476 1965/1/1965 1968/1/1968 475/1/475
f 1974/1/1974 1975/1/1975 1978/1/1978 1977/1/1977
f 1975/1/1975 1976/1/1976 1979/1/1979 1978/1/1978
f 1977/1/1977 1978/1/1978 1981/1/1981 1980/1/1980
f 1978/1/1978 1979/1/1979 1982/1/1982 1981/1/1981
f 59/1/59 482/1/482 1974/1/1974 485/1/485
f 482/1/482 481/1/481 1975/1/1975 1974/1/1974
f 481/1/481 480/1/480 1976/1/1976 1975/1/1975
f 480/1/480 40/1/40 486/1/486 1976/1/1976
f 1976/1/1976 486/1/486 487/1/487 1979/1/1979
f 1979/1/1979 487/1/487 488/1/488 1982/1/1982
f 1982/1/1982 488/1/488 38/1/38 489/1/489
f 1981/1/1981 1982/1/1982 489/1/489 490/1/490
f 1980/1/1980 1981/1/1981 490/1/490 491/1/491
f 483/1/483 1980/1/1980 491/1/491 57/1/57
f 484/1/484 1977/1/1977 1980/1/1980 483/1/483
f 485/1/485 1974/1/1974 1977/1/1977 484/1/484
f 1983/1/1983 1984/1/1984 1987/1/1987 1986/1/1986
f 1984/1/1984 1985/1/1985 1988/1/1988 1987/1/1987
f 1986/1/1986 1987/1/1987 1990/1/1990 1989/1/1989
f 1987/1/1987 1988/1/1988 1991/1/1991 1990/1/1990
f 61/1/61 495/1/495 1983/1/1983 494/1/494
f 495/1/495 496/1/496 1984/1/1984 1983/1/1983
f 496/1/496 497/1/497 1985/1/1985 1984/1/1984
f 497/1/497 42/1/42 374/1/374 1985/1/1985
f 1985/1/1985 374/1/374 373/1/373 1988/1/1988
f 1988/1/1988 373/1/373 372/1/372 1991/1/1991
f 1991/1/1991 372/1/372 44/1/44 498/1/498
f 1990/1/1990 1991/1/1991 498/1/498 499/1/499
f 1989/1/1989 1990/1/1990 499/1/499 500/1/500
f 492/1/492 1989/1/1989 500/1/500 63/1/63
f 493/1/493 1986/1/1986 1989/1/1989 492/1/492
f 494/1/494 1983/1/1983 1986/1/1986 493/1/493
f 1992/1/1992 1993/1/1993 1996/1/1996 1995/1/1995
f 1993/1/1993 1994/1/1994 1997/1/1997 1996/1/1996
f 1995/1/1995 1996/1/1996 1999/1/1999 1998/1/1998
f 1996/1/1996 1997/1/1997 2000/1/2000 1999/1/1999
f 63/1/63 500/1/500 1992/1/1992 503/1/503
f 500/1/500 499/1/499 1993/1/1993 1992/1/1992
f 499/1/499 498/1/498 1994/1/1994 1993/1/1993
f 498/1/498 44/1/44 386/1/386 1994/1/1994
f 1994/1/1994 386/1/386 385/1/385 1997/1/1997
f 1997/1/1997 385/1/385 384/1/384 2000/1/2000
f 2000/1/2000 384/1/384 43/1/43 504/1/504
f 1999/1/1999 2000/1/2000 504/1/504 505/1/505
f 1998/1/1998 1999/1/1999 505/1/505 506/1/506
f 501/1/501 1998/1/1998 506/1/506 64/1/64
f 502/1/502 1995/1/1995 1998/1/1998 501/1/501
f 503/1/503 1992/1/1992 1995/1/1995 502/1/502
f 2001/1/2001 2002/1/2002 2005/1/2005 2004/1/2004
f 2002/1/2002 2003/1/2003 2006/1/2006 2005/1/2005
f 2004/1/2004 2005/1/2005 2008/1/2008 2007/1/2007
f 2005/1/2005 2006/1/2006 2009/1/2009 2008/1/2008
f 64/1/64 506/1/506 2001/1/2001 509/1/509
f 506/1/506 505/1/505 2002/1/2002 2001/1/2001
f 505/1/505 504/1/504 2003/1/2003 2002/1/2002
f 504/1/504 43/1/43 395/1/395 2003/1/2003
f 2003/1/2003 395/1/395 394/1/394 2006/1/2006
f 2006/1/2006 394/1/394 393/1/393 2009/1/2009
f 2009/1/2009 393/1/393 41/1/41 510/1/510
f 2008/1/2008 2009/1/2009 510/1/510 511/1/511
f 2007/1/2007 2008/1/2008 511/1/511 512/1/512
f 507/1/507 2007/1/2007 512/1/512 62/1/62
f 508/1/508 2004/1/2004 2007/1/2007 507/1/507
f 509/1/509 2001/1/2001 2004/1/2004 508/1/508
f 2010/1/2010 2011/1/2011 2014/1/2014 2013/1/2013
f 2011/1/2011 2012/1/2012 2015/1/2015 2014/1/2014
f 2013/1/2013 2014/1/2014 2017/1/2017 2016/1/2016
f 2014/1/2014 2015/1/2015 2018/1/2018 2017/1/2017
f 53/1/53 513/1/513 2010/1/2010 408/1/408
f 513/1/513 514/1/514 2011/1/2011 2010/1/2010
f 514/1/514 515/1/515 2012/1/2012 2011/1/2011
f 515/1/515 74/1/74 516/1/516 2012/1/2012
f 2012/1/2012 516/1/516 517/1/517 2015/1/2015
f 2015/1/2015 517/1/517 518/1/518 2018/1/2018
f 2018/1/2018 518/1/518 76/1/76 519/1/519
f 2017/1/2017 2018/1/2018 519/1/519 520/1/520
f 2016/1/2016 2017/1/2017 520/1/520 521/1/521
f 410/1/410 2016/1/2016 521/1/521 55/1/55
f 409/1/409 2013/1/2013 2016/1/2016 410/1/410
f 408/1/408 2010/1/2010 2013/1/2013 409/1/409
f 2019/1/2019 2020/1/2020 2023/1/2023 2022/1/2022
f 2020/1/2020 2021/1/2021 2024/1/2024 2023/1/2023
f 2022/1/2022 2023/1/2023 2026/1/2026 2025/1/2025
f 2023/1/2023 2024/1/2024 2027/1/2027 2026/1/2026
f 55/1/55 521/1/521 2019/1/2019 417/1/417
f 521/1/521 520/1/520 2020/1/2020 2019/1/2019
f 520/1/520 519/1/519 2021/1/2021 2020/1/2020
f 519/1/519 76/1/76 522/1/522 2021/1/2021
f 2021/1/2021 522/1/522 523/1/523 2024/1/2024
f 2024/1/2024 523/1/523 524/1/524 2027/1/2027
f 2027/1/2027 524/1/524 75/1/75 525/1/525
f 2026/1/2026 2027/1/2027 525/1/525 526/1/526
f 2025/1/2025 2026/1/2026 526/1/526 527/1/527
f 419/1/419 2025/1/2025 527/1/527 56/1/56
f 418/1/418 2022/1/2022 2025/1/2025 419/1/419
f 417/1/417 2019/1/2019 2022/1/2022 418/1/418
f 2028/1/2028 2029/1/2029 2032/1/2032 2031/1/2031
f 2029/1/2029 2030/1/2030 2033/1/2033 2032/1/2032
f 2031/1/2031 2032/1/2032 2035/1/2035 2034/1/2034
f 2032/1/2032 2033/1/2033 2036/1/2036 2035/1/2035
f 56/1/56 527/1/527 2028/1/2028 426/1/426
f 527/1/527 526/1/526 2029/1/2029 2028/1/2028
f 526/1/526 525/1/525 2030/1/2030 2029/1/2029
f 525/1/525 75/1/75 528/1/528 2030/1/2030
f 2030/1/2030 528/1/528 529/1/529 2033/1/2033
f 2033/1/2033 529/1/529 530/1/530 2036/1/2036
f 2036/1/2036 530/1/530 73/1/73 531/1/531
f 2035/1/2035 2036/1/2036 531/1/531 532/1/532
f 2034/1/2034 2035/1/2035 532/1/532 533/1/533
f 428/1/428 2034/1/2034 533/1/533 54/1/54
f 427/1/427 2031/1/2031 2034/1/2034 428/1/428
f 426/1/426 2028/1/2028 2031/1/2031 427/1/427
f 2037/1/2037 2038/1/2038 2041/1/2041 2040/1/2040
f 2038/1/2038 2039/1/2039 2042/1/2042 2041/1/2041
f 2040/1/2040 2041/1/2041 2044/1/2044 2043/1/2043
f 2041/1/2041 2042/1/2042 2045/1/2045 2044/1/2044
f 69/1/69 537/1/537 2037/1/2037 536/1/536
f 537/1/537 538/1/538 2038/1/2038 2037/1/2037
f 538/1/538 539/1/539 2039/1/2039 2038/1/2038
f 539/1/539 50/1/50 434/1/434 2039/1/2039
f 2039/1/2039 434/1/434 433/1/433 2042/1/2042
f 2042/1/2042 433/1/433 432/1/432 2045/1/2045
f 2045/1/2045 432/1/432 52/1/52 540/1/540
f 2044/1/2044 2045/1/2045 540/1/540 541/1/541
f 2043/1/2043 2044/1/2044 541/1/541 542/1/542
f 534/1/534 2043/1/2043 542/1/542 71/1/71
f 535/1/535 2040/1/2040 2043/1/2043 534/1/534
f 536/1/536 2037/1/2037 2040/1/2040 535/1/535
f 2046/1/2046 2047/1/2047 2050/1/2050 2049/1/2049
f 2047/1/2047 2048/1/2048 2051/1/2051 2050/1/2050
f 2049/1/2049 2050/1/2050 2053/1/2053 2052/1/2052
f 2050/1/2050 2051/1/2051 2054/1/2054 2053/1/2053
f 71/1/71 542/1/542 2046/1/2046 545/1/545
f 542/1/542 541/1/541 2047/1/2047 2046/1/2046
f 541/1/541 540/1/540 2048/1/2048 2047/1/2047
f 540/1/540 52/1/52 446/1/446 2048/1/2048
f 2048/1/2048 446/1/446 445/1/445 2051/1/2051
f 2051/1/2051 445/1/445 444/1/444 2054/1/2054
f 2054/1/2054 444/1/444 51/1/51 546/1/546
f 2053/1/2053 2054/1/2054 546/1/546 547/1/547
f 2052/1/2052 2053/1/2053 547/1/547 548/1/548
f 543/1/543 2052/1/2052 548/1/548 72/1/72
f 544/1/544 2049/1/2049 2052/1/2052 543/1/543
f 545/1/545 2046/1/2046 2049/1/2049 544/1/544
f 2055/1/2055 2056/1/2056 2059/1/2059 2058/1/2058
f 2056/1/2056 2057/1/2057 2060/1/2060 2059/1/2059
f 2058/1/2058 2059/1/2059 2062/1/2062 2061/1/2061
f 2059/1/2059 2060/1/2060 2063/1/2063 2062/1/2062
f 72/1/72 548/1/548 2055/1/2055 551/1/551
f 548/1/548 547/1/547 2056/1/2056 2055/1/2055
f 547/1/547 546/1/546 2057/1/2057 2056/1/2056
f 546/1/546 51/1/51 455/1/455 2057/1/2057
f 2057/1/2057 455/1/455 454/1/454 2060/1/2060
f 2060/1/2060 454/1/454 453/1/453 2063/1/2063
f 2063/1/2063 453/1/453 49/1/49 552/1/552
f 2062/1/2062 2063/1/2063 552/1/552 553/1/553
f 2061/1/2061 2062/1/2062 553/1/553 554/1/554
f 549/1/549 2061/1/2061 554/1/554 70/1/70
f 550/1/550 2058/1/2058 2061/1/2061 549/1/549
f 551/1/551 2055/1/2055 2058/1/2058 550/1/550
f 2064/1/2064 2065/1/2065 2068/1/2068 2067/1/2067
f 2065/1/2065 2066/1/2066 2069/1/2069 2068/1/2068
f 2067/1/2067 2068/1/2068 2071/1/2071 2070/1/2070
f 2068/1/2068 2069/1/2069 2072/1/2072 2071/1/2071
f 77/1/77 558/1/558 2064/1/2064 557/1/557
f 558/1/558 559/1/559 2065/1/2065 2064/1/2064
f 559/1/559 560/1/560 2066/1/2066 2065/1/2065
f 560/1/560 58/1/58 464/1/464 2066/1/2066
f 2066/1/2066 464/1/464 463/1/463 2069/1/2069
f 2069/1/2069 463/1/463 462/1/462 2072/1/2072
f 2072/1/2072 462/1/462 60/1/60 561/1/561
f 2071/1/2071 2072/1/2072 561/1/561 562/1/562
f 2070/1/2070 2071/1/2071 562/1/562 563/1/563
f 555/1/555 2070/1/2070 563/1/563 79/1/79
f 556/1/556 2067/1/2067 2070/1/2070 555/1/555
f 557/1/557 2064/1/2064 2067/1/2067 556/1/556
f 2073/1/2073 2074/1/2074 2077/1/2077 2076/1/2076
f 2074/1/2074 2075/1/2075 2078/1/2078 2077/1/2077
f 2076/1/2076 2077/1/2077 2080/1/2080 2079/1/2079
f 2077/1/2077 2078/1/2078 2081/1/2081 2080/1/2080
f 79/1/79 563/1/563 2073/1/2073 566/1/566
f 563/1/563 562/1/562 2074/1/2074 2073/1/2073
f 562/1/562 561/1/561 2075/1/2075 2074/1/2074
f 561/1/561 60/1/60 476/1/476 2075/1/2075
f 2075/1/2075 476/1/476 475/1/475 2078/1/2078
f 2078/1/2078 475/1/475 474/1/474 2081/1/2081
f 2081/1/2081 474/1/474 59/1/59 567/1/567
f 2080/1/2080 2081/1/2081 567/1/567 568/1/568
f 2079/1/2079 2080/1/2080 568/1/568 569/1/569
f 564/1/564 2079/1/2079 569/1/569 80/1/80
f 565/1/565 2076/1/2076 2079/1/2079 564/1/564
f 566/1/566 2073/1/2073 2076/1/2076 565/1/565
f 2082/1/2082 2083/1/2083 2086/1/2086 2085/1/2085
f 2083/1/2083 2084/1/2084 2087/1/2087 2086/1/2086
f 2085/1/2085 2086/1/2086 2089/1/2089 2088/1/2088
f 2086/1/2086 2087/1/2087 2090/1/2090 2089/1/2089
f 80/1/80 569/1/569 2082/1/2082 572/1/572
f 569/1/569 568/1/568 2083/1/2083 2082/1/2082
f 568/1/568 567/1/567 2084/1/2084 2083/1/2083
f 567/1/567 59/1/59 485/1/485 2084/1/2084
f 2084/1/2084 485/1/485 484/1/484 2087/1/2087
f 2087/1/2087 484/1/484 483/1/483 2090/1/2090
f 2090/1/2090 483/1/483 57/1/57 573/1/573
f 2089/1/2089 2090/1/2090 573/1/573 574/1/574
f 2088/1/2088 2089/1/2089 574/1/574 575/1/575
f 570/1/570 2088/1/2088 575/1/575 78/1/78
f 571/1/571 2085/1/2085 2088/1/2088 570/1/570
f 572/1/572 2082/1/2082 2085/1/2085 571/1/571
f 2091/1/2091 2092/1/2092 2095/1/2095 2094/1/2094
f 2092/1/2092 2093/1/2093 2096/1/2096 2095/1/2095
f 2094/1/2094 2095/1/2095 2098/1/2098 2097/1/2097
f 2095/1/2095 2096/1/2096 2099/1/2099 2098/1/2098
f 65/1/65 579/1/579 2091/1/2091 578/1/578
f 579/1/579 580/1/580 2092/1/2092 2091/1/2091
f 580/1/580 581/1/581 2093/1/2093 2092/1/2092
f 581/1/581 46/1/46 368/1/368 2093/1/2093
f 2093/1/2093 368/1/368 367/1/367 2096/1/2096
f 2096/1/2096 367/1/367 366/1/366 2099/1/2099
f 2099/1/2099 366/1/366 48/1/48 582/1/582
f 2098/1/2098 2099/1/2099 582/1/582 583/1/583
f 2097/1/2097 2098/1/2098 583/1/583 584/1/584
f 576/1/576 2097/1/2097 584/1/584 67/1/67
f 577/1/577 2094/1/2094 2097/1/2097 576/1/576
f 578/1/578 2091/1/2091 2094/1/2094 577/1/577
f 2100/1/2100 2101/1/2101 2104/1/2104 2103/1/2103
f 2101/1/2101 2102/1/2102 2105/1/2105 2104/1/2104
f 2103/1/2103 2104/1/2104 2107/1/2107 2106/1/2106
f 2104/1/2104 2105/1/2105 2108/1/2108 2107/1/2107
f 67/1/67 584/1/584 2100/1/2100 587/1/587
f 584/1/584 583/1/583 2101/1/2101 2100/1/2100
f 583/1/583 582/1/582 2102/1/2102 2101/1/2101
f 582/1/582 48/1/48 362/1/362 2102/1/2102
f 2102/1/2102 362/1/362 361/1/361 2105/1/2105
f 2105/1/2105 361/1/361 360/1/360 2108/1/2108
f 2108/1/2108 360/1/360 47/1/47 588/1/588
f 2107/1/2107 2108/1/2108 588/1/588 589/1/589
f 2106/1/2106 2107/1/2107 589/1/589 590/1/590
f 585/1/585 2106/1/2106 590/1/590 68/1/68
f 586/1/586 2103/1/2103 2106/1/2106 585/1/585
f 587/1/587 2100/1/2100 2103/1/2103 586/1/586
f 2109/1/2109 2110/1/2110 2113/1/2113 2112/1/2112
f 2110/1/2110 2111/1/2111 2114/1/2114 2113/1/2113
f 2112/1/2112 2113/1/2113 2116/1/2116 2115/1/2115
f 2113/1/2113 2114/1/2114 2117/1/2117 2116/1/2116
f 68/1/68 590/1/590 2109/1/2109 593/1/593
f 590/1/590 589/1/589 2110/1/2110 2109/1/2109
f 589/1/589 588/1/588 2111/1/2111 2110/1/2110
f 588/1/588 47/1/47 356/1/356 2111/1/2111
f 2111/1/2111 356/1/356 355/1/355 2114/1/2114
f 2114/1/2114 355/1/355 354/1/354 2117/1/2117
f 2117/1/2117 354/1/354 45/1/45 594/1/594
f 2116/1/2116 2117/1/2117 594/1/594 595/1/595
f 2115/1/2115 2116/1/2116 595/1/595 596/1/596
f 591/1/591 2115/1/2115 596/1/596 66/1/66
f 592/1/592 2112/1/2112 2115/1/2115 591/1/591
f 593/1/593 2109/1/2109 2112/1/2112 592/1/592
f 2118/1/2118 2119/1/2119 2122/1/2122 2121/1/2121
f 2119/1/2119 2120/1/2120 2123/1/2123 2122/1/2122
f 2121/1/2121 2122/1/2122 2125/1/2125 2124/1/2124
f 2122/1/2122 2123/1/2123 2126/1/2126 2125/1/2125
f 33/1/33 597/1/597 2118/1/2118 423/1/423
f 597/1/597 598/1/598 2119/1/2119 2118/1/2118
f 598/1/598 599/1/599 2120/1/2120 2119/1/2119
f 599/1/599 82/1/82 203/1/203 2120/1/2120
f 2120/1/2120 203/1/203 202/1/202 2123/1/2123
f 2123/1/2123 202/1/202 201/1/201 2126/1/2126
f 2126/1/2126 201/1/201 84/1/84 600/1/600
f 2125/1/2125 2126/1/2126 600/1/600 601/1/601
f 2124/1/2124 2125/1/2125 601/1/601 602/1/602
f 425/1/425 2124/1/2124 602/1/602 35/1/35
f 424/1/424 2121/1/2121 2124/1/2124 425/1/425
f 423/1/423 2118/1/2118 2121/1/2121 424/1/424
f 2127/1/2127 2128/1/2128 2131/1/2131 2130/1/2130
f 2128/1/2128 2129/1/2129 2132/1/2132 2131/1/2131
f 2130/1/2130 2131/1/2131 2134/1/2134 2133/1/2133
f 2131/1/2131 2132/1/2132 2135/1/2135 2134/1/2134
f 35/1/35 602/1/602 2127/1/2127 414/1/414
f 602/1/602 601/1/601 2128/1/2128 2127/1/2127
f 601/1/601 600/1/600 2129/1/2129 2128/1/2128
f 600/1/600 84/1/84 215/1/215 2129/1/2129
f 2129/1/2129 215/1/215 214/1/214 2132/1/2132
f 2132/1/2132 214/1/214 213/1/213 2135/1/2135
f 2135/1/2135 213/1/213 83/1/83 603/1/603
f 2134/1/2134 2135/1/2135 603/1/603 604/1/604
f 2133/1/2133 2134/1/2134 604/1/604 605/1/605
f 416/1/416 2133/1/2133 605/1/605 36/1/36
f 415/1/415 2130/1/2130 2133/1/2133 416/1/416
f 414/1/414 2127/1/2127 2130/1/2130 415/1/415
f 2136/1/2136 2137/1/2137 2140/1/2140 2139/1/2139
f 2137/1/2137 2138/1/2138 2141/1/2141 2140/1/2140
f 2139/1/2139 2140/1/2140 2143/1/2143 2142/1/2142
f 2140/1/2140 2141/1/2141 2144/1/2144 2143/1/2143
f 36/1/36 605/1/605 2136/1/2136 402/1/402
f 605/1/605 604/1/604 2137/1/2137 2136/1/2136
f 604/1/604 603/1/603 2138/1/2138 2137/1/2137
f 603/1/603 83/1/83 224/1/224 2138/1/2138
f 2138/1/2138 224/1/224 223/1/223 2141/1/2141
f 2141/1/2141 223/1/223 222/1/222 2144/1/2144
f 2144/1/2144 222/1/222 81/1/81 606/1/606
f 2143/1/2143 2144/1/2144 606/1/606 607/1/607
f 2142/1/2142 2143/1/2143 607/1/607 608/1/608
f 404/1/404 2142/1/2142 608/1/608 34/1/34
f 403/1/403 2139/1/2139 2142/1/2142 404/1/404
f 402/1/402 2136/1/2136 2139/1/2139 403/1/403
f 2145/1/2145 2146/1/2146 2149/1/2149 2148/1/2148
f 2146/1/2146 2147/1/2147 2150/1/2150 2149/1/2149
f 2148/1/2148 2149/1/2149 2152/1/2152 2151/1/2151
f 2149/1/2149 2150/1/2150 2153/1/2153 2152/1/2152
f 5/1/5 612/1/612 2145/1/2145 611/1/611
f 612/1/612 613/1/613 2146/1/2146 2145/1/2145
f 613/1/613 614/1/614 2147/1/2147 2146/1/2146
f 614/1/614 86/1/86 233/1/233 2147/1/2147
f 2147/1/2147 233/1/233 232/1/232 2150/1/2150
f 2150/1/2150 232/1/232 231/1/231 2153/1/2153
f 2153/1/2153 231/1/231 88/1/88 615/1/615
f 2152/1/2152 2153/1/2153 615/1/615 616/1/616
f 2151/1/2151 2152/1/2152 616/1/616 617/1/617
f 609/1/609 2151/1/2151 617/1/617 7/1/7
f 610/1/610 2148/1/2148 2151/1/2151 609/1/609
f 611/1/611 2145/1/2145 2148/1/2148 610/1/610
f 2154/1/2154 2155/1/2155 2158/1/2158 2157/1/2157
f 2155/1/2155 2156/1/2156 2159/1/2159 2158/1/2158
f 2157/1/2157 2158/1/2158 2161/1/2161 2160/1/2160
f 2158/1/2158 2159/1/2159 2162/1/2162 2161/1/2161
f 7/1/7 617/1/617 2154/1/2154 620/1/620
f 617/1/617 616/1/616 2155/1/2155 2154/1/2154
f 616/1/616 615/1/615 2156/1/2156 2155/1/2155
f 615/1/615 88/1/88 245/1/245 2156/1/2156
f 2156/1/2156 245/1/245 244/1/244 2159/1/2159
f 2159/1/2159 244/1/244 243/1/243 2162/1/2162
f 2162/1/2162 243/1/243 87/1/87 621/1/621
f 2161/1/2161 2162/1/2162 621/1/621 622/1/622
f 2160/1/2160 2161/1/2161 622/1/622 623/1/623
f 618/1/618 2160/1/2160 623/1/623 8/1/8
f 619/1/619 2157/1/2157 2160/1/2160 618/1/618
f 620/1/620 2154/1/2154 2157/1/2157 619/1/619
f 2163/1/2163 2164/1/2164 2167/1/2167 2166/1/2166
f 2164/1/2164 2165/1/2165 2168/1/2168 2167/1/2167
f 2166/1/2166 2167/1/2167 2170/1/2170 2169/1/2169
f 2167/1/2167 2168/1/2168 2171/1/2171 2170/1/2170
f 8/1/8 623/1/623 2163/1/2163 626/1/626
f 623/1/623 622/1/622 2164/1/2164 2163/1/2163
f 622/1/622 621/1/621 2165/1/2165 2164/1/2164
f 621/1/621 87/1/87 254/1/254 2165/1/2165
f 2165/1/2165 254/1/254 253/1/253 2168/1/2168
f 2168/1/2168 253/1/253 252/1/252 2171/1/2171
f 2171/1/2171 252/1/252 85/1/85 627/1/627
f 2170/1/2170 2171/1/2171 627/1/627 628/1/628
f 2169/1/2169 2170/1/2170 628/1/628 629/1/629
f 624/1/624 2169/1/2169 629/1/629 6/1/6
f 625/1/625 2166/1/2166 2169/1/2169 624/1/624
f 626/1/626 2163/1/2163 2166/1/2166 625/1/625
f 2172/1/2172 2173/1/2173 2176/1/2176 2175/1/2175
f 2173/1/2173 2174/1/2174 2177/1/2177 2176/1/2176
f 2175/1/2175 2176/1/2176 2179/1/2179 2178/1/2178
f 2176/1/2176 2177/1/2177 2180/1/2180 2179/1/2179
f 21/1/21 630/1/630 2172/1/2172 378/1/378
f 630/1/630 631/1/631 2173/1/2173 2172/1/2172
f 631/1/631 632/1/632 2174/1/2174 2173/1/2173
f 632/1/632 90/1/90 263/1/263 2174/1/2174
f 2174/1/2174 263/1/263 262/1/262 2177/1/2177
f 2177/1/2177 262/1/262 261/1/261 2180/1/2180
f 2180/1/2180 261/1/261 92/1/92 633/1/633
f 2179/1/2179 2180/1/2180 633/1/633 634/1/634
f 2178/1/2178 2179/1/2179 634/1/634 635/1/635
f 380/1/380 2178/1/2178 635/1/635 23/1/23
f 379/1/379 2175/1/2175 2178/1/2178 380/1/380
f 378/1/378 2172/1/2172 2175/1/2175 379/1/379
f 2181/1/2181 2182/1/2182 2185/1/2185 2184/1/2184
f 2182/1/2182 2183/1/2183 2186/1/2186 2185/1/2185
f 2184/1/2184 2185/1/2185 2188/1/2188 2187/1/2187
f 2185/1/2185 2186/1/2186 2189/1/2189 2188/1/2188
f 23/1/23 635/1/635 2181/1/2181 387/1/387
f 635/1/635 634/1/634 2182/1/2182 2181/1/2181
f 634/1/634 633/1/633 2183/1/2183 2182/1/2182
f 633/1/633 92/1/92 275/1/275 2183/1/2183
f 2183/1/2183 275/1/275 274/1/274 2186/1/2186
f 2186/1/2186 274/1/274 273/1/273 2189/1/2189
f 2189/1/2189 273/1/273 91/1/91 636/1/636
f 2188/1/2188 2189/1/2189 636/1/636 637/1/637
f 2187/1/2187 2188/1/2188 637/1/637 638/1/638
f 389/1/389 2187/1/2187 638/1/638 24/1/24
f 388/1/388 2184/1/2184 2187/1/2187 389/1/389
f 387/1/387 2181/1/2181 2184/1/2184 388/1/388
f 2190/1/2190 2191/1/2191 2194/1/2194 2193/1/2193
f 2191/1/2191 2192/1/2192 2195/1/2195 2194/1/2194
f 2193/1/2193 2194/1/2194 2197/1/2197 2196/1/2196
f 2194/1/2194 2195/1/2195 2198/1/2198 2197/1/2197
f 24/1/24 638/1/638 2190/1/2190 396/1/396
f 638/1/638 637/1/637 2191/1/2191 2190/1/2190
f 637/1/637 636/1/636 2192/1/2192 2191/1/2191
f 636/1/636 91/1/91 284/1/284 2192/1/2192
f 2192/1/2192 284/1/284 283/1/283 2195/1/2195
f 2195/1/2195 283/1/283 282/1/282 2198/1/2198
f 2198/1/2198 282/1/282 89/1/89 639/1/639
f 2197/1/2197 2198/1/2198 639/1/639 640/1/640
f 2196/1/2196 2197/1/2197 640/1/640 641/1/641
f 398/1/398 2196/1/2196 641/1/641 22/1/22
f 397/1/397 2193/1/2193 2196/1/2196 398/1/398
f 396/1/396 2190/1/2190 2193/1/2193 397/1/397
f 2199/1/2199 2200/1/2200 2203/1/2203 2202/1/2202
f 2200/1/2200 2201/1/2201 2204/1/2204 2203/1/2203
f 2202/1/2202 2203/1/2203 2206/1/2206 2205/1/2205
f 2203/1/2203 2204/1/2204 2207/1/2207 2206/1/2206
f 29/1/29 642/1/642 2199/1/2199 438/1/438
f 642/1/642 643/1/643 2200/1/2200 2199/1/2199
f 643/1/643 644/1/644 2201/1/2201 2200/1/2200
f 644/1/644 94/1/94 293/1/293 2201/1/2201
f 2201/1/2201 293/1/293 292/1/292 2204/1/2204
f 2204/1/2204 292/1/292 291/1/291 2207/1/2207
f 2207/1/2207 291/1/291 96/1/96 645/1/645
f 2206/1/2206 2207/1/2207 645/1/645 646/1/646
f 2205/1/2205 2206/1/2206 646/1/646 647/1/647
f 440/1/440 2205/1/2205 647/1/647 31/1/31
f 439/1/439 2202/1/2202 2205/1/2205 440/1/440
f 438/1/438 2199/1/2199 2202/1/2202 439/1/439
f 2208/1/2208 2209/1/2209 2212/1/2212 2211/1/2211
f 2209/1/2209 2210/1/2210 2213/1/2213 2212/1/2212
f 2211/1/2211 2212/1/2212 2215/1/2215 2214/1/2214
f 2212/1/2212 2213/1/2213 2216/1/2216 2215/1/2215
f 31/1/31 647/1/647 2208/1/2208 447/1/447
f 647/1/647 646/1/646 2209/1/2209 2208/1/2208
f 646/1/646 645/1/645 2210/1/2210 2209/1/2209
f 645/1/645 96/1/96 305/1/305 2210/1/2210
f 2210/1/2210 305/1/305 304/1/304 2213/1/2213
f 2213/1/2213 304/1/304 303/1/303 2216/1/2216
f 2216/1/2216 303/1/303 95/1/95 648/1/648
f 2215/1/2215 2216/1/2216 648/1/648 649/1/649
f 2214/1/2214 2215/1/2215 649/1/649 650/1/650
f 449/1/449 2214/1/2214 650/1/650 32/1/32
f 448/1/448 2211/1/2211 2214/1/2214 449/1/449
f 447/1/447 2208/1/2208 2211/1/2211 448/1/448
f 2217/1/2217 2218/1/2218 2221/1/2221 2220/1/2220
f 2218/1/2218 2219/1/2219 2222/1/2222 2221/1/2221
f 2220/1/2220 2221/1/2221 2224/1/2224 2223/1/2223
f 2221/1/2221 2222/1/2222 2225/1/2225 2224/1/2224
f 32/1/32 650/1/650 2217/1/2217 456/1/456
f 650/1/650 649/1/649 2218/1/2218 2217/1/2217
f 649/1/649 648/1/648 2219/1/2219 2218/1/2218
f 648/1/648 95/1/95 314/1/314 2219/1/2219
f 2219/1/2219 314/1/314 313/1/313 2222/1/2222
f 2222/1/2222 313/1/313 312/1/312 2225/1/2225
f 2225/1/2225 312/1/312 93/1/93 651/1/651
f 2224/1/2224 2225/1/2225 651/1/651 652/1/652
f 2223/1/2223 2224/1/2224 652/1/652 653/1/653
f 458/1/458 2223/1/2223 653/1/653 30/1/30
f 457/1/457 2220/1/2220 2223/1/2223 458/1/458
f 456/1/456 2217/1/2217 2220/1/2220 457/1/457
f 2226/1/2226 2227/1/2227 2230/1/2230 2229/1/2229
f 2227/1/2227 2228/1/2228 2231/1/2231 2230/1/2230
f 2229/1/2229 2230/1/2230 2233/1/2233 2232/1/2232
f 2230/1/2230 2231/1/2231 2234/1/2234 2233/1/2233
f 37/1/37 654/1/654 2226/1/2226 468/1/468
f 654/1/654 655/1/655 2227/1/2227 2226/1/2226
f 655/1/655 656/1/656 2228/1/2228 2227/1/2227
f 656/1/656 98/1/98 323/1/323 2228/1/2228
f 2228/1/2228 323/1/323 322/1/322 2231/1/2231
f 2231/1/2231 322/1/322 321/1/321 2234/1/2234
f 2234/1/2234 321/1/321 100/1/100 657/1/657
f 2233/1/2233 2234/1/2234 657/1/657 658/1/658
f 2232/1/2232 2233/1/2233 658/1/658 659/1/659
f 470/1/470 2232/1/2232 659/1/659 39/1/39
f 469/1/469 2229/1/2229 2232/1/2232 470/1/470
f 468/1/468 2226/1/2226 2229/1/2229 469/1/469
f 2235/1/2235 2236/1/2236 2239/1/2239 2238/1/2238
f 2236/1/2236 2237/1/2237 2240/1/2240 2239/1/2239
f 2238/1/2238 2239/1/2239 2242/1/2242 2241/1/2241
f 2239/1/2239 2240/1/2240 2243/1/2243 2242/1/2242
f 39/1/39 659/1/659 2235/1/2235 477/1/477
f 659/1/659 658/1/658 2236/1/2236 2235/1/2235
f 658/1/658 657/1/657 2237/1/2237 2236/1/2236
f 657/1/657 100/1/100 335/1/335 2237/1/2237
f 2237/1/2237 335/1/335 334/1/334 2240/1/2240
f 2240/1/2240 334/1/334 333/1/333 2243/1/2243
f 2243/1/2243 333/1/333 99/1/99 660/1/660
f 2242/1/2242 2243/1/2243 660/1/660 661/1/661
f 2241/1/2241 2242/1/2242 661/1/661 662/1/662
f 479/1/479 2241/1/2241 662/1/662 40/1/40
f 478/1/478 2238/1/2238 2241/1/2241 479/1/479
f 477/1/477 2235/1/2235 2238/1/2238 478/1/478
f 2244/1/2244 2245/1/2245 2248/1/2248 2247/1/2247
f 2245/1/2245 2246/1/2246 2249/1/2249 2248/1/2248
f 2247/1/2247 2248/1/2248 2251/1/2251 2250/1/2250
f 2248/1/2248 2249/1/2249 2252/1/2252 2251/1/2251
f 40/1/40 662/1/662 2244/1/2244 486/1/486
f 662/1/662 661/1/661 2245/1/2245 2244/1/2244
f 661/1/661 660/1/660 2246/1/2246 2245/1/2245
f 660/1/660 99/1/99 344/1/344 2246/1/2246
f 2246/1/2246 344/1/344 343/1/343 2249/1/2249
f 2249/1/2249 343/1/343 342/1/342 2252/1/2252
f 2252/1/2252 342/1/342 97/1/97 663/1/663
f 2251/1/2251 2252/1/2252 663/1/663 664/1/664
f 2250/1/2250 2251/1/2251 664/1/664 665/1/665
f 488/1/488 2250/1/2250 665/1/665 38/1/38
f 487/1/487 2247/1/2247 2250/1/2250 488/1/488
f 486/1/486 2244/1/2244 2247/1/2247 487/1/487
f 2254/1/2254 2255/1/2255 2253/1/2253 2333/1/2333
f 2256/1/2256 2257/1/2257 2253/1/2253 2255/1/2255
f 2258/1/2258 2259/1/2259 2253/1/2253 2257/1/2257
f 2260/1/2260 2261/1/2261 2253/1/2253 2259/1/2259
f 2262/1/2262 2263/1/2263 2253/1/2253 2261/1/2261
f 2264/1/2264 2265/1/2265 2253/1/2253 2263/1/2263
f 2266/1/2266 2267/1/2267 2253/1/2253 2265/1/2265
f 2268/1/2268 2269/1/2269 2253/1/2253 2267/1/2267
f 2270/1/2270 2271/1/2271 2253/1/2253 2269/1/2269
f 2272/1/2272 2273/1/2273 2253/1/2253 2271/1/2271
f 2274/1/2274 2275/1/2275 2253/1/2253 2273/1/2273
f 2276/1/2276 2277/1/2277 2253/1/2253 2275/1/2275
f 2278/1/2278 2279/1/2279 2253/1/2253 2277/1/2277
f 2280/1/2280 2281/1/2281 2253/1/2253 2279/1/2279
f 2282/1/2282 2283/1/2283 2253/1/2253 2281/1/2281
f 2284/1/2284 2285/1/2285 2253/1/2253 2283/1/2283
f 2286/1/2286 2287/1/2287 2253/1/2253 2285/1/2285
f 2288/1/2288 2289/1/2289 2253/1/2253 2287/1/2287
f 2290/1/2290 2291/1/2291 2253/1/2253 2289/1/2289
f 2292/1/2292 2293/1/2293 2253/1/2253 2291/1/2291
f 2294/1/2294 2295/1/2295 2253/1/2253 2293/1/2293
f 2296/1/2296 2297/1/2297 2253/1/2253 2295/1/2295
f 2298/1/2298 2299/1/2299 2253/1/2253 2297/1/2297
f 2300/1/2300 2301/1/2301 2253/1/2253 2299/1/2299
f 2302/1/2302 2303/1/2303 2253/1/2253 2301/1/2301
f 2304/1/2304 2305/1/2305 2253/1/2253 2303/1/2303
f 2306/1/2306 2307/1/2307 2253/1/2253 2305/1/2305
f 2308/1/2308 2309/1/2309 2253/1/2253 2307/1/2307
f 2310/1/2310 2311/1/2311 2253/1/2253 2309/1/2309
f 2312/1/2312 2313/1/2313 2253/1/2253 2311/1/2311
f 2314/1/2314 2315/1/2315 2253/1/2253 2313/1/2313
f 2316/1/2316 2317/1/2317 2253/1/2253 2315/1/2315
f 2318/1/2318 2319/1/2319 2253/1/2253 2317/1/2317
f 2320/1/2320 2321/1/2321 2253/1/2253 2319/1/2319
f 2322/1/2322 2323/1/2323 2253/1/2253 2321/1/2321
f 2324/1/2324 2325/1/2325 2253/1/2253 2323/1/2323
f 2326/1/2326 2327/1/2327 2253/1/2253 2325/1/2325
f 2328/1/2328 2329/1/2329 2253/1/2253 2327/1/2327
f 2330/1/2330 2331/1/2331 2253/1/2253 2329/1/2329
f 2332/1/2332 2333/1/2333 2253/1/2253 2331/1/2331
f 101/1/101 812/1/812 2254/1/2254 1131/1/1131
f 812/1/812 811/1/811 2255/1/2255 2254/1/2254
f 1131/1/1131 2254/1/2254 2333/1/2333 1132/1/1132
f 103/1/103 803/1/803 2256/1/2256 810/1/810
f 803/1/803 802/1/802 2257/1/2257 2256/1/2256
f 810/1/810 2256/1/2256 2255/1/2255 811/1/811
f 104/1/104 794/1/794 2258/1/2258 801/1/801
f 794/1/794 793/1/793 2259/1/2259 2258/1/2258
f 801/1/801 2258/1/2258 2257/1/2257 802/1/802
f 102/1/102 1137/1/1137 2260/1/2260 792/1/792
f 1137/1/1137 1138/1/1138 2261/1/2261 2260/1/2260
f 792/1/792 2260/1/2260 2259/1/2259 793/1/793
f 5/1/5 611/1/611 2262/1/2262 1139/1/1139
f 611/1/611 610/1/610 2263/1/2263 2262/1/2262
f 1139/1/1139 2262/1/2262 2261/1/2261 1138/1/1138
f 7/1/7 620/1/620 2264/1/2264 609/1/609
f 620/1/620 619/1/619 2265/1/2265 2264/1/2264
f 609/1/609 2264/1/2264 2263/1/2263 610/1/610
f 8/1/8 626/1/626 2266/1/2266 618/1/618
f 626/1/626 625/1/625 2267/1/2267 2266/1/2266
f 618/1/618 2266/1/2266 2265/1/2265 619/1/619
f 6/1/6 1140/1/1140 2268/1/2268 624/1/624
f 1140/1/1140 1141/1/1141 2269/1/2269 2268/1/2268
f 624/1/624 2268/1/2268 2267/1/2267 625/1/625
f 105/1/105 722/1/722 2270/1/2270 1142/1/1142
f 722/1/722 721/1/721 2271/1/2271 2270/1/2270
f 1142/1/1142 2270/1/2270 2269/1/2269 1141/1/1141
f 107/1/107 713/1/713 2272/1/2272 720/1/720
f 713/1/713 712/1/712 2273/1/2273 2272/1/2272
f 720/1/720 2272/1/2272 2271/1/2271 721/1/721
f 108/1/108 704/1/704 2274/1/2274 711/1/711
f 704/1/704 703/1/703 2275/1/2275 2274/1/2274
f 711/1/711 2274/1/2274 2273/1/2273 712/1/712
f 106/1/106 1143/1/1143 2276/1/2276 702/1/702
f 1143/1/1143 1144/1/1144 2277/1/2277 2276/1/2276
f 702/1/702 2276/1/2276 2275/1/2275 703/1/703
f 9/1/9 317/1/317 2278/1/2278 1145/1/1145
f 317/1/317 316/1/316 2279/1/2279 2278/1/2278
f 1145/1/1145 2278/1/2278 2277/1/2277 1144/1/1144
f 11/1/11 308/1/308 2280/1/2280 315/1/315
f 308/1/308 307/1/307 2281/1/2281 2280/1/2280
f 315/1/315 2280/1/2280 2279/1/2279 316/1/316
f 12/1/12 299/1/299 2282/1/2282 306/1/306
f 299/1/299 298/1/298 2283/1/2283 2282/1/2282
f 306/1/306 2282/1/2282 2281/1/2281 307/1/307
f 10/1/10 1146/1/1146 2284/1/2284 297/1/297
f 1146/1/1146 1147/1/1147 2285/1/2285 2284/1/2284
f 297/1/297 2284/1/2284 2283/1/2283 298/1/298
f 109/1/109 1055/1/1055 2286/1/2286 1148/1/1148
f 1055/1/1055 1054/1/1054 2287/1/2287 2286/1/2286
f 1148/1/1148 2286/1/2286 2285/1/2285 1147/1/1147
f 111/1/111 1064/1/1064 2288/1/2288 1053/1/1053
f 1064/1/1064 1063/1/1063 2289/1/2289 2288/1/2288
f 1053/1/1053 2288/1/2288 2287/1/2287 1054/1/1054
f 112/1/112 1070/1/1070 2290/1/2290 1062/1/1062
f 1070/1/1070 1069/1/1069 2291/1/2291 2290/1/2290
f 1062/1/1062 2290/1/2290 2289/1/2289 1063/1/1063
f 110/1/110 1149/1/1149 2292/1/2292 1068/1/1068
f 1149/1/1149 1150/1/1150 2293/1/2293 2292/1/2292
f 1068/1/1068 2292/1/2292 2291/1/2291 1069/1/1069
f 13/1/13 227/1/227 2294/1/2294 1151/1/1151
f 227/1/227 226/1/226 2295/1/2295 2294/1/2294
f 1151/1/1151 2294/1/2294 2293/1/2293 1150/1/1150
f 15/1/15 218/1/218 2296/1/2296 225/1/225
f 218/1/218 217/1/217 2297/1/2297 2296/1/2296
f 225/1/225 2296/1/2296 2295/1/2295 226/1/226
f 16/1/16 209/1/209 2298/1/2298 216/1/216
f 209/1/209 208/1/208 2299/1/2299 2298/1/2298
f 216/1/216 2298/1/2298 2297/1/2297 217/1/217
f 14/1/14 1152/1/1152 2300/1/2300 207/1/207
f 1152/1/1152 1153/1/1153 2301/1/2301 2300/1/2300
f 207/1/207 2300/1/2300 2299/1/2299 208/1/208
f 113/1/113 782/1/782 2302/1/2302 1154/1/1154
f 782/1/782 781/1/781 2303/1/2303 2302/1/2302
f 1154/1/1154 2302/1/2302 2301/1/2301 1153/1/1153
f 115/1/115 773/1/773 2304/1/2304 780/1/780
f 773/1/773 772/1/772 2305/1/2305 2304/1/2304
f 780/1/780 2304/1/2304 2303/1/2303 781/1/781
f 116/1/116 764/1/764 2306/1/2306 771/1/771
f 764/1/764 763/1/763 2307/1/2307 2306/1/2306
f 771/1/771 2306/1/2306 2305/1/2305 772/1/772
f 114/1/114 1155/1/1155 2308/1/2308 762/1/762
f 1155/1/1155 1156/1/1156 2309/1/2309 2308/1/2308
f 762/1/762 2308/1/2308 2307/1/2307 763/1/763
f 17/1/17 347/1/347 2310/1/2310 1157/1/1157
f 347/1/347 346/1/346 2311/1/2311 2310/1/2310
f 1157/1/1157 2310/1/2310 2309/1/2309 1156/1/1156
f 19/1/19 338/1/338 2312/1/2312 345/1/345
f 338/1/338 337/1/337 2313/1/2313 2312/1/2312
f 345/1/345 2312/1/2312 2311/1/2311 346/1/346
f 20/1/20 329/1/329 2314/1/2314 336/1/336
f 329/1/329 328/1/328 2315/1/2315 2314/1/2314
f 336/1/336 2314/1/2314 2313/1/2313 337/1/337
f 18/1/18 1158/1/1158 2316/1/2316 327/1/327
f 1158/1/1158 1159/1/1159 2317/1/2317 2316/1/2316
f 327/1/327 2316/1/2316 2315/1/2315 328/1/328
f 117/1/117 1088/1/1088 2318/1/2318 1160/1/1160
f 1088/1/1088 1087/1/1087 2319/1/2319 2318/1/2318
f 1160/1/1160 2318/1/2318 2317/1/2317 1159/1/1159
f 119/1/119 1097/1/1097 2320/1/2320 1086/1/1086
f 1097/1/1097 1096/1/1096 2321/1/2321 2320/1/2320
f 1086/1/1086 2320/1/2320 2319/1/2319 1087/1/1087
f 120/1/120 1103/1/1103 2322/1/2322 1095/1/1095
f 1103/1/1103 1102/1/1102 2323/1/2323 2322/1/2322
f 1095/1/1095 2322/1/2322 2321/1/2321 1096/1/1096
f 118/1/118 1161/1/1161 2324/1/2324 1101/1/1101
f 1161/1/1161 1162/1/1162 2325/1/2325 2324/1/2324
f 1101/1/1101 2324/1/2324 2323/1/2323 1102/1/1102
f 1/1/1 287/1/287 2326/1/2326 1163/1/1163
f 287/1/287 286/1/286 2327/1/2327 2326/1/2326
f 1163/1/1163 2326/1/2326 2325/1/2325 1162/1/1162
f 3/1/3 278/1/278 2328/1/2328 285/1/285
f 278/1/278 277/1/277 2329/1/2329 2328/1/2328
f 285/1/285 2328/1/2328 2327/1/2327 286/1/286
f 4/1/4 269/1/269 2330/1/2330 276/1/276
f 269/1/269 268/1/268 2331/1/2331 2330/1/2330
f 276/1/276 2330/1/2330 2329/1/2329 277/1/277
f 2/1/2 1133/1/1133 2332/1/2332 267/1/267
f 1133/1/1133 1132/1/1132 2333/1/2333 2332/1/2332
f 267/1/267 2332/1/2332 2331/1/2331 268/1/268
f 2334/1/2334 2335/1/2335 2338/1/2338 2337/1/2337
f 2335/1/2335 2336/1/2336 2339/1/2339 2338/1/2338
f 2337/1/2337 2338/1/2338 2341/1/2341 2340/1/2340
f 2338/1/2338 2339/1/2339 2342/1/2342 2341/1/2341
f 182/1/182 669/1/669 2334/1/2334 668/1/668
f 669/1/669 670/1/670 2335/1/2335 2334/1/2334
f 670/1/670 671/1/671 2336/1/2336 2335/1/2335
f 671/1/671 129/1/129 672/1/672 2336/1/2336
f 2336/1/2336 672/1/672 673/1/673 2339/1/2339
f 2339/1/2339 673/1/673 674/1/674 2342/1/2342
f 2342/1/2342 674/1/674 131/1/131 675/1/675
f 2341/1/2341 2342/1/2342 675/1/675 676/1/676
f 2340/1/2340 2341/1/2341 676/1/676 677/1/677
f 666/1/666 2340/1/2340 677/1/677 184/1/184
f 667/1/667 2337/1/2337 2340/1/2340 666/1/666
f 668/1/668 2334/1/2334 2337/1/2337 667/1/667
f 2343/1/2343 2344/1/2344 2347/1/2347 2346/1/2346
f 2344/1/2344 2345/1/2345 2348/1/2348 2347/1/2347
f 2346/1/2346 2347/1/2347 2350/1/2350 2349/1/2349
f 2347/1/2347 2348/1/2348 2351/1/2351 2350/1/2350
f 184/1/184 677/1/677 2343/1/2343 680/1/680
f 677/1/677 676/1/676 2344/1/2344 2343/1/2343
f 676/1/676 675/1/675 2345/1/2345 2344/1/2344
f 675/1/675 131/1/131 681/1/681 2345/1/2345
f 2345/1/2345 681/1/681 682/1/682 2348/1/2348
f 2348/1/2348 682/1/682 683/1/683 2351/1/2351
f 2351/1/2351 683/1/683 132/1/132 684/1/684
f 2350/1/2350 2351/1/2351 684/1/684 685/1/685
f 2349/1/2349 2350/1/2350 685/1/685 686/1/686
f 678/1/678 2349/1/2349 686/1/686 183/1/183
f 679/1/679 2346/1/2346 2349/1/2349 678/1/678
f 680/1/680 2343/1/2343 2346/1/2346 679/1/679
f 2352/1/2352 2353/1/2353 2356/1/2356 2355/1/2355
f 2353/1/2353 2354/1/2354 2357/1/2357 2356/1/2356
f 2355/1/2355 2356/1/2356 2359/1/2359 2358/1/2358
f 2356/1/2356 2357/1/2357 2360/1/2360 2359/1/2359
f 183/1/183 686/1/686 2352/1/2352 689/1/689
f 686/1/686 685/1/685 2353/1/2353 2352/1/2352
f 685/1/685 684/1/684 2354/1/2354 2353/1/2353
f 684/1/684 132/1/132 690/1/690 2354/1/2354
f 2354/1/2354 690/1/690 691/1/691 2357/1/2357
f 2357/1/2357 691/1/691 692/1/692 2360/1/2360
f 2360/1/2360 692/1/692 130/1/130 693/1/693
f 2359/1/2359 2360/1/2360 693/1/693 694/1/694
f 2358/1/2358 2359/1/2359 694/1/694 695/1/695
f 687/1/687 2358/1/2358 695/1/695 181/1/181
f 688/1/688 2355/1/2355 2358/1/2358 687/1/687
f 689/1/689 2352/1/2352 2355/1/2355 688/1/688
f 2361/1/2361 2362/1/2362 2365/1/2365 2364/1/2364
f 2362/1/2362 2363/1/2363 2366/1/2366 2365/1/2365
f 2364/1/2364 2365/1/2365 2368/1/2368 2367/1/2367
f 2365/1/2365 2366/1/2366 2369/1/2369 2368/1/2368
f 186/1/186 699/1/699 2361/1/2361 698/1/698
f 699/1/699 700/1/700 2362/1/2362 2361/1/2361
f 700/1/700 701/1/701 2363/1/2363 2362/1/2362
f 701/1/701 106/1/106 702/1/702 2363/1/2363
f 2363/1/2363 702/1/702 703/1/703 2366/1/2366
f 2366/1/2366 703/1/703 704/1/704 2369/1/2369
f 2369/1/2369 704/1/704 108/1/108 705/1/705
f 2368/1/2368 2369/1/2369 705/1/705 706/1/706
f 2367/1/2367 2368/1/2368 706/1/706 707/1/707
f 696/1/696 2367/1/2367 707/1/707 188/1/188
f 697/1/697 2364/1/2364 2367/1/2367 696/1/696
f 698/1/698 2361/1/2361 2364/1/2364 697/1/697
f 2370/1/2370 2371/1/2371 2374/1/2374 2373/1/2373
f 2371/1/2371 2372/1/2372 2375/1/2375 2374/1/2374
f 2373/1/2373 2374/1/2374 2377/1/2377 2376/1/2376
f 2374/1/2374 2375/1/2375 2378/1/2378 2377/1/2377
f 188/1/188 707/1/707 2370/1/2370 710/1/710
f 707/1/707 706/1/706 2371/1/2371 2370/1/2370
f 706/1/706 705/1/705 2372/1/2372 2371/1/2371
f 705/1/705 108/1/108 711/1/711 2372/1/2372
f 2372/1/2372 711/1/711 712/1/712 2375/1/2375
f 2375/1/2375 712/1/712 713/1/713 2378/1/2378
f 2378/1/2378 713/1/713 107/1/107 714/1/714
f 2377/1/2377 2378/1/2378 714/1/714 715/1/715
f 2376/1/2376 2377/1/2377 715/1/715 716/1/716
f 708/1/708 2376/1/2376 716/1/716 187/1/187
f 709/1/709 2373/1/2373 2376/1/2376 708/1/708
f 710/1/710 2370/1/2370 2373/1/2373 709/1/709
f 2379/1/2379 2380/1/2380 2383/1/2383 2382/1/2382
f 2380/1/2380 2381/1/2381 2384/1/2384 2383/1/2383
f 2382/1/2382 2383/1/2383 2386/1/2386 2385/1/2385
f 2383/1/2383 2384/1/2384 2387/1/2387 2386/1/2386
f 187/1/187 716/1/716 2379/1/2379 719/1/719
f 716/1/716 715/1/715 2380/1/2380 2379/1/2379
f 715/1/715 714/1/714 2381/1/2381 2380/1/2380
f 714/1/714 107/1/107 720/1/720 2381/1/2381
f 2381/1/2381 720/1/720 721/1/721 2384/1/2384
f 2384/1/2384 721/1/721 722/1/722 2387/1/2387
f 2387/1/2387 722/1/722 105/1/105 723/1/723
f 2386/1/2386 2387/1/2387 723/1/723 724/1/724
f 2385/1/2385 2386/1/2386 724/1/724 725/1/725
f 717/1/717 2385/1/2385 725/1/725 185/1/185
f 718/1/718 2382/1/2382 2385/1/2385 717/1/717
f 719/1/719 2379/1/2379 2382/1/2382 718/1/718
f 2388/1/2388 2389/1/2389 2392/1/2392 2391/1/2391
f 2389/1/2389 2390/1/2390 2393/1/2393 2392/1/2392
f 2391/1/2391 2392/1/2392 2395/1/2395 2394/1/2394
f 2392/1/2392 2393/1/2393 2396/1/2396 2395/1/2395
f 190/1/190 729/1/729 2388/1/2388 728/1/728
f 729/1/729 730/1/730 2389/1/2389 2388/1/2388
f 730/1/730 731/1/731 2390/1/2390 2389/1/2389
f 731/1/731 137/1/137 732/1/732 2390/1/2390
f 2390/1/2390 732/1/732 733/1/733 2393/1/2393
f 2393/1/2393 733/1/733 734/1/734 2396/1/2396
f 2396/1/2396 734/1/734 139/1/139 735/1/735
f 2395/1/2395 2396/1/2396 735/1/735 736/1/736
f 2394/1/2394 2395/1/2395 736/1/736 737/1/737
f 726/1/726 2394/1/2394 737/1/737 192/1/192
f 727/1/727 2391/1/2391 2394/1/2394 726/1/726
f 728/1/728 2388/1/2388 2391/1/2391 727/1/727
f 2397/1/2397 2398/1/2398 2401/1/2401 2400/1/2400
f 2398/1/2398 2399/1/2399 2402/1/2402 2401/1/2401
f 2400/1/2400 2401/1/2401 2404/1/2404 2403/1/2403
f 2401/1/2401 2402/1/2402 2405/1/2405 2404/1/2404
f 192/1/192 737/1/737 2397/1/2397 740/1/740
f 737/1/737 736/1/736 2398/1/2398 2397/1/2397
f 736/1/736 735/1/735 2399/1/2399 2398/1/2398
f 735/1/735 139/1/139 741/1/741 2399/1/2399
f 2399/1/2399 741/1/741 742/1/742 2402/1/2402
f 2402/1/2402 742/1/742 743/1/743 2405/1/2405
f 2405/1/2405 743/1/743 140/1/140 744/1/744
f 2404/1/2404 2405/1/2405 744/1/744 745/1/745
f 2403/1/2403 2404/1/2404 745/1/745 746/1/746
f 738/1/738 2403/1/2403 746/1/746 191/1/191
f 739/1/739 2400/1/2400 2403/1/2403 738/1/738
f 740/1/740 2397/1/2397 2400/1/2400 739/1/739
f 2406/1/2406 2407/1/2407 2410/1/2410 2409/1/2409
f 2407/1/2407 2408/1/2408 2411/1/2411 2410/1/2410
f 2409/1/2409 2410/1/2410 2413/1/2413 2412/1/2412
f 2410/1/2410 2411/1/2411 2414/1/2414 2413/1/2413
f 191/1/191 746/1/746 2406/1/2406 749/1/749
f 746/1/746 745/1/745 2407/1/2407 2406/1/2406
f 745/1/745 744/1/744 2408/1/2408 2407/1/2407
f 744/1/744 140/1/140 750/1/750 2408/1/2408
f 2408/1/2408 750/1/750 751/1/751 2411/1/2411
f 2411/1/2411 751/1/751 752/1/752 2414/1/2414
f 2414/1/2414 752/1/752 138/1/138 753/1/753
f 2413/1/2413 2414/1/2414 753/1/753 754/1/754
f 2412/1/2412 2413/1/2413 754/1/754 755/1/755
f 747/1/747 2412/1/2412 755/1/755 189/1/189
f 748/1/748 2409/1/2409 2412/1/2412 747/1/747
f 749/1/749 2406/1/2406 2409/1/2409 748/1/748
f 2415/1/2415 2416/1/2416 2419/1/2419 2418/1/2418
f 2416/1/2416 2417/1/2417 2420/1/2420 2419/1/2419
f 2418/1/2418 2419/1/2419 2422/1/2422 2421/1/2421
f 2419/1/2419 2420/1/2420 2423/1/2423 2422/1/2422
f 194/1/194 759/1/759 2415/1/2415 758/1/758
f 759/1/759 760/1/760 2416/1/2416 2415/1/2415
f 760/1/760 761/1/761 2417/1/2417 2416/1/2416
f 761/1/761 114/1/114 762/1/762 2417/1/2417
f 2417/1/2417 762/1/762 763/1/763 2420/1/2420
f 2420/1/2420 763/1/763 764/1/764 2423/1/2423
f 2423/1/2423 764/1/764 116/1/116 765/1/765
f 2422/1/2422 2423/1/2423 765/1/765 766/1/766
f 2421/1/2421 2422/1/2422 766/1/766 767/1/767
f 756/1/756 2421/1/2421 767/1/767 196/1/196
f 757/1/757 2418/1/2418 2421/1/2421 756/1/756
f 758/1/758 2415/1/2415 2418/1/2418 757/1/757
f 2424/1/2424 2425/1/2425 2428/1/2428 2427/1/2427
f 2425/1/2425 2426/1/2426 2429/1/2429 2428/1/2428
f 2427/1/2427 2428/1/2428 2431/1/2431 2430/1/2430
f 2428/1/2428 2429/1/2429 2432/1/2432 2431/1/2431
f 196/1/196 767/1/767 2424/1/2424 770/1/770
f 767/1/767 766/1/766 2425/1/2425 2424/1/2424
f 766/1/766 765/1/765 2426/1/2426 2425/1/2425
f 765/1/765 116/1/116 771/1/771 2426/1/2426
f 2426/1/2426 771/1/771 772/1/772 2429/1/2429
f 2429/1/2429 772/1/772 773/1/773 2432/1/2432
f 2432/1/2432 773/1/773 115/1/115 774/1/774
f 2431/1/2431 2432/1/2432 774/1/774 775/1/775
f 2430/1/2430 2431/1/2431 775/1/775 776/1/776
f 768/1/768 2430/1/2430 776/1/776 195/1/195
f 769/1/769 2427/1/2427 2430/1/2430 768/1/768
f 770/1/770 2424/1/2424 2427/1/2427 769/1/769
f 2433/1/2433 2434/1/2434 2437/1/2437 2436/1/2436
f 2434/1/2434 2435/1/2435 2438/1/2438 2437/1/2437
f 2436/1/2436 2437/1/2437 2440/1/2440 2439/1/2439
f 2437/1/2437 2438/1/2438 2441/1/2441 2440/1/2440
f 195/1/195 776/1/776 2433/1/2433 779/1/779
f 776/1/776 775/1/775 2434/1/2434 2433/1/2433
f 775/1/775 774/1/774 2435/1/2435 2434/1/2434
f 774/1/774 115/1/115 780/1/780 2435/1/2435
f 2435/1/2435 780/1/780 781/1/781 2438/1/2438
f 2438/1/2438 781/1/781 782/1/782 2441/1/2441
f 2441/1/2441 782/1/782 113/1/113 783/1/783
f 2440/1/2440 2441/1/2441 783/1/783 784/1/784
f 2439/1/2439 2440/1/2440 784/1/784 785/1/785
f 777/1/777 2439/1/2439 785/1/785 193/1/193
f 778/1/778 2436/1/2436 2439/1/2439 777/1/777
f 779/1/779 2433/1/2433 2436/1/2436 778/1/778
f 2442/1/2442 2443/1/2443 2446/1/2446 2445/1/2445
f 2443/1/2443 2444/1/2444 2447/1/2447 2446/1/2446
f 2445/1/2445 2446/1/2446 2449/1/2449 2448/1/2448
f 2446/1/2446 2447/1/2447 2450/1/2450 2449/1/2449
f 198/1/198 789/1/789 2442/1/2442 788/1/788
f 789/1/789 790/1/790 2443/1/2443 2442/1/2442
f 790/1/790 791/1/791 2444/1/2444 2443/1/2443
f 791/1/791 102/1/102 792/1/792 2444/1/2444
f 2444/1/2444 792/1/792 793/1/793 2447/1/2447
f 2447/1/2447 793/1/793 794/1/794 2450/1/2450
f 2450/1/2450 794/1/794 104/1/104 795/1/795
f 2449/1/2449 2450/1/2450 795/1/795 796/1/796
f 2448/1/2448 2449/1/2449 796/1/796 797/1/797
f 786/1/786 2448/1/2448 797/1/797 200/1/200
f 787/1/787 2445/1/2445 2448/1/2448 786/1/786
f 788/1/788 2442/1/2442 2445/1/2445 787/1/787
f 2451/1/2451 2452/1/2452 2455/1/2455 2454/1/2454
f 2452/1/2452 2453/1/2453 2456/1/2456 2455/1/2455
f 2454/1/2454 2455/1/2455 2458/1/2458 2457/1/2457
f 2455/1/2455 2456/1/2456 2459/1/2459 2458/1/2458
f 200/1/200 797/1/797 2451/1/2451 800/1/800
f 797/1/797 796/1/796 2452/1/2452 2451/1/2451
f 796/1/796 795/1/795 2453/1/2453 2452/1/2452
f 795/1/795 104/1/104 801/1/801 2453/1/2453
f 2453/1/2453 801/1/801 802/1/802 2456/1/2456
f 2456/1/2456 802/1/802 803/1/803 2459/1/2459
f 2459/1/2459 803/1/803 103/1/103 804/1/804
f 2458/1/2458 2459/1/2459 804/1/804 805/1/805
f 2457/1/2457 2458/1/2458 805/1/805 806/1/806
f 798/1/798 2457/1/2457 806/1/806 199/1/199
f 799/1/799 2454/1/2454 2457/1/2457 798/1/798
f 800/1/800 2451/1/2451 2454/1/2454 799/1/799
f 2460/1/2460 2461/1/2461 2464/1/2464 2463/1/2463
f 2461/1/2461 2462/1/2462 2465/1/2465 2464/1/2464
f 2463/1/2463 2464/1/2464 2467/1/2467 2466/1/2466
f 2464/1/2464 2465/1/2465 2468/1/2468 2467/1/2467
f 199/1/199 806/1/806 2460/1/2460 809/1/809
f 806/1/806 805/1/805 2461/1/2461 2460/1/2460
f 805/1/805 804/1/804 2462/1/2462 2461/1/2461
f 804/1/804 103/1/103 810/1/810 2462/1/2462
f 2462/1/2462 810/1/810 811/1/811 2465/1/2465
f 2465/1/2465 811/1/811 812/1/812 2468/1/2468
f 2468/1/2468 812/1/812 101/1/101 813/1/813
f 2467/1/2467 2468/1/2468 813/1/813 814/1/814
f 2466/1/2466 2467/1/2467 814/1/814 815/1/815
f 807/1/807 2466/1/2466 815/1/815 197/1/197
f 808/1/808 2463/1/2463 2466/1/2466 807/1/807
f 809/1/809 2460/1/2460 2463/1/2463 808/1/808
f 2469/1/2469 2470/1/2470 2473/1/2473 2472/1/2472
f 2470/1/2470 2471/1/2471 2474/1/2474 2473/1/2473
f 2472/1/2472 2473/1/2473 2476/1/2476 2475/1/2475
f 2473/1/2473 2474/1/2474 2477/1/2477 2476/1/2476
f 146/1/146 819/1/819 2469/1/2469 818/1/818
f 819/1/819 820/1/820 2470/1/2470 2469/1/2469
f 820/1/820 821/1/821 2471/1/2471 2470/1/2470
f 821/1/821 125/1/125 822/1/822 2471/1/2471
f 2471/1/2471 822/1/822 823/1/823 2474/1/2474
f 2474/1/2474 823/1/823 824/1/824 2477/1/2477
f 2477/1/2477 824/1/824 127/1/127 825/1/825
f 2476/1/2476 2477/1/2477 825/1/825 826/1/826
f 2475/1/2475 2476/1/2476 826/1/826 827/1/827
f 816/1/816 2475/1/2475 827/1/827 148/1/148
f 817/1/817 2472/1/2472 2475/1/2475 816/1/816
f 818/1/818 2469/1/2469 2472/1/2472 817/1/817
f 2478/1/2478 2479/1/2479 2482/1/2482 2481/1/2481
f 2479/1/2479 2480/1/2480 2483/1/2483 2482/1/2482
f 2481/1/2481 2482/1/2482 2485/1/2485 2484/1/2484
f 2482/1/2482 2483/1/2483 2486/1/2486 2485/1/2485
f 148/1/148 827/1/827 2478/1/2478 830/1/830
f 827/1/827 826/1/826 2479/1/2479 2478/1/2478
f 826/1/826 825/1/825 2480/1/2480 2479/1/2479
f 825/1/825 127/1/127 831/1/831 2480/1/2480
f 2480/1/2480 831/1/831 832/1/832 2483/1/2483
f 2483/1/2483 832/1/832 833/1/833 2486/1/2486
f 2486/1/2486 833/1/833 128/1/128 834/1/834
f 2485/1/2485 2486/1/2486 834/1/834 835/1/835
f 2484/1/2484 2485/1/2485 835/1/835 836/1/836
f 828/1/828 2484/1/2484 836/1/836 147/1/147
f 829/1/829 2481/1/2481 2484/1/2484 828/1/828
f 830/1/830 2478/1/2478 2481/1/2481 829/1/829
f 2487/1/2487 2488/1/2488 2491/1/2491 2490/1/2490
f 2488/1/2488 2489/1/2489 2492/1/2492 2491/1/2491
f 2490/1/2490 2491/1/2491 2494/1/2494 2493/1/2493
f 2491/1/2491 2492/1/2492 2495/1/2495 2494/1/2494
f 147/1/147 836/1/836 2487/1/2487 839/1/839
f 836/1/836 835/1/835 2488/1/2488 2487/1/2487
f 835/1/835 834/1/834 2489/1/2489 2488/1/2488
f 834/1/834 128/1/128 840/1/840 2489/1/2489
f 2489/1/2489 840/1/840 841/1/841 2492/1/2492
f 2492/1/2492 841/1/841 842/1/842 2495/1/2495
f 2495/1/2495 842/1/842 126/1/126 843/1/843
f 2494/1/2494 2495/1/2495 843/1/843 844/1/844
f 2493/1/2493 2494/1/2494 844/1/844 845/1/845
f 837/1/837 2493/1/2493 845/1/845 145/1/145
f 838/1/838 2490/1/2490 2493/1/2493 837/1/837
f 839/1/839 2487/1/2487 2490/1/2490 838/1/838
f 2496/1/2496 2497/1/2497 2500/1/2500 2499/1/2499
f 2497/1/2497 2498/1/2498 2501/1/2501 2500/1/2500
f 2499/1/2499 2500/1/2500 2503/1/2503 2502/1/2502
f 2500/1/2500 2501/1/2501 2504/1/2504 2503/1/2503
f 137/1/137 846/1/846 2496/1/2496 732/1/732
f 846/1/846 847/1/847 2497/1/2497 2496/1/2496
f 847/1/847 848/1/848 2498/1/2498 2497/1/2497
f 848/1/848 157/1/157 849/1/849 2498/1/2498
f 2498/1/2498 849/1/849 850/1/850 2501/1/2501
f 2501/1/2501 850/1/850 851/1/851 2504/1/2504
f 2504/1/2504 851/1/851 159/1/159 852/1/852
f 2503/1/2503 2504/1/2504 852/1/852 853/1/853
f 2502/1/2502 2503/1/2503 853/1/853 854/1/854
f 734/1/734 2502/1/2502 854/1/854 139/1/139
f 733/1/733 2499/1/2499 2502/1/2502 734/1/734
f 732/1/732 2496/1/2496 2499/1/2499 733/1/733
f 2505/1/2505 2506/1/2506 2509/1/2509 2508/1/2508
f 2506/1/2506 2507/1/2507 2510/1/2510 2509/1/2509
f 2508/1/2508 2509/1/2509 2512/1/2512 2511/1/2511
f 2509/1/2509 2510/1/2510 2513/1/2513 2512/1/2512
f 139/1/139 854/1/854 2505/1/2505 741/1/741
f 854/1/854 853/1/853 2506/1/2506 2505/1/2505
f 853/1/853 852/1/852 2507/1/2507 2506/1/2506
f 852/1/852 159/1/159 855/1/855 2507/1/2507
f 2507/1/2507 855/1/855 856/1/856 2510/1/2510
f 2510/1/2510 856/1/856 857/1/857 2513/1/2513
f 2513/1/2513 857/1/857 160/1/160 858/1/858
f 2512/1/2512 2513/1/2513 858/1/858 859/1/859
f 2511/1/2511 2512/1/2512 859/1/859 860/1/860
f 743/1/743 2511/1/2511 860/1/860 140/1/140
f 742/1/742 2508/1/2508 2511/1/2511 743/1/743
f 741/1/741 2505/1/2505 2508/1/2508 742/1/742
f 2514/1/2514 2515/1/2515 2518/1/2518 2517/1/2517
f 2515/1/2515 2516/1/2516 2519/1/2519 2518/1/2518
f 2517/1/2517 2518/1/2518 2521/1/2521 2520/1/2520
f 2518/1/2518 2519/1/2519 2522/1/2522 2521/1/2521
f 140/1/140 860/1/860 2514/1/2514 750/1/750
f 860/1/860 859/1/859 2515/1/2515 2514/1/2514
f 859/1/859 858/1/858 2516/1/2516 2515/1/2515
f 858/1/858 160/1/160 861/1/861 2516/1/2516
f 2516/1/2516 861/1/861 862/1/862 2519/1/2519
f 2519/1/2519 862/1/862 863/1/863 2522/1/2522
f 2522/1/2522 863/1/863 158/1/158 864/1/864
f 2521/1/2521 2522/1/2522 864/1/864 865/1/865
f 2520/1/2520 2521/1/2521 865/1/865 866/1/866
f 752/1/752 2520/1/2520 866/1/866 138/1/138
f 751/1/751 2517/1/2517 2520/1/2520 752/1/752
f 750/1/750 2514/1/2514 2517/1/2517 751/1/751
f 2523/1/2523 2524/1/2524 2527/1/2527 2526/1/2526
f 2524/1/2524 2525/1/2525 2528/1/2528 2527/1/2527
f 2526/1/2526 2527/1/2527 2530/1/2530 2529/1/2529
f 2527/1/2527 2528/1/2528 2531/1/2531 2530/1/2530
f 154/1/154 870/1/870 2523/1/2523 869/1/869
f 870/1/870 871/1/871 2524/1/2524 2523/1/2523
f 871/1/871 872/1/872 2525/1/2525 2524/1/2524
f 872/1/872 133/1/133 873/1/873 2525/1/2525
f 2525/1/2525 873/1/873 874/1/874 2528/1/2528
f 2528/1/2528 874/1/874 875/1/875 2531/1/2531
f 2531/1/2531 875/1/875 135/1/135 876/1/876
f 2530/1/2530 2531/1/2531 876/1/876 877/1/877
f 2529/1/2529 2530/1/2530 877/1/877 878/1/878
f 867/1/867 2529/1/2529 878/1/878 156/1/156
f 868/1/868 2526/1/2526 2529/1/2529 867/1/867
f 869/1/869 2523/1/2523 2526/1/2526 868/1/868
f 2532/1/2532 2533/1/2533 2536/1/2536 2535/1/2535
f 2533/1/2533 2534/1/2534 2537/1/2537 2536/1/2536
f 2535/1/2535 2536/1/2536 2539/1/2539 2538/1/2538
f 2536/1/2536 2537/1/2537 2540/1/2540 2539/1/2539
f 156/1/156 878/1/878 2532/1/2532 881/1/881
f 878/1/878 877/1/877 2533/1/2533 2532/1/2532
f 877/1/877 876/1/876 2534/1/2534 2533/1/2533
f 876/1/876 135/1/135 882/1/882 2534/1/2534
f 2534/1/2534 882/1/882 883/1/883 2537/1/2537
f 2537/1/2537 883/1/883 884/1/884 2540/1/2540
f 2540/1/2540 884/1/884 136/1/136 885/1/885
f 2539/1/2539 2540/1/2540 885/1/885 886/1/886
f 2538/1/2538 2539/1/2539 886/1/886 887/1/887
f 879/1/879 2538/1/2538 887/1/887 155/1/155
f 880/1/880 2535/1/2535 2538/1/2538 879/1/879
f 881/1/881 2532/1/2532 2535/1/2535 880/1/880
f 2541/1/2541 2542/1/2542 2545/1/2545 2544/1/2544
f 2542/1/2542 2543/1/2543 2546/1/2546 2545/1/2545
f 2544/1/2544 2545/1/2545 2548/1/2548 2547/1/2547
f 2545/1/2545 2546/1/2546 2549/1/2549 2548/1/2548
f 155/1/155 887/1/887 2541/1/2541 890/1/890
f 887/1/887 886/1/886 2542/1/2542 2541/1/2541
f 886/1/886 885/1/885 2543/1/2543 2542/1/2542
f 885/1/885 136/1/136 891/1/891 2543/1/2543
f 2543/1/2543 891/1/891 892/1/892 2546/1/2546
f 2546/1/2546 892/1/892 893/1/893 2549/1/2549
f 2549/1/2549 893/1/893 134/1/134 894/1/894
f 2548/1/2548 2549/1/2549 894/1/894 895/1/895
f 2547/1/2547 2548/1/2548 895/1/895 896/1/896
f 888/1/888 2547/1/2547 896/1/896 153/1/153
f 889/1/889 2544/1/2544 2547/1/2547 888/1/888
f 890/1/890 2541/1/2541 2544/1/2544 889/1/889
f 2550/1/2550 2551/1/2551 2554/1/2554 2553/1/2553
f 2551/1/2551 2552/1/2552 2555/1/2555 2554/1/2554
f 2553/1/2553 2554/1/2554 2557/1/2557 2556/1/2556
f 2554/1/2554 2555/1/2555 2558/1/2558 2557/1/2557
f 142/1/142 900/1/900 2550/1/2550 899/1/899
f 900/1/900 901/1/901 2551/1/2551 2550/1/2550
f 901/1/901 902/1/902 2552/1/2552 2551/1/2551
f 902/1/902 121/1/121 903/1/903 2552/1/2552
f 2552/1/2552 903/1/903 904/1/904 2555/1/2555
f 2555/1/2555 904/1/904 905/1/905 2558/1/2558
f 2558/1/2558 905/1/905 123/1/123 906/1/906
f 2557/1/2557 2558/1/2558 906/1/906 907/1/907
f 2556/1/2556 2557/1/2557 907/1/907 908/1/908
f 897/1/897 2556/1/2556 908/1/908 144/1/144
f 898/1/898 2553/1/2553 2556/1/2556 897/1/897
f 899/1/899 2550/1/2550 2553/1/2553 898/1/898
f 2559/1/2559 2560/1/2560 2563/1/2563 2562/1/2562
f 2560/1/2560 2561/1/2561 2564/1/2564 2563/1/2563
f 2562/1/2562 2563/1/2563 2566/1/2566 2565/1/2565
f 2563/1/2563 2564/1/2564 2567/1/2567 2566/1/2566
f 144/1/144 908/1/908 2559/1/2559 911/1/911
f 908/1/908 907/1/907 2560/1/2560 2559/1/2559
f 907/1/907 906/1/906 2561/1/2561 2560/1/2560
f 906/1/906 123/1/123 912/1/912 2561/1/2561
f 2561/1/2561 912/1/912 913/1/913 2564/1/2564
f 2564/1/2564 913/1/913 914/1/914 2567/1/2567
f 2567/1/2567 914/1/914 124/1/124 915/1/915
f 2566/1/2566 2567/1/2567 915/1/915 916/1/916
f 2565/1/2565 2566/1/2566 916/1/916 917/1/917
f 909/1/909 2565/1/2565 917/1/917 143/1/143
f 910/1/910 2562/1/2562 2565/1/2565 909/1/909
f 911/1/911 2559/1/2559 2562/1/2562 910/1/910
f 2568/1/2568 2569/1/2569 2572/1/2572 2571/1/2571
f 2569/1/2569 2570/1/2570 2573/1/2573 2572/1/2572
f 2571/1/2571 2572/1/2572 2575/1/2575 2574/1/2574
f 2572/1/2572 2573/1/2573 2576/1/2576 2575/1/2575
f 143/1/143 917/1/917 2568/1/2568 920/1/920
f 917/1/917 916/1/916 2569/1/2569 2568/1/2568
f 916/1/916 915/1/915 2570/1/2570 2569/1/2569
f 915/1/915 124/1/124 921/1/921 2570/1/2570
f 2570/1/2570 921/1/921 922/1/922 2573/1/2573
f 2573/1/2573 922/1/922 923/1/923 2576/1/2576
f 2576/1/2576 923/1/923 122/1/122 924/1/924
f 2575/1/2575 2576/1/2576 924/1/924 925/1/925
f 2574/1/2574 2575/1/2575 925/1/925 926/1/926
f 918/1/918 2574/1/2574 926/1/926 141/1/141
f 919/1/919 2571/1/2571 2574/1/2574 918/1/918
f 920/1/920 2568/1/2568 2571/1/2571 919/1/919
f 2577/1/2577 2578/1/2578 2581/1/2581 2580/1/2580
f 2578/1/2578 2579/1/2579 2582/1/2582 2581/1/2581
f 2580/1/2580 2581/1/2581 2584/1/2584 2583/1/2583
f 2581/1/2581 2582/1/2582 2585/1/2585 2584/1/2584
f 150/1/150 930/1/930 2577/1/2577 929/1/929
f 930/1/930 931/1/931 2578/1/2578 2577/1/2577
f 931/1/931 932/1/932 2579/1/2579 2578/1/2578
f 932/1/932 130/1/130 692/1/692 2579/1/2579
f 2579/1/2579 692/1/692 691/1/691 2582/1/2582
f 2582/1/2582 691/1/691 690/1/690 2585/1/2585
f 2585/1/2585 690/1/690 132/1/132 933/1/933
f 2584/1/2584 2585/1/2585 933/1/933 934/1/934
f 2583/1/2583 2584/1/2584 934/1/934 935/1/935
f 927/1/927 2583/1/2583 935/1/935 152/1/152
f 928/1/928 2580/1/2580 2583/1/2583 927/1/927
f 929/1/929 2577/1/2577 2580/1/2580 928/1/928
f 2586/1/2586 2587/1/2587 2590/1/2590 2589/1/2589
f 2587/1/2587 2588/1/2588 2591/1/2591 2590/1/2590
f 2589/1/2589 2590/1/2590 2593/1/2593 2592/1/2592
f 2590/1/2590 2591/1/2591 2594/1/2594 2593/1/2593
f 152/1/152 935/1/935 2586/1/2586 938/1/938
f 935/1/935 934/1/934 2587/1/2587 2586/1/2586
f 934/1/934 933/1/933 2588/1/2588 2587/1/2587
f 933/1/933 132/1/132 683/1/683 2588/1/2588
f 2588/1/2588 683/1/683 682/1/682 2591/1/2591
f 2591/1/2591 682/1/682 681/1/681 2594/1/2594
f 2594/1/2594 681/1/681 131/1/131 939/1/939
f 2593/1/2593 2594/1/2594 939/1/939 940/1/940
f 2592/1/2592 2593/1/2593 940/1/940 941/1/941
f 936/1/936 2592/1/2592 941/1/941 151/1/151
f 937/1/937 2589/1/2589 2592/1/2592 936/1/936
f 938/1/938 2586/1/2586 2589/1/2589 937/1/937
f 2595/1/2595 2596/1/2596 2599/1/2599 2598/1/2598
f 2596/1/2596 2597/1/2597 2600/1/2600 2599/1/2599
f 2598/1/2598 2599/1/2599 2602/1/2602 2601/1/2601
f 2599/1/2599 2600/1/2600 2603/1/2603 2602/1/2602
f 151/1/151 941/1/941 2595/1/2595 944/1/944
f 941/1/941 940/1/940 2596/1/2596 2595/1/2595
f 940/1/940 939/1/939 2597/1/2597 2596/1/2596
f 939/1/939 131/1/131 674/1/674 2597/1/2597
f 2597/1/2597 674/1/674 673/1/673 2600/1/2600
f 2600/1/2600 673/1/673 672/1/672 2603/1/2603
f 2603/1/2603 672/1/672 129/1/129 945/1/945
f 2602/1/2602 2603/1/2603 945/1/945 946/1/946
f 2601/1/2601 2602/1/2602 946/1/946 947/1/947
f 942/1/942 2601/1/2601 947/1/947 149/1/149
f 943/1/943 2598/1/2598 2601/1/2601 942/1/942
f 944/1/944 2595/1/2595 2598/1/2598 943/1/943
f 2604/1/2604 2605/1/2605 2608/1/2608 2607/1/2607
f 2605/1/2605 2606/1/2606 2609/1/2609 2608/1/2608
f 2607/1/2607 2608/1/2608 2611/1/2611 2610/1/2610
f 2608/1/2608 2609/1/2609 2612/1/2612 2611/1/2611
f 157/1/157 948/1/948 2604/1/2604 849/1/849
f 948/1/948 949/1/949 2605/1/2605 2604/1/2604
f 949/1/949 950/1/950 2606/1/2606 2605/1/2605
f 950/1/950 178/1/178 951/1/951 2606/1/2606
f 2606/1/2606 951/1/951 952/1/952 2609/1/2609
f 2609/1/2609 952/1/952 953/1/953 2612/1/2612
f 2612/1/2612 953/1/953 180/1/180 954/1/954
f 2611/1/2611 2612/1/2612 954/1/954 955/1/955
f 2610/1/2610 2611/1/2611 955/1/955 956/1/956
f 851/1/851 2610/1/2610 956/1/956 159/1/159
f 850/1/850 2607/1/2607 2610/1/2610 851/1/851
f 849/1/849 2604/1/2604 2607/1/2607 850/1/850
f 2613/1/2613 2614/1/2614 2617/1/2617 2616/1/2616
f 2614/1/2614 2615/1/2615 2618/1/2618 2617/1/2617
f 2616/1/2616 2617/1/2617 2620/1/2620 2619/1/2619
f 2617/1/2617 2618/1/2618 2621/1/2621 2620/1/2620
f 159/1/159 956/1/956 2613/1/2613 855/1/855
f 956/1/956 955/1/955 2614/1/2614 2613/1/2613
f 955/1/955 954/1/954 2615/1/2615 2614/1/2614
f 954/1/954 180/1/180 957/1/957 2615/1/2615
f 2615/1/2615 957/1/957 958/1/958 2618/1/2618
f 2618/1/2618 958/1/958 959/1/959 2621/1/2621
f 2621/1/2621 959/1/959 179/1/179 960/1/960
f 2620/1/2620 2621/1/2621 960/1/960 961/1/961
f 2619/1/2619 2620/1/2620 961/1/961 962/1/962
f 857/1/857 2619/1/2619 962/1/962 160/1/160
f 856/1/856 2616/1/2616 2619/1/2619 857/1/857
f 855/1/855 2613/1/2613 2616/1/2616 856/1/856
f 2622/1/2622 2623/1/2623 2626/1/2626 2625/1/2625
f 2623/1/2623 2624/1/2624 2627/1/2627 2626/1/2626
f 2625/1/2625 2626/1/2626 2629/1/2629 2628/1/2628
f 2626/1/2626 2627/1/2627 2630/1/2630 2629/1/2629
f 160/1/160 962/1/962 2622/1/2622 861/1/861
f 962/1/962 961/1/961 2623/1/2623 2622/1/2622
f 961/1/961 960/1/960 2624/1/2624 2623/1/2623
f 960/1/960 179/1/179 963/1/963 2624/1/2624
f 2624/1/2624 963/1/963 964/1/964 2627/1/2627
f 2627/1/2627 964/1/964 965/1/965 2630/1/2630
f 2630/1/2630 965/1/965 177/1/177 966/1/966
f 2629/1/2629 2630/1/2630 966/1/966 967/1/967
f 2628/1/2628 2629/1/2629 967/1/967 968/1/968
f 863/1/863 2628/1/2628 968/1/968 158/1/158
f 862/1/862 2625/1/2625 2628/1/2628 863/1/863
f 861/1/861 2622/1/2622 2625/1/2625 862/1/862
f 2631/1/2631 2632/1/2632 2635/1/2635 2634/1/2634
f 2632/1/2632 2633/1/2633 2636/1/2636 2635/1/2635
f 2634/1/2634 2635/1/2635 2638/1/2638 2637/1/2637
f 2635/1/2635 2636/1/2636 2639/1/2639 2638/1/2638
f 173/1/173 972/1/972 2631/1/2631 971/1/971
f 972/1/972 973/1/973 2632/1/2632 2631/1/2631
f 973/1/973 974/1/974 2633/1/2633 2632/1/2632
f 974/1/974 154/1/154 869/1/869 2633/1/2633
f 2633/1/2633 869/1/869 868/1/868 2636/1/2636
f 2636/1/2636 868/1/868 867/1/867 2639/1/2639
f 2639/1/2639 867/1/867 156/1/156 975/1/975
f 2638/1/2638 2639/1/2639 975/1/975 976/1/976
f 2637/1/2637 2638/1/2638 976/1/976 977/1/977
f 969/1/969 2637/1/2637 977/1/977 175/1/175
f 970/1/970 2634/1/2634 2637/1/2637 969/1/969
f 971/1/971 2631/1/2631 2634/1/2634 970/1/970
f 2640/1/2640 2641/1/2641 2644/1/2644 2643/1/2643
f 2641/1/2641 2642/1/2642 2645/1/2645 2644/1/2644
f 2643/1/2643 2644/1/2644 2647/1/2647 2646/1/2646
f 2644/1/2644 2645/1/2645 2648/1/2648 2647/1/2647
f 175/1/175 977/1/977 2640/1/2640 980/1/980
f 977/1/977 976/1/976 2641/1/2641 2640/1/2640
f 976/1/976 975/1/975 2642/1/2642 2641/1/2641
f 975/1/975 156/1/156 881/1/881 2642/1/2642
f 2642/1/2642 881/1/881 880/1/880 2645/1/2645
f 2645/1/2645 880/1/880 879/1/879 2648/1/2648
f 2648/1/2648 879/1/879 155/1/155 981/1/981
f 2647/1/2647 2648/1/2648 981/1/981 982/1/982
f 2646/1/2646 2647/1/2647 982/1/982 983/1/983
f 978/1/978 2646/1/2646 983/1/983 176/1/176
f 979/1/979 2643/1/2643 2646/1/2646 978/1/978
f 980/1/980 2640/1/2640 2643/1/2643 979/1/979
f 2649/1/2649 2650/1/2650 2653/1/2653 2652/1/2652
f 2650/1/2650 2651/1/2651 2654/1/2654 2653/1/2653
f 2652/1/2652 2653/1/2653 2656/1/2656 2655/1/2655
f 2653/1/2653 2654/1/2654 2657/1/2657 2656/1/2656
f 176/1/176 983/1/983 2649/1/2649 986/1/986
f 983/1/983 982/1/982 2650/1/2650 2649/1/2649
f 982/1/982 981/1/981 2651/1/2651 2650/1/2650
f 981/1/981 155/1/155 890/1/890 2651/1/2651
f 2651/1/2651 890/1/890 889/1/889 2654/1/2654
f 2654/1/2654 889/1/889 888/1/888 2657/1/2657
f 2657/1/2657 888/1/888 153/1/153 987/1/987
f 2656/1/2656 2657/1/2657 987/1/987 988/1/988
f 2655/1/2655 2656/1/2656 988/1/988 989/1/989
f 984/1/984 2655/1/2655 989/1/989 174/1/174
f 985/1/985 2652/1/2652 2655/1/2655 984/1/984
f 986/1/986 2649/1/2649 2652/1/2652 985/1/985
f 2658/1/2658 2659/1/2659 2662/1/2662 2661/1/2661
f 2659/1/2659 2660/1/2660 2663/1/2663 2662/1/2662
f 2661/1/2661 2662/1/2662 2665/1/2665 2664/1/2664
f 2662/1/2662 2663/1/2663 2666/1/2666 2665/1/2665
f 145/1/145 990/1/990 2658/1/2658 837/1/837
f 990/1/990 991/1/991 2659/1/2659 2658/1/2658
f 991/1/991 992/1/992 2660/1/2660 2659/1/2659
f 992/1/992 166/1/166 993/1/993 2660/1/2660
f 2660/1/2660 993/1/993 994/1/994 2663/1/2663
f 2663/1/2663 994/1/994 995/1/995 2666/1/2666
f 2666/1/2666 995/1/995 168/1/168 996/1/996
f 2665/1/2665 2666/1/2666 996/1/996 997/1/997
f 2664/1/2664 2665/1/2665 997/1/997 998/1/998
f 839/1/839 2664/1/2664 998/1/998 147/1/147
f 838/1/838 2661/1/2661 2664/1/2664 839/1/839
f 837/1/837 2658/1/2658 2661/1/2661 838/1/838
f 2667/1/2667 2668/1/2668 2671/1/2671 2670/1/2670
f 2668/1/2668 2669/1/2669 2672/1/2672 2671/1/2671
f 2670/1/2670 2671/1/2671 2674/1/2674 2673/1/2673
f 2671/1/2671 2672/1/2672 2675/1/2675 2674/1/2674
f 147/1/147 998/1/998 2667/1/2667 828/1/828
f 998/1/998 997/1/997 2668/1/2668 2667/1/2667
f 997/1/997 996/1/996 2669/1/2669 2668/1/2668
f 996/1/996 168/1/168 999/1/999 2669/1/2669
f 2669/1/2669 999/1/999 1000/1/1000 2672/1/2672
f 2672/1/2672 1000/1/1000 1001/1/1001 2675/1/2675
f 2675/1/2675 1001/1/1001 167/1/167 1002/1/1002
f 2674/1/2674 2675/1/2675 1002/1/1002 1003/1/1003
f 2673/1/2673 2674/1/2674 1003/1/1003 1004/1/1004
f 830/1/830 2673/1/2673 1004/1/1004 148/1/148
f 829/1/829 2670/1/2670 2673/1/2673 830/1/830
f 828/1/828 2667/1/2667 2670/1/2670 829/1/829
f 2676/1/2676 2677/1/2677 2680/1/2680 2679/1/2679
f 2677/1/2677 2678/1/2678 2681/1/2681 2680/1/2680
f 2679/1/2679 2680/1/2680 2683/1/2683 2682/1/2682
f 2680/1/2680 2681/1/2681 2684/1/2684 2683/1/2683
f 148/1/148 1004/1/1004 2676/1/2676 816/1/816
f 1004/1/1004 1003/1/1003 2677/1/2677 2676/1/2676
f 1003/1/1003 1002/1/1002 2678/1/2678 2677/1/2677
f 1002/1/1002 167/1/167 1005/1/1005 2678/1/2678
f 2678/1/2678 1005/1/1005 1006/1/1006 2681/1/2681
f 2681/1/2681 1006/1/1006 1007/1/1007 2684/1/2684
f 2684/1/2684 1007/1/1007 165/1/165 1008/1/1008
f 2683/1/2683 2684/1/2684 1008/1/1008 1009/1/1009
f 2682/1/2682 2683/1/2683 1009/1/1009 1010/1/1010
f 818/1/818 2682/1/2682 1010/1/1010 146/1/146
f 817/1/817 2679/1/2679 2682/1/2682 818/1/818
f 816/1/816 2676/1/2676 2679/1/2679 817/1/817
f 2685/1/2685 2686/1/2686 2689/1/2689 2688/1/2688
f 2686/1/2686 2687/1/2687 2690/1/2690 2689/1/2689
f 2688/1/2688 2689/1/2689 2692/1/2692 2691/1/2691
f 2689/1/2689 2690/1/2690 2693/1/2693 2692/1/2692
f 161/1/161 1014/1/1014 2685/1/2685 1013/1/1013
f 1014/1/1014 1015/1/1015 2686/1/2686 2685/1/2685
f 1015/1/1015 1016/1/1016 2687/1/2687 2686/1/2686
f 1016/1/1016 142/1/142 899/1/899 2687/1/2687
f 2687/1/2687 899/1/899 898/1/898 2690/1/2690
f 2690/1/2690 898/1/898 897/1/897 2693/1/2693
f 2693/1/2693 897/1/897 144/1/144 1017/1/1017
f 2692/1/2692 2693/1/2693 1017/1/1017 1018/1/1018
f 2691/1/2691 2692/1/2692 1018/1/1018 1019/1/1019
f 1011/1/1011 2691/1/2691 1019/1/1019 163/1/163
f 1012/1/1012 2688/1/2688 2691/1/2691 1011/1/1011
f 1013/1/1013 2685/1/2685 2688/1/2688 1012/1/1012
f 2694/1/2694 2695/1/2695 2698/1/2698 2697/1/2697
f 2695/1/2695 2696/1/2696 2699/1/2699 2698/1/2698
f 2697/1/2697 2698/1/2698 2701/1/2701 2700/1/2700
f 2698/1/2698 2699/1/2699 2702/1/2702 2701/1/2701
f 163/1/163 1019/1/1019 2694/1/2694 1022/1/1022
f 1019/1/1019 1018/1/1018 2695/1/2695 2694/1/2694
f 1018/1/1018 1017/1/1017 2696/1/2696 2695/1/2695
f 1017/1/1017 144/1/144 911/1/911 2696/1/2696
f 2696/1/2696 911/1/911 910/1/910 2699/1/2699
f 2699/1/2699 910/1/910 909/1/909 2702/1/2702
f 2702/1/2702 909/1/909 143/1/143 1023/1/1023
f 2701/1/2701 2702/1/2702 1023/1/1023 1024/1/1024
f 2700/1/2700 2701/1/2701 1024/1/1024 1025/1/1025
f 1020/1/1020 2700/1/2700 1025/1/1025 164/1/164
f 1021/1/1021 2697/1/2697 2700/1/2700 1020/1/1020
f 1022/1/1022 2694/1/2694 2697/1/2697 1021/1/1021
f 2703/1/2703 2704/1/2704 2707/1/2707 2706/1/2706
f 2704/1/2704 2705/1/2705 2708/1/2708 2707/1/2707
f 2706/1/2706 2707/1/2707 2710/1/2710 2709/1/2709
f 2707/1/2707 2708/1/2708 2711/1/2711 2710/1/2710
f 164/1/164 1025/1/1025 2703/1/2703 1028/1/1028
f 1025/1/1025 1024/1/1024 2704/1/2704 2703/1/2703
f 1024/1/1024 1023/1/1023 2705/1/2705 2704/1/2704
f 1023/1/1023 143/1/143 920/1/920 2705/1/2705
f 2705/1/2705 920/1/920 919/1/919 2708/1/2708
f 2708/1/2708 919/1/919 918/1/918 2711/1/2711
f 2711/1/2711 918/1/918 141/1/141 1029/1/1029
f 2710/1/2710 2711/1/2711 1029/1/1029 1030/1/1030
f 2709/1/2709 2710/1/2710 1030/1/1030 1031/1/1031
f 1026/1/1026 2709/1/2709 1031/1/1031 162/1/162
f 1027/1/1027 2706/1/2706 2709/1/2709 1026/1/1026
f 1028/1/1028 2703/1/2703 2706/1/2706 1027/1/1027
f 2712/1/2712 2713/1/2713 2716/1/2716 2715/1/2715
f 2713/1/2713 2714/1/2714 2717/1/2717 2716/1/2716
f 2715/1/2715 2716/1/2716 2719/1/2719 2718/1/2718
f 2716/1/2716 2717/1/2717 2720/1/2720 2719/1/2719
f 169/1/169 1035/1/1035 2712/1/2712 1034/1/1034
f 1035/1/1035 1036/1/1036 2713/1/2713 2712/1/2712
f 1036/1/1036 1037/1/1037 2714/1/2714 2713/1/2713
f 1037/1/1037 150/1/150 929/1/929 2714/1/2714
f 2714/1/2714 929/1/929 928/1/928 2717/1/2717
f 2717/1/2717 928/1/928 927/1/927 2720/1/2720
f 2720/1/2720 927/1/927 152/1/152 1038/1/1038
f 2719/1/2719 2720/1/2720 1038/1/1038 1039/1/1039
f 2718/1/2718 2719/1/2719 1039/1/1039 1040/1/1040
f 1032/1/1032 2718/1/2718 1040/1/1040 171/1/171
f 1033/1/1033 2715/1/2715 2718/1/2718 1032/1/1032
f 1034/1/1034 2712/1/2712 2715/1/2715 1033/1/1033
f 2721/1/2721 2722/1/2722 2725/1/2725 2724/1/2724
f 2722/1/2722 2723/1/2723 2726/1/2726 2725/1/2725
f 2724/1/2724 2725/1/2725 2728/1/2728 2727/1/2727
f 2725/1/2725 2726/1/2726 2729/1/2729 2728/1/2728
f 171/1/171 1040/1/1040 2721/1/2721 1043/1/1043
f 1040/1/1040 1039/1/1039 2722/1/2722 2721/1/2721
f 1039/1/1039 1038/1/1038 2723/1/2723 2722/1/2722
f 1038/1/1038 152/1/152 938/1/938 2723/1/2723
f 2723/1/2723 938/1/938 937/1/937 2726/1/2726
f 2726/1/2726 937/1/937 936/1/936 2729/1/2729
f 2729/1/2729 936/1/936 151/1/151 1044/1/1044
f 2728/1/2728 2729/1/2729 1044/1/1044 1045/1/1045
f 2727/1/2727 2728/1/2728 1045/1/1045 1046/1/1046
f 1041/1/1041 2727/1/2727 1046/1/1046 172/1/172
f 1042/1/1042 2724/1/2724 2727/1/2727 1041/1/1041
f 1043/1/1043 2721/1/2721 2724/1/2724 1042/1/1042
f 2730/1/2730 2731/1/2731 2734/1/2734 2733/1/2733
f 2731/1/2731 2732/1/2732 2735/1/2735 2734/1/2734
f 2733/1/2733 2734/1/2734 2737/1/2737 2736/1/2736
f 2734/1/2734 2735/1/2735 2738/1/2738 2737/1/2737
f 172/1/172 1046/1/1046 2730/1/2730 1049/1/1049
f 1046/1/1046 1045/1/1045 2731/1/2731 2730/1/2730
f 1045/1/1045 1044/1/1044 2732/1/2732 2731/1/2731
f 1044/1/1044 151/1/151 944/1/944 2732/1/2732
f 2732/1/2732 944/1/944 943/1/943 2735/1/2735
f 2735/1/2735 943/1/943 942/1/942 2738/1/2738
f 2738/1/2738 942/1/942 149/1/149 1050/1/1050
f 2737/1/2737 2738/1/2738 1050/1/1050 1051/1/1051
f 2736/1/2736 2737/1/2737 1051/1/1051 1052/1/1052
f 1047/1/1047 2736/1/2736 1052/1/1052 170/1/170
f 1048/1/1048 2733/1/2733 2736/1/2736 1047/1/1047
f 1049/1/1049 2730/1/2730 2733/1/2733 1048/1/1048
f 2739/1/2739 2740/1/2740 2743/1/2743 2742/1/2742
f 2740/1/2740 2741/1/2741 2744/1/2744 2743/1/2743
f 2742/1/2742 2743/1/2743 2746/1/2746 2745/1/2745
f 2743/1/2743 2744/1/2744 2747/1/2747 2746/1/2746
f 109/1/109 1056/1/1056 2739/1/2739 1055/1/1055
f 1056/1/1056 1057/1/1057 2740/1/2740 2739/1/2739
f 1057/1/1057 1058/1/1058 2741/1/2741 2740/1/2740
f 1058/1/1058 182/1/182 668/1/668 2741/1/2741
f 2741/1/2741 668/1/668 667/1/667 2744/1/2744
f 2744/1/2744 667/1/667 666/1/666 2747/1/2747
f 2747/1/2747 666/1/666 184/1/184 1059/1/1059
f 2746/1/2746 2747/1/2747 1059/1/1059 1060/1/1060
f 2745/1/2745 2746/1/2746 1060/1/1060 1061/1/1061
f 1053/1/1053 2745/1/2745 1061/1/1061 111/1/111
f 1054/1/1054 2742/1/2742 2745/1/2745 1053/1/1053
f 1055/1/1055 2739/1/2739 2742/1/2742 1054/1/1054
f 2748/1/2748 2749/1/2749 2752/1/2752 2751/1/2751
f 2749/1/2749 2750/1/2750 2753/1/2753 2752/1/2752
f 2751/1/2751 2752/1/2752 2755/1/2755 2754/1/2754
f 2752/1/2752 2753/1/2753 2756/1/2756 2755/1/2755
f 111/1/111 1061/1/1061 2748/1/2748 1064/1/1064
f 1061/1/1061 1060/1/1060 2749/1/2749 2748/1/2748
f 1060/1/1060 1059/1/1059 2750/1/2750 2749/1/2749
f 1059/1/1059 184/1/184 680/1/680 2750/1/2750
f 2750/1/2750 680/1/680 679/1/679 2753/1/2753
f 2753/1/2753 679/1/679 678/1/678 2756/1/2756
f 2756/1/2756 678/1/678 183/1/183 1065/1/1065
f 2755/1/2755 2756/1/2756 1065/1/1065 1066/1/1066
f 2754/1/2754 2755/1/2755 1066/1/1066 1067/1/1067
f 1062/1/1062 2754/1/2754 1067/1/1067 112/1/112
f 1063/1/1063 2751/1/2751 2754/1/2754 1062/1/1062
f 1064/1/1064 2748/1/2748 2751/1/2751 1063/1/1063
f 2757/1/2757 2758/1/2758 2761/1/2761 2760/1/2760
f 2758/1/2758 2759/1/2759 2762/1/2762 2761/1/2761
f 2760/1/2760 2761/1/2761 2764/1/2764 2763/1/2763
f 2761/1/2761 2762/1/2762 2765/1/2765 2764/1/2764
f 112/1/112 1067/1/1067 2757/1/2757 1070/1/1070
f 1067/1/1067 1066/1/1066 2758/1/2758 2757/1/2757
f 1066/1/1066 1065/1/1065 2759/1/2759 2758/1/2758
f 1065/1/1065 183/1/183 689/1/689 2759/1/2759
f 2759/1/2759 689/1/689 688/1/688 2762/1/2762
f 2762/1/2762 688/1/688 687/1/687 2765/1/2765
f 2765/1/2765 687/1/687 181/1/181 1071/1/1071
f 2764/1/2764 2765/1/2765 1071/1/1071 1072/1/1072
f 2763/1/2763 2764/1/2764 1072/1/1072 1073/1/1073
f 1068/1/1068 2763/1/2763 1073/1/1073 110/1/110
f 1069/1/1069 2760/1/2760 2763/1/2763 1068/1/1068
f 1070/1/1070 2757/1/2757 2760/1/2760 1069/1/1069
f 2766/1/2766 2767/1/2767 2770/1/2770 2769/1/2769
f 2767/1/2767 2768/1/2768 2771/1/2771 2770/1/2770
f 2769/1/2769 2770/1/2770 2773/1/2773 2772/1/2772
f 2770/1/2770 2771/1/2771 2774/1/2774 2773/1/2773
f 125/1/125 1074/1/1074 2766/1/2766 822/1/822
f 1074/1/1074 1075/1/1075 2767/1/2767 2766/1/2766
f 1075/1/1075 1076/1/1076 2768/1/2768 2767/1/2767
f 1076/1/1076 186/1/186 698/1/698 2768/1/2768
f 2768/1/2768 698/1/698 697/1/697 2771/1/2771
f 2771/1/2771 697/1/697 696/1/696 2774/1/2774
f 2774/1/2774 696/1/696 188/1/188 1077/1/1077
f 2773/1/2773 2774/1/2774 1077/1/1077 1078/1/1078
f 2772/1/2772 2773/1/2773 1078/1/1078 1079/1/1079
f 824/1/824 2772/1/2772 1079/1/1079 127/1/127
f 823/1/823 2769/1/2769 2772/1/2772 824/1/824
f 822/1/822 2766/1/2766 2769/1/2769 823/1/823
f 2775/1/2775 2776/1/2776 2779/1/2779 2778/1/2778
f 2776/1/2776 2777/1/2777 2780/1/2780 2779/1/2779
f 2778/1/2778 2779/1/2779 2782/1/2782 2781/1/2781
f 2779/1/2779 2780/1/2780 2783/1/2783 2782/1/2782
f 127/1/127 1079/1/1079 2775/1/2775 831/1/831
f 1079/1/1079 1078/1/1078 2776/1/2776 2775/1/2775
f 1078/1/1078 1077/1/1077 2777/1/2777 2776/1/2776
f 1077/1/1077 188/1/188 710/1/710 2777/1/2777
f 2777/1/2777 710/1/710 709/1/709 2780/1/2780
f 2780/1/2780 709/1/709 708/1/708 2783/1/2783
f 2783/1/2783 708/1/708 187/1/187 1080/1/1080
f 2782/1/2782 2783/1/2783 1080/1/1080 1081/1/1081
f 2781/1/2781 2782/1/2782 1081/1/1081 1082/1/1082
f 833/1/833 2781/1/2781 1082/1/1082 128/1/128
f 832/1/832 2778/1/2778 2781/1/2781 833/1/833
f 831/1/831 2775/1/2775 2778/1/2778 832/1/832
f 2784/1/2784 2785/1/2785 2788/1/2788 2787/1/2787
f 2785/1/2785 2786/1/2786 2789/1/2789 2788/1/2788
f 2787/1/2787 2788/1/2788 2791/1/2791 2790/1/2790
f 2788/1/2788 2789/1/2789 2792/1/2792 2791/1/2791
f 128/1/128 1082/1/1082 2784/1/2784 840/1/840
f 1082/1/1082 1081/1/1081 2785/1/2785 2784/1/2784
f 1081/1/1081 1080/1/1080 2786/1/2786 2785/1/2785
f 1080/1/1080 187/1/187 719/1/719 2786/1/2786
f 2786/1/2786 719/1/719 718/1/718 2789/1/2789
f 2789/1/2789 718/1/718 717/1/717 2792/1/2792
f 2792/1/2792 717/1/717 185/1/185 1083/1/1083
f 2791/1/2791 2792/1/2792 1083/1/1083 1084/1/1084
f 2790/1/2790 2791/1/2791 1084/1/1084 1085/1/1085
f 842/1/842 2790/1/2790 1085/1/1085 126/1/126
f 841/1/841 2787/1/2787 2790/1/2790 842/1/842
f 840/1/840 2784/1/2784 2787/1/2787 841/1/841
f 2793/1/2793 2794/1/2794 2797/1/2797 2796/1/2796
f 2794/1/2794 2795/1/2795 2798/1/2798 2797/1/2797
f 2796/1/2796 2797/1/2797 2800/1/2800 2799/1/2799
f 2797/1/2797 2798/1/2798 2801/1/2801 2800/1/2800
f 117/1/117 1089/1/1089 2793/1/2793 1088/1/1088
f 1089/1/1089 1090/1/1090 2794/1/2794 2793/1/2793
f 1090/1/1090 1091/1/1091 2795/1/2795 2794/1/2794
f 1091/1/1091 190/1/190 728/1/728 2795/1/2795
f 2795/1/2795 728/1/728 727/1/727 2798/1/2798
f 2798/1/2798 727/1/727 726/1/726 2801/1/2801
f 2801/1/2801 726/1/726 192/1/192 1092/1/1092
f 2800/1/2800 2801/1/2801 1092/1/1092 1093/1/1093
f 2799/1/2799 2800/1/2800 1093/1/1093 1094/1/1094
f 1086/1/1086 2799/1/2799 1094/1/1094 119/1/119
f 1087/1/1087 2796/1/2796 2799/1/2799 1086/1/1086
f 1088/1/1088 2793/1/2793 2796/1/2796 1087/1/1087
f 2802/1/2802 2803/1/2803 2806/1/2806 2805/1/2805
f 2803/1/2803 2804/1/2804 2807/1/2807 2806/1/2806
f 2805/1/2805 2806/1/2806 2809/1/2809 2808/1/2808
f 2806/1/2806 2807/1/2807 2810/1/2810 2809/1/2809
f 119/1/119 1094/1/1094 2802/1/2802 1097/1/1097
f 1094/1/1094 1093/1/1093 2803/1/2803 2802/1/2802
f 1093/1/1093 1092/1/1092 2804/1/2804 2803/1/2803
f 1092/1/1092 192/1/192 740/1/740 2804/1/2804
f 2804/1/2804 740/1/740 739/1/739 2807/1/2807
f 2807/1/2807 739/1/739 738/1/738 2810/1/2810
f 2810/1/2810 738/1/738 191/1/191 1098/1/1098
f 2809/1/2809 2810/1/2810 1098/1/1098 1099/1/1099
f 2808/1/2808 2809/1/2809 1099/1/1099 1100/1/1100
f 1095/1/1095 2808/1/2808 1100/1/1100 120/1/120
f 1096/1/1096 2805/1/2805 2808/1/2808 1095/1/1095
f 1097/1/1097 2802/1/2802 2805/1/2805 1096/1/1096
f 2811/1/2811 2812/1/2812 2815/1/2815 2814/1/2814
f 2812/1/2812 2813/1/2813 2816/1/2816 2815/1/2815
f 2814/1/2814 2815/1/2815 2818/1/2818 2817/1/2817
f 2815/1/2815 2816/1/2816 2819/1/2819 2818/1/2818
f 120/1/120 1100/1/1100 2811/1/2811 1103/1/1103
f 1100/1/1100 1099/1/1099 2812/1/2812 2811/1/2811
f 1099/1/1099 1098/1/1098 2813/1/2813 2812/1/2812
f 1098/1/1098 191/1/191 749/1/749 2813/1/2813
f 2813/1/2813 749/1/749 748/1/748 2816/1/2816
f 2816/1/2816 748/1/748 747/1/747 2819/1/2819
f 2819/1/2819 747/1/747 189/1/189 1104/1/1104
f 2818/1/2818 2819/1/2819 1104/1/1104 1105/1/1105
f 2817/1/2817 2818/1/2818 1105/1/1105 1106/1/1106
f 1101/1/1101 2817/1/2817 1106/1/1106 118/1/118
f 1102/1/1102 2814/1/2814 2817/1/2817 1101/1/1101
f 1103/1/1103 2811/1/2811 2814/1/2814 1102/1/1102
f 2820/1/2820 2821/1/2821 2824/1/2824 2823/1/2823
f 2821/1/2821 2822/1/2822 2825/1/2825 2824/1/2824
f 2823/1/2823 2824/1/2824 2827/1/2827 2826/1/2826
f 2824/1/2824 2825/1/2825 2828/1/2828 2827/1/2827
f 133/1/133 1107/1/1107 2820/1/2820 873/1/873
f 1107/1/1107 1108/1/1108 2821/1/2821 2820/1/2820
f 1108/1/1108 1109/1/1109 2822/1/2822 2821/1/2821
f 1109/1/1109 194/1/194 758/1/758 2822/1/2822
f 2822/1/2822 758/1/758 757/1/757 2825/1/2825
f 2825/1/2825 757/1/757 756/1/756 2828/1/2828
f 2828/1/2828 756/1/756 196/1/196 1110/1/1110
f 2827/1/2827 2828/1/2828 1110/1/1110 1111/1/1111
f 2826/1/2826 2827/1/2827 1111/1/1111 1112/1/1112
f 875/1/875 2826/1/2826 1112/1/1112 135/1/135
f 874/1/874 2823/1/2823 2826/1/2826 875/1/875
f 873/1/873 2820/1/2820 2823/1/2823 874/1/874
f 2829/1/2829 2830/1/2830 2833/1/2833 2832/1/2832
f 2830/1/2830 2831/1/2831 2834/1/2834 2833/1/2833
f 2832/1/2832 2833/1/2833 2836/1/2836 2835/1/2835
f 2833/1/2833 2834/1/2834 2837/1/2837 2836/1/2836
f 135/1/135 1112/1/1112 2829/1/2829 882/1/882
f 1112/1/1112 1111/1/1111 2830/1/2830 2829/1/2829
f 1111/1/1111 1110/1/1110 2831/1/2831 2830/1/2830
f 1110/1/1110 196/1/196 770/1/770 2831/1/2831
f 2831/1/2831 770/1/770 769/1/769 2834/1/2834
f 2834/1/2834 769/1/769 768/1/768 2837/1/2837
f 2837/1/2837 768/1/768 195/1/195 1113/1/1113
f 2836/1/2836 2837/1/2837 1113/1/1113 1114/1/1114
f 2835/1/2835 2836/1/2836 1114/1/1114 1115/1/1115
f 884/1/884 2835/1/2835 1115/1/1115 136/1/136
f 883/1/883 2832/1/2832 2835/1/2835 884/1/884
f 882/1/882 2829/1/2829 2832/1/2832 883/1/883
f 2838/1/2838 2839/1/2839 2842/1/2842 2841/1/2841
f 2839/1/2839 2840/1/2840 2843/1/2843 2842/1/2842
f 2841/1/2841 2842/1/2842 2845/1/2845 2844/1/2844
f 2842/1/2842 2843/1/2843 2846/1/2846 2845/1/2845
f 136/1/136 1115/1/1115 2838/1/2838 891/1/891
f 1115/1/1115 1114/1/1114 2839/1/2839 2838/1/2838
f 1114/1/1114 1113/1/1113 2840/1/2840 2839/1/2839
f 1113/1/1113 195/1/195 779/1/779 2840/1/2840
f 2840/1/2840 779/1/779 778/1/778 2843/1/2843
f 2843/1/2843 778/1/778 777/1/777 2846/1/2846
f 2846/1/2846 777/1/777 193/1/193 1116/1/1116
f 2845/1/2845 2846/1/2846 1116/1/1116 1117/1/1117
f 2844/1/2844 2845/1/2845 1117/1/1117 1118/1/1118
f 893/1/893 2844/1/2844 1118/1/1118 134/1/134
f 892/1/892 2841/1/2841 2844/1/2844 893/1/893
f 891/1/891 2838/1/2838 2841/1/2841 892/1/892
f 2847/1/2847 2848/1/2848 2851/1/2851 2850/1/2850
f 2848/1/2848 2849/1/2849 2852/1/2852 2851/1/2851
f 2850/1/2850 2851/1/2851 2854/1/2854 2853/1/2853
f 2851/1/2851 2852/1/2852 2855/1/2855 2854/1/2854
f 121/1/121 1119/1/1119 2847/1/2847 903/1/903
f 1119/1/1119 1120/1/1120 2848/1/2848 2847/1/2847
f 1120/1/1120 1121/1/1121 2849/1/2849 2848/1/2848
f 1121/1/1121 198/1/198 788/1/788 2849/1/2849
f 2849/1/2849 788/1/788 787/1/787 2852/1/2852
f 2852/1/2852 787/1/787 786/1/786 2855/1/2855
f 2855/1/2855 786/1/786 200/1/200 1122/1/1122
f 2854/1/2854 2855/1/2855 1122/1/1122 1123/1/1123
f 2853/1/2853 2854/1/2854 1123/1/1123 1124/1/1124
f 905/1/905 2853/1/2853 1124/1/1124 123/1/123
f 904/1/904 2850/1/2850 2853/1/2853 905/1/905
f 903/1/903 2847/1/2847 2850/1/2850 904/1/904
f 2856/1/2856 2857/1/2857 2860/1/2860 2859/1/2859
f 2857/1/2857 2858/1/2858 2861/1/2861 2860/1/2860
f 2859/1/2859 2860/1/2860 2863/1/2863 2862/1/2862
f 2860/1/2860 2861/1/2861 2864/1/2864 2863/1/2863
f 123/1/123 1124/1/1124 2856/1/2856 912/1/912
f 1124/1/1124 1123/1/1123 2857/1/2857 2856/1/2856
f 1123/1/1123 1122/1/1122 2858/1/2858 2857/1/2857
f 1122/1/1122 200/1/200 800/1/800 2858/1/2858
f 2858/1/2858 800/1/800 799/1/799 2861/1/2861
f 2861/1/2861 799/1/799 798/1/798 2864/1/2864
f 2864/1/2864 798/1/798 199/1/199 1125/1/1125
f 2863/1/2863 2864/1/2864 1125/1/1125 1126/1/1126
f 2862/1/2862 2863/1/2863 1126/1/1126 1127/1/1127
f 914/1/914 2862/1/2862 1127/1/1127 124/1/124
f 913/1/913 2859/1/2859 2862/1/2862 914/1/914
f 912/1/912 2856/1/2856 2859/1/2859 913/1/913
f 2865/1/2865 2866/1/2866 2869/1/2869 2868/1/2868
f 2866/1/2866 2867/1/2867 2870/1/2870 2869/1/2869
f 2868/1/2868 2869/1/2869 2872/1/2872 2871/1/2871
f 2869/1/2869 2870/1/2870 2873/1/2873 2872/1/2872
f 124/1/124 1127/1/1127 2865/1/2865 921/1/921
f 1127/1/1127 1126/1/1126 2866/1/2866 2865/1/2865
f 1126/1/1126 1125/1/1125 2867/1/2867 2866/1/2866
f 1125/1/1125 199/1/199 809/1/809 2867/1/2867
f 2867/1/2867 809/1/809 808/1/808 2870/1/2870
f 2870/1/2870 808/1/808 807/1/807 2873/1/2873
f 2873/1/2873 807/1/807 197/1/197 1128/1/1128
f 2872/1/2872 2873/1/2873 1128/1/1128 1129/1/1129
f 2871/1/2871 2872/1/2872 1129/1/1129 1130/1/1130
f 923/1/923 2871/1/2871 1130/1/1130 122/1/122
f 922/1/922 2868/1/2868 2871/1/2871 923/1/923
f 921/1/921 2865/1/2865 2868/1/2868 922/1/922
f 2874/1/2874 2875/1/2875 2878/1/2878 2877/1/2877
f 2875/1/2875 2876/1/2876 2879/1/2879 2878/1/2878
f 2877/1/2877 2878/1/2878 2881/1/2881 2880/1/2880
f 2878/1/2878 2879/1/2879 2882/1/2882 2881/1/2881
f 101/1/101 1131/1/1131 2874/1/2874 813/1/813
f 1131/1/1131 1132/1/1132 2875/1/2875 2874/1/2874
f 1132/1/1132 1133/1/1133 2876/1/2876 2875/1/2875
f 1133/1/1133 2/1/2 266/1/266 2876/1/2876
f 2876/1/2876 266/1/266 265/1/265 2879/1/2879
f 2879/1/2879 265/1/265 264/1/264 2882/1/2882
f 2882/1/2882 264/1/264 90/1/90 1134/1/1134
f 2881/1/2881 2882/1/2882 1134/1/1134 1135/1/1135
f 2880/1/2880 2881/1/2881 1135/1/1135 1136/1/1136
f 815/1/815 2880/1/2880 1136/1/1136 197/1/197
f 814/1/814 2877/1/2877 2880/1/2880 815/1/815
f 813/1/813 2874/1/2874 2877/1/2877 814/1/814
