v -0.614353 2.809248 -0.140515
v -0.619658 2.806030 -0.137608
v -0.625115 2.801905 -0.137212
v -0.629893 2.797501 -0.139386
v -0.633264 2.793489 -0.143800
v -0.634716 2.790479 -0.149782
v -0.634027 2.788930 -0.156421
v -0.631303 2.789077 -0.162706
v -0.626957 2.790899 -0.167681
v -0.621652 2.794117 -0.170588
v -0.616195 2.798243 -0.170984
v -0.611418 2.802647 -0.168810
v -0.608046 2.806659 -0.164396
v -0.606595 2.809669 -0.158414
v -0.607283 2.811218 -0.151775
v -0.610008 2.811070 -0.145490
v -0.902569 3.162052 -0.267805
v -0.595554 2.812435 -0.173749
v -0.593123 2.817169 -0.169433
v -0.591927 2.820240 -0.163425
v -0.592147 2.821181 -0.156642
v -0.593749 2.819847 -0.150115
v -0.596490 2.816442 -0.144838
v -0.599953 2.811486 -0.141614
v -0.603610 2.805731 -0.140935
v -0.606904 2.800055 -0.142903
v -0.609334 2.795321 -0.147220
v -0.610530 2.792250 -0.153227
v -0.610311 2.791309 -0.160011
v -0.608708 2.792643 -0.166538
v -0.605967 2.796047 -0.171815
v -0.602505 2.801004 -0.175038
v -0.598848 2.806759 -0.175718
v -1.000686 3.054487 -0.205679
v -0.596179 2.841709 -0.176631
v -0.597352 2.848360 -0.175471
v -0.598785 2.853998 -0.171850
v -0.600259 2.857765 -0.166320
v -0.601550 2.859088 -0.159722
v -0.602462 2.857765 -0.153061
v -0.602856 2.853998 -0.147351
v -0.602671 2.848360 -0.143461
v -0.601937 2.841709 -0.141984
v -0.600764 2.835059 -0.143144
v -0.599331 2.829421 -0.146765
v -0.597857 2.825654 -0.152295
v -0.596565 2.824331 -0.158893
v -0.595653 2.825654 -0.165554
v -0.595260 2.829421 -0.171264
v -0.595444 2.835059 -0.175154
v -1.060497 2.773697 -0.235990
v -0.596304 2.825475 -0.160924
v -0.597572 2.829808 -0.155769
v -0.600075 2.831932 -0.149754
v -0.603432 2.831523 -0.143795
v -0.607132 2.828643 -0.138799
v -0.610613 2.823731 -0.135526
v -0.613343 2.817535 -0.134474
v -0.614908 2.810998 -0.135805
v -0.615068 2.805116 -0.139314
v -0.613801 2.800783 -0.144469
v -0.611298 2.798659 -0.150484
v -0.607941 2.799068 -0.156443
v -0.604241 2.801948 -0.161439
v -0.600760 2.806860 -0.164712
v -0.598030 2.813056 -0.165764
v -0.596465 2.819593 -0.164433
v -1.003362 2.954140 -0.364615
v -0.613872 2.793970 -0.175855
v -0.614095 2.796995 -0.181999
v -0.613124 2.801909 -0.186675
v -0.611104 2.807962 -0.189171
v -0.608345 2.814233 -0.189108
v -0.605265 2.819768 -0.186494
v -0.602334 2.823724 -0.181729
v -0.599998 2.825498 -0.175536
v -0.598613 2.824821 -0.168860
v -0.598389 2.821795 -0.162716
v -0.599361 2.816882 -0.158040
v -0.601380 2.810829 -0.155544
v -0.604140 2.804557 -0.155608
v -0.607219 2.799023 -0.158221
v -0.610150 2.795067 -0.162987
v -0.612486 2.793293 -0.169179
v -1.028212 2.993997 -0.066073
v -0.762425 2.439077 -0.198860
v -0.766076 2.434441 -0.199606
v -0.769777 2.430763 -0.202464
v -0.772964 2.428606 -0.207001
v -0.775152 2.428296 -0.212524
v -0.776008 2.429881 -0.218194
v -0.775400 2.433120 -0.223146
v -0.773423 2.437520 -0.226628
v -0.770377 2.442410 -0.228109
v -0.766725 2.447047 -0.227364
v -0.763024 2.450724 -0.224505
v -0.759837 2.452882 -0.219969
v -0.757650 2.453192 -0.214446
v -0.756794 2.451607 -0.208776
v -0.757401 2.448368 -0.203823
v -0.759378 2.443968 -0.200341
v -1.084959 2.673431 -0.100361
v -0.748783 2.464565 -0.215320
v -0.747543 2.465192 -0.209535
v -0.746914 2.463581 -0.203843
v -0.746992 2.459978 -0.199110
v -0.747765 2.454932 -0.196056
v -0.749114 2.449210 -0.195147
v -0.750835 2.443683 -0.196521
v -0.752666 2.439194 -0.199968
v -0.754328 2.436425 -0.204964
v -0.755568 2.435798 -0.210749
v -0.756196 2.437409 -0.216441
v -0.756119 2.441012 -0.221174
v -0.755346 2.446059 -0.224228
v -0.753997 2.451781 -0.225137
v -0.752275 2.457307 -0.223763
v -0.750445 2.461796 -0.220316
v -1.141989 2.554094 -0.137696
v -0.755613 2.483568 -0.199675
v -0.757950 2.486596 -0.195118
v -0.760181 2.487481 -0.189675
v -0.761967 2.486089 -0.184173
v -0.763035 2.482631 -0.179452
v -0.763223 2.477634 -0.176228
v -0.762502 2.471860 -0.174994
v -0.760983 2.466186 -0.175937
v -0.758896 2.461477 -0.178913
v -0.756559 2.458449 -0.183469
v -0.754327 2.457564 -0.188912
v -0.752542 2.458956 -0.194414
v -0.751474 2.462414 -0.199136
v -0.751286 2.467410 -0.202359
v -0.752007 2.473185 -0.203593
v -0.753526 2.478859 -0.202651
v -1.134427 2.395100 -0.331301
v -0.751588 2.464374 -0.199677
v -0.753335 2.463583 -0.194046
v -0.755617 2.460735 -0.189348
v -0.758086 2.456263 -0.186298
v -0.760365 2.450849 -0.185361
v -0.762109 2.445316 -0.186679
v -0.763051 2.440507 -0.190051
v -0.763048 2.437154 -0.194965
v -0.762100 2.435767 -0.200672
v -0.760352 2.436558 -0.206303
v -0.758071 2.439406 -0.211001
v -0.755602 2.443877 -0.214051
v -0.753322 2.449291 -0.214988
v -0.751579 2.454824 -0.213670
v -0.750637 2.459633 -0.210298
v -0.750640 2.462987 -0.205384
v -1.130229 2.590634 -0.296326
v -0.760388 2.451570 -0.229802
v -0.761491 2.457056 -0.231820
v -0.761921 2.462988 -0.231662
v -0.761612 2.468461 -0.229352
v -0.760611 2.472643 -0.225241
v -0.759071 2.474897 -0.219955
v -0.757226 2.474880 -0.214299
v -0.755357 2.472594 -0.209135
v -0.753748 2.468388 -0.205248
v -0.752645 2.462902 -0.203229
v -0.752215 2.456970 -0.203388
v -0.752524 2.451497 -0.205698
v -0.753525 2.447315 -0.209809
v -0.755065 2.445061 -0.215094
v -0.756910 2.445078 -0.220750
v -0.758780 2.447364 -0.225915
v -1.146093 2.428414 -0.090707
v -0.775258 2.096253 -0.199624
v -0.778159 2.091474 -0.200070
v -0.781375 2.087571 -0.202497
v -0.784415 2.085139 -0.206535
v -0.786817 2.084548 -0.211569
v -0.788215 2.085888 -0.216833
v -0.788396 2.088955 -0.221526
v -0.787333 2.093283 -0.224933
v -0.785188 2.098212 -0.226535
v -0.782287 2.102991 -0.226088
v -0.779071 2.106894 -0.223661
v -0.776031 2.109326 -0.219624
v -0.773629 2.109917 -0.214589
v -0.772231 2.108577 -0.209325
v -0.772050 2.105510 -0.204633
v -0.773113 2.101182 -0.201226
v -1.097031 2.277391 -0.083077
v -0.766792 2.121611 -0.216028
v -0.765294 2.122387 -0.210679
v -0.764102 2.120996 -0.205377
v -0.763400 2.117650 -0.200930
v -0.763293 2.112859 -0.198015
v -0.763797 2.107352 -0.197076
v -0.764837 2.101968 -0.198255
v -0.766254 2.097526 -0.201373
v -0.767832 2.094702 -0.205956
v -0.769330 2.093927 -0.211305
v -0.770522 2.095318 -0.216606
v -0.771224 2.098664 -0.221053
v -0.771331 2.103455 -0.223968
v -0.770827 2.108961 -0.224908
v -0.769787 2.114346 -0.223729
v -0.768370 2.118788 -0.220611
v -1.138559 2.158685 -0.114308
v -0.774314 2.138672 -0.200781
v -0.776528 2.141254 -0.196321
v -0.778321 2.141852 -0.191040
v -0.779420 2.140374 -0.185742
v -0.779659 2.137046 -0.181234
v -0.779001 2.132373 -0.178202
v -0.777546 2.127068 -0.177107
v -0.775515 2.121938 -0.178116
v -0.773218 2.117764 -0.181076
v -0.771005 2.115181 -0.185536
v -0.769212 2.114583 -0.190817
v -0.768112 2.116061 -0.196115
v -0.767873 2.119390 -0.200624
v -0.768531 2.124062 -0.203656
v -0.769987 2.129367 -0.204751
v -0.772017 2.134497 -0.203741
v -1.126392 2.009553 -0.297224
v -0.768254 2.121205 -0.201120
v -0.769381 2.120295 -0.195701
v -0.770827 2.117390 -0.191125
v -0.772370 2.112934 -0.188090
v -0.773777 2.107603 -0.187055
v -0.774833 2.102211 -0.188181
v -0.775377 2.097577 -0.191294
v -0.775326 2.094407 -0.195921
v -0.774689 2.093184 -0.201358
v -0.773561 2.094094 -0.206777
v -0.772116 2.096998 -0.211352
v -0.770572 2.101455 -0.214388
v -0.769165 2.106785 -0.215422
v -0.768109 2.112178 -0.214297
v -0.767565 2.116812 -0.211184
v -0.767616 2.119982 -0.206557
v -1.143454 2.193159 -0.264201
v -0.777098 2.107965 -0.228830
v -0.778931 2.112949 -0.230635
v -0.780034 2.118445 -0.230441
v -0.780236 2.123617 -0.228279
v -0.779509 2.127676 -0.224477
v -0.777962 2.130006 -0.219615
v -0.775830 2.130251 -0.214433
v -0.773440 2.128374 -0.209719
v -0.771153 2.124660 -0.206191
v -0.769320 2.119676 -0.204386
v -0.768217 2.114180 -0.204580
v -0.768015 2.109008 -0.206742
v -0.768742 2.104949 -0.210543
v -0.770289 2.102619 -0.215405
v -0.772421 2.102374 -0.220588
v -0.774811 2.104251 -0.225302
v -1.123881 2.040988 -0.070126
v -0.799083 1.709213 -0.191588
v -0.801760 1.704204 -0.190232
v -0.804721 1.699253 -0.191136
v -0.807514 1.695114 -0.194162
v -0.809716 1.692416 -0.198850
v -0.810989 1.691572 -0.204485
v -0.811142 1.692708 -0.210211
v -0.810150 1.695653 -0.215154
v -0.808164 1.699958 -0.218563
v -0.805487 1.704967 -0.219919
v -0.802527 1.709918 -0.219015
v -0.799733 1.714057 -0.215989
v -0.797532 1.716754 -0.211301
v -0.796258 1.717598 -0.205666
v -0.796106 1.716462 -0.199940
v -0.797098 1.713517 -0.194997
v -1.150652 1.903217 -0.156399
v -0.791126 1.728014 -0.217069
v -0.789890 1.730939 -0.212169
v -0.788830 1.731733 -0.206482
v -0.788105 1.730274 -0.200875
v -0.787829 1.726786 -0.196200
v -0.788041 1.721800 -0.193170
v -0.788710 1.716073 -0.192246
v -0.789734 1.710479 -0.193569
v -0.790957 1.705868 -0.196937
v -0.792194 1.702944 -0.201837
v -0.793254 1.702150 -0.207524
v -0.793978 1.703609 -0.213131
v -0.794255 1.707096 -0.217805
v -0.794043 1.712083 -0.220835
v -0.793374 1.717810 -0.221759
v -0.792350 1.723404 -0.220437
v -1.184445 1.773479 -0.141502
v -0.800809 1.749733 -0.209120
v -0.803498 1.753764 -0.205862
v -0.805663 1.756231 -0.201033
v -0.806974 1.756758 -0.195367
v -0.807231 1.755266 -0.189728
v -0.806396 1.751980 -0.184974
v -0.804595 1.747403 -0.181828
v -0.802103 1.742229 -0.180770
v -0.799299 1.737248 -0.181961
v -0.796609 1.733217 -0.185219
v -0.794445 1.730750 -0.190048
v -0.793134 1.730223 -0.195713
v -0.792876 1.731716 -0.201353
v -0.793712 1.735001 -0.206107
v -0.795513 1.739578 -0.209253
v -0.798005 1.744752 -0.210311
v -1.152921 1.560284 -0.260133
v -0.793365 1.733244 -0.202544
v -0.794747 1.734363 -0.196982
v -0.796288 1.733210 -0.191469
v -0.797752 1.729960 -0.186845
v -0.798917 1.725108 -0.183812
v -0.799604 1.719393 -0.182833
v -0.799711 1.713685 -0.184057
v -0.799219 1.708852 -0.187297
v -0.798205 1.705631 -0.192061
v -0.796822 1.704512 -0.197622
v -0.795282 1.705666 -0.203135
v -0.793818 1.708916 -0.207760
v -0.792653 1.713768 -0.210793
v -0.791965 1.719483 -0.211771
v -0.791859 1.725191 -0.210548
v -0.792350 1.730023 -0.207307
v -1.184247 1.748639 -0.299757
v -0.800289 1.709117 -0.224378
v -0.802426 1.713082 -0.228093
v -0.803938 1.718367 -0.230061
v -0.804594 1.724169 -0.229981
v -0.804294 1.729603 -0.227865
v -0.803084 1.733842 -0.224037
v -0.801149 1.736242 -0.219078
v -0.798782 1.736436 -0.213743
v -0.796345 1.734395 -0.208846
v -0.794207 1.730430 -0.205130
v -0.792696 1.725144 -0.203163
v -0.792040 1.719342 -0.203243
v -0.792340 1.713908 -0.205358
v -0.793549 1.709669 -0.209187
v -0.795485 1.707270 -0.214146
v -0.797852 1.707076 -0.219480
v -1.163762 1.678184 -0.052894
v -0.757990 1.293976 -0.191872
v -0.760114 1.290372 -0.188973
v -0.762452 1.285984 -0.187887
v -0.764648 1.281480 -0.188778
v -0.766367 1.277545 -0.191511
v -0.767348 1.274780 -0.195669
v -0.767441 1.273604 -0.200619
v -0.766632 1.274196 -0.205609
v -0.765045 1.276468 -0.209878
v -0.762921 1.280072 -0.212776
v -0.760583 1.284460 -0.213862
v -0.758387 1.288964 -0.212972
v -0.756668 1.292898 -0.210239
v -0.755687 1.295664 -0.206081
v -0.755594 1.296840 -0.201130
v -0.756402 1.296247 -0.196140
v -1.073302 1.443487 -0.232596
v -0.751512 1.300036 -0.218913
v -0.750647 1.304181 -0.216090
v -0.749850 1.306915 -0.211872
v -0.749243 1.307821 -0.206901
v -0.748918 1.306762 -0.201934
v -0.748925 1.303898 -0.197726
v -0.749262 1.299665 -0.194920
v -0.749879 1.294710 -0.193941
v -0.750682 1.289784 -0.194940
v -0.751547 1.285639 -0.197763
v -0.752344 1.282905 -0.201981
v -0.752951 1.281999 -0.206952
v -0.753276 1.283059 -0.211919
v -0.753269 1.285922 -0.216126
v -0.752931 1.290154 -0.218933
v -0.752314 1.295111 -0.219911
v -1.097071 1.344533 -0.173718
v -0.761049 1.319641 -0.220421
v -0.763624 1.323881 -0.219284
v -0.765696 1.327476 -0.216337
v -0.766951 1.329877 -0.212029
v -0.767196 1.330721 -0.207016
v -0.766396 1.329877 -0.202061
v -0.764672 1.327475 -0.197919
v -0.762285 1.323881 -0.195220
v -0.759600 1.319641 -0.194374
v -0.757025 1.315401 -0.195512
v -0.754953 1.311806 -0.198459
v -0.753698 1.309405 -0.202767
v -0.753452 1.308561 -0.207780
v -0.754253 1.309405 -0.212735
v -0.755977 1.311806 -0.216877
v -0.758364 1.315401 -0.219576
v -1.058095 1.134380 -0.190836
v -0.753928 1.309318 -0.209276
v -0.755270 1.312147 -0.205264
v -0.756646 1.313152 -0.200468
v -0.757846 1.312180 -0.195619
v -0.758688 1.309378 -0.191454
v -0.759044 1.305174 -0.188608
v -0.758858 1.300207 -0.187514
v -0.758160 1.295234 -0.188338
v -0.757056 1.291011 -0.190956
v -0.755713 1.288182 -0.194967
v -0.754337 1.287177 -0.199763
v -0.753137 1.288149 -0.204612
v -0.752295 1.290951 -0.208777
v -0.751940 1.295155 -0.211623
v -0.752125 1.300122 -0.212717
v -0.752823 1.305095 -0.211893
v -1.093260 1.267697 -0.290237
v -0.758514 1.281995 -0.217836
v -0.760495 1.283690 -0.222207
v -0.762018 1.287091 -0.225672
v -0.762853 1.291682 -0.227703
v -0.762872 1.296764 -0.227992
v -0.762072 1.301561 -0.226494
v -0.760575 1.305345 -0.223438
v -0.758609 1.307539 -0.219288
v -0.756473 1.307809 -0.214676
v -0.754492 1.306114 -0.210305
v -0.752969 1.302713 -0.206840
v -0.752134 1.298122 -0.204809
v -0.752115 1.293041 -0.204520
v -0.752915 1.288243 -0.206017
v -0.754412 1.284459 -0.209074
v -0.756378 1.282265 -0.213224
v -1.076163 1.302086 -0.069076
v -0.714252 0.925849 -0.161356
v -0.715930 0.921842 -0.158703
v -0.717409 0.917046 -0.157862
v -0.718464 0.912190 -0.158960
v -0.718934 0.908013 -0.161829
v -0.718748 0.905151 -0.166034
v -0.717934 0.904041 -0.170933
v -0.716615 0.904850 -0.175782
v -0.714994 0.907457 -0.179841
v -0.713316 0.911463 -0.182493
v -0.711837 0.916259 -0.183335
v -0.710782 0.921116 -0.182237
v -0.710312 0.925292 -0.179368
v -0.710498 0.928154 -0.175163
v -0.711312 0.929265 -0.170264
v -0.712630 0.928455 -0.165415
v -1.045832 1.005591 -0.245791
v -0.705682 0.933463 -0.187404
v -0.706095 0.937664 -0.184561
v -0.706460 0.940454 -0.180320
v -0.706722 0.941410 -0.175329
v -0.706841 0.940385 -0.170345
v -0.706799 0.937535 -0.166128
v -0.706601 0.933295 -0.163321
v -0.706279 0.928309 -0.162350
v -0.705881 0.923338 -0.163363
v -0.705469 0.919137 -0.166206
v -0.705103 0.916346 -0.170446
v -0.704841 0.915391 -0.175438
v -0.704722 0.916416 -0.180422
v -0.704764 0.919266 -0.184638
v -0.704962 0.923506 -0.187446
v -0.705284 0.928491 -0.188417
v -1.055700 0.903160 -0.188923
v -0.718866 0.950617 -0.190483
v -0.722407 0.954201 -0.189765
v -0.725565 0.957240 -0.187178
v -0.727859 0.959270 -0.183113
v -0.728939 0.959983 -0.178192
v -0.728642 0.959270 -0.173161
v -0.727012 0.957240 -0.168788
v -0.724297 0.954201 -0.165738
v -0.720912 0.950617 -0.164476
v -0.717371 0.947033 -0.165194
v -0.714213 0.943994 -0.167781
v -0.711919 0.941964 -0.171846
v -0.710839 0.941251 -0.176768
v -0.711136 0.941964 -0.181798
v -0.712766 0.943994 -0.186171
v -0.715481 0.947033 -0.189221
v -0.971212 0.706262 -0.197250
v -0.711261 0.941908 -0.178325
v -0.713691 0.944340 -0.174573
v -0.715871 0.944974 -0.170018
v -0.717470 0.943712 -0.165354
v -0.718244 0.940747 -0.161291
v -0.718075 0.936530 -0.158447
v -0.716989 0.931703 -0.157255
v -0.715151 0.927001 -0.157897
v -0.712841 0.923139 -0.160275
v -0.710412 0.920706 -0.164027
v -0.708231 0.920072 -0.168582
v -0.706633 0.921334 -0.173246
v -0.705859 0.924299 -0.177310
v -0.706028 0.928516 -0.180154
v -0.707114 0.933344 -0.181345
v -0.708951 0.938046 -0.180703
v -1.020319 0.830257 -0.302627
v -0.708786 0.914336 -0.186959
v -0.710484 0.915624 -0.191581
v -0.712220 0.918666 -0.195273
v -0.713731 0.923000 -0.197473
v -0.714787 0.927964 -0.197846
v -0.715226 0.932804 -0.196336
v -0.714982 0.936783 -0.193172
v -0.714092 0.939295 -0.188836
v -0.712691 0.939957 -0.183988
v -0.710994 0.938669 -0.179367
v -0.709257 0.935627 -0.175675
v -0.707746 0.931294 -0.173475
v -0.706690 0.926329 -0.173101
v -0.706251 0.921489 -0.174611
v -0.706495 0.917510 -0.177775
v -0.707385 0.914998 -0.182111
v -1.040324 0.864879 -0.081746
v -0.056208 2.809248 -0.627706
v -0.060612 2.806030 -0.631853
v -0.062675 2.801905 -0.636920
v -0.062084 2.797501 -0.642136
v -0.058927 2.793488 -0.646707
v -0.053687 2.790478 -0.649936
v -0.047160 2.788929 -0.651332
v -0.040340 2.789077 -0.650683
v -0.034266 2.790899 -0.648088
v -0.029862 2.794117 -0.643941
v -0.027799 2.798242 -0.638874
v -0.028391 2.802646 -0.633658
v -0.031547 2.806659 -0.629087
v -0.036787 2.809668 -0.625858
v -0.043314 2.811217 -0.624462
v -0.050134 2.811070 -0.625111
v -0.024212 3.162051 -0.941150
v -0.018791 2.812435 -0.620096
v -0.022145 2.817169 -0.616451
v -0.027489 2.820240 -0.613457
v -0.034008 2.821180 -0.611570
v -0.040711 2.819847 -0.611077
v -0.046577 2.816442 -0.612053
v -0.050713 2.811486 -0.614350
v -0.052489 2.805731 -0.617618
v -0.051634 2.800054 -0.621359
v -0.048280 2.795320 -0.625005
v -0.042937 2.792249 -0.627999
v -0.036417 2.791309 -0.629886
v -0.029714 2.792643 -0.630379
v -0.023848 2.796047 -0.629403
v -0.019713 2.801004 -0.627106
v -0.017937 2.806758 -0.623838
v -0.113617 3.054486 -1.015267
v -0.016243 2.841709 -0.621582
v -0.017709 2.848359 -0.622339
v -0.021595 2.853997 -0.622582
v -0.027311 2.857764 -0.622276
v -0.033985 2.859087 -0.621465
v -0.040601 2.857764 -0.620274
v -0.046154 2.853997 -0.618884
v -0.049796 2.848359 -0.617506
v -0.050974 2.841709 -0.616351
v -0.049508 2.835058 -0.615594
v -0.045622 2.829421 -0.615350
v -0.039906 2.825653 -0.615657
v -0.033232 2.824331 -0.616468
v -0.026615 2.825653 -0.617659
v -0.021063 2.829421 -0.619049
v -0.017421 2.835058 -0.620426
v -0.103272 2.773697 -1.081518
v -0.031221 2.825475 -0.616847
v -0.036515 2.829808 -0.616460
v -0.043008 2.831932 -0.616982
v -0.049713 2.831522 -0.618333
v -0.055609 2.828643 -0.620308
v -0.059797 2.823731 -0.622607
v -0.061641 2.817535 -0.624878
v -0.060859 2.810998 -0.626778
v -0.057571 2.805115 -0.628015
v -0.052277 2.800782 -0.628403
v -0.045783 2.798659 -0.627881
v -0.039078 2.799068 -0.626530
v -0.033183 2.801948 -0.624554
v -0.028994 2.806859 -0.622256
v -0.027151 2.813056 -0.619984
v -0.027933 2.819592 -0.618085
v 0.036714 2.954139 -1.066926
v -0.022448 2.793969 -0.638169
v -0.016674 2.796995 -0.640280
v -0.011927 2.801908 -0.640801
v -0.008929 2.807961 -0.639652
v -0.008137 2.814233 -0.637008
v -0.009671 2.819768 -0.633271
v -0.013297 2.823724 -0.629011
v -0.018465 2.825498 -0.624876
v -0.024386 2.824821 -0.621495
v -0.030160 2.821795 -0.619384
v -0.034907 2.816882 -0.618863
v -0.037905 2.810829 -0.620012
v -0.038698 2.804557 -0.622656
v -0.037164 2.799022 -0.626393
v -0.033537 2.795067 -0.630653
v -0.028370 2.793292 -0.634788
v -0.254896 2.993996 -0.998305
v -0.046475 2.439077 -0.786560
v -0.046894 2.434440 -0.790263
v -0.045319 2.430763 -0.794667
v -0.041990 2.428605 -0.799099
v -0.037413 2.428295 -0.802887
v -0.032285 2.429881 -0.805453
v -0.027387 2.433120 -0.806406
v -0.023464 2.437519 -0.805601
v -0.021115 2.442410 -0.803162
v -0.020695 2.447047 -0.799458
v -0.022270 2.450724 -0.795055
v -0.025599 2.452882 -0.790622
v -0.030176 2.453192 -0.786835
v -0.035304 2.451606 -0.784269
v -0.040202 2.448367 -0.783316
v -0.044125 2.443968 -0.784121
v -0.239821 2.673431 -1.062871
v -0.026606 2.464565 -0.778672
v -0.031724 2.465192 -0.775706
v -0.036943 2.463581 -0.773349
v -0.041469 2.459978 -0.771960
v -0.044611 2.454931 -0.771751
v -0.045893 2.449209 -0.772754
v -0.045119 2.443683 -0.774815
v -0.042406 2.439194 -0.777622
v -0.038168 2.436425 -0.780746
v -0.033049 2.435798 -0.783712
v -0.027830 2.437409 -0.786069
v -0.023305 2.441012 -0.787458
v -0.020162 2.446059 -0.787667
v -0.018880 2.451781 -0.786664
v -0.019654 2.457307 -0.784603
v -0.022367 2.461796 -0.781796
v -0.221937 2.554094 -1.128646
v -0.043596 2.483568 -0.780334
v -0.048651 2.486595 -0.781148
v -0.054517 2.487480 -0.781588
v -0.060301 2.486088 -0.781586
v -0.065122 2.482631 -0.781143
v -0.068246 2.477634 -0.780326
v -0.069197 2.471859 -0.779259
v -0.067831 2.466186 -0.778105
v -0.064355 2.461477 -0.777040
v -0.059300 2.458449 -0.776225
v -0.053433 2.457564 -0.775785
v -0.047650 2.458956 -0.775787
v -0.042829 2.462414 -0.776230
v -0.039705 2.467410 -0.777048
v -0.038754 2.473185 -0.778114
v -0.040120 2.478858 -0.779268
v -0.035471 2.395099 -1.181282
v -0.042349 2.464373 -0.776506
v -0.048245 2.463582 -0.776428
v -0.053418 2.460735 -0.777146
v -0.057082 2.456263 -0.778552
v -0.058677 2.450849 -0.780430
v -0.057963 2.445316 -0.782495
v -0.055046 2.440507 -0.784433
v -0.050372 2.437153 -0.785949
v -0.044651 2.435767 -0.786811
v -0.038756 2.436557 -0.786889
v -0.033582 2.439405 -0.786171
v -0.029919 2.443877 -0.784766
v -0.028323 2.449291 -0.782887
v -0.029038 2.454824 -0.780822
v -0.031955 2.459633 -0.778884
v -0.036629 2.462986 -0.777368
v -0.067437 2.590633 -1.166481
v -0.016418 2.451570 -0.794185
v -0.014840 2.457056 -0.795857
v -0.015123 2.462987 -0.796217
v -0.017225 2.468461 -0.795209
v -0.020825 2.472642 -0.792987
v -0.025376 2.474896 -0.789889
v -0.030185 2.474879 -0.786386
v -0.034519 2.472594 -0.783013
v -0.037719 2.468387 -0.780282
v -0.039297 2.462901 -0.778609
v -0.039014 2.456970 -0.778250
v -0.036912 2.451497 -0.779257
v -0.033312 2.447315 -0.781479
v -0.028761 2.445061 -0.784578
v -0.023952 2.445078 -0.788080
v -0.019618 2.447363 -0.791454
v -0.267895 2.428414 -1.118029
v -0.049714 2.096253 -0.799002
v -0.050186 2.091473 -0.801899
v -0.048872 2.087570 -0.805707
v -0.045971 2.085138 -0.809846
v -0.041925 2.084548 -0.813686
v -0.037351 2.085888 -0.816642
v -0.032944 2.088955 -0.818264
v -0.029375 2.093282 -0.818306
v -0.027189 2.098211 -0.816761
v -0.026717 2.102991 -0.813864
v -0.028031 2.106894 -0.810056
v -0.030932 2.109326 -0.805917
v -0.034978 2.109917 -0.802077
v -0.039552 2.108577 -0.799121
v -0.043959 2.105509 -0.797498
v -0.047528 2.101182 -0.797456
v -0.259990 2.277390 -1.069011
v -0.031497 2.121611 -0.796019
v -0.036121 2.122386 -0.792941
v -0.040795 2.120995 -0.790170
v -0.044807 2.117650 -0.788127
v -0.047547 2.112859 -0.787124
v -0.048596 2.107352 -0.787314
v -0.047796 2.101968 -0.788667
v -0.045268 2.097526 -0.790978
v -0.041398 2.094702 -0.793895
v -0.036773 2.093927 -0.796973
v -0.032099 2.095318 -0.799745
v -0.028087 2.098663 -0.801787
v -0.025348 2.103454 -0.802790
v -0.024298 2.108961 -0.802600
v -0.025098 2.114345 -0.801247
v -0.027626 2.118787 -0.798936
v -0.243120 2.158685 -1.118157
v -0.048322 2.138671 -0.798461
v -0.053248 2.141254 -0.799188
v -0.058824 2.141852 -0.799262
v -0.064203 2.140374 -0.798670
v -0.068564 2.137045 -0.797504
v -0.071245 2.132373 -0.795941
v -0.071836 2.127068 -0.794219
v -0.070249 2.121938 -0.792600
v -0.066724 2.117763 -0.791330
v -0.061798 2.115181 -0.790603
v -0.056221 2.114583 -0.790529
v -0.050843 2.116060 -0.791121
v -0.046481 2.119389 -0.792287
v -0.043801 2.124062 -0.793850
v -0.043209 2.129367 -0.795572
v -0.044797 2.134497 -0.797192
v -0.065398 2.009553 -1.163110
v -0.046127 2.121204 -0.792802
v -0.051629 2.120294 -0.792200
v -0.056427 2.117390 -0.792161
v -0.059792 2.112933 -0.792691
v -0.061210 2.107603 -0.793709
v -0.060466 2.102210 -0.795061
v -0.057673 2.097576 -0.796540
v -0.053257 2.094407 -0.797922
v -0.047889 2.093184 -0.798996
v -0.042387 2.094094 -0.799598
v -0.037589 2.096998 -0.799637
v -0.034224 2.101454 -0.799107
v -0.032806 2.106785 -0.798088
v -0.033550 2.112178 -0.796737
v -0.036343 2.116812 -0.795257
v -0.040759 2.119981 -0.793876
v -0.102077 2.193159 -1.169132
v -0.022506 2.107964 -0.809776
v -0.021356 2.112948 -0.812078
v -0.021881 2.118445 -0.813066
v -0.024000 2.123616 -0.812591
v -0.027391 2.127676 -0.810724
v -0.031537 2.130006 -0.807750
v -0.035807 2.130250 -0.804122
v -0.039552 2.128373 -0.800391
v -0.042200 2.124660 -0.797127
v -0.043350 2.119676 -0.794825
v -0.042825 2.114180 -0.793837
v -0.040706 2.109008 -0.794312
v -0.037316 2.104948 -0.796179
v -0.033170 2.102619 -0.799153
v -0.028899 2.102374 -0.802781
v -0.025155 2.104251 -0.806511
v -0.280604 2.040987 -1.090545
v -0.064719 1.709212 -0.819177
v -0.066836 1.704203 -0.821304
v -0.066891 1.699252 -0.824399
v -0.064876 1.695113 -0.827991
v -0.061098 1.692416 -0.831533
v -0.056132 1.691572 -0.834486
v -0.050734 1.692708 -0.836400
v -0.045726 1.695653 -0.836984
v -0.041871 1.699958 -0.836150
v -0.039754 1.704967 -0.834023
v -0.039699 1.709917 -0.830928
v -0.041713 1.714056 -0.827335
v -0.045491 1.716753 -0.823793
v -0.050457 1.717598 -0.820840
v -0.055855 1.716462 -0.818926
v -0.060863 1.713517 -0.818342
v -0.206826 1.903217 -1.142665
v -0.038027 1.728014 -0.819484
v -0.042305 1.730939 -0.816794
v -0.047385 1.731732 -0.814028
v -0.052495 1.730274 -0.811607
v -0.056855 1.726786 -0.809899
v -0.059802 1.721799 -0.809164
v -0.060888 1.716073 -0.809515
v -0.059946 1.710479 -0.810898
v -0.057121 1.705868 -0.813102
v -0.052843 1.702943 -0.815792
v -0.047762 1.702150 -0.818558
v -0.042653 1.703608 -0.820979
v -0.038293 1.707096 -0.822687
v -0.035346 1.712083 -0.823422
v -0.034260 1.717809 -0.823071
v -0.035202 1.723404 -0.821688
v -0.231437 1.773479 -1.170200
v -0.048578 1.749733 -0.826236
v -0.052508 1.753764 -0.827787
v -0.057770 1.756231 -0.828354
v -0.063563 1.756758 -0.827850
v -0.069006 1.755265 -0.826352
v -0.073269 1.751980 -0.824088
v -0.075704 1.747402 -0.821403
v -0.075941 1.742229 -0.818706
v -0.073942 1.737248 -0.816407
v -0.070012 1.733217 -0.814856
v -0.064750 1.730750 -0.814290
v -0.058957 1.730222 -0.814794
v -0.053514 1.731715 -0.816292
v -0.049251 1.735000 -0.818555
v -0.046816 1.739578 -0.821240
v -0.046580 1.744751 -0.823937
v -0.108871 1.560284 -1.176879
v -0.052533 1.733244 -0.817124
v -0.058249 1.734363 -0.816720
v -0.063968 1.733210 -0.816482
v -0.068819 1.729960 -0.816445
v -0.072063 1.725108 -0.816616
v -0.073207 1.719393 -0.816967
v -0.072075 1.713684 -0.817447
v -0.068842 1.708852 -0.817981
v -0.063998 1.705631 -0.818488
v -0.058282 1.704512 -0.818892
v -0.052562 1.705665 -0.819130
v -0.047712 1.708915 -0.819167
v -0.044468 1.713767 -0.818996
v -0.043324 1.719482 -0.818645
v -0.044455 1.725191 -0.818165
v -0.047689 1.730023 -0.817631
v -0.080867 1.748639 -1.218916
v -0.033907 1.709116 -0.830457
v -0.031033 1.713081 -0.833637
v -0.029630 1.718367 -0.835683
v -0.029908 1.724169 -0.836282
v -0.031828 1.729603 -0.835343
v -0.035095 1.733842 -0.833010
v -0.039213 1.736241 -0.829636
v -0.043555 1.736436 -0.825737
v -0.047460 1.734394 -0.821905
v -0.050333 1.730429 -0.818725
v -0.051737 1.725144 -0.816679
v -0.051458 1.719342 -0.816080
v -0.049539 1.713908 -0.817019
v -0.046272 1.709669 -0.819353
v -0.042153 1.707269 -0.822726
v -0.037811 1.707075 -0.826625
v -0.309317 1.678184 -1.123148
v -0.051751 1.293975 -0.780183
v -0.055163 1.290371 -0.781307
v -0.056919 1.285983 -0.783195
v -0.056750 1.281479 -0.785559
v -0.054683 1.277545 -0.788038
v -0.051031 1.274779 -0.790256
v -0.046352 1.273603 -0.791874
v -0.041356 1.274196 -0.792647
v -0.036806 1.276467 -0.792457
v -0.033393 1.280071 -0.791332
v -0.031638 1.284459 -0.789444
v -0.031806 1.288964 -0.787081
v -0.033874 1.292898 -0.784601
v -0.037526 1.295664 -0.782384
v -0.042205 1.296839 -0.780765
v -0.047200 1.296247 -0.779992
v -0.110456 1.443486 -1.092647
v -0.024031 1.300036 -0.782378
v -0.026448 1.304181 -0.780683
v -0.030214 1.306915 -0.778621
v -0.034754 1.307821 -0.776508
v -0.039378 1.306761 -0.774664
v -0.043381 1.303897 -0.773371
v -0.046155 1.299665 -0.772824
v -0.047276 1.294709 -0.773108
v -0.046575 1.289783 -0.774180
v -0.044157 1.285638 -0.775876
v -0.040392 1.282905 -0.777937
v -0.035852 1.281999 -0.780051
v -0.031228 1.283058 -0.781894
v -0.027225 1.285922 -0.783188
v -0.024451 1.290154 -0.783734
v -0.023330 1.295110 -0.783450
v -0.173798 1.344533 -1.097058
v -0.025544 1.319641 -0.791914
v -0.027421 1.323881 -0.794011
v -0.030865 1.327475 -0.795072
v -0.035349 1.329877 -0.794934
v -0.040193 1.330720 -0.793619
v -0.044658 1.329877 -0.791326
v -0.048064 1.327475 -0.788406
v -0.049894 1.323881 -0.785302
v -0.049868 1.319641 -0.782488
v -0.047990 1.315400 -0.780390
v -0.044547 1.311806 -0.779330
v -0.040062 1.309404 -0.779468
v -0.035219 1.308561 -0.780783
v -0.030754 1.309404 -0.783076
v -0.027347 1.311806 -0.785996
v -0.025518 1.315400 -0.789099
v -0.145474 1.134380 -1.065280
v -0.033943 1.309317 -0.781697
v -0.038174 1.312147 -0.781734
v -0.043160 1.313152 -0.781561
v -0.048143 1.312180 -0.781204
v -0.052364 1.309378 -0.780718
v -0.055180 1.305174 -0.780176
v -0.056164 1.300207 -0.779662
v -0.055164 1.295234 -0.779253
v -0.052333 1.291011 -0.779011
v -0.048103 1.288182 -0.778974
v -0.043117 1.287177 -0.779148
v -0.038134 1.288149 -0.779504
v -0.033913 1.290950 -0.779991
v -0.031097 1.295155 -0.780532
v -0.030113 1.300122 -0.781047
v -0.031113 1.305095 -0.781456
v -0.061803 1.267696 -1.129440
v -0.027220 1.281994 -0.788704
v -0.023674 1.283689 -0.791939
v -0.020850 1.287091 -0.794459
v -0.019176 1.291682 -0.795880
v -0.018907 1.296763 -0.795988
v -0.020084 1.301561 -0.794764
v -0.022528 1.305345 -0.792396
v -0.025868 1.307539 -0.789244
v -0.029593 1.307809 -0.785787
v -0.033139 1.306114 -0.782553
v -0.035963 1.302712 -0.780033
v -0.037638 1.298121 -0.778611
v -0.037906 1.293040 -0.778504
v -0.036729 1.288243 -0.779727
v -0.034285 1.284459 -0.782096
v -0.030945 1.282265 -0.785248
v -0.266857 1.302086 -1.044837
v -0.067257 0.925848 -0.729155
v -0.070298 0.921842 -0.729932
v -0.071556 0.917046 -0.731078
v -0.070838 0.912189 -0.732421
v -0.068254 0.908013 -0.733754
v -0.064198 0.905151 -0.734877
v -0.059286 0.904040 -0.735617
v -0.054268 0.904850 -0.735861
v -0.049906 0.907456 -0.735574
v -0.046865 0.911463 -0.734797
v -0.045608 0.916259 -0.733651
v -0.046325 0.921115 -0.732308
v -0.048909 0.925292 -0.730975
v -0.052965 0.928154 -0.729852
v -0.057877 0.929264 -0.729112
v -0.062895 0.928455 -0.728868
v -0.089418 1.005590 -1.070599
v -0.039836 0.933463 -0.729054
v -0.042667 0.937664 -0.728568
v -0.046813 0.940454 -0.727605
v -0.051642 0.941410 -0.726312
v -0.056418 0.940385 -0.724885
v -0.060415 0.937535 -0.723542
v -0.063024 0.933295 -0.722487
v -0.063849 0.928309 -0.721880
v -0.062762 0.923338 -0.721815
v -0.059930 0.919137 -0.722301
v -0.055785 0.916346 -0.723264
v -0.050956 0.915391 -0.724557
v -0.046180 0.916416 -0.725984
v -0.042183 0.919265 -0.727327
v -0.039573 0.923506 -0.728382
v -0.038749 0.928491 -0.728989
v -0.146552 0.903159 -1.062411
v -0.040982 0.950617 -0.742545
v -0.042758 0.954201 -0.745691
v -0.046195 0.957239 -0.747894
v -0.050769 0.959270 -0.748820
v -0.055784 0.959983 -0.748327
v -0.060477 0.959270 -0.746489
v -0.064132 0.957239 -0.743588
v -0.066193 0.954201 -0.740064
v -0.066348 0.950617 -0.736454
v -0.064571 0.947032 -0.733307
v -0.061134 0.943994 -0.731104
v -0.056560 0.941964 -0.730179
v -0.051545 0.941251 -0.730672
v -0.046853 0.941964 -0.732509
v -0.043198 0.943994 -0.735411
v -0.041136 0.947033 -0.738935
v -0.112525 0.706262 -0.984631
v -0.050195 0.941907 -0.731555
v -0.054514 0.944340 -0.732706
v -0.059519 0.944974 -0.733372
v -0.064449 0.943712 -0.733451
v -0.068553 0.940747 -0.732932
v -0.071205 0.936530 -0.731892
v -0.072003 0.931703 -0.730491
v -0.070824 0.927000 -0.728942
v -0.067849 0.923139 -0.727480
v -0.063530 0.920706 -0.726329
v -0.058524 0.920072 -0.725663
v -0.053594 0.921334 -0.725584
v -0.049491 0.924299 -0.726103
v -0.046838 0.928516 -0.727143
v -0.046041 0.933343 -0.728544
v -0.047219 0.938046 -0.730093
v -0.027481 0.830257 -1.063898
v -0.041218 0.914336 -0.731869
v -0.037347 0.915624 -0.734912
v -0.034373 0.918666 -0.737704
v -0.032747 0.922999 -0.739821
v -0.032718 0.927963 -0.740941
v -0.034290 0.932804 -0.740892
v -0.037224 0.936783 -0.739682
v -0.041072 0.939295 -0.737495
v -0.045250 0.939957 -0.734665
v -0.049121 0.938669 -0.731623
v -0.052096 0.935627 -0.728830
v -0.053721 0.931294 -0.726713
v -0.053750 0.926329 -0.725594
v -0.052178 0.921489 -0.725643
v -0.049245 0.917510 -0.726852
v -0.045396 0.914998 -0.729039
v -0.243733 0.864879 -1.014668
v 0.579615 2.809248 -0.247429
v 0.582198 2.806030 -0.252899
v 0.586380 2.801904 -0.256427
v 0.591523 2.797501 -0.257476
v 0.596845 2.793488 -0.255886
v 0.601536 2.790478 -0.251900
v 0.604881 2.788929 -0.246124
v 0.606371 2.789077 -0.239438
v 0.605780 2.790899 -0.232859
v 0.603196 2.794117 -0.227389
v 0.599015 2.798242 -0.223861
v 0.593871 2.802646 -0.222812
v 0.588549 2.806659 -0.224402
v 0.583859 2.809668 -0.228388
v 0.580514 2.811217 -0.234164
v 0.579024 2.811070 -0.240850
v 0.887605 3.162051 -0.313858
v 0.583940 2.812435 -0.209491
v 0.579437 2.817169 -0.211555
v 0.574938 2.820240 -0.215712
v 0.571129 2.821180 -0.221329
v 0.568588 2.819847 -0.227552
v 0.567704 2.816442 -0.233432
v 0.568611 2.811486 -0.238075
v 0.571170 2.805731 -0.240774
v 0.574992 2.800054 -0.241118
v 0.579495 2.795320 -0.239054
v 0.583994 2.792249 -0.234897
v 0.587804 2.791309 -0.229280
v 0.590344 2.792643 -0.223058
v 0.591228 2.796047 -0.217177
v 0.590322 2.801004 -0.212534
v 0.587762 2.806758 -0.209835
v 0.930467 3.054486 -0.421791
v 0.586140 2.841709 -0.207527
v 0.586407 2.848359 -0.209155
v 0.585438 2.853997 -0.212927
v 0.583380 2.857764 -0.218268
v 0.580547 2.859087 -0.224365
v 0.577369 2.857764 -0.230289
v 0.574332 2.853997 -0.235140
v 0.571896 2.848359 -0.238179
v 0.570433 2.841709 -0.238942
v 0.570166 2.835058 -0.237314
v 0.571135 2.829421 -0.233542
v 0.573193 2.825653 -0.228201
v 0.576027 2.824331 -0.222105
v 0.579204 2.825654 -0.216180
v 0.582242 2.829421 -0.211329
v 0.584677 2.835058 -0.208291
v 0.996672 2.773697 -0.432424
v 0.577009 2.825475 -0.220309
v 0.575005 2.829808 -0.225224
v 0.573494 2.831932 -0.231561
v 0.572707 2.831522 -0.238355
v 0.572764 2.828643 -0.244573
v 0.573656 2.823731 -0.249266
v 0.575247 2.817535 -0.251722
v 0.577295 2.810998 -0.251565
v 0.579488 2.805115 -0.248820
v 0.581492 2.800782 -0.243905
v 0.583003 2.798659 -0.237568
v 0.583790 2.799068 -0.230774
v 0.583733 2.801948 -0.224556
v 0.582841 2.806859 -0.219863
v 0.581250 2.813056 -0.217407
v 0.579202 2.819592 -0.217564
v 1.026053 2.954139 -0.294781
v 0.599998 2.793969 -0.218554
v 0.603790 2.796995 -0.213716
v 0.605752 2.801908 -0.209362
v 0.605586 2.807961 -0.206155
v 0.603316 2.814233 -0.204585
v 0.599289 2.819768 -0.204889
v 0.594116 2.823724 -0.207022
v 0.588587 2.825498 -0.210658
v 0.583542 2.824821 -0.215245
v 0.579749 2.821795 -0.220084
v 0.577787 2.816882 -0.224438
v 0.577953 2.810829 -0.227644
v 0.580223 2.804557 -0.229215
v 0.584251 2.799022 -0.228911
v 0.589423 2.795067 -0.226778
v 0.594953 2.793292 -0.223141
v 0.870678 2.993996 -0.550914
v 0.733702 2.439077 -0.287260
v 0.737095 2.434440 -0.288804
v 0.741769 2.430763 -0.288667
v 0.747013 2.428605 -0.286870
v 0.752030 2.428295 -0.283687
v 0.756055 2.429881 -0.279603
v 0.758475 2.433120 -0.275239
v 0.758922 2.437519 -0.271260
v 0.757328 2.442410 -0.268272
v 0.753935 2.447047 -0.266728
v 0.749261 2.450724 -0.266866
v 0.744016 2.452882 -0.268662
v 0.739000 2.453192 -0.271845
v 0.734975 2.451606 -0.275929
v 0.732555 2.448367 -0.280293
v 0.732108 2.443968 -0.284272
v 0.936742 2.673431 -0.556529
v 0.732340 2.464565 -0.265926
v 0.727937 2.465192 -0.269877
v 0.724083 2.463581 -0.274113
v 0.721363 2.459978 -0.277988
v 0.720194 2.454931 -0.280912
v 0.720751 2.449209 -0.282441
v 0.722951 2.443683 -0.282341
v 0.726458 2.439194 -0.280629
v 0.730739 2.436425 -0.277563
v 0.735142 2.435798 -0.273612
v 0.738997 2.437409 -0.269377
v 0.741716 2.441012 -0.265502
v 0.742886 2.446059 -0.262577
v 0.742328 2.451781 -0.261048
v 0.740129 2.457307 -0.261148
v 0.736621 2.461796 -0.262861
v 1.004825 2.554094 -0.559846
v 0.728670 2.483567 -0.282598
v 0.727883 2.486595 -0.287658
v 0.726488 2.487480 -0.293373
v 0.724699 2.486088 -0.298873
v 0.722787 2.482631 -0.303321
v 0.721045 2.477634 -0.306039
v 0.719736 2.471859 -0.306614
v 0.719061 2.466186 -0.304959
v 0.719122 2.461477 -0.301324
v 0.719910 2.458449 -0.296264
v 0.721304 2.457564 -0.290549
v 0.723093 2.458956 -0.285049
v 0.725004 2.462414 -0.280601
v 0.726747 2.467410 -0.277883
v 0.728055 2.473185 -0.277308
v 0.728731 2.478858 -0.278964
v 1.112505 2.395099 -0.398771
v 0.725414 2.464373 -0.280230
v 0.723518 2.463583 -0.285813
v 0.722603 2.460735 -0.290955
v 0.722808 2.456263 -0.294873
v 0.724101 2.450849 -0.296972
v 0.726286 2.445316 -0.296930
v 0.729031 2.440507 -0.294755
v 0.731917 2.437154 -0.290778
v 0.734504 2.435767 -0.285604
v 0.736400 2.436558 -0.280021
v 0.737316 2.439405 -0.274879
v 0.737111 2.443877 -0.270960
v 0.735818 2.449291 -0.268862
v 0.733633 2.454824 -0.268904
v 0.730888 2.459633 -0.271079
v 0.728002 2.462986 -0.275056
v 1.088551 2.590633 -0.424599
v 0.750241 2.451570 -0.261031
v 0.752320 2.457056 -0.260047
v 0.752574 2.462987 -0.260427
v 0.750966 2.468461 -0.262115
v 0.747740 2.472642 -0.264852
v 0.743388 2.474896 -0.268223
v 0.738571 2.474879 -0.271714
v 0.734023 2.472594 -0.274794
v 0.730437 2.468387 -0.276993
v 0.728358 2.462901 -0.277977
v 0.728104 2.456970 -0.277597
v 0.729712 2.451497 -0.275909
v 0.732938 2.447315 -0.273172
v 0.737290 2.445060 -0.269801
v 0.742107 2.445078 -0.266310
v 0.746655 2.447363 -0.263230
v 0.980525 2.428414 -0.600273
v 0.744533 2.096253 -0.294186
v 0.747143 2.091473 -0.295530
v 0.751171 2.087570 -0.295457
v 0.756004 2.085138 -0.293977
v 0.760906 2.084548 -0.291316
v 0.765131 2.085888 -0.287879
v 0.768036 2.088955 -0.284189
v 0.769178 2.093282 -0.280808
v 0.768384 2.098211 -0.278251
v 0.765775 2.102991 -0.276907
v 0.761747 2.106894 -0.276980
v 0.756914 2.109326 -0.278460
v 0.752012 2.109917 -0.281121
v 0.747787 2.108577 -0.284558
v 0.744882 2.105509 -0.288248
v 0.743739 2.101182 -0.291629
v 0.936349 2.277391 -0.577608
v 0.747326 2.121611 -0.275939
v 0.742970 2.122386 -0.279385
v 0.738890 2.120995 -0.282974
v 0.735708 2.117650 -0.286159
v 0.733907 2.112859 -0.288454
v 0.733764 2.107352 -0.289511
v 0.735298 2.101968 -0.289168
v 0.738277 2.097526 -0.287478
v 0.742247 2.094702 -0.284698
v 0.746603 2.093927 -0.281252
v 0.750683 2.095318 -0.277663
v 0.753866 2.098663 -0.274478
v 0.755666 2.103454 -0.272183
v 0.755810 2.108961 -0.271126
v 0.754275 2.114345 -0.271469
v 0.751297 2.118787 -0.273159
v 0.988303 2.158685 -0.576751
v 0.744450 2.138671 -0.292695
v 0.743619 2.141254 -0.297604
v 0.741966 2.141852 -0.302931
v 0.739741 2.140374 -0.307863
v 0.737285 2.137045 -0.311651
v 0.734970 2.132373 -0.313717
v 0.733149 2.127068 -0.313747
v 0.732099 2.121938 -0.311737
v 0.731981 2.117763 -0.307992
v 0.732812 2.115181 -0.303083
v 0.734465 2.114583 -0.297757
v 0.736690 2.116060 -0.292824
v 0.739146 2.119389 -0.289036
v 0.741461 2.124062 -0.286970
v 0.743282 2.129367 -0.286940
v 0.744331 2.134497 -0.288950
v 1.085975 2.009553 -0.421618
v 0.739746 2.121204 -0.288859
v 0.737473 2.120294 -0.293905
v 0.735953 2.117390 -0.298457
v 0.735417 2.112933 -0.301820
v 0.735948 2.107603 -0.303484
v 0.737463 2.102210 -0.303194
v 0.739733 2.097576 -0.300995
v 0.742412 2.094407 -0.297222
v 0.745092 2.093184 -0.292448
v 0.747365 2.094094 -0.287402
v 0.748885 2.096998 -0.282850
v 0.749420 2.101454 -0.279487
v 0.748890 2.106785 -0.277823
v 0.747375 2.112177 -0.278113
v 0.745105 2.116812 -0.280312
v 0.742426 2.119981 -0.284085
v 1.080367 2.193159 -0.458362
v 0.763188 2.107964 -0.271639
v 0.765733 2.112948 -0.271257
v 0.766511 2.118445 -0.272061
v 0.765404 2.123616 -0.273930
v 0.762581 2.127676 -0.276577
v 0.758471 2.130006 -0.279602
v 0.753701 2.130250 -0.282542
v 0.748996 2.128374 -0.284950
v 0.745072 2.124660 -0.286461
v 0.742528 2.119676 -0.286843
v 0.741750 2.114180 -0.286038
v 0.742857 2.109008 -0.284170
v 0.745680 2.104948 -0.281522
v 0.749790 2.102619 -0.278498
v 0.754560 2.102374 -0.275558
v 0.759265 2.104251 -0.273149
v 0.950459 2.040987 -0.603867
v 0.759085 1.709212 -0.314691
v 0.760453 1.704203 -0.317362
v 0.763380 1.699252 -0.318371
v 0.767419 1.695113 -0.317564
v 0.771955 1.692416 -0.315066
v 0.776298 1.691572 -0.311255
v 0.779787 1.692708 -0.306713
v 0.781890 1.695653 -0.302131
v 0.782287 1.699957 -0.298206
v 0.780919 1.704966 -0.295535
v 0.777992 1.709917 -0.294526
v 0.773953 1.714056 -0.295333
v 0.769417 1.716754 -0.297831
v 0.765074 1.717598 -0.301641
v 0.761585 1.716462 -0.306184
v 0.759482 1.713517 -0.310766
v 1.022826 1.903217 -0.549806
v 0.767625 1.728014 -0.289400
v 0.763745 1.730939 -0.292638
v 0.759544 1.731732 -0.296615
v 0.755662 1.730274 -0.300726
v 0.752691 1.726786 -0.304345
v 0.751081 1.721799 -0.306920
v 0.751080 1.716073 -0.308061
v 0.752686 1.710479 -0.307593
v 0.755655 1.705868 -0.305588
v 0.759535 1.702944 -0.302350
v 0.763736 1.702150 -0.298373
v 0.767618 1.703608 -0.294262
v 0.770589 1.707096 -0.290643
v 0.772199 1.712083 -0.288067
v 0.772200 1.717809 -0.286926
v 0.770594 1.723404 -0.287394
v 1.041409 1.773479 -0.581721
v 0.770786 1.749733 -0.301522
v 0.771047 1.753764 -0.305738
v 0.769960 1.756231 -0.310918
v 0.767690 1.756758 -0.316272
v 0.764584 1.755265 -0.320985
v 0.761113 1.751980 -0.324340
v 0.757807 1.747402 -0.325827
v 0.755169 1.742229 -0.325218
v 0.753600 1.737248 -0.322606
v 0.753340 1.733217 -0.318390
v 0.754427 1.730750 -0.313211
v 0.756696 1.730222 -0.307857
v 0.759803 1.731715 -0.303143
v 0.763273 1.735000 -0.299788
v 0.766579 1.739578 -0.298302
v 0.769217 1.744751 -0.298910
v 1.085636 1.560284 -0.467218
v 0.760898 1.733244 -0.302467
v 0.758748 1.734363 -0.307779
v 0.756754 1.733210 -0.313144
v 0.755220 1.729960 -0.317746
v 0.754380 1.725108 -0.320884
v 0.754360 1.719393 -0.322081
v 0.755166 1.713684 -0.321153
v 0.756673 1.708852 -0.318243
v 0.758653 1.705631 -0.313793
v 0.760803 1.704512 -0.308481
v 0.762797 1.705665 -0.303115
v 0.764331 1.708915 -0.298513
v 0.765171 1.713767 -0.295375
v 0.765190 1.719482 -0.294179
v 0.764385 1.725191 -0.295106
v 0.762877 1.730023 -0.298017
v 1.134269 1.748639 -0.453574
v 0.779334 1.709116 -0.288872
v 0.783247 1.713081 -0.287123
v 0.785626 1.718367 -0.286420
v 0.786110 1.724169 -0.286870
v 0.784624 1.729603 -0.288405
v 0.781395 1.733842 -0.290791
v 0.776914 1.736242 -0.293666
v 0.771864 1.736435 -0.296590
v 0.767013 1.734394 -0.299120
v 0.763100 1.730429 -0.300869
v 0.760721 1.725144 -0.301572
v 0.760237 1.719342 -0.301122
v 0.761723 1.713908 -0.299587
v 0.764952 1.709668 -0.297201
v 0.769433 1.707269 -0.294326
v 0.774483 1.707075 -0.291402
v 0.972594 1.678184 -0.641250
v 0.726007 1.293975 -0.290307
v 0.726021 1.290372 -0.293901
v 0.727274 1.285983 -0.296154
v 0.729574 1.281480 -0.296724
v 0.732571 1.277545 -0.295524
v 0.735809 1.274779 -0.292736
v 0.738794 1.273603 -0.288786
v 0.741073 1.274196 -0.284274
v 0.742298 1.276467 -0.279887
v 0.742283 1.280071 -0.276294
v 0.741030 1.284460 -0.274041
v 0.738730 1.288964 -0.273471
v 0.735733 1.292898 -0.274671
v 0.732496 1.295664 -0.277459
v 0.729510 1.296840 -0.281409
v 0.727232 1.296247 -0.285921
v 1.005036 1.443486 -0.442697
v 0.736660 1.300036 -0.264623
v 0.734301 1.304181 -0.266398
v 0.731177 1.306915 -0.269342
v 0.727764 1.307821 -0.273007
v 0.724581 1.306761 -0.276835
v 0.722114 1.303897 -0.280243
v 0.720738 1.299665 -0.282712
v 0.720661 1.294709 -0.283866
v 0.721897 1.289784 -0.283530
v 0.724257 1.285638 -0.281755
v 0.727381 1.282905 -0.278811
v 0.730794 1.281998 -0.275146
v 0.733976 1.283058 -0.271318
v 0.736444 1.285922 -0.267910
v 0.737820 1.290154 -0.265442
v 0.737896 1.295110 -0.264287
v 0.989659 1.344533 -0.504301
v 0.745262 1.319641 -0.269008
v 0.746677 1.323881 -0.271442
v 0.746621 1.327475 -0.275045
v 0.745104 1.329877 -0.279267
v 0.742356 1.330720 -0.283467
v 0.738797 1.329877 -0.287005
v 0.734967 1.327475 -0.289343
v 0.731449 1.323881 -0.290124
v 0.728780 1.319641 -0.289229
v 0.727366 1.315401 -0.286795
v 0.727422 1.311806 -0.283193
v 0.728939 1.309404 -0.278970
v 0.731686 1.308561 -0.274770
v 0.735246 1.309404 -0.271232
v 0.739076 1.311806 -0.268895
v 0.742593 1.315401 -0.268114
v 0.968188 1.134379 -0.467543
v 0.732950 1.309318 -0.273840
v 0.731678 1.312147 -0.277875
v 0.729972 1.313152 -0.282563
v 0.728093 1.312180 -0.287192
v 0.726326 1.309378 -0.291056
v 0.724941 1.305174 -0.293567
v 0.724148 1.300207 -0.294344
v 0.724067 1.295234 -0.293266
v 0.724712 1.291011 -0.290500
v 0.725984 1.288182 -0.286465
v 0.727690 1.287177 -0.281776
v 0.729569 1.288149 -0.277148
v 0.731336 1.290950 -0.273284
v 0.732721 1.295154 -0.270772
v 0.733515 1.300121 -0.269996
v 0.733595 1.305095 -0.271073
v 1.055064 1.267696 -0.407795
v 0.741692 1.281995 -0.269610
v 0.745863 1.283689 -0.267238
v 0.749133 1.287091 -0.265331
v 0.751002 1.291682 -0.264178
v 0.751187 1.296763 -0.263955
v 0.749660 1.301561 -0.264697
v 0.746652 1.305345 -0.266290
v 0.742622 1.307539 -0.268491
v 0.738183 1.307809 -0.270967
v 0.734012 1.306114 -0.273339
v 0.730742 1.302712 -0.275246
v 0.728873 1.298121 -0.276399
v 0.728688 1.293040 -0.276622
v 0.730215 1.288243 -0.275880
v 0.733223 1.284459 -0.274287
v 0.737253 1.282264 -0.272086
v 0.911236 1.302086 -0.576668
v 0.672685 0.925848 -0.289287
v 0.672483 0.921842 -0.292419
v 0.673185 0.917046 -0.293969
v 0.674684 0.912189 -0.293701
v 0.676751 0.908012 -0.291656
v 0.679072 0.905151 -0.288145
v 0.681293 0.904040 -0.283703
v 0.683076 0.904850 -0.279006
v 0.684151 0.907456 -0.274768
v 0.684352 0.911463 -0.271636
v 0.683650 0.916259 -0.270086
v 0.682152 0.921115 -0.270354
v 0.680085 0.925292 -0.272399
v 0.677764 0.928153 -0.275910
v 0.675543 0.929264 -0.280352
v 0.673759 0.928455 -0.285050
v 0.990569 1.005590 -0.415875
v 0.681062 0.933463 -0.263176
v 0.679725 0.937663 -0.265719
v 0.677529 0.940454 -0.269364
v 0.674806 0.941410 -0.273557
v 0.671973 0.940385 -0.277659
v 0.669461 0.937535 -0.281045
v 0.667651 0.933295 -0.283200
v 0.666819 0.928309 -0.283797
v 0.667093 0.923337 -0.282743
v 0.668430 0.919137 -0.280200
v 0.670627 0.916346 -0.276555
v 0.673349 0.915391 -0.272363
v 0.676182 0.916416 -0.268261
v 0.678695 0.919265 -0.264875
v 0.680504 0.923506 -0.262719
v 0.681336 0.928491 -0.262123
v 0.965126 0.903159 -0.467682
v 0.693538 0.950617 -0.268435
v 0.695982 0.954201 -0.271097
v 0.697015 0.957239 -0.275046
v 0.696482 0.959270 -0.279683
v 0.694463 0.959983 -0.284300
v 0.691266 0.959270 -0.288195
v 0.687376 0.957239 -0.290774
v 0.683388 0.954201 -0.291646
v 0.679907 0.950617 -0.290677
v 0.677464 0.947033 -0.288015
v 0.676430 0.943994 -0.284066
v 0.676964 0.941964 -0.279429
v 0.678983 0.941251 -0.274812
v 0.682180 0.941964 -0.270918
v 0.686069 0.943994 -0.268338
v 0.690058 0.947033 -0.267466
v 0.901668 0.706261 -0.411285
v 0.680240 0.941907 -0.273801
v 0.680000 0.944340 -0.278265
v 0.679087 0.944974 -0.283231
v 0.677639 0.943712 -0.287944
v 0.675876 0.940747 -0.291686
v 0.674068 0.936530 -0.293888
v 0.672489 0.931703 -0.294213
v 0.671380 0.927000 -0.292613
v 0.670909 0.923139 -0.289332
v 0.671148 0.920706 -0.284868
v 0.672062 0.920072 -0.279902
v 0.673510 0.921334 -0.275189
v 0.675272 0.924299 -0.271447
v 0.677081 0.928516 -0.269245
v 0.678660 0.933343 -0.268920
v 0.679769 0.938045 -0.270519
v 1.003336 0.830256 -0.354898
v 0.683312 0.914335 -0.265361
v 0.687402 0.915624 -0.262620
v 0.690977 0.918666 -0.260654
v 0.693493 0.922999 -0.259762
v 0.694566 0.927964 -0.260080
v 0.694034 0.932804 -0.261560
v 0.691977 0.936783 -0.263976
v 0.688708 0.939295 -0.266961
v 0.684726 0.939957 -0.270060
v 0.680636 0.938669 -0.272801
v 0.677060 0.935627 -0.274767
v 0.674545 0.931294 -0.275659
v 0.673471 0.926329 -0.275340
v 0.674004 0.921489 -0.273860
v 0.676061 0.917510 -0.271444
v 0.679329 0.914998 -0.268460
v 0.889690 0.864879 -0.545353
v 0.499928 2.439077 0.609024
v 0.502444 2.434440 0.611773
v 0.503758 2.430763 0.616261
v 0.503670 2.428605 0.621804
v 0.502193 2.428295 0.627559
v 0.499552 2.429881 0.632648
v 0.496150 2.433120 0.636299
v 0.492504 2.437519 0.637953
v 0.489169 2.442410 0.637361
v 0.486653 2.447047 0.634611
v 0.485339 2.450724 0.630123
v 0.485427 2.452882 0.624580
v 0.486904 2.453192 0.618826
v 0.489544 2.451606 0.613736
v 0.492946 2.448367 0.610086
v 0.496593 2.443967 0.608431
v 0.818760 2.673431 0.718918
v 0.479217 2.464565 0.614321
v 0.481614 2.465192 0.608913
v 0.484451 2.463581 0.603938
v 0.487296 2.459978 0.600154
v 0.489716 2.454931 0.598138
v 0.491342 2.449209 0.598196
v 0.491927 2.443683 0.600319
v 0.491382 2.439194 0.604184
v 0.489790 2.436425 0.609203
v 0.487392 2.435798 0.614611
v 0.484555 2.437409 0.619586
v 0.481710 2.441012 0.623369
v 0.479291 2.446059 0.625386
v 0.477664 2.451781 0.625328
v 0.477079 2.457307 0.623205
v 0.477624 2.461796 0.619340
v 0.842953 2.554094 0.782643
v 0.493938 2.483567 0.605679
v 0.498507 2.486595 0.603366
v 0.503512 2.487480 0.600274
v 0.508190 2.486088 0.596873
v 0.511829 2.482631 0.593681
v 0.513876 2.477634 0.591183
v 0.514019 2.471859 0.589761
v 0.512235 2.466186 0.589630
v 0.508797 2.461477 0.590811
v 0.504228 2.458449 0.593124
v 0.499224 2.457564 0.596216
v 0.494546 2.458956 0.599617
v 0.490906 2.462414 0.602810
v 0.488860 2.467410 0.605307
v 0.488717 2.473185 0.606729
v 0.490501 2.478858 0.606860
v 0.723037 2.395099 0.934828
v 0.490680 2.464373 0.603314
v 0.495404 2.463582 0.599786
v 0.500012 2.460734 0.597326
v 0.503801 2.456263 0.596310
v 0.506197 2.450849 0.596892
v 0.506832 2.445316 0.598983
v 0.505612 2.440507 0.602265
v 0.502721 2.437153 0.606239
v 0.498600 2.435766 0.610299
v 0.493876 2.436557 0.613827
v 0.489269 2.439405 0.616287
v 0.485479 2.443877 0.617303
v 0.483084 2.449291 0.616721
v 0.482448 2.454824 0.614630
v 0.483668 2.459633 0.611348
v 0.486559 2.462986 0.607374
v 0.740199 2.590633 0.904065
v 0.480093 2.451570 0.632859
v 0.479799 2.457056 0.635140
v 0.480240 2.462987 0.635265
v 0.481347 2.468461 0.633214
v 0.482954 2.472642 0.629300
v 0.484815 2.474896 0.624118
v 0.486647 2.474879 0.618458
v 0.488170 2.472594 0.613182
v 0.489154 2.468387 0.609091
v 0.489448 2.462901 0.606810
v 0.489007 2.456970 0.606685
v 0.487899 2.451496 0.608736
v 0.486292 2.447315 0.612650
v 0.484432 2.445060 0.617832
v 0.482600 2.445078 0.623492
v 0.481076 2.447363 0.628768
v 0.873893 2.428414 0.747041
v 0.509861 2.096253 0.617185
v 0.511946 2.091473 0.619251
v 0.513121 2.087570 0.623105
v 0.513207 2.085138 0.628158
v 0.512191 2.084548 0.633643
v 0.510228 2.085887 0.638723
v 0.507616 2.088955 0.642626
v 0.504754 2.093282 0.644758
v 0.502077 2.098211 0.644793
v 0.499992 2.102991 0.642726
v 0.498817 2.106894 0.638873
v 0.498731 2.109326 0.633819
v 0.499747 2.109917 0.628335
v 0.501710 2.108576 0.623254
v 0.504322 2.105509 0.619351
v 0.507184 2.101182 0.617220
v 0.838686 2.277390 0.712030
v 0.493370 2.121611 0.625480
v 0.495302 2.122386 0.620272
v 0.497454 2.120995 0.615282
v 0.499500 2.117650 0.611272
v 0.501126 2.112859 0.608850
v 0.502087 2.107352 0.608387
v 0.502235 2.101968 0.609952
v 0.501549 2.097526 0.613307
v 0.500131 2.094702 0.617942
v 0.498200 2.093927 0.623151
v 0.496047 2.095318 0.628140
v 0.494002 2.098663 0.632151
v 0.492375 2.103454 0.634572
v 0.491414 2.108961 0.635035
v 0.491266 2.114345 0.633470
v 0.491953 2.118787 0.630115
v 0.853925 2.158685 0.761706
v 0.508417 2.138671 0.617566
v 0.512830 2.141254 0.615259
v 0.517384 2.141852 0.612041
v 0.521388 2.140374 0.608401
v 0.524231 2.137045 0.604894
v 0.525481 2.132373 0.602054
v 0.524947 2.127068 0.600313
v 0.522711 2.121937 0.599936
v 0.519113 2.117763 0.600981
v 0.514701 2.115180 0.603288
v 0.510146 2.114583 0.606506
v 0.506142 2.116060 0.610146
v 0.503299 2.119389 0.613653
v 0.502049 2.124062 0.616493
v 0.502583 2.129367 0.618234
v 0.504819 2.134497 0.618611
v 0.736567 2.009553 0.902537
v 0.503315 2.121204 0.614278
v 0.507412 2.120294 0.610557
v 0.511271 2.117390 0.607705
v 0.514305 2.112933 0.606156
v 0.516051 2.107603 0.606146
v 0.516244 2.102210 0.607677
v 0.514854 2.097576 0.610516
v 0.512093 2.094407 0.614229
v 0.508381 2.093184 0.618253
v 0.504284 2.094094 0.621974
v 0.500425 2.096998 0.624826
v 0.497392 2.101454 0.626375
v 0.495646 2.106785 0.626385
v 0.495453 2.112177 0.624854
v 0.496843 2.116811 0.622015
v 0.499604 2.119981 0.618302
v 0.769781 2.193159 0.885849
v 0.494183 2.107964 0.641894
v 0.494605 2.112948 0.644432
v 0.495611 2.118444 0.644923
v 0.497046 2.123616 0.643293
v 0.498692 2.127676 0.639790
v 0.500298 2.130005 0.634947
v 0.501620 2.130250 0.629502
v 0.502457 2.128373 0.624283
v 0.502681 2.124660 0.620085
v 0.502258 2.119676 0.617547
v 0.501252 2.114180 0.617056
v 0.499817 2.109008 0.618686
v 0.498171 2.104948 0.622189
v 0.496565 2.102619 0.627032
v 0.495243 2.102374 0.632477
v 0.494406 2.104251 0.637696
v 0.868020 2.040987 0.717335
v 0.533860 1.709212 0.624687
v 0.536822 1.704203 0.625164
v 0.538686 1.699252 0.627636
v 0.539167 1.695113 0.631726
v 0.538193 1.692416 0.636812
v 0.535911 1.691571 0.642120
v 0.532669 1.692708 0.646842
v 0.528961 1.695653 0.650258
v 0.525351 1.699957 0.651849
v 0.522388 1.704966 0.651372
v 0.520524 1.709917 0.648901
v 0.520043 1.714056 0.644810
v 0.521017 1.716754 0.639724
v 0.523299 1.717598 0.634416
v 0.526541 1.716461 0.629695
v 0.530249 1.713517 0.626278
v 0.838968 1.903217 0.802866
v 0.512445 1.728014 0.640626
v 0.514325 1.730939 0.635935
v 0.516810 1.731732 0.630710
v 0.519520 1.730274 0.625748
v 0.522043 1.726786 0.621804
v 0.523996 1.721799 0.619477
v 0.525080 1.716073 0.619123
v 0.525131 1.710479 0.620795
v 0.524142 1.705868 0.624239
v 0.522262 1.702943 0.628930
v 0.519777 1.702150 0.634154
v 0.517067 1.703608 0.639116
v 0.514544 1.707096 0.643060
v 0.512591 1.712083 0.645387
v 0.511506 1.717810 0.645741
v 0.511455 1.723404 0.644069
v 0.875063 1.773479 0.810677
v 0.524951 1.749733 0.639886
v 0.529041 1.753764 0.638831
v 0.533631 1.756230 0.636196
v 0.538022 1.756758 0.632383
v 0.541545 1.755265 0.627972
v 0.543663 1.751980 0.623635
v 0.544055 1.747402 0.620032
v 0.542661 1.742229 0.617711
v 0.539693 1.737247 0.617026
v 0.535602 1.733217 0.618081
v 0.531012 1.730750 0.620715
v 0.526621 1.730222 0.624528
v 0.523099 1.731715 0.628939
v 0.520980 1.735000 0.633276
v 0.520588 1.739578 0.636880
v 0.521982 1.744751 0.639201
v 0.779831 1.560284 0.888123
v 0.522794 1.733244 0.630190
v 0.527181 1.734363 0.626503
v 0.531668 1.733210 0.622949
v 0.535571 1.729960 0.620068
v 0.538295 1.725108 0.618299
v 0.539427 1.719393 0.617911
v 0.538794 1.713684 0.618964
v 0.536492 1.708852 0.621297
v 0.532871 1.705631 0.624554
v 0.528484 1.704512 0.628241
v 0.523997 1.705665 0.631795
v 0.520094 1.708915 0.634676
v 0.517369 1.713767 0.636445
v 0.516238 1.719482 0.636833
v 0.516871 1.725191 0.635780
v 0.519173 1.730023 0.633447
v 0.781884 1.748638 0.938592
v 0.515562 1.709116 0.651924
v 0.515107 1.713081 0.656186
v 0.515173 1.718367 0.658666
v 0.515751 1.724169 0.658987
v 0.516752 1.729603 0.657099
v 0.518024 1.733842 0.653291
v 0.519372 1.736241 0.648142
v 0.520593 1.736435 0.642435
v 0.521500 1.734394 0.637040
v 0.521955 1.730429 0.632778
v 0.521888 1.725144 0.630298
v 0.521311 1.719342 0.629977
v 0.520310 1.713908 0.631864
v 0.519038 1.709669 0.635673
v 0.517689 1.707269 0.640822
v 0.516469 1.707075 0.646529
v 0.910414 1.678183 0.726835
v 0.500448 1.293976 0.600763
v 0.503870 1.290371 0.599667
v 0.506400 1.285983 0.600163
v 0.507652 1.281479 0.602174
v 0.507437 1.277545 0.605395
v 0.505787 1.274779 0.609335
v 0.502952 1.273603 0.613395
v 0.499365 1.274196 0.616957
v 0.495572 1.276467 0.619478
v 0.492149 1.280071 0.620574
v 0.489620 1.284459 0.620078
v 0.488367 1.288964 0.618067
v 0.488582 1.292898 0.614846
v 0.490233 1.295663 0.610905
v 0.493067 1.296840 0.606845
v 0.496654 1.296247 0.603284
v 0.731603 1.443486 0.819046
v 0.479313 1.300035 0.618833
v 0.480272 1.304181 0.616040
v 0.482106 1.306914 0.612159
v 0.484537 1.307821 0.607781
v 0.487194 1.306761 0.603571
v 0.489672 1.303897 0.600172
v 0.491595 1.299665 0.598099
v 0.492669 1.294709 0.597670
v 0.492732 1.289783 0.598949
v 0.491773 1.285638 0.601742
v 0.489938 1.282905 0.605623
v 0.487507 1.281999 0.610002
v 0.484850 1.283058 0.614211
v 0.482372 1.285922 0.617611
v 0.480449 1.290154 0.619683
v 0.479375 1.295110 0.620112
v 0.785440 1.344532 0.785384
v 0.486141 1.319640 0.625659
v 0.488893 1.323881 0.626252
v 0.492302 1.327475 0.625085
v 0.495849 1.329877 0.622338
v 0.498994 1.330720 0.618427
v 0.501259 1.329877 0.613948
v 0.502299 1.327475 0.609583
v 0.501955 1.323881 0.605996
v 0.500279 1.319641 0.603734
v 0.497527 1.315401 0.603141
v 0.494119 1.311806 0.604308
v 0.490571 1.309404 0.607055
v 0.487426 1.308561 0.610966
v 0.485161 1.309404 0.615445
v 0.484122 1.311806 0.619810
v 0.484466 1.315400 0.623397
v 0.743847 1.134380 0.776323
v 0.486931 1.309317 0.612455
v 0.490375 1.312147 0.609999
v 0.494308 1.313152 0.606928
v 0.498129 1.312180 0.603711
v 0.501258 1.309378 0.600836
v 0.503218 1.305174 0.598742
v 0.503711 1.300207 0.597748
v 0.502662 1.295234 0.598005
v 0.500231 1.291011 0.599473
v 0.496787 1.288181 0.601930
v 0.492854 1.287177 0.605000
v 0.489033 1.288149 0.608218
v 0.485904 1.290950 0.611092
v 0.483944 1.295154 0.613186
v 0.483450 1.300121 0.614180
v 0.484500 1.305095 0.613924
v 0.713869 1.267696 0.877410
v 0.485610 1.281994 0.622077
v 0.484644 1.283689 0.626777
v 0.483840 1.287091 0.630476
v 0.483321 1.291682 0.632610
v 0.483166 1.296763 0.632855
v 0.483400 1.301561 0.631173
v 0.483985 1.305345 0.627820
v 0.484834 1.307539 0.623307
v 0.485816 1.307809 0.618321
v 0.486783 1.306114 0.613621
v 0.487587 1.302712 0.609922
v 0.488106 1.298121 0.607787
v 0.488260 1.293040 0.607543
v 0.488027 1.288242 0.609224
v 0.487442 1.284458 0.612577
v 0.486593 1.282265 0.617090
v 0.830032 1.302086 0.688437
v 0.483000 0.925848 0.550367
v 0.485916 0.921842 0.549207
v 0.487607 0.917046 0.549396
v 0.487816 0.912189 0.550904
v 0.486509 0.908013 0.553502
v 0.483887 0.905151 0.556794
v 0.480349 0.904040 0.560279
v 0.476433 0.904850 0.563427
v 0.472735 0.907456 0.565758
v 0.469818 0.911462 0.566918
v 0.468127 0.916259 0.566729
v 0.467919 0.921115 0.565221
v 0.469225 0.925292 0.562623
v 0.471847 0.928154 0.559331
v 0.475385 0.929264 0.555846
v 0.479302 0.928455 0.552698
v 0.701624 1.005590 0.813575
v 0.460756 0.933462 0.566403
v 0.462761 0.937663 0.564345
v 0.465549 0.940454 0.561130
v 0.468695 0.941410 0.557245
v 0.471720 0.940384 0.553283
v 0.474165 0.937535 0.549847
v 0.475655 0.933294 0.547460
v 0.475966 0.928309 0.546485
v 0.475048 0.923337 0.547071
v 0.473043 0.919137 0.549128
v 0.470255 0.916346 0.552344
v 0.467109 0.915391 0.556228
v 0.464083 0.916416 0.560190
v 0.461639 0.919265 0.563626
v 0.460149 0.923505 0.566014
v 0.459838 0.928491 0.566989
v 0.743033 0.903159 0.773368
v 0.469612 0.950616 0.576643
v 0.472899 0.954201 0.578144
v 0.476974 0.957239 0.577907
v 0.481219 0.959270 0.575967
v 0.484986 0.959983 0.572620
v 0.487702 0.959270 0.568376
v 0.488954 0.957239 0.563880
v 0.488551 0.954201 0.559817
v 0.486554 0.950617 0.556806
v 0.483267 0.947032 0.555305
v 0.479191 0.943994 0.555542
v 0.474947 0.941964 0.557482
v 0.471180 0.941251 0.560829
v 0.468463 0.941964 0.565073
v 0.467212 0.943994 0.569569
v 0.467615 0.947033 0.573632
v 0.669786 0.706261 0.730443
v 0.470606 0.941907 0.562337
v 0.474777 0.944340 0.560730
v 0.479218 0.944974 0.558327
v 0.483253 0.943712 0.555493
v 0.486268 0.940747 0.552661
v 0.487802 0.936530 0.550260
v 0.487624 0.931702 0.548658
v 0.485760 0.927000 0.548097
v 0.482494 0.923139 0.548664
v 0.478322 0.920706 0.550271
v 0.473881 0.920072 0.552674
v 0.469846 0.921334 0.555508
v 0.466832 0.924299 0.558341
v 0.465297 0.928516 0.560741
v 0.465475 0.933343 0.562343
v 0.467340 0.938045 0.562904
v 0.647576 0.830257 0.844559
v 0.463528 0.914336 0.567867
v 0.462186 0.915623 0.572604
v 0.461420 0.918666 0.576612
v 0.461350 0.922999 0.579280
v 0.461984 0.927963 0.580203
v 0.463227 0.932804 0.579239
v 0.464889 0.936783 0.576536
v 0.466718 0.939295 0.572505
v 0.468434 0.939957 0.567760
v 0.469777 0.938669 0.563023
v 0.470542 0.935627 0.559015
v 0.470613 0.931294 0.556347
v 0.469978 0.926329 0.555425
v 0.468736 0.921489 0.556388
v 0.467073 0.917510 0.559091
v 0.465245 0.914998 0.563122
v 0.793591 0.864879 0.677622
v -0.323483 2.809248 0.540864
v -0.322358 2.806030 0.546807
v -0.323667 2.801904 0.552119
v -0.327212 2.797501 0.555991
v -0.332452 2.793488 0.557833
v -0.338589 2.790478 0.557366
v -0.344690 2.788929 0.554659
v -0.349826 2.789077 0.550126
v -0.353215 2.790899 0.544456
v -0.354340 2.794117 0.538512
v -0.353031 2.798242 0.533200
v -0.349486 2.802646 0.529328
v -0.344246 2.806659 0.527486
v -0.338109 2.809668 0.527953
v -0.332007 2.811217 0.530660
v -0.326872 2.811070 0.535193
v -0.533607 3.162051 0.775638
v -0.349281 2.812435 0.512714
v -0.344425 2.817169 0.511736
v -0.338342 2.820240 0.512455
v -0.331959 2.821180 0.514760
v -0.326246 2.819847 0.518301
v -0.322074 2.816442 0.522539
v -0.320079 2.811486 0.526828
v -0.320563 2.805731 0.530516
v -0.323453 2.800054 0.533041
v -0.328309 2.795320 0.534018
v -0.334392 2.792249 0.533300
v -0.340776 2.791309 0.530994
v -0.346488 2.792643 0.527453
v -0.350660 2.796047 0.523215
v -0.352656 2.801004 0.518926
v -0.352172 2.806758 0.515239
v -0.504841 3.054486 0.888151
v -0.352216 2.841709 0.512418
v -0.351475 2.848359 0.513892
v -0.348474 2.853997 0.516374
v -0.343670 2.857764 0.519485
v -0.337794 2.859087 0.522752
v -0.331741 2.857764 0.525677
v -0.326432 2.853997 0.527816
v -0.322676 2.848359 0.528843
v -0.321044 2.841709 0.528600
v -0.321785 2.835058 0.527126
v -0.324785 2.829421 0.524645
v -0.329590 2.825653 0.521534
v -0.335465 2.824331 0.518267
v -0.341519 2.825654 0.515341
v -0.346827 2.829421 0.513202
v -0.350584 2.835058 0.512176
v -0.552152 2.773697 0.935668
v -0.337316 2.825475 0.517391
v -0.332805 2.829808 0.520190
v -0.327858 2.831932 0.524429
v -0.323228 2.831522 0.529463
v -0.319620 2.828643 0.534526
v -0.317582 2.823731 0.538847
v -0.317426 2.817535 0.541769
v -0.319175 2.810998 0.542846
v -0.322563 2.805115 0.541915
v -0.327073 2.800782 0.539116
v -0.332020 2.798659 0.534877
v -0.336650 2.799068 0.529843
v -0.340259 2.801948 0.524780
v -0.342296 2.806859 0.520458
v -0.342452 2.813056 0.517537
v -0.340703 2.819592 0.516460
v -0.656826 2.954139 0.841582
v -0.356945 2.793969 0.529485
v -0.362858 2.796995 0.527799
v -0.367004 2.801908 0.525430
v -0.368754 2.807961 0.522738
v -0.367841 2.814233 0.520133
v -0.364404 2.819768 0.518012
v -0.358966 2.823724 0.516697
v -0.352355 2.825498 0.516389
v -0.345577 2.824821 0.517134
v -0.339665 2.821795 0.518820
v -0.335518 2.816882 0.521189
v -0.333768 2.810828 0.523881
v -0.334681 2.804557 0.526486
v -0.338119 2.799022 0.528607
v -0.343557 2.795066 0.529922
v -0.350168 2.793292 0.530230
v -0.380574 2.993996 0.957470
v -0.424730 2.439077 0.663658
v -0.426567 2.434440 0.666901
v -0.430430 2.430763 0.669537
v -0.435729 2.428605 0.671166
v -0.441658 2.428295 0.671540
v -0.447314 2.429881 0.670602
v -0.451837 2.433120 0.668494
v -0.454538 2.437519 0.665537
v -0.455005 2.442410 0.662183
v -0.453167 2.447047 0.658940
v -0.449305 2.450724 0.656304
v -0.444006 2.452882 0.654674
v -0.438077 2.453192 0.654300
v -0.432420 2.451606 0.655239
v -0.427898 2.448367 0.657347
v -0.425197 2.443968 0.660303
v -0.430721 2.673431 1.000844
v -0.436168 2.464565 0.645598
v -0.430283 2.465192 0.646206
v -0.424676 2.463581 0.647367
v -0.420198 2.459978 0.648904
v -0.417533 2.454931 0.650582
v -0.417085 2.449209 0.652147
v -0.418923 2.443683 0.653359
v -0.422768 2.439194 0.654035
v -0.428033 2.436425 0.654072
v -0.433917 2.435798 0.653463
v -0.439525 2.437409 0.652302
v -0.444003 2.441012 0.650765
v -0.446668 2.446059 0.649087
v -0.447116 2.451781 0.647523
v -0.445277 2.457307 0.646310
v -0.441433 2.461796 0.645634
v -0.483851 2.554094 1.043546
v -0.423399 2.483568 0.656928
v -0.419788 2.486595 0.660559
v -0.415301 2.487480 0.664363
v -0.410620 2.486088 0.667761
v -0.406460 2.482630 0.670236
v -0.403452 2.477634 0.671411
v -0.402055 2.471859 0.671107
v -0.402482 2.466186 0.669370
v -0.404668 2.461477 0.666466
v -0.408279 2.458449 0.662835
v -0.412767 2.457564 0.659031
v -0.417447 2.458956 0.655633
v -0.421608 2.462414 0.653158
v -0.424615 2.467410 0.651983
v -0.426012 2.473185 0.652287
v -0.425585 2.478858 0.654024
v -0.665643 2.395099 0.976527
v -0.422158 2.464373 0.653099
v -0.417342 2.463583 0.656501
v -0.413579 2.460735 0.660123
v -0.411441 2.456263 0.663414
v -0.411254 2.450849 0.665871
v -0.413047 2.445316 0.667122
v -0.416545 2.440507 0.666976
v -0.421218 2.437153 0.665454
v -0.426353 2.435767 0.662790
v -0.431168 2.436557 0.659387
v -0.434931 2.439405 0.655765
v -0.437069 2.443877 0.652475
v -0.437256 2.449291 0.650017
v -0.435463 2.454824 0.648766
v -0.431965 2.459633 0.648913
v -0.427292 2.462986 0.650434
v -0.631083 2.590633 0.983342
v -0.453528 2.451570 0.652159
v -0.455788 2.457056 0.652585
v -0.455770 2.462987 0.653042
v -0.453477 2.468461 0.653462
v -0.449258 2.472642 0.653781
v -0.443756 2.474896 0.653950
v -0.437807 2.474879 0.653943
v -0.432317 2.472594 0.653761
v -0.428123 2.468387 0.653432
v -0.425863 2.462901 0.653007
v -0.425881 2.456970 0.652549
v -0.428173 2.451497 0.652129
v -0.432392 2.447315 0.651811
v -0.437895 2.445060 0.651642
v -0.443844 2.445078 0.651649
v -0.449333 2.447363 0.651831
v -0.440430 2.428414 1.061970
v -0.429422 2.096253 0.675628
v -0.430743 2.091473 0.678249
v -0.434045 2.087570 0.680557
v -0.438824 2.085138 0.682200
v -0.444354 2.084548 0.682929
v -0.449793 2.085888 0.682632
v -0.454312 2.088955 0.681354
v -0.457223 2.093282 0.679291
v -0.458084 2.098211 0.676755
v -0.456763 2.102991 0.674134
v -0.453461 2.106894 0.671826
v -0.448681 2.109326 0.670182
v -0.443151 2.109917 0.669454
v -0.437713 2.108577 0.669751
v -0.433194 2.105509 0.671029
v -0.430282 2.101182 0.673092
v -0.418013 2.277390 1.017667
v -0.442407 2.121611 0.662507
v -0.436856 2.122386 0.662734
v -0.431446 2.120995 0.663240
v -0.427000 2.117650 0.663946
v -0.424194 2.112859 0.664744
v -0.423457 2.107352 0.665515
v -0.424899 2.101968 0.666140
v -0.428303 2.097526 0.666523
v -0.433149 2.094702 0.666608
v -0.438699 2.093927 0.666380
v -0.444109 2.095318 0.665875
v -0.448556 2.098663 0.665169
v -0.451361 2.103454 0.664370
v -0.452099 2.108961 0.663600
v -0.450656 2.114345 0.662975
v -0.447253 2.118787 0.662591
v -0.460548 2.158685 1.047511
v -0.430231 2.138671 0.674372
v -0.426673 2.141254 0.677855
v -0.422205 2.141852 0.681193
v -0.417506 2.140374 0.683876
v -0.413292 2.137045 0.685496
v -0.410205 2.132373 0.685807
v -0.408714 2.127068 0.684761
v -0.409046 2.121938 0.682518
v -0.411152 2.117763 0.679419
v -0.414709 2.115181 0.675935
v -0.419178 2.114583 0.672598
v -0.423877 2.116060 0.669915
v -0.428090 2.119389 0.668295
v -0.431178 2.124062 0.667984
v -0.432669 2.129367 0.669029
v -0.432336 2.134497 0.671273
v -0.630751 2.009553 0.979416
v -0.428680 2.121204 0.668503
v -0.423875 2.120294 0.671250
v -0.419970 2.117390 0.674039
v -0.417560 2.112933 0.676445
v -0.417011 2.107603 0.678103
v -0.418407 2.102210 0.678759
v -0.421536 2.097576 0.678315
v -0.425921 2.094407 0.676837
v -0.430895 2.093184 0.674550
v -0.435700 2.094094 0.671803
v -0.439605 2.096998 0.669015
v -0.442015 2.101454 0.666608
v -0.442564 2.106785 0.664951
v -0.441168 2.112178 0.664294
v -0.438039 2.116812 0.664739
v -0.433654 2.119981 0.666217
v -0.604617 2.193159 1.005847
v -0.457767 2.107964 0.668352
v -0.460050 2.112948 0.669538
v -0.460206 2.118445 0.670646
v -0.458213 2.123616 0.671507
v -0.454372 2.127676 0.671990
v -0.449270 2.130006 0.672021
v -0.443683 2.130250 0.671596
v -0.438460 2.128373 0.670779
v -0.434399 2.124660 0.669694
v -0.432116 2.119676 0.668508
v -0.431959 2.114180 0.667400
v -0.433953 2.109008 0.666539
v -0.437793 2.104948 0.666056
v -0.442895 2.102619 0.666025
v -0.448483 2.102374 0.666450
v -0.453705 2.104251 0.667267
v -0.413993 2.040987 1.047205
v -0.429141 1.709212 0.700770
v -0.428679 1.704203 0.703735
v -0.430454 1.699252 0.706271
v -0.434195 1.695113 0.707993
v -0.439333 1.692416 0.708638
v -0.445087 1.691572 0.708108
v -0.450579 1.692708 0.706484
v -0.454974 1.695653 0.704013
v -0.457603 1.699957 0.701070
v -0.458065 1.704966 0.698106
v -0.456290 1.709917 0.695569
v -0.452549 1.714056 0.693848
v -0.447410 1.716753 0.693202
v -0.441657 1.717598 0.693732
v -0.436165 1.716462 0.695357
v -0.431770 1.713517 0.697828
v -0.504315 1.903217 1.046005
v -0.450917 1.728014 0.685328
v -0.445874 1.730939 0.685667
v -0.440138 1.731732 0.686415
v -0.434581 1.730274 0.687459
v -0.430050 1.726786 0.688641
v -0.427234 1.721799 0.689779
v -0.426562 1.716073 0.690701
v -0.428136 1.710479 0.691266
v -0.431717 1.705868 0.691389
v -0.436760 1.702943 0.691050
v -0.442496 1.702150 0.690302
v -0.448053 1.703608 0.689258
v -0.452584 1.707096 0.688076
v -0.455400 1.712083 0.686938
v -0.456072 1.717810 0.686016
v -0.454498 1.723404 0.685451
v -0.500591 1.773479 1.082747
v -0.446349 1.749733 0.696993
v -0.444081 1.753764 0.700558
v -0.440158 1.756231 0.704109
v -0.435174 1.756758 0.707106
v -0.429891 1.755265 0.709094
v -0.425111 1.751980 0.709768
v -0.421563 1.747402 0.709028
v -0.419786 1.742229 0.706984
v -0.420052 1.737248 0.703949
v -0.422319 1.733217 0.700385
v -0.426244 1.730750 0.696834
v -0.431227 1.730222 0.693837
v -0.436510 1.731715 0.691849
v -0.441290 1.735000 0.691175
v -0.444838 1.739578 0.691915
v -0.446615 1.744751 0.693959
v -0.603674 1.560284 1.016108
v -0.437794 1.733244 0.691946
v -0.432932 1.734363 0.694979
v -0.428165 1.733210 0.698148
v -0.424219 1.729960 0.700970
v -0.421695 1.725108 0.703014
v -0.420976 1.719393 0.703971
v -0.422173 1.713684 0.703694
v -0.425103 1.708852 0.702225
v -0.429320 1.705631 0.699789
v -0.434182 1.704512 0.696755
v -0.438949 1.705665 0.693586
v -0.442895 1.708915 0.690765
v -0.445419 1.713767 0.688720
v -0.446138 1.719482 0.687763
v -0.444941 1.725191 0.688040
v -0.442011 1.730023 0.689509
v -0.651038 1.748639 1.033656
v -0.460699 1.709116 0.691784
v -0.464893 1.713082 0.692668
v -0.467231 1.718367 0.693498
v -0.467358 1.724169 0.694147
v -0.465254 1.729603 0.694515
v -0.461238 1.733842 0.694548
v -0.455924 1.736242 0.694239
v -0.450120 1.736435 0.693637
v -0.444708 1.734394 0.692832
v -0.440514 1.730429 0.691948
v -0.438176 1.725144 0.691118
v -0.438050 1.719342 0.690470
v -0.440154 1.713908 0.690101
v -0.444169 1.709669 0.690068
v -0.449483 1.707269 0.690377
v -0.455288 1.707075 0.690979
v -0.409927 1.678184 1.090459
v -0.416713 1.293975 0.661600
v -0.414613 1.290371 0.664516
v -0.414302 1.285983 0.667075
v -0.415828 1.281479 0.668888
v -0.418958 1.277545 0.669679
v -0.423216 1.274779 0.669327
v -0.427953 1.273603 0.667885
v -0.432448 1.274196 0.665574
v -0.436018 1.276467 0.662746
v -0.438118 1.280071 0.659830
v -0.438429 1.284459 0.657271
v -0.436903 1.288964 0.655457
v -0.433773 1.292898 0.654667
v -0.429515 1.295664 0.655019
v -0.424778 1.296840 0.656460
v -0.420282 1.296247 0.658771
v -0.552881 1.443486 0.948895
v -0.440429 1.300036 0.647083
v -0.437477 1.304181 0.647132
v -0.433219 1.306915 0.647678
v -0.428303 1.307821 0.648637
v -0.423479 1.306761 0.649863
v -0.419480 1.303897 0.651169
v -0.416915 1.299665 0.652358
v -0.416175 1.294709 0.653247
v -0.417372 1.289784 0.653701
v -0.420324 1.285638 0.653652
v -0.424583 1.282905 0.653107
v -0.429498 1.281999 0.652148
v -0.434322 1.283058 0.650922
v -0.438321 1.285922 0.649615
v -0.440886 1.290154 0.648427
v -0.441626 1.295110 0.647538
v -0.504230 1.344532 0.989695
v -0.444811 1.319641 0.655687
v -0.444524 1.323881 0.658487
v -0.442362 1.327475 0.661369
v -0.438652 1.329877 0.663893
v -0.433961 1.330720 0.665676
v -0.429001 1.329877 0.666446
v -0.424529 1.327475 0.666086
v -0.421224 1.323881 0.664650
v -0.419591 1.319641 0.662358
v -0.419877 1.315400 0.659558
v -0.422040 1.311806 0.656676
v -0.425749 1.309404 0.654151
v -0.430441 1.308561 0.652368
v -0.435400 1.309404 0.651598
v -0.439873 1.311806 0.651959
v -0.443177 1.315400 0.653394
v -0.508465 1.134379 0.947337
v -0.432010 1.309317 0.652358
v -0.428609 1.312147 0.654875
v -0.424473 1.313152 0.657666
v -0.420232 1.312180 0.660306
v -0.416532 1.309378 0.662393
v -0.413935 1.305174 0.663611
v -0.412837 1.300207 0.663772
v -0.413405 1.295234 0.662854
v -0.415553 1.291011 0.660995
v -0.418954 1.288182 0.658478
v -0.423089 1.287177 0.655688
v -0.427330 1.288149 0.653048
v -0.431031 1.290950 0.650960
v -0.433628 1.295154 0.649743
v -0.434726 1.300121 0.649581
v -0.434158 1.305095 0.650499
v -0.613868 1.267696 0.950064
v -0.441568 1.281995 0.654075
v -0.446337 1.283689 0.654608
v -0.450103 1.287091 0.654986
v -0.452294 1.291682 0.655153
v -0.452574 1.296763 0.655081
v -0.450902 1.301561 0.654783
v -0.447533 1.305345 0.654304
v -0.442978 1.307539 0.653717
v -0.437933 1.307809 0.653110
v -0.433163 1.306114 0.652577
v -0.429397 1.302712 0.652199
v -0.427207 1.298121 0.652033
v -0.426926 1.293040 0.652104
v -0.428598 1.288243 0.652402
v -0.431968 1.284459 0.652881
v -0.436522 1.282265 0.653469
v -0.398248 1.302086 1.002146
v -0.374175 0.925848 0.629433
v -0.372171 0.921842 0.631848
v -0.371827 0.917046 0.633515
v -0.373197 0.912189 0.634179
v -0.376072 0.908013 0.633739
v -0.380013 0.905151 0.632263
v -0.384421 0.904040 0.629975
v -0.388625 0.904850 0.627223
v -0.391985 0.907456 0.624426
v -0.393989 0.911462 0.622011
v -0.394332 0.916259 0.620344
v -0.392962 0.921115 0.619680
v -0.390088 0.925292 0.620120
v -0.386146 0.928154 0.621596
v -0.381738 0.929264 0.623884
v -0.377534 0.928455 0.626636
v -0.556942 1.005590 0.918692
v -0.396299 0.933463 0.613232
v -0.393723 0.937663 0.614504
v -0.389803 0.940454 0.616162
v -0.385137 0.941410 0.617954
v -0.380434 0.940384 0.619607
v -0.376410 0.937535 0.620869
v -0.373679 0.933295 0.621549
v -0.372656 0.928309 0.621543
v -0.373497 0.923337 0.620852
v -0.376073 0.919137 0.619580
v -0.379993 0.916346 0.617923
v -0.384660 0.915390 0.616131
v -0.389363 0.916416 0.614478
v -0.393386 0.919265 0.613215
v -0.396117 0.923506 0.612535
v -0.397140 0.928491 0.612541
v -0.505906 0.903159 0.945650
v -0.403302 0.950617 0.624820
v -0.403714 0.954201 0.628410
v -0.402229 0.957239 0.632213
v -0.399072 0.959270 0.635650
v -0.394725 0.959983 0.638199
v -0.389849 0.959270 0.639470
v -0.385186 0.957239 0.639271
v -0.381447 0.954201 0.637632
v -0.379200 0.950616 0.634803
v -0.378788 0.947032 0.631213
v -0.380274 0.943994 0.627410
v -0.383430 0.941964 0.623972
v -0.387777 0.941251 0.621424
v -0.392653 0.941964 0.620152
v -0.397316 0.943994 0.620351
v -0.401055 0.947033 0.621991
v -0.487717 0.706261 0.862724
v -0.389389 0.941907 0.621345
v -0.386572 0.944340 0.624815
v -0.382913 0.944974 0.628296
v -0.378972 0.943712 0.631258
v -0.375346 0.940747 0.633249
v -0.372589 0.936530 0.633967
v -0.371120 0.931702 0.633303
v -0.371163 0.927000 0.631357
v -0.372711 0.923139 0.628425
v -0.375529 0.920706 0.624955
v -0.379187 0.920072 0.621474
v -0.383129 0.921334 0.618512
v -0.386754 0.924299 0.616521
v -0.389511 0.928516 0.615802
v -0.390980 0.933343 0.616467
v -0.390937 0.938046 0.618413
v -0.603111 0.830257 0.876865
v -0.396836 0.914336 0.616322
v -0.401756 0.915624 0.616509
v -0.405804 0.918666 0.617020
v -0.408363 0.922999 0.617777
v -0.409045 0.927964 0.618666
v -0.407744 0.932804 0.619550
v -0.404659 0.936783 0.620295
v -0.400261 0.939295 0.620789
v -0.395217 0.939957 0.620955
v -0.390297 0.938669 0.620768
v -0.386249 0.935627 0.620257
v -0.383690 0.931294 0.619500
v -0.383009 0.926329 0.618612
v -0.384309 0.921489 0.617728
v -0.387394 0.917510 0.616982
v -0.391792 0.914998 0.616489
v -0.399223 0.864879 0.964147
v 0.414430 2.809248 0.474787
v 0.420430 2.806030 0.475553
v 0.425078 2.801905 0.478440
v 0.427665 2.797501 0.483008
v 0.427798 2.793488 0.488560
v 0.425456 2.790478 0.494253
v 0.420997 2.788929 0.499219
v 0.415098 2.789077 0.502703
v 0.408659 2.790899 0.504173
v 0.402658 2.794117 0.503407
v 0.398011 2.798242 0.500520
v 0.395424 2.802646 0.495953
v 0.395291 2.806659 0.490400
v 0.397632 2.809668 0.484707
v 0.402092 2.811217 0.479741
v 0.407990 2.811070 0.476257
v 0.572782 3.162052 0.747175
v 0.379686 2.812435 0.490624
v 0.380257 2.817169 0.485703
v 0.382820 2.820240 0.480140
v 0.386985 2.821180 0.474781
v 0.392118 2.819847 0.470443
v 0.397438 2.816442 0.467784
v 0.402133 2.811486 0.467212
v 0.405491 2.805731 0.468812
v 0.406999 2.800054 0.472341
v 0.406428 2.795320 0.477261
v 0.403865 2.792249 0.482824
v 0.399700 2.791309 0.488183
v 0.394567 2.792643 0.492522
v 0.389248 2.796047 0.495180
v 0.384552 2.801003 0.495753
v 0.381194 2.806758 0.494153
v 0.688677 3.054486 0.754586
v 0.378498 2.841709 0.493323
v 0.380129 2.848359 0.493074
v 0.383416 2.853997 0.490987
v 0.387859 2.857764 0.487379
v 0.392782 2.859087 0.482800
v 0.397435 2.857764 0.477948
v 0.401110 2.853997 0.473559
v 0.403247 2.848359 0.470304
v 0.403521 2.841709 0.468677
v 0.401890 2.835058 0.468926
v 0.398603 2.829421 0.471014
v 0.394159 2.825653 0.474621
v 0.389236 2.824331 0.479200
v 0.384583 2.825654 0.484053
v 0.380909 2.829421 0.488441
v 0.378772 2.835058 0.491696
v 0.719249 2.773697 0.814265
v 0.387832 2.825475 0.480689
v 0.391887 2.829808 0.477264
v 0.397447 2.831932 0.473869
v 0.403666 2.831522 0.471021
v 0.409597 2.828643 0.469154
v 0.414336 2.823731 0.468552
v 0.417163 2.817535 0.469306
v 0.417647 2.810998 0.471302
v 0.415714 2.805115 0.474236
v 0.411659 2.800782 0.477661
v 0.406099 2.798659 0.481056
v 0.399880 2.799068 0.483904
v 0.393949 2.801948 0.485771
v 0.389210 2.806859 0.486373
v 0.386383 2.813056 0.485619
v 0.385899 2.819592 0.483623
v 0.597422 2.954139 0.884742
v 0.393267 2.793969 0.503095
v 0.389837 2.796995 0.508197
v 0.386303 2.801908 0.511409
v 0.383202 2.807961 0.512241
v 0.381007 2.814233 0.510568
v 0.380051 2.819768 0.506643
v 0.380481 2.823724 0.501065
v 0.382231 2.825498 0.494682
v 0.385035 2.824821 0.488467
v 0.388465 2.821795 0.483365
v 0.391999 2.816882 0.480153
v 0.395100 2.810828 0.479321
v 0.397296 2.804557 0.480994
v 0.398251 2.799022 0.484919
v 0.397821 2.795066 0.490497
v 0.396071 2.793292 0.496880
v 0.793005 2.993996 0.657822
v 0.263548 3.054286 0.347011
v 0.268498 3.053661 0.351707
v 0.271300 3.053394 0.357955
v 0.271527 3.053524 0.364802
v 0.269145 3.054033 0.371206
v 0.264515 3.054842 0.376193
v 0.258344 3.055828 0.379002
v 0.251571 3.056841 0.379208
v 0.245226 3.057728 0.376777
v 0.240276 3.058352 0.372081
v 0.237474 3.058619 0.365833
v 0.237247 3.058488 0.358986
v 0.239630 3.057980 0.352582
v 0.244259 3.057171 0.347595
v 0.250430 3.056185 0.344786
v 0.257203 3.055171 0.344580
v 0.323971 3.523409 0.350674
v 0.225687 3.059053 0.343561
v 0.228510 3.059634 0.337345
v 0.233294 3.059000 0.332481
v 0.239311 3.057248 0.329709
v 0.245644 3.054645 0.329452
v 0.251329 3.051587 0.331748
v 0.255501 3.048539 0.336249
v 0.257525 3.045966 0.342268
v 0.257093 3.044260 0.348890
v 0.254269 3.043679 0.355106
v 0.249485 3.044312 0.359971
v 0.243469 3.046064 0.362742
v 0.237136 3.048667 0.363000
v 0.231450 3.051725 0.360703
v 0.227278 3.054773 0.356203
v 0.225254 3.057346 0.350183
v 0.419355 3.472749 0.466399
v 0.225575 3.082389 0.325643
v 0.227631 3.087563 0.321648
v 0.231866 3.091186 0.317662
v 0.237634 3.092708 0.314292
v 0.244058 3.091896 0.312049
v 0.250158 3.088874 0.311276
v 0.255008 3.084103 0.312091
v 0.257868 3.078308 0.314369
v 0.258303 3.072371 0.317764
v 0.256246 3.067198 0.321758
v 0.252012 3.063575 0.325744
v 0.246244 3.062053 0.329115
v 0.239820 3.062865 0.331357
v 0.233719 3.065886 0.332130
v 0.228869 3.070658 0.331315
v 0.226009 3.076453 0.329037
v 0.403705 3.306728 0.702050
v 0.238021 3.064350 0.331115
v 0.243401 3.066325 0.327360
v 0.249989 3.066993 0.325599
v 0.256783 3.066252 0.326101
v 0.262747 3.064214 0.328790
v 0.266974 3.061191 0.333255
v 0.268820 3.057642 0.338819
v 0.268005 3.054108 0.344632
v 0.264652 3.051127 0.349810
v 0.259272 3.049152 0.353566
v 0.252684 3.048484 0.355327
v 0.245890 3.049225 0.354824
v 0.239926 3.051262 0.352136
v 0.235699 3.054285 0.347670
v 0.233853 3.057834 0.342107
v 0.234668 3.061368 0.336294
v 0.276840 3.459457 0.588262
v 0.231810 3.056006 0.368745
v 0.226846 3.060724 0.368980
v 0.222676 3.065646 0.366671
v 0.219934 3.070023 0.362169
v 0.219038 3.073189 0.356159
v 0.220124 3.074662 0.349556
v 0.223027 3.074218 0.343365
v 0.227305 3.071923 0.338529
v 0.232306 3.068129 0.335785
v 0.237270 3.063411 0.335549
v 0.241441 3.058489 0.337858
v 0.244183 3.054112 0.342360
v 0.245079 3.050946 0.348370
v 0.243993 3.049473 0.354973
v 0.241089 3.049917 0.361164
v 0.236811 3.052212 0.366000
v 0.549166 3.389482 0.477464
v -0.243665 3.055508 0.346241
v -0.241420 3.054496 0.352635
v -0.241817 3.053613 0.359418
v -0.244795 3.052994 0.365558
v -0.249902 3.052734 0.370120
v -0.256359 3.052871 0.372408
v -0.263183 3.053385 0.372076
v -0.269336 3.054199 0.369173
v -0.273881 3.055187 0.364141
v -0.276126 3.056199 0.357747
v -0.275730 3.057082 0.350964
v -0.272751 3.057700 0.344824
v -0.267645 3.057961 0.340263
v -0.261188 3.057824 0.337974
v -0.254363 3.057309 0.338306
v -0.248210 3.056496 0.341209
v -0.226600 3.522749 0.417902
v -0.275865 3.059669 0.325895
v -0.270537 3.061002 0.321799
v -0.264013 3.061029 0.319705
v -0.257286 3.059746 0.319933
v -0.251380 3.057348 0.322448
v -0.247195 3.054200 0.326867
v -0.245368 3.050781 0.332517
v -0.246176 3.047613 0.338538
v -0.249498 3.045176 0.344014
v -0.254826 3.043843 0.348110
v -0.261350 3.043816 0.350204
v -0.268077 3.045099 0.349976
v -0.273982 3.047497 0.347461
v -0.278167 3.050645 0.343042
v -0.279995 3.054063 0.337392
v -0.279186 3.057232 0.331371
v -0.192169 3.462077 0.559995
v -0.269392 3.084826 0.312080
v -0.266108 3.090458 0.309972
v -0.260790 3.094605 0.308758
v -0.254247 3.096634 0.308623
v -0.247475 3.096236 0.309588
v -0.241505 3.093473 0.311505
v -0.237246 3.088765 0.314082
v -0.235346 3.082829 0.316928
v -0.236095 3.076568 0.319609
v -0.239379 3.070935 0.321717
v -0.244697 3.066789 0.322931
v -0.251241 3.064760 0.323066
v -0.258013 3.065157 0.322102
v -0.263983 3.067920 0.320184
v -0.268242 3.072628 0.317607
v -0.270141 3.078565 0.314761
v -0.302817 3.270767 0.745726
v -0.259599 3.066614 0.321174
v -0.253254 3.069126 0.320558
v -0.246669 3.070150 0.322150
v -0.240846 3.069530 0.325707
v -0.236672 3.067361 0.330689
v -0.234782 3.063972 0.336337
v -0.235464 3.059880 0.341790
v -0.238614 3.055707 0.346219
v -0.243753 3.052089 0.348949
v -0.250098 3.049577 0.349566
v -0.256683 3.048553 0.347974
v -0.262506 3.049174 0.344416
v -0.266681 3.051343 0.339434
v -0.268571 3.054732 0.333787
v -0.267888 3.058824 0.328333
v -0.264738 3.062996 0.323904
v -0.373485 3.431845 0.599342
v -0.281888 3.054022 0.350650
v -0.286730 3.058558 0.348938
v -0.289708 3.063597 0.345377
v -0.290369 3.068373 0.340508
v -0.288613 3.072158 0.335073
v -0.284706 3.074377 0.329900
v -0.279243 3.074690 0.325776
v -0.273056 3.073052 0.323328
v -0.267088 3.069710 0.322930
v -0.262246 3.065174 0.324642
v -0.259267 3.060135 0.328203
v -0.258606 3.055359 0.333072
v -0.260363 3.051574 0.338506
v -0.264270 3.049356 0.343680
v -0.269733 3.049042 0.347804
v -0.275919 3.050680 0.350252
v -0.076477 3.381406 0.623353
v -0.422596 3.054178 -0.130210
v -0.428443 3.053937 -0.133775
v -0.432506 3.054095 -0.139290
v -0.434166 3.054627 -0.145916
v -0.433171 3.055453 -0.152645
v -0.429671 3.056446 -0.158452
v -0.424201 3.057455 -0.162453
v -0.417592 3.058327 -0.164039
v -0.410851 3.058930 -0.162968
v -0.405005 3.059170 -0.159403
v -0.400942 3.059012 -0.153888
v -0.399282 3.058481 -0.147261
v -0.400277 3.057655 -0.140532
v -0.403776 3.056662 -0.134726
v -0.409247 3.055653 -0.130725
v -0.415855 3.054780 -0.129139
v -0.466423 3.523956 -0.096611
v -0.384718 3.057893 -0.134634
v -0.386147 3.058175 -0.127939
v -0.389817 3.057368 -0.122209
v -0.395171 3.055593 -0.118318
v -0.401392 3.053121 -0.116858
v -0.407535 3.050328 -0.118050
v -0.412663 3.047641 -0.121715
v -0.415996 3.045466 -0.127292
v -0.417027 3.044136 -0.133934
v -0.415598 3.043854 -0.140630
v -0.411928 3.044662 -0.146359
v -0.406574 3.046436 -0.150250
v -0.400353 3.048908 -0.151711
v -0.394210 3.051701 -0.150518
v -0.389082 3.054389 -0.146854
v -0.385749 3.056563 -0.141276
v -0.585720 3.482224 -0.191920
v -0.380038 3.080143 -0.115961
v -0.381030 3.085121 -0.111358
v -0.384203 3.088601 -0.106382
v -0.389076 3.090053 -0.101789
v -0.394907 3.089256 -0.098279
v -0.400807 3.086332 -0.096387
v -0.405879 3.081725 -0.096400
v -0.409351 3.076137 -0.098316
v -0.410693 3.070418 -0.101844
v -0.409702 3.065440 -0.106447
v -0.406528 3.061960 -0.111424
v -0.401655 3.060508 -0.116017
v -0.395824 3.061305 -0.119526
v -0.389924 3.064230 -0.121419
v -0.384852 3.068837 -0.121406
v -0.381381 3.074425 -0.119489
v -0.625739 3.329827 -0.433813
v -0.393965 3.062733 -0.119595
v -0.398363 3.064607 -0.114686
v -0.404405 3.065318 -0.111534
v -0.411173 3.064759 -0.110621
v -0.417636 3.063015 -0.112084
v -0.422809 3.060350 -0.115702
v -0.425906 3.057172 -0.120922
v -0.426455 3.053963 -0.126952
v -0.424372 3.051213 -0.132872
v -0.419975 3.049339 -0.137781
v -0.413932 3.048627 -0.140932
v -0.407164 3.049187 -0.141846
v -0.400702 3.050931 -0.140383
v -0.395528 3.053596 -0.136765
v -0.392431 3.056774 -0.131544
v -0.391882 3.059983 -0.125515
v -0.472620 3.472840 -0.341781
v -0.396110 3.056448 -0.158067
v -0.391150 3.061059 -0.159106
v -0.386422 3.065744 -0.157482
v -0.382645 3.069791 -0.153444
v -0.380395 3.072583 -0.147605
v -0.380015 3.073695 -0.140854
v -0.381562 3.072958 -0.134220
v -0.384800 3.070483 -0.128712
v -0.389238 3.066648 -0.125169
v -0.394198 3.062037 -0.124130
v -0.398926 3.057351 -0.125753
v -0.402703 3.053304 -0.129792
v -0.404953 3.050512 -0.135631
v -0.405333 3.049400 -0.142381
v -0.403786 3.050138 -0.149015
v -0.400548 3.052613 -0.154523
v -0.717706 3.402653 -0.179482
v 0.021317 3.057973 -0.441879
v 0.026579 3.058972 -0.437605
v 0.029798 3.059813 -0.431615
v 0.030483 3.060368 -0.424820
v 0.028530 3.060552 -0.418254
v 0.024237 3.060338 -0.412918
v 0.018257 3.059758 -0.409624
v 0.011501 3.058900 -0.408873
v 0.004996 3.057895 -0.410779
v -0.000266 3.056896 -0.415053
v -0.003484 3.056055 -0.421043
v -0.004169 3.055500 -0.427838
v -0.002217 3.055316 -0.434403
v 0.002077 3.055530 -0.439739
v 0.008056 3.056110 -0.443034
v 0.014813 3.056968 -0.443785
v -0.049733 3.525336 -0.458152
v -0.016540 3.052070 -0.442229
v -0.014451 3.053062 -0.448679
v -0.010048 3.053493 -0.453912
v -0.004003 3.053298 -0.457131
v 0.002766 3.052506 -0.457846
v 0.009226 3.051238 -0.455949
v 0.014396 3.049686 -0.451728
v 0.017487 3.048088 -0.445825
v 0.018030 3.046685 -0.439140
v 0.015941 3.045693 -0.432690
v 0.011538 3.045262 -0.427458
v 0.005493 3.045457 -0.424238
v -0.001275 3.046249 -0.423523
v -0.007736 3.047517 -0.425420
v -0.012906 3.049069 -0.429641
v -0.015997 3.050668 -0.435544
v 0.064158 3.508823 -0.349463
v -0.024393 3.073498 -0.460798
v -0.024141 3.078814 -0.465114
v -0.021374 3.083233 -0.469559
v -0.016512 3.086083 -0.473457
v -0.010296 3.086930 -0.476213
v -0.003673 3.085645 -0.477409
v 0.002350 3.082424 -0.476862
v 0.006855 3.077756 -0.474655
v 0.009157 3.072353 -0.471125
v 0.008904 3.067038 -0.466809
v 0.006137 3.062618 -0.462364
v 0.001275 3.059768 -0.458466
v -0.004940 3.058921 -0.455710
v -0.011564 3.060206 -0.454514
v -0.017587 3.063428 -0.455061
v -0.022092 3.068095 -0.457268
v 0.112221 3.357707 -0.108232
v -0.007092 3.059846 -0.455844
v -0.002755 3.063005 -0.460106
v 0.003246 3.065344 -0.462443
v 0.009999 3.066507 -0.462500
v 0.016474 3.066317 -0.460268
v 0.021687 3.064802 -0.456087
v 0.024843 3.062193 -0.450593
v 0.025463 3.058888 -0.444623
v 0.023451 3.055389 -0.439086
v 0.019115 3.052230 -0.434824
v 0.013113 3.049891 -0.432487
v 0.006361 3.048728 -0.432430
v -0.000115 3.048918 -0.434662
v -0.005327 3.050433 -0.438843
v -0.008484 3.053042 -0.444337
v -0.009103 3.056347 -0.450307
v -0.059819 3.463828 -0.215512
v -0.007980 3.052160 -0.417578
v -0.014020 3.055355 -0.417067
v -0.019543 3.058826 -0.419165
v -0.023708 3.062044 -0.423552
v -0.025881 3.064519 -0.429560
v -0.025731 3.065876 -0.436275
v -0.023281 3.065906 -0.442674
v -0.018904 3.064605 -0.447783
v -0.013267 3.062173 -0.450825
v -0.007227 3.058978 -0.451335
v -0.001704 3.055507 -0.449237
v 0.002461 3.052289 -0.444850
v 0.004634 3.049814 -0.438842
v 0.004485 3.048458 -0.432127
v 0.002035 3.048427 -0.425728
v -0.002342 3.049727 -0.420619
v 0.212332 3.464726 -0.346917
v 0.410093 3.054358 -0.143142
v 0.415791 3.053668 -0.146886
v 0.422510 3.053319 -0.148182
v 0.429228 3.053364 -0.146835
v 0.434922 3.053797 -0.143048
v 0.438725 3.054550 -0.137398
v 0.440058 3.055511 -0.130746
v 0.438719 3.056531 -0.124104
v 0.434911 3.057457 -0.118484
v 0.429213 3.058147 -0.114740
v 0.422494 3.058496 -0.113444
v 0.415776 3.058451 -0.114791
v 0.410082 3.058018 -0.118578
v 0.406279 3.057265 -0.124228
v 0.404946 3.056304 -0.130880
v 0.406285 3.055284 -0.137522
v 0.433334 3.523310 -0.200458
v 0.398122 3.059224 -0.107071
v 0.392725 3.059878 -0.111243
v 0.389079 3.059298 -0.117015
v 0.387737 3.057572 -0.123509
v 0.388905 3.054963 -0.129736
v 0.392405 3.051867 -0.134748
v 0.397703 3.048758 -0.137783
v 0.403994 3.046107 -0.138378
v 0.410319 3.044319 -0.136442
v 0.415715 3.043665 -0.132271
v 0.419362 3.044245 -0.126499
v 0.420703 3.045971 -0.120005
v 0.419535 3.048580 -0.113778
v 0.416035 3.051675 -0.108765
v 0.410737 3.054785 -0.105730
v 0.404447 3.057436 -0.105136
v 0.567194 3.471075 -0.266867
v 0.380945 3.082781 -0.111034
v 0.377593 3.088001 -0.113944
v 0.374728 3.091667 -0.118974
v 0.372788 3.093222 -0.125359
v 0.372067 3.092429 -0.132126
v 0.372674 3.089408 -0.138246
v 0.374519 3.084620 -0.142787
v 0.377319 3.078793 -0.145057
v 0.380649 3.072814 -0.144711
v 0.384002 3.067594 -0.141802
v 0.386866 3.063928 -0.136772
v 0.388807 3.062373 -0.130387
v 0.389528 3.063166 -0.123619
v 0.388920 3.066187 -0.117499
v 0.387075 3.070976 -0.112958
v 0.384275 3.076802 -0.110688
v 0.790909 3.302162 -0.197883
v 0.388899 3.064657 -0.121921
v 0.386500 3.066670 -0.128016
v 0.386304 3.067350 -0.134831
v 0.388340 3.066593 -0.141330
v 0.392298 3.064514 -0.146522
v 0.397575 3.061429 -0.149618
v 0.403369 3.057809 -0.150146
v 0.408796 3.054204 -0.148026
v 0.413032 3.051163 -0.143580
v 0.415430 3.049150 -0.137485
v 0.415626 3.048470 -0.130670
v 0.413590 3.049227 -0.124171
v 0.409632 3.051306 -0.118979
v 0.404355 3.054391 -0.115883
v 0.398561 3.058011 -0.115355
v 0.393134 3.061616 -0.117475
v 0.652993 3.456480 -0.100244
v 0.423998 3.055856 -0.107267
v 0.423149 3.060577 -0.102374
v 0.420007 3.065534 -0.098837
v 0.415051 3.069970 -0.097193
v 0.409036 3.073212 -0.097693
v 0.402876 3.074766 -0.100261
v 0.397510 3.074394 -0.104506
v 0.393754 3.072154 -0.109781
v 0.392181 3.068386 -0.115284
v 0.393030 3.063664 -0.120176
v 0.396172 3.058708 -0.123714
v 0.401128 3.054271 -0.125357
v 0.407144 3.051029 -0.124857
v 0.413304 3.049476 -0.122290
v 0.418670 3.049848 -0.118045
v 0.422425 3.052088 -0.112770
v 0.606664 3.387485 -0.390808
vn 0.1900 0.4668 0.8637
vn -0.1222 0.2538 0.9595
vn -0.4191 0.0064 0.9079
vn -0.6555 -0.2378 0.7168
vn -0.7954 -0.4415 0.4152
vn -0.8176 -0.5738 0.0490
vn -0.7185 -0.6144 -0.3259
vn -0.5134 -0.5573 -0.6525
vn -0.2335 -0.4111 -0.8812
vn 0.0787 -0.1980 -0.9770
vn 0.3756 0.0494 -0.9254
vn 0.6121 0.2936 -0.7343
vn 0.7520 0.4973 -0.4327
vn 0.7741 0.6295 -0.0666
vn 0.5964 -0.7658 0.2406
vn 0.6751 0.6702 0.3084
vn 0.4700 0.6131 0.6350
vn 0.3690 0.5156 -0.7733
vn 0.4742 0.7421 -0.4738
vn 0.5026 0.8584 -0.1027
vn 0.4497 0.8470 0.2835
vn 0.3237 0.7096 0.6259
vn 0.1437 0.4670 0.8725
vn -0.0628 0.1563 0.9857
vn -0.2645 -0.1754 0.9483
vn -0.4306 -0.4774 0.7660
vn -0.5358 -0.7038 0.4665
vn -0.5641 -0.8202 0.0954
vn -0.5112 -0.8088 -0.2907
vn -0.3852 -0.6713 -0.6332
vn -0.2053 -0.4288 -0.8798
vn 0.8451 -0.5252 0.1002
vn 0.0013 -0.1180 -0.9930
vn 0.2029 0.2136 -0.9556
vn 0.0975 0.1877 -0.9774
vn 0.0219 0.5442 -0.8387
vn -0.0625 0.8170 -0.5732
vn -0.1427 0.9647 -0.2213
vn -0.2066 0.9647 0.1633
vn -0.2445 0.8170 0.5222
vn -0.2506 0.5442 0.8007
vn -0.2239 0.1877 0.9564
vn -0.1686 -0.1982 0.9656
vn -0.0930 -0.5547 0.8269
vn -0.0086 -0.8275 0.5614
vn 0.0716 -0.9752 0.2095
vn 0.1355 -0.9752 -0.1751
vn 0.1734 -0.8275 -0.5340
vn 0.9762 0.1439 0.1622
vn 0.1795 -0.5547 -0.8125
vn 0.1528 -0.1982 -0.9682
vn 0.4769 0.7270 -0.4939
vn 0.3676 0.9144 -0.1699
vn 0.1976 0.9641 0.1775
vn -0.0072 0.8687 0.4953
vn -0.2155 0.6426 0.7352
vn -0.3956 0.3204 0.8607
vn -0.5203 -0.0490 0.8526
vn -0.5703 -0.4093 0.7122
vn -0.5382 -0.7057 0.4608
vn -0.4288 -0.8930 0.1368
vn -0.2588 -0.9427 -0.2106
vn -0.0541 -0.8473 -0.5284
vn 0.1542 -0.6213 -0.7683
vn 0.3344 -0.2990 -0.8937
vn 0.8413 -0.2937 0.4538
vn 0.4590 0.0704 -0.8856
vn 0.5090 0.4307 -0.7452
vn -0.4817 -0.7930 -0.3730
vn -0.4600 -0.5627 -0.6869
vn -0.3732 -0.2446 -0.8949
vn -0.2345 0.1130 -0.9655
vn -0.0652 0.4555 -0.8879
vn 0.1092 0.7308 -0.6738
vn 0.2620 0.8971 -0.3559
vn 0.3700 0.9289 0.0174
vn 0.4167 0.8215 0.3894
vn 0.3950 0.5911 0.7032
vn 0.3082 0.2730 0.9113
vn 0.1695 -0.0845 0.9819
vn 0.0001 -0.4270 0.9042
vn -0.1742 -0.7024 0.6902
vn 0.8927 -0.3905 -0.2249
vn -0.3270 -0.8686 0.3723
vn -0.4350 -0.9004 -0.0011
vn 0.1154 -0.2457 0.9625
vn -0.1302 -0.5235 0.8420
vn -0.3604 -0.7184 0.5949
vn -0.5400 -0.8009 0.2588
vn -0.6417 -0.7583 -0.1152
vn -0.6500 -0.5971 -0.4701
vn -0.5636 -0.3418 -0.7520
vn -0.3958 -0.0314 -0.9178
vn -0.1720 0.2870 -0.9424
vn 0.0737 0.5648 -0.8220
vn 0.3039 0.7597 -0.5749
vn 0.4835 0.8422 -0.2387
vn 0.5852 0.7996 0.1353
vn 0.5935 0.6384 0.4902
vn 0.7762 -0.5670 -0.2756
vn 0.5071 0.3831 0.7721
vn 0.3392 0.0727 0.9379
vn 0.1921 0.9704 -0.1463
vn 0.2545 0.9375 0.2372
vn 0.2729 0.7633 0.5855
vn 0.2445 0.4743 0.8457
vn 0.1736 0.1145 0.9781
vn 0.0710 -0.2614 0.9626
vn -0.0477 -0.5961 0.8015
vn -0.1644 -0.8386 0.5194
vn -0.2614 -0.9520 0.1592
vn -0.3238 -0.9192 -0.2243
vn -0.3422 -0.7449 -0.5727
vn -0.3138 -0.4559 -0.8329
vn -0.2429 -0.0961 -0.9653
vn -0.1403 0.2798 -0.9498
vn 0.9514 -0.2524 -0.1765
vn -0.0216 0.6144 -0.7887
vn 0.0951 0.8569 -0.5065
vn -0.0019 0.8325 -0.5541
vn -0.1545 0.9632 -0.2200
vn -0.2887 0.9462 0.1458
vn -0.3841 0.7842 0.4873
vn -0.4261 0.5017 0.7528
vn -0.4083 0.1418 0.9018
vn -0.3334 -0.2407 0.9115
vn -0.2129 -0.5877 0.7806
vn -0.0651 -0.8462 0.5289
vn 0.0876 -0.9769 0.1947
vn 0.2218 -0.9600 -0.1709
vn 0.3171 -0.7979 -0.5126
vn 0.3591 -0.5155 -0.7780
vn 0.3413 -0.1555 -0.9270
vn 0.9191 0.1887 0.3460
vn 0.2665 0.2270 -0.9367
vn 0.1459 0.5739 -0.8058
vn 0.2597 0.9419 0.2129
vn 0.1251 0.8203 0.5580
vn -0.0336 0.5758 0.8169
vn -0.1923 0.2454 0.9501
vn -0.3267 -0.1204 0.9374
vn -0.4165 -0.4659 0.7807
vn -0.4478 -0.7387 0.5038
vn -0.4161 -0.8971 0.1489
vn -0.3260 -0.9170 -0.2300
vn -0.1914 -0.7954 -0.5751
vn -0.0326 -0.5508 -0.8340
vn 0.1260 -0.2205 -0.9672
vn 0.2605 0.1453 -0.9545
vn 0.3502 0.4909 -0.7978
vn 0.9098 -0.3425 0.2343
vn 0.3816 0.7636 -0.5208
vn 0.3498 0.9220 -0.1660
vn -0.2932 -0.3814 -0.8767
vn -0.3445 0.0001 -0.9388
vn -0.3485 0.3812 -0.8563
vn -0.3047 0.7038 -0.6418
vn -0.2198 0.9188 -0.3278
vn -0.1067 0.9936 0.0378
vn 0.0174 0.9166 0.3994
vn 0.1336 0.6997 0.7018
vn 0.2242 0.3758 0.8992
vn 0.2754 -0.0057 0.9613
vn 0.2795 -0.3868 0.8788
vn 0.2357 -0.7094 0.6643
vn 0.1508 -0.9244 0.3503
vn 0.0377 -0.9992 -0.0153
vn 0.9479 0.0769 -0.3090
vn -0.0864 -0.9222 -0.3769
vn -0.2026 -0.7053 -0.6793
vn 0.2193 -0.2218 0.9501
vn 0.0025 -0.5295 0.8483
vn -0.2192 -0.7540 0.6192
vn -0.4120 -0.8612 0.2977
vn -0.5467 -0.8346 -0.0673
vn -0.6027 -0.6784 -0.4202
vn -0.5714 -0.4163 -0.7072
vn -0.4577 -0.0883 -0.8847
vn -0.2789 0.2557 -0.9256
vn -0.0621 0.5634 -0.8238
vn 0.1596 0.7879 -0.5947
vn 0.3524 0.8951 -0.2732
vn 0.4871 0.8685 0.0918
vn 0.5431 0.7123 0.4446
vn 0.8187 -0.4656 -0.3360
vn 0.5118 0.4503 0.7317
vn 0.3981 0.1222 0.9092
vn 0.0550 0.9859 -0.1583
vn 0.1503 0.9640 0.2192
vn 0.2175 0.7962 0.5646
vn 0.2462 0.5078 0.8255
vn 0.2321 0.1429 0.9621
vn 0.1773 -0.2431 0.9537
vn 0.0903 -0.5913 0.8014
vn -0.0159 -0.8488 0.5285
vn -0.1249 -0.9764 0.1765
vn -0.2202 -0.9545 -0.2010
vn -0.2873 -0.7867 -0.5464
vn -0.3160 -0.4983 -0.8074
vn -0.3019 -0.1334 -0.9440
vn -0.2472 0.2526 -0.9355
vn 0.9594 -0.1306 -0.2499
vn -0.1601 0.6008 -0.7832
vn -0.0540 0.8583 -0.5103
vn -0.1505 0.8213 -0.5503
vn -0.2925 0.9340 -0.2050
vn -0.3950 0.9029 0.1698
vn -0.4424 0.7325 0.5174
vn -0.4276 0.4490 0.7846
vn -0.3527 0.0954 0.9309
vn -0.2291 -0.2745 0.9339
vn -0.0757 -0.6042 0.7932
vn 0.0841 -0.8436 0.5303
vn 0.2261 -0.9564 0.1850
vn 0.3286 -0.9252 -0.1899
vn 0.3760 -0.7548 -0.5374
vn 0.3612 -0.4713 -0.8046
vn 0.2863 -0.1177 -0.9509
vn 0.9113 0.3067 0.2747
vn 0.1627 0.2521 -0.9539
vn 0.0094 0.5819 -0.8132
vn 0.1531 0.9689 0.1946
vn 0.0619 0.8337 0.5487
vn -0.0440 0.5728 0.8185
vn -0.1486 0.2260 0.9627
vn -0.2359 -0.1540 0.9595
vn -0.2926 -0.5094 0.8093
vn -0.3101 -0.7859 0.5350
vn -0.2857 -0.9416 0.1783
vn -0.2231 -0.9527 -0.2064
vn -0.1319 -0.8175 -0.5606
vn -0.0260 -0.5566 -0.8303
vn 0.0786 -0.2098 -0.9746
vn 0.1659 0.1702 -0.9713
vn 0.2226 0.5255 -0.8211
vn 0.9613 -0.2222 0.1627
vn 0.2400 0.8021 -0.5468
vn 0.2156 0.9578 -0.1902
vn -0.3086 -0.4221 -0.8524
vn -0.4126 -0.0507 -0.9095
vn -0.4589 0.3273 -0.8260
vn -0.4403 0.6545 -0.6147
vn -0.3596 0.8809 -0.3076
vn -0.2293 0.9722 0.0483
vn -0.0690 0.9143 0.3991
vn 0.0967 0.7162 0.6912
vn 0.2427 0.4080 0.8801
vn 0.3468 0.0366 0.9372
vn 0.3930 -0.3415 0.8538
vn 0.3744 -0.6687 0.6424
vn 0.2938 -0.8951 0.3354
vn 0.1635 -0.9863 -0.0206
vn 0.9039 0.1947 -0.3809
vn 0.0032 -0.9285 -0.3713
vn -0.1625 -0.7304 -0.6634
vn 0.1866 0.1625 0.9689
vn -0.0053 -0.1766 0.9843
vn -0.2012 -0.4860 0.8505
vn -0.3712 -0.7188 0.5879
vn -0.4895 -0.8393 0.2365
vn -0.5381 -0.8294 -0.1503
vn -0.5095 -0.6904 -0.5135
vn -0.4081 -0.4437 -0.7979
vn -0.2494 -0.1266 -0.9601
vn -0.0574 0.2125 -0.9755
vn 0.1384 0.5219 -0.8417
vn 0.3085 0.7547 -0.5791
vn 0.4268 0.8752 -0.2276
vn 0.4753 0.8653 0.1591
vn 0.8615 -0.4931 -0.1208
vn 0.4468 0.7263 0.5223
vn 0.3454 0.4796 0.8067
vn 0.0008 0.8586 -0.5126
vn 0.0789 0.9852 -0.1522
vn 0.1397 0.9626 0.2323
vn 0.1738 0.7942 0.5823
vn 0.1760 0.5056 0.8446
vn 0.1460 0.1409 0.9792
vn 0.0884 -0.2445 0.9656
vn 0.0118 -0.5918 0.8060
vn -0.0719 -0.8484 0.5245
vn -0.1501 -0.9750 0.1641
vn -0.2109 -0.9523 -0.2205
vn -0.2449 -0.7840 -0.5705
vn -0.2471 -0.4955 -0.8327
vn -0.2171 -0.1307 -0.9674
vn 0.9767 -0.1404 -0.1626
vn -0.1595 0.2547 -0.9538
vn -0.0830 0.6021 -0.7941
vn -0.1749 0.5457 -0.8195
vn -0.3401 0.7669 -0.5442
vn -0.4584 0.8688 -0.1869
vn -0.5118 0.8360 0.1979
vn -0.4921 0.6733 0.5518
vn -0.4024 0.4056 0.8207
vn -0.2562 0.0737 0.9638
vn -0.0759 -0.2720 0.9593
vn 0.1111 -0.5788 0.8079
vn 0.2763 -0.8000 0.5325
vn 0.3946 -0.9020 0.1753
vn 0.4480 -0.8691 -0.2096
vn 0.4284 -0.7065 -0.5634
vn 0.3386 -0.4388 -0.8324
vn 0.8760 0.4548 0.1604
vn 0.1924 -0.1068 -0.9755
vn 0.0121 0.2389 -0.9710
vn 0.0826 0.9808 -0.1768
vn -0.0169 0.9796 0.2002
vn -0.1192 0.8297 0.5453
vn -0.2087 0.5539 0.8060
vn -0.2718 0.1942 0.9426
vn -0.2988 -0.1948 0.9342
vn -0.2857 -0.5536 0.7823
vn -0.2344 -0.8278 0.5098
vn -0.1528 -0.9755 0.1583
vn -0.0533 -0.9743 -0.2187
vn 0.0490 -0.8244 -0.5638
vn 0.1385 -0.5486 -0.8245
vn 0.2015 -0.1889 -0.9611
vn 0.2286 0.2000 -0.9528
vn 0.9644 -0.0725 0.2544
vn 0.2155 0.5589 -0.8008
vn 0.1642 0.8330 -0.5283
vn -0.2401 -0.7295 -0.6405
vn -0.3643 -0.4146 -0.8339
vn -0.4381 -0.0371 -0.8982
vn -0.4502 0.3454 -0.8234
vn -0.3988 0.6747 -0.6211
vn -0.2917 0.9007 -0.3219
vn -0.1453 0.9890 0.0285
vn 0.0183 0.9261 0.3768
vn 0.1740 0.7216 0.6701
vn 0.2982 0.4067 0.8635
vn 0.3720 0.0292 0.9278
vn 0.3841 -0.3533 0.8530
vn 0.3327 -0.6826 0.6507
vn 0.2257 -0.9086 0.3515
vn 0.9072 0.1082 -0.4064
vn 0.0792 -0.9969 0.0011
vn -0.0843 -0.9340 -0.3472
vn 0.1603 0.5595 0.8132
vn -0.0140 0.2473 0.9688
vn -0.1911 -0.1000 0.9765
vn -0.3440 -0.4296 0.8349
vn -0.4495 -0.6913 0.5658
vn -0.4914 -0.8452 0.2100
vn -0.4635 -0.8680 -0.1782
vn -0.3699 -0.7561 -0.5398
vn -0.2249 -0.5266 -0.8198
vn -0.0507 -0.2145 -0.9754
vn 0.1264 0.1328 -0.9830
vn 0.2794 0.4624 -0.8415
vn 0.3848 0.7241 -0.5724
vn 0.4267 0.8781 -0.2166
vn 0.8880 -0.4508 0.0904
vn 0.3988 0.9008 0.1717
vn 0.3052 0.7890 0.5333
vn -0.0345 0.5674 -0.8227
vn 0.0304 0.8362 -0.5476
vn 0.0853 0.9783 -0.1887
vn 0.1216 0.9723 0.1994
vn 0.1341 0.8191 0.5578
vn 0.1206 0.5419 0.8317
vn 0.0834 0.1830 0.9796
vn 0.0279 -0.2029 0.9788
vn -0.0372 -0.5572 0.8295
vn -0.1022 -0.8259 0.5545
vn -0.1570 -0.9680 0.1956
vn -0.1934 -0.9620 -0.1926
vn -0.2058 -0.8088 -0.5509
vn -0.1924 -0.5316 -0.8248
vn 0.9854 -0.1413 -0.0946
vn -0.1551 -0.1727 -0.9727
vn -0.0997 0.2132 -0.9719
vn -0.1880 0.1464 -0.9712
vn -0.3695 0.4524 -0.8117
vn -0.4995 0.6866 -0.5283
vn -0.5581 0.8134 -0.1642
vn -0.5365 0.8134 0.2251
vn -0.4378 0.6866 0.5804
vn -0.2773 0.4524 0.8476
vn -0.0792 0.1464 0.9860
vn 0.1263 -0.1848 0.9746
vn 0.3078 -0.4908 0.8151
vn 0.4377 -0.7250 0.5317
vn 0.4963 -0.8518 0.1677
vn 0.4747 -0.8518 -0.2217
vn 0.3761 -0.7250 -0.5770
vn 0.8481 0.5277 -0.0472
vn 0.2155 -0.4909 -0.8442
vn 0.0174 -0.1848 -0.9826
vn 0.0347 0.8222 -0.5682
vn -0.0715 0.9719 -0.2242
vn -0.1721 0.9732 0.1525
vn -0.2519 0.8258 0.5046
vn -0.2986 0.5522 0.7784
vn -0.3053 0.1940 0.9323
vn -0.2707 -0.1943 0.9428
vn -0.2003 -0.5535 0.8084
vn -0.1048 -0.8289 0.5495
vn 0.0014 -0.9786 0.2055
vn 0.1020 -0.9799 -0.1712
vn 0.1818 -0.8325 -0.5233
vn 0.2286 -0.5589 -0.7971
vn 0.2352 -0.2007 -0.9510
vn 0.9621 0.0925 0.2567
vn 0.2007 0.1875 -0.9615
vn 0.1303 0.5467 -0.8271
vn -0.1901 -0.9413 -0.2788
vn -0.3270 -0.7422 -0.5849
vn -0.4191 -0.4301 -0.7996
vn -0.4525 -0.0523 -0.8903
vn -0.4220 0.3336 -0.8430
vn -0.3323 0.6687 -0.6651
vn -0.1970 0.9022 -0.3837
vn -0.0368 0.9985 -0.0415
vn 0.1240 0.9428 0.3094
vn 0.2609 0.7437 0.6154
vn 0.3530 0.4316 0.8301
vn 0.3864 0.0538 0.9208
vn 0.3558 -0.3320 0.8736
vn 0.2661 -0.6672 0.6957
vn 0.9077 -0.0205 -0.4192
vn 0.1309 -0.9007 0.4142
vn -0.0294 -0.9970 0.0720
vn -0.0709 0.5711 0.8178
vn -0.1942 0.2273 0.9543
vn -0.2932 -0.1497 0.9443
vn -0.3527 -0.5026 0.7893
vn -0.3638 -0.7774 0.5130
vn -0.3248 -0.9326 0.1574
vn -0.2415 -0.9444 -0.2233
vn -0.1267 -0.8110 -0.5712
vn 0.0022 -0.5527 -0.8334
vn 0.1255 -0.2088 -0.9699
vn 0.2245 0.1681 -0.9599
vn 0.2840 0.5210 -0.8049
vn 0.2951 0.7959 -0.5286
vn 0.2561 0.9510 -0.1730
vn 0.9434 -0.2533 0.2142
vn 0.1728 0.9628 0.2077
vn 0.0579 0.8294 0.5557
vn -0.0446 0.5569 -0.8294
vn -0.0750 0.8300 -0.5527
vn -0.0995 0.9763 -0.1921
vn -0.1144 0.9736 0.1975
vn -0.1174 0.8223 0.5569
vn -0.1081 0.5454 0.8312
vn -0.0877 0.1850 0.9788
vn -0.0597 -0.2039 0.9772
vn -0.0279 -0.5622 0.8266
vn 0.0024 -0.8352 0.5499
vn 0.0269 -0.9816 0.1893
vn 0.0418 -0.9788 -0.2003
vn 0.0448 -0.8275 -0.5597
vn 0.0355 -0.5506 -0.8340
vn 0.9967 0.0719 0.0386
vn 0.0152 -0.1902 -0.9816
vn -0.0129 0.1987 -0.9800
vn -0.0845 0.1147 -0.9898
vn -0.3461 0.3733 -0.8607
vn -0.5590 0.5713 -0.6009
vn -0.6908 0.6784 -0.2499
vn -0.7214 0.6784 0.1388
vn -0.6461 0.5713 0.5061
vn -0.4764 0.3733 0.7960
vn -0.2382 0.1146 0.9644
vn 0.0323 -0.1653 0.9857
vn 0.2940 -0.4240 0.8566
vn 0.5069 -0.6220 0.5968
vn 0.6387 -0.7291 0.2458
vn 0.6693 -0.7291 -0.1429
vn 0.5940 -0.6220 -0.5102
vn 0.7158 0.6960 0.0563
vn 0.4243 -0.4240 -0.8001
vn 0.1861 -0.1653 -0.9685
vn -0.0652 0.8175 -0.5723
vn -0.2452 0.9373 -0.2478
vn -0.3928 0.9127 0.1123
vn -0.4855 0.7476 0.4531
vn -0.5091 0.4671 0.7229
vn -0.4601 0.1139 0.8805
vn -0.3459 -0.2583 0.9020
vn -0.1839 -0.5928 0.7840
vn 0.0012 -0.8387 0.5446
vn 0.1813 -0.9585 0.2201
vn 0.3289 -0.9339 -0.1399
vn 0.4215 -0.7689 -0.4808
vn 0.4451 -0.4883 -0.7506
vn 0.3961 -0.1351 -0.9082
vn 0.8780 0.2913 0.3798
vn 0.2820 0.2372 -0.9297
vn 0.1200 0.5716 -0.8117
vn 0.0520 -0.9569 -0.2858
vn -0.0821 -0.7878 -0.6105
vn -0.2090 -0.4997 -0.8406
vn -0.3092 -0.1365 -0.9411
vn -0.3676 0.2464 -0.8968
vn -0.3752 0.5909 -0.7142
vn -0.3309 0.8444 -0.4213
vn -0.2414 0.9684 -0.0626
vn -0.1204 0.9440 0.3073
vn 0.0137 0.7748 0.6320
vn 0.1406 0.4868 0.8621
vn 0.2408 0.1236 0.9627
vn 0.2992 -0.2594 0.9183
vn 0.3068 -0.6038 0.7357
vn 0.9388 0.1774 -0.2954
vn 0.2625 -0.8573 0.4428
vn 0.1731 -0.9813 0.0841
vn -0.7627 0.4668 0.4476
vn -0.9503 0.2538 0.1803
vn -0.9930 0.0064 -0.1180
vn -0.8843 -0.2378 -0.4019
vn -0.6407 -0.4415 -0.6282
vn -0.2993 -0.5738 -0.7624
vn 0.0879 -0.6144 -0.7841
vn 0.4620 -0.5573 -0.6899
vn 0.7659 -0.4111 -0.4943
vn 0.9535 -0.1980 -0.2271
vn 0.9962 0.0494 0.0713
vn 0.8875 0.2936 0.3552
vn 0.6439 0.4973 0.5815
vn 0.3025 0.6295 0.7157
vn -0.0445 -0.7658 0.6416
vn -0.0847 0.6702 0.7373
vn -0.4587 0.6131 0.6432
vn 0.8495 0.5156 0.1120
vn 0.5971 0.7421 0.3046
vn 0.2530 0.8584 0.4462
vn -0.1306 0.8470 0.5153
vn -0.4952 0.7096 0.5012
vn -0.7854 0.4670 0.4063
vn -0.9569 0.1563 0.2449
vn -0.9836 -0.1754 0.0415
vn -0.8615 -0.4774 -0.1728
vn -0.6092 -0.7038 -0.3654
vn -0.2651 -0.8202 -0.5070
vn 0.1185 -0.8088 -0.5761
vn 0.4832 -0.6713 -0.5620
vn 0.7733 -0.4288 -0.4671
vn 0.1659 -0.5252 0.8347
vn 0.9448 -0.1180 -0.3056
vn 0.9715 0.2136 -0.1023
vn 0.9597 0.1877 -0.2093
vn 0.8044 0.5442 -0.2384
vn 0.5258 0.8170 -0.2365
vn 0.1664 0.9647 -0.2041
vn -0.2192 0.9647 -0.1460
vn -0.5722 0.8170 -0.0712
vn -0.8389 0.5442 0.0091
vn -0.9787 0.1877 0.0826
vn -0.9704 -0.1982 0.1381
vn -0.8151 -0.5547 0.1671
vn -0.5366 -0.8275 0.1653
vn -0.1771 -0.9752 0.1328
vn 0.2084 -0.9752 0.0748
vn 0.5615 -0.8275 -0.0001
vn 0.1474 0.1439 0.9786
vn 0.8282 -0.5547 -0.0804
vn 0.9680 -0.1982 -0.1539
vn 0.6171 0.7270 0.3010
vn 0.2751 0.9144 0.2971
vn -0.1078 0.9641 0.2428
vn -0.4733 0.8687 0.1462
vn -0.7659 0.6426 0.0223
vn -0.9408 0.3204 -0.1103
vn -0.9716 -0.0490 -0.2313
vn -0.8536 -0.4093 -0.3223
vn -0.6046 -0.7057 -0.3695
vn -0.2626 -0.8930 -0.3656
vn 0.1203 -0.9427 -0.3112
vn 0.4858 -0.8473 -0.2147
vn 0.7783 -0.6212 -0.0907
vn 0.9533 -0.2990 0.0418
vn -0.1716 -0.2937 0.9404
vn 0.9841 0.0704 0.1628
vn 0.8661 0.4307 0.2538
vn 0.2059 -0.7930 -0.5733
vn 0.5111 -0.5627 -0.6497
vn 0.7358 -0.2446 -0.6315
vn 0.8458 0.1130 -0.5214
vn 0.8243 0.4555 -0.3363
vn 0.6745 0.7308 -0.1043
vn 0.4194 0.8971 0.1392
vn 0.0977 0.9289 0.3573
vn -0.2416 0.8215 0.5166
vn -0.5468 0.5912 0.5929
vn -0.7715 0.2730 0.5747
vn -0.8814 -0.0845 0.4647
vn -0.8599 -0.4270 0.2795
vn -0.7102 -0.7024 0.0476
vn 0.4897 -0.3905 0.7795
vn -0.4551 -0.8686 -0.1960
vn -0.1334 -0.9004 -0.4140
vn -0.8797 -0.2456 0.4072
vn -0.8411 -0.5234 0.1363
vn -0.6772 -0.7184 -0.1589
vn -0.4130 -0.8009 -0.4336
vn -0.0887 -0.7583 -0.6459
vn 0.2463 -0.5971 -0.7635
vn 0.5410 -0.3418 -0.7684
vn 0.7506 -0.0314 -0.6600
vn 0.8431 0.2869 -0.4548
vn 0.8045 0.5648 -0.1839
vn 0.6406 0.7597 0.1113
vn 0.3764 0.8422 0.3860
vn 0.0522 0.7996 0.5983
vn -0.2828 0.6384 0.7159
vn 0.5020 -0.5670 0.6531
vn -0.5776 0.3831 0.7209
vn -0.7872 0.0727 0.6125
vn 0.1985 0.9704 0.1375
vn -0.1469 0.9375 0.3153
vn -0.4725 0.7633 0.4405
vn -0.7288 0.4743 0.4939
vn -0.8766 0.1145 0.4674
vn -0.8936 -0.2614 0.3650
vn -0.7770 -0.5961 0.2023
vn -0.5448 -0.8386 0.0041
vn -0.2321 -0.9520 -0.1994
vn 0.1133 -0.9191 -0.3773
vn 0.4389 -0.7449 -0.5024
vn 0.6951 -0.4559 -0.5558
vn 0.8430 -0.0961 -0.5293
vn 0.8599 0.2798 -0.4269
vn 0.4619 -0.2524 0.8503
vn 0.7434 0.6144 -0.2642
vn 0.5112 0.8569 -0.0661
vn 0.5264 0.8325 -0.1730
vn 0.1614 0.9632 -0.2149
vn -0.2278 0.9463 -0.2296
vn -0.5822 0.7842 -0.2147
vn -0.8476 0.5017 -0.1726
vn -0.9838 0.1418 -0.1096
vn -0.9699 -0.2407 -0.0354
vn -0.8082 -0.5877 0.0387
vn -0.5231 -0.8462 0.1016
vn -0.1582 -0.9769 0.1435
vn 0.2311 -0.9600 0.1581
vn 0.5855 -0.7979 0.1432
vn 0.8509 -0.5154 0.1011
vn 0.9871 -0.1556 0.0382
vn -0.0451 0.1887 0.9810
vn 0.9732 0.2270 -0.0360
vn 0.8114 0.5739 -0.1102
vn -0.1222 0.9419 0.3128
vn -0.4921 0.8203 0.2914
vn -0.7873 0.5758 0.2205
vn -0.9631 0.2454 0.1107
vn -0.9925 -0.1204 -0.0210
vn -0.8712 -0.4659 -0.1548
vn -0.6175 -0.7387 -0.2702
vn -0.2702 -0.8971 -0.3497
vn 0.1180 -0.9170 -0.3811
vn 0.4878 -0.7954 -0.3597
vn 0.7831 -0.5508 -0.2887
vn 0.9588 -0.2205 -0.1790
vn 0.9883 0.1453 -0.0472
vn 0.8669 0.4909 0.0865
vn 0.0583 -0.3425 0.9377
vn 0.6133 0.7636 0.2019
vn 0.2659 0.9220 0.2814
vn 0.7431 -0.3814 -0.5498
vn 0.7864 0.0001 -0.6177
vn 0.7067 0.3812 -0.5960
vn 0.5162 0.7038 -0.4881
vn 0.2438 0.9188 -0.3103
vn -0.0690 0.9936 -0.0898
vn -0.3744 0.9166 0.1400
vn -0.6262 0.6997 0.3439
vn -0.7859 0.3758 0.4911
vn -0.8291 -0.0057 0.5590
vn -0.7495 -0.3867 0.5373
vn -0.5589 -0.7094 0.4294
vn -0.2865 -0.9244 0.2516
vn 0.0262 -0.9992 0.0311
vn 0.5868 0.0769 0.8061
vn 0.3317 -0.9222 -0.1987
vn 0.5835 -0.7053 -0.4026
vn -0.8359 -0.2218 0.5021
vn -0.8060 -0.5295 0.2645
vn -0.6566 -0.7540 -0.0171
vn -0.4104 -0.8612 -0.2999
vn -0.1049 -0.8346 -0.5407
vn 0.2134 -0.6784 -0.7030
vn 0.4960 -0.4164 -0.7620
vn 0.6999 -0.0883 -0.7087
vn 0.7942 0.2557 -0.5513
vn 0.7643 0.5634 -0.3136
vn 0.6149 0.7879 -0.0320
vn 0.3687 0.8951 0.2507
vn 0.0632 0.8685 0.4916
vn -0.2550 0.7123 0.6539
vn 0.5725 -0.4656 0.6749
vn -0.5377 0.4503 0.7129
vn -0.7416 0.1222 0.6596
vn 0.1675 0.9859 0.0034
vn -0.1620 0.9640 0.2107
vn -0.4698 0.7962 0.3813
vn -0.7091 0.5078 0.4892
vn -0.8433 0.1429 0.5180
vn -0.8522 -0.2431 0.4633
vn -0.7343 -0.5913 0.3335
vn -0.5075 -0.8488 0.1482
vn -0.2064 -0.9763 -0.0642
vn 0.1231 -0.9545 -0.2715
vn 0.4309 -0.7867 -0.4421
vn 0.6702 -0.4983 -0.5501
vn 0.8044 -0.1334 -0.5789
vn 0.8133 0.2526 -0.5242
vn 0.5341 -0.1306 0.8353
vn 0.6954 0.6008 -0.3943
vn 0.4686 0.8583 -0.2091
vn 0.4768 0.8213 -0.3132
vn 0.1046 0.9340 -0.3415
vn -0.2836 0.9029 -0.3232
vn -0.6288 0.7325 -0.2609
vn -0.8783 0.4490 -0.1642
vn -0.9943 0.0954 -0.0477
vn -0.9590 -0.2744 0.0707
vn -0.7778 -0.6042 0.1731
vn -0.4783 -0.8436 0.2438
vn -0.1061 -0.9564 0.2722
vn 0.2821 -0.9252 0.2539
vn 0.6273 -0.7549 0.1916
vn 0.8769 -0.4713 0.0949
vn 0.9928 -0.1177 -0.0216
vn 0.0204 0.3067 0.9516
vn 0.9575 0.2521 -0.1400
vn 0.7763 0.5819 -0.2424
vn -0.1377 0.9689 0.2057
vn -0.5028 0.8337 0.2285
vn -0.7920 0.5728 0.2110
vn -0.9615 0.2260 0.1562
vn -0.9854 -0.1540 0.0722
vn -0.8601 -0.5094 -0.0282
vn -0.6046 -0.7859 -0.1296
vn -0.2579 -0.9416 -0.2166
vn 0.1274 -0.9527 -0.2760
vn 0.4924 -0.8175 -0.2987
vn 0.7817 -0.5566 -0.2813
vn 0.9512 -0.2098 -0.2264
vn 0.9751 0.1702 -0.1424
vn 0.8497 0.5256 -0.0421
vn 0.1423 -0.2222 0.9646
vn 0.5942 0.8021 0.0593
vn 0.2475 0.9578 0.1463
vn 0.7153 -0.4221 -0.5569
vn 0.7375 -0.0507 -0.6735
vn 0.6438 0.3273 -0.6917
vn 0.4485 0.6545 -0.6087
vn 0.1814 0.8809 -0.4371
vn -0.1168 0.9722 -0.2031
vn -0.4009 0.9143 0.0577
vn -0.6275 0.7162 0.3056
vn -0.7620 0.4080 0.5028
vn -0.7842 0.0365 0.6194
vn -0.6905 -0.3415 0.6376
vn -0.4953 -0.6687 0.5546
vn -0.2282 -0.8951 0.3831
vn 0.0701 -0.9863 0.1491
vn 0.6416 0.1947 0.7420
vn 0.3541 -0.9285 -0.1117
vn 0.5807 -0.7304 -0.3596
vn -0.8638 0.1625 0.4769
vn -0.9377 -0.1766 0.2991
vn -0.8710 -0.4860 0.0715
vn -0.6738 -0.7188 -0.1714
vn -0.3761 -0.8393 -0.3925
vn -0.0233 -0.8294 -0.5582
vn 0.3309 -0.6905 -0.6432
vn 0.6327 -0.4436 -0.6347
vn 0.8360 -0.1266 -0.5339
vn 0.9100 0.2125 -0.3561
vn 0.8433 0.5219 -0.1284
vn 0.6461 0.7547 0.1144
vn 0.3484 0.8752 0.3355
vn -0.0044 0.8653 0.5012
vn 0.3812 -0.4931 0.7820
vn -0.3587 0.7263 0.5863
vn -0.6604 0.4796 0.5778
vn 0.4878 0.8586 -0.1577
vn 0.1692 0.9852 0.0281
vn -0.1777 0.9626 0.2047
vn -0.5001 0.7942 0.3452
vn -0.7489 0.5057 0.4284
vn -0.8862 0.1410 0.4414
vn -0.8911 -0.2445 0.3824
vn -0.7629 -0.5919 0.2603
vn -0.5210 -0.8484 0.0937
vn -0.2024 -0.9750 -0.0921
vn 0.1445 -0.9523 -0.2686
vn 0.4669 -0.7839 -0.4092
vn 0.7156 -0.4955 -0.4924
vn 0.8529 -0.1307 -0.5054
vn 0.4565 -0.1404 0.8786
vn 0.8578 0.2547 -0.4464
vn 0.7296 0.6021 -0.3243
vn 0.7254 0.5457 -0.4196
vn 0.4125 0.7669 -0.4916
vn 0.0361 0.8688 -0.4938
vn -0.3464 0.8360 -0.4256
vn -0.6768 0.6733 -0.2976
vn -0.9049 0.4056 -0.1291
vn -0.9958 0.0737 0.0541
vn -0.9358 -0.2720 0.2242
vn -0.7340 -0.5788 0.3553
vn -0.4211 -0.8000 0.4274
vn -0.0447 -0.9020 0.4295
vn 0.3378 -0.8691 0.3613
vn 0.6682 -0.7064 0.2333
vn 0.8963 -0.4388 0.0648
vn 0.1182 0.4548 0.8827
vn 0.9872 -0.1068 -0.1184
vn 0.9272 0.2389 -0.2885
vn 0.1937 0.9808 0.0239
vn -0.1956 0.9796 0.0458
vn -0.5555 0.8297 0.0551
vn -0.8311 0.5539 0.0506
vn -0.9804 0.1942 0.0328
vn -0.9808 -0.1947 0.0045
vn -0.8323 -0.5536 -0.0300
vn -0.5573 -0.8277 -0.0654
vn -0.1978 -0.9755 -0.0964
vn 0.1916 -0.9743 -0.1183
vn 0.5514 -0.8244 -0.1277
vn 0.8270 -0.5486 -0.1231
vn 0.9763 -0.1889 -0.1053
vn 0.9768 0.2000 -0.0770
vn 0.0561 -0.0725 0.9958
vn 0.8281 0.5589 -0.0425
vn 0.5532 0.8330 -0.0071
vn 0.5349 -0.7295 -0.4262
vn 0.6805 -0.4146 -0.6042
vn 0.7188 -0.0371 -0.6942
vn 0.6440 0.3454 -0.6826
vn 0.4674 0.6747 -0.5712
vn 0.2160 0.9007 -0.3769
vn -0.0720 0.9890 -0.1294
vn -0.3528 0.9261 0.1338
vn -0.5835 0.7216 0.3725
vn -0.7291 0.4067 0.5505
vn -0.7674 0.0292 0.6405
vn -0.6926 -0.3533 0.6289
vn -0.5160 -0.6826 0.5175
vn -0.2646 -0.9086 0.3233
vn 0.6669 0.1082 0.7372
vn 0.0234 -0.9969 0.0757
vn 0.3042 -0.9340 -0.1875
vn -0.7239 0.5595 0.4037
vn -0.9257 0.2473 0.2861
vn -0.9877 -0.1000 0.1200
vn -0.9004 -0.4296 -0.0692
vn -0.6770 -0.6913 -0.2526
vn -0.3516 -0.8452 -0.4025
vn 0.0263 -0.8680 -0.4958
vn 0.3991 -0.7561 -0.5186
vn 0.7102 -0.5266 -0.4672
vn 0.9120 -0.2145 -0.3496
vn 0.9740 0.1328 -0.1835
vn 0.8866 0.4624 0.0056
vn 0.6633 0.7241 0.1891
vn 0.3379 0.8781 0.3389
vn 0.1885 -0.4508 0.8725
vn -0.0400 0.9008 0.4323
vn -0.4128 0.7890 0.4551
vn 0.7717 0.5675 -0.2871
vn 0.5302 0.8362 -0.1403
vn 0.2058 0.9783 0.0228
vn -0.1521 0.9723 0.1773
vn -0.4891 0.8191 0.2999
vn -0.7537 0.5419 0.3717
vn -0.9059 0.1831 0.3819
vn -0.9223 -0.2029 0.3290
vn -0.8004 -0.5572 0.2209
vn -0.5590 -0.8258 0.0742
vn -0.2346 -0.9680 -0.0889
vn 0.1234 -0.9620 -0.2435
vn 0.4603 -0.8088 -0.3660
vn 0.7250 -0.5316 -0.4378
vn 0.3945 -0.1413 0.9080
vn 0.8771 -0.1728 -0.4481
vn 0.8935 0.2132 -0.3951
vn 0.8656 0.1464 -0.4789
vn 0.6577 0.4524 -0.6023
vn 0.3481 0.6866 -0.6383
vn -0.0163 0.8134 -0.5815
vn -0.3798 0.8134 -0.4407
vn -0.6873 0.6866 -0.2370
vn -0.8918 0.4524 -0.0017
vn -0.9623 0.1464 0.2294
vn -0.8879 -0.1848 0.4213
vn -0.6801 -0.4908 0.5446
vn -0.3704 -0.7250 0.5806
vn -0.0061 -0.8518 0.5238
vn 0.3575 -0.8518 0.3830
vn 0.6649 -0.7250 0.1794
vn 0.3070 0.5277 0.7920
vn 0.8695 -0.4908 -0.0559
vn 0.9399 -0.1848 -0.2871
vn 0.5511 0.8222 -0.1426
vn 0.1912 0.9719 -0.1372
vn -0.1982 0.9732 -0.1165
vn -0.5577 0.8258 -0.0836
vn -0.8326 0.5522 -0.0435
vn -0.9810 0.1940 -0.0022
vn -0.9804 -0.1943 0.0339
vn -0.8308 -0.5534 0.0593
vn -0.5550 -0.8289 0.0702
vn -0.1950 -0.9787 0.0648
vn 0.1944 -0.9799 0.0441
vn 0.5538 -0.8326 0.0112
vn 0.8287 -0.5589 -0.0290
vn 0.9771 -0.2007 -0.0702
vn 0.0532 0.0925 0.9943
vn 0.9765 0.1875 -0.1063
vn 0.8269 0.5467 -0.1317
vn 0.2064 -0.9413 -0.2670
vn 0.4552 -0.7423 -0.4917
vn 0.6310 -0.4301 -0.6457
vn 0.7069 -0.0523 -0.7054
vn 0.6714 0.3336 -0.6618
vn 0.5299 0.6687 -0.5215
vn 0.3040 0.9022 -0.3059
vn 0.0281 0.9985 -0.0478
vn -0.2559 0.9428 0.2135
vn -0.5047 0.7437 0.4383
vn -0.6804 0.4316 0.5923
vn -0.7563 0.0537 0.6520
vn -0.7208 -0.3320 0.6084
vn -0.5794 -0.6672 0.4681
vn 0.6792 -0.0205 0.7337
vn -0.3535 -0.9007 0.2524
vn -0.0775 -0.9970 -0.0057
vn -0.7997 0.5712 0.1853
vn -0.9676 0.2273 0.1102
vn -0.9886 -0.1498 0.0130
vn -0.8597 -0.5026 -0.0916
vn -0.6004 -0.7774 -0.1875
vn -0.2501 -0.9326 -0.2602
vn 0.1378 -0.9444 -0.2987
vn 0.5041 -0.8110 -0.2970
vn 0.7933 -0.5526 -0.2554
vn 0.9612 -0.2088 -0.1803
vn 0.9823 0.1681 -0.0831
vn 0.8533 0.5210 0.0214
vn 0.5939 0.7959 0.1173
vn 0.2437 0.9510 0.1900
vn 0.0878 -0.2533 0.9634
vn -0.1442 0.9628 0.2285
vn -0.5106 0.8294 0.2268
vn 0.7750 0.5570 -0.2987
vn 0.5025 0.8300 -0.2421
vn 0.1520 0.9763 -0.1540
vn -0.2232 0.9736 -0.0478
vn -0.5659 0.8223 0.0604
vn -0.8239 0.5454 0.1541
vn -0.9580 0.1850 0.2190
vn -0.9478 -0.2039 0.2452
vn -0.7947 -0.5622 0.2288
vn -0.5222 -0.8353 0.1722
vn -0.1717 -0.9816 0.0841
vn 0.2034 -0.9788 -0.0221
vn 0.5462 -0.8275 -0.1303
vn 0.8041 -0.5506 -0.2240
vn 0.2713 0.0719 0.9598
vn 0.9383 -0.1902 -0.2889
vn 0.9280 0.1987 -0.3151
vn 0.9153 0.1147 -0.3862
vn 0.7116 0.3733 -0.5952
vn 0.3988 0.5713 -0.7174
vn 0.0242 0.6784 -0.7343
vn -0.3550 0.6784 -0.6432
vn -0.6810 0.5713 -0.4581
vn -0.9043 0.3733 -0.2072
vn -0.9908 0.1146 0.0715
vn -0.9275 -0.1653 0.3354
vn -0.7239 -0.4240 0.5443
vn -0.4109 -0.6220 0.6665
vn -0.0364 -0.7291 0.6834
vn 0.3428 -0.7291 0.5924
vn 0.6688 -0.6220 0.4073
vn 0.1676 0.6960 0.6982
vn 0.8921 -0.4240 0.1563
vn 0.9786 -0.1653 -0.1223
vn 0.5241 0.8175 -0.2388
vn 0.1599 0.9373 -0.3098
vn -0.2282 0.9127 -0.3389
vn -0.5810 0.7477 -0.3217
vn -0.8449 0.4671 -0.2608
vn -0.9796 0.1138 -0.1654
vn -0.9647 -0.2584 -0.0502
vn -0.8025 -0.5928 0.0674
vn -0.5176 -0.8387 0.1694
vn -0.1533 -0.9585 0.2404
vn 0.2347 -0.9339 0.2695
vn 0.5875 -0.7689 0.2523
vn 0.8514 -0.4883 0.1914
vn 0.9862 -0.1351 0.0961
vn -0.0898 0.2913 0.9524
vn 0.9713 0.2371 -0.0191
vn 0.8090 0.5716 -0.1367
vn 0.2879 -0.9569 -0.0388
vn 0.5552 -0.7878 -0.2667
vn 0.7349 -0.4996 -0.4585
vn 0.7995 -0.1366 -0.5849
vn 0.7393 0.2464 -0.6267
vn 0.5633 0.5909 -0.5775
vn 0.2984 0.8444 -0.4449
vn -0.0151 0.9684 -0.2489
vn -0.3294 0.9440 -0.0196
vn -0.5968 0.7748 0.2084
vn -0.7765 0.4868 0.4001
vn -0.8411 0.1236 0.5265
vn -0.7809 -0.2593 0.5683
vn -0.6049 -0.6038 0.5192
vn 0.5711 0.1774 0.8015
vn -0.3400 -0.8573 0.3865
vn -0.0265 -0.9813 0.1906
vn -0.6614 0.4668 -0.5870
vn -0.4651 0.2538 -0.8481
vn -0.1946 0.0064 -0.9809
vn 0.1090 -0.2378 -0.9652
vn 0.3995 -0.4415 -0.8034
vn 0.6326 -0.5738 -0.5202
vn 0.7729 -0.6144 -0.1587
vn 0.7989 -0.5573 0.2261
vn 0.7068 -0.4111 0.5757
vn 0.5106 -0.1980 0.8367
vn 0.2401 0.0494 0.9695
vn -0.0636 0.2936 0.9538
vn -0.3540 0.4973 0.7921
vn -0.5871 0.6295 0.5089
vn -0.6239 -0.7658 0.1559
vn -0.7274 0.6702 0.1473
vn -0.7535 0.6131 -0.2375
vn 0.1560 0.5156 0.8425
vn -0.1052 0.7421 0.6620
vn -0.3462 0.8584 0.3785
vn -0.5304 0.8470 0.0350
vn -0.6298 0.7096 -0.3161
vn -0.6291 0.4670 -0.6214
vn -0.5286 0.1563 -0.8344
vn -0.3434 -0.1754 -0.9227
vn -0.1019 -0.4774 -0.8728
vn 0.1593 -0.7038 -0.6923
vn 0.4003 -0.8202 -0.4088
vn 0.5845 -0.8088 -0.0653
vn 0.6838 -0.6713 0.2858
vn 0.6832 -0.4288 0.5911
vn -0.7426 -0.5252 0.4157
vn 0.5826 -0.1180 0.8041
vn 0.3975 0.2136 0.8924
vn 0.4956 0.1877 0.8480
vn 0.4753 0.5442 0.6914
vn 0.3875 0.8170 0.4270
vn 0.2456 0.9647 0.0952
vn 0.0712 0.9647 -0.2536
vn -0.1091 0.8170 -0.5662
vn -0.2679 0.5442 -0.7950
vn -0.3810 0.1877 -0.9053
vn -0.4312 -0.1982 -0.8802
vn -0.4108 -0.5547 -0.7236
vn -0.3230 -0.8275 -0.4592
vn -0.1811 -0.9752 -0.1274
vn -0.0067 -0.9752 0.2213
vn 0.1736 -0.8275 0.5339
vn -0.8851 0.1439 0.4426
vn 0.3324 -0.5547 0.7628
vn 0.4455 -0.1982 0.8731
vn -0.0956 0.7271 0.6799
vn -0.1975 0.9144 0.3535
vn -0.2642 0.9641 -0.0275
vn -0.2854 0.8687 -0.4050
vn -0.2578 0.6426 -0.7215
vn -0.1858 0.3204 -0.9289
vn -0.0802 -0.0490 -0.9956
vn 0.0428 -0.4093 -0.9114
vn 0.1646 -0.7057 -0.6892
vn 0.2665 -0.8930 -0.3628
vn 0.3332 -0.9427 0.0182
vn 0.3544 -0.8473 0.3957
vn 0.3268 -0.6212 0.7122
vn 0.2548 -0.2990 0.9196
vn -0.9474 -0.2937 0.1274
vn 0.1492 0.0704 0.9863
vn 0.0262 0.4307 0.9021
vn 0.6089 -0.7930 0.0186
vn 0.7759 -0.5627 0.2853
vn 0.8280 -0.2446 0.5047
vn 0.7573 0.1130 0.6432
vn 0.5746 0.4555 0.6800
vn 0.3077 0.7308 0.6093
vn -0.0028 0.8970 0.4419
vn -0.3096 0.9289 0.2033
vn -0.5659 0.8215 -0.0701
vn -0.7329 0.5911 -0.3368
vn -0.7850 0.2730 -0.5561
vn -0.7143 -0.0845 -0.6947
vn -0.5316 -0.4271 -0.7315
vn -0.2647 -0.7024 -0.6608
vn -0.5900 -0.3905 0.7066
vn 0.0458 -0.8686 -0.4934
vn 0.3525 -0.9004 -0.2548
vn -0.6591 -0.2457 -0.7108
vn -0.3896 -0.5235 -0.7578
vn -0.0581 -0.7184 -0.6932
vn 0.2847 -0.8009 -0.5268
vn 0.5868 -0.7583 -0.2840
vn 0.8022 -0.5971 -0.0017
vn 0.8980 -0.3418 0.2771
vn 0.8597 -0.0314 0.5099
vn 0.6930 0.2869 0.6613
vn 0.4235 0.5647 0.7083
vn 0.0921 0.7597 0.6437
vn -0.2508 0.8422 0.4773
vn -0.5529 0.7996 0.2345
vn -0.7683 0.6384 -0.0478
vn -0.4660 -0.5670 0.6793
vn -0.8641 0.3831 -0.3265
vn -0.8257 0.0727 -0.5594
vn -0.0694 0.9704 0.2313
vn -0.3453 0.9375 -0.0423
vn -0.5650 0.7633 -0.3133
vn -0.6949 0.4743 -0.5405
vn -0.7154 0.1145 -0.6893
vn -0.6232 -0.2614 -0.7371
vn -0.4325 -0.5960 -0.6765
vn -0.1723 -0.8386 -0.5168
vn 0.1179 -0.9520 -0.2824
vn 0.3938 -0.9191 -0.0088
vn 0.6135 -0.7449 0.2622
vn 0.7434 -0.4559 0.4894
vn 0.7639 -0.0961 0.6382
vn 0.6717 0.2798 0.6859
vn -0.6659 -0.2524 0.7020
vn 0.4810 0.6144 0.6254
vn 0.2208 0.8570 0.4657
vn 0.3272 0.8324 0.4472
vn 0.2543 0.9632 0.0871
vn 0.1479 0.9463 -0.2876
vn 0.0243 0.7842 -0.6200
vn -0.0978 0.5017 -0.8595
vn -0.1998 0.1418 -0.9695
vn -0.2661 -0.2407 -0.9334
vn -0.2866 -0.5877 -0.7566
vn -0.2582 -0.8462 -0.4661
vn -0.1853 -0.9769 -0.1061
vn -0.0790 -0.9600 0.2687
vn 0.0447 -0.7979 0.6011
vn 0.1668 -0.5155 0.8405
vn 0.2687 -0.1555 0.9506
vn -0.9469 0.1887 0.2603
vn 0.3350 0.2270 0.9145
vn 0.3556 0.5739 0.7377
vn -0.3353 0.9419 -0.0196
vn -0.4292 0.8203 -0.3779
vn -0.4530 0.5758 -0.6807
vn -0.4029 0.2454 -0.8817
vn -0.2867 -0.1204 -0.9504
vn -0.1220 -0.4659 -0.8764
vn 0.0662 -0.7387 -0.6708
vn 0.2491 -0.8971 -0.3650
vn 0.3989 -0.9170 -0.0056
vn 0.4928 -0.7954 0.3528
vn 0.5166 -0.5508 0.6555
vn 0.4665 -0.2205 0.8566
vn 0.3503 0.1453 0.9253
vn 0.1856 0.4909 0.8512
vn -0.8738 -0.3425 0.3452
vn -0.0026 0.7636 0.6457
vn -0.1854 0.9220 0.3399
vn 0.7525 -0.3815 0.5369
vn 0.8305 0.0001 0.5570
vn 0.7853 0.3811 0.4879
vn 0.6237 0.7038 0.3401
vn 0.3705 0.9188 0.1360
vn 0.0641 0.9936 -0.0933
vn -0.2488 0.9166 -0.3129
vn -0.5206 0.6997 -0.4893
vn -0.7099 0.3758 -0.5956
vn -0.7879 -0.0057 -0.6158
vn -0.7426 -0.3867 -0.5467
vn -0.5811 -0.7094 -0.3989
vn -0.3279 -0.9244 -0.1948
vn -0.0215 -0.9992 0.0345
vn -0.5853 0.0769 0.8072
vn 0.2914 -0.9222 0.2541
vn 0.5632 -0.7053 0.4305
vn -0.7359 -0.2218 -0.6398
vn -0.5006 -0.5295 -0.6848
vn -0.1866 -0.7540 -0.6298
vn 0.1584 -0.8612 -0.4830
vn 0.4819 -0.8346 -0.2669
vn 0.7345 -0.6784 -0.0143
vn 0.8780 -0.4164 0.2362
vn 0.8903 -0.0883 0.4467
vn 0.7697 0.2557 0.5849
vn 0.5345 0.5634 0.6300
vn 0.2205 0.7879 0.5749
vn -0.1245 0.8951 0.4282
vn -0.4480 0.8685 0.2121
vn -0.7007 0.7123 -0.0405
vn -0.4649 -0.4656 0.7531
vn -0.8441 0.4502 -0.2911
vn -0.8565 0.1222 -0.5015
vn 0.0486 0.9859 0.1604
vn -0.2505 0.9640 -0.0890
vn -0.5078 0.7962 -0.3290
vn -0.6844 0.5078 -0.5232
vn -0.7533 0.1429 -0.6420
vn -0.7040 -0.2431 -0.6673
vn -0.5441 -0.5913 -0.5953
vn -0.2978 -0.8488 -0.4368
vn -0.0027 -0.9764 -0.2162
vn 0.2963 -0.9545 0.0332
vn 0.5536 -0.7867 0.2732
vn 0.7302 -0.4983 0.4674
vn 0.7991 -0.1334 0.5862
vn 0.7498 0.2526 0.6115
vn -0.6293 -0.1306 0.7661
vn 0.5899 0.6008 0.5395
vn 0.3436 0.8583 0.3811
vn 0.4452 0.8213 0.3568
vn 0.3571 0.9340 -0.0060
vn 0.2197 0.9028 -0.3696
vn 0.0538 0.7325 -0.6786
vn -0.1153 0.4490 -0.8861
vn -0.2619 0.0954 -0.9604
vn -0.3636 -0.2745 -0.8902
vn -0.4050 -0.6042 -0.6863
vn -0.3797 -0.8436 -0.3796
vn -0.2917 -0.9564 -0.0168
vn -0.1543 -0.9252 0.3467
vn 0.0116 -0.7549 0.6558
vn 0.1807 -0.4713 0.8633
vn 0.3273 -0.1177 0.9376
vn -0.8987 0.3067 0.3134
vn 0.4290 0.2521 0.8674
vn 0.4704 0.5819 0.6634
vn -0.2382 0.9689 -0.0674
vn -0.3726 0.8337 -0.4076
vn -0.4455 0.5728 -0.6881
vn -0.4457 0.2260 -0.8662
vn -0.3732 -0.1540 -0.9149
vn -0.2390 -0.5094 -0.8267
vn -0.0636 -0.7859 -0.6150
vn 0.1263 -0.9416 -0.3122
vn 0.3018 -0.9527 0.0359
vn 0.4362 -0.8175 0.3760
vn 0.5091 -0.5567 0.6565
vn 0.5093 -0.2098 0.8346
vn 0.4368 0.1702 0.8833
vn 0.3026 0.5255 0.7951
vn -0.8734 -0.2222 0.4334
vn 0.1272 0.8021 0.5835
vn -0.0627 0.9578 0.2806
vn 0.7507 -0.4221 0.5082
vn 0.8684 -0.0507 0.4933
vn 0.8567 0.3273 0.3985
vn 0.7175 0.6545 0.2385
vn 0.4718 0.8809 0.0375
vn 0.1571 0.9722 -0.1739
vn -0.1787 0.9143 -0.3634
vn -0.4845 0.7162 -0.5023
vn -0.7137 0.4080 -0.5694
vn -0.8314 0.0366 -0.5544
vn -0.8198 -0.3415 -0.4597
vn -0.6805 -0.6687 -0.2996
vn -0.4348 -0.8951 -0.0986
vn -0.1201 -0.9863 0.1127
vn -0.5074 0.1947 0.8394
vn 0.2157 -0.9285 0.3023
vn 0.5214 -0.7304 0.4412
vn -0.7205 0.1625 -0.6741
vn -0.5743 -0.1766 -0.7994
vn -0.3372 -0.4860 -0.8063
vn -0.0452 -0.7187 -0.6938
vn 0.2571 -0.8393 -0.4790
vn 0.5237 -0.8294 -0.1947
vn 0.7140 -0.6904 0.1160
vn 0.7992 -0.4436 0.4056
vn 0.7661 -0.1266 0.6301
vn 0.6199 0.2125 0.7554
vn 0.3827 0.5219 0.7623
vn 0.0908 0.7547 0.6498
vn -0.2115 0.8752 0.4350
vn -0.4781 0.8653 0.1507
vn -0.6260 -0.4931 0.6042
vn -0.6684 0.7264 -0.1600
vn -0.7536 0.4796 -0.4496
vn 0.3007 0.8586 0.4152
vn 0.0256 0.9852 0.1695
vn -0.2496 0.9626 -0.1058
vn -0.4829 0.7942 -0.3689
vn -0.6388 0.5057 -0.5798
vn -0.6937 0.1409 -0.7064
vn -0.6391 -0.2445 -0.7293
vn -0.4833 -0.5919 -0.6451
vn -0.2501 -0.8484 -0.4666
vn 0.0250 -0.9750 -0.2209
vn 0.3002 -0.9523 0.0544
vn 0.5335 -0.7839 0.3176
vn 0.6894 -0.4955 0.5284
vn 0.7443 -0.1307 0.6550
vn -0.6946 -0.1404 0.7056
vn 0.6896 0.2547 0.6779
vn 0.5339 0.6021 0.5937
vn 0.6232 0.5457 0.5602
vn 0.5950 0.7669 0.2404
vn 0.4808 0.8688 -0.1182
vn 0.2977 0.8360 -0.4610
vn 0.0739 0.6733 -0.7357
vn -0.1568 0.4057 -0.9005
vn -0.3592 0.0737 -0.9303
vn -0.5024 -0.2720 -0.8207
vn -0.5647 -0.5788 -0.5883
vn -0.5366 -0.8000 -0.2684
vn -0.4223 -0.9020 0.0902
vn -0.2393 -0.8691 0.4329
vn -0.0154 -0.7065 0.7076
vn 0.2153 -0.4387 0.8724
vn -0.8030 0.4548 0.3852
vn 0.4177 -0.1068 0.9023
vn 0.5609 0.2389 0.7927
vn 0.0371 0.9808 0.1916
vn -0.1040 0.9796 -0.1719
vn -0.2241 0.8297 -0.5112
vn -0.3049 0.5539 -0.7747
vn -0.3342 0.1942 -0.9223
vn -0.3074 -0.1948 -0.9314
vn -0.2287 -0.5536 -0.8008
vn -0.1100 -0.8277 -0.5502
vn 0.0306 -0.9755 -0.2179
vn 0.1717 -0.9743 0.1456
vn 0.2918 -0.8244 0.4850
vn 0.3726 -0.5486 0.7485
vn 0.4019 -0.1889 0.8960
vn 0.3751 0.2000 0.9051
vn -0.9297 -0.0725 0.3611
vn 0.2964 0.5589 0.7745
vn 0.1777 0.8330 0.5239
vn 0.5707 -0.7295 0.3770
vn 0.7849 -0.4146 0.4605
vn 0.8823 -0.0371 0.4691
vn 0.8482 0.3454 0.4015
vn 0.6877 0.6747 0.2680
vn 0.4253 0.9007 0.0889
vn 0.1008 0.9890 -0.1085
vn -0.2363 0.9261 -0.2941
vn -0.5346 0.7216 -0.4398
vn -0.7488 0.4067 -0.5233
vn -0.8463 0.0292 -0.5319
vn -0.8122 -0.3533 -0.4643
vn -0.6517 -0.6826 -0.3308
vn -0.3892 -0.9086 -0.1517
vn -0.4951 0.1082 0.8621
vn -0.0647 -0.9969 0.0457
vn 0.2724 -0.9340 0.2314
vn -0.6076 0.5595 -0.5636
vn -0.5581 0.2473 -0.7921
vn -0.4194 -0.1000 -0.9023
vn -0.2125 -0.4296 -0.8777
vn 0.0310 -0.6912 -0.7220
vn 0.2741 -0.8452 -0.4587
vn 0.4797 -0.8680 -0.1283
vn 0.6166 -0.7561 0.2193
vn 0.6638 -0.5267 0.5310
vn 0.6143 -0.2145 0.7594
vn 0.4755 0.1328 0.8696
vn 0.2686 0.4624 0.8450
vn 0.0251 0.7241 0.6892
vn -0.2179 0.8780 0.4261
vn -0.7716 -0.4508 0.4489
vn -0.4236 0.9008 0.0955
vn -0.5604 0.7890 -0.2520
vn 0.5115 0.5675 0.6453
vn 0.2973 0.8362 0.4609
vn 0.0420 0.9783 0.2028
vn -0.2156 0.9723 -0.0898
vn -0.4363 0.8191 -0.3724
vn -0.5864 0.5419 -0.6020
vn -0.6432 0.1831 -0.7435
vn -0.5979 -0.2029 -0.7755
vn -0.4575 -0.5572 -0.6930
vn -0.2433 -0.8259 -0.5087
vn 0.0120 -0.9680 -0.2506
vn 0.2697 -0.9620 0.0421
vn 0.4903 -0.8088 0.3247
vn 0.6405 -0.5316 0.5542
vn -0.7416 -0.1413 0.6557
vn 0.6972 -0.1727 0.6958
vn 0.6519 0.2132 0.7277
vn 0.7230 0.1464 0.6752
vn 0.7760 0.4524 0.4394
vn 0.7146 0.6866 0.1338
vn 0.5480 0.8134 -0.1952
vn 0.3017 0.8134 -0.4974
vn 0.0130 0.6866 -0.7269
vn -0.2739 0.4524 -0.8487
vn -0.5155 0.1464 -0.8443
vn -0.6750 -0.1848 -0.7143
vn -0.7281 -0.4908 -0.4785
vn -0.6667 -0.7250 -0.1729
vn -0.5001 -0.8518 0.1561
vn -0.2537 -0.8518 0.4583
vn 0.0349 -0.7250 0.6878
vn -0.6584 0.5277 0.5367
vn 0.3218 -0.4908 0.8096
vn 0.5635 -0.1848 0.8052
vn 0.3059 0.8222 0.4801
vn 0.1896 0.9719 0.1394
vn 0.0496 0.9732 -0.2245
vn -0.0928 0.8258 -0.5563
vn -0.2160 0.5522 -0.8053
vn -0.3010 0.1940 -0.9337
vn -0.3352 -0.1943 -0.9219
vn -0.3131 -0.5535 -0.7718
vn -0.2382 -0.8289 -0.5061
vn -0.1219 -0.9786 -0.1655
vn 0.0181 -0.9799 0.1985
vn 0.1605 -0.8325 0.5302
vn 0.2836 -0.5589 0.7792
vn 0.3687 -0.2007 0.9076
vn -0.9292 0.0925 0.3578
vn 0.4028 0.1875 0.8959
vn 0.3808 0.5467 0.7457
vn 0.3177 -0.9413 0.1138
vn 0.6084 -0.7422 0.2810
vn 0.8091 -0.4301 0.4005
vn 0.8893 -0.0523 0.4543
vn 0.8369 0.3335 0.4340
vn 0.6597 0.6687 0.3428
vn 0.3849 0.9022 0.1946
vn 0.0541 0.9985 0.0120
vn -0.2822 0.9428 -0.1774
vn -0.5728 0.7437 -0.3445
vn -0.7735 0.4316 -0.4641
vn -0.8538 0.0537 -0.5178
vn -0.8014 -0.3320 -0.4976
vn -0.6242 -0.6672 -0.4064
vn -0.4879 -0.0205 0.8727
vn -0.3493 -0.9007 -0.2582
vn -0.0186 -0.9970 -0.0755
vn -0.4233 0.5712 -0.7032
vn -0.4038 0.2273 -0.8862
vn -0.3178 -0.1497 -0.9362
vn -0.1786 -0.5025 -0.8459
vn -0.0072 -0.7775 -0.6289
vn 0.1702 -0.9326 -0.3182
vn 0.3266 -0.9444 0.0387
vn 0.4382 -0.8109 0.3877
vn 0.4881 -0.5527 0.6755
vn 0.4685 -0.2088 0.8584
vn 0.3826 0.1682 0.9085
vn 0.2433 0.5210 0.8181
vn 0.0719 0.7959 0.6011
vn -0.1054 0.9510 0.2905
vn -0.8891 -0.2533 0.3812
vn -0.2619 0.9628 -0.0665
vn -0.3735 0.8294 -0.4155
vn 0.5236 0.5570 0.6447
vn 0.3856 0.8300 0.4031
vn 0.1934 0.9763 0.0969
vn -0.0235 0.9736 -0.2271
vn -0.2324 0.8223 -0.5195
vn -0.4012 0.5453 -0.7360
vn -0.5043 0.1850 -0.8435
vn -0.5261 -0.2039 -0.8256
vn -0.4632 -0.5622 -0.6851
vn -0.3252 -0.8352 -0.4435
vn -0.1330 -0.9816 -0.1373
vn 0.0839 -0.9788 0.1866
vn 0.2928 -0.8275 0.4792
vn 0.4615 -0.5506 0.6956
vn -0.8290 0.0719 0.5546
vn 0.5647 -0.1903 0.8031
vn 0.5865 0.1987 0.7852
vn 0.6501 0.1147 0.7511
vn 0.7859 0.3733 0.4929
vn 0.8055 0.5713 0.1575
vn 0.7058 0.6784 -0.2039
vn 0.5020 0.6784 -0.5364
vn 0.2253 0.5713 -0.7892
vn -0.0824 0.3733 -0.9240
vn -0.3742 0.1146 -0.9202
vn -0.6055 -0.1653 -0.7785
vn -0.7414 -0.4240 -0.5202
vn -0.7609 -0.6220 -0.1848
vn -0.6612 -0.7291 0.1766
vn -0.4574 -0.7291 0.5090
vn -0.1807 -0.6220 0.7619
vn -0.6122 0.6960 0.3752
vn 0.1270 -0.4240 0.8967
vn 0.4187 -0.1654 0.8929
vn 0.3891 0.8175 0.4247
vn 0.3441 0.9373 0.0563
vn 0.2518 0.9127 -0.3217
vn 0.1264 0.7476 -0.6520
vn -0.0130 0.4671 -0.8841
vn -0.1454 0.1138 -0.9828
vn -0.2504 -0.2583 -0.9330
vn -0.3121 -0.5928 -0.7424
vn -0.3211 -0.8387 -0.4399
vn -0.2761 -0.9585 -0.0715
vn -0.1838 -0.9340 0.3065
vn -0.0584 -0.7689 0.6367
vn 0.0810 -0.4883 0.8689
vn 0.2133 -0.1351 0.9676
vn -0.9336 0.2913 0.2089
vn 0.3184 0.2371 0.9178
vn 0.3801 0.5716 0.7272
vn 0.1259 -0.9569 0.2618
vn 0.4252 -0.7878 0.4457
vn 0.6631 -0.4997 0.5573
vn 0.8033 -0.1366 0.5797
vn 0.8245 0.2465 0.5094
vn 0.7233 0.5909 0.3573
vn 0.5153 0.8444 0.1463
vn 0.2321 0.9684 -0.0913
vn -0.0832 0.9440 -0.3194
vn -0.3826 0.7749 -0.5032
vn -0.6204 0.4868 -0.6149
vn -0.7607 0.1235 -0.6373
vn -0.7818 -0.2593 -0.5670
vn -0.6806 -0.6039 -0.4148
vn -0.5858 0.1774 0.7908
vn -0.4727 -0.8573 -0.2039
vn -0.1894 -0.9813 0.0337
vn 0.4723 -0.2456 -0.8465
vn 0.6003 -0.5235 -0.6047
vn 0.6413 -0.7184 -0.2695
vn 0.5890 -0.8009 0.1080
vn 0.4514 -0.7583 0.4704
vn 0.2495 -0.5971 0.7624
vn 0.0140 -0.3418 0.9397
vn -0.2193 -0.0314 0.9752
vn -0.4148 0.2870 0.8635
vn -0.5428 0.5648 0.6217
vn -0.5837 0.7597 0.2865
vn -0.5315 0.8422 -0.0910
vn -0.3939 0.7996 -0.4534
vn -0.1920 0.6384 -0.7454
vn -0.7900 -0.5670 -0.2333
vn 0.0435 0.3831 -0.9227
vn 0.2768 0.0727 -0.9582
vn -0.2414 0.9704 0.0055
vn -0.0665 0.9375 -0.3415
vn 0.1234 0.7633 -0.6341
vn 0.2993 0.4743 -0.8279
vn 0.4345 0.1145 -0.8934
vn 0.5084 -0.2614 -0.8205
vn 0.5097 -0.5961 -0.6204
vn 0.4383 -0.8386 -0.3236
vn 0.3050 -0.9520 0.0249
vn 0.1301 -0.9191 0.3718
vn -0.0598 -0.7449 0.6644
vn -0.2357 -0.4559 0.8582
vn -0.3709 -0.0961 0.9237
vn -0.4448 0.2798 0.8508
vn -0.8734 -0.2524 -0.4164
vn -0.4461 0.6144 0.6507
vn -0.3747 0.8570 0.3539
vn -0.3242 0.8325 0.4494
vn -0.0043 0.9632 0.2688
vn 0.3193 0.9463 0.0518
vn 0.5972 0.7842 -0.1685
vn 0.7872 0.5017 -0.3586
vn 0.8603 0.1418 -0.4896
vn 0.8055 -0.2407 -0.5415
vn 0.6310 -0.5877 -0.5064
vn 0.3635 -0.8462 -0.3896
vn 0.0436 -0.9769 -0.2090
vn -0.2799 -0.9600 0.0079
vn -0.5579 -0.7979 0.2282
vn -0.7478 -0.5155 0.4184
vn -0.8210 -0.1556 0.5493
vn -0.5401 0.1887 -0.8202
vn -0.7662 0.2270 0.6012
vn -0.5917 0.5739 0.5661
vn -0.0850 0.9419 -0.3249
vn 0.2268 0.8203 -0.5250
vn 0.5074 0.5758 -0.6411
vn 0.7141 0.2454 -0.6557
vn 0.8153 -0.1204 -0.5663
vn 0.7958 -0.4659 -0.3868
vn 0.6584 -0.7387 -0.1443
vn 0.4241 -0.8971 0.1241
vn 0.1286 -0.9170 0.3777
vn -0.1832 -0.7954 0.5777
vn -0.4638 -0.5508 0.6939
vn -0.6705 -0.2205 0.7084
vn -0.7718 0.1453 0.6191
vn -0.7522 0.4909 0.4395
vn -0.5984 -0.3425 -0.7243
vn -0.6149 0.7636 0.1971
vn -0.3806 0.9220 -0.0713
vn -0.2780 -0.3814 0.8816
vn -0.2731 0.0001 0.9620
vn -0.2214 0.3812 0.8976
vn -0.1307 0.7038 0.6983
vn -0.0148 0.9188 0.3944
vn 0.1086 0.9936 0.0321
vn 0.2207 0.9166 -0.3333
vn 0.3044 0.6997 -0.6463
vn 0.3471 0.3758 -0.8592
vn 0.3422 -0.0057 -0.9396
vn 0.2905 -0.3867 -0.8752
vn 0.1998 -0.7094 -0.6759
vn 0.0839 -0.9244 -0.3720
vn -0.0395 -0.9992 -0.0097
vn -0.9485 0.0769 -0.3072
vn -0.1516 -0.9222 0.3557
vn -0.2354 -0.7053 0.6687
vn 0.3811 -0.2218 -0.8975
vn 0.4966 -0.5295 -0.6877
vn 0.5413 -0.7540 -0.3721
vn 0.5083 -0.8612 0.0014
vn 0.4027 -0.8346 0.3758
vn 0.2406 -0.6784 0.6942
vn 0.0466 -0.4164 0.9080
vn -0.1497 -0.0883 0.9848
vn -0.3185 0.2558 0.9128
vn -0.4340 0.5634 0.7030
vn -0.4786 0.7880 0.3873
vn -0.4457 0.8951 0.0139
vn -0.3401 0.8685 -0.3605
vn -0.1780 0.7123 -0.6789
vn -0.8599 -0.4656 -0.2094
vn 0.0160 0.4502 -0.8928
vn 0.2123 0.1223 -0.9695
vn -0.1375 0.9859 0.0957
vn 0.0072 0.9640 -0.2657
vn 0.1560 0.7962 -0.5846
vn 0.2861 0.5078 -0.8126
vn 0.3778 0.1429 -0.9148
vn 0.4171 -0.2431 -0.8758
vn 0.3980 -0.5913 -0.7014
vn 0.3235 -0.8488 -0.4182
vn 0.2048 -0.9763 -0.0694
vn 0.0600 -0.9545 0.2920
vn -0.0888 -0.7867 0.6110
vn -0.2189 -0.4983 0.8389
vn -0.3106 -0.1334 0.9412
vn -0.3499 0.2526 0.9021
vn -0.9231 -0.1306 -0.3618
vn -0.3308 0.6008 0.7277
vn -0.2562 0.8583 0.4446
vn -0.2017 0.8213 0.5336
vn 0.1161 0.9340 0.3378
vn 0.4194 0.9029 0.0948
vn 0.6620 0.7325 -0.1585
vn 0.8071 0.4490 -0.3835
vn 0.8325 0.0954 -0.5458
vn 0.7343 -0.2745 -0.6209
vn 0.5275 -0.6042 -0.5972
vn 0.2437 -0.8436 -0.4784
vn -0.0741 -0.9564 -0.2826
vn -0.3775 -0.9252 -0.0396
vn -0.6201 -0.7548 0.2137
vn -0.7652 -0.4713 0.4387
vn -0.7905 -0.1177 0.6010
vn -0.5758 0.3067 -0.7579
vn -0.6924 0.2521 0.6761
vn -0.4856 0.5819 0.6524
vn -0.0095 0.9689 -0.2474
vn 0.2725 0.8337 -0.4803
vn 0.5167 0.5728 -0.6363
vn 0.6861 0.2260 -0.6915
vn 0.7548 -0.1540 -0.6376
vn 0.7124 -0.5094 -0.4828
vn 0.5653 -0.7859 -0.2506
vn 0.3359 -0.9416 0.0236
vn 0.0592 -0.9527 0.2981
vn -0.2228 -0.8175 0.5311
vn -0.4670 -0.5567 0.6870
vn -0.6364 -0.2098 0.7423
vn -0.7051 0.1702 0.6883
vn -0.6627 0.5255 0.5335
vn -0.6821 -0.2222 -0.6967
vn -0.5156 0.8021 0.3013
vn -0.2862 0.9578 0.0271
vn -0.2514 -0.4221 0.8710
vn -0.2008 -0.0507 0.9783
vn -0.1143 0.3273 0.9380
vn -0.0051 0.6545 0.7561
vn 0.1101 0.8809 0.4603
vn 0.2139 0.9722 0.0957
vn 0.2904 0.9143 -0.2823
vn 0.3280 0.7162 -0.6160
vn 0.3210 0.4080 -0.8547
vn 0.2703 0.0365 -0.9621
vn 0.1839 -0.3415 -0.9217
vn 0.0747 -0.6687 -0.7398
vn -0.0406 -0.8951 -0.4440
vn -0.1443 -0.9863 -0.0794
vn -0.9551 0.1947 -0.2231
vn -0.2209 -0.9285 0.2985
vn -0.2584 -0.7304 0.6323
vn 0.4185 0.1625 -0.8936
vn 0.5828 -0.1765 -0.7932
vn 0.6626 -0.4860 -0.5698
vn 0.6458 -0.7188 -0.2574
vn 0.5350 -0.8393 0.0964
vn 0.3470 -0.8294 0.4379
vn 0.1104 -0.6905 0.7149
vn -0.1388 -0.4437 0.8854
vn -0.3626 -0.1266 0.9233
vn -0.5269 0.2125 0.8230
vn -0.6067 0.5219 0.5996
vn -0.5899 0.7547 0.2871
vn -0.4791 0.8752 -0.0667
vn -0.2910 0.8653 -0.4082
vn -0.7680 -0.4931 -0.4086
vn -0.0544 0.7264 -0.6851
vn 0.1947 0.4796 -0.8556
vn -0.3019 0.8586 0.4143
vn -0.1533 0.9852 0.0767
vn 0.0235 0.9626 -0.2700
vn 0.2017 0.7942 -0.5732
vn 0.3540 0.5057 -0.7867
vn 0.4574 0.1409 -0.8780
vn 0.4961 -0.2445 -0.8331
vn 0.4641 -0.5918 -0.6590
vn 0.3664 -0.8484 -0.3821
vn 0.2178 -0.9750 -0.0445
vn 0.0410 -0.9523 0.3023
vn -0.1372 -0.7839 0.6055
vn -0.2895 -0.4954 0.8190
vn -0.3929 -0.1307 0.9102
vn -0.8857 -0.1404 -0.4425
vn -0.4316 0.2547 0.8654
vn -0.3996 0.6021 0.6912
vn -0.3402 0.5457 0.7658
vn -0.0447 0.7669 0.6402
vn 0.2610 0.8688 0.4207
vn 0.5304 0.8360 0.1407
vn 0.7225 0.6733 -0.1571
vn 0.8079 0.4056 -0.4274
vn 0.7738 0.0737 -0.6291
vn 0.6253 -0.2720 -0.7314
vn 0.3850 -0.5788 -0.7189
vn 0.0895 -0.8000 -0.5933
vn -0.2163 -0.9020 -0.3737
vn -0.4857 -0.8691 -0.0938
vn -0.6777 -0.7064 0.2040
vn -0.7632 -0.4388 0.4744
vn -0.6145 0.4548 -0.6446
vn -0.7291 -0.1068 0.6761
vn -0.5805 0.2389 0.7784
vn -0.1708 0.9808 0.0945
vn 0.1314 0.9796 -0.1520
vn 0.4170 0.8297 -0.3711
vn 0.6426 0.5539 -0.5294
vn 0.7739 0.1942 -0.6028
vn 0.7909 -0.1948 -0.5802
vn 0.6909 -0.5536 -0.4650
vn 0.4893 -0.8278 -0.2746
vn 0.2167 -0.9755 -0.0382
vn -0.0854 -0.9743 0.2083
vn -0.3710 -0.8244 0.4274
vn -0.5967 -0.5486 0.5857
vn -0.7280 -0.1889 0.6591
vn -0.7449 0.2000 0.6365
vn -0.6307 -0.0725 -0.7726
vn -0.6450 0.5589 0.5212
vn -0.4434 0.8330 0.3309
vn -0.1822 -0.7295 0.6593
vn -0.1954 -0.4146 0.8888
vn -0.1735 -0.0371 0.9841
vn -0.1198 0.3454 0.9308
vn -0.0424 0.6747 0.7369
vn 0.0468 0.9007 0.4319
vn 0.1343 0.9890 0.0623
vn 0.2067 0.9261 -0.3156
vn 0.2531 0.7216 -0.6444
vn 0.2663 0.4067 -0.8739
vn 0.2444 0.0292 -0.9692
vn 0.1906 -0.3532 -0.9159
vn 0.1132 -0.6826 -0.7220
vn 0.0240 -0.9086 -0.4170
vn -0.9729 0.1082 -0.2044
vn -0.0634 -0.9969 -0.0475
vn -0.1359 -0.9340 0.3305
vn 0.3484 0.5595 -0.7521
vn 0.5808 0.2473 -0.7756
vn 0.7286 -0.1000 -0.6777
vn 0.7691 -0.4296 -0.4733
vn 0.6962 -0.6913 -0.1936
vn 0.5210 -0.8452 0.1189
vn 0.2702 -0.8680 0.4166
vn -0.0180 -0.7561 0.6542
vn -0.2999 -0.5267 0.7954
vn -0.5324 -0.2145 0.8189
vn -0.6801 0.1328 0.7210
vn -0.7206 0.4624 0.5166
vn -0.6477 0.7241 0.2369
vn -0.4726 0.8780 -0.0755
vn -0.6653 -0.4508 -0.5951
vn -0.2217 0.9008 -0.3733
vn 0.0665 0.7890 -0.6108
vn -0.4556 0.5675 0.6858
vn -0.3465 0.8362 0.4252
vn -0.1799 0.9783 0.1026
vn 0.0188 0.9723 -0.2329
vn 0.2194 0.8191 -0.5301
vn 0.3913 0.5420 -0.7437
vn 0.5084 0.1831 -0.8415
vn 0.5527 -0.2029 -0.8083
vn 0.5177 -0.5572 -0.6492
vn 0.4086 -0.8259 -0.3886
vn 0.2420 -0.9680 -0.0660
vn 0.0433 -0.9620 0.2695
vn -0.1573 -0.8088 0.5667
vn -0.3292 -0.5316 0.7804
vn -0.8528 -0.1413 -0.5027
vn -0.4462 -0.1728 0.8781
vn -0.4906 0.2132 0.8449
vn -0.4187 0.1464 0.8962
vn -0.1781 0.4524 0.8738
vn 0.0936 0.6866 0.7210
vn 0.3550 0.8134 0.4609
vn 0.5663 0.8134 0.1332
vn 0.6954 0.6866 -0.2122
vn 0.7225 0.4524 -0.5228
vn 0.6436 0.1464 -0.7512
vn 0.4707 -0.1848 -0.8627
vn 0.2301 -0.4908 -0.8403
vn -0.0416 -0.7250 -0.6875
vn -0.3030 -0.8518 -0.4274
vn -0.5143 -0.8518 -0.0997
vn -0.6434 -0.7250 0.2457
vn -0.7139 0.5277 -0.4604
vn -0.6705 -0.4908 0.5563
vn -0.5917 -0.1848 0.7847
vn -0.3621 0.8222 0.4393
vn -0.0740 0.9719 0.2234
vn 0.2289 0.9732 -0.0222
vn 0.5003 0.8258 -0.2602
vn 0.6991 0.5522 -0.4542
vn 0.7949 0.1940 -0.5748
vn 0.7732 -0.1943 -0.6036
vn 0.6373 -0.5534 -0.5363
vn 0.4078 -0.8289 -0.3830
vn 0.1196 -0.9787 -0.1670
vn -0.1831 -0.9799 0.0785
vn -0.4547 -0.8325 0.3165
vn -0.6534 -0.5589 0.5105
vn -0.7493 -0.2007 0.6311
vn -0.6274 0.0925 -0.7732
vn -0.7275 0.1875 0.6599
vn -0.5916 0.5467 0.5926
vn -0.0101 -0.9413 0.3374
vn -0.0793 -0.7423 0.6654
vn -0.1309 -0.4301 0.8933
vn -0.1572 -0.0523 0.9862
vn -0.1541 0.3336 0.9300
vn -0.1222 0.6687 0.7334
vn -0.0662 0.9022 0.4261
vn 0.0054 0.9985 0.0552
vn 0.0815 0.9428 -0.3232
vn 0.1507 0.7437 -0.6513
vn 0.2024 0.4315 -0.8791
vn 0.2286 0.0538 -0.9720
vn 0.2256 -0.3321 -0.9159
vn 0.1936 -0.6672 -0.7193
vn -0.9807 -0.0205 -0.1944
vn 0.1376 -0.9008 -0.4120
vn 0.0661 -0.9970 -0.0410
vn 0.5380 0.5711 -0.6199
vn 0.7180 0.2273 -0.6579
vn 0.7922 -0.1497 -0.5916
vn 0.7493 -0.5026 -0.4312
vn 0.5959 -0.7775 -0.2012
vn 0.3553 -0.9326 0.0635
vn 0.0641 -0.9444 0.3226
vn -0.2333 -0.8109 0.5366
vn -0.4916 -0.5527 0.6729
vn -0.6716 -0.2088 0.7109
vn -0.7458 0.1682 0.6446
vn -0.7029 0.5210 0.4842
vn -0.5495 0.7959 0.2542
vn -0.3089 0.9510 -0.0105
vn -0.6373 -0.2533 -0.7278
vn -0.0177 0.9628 -0.2696
vn 0.2797 0.8294 -0.4836
vn -0.4514 0.5569 0.6972
vn -0.2642 0.8300 0.4913
vn -0.0324 0.9763 0.2139
vn 0.2087 0.9736 -0.0926
vn 0.4223 0.8223 -0.3815
vn 0.5760 0.5453 -0.6090
vn 0.6463 0.1850 -0.7403
vn 0.6226 -0.2039 -0.7555
vn 0.5084 -0.5622 -0.6522
vn 0.3213 -0.8352 -0.4463
vn 0.0894 -0.9816 -0.1689
vn -0.1516 -0.9788 0.1375
vn -0.3652 -0.8275 0.4264
vn -0.5189 -0.5506 0.6539
vn -0.7836 0.0719 -0.6170
vn -0.5892 -0.1902 0.7852
vn -0.5655 0.1987 0.8004
vn -0.5135 0.1146 0.8504
vn -0.2259 0.3733 0.8998
vn 0.0991 0.5713 0.8147
vn 0.4120 0.6784 0.6082
vn 0.6652 0.6784 0.3117
vn 0.8202 0.5713 -0.0296
vn 0.8533 0.3733 -0.3639
vn 0.7596 0.1146 -0.6402
vn 0.5532 -0.1653 -0.8165
vn 0.2657 -0.4240 -0.8658
vn -0.0593 -0.6220 -0.7808
vn -0.3722 -0.7291 -0.5743
vn -0.6255 -0.7291 -0.2778
vn -0.7804 -0.6220 0.0636
vn -0.5460 0.6960 -0.4663
vn -0.8136 -0.4240 0.3979
vn -0.7198 -0.1654 0.6742
vn -0.2837 0.8175 0.5013
vn 0.0527 0.9373 0.3446
vn 0.3838 0.9127 0.1400
vn 0.6591 0.7477 -0.0812
vn 0.8368 0.4671 -0.2856
vn 0.8898 0.1139 -0.4419
vn 0.8100 -0.2584 -0.5264
vn 0.6096 -0.5929 -0.5262
vn 0.3192 -0.8387 -0.4413
vn -0.0172 -0.9585 -0.2847
vn -0.3484 -0.9339 -0.0801
vn -0.6236 -0.7689 0.1412
vn -0.8013 -0.4883 0.3456
vn -0.8543 -0.1351 0.5019
vn -0.4871 0.2913 -0.8233
vn -0.7745 0.2372 0.5864
vn -0.5742 0.5716 0.5862
vn -0.2101 -0.9569 0.2006
vn -0.2924 -0.7877 0.5422
vn -0.3251 -0.4997 0.8029
vn -0.3031 -0.1365 0.9431
vn -0.2297 0.2465 0.9415
vn -0.1163 0.5909 0.7984
vn 0.0201 0.8444 0.5353
vn 0.1586 0.9684 0.1925
vn 0.2780 0.9440 -0.1778
vn 0.3604 0.7749 -0.5194
vn 0.3930 0.4868 -0.7801
vn 0.3710 0.1236 -0.9204
vn 0.2977 -0.2594 -0.9188
vn 0.1842 -0.6038 -0.7755
vn -0.9331 0.1774 -0.3128
vn 0.0479 -0.8573 -0.5126
vn -0.0906 -0.9813 -0.1697
vn 0.8801 0.4669 0.0862
vn 0.8748 0.2538 0.4127
vn 0.7340 0.0064 0.6791
vn 0.4792 -0.2378 0.8449
vn 0.1491 -0.4415 0.8848
vn -0.2060 -0.5738 0.7927
vn -0.5320 -0.6144 0.5827
vn -0.7793 -0.5573 0.2866
vn -0.9102 -0.4111 -0.0503
vn -0.9049 -0.1980 -0.3768
vn -0.7641 0.0494 -0.6432
vn -0.5092 0.2936 -0.8090
vn -0.1792 0.4973 -0.8489
vn 0.1759 0.6295 -0.7568
vn 0.4131 -0.7658 -0.4929
vn 0.5019 0.6702 -0.5468
vn 0.7492 0.6131 -0.2508
vn -0.6214 0.5156 -0.5899
vn -0.3041 0.7421 -0.5974
vn 0.0576 0.8584 -0.5097
vn 0.4085 0.8470 -0.3401
vn 0.6953 0.7096 -0.1144
vn 0.8742 0.4670 0.1329
vn 0.9181 0.1563 0.3644
vn 0.8202 -0.1754 0.5446
vn 0.5955 -0.4774 0.6462
vn 0.2781 -0.7038 0.6537
vn -0.0836 -0.8202 0.5660
vn -0.4345 -0.8088 0.3964
vn -0.7212 -0.6713 0.1707
vn -0.9002 -0.4288 -0.0767
vn 0.3564 -0.5252 -0.7728
vn -0.9440 -0.1180 -0.3081
vn -0.8461 0.2136 -0.4883
vn -0.8994 0.1877 -0.3947
vn -0.7909 0.5442 -0.2800
vn -0.5644 0.8170 -0.1177
vn -0.2546 0.9647 0.0673
vn 0.0915 0.9647 0.2470
vn 0.4211 0.8170 0.3939
vn 0.6841 0.5442 0.4857
vn 0.8404 0.1877 0.5085
vn 0.8662 -0.1982 0.4587
vn 0.7577 -0.5547 0.3439
vn 0.5312 -0.8275 0.1817
vn 0.2214 -0.9752 -0.0034
vn -0.1247 -0.9752 -0.1830
vn -0.4543 -0.8275 -0.3299
vn 0.4560 0.1439 -0.8783
vn -0.7173 -0.5547 -0.4218
vn -0.8736 -0.1982 -0.4445
vn -0.3223 0.7270 -0.6062
vn -0.0480 0.9144 -0.4021
vn 0.2299 0.9641 -0.1331
vn 0.4689 0.8687 0.1599
vn 0.6327 0.6426 0.4321
vn 0.6963 0.3204 0.6423
vn 0.6501 -0.0490 0.7583
vn 0.5011 -0.4093 0.7625
vn 0.2720 -0.7057 0.6543
vn -0.0024 -0.8930 0.4501
vn -0.2802 -0.9427 0.1811
vn -0.5192 -0.8473 -0.1118
vn -0.6830 -0.6212 -0.3841
vn -0.7467 -0.2990 -0.5942
vn 0.6916 -0.2937 -0.6599
vn -0.7005 0.0704 -0.7102
vn -0.5515 0.4307 -0.7144
vn -0.5036 -0.7930 0.3428
vn -0.7954 -0.5627 0.2252
vn -0.9665 -0.2446 0.0784
vn -0.9907 0.1130 -0.0753
vn -0.8645 0.4555 -0.2124
vn -0.6070 0.7308 -0.3121
vn -0.2575 0.8971 -0.3592
vn 0.1309 0.9289 -0.3465
vn 0.4990 0.8215 -0.2759
vn 0.7909 0.5912 -0.1583
vn 0.9619 0.2730 -0.0115
vn 0.9862 -0.0846 0.1422
vn 0.8600 -0.4271 0.2793
vn 0.6025 -0.7024 0.3790
vn 0.0620 -0.3905 -0.9185
vn 0.2530 -0.8686 0.4260
vn -0.1354 -0.9004 0.4134
vn 0.9510 -0.2456 0.1876
vn 0.7606 -0.5235 0.3841
vn 0.4544 -0.7184 0.5266
vn 0.0793 -0.8009 0.5936
vn -0.3079 -0.7583 0.5747
vn -0.6480 -0.5971 0.4729
vn -0.8894 -0.3418 0.3037
vn -0.9952 -0.0314 0.0928
vn -0.9494 0.2869 -0.1277
vn -0.7589 0.5648 -0.3241
vn -0.4528 0.7597 -0.4666
vn -0.0777 0.8422 -0.5336
vn 0.3095 0.7996 -0.5147
vn 0.6496 0.6384 -0.4129
vn -0.0223 -0.5670 -0.8234
vn 0.8910 0.3831 -0.2437
vn 0.9968 0.0727 -0.0328
vn -0.0798 0.9704 -0.2279
vn 0.3042 0.9375 -0.1688
vn 0.6412 0.7633 -0.0786
vn 0.8799 0.4743 0.0288
vn 0.9839 0.1145 0.1372
vn 0.9374 -0.2614 0.2300
vn 0.7476 -0.5960 0.2931
vn 0.4432 -0.8386 0.3169
vn 0.0706 -0.9520 0.2977
vn -0.3134 -0.9192 0.2386
vn -0.6504 -0.7449 0.1485
vn -0.8891 -0.4559 0.0411
vn -0.9931 -0.0961 -0.0673
vn -0.9466 0.2798 -0.1601
vn 0.1261 -0.2524 -0.9594
vn -0.7567 0.6144 -0.2232
vn -0.4523 0.8570 -0.2470
vn -0.5276 0.8325 -0.1694
vn -0.2569 0.9632 0.0790
vn 0.0494 0.9463 0.3196
vn 0.3448 0.7842 0.5159
vn 0.5843 0.5017 0.6378
vn 0.7315 0.1418 0.6669
vn 0.7639 -0.2407 0.5988
vn 0.6766 -0.5877 0.4437
vn 0.4829 -0.8462 0.2253
vn 0.2123 -0.9769 -0.0231
vn -0.0940 -0.9600 -0.2638
vn -0.3895 -0.7979 -0.4600
vn -0.6290 -0.5154 -0.5820
vn -0.7761 -0.1556 -0.6111
vn 0.6131 0.1887 -0.7671
vn -0.8085 0.2270 -0.5429
vn -0.7212 0.5739 -0.3878
vn 0.2827 0.9419 -0.1813
vn 0.5694 0.8203 0.0535
vn 0.7665 0.5758 0.2844
vn 0.8442 0.2454 0.4765
vn 0.7906 -0.1204 0.6004
vn 0.6138 -0.4659 0.6373
vn 0.3407 -0.7387 0.5816
vn 0.0131 -0.8971 0.4417
vn -0.3194 -0.9170 0.2390
vn -0.6061 -0.7954 0.0043
vn -0.8032 -0.5508 -0.2267
vn -0.8809 -0.2205 -0.4188
vn -0.8273 0.1453 -0.5427
vn -0.6505 0.4909 -0.5796
vn 0.5040 -0.3425 -0.7929
vn -0.3774 0.7636 -0.5239
vn -0.0497 0.9220 -0.3840
vn -0.9244 -0.3814 0.0080
vn -0.9993 0.0001 0.0375
vn -0.9221 0.3812 0.0668
vn -0.7045 0.7038 0.0915
vn -0.3797 0.9188 0.1078
vn 0.0030 0.9936 0.1132
vn 0.3852 0.9166 0.1069
vn 0.7088 0.6997 0.0898
vn 0.9244 0.3758 0.0646
vn 0.9994 -0.0057 0.0351
vn 0.9222 -0.3868 0.0058
vn 0.7046 -0.7094 -0.0189
vn 0.3797 -0.9244 -0.0352
vn -0.0029 -0.9992 -0.0406
vn -0.0010 0.0769 -0.9970
vn -0.3851 -0.9222 -0.0342
vn -0.7087 -0.7053 -0.0172
vn 0.9714 -0.2218 0.0851
vn 0.8075 -0.5295 0.2598
vn 0.5211 -0.7540 0.3998
vn 0.1558 -0.8612 0.4839
vn -0.2329 -0.8346 0.4992
vn -0.5858 -0.6784 0.4433
vn -0.8492 -0.4164 0.3249
vn -0.9828 -0.0883 0.1620
vn -0.9665 0.2557 -0.0208
vn -0.8027 0.5634 -0.1955
vn -0.5163 0.7879 -0.3355
vn -0.1509 0.8951 -0.4196
vn 0.2378 0.8685 -0.4349
vn 0.5907 0.7123 -0.3791
vn -0.0665 -0.4656 -0.8825
vn 0.8540 0.4503 -0.2607
vn 0.9877 0.1222 -0.0977
vn -0.1335 0.9859 -0.1012
vn 0.2549 0.9640 -0.0752
vn 0.6042 0.7962 -0.0323
vn 0.8612 0.5078 0.0210
vn 0.9868 0.1429 0.0766
vn 0.9618 -0.2431 0.1261
vn 0.7900 -0.5913 0.1618
vn 0.4977 -0.8488 0.1784
vn 0.1292 -0.9764 0.1733
vn -0.2592 -0.9545 0.1473
vn -0.6085 -0.7867 0.1044
vn -0.8655 -0.4983 0.0511
vn -0.9911 -0.1334 -0.0045
vn -0.9661 0.2526 -0.0540
vn 0.0588 -0.1306 -0.9897
vn -0.7943 0.6008 -0.0897
vn -0.5020 0.8583 -0.1063
vn -0.5698 0.8213 -0.0269
vn -0.2854 0.9340 0.2148
vn 0.0395 0.9029 0.4281
vn 0.3553 0.7325 0.5806
vn 0.6141 0.4490 0.6491
vn 0.7763 0.0954 0.6231
vn 0.8174 -0.2745 0.5065
vn 0.7310 -0.6042 0.3172
vn 0.5303 -0.8437 0.0839
vn 0.2459 -0.9564 -0.1578
vn -0.0790 -0.9252 -0.3712
vn -0.3949 -0.7548 -0.5237
vn -0.6536 -0.4713 -0.5922
vn -0.8159 -0.1177 -0.5661
vn 0.5429 0.3067 -0.7818
vn -0.8569 0.2521 -0.4496
vn -0.7705 0.5818 -0.2602
vn 0.2323 0.9689 -0.0855
vn 0.5410 0.8337 0.1107
vn 0.7648 0.5728 0.2948
vn 0.8697 0.2260 0.4388
vn 0.8396 -0.1540 0.5208
vn 0.6793 -0.5094 0.5283
vn 0.4130 -0.7859 0.4602
vn 0.0813 -0.9416 0.3268
vn -0.2652 -0.9527 0.1484
vn -0.5739 -0.8175 -0.0478
vn -0.7977 -0.5567 -0.2319
vn -0.9026 -0.2098 -0.3759
vn -0.8726 0.1702 -0.4579
vn -0.7122 0.5255 -0.4654
vn 0.4518 -0.2222 -0.8640
vn -0.4459 0.8021 -0.3973
vn -0.1142 0.9578 -0.2639
vn -0.9060 -0.4222 0.0300
vn -0.9925 -0.0507 0.1114
vn -0.9274 0.3273 0.1812
vn -0.7206 0.6545 0.2288
vn -0.4037 0.8809 0.2470
vn -0.0249 0.9722 0.2330
vn 0.3582 0.9143 0.1890
vn 0.6872 0.7162 0.1216
vn 0.9121 0.4080 0.0411
vn 0.9985 0.0366 -0.0402
vn 0.9334 -0.3415 -0.1100
vn 0.7267 -0.6687 -0.1576
vn 0.4098 -0.8951 -0.1758
vn 0.0309 -0.9863 -0.1618
vn -0.0829 0.1947 -0.9774
vn -0.3522 -0.9285 -0.1178
vn -0.6812 -0.7304 -0.0504
vn 0.9792 0.1625 0.1219
vn 0.9345 -0.1766 0.3092
vn 0.7467 -0.4860 0.4541
vn 0.4444 -0.7188 0.5347
vn 0.0736 -0.8393 0.5386
vn -0.3092 -0.8294 0.4653
vn -0.6458 -0.6904 0.3259
vn -0.8850 -0.4436 0.1416
vn -0.9902 -0.1266 -0.0595
vn -0.9455 0.2125 -0.2468
vn -0.7577 0.5219 -0.3917
vn -0.4554 0.7547 -0.4723
vn -0.0846 0.8752 -0.4762
vn 0.2982 0.8653 -0.4029
vn 0.1513 -0.4931 -0.8567
vn 0.6348 0.7263 -0.2635
vn 0.8739 0.4796 -0.0792
vn -0.4873 0.8586 -0.1591
vn -0.1204 0.9852 -0.1221
vn 0.2641 0.9626 -0.0611
vn 0.6075 0.7942 0.0147
vn 0.8576 0.5057 0.0936
vn 0.9764 0.1409 0.1637
vn 0.9457 -0.2445 0.2144
vn 0.7702 -0.5919 0.2378
vn 0.4766 -0.8484 0.2304
vn 0.1096 -0.9750 0.1934
vn -0.2748 -0.9523 0.1324
vn -0.6182 -0.7840 0.0567
vn -0.8684 -0.4954 -0.0223
vn -0.9871 -0.1307 -0.0924
vn 0.1472 -0.1404 -0.9791
vn -0.9564 0.2547 -0.1431
vn -0.7809 0.6021 -0.1665
vn -0.8335 0.5457 -0.0869
vn -0.6227 0.7669 0.1553
vn -0.3195 0.8688 0.3782
vn 0.0301 0.8360 0.5479
vn 0.3727 0.6733 0.6386
vn 0.6562 0.4056 0.6363
vn 0.8374 0.0737 0.5415
vn 0.8889 -0.2720 0.3687
vn 0.8026 -0.5788 0.1440
vn 0.5918 -0.8000 -0.0982
vn 0.2886 -0.9020 -0.3212
vn -0.0609 -0.8691 -0.4909
vn -0.4035 -0.7065 -0.5815
vn -0.6870 -0.4387 -0.5792
vn 0.4232 0.4548 -0.7836
vn -0.8683 -0.1068 -0.4845
vn -0.9197 0.2389 -0.3116
vn -0.1426 0.9808 -0.1332
vn 0.1852 0.9796 0.0780
vn 0.4818 0.8297 0.2819
vn 0.7021 0.5539 0.4476
vn 0.8125 0.1942 0.5497
vn 0.7962 -0.1948 0.5729
vn 0.6557 -0.5536 0.5134
vn 0.4124 -0.8278 0.3805
vn 0.1033 -0.9755 0.1943
vn -0.2245 -0.9743 -0.0169
vn -0.5211 -0.8244 -0.2208
vn -0.7414 -0.5486 -0.3865
vn -0.8518 -0.1889 -0.4887
vn -0.8355 0.2000 -0.5118
vn 0.5399 -0.0725 -0.8386
vn -0.6950 0.5589 -0.4524
vn -0.4517 0.8330 -0.3194
vn -0.6833 -0.7295 0.0304
vn -0.9057 -0.4146 0.0888
vn -0.9896 -0.0371 0.1391
vn -0.9222 0.3454 0.1737
vn -0.7139 0.6747 0.1874
vn -0.3963 0.9007 0.1780
vn -0.0178 0.9890 0.1470
vn 0.3641 0.9261 0.0991
vn 0.6910 0.7216 0.0416
vn 0.9134 0.4067 -0.0168
vn 0.9973 0.0292 -0.0671
vn 0.9300 -0.3533 -0.1017
vn 0.7217 -0.6826 -0.1154
vn 0.4041 -0.9086 -0.1060
vn -0.1062 0.1082 -0.9884
vn 0.0255 -0.9969 -0.0750
vn -0.3563 -0.9340 -0.0271
vn 0.8229 0.5595 0.0989
vn 0.9171 0.2473 0.3127
vn 0.8696 -0.1000 0.4835
vn 0.6878 -0.4296 0.5852
vn 0.3992 -0.6913 0.6023
vn 0.0479 -0.8452 0.5323
vn -0.3127 -0.8680 0.3857
vn -0.6277 -0.7561 0.1850
vn -0.8492 -0.5267 -0.0394
vn -0.9433 -0.2145 -0.2533
vn -0.8959 0.1328 -0.4240
vn -0.7140 0.4624 -0.5257
vn -0.4255 0.7241 -0.5428
vn -0.0741 0.8780 -0.4728
vn 0.3603 -0.4508 -0.8167
vn 0.2865 0.9008 -0.3263
vn 0.6015 0.7890 -0.1255
vn -0.7931 0.5675 -0.2214
vn -0.5115 0.8361 -0.1982
vn -0.1531 0.9783 -0.1394
vn 0.2273 0.9723 -0.0541
vn 0.5719 0.8191 0.0448
vn 0.8283 0.5419 0.1423
vn 0.9574 0.1831 0.2235
vn 0.9395 -0.2029 0.2759
vn 0.7774 -0.5572 0.2918
vn 0.4958 -0.8259 0.2685
vn 0.1375 -0.9680 0.2098
vn -0.2429 -0.9620 0.1244
vn -0.5876 -0.8088 0.0255
vn -0.8439 -0.5316 -0.0719
vn 0.2146 -0.1413 -0.9664
vn -0.9730 -0.1728 -0.1531
vn -0.9551 0.2132 -0.2056
vn -0.9818 0.1464 -0.1213
vn -0.8861 0.4524 0.1006
vn -0.6568 0.6866 0.3118
vn -0.3286 0.8134 0.4800
vn 0.0483 0.8134 0.5798
vn 0.4167 0.6866 0.5958
vn 0.7204 0.4524 0.5256
vn 0.9133 0.1464 0.3800
vn 0.9659 -0.1848 0.1811
vn 0.8703 -0.4908 -0.0409
vn 0.6409 -0.7250 -0.2520
vn 0.3129 -0.8518 -0.4202
vn -0.0641 -0.8518 -0.5200
vn -0.4325 -0.7250 -0.5359
vn 0.2172 0.5277 -0.8212
vn -0.7363 -0.4908 -0.4658
vn -0.9291 -0.1848 -0.3202
vn -0.5297 0.8221 -0.2086
vn -0.2353 0.9719 -0.0013
vn 0.0919 0.9732 0.2108
vn 0.4021 0.8258 0.3955
vn 0.6480 0.5522 0.5245
vn 0.7924 0.1940 0.5784
vn 0.8130 -0.1943 0.5489
vn 0.7069 -0.5535 0.4403
vn 0.4902 -0.8289 0.2695
vn 0.1959 -0.9787 0.0622
vn -0.1313 -0.9799 -0.1499
vn -0.4415 -0.8325 -0.3346
vn -0.6875 -0.5589 -0.4637
vn -0.8318 -0.2007 -0.5176
vn 0.5414 0.0925 -0.8357
vn -0.8525 0.1875 -0.4880
vn -0.7464 0.5467 -0.3795
vn -0.3240 -0.9413 0.0947
vn -0.6573 -0.7423 0.1302
vn -0.8900 -0.4301 0.1515
vn -0.9865 -0.0523 0.1552
vn -0.9322 0.3336 0.1408
vn -0.7352 0.6687 0.1104
vn -0.4258 0.9022 0.0688
vn -0.0508 0.9985 0.0222
vn 0.3326 0.9428 -0.0224
vn 0.6660 0.7437 -0.0579
vn 0.8986 0.4316 -0.0792
vn 0.9951 0.0538 -0.0829
vn 0.9408 -0.3320 -0.0685
vn 0.7439 -0.6672 -0.0381
vn -0.1182 -0.0205 -0.9928
vn 0.4344 -0.9007 0.0035
vn 0.0594 -0.9970 0.0501
vn 0.7559 0.5711 0.3202
vn 0.8475 0.2273 0.4796
vn 0.8075 -0.1497 0.5706
vn 0.6417 -0.5026 0.5794
vn 0.3755 -0.7774 0.5046
vn 0.0494 -0.9326 0.3575
vn -0.2870 -0.9444 0.1607
vn -0.5824 -0.8110 -0.0560
vn -0.7919 -0.5526 -0.2596
vn -0.8836 -0.2088 -0.4191
vn -0.8435 0.1682 -0.5101
vn -0.6777 0.5210 -0.5189
vn -0.4115 0.7959 -0.4440
vn -0.0854 0.9510 -0.2970
vn 0.4952 -0.2533 -0.8310
vn 0.2509 0.9628 -0.1002
vn 0.5464 0.8294 0.1166
vn -0.8026 0.5569 -0.2138
vn -0.5488 0.8300 -0.0995
vn -0.2135 0.9763 0.0353
vn 0.1525 0.9736 0.1698
vn 0.4934 0.8222 0.2837
vn 0.7572 0.5453 0.3596
vn 0.9038 0.1850 0.3859
vn 0.9109 -0.2039 0.3587
vn 0.7774 -0.5622 0.2820
vn 0.5238 -0.8352 0.1676
vn 0.1883 -0.9816 0.0329
vn -0.1776 -0.9788 -0.1017
vn -0.5184 -0.8275 -0.2156
vn -0.7822 -0.5506 -0.2914
vn 0.3447 0.0719 -0.9360
vn -0.9289 -0.1902 -0.3177
vn -0.9360 0.1987 -0.2905
vn -0.9675 0.1147 -0.2255
vn -0.9256 0.3733 0.0632
vn -0.7442 0.5713 0.3460
vn -0.4512 0.6784 0.5798
vn -0.0909 0.6784 0.7290
vn 0.2816 0.5713 0.7709
vn 0.6098 0.3733 0.6991
vn 0.8436 0.1146 0.5246
vn 0.9475 -0.1654 0.2738
vn 0.9055 -0.4240 -0.0149
vn 0.7242 -0.6220 -0.2977
vn 0.4312 -0.7291 -0.5315
vn 0.0709 -0.7291 -0.6807
vn -0.3017 -0.6220 -0.7226
vn 0.2748 0.6960 -0.6634
vn -0.6298 -0.4240 -0.6508
vn -0.8636 -0.1653 -0.4763
vn -0.5644 0.8175 -0.1149
vn -0.3115 0.9373 0.1566
vn -0.0146 0.9127 0.4083
vn 0.2809 0.7477 0.6017
vn 0.5302 0.4671 0.7076
vn 0.6953 0.1138 0.7097
vn 0.7510 -0.2584 0.6077
vn 0.6889 -0.5928 0.4172
vn 0.5183 -0.8387 0.1671
vn 0.2654 -0.9585 -0.1044
vn -0.0314 -0.9339 -0.3560
vn -0.3270 -0.7689 -0.5495
vn -0.5763 -0.4883 -0.6553
vn -0.7413 -0.1351 -0.6574
vn 0.6325 0.2913 -0.7177
vn -0.7970 0.2371 -0.5554
vn -0.7349 0.5716 -0.3649
vn -0.2557 -0.9569 -0.1378
vn -0.6060 -0.7878 -0.1106
vn -0.8641 -0.4997 -0.0610
vn -0.9906 -0.1366 0.0032
vn -0.9664 0.2465 0.0725
vn -0.7952 0.5909 0.1361
vn -0.5029 0.8444 0.1845
vn -0.1341 0.9684 0.2103
vn 0.2550 0.9440 0.2095
vn 0.6053 0.7748 0.1822
vn 0.8634 0.4868 0.1327
vn 0.9900 0.1236 0.0684
vn 0.9658 -0.2594 -0.0008
vn 0.7945 -0.6038 -0.0645
vn 0.0091 0.1774 -0.9841
vn 0.5022 -0.8573 -0.1129
vn 0.1335 -0.9813 -0.1386
vn 0.3539 0.4668 -0.8104
vn 0.6628 0.2538 -0.7044
vn 0.8727 0.0064 -0.4882
vn 0.9516 -0.2378 -0.1946
vn 0.8875 -0.4415 0.1316
vn 0.6903 -0.5738 0.4409
vn 0.3897 -0.6144 0.6860
vn 0.0318 -0.5573 0.8297
vn -0.3291 -0.4111 0.8501
vn -0.6380 -0.1980 0.7441
vn -0.8479 0.0494 0.5279
vn -0.9268 0.2936 0.2343
vn -0.8627 0.4973 -0.0919
vn -0.6654 0.6295 -0.4012
vn -0.3411 -0.7658 -0.5452
vn -0.3649 0.6702 -0.6463
vn -0.0070 0.6131 -0.7900
vn -0.7531 0.5156 0.4087
vn -0.6621 0.7421 0.1046
vn -0.4669 0.8584 -0.2123
vn -0.1972 0.8470 -0.4936
vn 0.1060 0.7096 -0.6966
vn 0.3966 0.4670 -0.7903
vn 0.6302 0.1563 -0.7605
vn 0.7714 -0.1754 -0.6117
vn 0.7986 -0.4774 -0.3666
vn 0.7076 -0.7038 -0.0625
vn 0.5124 -0.8202 0.2544
vn 0.2427 -0.8088 0.5357
vn -0.0605 -0.6713 0.7387
vn -0.3511 -0.4288 0.8324
vn -0.6248 -0.5252 -0.5778
vn -0.5847 -0.1180 0.8026
vn -0.7259 0.2136 0.6538
vn -0.6533 0.1877 0.7334
vn -0.5107 0.5442 0.6657
vn -0.2864 0.8170 0.5005
vn -0.0147 0.9647 0.2630
vn 0.2631 0.9647 -0.0107
vn 0.5047 0.8170 -0.2787
vn 0.6733 0.5442 -0.5005
vn 0.7433 0.1877 -0.6421
vn 0.7039 -0.1982 -0.6821
vn 0.5612 -0.5547 -0.6143
vn 0.3370 -0.8275 -0.4491
vn 0.0652 -0.9752 -0.2116
vn -0.2126 -0.9752 0.0620
vn -0.4542 -0.8275 0.3301
vn -0.6944 0.1439 -0.7050
vn -0.6228 -0.5547 0.5518
vn -0.6927 -0.1982 0.6935
vn -0.6762 0.7270 0.1192
vn -0.3972 0.9143 -0.0786
vn -0.0555 0.9641 -0.2597
vn 0.2970 0.8687 -0.3965
vn 0.6065 0.6426 -0.4682
vn 0.8260 0.3204 -0.4638
vn 0.9220 -0.0490 -0.3840
vn 0.8800 -0.4093 -0.2409
vn 0.7063 -0.7057 -0.0565
vn 0.4273 -0.8930 0.1414
vn 0.0856 -0.9427 0.3225
vn -0.2668 -0.8473 0.4593
vn -0.5764 -0.6212 0.5309
vn -0.7959 -0.2990 0.5265
vn -0.4139 -0.2937 -0.8616
vn -0.8919 0.0704 0.4467
vn -0.8499 0.4307 0.3037
vn 0.1704 -0.7930 0.5849
vn -0.0316 -0.5627 0.8261
vn -0.2241 -0.2446 0.9434
vn -0.3778 0.1130 0.9190
vn -0.4691 0.4555 0.7566
vn -0.4844 0.7308 0.4809
vn -0.4211 0.8971 0.1339
vn -0.2891 0.9289 -0.2316
vn -0.1082 0.8215 -0.5599
vn 0.0938 0.5911 -0.8011
vn 0.2863 0.2730 -0.9184
vn 0.4400 -0.0845 -0.8940
vn 0.5314 -0.4271 -0.7316
vn 0.5466 -0.7024 -0.4560
vn -0.8544 -0.3905 -0.3428
vn 0.4834 -0.8686 -0.1089
vn 0.3513 -0.9004 0.2565
vn 0.6805 -0.0820 -0.7281
vn 0.9054 -0.1078 -0.4107
vn 0.9933 -0.1118 -0.0308
vn 0.9307 -0.0932 0.3536
vn 0.7273 -0.0550 0.6841
vn 0.4140 -0.0030 0.9103
vn 0.0385 0.0551 0.9977
vn -0.3421 0.1102 0.9332
vn -0.6698 0.1540 0.7264
vn -0.8947 0.1798 0.4089
vn -0.9825 0.1838 0.0291
vn -0.9200 0.1653 -0.3554
vn -0.7166 0.1271 -0.6858
vn -0.4033 0.0750 -0.9120
vn -0.1472 -0.9888 0.0237
vn -0.0277 0.0170 -0.9995
vn 0.3528 -0.0381 -0.9349
vn -0.8155 0.4785 -0.3257
vn -0.5948 0.4769 -0.6471
vn -0.2815 0.4077 -0.8686
vn 0.0768 0.2814 -0.9565
vn 0.4255 0.1171 -0.8974
vn 0.7114 -0.0600 -0.7002
vn 0.8912 -0.2230 -0.3950
vn 0.9374 -0.3472 -0.0283
vn 0.8429 -0.4136 0.3442
vn 0.6222 -0.4121 0.6656
vn 0.3089 -0.3429 0.8872
vn -0.0494 -0.2165 0.9750
vn -0.3980 -0.0523 0.9159
vn -0.6840 0.1249 0.7187
vn -0.3765 -0.8909 -0.2542
vn -0.8638 0.2879 0.4135
vn -0.9099 0.4121 0.0468
vn -0.8773 0.4584 0.1420
vn -0.6948 0.7136 -0.0895
vn -0.4046 0.8628 -0.3029
vn -0.0510 0.8834 -0.4658
vn 0.3124 0.7722 -0.5533
vn 0.6301 0.5461 -0.5520
vn 0.8537 0.2396 -0.4623
vn 0.9493 -0.1007 -0.2978
vn 0.9023 -0.4230 -0.0834
vn 0.7198 -0.6782 0.1481
vn 0.4296 -0.8275 0.3615
vn 0.0759 -0.8481 0.5244
vn -0.2875 -0.7369 0.6119
vn -0.6051 -0.5108 0.6106
vn -0.3422 -0.4852 -0.8046
vn -0.8288 -0.2043 0.5209
vn -0.9244 0.1361 0.3564
vn -0.6145 0.4718 -0.6322
vn -0.2673 0.5485 -0.7923
vn 0.1209 0.5464 -0.8288
vn 0.4910 0.4658 -0.7362
vn 0.7866 0.3190 -0.5286
vn 0.9628 0.1283 -0.2377
vn 0.9927 -0.0771 0.0923
vn 0.8718 -0.2662 0.4112
vn 0.6185 -0.4100 0.6704
vn 0.2712 -0.4866 0.8304
vn -0.1169 -0.4845 0.8669
vn -0.4870 -0.4039 0.7744
vn -0.7827 -0.2571 0.5668
vn -0.9589 -0.0664 0.2759
vn -0.0540 -0.8499 -0.5242
vn -0.9888 0.1390 -0.0541
vn -0.8679 0.3281 -0.3731
vn -0.1340 -0.1896 0.9727
vn -0.3990 0.0900 0.9125
vn -0.5995 0.3598 0.7149
vn -0.7050 0.5787 0.4099
vn -0.6995 0.7132 0.0440
vn -0.5838 0.7431 -0.3271
vn -0.3755 0.6636 -0.6470
vn -0.1063 0.4870 -0.8669
vn 0.1828 0.2401 -0.9534
vn 0.4478 -0.0396 -0.8932
vn 0.6484 -0.3094 -0.6956
vn 0.7539 -0.5282 -0.3907
vn 0.7484 -0.6628 -0.0247
vn 0.6327 -0.6926 0.3464
vn -0.6709 -0.6927 -0.2649
vn 0.4243 -0.6132 0.6663
vn 0.1551 -0.4365 0.8862
vn 0.9442 0.0160 -0.3290
vn 0.9978 -0.0390 0.0533
vn 0.8999 -0.0826 0.4282
vn 0.6653 -0.1081 0.7387
vn 0.3299 -0.1116 0.9374
vn -0.0554 -0.0927 0.9941
vn -0.4319 -0.0542 0.9003
vn -0.7423 -0.0020 0.6701
vn -0.9392 0.0561 0.3386
vn -0.9929 0.1110 -0.0436
vn -0.8949 0.1546 -0.4186
vn -0.6604 0.1801 -0.7290
vn -0.3249 0.1837 -0.9277
vn 0.0604 0.1648 -0.9845
vn -0.0681 -0.9888 -0.1327
vn 0.4369 0.1263 -0.8906
vn 0.7472 0.0740 -0.6604
vn -0.6049 0.4907 -0.6272
vn -0.2611 0.5301 -0.8067
vn 0.1233 0.4937 -0.8608
vn 0.4898 0.3869 -0.7813
vn 0.7825 0.2260 -0.5801
vn 0.9570 0.0355 -0.2880
vn 0.9865 -0.1556 0.0506
vn 0.8667 -0.3182 0.3841
vn 0.6158 -0.4276 0.6618
vn 0.2720 -0.4670 0.8414
vn -0.1125 -0.4306 0.8955
vn -0.4789 -0.3238 0.8160
vn -0.7717 -0.1629 0.6148
vn -0.9461 0.0276 0.3227
vn -0.1492 -0.8667 -0.4761
vn -0.9757 0.2187 -0.0159
vn -0.8559 0.3813 -0.3494
vn -0.8745 0.4176 -0.2465
vn -0.6250 0.7013 -0.3428
vn -0.2809 0.8805 -0.3820
vn 0.1054 0.9278 -0.3579
vn 0.4751 0.8361 -0.2743
vn 0.7718 0.6194 -0.1439
vn 0.9505 0.3106 0.0134
vn 0.9838 -0.0433 0.1738
vn 0.8668 -0.3883 0.3127
vn 0.6173 -0.6720 0.4091
vn 0.2732 -0.8512 0.4482
vn -0.1131 -0.8985 0.4241
vn -0.4828 -0.8068 0.3405
vn -0.7795 -0.5901 0.2102
vn 0.1059 -0.4021 -0.9094
vn -0.9582 -0.2813 0.0528
vn -0.9915 0.0726 -0.1075
vn -0.2850 0.5229 -0.8033
vn 0.0901 0.6255 -0.7750
vn 0.4501 0.6372 -0.6256
vn 0.7401 0.5563 -0.3779
vn 0.9160 0.3951 -0.0695
vn 0.9511 0.1780 0.2525
vn 0.8399 -0.0617 0.5392
vn 0.5994 -0.2877 0.7469
vn 0.2663 -0.4655 0.8440
vn -0.1089 -0.5681 0.8157
vn -0.4688 -0.5798 0.6663
vn -0.7589 -0.4989 0.4186
vn -0.9348 -0.3377 0.1102
vn -0.9698 -0.1206 -0.2118
vn 0.2577 -0.7880 -0.5591
vn -0.8587 0.1191 -0.4985
vn -0.6182 0.3451 -0.7062
vn -0.5546 -0.2989 0.7766
vn -0.7815 -0.0211 0.6236
vn -0.8870 0.2636 0.3790
vn -0.8553 0.5120 0.0801
vn -0.6910 0.6861 -0.2276
vn -0.4191 0.7596 -0.4974
vn -0.0812 0.7212 -0.6880
vn 0.2715 0.5767 -0.7706
vn 0.5851 0.3482 -0.7324
vn 0.8120 0.0704 -0.5795
vn 0.9175 -0.2144 -0.3349
vn 0.8858 -0.4628 -0.0360
vn 0.7215 -0.6369 0.2718
vn 0.4496 -0.7104 0.5415
vn -0.4189 -0.6760 -0.6062
vn 0.1117 -0.6719 0.7321
vn -0.2410 -0.5274 0.8147
vn -0.5142 -0.1088 0.8508
vn -0.8017 -0.1112 0.5873
vn -0.9677 -0.0912 0.2351
vn -0.9870 -0.0518 -0.1523
vn -0.8566 0.0009 -0.5160
vn -0.5964 0.0590 -0.8005
vn -0.2459 0.1136 -0.9626
vn 0.1413 0.1564 -0.9775
vn 0.5065 0.1808 -0.8431
vn 0.7940 0.1832 -0.5796
vn 0.9600 0.1632 -0.2274
vn 0.9793 0.1238 0.1601
vn 0.8489 0.0711 0.5237
vn 0.5887 0.0130 0.8082
vn 0.1051 -0.9888 -0.1057
vn 0.2383 -0.0416 0.9703
vn -0.1490 -0.0844 0.9852
vn 0.8816 0.4405 0.1695
vn 0.7337 0.4253 0.5300
vn 0.4719 0.3504 0.8090
vn 0.1361 0.2271 0.9643
vn -0.2226 0.0744 0.9721
vn -0.5496 -0.0846 0.8312
vn -0.7950 -0.2256 0.5631
vn -0.9216 -0.3273 0.2085
vn -0.9101 -0.3741 -0.1784
vn -0.7622 -0.3588 -0.5388
vn -0.5004 -0.2839 -0.8179
vn -0.1646 -0.1607 -0.9732
vn 0.1941 -0.0080 -0.9809
vn 0.5211 0.1510 -0.8400
vn 0.3911 -0.9123 0.1219
vn 0.7665 0.2921 -0.5719
vn 0.8931 0.3937 -0.2174
vn 0.8428 0.4462 -0.3010
vn 0.7220 0.6915 -0.0231
vn 0.4885 0.8346 0.2545
vn 0.1780 0.8536 0.4896
vn -0.1623 0.7456 0.6463
vn -0.4806 0.5271 0.7008
vn -0.7285 0.2314 0.6448
vn -0.8681 -0.0966 0.4869
vn -0.8783 -0.4069 0.2510
vn -0.7575 -0.6523 -0.0269
vn -0.5240 -0.7954 -0.3046
vn -0.2135 -0.8144 -0.5396
vn 0.1268 -0.7064 -0.6963
vn 0.4451 -0.4879 -0.7509
vn 0.4874 -0.5385 0.6874
vn 0.6930 -0.1922 -0.6949
vn 0.8326 0.1358 -0.5369
vn 0.7497 0.4206 0.5110
vn 0.4468 0.4956 0.7448
vn 0.0751 0.5000 0.8627
vn -0.3087 0.4332 0.8468
vn -0.6462 0.3053 0.6994
vn -0.8862 0.1358 0.4430
vn -0.9919 -0.0495 0.1166
vn -0.9474 -0.2224 -0.2300
vn -0.7594 -0.3565 -0.5442
vn -0.4566 -0.4315 -0.7780
vn -0.0849 -0.4359 -0.8960
vn 0.2989 -0.3691 -0.8800
vn 0.6365 -0.2412 -0.7326
vn 0.8764 -0.0717 -0.4762
vn 0.1342 -0.8798 0.4560
vn 0.9822 0.1136 -0.1498
vn 0.9377 0.2865 0.1968
vn -0.0805 -0.1359 -0.9874
vn 0.2006 0.1338 -0.9705
vn 0.4473 0.3872 -0.8062
vn 0.6221 0.5856 -0.5197
vn 0.6984 0.6988 -0.1545
vn 0.6646 0.7097 0.2338
vn 0.5258 0.6165 0.5861
vn 0.3031 0.4335 0.8487
vn 0.0304 0.1884 0.9816
vn -0.2506 -0.0813 0.9647
vn -0.4974 -0.3346 0.8004
vn -0.6722 -0.5330 0.5139
vn -0.7485 -0.6463 0.1486
vn -0.7147 -0.6571 -0.2397
vn 0.6876 -0.7216 0.0801
vn -0.5758 -0.5639 -0.5919
vn -0.3531 -0.3809 -0.8545
vn 0.6213 0.0673 -0.7807
vn 0.8673 0.1206 -0.4829
vn 0.9806 0.1611 -0.1120
vn 0.9438 0.1826 0.2756
vn 0.7626 0.1817 0.6208
vn 0.4646 0.1586 0.8712
vn 0.0951 0.1169 0.9886
vn -0.2896 0.0629 0.9551
vn -0.6310 0.0048 0.7758
vn -0.8770 -0.0486 0.4780
vn -0.9902 -0.0891 0.1071
vn -0.9535 -0.1106 -0.2805
vn -0.7723 -0.1097 -0.6258
vn -0.4743 -0.0866 -0.8761
vn 0.1330 -0.9888 0.0673
vn -0.1048 -0.0449 -0.9935
vn 0.2799 0.0091 -0.9600
vn -0.9374 0.2204 -0.2697
vn -0.7491 0.2617 -0.6086
vn -0.4460 0.2685 -0.8538
vn -0.0742 0.2399 -0.9680
vn 0.3095 0.1801 -0.9337
vn 0.6469 0.0983 -0.7562
vn 0.8866 0.0069 -0.4625
vn 0.9920 -0.0801 -0.0973
vn 0.9472 -0.1496 0.2837
vn 0.7588 -0.1909 0.6227
vn 0.4557 -0.1977 0.8679
vn 0.0840 -0.1691 0.9820
vn -0.2998 -0.1093 0.9477
vn -0.6372 -0.0275 0.7702
vn -0.1342 -0.9720 -0.1930
vn -0.8768 0.0639 0.4765
vn -0.9823 0.1509 0.1114
vn -0.9568 0.2094 0.2020
vn -0.8691 0.4918 -0.0522
vn -0.6478 0.7027 -0.2943
vn -0.3265 0.8099 -0.4873
vn 0.0460 0.7972 -0.6019
vn 0.4129 0.6665 -0.6208
vn 0.7183 0.4376 -0.5409
vn 0.9158 0.1455 -0.3745
vn 0.9752 -0.1655 -0.1468
vn 0.8876 -0.4479 0.1073
vn 0.6663 -0.6588 0.3494
vn 0.3449 -0.7660 0.5424
vn -0.0275 -0.7533 0.6571
vn -0.3944 -0.6226 0.6759
vn -0.2535 -0.6025 -0.7568
vn -0.6998 -0.3937 0.5960
vn -0.8973 -0.1016 0.4296
vn -0.7655 0.2522 -0.5919
vn -0.4656 0.4118 -0.7834
vn -0.0956 0.5133 -0.8528
vn 0.2882 0.5416 -0.7897
vn 0.6272 0.4921 -0.6037
vn 0.8700 0.3725 -0.3230
vn 0.9796 0.2009 0.0096
vn 0.9392 0.0035 0.3434
vn 0.7550 -0.1897 0.6277
vn 0.4551 -0.3492 0.8191
vn 0.0851 -0.4508 0.8886
vn -0.2986 -0.4790 0.8255
vn -0.6377 -0.4295 0.6394
vn -0.8805 -0.3099 0.3588
vn 0.1439 -0.8594 -0.4907
vn -0.9900 -0.1383 0.0262
vn -0.9497 0.0591 -0.3077
vn -0.0047 -0.1664 0.9860
vn -0.3401 0.0270 0.9400
vn -0.6212 0.2210 0.7519
vn -0.8050 0.3862 0.4503
vn -0.8637 0.4974 0.0812
vn -0.7883 0.5376 -0.2993
vn -0.5903 0.5007 -0.6331
vn -0.2997 0.3924 -0.8696
vn 0.0390 0.2292 -0.9726
vn 0.3745 0.0358 -0.9265
vn 0.6555 -0.1582 -0.7384
vn 0.8394 -0.3234 -0.4368
vn 0.8981 -0.4346 -0.0677
vn 0.8227 -0.4748 0.3127
vn -0.4717 -0.8622 -0.1847
vn 0.6246 -0.4379 0.6466
vn 0.3341 -0.3297 0.8830
vn -0.5539 -0.0739 -0.8293
vn -0.1937 -0.1040 -0.9755
vn 0.1962 -0.1128 -0.9741
vn 0.5562 -0.0990 -0.8251
vn 0.8318 -0.0646 -0.5513
vn 0.9808 -0.0149 -0.1945
vn 0.9806 0.0426 0.1912
vn 0.8313 0.0991 0.5469
vn 0.5555 0.1459 0.8186
vn 0.1953 0.1761 0.9648
vn -0.1945 0.1849 0.9633
vn -0.5546 0.1710 0.8144
vn -0.8301 0.1366 0.5406
vn -0.9791 0.0869 0.1837
vn -0.0229 -0.9888 0.1473
vn -0.9790 0.0294 -0.2019
vn -0.8296 -0.0270 -0.5577
vn -0.4978 0.4837 0.7199
vn -0.7602 0.4858 0.4314
vn -0.9049 0.4189 0.0756
vn -0.9099 0.2931 -0.2935
vn -0.7745 0.1277 -0.6196
vn -0.5193 -0.0523 -0.8530
vn -0.1831 -0.2194 -0.9583
vn 0.1829 -0.3482 -0.9194
vn 0.5229 -0.4191 -0.7422
vn 0.7853 -0.4212 -0.4538
vn 0.9300 -0.3543 -0.0979
vn 0.9350 -0.2285 0.2711
vn 0.7996 -0.0631 0.5972
vn 0.5444 0.1169 0.8307
vn -0.3448 -0.8871 0.3070
vn 0.2082 0.2840 0.9359
vn -0.1578 0.4128 0.8970
vn -0.0571 0.4579 0.8872
vn -0.2374 0.7157 0.6568
vn -0.3768 0.8671 0.3257
vn -0.4540 0.8892 -0.0559
vn -0.4573 0.7786 -0.4297
vn -0.3862 0.5520 -0.7390
vn -0.2514 0.2441 -0.9366
vn -0.0736 -0.0984 -0.9924
vn 0.1203 -0.4233 -0.8980
vn 0.3006 -0.6811 -0.6676
vn 0.4400 -0.8326 -0.3365
vn 0.5172 -0.8547 0.0451
vn 0.5205 -0.7440 0.4189
vn 0.4494 -0.5174 0.7282
vn -0.8676 -0.4747 0.1481
vn 0.3146 -0.2095 0.9258
vn 0.1368 0.1330 0.9816
vn -0.7503 0.4806 0.4540
vn -0.8255 0.5587 0.0795
vn -0.7722 0.5565 -0.3067
vn -0.5983 0.4742 -0.6459
vn -0.3304 0.3244 -0.8864
vn -0.0092 0.1299 -0.9915
vn 0.3163 -0.0798 -0.9453
vn 0.5967 -0.2725 -0.7548
vn 0.7891 -0.4192 -0.4490
vn 0.8644 -0.4973 -0.0745
vn 0.8110 -0.4951 0.3118
vn 0.6371 -0.4128 0.6509
vn 0.3692 -0.2630 0.8914
vn 0.0480 -0.0684 0.9965
vn -0.5332 -0.8432 -0.0688
vn -0.2775 0.1411 0.9503
vn -0.5578 0.3340 0.7598
vn 0.9137 -0.2015 0.3530
vn 0.7979 0.0793 0.5975
vn 0.5630 0.3518 0.7478
vn 0.2447 0.5746 0.7810
vn -0.1085 0.7137 0.6920
vn -0.4429 0.7480 0.4944
vn -0.7075 0.6722 0.2182
vn -0.8621 0.4979 -0.0945
vn -0.8831 0.2516 -0.3960
vn -0.7673 -0.0292 -0.6406
vn -0.5324 -0.3017 -0.7909
vn -0.2141 -0.5244 -0.8241
vn 0.1391 -0.6635 -0.7351
vn 0.4735 -0.6978 -0.5375
vn -0.4201 -0.6883 0.5914
vn 0.7381 -0.6220 -0.2613
vn 0.8927 -0.4478 0.0514
vt 0.250000 0.490000
vt 0.250000 0.250000
vt 0.341844 0.471731
vt 0.419706 0.419706
vt 0.471731 0.341844
vt 0.490000 0.250000
vt 0.471731 0.158156
vt 0.419706 0.080294
vt 0.341844 0.028269
vt 0.250000 0.010000
vt 0.158156 0.028269
vt 0.080294 0.080294
vt 0.028269 0.158156
vt 0.010000 0.250000
vt 0.028269 0.341844
vt 0.080294 0.419706
vt 0.750000 0.490000
vt 0.841844 0.471731
vt 0.919706 0.419706
vt 0.971731 0.341844
vt 0.990000 0.250000
vt 0.971731 0.158156
vt 0.919706 0.080294
vt 0.841844 0.028269
vt 0.750000 0.010000
vt 0.658156 0.028269
vt 0.580294 0.080294
vt 0.528269 0.158156
vt 0.510000 0.250000
vt 0.528269 0.341844
vt 0.580294 0.419706
vt 0.658156 0.471731
vt 0.158156 0.471731
s 0
f 1/1/1 17/2/1 2/3/1
f 2/3/2 17/2/2 3/4/2
f 3/4/3 17/2/3 4/5/3
f 4/5/4 17/2/4 5/6/4
f 5/6/5 17/2/5 6/7/5
f 6/7/6 17/2/6 7/8/6
f 7/8/7 17/2/7 8/9/7
f 8/9/8 17/2/8 9/10/8
f 9/10/9 17/2/9 10/11/9
f 10/11/10 17/2/10 11/12/10
f 11/12/11 17/2/11 12/13/11
f 12/13/12 17/2/12 13/14/12
f 13/14/13 17/2/13 14/15/13
f 14/15/14 17/2/14 15/16/14
f 1/17/15 2/18/15 3/19/15 4/20/15 5/21/15 6/22/15 7/23/15 8/24/15 9/25/15 10/26/15 11/27/15 12/28/15 13/29/15 14/30/15 15/31/15 16/32/15
f 15/16/16 17/2/16 16/33/16
f 16/33/17 17/2/17 1/1/17
f 18/1/18 34/2/18 19/3/18
f 19/3/19 34/2/19 20/4/19
f 20/4/20 34/2/20 21/5/20
f 21/5/21 34/2/21 22/6/21
f 22/6/22 34/2/22 23/7/22
f 23/7/23 34/2/23 24/8/23
f 24/8/24 34/2/24 25/9/24
f 25/9/25 34/2/25 26/10/25
f 26/10/26 34/2/26 27/11/26
f 27/11/27 34/2/27 28/12/27
f 28/12/28 34/2/28 29/13/28
f 29/13/29 34/2/29 30/14/29
f 30/14/30 34/2/30 31/15/30
f 31/15/31 34/2/31 32/16/31
f 18/17/32 19/18/32 20/19/32 21/20/32 22/21/32 23/22/32 24/23/32 25/24/32 26/25/32 27/26/32 28/27/32 29/28/32 30/29/32 31/30/32 32/31/32 33/32/32
f 32/16/33 34/2/33 33/33/33
f 33/33/34 34/2/34 18/1/34
f 35/1/35 51/2/35 36/3/35
f 36/3/36 51/2/36 37/4/36
f 37/4/37 51/2/37 38/5/37
f 38/5/38 51/2/38 39/6/38
f 39/6/39 51/2/39 40/7/39
f 40/7/40 51/2/40 41/8/40
f 41/8/41 51/2/41 42/9/41
f 42/9/42 51/2/42 43/10/42
f 43/10/43 51/2/43 44/11/43
f 44/11/44 51/2/44 45/12/44
f 45/12/45 51/2/45 46/13/45
f 46/13/46 51/2/46 47/14/46
f 47/14/47 51/2/47 48/15/47
f 48/15/48 51/2/48 49/16/48
f 35/17/49 36/18/49 37/19/49 38/20/49 39/21/49 40/22/49 41/23/49 42/24/49 43/25/49 44/26/49 45/27/49 46/28/49 47/29/49 48/30/49 49/31/49 50/32/49
f 49/16/50 51/2/50 50/33/50
f 50/33/51 51/2/51 35/1/51
f 52/1/52 68/2/52 53/3/52
f 53/3/53 68/2/53 54/4/53
f 54/4/54 68/2/54 55/5/54
f 55/5/55 68/2/55 56/6/55
f 56/6/56 68/2/56 57/7/56
f 57/7/57 68/2/57 58/8/57
f 58/8/58 68/2/58 59/9/58
f 59/9/59 68/2/59 60/10/59
f 60/10/60 68/2/60 61/11/60
f 61/11/61 68/2/61 62/12/61
f 62/12/62 68/2/62 63/13/62
f 63/13/63 68/2/63 64/14/63
f 64/14/64 68/2/64 65/15/64
f 65/15/65 68/2/65 66/16/65
f 52/17/66 53/18/66 54/19/66 55/20/66 56/21/66 57/22/66 58/23/66 59/24/66 60/25/66 61/26/66 62/27/66 63/28/66 64/29/66 65/30/66 66/31/66 67/32/66
f 66/16/67 68/2/67 67/33/67
f 67/33/68 68/2/68 52/1/68
f 69/1/69 85/2/69 70/3/69
f 70/3/70 85/2/70 71/4/70
f 71/4/71 85/2/71 72/5/71
f 72/5/72 85/2/72 73/6/72
f 73/6/73 85/2/73 74/7/73
f 74/7/74 85/2/74 75/8/74
f 75/8/75 85/2/75 76/9/75
f 76/9/76 85/2/76 77/10/76
f 77/10/77 85/2/77 78/11/77
f 78/11/78 85/2/78 79/12/78
f 79/12/79 85/2/79 80/13/79
f 80/13/80 85/2/80 81/14/80
f 81/14/81 85/2/81 82/15/81
f 82/15/82 85/2/82 83/16/82
f 69/17/83 70/18/83 71/19/83 72/20/83 73/21/83 74/22/83 75/23/83 76/24/83 77/25/83 78/26/83 79/27/83 80/28/83 81/29/83 82/30/83 83/31/83 84/32/83
f 83/16/84 85/2/84 84/33/84
f 84/33/85 85/2/85 69/1/85
f 86/1/86 102/2/86 87/3/86
f 87/3/87 102/2/87 88/4/87
f 88/4/88 102/2/88 89/5/88
f 89/5/89 102/2/89 90/6/89
f 90/6/90 102/2/90 91/7/90
f 91/7/91 102/2/91 92/8/91
f 92/8/92 102/2/92 93/9/92
f 93/9/93 102/2/93 94/10/93
f 94/10/94 102/2/94 95/11/94
f 95/11/95 102/2/95 96/12/95
f 96/12/96 102/2/96 97/13/96
f 97/13/97 102/2/97 98/14/97
f 98/14/98 102/2/98 99/15/98
f 99/15/99 102/2/99 100/16/99
f 86/17/100 87/18/100 88/19/100 89/20/100 90/21/100 91/22/100 92/23/100 93/24/100 94/25/100 95/26/100 96/27/100 97/28/100 98/29/100 99/30/100 100/31/100 101/32/100
f 100/16/101 102/2/101 101/33/101
f 101/33/102 102/2/102 86/1/102
f 103/1/103 119/2/103 104/3/103
f 104/3/104 119/2/104 105/4/104
f 105/4/105 119/2/105 106/5/105
f 106/5/106 119/2/106 107/6/106
f 107/6/107 119/2/107 108/7/107
f 108/7/108 119/2/108 109/8/108
f 109/8/109 119/2/109 110/9/109
f 110/9/110 119/2/110 111/10/110
f 111/10/111 119/2/111 112/11/111
f 112/11/112 119/2/112 113/12/112
f 113/12/113 119/2/113 114/13/113
f 114/13/114 119/2/114 115/14/114
f 115/14/115 119/2/115 116/15/115
f 116/15/116 119/2/116 117/16/116
f 103/17/117 104/18/117 105/19/117 106/20/117 107/21/117 108/22/117 109/23/117 110/24/117 111/25/117 112/26/117 113/27/117 114/28/117 115/29/117 116/30/117 117/31/117 118/32/117
f 117/16/118 119/2/118 118/33/118
f 118/33/119 119/2/119 103/1/119
f 120/1/120 136/2/120 121/3/120
f 121/3/121 136/2/121 122/4/121
f 122/4/122 136/2/122 123/5/122
f 123/5/123 136/2/123 124/6/123
f 124/6/124 136/2/124 125/7/124
f 125/7/125 136/2/125 126/8/125
f 126/8/126 136/2/126 127/9/126
f 127/9/127 136/2/127 128/10/127
f 128/10/128 136/2/128 129/11/128
f 129/11/129 136/2/129 130/12/129
f 130/12/130 136/2/130 131/13/130
f 131/13/131 136/2/131 132/14/131
f 132/14/132 136/2/132 133/15/132
f 133/15/133 136/2/133 134/16/133
f 120/17/134 121/18/134 122/19/134 123/20/134 124/21/134 125/22/134 126/23/134 127/24/134 128/25/134 129/26/134 130/27/134 131/28/134 132/29/134 133/30/134 134/31/134 135/32/134
f 134/16/135 136/2/135 135/33/135
f 135/33/136 136/2/136 120/1/136
f 137/1/137 153/2/137 138/3/137
f 138/3/138 153/2/138 139/4/138
f 139/4/139 153/2/139 140/5/139
f 140/5/140 153/2/140 141/6/140
f 141/6/141 153/2/141 142/7/141
f 142/7/142 153/2/142 143/8/142
f 143/8/143 153/2/143 144/9/143
f 144/9/144 153/2/144 145/10/144
f 145/10/145 153/2/145 146/11/145
f 146/11/146 153/2/146 147/12/146
f 147/12/147 153/2/147 148/13/147
f 148/13/148 153/2/148 149/14/148
f 149/14/149 153/2/149 150/15/149
f 150/15/150 153/2/150 151/16/150
f 137/17/151 138/18/151 139/19/151 140/20/151 141/21/151 142/22/151 143/23/151 144/24/151 145/25/151 146/26/151 147/27/151 148/28/151 149/29/151 150/30/151 151/31/151 152/32/151
f 151/16/152 153/2/152 152/33/152
f 152/33/153 153/2/153 137/1/153
f 154/1/154 170/2/154 155/3/154
f 155/3/155 170/2/155 156/4/155
f 156/4/156 170/2/156 157/5/156
f 157/5/157 170/2/157 158/6/157
f 158/6/158 170/2/158 159/7/158
f 159/7/159 170/2/159 160/8/159
f 160/8/160 170/2/160 161/9/160
f 161/9/161 170/2/161 162/10/161
f 162/10/162 170/2/162 163/11/162
f 163/11/163 170/2/163 164/12/163
f 164/12/164 170/2/164 165/13/164
f 165/13/165 170/2/165 166/14/165
f 166/14/166 170/2/166 167/15/166
f 167/15/167 170/2/167 168/16/167
f 154/17/168 155/18/168 156/19/168 157/20/168 158/21/168 159/22/168 160/23/168 161/24/168 162/25/168 163/26/168 164/27/168 165/28/168 166/29/168 167/30/168 168/31/168 169/32/168
f 168/16/169 170/2/169 169/33/169
f 169/33/170 170/2/170 154/1/170
f 171/1/171 187/2/171 172/3/171
f 172/3/172 187/2/172 173/4/172
f 173/4/173 187/2/173 174/5/173
f 174/5/174 187/2/174 175/6/174
f 175/6/175 187/2/175 176/7/175
f 176/7/176 187/2/176 177/8/176
f 177/8/177 187/2/177 178/9/177
f 178/9/178 187/2/178 179/10/178
f 179/10/179 187/2/179 180/11/179
f 180/11/180 187/2/180 181/12/180
f 181/12/181 187/2/181 182/13/181
f 182/13/182 187/2/182 183/14/182
f 183/14/183 187/2/183 184/15/183
f 184/15/184 187/2/184 185/16/184
f 171/17/185 172/18/185 173/19/185 174/20/185 175/21/185 176/22/185 177/23/185 178/24/185 179/25/185 180/26/185 181/27/185 182/28/185 183/29/185 184/30/185 185/31/185 186/32/185
f 185/16/186 187/2/186 186/33/186
f 186/33/187 187/2/187 171/1/187
f 188/1/188 204/2/188 189/3/188
f 189/3/189 204/2/189 190/4/189
f 190/4/190 204/2/190 191/5/190
f 191/5/191 204/2/191 192/6/191
f 192/6/192 204/2/192 193/7/192
f 193/7/193 204/2/193 194/8/193
f 194/8/194 204/2/194 195/9/194
f 195/9/195 204/2/195 196/10/195
f 196/10/196 204/2/196 197/11/196
f 197/11/197 204/2/197 198/12/197
f 198/12/198 204/2/198 199/13/198
f 199/13/199 204/2/199 200/14/199
f 200/14/200 204/2/200 201/15/200
f 201/15/201 204/2/201 202/16/201
f 188/17/202 189/18/202 190/19/202 191/20/202 192/21/202 193/22/202 194/23/202 195/24/202 196/25/202 197/26/202 198/27/202 199/28/202 200/29/202 201/30/202 202/31/202 203/32/202
f 202/16/203 204/2/203 203/33/203
f 203/33/204 204/2/204 188/1/204
f 205/1/205 221/2/205 206/3/205
f 206/3/206 221/2/206 207/4/206
f 207/4/207 221/2/207 208/5/207
f 208/5/208 221/2/208 209/6/208
f 209/6/209 221/2/209 210/7/209
f 210/7/210 221/2/210 211/8/210
f 211/8/211 221/2/211 212/9/211
f 212/9/212 221/2/212 213/10/212
f 213/10/213 221/2/213 214/11/213
f 214/11/214 221/2/214 215/12/214
f 215/12/215 221/2/215 216/13/215
f 216/13/216 221/2/216 217/14/216
f 217/14/217 221/2/217 218/15/217
f 218/15/218 221/2/218 219/16/218
f 205/17/219 206/18/219 207/19/219 208/20/219 209/21/219 210/22/219 211/23/219 212/24/219 213/25/219 214/26/219 215/27/219 216/28/219 217/29/219 218/30/219 219/31/219 220/32/219
f 219/16/220 221/2/220 220/33/220
f 220/33/221 221/2/221 205/1/221
f 222/1/222 238/2/222 223/3/222
f 223/3/223 238/2/223 224/4/223
f 224/4/224 238/2/224 225/5/224
f 225/5/225 238/2/225 226/6/225
f 226/6/226 238/2/226 227/7/226
f 227/7/227 238/2/227 228/8/227
f 228/8/228 238/2/228 229/9/228
f 229/9/229 238/2/229 230/10/229
f 230/10/230 238/2/230 231/11/230
f 231/11/231 238/2/231 232/12/231
f 232/12/232 238/2/232 233/13/232
f 233/13/233 238/2/233 234/14/233
f 234/14/234 238/2/234 235/15/234
f 235/15/235 238/2/235 236/16/235
f 222/17/236 223/18/236 224/19/236 225/20/236 226/21/236 227/22/236 228/23/236 229/24/236 230/25/236 231/26/236 232/27/236 233/28/236 234/29/236 235/30/236 236/31/236 237/32/236
f 236/16/237 238/2/237 237/33/237
f 237/33/238 238/2/238 222/1/238
f 239/1/239 255/2/239 240/3/239
f 240/3/240 255/2/240 241/4/240
f 241/4/241 255/2/241 242/5/241
f 242/5/242 255/2/242 243/6/242
f 243/6/243 255/2/243 244/7/243
f 244/7/244 255/2/244 245/8/244
f 245/8/245 255/2/245 246/9/245
f 246/9/246 255/2/246 247/10/246
f 247/10/247 255/2/247 248/11/247
f 248/11/248 255/2/248 249/12/248
f 249/12/249 255/2/249 250/13/249
f 250/13/250 255/2/250 251/14/250
f 251/14/251 255/2/251 252/15/251
f 252/15/252 255/2/252 253/16/252
f 239/17/253 240/18/253 241/19/253 242/20/253 243/21/253 244/22/253 245/23/253 246/24/253 247/25/253 248/26/253 249/27/253 250/28/253 251/29/253 252/30/253 253/31/253 254/32/253
f 253/16/254 255/2/254 254/33/254
f 254/33/255 255/2/255 239/1/255
f 256/1/256 272/2/256 257/3/256
f 257/3/257 272/2/257 258/4/257
f 258/4/258 272/2/258 259/5/258
f 259/5/259 272/2/259 260/6/259
f 260/6/260 272/2/260 261/7/260
f 261/7/261 272/2/261 262/8/261
f 262/8/262 272/2/262 263/9/262
f 263/9/263 272/2/263 264/10/263
f 264/10/264 272/2/264 265/11/264
f 265/11/265 272/2/265 266/12/265
f 266/12/266 272/2/266 267/13/266
f 267/13/267 272/2/267 268/14/267
f 268/14/268 272/2/268 269/15/268
f 269/15/269 272/2/269 270/16/269
f 256/17/270 257/18/270 258/19/270 259/20/270 260/21/270 261/22/270 262/23/270 263/24/270 264/25/270 265/26/270 266/27/270 267/28/270 268/29/270 269/30/270 270/31/270 271/32/270
f 270/16/271 272/2/271 271/33/271
f 271/33/272 272/2/272 256/1/272
f 273/1/273 289/2/273 274/3/273
f 274/3/274 289/2/274 275/4/274
f 275/4/275 289/2/275 276/5/275
f 276/5/276 289/2/276 277/6/276
f 277/6/277 289/2/277 278/7/277
f 278/7/278 289/2/278 279/8/278
f 279/8/279 289/2/279 280/9/279
f 280/9/280 289/2/280 281/10/280
f 281/10/281 289/2/281 282/11/281
f 282/11/282 289/2/282 283/12/282
f 283/12/283 289/2/283 284/13/283
f 284/13/284 289/2/284 285/14/284
f 285/14/285 289/2/285 286/15/285
f 286/15/286 289/2/286 287/16/286
f 273/17/287 274/18/287 275/19/287 276/20/287 277/21/287 278/22/287 279/23/287 280/24/287 281/25/287 282/26/287 283/27/287 284/28/287 285/29/287 286/30/287 287/31/287 288/32/287
f 287/16/288 289/2/288 288/33/288
f 288/33/289 289/2/289 273/1/289
f 290/1/290 306/2/290 291/3/290
f 291/3/291 306/2/291 292/4/291
f 292/4/292 306/2/292 293/5/292
f 293/5/293 306/2/293 294/6/293
f 294/6/294 306/2/294 295/7/294
f 295/7/295 306/2/295 296/8/295
f 296/8/296 306/2/296 297/9/296
f 297/9/297 306/2/297 298/10/297
f 298/10/298 306/2/298 299/11/298
f 299/11/299 306/2/299 300/12/299
f 300/12/300 306/2/300 301/13/300
f 301/13/301 306/2/301 302/14/301
f 302/14/302 306/2/302 303/15/302
f 303/15/303 306/2/303 304/16/303
f 290/17/304 291/18/304 292/19/304 293/20/304 294/21/304 295/22/304 296/23/304 297/24/304 298/25/304 299/26/304 300/27/304 301/28/304 302/29/304 303/30/304 304/31/304 305/32/304
f 304/16/305 306/2/305 305/33/305
f 305/33/306 306/2/306 290/1/306
f 307/1/307 323/2/307 308/3/307
f 308/3/308 323/2/308 309/4/308
f 309/4/309 323/2/309 310/5/309
f 310/5/310 323/2/310 311/6/310
f 311/6/311 323/2/311 312/7/311
f 312/7/312 323/2/312 313/8/312
f 313/8/313 323/2/313 314/9/313
f 314/9/314 323/2/314 315/10/314
f 315/10/315 323/2/315 316/11/315
f 316/11/316 323/2/316 317/12/316
f 317/12/317 323/2/317 318/13/317
f 318/13/318 323/2/318 319/14/318
f 319/14/319 323/2/319 320/15/319
f 320/15/320 323/2/320 321/16/320
f 307/17/321 308/18/321 309/19/321 310/20/321 311/21/321 312/22/321 313/23/321 314/24/321 315/25/321 316/26/321 317/27/321 318/28/321 319/29/321 320/30/321 321/31/321 322/32/321
f 321/16/322 323/2/322 322/33/322
f 322/33/323 323/2/323 307/1/323
f 324/1/324 340/2/324 325/3/324
f 325/3/325 340/2/325 326/4/325
f 326/4/326 340/2/326 327/5/326
f 327/5/327 340/2/327 328/6/327
f 328/6/328 340/2/328 329/7/328
f 329/7/329 340/2/329 330/8/329
f 330/8/330 340/2/330 331/9/330
f 331/9/331 340/2/331 332/10/331
f 332/10/332 340/2/332 333/11/332
f 333/11/333 340/2/333 334/12/333
f 334/12/334 340/2/334 335/13/334
f 335/13/335 340/2/335 336/14/335
f 336/14/336 340/2/336 337/15/336
f 337/15/337 340/2/337 338/16/337
f 324/17/338 325/18/338 326/19/338 327/20/338 328/21/338 329/22/338 330/23/338 331/24/338 332/25/338 333/26/338 334/27/338 335/28/338 336/29/338 337/30/338 338/31/338 339/32/338
f 338/16/339 340/2/339 339/33/339
f 339/33/340 340/2/340 324/1/340
f 341/1/341 357/2/341 342/3/341
f 342/3/342 357/2/342 343/4/342
f 343/4/343 357/2/343 344/5/343
f 344/5/344 357/2/344 345/6/344
f 345/6/345 357/2/345 346/7/345
f 346/7/346 357/2/346 347/8/346
f 347/8/347 357/2/347 348/9/347
f 348/9/348 357/2/348 349/10/348
f 349/10/349 357/2/349 350/11/349
f 350/11/350 357/2/350 351/12/350
f 351/12/351 357/2/351 352/13/351
f 352/13/352 357/2/352 353/14/352
f 353/14/353 357/2/353 354/15/353
f 354/15/354 357/2/354 355/16/354
f 341/17/355 342/18/355 343/19/355 344/20/355 345/21/355 346/22/355 347/23/355 348/24/355 349/25/355 350/26/355 351/27/355 352/28/355 353/29/355 354/30/355 355/31/355 356/32/355
f 355/16/356 357/2/356 356/33/356
f 356/33/357 357/2/357 341/1/357
f 358/1/358 374/2/358 359/3/358
f 359/3/359 374/2/359 360/4/359
f 360/4/360 374/2/360 361/5/360
f 361/5/361 374/2/361 362/6/361
f 362/6/362 374/2/362 363/7/362
f 363/7/363 374/2/363 364/8/363
f 364/8/364 374/2/364 365/9/364
f 365/9/365 374/2/365 366/10/365
f 366/10/366 374/2/366 367/11/366
f 367/11/367 374/2/367 368/12/367
f 368/12/368 374/2/368 369/13/368
f 369/13/369 374/2/369 370/14/369
f 370/14/370 374/2/370 371/15/370
f 371/15/371 374/2/371 372/16/371
f 358/17/372 359/18/372 360/19/372 361/20/372 362/21/372 363/22/372 364/23/372 365/24/372 366/25/372 367/26/372 368/27/372 369/28/372 370/29/372 371/30/372 372/31/372 373/32/372
f 372/16/373 374/2/373 373/33/373
f 373/33/374 374/2/374 358/1/374
f 375/1/375 391/2/375 376/3/375
f 376/3/376 391/2/376 377/4/376
f 377/4/377 391/2/377 378/5/377
f 378/5/378 391/2/378 379/6/378
f 379/6/379 391/2/379 380/7/379
f 380/7/380 391/2/380 381/8/380
f 381/8/381 391/2/381 382/9/381
f 382/9/382 391/2/382 383/10/382
f 383/10/383 391/2/383 384/11/383
f 384/11/384 391/2/384 385/12/384
f 385/12/385 391/2/385 386/13/385
f 386/13/386 391/2/386 387/14/386
f 387/14/387 391/2/387 388/15/387
f 388/15/388 391/2/388 389/16/388
f 375/17/389 376/18/389 377/19/389 378/20/389 379/21/389 380/22/389 381/23/389 382/24/389 383/25/389 384/26/389 385/27/389 386/28/389 387/29/389 388/30/389 389/31/389 390/32/389
f 389/16/390 391/2/390 390/33/390
f 390/33/391 391/2/391 375/1/391
f 392/1/392 408/2/392 393/3/392
f 393/3/393 408/2/393 394/4/393
f 394/4/394 408/2/394 395/5/394
f 395/5/395 408/2/395 396/6/395
f 396/6/396 408/2/396 397/7/396
f 397/7/397 408/2/397 398/8/397
f 398/8/398 408/2/398 399/9/398
f 399/9/399 408/2/399 400/10/399
f 400/10/400 408/2/400 401/11/400
f 401/11/401 408/2/401 402/12/401
f 402/12/402 408/2/402 403/13/402
f 403/13/403 408/2/403 404/14/403
f 404/14/404 408/2/404 405/15/404
f 405/15/405 408/2/405 406/16/405
f 392/17/406 393/18/406 394/19/406 395/20/406 396/21/406 397/22/406 398/23/406 399/24/406 400/25/406 401/26/406 402/27/406 403/28/406 404/29/406 405/30/406 406/31/406 407/32/406
f 406/16/407 408/2/407 407/33/407
f 407/33/408 408/2/408 392/1/408
f 409/1/409 425/2/409 410/3/409
f 410/3/410 425/2/410 411/4/410
f 411/4/411 425/2/411 412/5/411
f 412/5/412 425/2/412 413/6/412
f 413/6/413 425/2/413 414/7/413
f 414/7/414 425/2/414 415/8/414
f 415/8/415 425/2/415 416/9/415
f 416/9/416 425/2/416 417/10/416
f 417/10/417 425/2/417 418/11/417
f 418/11/418 425/2/418 419/12/418
f 419/12/419 425/2/419 420/13/419
f 420/13/420 425/2/420 421/14/420
f 421/14/421 425/2/421 422/15/421
f 422/15/422 425/2/422 423/16/422
f 409/17/423 410/18/423 411/19/423 412/20/423 413/21/423 414/22/423 415/23/423 416/24/423 417/25/423 418/26/423 419/27/423 420/28/423 421/29/423 422/30/423 423/31/423 424/32/423
f 423/16/424 425/2/424 424/33/424
f 424/33/425 425/2/425 409/1/425
f 426/1/426 442/2/426 427/3/426
f 427/3/427 442/2/427 428/4/427
f 428/4/428 442/2/428 429/5/428
f 429/5/429 442/2/429 430/6/429
f 430/6/430 442/2/430 431/7/430
f 431/7/431 442/2/431 432/8/431
f 432/8/432 442/2/432 433/9/432
f 433/9/433 442/2/433 434/10/433
f 434/10/434 442/2/434 435/11/434
f 435/11/435 442/2/435 436/12/435
f 436/12/436 442/2/436 437/13/436
f 437/13/437 442/2/437 438/14/437
f 438/14/438 442/2/438 439/15/438
f 439/15/439 442/2/439 440/16/439
f 426/17/440 427/18/440 428/19/440 429/20/440 430/21/440 431/22/440 432/23/440 433/24/440 434/25/440 435/26/440 436/27/440 437/28/440 438/29/440 439/30/440 440/31/440 441/32/440
f 440/16/441 442/2/441 441/33/441
f 441/33/442 442/2/442 426/1/442
f 443/1/443 459/2/443 444/3/443
f 444/3/444 459/2/444 445/4/444
f 445/4/445 459/2/445 446/5/445
f 446/5/446 459/2/446 447/6/446
f 447/6/447 459/2/447 448/7/447
f 448/7/448 459/2/448 449/8/448
f 449/8/449 459/2/449 450/9/449
f 450/9/450 459/2/450 451/10/450
f 451/10/451 459/2/451 452/11/451
f 452/11/452 459/2/452 453/12/452
f 453/12/453 459/2/453 454/13/453
f 454/13/454 459/2/454 455/14/454
f 455/14/455 459/2/455 456/15/455
f 456/15/456 459/2/456 457/16/456
f 443/17/457 444/18/457 445/19/457 446/20/457 447/21/457 448/22/457 449/23/457 450/24/457 451/25/457 452/26/457 453/27/457 454/28/457 455/29/457 456/30/457 457/31/457 458/32/457
f 457/16/458 459/2/458 458/33/458
f 458/33/459 459/2/459 443/1/459
f 460/1/460 476/2/460 461/3/460
f 461/3/461 476/2/461 462/4/461
f 462/4/462 476/2/462 463/5/462
f 463/5/463 476/2/463 464/6/463
f 464/6/464 476/2/464 465/7/464
f 465/7/465 476/2/465 466/8/465
f 466/8/466 476/2/466 467/9/466
f 467/9/467 476/2/467 468/10/467
f 468/10/468 476/2/468 469/11/468
f 469/11/469 476/2/469 470/12/469
f 470/12/470 476/2/470 471/13/470
f 471/13/471 476/2/471 472/14/471
f 472/14/472 476/2/472 473/15/472
f 473/15/473 476/2/473 474/16/473
f 460/17/474 461/18/474 462/19/474 463/20/474 464/21/474 465/22/474 466/23/474 467/24/474 468/25/474 469/26/474 470/27/474 471/28/474 472/29/474 473/30/474 474/31/474 475/32/474
f 474/16/475 476/2/475 475/33/475
f 475/33/476 476/2/476 460/1/476
f 477/1/477 493/2/477 478/3/477
f 478/3/478 493/2/478 479/4/478
f 479/4/479 493/2/479 480/5/479
f 480/5/480 493/2/480 481/6/480
f 481/6/481 493/2/481 482/7/481
f 482/7/482 493/2/482 483/8/482
f 483/8/483 493/2/483 484/9/483
f 484/9/484 493/2/484 485/10/484
f 485/10/485 493/2/485 486/11/485
f 486/11/486 493/2/486 487/12/486
f 487/12/487 493/2/487 488/13/487
f 488/13/488 493/2/488 489/14/488
f 489/14/489 493/2/489 490/15/489
f 490/15/490 493/2/490 491/16/490
f 477/17/491 478/18/491 479/19/491 480/20/491 481/21/491 482/22/491 483/23/491 484/24/491 485/25/491 486/26/491 487/27/491 488/28/491 489/29/491 490/30/491 491/31/491 492/32/491
f 491/16/492 493/2/492 492/33/492
f 492/33/493 493/2/493 477/1/493
f 494/1/494 510/2/494 495/3/494
f 495/3/495 510/2/495 496/4/495
f 496/4/496 510/2/496 497/5/496
f 497/5/497 510/2/497 498/6/497
f 498/6/498 510/2/498 499/7/498
f 499/7/499 510/2/499 500/8/499
f 500/8/500 510/2/500 501/9/500
f 501/9/501 510/2/501 502/10/501
f 502/10/502 510/2/502 503/11/502
f 503/11/503 510/2/503 504/12/503
f 504/12/504 510/2/504 505/13/504
f 505/13/505 510/2/505 506/14/505
f 506/14/506 510/2/506 507/15/506
f 507/15/507 510/2/507 508/16/507
f 494/17/508 495/18/508 496/19/508 497/20/508 498/21/508 499/22/508 500/23/508 501/24/508 502/25/508 503/26/508 504/27/508 505/28/508 506/29/508 507/30/508 508/31/508 509/32/508
f 508/16/509 510/2/509 509/33/509
f 509/33/510 510/2/510 494/1/510
f 511/1/511 527/2/511 512/3/511
f 512/3/512 527/2/512 513/4/512
f 513/4/513 527/2/513 514/5/513
f 514/5/514 527/2/514 515/6/514
f 515/6/515 527/2/515 516/7/515
f 516/7/516 527/2/516 517/8/516
f 517/8/517 527/2/517 518/9/517
f 518/9/518 527/2/518 519/10/518
f 519/10/519 527/2/519 520/11/519
f 520/11/520 527/2/520 521/12/520
f 521/12/521 527/2/521 522/13/521
f 522/13/522 527/2/522 523/14/522
f 523/14/523 527/2/523 524/15/523
f 524/15/524 527/2/524 525/16/524
f 511/17/525 512/18/525 513/19/525 514/20/525 515/21/525 516/22/525 517/23/525 518/24/525 519/25/525 520/26/525 521/27/525 522/28/525 523/29/525 524/30/525 525/31/525 526/32/525
f 525/16/526 527/2/526 526/33/526
f 526/33/527 527/2/527 511/1/527
f 528/1/528 544/2/528 529/3/528
f 529/3/529 544/2/529 530/4/529
f 530/4/530 544/2/530 531/5/530
f 531/5/531 544/2/531 532/6/531
f 532/6/532 544/2/532 533/7/532
f 533/7/533 544/2/533 534/8/533
f 534/8/534 544/2/534 535/9/534
f 535/9/535 544/2/535 536/10/535
f 536/10/536 544/2/536 537/11/536
f 537/11/537 544/2/537 538/12/537
f 538/12/538 544/2/538 539/13/538
f 539/13/539 544/2/539 540/14/539
f 540/14/540 544/2/540 541/15/540
f 541/15/541 544/2/541 542/16/541
f 528/17/542 529/18/542 530/19/542 531/20/542 532/21/542 533/22/542 534/23/542 535/24/542 536/25/542 537/26/542 538/27/542 539/28/542 540/29/542 541/30/542 542/31/542 543/32/542
f 542/16/543 544/2/543 543/33/543
f 543/33/544 544/2/544 528/1/544
f 545/1/545 561/2/545 546/3/545
f 546/3/546 561/2/546 547/4/546
f 547/4/547 561/2/547 548/5/547
f 548/5/548 561/2/548 549/6/548
f 549/6/549 561/2/549 550/7/549
f 550/7/550 561/2/550 551/8/550
f 551/8/551 561/2/551 552/9/551
f 552/9/552 561/2/552 553/10/552
f 553/10/553 561/2/553 554/11/553
f 554/11/554 561/2/554 555/12/554
f 555/12/555 561/2/555 556/13/555
f 556/13/556 561/2/556 557/14/556
f 557/14/557 561/2/557 558/15/557
f 558/15/558 561/2/558 559/16/558
f 545/17/559 546/18/559 547/19/559 548/20/559 549/21/559 550/22/559 551/23/559 552/24/559 553/25/559 554/26/559 555/27/559 556/28/559 557/29/559 558/30/559 559/31/559 560/32/559
f 559/16/560 561/2/560 560/33/560
f 560/33/561 561/2/561 545/1/561
f 562/1/562 578/2/562 563/3/562
f 563/3/563 578/2/563 564/4/563
f 564/4/564 578/2/564 565/5/564
f 565/5/565 578/2/565 566/6/565
f 566/6/566 578/2/566 567/7/566
f 567/7/567 578/2/567 568/8/567
f 568/8/568 578/2/568 569/9/568
f 569/9/569 578/2/569 570/10/569
f 570/10/570 578/2/570 571/11/570
f 571/11/571 578/2/571 572/12/571
f 572/12/572 578/2/572 573/13/572
f 573/13/573 578/2/573 574/14/573
f 574/14/574 578/2/574 575/15/574
f 575/15/575 578/2/575 576/16/575
f 562/17/576 563/18/576 564/19/576 565/20/576 566/21/576 567/22/576 568/23/576 569/24/576 570/25/576 571/26/576 572/27/576 573/28/576 574/29/576 575/30/576 576/31/576 577/32/576
f 576/16/577 578/2/577 577/33/577
f 577/33/578 578/2/578 562/1/578
f 579/1/579 595/2/579 580/3/579
f 580/3/580 595/2/580 581/4/580
f 581/4/581 595/2/581 582/5/581
f 582/5/582 595/2/582 583/6/582
f 583/6/583 595/2/583 584/7/583
f 584/7/584 595/2/584 585/8/584
f 585/8/585 595/2/585 586/9/585
f 586/9/586 595/2/586 587/10/586
f 587/10/587 595/2/587 588/11/587
f 588/11/588 595/2/588 589/12/588
f 589/12/589 595/2/589 590/13/589
f 590/13/590 595/2/590 591/14/590
f 591/14/591 595/2/591 592/15/591
f 592/15/592 595/2/592 593/16/592
f 579/17/593 580/18/593 581/19/593 582/20/593 583/21/593 584/22/593 585/23/593 586/24/593 587/25/593 588/26/593 589/27/593 590/28/593 591/29/593 592/30/593 593/31/593 594/32/593
f 593/16/594 595/2/594 594/33/594
f 594/33/595 595/2/595 579/1/595
f 596/1/596 612/2/596 597/3/596
f 597/3/597 612/2/597 598/4/597
f 598/4/598 612/2/598 599/5/598
f 599/5/599 612/2/599 600/6/599
f 600/6/600 612/2/600 601/7/600
f 601/7/601 612/2/601 602/8/601
f 602/8/602 612/2/602 603/9/602
f 603/9/603 612/2/603 604/10/603
f 604/10/604 612/2/604 605/11/604
f 605/11/605 612/2/605 606/12/605
f 606/12/606 612/2/606 607/13/606
f 607/13/607 612/2/607 608/14/607
f 608/14/608 612/2/608 609/15/608
f 609/15/609 612/2/609 610/16/609
f 596/17/610 597/18/610 598/19/610 599/20/610 600/21/610 601/22/610 602/23/610 603/24/610 604/25/610 605/26/610 606/27/610 607/28/610 608/29/610 609/30/610 610/31/610 611/32/610
f 610/16/611 612/2/611 611/33/611
f 611/33/612 612/2/612 596/1/612
f 613/1/613 629/2/613 614/3/613
f 614/3/614 629/2/614 615/4/614
f 615/4/615 629/2/615 616/5/615
f 616/5/616 629/2/616 617/6/616
f 617/6/617 629/2/617 618/7/617
f 618/7/618 629/2/618 619/8/618
f 619/8/619 629/2/619 620/9/619
f 620/9/620 629/2/620 621/10/620
f 621/10/621 629/2/621 622/11/621
f 622/11/622 629/2/622 623/12/622
f 623/12/623 629/2/623 624/13/623
f 624/13/624 629/2/624 625/14/624
f 625/14/625 629/2/625 626/15/625
f 626/15/626 629/2/626 627/16/626
f 613/17/627 614/18/627 615/19/627 616/20/627 617/21/627 618/22/627 619/23/627 620/24/627 621/25/627 622/26/627 623/27/627 624/28/627 625/29/627 626/30/627 627/31/627 628/32/627
f 627/16/628 629/2/628 628/33/628
f 628/33/629 629/2/629 613/1/629
f 630/1/630 646/2/630 631/3/630
f 631/3/631 646/2/631 632/4/631
f 632/4/632 646/2/632 633/5/632
f 633/5/633 646/2/633 634/6/633
f 634/6/634 646/2/634 635/7/634
f 635/7/635 646/2/635 636/8/635
f 636/8/636 646/2/636 637/9/636
f 637/9/637 646/2/637 638/10/637
f 638/10/638 646/2/638 639/11/638
f 639/11/639 646/2/639 640/12/639
f 640/12/640 646/2/640 641/13/640
f 641/13/641 646/2/641 642/14/641
f 642/14/642 646/2/642 643/15/642
f 643/15/643 646/2/643 644/16/643
f 630/17/644 631/18/644 632/19/644 633/20/644 634/21/644 635/22/644 636/23/644 637/24/644 638/25/644 639/26/644 640/27/644 641/28/644 642/29/644 643/30/644 644/31/644 645/32/644
f 644/16/645 646/2/645 645/33/645
f 645/33/646 646/2/646 630/1/646
f 647/1/647 663/2/647 648/3/647
f 648/3/648 663/2/648 649/4/648
f 649/4/649 663/2/649 650/5/649
f 650/5/650 663/2/650 651/6/650
f 651/6/651 663/2/651 652/7/651
f 652/7/652 663/2/652 653/8/652
f 653/8/653 663/2/653 654/9/653
f 654/9/654 663/2/654 655/10/654
f 655/10/655 663/2/655 656/11/655
f 656/11/656 663/2/656 657/12/656
f 657/12/657 663/2/657 658/13/657
f 658/13/658 663/2/658 659/14/658
f 659/14/659 663/2/659 660/15/659
f 660/15/660 663/2/660 661/16/660
f 647/17/661 648/18/661 649/19/661 650/20/661 651/21/661 652/22/661 653/23/661 654/24/661 655/25/661 656/26/661 657/27/661 658/28/661 659/29/661 660/30/661 661/31/661 662/32/661
f 661/16/662 663/2/662 662/33/662
f 662/33/663 663/2/663 647/1/663
f 664/1/664 680/2/664 665/3/664
f 665/3/665 680/2/665 666/4/665
f 666/4/666 680/2/666 667/5/666
f 667/5/667 680/2/667 668/6/667
f 668/6/668 680/2/668 669/7/668
f 669/7/669 680/2/669 670/8/669
f 670/8/670 680/2/670 671/9/670
f 671/9/671 680/2/671 672/10/671
f 672/10/672 680/2/672 673/11/672
f 673/11/673 680/2/673 674/12/673
f 674/12/674 680/2/674 675/13/674
f 675/13/675 680/2/675 676/14/675
f 676/14/676 680/2/676 677/15/676
f 677/15/677 680/2/677 678/16/677
f 664/17/678 665/18/678 666/19/678 667/20/678 668/21/678 669/22/678 670/23/678 671/24/678 672/25/678 673/26/678 674/27/678 675/28/678 676/29/678 677/30/678 678/31/678 679/32/678
f 678/16/679 680/2/679 679/33/679
f 679/33/680 680/2/680 664/1/680
f 681/1/681 697/2/681 682/3/681
f 682/3/682 697/2/682 683/4/682
f 683/4/683 697/2/683 684/5/683
f 684/5/684 697/2/684 685/6/684
f 685/6/685 697/2/685 686/7/685
f 686/7/686 697/2/686 687/8/686
f 687/8/687 697/2/687 688/9/687
f 688/9/688 697/2/688 689/10/688
f 689/10/689 697/2/689 690/11/689
f 690/11/690 697/2/690 691/12/690
f 691/12/691 697/2/691 692/13/691
f 692/13/692 697/2/692 693/14/692
f 693/14/693 697/2/693 694/15/693
f 694/15/694 697/2/694 695/16/694
f 681/17/695 682/18/695 683/19/695 684/20/695 685/21/695 686/22/695 687/23/695 688/24/695 689/25/695 690/26/695 691/27/695 692/28/695 693/29/695 694/30/695 695/31/695 696/32/695
f 695/16/696 697/2/696 696/33/696
f 696/33/697 697/2/697 681/1/697
f 698/1/698 714/2/698 699/3/698
f 699/3/699 714/2/699 700/4/699
f 700/4/700 714/2/700 701/5/700
f 701/5/701 714/2/701 702/6/701
f 702/6/702 714/2/702 703/7/702
f 703/7/703 714/2/703 704/8/703
f 704/8/704 714/2/704 705/9/704
f 705/9/705 714/2/705 706/10/705
f 706/10/706 714/2/706 707/11/706
f 707/11/707 714/2/707 708/12/707
f 708/12/708 714/2/708 709/13/708
f 709/13/709 714/2/709 710/14/709
f 710/14/710 714/2/710 711/15/710
f 711/15/711 714/2/711 712/16/711
f 698/17/712 699/18/712 700/19/712 701/20/712 702/21/712 703/22/712 704/23/712 705/24/712 706/25/712 707/26/712 708/27/712 709/28/712 710/29/712 711/30/712 712/31/712 713/32/712
f 712/16/713 714/2/713 713/33/713
f 713/33/714 714/2/714 698/1/714
f 715/1/715 731/2/715 716/3/715
f 716/3/716 731/2/716 717/4/716
f 717/4/717 731/2/717 718/5/717
f 718/5/718 731/2/718 719/6/718
f 719/6/719 731/2/719 720/7/719
f 720/7/720 731/2/720 721/8/720
f 721/8/721 731/2/721 722/9/721
f 722/9/722 731/2/722 723/10/722
f 723/10/723 731/2/723 724/11/723
f 724/11/724 731/2/724 725/12/724
f 725/12/725 731/2/725 726/13/725
f 726/13/726 731/2/726 727/14/726
f 727/14/727 731/2/727 728/15/727
f 728/15/728 731/2/728 729/16/728
f 715/17/729 716/18/729 717/19/729 718/20/729 719/21/729 720/22/729 721/23/729 722/24/729 723/25/729 724/26/729 725/27/729 726/28/729 727/29/729 728/30/729 729/31/729 730/32/729
f 729/16/730 731/2/730 730/33/730
f 730/33/731 731/2/731 715/1/731
f 732/1/732 748/2/732 733/3/732
f 733/3/733 748/2/733 734/4/733
f 734/4/734 748/2/734 735/5/734
f 735/5/735 748/2/735 736/6/735
f 736/6/736 748/2/736 737/7/736
f 737/7/737 748/2/737 738/8/737
f 738/8/738 748/2/738 739/9/738
f 739/9/739 748/2/739 740/10/739
f 740/10/740 748/2/740 741/11/740
f 741/11/741 748/2/741 742/12/741
f 742/12/742 748/2/742 743/13/742
f 743/13/743 748/2/743 744/14/743
f 744/14/744 748/2/744 745/15/744
f 745/15/745 748/2/745 746/16/745
f 732/17/746 733/18/746 734/19/746 735/20/746 736/21/746 737/22/746 738/23/746 739/24/746 740/25/746 741/26/746 742/27/746 743/28/746 744/29/746 745/30/746 746/31/746 747/32/746
f 746/16/747 748/2/747 747/33/747
f 747/33/748 748/2/748 732/1/748
f 749/1/749 765/2/749 750/3/749
f 750/3/750 765/2/750 751/4/750
f 751/4/751 765/2/751 752/5/751
f 752/5/752 765/2/752 753/6/752
f 753/6/753 765/2/753 754/7/753
f 754/7/754 765/2/754 755/8/754
f 755/8/755 765/2/755 756/9/755
f 756/9/756 765/2/756 757/10/756
f 757/10/757 765/2/757 758/11/757
f 758/11/758 765/2/758 759/12/758
f 759/12/759 765/2/759 760/13/759
f 760/13/760 765/2/760 761/14/760
f 761/14/761 765/2/761 762/15/761
f 762/15/762 765/2/762 763/16/762
f 749/17/763 750/18/763 751/19/763 752/20/763 753/21/763 754/22/763 755/23/763 756/24/763 757/25/763 758/26/763 759/27/763 760/28/763 761/29/763 762/30/763 763/31/763 764/32/763
f 763/16/764 765/2/764 764/33/764
f 764/33/765 765/2/765 749/1/765
f 766/1/766 782/2/766 767/3/766
f 767/3/767 782/2/767 768/4/767
f 768/4/768 782/2/768 769/5/768
f 769/5/769 782/2/769 770/6/769
f 770/6/770 782/2/770 771/7/770
f 771/7/771 782/2/771 772/8/771
f 772/8/772 782/2/772 773/9/772
f 773/9/773 782/2/773 774/10/773
f 774/10/774 782/2/774 775/11/774
f 775/11/775 782/2/775 776/12/775
f 776/12/776 782/2/776 777/13/776
f 777/13/777 782/2/777 778/14/777
f 778/14/778 782/2/778 779/15/778
f 779/15/779 782/2/779 780/16/779
f 766/17/780 767/18/780 768/19/780 769/20/780 770/21/780 771/22/780 772/23/780 773/24/780 774/25/780 775/26/780 776/27/780 777/28/780 778/29/780 779/30/780 780/31/780 781/32/780
f 780/16/781 782/2/781 781/33/781
f 781/33/782 782/2/782 766/1/782
f 783/1/783 799/2/783 784/3/783
f 784/3/784 799/2/784 785/4/784
f 785/4/785 799/2/785 786/5/785
f 786/5/786 799/2/786 787/6/786
f 787/6/787 799/2/787 788/7/787
f 788/7/788 799/2/788 789/8/788
f 789/8/789 799/2/789 790/9/789
f 790/9/790 799/2/790 791/10/790
f 791/10/791 799/2/791 792/11/791
f 792/11/792 799/2/792 793/12/792
f 793/12/793 799/2/793 794/13/793
f 794/13/794 799/2/794 795/14/794
f 795/14/795 799/2/795 796/15/795
f 796/15/796 799/2/796 797/16/796
f 783/17/797 784/18/797 785/19/797 786/20/797 787/21/797 788/22/797 789/23/797 790/24/797 791/25/797 792/26/797 793/27/797 794/28/797 795/29/797 796/30/797 797/31/797 798/32/797
f 797/16/798 799/2/798 798/33/798
f 798/33/799 799/2/799 783/1/799
f 800/1/800 816/2/800 801/3/800
f 801/3/801 816/2/801 802/4/801
f 802/4/802 816/2/802 803/5/802
f 803/5/803 816/2/803 804/6/803
f 804/6/804 816/2/804 805/7/804
f 805/7/805 816/2/805 806/8/805
f 806/8/806 816/2/806 807/9/806
f 807/9/807 816/2/807 808/10/807
f 808/10/808 816/2/808 809/11/808
f 809/11/809 816/2/809 810/12/809
f 810/12/810 816/2/810 811/13/810
f 811/13/811 816/2/811 812/14/811
f 812/14/812 816/2/812 813/15/812
f 813/15/813 816/2/813 814/16/813
f 800/17/814 801/18/814 802/19/814 803/20/814 804/21/814 805/22/814 806/23/814 807/24/814 808/25/814 809/26/814 810/27/814 811/28/814 812/29/814 813/30/814 814/31/814 815/32/814
f 814/16/815 816/2/815 815/33/815
f 815/33/816 816/2/816 800/1/816
f 817/1/817 833/2/817 818/3/817
f 818/3/818 833/2/818 819/4/818
f 819/4/819 833/2/819 820/5/819
f 820/5/820 833/2/820 821/6/820
f 821/6/821 833/2/821 822/7/821
f 822/7/822 833/2/822 823/8/822
f 823/8/823 833/2/823 824/9/823
f 824/9/824 833/2/824 825/10/824
f 825/10/825 833/2/825 826/11/825
f 826/11/826 833/2/826 827/12/826
f 827/12/827 833/2/827 828/13/827
f 828/13/828 833/2/828 829/14/828
f 829/14/829 833/2/829 830/15/829
f 830/15/830 833/2/830 831/16/830
f 817/17/831 818/18/831 819/19/831 820/20/831 821/21/831 822/22/831 823/23/831 824/24/831 825/25/831 826/26/831 827/27/831 828/28/831 829/29/831 830/30/831 831/31/831 832/32/831
f 831/16/832 833/2/832 832/33/832
f 832/33/833 833/2/833 817/1/833
f 834/1/834 850/2/834 835/3/834
f 835/3/835 850/2/835 836/4/835
f 836/4/836 850/2/836 837/5/836
f 837/5/837 850/2/837 838/6/837
f 838/6/838 850/2/838 839/7/838
f 839/7/839 850/2/839 840/8/839
f 840/8/840 850/2/840 841/9/840
f 841/9/841 850/2/841 842/10/841
f 842/10/842 850/2/842 843/11/842
f 843/11/843 850/2/843 844/12/843
f 844/12/844 850/2/844 845/13/844
f 845/13/845 850/2/845 846/14/845
f 846/14/846 850/2/846 847/15/846
f 847/15/847 850/2/847 848/16/847
f 834/17/848 835/18/848 836/19/848 837/20/848 838/21/848 839/22/848 840/23/848 841/24/848 842/25/848 843/26/848 844/27/848 845/28/848 846/29/848 847/30/848 848/31/848 849/32/848
f 848/16/849 850/2/849 849/33/849
f 849/33/850 850/2/850 834/1/850
f 851/1/851 867/2/851 852/3/851
f 852/3/852 867/2/852 853/4/852
f 853/4/853 867/2/853 854/5/853
f 854/5/854 867/2/854 855/6/854
f 855/6/855 867/2/855 856/7/855
f 856/7/856 867/2/856 857/8/856
f 857/8/857 867/2/857 858/9/857
f 858/9/858 867/2/858 859/10/858
f 859/10/859 867/2/859 860/11/859
f 860/11/860 867/2/860 861/12/860
f 861/12/861 867/2/861 862/13/861
f 862/13/862 867/2/862 863/14/862
f 863/14/863 867/2/863 864/15/863
f 864/15/864 867/2/864 865/16/864
f 851/17/865 852/18/865 853/19/865 854/20/865 855/21/865 856/22/865 857/23/865 858/24/865 859/25/865 860/26/865 861/27/865 862/28/865 863/29/865 864/30/865 865/31/865 866/32/865
f 865/16/866 867/2/866 866/33/866
f 866/33/867 867/2/867 851/1/867
f 868/1/868 884/2/868 869/3/868
f 869/3/869 884/2/869 870/4/869
f 870/4/870 884/2/870 871/5/870
f 871/5/871 884/2/871 872/6/871
f 872/6/872 884/2/872 873/7/872
f 873/7/873 884/2/873 874/8/873
f 874/8/874 884/2/874 875/9/874
f 875/9/875 884/2/875 876/10/875
f 876/10/876 884/2/876 877/11/876
f 877/11/877 884/2/877 878/12/877
f 878/12/878 884/2/878 879/13/878
f 879/13/879 884/2/879 880/14/879
f 880/14/880 884/2/880 881/15/880
f 881/15/881 884/2/881 882/16/881
f 868/17/882 869/18/882 870/19/882 871/20/882 872/21/882 873/22/882 874/23/882 875/24/882 876/25/882 877/26/882 878/27/882 879/28/882 880/29/882 881/30/882 882/31/882 883/32/882
f 882/16/883 884/2/883 883/33/883
f 883/33/884 884/2/884 868/1/884
f 885/1/885 901/2/885 886/3/885
f 886/3/886 901/2/886 887/4/886
f 887/4/887 901/2/887 888/5/887
f 888/5/888 901/2/888 889/6/888
f 889/6/889 901/2/889 890/7/889
f 890/7/890 901/2/890 891/8/890
f 891/8/891 901/2/891 892/9/891
f 892/9/892 901/2/892 893/10/892
f 893/10/893 901/2/893 894/11/893
f 894/11/894 901/2/894 895/12/894
f 895/12/895 901/2/895 896/13/895
f 896/13/896 901/2/896 897/14/896
f 897/14/897 901/2/897 898/15/897
f 898/15/898 901/2/898 899/16/898
f 885/17/899 886/18/899 887/19/899 888/20/899 889/21/899 890/22/899 891/23/899 892/24/899 893/25/899 894/26/899 895/27/899 896/28/899 897/29/899 898/30/899 899/31/899 900/32/899
f 899/16/900 901/2/900 900/33/900
f 900/33/901 901/2/901 885/1/901
f 902/1/902 918/2/902 903/3/902
f 903/3/903 918/2/903 904/4/903
f 904/4/904 918/2/904 905/5/904
f 905/5/905 918/2/905 906/6/905
f 906/6/906 918/2/906 907/7/906
f 907/7/907 918/2/907 908/8/907
f 908/8/908 918/2/908 909/9/908
f 909/9/909 918/2/909 910/10/909
f 910/10/910 918/2/910 911/11/910
f 911/11/911 918/2/911 912/12/911
f 912/12/912 918/2/912 913/13/912
f 913/13/913 918/2/913 914/14/913
f 914/14/914 918/2/914 915/15/914
f 915/15/915 918/2/915 916/16/915
f 902/17/916 903/18/916 904/19/916 905/20/916 906/21/916 907/22/916 908/23/916 909/24/916 910/25/916 911/26/916 912/27/916 913/28/916 914/29/916 915/30/916 916/31/916 917/32/916
f 916/16/917 918/2/917 917/33/917
f 917/33/918 918/2/918 902/1/918
f 919/1/919 935/2/919 920/3/919
f 920/3/920 935/2/920 921/4/920
f 921/4/921 935/2/921 922/5/921
f 922/5/922 935/2/922 923/6/922
f 923/6/923 935/2/923 924/7/923
f 924/7/924 935/2/924 925/8/924
f 925/8/925 935/2/925 926/9/925
f 926/9/926 935/2/926 927/10/926
f 927/10/927 935/2/927 928/11/927
f 928/11/928 935/2/928 929/12/928
f 929/12/929 935/2/929 930/13/929
f 930/13/930 935/2/930 931/14/930
f 931/14/931 935/2/931 932/15/931
f 932/15/932 935/2/932 933/16/932
f 919/17/933 920/18/933 921/19/933 922/20/933 923/21/933 924/22/933 925/23/933 926/24/933 927/25/933 928/26/933 929/27/933 930/28/933 931/29/933 932/30/933 933/31/933 934/32/933
f 933/16/934 935/2/934 934/33/934
f 934/33/935 935/2/935 919/1/935
f 936/1/936 952/2/936 937/3/936
f 937/3/937 952/2/937 938/4/937
f 938/4/938 952/2/938 939/5/938
f 939/5/939 952/2/939 940/6/939
f 940/6/940 952/2/940 941/7/940
f 941/7/941 952/2/941 942/8/941
f 942/8/942 952/2/942 943/9/942
f 943/9/943 952/2/943 944/10/943
f 944/10/944 952/2/944 945/11/944
f 945/11/945 952/2/945 946/12/945
f 946/12/946 952/2/946 947/13/946
f 947/13/947 952/2/947 948/14/947
f 948/14/948 952/2/948 949/15/948
f 949/15/949 952/2/949 950/16/949
f 936/17/950 937/18/950 938/19/950 939/20/950 940/21/950 941/22/950 942/23/950 943/24/950 944/25/950 945/26/950 946/27/950 947/28/950 948/29/950 949/30/950 950/31/950 951/32/950
f 950/16/951 952/2/951 951/33/951
f 951/33/952 952/2/952 936/1/952
f 953/1/953 969/2/953 954/3/953
f 954/3/954 969/2/954 955/4/954
f 955/4/955 969/2/955 956/5/955
f 956/5/956 969/2/956 957/6/956
f 957/6/957 969/2/957 958/7/957
f 958/7/958 969/2/958 959/8/958
f 959/8/959 969/2/959 960/9/959
f 960/9/960 969/2/960 961/10/960
f 961/10/961 969/2/961 962/11/961
f 962/11/962 969/2/962 963/12/962
f 963/12/963 969/2/963 964/13/963
f 964/13/964 969/2/964 965/14/964
f 965/14/965 969/2/965 966/15/965
f 966/15/966 969/2/966 967/16/966
f 953/17/967 954/18/967 955/19/967 956/20/967 957/21/967 958/22/967 959/23/967 960/24/967 961/25/967 962/26/967 963/27/967 964/28/967 965/29/967 966/30/967 967/31/967 968/32/967
f 967/16/968 969/2/968 968/33/968
f 968/33/969 969/2/969 953/1/969
f 970/1/970 986/2/970 971/3/970
f 971/3/971 986/2/971 972/4/971
f 972/4/972 986/2/972 973/5/972
f 973/5/973 986/2/973 974/6/973
f 974/6/974 986/2/974 975/7/974
f 975/7/975 986/2/975 976/8/975
f 976/8/976 986/2/976 977/9/976
f 977/9/977 986/2/977 978/10/977
f 978/10/978 986/2/978 979/11/978
f 979/11/979 986/2/979 980/12/979
f 980/12/980 986/2/980 981/13/980
f 981/13/981 986/2/981 982/14/981
f 982/14/982 986/2/982 983/15/982
f 983/15/983 986/2/983 984/16/983
f 970/17/984 971/18/984 972/19/984 973/20/984 974/21/984 975/22/984 976/23/984 977/24/984 978/25/984 979/26/984 980/27/984 981/28/984 982/29/984 983/30/984 984/31/984 985/32/984
f 984/16/985 986/2/985 985/33/985
f 985/33/986 986/2/986 970/1/986
f 987/1/987 1003/2/987 988/3/987
f 988/3/988 1003/2/988 989/4/988
f 989/4/989 1003/2/989 990/5/989
f 990/5/990 1003/2/990 991/6/990
f 991/6/991 1003/2/991 992/7/991
f 992/7/992 1003/2/992 993/8/992
f 993/8/993 1003/2/993 994/9/993
f 994/9/994 1003/2/994 995/10/994
f 995/10/995 1003/2/995 996/11/995
f 996/11/996 1003/2/996 997/12/996
f 997/12/997 1003/2/997 998/13/997
f 998/13/998 1003/2/998 999/14/998
f 999/14/999 1003/2/999 1000/15/999
f 1000/15/1000 1003/2/1000 1001/16/1000
f 987/17/1001 988/18/1001 989/19/1001 990/20/1001 991/21/1001 992/22/1001 993/23/1001 994/24/1001 995/25/1001 996/26/1001 997/27/1001 998/28/1001 999/29/1001 1000/30/1001 1001/31/1001 1002/32/1001
f 1001/16/1002 1003/2/1002 1002/33/1002
f 1002/33/1003 1003/2/1003 987/1/1003
f 1004/1/1004 1020/2/1004 1005/3/1004
f 1005/3/1005 1020/2/1005 1006/4/1005
f 1006/4/1006 1020/2/1006 1007/5/1006
f 1007/5/1007 1020/2/1007 1008/6/1007
f 1008/6/1008 1020/2/1008 1009/7/1008
f 1009/7/1009 1020/2/1009 1010/8/1009
f 1010/8/1010 1020/2/1010 1011/9/1010
f 1011/9/1011 1020/2/1011 1012/10/1011
f 1012/10/1012 1020/2/1012 1013/11/1012
f 1013/11/1013 1020/2/1013 1014/12/1013
f 1014/12/1014 1020/2/1014 1015/13/1014
f 1015/13/1015 1020/2/1015 1016/14/1015
f 1016/14/1016 1020/2/1016 1017/15/1016
f 1017/15/1017 1020/2/1017 1018/16/1017
f 1004/17/1018 1005/18/1018 1006/19/1018 1007/20/1018 1008/21/1018 1009/22/1018 1010/23/1018 1011/24/1018 1012/25/1018 1013/26/1018 1014/27/1018 1015/28/1018 1016/29/1018 1017/30/1018 1018/31/1018 1019/32/1018
f 1018/16/1019 1020/2/1019 1019/33/1019
f 1019/33/1020 1020/2/1020 1004/1/1020
f 1021/1/1021 1037/2/1021 1022/3/1021
f 1022/3/1022 1037/2/1022 1023/4/1022
f 1023/4/1023 1037/2/1023 1024/5/1023
f 1024/5/1024 1037/2/1024 1025/6/1024
f 1025/6/1025 1037/2/1025 1026/7/1025
f 1026/7/1026 1037/2/1026 1027/8/1026
f 1027/8/1027 1037/2/1027 1028/9/1027
f 1028/9/1028 1037/2/1028 1029/10/1028
f 1029/10/1029 1037/2/1029 1030/11/1029
f 1030/11/1030 1037/2/1030 1031/12/1030
f 1031/12/1031 1037/2/1031 1032/13/1031
f 1032/13/1032 1037/2/1032 1033/14/1032
f 1033/14/1033 1037/2/1033 1034/15/1033
f 1034/15/1034 1037/2/1034 1035/16/1034
f 1021/17/1035 1022/18/1035 1023/19/1035 1024/20/1035 1025/21/1035 1026/22/1035 1027/23/1035 1028/24/1035 1029/25/1035 1030/26/1035 1031/27/1035 1032/28/1035 1033/29/1035 1034/30/1035 1035/31/1035 1036/32/1035
f 1035/16/1036 1037/2/1036 1036/33/1036
f 1036/33/1037 1037/2/1037 1021/1/1037
f 1038/1/1038 1054/2/1038 1039/3/1038
f 1039/3/1039 1054/2/1039 1040/4/1039
f 1040/4/1040 1054/2/1040 1041/5/1040
f 1041/5/1041 1054/2/1041 1042/6/1041
f 1042/6/1042 1054/2/1042 1043/7/1042
f 1043/7/1043 1054/2/1043 1044/8/1043
f 1044/8/1044 1054/2/1044 1045/9/1044
f 1045/9/1045 1054/2/1045 1046/10/1045
f 1046/10/1046 1054/2/1046 1047/11/1046
f 1047/11/1047 1054/2/1047 1048/12/1047
f 1048/12/1048 1054/2/1048 1049/13/1048
f 1049/13/1049 1054/2/1049 1050/14/1049
f 1050/14/1050 1054/2/1050 1051/15/1050
f 1051/15/1051 1054/2/1051 1052/16/1051
f 1038/17/1052 1039/18/1052 1040/19/1052 1041/20/1052 1042/21/1052 1043/22/1052 1044/23/1052 1045/24/1052 1046/25/1052 1047/26/1052 1048/27/1052 1049/28/1052 1050/29/1052 1051/30/1052 1052/31/1052 1053/32/1052
f 1052/16/1053 1054/2/1053 1053/33/1053
f 1053/33/1054 1054/2/1054 1038/1/1054
f 1055/1/1055 1071/2/1055 1056/3/1055
f 1056/3/1056 1071/2/1056 1057/4/1056
f 1057/4/1057 1071/2/1057 1058/5/1057
f 1058/5/1058 1071/2/1058 1059/6/1058
f 1059/6/1059 1071/2/1059 1060/7/1059
f 1060/7/1060 1071/2/1060 1061/8/1060
f 1061/8/1061 1071/2/1061 1062/9/1061
f 1062/9/1062 1071/2/1062 1063/10/1062
f 1063/10/1063 1071/2/1063 1064/11/1063
f 1064/11/1064 1071/2/1064 1065/12/1064
f 1065/12/1065 1071/2/1065 1066/13/1065
f 1066/13/1066 1071/2/1066 1067/14/1066
f 1067/14/1067 1071/2/1067 1068/15/1067
f 1068/15/1068 1071/2/1068 1069/16/1068
f 1055/17/1069 1056/18/1069 1057/19/1069 1058/20/1069 1059/21/1069 1060/22/1069 1061/23/1069 1062/24/1069 1063/25/1069 1064/26/1069 1065/27/1069 1066/28/1069 1067/29/1069 1068/30/1069 1069/31/1069 1070/32/1069
f 1069/16/1070 1071/2/1070 1070/33/1070
f 1070/33/1071 1071/2/1071 1055/1/1071
f 1072/1/1072 1088/2/1072 1073/3/1072
f 1073/3/1073 1088/2/1073 1074/4/1073
f 1074/4/1074 1088/2/1074 1075/5/1074
f 1075/5/1075 1088/2/1075 1076/6/1075
f 1076/6/1076 1088/2/1076 1077/7/1076
f 1077/7/1077 1088/2/1077 1078/8/1077
f 1078/8/1078 1088/2/1078 1079/9/1078
f 1079/9/1079 1088/2/1079 1080/10/1079
f 1080/10/1080 1088/2/1080 1081/11/1080
f 1081/11/1081 1088/2/1081 1082/12/1081
f 1082/12/1082 1088/2/1082 1083/13/1082
f 1083/13/1083 1088/2/1083 1084/14/1083
f 1084/14/1084 1088/2/1084 1085/15/1084
f 1085/15/1085 1088/2/1085 1086/16/1085
f 1072/17/1086 1073/18/1086 1074/19/1086 1075/20/1086 1076/21/1086 1077/22/1086 1078/23/1086 1079/24/1086 1080/25/1086 1081/26/1086 1082/27/1086 1083/28/1086 1084/29/1086 1085/30/1086 1086/31/1086 1087/32/1086
f 1086/16/1087 1088/2/1087 1087/33/1087
f 1087/33/1088 1088/2/1088 1072/1/1088
f 1089/1/1089 1105/2/1089 1090/3/1089
f 1090/3/1090 1105/2/1090 1091/4/1090
f 1091/4/1091 1105/2/1091 1092/5/1091
f 1092/5/1092 1105/2/1092 1093/6/1092
f 1093/6/1093 1105/2/1093 1094/7/1093
f 1094/7/1094 1105/2/1094 1095/8/1094
f 1095/8/1095 1105/2/1095 1096/9/1095
f 1096/9/1096 1105/2/1096 1097/10/1096
f 1097/10/1097 1105/2/1097 1098/11/1097
f 1098/11/1098 1105/2/1098 1099/12/1098
f 1099/12/1099 1105/2/1099 1100/13/1099
f 1100/13/1100 1105/2/1100 1101/14/1100
f 1101/14/1101 1105/2/1101 1102/15/1101
f 1102/15/1102 1105/2/1102 1103/16/1102
f 1089/17/1103 1090/18/1103 1091/19/1103 1092/20/1103 1093/21/1103 1094/22/1103 1095/23/1103 1096/24/1103 1097/25/1103 1098/26/1103 1099/27/1103 1100/28/1103 1101/29/1103 1102/30/1103 1103/31/1103 1104/32/1103
f 1103/16/1104 1105/2/1104 1104/33/1104
f 1104/33/1105 1105/2/1105 1089/1/1105
f 1106/1/1106 1122/2/1106 1107/3/1106
f 1107/3/1107 1122/2/1107 1108/4/1107
f 1108/4/1108 1122/2/1108 1109/5/1108
f 1109/5/1109 1122/2/1109 1110/6/1109
f 1110/6/1110 1122/2/1110 1111/7/1110
f 1111/7/1111 1122/2/1111 1112/8/1111
f 1112/8/1112 1122/2/1112 1113/9/1112
f 1113/9/1113 1122/2/1113 1114/10/1113
f 1114/10/1114 1122/2/1114 1115/11/1114
f 1115/11/1115 1122/2/1115 1116/12/1115
f 1116/12/1116 1122/2/1116 1117/13/1116
f 1117/13/1117 1122/2/1117 1118/14/1117
f 1118/14/1118 1122/2/1118 1119/15/1118
f 1119/15/1119 1122/2/1119 1120/16/1119
f 1106/17/1120 1107/18/1120 1108/19/1120 1109/20/1120 1110/21/1120 1111/22/1120 1112/23/1120 1113/24/1120 1114/25/1120 1115/26/1120 1116/27/1120 1117/28/1120 1118/29/1120 1119/30/1120 1120/31/1120 1121/32/1120
f 1120/16/1121 1122/2/1121 1121/33/1121
f 1121/33/1122 1122/2/1122 1106/1/1122
f 1123/1/1123 1139/2/1123 1124/3/1123
f 1124/3/1124 1139/2/1124 1125/4/1124
f 1125/4/1125 1139/2/1125 1126/5/1125
f 1126/5/1126 1139/2/1126 1127/6/1126
f 1127/6/1127 1139/2/1127 1128/7/1127
f 1128/7/1128 1139/2/1128 1129/8/1128
f 1129/8/1129 1139/2/1129 1130/9/1129
f 1130/9/1130 1139/2/1130 1131/10/1130
f 1131/10/1131 1139/2/1131 1132/11/1131
f 1132/11/1132 1139/2/1132 1133/12/1132
f 1133/12/1133 1139/2/1133 1134/13/1133
f 1134/13/1134 1139/2/1134 1135/14/1134
f 1135/14/1135 1139/2/1135 1136/15/1135
f 1136/15/1136 1139/2/1136 1137/16/1136
f 1123/17/1137 1124/18/1137 1125/19/1137 1126/20/1137 1127/21/1137 1128/22/1137 1129/23/1137 1130/24/1137 1131/25/1137 1132/26/1137 1133/27/1137 1134/28/1137 1135/29/1137 1136/30/1137 1137/31/1137 1138/32/1137
f 1137/16/1138 1139/2/1138 1138/33/1138
f 1138/33/1139 1139/2/1139 1123/1/1139
f 1140/1/1140 1156/2/1140 1141/3/1140
f 1141/3/1141 1156/2/1141 1142/4/1141
f 1142/4/1142 1156/2/1142 1143/5/1142
f 1143/5/1143 1156/2/1143 1144/6/1143
f 1144/6/1144 1156/2/1144 1145/7/1144
f 1145/7/1145 1156/2/1145 1146/8/1145
f 1146/8/1146 1156/2/1146 1147/9/1146
f 1147/9/1147 1156/2/1147 1148/10/1147
f 1148/10/1148 1156/2/1148 1149/11/1148
f 1149/11/1149 1156/2/1149 1150/12/1149
f 1150/12/1150 1156/2/1150 1151/13/1150
f 1151/13/1151 1156/2/1151 1152/14/1151
f 1152/14/1152 1156/2/1152 1153/15/1152
f 1153/15/1153 1156/2/1153 1154/16/1153
f 1140/17/1154 1141/18/1154 1142/19/1154 1143/20/1154 1144/21/1154 1145/22/1154 1146/23/1154 1147/24/1154 1148/25/1154 1149/26/1154 1150/27/1154 1151/28/1154 1152/29/1154 1153/30/1154 1154/31/1154 1155/32/1154
f 1154/16/1155 1156/2/1155 1155/33/1155
f 1155/33/1156 1156/2/1156 1140/1/1156
f 1157/1/1157 1173/2/1157 1158/3/1157
f 1158/3/1158 1173/2/1158 1159/4/1158
f 1159/4/1159 1173/2/1159 1160/5/1159
f 1160/5/1160 1173/2/1160 1161/6/1160
f 1161/6/1161 1173/2/1161 1162/7/1161
f 1162/7/1162 1173/2/1162 1163/8/1162
f 1163/8/1163 1173/2/1163 1164/9/1163
f 1164/9/1164 1173/2/1164 1165/10/1164
f 1165/10/1165 1173/2/1165 1166/11/1165
f 1166/11/1166 1173/2/1166 1167/12/1166
f 1167/12/1167 1173/2/1167 1168/13/1167
f 1168/13/1168 1173/2/1168 1169/14/1168
f 1169/14/1169 1173/2/1169 1170/15/1169
f 1170/15/1170 1173/2/1170 1171/16/1170
f 1157/17/1171 1158/18/1171 1159/19/1171 1160/20/1171 1161/21/1171 1162/22/1171 1163/23/1171 1164/24/1171 1165/25/1171 1166/26/1171 1167/27/1171 1168/28/1171 1169/29/1171 1170/30/1171 1171/31/1171 1172/32/1171
f 1171/16/1172 1173/2/1172 1172/33/1172
f 1172/33/1173 1173/2/1173 1157/1/1173
f 1174/1/1174 1190/2/1174 1175/3/1174
f 1175/3/1175 1190/2/1175 1176/4/1175
f 1176/4/1176 1190/2/1176 1177/5/1176
f 1177/5/1177 1190/2/1177 1178/6/1177
f 1178/6/1178 1190/2/1178 1179/7/1178
f 1179/7/1179 1190/2/1179 1180/8/1179
f 1180/8/1180 1190/2/1180 1181/9/1180
f 1181/9/1181 1190/2/1181 1182/10/1181
f 1182/10/1182 1190/2/1182 1183/11/1182
f 1183/11/1183 1190/2/1183 1184/12/1183
f 1184/12/1184 1190/2/1184 1185/13/1184
f 1185/13/1185 1190/2/1185 1186/14/1185
f 1186/14/1186 1190/2/1186 1187/15/1186
f 1187/15/1187 1190/2/1187 1188/16/1187
f 1174/17/1188 1175/18/1188 1176/19/1188 1177/20/1188 1178/21/1188 1179/22/1188 1180/23/1188 1181/24/1188 1182/25/1188 1183/26/1188 1184/27/1188 1185/28/1188 1186/29/1188 1187/30/1188 1188/31/1188 1189/32/1188
f 1188/16/1189 1190/2/1189 1189/33/1189
f 1189/33/1190 1190/2/1190 1174/1/1190
f 1191/1/1191 1207/2/1191 1192/3/1191
f 1192/3/1192 1207/2/1192 1193/4/1192
f 1193/4/1193 1207/2/1193 1194/5/1193
f 1194/5/1194 1207/2/1194 1195/6/1194
f 1195/6/1195 1207/2/1195 1196/7/1195
f 1196/7/1196 1207/2/1196 1197/8/1196
f 1197/8/1197 1207/2/1197 1198/9/1197
f 1198/9/1198 1207/2/1198 1199/10/1198
f 1199/10/1199 1207/2/1199 1200/11/1199
f 1200/11/1200 1207/2/1200 1201/12/1200
f 1201/12/1201 1207/2/1201 1202/13/1201
f 1202/13/1202 1207/2/1202 1203/14/1202
f 1203/14/1203 1207/2/1203 1204/15/1203
f 1204/15/1204 1207/2/1204 1205/16/1204
f 1191/17/1205 1192/18/1205 1193/19/1205 1194/20/1205 1195/21/1205 1196/22/1205 1197/23/1205 1198/24/1205 1199/25/1205 1200/26/1205 1201/27/1205 1202/28/1205 1203/29/1205 1204/30/1205 1205/31/1205 1206/32/1205
f 1205/16/1206 1207/2/1206 1206/33/1206
f 1206/33/1207 1207/2/1207 1191/1/1207
f 1208/1/1208 1224/2/1208 1209/3/1208
f 1209/3/1209 1224/2/1209 1210/4/1209
f 1210/4/1210 1224/2/1210 1211/5/1210
f 1211/5/1211 1224/2/1211 1212/6/1211
f 1212/6/1212 1224/2/1212 1213/7/1212
f 1213/7/1213 1224/2/1213 1214/8/1213
f 1214/8/1214 1224/2/1214 1215/9/1214
f 1215/9/1215 1224/2/1215 1216/10/1215
f 1216/10/1216 1224/2/1216 1217/11/1216
f 1217/11/1217 1224/2/1217 1218/12/1217
f 1218/12/1218 1224/2/1218 1219/13/1218
f 1219/13/1219 1224/2/1219 1220/14/1219
f 1220/14/1220 1224/2/1220 1221/15/1220
f 1221/15/1221 1224/2/1221 1222/16/1221
f 1208/17/1222 1209/18/1222 1210/19/1222 1211/20/1222 1212/21/1222 1213/22/1222 1214/23/1222 1215/24/1222 1216/25/1222 1217/26/1222 1218/27/1222 1219/28/1222 1220/29/1222 1221/30/1222 1222/31/1222 1223/32/1222
f 1222/16/1223 1224/2/1223 1223/33/1223
f 1223/33/1224 1224/2/1224 1208/1/1224
f 1225/1/1225 1241/2/1225 1226/3/1225
f 1226/3/1226 1241/2/1226 1227/4/1226
f 1227/4/1227 1241/2/1227 1228/5/1227
f 1228/5/1228 1241/2/1228 1229/6/1228
f 1229/6/1229 1241/2/1229 1230/7/1229
f 1230/7/1230 1241/2/1230 1231/8/1230
f 1231/8/1231 1241/2/1231 1232/9/1231
f 1232/9/1232 1241/2/1232 1233/10/1232
f 1233/10/1233 1241/2/1233 1234/11/1233
f 1234/11/1234 1241/2/1234 1235/12/1234
f 1235/12/1235 1241/2/1235 1236/13/1235
f 1236/13/1236 1241/2/1236 1237/14/1236
f 1237/14/1237 1241/2/1237 1238/15/1237
f 1238/15/1238 1241/2/1238 1239/16/1238
f 1225/17/1239 1226/18/1239 1227/19/1239 1228/20/1239 1229/21/1239 1230/22/1239 1231/23/1239 1232/24/1239 1233/25/1239 1234/26/1239 1235/27/1239 1236/28/1239 1237/29/1239 1238/30/1239 1239/31/1239 1240/32/1239
f 1239/16/1240 1241/2/1240 1240/33/1240
f 1240/33/1241 1241/2/1241 1225/1/1241
f 1242/1/1242 1258/2/1242 1243/3/1242
f 1243/3/1243 1258/2/1243 1244/4/1243
f 1244/4/1244 1258/2/1244 1245/5/1244
f 1245/5/1245 1258/2/1245 1246/6/1245
f 1246/6/1246 1258/2/1246 1247/7/1246
f 1247/7/1247 1258/2/1247 1248/8/1247
f 1248/8/1248 1258/2/1248 1249/9/1248
f 1249/9/1249 1258/2/1249 1250/10/1249
f 1250/10/1250 1258/2/1250 1251/11/1250
f 1251/11/1251 1258/2/1251 1252/12/1251
f 1252/12/1252 1258/2/1252 1253/13/1252
f 1253/13/1253 1258/2/1253 1254/14/1253
f 1254/14/1254 1258/2/1254 1255/15/1254
f 1255/15/1255 1258/2/1255 1256/16/1255
f 1242/17/1256 1243/18/1256 1244/19/1256 1245/20/1256 1246/21/1256 1247/22/1256 1248/23/1256 1249/24/1256 1250/25/1256 1251/26/1256 1252/27/1256 1253/28/1256 1254/29/1256 1255/30/1256 1256/31/1256 1257/32/1256
f 1256/16/1257 1258/2/1257 1257/33/1257
f 1257/33/1258 1258/2/1258 1242/1/1258
f 1259/1/1259 1275/2/1259 1260/3/1259
f 1260/3/1260 1275/2/1260 1261/4/1260
f 1261/4/1261 1275/2/1261 1262/5/1261
f 1262/5/1262 1275/2/1262 1263/6/1262
f 1263/6/1263 1275/2/1263 1264/7/1263
f 1264/7/1264 1275/2/1264 1265/8/1264
f 1265/8/1265 1275/2/1265 1266/9/1265
f 1266/9/1266 1275/2/1266 1267/10/1266
f 1267/10/1267 1275/2/1267 1268/11/1267
f 1268/11/1268 1275/2/1268 1269/12/1268
f 1269/12/1269 1275/2/1269 1270/13/1269
f 1270/13/1270 1275/2/1270 1271/14/1270
f 1271/14/1271 1275/2/1271 1272/15/1271
f 1272/15/1272 1275/2/1272 1273/16/1272
f 1259/17/1273 1260/18/1273 1261/19/1273 1262/20/1273 1263/21/1273 1264/22/1273 1265/23/1273 1266/24/1273 1267/25/1273 1268/26/1273 1269/27/1273 1270/28/1273 1271/29/1273 1272/30/1273 1273/31/1273 1274/32/1273
f 1273/16/1274 1275/2/1274 1274/33/1274
f 1274/33/1275 1275/2/1275 1259/1/1275
f 1276/1/1276 1292/2/1276 1277/3/1276
f 1277/3/1277 1292/2/1277 1278/4/1277
f 1278/4/1278 1292/2/1278 1279/5/1278
f 1279/5/1279 1292/2/1279 1280/6/1279
f 1280/6/1280 1292/2/1280 1281/7/1280
f 1281/7/1281 1292/2/1281 1282/8/1281
f 1282/8/1282 1292/2/1282 1283/9/1282
f 1283/9/1283 1292/2/1283 1284/10/1283
f 1284/10/1284 1292/2/1284 1285/11/1284
f 1285/11/1285 1292/2/1285 1286/12/1285
f 1286/12/1286 1292/2/1286 1287/13/1286
f 1287/13/1287 1292/2/1287 1288/14/1287
f 1288/14/1288 1292/2/1288 1289/15/1288
f 1289/15/1289 1292/2/1289 1290/16/1289
f 1276/17/1290 1277/18/1290 1278/19/1290 1279/20/1290 1280/21/1290 1281/22/1290 1282/23/1290 1283/24/1290 1284/25/1290 1285/26/1290 1286/27/1290 1287/28/1290 1288/29/1290 1289/30/1290 1290/31/1290 1291/32/1290
f 1290/16/1291 1292/2/1291 1291/33/1291
f 1291/33/1292 1292/2/1292 1276/1/1292
f 1293/1/1293 1309/2/1293 1294/3/1293
f 1294/3/1294 1309/2/1294 1295/4/1294
f 1295/4/1295 1309/2/1295 1296/5/1295
f 1296/5/1296 1309/2/1296 1297/6/1296
f 1297/6/1297 1309/2/1297 1298/7/1297
f 1298/7/1298 1309/2/1298 1299/8/1298
f 1299/8/1299 1309/2/1299 1300/9/1299
f 1300/9/1300 1309/2/1300 1301/10/1300
f 1301/10/1301 1309/2/1301 1302/11/1301
f 1302/11/1302 1309/2/1302 1303/12/1302
f 1303/12/1303 1309/2/1303 1304/13/1303
f 1304/13/1304 1309/2/1304 1305/14/1304
f 1305/14/1305 1309/2/1305 1306/15/1305
f 1306/15/1306 1309/2/1306 1307/16/1306
f 1293/17/1307 1294/18/1307 1295/19/1307 1296/20/1307 1297/21/1307 1298/22/1307 1299/23/1307 1300/24/1307 1301/25/1307 1302/26/1307 1303/27/1307 1304/28/1307 1305/29/1307 1306/30/1307 1307/31/1307 1308/32/1307
f 1307/16/1308 1309/2/1308 1308/33/1308
f 1308/33/1309 1309/2/1309 1293/1/1309
f 1310/1/1310 1326/2/1310 1311/3/1310
f 1311/3/1311 1326/2/1311 1312/4/1311
f 1312/4/1312 1326/2/1312 1313/5/1312
f 1313/5/1313 1326/2/1313 1314/6/1313
f 1314/6/1314 1326/2/1314 1315/7/1314
f 1315/7/1315 1326/2/1315 1316/8/1315
f 1316/8/1316 1326/2/1316 1317/9/1316
f 1317/9/1317 1326/2/1317 1318/10/1317
f 1318/10/1318 1326/2/1318 1319/11/1318
f 1319/11/1319 1326/2/1319 1320/12/1319
f 1320/12/1320 1326/2/1320 1321/13/1320
f 1321/13/1321 1326/2/1321 1322/14/1321
f 1322/14/1322 1326/2/1322 1323/15/1322
f 1323/15/1323 1326/2/1323 1324/16/1323
f 1310/17/1324 1311/18/1324 1312/19/1324 1313/20/1324 1314/21/1324 1315/22/1324 1316/23/1324 1317/24/1324 1318/25/1324 1319/26/1324 1320/27/1324 1321/28/1324 1322/29/1324 1323/30/1324 1324/31/1324 1325/32/1324
f 1324/16/1325 1326/2/1325 1325/33/1325
f 1325/33/1326 1326/2/1326 1310/1/1326
f 1327/1/1327 1343/2/1327 1328/3/1327
f 1328/3/1328 1343/2/1328 1329/4/1328
f 1329/4/1329 1343/2/1329 1330/5/1329
f 1330/5/1330 1343/2/1330 1331/6/1330
f 1331/6/1331 1343/2/1331 1332/7/1331
f 1332/7/1332 1343/2/1332 1333/8/1332
f 1333/8/1333 1343/2/1333 1334/9/1333
f 1334/9/1334 1343/2/1334 1335/10/1334
f 1335/10/1335 1343/2/1335 1336/11/1335
f 1336/11/1336 1343/2/1336 1337/12/1336
f 1337/12/1337 1343/2/1337 1338/13/1337
f 1338/13/1338 1343/2/1338 1339/14/1338
f 1339/14/1339 1343/2/1339 1340/15/1339
f 1340/15/1340 1343/2/1340 1341/16/1340
f 1327/17/1341 1328/18/1341 1329/19/1341 1330/20/1341 1331/21/1341 1332/22/1341 1333/23/1341 1334/24/1341 1335/25/1341 1336/26/1341 1337/27/1341 1338/28/1341 1339/29/1341 1340/30/1341 1341/31/1341 1342/32/1341
f 1341/16/1342 1343/2/1342 1342/33/1342
f 1342/33/1343 1343/2/1343 1327/1/1343
f 1344/1/1344 1360/2/1344 1345/3/1344
f 1345/3/1345 1360/2/1345 1346/4/1345
f 1346/4/1346 1360/2/1346 1347/5/1346
f 1347/5/1347 1360/2/1347 1348/6/1347
f 1348/6/1348 1360/2/1348 1349/7/1348
f 1349/7/1349 1360/2/1349 1350/8/1349
f 1350/8/1350 1360/2/1350 1351/9/1350
f 1351/9/1351 1360/2/1351 1352/10/1351
f 1352/10/1352 1360/2/1352 1353/11/1352
f 1353/11/1353 1360/2/1353 1354/12/1353
f 1354/12/1354 1360/2/1354 1355/13/1354
f 1355/13/1355 1360/2/1355 1356/14/1355
f 1356/14/1356 1360/2/1356 1357/15/1356
f 1357/15/1357 1360/2/1357 1358/16/1357
f 1344/17/1358 1345/18/1358 1346/19/1358 1347/20/1358 1348/21/1358 1349/22/1358 1350/23/1358 1351/24/1358 1352/25/1358 1353/26/1358 1354/27/1358 1355/28/1358 1356/29/1358 1357/30/1358 1358/31/1358 1359/32/1358
f 1358/16/1359 1360/2/1359 1359/33/1359
f 1359/33/1360 1360/2/1360 1344/1/1360
f 1361/1/1361 1377/2/1361 1362/3/1361
f 1362/3/1362 1377/2/1362 1363/4/1362
f 1363/4/1363 1377/2/1363 1364/5/1363
f 1364/5/1364 1377/2/1364 1365/6/1364
f 1365/6/1365 1377/2/1365 1366/7/1365
f 1366/7/1366 1377/2/1366 1367/8/1366
f 1367/8/1367 1377/2/1367 1368/9/1367
f 1368/9/1368 1377/2/1368 1369/10/1368
f 1369/10/1369 1377/2/1369 1370/11/1369
f 1370/11/1370 1377/2/1370 1371/12/1370
f 1371/12/1371 1377/2/1371 1372/13/1371
f 1372/13/1372 1377/2/1372 1373/14/1372
f 1373/14/1373 1377/2/1373 1374/15/1373
f 1374/15/1374 1377/2/1374 1375/16/1374
f 1361/17/1375 1362/18/1375 1363/19/1375 1364/20/1375 1365/21/1375 1366/22/1375 1367/23/1375 1368/24/1375 1369/25/1375 1370/26/1375 1371/27/1375 1372/28/1375 1373/29/1375 1374/30/1375 1375/31/1375 1376/32/1375
f 1375/16/1376 1377/2/1376 1376/33/1376
f 1376/33/1377 1377/2/1377 1361/1/1377
f 1378/1/1378 1394/2/1378 1379/3/1378
f 1379/3/1379 1394/2/1379 1380/4/1379
f 1380/4/1380 1394/2/1380 1381/5/1380
f 1381/5/1381 1394/2/1381 1382/6/1381
f 1382/6/1382 1394/2/1382 1383/7/1382
f 1383/7/1383 1394/2/1383 1384/8/1383
f 1384/8/1384 1394/2/1384 1385/9/1384
f 1385/9/1385 1394/2/1385 1386/10/1385
f 1386/10/1386 1394/2/1386 1387/11/1386
f 1387/11/1387 1394/2/1387 1388/12/1387
f 1388/12/1388 1394/2/1388 1389/13/1388
f 1389/13/1389 1394/2/1389 1390/14/1389
f 1390/14/1390 1394/2/1390 1391/15/1390
f 1391/15/1391 1394/2/1391 1392/16/1391
f 1378/17/1392 1379/18/1392 1380/19/1392 1381/20/1392 1382/21/1392 1383/22/1392 1384/23/1392 1385/24/1392 1386/25/1392 1387/26/1392 1388/27/1392 1389/28/1392 1390/29/1392 1391/30/1392 1392/31/1392 1393/32/1392
f 1392/16/1393 1394/2/1393 1393/33/1393
f 1393/33/1394 1394/2/1394 1378/1/1394
f 1395/1/1395 1411/2/1395 1396/3/1395
f 1396/3/1396 1411/2/1396 1397/4/1396
f 1397/4/1397 1411/2/1397 1398/5/1397
f 1398/5/1398 1411/2/1398 1399/6/1398
f 1399/6/1399 1411/2/1399 1400/7/1399
f 1400/7/1400 1411/2/1400 1401/8/1400
f 1401/8/1401 1411/2/1401 1402/9/1401
f 1402/9/1402 1411/2/1402 1403/10/1402
f 1403/10/1403 1411/2/1403 1404/11/1403
f 1404/11/1404 1411/2/1404 1405/12/1404
f 1405/12/1405 1411/2/1405 1406/13/1405
f 1406/13/1406 1411/2/1406 1407/14/1406
f 1407/14/1407 1411/2/1407 1408/15/1407
f 1408/15/1408 1411/2/1408 1409/16/1408
f 1395/17/1409 1396/18/1409 1397/19/1409 1398/20/1409 1399/21/1409 1400/22/1409 1401/23/1409 1402/24/1409 1403/25/1409 1404/26/1409 1405/27/1409 1406/28/1409 1407/29/1409 1408/30/1409 1409/31/1409 1410/32/1409
f 1409/16/1410 1411/2/1410 1410/33/1410
f 1410/33/1411 1411/2/1411 1395/1/1411
f 1412/1/1412 1428/2/1412 1413/3/1412
f 1413/3/1413 1428/2/1413 1414/4/1413
f 1414/4/1414 1428/2/1414 1415/5/1414
f 1415/5/1415 1428/2/1415 1416/6/1415
f 1416/6/1416 1428/2/1416 1417/7/1416
f 1417/7/1417 1428/2/1417 1418/8/1417
f 1418/8/1418 1428/2/1418 1419/9/1418
f 1419/9/1419 1428/2/1419 1420/10/1419
f 1420/10/1420 1428/2/1420 1421/11/1420
f 1421/11/1421 1428/2/1421 1422/12/1421
f 1422/12/1422 1428/2/1422 1423/13/1422
f 1423/13/1423 1428/2/1423 1424/14/1423
f 1424/14/1424 1428/2/1424 1425/15/1424
f 1425/15/1425 1428/2/1425 1426/16/1425
f 1412/17/1426 1413/18/1426 1414/19/1426 1415/20/1426 1416/21/1426 1417/22/1426 1418/23/1426 1419/24/1426 1420/25/1426 1421/26/1426 1422/27/1426 1423/28/1426 1424/29/1426 1425/30/1426 1426/31/1426 1427/32/1426
f 1426/16/1427 1428/2/1427 1427/33/1427
f 1427/33/1428 1428/2/1428 1412/1/1428
f 1429/1/1429 1445/2/1429 1430/3/1429
f 1430/3/1430 1445/2/1430 1431/4/1430
f 1431/4/1431 1445/2/1431 1432/5/1431
f 1432/5/1432 1445/2/1432 1433/6/1432
f 1433/6/1433 1445/2/1433 1434/7/1433
f 1434/7/1434 1445/2/1434 1435/8/1434
f 1435/8/1435 1445/2/1435 1436/9/1435
f 1436/9/1436 1445/2/1436 1437/10/1436
f 1437/10/1437 1445/2/1437 1438/11/1437
f 1438/11/1438 1445/2/1438 1439/12/1438
f 1439/12/1439 1445/2/1439 1440/13/1439
f 1440/13/1440 1445/2/1440 1441/14/1440
f 1441/14/1441 1445/2/1441 1442/15/1441
f 1442/15/1442 1445/2/1442 1443/16/1442
f 1429/17/1443 1430/18/1443 1431/19/1443 1432/20/1443 1433/21/1443 1434/22/1443 1435/23/1443 1436/24/1443 1437/25/1443 1438/26/1443 1439/27/1443 1440/28/1443 1441/29/1443 1442/30/1443 1443/31/1443 1444/32/1443
f 1443/16/1444 1445/2/1444 1444/33/1444
f 1444/33/1445 1445/2/1445 1429/1/1445
f 1446/1/1446 1462/2/1446 1447/3/1446
f 1447/3/1447 1462/2/1447 1448/4/1447
f 1448/4/1448 1462/2/1448 1449/5/1448
f 1449/5/1449 1462/2/1449 1450/6/1449
f 1450/6/1450 1462/2/1450 1451/7/1450
f 1451/7/1451 1462/2/1451 1452/8/1451
f 1452/8/1452 1462/2/1452 1453/9/1452
f 1453/9/1453 1462/2/1453 1454/10/1453
f 1454/10/1454 1462/2/1454 1455/11/1454
f 1455/11/1455 1462/2/1455 1456/12/1455
f 1456/12/1456 1462/2/1456 1457/13/1456
f 1457/13/1457 1462/2/1457 1458/14/1457
f 1458/14/1458 1462/2/1458 1459/15/1458
f 1459/15/1459 1462/2/1459 1460/16/1459
f 1446/17/1460 1447/18/1460 1448/19/1460 1449/20/1460 1450/21/1460 1451/22/1460 1452/23/1460 1453/24/1460 1454/25/1460 1455/26/1460 1456/27/1460 1457/28/1460 1458/29/1460 1459/30/1460 1460/31/1460 1461/32/1460
f 1460/16/1461 1462/2/1461 1461/33/1461
f 1461/33/1462 1462/2/1462 1446/1/1462
f 1463/1/1463 1479/2/1463 1464/3/1463
f 1464/3/1464 1479/2/1464 1465/4/1464
f 1465/4/1465 1479/2/1465 1466/5/1465
f 1466/5/1466 1479/2/1466 1467/6/1466
f 1467/6/1467 1479/2/1467 1468/7/1467
f 1468/7/1468 1479/2/1468 1469/8/1468
f 1469/8/1469 1479/2/1469 1470/9/1469
f 1470/9/1470 1479/2/1470 1471/10/1470
f 1471/10/1471 1479/2/1471 1472/11/1471
f 1472/11/1472 1479/2/1472 1473/12/1472
f 1473/12/1473 1479/2/1473 1474/13/1473
f 1474/13/1474 1479/2/1474 1475/14/1474
f 1475/14/1475 1479/2/1475 1476/15/1475
f 1476/15/1476 1479/2/1476 1477/16/1476
f 1463/17/1477 1464/18/1477 1465/19/1477 1466/20/1477 1467/21/1477 1468/22/1477 1469/23/1477 1470/24/1477 1471/25/1477 1472/26/1477 1473/27/1477 1474/28/1477 1475/29/1477 1476/30/1477 1477/31/1477 1478/32/1477
f 1477/16/1478 1479/2/1478 1478/33/1478
f 1478/33/1479 1479/2/1479 1463/1/1479
f 1480/1/1480 1496/2/1480 1481/3/1480
f 1481/3/1481 1496/2/1481 1482/4/1481
f 1482/4/1482 1496/2/1482 1483/5/1482
f 1483/5/1483 1496/2/1483 1484/6/1483
f 1484/6/1484 1496/2/1484 1485/7/1484
f 1485/7/1485 1496/2/1485 1486/8/1485
f 1486/8/1486 1496/2/1486 1487/9/1486
f 1487/9/1487 1496/2/1487 1488/10/1487
f 1488/10/1488 1496/2/1488 1489/11/1488
f 1489/11/1489 1496/2/1489 1490/12/1489
f 1490/12/1490 1496/2/1490 1491/13/1490
f 1491/13/1491 1496/2/1491 1492/14/1491
f 1492/14/1492 1496/2/1492 1493/15/1492
f 1493/15/1493 1496/2/1493 1494/16/1493
f 1480/17/1494 1481/18/1494 1482/19/1494 1483/20/1494 1484/21/1494 1485/22/1494 1486/23/1494 1487/24/1494 1488/25/1494 1489/26/1494 1490/27/1494 1491/28/1494 1492/29/1494 1493/30/1494 1494/31/1494 1495/32/1494
f 1494/16/1495 1496/2/1495 1495/33/1495
f 1495/33/1496 1496/2/1496 1480/1/1496
f 1497/1/1497 1513/2/1497 1498/3/1497
f 1498/3/1498 1513/2/1498 1499/4/1498
f 1499/4/1499 1513/2/1499 1500/5/1499
f 1500/5/1500 1513/2/1500 1501/6/1500
f 1501/6/1501 1513/2/1501 1502/7/1501
f 1502/7/1502 1513/2/1502 1503/8/1502
f 1503/8/1503 1513/2/1503 1504/9/1503
f 1504/9/1504 1513/2/1504 1505/10/1504
f 1505/10/1505 1513/2/1505 1506/11/1505
f 1506/11/1506 1513/2/1506 1507/12/1506
f 1507/12/1507 1513/2/1507 1508/13/1507
f 1508/13/1508 1513/2/1508 1509/14/1508
f 1509/14/1509 1513/2/1509 1510/15/1509
f 1510/15/1510 1513/2/1510 1511/16/1510
f 1497/17/1511 1498/18/1511 1499/19/1511 1500/20/1511 1501/21/1511 1502/22/1511 1503/23/1511 1504/24/1511 1505/25/1511 1506/26/1511 1507/27/1511 1508/28/1511 1509/29/1511 1510/30/1511 1511/31/1511 1512/32/1511
f 1511/16/1512 1513/2/1512 1512/33/1512
f 1512/33/1513 1513/2/1513 1497/1/1513
f 1514/1/1514 1530/2/1514 1515/3/1514
f 1515/3/1515 1530/2/1515 1516/4/1515
f 1516/4/1516 1530/2/1516 1517/5/1516
f 1517/5/1517 1530/2/1517 1518/6/1517
f 1518/6/1518 1530/2/1518 1519/7/1518
f 1519/7/1519 1530/2/1519 1520/8/1519
f 1520/8/1520 1530/2/1520 1521/9/1520
f 1521/9/1521 1530/2/1521 1522/10/1521
f 1522/10/1522 1530/2/1522 1523/11/1522
f 1523/11/1523 1530/2/1523 1524/12/1523
f 1524/12/1524 1530/2/1524 1525/13/1524
f 1525/13/1525 1530/2/1525 1526/14/1525
f 1526/14/1526 1530/2/1526 1527/15/1526
f 1527/15/1527 1530/2/1527 1528/16/1527
f 1514/17/1528 1515/18/1528 1516/19/1528 1517/20/1528 1518/21/1528 1519/22/1528 1520/23/1528 1521/24/1528 1522/25/1528 1523/26/1528 1524/27/1528 1525/28/1528 1526/29/1528 1527/30/1528 1528/31/1528 1529/32/1528
f 1528/16/1529 1530/2/1529 1529/33/1529
f 1529/33/1530 1530/2/1530 1514/1/1530
f 1531/1/1531 1547/2/1531 1532/3/1531
f 1532/3/1532 1547/2/1532 1533/4/1532
f 1533/4/1533 1547/2/1533 1534/5/1533
f 1534/5/1534 1547/2/1534 1535/6/1534
f 1535/6/1535 1547/2/1535 1536/7/1535
f 1536/7/1536 1547/2/1536 1537/8/1536
f 1537/8/1537 1547/2/1537 1538/9/1537
f 1538/9/1538 1547/2/1538 1539/10/1538
f 1539/10/1539 1547/2/1539 1540/11/1539
f 1540/11/1540 1547/2/1540 1541/12/1540
f 1541/12/1541 1547/2/1541 1542/13/1541
f 1542/13/1542 1547/2/1542 1543/14/1542
f 1543/14/1543 1547/2/1543 1544/15/1543
f 1544/15/1544 1547/2/1544 1545/16/1544
f 1531/17/1545 1532/18/1545 1533/19/1545 1534/20/1545 1535/21/1545 1536/22/1545 1537/23/1545 1538/24/1545 1539/25/1545 1540/26/1545 1541/27/1545 1542/28/1545 1543/29/1545 1544/30/1545 1545/31/1545 1546/32/1545
f 1545/16/1546 1547/2/1546 1546/33/1546
f 1546/33/1547 1547/2/1547 1531/1/1547
f 1548/1/1548 1564/2/1548 1549/3/1548
f 1549/3/1549 1564/2/1549 1550/4/1549
f 1550/4/1550 1564/2/1550 1551/5/1550
f 1551/5/1551 1564/2/1551 1552/6/1551
f 1552/6/1552 1564/2/1552 1553/7/1552
f 1553/7/1553 1564/2/1553 1554/8/1553
f 1554/8/1554 1564/2/1554 1555/9/1554
f 1555/9/1555 1564/2/1555 1556/10/1555
f 1556/10/1556 1564/2/1556 1557/11/1556
f 1557/11/1557 1564/2/1557 1558/12/1557
f 1558/12/1558 1564/2/1558 1559/13/1558
f 1559/13/1559 1564/2/1559 1560/14/1559
f 1560/14/1560 1564/2/1560 1561/15/1560
f 1561/15/1561 1564/2/1561 1562/16/1561
f 1548/17/1562 1549/18/1562 1550/19/1562 1551/20/1562 1552/21/1562 1553/22/1562 1554/23/1562 1555/24/1562 1556/25/1562 1557/26/1562 1558/27/1562 1559/28/1562 1560/29/1562 1561/30/1562 1562/31/1562 1563/32/1562
f 1562/16/1563 1564/2/1563 1563/33/1563
f 1563/33/1564 1564/2/1564 1548/1/1564
f 1565/1/1565 1581/2/1565 1566/3/1565
f 1566/3/1566 1581/2/1566 1567/4/1566
f 1567/4/1567 1581/2/1567 1568/5/1567
f 1568/5/1568 1581/2/1568 1569/6/1568
f 1569/6/1569 1581/2/1569 1570/7/1569
f 1570/7/1570 1581/2/1570 1571/8/1570
f 1571/8/1571 1581/2/1571 1572/9/1571
f 1572/9/1572 1581/2/1572 1573/10/1572
f 1573/10/1573 1581/2/1573 1574/11/1573
f 1574/11/1574 1581/2/1574 1575/12/1574
f 1575/12/1575 1581/2/1575 1576/13/1575
f 1576/13/1576 1581/2/1576 1577/14/1576
f 1577/14/1577 1581/2/1577 1578/15/1577
f 1578/15/1578 1581/2/1578 1579/16/1578
f 1565/17/1579 1566/18/1579 1567/19/1579 1568/20/1579 1569/21/1579 1570/22/1579 1571/23/1579 1572/24/1579 1573/25/1579 1574/26/1579 1575/27/1579 1576/28/1579 1577/29/1579 1578/30/1579 1579/31/1579 1580/32/1579
f 1579/16/1580 1581/2/1580 1580/33/1580
f 1580/33/1581 1581/2/1581 1565/1/1581
f 1582/1/1582 1598/2/1582 1583/3/1582
f 1583/3/1583 1598/2/1583 1584/4/1583
f 1584/4/1584 1598/2/1584 1585/5/1584
f 1585/5/1585 1598/2/1585 1586/6/1585
f 1586/6/1586 1598/2/1586 1587/7/1586
f 1587/7/1587 1598/2/1587 1588/8/1587
f 1588/8/1588 1598/2/1588 1589/9/1588
f 1589/9/1589 1598/2/1589 1590/10/1589
f 1590/10/1590 1598/2/1590 1591/11/1590
f 1591/11/1591 1598/2/1591 1592/12/1591
f 1592/12/1592 1598/2/1592 1593/13/1592
f 1593/13/1593 1598/2/1593 1594/14/1593
f 1594/14/1594 1598/2/1594 1595/15/1594
f 1595/15/1595 1598/2/1595 1596/16/1595
f 1582/17/1596 1583/18/1596 1584/19/1596 1585/20/1596 1586/21/1596 1587/22/1596 1588/23/1596 1589/24/1596 1590/25/1596 1591/26/1596 1592/27/1596 1593/28/1596 1594/29/1596 1595/30/1596 1596/31/1596 1597/32/1596
f 1596/16/1597 1598/2/1597 1597/33/1597
f 1597/33/1598 1598/2/1598 1582/1/1598
f 1599/1/1599 1615/2/1599 1600/3/1599
f 1600/3/1600 1615/2/1600 1601/4/1600
f 1601/4/1601 1615/2/1601 1602/5/1601
f 1602/5/1602 1615/2/1602 1603/6/1602
f 1603/6/1603 1615/2/1603 1604/7/1603
f 1604/7/1604 1615/2/1604 1605/8/1604
f 1605/8/1605 1615/2/1605 1606/9/1605
f 1606/9/1606 1615/2/1606 1607/10/1606
f 1607/10/1607 1615/2/1607 1608/11/1607
f 1608/11/1608 1615/2/1608 1609/12/1608
f 1609/12/1609 1615/2/1609 1610/13/1609
f 1610/13/1610 1615/2/1610 1611/14/1610
f 1611/14/1611 1615/2/1611 1612/15/1611
f 1612/15/1612 1615/2/1612 1613/16/1612
f 1599/17/1613 1600/18/1613 1601/19/1613 1602/20/1613 1603/21/1613 1604/22/1613 1605/23/1613 1606/24/1613 1607/25/1613 1608/26/1613 1609/27/1613 1610/28/1613 1611/29/1613 1612/30/1613 1613/31/1613 1614/32/1613
f 1613/16/1614 1615/2/1614 1614/33/1614
f 1614/33/1615 1615/2/1615 1599/1/1615
f 1616/1/1616 1632/2/1616 1617/3/1616
f 1617/3/1617 1632/2/1617 1618/4/1617
f 1618/4/1618 1632/2/1618 1619/5/1618
f 1619/5/1619 1632/2/1619 1620/6/1619
f 1620/6/1620 1632/2/1620 1621/7/1620
f 1621/7/1621 1632/2/1621 1622/8/1621
f 1622/8/1622 1632/2/1622 1623/9/1622
f 1623/9/1623 1632/2/1623 1624/10/1623
f 1624/10/1624 1632/2/1624 1625/11/1624
f 1625/11/1625 1632/2/1625 1626/12/1625
f 1626/12/1626 1632/2/1626 1627/13/1626
f 1627/13/1627 1632/2/1627 1628/14/1627
f 1628/14/1628 1632/2/1628 1629/15/1628
f 1629/15/1629 1632/2/1629 1630/16/1629
f 1616/17/1630 1617/18/1630 1618/19/1630 1619/20/1630 1620/21/1630 1621/22/1630 1622/23/1630 1623/24/1630 1624/25/1630 1625/26/1630 1626/27/1630 1627/28/1630 1628/29/1630 1629/30/1630 1630/31/1630 1631/32/1630
f 1630/16/1631 1632/2/1631 1631/33/1631
f 1631/33/1632 1632/2/1632 1616/1/1632
f 1633/1/1633 1649/2/1633 1634/3/1633
f 1634/3/1634 1649/2/1634 1635/4/1634
f 1635/4/1635 1649/2/1635 1636/5/1635
f 1636/5/1636 1649/2/1636 1637/6/1636
f 1637/6/1637 1649/2/1637 1638/7/1637
f 1638/7/1638 1649/2/1638 1639/8/1638
f 1639/8/1639 1649/2/1639 1640/9/1639
f 1640/9/1640 1649/2/1640 1641/10/1640
f 1641/10/1641 1649/2/1641 1642/11/1641
f 1642/11/1642 1649/2/1642 1643/12/1642
f 1643/12/1643 1649/2/1643 1644/13/1643
f 1644/13/1644 1649/2/1644 1645/14/1644
f 1645/14/1645 1649/2/1645 1646/15/1645
f 1646/15/1646 1649/2/1646 1647/16/1646
f 1633/17/1647 1634/18/1647 1635/19/1647 1636/20/1647 1637/21/1647 1638/22/1647 1639/23/1647 1640/24/1647 1641/25/1647 1642/26/1647 1643/27/1647 1644/28/1647 1645/29/1647 1646/30/1647 1647/31/1647 1648/32/1647
f 1647/16/1648 1649/2/1648 1648/33/1648
f 1648/33/1649 1649/2/1649 1633/1/1649
f 1650/1/1650 1666/2/1650 1651/3/1650
f 1651/3/1651 1666/2/1651 1652/4/1651
f 1652/4/1652 1666/2/1652 1653/5/1652
f 1653/5/1653 1666/2/1653 1654/6/1653
f 1654/6/1654 1666/2/1654 1655/7/1654
f 1655/7/1655 1666/2/1655 1656/8/1655
f 1656/8/1656 1666/2/1656 1657/9/1656
f 1657/9/1657 1666/2/1657 1658/10/1657
f 1658/10/1658 1666/2/1658 1659/11/1658
f 1659/11/1659 1666/2/1659 1660/12/1659
f 1660/12/1660 1666/2/1660 1661/13/1660
f 1661/13/1661 1666/2/1661 1662/14/1661
f 1662/14/1662 1666/2/1662 1663/15/1662
f 1663/15/1663 1666/2/1663 1664/16/1663
f 1650/17/1664 1651/18/1664 1652/19/1664 1653/20/1664 1654/21/1664 1655/22/1664 1656/23/1664 1657/24/1664 1658/25/1664 1659/26/1664 1660/27/1664 1661/28/1664 1662/29/1664 1663/30/1664 1664/31/1664 1665/32/1664
f 1664/16/1665 1666/2/1665 1665/33/1665
f 1665/33/1666 1666/2/1666 1650/1/1666
f 1667/1/1667 1683/2/1667 1668/3/1667
f 1668/3/1668 1683/2/1668 1669/4/1668
f 1669/4/1669 1683/2/1669 1670/5/1669
f 1670/5/1670 1683/2/1670 1671/6/1670
f 1671/6/1671 1683/2/1671 1672/7/1671
f 1672/7/1672 1683/2/1672 1673/8/1672
f 1673/8/1673 1683/2/1673 1674/9/1673
f 1674/9/1674 1683/2/1674 1675/10/1674
f 1675/10/1675 1683/2/1675 1676/11/1675
f 1676/11/1676 1683/2/1676 1677/12/1676
f 1677/12/1677 1683/2/1677 1678/13/1677
f 1678/13/1678 1683/2/1678 1679/14/1678
f 1679/14/1679 1683/2/1679 1680/15/1679
f 1680/15/1680 1683/2/1680 1681/16/1680
f 1667/17/1681 1668/18/1681 1669/19/1681 1670/20/1681 1671/21/1681 1672/22/1681 1673/23/1681 1674/24/1681 1675/25/1681 1676/26/1681 1677/27/1681 1678/28/1681 1679/29/1681 1680/30/1681 1681/31/1681 1682/32/1681
f 1681/16/1682 1683/2/1682 1682/33/1682
f 1682/33/1683 1683/2/1683 1667/1/1683
f 1684/1/1684 1700/2/1684 1685/3/1684
f 1685/3/1685 1700/2/1685 1686/4/1685
f 1686/4/1686 1700/2/1686 1687/5/1686
f 1687/5/1687 1700/2/1687 1688/6/1687
f 1688/6/1688 1700/2/1688 1689/7/1688
f 1689/7/1689 1700/2/1689 1690/8/1689
f 1690/8/1690 1700/2/1690 1691/9/1690
f 1691/9/1691 1700/2/1691 1692/10/1691
f 1692/10/1692 1700/2/1692 1693/11/1692
f 1693/11/1693 1700/2/1693 1694/12/1693
f 1694/12/1694 1700/2/1694 1695/13/1694
f 1695/13/1695 1700/2/1695 1696/14/1695
f 1696/14/1696 1700/2/1696 1697/15/1696
f 1697/15/1697 1700/2/1697 1698/16/1697
f 1684/17/1698 1685/18/1698 1686/19/1698 1687/20/1698 1688/21/1698 1689/22/1698 1690/23/1698 1691/24/1698 1692/25/1698 1693/26/1698 1694/27/1698 1695/28/1698 1696/29/1698 1697/30/1698 1698/31/1698 1699/32/1698
f 1698/16/1699 1700/2/1699 1699/33/1699
f 1699/33/1700 1700/2/1700 1684/1/1700
f 1701/1/1701 1717/2/1701 1702/3/1701
f 1702/3/1702 1717/2/1702 1703/4/1702
f 1703/4/1703 1717/2/1703 1704/5/1703
f 1704/5/1704 1717/2/1704 1705/6/1704
f 1705/6/1705 1717/2/1705 1706/7/1705
f 1706/7/1706 1717/2/1706 1707/8/1706
f 1707/8/1707 1717/2/1707 1708/9/1707
f 1708/9/1708 1717/2/1708 1709/10/1708
f 1709/10/1709 1717/2/1709 1710/11/1709
f 1710/11/1710 1717/2/1710 1711/12/1710
f 1711/12/1711 1717/2/1711 1712/13/1711
f 1712/13/1712 1717/2/1712 1713/14/1712
f 1713/14/1713 1717/2/1713 1714/15/1713
f 1714/15/1714 1717/2/1714 1715/16/1714
f 1701/17/1715 1702/18/1715 1703/19/1715 1704/20/1715 1705/21/1715 1706/22/1715 1707/23/1715 1708/24/1715 1709/25/1715 1710/26/1715 1711/27/1715 1712/28/1715 1713/29/1715 1714/30/1715 1715/31/1715 1716/32/1715
f 1715/16/1716 1717/2/1716 1716/33/1716
f 1716/33/1717 1717/2/1717 1701/1/1717
f 1718/1/1718 1734/2/1718 1719/3/1718
f 1719/3/1719 1734/2/1719 1720/4/1719
f 1720/4/1720 1734/2/1720 1721/5/1720
f 1721/5/1721 1734/2/1721 1722/6/1721
f 1722/6/1722 1734/2/1722 1723/7/1722
f 1723/7/1723 1734/2/1723 1724/8/1723
f 1724/8/1724 1734/2/1724 1725/9/1724
f 1725/9/1725 1734/2/1725 1726/10/1725
f 1726/10/1726 1734/2/1726 1727/11/1726
f 1727/11/1727 1734/2/1727 1728/12/1727
f 1728/12/1728 1734/2/1728 1729/13/1728
f 1729/13/1729 1734/2/1729 1730/14/1729
f 1730/14/1730 1734/2/1730 1731/15/1730
f 1731/15/1731 1734/2/1731 1732/16/1731
f 1718/17/1732 1719/18/1732 1720/19/1732 1721/20/1732 1722/21/1732 1723/22/1732 1724/23/1732 1725/24/1732 1726/25/1732 1727/26/1732 1728/27/1732 1729/28/1732 1730/29/1732 1731/30/1732 1732/31/1732 1733/32/1732
f 1732/16/1733 1734/2/1733 1733/33/1733
f 1733/33/1734 1734/2/1734 1718/1/1734
f 1735/1/1735 1751/2/1735 1736/3/1735
f 1736/3/1736 1751/2/1736 1737/4/1736
f 1737/4/1737 1751/2/1737 1738/5/1737
f 1738/5/1738 1751/2/1738 1739/6/1738
f 1739/6/1739 1751/2/1739 1740/7/1739
f 1740/7/1740 1751/2/1740 1741/8/1740
f 1741/8/1741 1751/2/1741 1742/9/1741
f 1742/9/1742 1751/2/1742 1743/10/1742
f 1743/10/1743 1751/2/1743 1744/11/1743
f 1744/11/1744 1751/2/1744 1745/12/1744
f 1745/12/1745 1751/2/1745 1746/13/1745
f 1746/13/1746 1751/2/1746 1747/14/1746
f 1747/14/1747 1751/2/1747 1748/15/1747
f 1748/15/1748 1751/2/1748 1749/16/1748
f 1735/17/1749 1736/18/1749 1737/19/1749 1738/20/1749 1739/21/1749 1740/22/1749 1741/23/1749 1742/24/1749 1743/25/1749 1744/26/1749 1745/27/1749 1746/28/1749 1747/29/1749 1748/30/1749 1749/31/1749 1750/32/1749
f 1749/16/1750 1751/2/1750 1750/33/1750
f 1750/33/1751 1751/2/1751 1735/1/1751
f 1752/1/1752 1768/2/1752 1753/3/1752
f 1753/3/1753 1768/2/1753 1754/4/1753
f 1754/4/1754 1768/2/1754 1755/5/1754
f 1755/5/1755 1768/2/1755 1756/6/1755
f 1756/6/1756 1768/2/1756 1757/7/1756
f 1757/7/1757 1768/2/1757 1758/8/1757
f 1758/8/1758 1768/2/1758 1759/9/1758
f 1759/9/1759 1768/2/1759 1760/10/1759
f 1760/10/1760 1768/2/1760 1761/11/1760
f 1761/11/1761 1768/2/1761 1762/12/1761
f 1762/12/1762 1768/2/1762 1763/13/1762
f 1763/13/1763 1768/2/1763 1764/14/1763
f 1764/14/1764 1768/2/1764 1765/15/1764
f 1765/15/1765 1768/2/1765 1766/16/1765
f 1752/17/1766 1753/18/1766 1754/19/1766 1755/20/1766 1756/21/1766 1757/22/1766 1758/23/1766 1759/24/1766 1760/25/1766 1761/26/1766 1762/27/1766 1763/28/1766 1764/29/1766 1765/30/1766 1766/31/1766 1767/32/1766
f 1766/16/1767 1768/2/1767 1767/33/1767
f 1767/33/1768 1768/2/1768 1752/1/1768
f 1769/1/1769 1785/2/1769 1770/3/1769
f 1770/3/1770 1785/2/1770 1771/4/1770
f 1771/4/1771 1785/2/1771 1772/5/1771
f 1772/5/1772 1785/2/1772 1773/6/1772
f 1773/6/1773 1785/2/1773 1774/7/1773
f 1774/7/1774 1785/2/1774 1775/8/1774
f 1775/8/1775 1785/2/1775 1776/9/1775
f 1776/9/1776 1785/2/1776 1777/10/1776
f 1777/10/1777 1785/2/1777 1778/11/1777
f 1778/11/1778 1785/2/1778 1779/12/1778
f 1779/12/1779 1785/2/1779 1780/13/1779
f 1780/13/1780 1785/2/1780 1781/14/1780
f 1781/14/1781 1785/2/1781 1782/15/1781
f 1782/15/1782 1785/2/1782 1783/16/1782
f 1769/17/1783 1770/18/1783 1771/19/1783 1772/20/1783 1773/21/1783 1774/22/1783 1775/23/1783 1776/24/1783 1777/25/1783 1778/26/1783 1779/27/1783 1780/28/1783 1781/29/1783 1782/30/1783 1783/31/1783 1784/32/1783
f 1783/16/1784 1785/2/1784 1784/33/1784
f 1784/33/1785 1785/2/1785 1769/1/1785
f 1786/1/1786 1802/2/1786 1787/3/1786
f 1787/3/1787 1802/2/1787 1788/4/1787
f 1788/4/1788 1802/2/1788 1789/5/1788
f 1789/5/1789 1802/2/1789 1790/6/1789
f 1790/6/1790 1802/2/1790 1791/7/1790
f 1791/7/1791 1802/2/1791 1792/8/1791
f 1792/8/1792 1802/2/1792 1793/9/1792
f 1793/9/1793 1802/2/1793 1794/10/1793
f 1794/10/1794 1802/2/1794 1795/11/1794
f 1795/11/1795 1802/2/1795 1796/12/1795
f 1796/12/1796 1802/2/1796 1797/13/1796
f 1797/13/1797 1802/2/1797 1798/14/1797
f 1798/14/1798 1802/2/1798 1799/15/1798
f 1799/15/1799 1802/2/1799 1800/16/1799
f 1786/17/1800 1787/18/1800 1788/19/1800 1789/20/1800 1790/21/1800 1791/22/1800 1792/23/1800 1793/24/1800 1794/25/1800 1795/26/1800 1796/27/1800 1797/28/1800 1798/29/1800 1799/30/1800 1800/31/1800 1801/32/1800
f 1800/16/1801 1802/2/1801 1801/33/1801
f 1801/33/1802 1802/2/1802 1786/1/1802
f 1803/1/1803 1819/2/1803 1804/3/1803
f 1804/3/1804 1819/2/1804 1805/4/1804
f 1805/4/1805 1819/2/1805 1806/5/1805
f 1806/5/1806 1819/2/1806 1807/6/1806
f 1807/6/1807 1819/2/1807 1808/7/1807
f 1808/7/1808 1819/2/1808 1809/8/1808
f 1809/8/1809 1819/2/1809 1810/9/1809
f 1810/9/1810 1819/2/1810 1811/10/1810
f 1811/10/1811 1819/2/1811 1812/11/1811
f 1812/11/1812 1819/2/1812 1813/12/1812
f 1813/12/1813 1819/2/1813 1814/13/1813
f 1814/13/1814 1819/2/1814 1815/14/1814
f 1815/14/1815 1819/2/1815 1816/15/1815
f 1816/15/1816 1819/2/1816 1817/16/1816
f 1803/17/1817 1804/18/1817 1805/19/1817 1806/20/1817 1807/21/1817 1808/22/1817 1809/23/1817 1810/24/1817 1811/25/1817 1812/26/1817 1813/27/1817 1814/28/1817 1815/29/1817 1816/30/1817 1817/31/1817 1818/32/1817
f 1817/16/1818 1819/2/1818 1818/33/1818
f 1818/33/1819 1819/2/1819 1803/1/1819
f 1820/1/1820 1836/2/1820 1821/3/1820
f 1821/3/1821 1836/2/1821 1822/4/1821
f 1822/4/1822 1836/2/1822 1823/5/1822
f 1823/5/1823 1836/2/1823 1824/6/1823
f 1824/6/1824 1836/2/1824 1825/7/1824
f 1825/7/1825 1836/2/1825 1826/8/1825
f 1826/8/1826 1836/2/1826 1827/9/1826
f 1827/9/1827 1836/2/1827 1828/10/1827
f 1828/10/1828 1836/2/1828 1829/11/1828
f 1829/11/1829 1836/2/1829 1830/12/1829
f 1830/12/1830 1836/2/1830 1831/13/1830
f 1831/13/1831 1836/2/1831 1832/14/1831
f 1832/14/1832 1836/2/1832 1833/15/1832
f 1833/15/1833 1836/2/1833 1834/16/1833
f 1820/17/1834 1821/18/1834 1822/19/1834 1823/20/1834 1824/21/1834 1825/22/1834 1826/23/1834 1827/24/1834 1828/25/1834 1829/26/1834 1830/27/1834 1831/28/1834 1832/29/1834 1833/30/1834 1834/31/1834 1835/32/1834
f 1834/16/1835 1836/2/1835 1835/33/1835
f 1835/33/1836 1836/2/1836 1820/1/1836
f 1837/1/1837 1853/2/1837 1838/3/1837
f 1838/3/1838 1853/2/1838 1839/4/1838
f 1839/4/1839 1853/2/1839 1840/5/1839
f 1840/5/1840 1853/2/1840 1841/6/1840
f 1841/6/1841 1853/2/1841 1842/7/1841
f 1842/7/1842 1853/2/1842 1843/8/1842
f 1843/8/1843 1853/2/1843 1844/9/1843
f 1844/9/1844 1853/2/1844 1845/10/1844
f 1845/10/1845 1853/2/1845 1846/11/1845
f 1846/11/1846 1853/2/1846 1847/12/1846
f 1847/12/1847 1853/2/1847 1848/13/1847
f 1848/13/1848 1853/2/1848 1849/14/1848
f 1849/14/1849 1853/2/1849 1850/15/1849
f 1850/15/1850 1853/2/1850 1851/16/1850
f 1837/17/1851 1838/18/1851 1839/19/1851 1840/20/1851 1841/21/1851 1842/22/1851 1843/23/1851 1844/24/1851 1845/25/1851 1846/26/1851 1847/27/1851 1848/28/1851 1849/29/1851 1850/30/1851 1851/31/1851 1852/32/1851
f 1851/16/1852 1853/2/1852 1852/33/1852
f 1852/33/1853 1853/2/1853 1837/1/1853
f 1854/1/1854 1870/2/1854 1855/3/1854
f 1855/3/1855 1870/2/1855 1856/4/1855
f 1856/4/1856 1870/2/1856 1857/5/1856
f 1857/5/1857 1870/2/1857 1858/6/1857
f 1858/6/1858 1870/2/1858 1859/7/1858
f 1859/7/1859 1870/2/1859 1860/8/1859
f 1860/8/1860 1870/2/1860 1861/9/1860
f 1861/9/1861 1870/2/1861 1862/10/1861
f 1862/10/1862 1870/2/1862 1863/11/1862
f 1863/11/1863 1870/2/1863 1864/12/1863
f 1864/12/1864 1870/2/1864 1865/13/1864
f 1865/13/1865 1870/2/1865 1866/14/1865
f 1866/14/1866 1870/2/1866 1867/15/1866
f 1867/15/1867 1870/2/1867 1868/16/1867
f 1854/17/1868 1855/18/1868 1856/19/1868 1857/20/1868 1858/21/1868 1859/22/1868 1860/23/1868 1861/24/1868 1862/25/1868 1863/26/1868 1864/27/1868 1865/28/1868 1866/29/1868 1867/30/1868 1868/31/1868 1869/32/1868
f 1868/16/1869 1870/2/1869 1869/33/1869
f 1869/33/1870 1870/2/1870 1854/1/1870
f 1871/1/1871 1887/2/1871 1872/3/1871
f 1872/3/1872 1887/2/1872 1873/4/1872
f 1873/4/1873 1887/2/1873 1874/5/1873
f 1874/5/1874 1887/2/1874 1875/6/1874
f 1875/6/1875 1887/2/1875 1876/7/1875
f 1876/7/1876 1887/2/1876 1877/8/1876
f 1877/8/1877 1887/2/1877 1878/9/1877
f 1878/9/1878 1887/2/1878 1879/10/1878
f 1879/10/1879 1887/2/1879 1880/11/1879
f 1880/11/1880 1887/2/1880 1881/12/1880
f 1881/12/1881 1887/2/1881 1882/13/1881
f 1882/13/1882 1887/2/1882 1883/14/1882
f 1883/14/1883 1887/2/1883 1884/15/1883
f 1884/15/1884 1887/2/1884 1885/16/1884
f 1871/17/1885 1872/18/1885 1873/19/1885 1874/20/1885 1875/21/1885 1876/22/1885 1877/23/1885 1878/24/1885 1879/25/1885 1880/26/1885 1881/27/1885 1882/28/1885 1883/29/1885 1884/30/1885 1885/31/1885 1886/32/1885
f 1885/16/1886 1887/2/1886 1886/33/1886
f 1886/33/1887 1887/2/1887 1871/1/1887
f 1888/1/1888 1904/2/1888 1889/3/1888
f 1889/3/1889 1904/2/1889 1890/4/1889
f 1890/4/1890 1904/2/1890 1891/5/1890
f 1891/5/1891 1904/2/1891 1892/6/1891
f 1892/6/1892 1904/2/1892 1893/7/1892
f 1893/7/1893 1904/2/1893 1894/8/1893
f 1894/8/1894 1904/2/1894 1895/9/1894
f 1895/9/1895 1904/2/1895 1896/10/1895
f 1896/10/1896 1904/2/1896 1897/11/1896
f 1897/11/1897 1904/2/1897 1898/12/1897
f 1898/12/1898 1904/2/1898 1899/13/1898
f 1899/13/1899 1904/2/1899 1900/14/1899
f 1900/14/1900 1904/2/1900 1901/15/1900
f 1901/15/1901 1904/2/1901 1902/16/1901
f 1888/17/1902 1889/18/1902 1890/19/1902 1891/20/1902 1892/21/1902 1893/22/1902 1894/23/1902 1895/24/1902 1896/25/1902 1897/26/1902 1898/27/1902 1899/28/1902 1900/29/1902 1901/30/1902 1902/31/1902 1903/32/1902
f 1902/16/1903 1904/2/1903 1903/33/1903
f 1903/33/1904 1904/2/1904 1888/1/1904
f 1905/1/1905 1921/2/1905 1906/3/1905
f 1906/3/1906 1921/2/1906 1907/4/1906
f 1907/4/1907 1921/2/1907 1908/5/1907
f 1908/5/1908 1921/2/1908 1909/6/1908
f 1909/6/1909 1921/2/1909 1910/7/1909
f 1910/7/1910 1921/2/1910 1911/8/1910
f 1911/8/1911 1921/2/1911 1912/9/1911
f 1912/9/1912 1921/2/1912 1913/10/1912
f 1913/10/1913 1921/2/1913 1914/11/1913
f 1914/11/1914 1921/2/1914 1915/12/1914
f 1915/12/1915 1921/2/1915 1916/13/1915
f 1916/13/1916 1921/2/1916 1917/14/1916
f 1917/14/1917 1921/2/1917 1918/15/1917
f 1918/15/1918 1921/2/1918 1919/16/1918
f 1905/17/1919 1906/18/1919 1907/19/1919 1908/20/1919 1909/21/1919 1910/22/1919 1911/23/1919 1912/24/1919 1913/25/1919 1914/26/1919 1915/27/1919 1916/28/1919 1917/29/1919 1918/30/1919 1919/31/1919 1920/32/1919
f 1919/16/1920 1921/2/1920 1920/33/1920
f 1920/33/1921 1921/2/1921 1905/1/1921
f 1922/1/1922 1938/2/1922 1923/3/1922
f 1923/3/1923 1938/2/1923 1924/4/1923
f 1924/4/1924 1938/2/1924 1925/5/1924
f 1925/5/1925 1938/2/1925 1926/6/1925
f 1926/6/1926 1938/2/1926 1927/7/1926
f 1927/7/1927 1938/2/1927 1928/8/1927
f 1928/8/1928 1938/2/1928 1929/9/1928
f 1929/9/1929 1938/2/1929 1930/10/1929
f 1930/10/1930 1938/2/1930 1931/11/1930
f 1931/11/1931 1938/2/1931 1932/12/1931
f 1932/12/1932 1938/2/1932 1933/13/1932
f 1933/13/1933 1938/2/1933 1934/14/1933
f 1934/14/1934 1938/2/1934 1935/15/1934
f 1935/15/1935 1938/2/1935 1936/16/1935
f 1922/17/1936 1923/18/1936 1924/19/1936 1925/20/1936 1926/21/1936 1927/22/1936 1928/23/1936 1929/24/1936 1930/25/1936 1931/26/1936 1932/27/1936 1933/28/1936 1934/29/1936 1935/30/1936 1936/31/1936 1937/32/1936
f 1936/16/1937 1938/2/1937 1937/33/1937
f 1937/33/1938 1938/2/1938 1922/1/1938
f 1939/1/1939 1955/2/1939 1940/3/1939
f 1940/3/1940 1955/2/1940 1941/4/1940
f 1941/4/1941 1955/2/1941 1942/5/1941
f 1942/5/1942 1955/2/1942 1943/6/1942
f 1943/6/1943 1955/2/1943 1944/7/1943
f 1944/7/1944 1955/2/1944 1945/8/1944
f 1945/8/1945 1955/2/1945 1946/9/1945
f 1946/9/1946 1955/2/1946 1947/10/1946
f 1947/10/1947 1955/2/1947 1948/11/1947
f 1948/11/1948 1955/2/1948 1949/12/1948
f 1949/12/1949 1955/2/1949 1950/13/1949
f 1950/13/1950 1955/2/1950 1951/14/1950
f 1951/14/1951 1955/2/1951 1952/15/1951
f 1952/15/1952 1955/2/1952 1953/16/1952
f 1939/17/1953 1940/18/1953 1941/19/1953 1942/20/1953 1943/21/1953 1944/22/1953 1945/23/1953 1946/24/1953 1947/25/1953 1948/26/1953 1949/27/1953 1950/28/1953 1951/29/1953 1952/30/1953 1953/31/1953 1954/32/1953
f 1953/16/1954 1955/2/1954 1954/33/1954
f 1954/33/1955 1955/2/1955 1939/1/1955
f 1956/1/1956 1972/2/1956 1957/3/1956
f 1957/3/1957 1972/2/1957 1958/4/1957
f 1958/4/1958 1972/2/1958 1959/5/1958
f 1959/5/1959 1972/2/1959 1960/6/1959
f 1960/6/1960 1972/2/1960 1961/7/1960
f 1961/7/1961 1972/2/1961 1962/8/1961
f 1962/8/1962 1972/2/1962 1963/9/1962
f 1963/9/1963 1972/2/1963 1964/10/1963
f 1964/10/1964 1972/2/1964 1965/11/1964
f 1965/11/1965 1972/2/1965 1966/12/1965
f 1966/12/1966 1972/2/1966 1967/13/1966
f 1967/13/1967 1972/2/1967 1968/14/1967
f 1968/14/1968 1972/2/1968 1969/15/1968
f 1969/15/1969 1972/2/1969 1970/16/1969
f 1956/17/1970 1957/18/1970 1958/19/1970 1959/20/1970 1960/21/1970 1961/22/1970 1962/23/1970 1963/24/1970 1964/25/1970 1965/26/1970 1966/27/1970 1967/28/1970 1968/29/1970 1969/30/1970 1970/31/1970 1971/32/1970
f 1970/16/1971 1972/2/1971 1971/33/1971
f 1971/33/1972 1972/2/1972 1956/1/1972
f 1973/1/1973 1989/2/1973 1974/3/1973
f 1974/3/1974 1989/2/1974 1975/4/1974
f 1975/4/1975 1989/2/1975 1976/5/1975
f 1976/5/1976 1989/2/1976 1977/6/1976
f 1977/6/1977 1989/2/1977 1978/7/1977
f 1978/7/1978 1989/2/1978 1979/8/1978
f 1979/8/1979 1989/2/1979 1980/9/1979
f 1980/9/1980 1989/2/1980 1981/10/1980
f 1981/10/1981 1989/2/1981 1982/11/1981
f 1982/11/1982 1989/2/1982 1983/12/1982
f 1983/12/1983 1989/2/1983 1984/13/1983
f 1984/13/1984 1989/2/1984 1985/14/1984
f 1985/14/1985 1989/2/1985 1986/15/1985
f 1986/15/1986 1989/2/1986 1987/16/1986
f 1973/17/1987 1974/18/1987 1975/19/1987 1976/20/1987 1977/21/1987 1978/22/1987 1979/23/1987 1980/24/1987 1981/25/1987 1982/26/1987 1983/27/1987 1984/28/1987 1985/29/1987 1986/30/1987 1987/31/1987 1988/32/1987
f 1987/16/1988 1989/2/1988 1988/33/1988
f 1988/33/1989 1989/2/1989 1973/1/1989
f 1990/1/1990 2006/2/1990 1991/3/1990
f 1991/3/1991 2006/2/1991 1992/4/1991
f 1992/4/1992 2006/2/1992 1993/5/1992
f 1993/5/1993 2006/2/1993 1994/6/1993
f 1994/6/1994 2006/2/1994 1995/7/1994
f 1995/7/1995 2006/2/1995 1996/8/1995
f 1996/8/1996 2006/2/1996 1997/9/1996
f 1997/9/1997 2006/2/1997 1998/10/1997
f 1998/10/1998 2006/2/1998 1999/11/1998
f 1999/11/1999 2006/2/1999 2000/12/1999
f 2000/12/2000 2006/2/2000 2001/13/2000
f 2001/13/2001 2006/2/2001 2002/14/2001
f 2002/14/2002 2006/2/2002 2003/15/2002
f 2003/15/2003 2006/2/2003 2004/16/2003
f 1990/17/2004 1991/18/2004 1992/19/2004 1993/20/2004 1994/21/2004 1995/22/2004 1996/23/2004 1997/24/2004 1998/25/2004 1999/26/2004 2000/27/2004 2001/28/2004 2002/29/2004 2003/30/2004 2004/31/2004 2005/32/2004
f 2004/16/2005 2006/2/2005 2005/33/2005
f 2005/33/2006 2006/2/2006 1990/1/2006
f 2007/1/2007 2023/2/2007 2008/3/2007
f 2008/3/2008 2023/2/2008 2009/4/2008
f 2009/4/2009 2023/2/2009 2010/5/2009
f 2010/5/2010 2023/2/2010 2011/6/2010
f 2011/6/2011 2023/2/2011 2012/7/2011
f 2012/7/2012 2023/2/2012 2013/8/2012
f 2013/8/2013 2023/2/2013 2014/9/2013
f 2014/9/2014 2023/2/2014 2015/10/2014
f 2015/10/2015 2023/2/2015 2016/11/2015
f 2016/11/2016 2023/2/2016 2017/12/2016
f 2017/12/2017 2023/2/2017 2018/13/2017
f 2018/13/2018 2023/2/2018 2019/14/2018
f 2019/14/2019 2023/2/2019 2020/15/2019
f 2020/15/2020 2023/2/2020 2021/16/2020
f 2007/17/2021 2008/18/2021 2009/19/2021 2010/20/2021 2011/21/2021 2012/22/2021 2013/23/2021 2014/24/2021 2015/25/2021 2016/26/2021 2017/27/2021 2018/28/2021 2019/29/2021 2020/30/2021 2021/31/2021 2022/32/2021
f 2021/16/2022 2023/2/2022 2022/33/2022
f 2022/33/2023 2023/2/2023 2007/1/2023
f 2024/1/2024 2040/2/2024 2025/3/2024
f 2025/3/2025 2040/2/2025 2026/4/2025
f 2026/4/2026 2040/2/2026 2027/5/2026
f 2027/5/2027 2040/2/2027 2028/6/2027
f 2028/6/2028 2040/2/2028 2029/7/2028
f 2029/7/2029 2040/2/2029 2030/8/2029
f 2030/8/2030 2040/2/2030 2031/9/2030
f 2031/9/2031 2040/2/2031 2032/10/2031
f 2032/10/2032 2040/2/2032 2033/11/2032
f 2033/11/2033 2040/2/2033 2034/12/2033
f 2034/12/2034 2040/2/2034 2035/13/2034
f 2035/13/2035 2040/2/2035 2036/14/2035
f 2036/14/2036 2040/2/2036 2037/15/2036
f 2037/15/2037 2040/2/2037 2038/16/2037
f 2024/17/2038 2025/18/2038 2026/19/2038 2027/20/2038 2028/21/2038 2029/22/2038 2030/23/2038 2031/24/2038 2032/25/2038 2033/26/2038 2034/27/2038 2035/28/2038 2036/29/2038 2037/30/2038 2038/31/2038 2039/32/2038
f 2038/16/2039 2040/2/2039 2039/33/2039
f 2039/33/2040 2040/2/2040 2024/1/2040
f 2041/1/2041 2057/2/2041 2042/3/2041
f 2042/3/2042 2057/2/2042 2043/4/2042
f 2043/4/2043 2057/2/2043 2044/5/2043
f 2044/5/2044 2057/2/2044 2045/6/2044
f 2045/6/2045 2057/2/2045 2046/7/2045
f 2046/7/2046 2057/2/2046 2047/8/2046
f 2047/8/2047 2057/2/2047 2048/9/2047
f 2048/9/2048 2057/2/2048 2049/10/2048
f 2049/10/2049 2057/2/2049 2050/11/2049
f 2050/11/2050 2057/2/2050 2051/12/2050
f 2051/12/2051 2057/2/2051 2052/13/2051
f 2052/13/2052 2057/2/2052 2053/14/2052
f 2053/14/2053 2057/2/2053 2054/15/2053
f 2054/15/2054 2057/2/2054 2055/16/2054
f 2041/17/2055 2042/18/2055 2043/19/2055 2044/20/2055 2045/21/2055 2046/22/2055 2047/23/2055 2048/24/2055 2049/25/2055 2050/26/2055 2051/27/2055 2052/28/2055 2053/29/2055 2054/30/2055 2055/31/2055 2056/32/2055
f 2055/16/2056 2057/2/2056 2056/33/2056
f 2056/33/2057 2057/2/2057 2041/1/2057
f 2058/1/2058 2074/2/2058 2059/3/2058
f 2059/3/2059 2074/2/2059 2060/4/2059
f 2060/4/2060 2074/2/2060 2061/5/2060
f 2061/5/2061 2074/2/2061 2062/6/2061
f 2062/6/2062 2074/2/2062 2063/7/2062
f 2063/7/2063 2074/2/2063 2064/8/2063
f 2064/8/2064 2074/2/2064 2065/9/2064
f 2065/9/2065 2074/2/2065 2066/10/2065
f 2066/10/2066 2074/2/2066 2067/11/2066
f 2067/11/2067 2074/2/2067 2068/12/2067
f 2068/12/2068 2074/2/2068 2069/13/2068
f 2069/13/2069 2074/2/2069 2070/14/2069
f 2070/14/2070 2074/2/2070 2071/15/2070
f 2071/15/2071 2074/2/2071 2072/16/2071
f 2058/17/2072 2059/18/2072 2060/19/2072 2061/20/2072 2062/21/2072 2063/22/2072 2064/23/2072 2065/24/2072 2066/25/2072 2067/26/2072 2068/27/2072 2069/28/2072 2070/29/2072 2071/30/2072 2072/31/2072 2073/32/2072
f 2072/16/2073 2074/2/2073 2073/33/2073
f 2073/33/2074 2074/2/2074 2058/1/2074
f 2075/1/2075 2091/2/2075 2076/3/2075
f 2076/3/2076 2091/2/2076 2077/4/2076
f 2077/4/2077 2091/2/2077 2078/5/2077
f 2078/5/2078 2091/2/2078 2079/6/2078
f 2079/6/2079 2091/2/2079 2080/7/2079
f 2080/7/2080 2091/2/2080 2081/8/2080
f 2081/8/2081 2091/2/2081 2082/9/2081
f 2082/9/2082 2091/2/2082 2083/10/2082
f 2083/10/2083 2091/2/2083 2084/11/2083
f 2084/11/2084 2091/2/2084 2085/12/2084
f 2085/12/2085 2091/2/2085 2086/13/2085
f 2086/13/2086 2091/2/2086 2087/14/2086
f 2087/14/2087 2091/2/2087 2088/15/2087
f 2088/15/2088 2091/2/2088 2089/16/2088
f 2075/17/2089 2076/18/2089 2077/19/2089 2078/20/2089 2079/21/2089 2080/22/2089 2081/23/2089 2082/24/2089 2083/25/2089 2084/26/2089 2085/27/2089 2086/28/2089 2087/29/2089 2088/30/2089 2089/31/2089 2090/32/2089
f 2089/16/2090 2091/2/2090 2090/33/2090
f 2090/33/2091 2091/2/2091 2075/1/2091
f 2092/1/2092 2108/2/2092 2093/3/2092
f 2093/3/2093 2108/2/2093 2094/4/2093
f 2094/4/2094 2108/2/2094 2095/5/2094
f 2095/5/2095 2108/2/2095 2096/6/2095
f 2096/6/2096 2108/2/2096 2097/7/2096
f 2097/7/2097 2108/2/2097 2098/8/2097
f 2098/8/2098 2108/2/2098 2099/9/2098
f 2099/9/2099 2108/2/2099 2100/10/2099
f 2100/10/2100 2108/2/2100 2101/11/2100
f 2101/11/2101 2108/2/2101 2102/12/2101
f 2102/12/2102 2108/2/2102 2103/13/2102
f 2103/13/2103 2108/2/2103 2104/14/2103
f 2104/14/2104 2108/2/2104 2105/15/2104
f 2105/15/2105 2108/2/2105 2106/16/2105
f 2092/17/2106 2093/18/2106 2094/19/2106 2095/20/2106 2096/21/2106 2097/22/2106 2098/23/2106 2099/24/2106 2100/25/2106 2101/26/2106 2102/27/2106 2103/28/2106 2104/29/2106 2105/30/2106 2106/31/2106 2107/32/2106
f 2106/16/2107 2108/2/2107 2107/33/2107
f 2107/33/2108 2108/2/2108 2092/1/2108
f 2109/1/2109 2125/2/2109 2110/3/2109
f 2110/3/2110 2125/2/2110 2111/4/2110
f 2111/4/2111 2125/2/2111 2112/5/2111
f 2112/5/2112 2125/2/2112 2113/6/2112
f 2113/6/2113 2125/2/2113 2114/7/2113
f 2114/7/2114 2125/2/2114 2115/8/2114
f 2115/8/2115 2125/2/2115 2116/9/2115
f 2116/9/2116 2125/2/2116 2117/10/2116
f 2117/10/2117 2125/2/2117 2118/11/2117
f 2118/11/2118 2125/2/2118 2119/12/2118
f 2119/12/2119 2125/2/2119 2120/13/2119
f 2120/13/2120 2125/2/2120 2121/14/2120
f 2121/14/2121 2125/2/2121 2122/15/2121
f 2122/15/2122 2125/2/2122 2123/16/2122
f 2109/17/2123 2110/18/2123 2111/19/2123 2112/20/2123 2113/21/2123 2114/22/2123 2115/23/2123 2116/24/2123 2117/25/2123 2118/26/2123 2119/27/2123 2120/28/2123 2121/29/2123 2122/30/2123 2123/31/2123 2124/32/2123
f 2123/16/2124 2125/2/2124 2124/33/2124
f 2124/33/2125 2125/2/2125 2109/1/2125
f 2126/1/2126 2142/2/2126 2127/3/2126
f 2127/3/2127 2142/2/2127 2128/4/2127
f 2128/4/2128 2142/2/2128 2129/5/2128
f 2129/5/2129 2142/2/2129 2130/6/2129
f 2130/6/2130 2142/2/2130 2131/7/2130
f 2131/7/2131 2142/2/2131 2132/8/2131
f 2132/8/2132 2142/2/2132 2133/9/2132
f 2133/9/2133 2142/2/2133 2134/10/2133
f 2134/10/2134 2142/2/2134 2135/11/2134
f 2135/11/2135 2142/2/2135 2136/12/2135
f 2136/12/2136 2142/2/2136 2137/13/2136
f 2137/13/2137 2142/2/2137 2138/14/2137
f 2138/14/2138 2142/2/2138 2139/15/2138
f 2139/15/2139 2142/2/2139 2140/16/2139
f 2126/17/2140 2127/18/2140 2128/19/2140 2129/20/2140 2130/21/2140 2131/22/2140 2132/23/2140 2133/24/2140 2134/25/2140 2135/26/2140 2136/27/2140 2137/28/2140 2138/29/2140 2139/30/2140 2140/31/2140 2141/32/2140
f 2140/16/2141 2142/2/2141 2141/33/2141
f 2141/33/2142 2142/2/2142 2126/1/2142
f 2143/1/2143 2159/2/2143 2144/3/2143
f 2144/3/2144 2159/2/2144 2145/4/2144
f 2145/4/2145 2159/2/2145 2146/5/2145
f 2146/5/2146 2159/2/2146 2147/6/2146
f 2147/6/2147 2159/2/2147 2148/7/2147
f 2148/7/2148 2159/2/2148 2149/8/2148
f 2149/8/2149 2159/2/2149 2150/9/2149
f 2150/9/2150 2159/2/2150 2151/10/2150
f 2151/10/2151 2159/2/2151 2152/11/2151
f 2152/11/2152 2159/2/2152 2153/12/2152
f 2153/12/2153 2159/2/2153 2154/13/2153
f 2154/13/2154 2159/2/2154 2155/14/2154
f 2155/14/2155 2159/2/2155 2156/15/2155
f 2156/15/2156 2159/2/2156 2157/16/2156
f 2143/17/2157 2144/18/2157 2145/19/2157 2146/20/2157 2147/21/2157 2148/22/2157 2149/23/2157 2150/24/2157 2151/25/2157 2152/26/2157 2153/27/2157 2154/28/2157 2155/29/2157 2156/30/2157 2157/31/2157 2158/32/2157
f 2157/16/2158 2159/2/2158 2158/33/2158
f 2158/33/2159 2159/2/2159 2143/1/2159
f 2160/1/2160 2176/2/2160 2161/3/2160
f 2161/3/2161 2176/2/2161 2162/4/2161
f 2162/4/2162 2176/2/2162 2163/5/2162
f 2163/5/2163 2176/2/2163 2164/6/2163
f 2164/6/2164 2176/2/2164 2165/7/2164
f 2165/7/2165 2176/2/2165 2166/8/2165
f 2166/8/2166 2176/2/2166 2167/9/2166
f 2167/9/2167 2176/2/2167 2168/10/2167
f 2168/10/2168 2176/2/2168 2169/11/2168
f 2169/11/2169 2176/2/2169 2170/12/2169
f 2170/12/2170 2176/2/2170 2171/13/2170
f 2171/13/2171 2176/2/2171 2172/14/2171
f 2172/14/2172 2176/2/2172 2173/15/2172
f 2173/15/2173 2176/2/2173 2174/16/2173
f 2160/17/2174 2161/18/2174 2162/19/2174 2163/20/2174 2164/21/2174 2165/22/2174 2166/23/2174 2167/24/2174 2168/25/2174 2169/26/2174 2170/27/2174 2171/28/2174 2172/29/2174 2173/30/2174 2174/31/2174 2175/32/2174
f 2174/16/2175 2176/2/2175 2175/33/2175
f 2175/33/2176 2176/2/2176 2160/1/2176
f 2177/1/2177 2193/2/2177 2178/3/2177
f 2178/3/2178 2193/2/2178 2179/4/2178
f 2179/4/2179 2193/2/2179 2180/5/2179
f 2180/5/2180 2193/2/2180 2181/6/2180
f 2181/6/2181 2193/2/2181 2182/7/2181
f 2182/7/2182 2193/2/2182 2183/8/2182
f 2183/8/2183 2193/2/2183 2184/9/2183
f 2184/9/2184 2193/2/2184 2185/10/2184
f 2185/10/2185 2193/2/2185 2186/11/2185
f 2186/11/2186 2193/2/2186 2187/12/2186
f 2187/12/2187 2193/2/2187 2188/13/2187
f 2188/13/2188 2193/2/2188 2189/14/2188
f 2189/14/2189 2193/2/2189 2190/15/2189
f 2190/15/2190 2193/2/2190 2191/16/2190
f 2177/17/2191 2178/18/2191 2179/19/2191 2180/20/2191 2181/21/2191 2182/22/2191 2183/23/2191 2184/24/2191 2185/25/2191 2186/26/2191 2187/27/2191 2188/28/2191 2189/29/2191 2190/30/2191 2191/31/2191 2192/32/2191
f 2191/16/2192 2193/2/2192 2192/33/2192
f 2192/33/2193 2193/2/2193 2177/1/2193
f 2194/1/2194 2210/2/2194 2195/3/2194
f 2195/3/2195 2210/2/2195 2196/4/2195
f 2196/4/2196 2210/2/2196 2197/5/2196
f 2197/5/2197 2210/2/2197 2198/6/2197
f 2198/6/2198 2210/2/2198 2199/7/2198
f 2199/7/2199 2210/2/2199 2200/8/2199
f 2200/8/2200 2210/2/2200 2201/9/2200
f 2201/9/2201 2210/2/2201 2202/10/2201
f 2202/10/2202 2210/2/2202 2203/11/2202
f 2203/11/2203 2210/2/2203 2204/12/2203
f 2204/12/2204 2210/2/2204 2205/13/2204
f 2205/13/2205 2210/2/2205 2206/14/2205
f 2206/14/2206 2210/2/2206 2207/15/2206
f 2207/15/2207 2210/2/2207 2208/16/2207
f 2194/17/2208 2195/18/2208 2196/19/2208 2197/20/2208 2198/21/2208 2199/22/2208 2200/23/2208 2201/24/2208 2202/25/2208 2203/26/2208 2204/27/2208 2205/28/2208 2206/29/2208 2207/30/2208 2208/31/2208 2209/32/2208
f 2208/16/2209 2210/2/2209 2209/33/2209
f 2209/33/2210 2210/2/2210 2194/1/2210
f 2211/1/2211 2227/2/2211 2212/3/2211
f 2212/3/2212 2227/2/2212 2213/4/2212
f 2213/4/2213 2227/2/2213 2214/5/2213
f 2214/5/2214 2227/2/2214 2215/6/2214
f 2215/6/2215 2227/2/2215 2216/7/2215
f 2216/7/2216 2227/2/2216 2217/8/2216
f 2217/8/2217 2227/2/2217 2218/9/2217
f 2218/9/2218 2227/2/2218 2219/10/2218
f 2219/10/2219 2227/2/2219 2220/11/2219
f 2220/11/2220 2227/2/2220 2221/12/2220
f 2221/12/2221 2227/2/2221 2222/13/2221
f 2222/13/2222 2227/2/2222 2223/14/2222
f 2223/14/2223 2227/2/2223 2224/15/2223
f 2224/15/2224 2227/2/2224 2225/16/2224
f 2211/17/2225 2212/18/2225 2213/19/2225 2214/20/2225 2215/21/2225 2216/22/2225 2217/23/2225 2218/24/2225 2219/25/2225 2220/26/2225 2221/27/2225 2222/28/2225 2223/29/2225 2224/30/2225 2225/31/2225 2226/32/2225
f 2225/16/2226 2227/2/2226 2226/33/2226
f 2226/33/2227 2227/2/2227 2211/1/2227
f 2228/1/2228 2244/2/2228 2229/3/2228
f 2229/3/2229 2244/2/2229 2230/4/2229
f 2230/4/2230 2244/2/2230 2231/5/2230
f 2231/5/2231 2244/2/2231 2232/6/2231
f 2232/6/2232 2244/2/2232 2233/7/2232
f 2233/7/2233 2244/2/2233 2234/8/2233
f 2234/8/2234 2244/2/2234 2235/9/2234
f 2235/9/2235 2244/2/2235 2236/10/2235
f 2236/10/2236 2244/2/2236 2237/11/2236
f 2237/11/2237 2244/2/2237 2238/12/2237
f 2238/12/2238 2244/2/2238 2239/13/2238
f 2239/13/2239 2244/2/2239 2240/14/2239
f 2240/14/2240 2244/2/2240 2241/15/2240
f 2241/15/2241 2244/2/2241 2242/16/2241
f 2228/17/2242 2229/18/2242 2230/19/2242 2231/20/2242 2232/21/2242 2233/22/2242 2234/23/2242 2235/24/2242 2236/25/2242 2237/26/2242 2238/27/2242 2239/28/2242 2240/29/2242 2241/30/2242 2242/31/2242 2243/32/2242
f 2242/16/2243 2244/2/2243 2243/33/2243
f 2243/33/2244 2244/2/2244 2228/1/2244
f 2245/1/2245 2261/2/2245 2246/3/2245
f 2246/3/2246 2261/2/2246 2247/4/2246
f 2247/4/2247 2261/2/2247 2248/5/2247
f 2248/5/2248 2261/2/2248 2249/6/2248
f 2249/6/2249 2261/2/2249 2250/7/2249
f 2250/7/2250 2261/2/2250 2251/8/2250
f 2251/8/2251 2261/2/2251 2252/9/2251
f 2252/9/2252 2261/2/2252 2253/10/2252
f 2253/10/2253 2261/2/2253 2254/11/2253
f 2254/11/2254 2261/2/2254 2255/12/2254
f 2255/12/2255 2261/2/2255 2256/13/2255
f 2256/13/2256 2261/2/2256 2257/14/2256
f 2257/14/2257 2261/2/2257 2258/15/2257
f 2258/15/2258 2261/2/2258 2259/16/2258
f 2245/17/2259 2246/18/2259 2247/19/2259 2248/20/2259 2249/21/2259 2250/22/2259 2251/23/2259 2252/24/2259 2253/25/2259 2254/26/2259 2255/27/2259 2256/28/2259 2257/29/2259 2258/30/2259 2259/31/2259 2260/32/2259
f 2259/16/2260 2261/2/2260 2260/33/2260
f 2260/33/2261 2261/2/2261 2245/1/2261
f 2262/1/2262 2278/2/2262 2263/3/2262
f 2263/3/2263 2278/2/2263 2264/4/2263
f 2264/4/2264 2278/2/2264 2265/5/2264
f 2265/5/2265 2278/2/2265 2266/6/2265
f 2266/6/2266 2278/2/2266 2267/7/2266
f 2267/7/2267 2278/2/2267 2268/8/2267
f 2268/8/2268 2278/2/2268 2269/9/2268
f 2269/9/2269 2278/2/2269 2270/10/2269
f 2270/10/2270 2278/2/2270 2271/11/2270
f 2271/11/2271 2278/2/2271 2272/12/2271
f 2272/12/2272 2278/2/2272 2273/13/2272
f 2273/13/2273 2278/2/2273 2274/14/2273
f 2274/14/2274 2278/2/2274 2275/15/2274
f 2275/15/2275 2278/2/2275 2276/16/2275
f 2262/17/2276 2263/18/2276 2264/19/2276 2265/20/2276 2266/21/2276 2267/22/2276 2268/23/2276 2269/24/2276 2270/25/2276 2271/26/2276 2272/27/2276 2273/28/2276 2274/29/2276 2275/30/2276 2276/31/2276 2277/32/2276
f 2276/16/2277 2278/2/2277 2277/33/2277
f 2277/33/2278 2278/2/2278 2262/1/2278
f 2279/1/2279 2295/2/2279 2280/3/2279
f 2280/3/2280 2295/2/2280 2281/4/2280
f 2281/4/2281 2295/2/2281 2282/5/2281
f 2282/5/2282 2295/2/2282 2283/6/2282
f 2283/6/2283 2295/2/2283 2284/7/2283
f 2284/7/2284 2295/2/2284 2285/8/2284
f 2285/8/2285 2295/2/2285 2286/9/2285
f 2286/9/2286 2295/2/2286 2287/10/2286
f 2287/10/2287 2295/2/2287 2288/11/2287
f 2288/11/2288 2295/2/2288 2289/12/2288
f 2289/12/2289 2295/2/2289 2290/13/2289
f 2290/13/2290 2295/2/2290 2291/14/2290
f 2291/14/2291 2295/2/2291 2292/15/2291
f 2292/15/2292 2295/2/2292 2293/16/2292
f 2279/17/2293 2280/18/2293 2281/19/2293 2282/20/2293 2283/21/2293 2284/22/2293 2285/23/2293 2286/24/2293 2287/25/2293 2288/26/2293 2289/27/2293 2290/28/2293 2291/29/2293 2292/30/2293 2293/31/2293 2294/32/2293
f 2293/16/2294 2295/2/2294 2294/33/2294
f 2294/33/2295 2295/2/2295 2279/1/2295
f 2296/1/2296 2312/2/2296 2297/3/2296
f 2297/3/2297 2312/2/2297 2298/4/2297
f 2298/4/2298 2312/2/2298 2299/5/2298
f 2299/5/2299 2312/2/2299 2300/6/2299
f 2300/6/2300 2312/2/2300 2301/7/2300
f 2301/7/2301 2312/2/2301 2302/8/2301
f 2302/8/2302 2312/2/2302 2303/9/2302
f 2303/9/2303 2312/2/2303 2304/10/2303
f 2304/10/2304 2312/2/2304 2305/11/2304
f 2305/11/2305 2312/2/2305 2306/12/2305
f 2306/12/2306 2312/2/2306 2307/13/2306
f 2307/13/2307 2312/2/2307 2308/14/2307
f 2308/14/2308 2312/2/2308 2309/15/2308
f 2309/15/2309 2312/2/2309 2310/16/2309
f 2296/17/2310 2297/18/2310 2298/19/2310 2299/20/2310 2300/21/2310 2301/22/2310 2302/23/2310 2303/24/2310 2304/25/2310 2305/26/2310 2306/27/2310 2307/28/2310 2308/29/2310 2309/30/2310 2310/31/2310 2311/32/2310
f 2310/16/2311 2312/2/2311 2311/33/2311
f 2311/33/2312 2312/2/2312 2296/1/2312
f 2313/1/2313 2329/2/2313 2314/3/2313
f 2314/3/2314 2329/2/2314 2315/4/2314
f 2315/4/2315 2329/2/2315 2316/5/2315
f 2316/5/2316 2329/2/2316 2317/6/2316
f 2317/6/2317 2329/2/2317 2318/7/2317
f 2318/7/2318 2329/2/2318 2319/8/2318
f 2319/8/2319 2329/2/2319 2320/9/2319
f 2320/9/2320 2329/2/2320 2321/10/2320
f 2321/10/2321 2329/2/2321 2322/11/2321
f 2322/11/2322 2329/2/2322 2323/12/2322
f 2323/12/2323 2329/2/2323 2324/13/2323
f 2324/13/2324 2329/2/2324 2325/14/2324
f 2325/14/2325 2329/2/2325 2326/15/2325
f 2326/15/2326 2329/2/2326 2327/16/2326
f 2313/17/2327 2314/18/2327 2315/19/2327 2316/20/2327 2317/21/2327 2318/22/2327 2319/23/2327 2320/24/2327 2321/25/2327 2322/26/2327 2323/27/2327 2324/28/2327 2325/29/2327 2326/30/2327 2327/31/2327 2328/32/2327
f 2327/16/2328 2329/2/2328 2328/33/2328
f 2328/33/2329 2329/2/2329 2313/1/2329
f 2330/1/2330 2346/2/2330 2331/3/2330
f 2331/3/2331 2346/2/2331 2332/4/2331
f 2332/4/2332 2346/2/2332 2333/5/2332
f 2333/5/2333 2346/2/2333 2334/6/2333
f 2334/6/2334 2346/2/2334 2335/7/2334
f 2335/7/2335 2346/2/2335 2336/8/2335
f 2336/8/2336 2346/2/2336 2337/9/2336
f 2337/9/2337 2346/2/2337 2338/10/2337
f 2338/10/2338 2346/2/2338 2339/11/2338
f 2339/11/2339 2346/2/2339 2340/12/2339
f 2340/12/2340 2346/2/2340 2341/13/2340
f 2341/13/2341 2346/2/2341 2342/14/2341
f 2342/14/2342 2346/2/2342 2343/15/2342
f 2343/15/2343 2346/2/2343 2344/16/2343
f 2330/17/2344 2331/18/2344 2332/19/2344 2333/20/2344 2334/21/2344 2335/22/2344 2336/23/2344 2337/24/2344 2338/25/2344 2339/26/2344 2340/27/2344 2341/28/2344 2342/29/2344 2343/30/2344 2344/31/2344 2345/32/2344
f 2344/16/2345 2346/2/2345 2345/33/2345
f 2345/33/2346 2346/2/2346 2330/1/2346
f 2347/1/2347 2363/2/2347 2348/3/2347
f 2348/3/2348 2363/2/2348 2349/4/2348
f 2349/4/2349 2363/2/2349 2350/5/2349
f 2350/5/2350 2363/2/2350 2351/6/2350
f 2351/6/2351 2363/2/2351 2352/7/2351
f 2352/7/2352 2363/2/2352 2353/8/2352
f 2353/8/2353 2363/2/2353 2354/9/2353
f 2354/9/2354 2363/2/2354 2355/10/2354
f 2355/10/2355 2363/2/2355 2356/11/2355
f 2356/11/2356 2363/2/2356 2357/12/2356
f 2357/12/2357 2363/2/2357 2358/13/2357
f 2358/13/2358 2363/2/2358 2359/14/2358
f 2359/14/2359 2363/2/2359 2360/15/2359
f 2360/15/2360 2363/2/2360 2361/16/2360
f 2347/17/2361 2348/18/2361 2349/19/2361 2350/20/2361 2351/21/2361 2352/22/2361 2353/23/2361 2354/24/2361 2355/25/2361 2356/26/2361 2357/27/2361 2358/28/2361 2359/29/2361 2360/30/2361 2361/31/2361 2362/32/2361
f 2361/16/2362 2363/2/2362 2362/33/2362
f 2362/33/2363 2363/2/2363 2347/1/2363
f 2364/1/2364 2380/2/2364 2365/3/2364
f 2365/3/2365 2380/2/2365 2366/4/2365
f 2366/4/2366 2380/2/2366 2367/5/2366
f 2367/5/2367 2380/2/2367 2368/6/2367
f 2368/6/2368 2380/2/2368 2369/7/2368
f 2369/7/2369 2380/2/2369 2370/8/2369
f 2370/8/2370 2380/2/2370 2371/9/2370
f 2371/9/2371 2380/2/2371 2372/10/2371
f 2372/10/2372 2380/2/2372 2373/11/2372
f 2373/11/2373 2380/2/2373 2374/12/2373
f 2374/12/2374 2380/2/2374 2375/13/2374
f 2375/13/2375 2380/2/2375 2376/14/2375
f 2376/14/2376 2380/2/2376 2377/15/2376
f 2377/15/2377 2380/2/2377 2378/16/2377
f 2364/17/2378 2365/18/2378 2366/19/2378 2367/20/2378 2368/21/2378 2369/22/2378 2370/23/2378 2371/24/2378 2372/25/2378 2373/26/2378 2374/27/2378 2375/28/2378 2376/29/2378 2377/30/2378 2378/31/2378 2379/32/2378
f 2378/16/2379 2380/2/2379 2379/33/2379
f 2379/33/2380 2380/2/2380 2364/1/2380
f 2381/1/2381 2397/2/2381 2382/3/2381
f 2382/3/2382 2397/2/2382 2383/4/2382
f 2383/4/2383 2397/2/2383 2384/5/2383
f 2384/5/2384 2397/2/2384 2385/6/2384
f 2385/6/2385 2397/2/2385 2386/7/2385
f 2386/7/2386 2397/2/2386 2387/8/2386
f 2387/8/2387 2397/2/2387 2388/9/2387
f 2388/9/2388 2397/2/2388 2389/10/2388
f 2389/10/2389 2397/2/2389 2390/11/2389
f 2390/11/2390 2397/2/2390 2391/12/2390
f 2391/12/2391 2397/2/2391 2392/13/2391
f 2392/13/2392 2397/2/2392 2393/14/2392
f 2393/14/2393 2397/2/2393 2394/15/2393
f 2394/15/2394 2397/2/2394 2395/16/2394
f 2381/17/2395 2382/18/2395 2383/19/2395 2384/20/2395 2385/21/2395 2386/22/2395 2387/23/2395 2388/24/2395 2389/25/2395 2390/26/2395 2391/27/2395 2392/28/2395 2393/29/2395 2394/30/2395 2395/31/2395 2396/32/2395
f 2395/16/2396 2397/2/2396 2396/33/2396
f 2396/33/2397 2397/2/2397 2381/1/2397
f 2398/1/2398 2414/2/2398 2399/3/2398
f 2399/3/2399 2414/2/2399 2400/4/2399
f 2400/4/2400 2414/2/2400 2401/5/2400
f 2401/5/2401 2414/2/2401 2402/6/2401
f 2402/6/2402 2414/2/2402 2403/7/2402
f 2403/7/2403 2414/2/2403 2404/8/2403
f 2404/8/2404 2414/2/2404 2405/9/2404
f 2405/9/2405 2414/2/2405 2406/10/2405
f 2406/10/2406 2414/2/2406 2407/11/2406
f 2407/11/2407 2414/2/2407 2408/12/2407
f 2408/12/2408 2414/2/2408 2409/13/2408
f 2409/13/2409 2414/2/2409 2410/14/2409
f 2410/14/2410 2414/2/2410 2411/15/2410
f 2411/15/2411 2414/2/2411 2412/16/2411
f 2398/17/2412 2399/18/2412 2400/19/2412 2401/20/2412 2402/21/2412 2403/22/2412 2404/23/2412 2405/24/2412 2406/25/2412 2407/26/2412 2408/27/2412 2409/28/2412 2410/29/2412 2411/30/2412 2412/31/2412 2413/32/2412
f 2412/16/2413 2414/2/2413 2413/33/2413
f 2413/33/2414 2414/2/2414 2398/1/2414
f 2415/1/2415 2431/2/2415 2416/3/2415
f 2416/3/2416 2431/2/2416 2417/4/2416
f 2417/4/2417 2431/2/2417 2418/5/2417
f 2418/5/2418 2431/2/2418 2419/6/2418
f 2419/6/2419 2431/2/2419 2420/7/2419
f 2420/7/2420 2431/2/2420 2421/8/2420
f 2421/8/2421 2431/2/2421 2422/9/2421
f 2422/9/2422 2431/2/2422 2423/10/2422
f 2423/10/2423 2431/2/2423 2424/11/2423
f 2424/11/2424 2431/2/2424 2425/12/2424
f 2425/12/2425 2431/2/2425 2426/13/2425
f 2426/13/2426 2431/2/2426 2427/14/2426
f 2427/14/2427 2431/2/2427 2428/15/2427
f 2428/15/2428 2431/2/2428 2429/16/2428
f 2415/17/2429 2416/18/2429 2417/19/2429 2418/20/2429 2419/21/2429 2420/22/2429 2421/23/2429 2422/24/2429 2423/25/2429 2424/26/2429 2425/27/2429 2426/28/2429 2427/29/2429 2428/30/2429 2429/31/2429 2430/32/2429
f 2429/16/2430 2431/2/2430 2430/33/2430
f 2430/33/2431 2431/2/2431 2415/1/2431
f 2432/1/2432 2448/2/2432 2433/3/2432
f 2433/3/2433 2448/2/2433 2434/4/2433
f 2434/4/2434 2448/2/2434 2435/5/2434
f 2435/5/2435 2448/2/2435 2436/6/2435
f 2436/6/2436 2448/2/2436 2437/7/2436
f 2437/7/2437 2448/2/2437 2438/8/2437
f 2438/8/2438 2448/2/2438 2439/9/2438
f 2439/9/2439 2448/2/2439 2440/10/2439
f 2440/10/2440 2448/2/2440 2441/11/2440
f 2441/11/2441 2448/2/2441 2442/12/2441
f 2442/12/2442 2448/2/2442 2443/13/2442
f 2443/13/2443 2448/2/2443 2444/14/2443
f 2444/14/2444 2448/2/2444 2445/15/2444
f 2445/15/2445 2448/2/2445 2446/16/2445
f 2432/17/2446 2433/18/2446 2434/19/2446 2435/20/2446 2436/21/2446 2437/22/2446 2438/23/2446 2439/24/2446 2440/25/2446 2441/26/2446 2442/27/2446 2443/28/2446 2444/29/2446 2445/30/2446 2446/31/2446 2447/32/2446
f 2446/16/2447 2448/2/2447 2447/33/2447
f 2447/33/2448 2448/2/2448 2432/1/2448
f 2449/1/2449 2465/2/2449 2450/3/2449
f 2450/3/2450 2465/2/2450 2451/4/2450
f 2451/4/2451 2465/2/2451 2452/5/2451
f 2452/5/2452 2465/2/2452 2453/6/2452
f 2453/6/2453 2465/2/2453 2454/7/2453
f 2454/7/2454 2465/2/2454 2455/8/2454
f 2455/8/2455 2465/2/2455 2456/9/2455
f 2456/9/2456 2465/2/2456 2457/10/2456
f 2457/10/2457 2465/2/2457 2458/11/2457
f 2458/11/2458 2465/2/2458 2459/12/2458
f 2459/12/2459 2465/2/2459 2460/13/2459
f 2460/13/2460 2465/2/2460 2461/14/2460
f 2461/14/2461 2465/2/2461 2462/15/2461
f 2462/15/2462 2465/2/2462 2463/16/2462
f 2449/17/2463 2450/18/2463 2451/19/2463 2452/20/2463 2453/21/2463 2454/22/2463 2455/23/2463 2456/24/2463 2457/25/2463 2458/26/2463 2459/27/2463 2460/28/2463 2461/29/2463 2462/30/2463 2463/31/2463 2464/32/2463
f 2463/16/2464 2465/2/2464 2464/33/2464
f 2464/33/2465 2465/2/2465 2449/1/2465
f 2466/1/2466 2482/2/2466 2467/3/2466
f 2467/3/2467 2482/2/2467 2468/4/2467
f 2468/4/2468 2482/2/2468 2469/5/2468
f 2469/5/2469 2482/2/2469 2470/6/2469
f 2470/6/2470 2482/2/2470 2471/7/2470
f 2471/7/2471 2482/2/2471 2472/8/2471
f 2472/8/2472 2482/2/2472 2473/9/2472
f 2473/9/2473 2482/2/2473 2474/10/2473
f 2474/10/2474 2482/2/2474 2475/11/2474
f 2475/11/2475 2482/2/2475 2476/12/2475
f 2476/12/2476 2482/2/2476 2477/13/2476
f 2477/13/2477 2482/2/2477 2478/14/2477
f 2478/14/2478 2482/2/2478 2479/15/2478
f 2479/15/2479 2482/2/2479 2480/16/2479
f 2466/17/2480 2467/18/2480 2468/19/2480 2469/20/2480 2470/21/2480 2471/22/2480 2472/23/2480 2473/24/2480 2474/25/2480 2475/26/2480 2476/27/2480 2477/28/2480 2478/29/2480 2479/30/2480 2480/31/2480 2481/32/2480
f 2480/16/2481 2482/2/2481 2481/33/2481
f 2481/33/2482 2482/2/2482 2466/1/2482
f 2483/1/2483 2499/2/2483 2484/3/2483
f 2484/3/2484 2499/2/2484 2485/4/2484
f 2485/4/2485 2499/2/2485 2486/5/2485
f 2486/5/2486 2499/2/2486 2487/6/2486
f 2487/6/2487 2499/2/2487 2488/7/2487
f 2488/7/2488 2499/2/2488 2489/8/2488
f 2489/8/2489 2499/2/2489 2490/9/2489
f 2490/9/2490 2499/2/2490 2491/10/2490
f 2491/10/2491 2499/2/2491 2492/11/2491
f 2492/11/2492 2499/2/2492 2493/12/2492
f 2493/12/2493 2499/2/2493 2494/13/2493
f 2494/13/2494 2499/2/2494 2495/14/2494
f 2495/14/2495 2499/2/2495 2496/15/2495
f 2496/15/2496 2499/2/2496 2497/16/2496
f 2483/17/2497 2484/18/2497 2485/19/2497 2486/20/2497 2487/21/2497 2488/22/2497 2489/23/2497 2490/24/2497 2491/25/2497 2492/26/2497 2493/27/2497 2494/28/2497 2495/29/2497 2496/30/2497 2497/31/2497 2498/32/2497
f 2497/16/2498 2499/2/2498 2498/33/2498
f 2498/33/2499 2499/2/2499 2483/1/2499
f 2500/1/2500 2516/2/2500 2501/3/2500
f 2501/3/2501 2516/2/2501 2502/4/2501
f 2502/4/2502 2516/2/2502 2503/5/2502
f 2503/5/2503 2516/2/2503 2504/6/2503
f 2504/6/2504 2516/2/2504 2505/7/2504
f 2505/7/2505 2516/2/2505 2506/8/2505
f 2506/8/2506 2516/2/2506 2507/9/2506
f 2507/9/2507 2516/2/2507 2508/10/2507
f 2508/10/2508 2516/2/2508 2509/11/2508
f 2509/11/2509 2516/2/2509 2510/12/2509
f 2510/12/2510 2516/2/2510 2511/13/2510
f 2511/13/2511 2516/2/2511 2512/14/2511
f 2512/14/2512 2516/2/2512 2513/15/2512
f 2513/15/2513 2516/2/2513 2514/16/2513
f 2500/17/2514 2501/18/2514 2502/19/2514 2503/20/2514 2504/21/2514 2505/22/2514 2506/23/2514 2507/24/2514 2508/25/2514 2509/26/2514 2510/27/2514 2511/28/2514 2512/29/2514 2513/30/2514 2514/31/2514 2515/32/2514
f 2514/16/2515 2516/2/2515 2515/33/2515
f 2515/33/2516 2516/2/2516 2500/1/2516
f 2517/1/2517 2533/2/2517 2518/3/2517
f 2518/3/2518 2533/2/2518 2519/4/2518
f 2519/4/2519 2533/2/2519 2520/5/2519
f 2520/5/2520 2533/2/2520 2521/6/2520
f 2521/6/2521 2533/2/2521 2522/7/2521
f 2522/7/2522 2533/2/2522 2523/8/2522
f 2523/8/2523 2533/2/2523 2524/9/2523
f 2524/9/2524 2533/2/2524 2525/10/2524
f 2525/10/2525 2533/2/2525 2526/11/2525
f 2526/11/2526 2533/2/2526 2527/12/2526
f 2527/12/2527 2533/2/2527 2528/13/2527
f 2528/13/2528 2533/2/2528 2529/14/2528
f 2529/14/2529 2533/2/2529 2530/15/2529
f 2530/15/2530 2533/2/2530 2531/16/2530
f 2517/17/2531 2518/18/2531 2519/19/2531 2520/20/2531 2521/21/2531 2522/22/2531 2523/23/2531 2524/24/2531 2525/25/2531 2526/26/2531 2527/27/2531 2528/28/2531 2529/29/2531 2530/30/2531 2531/31/2531 2532/32/2531
f 2531/16/2532 2533/2/2532 2532/33/2532
f 2532/33/2533 2533/2/2533 2517/1/2533
f 2534/1/2534 2550/2/2534 2535/3/2534
f 2535/3/2535 2550/2/2535 2536/4/2535
f 2536/4/2536 2550/2/2536 2537/5/2536
f 2537/5/2537 2550/2/2537 2538/6/2537
f 2538/6/2538 2550/2/2538 2539/7/2538
f 2539/7/2539 2550/2/2539 2540/8/2539
f 2540/8/2540 2550/2/2540 2541/9/2540
f 2541/9/2541 2550/2/2541 2542/10/2541
f 2542/10/2542 2550/2/2542 2543/11/2542
f 2543/11/2543 2550/2/2543 2544/12/2543
f 2544/12/2544 2550/2/2544 2545/13/2544
f 2545/13/2545 2550/2/2545 2546/14/2545
f 2546/14/2546 2550/2/2546 2547/15/2546
f 2547/15/2547 2550/2/2547 2548/16/2547
f 2534/17/2548 2535/18/2548 2536/19/2548 2537/20/2548 2538/21/2548 2539/22/2548 2540/23/2548 2541/24/2548 2542/25/2548 2543/26/2548 2544/27/2548 2545/28/2548 2546/29/2548 2547/30/2548 2548/31/2548 2549/32/2548
f 2548/16/2549 2550/2/2549 2549/33/2549
f 2549/33/2550 2550/2/2550 2534/1/2550
f 2551/1/2551 2567/2/2551 2552/3/2551
f 2552/3/2552 2567/2/2552 2553/4/2552
f 2553/4/2553 2567/2/2553 2554/5/2553
f 2554/5/2554 2567/2/2554 2555/6/2554
f 2555/6/2555 2567/2/2555 2556/7/2555
f 2556/7/2556 2567/2/2556 2557/8/2556
f 2557/8/2557 2567/2/2557 2558/9/2557
f 2558/9/2558 2567/2/2558 2559/10/2558
f 2559/10/2559 2567/2/2559 2560/11/2559
f 2560/11/2560 2567/2/2560 2561/12/2560
f 2561/12/2561 2567/2/2561 2562/13/2561
f 2562/13/2562 2567/2/2562 2563/14/2562
f 2563/14/2563 2567/2/2563 2564/15/2563
f 2564/15/2564 2567/2/2564 2565/16/2564
f 2551/17/2565 2552/18/2565 2553/19/2565 2554/20/2565 2555/21/2565 2556/22/2565 2557/23/2565 2558/24/2565 2559/25/2565 2560/26/2565 2561/27/2565 2562/28/2565 2563/29/2565 2564/30/2565 2565/31/2565 2566/32/2565
f 2565/16/2566 2567/2/2566 2566/33/2566
f 2566/33/2567 2567/2/2567 2551/1/2567
f 2568/1/2568 2584/2/2568 2569/3/2568
f 2569/3/2569 2584/2/2569 2570/4/2569
f 2570/4/2570 2584/2/2570 2571/5/2570
f 2571/5/2571 2584/2/2571 2572/6/2571
f 2572/6/2572 2584/2/2572 2573/7/2572
f 2573/7/2573 2584/2/2573 2574/8/2573
f 2574/8/2574 2584/2/2574 2575/9/2574
f 2575/9/2575 2584/2/2575 2576/10/2575
f 2576/10/2576 2584/2/2576 2577/11/2576
f 2577/11/2577 2584/2/2577 2578/12/2577
f 2578/12/2578 2584/2/2578 2579/13/2578
f 2579/13/2579 2584/2/2579 2580/14/2579
f 2580/14/2580 2584/2/2580 2581/15/2580
f 2581/15/2581 2584/2/2581 2582/16/2581
f 2568/17/2582 2569/18/2582 2570/19/2582 2571/20/2582 2572/21/2582 2573/22/2582 2574/23/2582 2575/24/2582 2576/25/2582 2577/26/2582 2578/27/2582 2579/28/2582 2580/29/2582 2581/30/2582 2582/31/2582 2583/32/2582
f 2582/16/2583 2584/2/2583 2583/33/2583
f 2583/33/2584 2584/2/2584 2568/1/2584
f 2585/1/2585 2601/2/2585 2586/3/2585
f 2586/3/2586 2601/2/2586 2587/4/2586
f 2587/4/2587 2601/2/2587 2588/5/2587
f 2588/5/2588 2601/2/2588 2589/6/2588
f 2589/6/2589 2601/2/2589 2590/7/2589
f 2590/7/2590 2601/2/2590 2591/8/2590
f 2591/8/2591 2601/2/2591 2592/9/2591
f 2592/9/2592 2601/2/2592 2593/10/2592
f 2593/10/2593 2601/2/2593 2594/11/2593
f 2594/11/2594 2601/2/2594 2595/12/2594
f 2595/12/2595 2601/2/2595 2596/13/2595
f 2596/13/2596 2601/2/2596 2597/14/2596
f 2597/14/2597 2601/2/2597 2598/15/2597
f 2598/15/2598 2601/2/2598 2599/16/2598
f 2585/17/2599 2586/18/2599 2587/19/2599 2588/20/2599 2589/21/2599 2590/22/2599 2591/23/2599 2592/24/2599 2593/25/2599 2594/26/2599 2595/27/2599 2596/28/2599 2597/29/2599 2598/30/2599 2599/31/2599 2600/32/2599
f 2599/16/2600 2601/2/2600 2600/33/2600
f 2600/33/2601 2601/2/2601 2585/1/2601
f 2602/1/2602 2618/2/2602 2603/3/2602
f 2603/3/2603 2618/2/2603 2604/4/2603
f 2604/4/2604 2618/2/2604 2605/5/2604
f 2605/5/2605 2618/2/2605 2606/6/2605
f 2606/6/2606 2618/2/2606 2607/7/2606
f 2607/7/2607 2618/2/2607 2608/8/2607
f 2608/8/2608 2618/2/2608 2609/9/2608
f 2609/9/2609 2618/2/2609 2610/10/2609
f 2610/10/2610 2618/2/2610 2611/11/2610
f 2611/11/2611 2618/2/2611 2612/12/2611
f 2612/12/2612 2618/2/2612 2613/13/2612
f 2613/13/2613 2618/2/2613 2614/14/2613
f 2614/14/2614 2618/2/2614 2615/15/2614
f 2615/15/2615 2618/2/2615 2616/16/2615
f 2602/17/2616 2603/18/2616 2604/19/2616 2605/20/2616 2606/21/2616 2607/22/2616 2608/23/2616 2609/24/2616 2610/25/2616 2611/26/2616 2612/27/2616 2613/28/2616 2614/29/2616 2615/30/2616 2616/31/2616 2617/32/2616
f 2616/16/2617 2618/2/2617 2617/33/2617
f 2617/33/2618 2618/2/2618 2602/1/2618
f 2619/1/2619 2635/2/2619 2620/3/2619
f 2620/3/2620 2635/2/2620 2621/4/2620
f 2621/4/2621 2635/2/2621 2622/5/2621
f 2622/5/2622 2635/2/2622 2623/6/2622
f 2623/6/2623 2635/2/2623 2624/7/2623
f 2624/7/2624 2635/2/2624 2625/8/2624
f 2625/8/2625 2635/2/2625 2626/9/2625
f 2626/9/2626 2635/2/2626 2627/10/2626
f 2627/10/2627 2635/2/2627 2628/11/2627
f 2628/11/2628 2635/2/2628 2629/12/2628
f 2629/12/2629 2635/2/2629 2630/13/2629
f 2630/13/2630 2635/2/2630 2631/14/2630
f 2631/14/2631 2635/2/2631 2632/15/2631
f 2632/15/2632 2635/2/2632 2633/16/2632
f 2619/17/2633 2620/18/2633 2621/19/2633 2622/20/2633 2623/21/2633 2624/22/2633 2625/23/2633 2626/24/2633 2627/25/2633 2628/26/2633 2629/27/2633 2630/28/2633 2631/29/2633 2632/30/2633 2633/31/2633 2634/32/2633
f 2633/16/2634 2635/2/2634 2634/33/2634
f 2634/33/2635 2635/2/2635 2619/1/2635
f 2636/1/2636 2652/2/2636 2637/3/2636
f 2637/3/2637 2652/2/2637 2638/4/2637
f 2638/4/2638 2652/2/2638 2639/5/2638
f 2639/5/2639 2652/2/2639 2640/6/2639
f 2640/6/2640 2652/2/2640 2641/7/2640
f 2641/7/2641 2652/2/2641 2642/8/2641
f 2642/8/2642 2652/2/2642 2643/9/2642
f 2643/9/2643 2652/2/2643 2644/10/2643
f 2644/10/2644 2652/2/2644 2645/11/2644
f 2645/11/2645 2652/2/2645 2646/12/2645
f 2646/12/2646 2652/2/2646 2647/13/2646
f 2647/13/2647 2652/2/2647 2648/14/2647
f 2648/14/2648 2652/2/2648 2649/15/2648
f 2649/15/2649 2652/2/2649 2650/16/2649
f 2636/17/2650 2637/18/2650 2638/19/2650 2639/20/2650 2640/21/2650 2641/22/2650 2642/23/2650 2643/24/2650 2644/25/2650 2645/26/2650 2646/27/2650 2647/28/2650 2648/29/2650 2649/30/2650 2650/31/2650 2651/32/2650
f 2650/16/2651 2652/2/2651 2651/33/2651
f 2651/33/2652 2652/2/2652 2636/1/2652
f 2653/1/2653 2669/2/2653 2654/3/2653
f 2654/3/2654 2669/2/2654 2655/4/2654
f 2655/4/2655 2669/2/2655 2656/5/2655
f 2656/5/2656 2669/2/2656 2657/6/2656
f 2657/6/2657 2669/2/2657 2658/7/2657
f 2658/7/2658 2669/2/2658 2659/8/2658
f 2659/8/2659 2669/2/2659 2660/9/2659
f 2660/9/2660 2669/2/2660 2661/10/2660
f 2661/10/2661 2669/2/2661 2662/11/2661
f 2662/11/2662 2669/2/2662 2663/12/2662
f 2663/12/2663 2669/2/2663 2664/13/2663
f 2664/13/2664 2669/2/2664 2665/14/2664
f 2665/14/2665 2669/2/2665 2666/15/2665
f 2666/15/2666 2669/2/2666 2667/16/2666
f 2653/17/2667 2654/18/2667 2655/19/2667 2656/20/2667 2657/21/2667 2658/22/2667 2659/23/2667 2660/24/2667 2661/25/2667 2662/26/2667 2663/27/2667 2664/28/2667 2665/29/2667 2666/30/2667 2667/31/2667 2668/32/2667
f 2667/16/2668 2669/2/2668 2668/33/2668
f 2668/33/2669 2669/2/2669 2653/1/2669
f 2670/1/2670 2686/2/2670 2671/3/2670
f 2671/3/2671 2686/2/2671 2672/4/2671
f 2672/4/2672 2686/2/2672 2673/5/2672
f 2673/5/2673 2686/2/2673 2674/6/2673
f 2674/6/2674 2686/2/2674 2675/7/2674
f 2675/7/2675 2686/2/2675 2676/8/2675
f 2676/8/2676 2686/2/2676 2677/9/2676
f 2677/9/2677 2686/2/2677 2678/10/2677
f 2678/10/2678 2686/2/2678 2679/11/2678
f 2679/11/2679 2686/2/2679 2680/12/2679
f 2680/12/2680 2686/2/2680 2681/13/2680
f 2681/13/2681 2686/2/2681 2682/14/2681
f 2682/14/2682 2686/2/2682 2683/15/2682
f 2683/15/2683 2686/2/2683 2684/16/2683
f 2670/17/2684 2671/18/2684 2672/19/2684 2673/20/2684 2674/21/2684 2675/22/2684 2676/23/2684 2677/24/2684 2678/25/2684 2679/26/2684 2680/27/2684 2681/28/2684 2682/29/2684 2683/30/2684 2684/31/2684 2685/32/2684
f 2684/16/2685 2686/2/2685 2685/33/2685
f 2685/33/2686 2686/2/2686 2670/1/2686
f 2687/1/2687 2703/2/2687 2688/3/2687
f 2688/3/2688 2703/2/2688 2689/4/2688
f 2689/4/2689 2703/2/2689 2690/5/2689
f 2690/5/2690 2703/2/2690 2691/6/2690
f 2691/6/2691 2703/2/2691 2692/7/2691
f 2692/7/2692 2703/2/2692 2693/8/2692
f 2693/8/2693 2703/2/2693 2694/9/2693
f 2694/9/2694 2703/2/2694 2695/10/2694
f 2695/10/2695 2703/2/2695 2696/11/2695
f 2696/11/2696 2703/2/2696 2697/12/2696
f 2697/12/2697 2703/2/2697 2698/13/2697
f 2698/13/2698 2703/2/2698 2699/14/2698
f 2699/14/2699 2703/2/2699 2700/15/2699
f 2700/15/2700 2703/2/2700 2701/16/2700
f 2687/17/2701 2688/18/2701 2689/19/2701 2690/20/2701 2691/21/2701 2692/22/2701 2693/23/2701 2694/24/2701 2695/25/2701 2696/26/2701 2697/27/2701 2698/28/2701 2699/29/2701 2700/30/2701 2701/31/2701 2702/32/2701
f 2701/16/2702 2703/2/2702 2702/33/2702
f 2702/33/2703 2703/2/2703 2687/1/2703
f 2704/1/2704 2720/2/2704 2705/3/2704
f 2705/3/2705 2720/2/2705 2706/4/2705
f 2706/4/2706 2720/2/2706 2707/5/2706
f 2707/5/2707 2720/2/2707 2708/6/2707
f 2708/6/2708 2720/2/2708 2709/7/2708
f 2709/7/2709 2720/2/2709 2710/8/2709
f 2710/8/2710 2720/2/2710 2711/9/2710
f 2711/9/2711 2720/2/2711 2712/10/2711
f 2712/10/2712 2720/2/2712 2713/11/2712
f 2713/11/2713 2720/2/2713 2714/12/2713
f 2714/12/2714 2720/2/2714 2715/13/2714
f 2715/13/2715 2720/2/2715 2716/14/2715
f 2716/14/2716 2720/2/2716 2717/15/2716
f 2717/15/2717 2720/2/2717 2718/16/2717
f 2704/17/2718 2705/18/2718 2706/19/2718 2707/20/2718 2708/21/2718 2709/22/2718 2710/23/2718 2711/24/2718 2712/25/2718 2713/26/2718 2714/27/2718 2715/28/2718 2716/29/2718 2717/30/2718 2718/31/2718 2719/32/2718
f 2718/16/2719 2720/2/2719 2719/33/2719
f 2719/33/2720 2720/2/2720 2704/1/2720
f 2721/1/2721 2737/2/2721 2722/3/2721
f 2722/3/2722 2737/2/2722 2723/4/2722
f 2723/4/2723 2737/2/2723 2724/5/2723
f 2724/5/2724 2737/2/2724 2725/6/2724
f 2725/6/2725 2737/2/2725 2726/7/2725
f 2726/7/2726 2737/2/2726 2727/8/2726
f 2727/8/2727 2737/2/2727 2728/9/2727
f 2728/9/2728 2737/2/2728 2729/10/2728
f 2729/10/2729 2737/2/2729 2730/11/2729
f 2730/11/2730 2737/2/2730 2731/12/2730
f 2731/12/2731 2737/2/2731 2732/13/2731
f 2732/13/2732 2737/2/2732 2733/14/2732
f 2733/14/2733 2737/2/2733 2734/15/2733
f 2734/15/2734 2737/2/2734 2735/16/2734
f 2721/17/2735 2722/18/2735 2723/19/2735 2724/20/2735 2725/21/2735 2726/22/2735 2727/23/2735 2728/24/2735 2729/25/2735 2730/26/2735 2731/27/2735 2732/28/2735 2733/29/2735 2734/30/2735 2735/31/2735 2736/32/2735
f 2735/16/2736 2737/2/2736 2736/33/2736
f 2736/33/2737 2737/2/2737 2721/1/2737
f 2738/1/2738 2754/2/2738 2739/3/2738
f 2739/3/2739 2754/2/2739 2740/4/2739
f 2740/4/2740 2754/2/2740 2741/5/2740
f 2741/5/2741 2754/2/2741 2742/6/2741
f 2742/6/2742 2754/2/2742 2743/7/2742
f 2743/7/2743 2754/2/2743 2744/8/2743
f 2744/8/2744 2754/2/2744 2745/9/2744
f 2745/9/2745 2754/2/2745 2746/10/2745
f 2746/10/2746 2754/2/2746 2747/11/2746
f 2747/11/2747 2754/2/2747 2748/12/2747
f 2748/12/2748 2754/2/2748 2749/13/2748
f 2749/13/2749 2754/2/2749 2750/14/2749
f 2750/14/2750 2754/2/2750 2751/15/2750
f 2751/15/2751 2754/2/2751 2752/16/2751
f 2738/17/2752 2739/18/2752 2740/19/2752 2741/20/2752 2742/21/2752 2743/22/2752 2744/23/2752 2745/24/2752 2746/25/2752 2747/26/2752 2748/27/2752 2749/28/2752 2750/29/2752 2751/30/2752 2752/31/2752 2753/32/2752
f 2752/16/2753 2754/2/2753 2753/33/2753
f 2753/33/2754 2754/2/2754 2738/1/2754
f 2755/1/2755 2771/2/2755 2756/3/2755
f 2756/3/2756 2771/2/2756 2757/4/2756
f 2757/4/2757 2771/2/2757 2758/5/2757
f 2758/5/2758 2771/2/2758 2759/6/2758
f 2759/6/2759 2771/2/2759 2760/7/2759
f 2760/7/2760 2771/2/2760 2761/8/2760
f 2761/8/2761 2771/2/2761 2762/9/2761
f 2762/9/2762 2771/2/2762 2763/10/2762
f 2763/10/2763 2771/2/2763 2764/11/2763
f 2764/11/2764 2771/2/2764 2765/12/2764
f 2765/12/2765 2771/2/2765 2766/13/2765
f 2766/13/2766 2771/2/2766 2767/14/2766
f 2767/14/2767 2771/2/2767 2768/15/2767
f 2768/15/2768 2771/2/2768 2769/16/2768
f 2755/17/2769 2756/18/2769 2757/19/2769 2758/20/2769 2759/21/2769 2760/22/2769 2761/23/2769 2762/24/2769 2763/25/2769 2764/26/2769 2765/27/2769 2766/28/2769 2767/29/2769 2768/30/2769 2769/31/2769 2770/32/2769
f 2769/16/2770 2771/2/2770 2770/33/2770
f 2770/33/2771 2771/2/2771 2755/1/2771
f 2772/1/2772 2788/2/2772 2773/3/2772
f 2773/3/2773 2788/2/2773 2774/4/2773
f 2774/4/2774 2788/2/2774 2775/5/2774
f 2775/5/2775 2788/2/2775 2776/6/2775
f 2776/6/2776 2788/2/2776 2777/7/2776
f 2777/7/2777 2788/2/2777 2778/8/2777
f 2778/8/2778 2788/2/2778 2779/9/2778
f 2779/9/2779 2788/2/2779 2780/10/2779
f 2780/10/2780 2788/2/2780 2781/11/2780
f 2781/11/2781 2788/2/2781 2782/12/2781
f 2782/12/2782 2788/2/2782 2783/13/2782
f 2783/13/2783 2788/2/2783 2784/14/2783
f 2784/14/2784 2788/2/2784 2785/15/2784
f 2785/15/2785 2788/2/2785 2786/16/2785
f 2772/17/2786 2773/18/2786 2774/19/2786 2775/20/2786 2776/21/2786 2777/22/2786 2778/23/2786 2779/24/2786 2780/25/2786 2781/26/2786 2782/27/2786 2783/28/2786 2784/29/2786 2785/30/2786 2786/31/2786 2787/32/2786
f 2786/16/2787 2788/2/2787 2787/33/2787
f 2787/33/2788 2788/2/2788 2772/1/2788
f 2789/1/2789 2805/2/2789 2790/3/2789
f 2790/3/2790 2805/2/2790 2791/4/2790
f 2791/4/2791 2805/2/2791 2792/5/2791
f 2792/5/2792 2805/2/2792 2793/6/2792
f 2793/6/2793 2805/2/2793 2794/7/2793
f 2794/7/2794 2805/2/2794 2795/8/2794
f 2795/8/2795 2805/2/2795 2796/9/2795
f 2796/9/2796 2805/2/2796 2797/10/2796
f 2797/10/2797 2805/2/2797 2798/11/2797
f 2798/11/2798 2805/2/2798 2799/12/2798
f 2799/12/2799 2805/2/2799 2800/13/2799
f 2800/13/2800 2805/2/2800 2801/14/2800
f 2801/14/2801 2805/2/2801 2802/15/2801
f 2802/15/2802 2805/2/2802 2803/16/2802
f 2789/17/2803 2790/18/2803 2791/19/2803 2792/20/2803 2793/21/2803 2794/22/2803 2795/23/2803 2796/24/2803 2797/25/2803 2798/26/2803 2799/27/2803 2800/28/2803 2801/29/2803 2802/30/2803 2803/31/2803 2804/32/2803
f 2803/16/2804 2805/2/2804 2804/33/2804
f 2804/33/2805 2805/2/2805 2789/1/2805
f 2806/1/2806 2822/2/2806 2807/3/2806
f 2807/3/2807 2822/2/2807 2808/4/2807
f 2808/4/2808 2822/2/2808 2809/5/2808
f 2809/5/2809 2822/2/2809 2810/6/2809
f 2810/6/2810 2822/2/2810 2811/7/2810
f 2811/7/2811 2822/2/2811 2812/8/2811
f 2812/8/2812 2822/2/2812 2813/9/2812
f 2813/9/2813 2822/2/2813 2814/10/2813
f 2814/10/2814 2822/2/2814 2815/11/2814
f 2815/11/2815 2822/2/2815 2816/12/2815
f 2816/12/2816 2822/2/2816 2817/13/2816
f 2817/13/2817 2822/2/2817 2818/14/2817
f 2818/14/2818 2822/2/2818 2819/15/2818
f 2819/15/2819 2822/2/2819 2820/16/2819
f 2806/17/2820 2807/18/2820 2808/19/2820 2809/20/2820 2810/21/2820 2811/22/2820 2812/23/2820 2813/24/2820 2814/25/2820 2815/26/2820 2816/27/2820 2817/28/2820 2818/29/2820 2819/30/2820 2820/31/2820 2821/32/2820
f 2820/16/2821 2822/2/2821 2821/33/2821
f 2821/33/2822 2822/2/2822 2806/1/2822
f 2823/1/2823 2839/2/2823 2824/3/2823
f 2824/3/2824 2839/2/2824 2825/4/2824
f 2825/4/2825 2839/2/2825 2826/5/2825
f 2826/5/2826 2839/2/2826 2827/6/2826
f 2827/6/2827 2839/2/2827 2828/7/2827
f 2828/7/2828 2839/2/2828 2829/8/2828
f 2829/8/2829 2839/2/2829 2830/9/2829
f 2830/9/2830 2839/2/2830 2831/10/2830
f 2831/10/2831 2839/2/2831 2832/11/2831
f 2832/11/2832 2839/2/2832 2833/12/2832
f 2833/12/2833 2839/2/2833 2834/13/2833
f 2834/13/2834 2839/2/2834 2835/14/2834
f 2835/14/2835 2839/2/2835 2836/15/2835
f 2836/15/2836 2839/2/2836 2837/16/2836
f 2823/17/2837 2824/18/2837 2825/19/2837 2826/20/2837 2827/21/2837 2828/22/2837 2829/23/2837 2830/24/2837 2831/25/2837 2832/26/2837 2833/27/2837 2834/28/2837 2835/29/2837 2836/30/2837 2837/31/2837 2838/32/2837
f 2837/16/2838 2839/2/2838 2838/33/2838
f 2838/33/2839 2839/2/2839 2823/1/2839
f 2840/1/2840 2856/2/2840 2841/3/2840
f 2841/3/2841 2856/2/2841 2842/4/2841
f 2842/4/2842 2856/2/2842 2843/5/2842
f 2843/5/2843 2856/2/2843 2844/6/2843
f 2844/6/2844 2856/2/2844 2845/7/2844
f 2845/7/2845 2856/2/2845 2846/8/2845
f 2846/8/2846 2856/2/2846 2847/9/2846
f 2847/9/2847 2856/2/2847 2848/10/2847
f 2848/10/2848 2856/2/2848 2849/11/2848
f 2849/11/2849 2856/2/2849 2850/12/2849
f 2850/12/2850 2856/2/2850 2851/13/2850
f 2851/13/2851 2856/2/2851 2852/14/2851
f 2852/14/2852 2856/2/2852 2853/15/2852
f 2853/15/2853 2856/2/2853 2854/16/2853
f 2840/17/2854 2841/18/2854 2842/19/2854 2843/20/2854 2844/21/2854 2845/22/2854 2846/23/2854 2847/24/2854 2848/25/2854 2849/26/2854 2850/27/2854 2851/28/2854 2852/29/2854 2853/30/2854 2854/31/2854 2855/32/2854
f 2854/16/2855 2856/2/2855 2855/33/2855
f 2855/33/2856 2856/2/2856 2840/1/2856
f 2857/1/2857 2873/2/2857 2858/3/2857
f 2858/3/2858 2873/2/2858 2859/4/2858
f 2859/4/2859 2873/2/2859 2860/5/2859
f 2860/5/2860 2873/2/2860 2861/6/2860
f 2861/6/2861 2873/2/2861 2862/7/2861
f 2862/7/2862 2873/2/2862 2863/8/2862
f 2863/8/2863 2873/2/2863 2864/9/2863
f 2864/9/2864 2873/2/2864 2865/10/2864
f 2865/10/2865 2873/2/2865 2866/11/2865
f 2866/11/2866 2873/2/2866 2867/12/2866
f 2867/12/2867 2873/2/2867 2868/13/2867
f 2868/13/2868 2873/2/2868 2869/14/2868
f 2869/14/2869 2873/2/2869 2870/15/2869
f 2870/15/2870 2873/2/2870 2871/16/2870
f 2857/17/2871 2858/18/2871 2859/19/2871 2860/20/2871 2861/21/2871 2862/22/2871 2863/23/2871 2864/24/2871 2865/25/2871 2866/26/2871 2867/27/2871 2868/28/2871 2869/29/2871 2870/30/2871 2871/31/2871 2872/32/2871
f 2871/16/2872 2873/2/2872 2872/33/2872
f 2872/33/2873 2873/2/2873 2857/1/2873
f 2874/1/2874 2890/2/2874 2875/3/2874
f 2875/3/2875 2890/2/2875 2876/4/2875
f 2876/4/2876 2890/2/2876 2877/5/2876
f 2877/5/2877 2890/2/2877 2878/6/2877
f 2878/6/2878 2890/2/2878 2879/7/2878
f 2879/7/2879 2890/2/2879 2880/8/2879
f 2880/8/2880 2890/2/2880 2881/9/2880
f 2881/9/2881 2890/2/2881 2882/10/2881
f 2882/10/2882 2890/2/2882 2883/11/2882
f 2883/11/2883 2890/2/2883 2884/12/2883
f 2884/12/2884 2890/2/2884 2885/13/2884
f 2885/13/2885 2890/2/2885 2886/14/2885
f 2886/14/2886 2890/2/2886 2887/15/2886
f 2887/15/2887 2890/2/2887 2888/16/2887
f 2874/17/2888 2875/18/2888 2876/19/2888 2877/20/2888 2878/21/2888 2879/22/2888 2880/23/2888 2881/24/2888 2882/25/2888 2883/26/2888 2884/27/2888 2885/28/2888 2886/29/2888 2887/30/2888 2888/31/2888 2889/32/2888
f 2888/16/2889 2890/2/2889 2889/33/2889
f 2889/33/2890 2890/2/2890 2874/1/2890
f 2891/1/2891 2907/2/2891 2892/3/2891
f 2892/3/2892 2907/2/2892 2893/4/2892
f 2893/4/2893 2907/2/2893 2894/5/2893
f 2894/5/2894 2907/2/2894 2895/6/2894
f 2895/6/2895 2907/2/2895 2896/7/2895
f 2896/7/2896 2907/2/2896 2897/8/2896
f 2897/8/2897 2907/2/2897 2898/9/2897
f 2898/9/2898 2907/2/2898 2899/10/2898
f 2899/10/2899 2907/2/2899 2900/11/2899
f 2900/11/2900 2907/2/2900 2901/12/2900
f 2901/12/2901 2907/2/2901 2902/13/2901
f 2902/13/2902 2907/2/2902 2903/14/2902
f 2903/14/2903 2907/2/2903 2904/15/2903
f 2904/15/2904 2907/2/2904 2905/16/2904
f 2891/17/2905 2892/18/2905 2893/19/2905 2894/20/2905 2895/21/2905 2896/22/2905 2897/23/2905 2898/24/2905 2899/25/2905 2900/26/2905 2901/27/2905 2902/28/2905 2903/29/2905 2904/30/2905 2905/31/2905 2906/32/2905
f 2905/16/2906 2907/2/2906 2906/33/2906
f 2906/33/2907 2907/2/2907 2891/1/2907
f 2908/1/2908 2924/2/2908 2909/3/2908
f 2909/3/2909 2924/2/2909 2910/4/2909
f 2910/4/2910 2924/2/2910 2911/5/2910
f 2911/5/2911 2924/2/2911 2912/6/2911
f 2912/6/2912 2924/2/2912 2913/7/2912
f 2913/7/2913 2924/2/2913 2914/8/2913
f 2914/8/2914 2924/2/2914 2915/9/2914
f 2915/9/2915 2924/2/2915 2916/10/2915
f 2916/10/2916 2924/2/2916 2917/11/2916
f 2917/11/2917 2924/2/2917 2918/12/2917
f 2918/12/2918 2924/2/2918 2919/13/2918
f 2919/13/2919 2924/2/2919 2920/14/2919
f 2920/14/2920 2924/2/2920 2921/15/2920
f 2921/15/2921 2924/2/2921 2922/16/2921
f 2908/17/2922 2909/18/2922 2910/19/2922 2911/20/2922 2912/21/2922 2913/22/2922 2914/23/2922 2915/24/2922 2916/25/2922 2917/26/2922 2918/27/2922 2919/28/2922 2920/29/2922 2921/30/2922 2922/31/2922 2923/32/2922
f 2922/16/2923 2924/2/2923 2923/33/2923
f 2923/33/2924 2924/2/2924 2908/1/2924
f 2925/1/2925 2941/2/2925 2926/3/2925
f 2926/3/2926 2941/2/2926 2927/4/2926
f 2927/4/2927 2941/2/2927 2928/5/2927
f 2928/5/2928 2941/2/2928 2929/6/2928
f 2929/6/2929 2941/2/2929 2930/7/2929
f 2930/7/2930 2941/2/2930 2931/8/2930
f 2931/8/2931 2941/2/2931 2932/9/2931
f 2932/9/2932 2941/2/2932 2933/10/2932
f 2933/10/2933 2941/2/2933 2934/11/2933
f 2934/11/2934 2941/2/2934 2935/12/2934
f 2935/12/2935 2941/2/2935 2936/13/2935
f 2936/13/2936 2941/2/2936 2937/14/2936
f 2937/14/2937 2941/2/2937 2938/15/2937
f 2938/15/2938 2941/2/2938 2939/16/2938
f 2925/17/2939 2926/18/2939 2927/19/2939 2928/20/2939 2929/21/2939 2930/22/2939 2931/23/2939 2932/24/2939 2933/25/2939 2934/26/2939 2935/27/2939 2936/28/2939 2937/29/2939 2938/30/2939 2939/31/2939 2940/32/2939
f 2939/16/2940 2941/2/2940 2940/33/2940
f 2940/33/2941 2941/2/2941 2925/1/2941
f 2942/1/2942 2958/2/2942 2943/3/2942
f 2943/3/2943 2958/2/2943 2944/4/2943
f 2944/4/2944 2958/2/2944 2945/5/2944
f 2945/5/2945 2958/2/2945 2946/6/2945
f 2946/6/2946 2958/2/2946 2947/7/2946
f 2947/7/2947 2958/2/2947 2948/8/2947
f 2948/8/2948 2958/2/2948 2949/9/2948
f 2949/9/2949 2958/2/2949 2950/10/2949
f 2950/10/2950 2958/2/2950 2951/11/2950
f 2951/11/2951 2958/2/2951 2952/12/2951
f 2952/12/2952 2958/2/2952 2953/13/2952
f 2953/13/2953 2958/2/2953 2954/14/2953
f 2954/14/2954 2958/2/2954 2955/15/2954
f 2955/15/2955 2958/2/2955 2956/16/2955
f 2942/17/2956 2943/18/2956 2944/19/2956 2945/20/2956 2946/21/2956 2947/22/2956 2948/23/2956 2949/24/2956 2950/25/2956 2951/26/2956 2952/27/2956 2953/28/2956 2954/29/2956 2955/30/2956 2956/31/2956 2957/32/2956
f 2956/16/2957 2958/2/2957 2957/33/2957
f 2957/33/2958 2958/2/2958 2942/1/2958
f 2959/1/2959 2975/2/2959 2960/3/2959
f 2960/3/2960 2975/2/2960 2961/4/2960
f 2961/4/2961 2975/2/2961 2962/5/2961
f 2962/5/2962 2975/2/2962 2963/6/2962
f 2963/6/2963 2975/2/2963 2964/7/2963
f 2964/7/2964 2975/2/2964 2965/8/2964
f 2965/8/2965 2975/2/2965 2966/9/2965
f 2966/9/2966 2975/2/2966 2967/10/2966
f 2967/10/2967 2975/2/2967 2968/11/2967
f 2968/11/2968 2975/2/2968 2969/12/2968
f 2969/12/2969 2975/2/2969 2970/13/2969
f 2970/13/2970 2975/2/2970 2971/14/2970
f 2971/14/2971 2975/2/2971 2972/15/2971
f 2972/15/2972 2975/2/2972 2973/16/2972
f 2959/17/2973 2960/18/2973 2961/19/2973 2962/20/2973 2963/21/2973 2964/22/2973 2965/23/2973 2966/24/2973 2967/25/2973 2968/26/2973 2969/27/2973 2970/28/2973 2971/29/2973 2972/30/2973 2973/31/2973 2974/32/2973
f 2973/16/2974 2975/2/2974 2974/33/2974
f 2974/33/2975 2975/2/2975 2959/1/2975
