v -29.437958 6.298601 15.578956
v -29.116955 6.290501 13.768220
v -28.328030 5.516101 14.048414
v -28.112900 6.301701 15.256911
v -27.003197 5.321701 14.004763
v -26.850140 6.303601 14.649960
v -25.684601 5.282801 13.632695
v -25.590004 6.306001 14.049522
v -24.382862 5.275701 13.187043
v -24.313778 6.308801 13.520866
v -23.079155 5.275701 12.767582
v -23.021458 6.311701 13.072859
v -21.767460 5.275201 12.402580
v -21.718407 6.313901 12.686517
v -20.450066 5.274601 12.084831
v -20.407806 6.315601 12.347982
v -19.128075 5.274501 11.805469
v -19.090305 6.317101 12.053236
v -17.799297 5.273501 11.579178
v -17.765903 6.318701 11.807546
v -16.466358 5.274301 11.387531
v -16.434170 6.321701 11.614928
v -15.136593 5.284201 11.144751
v -15.102108 6.328501 11.397647
v -13.810883 5.274101 10.867050
v -13.820187 6.331401 10.899475
v -12.619392 5.297901 10.078430
v -12.602425 6.341801 10.182636
v -11.329044 5.272301 10.564129
v -11.304848 6.328101 10.605146
v -9.986691 5.268101 10.709215
v -9.973221 6.322901 10.812174
v -8.641380 5.260101 10.729309
v -8.631744 6.313201 10.816194
v -7.295959 5.269701 10.684134
v -7.289612 6.324801 10.767831
v -5.953169 5.275701 10.640067
v -5.950541 6.329401 10.688844
v -4.610704 5.277801 10.628982
v -4.611801 6.330701 10.655448
v -3.268023 5.277001 10.657112
v -3.272949 6.330601 10.688983
v -1.924902 5.275201 10.711155
v -1.935194 6.329501 10.786538
v -0.581345 5.268901 10.805385
v -0.597109 6.323901 10.921925
v 0.767141 5.260301 10.826448
v 0.748966 6.315901 10.894903
v 2.081795 5.275401 10.447728
v 2.049170 6.334801 10.479460
v 3.202122 5.319701 9.499748
v 3.182304 6.363401 9.564322
v 4.390106 5.314701 10.302503
v 4.436745 6.362401 10.165869
v 5.645969 5.322301 10.919154
v 5.615423 6.380501 10.983173
v 6.960843 5.331501 11.278196
v 6.910153 6.382701 11.440466
v 8.281738 5.339901 11.597886
v 8.228202 6.388901 11.776505
v 9.602525 5.347801 11.912169
v 9.545704 6.395001 12.107279
v 10.920683 5.356101 12.234906
v 10.858387 6.401001 12.455376
v 12.232601 5.363901 12.589099
v 12.163736 6.406301 12.833264
v 13.536307 5.371201 12.985558
v 13.459014 6.410901 13.254665
v 14.829832 5.379801 13.429962
v 14.740057 6.415301 13.733436
v 16.117008 5.391401 13.908455
v 16.003695 6.419401 14.277198
v 17.409767 5.415801 14.379050
v 17.252113 6.424201 14.874032
v 18.720041 5.469101 14.782022
v 18.496481 6.430501 15.488050
v 20.050463 5.591501 15.026326
v 19.755081 6.439002 16.070751
v 21.352200 5.868801 15.000135
v 21.055832 6.448401 16.508366
v 22.409243 6.451701 14.684048
v 22.403769 6.452201 16.524578
v -28.551483 6.284001 12.056425
v -28.174103 5.355901 12.225899
v -27.179676 4.711401 12.500967
v -25.874767 4.437901 12.541016
v -24.532413 4.341101 12.346458
v -23.198822 4.306501 12.055870
v -21.869385 4.291701 11.754057
v -20.539513 4.282601 11.475941
v -19.208218 4.276101 11.224846
v -17.872978 4.269701 11.018233
v -16.537849 4.268801 10.817026
v -15.222866 4.305501 10.471701
v -13.886753 4.232001 10.556923
v -12.642056 4.255701 9.923644
v -11.330685 4.226201 10.298900
v -9.985596 4.237001 10.314420
v -8.642693 4.227901 10.345323
v -7.300011 4.237301 10.309709
v -5.957220 4.240001 10.301533
v -4.614428 4.240001 10.312618
v -3.270979 4.239101 10.340056
v -1.926544 4.239101 10.371236
v -0.580906 4.238401 10.406987
v 0.763638 4.219901 10.500247
v 2.102816 4.219501 10.304443
v 3.233761 4.277501 9.378220
v 4.431490 4.265901 10.159495
v 5.734100 4.283701 10.593923
v 7.063317 4.305601 10.855826
v 8.391876 4.322701 11.121609
v 9.719341 4.337601 11.396815
v 11.044616 4.352301 11.688513
v 12.366935 4.369001 12.002103
v 13.683998 4.387501 12.349922
v 15.001390 4.417401 12.709935
v 16.325132 4.469001 13.049162
v 17.658070 4.564701 13.321460
v 18.991009 4.742501 13.468486
v 20.277527 5.064701 13.431348
v 21.385372 5.616401 13.194111
v 22.064924 6.441701 12.899087
v -28.010208 6.277501 10.340472
v -27.769894 5.324501 10.446065
v -27.097023 4.489801 10.681362
v -25.993992 3.931301 10.906266
v -24.694996 3.636201 10.968209
v -23.349575 3.496001 10.874810
v -22.002075 3.426601 10.701039
v -20.657970 3.387901 10.503158
v -19.316055 3.362401 10.310263
v -17.975670 3.346101 10.131227
v -16.635288 3.327101 9.977826
v -15.313187 3.361201 9.666867
v -13.983532 3.266001 9.801838
v -12.646217 3.210001 9.799622
v -11.309448 3.214401 9.758603
v -9.981216 3.268101 9.581507
v -8.643021 3.246301 9.661602
v -7.302528 3.254201 9.639430
v -5.960833 3.252101 9.654396
v -4.618368 3.248901 9.680309
v -3.275139 3.247401 9.707747
v -1.931692 3.248501 9.730750
v -0.588461 3.253101 9.740034
v 0.754660 3.246301 9.779250
v 2.087927 3.178101 9.974085
v 3.284561 3.234401 9.200985
v 4.540972 3.235501 9.800729
v 5.872049 3.292301 9.979628
v 7.207615 3.332901 10.152012
v 8.542195 3.367901 10.349479
v 9.876447 3.399101 10.568841
v 11.210370 3.432601 10.802752
v 12.541886 3.466401 11.067982
v 13.875919 3.518101 11.327806
v 15.213785 3.598001 11.566567
v 16.554058 3.725401 11.753087
v 17.884369 3.932501 11.847455
v 19.168369 4.264301 11.812396
v 20.321978 4.776601 11.634330
v 21.190166 5.511501 11.365083
v 21.613970 6.427301 11.158192
v -27.536480 6.271801 8.599161
v -27.342262 5.313100 8.679811
v -26.831745 4.418100 8.856769
v -25.940022 3.693201 9.085831
v -24.770649 3.199501 9.264035
v -23.469460 2.904901 9.328195
v -22.126011 2.737101 9.291058
v -20.774242 2.638101 9.195441
v -19.423237 2.573001 9.079040
v -18.074203 2.529001 8.958481
v -16.726925 2.485601 8.858570
v -15.380959 2.441701 8.770715
v -14.036854 2.406301 8.723045
v -12.694717 2.335901 8.760460
v -11.345795 2.327501 8.741891
v -10.001141 2.349801 8.668725
v -8.655502 2.344601 8.687432
v -7.310959 2.345701 8.692559
v -5.966196 2.341401 8.715285
v -4.621325 2.336301 8.746465
v -3.276670 2.334701 8.773486
v -1.933004 2.336101 8.794688
v -0.590542 2.339001 8.807298
v 0.751486 2.357301 8.780969
v 2.079386 2.287001 8.966380
v 3.404114 2.186301 9.176456
v 4.737928 2.264901 9.126017
v 6.036600 2.451901 8.881019
v 7.362750 2.442401 9.169945
v 8.702147 2.504301 9.299788
v 10.041546 2.559201 9.462334
v 11.381928 2.619901 9.636797
v 12.723625 2.696701 9.814171
v 14.067403 2.799201 9.980459
v 15.409428 2.948101 10.110025
v 16.738096 3.169001 10.174600
v 18.025820 3.496201 10.147440
v 19.216213 3.970101 10.014548
v 20.210634 4.625801 9.794909
v 20.874750 5.464201 9.562799
v 21.149878 6.412100 9.424918
v -27.134243 6.267701 6.833738
v -26.953709 5.307401 6.903579
v -26.513592 4.392701 7.047140
v -25.761345 3.589700 7.243360
v -24.729042 2.961900 7.439719
v -23.511391 2.524801 7.577877
v -22.202972 2.242501 7.634830
v -20.860291 2.062201 7.626516
v -19.507648 1.941001 7.581895
v -18.153030 1.853101 7.524526
v -16.799072 1.778001 7.474224
v -15.446209 1.702901 7.443322
v -14.092251 1.657301 7.412143
v -12.738949 1.603701 7.421427
v -11.384003 1.576201 7.432790
v -10.029827 1.560701 7.436255
v -8.675539 1.552701 7.453160
v -7.323332 1.547801 7.472560
v -5.972328 1.541401 7.500553
v -4.622419 1.536001 7.533117
v -3.273605 1.533401 7.563188
v -1.925341 1.535001 7.583973
v -0.576855 1.531801 7.609609
v 0.771627 1.525001 7.642590
v 2.118034 1.505101 7.714232
v 3.463453 1.459701 7.827586
v 4.812923 1.485501 7.873176
v 6.156591 1.585301 7.842967
v 7.500806 1.668701 7.912807
v 8.843598 1.760001 7.991795
v 10.188579 1.851001 8.091845
v 11.535093 1.950701 8.204227
v 12.881608 2.074001 8.314116
v 14.224290 2.236201 8.404742
v 15.553944 2.459701 8.453937
v 16.849659 2.772901 8.438831
v 18.072021 3.208101 8.344187
v 19.154465 3.795201 8.173326
v 20.002291 4.547400 7.961308
v 20.520357 5.438701 7.777283
v 20.717752 6.397300 7.678619
v -26.782806 6.263401 5.052933
v -26.615955 5.301001 5.113490
v -26.210438 4.377501 5.237790
v -25.537346 3.538400 5.407681
v -24.606861 2.834600 5.591013
v -23.475262 2.294900 5.748017
v -22.218414 1.913000 5.850007
v -20.899487 1.652601 5.895043
v -19.555271 1.471900 5.900725
v -18.201859 1.338800 5.888115
v -16.845818 1.231601 5.873842
v -15.489235 1.137600 5.867190
v -14.131004 1.068100 5.865111
v -12.772560 1.009200 5.882433
v -11.413013 0.968100 5.909732
v -10.053253 0.934900 5.938139
v -8.693054 0.914301 5.970011
v -7.333841 0.900900 6.001051
v -5.975723 0.891000 6.034587
v -4.618368 0.885300 6.067983
v -3.261343 0.882100 6.099162
v -1.904430 0.878700 6.127292
v -0.547405 0.872000 6.157640
v 0.810057 0.863000 6.195055
v 2.168068 0.864900 6.235656
v 3.526953 0.871100 6.283048
v 4.886385 0.904200 6.320463
v 6.244614 0.966800 6.341111
v 7.599559 1.063200 6.389472
v 8.951765 1.174001 6.443100
v 10.302549 1.294701 6.507260
v 11.651800 1.432001 6.577239
v 12.996782 1.599500 6.641815
v 14.330486 1.815701 6.684772
v 15.638025 2.105901 6.685604
v 16.890715 2.498700 6.626710
v 18.041147 3.021501 6.502409
v 19.021774 3.691300 6.326976
v 19.753111 4.503500 6.138793
v 20.184906 5.419900 5.990243
v 20.344969 6.382401 5.910147
v -26.472317 6.258801 3.260904
v -26.320030 5.294701 3.313978
v -25.936295 4.365800 3.424698
v -25.310719 3.507800 3.575881
v -24.450523 2.759600 3.742724
v -23.389645 2.152600 3.896679
v -22.184364 1.696000 4.013496
v -20.895107 1.369600 4.084030
v -19.565235 1.137600 4.117842
v -18.217953 0.966300 4.131699
v -16.863449 0.832000 4.139459
v -15.505985 0.721200 4.148882
v -14.146004 0.634600 4.162739
v -12.784382 0.566700 4.189623
v -11.421337 0.517600 4.223573
v -10.057743 0.478400 4.258770
v -8.693712 0.453300 4.294939
v -7.329571 0.436300 4.329166
v -5.965540 0.424800 4.364502
v -4.601400 0.418400 4.398452
v -3.237368 0.414400 4.430186
v -1.873337 0.409500 4.460118
v -0.509195 0.404600 4.489495
v 0.855164 0.402900 4.521228
v 2.220070 0.413000 4.554902
v 3.584869 0.435200 4.588436
v 4.949009 0.475500 4.619615
v 6.312056 0.535500 4.644974
v 7.670721 0.632700 4.688348
v 9.026870 0.750200 4.732968
v 10.380172 0.887100 4.780776
v 11.728986 1.049000 4.829277
v 13.068931 1.249200 4.869602
v 14.390154 1.507800 4.886646
v 15.672294 1.851800 4.862395
v 16.879875 2.308901 4.783547
v 17.961773 2.899000 4.651487
v 18.857552 3.625400 4.485615
v 19.505135 4.473500 4.320574
v 19.883394 5.403300 4.194472
v 20.030317 6.367401 4.122414
v -26.196972 6.254300 1.458760
v -26.055084 5.288900 1.507676
v -25.691280 4.354800 1.607310
v -25.101170 3.483700 1.744498
v -24.290134 2.707900 1.897621
v -23.283009 2.056800 2.042292
v -22.122505 1.546600 2.159525
v -20.861935 1.170200 2.239343
v -19.547718 0.898800 2.286458
v -18.207882 0.699900 2.313896
v -16.856441 0.548600 2.332880
v -15.499088 0.430100 2.349786
v -14.137901 0.340100 2.368771
v -12.773979 0.274500 2.397039
v -11.408634 0.228400 2.429604
v -10.042526 0.197000 2.462862
v -8.675976 0.182200 2.494595
v -7.309425 0.169400 2.527021
v -5.942877 0.161800 2.560971
v -4.576328 0.156800 2.594229
v -3.209669 0.155700 2.624577
v -1.843010 0.151500 2.654509
v -0.476351 0.150400 2.682639
v 0.890526 0.151100 2.713957
v 2.257294 0.155400 2.749570
v 3.624062 0.171700 2.784767
v 4.990284 0.206100 2.818025
v 6.355739 0.255900 2.850035
v 7.717579 0.341800 2.894379
v 9.075809 0.454700 2.937336
v 10.429658 0.594800 2.979324
v 11.776609 0.768400 3.018263
v 13.110643 0.989100 3.046671
v 14.418730 1.278600 3.051382
v 15.675577 1.665100 3.016184
v 16.839695 2.173700 2.930823
v 17.860065 2.815300 2.801673
v 18.686213 3.582000 2.648550
v 19.283434 4.450600 2.499861
v 19.637169 5.386400 2.384290
v 19.762089 6.352800 2.320685
v -25.956989 6.249900 -0.353085
v -25.827801 5.283100 -0.307772
v -25.477676 4.345100 -0.214650
v -24.908154 3.465800 -0.086609
v -24.135983 2.670100 0.054736
v -23.173527 1.985700 0.189429
v -22.050793 1.435800 0.300842
v -20.815186 1.022200 0.381215
v -19.514763 0.723100 0.432903
v -18.181496 0.507900 0.466022
v -16.832024 0.352500 0.489302
v -15.474457 0.240800 0.507732
v -14.111843 0.166800 0.526024
v -12.746719 0.123800 0.550413
v -11.380829 0.099400 0.578266
v -10.014606 0.099400 0.608336
v -8.648386 0.099400 0.637160
v -7.282276 0.099400 0.668061
v -5.915728 0.099500 0.701596
v -4.548956 0.099400 0.734299
v -3.182188 0.099400 0.764370
v -1.815420 0.099400 0.794163
v -0.448761 0.099400 0.822571
v 0.917788 0.099400 0.854442
v 2.284336 0.099300 0.889779
v 3.650118 0.099300 0.926639
v 5.016012 0.099300 0.963500
v 6.381685 0.114500 1.003547
v 7.745498 0.168200 1.052048
v 9.105806 0.259000 1.097638
v 10.460750 0.387300 1.139349
v 11.806389 0.559800 1.175239
v 13.135386 0.790300 1.199213
v 14.431868 1.101100 1.199490
v 15.665176 1.521200 1.161659
v 16.788786 2.071900 1.077129
v 17.756714 2.752300 0.955462
v 18.525383 3.549200 0.813147
v 19.089104 4.430200 0.674158
v 19.424665 5.370500 0.566210
v 19.534586 6.338300 0.507316
v -25.750507 6.245500 -2.174076
v -25.623508 5.278000 -2.128901
v -25.284775 4.336900 -2.039382
v -24.737911 3.448700 -1.919516
v -23.996830 2.637700 -1.786486
v -23.070507 1.928600 -1.661770
v -21.979851 1.347500 -1.558672
v -20.765156 0.906100 -1.482456
v -19.475349 0.588900 -1.431046
v -18.146027 0.368400 -1.396818
v -16.796886 0.220900 -1.372568
v -15.437561 0.133700 -1.354830
v -14.073528 0.099300 -1.338063
v -12.708511 0.099400 -1.314644
v -11.343822 0.099400 -1.287068
v -9.978588 0.099400 -1.255058
v -8.613352 0.099400 -1.225680
v -7.248774 0.099400 -1.194917
v -5.884304 0.099400 -1.161105
v -4.519835 0.099400 -1.128402
v -3.155365 0.099400 -1.099024
v -1.791883 0.099400 -1.068261
v -0.428400 0.099400 -1.040408
v 0.936619 0.099300 -1.007289
v 2.301853 0.099300 -0.972230
v 3.666651 0.099300 -0.937032
v 5.031012 0.099300 -0.901003
v 6.395151 0.099300 -0.860401
v 7.759401 0.099200 -0.812316
v 9.122447 0.143300 -0.764093
v 10.479691 0.243900 -0.720719
v 11.826204 0.403000 -0.684552
v 13.152465 0.633600 -0.661133
v 14.440407 0.956800 -0.659886
v 15.653681 1.402400 -0.694668
v 16.739630 1.989200 -0.774486
v 17.661573 2.700800 -0.888809
v 18.394882 3.515900 -1.024472
v 18.923130 4.409500 -1.155701
v 19.236467 5.354500 -1.257968
v 19.334124 6.323400 -1.313813
v -25.578072 6.240200 -4.004074
v -25.440674 5.272500 -3.955989
v -25.110477 4.328700 -3.866609
v -24.587376 3.431900 -3.752979
v -23.873447 2.607600 -3.626738
v -22.978649 1.878000 -3.511168
v -21.916458 1.271200 -3.417908
v -20.717640 0.810000 -3.348899
v -19.434292 0.483300 -3.300676
v -18.105736 0.266200 -3.267279
v -16.754517 0.139900 -3.243583
v -15.393112 0.099300 -3.225430
v -14.030064 0.099400 -3.206168
v -12.667126 0.099400 -3.180117
v -11.304192 0.099400 -3.151986
v -9.941254 0.099400 -3.118867
v -8.578098 0.099400 -3.088658
v -7.214943 0.099500 -3.058172
v -5.853212 0.099400 -3.023668
v -4.491371 0.099400 -2.991242
v -3.129637 0.099400 -2.961033
v -1.767687 0.099400 -2.931101
v -0.405626 0.099400 -2.901723
v 0.955778 0.099300 -2.869158
v 2.318495 0.099300 -2.834931
v 3.681103 0.099300 -2.801258
v 5.043600 0.099300 -2.765506
v 6.405990 0.099200 -2.725458
v 7.768598 0.099200 -2.681392
v 9.131097 0.099200 -2.635524
v 10.491296 0.150400 -2.591181
v 11.840219 0.286000 -2.554043
v 13.166698 0.507900 -2.528823
v 14.450369 0.834300 -2.523418
v 15.650288 1.295600 -2.550302
v 16.703062 1.911800 -2.622360
v 17.575085 2.654800 -2.731555
v 18.273796 3.485900 -2.861676
v 18.775549 4.388600 -2.988332
v 19.068085 5.337800 -3.087828
v 19.152056 6.307900 -3.140901
v -25.388340 6.233699 -5.832547
v -25.277218 5.262400 -5.788758
v -24.950085 4.318099 -5.694944
v -24.443737 3.415600 -5.583947
v -23.771187 2.571899 -5.466575
v -22.909130 1.822100 -5.358903
v -21.866974 1.197700 -5.276868
v -20.676689 0.726500 -5.217005
v -19.395428 0.398900 -5.173769
v -18.066433 0.190800 -5.142452
v -16.712032 0.099300 -5.118618
v -15.351177 0.099400 -5.097555
v -13.990105 0.099400 -5.074551
v -12.628918 0.099400 -5.045728
v -11.267296 0.099400 -5.017320
v -9.907536 0.099400 -4.982262
v -8.547007 0.099500 -4.951914
v -7.186260 0.099400 -4.919626
v -5.825623 0.099400 -4.886508
v -4.465422 0.099400 -4.853250
v -3.104567 0.099400 -4.823180
v -1.743710 0.099400 -4.792693
v -0.383949 0.099300 -4.764009
v 0.975704 0.099300 -4.731167
v 2.335028 0.099300 -4.697771
v 3.694351 0.099300 -4.665622
v 5.055206 0.099300 -4.630285
v 6.416062 0.099200 -4.591069
v 7.776918 0.099200 -4.550745
v 9.137555 0.099200 -4.508480
v 10.497755 0.099200 -4.466769
v 11.850182 0.202600 -4.429216
v 13.178960 0.409800 -4.402056
v 14.462631 0.730800 -4.390831
v 15.657842 1.194900 -4.405381
v 16.667152 1.847900 -4.467739
v 17.530962 2.595700 -4.573609
v 18.114609 3.471500 -4.691397
v 18.625559 4.370299 -4.821656
v 18.901016 5.321300 -4.920735
v 18.980719 6.291699 -4.972008
v -24.828671 6.203499 -7.534781
v -25.023880 5.240799 -7.605592
v -24.896332 4.272999 -7.532148
v -24.290680 3.404700 -7.411589
v -23.575874 2.583699 -7.294217
v -22.850777 1.765899 -7.205253
v -21.836864 1.120599 -7.135690
v -20.644501 0.654899 -7.087327
v -19.362694 0.333799 -7.050605
v -18.030743 0.143099 -7.020813
v -16.674263 0.099299 -6.995315
v -15.315376 0.099399 -6.970094
v -13.956383 0.099399 -6.943350
v -12.597717 0.099399 -6.911616
v -11.238392 0.099399 -6.880992
v -9.879070 0.099399 -6.846487
v -8.520514 0.099399 -6.814615
v -7.161518 0.099399 -6.781358
v -5.802412 0.099399 -6.749070
v -4.443197 0.099399 -6.715259
v -3.083546 0.099399 -6.685881
v -1.724003 0.099299 -6.656226
v -0.364790 0.099299 -6.626017
v 0.994316 0.099299 -6.593452
v 2.353090 0.099300 -6.560472
v 3.712524 0.099300 -6.528323
v 5.071190 0.099200 -6.495065
v 6.429966 0.099200 -6.457512
v 7.789071 0.099200 -6.419820
v 9.147738 0.099200 -6.381574
v 10.505638 0.099200 -6.344436
v 11.860801 0.145800 -6.307575
v 13.190236 0.340700 -6.279307
v 14.473251 0.655900 -6.263371
v 15.666710 1.115600 -6.266419
v 16.571466 1.834900 -6.308684
v 17.290760 2.653199 -6.390165
v 18.152052 3.400100 -6.525968
v 18.544214 4.329000 -6.661215
v 18.748837 5.290699 -6.756415
v 18.773687 6.266399 -6.797155
v -23.797249 6.120200 -8.831964
v -24.055733 5.172100 -8.981346
v -24.425671 4.254399 -9.274151
v -24.378155 3.284999 -9.232302
v -23.761555 2.420299 -9.094283
v -22.866760 1.688199 -9.046337
v -21.818584 1.070799 -8.997144
v -20.623158 0.610599 -8.962361
v -19.338169 0.296999 -8.930628
v -18.001617 0.125199 -8.901112
v -16.643829 0.099399 -8.872289
v -15.285271 0.099399 -8.843050
v -13.926491 0.099399 -8.812702
v -12.568703 0.099399 -8.778197
v -11.210804 0.099399 -8.744940
v -9.852684 0.099499 -8.710851
v -8.494564 0.099399 -8.677871
v -7.135788 0.099399 -8.644336
v -5.776793 0.099399 -8.611772
v -4.418236 0.099399 -8.577959
v -3.059132 0.099299 -8.549136
v -1.699919 0.099299 -8.518373
v -0.341471 0.099299 -8.488441
v 1.017307 0.099299 -8.455599
v 2.376081 0.099299 -8.422341
v 3.733982 0.099199 -8.391855
v 5.091883 0.099199 -8.360399
v 6.450987 0.099199 -8.324648
v 7.810201 0.099199 -8.288896
v 9.169744 0.099199 -8.255776
v 10.528957 0.099099 -8.221965
v 11.887076 0.131799 -8.188152
v 13.221329 0.316099 -8.159607
v 14.507299 0.630699 -8.138405
v 15.714992 1.077099 -8.127319
v 16.801924 1.661799 -8.106395
v 17.686974 2.405499 -8.101406
v 18.140446 3.312999 -8.356242
v 18.331930 4.277800 -8.487332
v 18.411413 5.253399 -8.555511
v 18.383276 6.231100 -8.573109
v -24.021576 6.170899 -10.651015
v -23.809071 5.219099 -10.798872
v -23.674847 4.256399 -10.854441
v -23.668716 3.288099 -10.841969
v -23.817280 2.325699 -10.921786
v -22.910446 1.602099 -10.888113
v -21.812893 1.030799 -10.860676
v -20.603996 0.589399 -10.838781
v -19.315834 0.282899 -10.811622
v -17.978081 0.116599 -10.781828
v -16.620182 0.099399 -10.749679
v -15.262169 0.099399 -10.716283
v -13.903725 0.099399 -10.682055
v -12.546261 0.099399 -10.644917
v -11.187595 0.099499 -10.608750
v -9.828819 0.099399 -10.575214
v -8.470589 0.099399 -10.541126
v -7.111704 0.099399 -10.507175
v -5.752380 0.099399 -10.474473
v -4.393385 0.099399 -10.441215
v -3.034388 0.099299 -10.412669
v -1.676161 0.099299 -10.381351
v -0.318041 0.099299 -10.351004
v 1.040518 0.099299 -10.317884
v 2.398745 0.099299 -10.285043
v 3.756315 0.099199 -10.255527
v 5.113888 0.099199 -10.224625
v 6.472336 0.099199 -10.191645
v 7.830893 0.099199 -10.158665
v 9.189779 0.099199 -10.129980
v 10.548335 0.099099 -10.099771
v 11.905798 0.130599 -10.068869
v 13.241035 0.308199 -10.040462
v 14.525803 0.622399 -10.014132
v 15.732618 1.067199 -9.990851
v 16.831814 1.636899 -9.958426
v 17.760765 2.346599 -9.924060
v 17.541691 3.301899 -10.034640
v 17.508190 4.270099 -10.015518
v 17.549465 5.236499 -10.049607
v 17.656210 6.197699 -10.165038
v -24.743275 6.176099 -12.247794
v -24.683720 5.199699 -12.280774
v -24.521244 4.230199 -12.358236
v -24.227177 3.282399 -12.543786
v -23.767139 2.371799 -12.748597
v -22.891613 1.621199 -12.738758
v -21.799316 1.042199 -12.726287
v -20.587135 0.601999 -12.715616
v -19.297661 0.294899 -12.692891
v -17.960892 0.119799 -12.662683
v -16.602337 0.099399 -12.627207
v -15.243340 0.099399 -12.589654
v -13.884235 0.099399 -12.551546
v -12.525566 0.099499 -12.511498
v -11.166901 0.099399 -12.472698
v -9.808235 0.099399 -12.438887
v -8.449348 0.099399 -12.404382
v -7.090353 0.099399 -12.370153
v -5.731358 0.099399 -12.337451
v -4.372801 0.099299 -12.304471
v -3.013588 0.099299 -12.276478
v -1.654703 0.099299 -12.243914
v -0.295380 0.099299 -12.213705
v 1.063944 0.099299 -12.180169
v 2.421188 0.099199 -12.146219
v 3.779745 0.099199 -12.118644
v 5.136223 0.099199 -12.088711
v 6.494999 0.099199 -12.058640
v 7.853664 0.099199 -12.028571
v 9.212661 0.099099 -12.003489
v 10.571546 0.099099 -11.977299
v 11.928899 0.142199 -11.949447
v 13.262713 0.326599 -11.921039
v 14.543976 0.648899 -11.889304
v 15.734917 1.115499 -11.852029
v 16.784845 1.731499 -11.799232
v 17.694529 2.455099 -11.747544
v 18.310362 3.319599 -11.598994
v 18.339485 4.289499 -11.531508
v 17.948416 5.203799 -11.823483
v 17.621504 6.137299 -12.005290
v -25.026505 6.201599 -14.054511
v -24.954575 5.228799 -14.097746
v -24.686787 4.275699 -14.188234
v -24.012596 3.438099 -14.345792
v -23.352203 2.595199 -14.463857
v -22.759579 1.728099 -14.566124
v -21.762421 1.072099 -14.590236
v -20.556480 0.629199 -14.591760
v -19.269524 0.322399 -14.573468
v -17.938118 0.133999 -14.543398
v -16.582298 0.099399 -14.504181
v -15.224838 0.099399 -14.463163
v -13.866280 0.099399 -14.420622
v -12.507393 0.099499 -14.378219
v -11.149055 0.099399 -14.337339
v -9.790279 0.099399 -14.302557
v -8.431503 0.099399 -14.266944
v -7.073275 0.099399 -14.232994
v -5.714281 0.099399 -14.200291
v -4.354847 0.099299 -14.167033
v -2.995523 0.099299 -14.140566
v -1.635324 0.099299 -14.106754
v -0.275343 0.099299 -14.075990
v 1.084637 0.099199 -14.042456
v 2.443632 0.099199 -14.008921
v 3.803503 0.099199 -13.982177
v 5.162716 0.099199 -13.953769
v 6.522040 0.099199 -13.925361
v 7.881693 0.099099 -13.897923
v 9.241343 0.099099 -13.876861
v 10.600777 0.099099 -13.853995
v 11.956160 0.165199 -13.829469
v 13.285484 0.366399 -13.800507
v 14.563792 0.695599 -13.763092
v 15.749588 1.169999 -13.711821
v 16.743900 1.830299 -13.635743
v 17.484324 2.640299 -13.534307
v 18.247082 3.441599 -13.421648
v 18.790876 4.332199 -13.283905
v 18.931232 5.300699 -13.177897
v 18.702415 6.262799 -13.228337
v -25.156898 6.210699 -15.891438
v -25.107410 5.238998 -15.934812
v -24.835678 4.285698 -16.025299
v -24.343342 3.378399 -16.141563
v -23.625031 2.553399 -16.276255
v -22.778957 1.793899 -16.403328
v -21.748081 1.157099 -16.453907
v -20.543564 0.705799 -16.464437
v -19.256058 0.392799 -16.450859
v -17.925308 0.191999 -16.421619
v -16.571899 0.099399 -16.381433
v -15.211807 0.099399 -16.336258
v -13.850731 0.099499 -16.289560
v -12.489876 0.099399 -16.244246
v -11.129021 0.099399 -16.202673
v -9.767944 0.099399 -16.166227
v -8.409060 0.099399 -16.130060
v -7.048861 0.099399 -16.094864
v -5.688553 0.099299 -16.061605
v -4.328352 0.099299 -16.028765
v -2.967934 0.099299 -16.002851
v -1.607624 0.099299 -15.968761
v -0.247314 0.099299 -15.937029
v 1.112991 0.099199 -15.904049
v 2.472645 0.099199 -15.869821
v 3.833721 0.099199 -15.845154
v 5.194685 0.099199 -15.818549
v 6.556418 0.099199 -15.791943
v 7.917932 0.099099 -15.766861
v 9.279224 0.099099 -15.748707
v 10.640410 0.103099 -15.730277
v 11.992070 0.218699 -15.707274
v 13.319205 0.434299 -15.676373
v 14.596746 0.769599 -15.632722
v 15.783198 1.245299 -15.570226
v 16.815609 1.876899 -15.481539
v 17.618439 2.658399 -15.367770
v 18.204712 3.530899 -15.252754
v 18.734493 4.421499 -15.118477
v 19.126766 5.349599 -15.005401
v 19.245115 6.320599 -14.939163
v -25.295502 6.237499 -17.721296
v -25.195763 5.268999 -17.774094
v -24.914070 4.319199 -17.866245
v -24.420746 3.414999 -17.986387
v -23.704624 2.590899 -18.121220
v -22.803154 1.865999 -18.244965
v -21.738338 1.258999 -18.310650
v -20.529987 0.808999 -18.332821
v -19.241936 0.491599 -18.324230
v -17.913158 0.276899 -18.296515
v -16.563141 0.146599 -18.256884
v -15.202610 0.099499 -18.209074
v -13.839893 0.099399 -18.159327
v -12.476627 0.099399 -18.110550
v -11.114571 0.099399 -18.068285
v -9.751633 0.099399 -18.028236
v -8.388367 0.099399 -17.993177
v -7.026964 0.099299 -17.956732
v -5.665014 0.099299 -17.922922
v -4.302952 0.099299 -17.890495
v -2.940891 0.099299 -17.865414
v -1.579050 0.099299 -17.830492
v -0.217098 0.099199 -17.798067
v 1.145618 0.099199 -17.766056
v 2.508226 0.099199 -17.732523
v 3.871273 0.099199 -17.708271
v 5.234865 0.099199 -17.683466
v 6.598130 0.099099 -17.658108
v 7.961067 0.099099 -17.635519
v 9.324223 0.099099 -17.620277
v 10.684312 0.159899 -17.603926
v 12.033454 0.297099 -17.581339
v 13.358838 0.523299 -17.548775
v 14.636707 0.860899 -17.499720
v 15.826662 1.333699 -17.427383
v 16.876373 1.951999 -17.327612
v 17.761093 2.688099 -17.204004
v 18.466154 3.517499 -17.062658
v 18.983564 4.417499 -16.934063
v 19.304455 5.363998 -16.835121
v 19.420506 6.334098 -16.771933
v -25.454800 6.257099 -19.546722
v -25.370060 5.287899 -19.600489
v -25.049934 4.344599 -19.700539
v -24.515884 3.453398 -19.829134
v -23.769768 2.644299 -19.967846
v -22.838623 1.939798 -20.090759
v -21.740524 1.364798 -20.166975
v -20.518600 0.931198 -20.197186
v -19.225948 0.618098 -20.192196
v -17.897171 0.395298 -20.165728
v -16.549347 0.241898 -20.126789
v -15.191444 0.145198 -20.080507
v -13.828510 0.099398 -20.028957
v -12.464260 0.099398 -19.976576
v -11.100117 0.099398 -19.932650
v -9.736416 0.099398 -19.892601
v -8.371399 0.099399 -19.856434
v -7.006491 0.099298 -19.818188
v -5.641693 0.099299 -19.785345
v -4.277004 0.099299 -19.752920
v -2.912863 0.099299 -19.727423
v -1.548615 0.099199 -19.693193
v -0.184254 0.099199 -19.659937
v 1.180105 0.099199 -19.628065
v 2.543917 0.099199 -19.595085
v 3.908606 0.099199 -19.570835
v 5.273842 0.099099 -19.548386
v 6.638529 0.099099 -19.523720
v 8.003545 0.100599 -19.503765
v 9.366810 0.148299 -19.490185
v 10.725039 0.245099 -19.474110
v 12.071991 0.402599 -19.451107
v 13.397485 0.634999 -19.417156
v 14.681376 0.964799 -19.364637
v 15.886768 1.419399 -19.285234
v 16.964176 2.012799 -19.176039
v 17.877033 2.730599 -19.043564
v 18.608589 3.545499 -18.897369
v 19.144173 4.436698 -18.764614
v 19.467035 5.380198 -18.664148
v 19.582867 6.348498 -18.603178
v -25.650330 6.277899 -21.364525
v -25.518845 5.312299 -21.428270
v -25.209011 4.368399 -21.531921
v -24.645073 3.487598 -21.668833
v -23.862934 2.697898 -21.814058
v -22.881870 2.028398 -21.940020
v -21.748737 1.487198 -22.022886
v -20.508087 1.078198 -22.056561
v -19.207123 0.777298 -22.052265
v -17.875607 0.554698 -22.024965
v -16.528435 0.388498 -21.986027
v -15.172508 0.265198 -21.941406
v -13.811428 0.177998 -21.892628
v -12.447067 0.125198 -21.840525
v -11.080959 0.102198 -21.797291
v -9.714518 0.099398 -21.755024
v -8.348297 0.099298 -21.716640
v -6.982296 0.099298 -21.679502
v -5.616295 0.099298 -21.647631
v -4.250401 0.099298 -21.616175
v -2.884508 0.099298 -21.589569
v -1.518837 0.099198 -21.555758
v -0.153162 0.099198 -21.521667
v 1.212839 0.099198 -21.489519
v 2.578951 0.099198 -21.457508
v 3.944733 0.099098 -21.434229
v 5.310627 0.099198 -21.413580
v 6.676190 0.127198 -21.388498
v 8.040550 0.176498 -21.367298
v 9.402063 0.258298 -21.352055
v 10.757993 0.379598 -21.334871
v 12.104616 0.547298 -21.312422
v 13.433614 0.775598 -21.279581
v 14.727905 1.088498 -21.226645
v 15.954646 1.515498 -21.143225
v 17.065775 2.077198 -21.026268
v 18.014652 2.770698 -20.883953
v 18.772375 3.572798 -20.731524
v 19.328432 4.455998 -20.591564
v 19.665087 5.395799 -20.486111
v 19.787050 6.362898 -20.424583
v -25.873127 6.296198 -23.175539
v -25.761673 5.328898 -23.238729
v -25.396549 4.395798 -23.357903
v -24.796703 3.528698 -23.506866
v -23.958622 2.768898 -23.661654
v -22.927197 2.136798 -23.792467
v -21.755085 1.637298 -23.876028
v -20.492435 1.260498 -23.907623
v -19.180515 0.980098 -23.898752
v -17.844296 0.767398 -23.866743
v -16.496025 0.600698 -23.824476
v -15.141300 0.466698 -23.779305
v -13.782639 0.358898 -23.733295
v -12.420902 0.276698 -23.685074
v -11.055889 0.230498 -23.648212
v -9.689995 0.202798 -23.610106
v -8.323881 0.188498 -23.572689
v -6.957771 0.180998 -23.536243
v -5.591770 0.175598 -23.505066
v -4.225769 0.172298 -23.474581
v -2.859764 0.169598 -23.447973
v -1.493874 0.171098 -23.414301
v -0.127981 0.170998 -23.379519
v 1.238020 0.173598 -23.346678
v 2.604134 0.182498 -23.313974
v 3.970243 0.196098 -23.288755
v 5.335917 0.228498 -23.264919
v 6.700604 0.277398 -23.235126
v 8.063541 0.349998 -23.209906
v 9.423084 0.448898 -23.193138
v 10.778138 0.579598 -23.176786
v 12.126404 0.744698 -23.158079
v 13.461750 0.958398 -23.130781
v 14.769836 1.244598 -23.082558
v 16.021868 1.635198 -23.000244
v 17.171425 2.157698 -22.878160
v 18.165956 2.818098 -22.726147
v 18.963966 3.600098 -22.562769
v 19.541372 4.474998 -22.414080
v 19.894232 5.410798 -22.301418
v 20.030647 6.376498 -22.236427
v -26.135994 6.316298 -24.976160
v -25.992023 5.352198 -25.051128
v -25.620003 4.421298 -25.178061
v -24.962238 3.577598 -25.345594
v -24.054527 2.858798 -25.512299
v -22.962666 2.278198 -25.643942
v -21.748299 1.830098 -25.720436
v -20.461452 1.495198 -25.740807
v -19.137051 1.245298 -25.719606
v -17.795025 1.053298 -25.675400
v -16.445007 0.898998 -25.623020
v -15.090942 0.769198 -25.571470
v -13.734573 0.658098 -25.523384
v -12.376125 0.566198 -25.475853
v -11.013847 0.510098 -25.444954
v -9.650471 0.475098 -25.410309
v -8.286768 0.454598 -25.374418
v -6.923174 0.444198 -25.338804
v -5.560129 0.442098 -25.306517
v -4.197412 0.443098 -25.274647
v -2.834585 0.444198 -25.246099
v -1.471869 0.444898 -25.213120
v -0.109150 0.442298 -25.178753
v 1.254005 0.443698 -25.146051
v 2.617489 0.453598 -25.113209
v 3.980864 0.476098 -25.085356
v 5.343910 0.513798 -25.060965
v 6.706189 0.565098 -25.029787
v 8.066059 0.643598 -25.004152
v 9.423850 0.742098 -24.990433
v 10.778357 0.867698 -24.980453
v 12.129031 1.017898 -24.972416
v 13.471713 1.205498 -24.958422
v 14.795674 1.453398 -24.924057
v 16.077047 1.794598 -24.851583
v 17.272148 2.264098 -24.731026
v 18.321638 2.880598 -24.570557
v 19.170998 3.634398 -24.394152
v 19.788034 4.495098 -24.231327
v 20.165091 5.424798 -24.107304
v 20.314095 6.388998 -24.038019
v -26.445168 6.336098 -26.763615
v -26.292221 5.372998 -26.846621
v -25.860867 4.456798 -26.998220
v -25.120880 3.648598 -27.188482
v -24.128757 2.987298 -27.363222
v -22.969891 2.474098 -27.485443
v -21.711620 2.090098 -27.541012
v -20.400360 1.808498 -27.536022
v -19.064026 1.600498 -27.488770
v -17.717293 1.441098 -27.419899
v -16.366730 1.311998 -27.345345
v -15.014744 1.199398 -27.276615
v -13.661766 1.096598 -27.217997
v -12.306824 1.005898 -27.165756
v -10.948925 0.946898 -27.139425
v -9.590256 0.920698 -27.097715
v -8.232685 0.915298 -27.048105
v -6.875990 0.913098 -27.005566
v -5.520168 0.918198 -26.966902
v -4.165443 0.922898 -26.932396
v -2.811375 0.926798 -26.901634
v -1.457417 0.929698 -26.866991
v -0.102911 0.927298 -26.831793
v 1.252909 0.924898 -26.802137
v 2.610701 0.926398 -26.776365
v 3.969696 0.934198 -26.762922
v 5.328691 0.953498 -26.756548
v 6.687030 0.995298 -26.732161
v 8.041973 1.076898 -26.706385
v 9.396698 1.164598 -26.702919
v 10.749234 1.275698 -26.707632
v 12.100894 1.401098 -26.720797
v 13.449379 1.551498 -26.733685
v 14.788120 1.748198 -26.728695
v 16.100039 2.023698 -26.683659
v 17.348238 2.418598 -26.579592
v 18.469986 2.967798 -26.417875
v 19.392260 3.676298 -26.226368
v 20.061302 4.516298 -26.044973
v 20.465179 5.439598 -25.906540
v 20.631153 6.401698 -25.830187
v -26.814339 6.355498 -28.532085
v -26.624828 5.395998 -28.634077
v -26.105446 4.505198 -28.822121
v -25.248096 3.758298 -29.035246
v -24.155907 3.180098 -29.204029
v -22.926975 2.753998 -29.295210
v -21.627213 2.448998 -29.306295
v -20.295040 2.233198 -29.252945
v -18.950497 2.078398 -29.158161
v -17.602558 1.962498 -29.044252
v -16.254841 1.870598 -28.927574
v -14.908432 1.787798 -28.822399
v -13.563889 1.704698 -28.737591
v -12.218033 1.626298 -28.665949
v -10.873272 1.531098 -28.689367
v -9.523254 1.517698 -28.632969
v -8.177286 1.561398 -28.519201
v -6.830336 1.577198 -28.451160
v -5.482727 1.581098 -28.415270
v -4.135555 1.586398 -28.379379
v -2.788822 1.591598 -28.346258
v -1.442745 1.597598 -28.308290
v -0.096560 1.601398 -28.264778
v 1.250063 1.600898 -28.232767
v 2.597454 1.594998 -28.215586
v 3.945063 1.570198 -28.247318
v 5.293877 1.538098 -28.309124
v 6.646959 1.561398 -28.303719
v 7.988984 1.670098 -28.248011
v 9.336045 1.750898 -28.253000
v 10.684093 1.838598 -28.287922
v 12.032907 1.932498 -28.338083
v 13.382485 2.038198 -28.397394
v 14.730095 2.173998 -28.446447
v 16.066864 2.368598 -28.458227
v 17.368492 2.663298 -28.403074
v 18.578264 3.109498 -28.264086
v 19.604435 3.741198 -28.062601
v 20.357668 4.542598 -27.855988
v 20.804352 5.454998 -27.697321
v 20.987406 6.414698 -27.610991
v -27.246792 6.374698 -30.277279
v -26.976154 5.426198 -30.420284
v -26.308647 4.589298 -30.656414
v -25.305573 3.939798 -30.875776
v -24.108063 3.474498 -31.004925
v -22.815964 3.155298 -31.027653
v -21.484882 2.941598 -30.958920
v -20.141434 2.799298 -30.825888
v -18.796673 2.703198 -30.656277
v -17.454319 2.632798 -30.476130
v -16.113605 2.579698 -30.297787
v -14.773773 2.531998 -30.131777
v -13.434044 2.478098 -29.996391
v -12.104721 2.482398 -29.733238
v -10.794006 2.318898 -29.925440
v -9.457674 2.241898 -29.987106
v -8.132181 2.345698 -29.767607
v -6.798475 2.401098 -29.612543
v -5.456232 2.389798 -29.611158
v -4.113768 2.393098 -29.578453
v -2.771086 2.399498 -29.542009
v -1.428841 2.405698 -29.504871
v -0.087364 2.416198 -29.447916
v 1.254225 2.421198 -29.405235
v 2.595045 2.420898 -29.373644
v 3.930063 2.368798 -29.466347
v 5.255558 2.275698 -29.648018
v 6.596926 2.249798 -29.714949
v 7.913880 2.411498 -29.571110
v 9.243424 2.531098 -29.498911
v 10.584355 2.567698 -29.632221
v 11.927257 2.626698 -29.739891
v 13.272019 2.689898 -29.863914
v 14.618533 2.767198 -29.991264
v 15.965157 2.879898 -30.095055
v 17.303131 3.059898 -30.139538
v 18.598518 3.363298 -30.080782
v 19.763512 3.860198 -29.904100
v 20.658413 4.581697 -29.669497
v 21.184473 5.470798 -29.477434
v 21.389860 6.427798 -29.378075
v -27.711872 6.394197 -32.009445
v -27.289272 5.478298 -32.222710
v -26.415936 4.746397 -32.495281
v -25.255871 4.240798 -32.670994
v -23.967598 3.916498 -32.700924
v -22.634987 3.716198 -32.601982
v -21.293621 3.594998 -32.411724
v -19.955097 3.520898 -32.169910
v -18.620735 3.474898 -31.907593
v -17.289116 3.446698 -31.640701
v -15.954639 3.419498 -31.406096
v -14.620060 3.394898 -31.185209
v -13.285042 3.367298 -30.983862
v -11.949039 3.334698 -30.805517
v -10.617630 3.286898 -30.619139
v -9.345675 3.290098 -30.074545
v -8.125612 3.231898 -30.790552
v -6.789171 3.292198 -30.607080
v -5.446377 3.305798 -30.533501
v -4.102711 3.308197 -30.502184
v -2.759043 3.314598 -30.465876
v -1.415375 3.321398 -30.427767
v -0.072256 3.331198 -30.372618
v 1.270756 3.337798 -30.324945
v 2.613438 3.332098 -30.307209
v 3.955355 3.292798 -30.367212
v 5.301540 3.256398 -30.356264
v 6.595613 3.295398 -29.883730
v 7.793560 3.270498 -30.649210
v 9.120695 3.397998 -30.539043
v 10.458233 3.427098 -30.699511
v 11.796206 3.456897 -30.876192
v 13.134291 3.490098 -31.067007
v 14.472813 3.526998 -31.274313
v 15.813196 3.578198 -31.485081
v 17.156425 3.661898 -31.667168
v 18.496918 3.812998 -31.769989
v 19.791210 4.114297 -31.716917
v 20.897083 4.668498 -31.497139
v 21.589445 5.493398 -31.252558
v 21.850779 6.442498 -31.126593
v -28.163589 6.412797 -33.749371
v -27.482178 5.588697 -34.051319
v -26.369408 5.041598 -34.289249
v -25.079273 4.725997 -34.321678
v -23.744804 4.554597 -34.168690
v -22.411430 4.464498 -33.891544
v -21.087795 4.418198 -33.548439
v -19.770405 4.392898 -33.187038
v -18.453888 4.380097 -32.835754
v -17.131676 4.368498 -32.522163
v -15.806072 4.359097 -32.232544
v -14.478390 4.349998 -31.958448
v -13.149612 4.339397 -31.692110
v -11.820290 4.324398 -31.430069
v -10.514938 4.313198 -31.010744
v -9.296738 4.331098 -30.282959
v -8.130100 4.272297 -31.136572
v -6.787746 4.271898 -31.303274
v -5.442656 4.291098 -31.194494
v -4.096798 4.299798 -31.131304
v -2.750612 4.306098 -31.095552
v -1.404757 4.312998 -31.058969
v -0.059227 4.320797 -31.014351
v 1.286413 4.326998 -30.970282
v 2.632816 4.321798 -30.947971
v 3.980425 4.302998 -30.921644
v 5.322012 4.294998 -30.731245
v 6.562877 4.331598 -30.061241
v 7.672911 4.302598 -31.025990
v 8.991836 4.341398 -31.353575
v 10.330467 4.373598 -31.508224
v 11.663077 4.387897 -31.735899
v 12.994702 4.403598 -31.976879
v 14.324684 4.421597 -32.238781
v 15.651273 4.440598 -32.537132
v 16.978409 4.468398 -32.848366
v 18.309706 4.515997 -33.143528
v 19.648336 4.625098 -33.341686
v 20.948978 4.904898 -33.310783
v 21.957632 5.537397 -33.043892
v 22.362713 6.457898 -32.857925
v -28.507252 6.427397 -35.534191
v -27.446594 5.848197 -35.854435
v -26.142235 5.576597 -35.876606
v -24.811703 5.459897 -35.624401
v -23.502632 5.411597 -35.213810
v -22.211296 5.391998 -34.736980
v -20.925106 5.384398 -34.255714
v -19.632675 5.380198 -33.808399
v -18.328968 5.377098 -33.414162
v -17.017708 5.374598 -33.058167
v -15.699112 5.370798 -32.741524
v -14.378105 5.368197 -32.431396
v -13.056992 5.365598 -32.115730
v -11.741135 5.361897 -31.765417
v -10.476074 5.359998 -31.181885
v -9.268381 5.372198 -30.428877
v -8.108751 5.327898 -31.299118
v -6.783695 5.313498 -31.615339
v -5.435211 5.324898 -31.563793
v -4.090231 5.336597 -31.463049
v -2.744591 5.343798 -31.419121
v -1.398733 5.350198 -31.389606
v -0.052439 5.356698 -31.358566
v 1.293858 5.361598 -31.327663
v 2.640480 5.359097 -31.289970
v 3.987213 5.350498 -31.203501
v 5.314348 5.349998 -30.895731
v 6.533208 5.367998 -30.161015
v 7.650358 5.359698 -31.115368
v 8.896587 5.372097 -31.758764
v 10.225912 5.383997 -32.028290
v 11.556005 5.392397 -32.288948
v 12.882812 5.400698 -32.562767
v 14.204583 5.408897 -32.865963
v 15.520332 5.417397 -33.207130
v 16.829296 5.426898 -33.593197
v 18.132565 5.436997 -34.018894
v 19.435942 5.455798 -34.457199
v 20.755304 5.507697 -34.818047
v 22.076639 5.710597 -34.865715
v 22.887239 6.473698 -34.590782
v -28.497402 6.434297 -37.374584
v -27.149570 6.436197 -37.352825
v -25.850899 6.431197 -36.905373
v -24.595695 6.426597 -36.312279
v -23.354721 6.424097 -35.689117
v -22.108822 6.422797 -35.086044
v -20.846935 6.422098 -34.538681
v -19.566219 6.421398 -34.061436
v -18.270832 6.420897 -33.643639
v -16.965263 6.420098 -33.269768
v -15.652584 6.418898 -32.926243
v -14.334862 6.417898 -32.601566
v -13.016155 6.417298 -32.272594
v -11.718796 6.419797 -31.829853
v -10.527092 6.406898 -31.044695
v -9.255024 6.415298 -30.508003
v -8.087732 6.387998 -31.351221
v -6.772966 6.368798 -31.687262
v -5.426891 6.379797 -31.652063
v -4.087492 6.391098 -31.510994
v -2.745358 6.397398 -31.451271
v -1.401800 6.403798 -31.432146
v -0.058022 6.410297 -31.421753
v 1.286303 6.414998 -31.406925
v 2.631392 6.414798 -31.366741
v 3.974842 6.410398 -31.259069
v 5.283257 6.407598 -30.867876
v 6.513501 6.404498 -30.188314
v 7.694807 6.415498 -31.010744
v 8.863085 6.428597 -31.850777
v 10.170296 6.430697 -32.246960
v 11.498198 6.436997 -32.517868
v 12.822268 6.443598 -32.806236
v 14.138128 6.448698 -33.139507
v 15.446871 6.453598 -33.510609
v 16.746527 6.458998 -33.926189
v 18.036438 6.464298 -34.391239
v 19.313869 6.470597 -34.919064
v 20.579588 6.477997 -35.503151
v 21.848478 6.485797 -36.090149
v 23.174082 6.490897 -36.411362
v -29.446823 6.695101 15.563849
v -28.113449 6.698301 15.273954
v -28.323872 7.469101 14.034695
v -29.102505 6.687901 13.765447
v -26.846966 6.700601 14.671854
v -27.002865 7.681201 14.020837
v -25.586941 6.704001 14.068506
v -25.679783 7.730101 13.672464
v -24.311916 6.707401 13.535138
v -24.375637 7.744101 13.233187
v -23.020363 6.710701 13.082280
v -23.072037 7.749901 12.806798
v -21.717644 6.713201 12.691643
v -21.762310 7.753501 12.424612
v -20.407257 6.715101 12.348535
v -20.446671 7.756001 12.085524
v -19.090195 6.716701 12.048801
v -19.126541 7.757501 11.781910
v -17.766342 6.718401 11.797845
v -17.803349 7.757601 11.506010
v -16.434391 6.722201 11.605090
v -16.476322 7.757501 11.263507
v -15.101887 6.729501 11.401941
v -15.142067 7.769701 11.095003
v -13.817120 6.733401 10.910562
v -13.807598 7.789601 10.912224
v -12.599358 6.739801 10.189981
v -12.588520 7.787801 10.198156
v -11.295433 6.729201 10.578540
v -11.258976 7.780501 10.444955
v -9.965233 6.723601 10.765198
v -9.915855 7.765901 10.448835
v -8.628132 6.712501 10.760348
v -8.611492 7.688501 10.065403
v -7.289062 6.725901 10.720162
v -7.298807 7.768501 10.405461
v -5.950541 6.729301 10.636879
v -5.955795 7.769801 10.322456
v -4.611471 6.730101 10.598910
v -4.612896 7.768401 10.273817
v -3.272839 6.729901 10.630644
v -3.269773 7.767301 10.296959
v -1.936289 6.729701 10.728476
v -1.927094 7.765501 10.355437
v -0.602037 6.724901 10.864832
v -0.583097 7.750301 10.384814
v 0.737688 6.716701 10.852221
v 0.723347 7.657501 10.016625
v 2.042931 6.737801 10.487774
v 1.997276 7.797301 10.482232
v 3.174751 6.761201 9.574992
v 3.173107 7.806701 9.655781
v 4.443533 6.761401 10.132611
v 4.508017 7.797801 9.868352
v 5.615095 6.783401 10.959755
v 5.633488 7.840701 10.799426
v 6.908838 6.784101 11.420650
v 6.947486 7.830101 11.169277
v 8.225465 6.789301 11.758075
v 8.268491 7.831701 11.487719
v 9.542747 6.794901 12.091483
v 9.586759 7.836101 11.818631
v 10.855541 6.800601 12.443459
v 10.901086 7.840701 12.167421
v 12.161109 6.805801 12.824534
v 12.207420 7.846101 12.556118
v 13.456715 6.810201 13.246629
v 13.507514 7.849601 12.974887
v 14.738963 6.814301 13.722351
v 14.800383 7.852101 13.433148
v 16.004789 6.817801 14.259600
v 16.091827 7.848801 13.906930
v 17.255726 6.821001 14.848120
v 17.389950 7.832701 14.363390
v 18.501188 6.823901 15.455486
v 18.704933 7.787401 14.747931
v 19.757160 6.828201 16.036247
v 20.038200 7.674501 14.981565
v 21.051014 6.836001 16.481899
v 21.344973 7.409301 14.963828
v 22.392820 6.850101 16.527489
v 22.422819 6.840501 14.679753
v -28.145966 7.608901 12.210655
v -28.534733 6.681701 12.057670
v -27.164463 8.264801 12.481011
v -25.869621 8.562401 12.549467
v -24.525845 8.676301 12.382486
v -23.189510 8.721001 12.100213
v -21.860077 8.740101 11.785790
v -20.532394 8.749501 11.478989
v -19.203945 8.755001 11.194497
v -17.874840 8.757701 10.931070
v -16.545624 8.757601 10.684687
v -15.215309 8.759301 10.460891
v -13.876572 8.805701 10.410866
v -12.540787 8.836701 10.279361
v -11.216717 8.810401 10.052100
v -9.879070 8.780501 9.918654
v -8.612696 8.667500 9.388750
v -7.304281 8.760401 9.754999
v -5.958643 8.778901 9.767887
v -4.613441 8.775701 9.720078
v -3.267475 8.771301 9.725205
v -1.920959 8.765301 9.744052
v -0.575214 8.737301 9.694027
v 0.707146 8.607001 9.226897
v 1.873125 8.818701 9.985447
v 3.211098 8.848701 9.820960
v 4.542395 8.833101 9.596610
v 5.708263 8.882401 10.440520
v 7.040545 8.840801 10.647410
v 8.363083 8.839401 10.949500
v 9.685512 8.838501 11.256440
v 11.005093 8.838401 11.585275
v 12.319966 8.837601 11.948475
v 13.635608 8.829801 12.319990
v 14.954861 8.809801 12.687071
v 16.282654 8.764701 13.017845
v 17.620081 8.672801 13.271572
v 18.955975 8.498601 13.401831
v 20.246655 8.184101 13.364278
v 21.371140 7.646001 13.149074
v 22.086821 6.832601 12.884813
v -27.730591 7.626501 10.434146
v -27.994881 6.675801 10.342273
v -27.054214 8.461701 10.654478
v -25.969250 9.038201 10.883539
v -24.683830 9.362501 10.973058
v -23.340595 9.525801 10.904325
v -21.991131 9.607001 10.733327
v -20.645599 9.649001 10.514935
v -19.303791 9.673101 10.285458
v -17.963848 9.688901 10.062909
v -16.624996 9.699401 9.851585
v -15.286362 9.709901 9.659938
v -13.943466 9.743401 9.554623
v -12.598701 9.792401 9.494482
v -11.258865 9.778601 9.318909
v -9.918922 9.746401 9.143199
v -8.633608 9.637001 8.682165
v -7.305922 9.707801 8.920511
v -5.961597 9.732401 8.960421
v -4.616400 9.732301 8.932428
v -3.270540 9.723601 8.920373
v -1.923590 9.717401 8.926054
v -0.578169 9.690101 8.866745
v 0.699043 9.543501 8.393656
v 1.881882 9.758201 9.111742
v 3.181099 9.888000 9.501826
v 4.526081 9.881001 9.555316
v 5.840298 9.890201 9.872510
v 7.170609 9.785201 9.838975
v 8.491723 9.786601 10.145776
v 9.818749 9.775601 10.419597
v 11.145996 9.762601 10.709630
v 12.476088 9.737401 11.000079
v 13.810997 9.695501 11.279027
v 15.151818 9.621301 11.519314
v 16.494938 9.494001 11.691283
v 17.826235 9.284301 11.765974
v 19.110783 8.953001 11.721354
v 20.273806 8.450101 11.554788
v 21.173306 7.730701 11.314919
v 21.635536 6.822401 11.139762
v -27.296936 7.626300 8.669556
v -27.523014 6.670500 8.600407
v -26.767155 8.516601 8.832378
v -25.885937 9.249301 9.054512
v -24.741089 9.770601 9.245881
v -23.456100 10.100201 9.337062
v -22.117138 10.294301 9.318216
v -20.764385 10.407001 9.218582
v -19.411083 10.474701 9.074051
v -18.059971 10.518901 8.912889
v -16.710938 10.550701 8.751452
v -15.363113 10.577401 8.601932
v -14.015831 10.605201 8.480125
v -12.668442 10.648001 8.405296
v -11.323460 10.654801 8.283768
v -9.981544 10.641901 8.147135
v -8.651562 10.588101 7.902830
v -7.308552 10.605101 7.929297
v -5.966196 10.620001 7.943709
v -4.623405 10.622401 7.927773
v -3.279518 10.611901 7.908511
v -1.934099 10.609601 7.918627
v -0.588678 10.605201 7.916549
v 0.704298 10.465401 7.514409
v 1.947243 10.644401 8.087547
v 3.255985 10.760701 8.450055
v 4.593084 10.807801 8.678146
v 5.939270 10.774901 8.840693
v 7.281186 10.693401 8.904575
v 8.619708 10.658901 9.104952
v 9.958230 10.623701 9.321819
v 11.299271 10.580401 9.544091
v 12.643813 10.515201 9.752090
v 13.990547 10.415301 9.926830
v 15.334324 10.262101 10.046281
v 16.661570 10.031501 10.089792
v 17.944803 9.695201 10.044202
v 19.134869 9.220801 9.909509
v 20.147573 8.576900 9.709270
v 20.855043 7.753501 9.508893
v 21.166628 6.809900 9.407457
v -26.907288 7.624101 6.892354
v -27.121765 6.666800 6.834015
v -26.435970 8.532001 7.025107
v -25.679016 9.333801 7.213428
v -24.671455 9.982201 7.413666
v -23.484455 10.459201 7.573026
v -22.194653 10.783401 7.656585
v -20.858212 10.993701 7.660881
v -19.505348 11.129201 7.604620
v -18.148430 11.219601 7.512608
v -16.791847 11.283601 7.405075
v -15.436577 11.332201 7.295879
v -14.082722 11.370601 7.193889
v -12.730186 11.410001 7.112270
v -11.378967 11.435701 7.026908
v -10.029388 11.445401 6.934203
v -8.680355 11.455301 6.848703
v -7.333513 11.434801 6.770825
v -5.987000 11.432101 6.745189
v -4.640593 11.435701 6.733133
v -3.294189 11.430501 6.723294
v -1.948660 11.430701 6.736182
v -0.606855 11.461401 6.809072
v 0.720829 11.374001 6.595668
v 2.028259 11.482201 6.952771
v 3.357805 11.549301 7.211904
v 4.697968 11.575301 7.407291
v 6.045576 11.531501 7.539768
v 7.393951 11.474401 7.659495
v 8.743531 11.419501 7.814420
v 10.093439 11.353101 7.975580
v 11.444223 11.267401 8.130090
v 12.794570 11.148001 8.260072
v 14.138784 10.978101 8.347927
v 15.464935 10.737501 8.377027
v 16.751345 10.403901 8.336841
v 17.963085 9.954401 8.226953
v 19.046625 9.367401 8.060942
v 19.923355 8.629401 7.872760
v 20.494301 7.752100 7.721023
v 20.727278 6.796300 7.663930
v -26.560230 7.620901 5.103651
v -26.769890 6.662800 5.052518
v -26.114754 8.535900 5.219082
v -25.425896 9.369400 5.381906
v -24.515553 10.087600 5.565238
v -23.423801 10.667300 5.737484
v -22.202648 11.103900 5.867328
v -20.904087 11.414600 5.937446
v -19.567207 11.629200 5.949640
v -18.214230 11.778200 5.918738
v -16.855785 11.884700 5.861923
v -15.496239 11.963800 5.793329
v -14.137138 12.024300 5.722103
v -12.779236 12.075000 5.656835
v -11.422543 12.117000 5.596278
v -10.067051 12.148800 5.538216
v -8.712324 12.179100 5.492210
v -7.359678 12.170200 5.430961
v -6.008018 12.164100 5.395070
v -4.656359 12.169000 5.385509
v -3.305138 12.171300 5.388557
v -1.954573 12.177600 5.411838
v -0.605759 12.204900 5.475997
v 0.743492 12.240400 5.545977
v 2.091320 12.255700 5.682887
v 3.439148 12.254400 5.822984
v 4.789604 12.237200 5.956291
v 6.143234 12.185000 6.070892
v 7.497413 12.120600 6.184938
v 8.853341 12.043900 6.307159
v 10.208942 11.944501 6.424808
v 11.562136 11.813701 6.526798
v 12.908212 11.636901 6.598578
v 14.236880 11.396701 6.626016
v 15.530952 11.073601 6.598163
v 16.763496 10.649501 6.512802
v 17.897398 10.108701 6.377416
v 18.882074 9.440300 6.212099
v 19.652279 8.643900 6.049829
v 20.140785 7.740901 5.934952
v 20.346281 6.781900 5.898230
v -26.247005 7.616701 3.306356
v -26.457539 6.658300 3.260073
v -25.817070 8.535900 3.409870
v -25.168396 9.386400 3.555095
v -24.320789 10.143100 3.720690
v -23.302715 10.787100 3.885592
v -22.148125 11.306200 4.027906
v -20.896748 11.702300 4.129066
v -19.587242 11.992900 4.183109
v -18.247513 12.203300 4.195996
v -16.893993 12.357600 4.179922
v -15.534672 12.473600 4.147080
v -14.173374 12.563200 4.106616
v -12.811752 12.635300 4.065321
v -11.450459 12.695700 4.026521
v -10.089493 12.745400 3.991323
v -8.728857 12.785700 3.961114
v -7.368437 12.799600 3.928411
v -6.008894 12.805600 3.907071
v -4.649462 12.815300 3.904299
v -3.290247 12.824000 3.916632
v -1.931143 12.834500 3.946010
v -0.572803 12.853500 3.999222
v 0.784986 12.882500 4.068509
v 2.144638 12.877500 4.173409
v 3.504509 12.848600 4.274706
v 4.863832 12.801400 4.373231
v 6.223045 12.732200 4.467322
v 7.582042 12.647900 4.561137
v 8.940598 12.543300 4.653981
v 10.296309 12.408800 4.737679
v 11.645123 12.233700 4.802254
v 12.979046 12.002900 4.835373
v 14.284176 11.698800 4.825950
v 15.538726 11.304300 4.767334
v 16.714121 10.806100 4.662572
v 17.775106 10.196200 4.523583
v 18.678110 9.472100 4.371430
v 19.373209 8.641000 4.233411
v 19.820990 7.726400 4.141260
v 20.023859 6.767100 4.112576
v -25.963558 7.611700 1.501994
v -26.179676 6.653700 1.458067
v -25.542599 8.533400 1.597056
v -24.921185 9.394400 1.729809
v -24.116493 10.174900 1.881131
v -23.151630 10.859200 2.034116
v -22.051670 11.434900 2.173659
v -20.845840 11.896200 2.284517
v -19.567753 12.250600 2.358793
v -18.247078 12.517200 2.397870
v -16.903629 12.718300 2.409787
v -15.549011 12.872500 2.403967
v -14.188812 12.993600 2.388724
v -12.826206 13.091300 2.369601
v -11.462391 13.172100 2.350201
v -10.097706 13.238900 2.332602
v -8.732578 13.292100 2.317359
v -7.367123 13.326200 2.304610
v -6.001341 13.348600 2.300592
v -4.635559 13.366500 2.306966
v -3.269773 13.379600 2.324288
v -1.903992 13.389300 2.353249
v -0.538319 13.397300 2.395098
v 0.827246 13.402800 2.446371
v 2.192480 13.378000 2.527436
v 3.557499 13.330900 2.607670
v 4.921419 13.263700 2.686241
v 6.284027 13.176100 2.762872
v 7.644884 13.068600 2.837424
v 9.002785 12.935300 2.907542
v 10.354554 12.766900 2.966852
v 11.694389 12.551400 3.006899
v 13.011890 12.273000 3.017154
v 14.289650 11.914200 2.988053
v 15.503363 11.460500 2.915995
v 16.625002 10.904300 2.806800
v 17.623585 10.244200 2.673908
v 18.465717 9.484400 2.536443
v 19.109468 8.632100 2.416855
v 19.535681 7.711000 2.338561
v 19.748404 6.752400 2.312371
v -25.717007 7.607200 -0.311929
v -25.936516 6.649400 -0.353916
v -25.295719 8.529800 -0.220609
v -24.689850 9.397000 -0.095616
v -23.915157 10.193000 0.044758
v -22.989929 10.904600 0.186242
v -21.933102 11.519700 0.317748
v -20.766247 12.028600 0.427220
v -19.518158 12.432700 0.507870
v -18.217953 12.745900 0.559696
v -16.887531 12.988100 0.588104
v -15.540470 13.177900 0.600714
v -14.184544 13.329400 0.603763
v -12.823467 13.452800 0.602100
v -11.459545 13.555000 0.598912
v -10.093544 13.639600 0.595864
v -8.726227 13.708300 0.594062
v -7.357927 13.759700 0.595864
v -5.988312 13.796600 0.604317
v -4.618259 13.822600 0.617897
v -3.247988 13.838400 0.637713
v -1.877607 13.844700 0.664042
v -0.507225 13.841300 0.697161
v 0.863045 13.825900 0.734991
v 2.231565 13.783400 0.799012
v 3.599211 13.719700 0.864003
v 4.964884 13.635100 0.928162
v 6.328258 13.528800 0.990382
v 7.688020 13.398700 1.049691
v 9.042526 13.239000 1.103458
v 10.387617 13.040400 1.146831
v 11.716285 12.790100 1.172606
v 13.015832 12.471600 1.171220
v 14.266003 12.067300 1.134221
v 15.441069 11.566100 1.059391
v 16.515083 10.965400 0.953383
v 17.463741 10.270100 0.829360
v 18.256060 9.483400 0.704090
v 18.873755 8.619400 0.596003
v 19.294710 7.696100 0.524638
v 19.514769 6.737900 0.500110
v -25.501656 7.602800 -2.134028
v -25.726532 6.645000 -2.175600
v -25.079823 8.526700 -2.044094
v -24.479317 9.397700 -1.922704
v -23.726303 10.205000 -1.789812
v -22.831070 10.936300 -1.658029
v -21.807743 11.579700 -1.536224
v -20.672421 12.123000 -1.433264
v -19.449951 12.563700 -1.354000
v -18.168686 12.912800 -1.298155
v -16.851624 13.188400 -1.261433
v -15.513760 13.408600 -1.237875
v -14.163849 13.587300 -1.222355
v -12.806389 13.734600 -1.211270
v -11.444328 13.857400 -1.201985
v -10.078983 13.960000 -1.193255
v -8.711557 14.044600 -1.183971
v -7.341724 14.110700 -1.171222
v -5.970358 14.159000 -1.155147
v -4.598114 14.191500 -1.137133
v -3.225325 14.208900 -1.116070
v -1.852318 14.211400 -1.091819
v -0.479527 14.198300 -1.064659
v 0.892717 14.167200 -1.034312
v 2.262878 14.109100 -0.983039
v 3.631178 14.030100 -0.929550
v 4.996742 13.929400 -0.876615
v 6.358694 13.805200 -0.825620
v 7.715499 13.654800 -0.777535
v 9.064751 13.472100 -0.734855
v 10.401850 13.248000 -0.701181
v 11.718694 12.969200 -0.682751
v 13.000724 12.618100 -0.687740
v 14.225057 12.177000 -0.724600
v 15.365417 11.637700 -0.796243
v 16.399908 11.004300 -0.895322
v 17.305540 10.280700 -1.012278
v 18.068518 9.477600 -1.130620
v 18.668804 8.606300 -1.230947
v 19.085382 7.681300 -1.297046
v 19.309710 6.723000 -1.320603
v -25.305901 7.597400 -3.963194
v -25.547966 6.640299 -4.005321
v -24.880459 8.521400 -3.870766
v -24.276993 9.393400 -3.750208
v -23.545219 10.212700 -3.622720
v -22.689400 10.968800 -3.500083
v -21.691479 11.632400 -3.387839
v -20.577282 12.196700 -3.293609
v -19.373531 12.661300 -3.219888
v -18.107815 13.035600 -3.165429
v -16.803017 13.336700 -3.125797
v -15.474346 13.581200 -3.096142
v -14.131115 13.782800 -3.072724
v -12.778580 13.951100 -3.052769
v -11.419804 14.092800 -3.034338
v -10.056755 14.212200 -3.016740
v -8.690100 14.311100 -2.998726
v -7.320482 14.389000 -2.978632
v -5.948790 14.446000 -2.957985
v -4.575779 14.483300 -2.937338
v -3.202005 14.501600 -2.915720
v -1.828011 14.500800 -2.892994
v -0.454237 14.480200 -2.869159
v 0.918444 14.437700 -2.842969
v 2.288607 14.367800 -2.800289
v 3.656033 14.274600 -2.755530
v 5.019953 14.159100 -2.711324
v 6.379057 14.018900 -2.668644
v 7.731703 13.850800 -2.628735
v 9.074932 13.649000 -2.593260
v 10.403819 13.404500 -2.564991
v 11.709388 13.103600 -2.549055
v 12.975871 12.727700 -2.552243
v 14.177213 12.257100 -2.583283
v 15.286371 11.686300 -2.647997
v 16.288345 11.027500 -2.740425
v 17.166389 10.286300 -2.855163
v 17.909002 9.472800 -2.969209
v 18.492649 8.594900 -3.063577
v 18.899372 7.666900 -3.124134
v 19.124357 6.707700 -3.146998
v -25.121754 7.596099 -5.797211
v -25.344112 6.634399 -5.831300
v -24.700581 8.521700 -5.702427
v -24.031425 9.364000 -5.566625
v -23.273926 10.164500 -5.434427
v -22.490471 10.955300 -5.331605
v -21.578056 11.674600 -5.237792
v -20.487946 12.258300 -5.153123
v -19.296894 12.735900 -5.087301
v -18.042458 13.126000 -5.036999
v -16.747616 13.445000 -4.997783
v -15.427265 13.708300 -4.965495
v -14.090607 13.928400 -4.937088
v -12.743107 14.114200 -4.911313
v -11.388165 14.272100 -4.886647
v -10.027744 14.405600 -4.862535
v -8.662947 14.515900 -4.838423
v -7.294865 14.602600 -4.813757
v -5.924046 14.665900 -4.790477
v -4.551476 14.706600 -4.768444
v -3.178028 14.725300 -4.746549
v -1.804253 14.722000 -4.724655
v -0.431026 14.695900 -4.702483
v 0.940887 14.645400 -4.678371
v 2.309845 14.566800 -4.641511
v 3.675409 14.462800 -4.602710
v 5.036703 14.334300 -4.564741
v 6.392633 14.180400 -4.528296
v 7.740789 13.997700 -4.494069
v 9.078108 13.780600 -4.463306
v 10.399441 13.520600 -4.437809
v 11.695483 13.204500 -4.421318
v 12.949595 12.812700 -4.418962
v 14.132982 12.321900 -4.439748
v 15.217617 11.728400 -4.494208
v 16.192768 11.050100 -4.584557
v 17.047821 10.295100 -4.699573
v 17.762955 9.468500 -4.809461
v 18.326675 8.583100 -4.898287
v 18.725626 7.652299 -4.954132
v 18.950829 6.691899 -4.977273
v -24.640144 7.574100 -7.542818
v -24.764843 6.602200 -7.523002
v -24.437054 8.539399 -7.519122
v -24.097118 9.482399 -7.391219
v -23.403877 10.321499 -7.245163
v -22.494198 11.048999 -7.169225
v -21.497253 11.712599 -7.085804
v -20.405178 12.295999 -7.010974
v -19.223652 12.785599 -6.954713
v -17.977859 13.188699 -6.910509
v -16.690468 13.521299 -6.873509
v -15.376575 13.798800 -6.840529
v -14.045391 14.033099 -6.809489
v -12.702599 14.232299 -6.780250
v -11.351704 14.402099 -6.751565
v -9.994572 14.545399 -6.723435
v -8.632402 14.663599 -6.695443
v -7.266291 14.756499 -6.667728
v -5.897003 14.823899 -6.643201
v -4.525749 14.866699 -6.620475
v -3.153395 14.885499 -6.598442
v -1.780825 14.880399 -6.576824
v -0.408911 14.850599 -6.555346
v 0.961361 14.794699 -6.532343
v 2.328457 14.710299 -6.499224
v 3.691612 14.599099 -6.464580
v 5.049841 14.461699 -6.430491
v 6.401830 14.297299 -6.397926
v 7.745935 14.103099 -6.367302
v 9.078545 13.874199 -6.339587
v 10.394186 13.603200 -6.315060
v 11.683661 13.278000 -6.296768
v 12.930436 12.880300 -6.287622
v 14.102327 12.381500 -6.294413
v 15.161343 11.767499 -6.334460
v 16.127956 11.085399 -6.429521
v 16.948521 10.311199 -6.544537
v 17.619205 9.465299 -6.649298
v 18.148109 8.567999 -6.730917
v 18.531187 7.632500 -6.780665
v 18.741390 6.668000 -6.803807
v -23.590435 7.481800 -8.818939
v -23.737141 6.518199 -8.818523
v -23.423912 8.444099 -8.839170
v -23.284325 9.408999 -8.913031
v -23.329540 10.374099 -9.079180
v -22.477993 11.133299 -9.012249
v -21.464958 11.783299 -8.931876
v -20.349998 12.344899 -8.866609
v -19.162121 12.827499 -8.821433
v -17.918411 13.233999 -8.784434
v -16.635288 13.573799 -8.750622
v -15.326328 13.859299 -8.718473
v -13.999954 14.101499 -8.687017
v -12.661434 14.308099 -8.656116
v -11.314045 14.484299 -8.625214
v -9.959759 14.633299 -8.594450
v -8.600105 14.755999 -8.563826
v -7.235964 14.852299 -8.534033
v -5.868429 14.921799 -8.508950
v -4.498707 14.965499 -8.486086
v -3.127777 14.984199 -8.463915
v -1.756739 14.977799 -8.442436
v -0.386358 14.945699 -8.421234
v 0.982054 14.886699 -8.398508
v 2.347178 14.799099 -8.368022
v 3.708035 14.683899 -8.336012
v 5.063526 14.541799 -8.304694
v 6.412230 14.371799 -8.274346
v 7.752285 14.171299 -8.245384
v 9.080626 13.935599 -8.218501
v 10.392216 13.657799 -8.193142
v 11.680375 13.329499 -8.172217
v 12.935253 12.942399 -8.155035
v 14.145244 12.489699 -8.141177
v 15.274109 11.938399 -8.141039
v 16.117884 11.174099 -8.268110
v 16.811121 10.334899 -8.383681
v 17.431772 9.466799 -8.481514
v 17.915791 8.554999 -8.553156
v 18.217741 7.603700 -8.577544
v 18.356344 6.632900 -8.582949
v -24.233967 7.523799 -10.475305
v -24.037888 6.569399 -10.618035
v -24.088684 8.487099 -10.479601
v -23.682617 9.404999 -10.685243
v -23.142326 10.286999 -10.890471
v -22.317711 11.062799 -10.848482
v -21.366207 11.760199 -10.774900
v -20.290333 12.357999 -10.720995
v -19.112965 12.852399 -10.688292
v -17.872868 13.260899 -10.659746
v -16.592701 13.601099 -10.630368
v -15.286144 13.887499 -10.599882
v -13.961967 14.131099 -10.568149
v -12.625523 14.339299 -10.536277
v -11.279884 14.517399 -10.503712
v -9.927242 14.667999 -10.471009
v -8.568903 14.792099 -10.438306
v -7.205967 14.889499 -10.406850
v -5.839527 14.959299 -10.381629
v -4.470678 15.002799 -10.358765
v -3.100735 15.020899 -10.336593
v -1.730574 15.013599 -10.314976
v -0.361286 14.980499 -10.293774
v 1.006029 14.920299 -10.271049
v 2.370060 14.831800 -10.242501
v 3.729492 14.715599 -10.212847
v 5.083452 14.572299 -10.183470
v 6.430405 14.400999 -10.154785
v 7.768269 14.199099 -10.126793
v 9.093872 13.961899 -10.099910
v 10.402396 13.682799 -10.073304
v 11.686835 13.353899 -10.048638
v 12.939304 12.967999 -10.024387
v 14.151922 12.522399 -9.999999
v 15.285933 11.982699 -9.973116
v 15.697584 11.062899 -10.025219
v 16.173389 10.159999 -10.017321
v 16.767986 9.295399 -10.099356
v 17.506111 8.497399 -10.322874
v 17.787586 7.554099 -10.333960
v 17.649860 6.595999 -10.197466
v -24.649124 7.551999 -12.247103
v -24.736488 6.578399 -12.237679
v -24.298561 8.492499 -12.300591
v -23.405300 9.216499 -12.462583
v -22.619991 10.005299 -12.536859
v -21.872887 10.811699 -12.556397
v -21.099838 11.602799 -12.568176
v -20.252777 12.356199 -12.573165
v -19.094574 12.863799 -12.557367
v -17.853382 13.264499 -12.536998
v -16.570805 13.597199 -12.511499
v -15.262501 13.878199 -12.482399
v -13.937222 14.117999 -12.450251
v -12.600018 14.323299 -12.417409
v -11.253830 14.499099 -12.383181
v -9.900639 14.647899 -12.348399
v -8.541861 14.770700 -12.313617
v -7.178596 14.866799 -12.280360
v -5.811609 14.935199 -12.254863
v -4.442324 14.977499 -12.231997
v -3.071939 14.994699 -12.209687
v -1.701231 14.986899 -12.187930
v -0.331398 14.953599 -12.166591
v 1.036686 14.893799 -12.144141
v 2.401590 14.806499 -12.117259
v 3.762339 14.691999 -12.089683
v 5.117720 14.550499 -12.062385
v 6.466534 14.381199 -12.035223
v 7.806479 14.181099 -12.008062
v 9.134490 13.944899 -11.981180
v 10.445532 13.665299 -11.952911
v 11.731284 13.331800 -11.923533
v 12.978280 12.931999 -11.891384
v 14.172504 12.458599 -11.854940
v 15.310566 11.919399 -11.810873
v 16.259771 11.222999 -11.702786
v 16.822508 10.338799 -11.639459
v 16.860607 9.385799 -11.934203
v 17.044865 8.431599 -12.071529
v 17.291855 7.482399 -12.066126
v 17.528006 6.530799 -12.033146
v -24.783783 7.567299 -14.083751
v -24.999901 6.603199 -14.049939
v -24.423042 8.510099 -14.135577
v -23.870819 9.404499 -14.178258
v -23.098206 10.210299 -14.244357
v -22.240196 10.969999 -14.323067
v -21.323948 11.694599 -14.388059
v -20.297886 12.340699 -14.430878
v -19.117237 12.833599 -14.430878
v -17.866627 13.227499 -14.415772
v -16.577591 13.553499 -14.392215
v -15.263702 13.827299 -14.362839
v -13.933064 14.059599 -14.329720
v -12.590816 14.258399 -14.295353
v -11.240582 14.428499 -14.258769
v -9.884216 14.572499 -14.221632
v -8.522701 14.691199 -14.183939
v -7.157139 14.784099 -14.148327
v -5.788071 14.849499 -14.122414
v -4.417141 14.889599 -14.099271
v -3.045010 14.905699 -14.076685
v -1.672876 14.897899 -14.054790
v -0.301291 14.865699 -14.033449
v 1.068434 14.808199 -14.011556
v 2.435530 14.724499 -13.986750
v 3.798796 14.614799 -13.961669
v 5.157244 14.478999 -13.937002
v 6.509560 14.316099 -13.912060
v 7.853774 14.122899 -13.886284
v 9.186275 13.893699 -13.859262
v 10.501040 13.619799 -13.830301
v 11.788215 13.288299 -13.797460
v 13.030393 12.880599 -13.757827
v 14.197795 12.374199 -13.707386
v 15.271262 11.772199 -13.637960
v 16.297981 11.132199 -13.541238
v 17.186096 10.394099 -13.423728
v 17.819994 9.531999 -13.298318
v 18.160044 8.586699 -13.235128
v 18.411633 7.626399 -13.226398
v 18.612312 6.659999 -13.244413
v -24.729374 7.540199 -15.924559
v -25.118362 6.609798 -15.884372
v -24.308964 8.463899 -15.970841
v -23.855927 9.379499 -16.022945
v -23.219730 10.239299 -16.085718
v -22.379566 11.004499 -16.162626
v -21.407917 11.686299 -16.235516
v -20.323830 12.280299 -16.285679
v -19.134754 12.765800 -16.300232
v -17.878780 13.156499 -16.292055
v -16.583282 13.475499 -16.270576
v -15.263371 13.739799 -16.240505
v -13.927700 13.961699 -16.205030
v -12.581184 14.149699 -16.166784
v -11.227005 14.309399 -16.126598
v -9.867245 14.444299 -16.085442
v -8.503103 14.555699 -16.044008
v -7.135349 14.642699 -16.004654
v -5.764641 14.702999 -15.977770
v -4.392071 14.739599 -15.953935
v -3.018734 14.754199 -15.930794
v -1.645287 14.746899 -15.908761
v -0.272388 14.717099 -15.888113
v 1.098980 14.664099 -15.867604
v 2.468155 14.586999 -15.845710
v 3.834049 14.485600 -15.824646
v 5.195671 14.359999 -15.804000
v 6.551929 14.208699 -15.782659
v 7.900633 14.027999 -15.760072
v 9.238278 13.811399 -15.735267
v 10.558956 13.549099 -15.706444
v 11.852590 13.227299 -15.670830
v 13.101557 12.827499 -15.624408
v 14.277498 12.329199 -15.562881
v 15.349432 11.725799 -15.481956
v 16.319878 11.043999 -15.379272
v 17.193211 10.300900 -15.260931
v 17.938343 9.488799 -15.135245
v 18.520786 8.608999 -15.025910
v 18.927401 7.678399 -14.953575
v 19.184244 6.720399 -14.936254
v -25.073254 7.601599 -17.711182
v -25.268677 6.637799 -17.712290
v -24.633137 8.523199 -17.764671
v -24.048069 9.401399 -17.849478
v -23.331074 10.227399 -17.929296
v -22.467480 10.978899 -18.011608
v -21.469120 11.642200 -18.088516
v -20.357990 12.210999 -18.144085
v -19.155117 12.679999 -18.167645
v -17.889400 13.057699 -18.165010
v -16.585476 13.363099 -18.144087
v -15.258450 13.612999 -18.111660
v -13.916862 13.820499 -18.072166
v -12.565746 13.994499 -18.028517
v -11.208065 14.140899 -17.982370
v -9.845566 14.263099 -17.935255
v -8.479565 14.363499 -17.887863
v -7.110607 14.441899 -17.842827
v -5.738913 14.494199 -17.814005
v -4.365904 14.525599 -17.788368
v -2.992239 14.538099 -17.764395
v -1.618572 14.531799 -17.742640
v -0.245235 14.505999 -17.723377
v 1.127007 14.459899 -17.705778
v 2.497498 14.392499 -17.688597
v 3.865143 14.303299 -17.673630
v 5.229502 14.191899 -17.659218
v 6.589481 14.056299 -17.643837
v 7.943002 13.892299 -17.626516
v 9.286998 13.692799 -17.605728
v 10.615667 13.447699 -17.579123
v 11.919155 13.142900 -17.542400
v 13.180930 12.760599 -17.490852
v 14.376141 12.283999 -17.419901
v 15.477745 11.706999 -17.327612
v 16.468115 11.038899 -17.217722
v 17.340246 10.293999 -17.098549
v 18.086582 9.482899 -16.972586
v 18.686321 8.610899 -16.862421
v 19.117569 7.688498 -16.786900
v 19.380106 6.733799 -16.763756
v -25.218536 7.616398 -19.543119
v -25.431808 6.656898 -19.536745
v -24.829437 8.547998 -19.591759
v -24.234406 9.421798 -19.679197
v -23.478107 10.228898 -19.770102
v -22.574009 10.955998 -19.862392
v -21.540173 11.591998 -19.945259
v -20.399155 12.131098 -20.005400
v -19.175259 12.573098 -20.033669
v -17.894981 12.927299 -20.032423
v -16.580219 13.210999 -20.009281
v -15.245090 13.440798 -19.971451
v -13.897591 13.629398 -19.924891
v -12.542320 13.785898 -19.873480
v -11.181789 13.916498 -19.819298
v -9.817543 14.024098 -19.763729
v -8.450554 14.110599 -19.707886
v -7.081596 14.176898 -19.654396
v -5.710230 14.217898 -19.621416
v -4.338097 14.242098 -19.592592
v -2.965527 14.251898 -19.567095
v -1.592955 14.247098 -19.546032
v -0.220604 14.226898 -19.529541
v 1.151201 14.190298 -19.517069
v 2.521692 14.136198 -19.507647
v 3.890213 14.062598 -19.501688
v 5.256653 13.968398 -19.496006
v 6.619698 13.851198 -19.489218
v 7.977927 13.707298 -19.479931
v 9.328491 13.529698 -19.466213
v 10.666247 13.307899 -19.444595
v 11.981888 13.027699 -19.409952
v 13.259976 12.671598 -19.356186
v 14.477411 12.222998 -19.278723
v 15.607590 11.674098 -19.177286
v 16.629053 11.029698 -19.058390
v 17.526146 10.299699 -18.931597
v 18.284744 9.495099 -18.803415
v 18.892914 8.626699 -18.691587
v 19.320549 7.704499 -18.616619
v 19.553087 6.747899 -18.594170
v -25.434433 7.638699 -21.361477
v -25.633034 6.677699 -21.353855
v -25.026176 8.565098 -21.418154
v -24.421291 9.434098 -21.510445
v -23.632145 10.224198 -21.612988
v -22.686337 10.923998 -21.716085
v -21.611229 11.525098 -21.805189
v -20.435394 12.026198 -21.867270
v -19.186096 12.431698 -21.894983
v -17.888306 12.753598 -21.889582
v -16.561718 13.008498 -21.858957
v -15.218487 13.212498 -21.811565
v -13.865730 13.377798 -21.754057
v -12.507393 13.513698 -21.691423
v -11.145554 13.626198 -21.626154
v -9.781082 13.717598 -21.559500
v -8.414751 13.788898 -21.492432
v -7.047329 13.839698 -21.426748
v -5.678041 13.865198 -21.386005
v -4.308317 13.879698 -21.351501
v -2.938593 13.886098 -21.323786
v -1.568651 13.883498 -21.303972
v -0.198706 13.870498 -21.292332
v 1.170908 13.846398 -21.288174
v 2.539648 13.809198 -21.290806
v 3.907839 13.754798 -21.296904
v 5.274717 13.679298 -21.303278
v 6.639405 13.582198 -21.308128
v 8.001028 13.461298 -21.310484
v 9.357395 13.309898 -21.308128
v 10.704019 13.117198 -21.296488
v 12.033125 12.869498 -21.269051
v 13.330373 12.548998 -21.218193
v 14.574083 12.137598 -21.138653
v 15.736997 11.623998 -21.030703
v 16.793823 11.008898 -20.902384
v 17.723213 10.300098 -20.765612
v 18.503487 9.506698 -20.631474
v 19.116146 8.641398 -20.516735
v 19.542686 7.719998 -20.439688
v 19.763512 6.762399 -20.416130
v -25.655365 7.655698 -23.178171
v -25.860096 6.696098 -23.164038
v -25.250942 8.582098 -23.239281
v -24.623066 9.441298 -23.342243
v -23.789803 10.207898 -23.459753
v -22.792095 10.870498 -23.573523
v -21.668812 11.426198 -23.665951
v -20.454117 11.879298 -23.724566
v -19.177124 12.239198 -23.743689
v -17.861263 12.520598 -23.726368
v -16.523182 12.740198 -23.681194
v -15.173161 12.913298 -23.617590
v -13.816902 13.051599 -23.543869
v -12.457470 13.164398 -23.465853
v -11.096287 13.257498 -23.385895
v -9.733677 13.330998 -23.304691
v -8.369865 13.385898 -23.222794
v -7.005726 13.419598 -23.140898
v -5.640926 13.424298 -23.086714
v -4.276018 13.427098 -23.043205
v -2.911003 13.429998 -23.012302
v -1.545769 13.430099 -22.994703
v -0.180532 13.425598 -22.990269
v 1.184593 13.416198 -22.999136
v 2.549938 13.399698 -23.018538
v 3.915503 13.368798 -23.042788
v 5.280848 13.313098 -23.065237
v 6.644988 13.235798 -23.084499
v 8.007706 13.138698 -23.102097
v 9.367796 13.016198 -23.116369
v 10.721865 12.857498 -23.121635
v 12.063561 12.649598 -23.109579
v 13.381392 12.374898 -23.070362
v 14.655210 12.012598 -22.996225
v 15.857098 11.546198 -22.886753
v 16.956841 10.970198 -22.750534
v 17.926958 10.289498 -22.602539
v 18.741282 9.513898 -22.457315
v 19.372225 8.655898 -22.334539
v 19.796246 7.734598 -22.253887
v 20.011377 6.775998 -22.228252
v -25.941444 7.677398 -24.978792
v -26.130409 6.716098 -24.962994
v -25.509209 8.596398 -25.055977
v -24.830750 9.435699 -25.177505
v -23.935848 10.166798 -25.311922
v -22.875301 10.778898 -25.433037
v -21.698048 11.276299 -25.521170
v -20.442730 11.670198 -25.565928
v -19.138367 11.975298 -25.565235
v -17.805862 12.208698 -25.524773
v -16.458584 12.387398 -25.454931
v -15.104298 12.525798 -25.366798
v -13.747162 12.634698 -25.270077
v -12.389370 12.723298 -25.172104
v -11.031471 12.796798 -25.073996
v -9.673462 12.849698 -24.972418
v -8.314905 12.886398 -24.869875
v -6.956129 12.902098 -24.765947
v -5.598995 12.883998 -24.694441
v -4.241425 12.874798 -24.639013
v -2.883305 12.875398 -24.605478
v -1.524967 12.878898 -24.591343
v -0.166628 12.882198 -24.595778
v 1.191931 12.886798 -24.619614
v 2.551035 12.892298 -24.661184
v 3.911123 12.892899 -24.715229
v 5.272308 12.860198 -24.761097
v 6.633164 12.799298 -24.795599
v 7.993801 12.721198 -24.828720
v 9.354220 12.627598 -24.865438
v 10.712230 12.504998 -24.896063
v 12.063561 12.342498 -24.910614
v 13.400222 12.123298 -24.896479
v 14.705571 11.824498 -24.841883
v 15.952785 11.422698 -24.741417
v 17.106392 10.902699 -24.602703
v 18.129280 10.262498 -24.443344
v 18.987288 9.511398 -24.284678
v 19.648008 8.665098 -24.149155
v 20.085716 7.747298 -24.059359
v 20.297781 6.788598 -24.030537
v -26.254562 7.696598 -26.772760
v -26.447029 6.735798 -26.748510
v -25.785542 8.605598 -26.872118
v -25.029896 9.410398 -27.019144
v -24.051243 10.085098 -27.168526
v -22.917233 10.627798 -27.286867
v -21.683376 11.051498 -27.355877
v -20.389084 11.374398 -27.370012
v -19.061073 11.616098 -27.332598
v -17.716202 11.795398 -27.253750
v -16.364212 11.929399 -27.146631
v -15.009705 12.031898 -27.024410
v -13.654980 12.111999 -26.897894
v -12.301678 12.179198 -26.778028
v -10.949253 12.234298 -26.658440
v -9.599564 12.256798 -26.521942
v -8.252062 12.266098 -26.380737
v -6.904234 12.264598 -26.249508
v -5.555204 12.240898 -26.178837
v -4.207157 12.222198 -26.111074
v -2.857796 12.222798 -26.077124
v -1.507996 12.229598 -26.067562
v -0.157869 12.238098 -26.079479
v 1.192476 12.251598 -26.114817
v 2.543261 12.271598 -26.174540
v 3.893387 12.308698 -26.273344
v 5.247238 12.315798 -26.367712
v 6.602400 12.268198 -26.417597
v 7.956797 12.190698 -26.451548
v 9.313274 12.119798 -26.511827
v 10.670189 12.032798 -26.577789
v 12.025352 11.917498 -26.632801
v 13.374712 11.760198 -26.662598
v 14.707541 11.538098 -26.650124
v 16.002161 11.222398 -26.581114
v 17.221676 10.784998 -26.455153
v 18.317806 10.209698 -26.289557
v 19.239752 9.498899 -26.113848
v 19.944813 8.671798 -25.960724
v 20.402117 7.759198 -25.858177
v 20.616592 6.801098 -25.823397
v -26.606651 7.712798 -28.558001
v -26.824631 6.754698 -28.514210
v -26.054207 8.597198 -28.695187
v -25.189083 9.343598 -28.869652
v -24.109379 9.936098 -29.020836
v -22.897415 10.387598 -29.114511
v -21.610458 10.721598 -29.139313
v -20.284637 10.963198 -29.097744
v -18.941299 11.135298 -29.001158
v -17.591827 11.257698 -28.865078
v -16.241592 11.346498 -28.706272
v -14.892120 11.415698 -28.540819
v -13.543201 11.473098 -28.381735
v -12.195702 11.529498 -28.250647
v -10.849403 11.574898 -28.112627
v -9.509459 11.555698 -27.916960
v -8.178272 11.500898 -27.665310
v -6.863728 11.412298 -27.336201
v -5.533525 11.503998 -27.522997
v -4.192049 11.482398 -27.448029
v -2.847942 11.482398 -27.412554
v -1.503071 11.491298 -27.406178
v -0.158197 11.501698 -27.420454
v 1.186235 11.519198 -27.461193
v 2.530123 11.540798 -27.522163
v 3.871490 11.585598 -27.631083
v 5.204868 11.668498 -27.846842
v 6.553680 11.651999 -27.938578
v 7.897348 11.540198 -27.926382
v 9.245942 11.469998 -27.987356
v 10.596289 11.418198 -28.102650
v 11.948277 11.348798 -28.214060
v 13.300594 11.252198 -28.308428
v 14.649187 11.111299 -28.367184
v 15.981798 10.897898 -28.366770
v 17.269630 10.574298 -28.289583
v 18.460243 10.103298 -28.139233
v 19.480610 9.465398 -27.949110
v 20.258806 8.673398 -27.770350
v 20.750050 7.770498 -27.648821
v 20.973064 6.813698 -27.605310
v -26.967941 7.719398 -30.344902
v -27.264748 6.772697 -30.256491
v -26.275909 8.550798 -30.532391
v -25.271194 9.202798 -30.720575
v -24.083321 9.682298 -30.841408
v -22.800415 10.021098 -30.872034
v -21.473499 10.253398 -30.815081
v -20.130489 10.408998 -30.685652
v -18.784523 10.511898 -30.504400
v -17.440525 10.580498 -30.292658
v -16.099594 10.627598 -30.068310
v -14.760853 10.666298 -29.849642
v -13.421894 10.705399 -29.651066
v -12.079430 10.779099 -29.559744
v -10.734886 10.812398 -29.392765
v -9.397898 10.770998 -29.162178
v -8.084885 10.669698 -28.813528
v -6.829678 10.507798 -28.268244
v -5.533962 10.654799 -28.646687
v -4.189199 10.667198 -28.642252
v -2.844986 10.666398 -28.602203
v -1.501757 10.674798 -28.593336
v -0.159075 10.685298 -28.607193
v 1.183281 10.700798 -28.641977
v 2.523773 10.728198 -28.714727
v 3.865250 10.735298 -28.726645
v 5.160309 10.876498 -29.081808
v 6.488539 10.940998 -29.318768
v 7.821806 10.801698 -29.263336
v 9.158686 10.686198 -29.235069
v 10.499726 10.662198 -29.404961
v 11.842628 10.633798 -29.588152
v 13.188813 10.587399 -29.759846
v 14.537626 10.515998 -29.911028
v 15.886221 10.401098 -30.017868
v 17.222225 10.208398 -30.046555
v 18.508305 9.885798 -29.969091
v 19.664322 9.377998 -29.793379
v 20.571047 8.661198 -29.583998
v 21.132578 7.780498 -29.430319
v 21.374424 6.826397 -29.373503
v -27.286861 7.702198 -32.150372
v -27.735081 6.789398 -31.987411
v -26.398529 8.430297 -32.379848
v -25.240211 8.940697 -32.535469
v -23.957092 9.276697 -32.567337
v -22.626667 9.489597 -32.479759
v -21.284534 9.619797 -32.297123
v -19.944588 9.696997 -32.049770
v -18.610229 9.742397 -31.767078
v -17.280464 9.771098 -31.474966
v -15.953217 9.788298 -31.185349
v -14.626194 9.803298 -30.912222
v -13.302994 9.809898 -30.620939
v -11.972469 9.914798 -30.636181
v -10.648396 9.921798 -30.381903
v -9.308233 9.906298 -30.234875
v -8.006714 9.788198 -29.847425
v -6.806358 9.589998 -29.162041
v -5.524220 9.742798 -29.603951
v -4.180223 9.778798 -29.658270
v -2.835133 9.781298 -29.621550
v -1.490042 9.788298 -29.609219
v -0.145388 9.799298 -29.623905
v 1.198170 9.811399 -29.649540
v 2.540304 9.832598 -29.704556
v 3.881453 9.853398 -29.746126
v 5.215378 9.923799 -29.890242
v 6.536273 9.898898 -29.573465
v 7.717798 9.956898 -30.385227
v 9.054460 9.841198 -30.345039
v 10.394296 9.800098 -30.472113
v 11.727234 9.796898 -30.716970
v 13.062362 9.784298 -30.962799
v 14.400665 9.758398 -31.202669
v 15.742580 9.714298 -31.428406
v 17.088547 9.632998 -31.607580
v 18.429369 9.473598 -31.689060
v 19.718185 9.160497 -31.620052
v 20.824825 8.604998 -31.413857
v 21.541712 7.787198 -31.205442
v 21.833151 6.840497 -31.122299
v -27.483601 7.623698 -33.985359
v -28.187786 6.803798 -33.731216
v -26.365574 8.170197 -34.192249
v -25.077194 8.491198 -34.219826
v -23.742725 8.669797 -34.078064
v -22.406609 8.765297 -33.813667
v -21.080132 8.813597 -33.474995
v -19.761864 8.836597 -33.102787
v -18.446880 8.847997 -32.729469
v -17.132114 8.852798 -32.367241
v -15.812641 8.857297 -32.040760
v -14.490105 8.862797 -31.737423
v -13.166691 8.870198 -31.444481
v -11.834629 8.916398 -31.245075
v -10.637997 8.875698 -30.471836
v -9.321260 8.901698 -30.810923
v -7.978470 8.856198 -30.741776
v -6.793440 8.659498 -30.015791
v -5.498821 8.788798 -30.422503
v -4.154825 8.826798 -30.472250
v -2.809404 8.832998 -30.442181
v -1.464205 8.840398 -30.432343
v -0.119003 8.849998 -30.443150
v 1.226196 8.859098 -30.457563
v 2.571396 8.869598 -30.473360
v 3.916269 8.884698 -30.491373
v 5.262127 8.907898 -30.414883
v 6.534193 8.866598 -29.851442
v 7.633279 8.930698 -30.835173
v 8.945635 8.911498 -31.223040
v 10.286894 8.867498 -31.326555
v 11.617424 8.868097 -31.585133
v 12.942917 8.872297 -31.884727
v 14.269068 8.869698 -32.191669
v 15.595219 8.861998 -32.510799
v 16.923668 8.843897 -32.829380
v 18.258905 8.799997 -33.111515
v 19.600822 8.689797 -33.285564
v 20.899273 8.403597 -33.239975
v 21.915043 7.772997 -32.997055
v 22.343445 6.854998 -32.853077
v -27.452507 7.392997 -35.802608
v -28.523674 6.816497 -35.525879
v -26.148144 7.665197 -35.812725
v -24.816521 7.782997 -35.568974
v -23.503613 7.832097 -35.173622
v -22.207794 7.851697 -34.708157
v -20.918098 7.858298 -34.228416
v -19.626106 7.859298 -33.768631
v -18.326889 7.859298 -33.348614
v -17.020119 7.858397 -32.964352
v -15.705570 7.858397 -32.619720
v -14.387196 7.858798 -32.293655
v -13.065205 7.863198 -31.984501
v -11.749889 7.878298 -31.624763
v -10.614239 7.837997 -30.713785
v -9.270569 7.857598 -30.640894
v -8.047770 7.851498 -31.340549
v -6.784681 7.714298 -30.822979
v -5.464663 7.801998 -31.104837
v -4.122198 7.825298 -31.070610
v -2.778749 7.832397 -31.037767
v -1.434425 7.839797 -31.026819
v -0.089443 7.847598 -31.030146
v 1.256413 7.854298 -31.031811
v 2.602709 7.857697 -31.010607
v 3.948675 7.862197 -30.968483
v 5.282490 7.864398 -30.723068
v 6.519960 7.833097 -30.043505
v 7.630432 7.875597 -31.007143
v 8.868341 7.886398 -31.682133
v 10.201716 7.872097 -31.929485
v 11.532028 7.873298 -32.188480
v 12.854346 7.880998 -32.498745
v 14.171411 7.885898 -32.840466
v 15.484752 7.889297 -33.207687
v 16.793385 7.891697 -33.606224
v 18.098406 7.891298 -34.032059
v 19.405834 7.881998 -34.458035
v 20.730562 7.837397 -34.796150
v 22.052881 7.633697 -34.825665
v 22.869833 6.870398 -34.582054
v -27.148151 6.823997 -37.322754
v -28.489845 6.832297 -37.373337
v -25.856266 6.820597 -36.868095
v -24.603798 6.820197 -36.276806
v -23.361729 6.820897 -35.659878
v -22.113525 6.821197 -35.064289
v -20.849346 6.821198 -34.523159
v -19.567425 6.820698 -34.048687
v -18.271820 6.820398 -33.630196
v -16.966251 6.819697 -33.253414
v -15.653236 6.818697 -32.906151
v -14.335629 6.818198 -32.579121
v -13.018345 6.818498 -32.249451
v -11.721863 6.822398 -31.803940
v -10.536617 6.805598 -31.010052
v -9.250975 6.813097 -30.520891
v -8.084229 6.791498 -31.361057
v -6.766069 6.769897 -31.646797
v -5.426891 6.779898 -31.589842
v -4.092310 6.790597 -31.447113
v -2.752037 6.796398 -31.389328
v -1.409136 6.803197 -31.373669
v -0.065140 6.809998 -31.367989
v 1.279842 6.815098 -31.357595
v 2.625372 6.815798 -31.321150
v 3.967508 6.812598 -31.217773
v 5.276140 6.808897 -30.831709
v 6.511859 6.798198 -30.167805
v 7.688895 6.817898 -30.997442
v 8.856627 6.831398 -31.843431
v 10.165041 6.831798 -32.238781
v 11.492833 6.836898 -32.507477
v 12.816685 6.843297 -32.798897
v 14.131997 6.848197 -33.137848
v 15.440302 6.852798 -33.514072
v 16.739849 6.857697 -33.933949
v 18.029652 6.862398 -34.402882
v 19.306425 6.867897 -34.933891
v 20.572472 6.874197 -35.519089
v 21.845194 6.881797 -36.100540
v 23.179008 6.887197 -36.391129
v -28.105675 6.379201 15.292940
v -29.441570 6.378001 15.575628
v -26.843571 6.382001 14.676704
v -25.585522 6.385201 14.068506
v -24.310822 6.388201 13.535693
v -23.019161 6.391301 13.085329
v -21.716549 6.393601 12.697602
v -20.406162 6.395401 12.357821
v -19.088989 6.397001 12.061828
v -17.764809 6.398601 11.814752
v -16.433182 6.401801 11.621304
v -15.101562 6.408601 11.403605
v -13.820080 6.411801 10.901970
v -12.601765 6.421301 10.188456
v -11.302769 6.408301 10.600850
v -9.971802 6.403201 10.809402
v -8.631088 6.393301 10.812867
v -7.289173 6.405201 10.765198
v -5.950430 6.409601 10.684964
v -4.611691 6.410801 10.650737
v -3.273169 6.410701 10.684687
v -1.935959 6.409901 10.783489
v -0.598314 6.404401 10.919291
v 0.747105 6.396201 10.891438
v 2.047529 6.415401 10.480569
v 3.180882 6.442801 9.569450
v 4.439373 6.442101 10.156861
v 5.615095 6.461101 10.981234
v 6.908292 6.463001 11.443652
v 8.226122 6.469101 11.781355
v 9.543513 6.475001 12.113238
v 10.855869 6.480901 12.462858
v 12.160999 6.486201 12.842411
v 13.455729 6.490601 13.265336
v 14.736116 6.494901 13.745770
v 15.998549 6.498901 14.292302
v 17.245216 6.503301 14.893710
v 18.487614 6.508801 15.514518
v 19.745008 6.516302 16.105810
v 21.050138 6.525301 16.549522
v 22.407383 6.532102 16.537050
v -28.104908 6.459201 15.300700
v -29.442226 6.457201 15.573412
v -26.840725 6.461501 14.690701
v -25.582779 6.464701 14.080839
v -24.308964 6.467901 13.545115
v -23.017952 6.471101 13.092535
v -21.715561 6.473501 12.703283
v -20.405396 6.475401 12.362392
v -19.088440 6.476901 12.065430
v -17.764370 6.478701 11.817245
v -16.432858 6.482001 11.622828
v -15.101231 6.488801 11.405822
v -13.819530 6.492201 10.904741
v -12.601219 6.500801 10.192198
v -11.300907 6.488601 10.596971
v -9.970268 6.483501 10.802612
v -8.630323 6.473401 10.804831
v -7.288954 6.485501 10.758269
v -5.950430 6.489701 10.677481
v -4.611691 6.490901 10.642283
v -3.273277 6.490801 10.676373
v -1.936398 6.490101 10.776007
v -0.599407 6.484901 10.912363
v 0.745024 6.476401 10.885202
v 2.046104 6.496001 10.481815
v 3.179567 6.522301 9.573468
v 4.440577 6.521901 10.151319
v 5.615532 6.541701 10.976522
v 6.907744 6.543401 11.441436
v 8.225026 6.549201 11.780663
v 9.542200 6.555101 12.113516
v 10.854555 6.560901 12.464245
v 12.159686 6.566201 12.844628
v 13.454196 6.570601 13.268246
v 14.734474 6.574901 13.749095
v 15.996687 6.578901 14.296182
v 17.242807 6.583301 14.898976
v 18.484327 6.588601 15.522417
v 19.741287 6.596002 16.116066
v 21.047729 6.605001 16.560331
v 22.407164 6.611501 16.537745
v -28.106113 6.539201 15.301531
v -29.443104 6.536401 15.571749
v -26.841053 6.541401 14.693194
v -25.582233 6.544601 14.084719
v -24.308418 6.547801 13.548718
v -23.017521 6.551001 13.095168
v -21.715340 6.553501 12.704668
v -20.405289 6.555401 12.362670
v -19.088333 6.557001 12.065015
v -17.764481 6.558701 11.815999
v -16.432858 6.562201 11.621443
v -15.101231 6.569101 11.406238
v -13.818874 6.572601 10.906820
v -12.600563 6.580401 10.194138
v -11.299156 6.568801 10.592813
v -9.968624 6.563801 10.794437
v -8.629665 6.553301 10.793606
v -7.288845 6.565801 10.748569
v -5.950430 6.569701 10.666949
v -4.611582 6.570801 10.631060
v -3.273277 6.570701 10.665009
v -1.936726 6.570301 10.765614
v -0.600504 6.565301 10.902802
v 0.742725 6.556601 10.876887
v 2.044899 6.576601 10.483479
v 3.178144 6.601801 9.576378
v 4.441452 6.601801 10.145914
v 5.615314 6.622201 10.972088
v 6.907525 6.623701 11.437001
v 8.224480 6.629301 11.776505
v 9.541653 6.635101 12.110189
v 10.854118 6.640901 12.461473
v 12.159247 6.646201 12.842272
v 13.453977 6.650601 13.265752
v 14.734583 6.654901 13.745770
v 15.997235 6.658901 14.291610
v 17.243683 6.663301 14.893293
v 18.484766 6.668601 15.517427
v 19.740301 6.675901 16.114264
v 21.045759 6.684901 16.559916
v 22.406725 6.690901 16.536079
v -28.108521 6.619201 15.294741
v -29.444412 6.615701 15.570086
v -26.842583 6.621301 14.687791
v -25.583435 6.624401 14.080977
v -24.309288 6.627701 13.545808
v -23.018284 6.630901 13.092257
v -21.716000 6.633501 12.701344
v -20.405834 6.635301 12.358651
v -19.088879 6.636901 12.059888
v -17.765030 6.638701 11.810455
v -16.433296 6.642301 11.617007
v -15.101341 6.649301 11.405268
v -13.818214 6.653001 10.908483
v -12.599907 6.660001 10.193583
v -11.297405 6.649101 10.586855
v -9.966984 6.643901 10.784043
v -8.628899 6.633001 10.779748
v -7.288845 6.646001 10.736375
v -5.950430 6.649601 10.653785
v -4.611582 6.650601 10.616786
v -3.273169 6.650401 10.649905
v -1.936726 6.650201 10.750371
v -0.601379 6.645501 10.890191
v 0.740318 6.636801 10.866911
v 2.043697 6.657201 10.485142
v 3.176500 6.681401 9.577487
v 4.442219 6.681601 10.140232
v 5.614985 6.702801 10.966960
v 6.907744 6.704001 11.430627
v 8.224589 6.709401 11.769439
v 9.541762 6.715101 12.103260
v 10.854337 6.720901 12.454960
v 12.159686 6.726101 12.836036
v 13.454743 6.730501 13.258684
v 14.736007 6.734701 13.736901
v 16.000080 6.738601 14.279139
v 17.248062 6.742701 14.875972
v 18.490240 6.747501 15.495671
v 19.744572 6.754901 16.091816
v 21.045540 6.764601 16.548691
v 22.404646 6.770301 16.534418
v 22.458839 6.524201 14.677258
v 22.105213 6.516101 12.883706
v 21.641558 6.504601 11.144612
v 21.167831 6.490901 9.415218
v 20.729467 6.476800 7.671967
v 20.352850 6.462201 5.905297
v 20.035791 6.447300 4.118534
v 19.765921 6.432800 2.317359
v 19.536995 6.418300 0.504406
v 19.335329 6.403400 -1.316585
v 19.152275 6.388000 -3.143672
v 18.979952 6.371900 -4.974225
v 18.770950 6.346799 -6.799511
v 18.378897 6.311500 -8.574634
v 17.655771 6.277299 -10.171552
v 17.605520 6.216499 -12.009726
v 18.682709 6.341999 -13.233882
v 19.235592 6.400799 -14.937778
v 19.420395 6.414299 -16.768883
v 19.584837 6.428499 -18.599852
v 19.789787 6.442899 -20.421396
v 20.034149 6.456498 -22.233103
v 20.318474 6.468998 -24.034554
v 20.636299 6.481598 -25.826445
v 20.993427 6.494498 -27.606833
v 21.397087 6.507498 -29.373365
v 21.859426 6.521997 -31.120911
v 22.373991 6.537298 -32.851135
v 22.901035 6.552998 -34.583164
v 23.176928 6.570197 -36.407204
v 22.465626 6.604001 14.675457
v 22.121088 6.595201 12.876638
v 21.656885 6.583701 11.136297
v 21.179546 6.570401 9.408289
v 20.737240 6.556601 7.666840
v 20.357229 6.542100 5.901556
v 20.037762 6.527300 4.115624
v 19.766138 6.512800 2.315004
v 19.535789 6.498300 0.502327
v 19.333139 6.483400 -1.318525
v 19.149210 6.468100 -3.145612
v 18.976229 6.452000 -4.975888
v 18.765915 6.427299 -6.801313
v 18.373423 6.391900 -8.576159
v 17.653910 6.356999 -10.177649
v 17.587564 6.295499 -12.014852
v 18.664753 6.421399 -13.237207
v 19.224314 6.480799 -14.936947
v 19.413937 6.494399 -16.766806
v 19.581661 6.508599 -18.597496
v 19.788145 6.522998 -20.418901
v 20.033382 6.536498 -22.230747
v 20.318254 6.548998 -24.032198
v 20.636517 6.561598 -25.824226
v 20.994083 6.574398 -27.604618
v 21.398182 6.587297 -29.371008
v 21.861507 6.601898 -31.117723
v 22.376945 6.617097 -32.846977
v 22.905087 6.632798 -34.578453
v 23.176928 6.649397 -36.403877
v 22.464531 6.683901 14.675457
v 22.121527 6.675201 12.874974
v 21.660280 6.663701 11.132972
v 21.183487 6.650401 9.404548
v 20.740088 6.636600 7.663514
v 20.358324 6.622200 5.898922
v 20.036997 6.607300 4.113545
v 19.763620 6.592800 2.313341
v 19.531958 6.578300 0.500803
v 19.328321 6.563400 -1.319910
v 19.143845 6.548100 -3.146860
v 18.970535 6.532100 -4.976996
v 18.759785 6.507599 -6.802837
v 18.367731 6.472199 -8.577822
v 17.651064 6.436699 -10.183608
v 17.568624 6.374099 -12.020396
v 18.647018 6.500899 -13.240117
v 19.212381 6.560799 -14.936114
v 19.405397 6.574399 -16.765282
v 19.575092 6.588499 -18.595833
v 19.783218 6.602999 -20.417377
v 20.029442 6.616498 -22.229086
v 20.314861 6.628998 -24.030674
v 20.633343 6.641498 -25.822842
v 20.990690 6.654298 -27.603647
v 21.394459 6.667198 -29.370316
v 21.857676 6.681698 -31.116894
v 22.374538 6.696898 -32.845039
v 22.903553 6.712798 -34.575264
v 23.176928 6.728597 -36.401104
v 22.455008 6.763501 14.676012
v 22.113424 6.755001 12.876500
v 21.654587 6.743601 11.133526
v 21.180094 6.730401 9.403854
v 20.737459 6.716600 7.662267
v 20.355150 6.702100 5.897537
v 20.032837 6.687301 4.112437
v 19.758146 6.672700 2.312371
v 19.525389 6.658200 0.499972
v 19.320877 6.643300 -1.320742
v 19.135963 6.628000 -3.147275
v 18.962543 6.612100 -4.977551
v 18.752338 6.587900 -6.803807
v 18.362913 6.552599 -8.580870
v 17.647779 6.516399 -10.189567
v 17.548590 6.452499 -12.026493
v 18.629501 6.580399 -13.242612
v 19.199244 6.640699 -14.935839
v 19.394558 6.654299 -16.764172
v 19.566006 6.668398 -18.594585
v 19.775335 6.682798 -20.416269
v 20.022434 6.696398 -22.228252
v 20.308292 6.708898 -24.030121
v 20.626993 6.721398 -25.822565
v 20.983902 6.734098 -27.603785
v 21.386467 6.746898 -29.371147
v 21.847931 6.761298 -31.118555
v 22.363480 6.776498 -32.846840
v 22.896875 6.792697 -34.574570
v 23.177475 6.807797 -36.398335
v 21.840158 6.563097 -36.126869
v 20.571594 6.556097 -35.531418
v 19.307850 6.549497 -34.939713
v 18.031841 6.543598 -34.407593
v 16.742695 6.538497 -33.939907
v 15.443367 6.533298 -33.522385
v 14.135172 6.528498 -33.149487
v 12.819531 6.523498 -32.814274
v 11.495790 6.516998 -32.524521
v 10.168106 6.510898 -32.251392
v 8.861662 6.509198 -31.849945
v 7.694807 6.495997 -31.006590
v 6.513172 6.483298 -30.187346
v 5.280519 6.487897 -30.859701
v 3.973419 6.490998 -31.254911
v 2.630409 6.495198 -31.363968
v 1.285208 6.495198 -31.403879
v -0.059336 6.490498 -31.417873
v -1.403223 6.483998 -31.427437
v -2.746342 6.477498 -31.446421
v -4.087711 6.471298 -31.506840
v -5.426453 6.460197 -31.648739
v -6.771761 6.449098 -31.684628
v -8.086966 6.468698 -31.353298
v -9.254368 6.494698 -30.514101
v -10.529938 6.486598 -31.036106
v -11.719124 6.500298 -31.827635
v -13.015060 6.497598 -32.275227
v -14.333549 6.497998 -32.605724
v -15.651157 6.498898 -32.931374
v -16.963623 6.500098 -33.276417
v -18.268864 6.500798 -33.651676
v -19.563702 6.501198 -34.070858
v -20.843761 6.501898 -34.549908
v -22.104553 6.502397 -35.099903
v -23.348591 6.503297 -35.707687
v -24.587482 6.505097 -36.337639
v -25.841488 6.508697 -36.939461
v -27.144424 6.513297 -37.392735
v -28.501560 6.514297 -37.386082
v 21.838625 6.643097 -36.133797
v 20.567654 6.635597 -35.545277
v 19.303907 6.628997 -34.952461
v 18.028774 6.623198 -34.417568
v 16.740067 6.618298 -33.947529
v 15.441069 6.613198 -33.528343
v 14.133092 6.608498 -33.153919
v 12.817671 6.603498 -32.817326
v 11.494147 6.597097 -32.526184
v 10.166683 6.591098 -32.252361
v 8.860349 6.589698 -31.848837
v 7.693932 6.576498 -31.004095
v 6.512954 6.561997 -30.184572
v 5.278330 6.568098 -30.852356
v 3.971886 6.571398 -31.247290
v 2.629313 6.575498 -31.356903
v 1.284002 6.575397 -31.396673
v -0.060760 6.570598 -31.409836
v -1.404646 6.563998 -31.418707
v -2.747656 6.557498 -31.437414
v -4.088259 6.551497 -31.498247
v -5.426233 6.540498 -31.640839
v -6.770449 6.529397 -31.678808
v -8.086199 6.549397 -31.355101
v -9.253710 6.574098 -30.518951
v -10.531578 6.566398 -31.030701
v -11.720112 6.580898 -31.822647
v -13.015171 6.577898 -32.272457
v -14.333111 6.578197 -32.604198
v -15.650612 6.578998 -32.930817
v -16.963078 6.580098 -33.276836
v -18.268208 6.580798 -33.653061
v -19.562935 6.581198 -34.072800
v -20.842884 6.581898 -34.552261
v -22.103344 6.582397 -35.102814
v -23.346836 6.583297 -35.711983
v -24.584858 6.584997 -36.344566
v -25.838421 6.588497 -36.948746
v -27.142784 6.592997 -37.402714
v -28.502106 6.593697 -37.385944
v 21.839064 6.723097 -36.133106
v 20.567215 6.715397 -35.546246
v 19.302485 6.708797 -34.955509
v 18.027134 6.703098 -34.420753
v 16.738535 6.698198 -33.949883
v 15.439645 6.693198 -33.529591
v 14.131778 6.688498 -33.154060
v 12.816465 6.683598 -32.816494
v 11.493052 6.677098 -32.524799
v 10.165587 6.671398 -32.250839
v 8.859035 6.670298 -31.847313
v 7.692618 6.656898 -31.001877
v 6.512626 6.640798 -30.180553
v 5.276688 6.648397 -30.845566
v 3.970463 6.651897 -31.238977
v 2.627998 6.655698 -31.347618
v 1.282690 6.655397 -31.386557
v -0.062181 6.650497 -31.399029
v -1.406069 6.643898 -31.406788
v -2.748972 6.637398 -31.425219
v -4.089134 6.631497 -31.486607
v -5.426125 6.620798 -31.630308
v -6.769026 6.609698 -31.670908
v -8.085434 6.630097 -31.356764
v -9.252943 6.653598 -30.522552
v -10.533005 6.646198 -31.025295
v -11.720551 6.661397 -31.817657
v -13.015717 6.658197 -32.267330
v -14.333328 6.658298 -32.599213
v -15.650829 6.658998 -32.926521
v -16.963291 6.660098 -33.273232
v -18.268536 6.660798 -33.649734
v -19.563374 6.661198 -34.069473
v -20.843540 6.661798 -34.548103
v -22.104553 6.662397 -35.097408
v -23.348370 6.663297 -35.705605
v -24.585949 6.664997 -36.339024
v -25.838093 6.668397 -36.946392
v -27.141472 6.672897 -37.401466
v -28.502438 6.673097 -37.383591
v 21.840815 6.802897 -36.124237
v 20.568310 6.795097 -35.538765
v 19.303141 6.788497 -34.949829
v 18.027351 6.782897 -34.416321
v 16.738316 6.778098 -33.946003
v 15.439317 6.773098 -33.525436
v 14.131340 6.768398 -33.149345
v 12.816028 6.763498 -32.811230
v 11.492396 6.757098 -32.519672
v 10.164822 6.751698 -32.247234
v 8.857830 6.750798 -31.845373
v 7.690975 6.737398 -30.999660
v 6.512297 6.719498 -30.175011
v 5.276249 6.728598 -30.839054
v 3.969040 6.732297 -31.229555
v 2.626686 6.735898 -31.336115
v 1.281265 6.735298 -31.374086
v -0.063606 6.730398 -31.385448
v -1.407602 6.723698 -31.392097
v -2.750504 6.716998 -31.409283
v -4.090450 6.711298 -31.470116
v -5.426125 6.700898 -31.616589
v -6.767603 6.689898 -31.661207
v -8.084557 6.710798 -31.358288
v -9.252068 6.733298 -30.523661
v -10.534534 6.725997 -31.018923
v -11.720989 6.741898 -31.811977
v -13.016594 6.738398 -32.260262
v -14.334095 6.738297 -32.591450
v -15.651596 6.738997 -32.918762
v -16.964279 6.739997 -33.265747
v -18.269737 6.740697 -33.642529
v -19.564796 6.741097 -34.061573
v -20.845734 6.741598 -34.538265
v -22.108055 6.742097 -35.084385
v -23.353405 6.742597 -35.688007
v -24.592083 6.743897 -36.316990
v -25.843128 6.747397 -36.923664
v -27.141907 6.752597 -37.389687
v -28.501015 6.752497 -37.381096
v -28.556961 6.499897 -35.526848
v -28.203880 6.487098 -33.733433
v -27.739349 6.471397 -31.995308
v -27.264637 6.453598 -30.267160
v -26.825726 6.435098 -28.525021
v -26.452724 6.415898 -26.758350
v -26.141247 6.396198 -24.971865
v -25.876850 6.376198 -23.171799
v -25.652847 6.357998 -21.361200
v -25.456440 6.337199 -19.543674
v -25.296051 6.317598 -17.718664
v -25.156132 6.290799 -15.888804
v -25.025627 6.281999 -14.052571
v -24.743275 6.256599 -12.245715
v -24.025517 6.250599 -10.644225
v -23.787937 6.200200 -8.830024
v -24.813343 6.283000 -7.528960
v -25.381443 6.313900 -5.832132
v -25.579277 6.320400 -4.005737
v -25.753460 6.325500 -2.176016
v -25.960270 6.330000 -0.354886
v -26.200916 6.334200 1.456820
v -26.476917 6.338800 3.258687
v -26.788284 6.343300 5.050578
v -27.140373 6.347500 6.830828
v -27.543594 6.351501 8.595695
v -28.018528 6.357201 10.336037
v -28.561993 6.363501 12.051019
v -29.130310 6.369901 13.761566
v -28.564293 6.579697 -35.524216
v -28.219864 6.566197 -33.725670
v -27.754677 6.550498 -31.986441
v -27.276245 6.533098 -30.259678
v -26.833389 6.514898 -28.519339
v -26.457100 6.495898 -26.754055
v -26.143219 6.476298 -24.968399
v -25.876850 6.456298 -23.168888
v -25.651974 6.437999 -21.358429
v -25.454361 6.417299 -19.541180
v -25.293423 6.397799 -17.716585
v -25.151752 6.370899 -15.886866
v -25.022453 6.362399 -14.051048
v -24.741741 6.337099 -12.244054
v -24.027596 6.330299 -10.638267
v -23.776443 6.280000 -8.827529
v -24.800316 6.362700 -7.525774
v -25.373344 6.394100 -5.831993
v -25.574898 6.400499 -4.006429
v -25.751274 6.405600 -2.176847
v -25.959286 6.410000 -0.355718
v -26.200584 6.414300 1.455850
v -26.477024 6.418800 3.257717
v -26.788830 6.423300 5.049469
v -27.141361 6.427500 6.829858
v -27.544910 6.431400 8.594448
v -28.020607 6.437001 10.334235
v -28.565170 6.443301 12.048247
v -29.134583 6.449801 13.757825
v -28.563747 6.659597 -35.523380
v -28.220848 6.646198 -33.723179
v -27.758400 6.630497 -31.982422
v -27.280403 6.613098 -30.255245
v -26.836346 6.594898 -28.515457
v -26.458084 6.575898 -26.750868
v -26.142448 6.556298 -24.965628
v -25.874439 6.536298 -23.166531
v -25.648472 6.517999 -21.356350
v -25.449650 6.497299 -19.539240
v -25.288273 6.477899 -17.714785
v -25.145184 6.450899 -15.885342
v -25.017857 6.442799 -14.049939
v -24.740101 6.417499 -12.242113
v -24.029015 6.410099 -10.632447
v -23.763962 6.359499 -8.824759
v -24.787834 6.442500 -7.523695
v -25.364803 6.474299 -5.831854
v -25.568546 6.480599 -4.006568
v -25.746017 6.485600 -2.177124
v -25.954910 6.490000 -0.355857
v -26.196972 6.494200 1.455850
v -26.473961 6.498800 3.257579
v -26.785980 6.503301 5.049469
v -27.138405 6.507401 6.829997
v -27.541626 6.511301 8.595003
v -28.017323 6.516801 10.334651
v -28.562977 6.523301 12.047416
v -29.133492 6.529901 13.756023
v -28.554989 6.739297 -35.523106
v -28.213406 6.725997 -33.723873
v -27.753254 6.710398 -31.982143
v -27.277340 6.693098 -30.253859
v -26.833935 6.674898 -28.513517
v -26.455349 6.655998 -26.748787
v -26.138618 6.636298 -24.963686
v -25.869293 6.616298 -23.164869
v -25.642555 6.597999 -21.354687
v -25.442425 6.577199 -19.537716
v -25.279736 6.557899 -17.713398
v -25.135330 6.530699 -15.884372
v -25.011616 6.523099 -14.049247
v -24.739445 6.497999 -12.239343
v -24.030548 6.489899 -10.626627
v -23.750828 6.438900 -8.821711
v -24.775902 6.522299 -7.522863
v -25.355389 6.554399 -5.831716
v -25.560009 6.560599 -4.006290
v -25.738132 6.565400 -2.176847
v -25.947685 6.569800 -0.355302
v -26.190403 6.574100 1.456404
v -26.467827 6.578600 3.258272
v -26.779964 6.583100 5.050439
v -27.132053 6.587201 6.831382
v -27.534290 6.591001 8.596943
v -28.008347 6.596501 10.337561
v -28.552910 6.602901 12.050465
v -29.127575 6.609801 13.756440
vn -0.3716 -0.8773 0.3037
vn -0.8083 -0.5732 -0.1343
vn -0.4769 -0.8236 0.3071
vn 0.1480 -0.7109 0.6876
vn 0.0293 -0.7331 0.6795
vn 0.3559 -0.4240 0.8328
vn 0.2359 -0.5373 0.8097
vn 0.3761 -0.2913 0.8796
vn 0.2797 -0.4225 0.8621
vn 0.3406 -0.2415 0.9086
vn 0.2639 -0.3686 0.8914
vn 0.2951 -0.2225 0.9292
vn 0.2344 -0.3404 0.9106
vn 0.2581 -0.2070 0.9437
vn 0.2082 -0.3201 0.9242
vn 0.2274 -0.1928 0.9545
vn 0.1773 -0.3048 0.9358
vn 0.1939 -0.1808 0.9642
vn 0.1506 -0.2937 0.9440
vn 0.1605 -0.1700 0.9723
vn 0.1640 -0.3033 0.9387
vn 0.1551 -0.1740 0.9724
vn 0.1497 -0.3026 0.9413
vn 0.2246 -0.1435 0.9638
vn 0.3921 -0.1317 0.9104
vn 0.4484 -0.0333 0.8932
vn 0.1234 -0.1012 0.9872
vn 0.1029 -0.0653 0.9925
vn -0.2163 -0.1276 0.9679
vn -0.2219 -0.0379 0.9743
vn -0.0679 -0.1754 0.9822
vn -0.0815 -0.0719 0.9941
vn 0.0095 -0.1750 0.9845
vn 0.0161 -0.0638 0.9978
vn 0.0310 -0.1661 0.9856
vn 0.0417 -0.0551 0.9976
vn 0.0220 -0.1448 0.9892
vn 0.0381 -0.0318 0.9988
vn -0.0042 -0.1295 0.9916
vn 0.0009 -0.0208 0.9998
vn -0.0290 -0.1311 0.9909
vn -0.0412 -0.0324 0.9986
vn -0.0537 -0.1552 0.9864
vn -0.0796 -0.0643 0.9948
vn -0.0532 -0.1786 0.9825
vn -0.0497 -0.0773 0.9958
vn 0.1206 -0.1308 0.9841
vn 0.1573 -0.0401 0.9867
vn 0.4791 -0.0490 0.8764
vn 0.4848 -0.0157 0.8745
vn 0.0643 -0.0668 0.9957
vn 0.0921 0.0021 0.9957
vn -0.4731 -0.0402 0.8801
vn -0.4720 0.0636 0.8793
vn -0.3600 -0.1379 0.9227
vn -0.4415 -0.0718 0.8944
vn -0.2455 -0.2176 0.9447
vn -0.2851 -0.1287 0.9498
vn -0.2221 -0.2498 0.9425
vn -0.2392 -0.1410 0.9607
vn -0.2227 -0.2694 0.9369
vn -0.2417 -0.1551 0.9579
vn -0.2356 -0.2903 0.9275
vn -0.2581 -0.1739 0.9503
vn -0.2573 -0.3149 0.9136
vn -0.2830 -0.1921 0.9397
vn -0.2812 -0.3450 0.8955
vn -0.3154 -0.2129 0.9248
vn -0.2963 -0.3920 0.8709
vn -0.3494 -0.2450 0.9044
vn -0.2849 -0.4665 0.8374
vn -0.3714 -0.3053 0.8768
vn -0.2253 -0.5735 0.7876
vn -0.3614 -0.4118 0.8365
vn -0.0951 -0.7043 0.7035
vn -0.2936 -0.5721 0.7658
vn 0.1260 -0.8210 0.5569
vn -0.1407 -0.7724 0.6194
vn 0.4362 -0.8429 0.3149
vn 0.0804 -0.9408 0.3293
vn 0.4573 -0.8870 0.0646
vn 0.0044 -1.0000 0.0007
vn -0.9147 -0.3003 -0.2706
vn -0.8096 -0.5802 -0.0891
vn -0.4465 -0.8541 0.2667
vn -0.1096 -0.8398 0.5317
vn 0.0781 -0.7331 0.6756
vn 0.1503 -0.6434 0.7506
vn 0.1640 -0.5866 0.7931
vn 0.1570 -0.5506 0.8199
vn 0.1390 -0.5251 0.8396
vn 0.1242 -0.5070 0.8530
vn 0.1804 -0.4920 0.8517
vn 0.0609 -0.5042 0.8614
vn 0.1624 -0.3649 0.9168
vn 0.1509 -0.1642 0.9748
vn -0.1335 -0.2996 0.9447
vn -0.0316 -0.3874 0.9214
vn 0.0015 -0.3832 0.9237
vn 0.0160 -0.3745 0.9271
vn 0.0015 -0.3580 0.9337
vn -0.0126 -0.3454 0.9384
vn -0.0199 -0.3443 0.9387
vn -0.0229 -0.3543 0.9349
vn -0.0480 -0.3812 0.9233
vn 0.0054 -0.3476 0.9376
vn 0.4122 -0.1593 0.8971
vn 0.0871 -0.1330 0.9873
vn -0.4089 -0.2139 0.8872
vn -0.2427 -0.3398 0.9086
vn -0.1736 -0.4090 0.8959
vn -0.1709 -0.4520 0.8755
vn -0.1742 -0.4842 0.8574
vn -0.1820 -0.5128 0.8390
vn -0.1903 -0.5438 0.8174
vn -0.1891 -0.5887 0.7859
vn -0.1622 -0.6488 0.7434
vn -0.0972 -0.7243 0.6826
vn 0.0192 -0.8034 0.5952
vn 0.1949 -0.8608 0.4701
vn 0.4302 -0.8527 0.2965
vn 0.6996 -0.7111 0.0697
vn 0.7676 -0.6335 -0.0968
vn -0.9426 -0.1992 -0.2681
vn -0.8995 -0.3875 -0.2019
vn -0.7002 -0.7140 0.0003
vn -0.4134 -0.8785 0.2393
vn -0.1741 -0.8882 0.4251
vn -0.0258 -0.8370 0.5467
vn 0.0478 -0.7813 0.6223
vn 0.0747 -0.7377 0.6710
vn 0.0825 -0.7042 0.7052
vn 0.0762 -0.6799 0.7293
vn 0.1191 -0.6416 0.7577
vn 0.0556 -0.5997 0.7983
vn -0.0826 -0.6136 0.7853
vn 0.0523 -0.4823 0.8744
vn 0.0401 -0.5023 0.8638
vn 0.0268 -0.5546 0.8317
vn -0.0194 -0.5688 0.8223
vn 0.0039 -0.5572 0.8304
vn -0.0126 -0.5486 0.8360
vn -0.0158 -0.5432 0.8394
vn -0.0152 -0.5421 0.8402
vn -0.0110 -0.5437 0.8392
vn -0.0115 -0.5545 0.8321
vn -0.0959 -0.5787 0.8099
vn 0.1521 -0.4264 0.8916
vn 0.1521 -0.1505 0.9768
vn -0.2316 -0.4102 0.8821
vn -0.1146 -0.5680 0.8150
vn -0.0919 -0.5831 0.8072
vn -0.1018 -0.6227 0.7758
vn -0.1057 -0.6549 0.7483
vn -0.1081 -0.6883 0.7174
vn -0.0989 -0.7246 0.6821
vn -0.0664 -0.7665 0.6388
vn -0.0074 -0.8142 0.5806
vn 0.0881 -0.8591 0.5042
vn 0.2262 -0.8861 0.4046
vn 0.4080 -0.8704 0.2755
vn 0.6249 -0.7725 0.1125
vn 0.8329 -0.5485 -0.0740
vn 0.8904 -0.4153 -0.1862
vn -0.9577 -0.1643 -0.2363
vn -0.9312 -0.2975 -0.2105
vn -0.8110 -0.5745 -0.1108
vn -0.6019 -0.7969 0.0518
vn -0.3796 -0.8994 0.2169
vn -0.2022 -0.9151 0.3488
vn -0.0878 -0.8928 0.4418
vn -0.0255 -0.8619 0.5064
vn 0.0057 -0.8333 0.5528
vn 0.0149 -0.8080 0.5890
vn 0.0101 -0.7849 0.6196
vn 0.0239 -0.7374 0.6750
vn -0.0479 -0.7488 0.6610
vn -0.0328 -0.7572 0.6524
vn 0.0224 -0.7407 0.6715
vn 0.0289 -0.7082 0.7054
vn -0.0142 -0.7101 0.7039
vn -0.0056 -0.7067 0.7075
vn -0.0168 -0.7027 0.7113
vn -0.0157 -0.7009 0.7130
vn -0.0120 -0.7002 0.7139
vn -0.0078 -0.6997 0.7144
vn 0.0052 -0.6926 0.7213
vn -0.0546 -0.7000 0.7121
vn -0.1489 -0.7258 0.6716
vn 0.0108 -0.5871 0.8094
vn 0.0913 -0.5887 0.8032
vn 0.0301 -0.6874 0.7257
vn -0.0696 -0.7392 0.6699
vn -0.0287 -0.7564 0.6534
vn -0.0329 -0.7846 0.6191
vn -0.0213 -0.8111 0.5845
vn 0.0036 -0.8408 0.5414
vn 0.0520 -0.8699 0.4905
vn 0.1287 -0.8940 0.4292
vn 0.2380 -0.9052 0.3521
vn 0.3822 -0.8882 0.2551
vn 0.5578 -0.8189 0.1353
vn 0.7478 -0.6639 -0.0054
vn 0.8999 -0.4114 -0.1447
vn 0.9387 -0.2703 -0.2140
vn -0.9675 -0.1508 -0.2029
vn -0.9467 -0.2600 -0.1900
vn -0.8609 -0.4892 -0.1395
vn -0.7075 -0.7055 -0.0413
vn -0.5191 -0.8509 0.0808
vn -0.3434 -0.9185 0.1959
vn -0.2091 -0.9347 0.2875
vn -0.1223 -0.9268 0.3550
vn -0.0727 -0.9119 0.4038
vn -0.0490 -0.8954 0.4425
vn -0.0458 -0.8807 0.4714
vn -0.0362 -0.8676 0.4960
vn -0.0352 -0.8580 0.5124
vn -0.0416 -0.8587 0.5108
vn -0.0198 -0.8527 0.5221
vn -0.0080 -0.8370 0.5472
vn -0.0138 -0.8295 0.5583
vn -0.0136 -0.8253 0.5645
vn -0.0169 -0.8231 0.5677
vn -0.0163 -0.8225 0.5685
vn -0.0107 -0.8216 0.5700
vn -0.0100 -0.8200 0.5723
vn -0.0155 -0.8172 0.5761
vn -0.0240 -0.8099 0.5860
vn -0.0675 -0.8309 0.5523
vn -0.0464 -0.8609 0.5067
vn 0.0509 -0.8497 0.5248
vn 0.0834 -0.8084 0.5827
vn 0.0223 -0.8360 0.5482
vn 0.0394 -0.8574 0.5132
vn 0.0405 -0.8753 0.4818
vn 0.0575 -0.8927 0.4471
vn 0.0929 -0.9081 0.4083
vn 0.1507 -0.9200 0.3619
vn 0.2373 -0.9222 0.3054
vn 0.3533 -0.9058 0.2338
vn 0.4981 -0.8548 0.1457
vn 0.6631 -0.7475 0.0410
vn 0.8238 -0.5624 -0.0715
vn 0.9342 -0.3159 -0.1658
vn 0.9605 -0.1879 -0.2052
vn -0.9744 -0.1378 -0.1777
vn -0.9565 -0.2392 -0.1671
vn -0.8867 -0.4419 -0.1359
vn -0.7659 -0.6385 -0.0759
vn -0.6082 -0.7937 0.0079
vn -0.4440 -0.8907 0.0971
vn -0.3039 -0.9364 0.1756
vn -0.2021 -0.9504 0.2364
vn -0.1378 -0.9497 0.2812
vn -0.1014 -0.9437 0.3148
vn -0.0841 -0.9370 0.3392
vn -0.0702 -0.9320 0.3556
vn -0.0560 -0.9268 0.3714
vn -0.0500 -0.9239 0.3795
vn -0.0390 -0.9210 0.3876
vn -0.0299 -0.9174 0.3969
vn -0.0226 -0.9140 0.4050
vn -0.0187 -0.9118 0.4102
vn -0.0164 -0.9106 0.4130
vn -0.0136 -0.9102 0.4139
vn -0.0120 -0.9099 0.4146
vn -0.0115 -0.9088 0.4170
vn -0.0147 -0.9088 0.4170
vn -0.0135 -0.9096 0.4152
vn -0.0108 -0.9147 0.4040
vn -0.0014 -0.9251 0.3797
vn 0.0324 -0.9281 0.3708
vn 0.0649 -0.9216 0.3827
vn 0.0744 -0.9211 0.3821
vn 0.0844 -0.9247 0.3712
vn 0.0951 -0.9311 0.3520
vn 0.1183 -0.9374 0.3276
vn 0.1599 -0.9413 0.2972
vn 0.2256 -0.9391 0.2592
vn 0.3195 -0.9239 0.2105
vn 0.4406 -0.8855 0.1478
vn 0.5839 -0.8087 0.0711
vn 0.7360 -0.6769 -0.0154
vn 0.8699 -0.4829 -0.0999
vn 0.9527 -0.2585 -0.1600
vn 0.9727 -0.1462 -0.1805
vn -0.9795 -0.1257 -0.1576
vn -0.9634 -0.2230 -0.1484
vn -0.9025 -0.4122 -0.1246
vn -0.8007 -0.5932 -0.0835
vn -0.6653 -0.7461 -0.0251
vn -0.5145 -0.8565 0.0417
vn -0.3739 -0.9216 0.1047
vn -0.2623 -0.9524 0.1553
vn -0.1861 -0.9635 0.1925
vn -0.1388 -0.9659 0.2186
vn -0.1106 -0.9654 0.2362
vn -0.0901 -0.9649 0.2467
vn -0.0714 -0.9644 0.2545
vn -0.0572 -0.9644 0.2583
vn -0.0446 -0.9645 0.2602
vn -0.0339 -0.9650 0.2599
vn -0.0247 -0.9656 0.2589
vn -0.0185 -0.9657 0.2589
vn -0.0143 -0.9659 0.2587
vn -0.0105 -0.9660 0.2584
vn -0.0097 -0.9661 0.2579
vn -0.0092 -0.9661 0.2579
vn -0.0092 -0.9666 0.2562
vn -0.0039 -0.9672 0.2540
vn 0.0067 -0.9674 0.2532
vn 0.0197 -0.9680 0.2501
vn 0.0382 -0.9676 0.2494
vn 0.0639 -0.9652 0.2536
vn 0.0882 -0.9623 0.2573
vn 0.1061 -0.9608 0.2560
vn 0.1263 -0.9604 0.2485
vn 0.1568 -0.9594 0.2346
vn 0.2056 -0.9550 0.2139
vn 0.2793 -0.9423 0.1847
vn 0.3814 -0.9131 0.1440
vn 0.5073 -0.8571 0.0898
vn 0.6471 -0.7620 0.0246
vn 0.7851 -0.6178 -0.0440
vn 0.8985 -0.4269 -0.1028
vn 0.9642 -0.2246 -0.1411
vn 0.9794 -0.1286 -0.1556
vn -0.9836 -0.1160 -0.1379
vn -0.9691 -0.2095 -0.1305
vn -0.9141 -0.3896 -0.1122
vn -0.8241 -0.5605 -0.0818
vn -0.7038 -0.7094 -0.0379
vn -0.5641 -0.8256 0.0137
vn -0.4248 -0.9030 0.0638
vn -0.3063 -0.9461 0.1047
vn -0.2198 -0.9663 0.1338
vn -0.1620 -0.9750 0.1520
vn -0.1240 -0.9791 0.1610
vn -0.0957 -0.9821 0.1625
vn -0.0716 -0.9847 0.1586
vn -0.0528 -0.9871 0.1510
vn -0.0361 -0.9892 0.1420
vn -0.0238 -0.9912 0.1306
vn -0.0154 -0.9924 0.1223
vn -0.0119 -0.9931 0.1163
vn -0.0085 -0.9936 0.1126
vn -0.0055 -0.9939 0.1105
vn -0.0048 -0.9940 0.1090
vn -0.0043 -0.9942 0.1074
vn -0.0032 -0.9943 0.1061
vn -0.0011 -0.9944 0.1057
vn 0.0056 -0.9939 0.1098
vn 0.0173 -0.9927 0.1192
vn 0.0326 -0.9905 0.1335
vn 0.0562 -0.9873 0.1487
vn 0.0853 -0.9829 0.1632
vn 0.1105 -0.9789 0.1721
vn 0.1390 -0.9748 0.1745
vn 0.1778 -0.9693 0.1698
vn 0.2348 -0.9592 0.1574
vn 0.3181 -0.9383 0.1355
vn 0.4287 -0.8978 0.1012
vn 0.5595 -0.8270 0.0545
vn 0.6956 -0.7184 -0.0005
vn 0.8180 -0.5725 -0.0551
vn 0.9148 -0.3925 -0.0956
vn 0.9722 -0.2014 -0.1197
vn 0.9852 -0.1108 -0.1306
vn -0.9869 -0.1071 -0.1206
vn -0.9734 -0.1983 -0.1148
vn -0.9222 -0.3737 -0.0996
vn -0.8407 -0.5362 -0.0758
vn -0.7327 -0.6793 -0.0417
vn -0.6017 -0.7987 0.0001
vn -0.4625 -0.8856 0.0413
vn -0.3381 -0.9382 0.0744
vn -0.2413 -0.9657 0.0961
vn -0.1724 -0.9792 0.1067
vn -0.1228 -0.9866 0.1069
vn -0.0842 -0.9917 0.0970
vn -0.0528 -0.9955 0.0792
vn -0.0324 -0.9977 0.0594
vn -0.0148 -0.9988 0.0460
vn -0.0043 -0.9993 0.0363
vn -0.0023 -0.9996 0.0297
vn -0.0020 -0.9997 0.0251
vn -0.0014 -0.9998 0.0221
vn -0.0010 -0.9998 0.0201
vn -0.0005 -0.9998 0.0194
vn -0.0009 -0.9998 0.0183
vn -0.0005 -0.9998 0.0176
vn -0.0004 -0.9998 0.0177
vn -0.0000 -0.9998 0.0189
vn 0.0012 -0.9997 0.0234
vn 0.0082 -0.9994 0.0350
vn 0.0282 -0.9980 0.0558
vn 0.0628 -0.9944 0.0852
vn 0.0979 -0.9893 0.1081
vn 0.1362 -0.9832 0.1212
vn 0.1851 -0.9747 0.1253
vn 0.2522 -0.9602 0.1202
vn 0.3463 -0.9322 0.1048
vn 0.4674 -0.8808 0.0762
vn 0.6015 -0.7981 0.0352
vn 0.7325 -0.6807 -0.0102
vn 0.8429 -0.5355 -0.0523
vn 0.9258 -0.3683 -0.0849
vn 0.9769 -0.1864 -0.1049
vn 0.9889 -0.0963 -0.1132
vn -0.9888 -0.1074 -0.1037
vn -0.9762 -0.1914 -0.1024
vn -0.9291 -0.3587 -0.0903
vn -0.8544 -0.5152 -0.0682
vn -0.7552 -0.6543 -0.0394
vn -0.6314 -0.7754 -0.0047
vn -0.4921 -0.8700 0.0300
vn -0.3606 -0.9310 0.0564
vn -0.2529 -0.9648 0.0717
vn -0.1711 -0.9824 0.0754
vn -0.1066 -0.9921 0.0665
vn -0.0564 -0.9973 0.0462
vn -0.0208 -0.9994 0.0261
vn -0.0049 -0.9999 0.0120
vn -0.0027 -1.0000 0.0020
vn -0.0000 -1.0000 -0.0000
vn 0.0016 -1.0000 0.0039
vn 0.0207 -0.9995 0.0221
vn 0.0656 -0.9963 0.0552
vn 0.1195 -0.9895 0.0809
vn 0.1809 -0.9791 0.0931
vn 0.2596 -0.9610 0.0950
vn 0.3655 -0.9268 0.0863
vn 0.4991 -0.8642 0.0643
vn 0.6378 -0.7697 0.0275
vn 0.7596 -0.6503 -0.0139
vn 0.8613 -0.5060 -0.0468
vn 0.9359 -0.3444 -0.0738
vn 0.9807 -0.1717 -0.0931
vn 0.9912 -0.0852 -0.1012
vn -0.9897 -0.1084 -0.0937
vn -0.9775 -0.1908 -0.0905
vn -0.9348 -0.3453 -0.0826
vn -0.8676 -0.4934 -0.0624
vn -0.7747 -0.6315 -0.0324
vn -0.6559 -0.7548 -0.0017
vn -0.5150 -0.8568 0.0265
vn -0.3750 -0.9259 0.0461
vn -0.2562 -0.9650 0.0554
vn -0.1591 -0.9858 0.0535
vn -0.0767 -0.9963 0.0379
vn -0.0243 -0.9996 0.0153
vn -0.0038 -1.0000 0.0029
vn 0.0221 -0.9996 0.0156
vn 0.0882 -0.9949 0.0480
vn 0.1674 -0.9836 0.0675
vn 0.2580 -0.9632 0.0751
vn 0.3749 -0.9241 0.0739
vn 0.5247 -0.8493 0.0584
vn 0.6677 -0.7440 0.0261
vn 0.7904 -0.6125 -0.0101
vn 0.8728 -0.4849 -0.0556
vn 0.9432 -0.3246 -0.0712
vn 0.9836 -0.1580 -0.0870
vn 0.9929 -0.0739 -0.0931
vn -0.9863 -0.0320 -0.1619
vn -0.9817 -0.1635 -0.0980
vn -0.9363 -0.3468 -0.0560
vn -0.8753 -0.4783 -0.0714
vn -0.8005 -0.5970 -0.0518
vn -0.6773 -0.7357 0.0047
vn -0.5288 -0.8482 0.0299
vn -0.3808 -0.9238 0.0399
vn -0.2525 -0.9667 0.0428
vn -0.1375 -0.9899 0.0353
vn -0.0471 -0.9988 0.0159
vn -0.0045 -1.0000 0.0035
vn 0.0475 -0.9987 0.0181
vn 0.1474 -0.9880 0.0461
vn 0.2499 -0.9667 0.0558
vn 0.3746 -0.9253 0.0585
vn 0.5525 -0.8323 0.0449
vn 0.6962 -0.7177 -0.0127
vn 0.7989 -0.6002 -0.0383
vn 0.8991 -0.4375 -0.0166
vn 0.9481 -0.3126 -0.0591
vn 0.9859 -0.1437 -0.0862
vn 0.9925 -0.0688 -0.1011
vn -0.8721 0.1833 -0.4538
vn -0.9391 0.0498 -0.3400
vn -0.9567 -0.2699 -0.1088
vn -0.8649 -0.5014 0.0233
vn -0.8162 -0.5775 0.0175
vn -0.7182 -0.6958 0.0092
vn -0.5373 -0.8430 0.0266
vn -0.3766 -0.9258 0.0310
vn -0.2418 -0.9699 0.0288
vn -0.1109 -0.9936 0.0202
vn -0.0259 -0.9997 0.0038
vn 0.0203 -0.9998 0.0014
vn 0.1185 -0.9927 0.0209
vn 0.2423 -0.9697 0.0327
vn 0.3690 -0.9287 0.0371
vn 0.5624 -0.8247 0.0589
vn 0.7488 -0.6560 0.0944
vn 0.8014 -0.5956 0.0542
vn 0.8875 -0.4608 -0.0059
vn 0.9672 -0.2442 -0.0703
vn 0.9866 -0.0996 -0.1296
vn 0.9873 -0.0356 -0.1546
vn -0.9358 0.1379 -0.3244
vn -0.8876 0.2409 -0.3926
vn -0.9188 0.1077 -0.3798
vn -0.9540 -0.2620 -0.1460
vn -0.7965 -0.5966 0.0981
vn -0.6716 -0.7384 0.0613
vn -0.5243 -0.8512 0.0243
vn -0.3703 -0.9288 0.0166
vn -0.2307 -0.9729 0.0142
vn -0.0946 -0.9955 0.0086
vn -0.0142 -0.9999 0.0014
vn 0.0152 -0.9999 0.0003
vn 0.1032 -0.9946 0.0057
vn 0.2374 -0.9713 0.0130
vn 0.3633 -0.9316 0.0157
vn 0.4976 -0.8671 0.0232
vn 0.6623 -0.7444 0.0849
vn 0.8820 -0.4585 0.1086
vn 0.9446 -0.2961 -0.1414
vn 0.9499 -0.1422 -0.2782
vn 0.9456 -0.0592 -0.3200
vn 0.9520 0.0059 -0.3061
vn -0.9446 -0.1621 0.2855
vn -0.9696 -0.1108 0.2180
vn -0.9981 -0.0374 0.0500
vn -0.9953 -0.0078 -0.0965
vn -0.9126 -0.4068 -0.0412
vn -0.6373 -0.7702 0.0240
vn -0.4946 -0.8690 0.0111
vn -0.3596 -0.9331 0.0012
vn -0.2258 -0.9742 -0.0003
vn -0.0876 -0.9962 0.0017
vn -0.0091 -1.0000 0.0007
vn 0.0161 -0.9999 -0.0009
vn 0.0997 -0.9950 -0.0031
vn 0.2348 -0.9720 -0.0022
vn 0.3652 -0.9309 -0.0045
vn 0.4957 -0.8684 -0.0142
vn 0.6305 -0.7758 -0.0252
vn 0.9162 -0.3980 0.0474
vn 0.9933 0.0288 0.1118
vn 0.9996 0.0201 -0.0172
vn 0.9849 -0.0291 -0.1704
vn 0.9689 -0.0736 -0.2363
vn -0.9586 -0.0559 0.2792
vn -0.9441 -0.1270 0.3042
vn -0.9365 -0.2391 0.2563
vn -0.9488 -0.3047 0.0832
vn -0.8876 -0.4506 -0.0950
vn -0.6582 -0.7509 -0.0532
vn -0.4915 -0.8706 -0.0194
vn -0.3568 -0.9340 -0.0170
vn -0.2296 -0.9732 -0.0147
vn -0.0928 -0.9957 -0.0064
vn -0.0092 -1.0000 -0.0004
vn 0.0228 -0.9997 -0.0017
vn 0.1082 -0.9941 -0.0108
vn 0.2406 -0.9705 -0.0164
vn 0.3779 -0.9256 -0.0193
vn 0.5286 -0.8483 -0.0308
vn 0.6657 -0.7425 -0.0743
vn 0.7885 -0.6053 -0.1087
vn 0.9552 -0.2478 0.1618
vn 0.9081 0.1171 0.4020
vn 0.8536 0.2803 0.4391
vn 0.8971 0.2089 0.3892
vn -0.9917 -0.0570 0.1151
vn -0.9837 -0.1402 0.1129
vn -0.9287 -0.3585 0.0950
vn -0.8631 -0.5037 0.0357
vn -0.8648 -0.4970 -0.0714
vn -0.7504 -0.6551 -0.0883
vn -0.5256 -0.8493 -0.0493
vn -0.3579 -0.9330 -0.0371
vn -0.2352 -0.9714 -0.0338
vn -0.1096 -0.9938 -0.0214
vn -0.0146 -0.9999 -0.0015
vn 0.0004 -1.0000 -0.0003
vn 0.0365 -0.9993 -0.0051
vn 0.1256 -0.9918 -0.0229
vn 0.2507 -0.9676 -0.0307
vn 0.3845 -0.9226 -0.0320
vn 0.5486 -0.8357 -0.0257
vn 0.7250 -0.6885 -0.0178
vn 0.8084 -0.5857 -0.0583
vn 0.8663 -0.4940 -0.0745
vn 0.9632 -0.2578 0.0763
vn 0.9424 0.0505 0.3306
vn 0.8609 0.2099 0.4635
vn -0.9965 -0.0518 0.0652
vn -0.9889 -0.1360 0.0607
vn -0.9493 -0.3098 0.0541
vn -0.8606 -0.5020 0.0860
vn -0.7839 -0.6162 0.0756
vn -0.7034 -0.7107 -0.0094
vn -0.5301 -0.8461 -0.0551
vn -0.3636 -0.9296 -0.0600
vn -0.2428 -0.9684 -0.0569
vn -0.1398 -0.9891 -0.0467
vn -0.0418 -0.9990 -0.0172
vn 0.0081 -1.0000 -0.0048
vn 0.0584 -0.9981 -0.0209
vn 0.1523 -0.9876 -0.0377
vn 0.2604 -0.9644 -0.0454
vn 0.3878 -0.9207 -0.0436
vn 0.5362 -0.8434 -0.0345
vn 0.6975 -0.7166 -0.0019
vn 0.8277 -0.5583 0.0572
vn 0.8841 -0.4642 0.0542
vn 0.9301 -0.3657 0.0334
vn 0.9796 -0.1853 0.0778
vn 0.9885 -0.0327 0.1473
vn -0.9934 -0.0806 0.0817
vn -0.9853 -0.1561 0.0687
vn -0.9472 -0.3173 0.0463
vn -0.8735 -0.4861 0.0260
vn -0.7708 -0.6370 0.0072
vn -0.6561 -0.7542 -0.0263
vn -0.5127 -0.8565 -0.0604
vn -0.3645 -0.9282 -0.0744
vn -0.2502 -0.9652 -0.0759
vn -0.1613 -0.9845 -0.0687
vn -0.0831 -0.9954 -0.0478
vn -0.0211 -0.9997 -0.0157
vn 0.0001 -1.0000 -0.0001
vn 0.0053 -1.0000 -0.0046
vn 0.0326 -0.9993 -0.0192
vn 0.0895 -0.9951 -0.0429
vn 0.1702 -0.9838 -0.0567
vn 0.2659 -0.9622 -0.0587
vn 0.3861 -0.9211 -0.0507
vn 0.5265 -0.8495 -0.0336
vn 0.6658 -0.7461 -0.0073
vn 0.7835 -0.6204 0.0348
vn 0.8720 -0.4819 0.0861
vn 0.9333 -0.3436 0.1045
vn 0.9776 -0.1881 0.0944
vn 0.9911 -0.0978 0.0908
vn -0.9928 -0.0810 0.0887
vn -0.9821 -0.1685 0.0840
vn -0.9352 -0.3471 0.0697
vn -0.8582 -0.5118 0.0393
vn -0.7523 -0.6587 0.0056
vn -0.6269 -0.7784 -0.0316
vn -0.4872 -0.8708 -0.0659
vn -0.3547 -0.9309 -0.0877
vn -0.2510 -0.9632 -0.0963
vn -0.1743 -0.9801 -0.0946
vn -0.1148 -0.9899 -0.0829
vn -0.0637 -0.9963 -0.0578
vn -0.0212 -0.9994 -0.0264
vn -0.0024 -1.0000 -0.0068
vn -0.0003 -1.0000 -0.0007
vn 0.0002 -1.0000 0.0001
vn 0.0031 -1.0000 -0.0024
vn 0.0062 -0.9999 -0.0137
vn 0.0270 -0.9992 -0.0287
vn 0.0656 -0.9965 -0.0509
vn 0.1172 -0.9906 -0.0700
vn 0.1817 -0.9802 -0.0783
vn 0.2644 -0.9615 -0.0756
vn 0.3732 -0.9257 -0.0611
vn 0.5051 -0.8623 -0.0347
vn 0.6430 -0.7659 0.0001
vn 0.7628 -0.6458 0.0336
vn 0.8595 -0.5075 0.0613
vn 0.9333 -0.3494 0.0828
vn 0.9786 -0.1824 0.0949
vn 0.9904 -0.0976 0.0983
vn -0.9875 -0.1073 0.1152
vn -0.9775 -0.1848 0.1017
vn -0.9291 -0.3616 0.0780
vn -0.8395 -0.5412 0.0473
vn -0.7236 -0.6902 0.0053
vn -0.5918 -0.8051 -0.0406
vn -0.4567 -0.8859 -0.0807
vn -0.3358 -0.9357 -0.1080
vn -0.2433 -0.9621 -0.1228
vn -0.1779 -0.9757 -0.1278
vn -0.1306 -0.9836 -0.1240
vn -0.0934 -0.9893 -0.1117
vn -0.0605 -0.9940 -0.0908
vn -0.0298 -0.9975 -0.0639
vn -0.0109 -0.9989 -0.0450
vn -0.0015 -0.9994 -0.0345
vn -0.0000 -0.9996 -0.0299
vn 0.0001 -0.9996 -0.0275
vn 0.0002 -0.9997 -0.0259
vn 0.0002 -0.9997 -0.0248
vn 0.0007 -0.9997 -0.0243
vn 0.0005 -0.9997 -0.0247
vn 0.0009 -0.9997 -0.0249
vn 0.0016 -0.9997 -0.0263
vn 0.0021 -0.9996 -0.0297
vn 0.0042 -0.9993 -0.0362
vn 0.0163 -0.9988 -0.0461
vn 0.0366 -0.9975 -0.0602
vn 0.0588 -0.9949 -0.0817
vn 0.0930 -0.9907 -0.0991
vn 0.1332 -0.9850 -0.1093
vn 0.1841 -0.9767 -0.1102
vn 0.2541 -0.9619 -0.1005
vn 0.3514 -0.9328 -0.0795
vn 0.4755 -0.8785 -0.0464
vn 0.6132 -0.7899 -0.0046
vn 0.7417 -0.6697 0.0378
vn 0.8469 -0.5269 0.0716
vn 0.9262 -0.3646 0.0955
vn 0.9751 -0.1912 0.1124
vn 0.9875 -0.1022 0.1197
vn -0.9867 -0.1021 0.1264
vn -0.9716 -0.2028 0.1220
vn -0.9136 -0.3954 0.0949
vn -0.8148 -0.5776 0.0487
vn -0.6873 -0.7263 -0.0065
vn -0.5500 -0.8330 -0.0606
vn -0.4197 -0.9014 -0.1066
vn -0.3084 -0.9409 -0.1398
vn -0.2261 -0.9607 -0.1611
vn -0.1701 -0.9701 -0.1733
vn -0.1324 -0.9750 -0.1783
vn -0.1047 -0.9787 -0.1767
vn -0.0805 -0.9824 -0.1688
vn -0.0524 -0.9864 -0.1555
vn -0.0285 -0.9893 -0.1434
vn -0.0137 -0.9911 -0.1322
vn -0.0055 -0.9922 -0.1243
vn -0.0017 -0.9927 -0.1205
vn -0.0002 -0.9928 -0.1198
vn 0.0006 -0.9928 -0.1198
vn 0.0023 -0.9928 -0.1199
vn 0.0032 -0.9928 -0.1196
vn 0.0040 -0.9929 -0.1189
vn 0.0080 -0.9928 -0.1193
vn 0.0131 -0.9924 -0.1227
vn 0.0227 -0.9913 -0.1297
vn 0.0371 -0.9894 -0.1407
vn 0.0575 -0.9871 -0.1497
vn 0.0790 -0.9842 -0.1586
vn 0.1055 -0.9808 -0.1639
vn 0.1360 -0.9770 -0.1641
vn 0.1754 -0.9720 -0.1563
vn 0.2337 -0.9623 -0.1391
vn 0.3204 -0.9408 -0.1105
vn 0.4384 -0.8961 -0.0698
vn 0.5758 -0.8173 -0.0196
vn 0.7129 -0.7005 0.0327
vn 0.8303 -0.5518 0.0782
vn 0.9176 -0.3818 0.1107
vn 0.9700 -0.2046 0.1315
vn 0.9836 -0.1131 0.1402
vn -0.9802 -0.1259 0.1530
vn -0.9658 -0.2204 0.1363
vn -0.8973 -0.4301 0.0988
vn -0.7796 -0.6251 0.0390
vn -0.6386 -0.7690 -0.0305
vn -0.4979 -0.8620 -0.0954
vn -0.3723 -0.9161 -0.1490
vn -0.2701 -0.9441 -0.1890
vn -0.1969 -0.9559 -0.2177
vn -0.1486 -0.9597 -0.2383
vn -0.1186 -0.9603 -0.2527
vn -0.0990 -0.9602 -0.2611
vn -0.0820 -0.9612 -0.2633
vn -0.0589 -0.9638 -0.2602
vn -0.0328 -0.9661 -0.2563
vn -0.0157 -0.9663 -0.2570
vn -0.0055 -0.9657 -0.2597
vn 0.0022 -0.9653 -0.2613
vn 0.0058 -0.9644 -0.2643
vn 0.0067 -0.9637 -0.2671
vn 0.0067 -0.9629 -0.2697
vn 0.0059 -0.9627 -0.2704
vn 0.0059 -0.9630 -0.2693
vn 0.0106 -0.9637 -0.2669
vn 0.0185 -0.9646 -0.2629
vn 0.0288 -0.9655 -0.2590
vn 0.0437 -0.9660 -0.2549
vn 0.0642 -0.9652 -0.2533
vn 0.0818 -0.9636 -0.2546
vn 0.1021 -0.9628 -0.2500
vn 0.1246 -0.9624 -0.2414
vn 0.1534 -0.9621 -0.2253
vn 0.2007 -0.9590 -0.1999
vn 0.2769 -0.9470 -0.1630
vn 0.3878 -0.9149 -0.1125
vn 0.5266 -0.8487 -0.0492
vn 0.6743 -0.7382 0.0182
vn 0.8060 -0.5867 0.0783
vn 0.9051 -0.4072 0.1226
vn 0.9638 -0.2207 0.1497
vn 0.9791 -0.1249 0.1605
vn -0.9739 -0.1408 0.1780
vn -0.9536 -0.2565 0.1579
vn -0.8684 -0.4866 0.0954
vn -0.7297 -0.6837 0.0096
vn -0.5748 -0.8147 -0.0768
vn -0.4312 -0.8892 -0.1527
vn -0.3107 -0.9259 -0.2149
vn -0.2168 -0.9401 -0.2629
vn -0.1513 -0.9418 -0.3002
vn -0.1097 -0.9375 -0.3303
vn -0.0867 -0.9307 -0.3553
vn -0.0758 -0.9243 -0.3740
vn -0.0674 -0.9197 -0.3867
vn -0.0592 -0.9203 -0.3868
vn -0.0254 -0.9265 -0.3755
vn 0.0054 -0.9225 -0.3860
vn 0.0114 -0.9122 -0.4097
vn 0.0125 -0.9076 -0.4196
vn 0.0147 -0.9063 -0.4223
vn 0.0137 -0.9053 -0.4246
vn 0.0133 -0.9042 -0.4269
vn 0.0120 -0.9029 -0.4296
vn 0.0086 -0.9018 -0.4322
vn 0.0079 -0.9024 -0.4309
vn 0.0062 -0.9068 -0.4216
vn 0.0089 -0.9166 -0.3997
vn 0.0309 -0.9269 -0.3740
vn 0.0657 -0.9281 -0.3664
vn 0.0764 -0.9245 -0.3734
vn 0.0850 -0.9266 -0.3663
vn 0.0994 -0.9315 -0.3499
vn 0.1166 -0.9380 -0.3265
vn 0.1519 -0.9439 -0.2931
vn 0.2159 -0.9445 -0.2477
vn 0.3174 -0.9298 -0.1864
vn 0.4559 -0.8835 -0.1073
vn 0.6168 -0.7869 -0.0175
vn 0.7701 -0.6343 0.0676
vn 0.8877 -0.4413 0.1311
vn 0.9563 -0.2401 0.1668
vn 0.9739 -0.1391 0.1796
vn -0.9618 -0.1830 0.2036
vn -0.9353 -0.3141 0.1632
vn -0.8215 -0.5663 0.0668
vn -0.6561 -0.7533 -0.0467
vn -0.4890 -0.8592 -0.1509
vn -0.3442 -0.9082 -0.2380
vn -0.2289 -0.9232 -0.3088
vn -0.1428 -0.9201 -0.3648
vn -0.0851 -0.9081 -0.4100
vn -0.0494 -0.8926 -0.4481
vn -0.0322 -0.8753 -0.4826
vn -0.0307 -0.8575 -0.5136
vn -0.0181 -0.8369 -0.5471
vn -0.0737 -0.8115 -0.5796
vn -0.0425 -0.8477 -0.5288
vn 0.0527 -0.8598 -0.5079
vn 0.0612 -0.8298 -0.5548
vn 0.0240 -0.8119 -0.5833
vn 0.0189 -0.8155 -0.5785
vn 0.0190 -0.8158 -0.5781
vn 0.0193 -0.8148 -0.5794
vn 0.0222 -0.8133 -0.5815
vn 0.0178 -0.8090 -0.5875
vn 0.0094 -0.8058 -0.5921
vn -0.0195 -0.8087 -0.5879
vn -0.0480 -0.8309 -0.5543
vn -0.0141 -0.8639 -0.5034
vn 0.0770 -0.8728 -0.4819
vn 0.0897 -0.8530 -0.5142
vn 0.0519 -0.8504 -0.5235
vn 0.0569 -0.8695 -0.4906
vn 0.0627 -0.8858 -0.4598
vn 0.0839 -0.9032 -0.4210
vn 0.1329 -0.9195 -0.3700
vn 0.2201 -0.9276 -0.3019
vn 0.3537 -0.9116 -0.2096
vn 0.5269 -0.8447 -0.0939
vn 0.7107 -0.7029 0.0288
vn 0.8602 -0.4933 0.1293
vn 0.9459 -0.2659 0.1859
vn 0.9670 -0.1548 0.2025
vn -0.9394 -0.2684 0.2133
vn -0.9003 -0.4115 0.1421
vn -0.7445 -0.6676 0.0003
vn -0.5504 -0.8230 -0.1408
vn -0.3734 -0.8906 -0.2597
vn -0.2297 -0.9060 -0.3556
vn -0.1212 -0.8938 -0.4319
vn -0.0450 -0.8692 -0.4925
vn 0.0030 -0.8400 -0.5425
vn 0.0280 -0.8107 -0.5848
vn 0.0399 -0.7849 -0.6184
vn 0.0361 -0.7575 -0.6519
vn 0.0686 -0.7384 -0.6709
vn -0.0183 -0.6897 -0.7239
vn -0.0792 -0.5961 -0.7990
vn -0.0042 -0.5988 -0.8009
vn 0.1401 -0.7290 -0.6700
vn 0.0540 -0.7027 -0.7095
vn 0.0098 -0.6914 -0.7224
vn 0.0221 -0.6947 -0.7190
vn 0.0236 -0.6943 -0.7193
vn 0.0306 -0.6939 -0.7195
vn 0.0310 -0.6912 -0.7220
vn 0.0192 -0.6882 -0.7253
vn -0.0318 -0.6845 -0.7283
vn -0.0987 -0.6739 -0.7322
vn -0.0507 -0.6420 -0.7651
vn 0.0017 -0.6434 -0.7656
vn 0.1468 -0.7515 -0.6432
vn 0.0295 -0.7412 -0.6707
vn -0.0195 -0.7644 -0.6444
vn -0.0063 -0.7942 -0.6076
vn 0.0011 -0.8221 -0.5694
vn 0.0306 -0.8529 -0.5212
vn 0.0951 -0.8851 -0.4556
vn 0.2093 -0.9080 -0.3629
vn 0.3854 -0.8931 -0.2319
vn 0.6037 -0.7943 -0.0677
vn 0.8083 -0.5811 0.0945
vn 0.9296 -0.3103 0.1988
vn 0.9575 -0.1747 0.2297
vn -0.8904 -0.4159 0.1850
vn -0.8321 -0.5501 0.0709
vn -0.6203 -0.7754 -0.1177
vn -0.4003 -0.8723 -0.2807
vn -0.2179 -0.8862 -0.4088
vn -0.0805 -0.8578 -0.5077
vn 0.0140 -0.8121 -0.5833
vn 0.0726 -0.7643 -0.6408
vn 0.1043 -0.7221 -0.6839
vn 0.1129 -0.6863 -0.7185
vn 0.1104 -0.6544 -0.7481
vn 0.1072 -0.6236 -0.7744
vn 0.0983 -0.5857 -0.8046
vn 0.1184 -0.5660 -0.8159
vn 0.2196 -0.4203 -0.8804
vn -0.1439 -0.1782 -0.9734
vn -0.1361 -0.4364 -0.8894
vn 0.0991 -0.5740 -0.8129
vn 0.0327 -0.5502 -0.8344
vn 0.0236 -0.5382 -0.8425
vn 0.0265 -0.5382 -0.8424
vn 0.0324 -0.5391 -0.8416
vn 0.0363 -0.5412 -0.8401
vn 0.0206 -0.5414 -0.8405
vn -0.0156 -0.5355 -0.8444
vn -0.0213 -0.4954 -0.8684
vn 0.1652 -0.3865 -0.9074
vn -0.1838 -0.2089 -0.9605
vn -0.1568 -0.4859 -0.8598
vn 0.0299 -0.6251 -0.7800
vn -0.0809 -0.6367 -0.7669
vn -0.0798 -0.6659 -0.7417
vn -0.0811 -0.6970 -0.7124
vn -0.0747 -0.7320 -0.6772
vn -0.0425 -0.7778 -0.6270
vn 0.0316 -0.8331 -0.5522
vn 0.1785 -0.8833 -0.4335
vn 0.4140 -0.8745 -0.2528
vn 0.6950 -0.7188 -0.0199
vn 0.8963 -0.4046 0.1817
vn 0.9430 -0.2173 0.2520
vn -0.7663 -0.6356 0.0941
vn -0.6975 -0.7128 -0.0741
vn -0.4242 -0.8536 -0.3024
vn -0.1866 -0.8595 -0.4759
vn -0.0108 -0.7998 -0.6002
vn 0.1046 -0.7190 -0.6871
vn 0.1683 -0.6427 -0.7474
vn 0.1942 -0.5828 -0.7891
vn 0.1949 -0.5385 -0.8198
vn 0.1844 -0.5075 -0.8417
vn 0.1761 -0.4807 -0.8590
vn 0.1733 -0.4502 -0.8759
vn 0.1746 -0.4101 -0.8952
vn 0.2377 -0.3463 -0.9075
vn 0.3874 -0.2309 -0.8925
vn -0.0767 -0.1525 -0.9853
vn -0.3744 -0.1712 -0.9113
vn 0.0080 -0.3366 -0.9416
vn 0.0643 -0.3701 -0.9268
vn 0.0348 -0.3498 -0.9362
vn 0.0268 -0.3456 -0.9380
vn 0.0296 -0.3488 -0.9367
vn 0.0330 -0.3561 -0.9339
vn 0.0249 -0.3596 -0.9328
vn 0.0179 -0.3493 -0.9368
vn 0.0752 -0.3003 -0.9509
vn 0.3021 -0.2011 -0.9318
vn -0.1411 -0.1276 -0.9817
vn -0.4675 -0.1862 -0.8642
vn -0.1223 -0.4120 -0.9030
vn -0.1176 -0.4777 -0.8706
vn -0.1413 -0.4999 -0.8545
vn -0.1485 -0.5269 -0.8368
vn -0.1605 -0.5571 -0.8148
vn -0.1652 -0.5959 -0.7859
vn -0.1442 -0.6550 -0.7418
vn -0.0693 -0.7411 -0.6678
vn 0.1158 -0.8406 -0.5292
vn 0.4425 -0.8531 -0.2763
vn 0.8020 -0.5937 0.0657
vn 0.9140 -0.3228 0.2458
vn -0.4538 -0.8884 -0.0692
vn -0.4318 -0.8429 -0.3210
vn -0.1177 -0.8176 -0.5637
vn 0.1050 -0.6970 -0.7094
vn 0.2344 -0.5630 -0.7925
vn 0.2918 -0.4542 -0.8417
vn 0.3015 -0.3795 -0.8747
vn 0.2839 -0.3330 -0.8992
vn 0.2595 -0.3051 -0.9163
vn 0.2354 -0.2820 -0.9301
vn 0.2210 -0.2619 -0.9395
vn 0.2209 -0.2441 -0.9443
vn 0.2422 -0.2145 -0.9462
vn 0.3468 -0.1388 -0.9276
vn 0.4462 -0.0478 -0.8937
vn -0.0521 -0.0830 -0.9952
vn -0.4306 -0.0655 -0.9002
vn -0.0860 -0.1280 -0.9880
vn 0.0660 -0.1595 -0.9850
vn 0.0525 -0.1428 -0.9884
vn 0.0263 -0.1337 -0.9907
vn 0.0219 -0.1396 -0.9900
vn 0.0234 -0.1509 -0.9883
vn 0.0268 -0.1596 -0.9868
vn 0.0452 -0.1537 -0.9871
vn 0.1463 -0.1204 -0.9819
vn 0.3644 -0.0591 -0.9294
vn -0.0855 -0.0397 -0.9955
vn -0.5742 -0.0129 -0.8186
vn -0.3124 -0.1694 -0.9347
vn -0.1768 -0.2659 -0.9476
vn -0.1849 -0.2901 -0.9390
vn -0.1997 -0.3087 -0.9300
vn -0.2200 -0.3335 -0.9167
vn -0.2449 -0.3590 -0.9006
vn -0.2661 -0.3934 -0.8800
vn -0.2705 -0.4523 -0.8499
vn -0.2194 -0.5622 -0.7974
vn -0.0172 -0.7431 -0.6689
vn 0.4700 -0.8253 -0.3131
vn 0.8011 -0.5881 0.1114
vn 0.0010 -1.0000 -0.0051
vn -0.0735 -0.9393 -0.3352
vn 0.1508 -0.7658 -0.6251
vn 0.3043 -0.5608 -0.7700
vn 0.3703 -0.3973 -0.8396
vn 0.3777 -0.2896 -0.8795
vn 0.3524 -0.2285 -0.9075
vn 0.3162 -0.1986 -0.9277
vn 0.2821 -0.1794 -0.9425
vn 0.2574 -0.1646 -0.9522
vn 0.2388 -0.1461 -0.9600
vn 0.2359 -0.1327 -0.9627
vn 0.2789 -0.1223 -0.9525
vn 0.4269 -0.0684 -0.9017
vn 0.4399 0.0661 -0.8956
vn -0.0849 -0.0076 -0.9964
vn -0.4338 -0.0334 -0.9004
vn -0.1083 -0.0477 -0.9930
vn 0.0692 -0.0624 -0.9956
vn 0.0677 -0.0435 -0.9968
vn 0.0267 -0.0269 -0.9993
vn 0.0130 -0.0295 -0.9995
vn 0.0132 -0.0428 -0.9990
vn 0.0234 -0.0556 -0.9982
vn 0.0540 -0.0569 -0.9969
vn 0.1798 -0.0430 -0.9828
vn 0.3743 0.0109 -0.9273
vn -0.0447 -0.0087 -0.9990
vn -0.5961 0.0539 -0.8011
vn -0.4140 -0.0303 -0.9098
vn -0.2210 -0.1413 -0.9650
vn -0.2004 -0.1719 -0.9645
vn -0.2218 -0.1821 -0.9580
vn -0.2477 -0.2012 -0.9477
vn -0.2752 -0.2233 -0.9351
vn -0.3059 -0.2451 -0.9200
vn -0.3391 -0.2719 -0.9006
vn -0.3619 -0.3272 -0.8729
vn -0.3350 -0.4560 -0.8245
vn -0.1358 -0.7232 -0.6771
vn 0.3667 -0.8784 -0.3064
vn -0.3843 0.8779 0.2857
vn 0.1269 0.7234 0.6787
vn -0.4910 0.8226 0.2867
vn -0.8091 0.5682 -0.1499
vn 0.3491 0.4245 0.8354
vn 0.0037 0.7443 0.6678
vn 0.3773 0.2752 0.8843
vn 0.2218 0.5423 0.8104
vn 0.3449 0.2189 0.9128
vn 0.2780 0.4153 0.8661
vn 0.3007 0.2030 0.9319
vn 0.2711 0.3556 0.8945
vn 0.2637 0.1975 0.9442
vn 0.2471 0.3299 0.9111
vn 0.2333 0.1958 0.9525
vn 0.2226 0.3175 0.9217
vn 0.2038 0.2025 0.9578
vn 0.2018 0.3118 0.9285
vn 0.1685 0.2254 0.9596
vn 0.1804 0.3154 0.9317
vn 0.1352 0.2451 0.9600
vn 0.1425 0.3363 0.9309
vn 0.1996 0.1671 0.9655
vn 0.1092 0.3336 0.9364
vn 0.4343 -0.0055 0.9007
vn 0.3037 0.1571 0.9397
vn 0.1562 0.0227 0.9875
vn 0.2227 0.0111 0.9748
vn -0.1797 0.1377 0.9740
vn -0.0900 0.1951 0.9766
vn 0.0042 0.3037 0.9527
vn 0.1469 0.2975 0.9434
vn -0.0508 0.4239 0.9043
vn -0.0226 0.4472 0.8942
vn 0.0423 0.2309 0.9721
vn -0.0790 0.3718 0.9249
vn 0.0455 0.2321 0.9716
vn 0.0464 0.3148 0.9480
vn 0.0037 0.2396 0.9709
vn 0.0101 0.3195 0.9475
vn -0.0400 0.2513 0.9671
vn -0.0255 0.3307 0.9434
vn -0.0642 0.2909 0.9546
vn -0.0239 0.3579 0.9335
vn 0.0251 0.4098 0.9118
vn 0.1370 0.4112 0.9012
vn -0.0129 0.4448 0.8955
vn -0.1050 0.4990 0.8602
vn 0.4490 -0.0000 0.8936
vn 0.1404 0.2057 0.9685
vn 0.2098 0.0165 0.9776
vn 0.2833 -0.0372 0.9583
vn -0.5051 0.1700 0.8462
vn -0.4380 0.1707 0.8826
vn -0.4460 0.1295 0.8856
vn -0.4416 0.2123 0.8718
vn -0.2844 0.1888 0.9399
vn -0.2482 0.2771 0.9282
vn -0.2423 0.2010 0.9492
vn -0.2283 0.2985 0.9267
vn -0.2473 0.2031 0.9474
vn -0.2374 0.3093 0.9208
vn -0.2661 0.2034 0.9422
vn -0.2561 0.3181 0.9128
vn -0.2892 0.2000 0.9361
vn -0.2759 0.3279 0.9035
vn -0.3194 0.2055 0.9251
vn -0.2932 0.3497 0.8898
vn -0.3494 0.2282 0.9088
vn -0.3004 0.3931 0.8691
vn -0.3696 0.2892 0.8831
vn -0.2810 0.4676 0.8381
vn -0.3598 0.4019 0.8420
vn -0.2189 0.5776 0.7864
vn -0.2958 0.5703 0.7663
vn -0.0923 0.7110 0.6971
vn -0.1510 0.7754 0.6131
vn 0.1184 0.8290 0.5466
vn 0.0615 0.9451 0.3209
vn 0.4184 0.8548 0.3070
vn -0.0127 0.9999 -0.0061
vn 0.4389 0.8965 0.0603
vn -0.8095 0.5777 -0.1042
vn -0.9110 0.3075 -0.2748
vn -0.4656 0.8516 0.2407
vn -0.1404 0.8482 0.5107
vn 0.0572 0.7430 0.6669
vn 0.1462 0.6458 0.7493
vn 0.1750 0.5824 0.7938
vn 0.1761 0.5452 0.8196
vn 0.1681 0.5221 0.8361
vn 0.1599 0.5044 0.8485
vn 0.1478 0.4933 0.8572
vn 0.0769 0.5027 0.8610
vn 0.0466 0.4839 0.8739
vn 0.1698 0.3145 0.9340
vn 0.0985 0.3671 0.9250
vn 0.2356 0.4293 0.8719
vn 0.0568 0.4837 0.8734
vn -0.1476 0.5081 0.8486
vn 0.0143 0.4834 0.8753
vn 0.0172 0.4731 0.8809
vn -0.0060 0.4818 0.8762
vn 0.0154 0.4955 0.8685
vn 0.1984 0.5077 0.8384
vn -0.1284 0.5471 0.8272
vn -0.2795 0.4344 0.8563
vn 0.1746 0.0983 0.9797
vn -0.2318 0.1286 0.9642
vn -0.3523 0.3508 0.8677
vn -0.1726 0.4604 0.8708
vn -0.1948 0.4792 0.8558
vn -0.2012 0.4972 0.8440
vn -0.2119 0.5192 0.8279
vn -0.2157 0.5517 0.8057
vn -0.2008 0.5968 0.7769
vn -0.1634 0.6597 0.7335
vn -0.0897 0.7370 0.6700
vn 0.0276 0.8155 0.5781
vn 0.1949 0.8713 0.4504
vn 0.4171 0.8647 0.2797
vn 0.6813 0.7295 0.0608
vn 0.7500 0.6535 -0.1017
vn -0.8944 0.3955 -0.2091
vn -0.9386 0.2161 -0.2691
vn -0.7055 0.7084 -0.0200
vn -0.4390 0.8732 0.2118
vn -0.2068 0.8914 0.4034
vn -0.0469 0.8424 0.5368
vn 0.0447 0.7817 0.6220
vn 0.0889 0.7318 0.6757
vn 0.1054 0.6956 0.7106
vn 0.1096 0.6686 0.7355
vn 0.1065 0.6458 0.7560
vn 0.0768 0.6300 0.7728
vn 0.0189 0.6418 0.7667
vn 0.0581 0.6315 0.7732
vn 0.1171 0.6009 0.7907
vn 0.2086 0.5720 0.7933
vn 0.1065 0.5394 0.8353
vn -0.1179 0.6010 0.7905
vn -0.0094 0.6145 0.7889
vn 0.0165 0.6075 0.7942
vn 0.0041 0.6103 0.7921
vn 0.0189 0.6077 0.7939
vn 0.2024 0.5812 0.7882
vn -0.0873 0.5942 0.7996
vn -0.4157 0.5814 0.6994
vn -0.1440 0.5178 0.8433
vn -0.0887 0.3850 0.9186
vn -0.1199 0.5098 0.8519
vn -0.0657 0.5875 0.8065
vn -0.1574 0.6299 0.7606
vn -0.1461 0.6537 0.7425
vn -0.1388 0.6836 0.7165
vn -0.1173 0.7231 0.6807
vn -0.0744 0.7705 0.6331
vn -0.0038 0.8216 0.5701
vn 0.0982 0.8674 0.4878
vn 0.2331 0.8938 0.3832
vn 0.4028 0.8794 0.2538
vn 0.6074 0.7885 0.0967
vn 0.8168 0.5712 -0.0816
vn 0.8778 0.4389 -0.1919
vn -0.9247 0.3152 -0.2134
vn -0.9536 0.1871 -0.2360
vn -0.8080 0.5761 -0.1239
vn -0.6176 0.7860 0.0276
vn -0.4124 0.8908 0.1909
vn -0.2366 0.9131 0.3321
vn -0.1074 0.8922 0.4388
vn -0.0251 0.8569 0.5149
vn 0.0212 0.8230 0.5677
vn 0.0438 0.7949 0.6052
vn 0.0521 0.7721 0.6334
vn 0.0481 0.7543 0.6548
vn 0.0223 0.7510 0.6600
vn 0.0252 0.7532 0.6573
vn 0.0672 0.7356 0.6741
vn 0.1113 0.7048 0.7006
vn 0.1021 0.6413 0.7605
vn -0.0354 0.6880 0.7249
vn -0.0081 0.7127 0.7014
vn 0.0119 0.7114 0.7027
vn 0.0057 0.7096 0.7046
vn -0.0067 0.7029 0.7113
vn 0.1475 0.6588 0.7378
vn -0.0375 0.6319 0.7742
vn -0.3436 0.6674 0.6607
vn -0.2026 0.7269 0.6562
vn -0.0879 0.7190 0.6894
vn -0.0359 0.7334 0.6788
vn -0.0160 0.7205 0.6932
vn -0.0818 0.7455 0.6614
vn -0.0715 0.7753 0.6275
vn -0.0501 0.8056 0.5903
vn -0.0087 0.8379 0.5457
vn 0.0537 0.8705 0.4892
vn 0.1408 0.8971 0.4188
vn 0.2524 0.9084 0.3332
vn 0.3884 0.8919 0.2315
vn 0.5488 0.8282 0.1132
vn 0.7281 0.6852 -0.0201
vn 0.8864 0.4371 -0.1524
vn 0.9305 0.2927 -0.2204
vn -0.9390 0.2843 -0.1933
vn -0.9628 0.1772 -0.2040
vn -0.8525 0.5010 -0.1493
vn -0.7142 0.6973 -0.0615
vn -0.5490 0.8340 0.0549
vn -0.3862 0.9057 0.1750
vn -0.2465 0.9276 0.2807
vn -0.1412 0.9207 0.3638
vn -0.0708 0.9017 0.4266
vn -0.0282 0.8808 0.4727
vn -0.0045 0.8620 0.5070
vn 0.0072 0.8466 0.5322
vn 0.0066 0.8362 0.5484
vn 0.0054 0.8321 0.5546
vn 0.0236 0.8216 0.5696
vn 0.0322 0.8054 0.5919
vn 0.0543 0.7725 0.6327
vn 0.0244 0.7763 0.6299
vn 0.0043 0.7889 0.6145
vn 0.0046 0.7894 0.6138
vn 0.0010 0.7848 0.6197
vn -0.0301 0.7818 0.6228
vn 0.0355 0.7550 0.6548
vn -0.0080 0.6851 0.7284
vn -0.2170 0.7446 0.6313
vn -0.1364 0.8051 0.5773
vn -0.0621 0.8305 0.5535
vn -0.0124 0.8382 0.5452
vn -0.0029 0.8356 0.5494
vn -0.0126 0.8466 0.5321
vn 0.0048 0.8649 0.5020
vn 0.0382 0.8853 0.4635
vn 0.0916 0.9044 0.4167
vn 0.1653 0.9183 0.3598
vn 0.2596 0.9207 0.2914
vn 0.3727 0.9037 0.2108
vn 0.5039 0.8556 0.1188
vn 0.6507 0.7592 0.0172
vn 0.8027 0.5898 -0.0878
vn 0.9217 0.3457 -0.1760
vn 0.9545 0.2093 -0.2122
vn -0.9469 0.2702 -0.1742
vn -0.9682 0.1733 -0.1805
vn -0.8746 0.4618 -0.1477
vn -0.7660 0.6358 -0.0951
vn -0.6336 0.7735 -0.0184
vn -0.4918 0.8677 0.0718
vn -0.3575 0.9198 0.1619
vn -0.2437 0.9395 0.2409
vn -0.1578 0.9393 0.3045
vn -0.0989 0.9301 0.3538
vn -0.0610 0.9184 0.3909
vn -0.0374 0.9068 0.4198
vn -0.0243 0.8966 0.4421
vn -0.0184 0.8891 0.4574
vn -0.0100 0.8813 0.4724
vn -0.0047 0.8720 0.4894
vn 0.0115 0.8624 0.5062
vn 0.0248 0.8527 0.5219
vn 0.0078 0.8501 0.5265
vn -0.0025 0.8487 0.5289
vn -0.0079 0.8451 0.5346
vn -0.0284 0.8425 0.5380
vn -0.0517 0.8440 0.5339
vn -0.0353 0.8129 0.5814
vn -0.0771 0.8337 0.5468
vn -0.0500 0.8677 0.4946
vn -0.0174 0.8874 0.4607
vn 0.0128 0.8951 0.4457
vn 0.0252 0.9007 0.4337
vn 0.0402 0.9096 0.4136
vn 0.0695 0.9199 0.3859
vn 0.1135 0.9295 0.3509
vn 0.1755 0.9352 0.3075
vn 0.2561 0.9326 0.2545
vn 0.3537 0.9155 0.1916
vn 0.4651 0.8772 0.1194
vn 0.5890 0.8072 0.0402
vn 0.7206 0.6921 -0.0425
vn 0.8473 0.5175 -0.1194
vn 0.9399 0.2945 -0.1728
vn 0.9665 0.1739 -0.1887
vn -0.9518 0.2629 -0.1577
vn -0.9715 0.1741 -0.1608
vn -0.8878 0.4385 -0.1396
vn -0.7959 0.5963 -0.1042
vn -0.6853 0.7263 -0.0531
vn -0.5635 0.8260 0.0121
vn -0.4394 0.8945 0.0824
vn -0.3260 0.9334 0.1499
vn -0.2325 0.9501 0.2082
vn -0.1628 0.9530 0.2555
vn -0.1143 0.9492 0.2933
vn -0.0815 0.9427 0.3235
vn -0.0600 0.9356 0.3480
vn -0.0468 0.9289 0.3673
vn -0.0370 0.9231 0.3828
vn -0.0284 0.9172 0.3973
vn -0.0149 0.9124 0.4090
vn 0.0011 0.9049 0.4257
vn -0.0022 0.8988 0.4383
vn -0.0092 0.8958 0.4443
vn -0.0138 0.8938 0.4483
vn -0.0238 0.8933 0.4489
vn -0.0382 0.8970 0.4403
vn -0.0353 0.9030 0.4282
vn -0.0175 0.9106 0.4130
vn 0.0024 0.9192 0.3939
vn 0.0224 0.9272 0.3738
vn 0.0432 0.9326 0.3583
vn 0.0610 0.9381 0.3410
vn 0.0861 0.9437 0.3194
vn 0.1232 0.9482 0.2929
vn 0.1744 0.9495 0.2607
vn 0.2427 0.9445 0.2214
vn 0.3281 0.9285 0.1739
vn 0.4273 0.8964 0.1182
vn 0.5357 0.8425 0.0558
vn 0.6510 0.7590 -0.0096
vn 0.7682 0.6360 -0.0734
vn 0.8742 0.4684 -0.1277
vn 0.9492 0.2717 -0.1585
vn 0.9726 0.1655 -0.1633
vn -0.9551 0.2610 -0.1404
vn -0.9739 0.1777 -0.1414
vn -0.8970 0.4227 -0.1292
vn -0.8155 0.5692 -0.1043
vn -0.7189 0.6919 -0.0670
vn -0.6117 0.7908 -0.0201
vn -0.4985 0.8662 0.0336
vn -0.3890 0.9170 0.0880
vn -0.2927 0.9463 0.1375
vn -0.2169 0.9595 0.1797
vn -0.1613 0.9633 0.2146
vn -0.1219 0.9622 0.2435
vn -0.0944 0.9589 0.2676
vn -0.0753 0.9548 0.2877
vn -0.0612 0.9506 0.3043
vn -0.0491 0.9467 0.3184
vn -0.0356 0.9431 0.3305
vn -0.0219 0.9385 0.3447
vn -0.0168 0.9340 0.3569
vn -0.0159 0.9314 0.3638
vn -0.0151 0.9304 0.3662
vn -0.0158 0.9311 0.3645
vn -0.0169 0.9344 0.3558
vn -0.0085 0.9404 0.3400
vn 0.0121 0.9456 0.3252
vn 0.0325 0.9498 0.3111
vn 0.0521 0.9536 0.2967
vn 0.0724 0.9567 0.2819
vn 0.0949 0.9596 0.2647
vn 0.1253 0.9616 0.2443
vn 0.1671 0.9610 0.2202
vn 0.2234 0.9557 0.1917
vn 0.2966 0.9420 0.1571
vn 0.3855 0.9155 0.1154
vn 0.4846 0.8722 0.0669
vn 0.5895 0.8076 0.0146
vn 0.6959 0.7171 -0.0381
vn 0.7996 0.5943 -0.0862
vn 0.8910 0.4374 -0.1217
vn 0.9546 0.2633 -0.1395
vn 0.9753 0.1705 -0.1406
vn -0.9574 0.2618 -0.1217
vn -0.9759 0.1802 -0.1230
vn -0.9023 0.4156 -0.1143
vn -0.8287 0.5508 -0.0990
vn -0.7423 0.6663 -0.0714
vn -0.6458 0.7627 -0.0359
vn -0.5413 0.8408 0.0055
vn -0.4359 0.8987 0.0485
vn -0.3396 0.9364 0.0888
vn -0.2605 0.9574 0.1242
vn -0.2006 0.9674 0.1545
vn -0.1567 0.9710 0.1803
vn -0.1250 0.9713 0.2025
vn -0.1016 0.9698 0.2215
vn -0.0836 0.9677 0.2377
vn -0.0685 0.9654 0.2517
vn -0.0539 0.9630 0.2640
vn -0.0399 0.9603 0.2759
vn -0.0294 0.9578 0.2859
vn -0.0213 0.9563 0.2917
vn -0.0140 0.9558 0.2935
vn -0.0068 0.9567 0.2910
vn 0.0015 0.9590 0.2834
vn 0.0155 0.9625 0.2707
vn 0.0354 0.9655 0.2580
vn 0.0554 0.9678 0.2457
vn 0.0759 0.9695 0.2331
vn 0.0981 0.9707 0.2194
vn 0.1241 0.9711 0.2037
vn 0.1577 0.9699 0.1854
vn 0.2027 0.9653 0.1646
vn 0.2625 0.9547 0.1401
vn 0.3398 0.9340 0.1104
vn 0.4313 0.8991 0.0743
vn 0.5303 0.8472 0.0331
vn 0.6307 0.7760 -0.0101
vn 0.7290 0.6825 -0.0519
vn 0.8209 0.5644 -0.0872
vn 0.9003 0.4210 -0.1107
vn 0.9577 0.2613 -0.1206
vn 0.9768 0.1766 -0.1208
vn -0.9585 0.2636 -0.1087
vn -0.9766 0.1864 -0.1070
vn -0.9047 0.4131 -0.1042
vn -0.8375 0.5385 -0.0930
vn -0.7606 0.6453 -0.0712
vn -0.6712 0.7403 -0.0385
vn -0.5725 0.8199 -0.0065
vn -0.4698 0.8824 0.0258
vn -0.3745 0.9255 0.0568
vn -0.2943 0.9519 0.0850
vn -0.2321 0.9665 0.1098
vn -0.1858 0.9737 0.1318
vn -0.1512 0.9769 0.1512
vn -0.1248 0.9778 0.1684
vn -0.1040 0.9775 0.1834
vn -0.0864 0.9767 0.1966
vn -0.0698 0.9756 0.2081
vn -0.0535 0.9745 0.2180
vn -0.0387 0.9734 0.2256
vn -0.0252 0.9728 0.2301
vn -0.0122 0.9728 0.2314
vn 0.0009 0.9734 0.2290
vn 0.0156 0.9747 0.2232
vn 0.0339 0.9762 0.2140
vn 0.0546 0.9775 0.2038
vn 0.0746 0.9784 0.1929
vn 0.0962 0.9787 0.1815
vn 0.1201 0.9782 0.1692
vn 0.1484 0.9767 0.1553
vn 0.1840 0.9729 0.1398
vn 0.2309 0.9653 0.1223
vn 0.2934 0.9505 0.1021
vn 0.3743 0.9241 0.0775
vn 0.4683 0.8824 0.0466
vn 0.5661 0.8243 0.0116
vn 0.6625 0.7487 -0.0229
vn 0.7528 0.6559 -0.0548
vn 0.8355 0.5436 -0.0796
vn 0.9069 0.4099 -0.0973
vn 0.9597 0.2601 -0.1062
vn 0.9777 0.1804 -0.1071
vn -0.9580 0.2693 -0.0985
vn -0.9762 0.1925 -0.0999
vn -0.9014 0.4210 -0.1005
vn -0.8374 0.5350 -0.1116
vn -0.7779 0.6203 -0.1009
vn -0.6980 0.7140 -0.0557
vn -0.5948 0.8038 -0.0108
vn -0.4924 0.8703 0.0151
vn -0.3985 0.9164 0.0369
vn -0.3187 0.9461 0.0575
vn -0.2564 0.9635 0.0768
vn -0.2089 0.9733 0.0947
vn -0.1728 0.9787 0.1110
vn -0.1446 0.9815 0.1258
vn -0.1218 0.9828 0.1390
vn -0.1019 0.9833 0.1506
vn -0.0829 0.9836 0.1604
vn -0.0637 0.9837 0.1684
vn -0.0452 0.9837 0.1742
vn -0.0277 0.9837 0.1775
vn -0.0105 0.9839 0.1784
vn 0.0070 0.9842 0.1767
vn 0.0258 0.9847 0.1724
vn 0.0472 0.9850 0.1660
vn 0.0698 0.9849 0.1585
vn 0.0912 0.9846 0.1494
vn 0.1135 0.9837 0.1394
vn 0.1386 0.9820 0.1286
vn 0.1681 0.9788 0.1168
vn 0.2049 0.9732 0.1040
vn 0.2528 0.9633 0.0902
vn 0.3168 0.9456 0.0747
vn 0.4010 0.9144 0.0559
vn 0.4985 0.8663 0.0313
vn 0.5954 0.8034 0.0025
vn 0.6858 0.7274 -0.0257
vn 0.7703 0.6357 -0.0504
vn 0.8464 0.5276 -0.0718
vn 0.9129 0.3987 -0.0877
vn 0.9618 0.2563 -0.0965
vn 0.9785 0.1813 -0.0981
vn -0.9560 0.2424 -0.1650
vn -0.9665 0.1592 -0.2011
vn -0.9086 0.4092 -0.0835
vn -0.8348 0.5504 -0.0127
vn -0.7891 0.6141 -0.0159
vn -0.7363 0.6758 -0.0342
vn -0.6295 0.7768 -0.0192
vn -0.5092 0.8606 0.0047
vn -0.4134 0.9103 0.0221
vn -0.3355 0.9413 0.0373
vn -0.2742 0.9603 0.0519
vn -0.2268 0.9717 0.0658
vn -0.1901 0.9786 0.0789
vn -0.1608 0.9828 0.0910
vn -0.1363 0.9854 0.1017
vn -0.1141 0.9873 0.1109
vn -0.0926 0.9886 0.1185
vn -0.0709 0.9897 0.1245
vn -0.0496 0.9904 0.1287
vn -0.0291 0.9909 0.1311
vn -0.0089 0.9912 0.1317
vn 0.0116 0.9914 0.1305
vn 0.0332 0.9913 0.1277
vn 0.0567 0.9908 0.1233
vn 0.0810 0.9897 0.1181
vn 0.1043 0.9883 0.1117
vn 0.1279 0.9863 0.1039
vn 0.1537 0.9835 0.0950
vn 0.1839 0.9792 0.0854
vn 0.2208 0.9724 0.0753
vn 0.2685 0.9611 0.0650
vn 0.3324 0.9416 0.0546
vn 0.4189 0.9070 0.0430
vn 0.5213 0.8530 0.0257
vn 0.6168 0.7871 0.0033
vn 0.7060 0.7080 -0.0169
vn 0.7874 0.6150 -0.0427
vn 0.8584 0.5083 -0.0693
vn 0.9178 0.3867 -0.0895
vn 0.9627 0.2513 -0.1004
vn 0.9778 0.1813 -0.1050
vn -0.8810 0.1236 -0.4566
vn -0.8737 0.0857 -0.4789
vn -0.9014 0.2209 -0.3725
vn -0.9065 0.3890 -0.1641
vn -0.7817 0.6210 0.0573
vn -0.6909 0.7211 0.0508
vn -0.6117 0.7909 0.0160
vn -0.5153 0.8570 0.0057
vn -0.4247 0.9053 0.0122
vn -0.3478 0.9373 0.0224
vn -0.2872 0.9573 0.0329
vn -0.2400 0.9698 0.0428
vn -0.2029 0.9778 0.0522
vn -0.1726 0.9831 0.0607
vn -0.1466 0.9869 0.0681
vn -0.1226 0.9897 0.0744
vn -0.0992 0.9919 0.0796
vn -0.0755 0.9936 0.0837
vn -0.0523 0.9949 0.0864
vn -0.0298 0.9957 0.0880
vn -0.0076 0.9961 0.0884
vn 0.0148 0.9960 0.0877
vn 0.0383 0.9956 0.0860
vn 0.0632 0.9945 0.0833
vn 0.0887 0.9928 0.0802
vn 0.1134 0.9906 0.0762
vn 0.1384 0.9878 0.0714
vn 0.1653 0.9841 0.0655
vn 0.1959 0.9789 0.0590
vn 0.2327 0.9712 0.0519
vn 0.2788 0.9593 0.0450
vn 0.3391 0.9399 0.0408
vn 0.4209 0.9060 0.0443
vn 0.5271 0.8477 0.0594
vn 0.6425 0.7642 0.0567
vn 0.7301 0.6833 0.0044
vn 0.8090 0.5861 -0.0450
vn 0.8746 0.4783 -0.0791
vn 0.9258 0.3614 -0.1111
vn 0.9618 0.2336 -0.1428
vn 0.9718 0.1717 -0.1619
vn -0.9836 0.1178 -0.1368
vn -0.9827 0.0336 -0.1822
vn -0.9768 0.1560 -0.1471
vn -0.9760 0.1072 -0.1895
vn -0.9041 0.4103 -0.1196
vn -0.6932 0.7202 -0.0283
vn -0.5935 0.8048 -0.0019
vn -0.5053 0.8629 0.0066
vn -0.4246 0.9053 0.0092
vn -0.3530 0.9355 0.0129
vn -0.2942 0.9556 0.0177
vn -0.2476 0.9686 0.0227
vn -0.2102 0.9773 0.0273
vn -0.1791 0.9833 0.0316
vn -0.1521 0.9877 0.0355
vn -0.1271 0.9911 0.0388
vn -0.1027 0.9938 0.0416
vn -0.0778 0.9960 0.0437
vn -0.0532 0.9976 0.0451
vn -0.0296 0.9985 0.0459
vn -0.0064 0.9989 0.0461
vn 0.0172 0.9988 0.0457
vn 0.0415 0.9981 0.0449
vn 0.0672 0.9968 0.0438
vn 0.0933 0.9947 0.0425
vn 0.1188 0.9921 0.0409
vn 0.1445 0.9887 0.0389
vn 0.1720 0.9844 0.0364
vn 0.2031 0.9786 0.0336
vn 0.2399 0.9703 0.0304
vn 0.2842 0.9584 0.0271
vn 0.3374 0.9410 0.0250
vn 0.3992 0.9164 0.0279
vn 0.4845 0.8737 0.0449
vn 0.6859 0.7267 0.0383
vn 0.7941 0.5987 -0.1051
vn 0.8231 0.5302 -0.2033
vn 0.8556 0.4723 -0.2119
vn 0.9320 0.3187 -0.1725
vn 0.9628 0.1553 -0.2211
vn 0.9472 0.1217 -0.2965
vn -0.9668 0.0222 0.2546
vn -0.9653 -0.1204 0.2318
vn -0.9365 0.2860 0.2030
vn -0.9244 0.3815 0.0047
vn -0.8613 0.4697 -0.1938
vn -0.7202 0.6684 -0.1861
vn -0.6406 0.7618 -0.0966
vn -0.5232 0.8521 -0.0129
vn -0.4283 0.9036 0.0015
vn -0.3537 0.9354 0.0026
vn -0.2949 0.9555 0.0013
vn -0.2486 0.9686 0.0010
vn -0.2115 0.9774 0.0015
vn -0.1805 0.9836 0.0017
vn -0.1534 0.9882 0.0022
vn -0.1281 0.9918 0.0027
vn -0.1032 0.9947 0.0031
vn -0.0778 0.9970 0.0035
vn -0.0527 0.9986 0.0036
vn -0.0287 0.9996 0.0036
vn -0.0049 1.0000 0.0034
vn 0.0187 0.9998 0.0035
vn 0.0433 0.9991 0.0035
vn 0.0691 0.9976 0.0036
vn 0.0952 0.9955 0.0041
vn 0.1208 0.9927 0.0048
vn 0.1467 0.9892 0.0054
vn 0.1743 0.9847 0.0060
vn 0.2056 0.9786 0.0064
vn 0.2425 0.9701 0.0067
vn 0.2869 0.9579 0.0063
vn 0.3398 0.9405 0.0042
vn 0.3988 0.9170 -0.0014
vn 0.4727 0.8812 -0.0066
vn 0.7283 0.6840 0.0428
vn 0.9091 0.4070 0.0890
vn 0.9156 0.4014 -0.0247
vn 0.8453 0.4965 -0.1975
vn 0.8812 0.3928 -0.2630
vn 0.9693 0.0858 -0.2306
vn 0.9796 -0.0711 -0.1880
vn -0.9737 0.1492 0.1721
vn -0.9631 0.0956 0.2515
vn -0.8802 0.4567 0.1291
vn -0.7808 0.6191 0.0843
vn -0.8079 0.5892 -0.0139
vn -0.7845 0.6175 -0.0570
vn -0.7431 0.6668 -0.0565
vn -0.5999 0.7997 -0.0264
vn -0.4320 0.9019 -0.0078
vn -0.3475 0.9376 -0.0113
vn -0.2891 0.9572 -0.0167
vn -0.2441 0.9695 -0.0216
vn -0.2078 0.9778 -0.0257
vn -0.1774 0.9837 -0.0290
vn -0.1507 0.9881 -0.0317
vn -0.1257 0.9915 -0.0339
vn -0.1010 0.9942 -0.0356
vn -0.0757 0.9964 -0.0370
vn -0.0508 0.9980 -0.0382
vn -0.0271 0.9989 -0.0390
vn -0.0038 0.9992 -0.0393
vn 0.0196 0.9990 -0.0391
vn 0.0437 0.9983 -0.0383
vn 0.0689 0.9969 -0.0368
vn 0.0944 0.9949 -0.0344
vn 0.1196 0.9923 -0.0315
vn 0.1453 0.9890 -0.0281
vn 0.1728 0.9847 -0.0243
vn 0.2043 0.9787 -0.0202
vn 0.2420 0.9701 -0.0161
vn 0.2888 0.9573 -0.0127
vn 0.3476 0.9376 -0.0120
vn 0.4184 0.9080 -0.0191
vn 0.4904 0.8704 -0.0426
vn 0.5972 0.8003 -0.0541
vn 0.8000 0.5851 0.1329
vn 0.9053 0.2609 0.3351
vn 0.9195 0.1010 0.3799
vn 0.9369 0.2174 0.2736
vn 0.9579 0.1915 0.2137
vn 0.9620 0.1049 0.2522
vn -0.9740 0.2252 0.0250
vn -0.9750 0.2078 0.0793
vn -0.9353 0.3538 0.0070
vn -0.8321 0.5419 0.1179
vn -0.7559 0.6295 0.1799
vn -0.7191 0.6784 0.1506
vn -0.6693 0.7383 0.0827
vn -0.5650 0.8251 0.0040
vn -0.4239 0.9054 -0.0242
vn -0.3400 0.9399 -0.0322
vn -0.2812 0.9589 -0.0390
vn -0.2360 0.9707 -0.0459
vn -0.2000 0.9784 -0.0529
vn -0.1703 0.9836 -0.0594
vn -0.1442 0.9874 -0.0653
vn -0.1201 0.9903 -0.0703
vn -0.0962 0.9926 -0.0743
vn -0.0716 0.9944 -0.0774
vn -0.0475 0.9957 -0.0800
vn -0.0248 0.9964 -0.0816
vn -0.0027 0.9966 -0.0822
vn 0.0196 0.9965 -0.0817
vn 0.0425 0.9959 -0.0799
vn 0.0664 0.9948 -0.0770
vn 0.0907 0.9932 -0.0727
vn 0.1148 0.9911 -0.0673
vn 0.1396 0.9883 -0.0609
vn 0.1666 0.9846 -0.0536
vn 0.1978 0.9792 -0.0456
vn 0.2361 0.9710 -0.0372
vn 0.2851 0.9581 -0.0289
vn 0.3496 0.9367 -0.0215
vn 0.4340 0.9008 -0.0162
vn 0.5306 0.8474 -0.0194
vn 0.6022 0.7971 -0.0451
vn 0.6872 0.7253 -0.0424
vn 0.8109 0.5823 0.0576
vn 0.8912 0.3569 0.2798
vn 0.8685 0.2187 0.4448
vn 0.8507 0.1610 0.5004
vn 0.8501 0.1425 0.5070
vn -0.9462 0.3105 0.0905
vn -0.9558 0.2759 0.1017
vn -0.9325 0.3576 0.0500
vn -0.8918 0.4514 0.0289
vn -0.8022 0.5956 0.0417
vn -0.7076 0.7053 0.0419
vn -0.6226 0.7824 0.0121
vn -0.5232 0.8518 -0.0251
vn -0.4154 0.9086 -0.0441
vn -0.3327 0.9415 -0.0535
vn -0.2716 0.9604 -0.0624
vn -0.2249 0.9717 -0.0717
vn -0.1885 0.9787 -0.0811
vn -0.1589 0.9832 -0.0901
vn -0.1336 0.9861 -0.0987
vn -0.1108 0.9881 -0.1065
vn -0.0884 0.9897 -0.1130
vn -0.0650 0.9909 -0.1182
vn -0.0425 0.9916 -0.1225
vn -0.0216 0.9919 -0.1252
vn -0.0016 0.9920 -0.1261
vn 0.0187 0.9920 -0.1252
vn 0.0396 0.9917 -0.1225
vn 0.0613 0.9911 -0.1180
vn 0.0837 0.9902 -0.1115
vn 0.1061 0.9889 -0.1036
vn 0.1293 0.9871 -0.0943
vn 0.1552 0.9843 -0.0838
vn 0.1859 0.9799 -0.0724
vn 0.2246 0.9726 -0.0602
vn 0.2747 0.9604 -0.0474
vn 0.3407 0.9396 -0.0340
vn 0.4265 0.9043 -0.0185
vn 0.5276 0.8495 0.0012
vn 0.6228 0.7821 0.0192
vn 0.6963 0.7176 0.0144
vn 0.7732 0.6340 0.0117
vn 0.8547 0.5172 0.0456
vn 0.9182 0.3774 0.1202
vn 0.9504 0.2517 0.1826
vn 0.9599 0.1916 0.2048
vn -0.9548 0.2694 0.1258
vn -0.9835 0.1599 0.0844
vn -0.9012 0.4093 0.1423
vn -0.8544 0.5094 0.1026
vn -0.7852 0.6166 0.0567
vn -0.6934 0.7202 0.0229
vn -0.5967 0.8025 -0.0057
vn -0.4971 0.8670 -0.0343
vn -0.4004 0.9146 -0.0567
vn -0.3192 0.9448 -0.0734
vn -0.2570 0.9624 -0.0878
vn -0.2098 0.9725 -0.1011
vn -0.1732 0.9783 -0.1134
vn -0.1441 0.9817 -0.1248
vn -0.1193 0.9836 -0.1353
vn -0.0975 0.9846 -0.1452
vn -0.0770 0.9850 -0.1541
vn -0.0555 0.9853 -0.1617
vn -0.0352 0.9852 -0.1680
vn -0.0173 0.9849 -0.1721
vn -0.0004 0.9848 -0.1735
vn 0.0168 0.9849 -0.1722
vn 0.0346 0.9851 -0.1684
vn 0.0534 0.9853 -0.1621
vn 0.0732 0.9855 -0.1534
vn 0.0935 0.9853 -0.1430
vn 0.1150 0.9847 -0.1311
vn 0.1397 0.9831 -0.1182
vn 0.1696 0.9800 -0.1040
vn 0.2080 0.9741 -0.0884
vn 0.2580 0.9635 -0.0713
vn 0.3239 0.9446 -0.0524
vn 0.4076 0.9127 -0.0304
vn 0.5042 0.8636 -0.0036
vn 0.6028 0.7974 0.0277
vn 0.6906 0.7212 0.0547
vn 0.7678 0.6368 0.0706
vn 0.8400 0.5365 0.0811
vn 0.9062 0.4124 0.0928
vn 0.9561 0.2749 0.1010
vn 0.9727 0.2097 0.0991
vn -0.9650 0.2430 0.0985
vn -0.9804 0.1682 0.1026
vn -0.9107 0.4011 0.0990
vn -0.8377 0.5388 0.0894
vn -0.7578 0.6498 0.0597
vn -0.6656 0.7459 0.0244
vn -0.5671 0.8236 -0.0123
vn -0.4680 0.8825 -0.0466
vn -0.3755 0.9237 -0.0760
vn -0.2968 0.9497 -0.0997
vn -0.2356 0.9645 -0.1195
vn -0.1891 0.9724 -0.1369
vn -0.1536 0.9763 -0.1523
vn -0.1256 0.9781 -0.1661
vn -0.1020 0.9786 -0.1784
vn -0.0810 0.9785 -0.1897
vn -0.0616 0.9778 -0.2005
vn -0.0419 0.9767 -0.2106
vn -0.0248 0.9753 -0.2197
vn -0.0114 0.9742 -0.2255
vn 0.0010 0.9738 -0.2274
vn 0.0137 0.9741 -0.2258
vn 0.0273 0.9749 -0.2208
vn 0.0420 0.9763 -0.2123
vn 0.0587 0.9778 -0.2011
vn 0.0772 0.9791 -0.1882
vn 0.0974 0.9798 -0.1747
vn 0.1206 0.9797 -0.1600
vn 0.1489 0.9784 -0.1434
vn 0.1859 0.9746 -0.1246
vn 0.2348 0.9665 -0.1034
vn 0.2994 0.9509 -0.0790
vn 0.3814 0.9230 -0.0506
vn 0.4768 0.8788 -0.0179
vn 0.5758 0.8174 0.0173
vn 0.6701 0.7405 0.0514
vn 0.7562 0.6494 0.0800
vn 0.8333 0.5440 0.0988
vn 0.9025 0.4165 0.1099
vn 0.9570 0.2670 0.1137
vn 0.9751 0.1933 0.1085
vn -0.9619 0.2464 0.1182
vn -0.9801 0.1606 0.1169
vn -0.9064 0.4081 0.1092
vn -0.8257 0.5571 0.0883
vn -0.7324 0.6787 0.0554
vn -0.6322 0.7747 0.0127
vn -0.5299 0.8475 -0.0309
vn -0.4315 0.8992 -0.0719
vn -0.3414 0.9338 -0.1076
vn -0.2658 0.9542 -0.1370
vn -0.2069 0.9649 -0.1615
vn -0.1625 0.9697 -0.1826
vn -0.1290 0.9711 -0.2010
vn -0.1032 0.9707 -0.2170
vn -0.0815 0.9696 -0.2309
vn -0.0617 0.9679 -0.2436
vn -0.0424 0.9658 -0.2557
vn -0.0234 0.9631 -0.2681
vn -0.0106 0.9597 -0.2807
vn -0.0035 0.9575 -0.2884
vn 0.0027 0.9567 -0.2909
vn 0.0095 0.9573 -0.2889
vn 0.0172 0.9591 -0.2827
vn 0.0266 0.9619 -0.2721
vn 0.0397 0.9654 -0.2578
vn 0.0576 0.9686 -0.2420
vn 0.0774 0.9708 -0.2271
vn 0.0984 0.9724 -0.2116
vn 0.1239 0.9732 -0.1936
vn 0.1582 0.9722 -0.1724
vn 0.2044 0.9677 -0.1474
vn 0.2664 0.9566 -0.1178
vn 0.3463 0.9345 -0.0828
vn 0.4417 0.8961 -0.0426
vn 0.5433 0.8395 0.0002
vn 0.6438 0.7641 0.0416
vn 0.7384 0.6699 0.0781
vn 0.8249 0.5552 0.1063
vn 0.8997 0.4191 0.1221
vn 0.9564 0.2628 0.1275
vn 0.9754 0.1807 0.1264
vn -0.9589 0.2491 0.1360
vn -0.9770 0.1616 0.1391
vn -0.8988 0.4220 0.1187
vn -0.8070 0.5841 0.0870
vn -0.6998 0.7132 0.0405
vn -0.5900 0.8073 -0.0120
vn -0.4832 0.8732 -0.0643
vn -0.3849 0.9161 -0.1124
vn -0.2977 0.9422 -0.1538
vn -0.2261 0.9557 -0.1883
vn -0.1707 0.9611 -0.2171
vn -0.1293 0.9618 -0.2414
vn -0.0991 0.9599 -0.2623
vn -0.0766 0.9569 -0.2800
vn -0.0569 0.9537 -0.2953
vn -0.0385 0.9499 -0.3101
vn -0.0194 0.9459 -0.3239
vn 0.0004 0.9412 -0.3379
vn 0.0084 0.9354 -0.3534
vn 0.0062 0.9319 -0.3627
vn 0.0043 0.9309 -0.3653
vn 0.0042 0.9318 -0.3628
vn 0.0047 0.9343 -0.3564
vn 0.0068 0.9388 -0.3445
vn 0.0143 0.9449 -0.3271
vn 0.0333 0.9513 -0.3064
vn 0.0555 0.9555 -0.2896
vn 0.0748 0.9585 -0.2752
vn 0.0954 0.9614 -0.2580
vn 0.1251 0.9638 -0.2355
vn 0.1667 0.9638 -0.2079
vn 0.2239 0.9590 -0.1739
vn 0.3003 0.9446 -0.1323
vn 0.3952 0.9148 -0.0832
vn 0.5009 0.8650 -0.0296
vn 0.6095 0.7924 0.0229
vn 0.7139 0.6968 0.0696
vn 0.8107 0.5755 0.1077
vn 0.8943 0.4268 0.1341
vn 0.9544 0.2604 0.1456
vn 0.9736 0.1751 0.1463
vn -0.9530 0.2584 0.1584
vn -0.9750 0.1530 0.1611
vn -0.8816 0.4539 0.1290
vn -0.7761 0.6261 0.0751
vn -0.6551 0.7554 0.0112
vn -0.5354 0.8429 -0.0541
vn -0.4253 0.8976 -0.1158
vn -0.3270 0.9295 -0.1707
vn -0.2434 0.9452 -0.2176
vn -0.1765 0.9502 -0.2567
vn -0.1260 0.9490 -0.2891
vn -0.0892 0.9445 -0.3160
vn -0.0640 0.9388 -0.3383
vn -0.0461 0.9332 -0.3563
vn -0.0261 0.9274 -0.3731
vn -0.0078 0.9195 -0.3931
vn 0.0090 0.9112 -0.4118
vn 0.0263 0.9047 -0.4252
vn 0.0304 0.8991 -0.4366
vn 0.0166 0.8947 -0.4463
vn 0.0053 0.8939 -0.4482
vn -0.0016 0.8952 -0.4457
vn -0.0081 0.8979 -0.4401
vn -0.0148 0.9026 -0.4302
vn -0.0193 0.9106 -0.4129
vn -0.0016 0.9228 -0.3853
vn 0.0316 0.9320 -0.3611
vn 0.0544 0.9354 -0.3495
vn 0.0664 0.9382 -0.3397
vn 0.0871 0.9438 -0.3188
vn 0.1214 0.9493 -0.2899
vn 0.1708 0.9523 -0.2529
vn 0.2404 0.9486 -0.2057
vn 0.3326 0.9314 -0.1475
vn 0.4431 0.8928 -0.0806
vn 0.5617 0.8273 -0.0113
vn 0.6800 0.7313 0.0523
vn 0.7902 0.6039 0.1043
vn 0.8844 0.4448 0.1412
vn 0.9508 0.2645 0.1613
vn 0.9710 0.1724 0.1654
vn -0.9445 0.2797 0.1724
vn -0.9689 0.1613 0.1874
vn -0.8552 0.5038 0.1217
vn -0.7281 0.6840 0.0444
vn -0.5923 0.8048 -0.0388
vn -0.4642 0.8779 -0.1177
vn -0.3516 0.9169 -0.1888
vn -0.2549 0.9340 -0.2503
vn -0.1759 0.9369 -0.3023
vn -0.1153 0.9314 -0.3454
vn -0.0718 0.9221 -0.3802
vn -0.0425 0.9119 -0.4081
vn -0.0262 0.9029 -0.4291
vn -0.0139 0.8964 -0.4430
vn 0.0147 0.8885 -0.4586
vn 0.0441 0.8696 -0.4917
vn 0.0652 0.8385 -0.5410
vn 0.0265 0.8196 -0.5723
vn 0.0440 0.8485 -0.5273
vn 0.0259 0.8457 -0.5330
vn 0.0052 0.8451 -0.5346
vn -0.0063 0.8464 -0.5325
vn -0.0179 0.8483 -0.5292
vn -0.0307 0.8513 -0.5238
vn -0.0524 0.8550 -0.5159
vn -0.0599 0.8702 -0.4891
vn -0.0052 0.8964 -0.4432
vn 0.0469 0.9025 -0.4281
vn 0.0476 0.8977 -0.4379
vn 0.0452 0.9034 -0.4265
vn 0.0678 0.9154 -0.3968
vn 0.1062 0.9276 -0.3581
vn 0.1648 0.9370 -0.3081
vn 0.2494 0.9373 -0.2435
vn 0.3603 0.9183 -0.1640
vn 0.4899 0.8686 -0.0746
vn 0.6274 0.7786 0.0149
vn 0.7584 0.6452 0.0919
vn 0.8696 0.4713 0.1470
vn 0.9452 0.2747 0.1763
vn 0.9674 0.1740 0.1838
vn -0.9269 0.3309 0.1771
vn -0.9574 0.1952 0.2127
vn -0.8111 0.5779 0.0903
vn -0.6573 0.7535 -0.0152
vn -0.5061 0.8545 -0.1172
vn -0.3717 0.9047 -0.2083
vn -0.2581 0.9224 -0.2875
vn -0.1648 0.9205 -0.3542
vn -0.0926 0.9075 -0.4098
vn -0.0404 0.8892 -0.4557
vn -0.0071 0.8698 -0.4934
vn 0.0101 0.8524 -0.5228
vn 0.0055 0.8417 -0.5400
vn 0.0144 0.8414 -0.5402
vn 0.0596 0.8332 -0.5498
vn 0.1267 0.8092 -0.5738
vn 0.1969 0.7541 -0.6265
vn 0.0009 0.6964 -0.7177
vn -0.0348 0.7623 -0.6463
vn 0.0330 0.7869 -0.6162
vn 0.0064 0.7861 -0.6181
vn -0.0087 0.7862 -0.6179
vn -0.0223 0.7864 -0.6173
vn -0.0384 0.7871 -0.6156
vn -0.0550 0.7841 -0.6181
vn -0.1340 0.7750 -0.6176
vn -0.0908 0.8273 -0.5543
vn 0.0463 0.8577 -0.5120
vn 0.0658 0.8412 -0.5367
vn 0.0068 0.8327 -0.5537
vn 0.0032 0.8513 -0.5247
vn 0.0304 0.8742 -0.4847
vn 0.0742 0.8970 -0.4357
vn 0.1439 0.9173 -0.3714
vn 0.2469 0.9255 -0.2873
vn 0.3828 0.9057 -0.1820
vn 0.5409 0.8388 -0.0629
vn 0.7038 0.7084 0.0530
vn 0.8448 0.5155 0.1433
vn 0.9365 0.2933 0.1924
vn 0.9618 0.1808 0.2055
vn -0.8922 0.4241 0.1553
vn -0.9340 0.2792 0.2228
vn -0.7362 0.6763 0.0231
vn -0.5542 0.8249 -0.1110
vn -0.3897 0.8920 -0.2292
vn -0.2514 0.9101 -0.3295
vn -0.1398 0.8999 -0.4132
vn -0.0543 0.8745 -0.4820
vn 0.0066 0.8433 -0.5374
vn 0.0468 0.8124 -0.5813
vn 0.0678 0.7836 -0.6176
vn 0.0758 0.7560 -0.6502
vn 0.0208 0.7356 -0.6771
vn 0.0364 0.7510 -0.6593
vn 0.0919 0.7406 -0.6657
vn 0.1923 0.7350 -0.6502
vn 0.3213 0.6796 -0.6594
vn 0.0286 0.6389 -0.7688
vn -0.1434 0.6639 -0.7339
vn 0.0143 0.7084 -0.7057
vn 0.0101 0.7133 -0.7008
vn -0.0079 0.7123 -0.7019
vn -0.0207 0.7114 -0.7025
vn -0.0415 0.7072 -0.7058
vn -0.0357 0.7082 -0.7052
vn -0.1385 0.6771 -0.7227
vn -0.1745 0.6230 -0.7625
vn -0.0809 0.6404 -0.7638
vn 0.1087 0.7662 -0.6334
vn 0.0100 0.7528 -0.6582
vn -0.0671 0.7554 -0.6519
vn -0.0530 0.7854 -0.6168
vn -0.0232 0.8181 -0.5746
vn 0.0244 0.8537 -0.5202
vn 0.1050 0.8899 -0.4439
vn 0.2306 0.9122 -0.3386
vn 0.4020 0.8933 -0.2008
vn 0.6028 0.7968 -0.0409
vn 0.7957 0.5955 0.1101
vn 0.9209 0.3316 0.2050
vn 0.9529 0.1956 0.2318
vn -0.8234 0.5611 0.0849
vn -0.8829 0.4272 0.1951
vn -0.6145 0.7833 -0.0938
vn -0.4066 0.8783 -0.2514
vn -0.2336 0.8950 -0.3801
vn -0.0974 0.8701 -0.4832
vn 0.0040 0.8257 -0.5641
vn 0.0730 0.7764 -0.6261
vn 0.1144 0.7307 -0.6731
vn 0.1346 0.6928 -0.7084
vn 0.1413 0.6645 -0.7338
vn 0.1480 0.6419 -0.7524
vn 0.0612 0.6030 -0.7954
vn 0.0991 0.5383 -0.8369
vn 0.0857 0.4537 -0.8870
vn 0.1793 0.5808 -0.7940
vn 0.3948 0.5986 -0.6969
vn 0.0820 0.6022 -0.7941
vn -0.1970 0.5802 -0.7903
vn -0.0115 0.6106 -0.7918
vn 0.0119 0.6182 -0.7859
vn -0.0058 0.6179 -0.7862
vn -0.0175 0.6160 -0.7875
vn -0.0309 0.6088 -0.7928
vn -0.0404 0.5945 -0.8031
vn -0.0592 0.5775 -0.8142
vn 0.0474 0.4688 -0.8820
vn -0.2592 0.2607 -0.9300
vn -0.2002 0.5183 -0.8315
vn 0.0257 0.6565 -0.7539
vn -0.0967 0.6491 -0.7545
vn -0.1292 0.6644 -0.7361
vn -0.1142 0.6981 -0.7069
vn -0.0911 0.7378 -0.6689
vn -0.0459 0.7879 -0.6141
vn 0.0430 0.8464 -0.5308
vn 0.1966 0.8939 -0.4029
vn 0.4209 0.8799 -0.2204
vn 0.6860 0.7276 0.0020
vn 0.8874 0.4197 0.1908
vn 0.9382 0.2336 0.2554
vn -0.6881 0.7233 -0.0579
vn -0.7567 0.6453 0.1052
vn -0.4225 0.8629 -0.2774
vn -0.1966 0.8721 -0.4481
vn -0.0268 0.8178 -0.5749
vn 0.0908 0.7407 -0.6657
vn 0.1635 0.6652 -0.7285
vn 0.1995 0.6041 -0.7715
vn 0.2123 0.5608 -0.8003
vn 0.2073 0.5299 -0.8224
vn 0.1957 0.5092 -0.8381
vn 0.1871 0.4923 -0.8501
vn 0.1628 0.4727 -0.8661
vn 0.3270 0.3666 -0.8710
vn 0.1583 0.1384 -0.9776
vn -0.1191 0.1797 -0.9765
vn 0.3241 0.4783 -0.8162
vn 0.1338 0.5578 -0.8191
vn -0.1834 0.5040 -0.8440
vn -0.0167 0.4929 -0.8699
vn 0.0105 0.4937 -0.8696
vn -0.0034 0.4938 -0.8695
vn -0.0118 0.4903 -0.8715
vn -0.0122 0.4814 -0.8764
vn -0.0151 0.4575 -0.8891
vn 0.0248 0.4206 -0.9069
vn 0.2186 0.3099 -0.9253
vn -0.1957 0.1976 -0.9606
vn -0.4917 0.2237 -0.8415
vn -0.1256 0.4509 -0.8837
vn -0.1066 0.5140 -0.8512
vn -0.1770 0.5166 -0.8377
vn -0.1868 0.5352 -0.8238
vn -0.1847 0.5663 -0.8033
vn -0.1761 0.6088 -0.7735
vn -0.1426 0.6721 -0.7266
vn -0.0554 0.7619 -0.6453
vn 0.1315 0.8576 -0.4972
vn 0.4435 0.8621 -0.2450
vn 0.7936 0.6029 0.0826
vn 0.9084 0.3330 0.2529
vn -0.4236 0.8529 -0.3052
vn -0.4452 0.8936 -0.0573
vn -0.1201 0.8298 -0.5449
vn 0.0940 0.7130 -0.6949
vn 0.2219 0.5805 -0.7835
vn 0.2834 0.4719 -0.8349
vn 0.3008 0.3988 -0.8663
vn 0.2921 0.3578 -0.8869
vn 0.2729 0.3377 -0.9008
vn 0.2513 0.3289 -0.9103
vn 0.2322 0.3211 -0.9181
vn 0.2214 0.3110 -0.9243
vn 0.2390 0.2901 -0.9267
vn 0.4282 0.2299 -0.8739
vn 0.3871 0.1739 -0.9055
vn -0.2848 -0.0540 -0.9571
vn -0.0569 0.2337 -0.9706
vn 0.1417 0.5094 -0.8488
vn -0.1087 0.4128 -0.9043
vn 0.0128 0.3569 -0.9341
vn 0.0132 0.3420 -0.9396
vn 0.0009 0.3393 -0.9407
vn -0.0037 0.3339 -0.9426
vn 0.0055 0.3256 -0.9455
vn 0.0233 0.3054 -0.9519
vn 0.1095 0.2568 -0.9602
vn 0.3204 0.1653 -0.9328
vn -0.1170 0.1147 -0.9865
vn -0.5855 0.0571 -0.8086
vn -0.3183 0.2113 -0.9241
vn -0.1633 0.3203 -0.9331
vn -0.1974 0.3349 -0.9213
vn -0.2269 0.3325 -0.9154
vn -0.2435 0.3427 -0.9074
vn -0.2598 0.3627 -0.8950
vn -0.2730 0.3972 -0.8762
vn -0.2686 0.4622 -0.8451
vn -0.2094 0.5814 -0.7862
vn -0.0042 0.7644 -0.6447
vn 0.4689 0.8359 -0.2852
vn 0.7946 0.5926 0.1317
vn -0.0654 0.9458 -0.3181
vn 0.0071 0.9999 0.0104
vn 0.1513 0.7774 -0.6105
vn 0.2990 0.5724 -0.7635
vn 0.3636 0.4044 -0.8392
vn 0.3722 0.2930 -0.8807
vn 0.3497 0.2333 -0.9074
vn 0.3172 0.2125 -0.9243
vn 0.2860 0.2101 -0.9349
vn 0.2616 0.2142 -0.9411
vn 0.2422 0.2141 -0.9463
vn 0.2361 0.2129 -0.9481
vn 0.2746 0.2004 -0.9404
vn 0.4290 0.1447 -0.8916
vn 0.4727 0.1945 -0.8595
vn -0.2183 -0.0032 -0.9759
vn -0.3877 -0.0050 -0.9218
vn 0.0584 0.4411 -0.8956
vn 0.0027 0.4104 -0.9119
vn 0.0500 0.2946 -0.9543
vn 0.0204 0.2615 -0.9650
vn 0.0052 0.2543 -0.9671
vn 0.0029 0.2486 -0.9686
vn 0.0142 0.2407 -0.9705
vn 0.0483 0.2305 -0.9719
vn 0.1682 0.1942 -0.9664
vn 0.3570 0.1013 -0.9286
vn -0.0622 0.0904 -0.9940
vn -0.6008 -0.0031 -0.7994
vn -0.4179 0.0755 -0.9053
vn -0.2147 0.1985 -0.9563
vn -0.2003 0.2330 -0.9516
vn -0.2307 0.2245 -0.9468
vn -0.2579 0.2190 -0.9410
vn -0.2840 0.2231 -0.9325
vn -0.3128 0.2362 -0.9200
vn -0.3442 0.2630 -0.9013
vn -0.3644 0.3271 -0.8719
vn -0.3322 0.4705 -0.8175
vn -0.1255 0.7441 -0.6561
vn 0.3657 0.8882 -0.2782
vn 0.2086 0.0169 0.9779
vn 0.3213 -0.3421 0.8830
vn 0.3256 -0.2080 0.9223
vn 0.2036 0.0270 0.9787
vn 0.4199 -0.2583 0.8700
vn 0.4276 -0.1994 0.8817
vn 0.4013 -0.1849 0.8971
vn 0.4054 -0.1544 0.9010
vn 0.3528 -0.1442 0.9245
vn 0.3551 -0.1191 0.9272
vn 0.3045 -0.1232 0.9445
vn 0.3061 -0.0974 0.9470
vn 0.2663 -0.1088 0.9577
vn 0.2674 -0.0827 0.9600
vn 0.2337 -0.0966 0.9675
vn 0.2346 -0.0710 0.9695
vn 0.2004 -0.0853 0.9760
vn 0.2010 -0.0604 0.9777
vn 0.1629 -0.0717 0.9840
vn 0.1635 -0.0480 0.9854
vn 0.1521 -0.0620 0.9864
vn 0.1523 -0.0392 0.9876
vn 0.2649 -0.0571 0.9626
vn 0.2652 -0.0402 0.9634
vn 0.4361 -0.0232 0.8996
vn 0.4364 -0.0252 0.8994
vn 0.1191 -0.0541 0.9914
vn 0.1201 -0.0460 0.9917
vn -0.2329 0.0447 0.9715
vn -0.2305 0.0421 0.9722
vn -0.0785 0.0279 0.9965
vn -0.0782 0.0477 0.9958
vn 0.0162 0.0315 0.9994
vn 0.0161 0.0553 0.9983
vn 0.0476 0.0254 0.9985
vn 0.0476 0.0461 0.9978
vn 0.0421 0.0377 0.9984
vn 0.0425 0.0555 0.9976
vn -0.0003 0.0459 0.9989
vn -0.0001 0.0634 0.9980
vn -0.0494 0.0417 0.9979
vn -0.0495 0.0610 0.9969
vn -0.0868 0.0281 0.9958
vn -0.0870 0.0504 0.9949
vn -0.0392 0.0247 0.9989
vn -0.0400 0.0459 0.9981
vn 0.1641 0.0354 0.9858
vn 0.1619 0.0491 0.9856
vn 0.4778 -0.0033 0.8785
vn 0.4775 -0.0027 0.8787
vn 0.1353 -0.0432 0.9899
vn 0.1365 -0.0404 0.9898
vn -0.5044 0.0867 0.8591
vn -0.5032 0.0692 0.8614
vn -0.4600 0.0144 0.8878
vn -0.4613 0.0298 0.8867
vn -0.2906 -0.0354 0.9562
vn -0.2924 -0.0077 0.9563
vn -0.2451 -0.0505 0.9682
vn -0.2460 -0.0230 0.9690
vn -0.2497 -0.0624 0.9663
vn -0.2506 -0.0339 0.9675
vn -0.2666 -0.0774 0.9607
vn -0.2677 -0.0464 0.9624
vn -0.2927 -0.0928 0.9517
vn -0.2940 -0.0587 0.9540
vn -0.3281 -0.1083 0.9384
vn -0.3298 -0.0698 0.9415
vn -0.3704 -0.1269 0.9202
vn -0.3727 -0.0813 0.9244
vn -0.4094 -0.1554 0.8990
vn -0.4134 -0.0983 0.9052
vn -0.4292 -0.2022 0.8803
vn -0.4362 -0.1288 0.8906
vn -0.4163 -0.2695 0.8684
vn -0.4279 -0.1758 0.8866
vn -0.3460 -0.3467 0.8718
vn -0.3620 -0.2273 0.9040
vn -0.1434 -0.3825 0.9128
vn -0.1510 -0.2498 0.9565
vn -0.0113 -0.1212 0.9926
vn -0.0004 -0.0703 0.9975
vn 0.3227 -0.0379 0.9457
vn 0.1990 0.0198 0.9798
vn 0.4351 -0.0768 0.8971
vn 0.4109 -0.0794 0.9082
vn 0.3587 -0.0643 0.9312
vn 0.3083 -0.0480 0.9501
vn 0.2689 -0.0347 0.9625
vn 0.2358 -0.0243 0.9715
vn 0.2021 -0.0155 0.9792
vn 0.1642 -0.0065 0.9864
vn 0.1522 -0.0013 0.9883
vn 0.2648 -0.0129 0.9642
vn 0.4367 -0.0240 0.8993
vn 0.1223 -0.0279 0.9921
vn -0.2261 0.0416 0.9732
vn -0.0768 0.0734 0.9943
vn 0.0158 0.0932 0.9955
vn 0.0470 0.0807 0.9956
vn 0.0429 0.0878 0.9952
vn 0.0003 0.0954 0.9954
vn -0.0497 0.0952 0.9942
vn -0.0873 0.0866 0.9924
vn -0.0402 0.0795 0.9960
vn 0.1586 0.0721 0.9847
vn 0.4751 -0.0052 0.8799
vn 0.1389 -0.0303 0.9898
vn -0.5005 0.0501 0.8643
vn -0.4630 0.0401 0.8855
vn -0.2941 0.0301 0.9553
vn -0.2471 0.0211 0.9688
vn -0.2516 0.0128 0.9677
vn -0.2690 0.0060 0.9631
vn -0.2954 -0.0013 0.9554
vn -0.3312 -0.0045 0.9435
vn -0.3745 -0.0032 0.9272
vn -0.4163 -0.0011 0.9092
vn -0.4420 -0.0014 0.8970
vn -0.4379 -0.0188 0.8988
vn -0.3746 -0.0468 0.9260
vn -0.1554 -0.0531 0.9864
vn 0.0132 0.0016 0.9999
vn 0.3197 0.0338 0.9469
vn 0.1998 0.0199 0.9796
vn 0.4342 0.0171 0.9007
vn 0.4119 0.0011 0.9112
vn 0.3600 -0.0027 0.9330
vn 0.3094 0.0018 0.9509
vn 0.2699 0.0097 0.9628
vn 0.2365 0.0185 0.9714
vn 0.2025 0.0268 0.9789
vn 0.1643 0.0326 0.9859
vn 0.1516 0.0296 0.9880
vn 0.2635 0.0029 0.9646
vn 0.4367 -0.0186 0.8994
vn 0.1244 -0.0062 0.9922
vn -0.2219 0.0512 0.9737
vn -0.0741 0.0909 0.9931
vn 0.0160 0.1208 0.9925
vn 0.0466 0.1069 0.9932
vn 0.0434 0.1149 0.9924
vn 0.0006 0.1243 0.9922
vn -0.0498 0.1285 0.9905
vn -0.0879 0.1238 0.9884
vn -0.0409 0.1068 0.9934
vn 0.1539 0.0897 0.9840
vn 0.4726 -0.0073 0.8813
vn 0.1411 -0.0162 0.9899
vn -0.4981 0.0499 0.8657
vn -0.4633 0.0403 0.8853
vn -0.2944 0.0504 0.9544
vn -0.2475 0.0523 0.9675
vn -0.2520 0.0485 0.9665
vn -0.2693 0.0433 0.9621
vn -0.2953 0.0406 0.9546
vn -0.3306 0.0449 0.9427
vn -0.3732 0.0589 0.9259
vn -0.4141 0.0832 0.9064
vn -0.4391 0.1120 0.8914
vn -0.4362 0.1298 0.8904
vn -0.3769 0.1140 0.9192
vn -0.1586 0.0540 0.9859
vn 0.0170 0.0162 0.9997
vn 0.3160 0.1367 0.9389
vn 0.2066 0.0456 0.9774
vn 0.4302 0.1063 0.8965
vn 0.4092 0.0819 0.9087
vn 0.3585 0.0687 0.9310
vn 0.3088 0.0636 0.9490
vn 0.2696 0.0643 0.9608
vn 0.2365 0.0696 0.9691
vn 0.2025 0.0792 0.9761
vn 0.1634 0.0890 0.9825
vn 0.1483 0.0786 0.9858
vn 0.2610 0.0210 0.9651
vn 0.4371 -0.0191 0.8992
vn 0.1267 0.0200 0.9917
vn -0.2169 0.0724 0.9735
vn -0.0708 0.1420 0.9873
vn 0.0162 0.1605 0.9869
vn 0.0458 0.1379 0.9894
vn 0.0438 0.1456 0.9884
vn 0.0014 0.1558 0.9878
vn -0.0489 0.1666 0.9848
vn -0.0870 0.1791 0.9800
vn -0.0431 0.1813 0.9825
vn 0.1473 0.1193 0.9819
vn 0.4701 -0.0121 0.8825
vn 0.1434 0.0105 0.9896
vn -0.4959 0.0609 0.8662
vn -0.4628 0.0531 0.8849
vn -0.2933 0.0779 0.9529
vn -0.2470 0.0882 0.9650
vn -0.2517 0.0892 0.9637
vn -0.2689 0.0866 0.9593
vn -0.2944 0.0856 0.9518
vn -0.3287 0.0928 0.9399
vn -0.3696 0.1146 0.9221
vn -0.4076 0.1575 0.8995
vn -0.4276 0.2227 0.8761
vn -0.4172 0.3030 0.8568
vn -0.3550 0.3736 0.8570
vn -0.1636 0.3610 0.9181
vn 0.0136 0.0458 0.9989
vn 0.3133 0.2016 0.9280
vn 0.2119 0.0640 0.9752
vn 0.4260 0.1604 0.8904
vn 0.4066 0.1255 0.9050
vn 0.3567 0.1078 0.9280
vn 0.3077 0.0990 0.9463
vn 0.2690 0.0959 0.9583
vn 0.2363 0.0985 0.9667
vn 0.2024 0.1083 0.9733
vn 0.1626 0.1235 0.9789
vn 0.1456 0.1162 0.9825
vn 0.2593 0.0351 0.9651
vn 0.4379 -0.0213 0.8988
vn 0.1265 0.0319 0.9914
vn -0.2137 0.0826 0.9734
vn -0.0691 0.1804 0.9812
vn 0.0162 0.1877 0.9821
vn 0.0455 0.1568 0.9866
vn 0.0440 0.1628 0.9857
vn 0.0019 0.1728 0.9849
vn -0.0479 0.1860 0.9814
vn -0.0857 0.2091 0.9741
vn -0.0453 0.2407 0.9696
vn 0.1421 0.1467 0.9789
vn 0.4702 -0.0150 0.8824
vn 0.1446 0.0254 0.9892
vn -0.4948 0.0695 0.8662
vn -0.4630 0.0630 0.8841
vn -0.2925 0.0952 0.9515
vn -0.2464 0.1093 0.9630
vn -0.2512 0.1129 0.9613
vn -0.2685 0.1113 0.9568
vn -0.2937 0.1105 0.9495
vn -0.3273 0.1173 0.9376
vn -0.3670 0.1408 0.9195
vn -0.4031 0.1901 0.8952
vn -0.4192 0.2712 0.8664
vn -0.4012 0.3840 0.8316
vn -0.3285 0.5115 0.7940
vn -0.1581 0.5874 0.7937
vn 0.0073 0.0989 0.9951
vn 0.9979 -0.0597 0.0266
vn 0.8771 -0.4731 -0.0829
vn 0.9591 -0.2710 -0.0824
vn 0.9994 -0.0202 0.0296
vn 0.8910 -0.4069 -0.2012
vn 0.9328 -0.2908 -0.2128
vn 0.9257 -0.2895 -0.2435
vn 0.9403 -0.2304 -0.2507
vn 0.9505 -0.1918 -0.2445
vn 0.9552 -0.1611 -0.2483
vn 0.9671 -0.1253 -0.2213
vn 0.9689 -0.1060 -0.2234
vn 0.9784 -0.0834 -0.1889
vn 0.9794 -0.0671 -0.1902
vn 0.9854 -0.0584 -0.1599
vn 0.9861 -0.0416 -0.1608
vn 0.9899 -0.0415 -0.1357
vn 0.9904 -0.0234 -0.1364
vn 0.9928 -0.0262 -0.1169
vn 0.9930 -0.0086 -0.1175
vn 0.9944 -0.0150 -0.1044
vn 0.9945 0.0025 -0.1049
vn 0.9953 -0.0050 -0.0963
vn 0.9952 0.0113 -0.0968
vn 0.9946 0.0054 -0.1035
vn 0.9944 0.0199 -0.1041
vn 0.9861 0.0224 -0.1648
vn 0.9857 0.0338 -0.1651
vn 0.9485 0.0342 -0.3148
vn 0.9486 0.0398 -0.3138
vn 0.9753 -0.0053 -0.2207
vn 0.9749 0.0002 -0.2226
vn 0.9332 0.1623 0.3205
vn 0.9324 0.1689 0.3196
vn 0.8497 0.1895 0.4921
vn 0.8528 0.1788 0.4906
vn 0.9755 0.0857 0.2027
vn 0.9739 0.0973 0.2049
vn 0.9957 -0.0020 0.0923
vn 0.9951 0.0300 0.0943
vn 0.9948 -0.0222 0.0998
vn 0.9949 0.0034 0.1006
vn 0.9920 -0.0311 0.1222
vn 0.9924 -0.0090 0.1227
vn 0.9888 -0.0393 0.1441
vn 0.9893 -0.0175 0.1445
vn 0.9852 -0.0475 0.1644
vn 0.9860 -0.0245 0.1649
vn 0.9812 -0.0565 0.1846
vn 0.9822 -0.0315 0.1852
vn 0.9758 -0.0667 0.2084
vn 0.9771 -0.0385 0.2091
vn 0.9681 -0.0797 0.2374
vn 0.9700 -0.0479 0.2385
vn 0.9586 -0.0977 0.2676
vn 0.9611 -0.0623 0.2692
vn 0.9508 -0.1244 0.2838
vn 0.9547 -0.0820 0.2861
vn 0.9655 -0.1457 0.2157
vn 0.9713 -0.0975 0.2171
vn 0.9873 -0.0347 0.1552
vn 0.9881 -0.0220 0.1522
vn 0.9965 -0.0276 -0.0789
vn 0.9995 0.0030 0.0312
vn 0.9712 -0.0860 -0.2223
vn 0.9602 -0.1032 -0.2596
vn 0.9632 -0.0876 -0.2541
vn 0.9720 -0.0601 -0.2270
vn 0.9807 -0.0325 -0.1926
vn 0.9867 -0.0098 -0.1625
vn 0.9904 0.0095 -0.1377
vn 0.9927 0.0226 -0.1184
vn 0.9939 0.0326 -0.1056
vn 0.9945 0.0396 -0.0974
vn 0.9935 0.0445 -0.1048
vn 0.9848 0.0511 -0.1657
vn 0.9486 0.0463 -0.3129
vn 0.9741 0.0116 -0.2260
vn 0.9309 0.1844 0.3151
vn 0.8545 0.1647 0.4927
vn 0.9719 0.1087 0.2086
vn 0.9927 0.0712 0.0972
vn 0.9937 0.0453 0.1021
vn 0.9919 0.0296 0.1236
vn 0.9892 0.0201 0.1453
vn 0.9861 0.0144 0.1656
vn 0.9825 0.0110 0.1859
vn 0.9777 0.0099 0.2100
vn 0.9708 0.0087 0.2397
vn 0.9625 0.0024 0.2711
vn 0.9574 -0.0114 0.2885
vn 0.9755 -0.0204 0.2192
vn 0.9889 -0.0052 0.1483
vn 0.9956 0.0519 -0.0778
vn 0.9995 0.0146 0.0291
vn 0.9745 0.0362 -0.2216
vn 0.9653 0.0073 -0.2611
vn 0.9666 -0.0082 -0.2562
vn 0.9734 -0.0059 -0.2290
vn 0.9809 0.0062 -0.1942
vn 0.9863 0.0214 -0.1637
vn 0.9897 0.0368 -0.1386
vn 0.9916 0.0492 -0.1192
vn 0.9926 0.0581 -0.1062
vn 0.9932 0.0639 -0.0978
vn 0.9923 0.0655 -0.1051
vn 0.9842 0.0624 -0.1657
vn 0.9492 0.0417 -0.3119
vn 0.9732 0.0183 -0.2294
vn 0.9300 0.1958 0.3112
vn 0.8540 0.1606 0.4949
vn 0.9702 0.1183 0.2114
vn 0.9907 0.0931 0.0989
vn 0.9919 0.0744 0.1032
vn 0.9904 0.0606 0.1243
vn 0.9880 0.0512 0.1458
vn 0.9851 0.0460 0.1659
vn 0.9815 0.0447 0.1860
vn 0.9766 0.0480 0.2099
vn 0.9693 0.0562 0.2396
vn 0.9603 0.0652 0.2713
vn 0.9550 0.0628 0.2900
vn 0.9746 0.0341 0.2213
vn 0.9890 -0.0067 0.1476
vn 0.9764 0.2015 -0.0776
vn 0.9971 0.0732 0.0215
vn 0.9603 0.1748 -0.2175
vn 0.9580 0.1250 -0.2581
vn 0.9633 0.0833 -0.2552
vn 0.9715 0.0613 -0.2291
vn 0.9792 0.0568 -0.1949
vn 0.9844 0.0621 -0.1646
vn 0.9876 0.0727 -0.1394
vn 0.9894 0.0825 -0.1198
vn 0.9902 0.0898 -0.1066
vn 0.9907 0.0946 -0.0981
vn 0.9899 0.0954 -0.1050
vn 0.9825 0.0867 -0.1648
vn 0.9497 0.0443 -0.3100
vn 0.9725 -0.0073 -0.2329
vn 0.9292 0.2052 0.3074
vn 0.8537 0.1563 0.4968
vn 0.9677 0.1345 0.2133
vn 0.9875 0.1220 0.1000
vn 0.9889 0.1065 0.1041
vn 0.9876 0.0947 0.1249
vn 0.9855 0.0867 0.1461
vn 0.9827 0.0819 0.1660
vn 0.9792 0.0811 0.1857
vn 0.9741 0.0860 0.2092
vn 0.9661 0.0990 0.2383
vn 0.9552 0.1232 0.2692
vn 0.9447 0.1574 0.2877
vn 0.9603 0.1643 0.2254
vn 0.9886 -0.0148 0.1500
vn 0.9483 0.3082 -0.0760
vn 0.9930 0.1175 0.0155
vn 0.9392 0.2702 -0.2120
vn 0.9468 0.1973 -0.2543
vn 0.9577 0.1369 -0.2532
vn 0.9684 0.1005 -0.2284
vn 0.9770 0.0864 -0.1948
vn 0.9826 0.0861 -0.1648
vn 0.9857 0.0938 -0.1397
vn 0.9875 0.1021 -0.1201
vn 0.9884 0.1084 -0.1068
vn 0.9888 0.1127 -0.0982
vn 0.9879 0.1139 -0.1049
vn 0.9808 0.1055 -0.1638
vn 0.9497 0.0555 -0.3083
vn 0.9714 -0.0358 -0.2347
vn 0.9289 0.2061 0.3078
vn 0.8542 0.1547 0.4964
vn 0.9661 0.1446 0.2138
vn 0.9850 0.1400 0.1006
vn 0.9866 0.1256 0.1044
vn 0.9855 0.1143 0.1251
vn 0.9835 0.1069 0.1462
vn 0.9808 0.1023 0.1659
vn 0.9774 0.1015 0.1855
vn 0.9722 0.1060 0.2086
vn 0.9641 0.1191 0.2373
vn 0.9522 0.1476 0.2675
vn 0.9369 0.2029 0.2846
vn 0.9359 0.2702 0.2262
vn 0.9882 -0.0104 0.1527
vn -0.2071 0.0228 -0.9781
vn -0.3100 -0.3521 -0.8831
vn -0.3157 -0.2107 -0.9252
vn -0.2018 0.0346 -0.9788
vn -0.4036 -0.2774 -0.8718
vn -0.4127 -0.2107 -0.8862
vn -0.3922 -0.2060 -0.8965
vn -0.3972 -0.1689 -0.9021
vn -0.3559 -0.1627 -0.9202
vn -0.3589 -0.1333 -0.9238
vn -0.3190 -0.1377 -0.9377
vn -0.3210 -0.1092 -0.9408
vn -0.2868 -0.1191 -0.9506
vn -0.2884 -0.0913 -0.9531
vn -0.2582 -0.1006 -0.9608
vn -0.2594 -0.0748 -0.9629
vn -0.2286 -0.0825 -0.9700
vn -0.2296 -0.0583 -0.9715
vn -0.2062 -0.0668 -0.9762
vn -0.2071 -0.0441 -0.9773
vn -0.2466 -0.0464 -0.9680
vn -0.2478 -0.0298 -0.9684
vn -0.4474 0.0016 -0.8943
vn -0.4490 0.0016 -0.8935
vn -0.5769 0.0321 -0.8162
vn -0.5775 0.0232 -0.8161
vn -0.0598 0.0118 -0.9981
vn -0.0612 0.0193 -0.9979
vn 0.3895 0.0822 -0.9174
vn 0.3877 0.0778 -0.9185
vn 0.1862 0.0414 -0.9816
vn 0.1862 0.0589 -0.9807
vn 0.0550 0.0266 -0.9981
vn 0.0550 0.0481 -0.9973
vn 0.0201 0.0295 -0.9994
vn 0.0199 0.0503 -0.9985
vn 0.0089 0.0385 -0.9992
vn 0.0085 0.0581 -0.9983
vn 0.0106 0.0470 -0.9988
vn 0.0102 0.0661 -0.9978
vn 0.0292 0.0483 -0.9984
vn 0.0292 0.0678 -0.9973
vn 0.0747 0.0403 -0.9964
vn 0.0745 0.0618 -0.9953
vn 0.0650 0.0324 -0.9974
vn 0.0657 0.0540 -0.9964
vn -0.1112 0.0256 -0.9935
vn -0.1096 0.0401 -0.9932
vn -0.4267 -0.0168 -0.9043
vn -0.4268 -0.0138 -0.9042
vn -0.1297 -0.0541 -0.9901
vn -0.1311 -0.0508 -0.9901
vn 0.4730 0.0864 -0.8768
vn 0.4716 0.0689 -0.8791
vn 0.4441 0.0200 -0.8957
vn 0.4454 0.0352 -0.8947
vn 0.2832 -0.0278 -0.9587
vn 0.2846 -0.0000 -0.9586
vn 0.2408 -0.0417 -0.9697
vn 0.2415 -0.0145 -0.9703
vn 0.2463 -0.0530 -0.9677
vn 0.2469 -0.0245 -0.9687
vn 0.2641 -0.0672 -0.9621
vn 0.2650 -0.0362 -0.9636
vn 0.2907 -0.0810 -0.9534
vn 0.2917 -0.0473 -0.9553
vn 0.3273 -0.0957 -0.9400
vn 0.3286 -0.0577 -0.9427
vn 0.3723 -0.1134 -0.9212
vn 0.3743 -0.0688 -0.9247
vn 0.4142 -0.1418 -0.8991
vn 0.4178 -0.0858 -0.9045
vn 0.4362 -0.1888 -0.8798
vn 0.4426 -0.1165 -0.8891
vn 0.4252 -0.2566 -0.8680
vn 0.4359 -0.1639 -0.8849
vn 0.3556 -0.3347 -0.8727
vn 0.3705 -0.2159 -0.9034
vn 0.1513 -0.3720 -0.9158
vn 0.1589 -0.2393 -0.9579
vn 0.0161 -0.1128 -0.9935
vn 0.0050 -0.0620 -0.9981
vn -0.3138 -0.0298 -0.9490
vn -0.1972 0.0288 -0.9799
vn -0.4216 -0.0745 -0.9037
vn -0.4040 -0.0815 -0.9111
vn -0.3634 -0.0690 -0.9291
vn -0.3240 -0.0532 -0.9445
vn -0.2907 -0.0394 -0.9560
vn -0.2613 -0.0266 -0.9649
vn -0.2312 -0.0145 -0.9728
vn -0.2083 -0.0047 -0.9781
vn -0.2489 0.0001 -0.9685
vn -0.4505 0.0058 -0.8928
vn -0.5786 0.0127 -0.8155
vn -0.0625 0.0336 -0.9975
vn 0.3857 0.0701 -0.9200
vn 0.1867 0.0788 -0.9793
vn 0.0552 0.0805 -0.9952
vn 0.0193 0.0845 -0.9962
vn 0.0076 0.0920 -0.9957
vn 0.0096 0.1000 -0.9949
vn 0.0290 0.1031 -0.9942
vn 0.0747 0.0979 -0.9924
vn 0.0663 0.0883 -0.9939
vn -0.1053 0.0666 -0.9922
vn -0.4241 -0.0113 -0.9055
vn -0.1338 -0.0384 -0.9903
vn 0.4684 0.0519 -0.8820
vn 0.4467 0.0461 -0.8935
vn 0.2860 0.0378 -0.9575
vn 0.2421 0.0302 -0.9698
vn 0.2477 0.0224 -0.9686
vn 0.2659 0.0148 -0.9639
vn 0.2926 0.0089 -0.9562
vn 0.3295 0.0065 -0.9441
vn 0.3754 0.0082 -0.9268
vn 0.4200 0.0113 -0.9075
vn 0.4474 0.0083 -0.8943
vn 0.4447 -0.0096 -0.8956
vn 0.3819 -0.0375 -0.9234
vn 0.1615 -0.0443 -0.9859
vn -0.0089 0.0098 -0.9999
vn -0.3112 0.0479 -0.9491
vn -0.1986 0.0293 -0.9796
vn -0.4211 0.0300 -0.9065
vn -0.4053 0.0105 -0.9141
vn -0.3650 0.0028 -0.9310
vn -0.3256 0.0046 -0.9455
vn -0.2919 0.0110 -0.9564
vn -0.2623 0.0195 -0.9648
vn -0.2319 0.0273 -0.9724
vn -0.2085 0.0295 -0.9776
vn -0.2488 0.0218 -0.9683
vn -0.4508 0.0098 -0.8926
vn -0.5796 0.0100 -0.8149
vn -0.0637 0.0472 -0.9969
vn 0.3836 0.0641 -0.9213
vn 0.1858 0.0873 -0.9787
vn 0.0548 0.1019 -0.9933
vn 0.0187 0.1101 -0.9937
vn 0.0068 0.1190 -0.9929
vn 0.0088 0.1289 -0.9916
vn 0.0286 0.1371 -0.9901
vn 0.0750 0.1369 -0.9877
vn 0.0674 0.1170 -0.9908
vn -0.1002 0.0847 -0.9913
vn -0.4211 -0.0096 -0.9070
vn -0.1359 -0.0204 -0.9905
vn 0.4657 0.0563 -0.8832
vn 0.4467 0.0480 -0.8934
vn 0.2860 0.0587 -0.9564
vn 0.2422 0.0616 -0.9683
vn 0.2478 0.0582 -0.9671
vn 0.2659 0.0536 -0.9625
vn 0.2923 0.0512 -0.9550
vn 0.3287 0.0553 -0.9428
vn 0.3737 0.0690 -0.9250
vn 0.4172 0.0921 -0.9041
vn 0.4439 0.1194 -0.8881
vn 0.4421 0.1360 -0.8866
vn 0.3831 0.1201 -0.9159
vn 0.1639 0.0613 -0.9846
vn -0.0128 0.0241 -0.9996
vn -0.3082 0.1579 -0.9381
vn -0.2065 0.0551 -0.9769
vn -0.4168 0.1309 -0.8995
vn -0.4022 0.1043 -0.9096
vn -0.3635 0.0857 -0.9277
vn -0.3249 0.0759 -0.9427
vn -0.2918 0.0738 -0.9536
vn -0.2623 0.0773 -0.9619
vn -0.2316 0.0838 -0.9692
vn -0.2072 0.0817 -0.9749
vn -0.2469 0.0550 -0.9675
vn -0.4506 0.0115 -0.8927
vn -0.5808 0.0078 -0.8140
vn -0.0651 0.0624 -0.9959
vn 0.3819 0.0639 -0.9220
vn 0.1838 0.1036 -0.9775
vn 0.0536 0.1286 -0.9903
vn 0.0178 0.1405 -0.9899
vn 0.0058 0.1505 -0.9886
vn 0.0077 0.1608 -0.9870
vn 0.0273 0.1744 -0.9843
vn 0.0738 0.1924 -0.9785
vn 0.0695 0.1941 -0.9785
vn -0.0935 0.1154 -0.9889
vn -0.4187 -0.0140 -0.9080
vn -0.1385 0.0102 -0.9903
vn 0.4631 0.0728 -0.8833
vn 0.4460 0.0634 -0.8928
vn 0.2846 0.0873 -0.9547
vn 0.2414 0.0980 -0.9655
vn 0.2472 0.0995 -0.9638
vn 0.2653 0.0970 -0.9593
vn 0.2911 0.0959 -0.9519
vn 0.3265 0.1024 -0.9396
vn 0.3698 0.1236 -0.9209
vn 0.4103 0.1649 -0.8969
vn 0.4318 0.2282 -0.8726
vn 0.4221 0.3067 -0.8531
vn 0.3594 0.3766 -0.8538
vn 0.1666 0.3653 -0.9159
vn -0.0097 0.0534 -0.9985
vn -0.3049 0.2262 -0.9251
vn -0.2126 0.0727 -0.9744
vn -0.4121 0.1915 -0.8908
vn -0.3990 0.1552 -0.9037
vn -0.3612 0.1315 -0.9232
vn -0.3234 0.1166 -0.9390
vn -0.2909 0.1101 -0.9504
vn -0.2618 0.1108 -0.9587
vn -0.2310 0.1174 -0.9658
vn -0.2059 0.1164 -0.9716
vn -0.2451 0.0801 -0.9662
vn -0.4509 0.0131 -0.8925
vn -0.5816 0.0063 -0.8135
vn -0.0652 0.0692 -0.9955
vn 0.3814 0.0655 -0.9221
vn 0.1822 0.1138 -0.9767
vn 0.0526 0.1444 -0.9881
vn 0.0172 0.1584 -0.9872
vn 0.0053 0.1687 -0.9857
vn 0.0070 0.1783 -0.9840
vn 0.0262 0.1928 -0.9809
vn 0.0722 0.2215 -0.9725
vn 0.0711 0.2553 -0.9643
vn -0.0885 0.1438 -0.9856
vn -0.4193 -0.0181 -0.9077
vn -0.1394 0.0272 -0.9899
vn 0.4612 0.0844 -0.8833
vn 0.4462 0.0748 -0.8918
vn 0.2837 0.1053 -0.9531
vn 0.2406 0.1196 -0.9632
vn 0.2466 0.1232 -0.9613
vn 0.2646 0.1220 -0.9566
vn 0.2903 0.1205 -0.9493
vn 0.3250 0.1263 -0.9372
vn 0.3672 0.1491 -0.9181
vn 0.4057 0.1968 -0.8925
vn 0.4232 0.2760 -0.8630
vn 0.4058 0.3869 -0.8281
vn 0.3321 0.5131 -0.7915
vn 0.1592 0.5894 -0.7920
vn -0.0038 0.1061 -0.9943
vn -0.9974 -0.0655 -0.0290
vn -0.8764 -0.4749 0.0798
vn -0.9582 -0.2745 0.0801
vn -0.9992 -0.0262 -0.0317
vn -0.8909 -0.4079 0.1998
vn -0.9324 -0.2929 0.2119
vn -0.9257 -0.2897 0.2433
vn -0.9400 -0.2313 0.2506
vn -0.9506 -0.1910 0.2446
vn -0.9552 -0.1610 0.2484
vn -0.9676 -0.1235 0.2201
vn -0.9693 -0.1051 0.2224
vn -0.9791 -0.0811 0.1863
vn -0.9800 -0.0658 0.1876
vn -0.9860 -0.0567 0.1568
vn -0.9866 -0.0408 0.1578
vn -0.9903 -0.0398 0.1329
vn -0.9908 -0.0224 0.1336
vn -0.9930 -0.0287 0.1144
vn -0.9933 -0.0117 0.1149
vn -0.9951 -0.0195 0.0970
vn -0.9952 -0.0013 0.0975
vn -0.9966 -0.0077 0.0815
vn -0.9966 0.0081 0.0821
vn -0.9973 0.0064 0.0733
vn -0.9970 0.0234 0.0737
vn -0.9936 0.0049 0.1126
vn -0.9935 0.0177 0.1126
vn -0.9594 -0.0063 0.2819
vn -0.9597 0.0013 0.2810
vn -0.9615 -0.0509 0.2699
vn -0.9617 -0.0425 0.2708
vn -0.9642 0.0946 -0.2479
vn -0.9637 0.1018 -0.2467
vn -0.8676 0.1555 -0.4724
vn -0.8706 0.1410 -0.4713
vn -0.9755 0.0644 -0.2105
vn -0.9746 0.0725 -0.2119
vn -0.9950 -0.0133 -0.0989
vn -0.9948 0.0151 -0.1005
vn -0.9942 -0.0304 -0.1032
vn -0.9946 -0.0050 -0.1037
vn -0.9919 -0.0349 -0.1220
vn -0.9924 -0.0127 -0.1222
vn -0.9891 -0.0412 -0.1411
vn -0.9898 -0.0194 -0.1415
vn -0.9858 -0.0486 -0.1607
vn -0.9866 -0.0255 -0.1611
vn -0.9817 -0.0565 -0.1820
vn -0.9827 -0.0317 -0.1824
vn -0.9760 -0.0654 -0.2075
vn -0.9774 -0.0379 -0.2081
vn -0.9674 -0.0758 -0.2418
vn -0.9691 -0.0456 -0.2426
vn -0.9555 -0.0906 -0.2807
vn -0.9577 -0.0576 -0.2819
vn -0.9452 -0.1153 -0.3055
vn -0.9485 -0.0760 -0.3074
vn -0.9610 -0.1403 -0.2383
vn -0.9662 -0.0948 -0.2396
vn -0.9839 -0.0408 -0.1742
vn -0.9848 -0.0281 -0.1715
vn -0.9964 -0.0335 0.0777
vn -0.9994 -0.0033 -0.0332
vn -0.9708 -0.0907 0.2222
vn -0.9598 -0.1063 0.2599
vn -0.9630 -0.0895 0.2543
vn -0.9722 -0.0611 0.2260
vn -0.9812 -0.0332 0.1901
vn -0.9871 -0.0110 0.1595
vn -0.9908 0.0078 0.1349
vn -0.9931 0.0186 0.1160
vn -0.9947 0.0311 0.0982
vn -0.9959 0.0368 0.0832
vn -0.9959 0.0515 0.0738
vn -0.9931 0.0357 0.1120
vn -0.9601 0.0092 0.2796
vn -0.9614 -0.0303 0.2736
vn -0.9630 0.1173 -0.2424
vn -0.8732 0.1209 -0.4721
vn -0.9734 0.0792 -0.2148
vn -0.9934 0.0519 -0.1026
vn -0.9939 0.0356 -0.1046
vn -0.9921 0.0254 -0.1228
vn -0.9897 0.0183 -0.1419
vn -0.9868 0.0135 -0.1616
vn -0.9831 0.0103 -0.1827
vn -0.9780 0.0092 -0.2085
vn -0.9699 0.0084 -0.2433
vn -0.9590 0.0034 -0.2834
vn -0.9509 -0.0101 -0.3093
vn -0.9702 -0.0216 -0.2414
vn -0.9857 -0.0115 -0.1679
vn -0.9960 0.0444 0.0769
vn -0.9995 0.0079 -0.0311
vn -0.9746 0.0290 0.2221
vn -0.9651 0.0011 0.2619
vn -0.9664 -0.0128 0.2568
vn -0.9735 -0.0102 0.2282
vn -0.9814 0.0034 0.1918
vn -0.9868 0.0183 0.1609
vn -0.9901 0.0340 0.1358
vn -0.9922 0.0439 0.1168
vn -0.9935 0.0567 0.0991
vn -0.9943 0.0656 0.0841
vn -0.9942 0.0786 0.0736
vn -0.9926 0.0510 0.1104
vn -0.9606 0.0047 0.2778
vn -0.9606 -0.0276 0.2764
vn -0.9628 0.1261 -0.2388
vn -0.8740 0.1108 -0.4731
vn -0.9725 0.0860 -0.2165
vn -0.9920 0.0723 -0.1036
vn -0.9924 0.0637 -0.1052
vn -0.9908 0.0562 -0.1231
vn -0.9886 0.0497 -0.1421
vn -0.9858 0.0451 -0.1617
vn -0.9822 0.0433 -0.1827
vn -0.9770 0.0460 -0.2082
vn -0.9686 0.0537 -0.2429
vn -0.9570 0.0623 -0.2832
vn -0.9488 0.0599 -0.3102
vn -0.9695 0.0305 -0.2432
vn -0.9858 -0.0130 -0.1675
vn -0.9782 0.1927 0.0775
vn -0.9975 0.0666 -0.0233
vn -0.9617 0.1652 0.2187
vn -0.9588 0.1157 0.2596
vn -0.9637 0.0750 0.2562
vn -0.9720 0.0543 0.2286
vn -0.9799 0.0510 0.1926
vn -0.9852 0.0565 0.1619
vn -0.9883 0.0678 0.1367
vn -0.9903 0.0737 0.1176
vn -0.9913 0.0854 0.0999
vn -0.9918 0.0947 0.0855
vn -0.9890 0.1289 0.0731
vn -0.9904 0.0863 0.1078
vn -0.9614 0.0101 0.2749
vn -0.9584 -0.0586 0.2793
vn -0.9629 0.1320 -0.2354
vn -0.8748 0.1000 -0.4740
vn -0.9710 0.0993 -0.2173
vn -0.9895 0.1001 -0.1040
vn -0.9899 0.0953 -0.1054
vn -0.9882 0.0905 -0.1233
vn -0.9861 0.0856 -0.1422
vn -0.9835 0.0815 -0.1615
vn -0.9800 0.0801 -0.1824
vn -0.9747 0.0836 -0.2075
vn -0.9658 0.0947 -0.2415
vn -0.9526 0.1162 -0.2810
vn -0.9400 0.1478 -0.3076
vn -0.9567 0.1545 -0.2466
vn -0.9852 -0.0221 -0.1700
vn -0.9512 0.2990 0.0764
vn -0.9937 0.1109 -0.0172
vn -0.9417 0.2597 0.2138
vn -0.9485 0.1864 0.2562
vn -0.9587 0.1267 0.2546
vn -0.9693 0.0915 0.2281
vn -0.9781 0.0789 0.1927
vn -0.9836 0.0787 0.1622
vn -0.9867 0.0880 0.1369
vn -0.9888 0.0912 0.1180
vn -0.9898 0.1017 0.1002
vn -0.9905 0.1068 0.0866
vn -0.9839 0.1631 0.0726
vn -0.9877 0.1149 0.1059
vn -0.9618 0.0252 0.2726
vn -0.9558 -0.0894 0.2800
vn -0.9631 0.1309 -0.2352
vn -0.8752 0.0944 -0.4744
vn -0.9701 0.1072 -0.2179
vn -0.9877 0.1171 -0.1040
vn -0.9879 0.1141 -0.1054
vn -0.9862 0.1102 -0.1232
vn -0.9841 0.1064 -0.1421
vn -0.9816 0.1024 -0.1614
vn -0.9781 0.1008 -0.1820
vn -0.9728 0.1038 -0.2069
vn -0.9639 0.1145 -0.2405
vn -0.9502 0.1387 -0.2792
vn -0.9335 0.1895 -0.3044
vn -0.9348 0.2556 -0.2465
vn -0.9848 -0.0191 -0.1728
vt 1.000000 0.000000
vt 1.000000 0.033300
vt 0.975000 0.033300
vt 0.975000 0.000000
vt 0.950000 0.033300
vt 0.950000 0.000000
vt 0.925000 0.033300
vt 0.925000 0.000000
vt 0.900000 0.033300
vt 0.900000 0.000000
vt 0.875000 0.033300
vt 0.875000 0.000000
vt 0.850000 0.033300
vt 0.850000 0.000000
vt 0.825000 0.033300
vt 0.825000 0.000000
vt 0.800000 0.033300
vt 0.800000 0.000000
vt 0.775000 0.033300
vt 0.775000 0.000000
vt 0.750000 0.033300
vt 0.750000 0.000000
vt 0.725000 0.033300
vt 0.725000 0.000000
vt 0.700000 0.033300
vt 0.700000 0.000000
vt 0.675000 0.033300
vt 0.675000 0.000000
vt 0.650000 0.033300
vt 0.650000 0.000000
vt 0.625000 0.033300
vt 0.625000 0.000000
vt 0.600000 0.033300
vt 0.600000 0.000000
vt 0.575000 0.033300
vt 0.575000 0.000000
vt 0.550000 0.033300
vt 0.550000 0.000000
vt 0.525000 0.033300
vt 0.525000 0.000000
vt 0.500000 0.033300
vt 0.500000 0.000000
vt 0.475000 0.033300
vt 0.475000 0.000000
vt 0.450000 0.033300
vt 0.450000 0.000000
vt 0.425000 0.033300
vt 0.425000 0.000000
vt 0.400000 0.033300
vt 0.400000 0.000000
vt 0.375000 0.033300
vt 0.375000 0.000000
vt 0.350000 0.033300
vt 0.350000 0.000000
vt 0.325000 0.033300
vt 0.325000 0.000000
vt 0.300000 0.033300
vt 0.300000 0.000000
vt 0.275000 0.033300
vt 0.275000 0.000000
vt 0.250000 0.033300
vt 0.250000 0.000000
vt 0.225000 0.033300
vt 0.225000 0.000000
vt 0.200000 0.033300
vt 0.200000 0.000000
vt 0.175000 0.033300
vt 0.175000 0.000000
vt 0.150000 0.033300
vt 0.150000 0.000000
vt 0.125000 0.033300
vt 0.125000 0.000000
vt 0.100000 0.033300
vt 0.100000 0.000000
vt 0.075000 0.033300
vt 0.075000 0.000000
vt 0.050000 0.033300
vt 0.050000 0.000000
vt 0.025000 0.033300
vt 0.025000 0.000000
vt 0.000000 0.033300
vt 0.000000 0.000000
vt 1.000000 0.066700
vt 0.975000 0.066700
vt 0.950000 0.066700
vt 0.925000 0.066700
vt 0.900000 0.066700
vt 0.875000 0.066700
vt 0.850000 0.066700
vt 0.825000 0.066700
vt 0.800000 0.066700
vt 0.775000 0.066700
vt 0.750000 0.066700
vt 0.725000 0.066700
vt 0.700000 0.066700
vt 0.675000 0.066700
vt 0.650000 0.066700
vt 0.625000 0.066700
vt 0.600000 0.066700
vt 0.575000 0.066700
vt 0.550000 0.066700
vt 0.525000 0.066700
vt 0.500000 0.066700
vt 0.475000 0.066700
vt 0.450000 0.066700
vt 0.425000 0.066700
vt 0.400000 0.066700
vt 0.375000 0.066700
vt 0.350000 0.066700
vt 0.325000 0.066700
vt 0.300000 0.066700
vt 0.275000 0.066700
vt 0.250000 0.066700
vt 0.225000 0.066700
vt 0.200000 0.066700
vt 0.175000 0.066700
vt 0.150000 0.066700
vt 0.125000 0.066700
vt 0.100000 0.066700
vt 0.075000 0.066700
vt 0.050000 0.066700
vt 0.025000 0.066700
vt 0.000000 0.066700
vt 1.000000 0.100000
vt 0.975000 0.100000
vt 0.950000 0.100000
vt 0.925000 0.100000
vt 0.900000 0.100000
vt 0.875000 0.100000
vt 0.850000 0.100000
vt 0.825000 0.100000
vt 0.800000 0.100000
vt 0.775000 0.100000
vt 0.750000 0.100000
vt 0.725000 0.100000
vt 0.700000 0.100000
vt 0.675000 0.100000
vt 0.650000 0.100000
vt 0.625000 0.100000
vt 0.600000 0.100000
vt 0.575000 0.100000
vt 0.550000 0.100000
vt 0.525000 0.100000
vt 0.500000 0.100000
vt 0.475000 0.100000
vt 0.450000 0.100000
vt 0.425000 0.100000
vt 0.400000 0.100000
vt 0.375000 0.100000
vt 0.350000 0.100000
vt 0.325000 0.100000
vt 0.300000 0.100000
vt 0.275000 0.100000
vt 0.250000 0.100000
vt 0.225000 0.100000
vt 0.200000 0.100000
vt 0.175000 0.100000
vt 0.150000 0.100000
vt 0.125000 0.100000
vt 0.100000 0.100000
vt 0.075000 0.100000
vt 0.050000 0.100000
vt 0.025000 0.100000
vt 0.000000 0.100000
vt 1.000000 0.133300
vt 0.975000 0.133300
vt 0.950000 0.133300
vt 0.925000 0.133300
vt 0.900000 0.133300
vt 0.875000 0.133300
vt 0.850000 0.133300
vt 0.825000 0.133300
vt 0.800000 0.133300
vt 0.775000 0.133300
vt 0.750000 0.133300
vt 0.725000 0.133300
vt 0.700000 0.133300
vt 0.675000 0.133300
vt 0.650000 0.133300
vt 0.625000 0.133300
vt 0.600000 0.133300
vt 0.575000 0.133300
vt 0.550000 0.133300
vt 0.525000 0.133300
vt 0.500000 0.133300
vt 0.475000 0.133300
vt 0.450000 0.133300
vt 0.425000 0.133300
vt 0.400000 0.133300
vt 0.375000 0.133300
vt 0.350000 0.133300
vt 0.325000 0.133300
vt 0.300000 0.133300
vt 0.275000 0.133300
vt 0.250000 0.133300
vt 0.225000 0.133300
vt 0.200000 0.133300
vt 0.175000 0.133300
vt 0.150000 0.133300
vt 0.125000 0.133300
vt 0.100000 0.133300
vt 0.075000 0.133300
vt 0.050000 0.133300
vt 0.025000 0.133300
vt 0.000000 0.133300
vt 1.000000 0.166700
vt 0.975000 0.166700
vt 0.950000 0.166700
vt 0.925000 0.166700
vt 0.900000 0.166700
vt 0.875000 0.166700
vt 0.850000 0.166700
vt 0.825000 0.166700
vt 0.800000 0.166700
vt 0.775000 0.166700
vt 0.750000 0.166700
vt 0.725000 0.166700
vt 0.700000 0.166700
vt 0.675000 0.166700
vt 0.650000 0.166700
vt 0.625000 0.166700
vt 0.600000 0.166700
vt 0.575000 0.166700
vt 0.550000 0.166700
vt 0.525000 0.166700
vt 0.500000 0.166700
vt 0.475000 0.166700
vt 0.450000 0.166700
vt 0.425000 0.166700
vt 0.400000 0.166700
vt 0.375000 0.166700
vt 0.350000 0.166700
vt 0.325000 0.166700
vt 0.300000 0.166700
vt 0.275000 0.166700
vt 0.250000 0.166700
vt 0.225000 0.166700
vt 0.200000 0.166700
vt 0.175000 0.166700
vt 0.150000 0.166700
vt 0.125000 0.166700
vt 0.100000 0.166700
vt 0.075000 0.166700
vt 0.050000 0.166700
vt 0.025000 0.166700
vt 0.000000 0.166700
vt 1.000000 0.200000
vt 0.975000 0.200000
vt 0.950000 0.200000
vt 0.925000 0.200000
vt 0.900000 0.200000
vt 0.875000 0.200000
vt 0.850000 0.200000
vt 0.825000 0.200000
vt 0.800000 0.200000
vt 0.775000 0.200000
vt 0.750000 0.200000
vt 0.725000 0.200000
vt 0.700000 0.200000
vt 0.675000 0.200000
vt 0.650000 0.200000
vt 0.625000 0.200000
vt 0.600000 0.200000
vt 0.575000 0.200000
vt 0.550000 0.200000
vt 0.525000 0.200000
vt 0.500000 0.200000
vt 0.475000 0.200000
vt 0.450000 0.200000
vt 0.425000 0.200000
vt 0.400000 0.200000
vt 0.375000 0.200000
vt 0.350000 0.200000
vt 0.325000 0.200000
vt 0.300000 0.200000
vt 0.275000 0.200000
vt 0.250000 0.200000
vt 0.225000 0.200000
vt 0.200000 0.200000
vt 0.175000 0.200000
vt 0.150000 0.200000
vt 0.125000 0.200000
vt 0.100000 0.200000
vt 0.075000 0.200000
vt 0.050000 0.200000
vt 0.025000 0.200000
vt 0.000000 0.200000
vt 1.000000 0.233300
vt 0.975000 0.233300
vt 0.950000 0.233300
vt 0.925000 0.233300
vt 0.900000 0.233300
vt 0.875000 0.233300
vt 0.850000 0.233300
vt 0.825000 0.233300
vt 0.800000 0.233300
vt 0.775000 0.233300
vt 0.750000 0.233300
vt 0.725000 0.233300
vt 0.700000 0.233300
vt 0.675000 0.233300
vt 0.650000 0.233300
vt 0.625000 0.233300
vt 0.600000 0.233300
vt 0.575000 0.233300
vt 0.550000 0.233300
vt 0.525000 0.233300
vt 0.500000 0.233300
vt 0.475000 0.233300
vt 0.450000 0.233300
vt 0.425000 0.233300
vt 0.400000 0.233300
vt 0.375000 0.233300
vt 0.350000 0.233300
vt 0.325000 0.233300
vt 0.300000 0.233300
vt 0.275000 0.233300
vt 0.250000 0.233300
vt 0.225000 0.233300
vt 0.200000 0.233300
vt 0.175000 0.233300
vt 0.150000 0.233300
vt 0.125000 0.233300
vt 0.100000 0.233300
vt 0.075000 0.233300
vt 0.050000 0.233300
vt 0.025000 0.233300
vt 0.000000 0.233300
vt 1.000000 0.266700
vt 0.975000 0.266700
vt 0.950000 0.266700
vt 0.925000 0.266700
vt 0.900000 0.266700
vt 0.875000 0.266700
vt 0.850000 0.266700
vt 0.825000 0.266700
vt 0.800000 0.266700
vt 0.775000 0.266700
vt 0.750000 0.266700
vt 0.725000 0.266700
vt 0.700000 0.266700
vt 0.675000 0.266700
vt 0.650000 0.266700
vt 0.625000 0.266700
vt 0.600000 0.266700
vt 0.575000 0.266700
vt 0.550000 0.266700
vt 0.525000 0.266700
vt 0.500000 0.266700
vt 0.475000 0.266700
vt 0.450000 0.266700
vt 0.425000 0.266700
vt 0.400000 0.266700
vt 0.375000 0.266700
vt 0.350000 0.266700
vt 0.325000 0.266700
vt 0.300000 0.266700
vt 0.275000 0.266700
vt 0.250000 0.266700
vt 0.225000 0.266700
vt 0.200000 0.266700
vt 0.175000 0.266700
vt 0.150000 0.266700
vt 0.125000 0.266700
vt 0.100000 0.266700
vt 0.075000 0.266700
vt 0.050000 0.266700
vt 0.025000 0.266700
vt 0.000000 0.266700
vt 1.000000 0.300000
vt 0.975000 0.300000
vt 0.950000 0.300000
vt 0.925000 0.300000
vt 0.900000 0.300000
vt 0.875000 0.300000
vt 0.850000 0.300000
vt 0.825000 0.300000
vt 0.800000 0.300000
vt 0.775000 0.300000
vt 0.750000 0.300000
vt 0.725000 0.300000
vt 0.700000 0.300000
vt 0.675000 0.300000
vt 0.650000 0.300000
vt 0.625000 0.300000
vt 0.600000 0.300000
vt 0.575000 0.300000
vt 0.550000 0.300000
vt 0.525000 0.300000
vt 0.500000 0.300000
vt 0.475000 0.300000
vt 0.450000 0.300000
vt 0.425000 0.300000
vt 0.400000 0.300000
vt 0.375000 0.300000
vt 0.350000 0.300000
vt 0.325000 0.300000
vt 0.300000 0.300000
vt 0.275000 0.300000
vt 0.250000 0.300000
vt 0.225000 0.300000
vt 0.200000 0.300000
vt 0.175000 0.300000
vt 0.150000 0.300000
vt 0.125000 0.300000
vt 0.100000 0.300000
vt 0.075000 0.300000
vt 0.050000 0.300000
vt 0.025000 0.300000
vt 0.000000 0.300000
vt 1.000000 0.333300
vt 0.975000 0.333300
vt 0.950000 0.333300
vt 0.925000 0.333300
vt 0.900000 0.333300
vt 0.875000 0.333300
vt 0.850000 0.333300
vt 0.825000 0.333300
vt 0.800000 0.333300
vt 0.775000 0.333300
vt 0.750000 0.333300
vt 0.725000 0.333300
vt 0.700000 0.333300
vt 0.675000 0.333300
vt 0.650000 0.333300
vt 0.625000 0.333300
vt 0.600000 0.333300
vt 0.575000 0.333300
vt 0.550000 0.333300
vt 0.525000 0.333300
vt 0.500000 0.333300
vt 0.475000 0.333300
vt 0.450000 0.333300
vt 0.425000 0.333300
vt 0.400000 0.333300
vt 0.375000 0.333300
vt 0.350000 0.333300
vt 0.325000 0.333300
vt 0.300000 0.333300
vt 0.275000 0.333300
vt 0.250000 0.333300
vt 0.225000 0.333300
vt 0.200000 0.333300
vt 0.175000 0.333300
vt 0.150000 0.333300
vt 0.125000 0.333300
vt 0.100000 0.333300
vt 0.075000 0.333300
vt 0.050000 0.333300
vt 0.025000 0.333300
vt 0.000000 0.333300
vt 1.000000 0.366700
vt 0.975000 0.366700
vt 0.950000 0.366700
vt 0.925000 0.366700
vt 0.900000 0.366700
vt 0.875000 0.366700
vt 0.850000 0.366700
vt 0.825000 0.366700
vt 0.800000 0.366700
vt 0.775000 0.366700
vt 0.750000 0.366700
vt 0.725000 0.366700
vt 0.700000 0.366700
vt 0.675000 0.366700
vt 0.650000 0.366700
vt 0.625000 0.366700
vt 0.600000 0.366700
vt 0.575000 0.366700
vt 0.550000 0.366700
vt 0.525000 0.366700
vt 0.500000 0.366700
vt 0.475000 0.366700
vt 0.450000 0.366700
vt 0.425000 0.366700
vt 0.400000 0.366700
vt 0.375000 0.366700
vt 0.350000 0.366700
vt 0.325000 0.366700
vt 0.300000 0.366700
vt 0.275000 0.366700
vt 0.250000 0.366700
vt 0.225000 0.366700
vt 0.200000 0.366700
vt 0.175000 0.366700
vt 0.150000 0.366700
vt 0.125000 0.366700
vt 0.100000 0.366700
vt 0.075000 0.366700
vt 0.050000 0.366700
vt 0.025000 0.366700
vt 0.000000 0.366700
vt 1.000000 0.400000
vt 0.975000 0.400000
vt 0.950000 0.400000
vt 0.925000 0.400000
vt 0.900000 0.400000
vt 0.875000 0.400000
vt 0.850000 0.400000
vt 0.825000 0.400000
vt 0.800000 0.400000
vt 0.775000 0.400000
vt 0.750000 0.400000
vt 0.725000 0.400000
vt 0.700000 0.400000
vt 0.675000 0.400000
vt 0.650000 0.400000
vt 0.625000 0.400000
vt 0.600000 0.400000
vt 0.575000 0.400000
vt 0.550000 0.400000
vt 0.525000 0.400000
vt 0.500000 0.400000
vt 0.475000 0.400000
vt 0.450000 0.400000
vt 0.425000 0.400000
vt 0.400000 0.400000
vt 0.375000 0.400000
vt 0.350000 0.400000
vt 0.325000 0.400000
vt 0.300000 0.400000
vt 0.275000 0.400000
vt 0.250000 0.400000
vt 0.225000 0.400000
vt 0.200000 0.400000
vt 0.175000 0.400000
vt 0.150000 0.400000
vt 0.125000 0.400000
vt 0.100000 0.400000
vt 0.075000 0.400000
vt 0.050000 0.400000
vt 0.025000 0.400000
vt 0.000000 0.400000
vt 1.000000 0.433300
vt 0.975000 0.433300
vt 0.950000 0.433300
vt 0.925000 0.433300
vt 0.900000 0.433300
vt 0.875000 0.433300
vt 0.850000 0.433300
vt 0.825000 0.433300
vt 0.800000 0.433300
vt 0.775000 0.433300
vt 0.750000 0.433300
vt 0.725000 0.433300
vt 0.700000 0.433300
vt 0.675000 0.433300
vt 0.650000 0.433300
vt 0.625000 0.433300
vt 0.600000 0.433300
vt 0.575000 0.433300
vt 0.550000 0.433300
vt 0.525000 0.433300
vt 0.500000 0.433300
vt 0.475000 0.433300
vt 0.450000 0.433300
vt 0.425000 0.433300
vt 0.400000 0.433300
vt 0.375000 0.433300
vt 0.350000 0.433300
vt 0.325000 0.433300
vt 0.300000 0.433300
vt 0.275000 0.433300
vt 0.250000 0.433300
vt 0.225000 0.433300
vt 0.200000 0.433300
vt 0.175000 0.433300
vt 0.150000 0.433300
vt 0.125000 0.433300
vt 0.100000 0.433300
vt 0.075000 0.433300
vt 0.050000 0.433300
vt 0.025000 0.433300
vt 0.000000 0.433300
vt 1.000000 0.466700
vt 0.975000 0.466700
vt 0.950000 0.466700
vt 0.925000 0.466700
vt 0.900000 0.466700
vt 0.875000 0.466700
vt 0.850000 0.466700
vt 0.825000 0.466700
vt 0.800000 0.466700
vt 0.775000 0.466700
vt 0.750000 0.466700
vt 0.725000 0.466700
vt 0.700000 0.466700
vt 0.675000 0.466700
vt 0.650000 0.466700
vt 0.625000 0.466700
vt 0.600000 0.466700
vt 0.575000 0.466700
vt 0.550000 0.466700
vt 0.525000 0.466700
vt 0.500000 0.466700
vt 0.475000 0.466700
vt 0.450000 0.466700
vt 0.425000 0.466700
vt 0.400000 0.466700
vt 0.375000 0.466700
vt 0.350000 0.466700
vt 0.325000 0.466700
vt 0.300000 0.466700
vt 0.275000 0.466700
vt 0.250000 0.466700
vt 0.225000 0.466700
vt 0.200000 0.466700
vt 0.175000 0.466700
vt 0.150000 0.466700
vt 0.125000 0.466700
vt 0.100000 0.466700
vt 0.075000 0.466700
vt 0.050000 0.466700
vt 0.025000 0.466700
vt 0.000000 0.466700
vt 1.000000 0.500000
vt 0.975000 0.500000
vt 0.950000 0.500000
vt 0.925000 0.500000
vt 0.900000 0.500000
vt 0.875000 0.500000
vt 0.850000 0.500000
vt 0.825000 0.500000
vt 0.800000 0.500000
vt 0.775000 0.500000
vt 0.750000 0.500000
vt 0.725000 0.500000
vt 0.700000 0.500000
vt 0.675000 0.500000
vt 0.650000 0.500000
vt 0.625000 0.500000
vt 0.600000 0.500000
vt 0.575000 0.500000
vt 0.550000 0.500000
vt 0.525000 0.500000
vt 0.500000 0.500000
vt 0.475000 0.500000
vt 0.450000 0.500000
vt 0.425000 0.500000
vt 0.400000 0.500000
vt 0.375000 0.500000
vt 0.350000 0.500000
vt 0.325000 0.500000
vt 0.300000 0.500000
vt 0.275000 0.500000
vt 0.250000 0.500000
vt 0.225000 0.500000
vt 0.200000 0.500000
vt 0.175000 0.500000
vt 0.150000 0.500000
vt 0.125000 0.500000
vt 0.100000 0.500000
vt 0.075000 0.500000
vt 0.050000 0.500000
vt 0.025000 0.500000
vt 0.000000 0.500000
vt 1.000000 0.533300
vt 0.975000 0.533300
vt 0.950000 0.533300
vt 0.925000 0.533300
vt 0.900000 0.533300
vt 0.875000 0.533300
vt 0.850000 0.533300
vt 0.825000 0.533300
vt 0.800000 0.533300
vt 0.775000 0.533300
vt 0.750000 0.533300
vt 0.725000 0.533300
vt 0.700000 0.533300
vt 0.675000 0.533300
vt 0.650000 0.533300
vt 0.625000 0.533300
vt 0.600000 0.533300
vt 0.575000 0.533300
vt 0.550000 0.533300
vt 0.525000 0.533300
vt 0.500000 0.533300
vt 0.475000 0.533300
vt 0.450000 0.533300
vt 0.425000 0.533300
vt 0.400000 0.533300
vt 0.375000 0.533300
vt 0.350000 0.533300
vt 0.325000 0.533300
vt 0.300000 0.533300
vt 0.275000 0.533300
vt 0.250000 0.533300
vt 0.225000 0.533300
vt 0.200000 0.533300
vt 0.175000 0.533300
vt 0.150000 0.533300
vt 0.125000 0.533300
vt 0.100000 0.533300
vt 0.075000 0.533300
vt 0.050000 0.533300
vt 0.025000 0.533300
vt 0.000000 0.533300
vt 1.000000 0.566700
vt 0.975000 0.566700
vt 0.950000 0.566700
vt 0.925000 0.566700
vt 0.900000 0.566700
vt 0.875000 0.566700
vt 0.850000 0.566700
vt 0.825000 0.566700
vt 0.800000 0.566700
vt 0.775000 0.566700
vt 0.750000 0.566700
vt 0.725000 0.566700
vt 0.700000 0.566700
vt 0.675000 0.566700
vt 0.650000 0.566700
vt 0.625000 0.566700
vt 0.600000 0.566700
vt 0.575000 0.566700
vt 0.550000 0.566700
vt 0.525000 0.566700
vt 0.500000 0.566700
vt 0.475000 0.566700
vt 0.450000 0.566700
vt 0.425000 0.566700
vt 0.400000 0.566700
vt 0.375000 0.566700
vt 0.350000 0.566700
vt 0.325000 0.566700
vt 0.300000 0.566700
vt 0.275000 0.566700
vt 0.250000 0.566700
vt 0.225000 0.566700
vt 0.200000 0.566700
vt 0.175000 0.566700
vt 0.150000 0.566700
vt 0.125000 0.566700
vt 0.100000 0.566700
vt 0.075000 0.566700
vt 0.050000 0.566700
vt 0.025000 0.566700
vt 0.000000 0.566700
vt 1.000000 0.600000
vt 0.975000 0.600000
vt 0.950000 0.600000
vt 0.925000 0.600000
vt 0.900000 0.600000
vt 0.875000 0.600000
vt 0.850000 0.600000
vt 0.825000 0.600000
vt 0.800000 0.600000
vt 0.775000 0.600000
vt 0.750000 0.600000
vt 0.725000 0.600000
vt 0.700000 0.600000
vt 0.675000 0.600000
vt 0.650000 0.600000
vt 0.625000 0.600000
vt 0.600000 0.600000
vt 0.575000 0.600000
vt 0.550000 0.600000
vt 0.525000 0.600000
vt 0.500000 0.600000
vt 0.475000 0.600000
vt 0.450000 0.600000
vt 0.425000 0.600000
vt 0.400000 0.600000
vt 0.375000 0.600000
vt 0.350000 0.600000
vt 0.325000 0.600000
vt 0.300000 0.600000
vt 0.275000 0.600000
vt 0.250000 0.600000
vt 0.225000 0.600000
vt 0.200000 0.600000
vt 0.175000 0.600000
vt 0.150000 0.600000
vt 0.125000 0.600000
vt 0.100000 0.600000
vt 0.075000 0.600000
vt 0.050000 0.600000
vt 0.025000 0.600000
vt 0.000000 0.600000
vt 1.000000 0.633300
vt 0.975000 0.633300
vt 0.950000 0.633300
vt 0.925000 0.633300
vt 0.900000 0.633300
vt 0.875000 0.633300
vt 0.850000 0.633300
vt 0.825000 0.633300
vt 0.800000 0.633300
vt 0.775000 0.633300
vt 0.750000 0.633300
vt 0.725000 0.633300
vt 0.700000 0.633300
vt 0.675000 0.633300
vt 0.650000 0.633300
vt 0.625000 0.633300
vt 0.600000 0.633300
vt 0.575000 0.633300
vt 0.550000 0.633300
vt 0.525000 0.633300
vt 0.500000 0.633300
vt 0.475000 0.633300
vt 0.450000 0.633300
vt 0.425000 0.633300
vt 0.400000 0.633300
vt 0.375000 0.633300
vt 0.350000 0.633300
vt 0.325000 0.633300
vt 0.300000 0.633300
vt 0.275000 0.633300
vt 0.250000 0.633300
vt 0.225000 0.633300
vt 0.200000 0.633300
vt 0.175000 0.633300
vt 0.150000 0.633300
vt 0.125000 0.633300
vt 0.100000 0.633300
vt 0.075000 0.633300
vt 0.050000 0.633300
vt 0.025000 0.633300
vt 0.000000 0.633300
vt 1.000000 0.666700
vt 0.975000 0.666700
vt 0.950000 0.666700
vt 0.925000 0.666700
vt 0.900000 0.666700
vt 0.875000 0.666700
vt 0.850000 0.666700
vt 0.825000 0.666700
vt 0.800000 0.666700
vt 0.775000 0.666700
vt 0.750000 0.666700
vt 0.725000 0.666700
vt 0.700000 0.666700
vt 0.675000 0.666700
vt 0.650000 0.666700
vt 0.625000 0.666700
vt 0.600000 0.666700
vt 0.575000 0.666700
vt 0.550000 0.666700
vt 0.525000 0.666700
vt 0.500000 0.666700
vt 0.475000 0.666700
vt 0.450000 0.666700
vt 0.425000 0.666700
vt 0.400000 0.666700
vt 0.375000 0.666700
vt 0.350000 0.666700
vt 0.325000 0.666700
vt 0.300000 0.666700
vt 0.275000 0.666700
vt 0.250000 0.666700
vt 0.225000 0.666700
vt 0.200000 0.666700
vt 0.175000 0.666700
vt 0.150000 0.666700
vt 0.125000 0.666700
vt 0.100000 0.666700
vt 0.075000 0.666700
vt 0.050000 0.666700
vt 0.025000 0.666700
vt 0.000000 0.666700
vt 1.000000 0.700000
vt 0.975000 0.700000
vt 0.950000 0.700000
vt 0.925000 0.700000
vt 0.900000 0.700000
vt 0.875000 0.700000
vt 0.850000 0.700000
vt 0.825000 0.700000
vt 0.800000 0.700000
vt 0.775000 0.700000
vt 0.750000 0.700000
vt 0.725000 0.700000
vt 0.700000 0.700000
vt 0.675000 0.700000
vt 0.650000 0.700000
vt 0.625000 0.700000
vt 0.600000 0.700000
vt 0.575000 0.700000
vt 0.550000 0.700000
vt 0.525000 0.700000
vt 0.500000 0.700000
vt 0.475000 0.700000
vt 0.450000 0.700000
vt 0.425000 0.700000
vt 0.400000 0.700000
vt 0.375000 0.700000
vt 0.350000 0.700000
vt 0.325000 0.700000
vt 0.300000 0.700000
vt 0.275000 0.700000
vt 0.250000 0.700000
vt 0.225000 0.700000
vt 0.200000 0.700000
vt 0.175000 0.700000
vt 0.150000 0.700000
vt 0.125000 0.700000
vt 0.100000 0.700000
vt 0.075000 0.700000
vt 0.050000 0.700000
vt 0.025000 0.700000
vt 0.000000 0.700000
vt 1.000000 0.733300
vt 0.975000 0.733300
vt 0.950000 0.733300
vt 0.925000 0.733300
vt 0.900000 0.733300
vt 0.875000 0.733300
vt 0.850000 0.733300
vt 0.825000 0.733300
vt 0.800000 0.733300
vt 0.775000 0.733300
vt 0.750000 0.733300
vt 0.725000 0.733300
vt 0.700000 0.733300
vt 0.675000 0.733300
vt 0.650000 0.733300
vt 0.625000 0.733300
vt 0.600000 0.733300
vt 0.575000 0.733300
vt 0.550000 0.733300
vt 0.525000 0.733300
vt 0.500000 0.733300
vt 0.475000 0.733300
vt 0.450000 0.733300
vt 0.425000 0.733300
vt 0.400000 0.733300
vt 0.375000 0.733300
vt 0.350000 0.733300
vt 0.325000 0.733300
vt 0.300000 0.733300
vt 0.275000 0.733300
vt 0.250000 0.733300
vt 0.225000 0.733300
vt 0.200000 0.733300
vt 0.175000 0.733300
vt 0.150000 0.733300
vt 0.125000 0.733300
vt 0.100000 0.733300
vt 0.075000 0.733300
vt 0.050000 0.733300
vt 0.025000 0.733300
vt 0.000000 0.733300
vt 1.000000 0.766700
vt 0.975000 0.766700
vt 0.950000 0.766700
vt 0.925000 0.766700
vt 0.900000 0.766700
vt 0.875000 0.766700
vt 0.850000 0.766700
vt 0.825000 0.766700
vt 0.800000 0.766700
vt 0.775000 0.766700
vt 0.750000 0.766700
vt 0.725000 0.766700
vt 0.700000 0.766700
vt 0.675000 0.766700
vt 0.650000 0.766700
vt 0.625000 0.766700
vt 0.600000 0.766700
vt 0.575000 0.766700
vt 0.550000 0.766700
vt 0.525000 0.766700
vt 0.500000 0.766700
vt 0.475000 0.766700
vt 0.450000 0.766700
vt 0.425000 0.766700
vt 0.400000 0.766700
vt 0.375000 0.766700
vt 0.350000 0.766700
vt 0.325000 0.766700
vt 0.300000 0.766700
vt 0.275000 0.766700
vt 0.250000 0.766700
vt 0.225000 0.766700
vt 0.200000 0.766700
vt 0.175000 0.766700
vt 0.150000 0.766700
vt 0.125000 0.766700
vt 0.100000 0.766700
vt 0.075000 0.766700
vt 0.050000 0.766700
vt 0.025000 0.766700
vt 0.000000 0.766700
vt 1.000000 0.800000
vt 0.975000 0.800000
vt 0.950000 0.800000
vt 0.925000 0.800000
vt 0.900000 0.800000
vt 0.875000 0.800000
vt 0.850000 0.800000
vt 0.825000 0.800000
vt 0.800000 0.800000
vt 0.775000 0.800000
vt 0.750000 0.800000
vt 0.725000 0.800000
vt 0.700000 0.800000
vt 0.675000 0.800000
vt 0.650000 0.800000
vt 0.625000 0.800000
vt 0.600000 0.800000
vt 0.575000 0.800000
vt 0.550000 0.800000
vt 0.525000 0.800000
vt 0.500000 0.800000
vt 0.475000 0.800000
vt 0.450000 0.800000
vt 0.425000 0.800000
vt 0.400000 0.800000
vt 0.375000 0.800000
vt 0.350000 0.800000
vt 0.325000 0.800000
vt 0.300000 0.800000
vt 0.275000 0.800000
vt 0.250000 0.800000
vt 0.225000 0.800000
vt 0.200000 0.800000
vt 0.175000 0.800000
vt 0.150000 0.800000
vt 0.125000 0.800000
vt 0.100000 0.800000
vt 0.075000 0.800000
vt 0.050000 0.800000
vt 0.025000 0.800000
vt 0.000000 0.800000
vt 1.000000 0.833300
vt 0.975000 0.833300
vt 0.950000 0.833300
vt 0.925000 0.833300
vt 0.900000 0.833300
vt 0.875000 0.833300
vt 0.850000 0.833300
vt 0.825000 0.833300
vt 0.800000 0.833300
vt 0.775000 0.833300
vt 0.750000 0.833300
vt 0.725000 0.833300
vt 0.700000 0.833300
vt 0.675000 0.833300
vt 0.650000 0.833300
vt 0.625000 0.833300
vt 0.600000 0.833300
vt 0.575000 0.833300
vt 0.550000 0.833300
vt 0.525000 0.833300
vt 0.500000 0.833300
vt 0.475000 0.833300
vt 0.450000 0.833300
vt 0.425000 0.833300
vt 0.400000 0.833300
vt 0.375000 0.833300
vt 0.350000 0.833300
vt 0.325000 0.833300
vt 0.300000 0.833300
vt 0.275000 0.833300
vt 0.250000 0.833300
vt 0.225000 0.833300
vt 0.200000 0.833300
vt 0.175000 0.833300
vt 0.150000 0.833300
vt 0.125000 0.833300
vt 0.100000 0.833300
vt 0.075000 0.833300
vt 0.050000 0.833300
vt 0.025000 0.833300
vt 0.000000 0.833300
vt 1.000000 0.866700
vt 0.975000 0.866700
vt 0.950000 0.866700
vt 0.925000 0.866700
vt 0.900000 0.866700
vt 0.875000 0.866700
vt 0.850000 0.866700
vt 0.825000 0.866700
vt 0.800000 0.866700
vt 0.775000 0.866700
vt 0.750000 0.866700
vt 0.725000 0.866700
vt 0.700000 0.866700
vt 0.675000 0.866700
vt 0.650000 0.866700
vt 0.625000 0.866700
vt 0.600000 0.866700
vt 0.575000 0.866700
vt 0.550000 0.866700
vt 0.525000 0.866700
vt 0.500000 0.866700
vt 0.475000 0.866700
vt 0.450000 0.866700
vt 0.425000 0.866700
vt 0.400000 0.866700
vt 0.375000 0.866700
vt 0.350000 0.866700
vt 0.325000 0.866700
vt 0.300000 0.866700
vt 0.275000 0.866700
vt 0.250000 0.866700
vt 0.225000 0.866700
vt 0.200000 0.866700
vt 0.175000 0.866700
vt 0.150000 0.866700
vt 0.125000 0.866700
vt 0.100000 0.866700
vt 0.075000 0.866700
vt 0.050000 0.866700
vt 0.025000 0.866700
vt 0.000000 0.866700
vt 1.000000 0.900000
vt 0.975000 0.900000
vt 0.950000 0.900000
vt 0.925000 0.900000
vt 0.900000 0.900000
vt 0.875000 0.900000
vt 0.850000 0.900000
vt 0.825000 0.900000
vt 0.800000 0.900000
vt 0.775000 0.900000
vt 0.750000 0.900000
vt 0.725000 0.900000
vt 0.700000 0.900000
vt 0.675000 0.900000
vt 0.650000 0.900000
vt 0.625000 0.900000
vt 0.600000 0.900000
vt 0.575000 0.900000
vt 0.550000 0.900000
vt 0.525000 0.900000
vt 0.500000 0.900000
vt 0.475000 0.900000
vt 0.450000 0.900000
vt 0.425000 0.900000
vt 0.400000 0.900000
vt 0.375000 0.900000
vt 0.350000 0.900000
vt 0.325000 0.900000
vt 0.300000 0.900000
vt 0.275000 0.900000
vt 0.250000 0.900000
vt 0.225000 0.900000
vt 0.200000 0.900000
vt 0.175000 0.900000
vt 0.150000 0.900000
vt 0.125000 0.900000
vt 0.100000 0.900000
vt 0.075000 0.900000
vt 0.050000 0.900000
vt 0.025000 0.900000
vt 0.000000 0.900000
vt 1.000000 0.933300
vt 0.975000 0.933300
vt 0.950000 0.933300
vt 0.925000 0.933300
vt 0.900000 0.933300
vt 0.875000 0.933300
vt 0.850000 0.933300
vt 0.825000 0.933300
vt 0.800000 0.933300
vt 0.775000 0.933300
vt 0.750000 0.933300
vt 0.725000 0.933300
vt 0.700000 0.933300
vt 0.675000 0.933300
vt 0.650000 0.933300
vt 0.625000 0.933300
vt 0.600000 0.933300
vt 0.575000 0.933300
vt 0.550000 0.933300
vt 0.525000 0.933300
vt 0.500000 0.933300
vt 0.475000 0.933300
vt 0.450000 0.933300
vt 0.425000 0.933300
vt 0.400000 0.933300
vt 0.375000 0.933300
vt 0.350000 0.933300
vt 0.325000 0.933300
vt 0.300000 0.933300
vt 0.275000 0.933300
vt 0.250000 0.933300
vt 0.225000 0.933300
vt 0.200000 0.933300
vt 0.175000 0.933300
vt 0.150000 0.933300
vt 0.125000 0.933300
vt 0.100000 0.933300
vt 0.075000 0.933300
vt 0.050000 0.933300
vt 0.025000 0.933300
vt 0.000000 0.933300
vt 1.000000 0.966700
vt 0.975000 0.966700
vt 0.950000 0.966700
vt 0.925000 0.966700
vt 0.900000 0.966700
vt 0.875000 0.966700
vt 0.850000 0.966700
vt 0.825000 0.966700
vt 0.800000 0.966700
vt 0.775000 0.966700
vt 0.750000 0.966700
vt 0.725000 0.966700
vt 0.700000 0.966700
vt 0.675000 0.966700
vt 0.650000 0.966700
vt 0.625000 0.966700
vt 0.600000 0.966700
vt 0.575000 0.966700
vt 0.550000 0.966700
vt 0.525000 0.966700
vt 0.500000 0.966700
vt 0.475000 0.966700
vt 0.450000 0.966700
vt 0.425000 0.966700
vt 0.400000 0.966700
vt 0.375000 0.966700
vt 0.350000 0.966700
vt 0.325000 0.966700
vt 0.300000 0.966700
vt 0.275000 0.966700
vt 0.250000 0.966700
vt 0.225000 0.966700
vt 0.200000 0.966700
vt 0.175000 0.966700
vt 0.150000 0.966700
vt 0.125000 0.966700
vt 0.100000 0.966700
vt 0.075000 0.966700
vt 0.050000 0.966700
vt 0.025000 0.966700
vt 0.000000 0.966700
vt 1.000000 1.000000
vt 0.975000 1.000000
vt 0.950000 1.000000
vt 0.925000 1.000000
vt 0.900000 1.000000
vt 0.875000 1.000000
vt 0.850000 1.000000
vt 0.825000 1.000000
vt 0.800000 1.000000
vt 0.775000 1.000000
vt 0.750000 1.000000
vt 0.725000 1.000000
vt 0.700000 1.000000
vt 0.675000 1.000000
vt 0.650000 1.000000
vt 0.625000 1.000000
vt 0.600000 1.000000
vt 0.575000 1.000000
vt 0.550000 1.000000
vt 0.525000 1.000000
vt 0.500000 1.000000
vt 0.475000 1.000000
vt 0.450000 1.000000
vt 0.425000 1.000000
vt 0.400000 1.000000
vt 0.375000 1.000000
vt 0.350000 1.000000
vt 0.325000 1.000000
vt 0.300000 1.000000
vt 0.275000 1.000000
vt 0.250000 1.000000
vt 0.225000 1.000000
vt 0.200000 1.000000
vt 0.175000 1.000000
vt 0.150000 1.000000
vt 0.125000 1.000000
vt 0.100000 1.000000
vt 0.075000 1.000000
vt 0.050000 1.000000
vt 0.025000 1.000000
vt 0.000000 1.000000
vt 0.033300 0.000000
vt 0.033300 0.200000
vt 0.066700 0.000000
vt 0.066700 0.200000
vt 0.133300 0.000000
vt 0.133300 0.200000
vt 0.166700 0.000000
vt 0.166700 0.200000
vt 0.233300 0.000000
vt 0.233300 0.200000
vt 0.266700 0.000000
vt 0.266700 0.200000
vt 0.333300 0.000000
vt 0.333300 0.200000
vt 0.366700 0.000000
vt 0.366700 0.200000
vt 0.433300 0.000000
vt 0.433300 0.200000
vt 0.466700 0.000000
vt 0.466700 0.200000
vt 0.533300 0.000000
vt 0.533300 0.200000
vt 0.566700 0.000000
vt 0.566700 0.200000
vt 0.633300 0.000000
vt 0.633300 0.200000
vt 0.666700 0.000000
vt 0.666700 0.200000
vt 0.733300 0.000000
vt 0.733300 0.200000
vt 0.766700 0.000000
vt 0.766700 0.200000
vt 0.833300 0.000000
vt 0.833300 0.200000
vt 0.866700 0.000000
vt 0.866700 0.200000
vt 0.933300 0.000000
vt 0.933300 0.200000
vt 0.966700 0.000000
vt 0.966700 0.200000
vt 0.033300 0.400000
vt 0.066700 0.400000
vt 0.133300 0.400000
vt 0.166700 0.400000
vt 0.233300 0.400000
vt 0.266700 0.400000
vt 0.333300 0.400000
vt 0.366700 0.400000
vt 0.433300 0.400000
vt 0.466700 0.400000
vt 0.533300 0.400000
vt 0.566700 0.400000
vt 0.633300 0.400000
vt 0.666700 0.400000
vt 0.733300 0.400000
vt 0.766700 0.400000
vt 0.833300 0.400000
vt 0.866700 0.400000
vt 0.933300 0.400000
vt 0.966700 0.400000
vt 0.033300 0.600000
vt 0.066700 0.600000
vt 0.133300 0.600000
vt 0.166700 0.600000
vt 0.233300 0.600000
vt 0.266700 0.600000
vt 0.333300 0.600000
vt 0.366700 0.600000
vt 0.433300 0.600000
vt 0.466700 0.600000
vt 0.533300 0.600000
vt 0.566700 0.600000
vt 0.633300 0.600000
vt 0.666700 0.600000
vt 0.733300 0.600000
vt 0.766700 0.600000
vt 0.833300 0.600000
vt 0.866700 0.600000
vt 0.933300 0.600000
vt 0.966700 0.600000
vt 0.033300 0.800000
vt 0.066700 0.800000
vt 0.133300 0.800000
vt 0.166700 0.800000
vt 0.233300 0.800000
vt 0.266700 0.800000
vt 0.333300 0.800000
vt 0.366700 0.800000
vt 0.433300 0.800000
vt 0.466700 0.800000
vt 0.533300 0.800000
vt 0.566700 0.800000
vt 0.633300 0.800000
vt 0.666700 0.800000
vt 0.733300 0.800000
vt 0.766700 0.800000
vt 0.833300 0.800000
vt 0.866700 0.800000
vt 0.933300 0.800000
vt 0.966700 0.800000
vt 0.033300 1.000000
vt 0.066700 1.000000
vt 0.133300 1.000000
vt 0.166700 1.000000
vt 0.233300 1.000000
vt 0.266700 1.000000
vt 0.333300 1.000000
vt 0.366700 1.000000
vt 0.433300 1.000000
vt 0.466700 1.000000
vt 0.533300 1.000000
vt 0.566700 1.000000
vt 0.633300 1.000000
vt 0.666700 1.000000
vt 0.733300 1.000000
vt 0.766700 1.000000
vt 0.833300 1.000000
vt 0.866700 1.000000
vt 0.933300 1.000000
vt 0.966700 1.000000
s 1
usemtl 01___Default.002
f 1/1/1 2/2/2 3/3/3 4/4/4
f 4/4/4 3/3/3 5/5/5 6/6/6
f 6/6/6 5/5/5 7/7/7 8/8/8
f 8/8/8 7/7/7 9/9/9 10/10/10
f 10/10/10 9/9/9 11/11/11 12/12/12
f 12/12/12 11/11/11 13/13/13 14/14/14
f 14/14/14 13/13/13 15/15/15 16/16/16
f 16/16/16 15/15/15 17/17/17 18/18/18
f 18/18/18 17/17/17 19/19/19 20/20/20
f 20/20/20 19/19/19 21/21/21 22/22/22
f 22/22/22 21/21/21 23/23/23 24/24/24
f 24/24/24 23/23/23 25/25/25 26/26/26
f 26/26/26 25/25/25 27/27/27 28/28/28
f 28/28/28 27/27/27 29/29/29 30/30/30
f 30/30/30 29/29/29 31/31/31 32/32/32
f 32/32/32 31/31/31 33/33/33 34/34/34
f 34/34/34 33/33/33 35/35/35 36/36/36
f 36/36/36 35/35/35 37/37/37 38/38/38
f 38/38/38 37/37/37 39/39/39 40/40/40
f 40/40/40 39/39/39 41/41/41 42/42/42
f 42/42/42 41/41/41 43/43/43 44/44/44
f 44/44/44 43/43/43 45/45/45 46/46/46
f 46/46/46 45/45/45 47/47/47 48/48/48
f 48/48/48 47/47/47 49/49/49 50/50/50
f 50/50/50 49/49/49 51/51/51 52/52/52
f 52/52/52 51/51/51 53/53/53 54/54/54
f 54/54/54 53/53/53 55/55/55 56/56/56
f 56/56/56 55/55/55 57/57/57 58/58/58
f 58/58/58 57/57/57 59/59/59 60/60/60
f 60/60/60 59/59/59 61/61/61 62/62/62
f 62/62/62 61/61/61 63/63/63 64/64/64
f 64/64/64 63/63/63 65/65/65 66/66/66
f 66/66/66 65/65/65 67/67/67 68/68/68
f 68/68/68 67/67/67 69/69/69 70/70/70
f 70/70/70 69/69/69 71/71/71 72/72/72
f 72/72/72 71/71/71 73/73/73 74/74/74
f 74/74/74 73/73/73 75/75/75 76/76/76
f 76/76/76 75/75/75 77/77/77 78/78/78
f 78/78/78 77/77/77 79/79/79 80/80/80
f 80/80/80 79/79/79 81/81/81 82/82/82
f 2/2/2 83/83/83 84/84/84 3/3/3
f 3/3/3 84/84/84 85/85/85 5/5/5
f 5/5/5 85/85/85 86/86/86 7/7/7
f 7/7/7 86/86/86 87/87/87 9/9/9
f 9/9/9 87/87/87 88/88/88 11/11/11
f 11/11/11 88/88/88 89/89/89 13/13/13
f 13/13/13 89/89/89 90/90/90 15/15/15
f 15/15/15 90/90/90 91/91/91 17/17/17
f 17/17/17 91/91/91 92/92/92 19/19/19
f 19/19/19 92/92/92 93/93/93 21/21/21
f 21/21/21 93/93/93 94/94/94 23/23/23
f 23/23/23 94/94/94 95/95/95 25/25/25
f 25/25/25 95/95/95 96/96/96 27/27/27
f 27/27/27 96/96/96 97/97/97 29/29/29
f 29/29/29 97/97/97 98/98/98 31/31/31
f 31/31/31 98/98/98 99/99/99 33/33/33
f 33/33/33 99/99/99 100/100/100 35/35/35
f 35/35/35 100/100/100 101/101/101 37/37/37
f 37/37/37 101/101/101 102/102/102 39/39/39
f 39/39/39 102/102/102 103/103/103 41/41/41
f 41/41/41 103/103/103 104/104/104 43/43/43
f 43/43/43 104/104/104 105/105/105 45/45/45
f 45/45/45 105/105/105 106/106/106 47/47/47
f 47/47/47 106/106/106 107/107/107 49/49/49
f 49/49/49 107/107/107 108/108/108 51/51/51
f 51/51/51 108/108/108 109/109/109 53/53/53
f 53/53/53 109/109/109 110/110/110 55/55/55
f 55/55/55 110/110/110 111/111/111 57/57/57
f 57/57/57 111/111/111 112/112/112 59/59/59
f 59/59/59 112/112/112 113/113/113 61/61/61
f 61/61/61 113/113/113 114/114/114 63/63/63
f 63/63/63 114/114/114 115/115/115 65/65/65
f 65/65/65 115/115/115 116/116/116 67/67/67
f 67/67/67 116/116/116 117/117/117 69/69/69
f 69/69/69 117/117/117 118/118/118 71/71/71
f 71/71/71 118/118/118 119/119/119 73/73/73
f 73/73/73 119/119/119 120/120/120 75/75/75
f 75/75/75 120/120/120 121/121/121 77/77/77
f 77/77/77 121/121/121 122/122/122 79/79/79
f 79/79/79 122/122/122 123/123/123 81/81/81
f 83/83/83 124/124/124 125/125/125 84/84/84
f 84/84/84 125/125/125 126/126/126 85/85/85
f 85/85/85 126/126/126 127/127/127 86/86/86
f 86/86/86 127/127/127 128/128/128 87/87/87
f 87/87/87 128/128/128 129/129/129 88/88/88
f 88/88/88 129/129/129 130/130/130 89/89/89
f 89/89/89 130/130/130 131/131/131 90/90/90
f 90/90/90 131/131/131 132/132/132 91/91/91
f 91/91/91 132/132/132 133/133/133 92/92/92
f 92/92/92 133/133/133 134/134/134 93/93/93
f 93/93/93 134/134/134 135/135/135 94/94/94
f 94/94/94 135/135/135 136/136/136 95/95/95
f 95/95/95 136/136/136 137/137/137 96/96/96
f 96/96/96 137/137/137 138/138/138 97/97/97
f 97/97/97 138/138/138 139/139/139 98/98/98
f 98/98/98 139/139/139 140/140/140 99/99/99
f 99/99/99 140/140/140 141/141/141 100/100/100
f 100/100/100 141/141/141 142/142/142 101/101/101
f 101/101/101 142/142/142 143/143/143 102/102/102
f 102/102/102 143/143/143 144/144/144 103/103/103
f 103/103/103 144/144/144 145/145/145 104/104/104
f 104/104/104 145/145/145 146/146/146 105/105/105
f 105/105/105 146/146/146 147/147/147 106/106/106
f 106/106/106 147/147/147 148/148/148 107/107/107
f 107/107/107 148/148/148 149/149/149 108/108/108
f 108/108/108 149/149/149 150/150/150 109/109/109
f 109/109/109 150/150/150 151/151/151 110/110/110
f 110/110/110 151/151/151 152/152/152 111/111/111
f 111/111/111 152/152/152 153/153/153 112/112/112
f 112/112/112 153/153/153 154/154/154 113/113/113
f 113/113/113 154/154/154 155/155/155 114/114/114
f 114/114/114 155/155/155 156/156/156 115/115/115
f 115/115/115 156/156/156 157/157/157 116/116/116
f 116/116/116 157/157/157 158/158/158 117/117/117
f 117/117/117 158/158/158 159/159/159 118/118/118
f 118/118/118 159/159/159 160/160/160 119/119/119
f 119/119/119 160/160/160 161/161/161 120/120/120
f 120/120/120 161/161/161 162/162/162 121/121/121
f 121/121/121 162/162/162 163/163/163 122/122/122
f 122/122/122 163/163/163 164/164/164 123/123/123
f 124/124/124 165/165/165 166/166/166 125/125/125
f 125/125/125 166/166/166 167/167/167 126/126/126
f 126/126/126 167/167/167 168/168/168 127/127/127
f 127/127/127 168/168/168 169/169/169 128/128/128
f 128/128/128 169/169/169 170/170/170 129/129/129
f 129/129/129 170/170/170 171/171/171 130/130/130
f 130/130/130 171/171/171 172/172/172 131/131/131
f 131/131/131 172/172/172 173/173/173 132/132/132
f 132/132/132 173/173/173 174/174/174 133/133/133
f 133/133/133 174/174/174 175/175/175 134/134/134
f 134/134/134 175/175/175 176/176/176 135/135/135
f 135/135/135 176/176/176 177/177/177 136/136/136
f 136/136/136 177/177/177 178/178/178 137/137/137
f 137/137/137 178/178/178 179/179/179 138/138/138
f 138/138/138 179/179/179 180/180/180 139/139/139
f 139/139/139 180/180/180 181/181/181 140/140/140
f 140/140/140 181/181/181 182/182/182 141/141/141
f 141/141/141 182/182/182 183/183/183 142/142/142
f 142/142/142 183/183/183 184/184/184 143/143/143
f 143/143/143 184/184/184 185/185/185 144/144/144
f 144/144/144 185/185/185 186/186/186 145/145/145
f 145/145/145 186/186/186 187/187/187 146/146/146
f 146/146/146 187/187/187 188/188/188 147/147/147
f 147/147/147 188/188/188 189/189/189 148/148/148
f 148/148/148 189/189/189 190/190/190 149/149/149
f 149/149/149 190/190/190 191/191/191 150/150/150
f 150/150/150 191/191/191 192/192/192 151/151/151
f 151/151/151 192/192/192 193/193/193 152/152/152
f 152/152/152 193/193/193 194/194/194 153/153/153
f 153/153/153 194/194/194 195/195/195 154/154/154
f 154/154/154 195/195/195 196/196/196 155/155/155
f 155/155/155 196/196/196 197/197/197 156/156/156
f 156/156/156 197/197/197 198/198/198 157/157/157
f 157/157/157 198/198/198 199/199/199 158/158/158
f 158/158/158 199/199/199 200/200/200 159/159/159
f 159/159/159 200/200/200 201/201/201 160/160/160
f 160/160/160 201/201/201 202/202/202 161/161/161
f 161/161/161 202/202/202 203/203/203 162/162/162
f 162/162/162 203/203/203 204/204/204 163/163/163
f 163/163/163 204/204/204 205/205/205 164/164/164
f 165/165/165 206/206/206 207/207/207 166/166/166
f 166/166/166 207/207/207 208/208/208 167/167/167
f 167/167/167 208/208/208 209/209/209 168/168/168
f 168/168/168 209/209/209 210/210/210 169/169/169
f 169/169/169 210/210/210 211/211/211 170/170/170
f 170/170/170 211/211/211 212/212/212 171/171/171
f 171/171/171 212/212/212 213/213/213 172/172/172
f 172/172/172 213/213/213 214/214/214 173/173/173
f 173/173/173 214/214/214 215/215/215 174/174/174
f 174/174/174 215/215/215 216/216/216 175/175/175
f 175/175/175 216/216/216 217/217/217 176/176/176
f 176/176/176 217/217/217 218/218/218 177/177/177
f 177/177/177 218/218/218 219/219/219 178/178/178
f 178/178/178 219/219/219 220/220/220 179/179/179
f 179/179/179 220/220/220 221/221/221 180/180/180
f 180/180/180 221/221/221 222/222/222 181/181/181
f 181/181/181 222/222/222 223/223/223 182/182/182
f 182/182/182 223/223/223 224/224/224 183/183/183
f 183/183/183 224/224/224 225/225/225 184/184/184
f 184/184/184 225/225/225 226/226/226 185/185/185
f 185/185/185 226/226/226 227/227/227 186/186/186
f 186/186/186 227/227/227 228/228/228 187/187/187
f 187/187/187 228/228/228 229/229/229 188/188/188
f 188/188/188 229/229/229 230/230/230 189/189/189
f 189/189/189 230/230/230 231/231/231 190/190/190
f 190/190/190 231/231/231 232/232/232 191/191/191
f 191/191/191 232/232/232 233/233/233 192/192/192
f 192/192/192 233/233/233 234/234/234 193/193/193
f 193/193/193 234/234/234 235/235/235 194/194/194
f 194/194/194 235/235/235 236/236/236 195/195/195
f 195/195/195 236/236/236 237/237/237 196/196/196
f 196/196/196 237/237/237 238/238/238 197/197/197
f 197/197/197 238/238/238 239/239/239 198/198/198
f 198/198/198 239/239/239 240/240/240 199/199/199
f 199/199/199 240/240/240 241/241/241 200/200/200
f 200/200/200 241/241/241 242/242/242 201/201/201
f 201/201/201 242/242/242 243/243/243 202/202/202
f 202/202/202 243/243/243 244/244/244 203/203/203
f 203/203/203 244/244/244 245/245/245 204/204/204
f 204/204/204 245/245/245 246/246/246 205/205/205
f 206/206/206 247/247/247 248/248/248 207/207/207
f 207/207/207 248/248/248 249/249/249 208/208/208
f 208/208/208 249/249/249 250/250/250 209/209/209
f 209/209/209 250/250/250 251/251/251 210/210/210
f 210/210/210 251/251/251 252/252/252 211/211/211
f 211/211/211 252/252/252 253/253/253 212/212/212
f 212/212/212 253/253/253 254/254/254 213/213/213
f 213/213/213 254/254/254 255/255/255 214/214/214
f 214/214/214 255/255/255 256/256/256 215/215/215
f 215/215/215 256/256/256 257/257/257 216/216/216
f 216/216/216 257/257/257 258/258/258 217/217/217
f 217/217/217 258/258/258 259/259/259 218/218/218
f 218/218/218 259/259/259 260/260/260 219/219/219
f 219/219/219 260/260/260 261/261/261 220/220/220
f 220/220/220 261/261/261 262/262/262 221/221/221
f 221/221/221 262/262/262 263/263/263 222/222/222
f 222/222/222 263/263/263 264/264/264 223/223/223
f 223/223/223 264/264/264 265/265/265 224/224/224
f 224/224/224 265/265/265 266/266/266 225/225/225
f 225/225/225 266/266/266 267/267/267 226/226/226
f 226/226/226 267/267/267 268/268/268 227/227/227
f 227/227/227 268/268/268 269/269/269 228/228/228
f 228/228/228 269/269/269 270/270/270 229/229/229
f 229/229/229 270/270/270 271/271/271 230/230/230
f 230/230/230 271/271/271 272/272/272 231/231/231
f 231/231/231 272/272/272 273/273/273 232/232/232
f 232/232/232 273/273/273 274/274/274 233/233/233
f 233/233/233 274/274/274 275/275/275 234/234/234
f 234/234/234 275/275/275 276/276/276 235/235/235
f 235/235/235 276/276/276 277/277/277 236/236/236
f 236/236/236 277/277/277 278/278/278 237/237/237
f 237/237/237 278/278/278 279/279/279 238/238/238
f 238/238/238 279/279/279 280/280/280 239/239/239
f 239/239/239 280/280/280 281/281/281 240/240/240
f 240/240/240 281/281/281 282/282/282 241/241/241
f 241/241/241 282/282/282 283/283/283 242/242/242
f 242/242/242 283/283/283 284/284/284 243/243/243
f 243/243/243 284/284/284 285/285/285 244/244/244
f 244/244/244 285/285/285 286/286/286 245/245/245
f 245/245/245 286/286/286 287/287/287 246/246/246
f 247/247/247 288/288/288 289/289/289 248/248/248
f 248/248/248 289/289/289 290/290/290 249/249/249
f 249/249/249 290/290/290 291/291/291 250/250/250
f 250/250/250 291/291/291 292/292/292 251/251/251
f 251/251/251 292/292/292 293/293/293 252/252/252
f 252/252/252 293/293/293 294/294/294 253/253/253
f 253/253/253 294/294/294 295/295/295 254/254/254
f 254/254/254 295/295/295 296/296/296 255/255/255
f 255/255/255 296/296/296 297/297/297 256/256/256
f 256/256/256 297/297/297 298/298/298 257/257/257
f 257/257/257 298/298/298 299/299/299 258/258/258
f 258/258/258 299/299/299 300/300/300 259/259/259
f 259/259/259 300/300/300 301/301/301 260/260/260
f 260/260/260 301/301/301 302/302/302 261/261/261
f 261/261/261 302/302/302 303/303/303 262/262/262
f 262/262/262 303/303/303 304/304/304 263/263/263
f 263/263/263 304/304/304 305/305/305 264/264/264
f 264/264/264 305/305/305 306/306/306 265/265/265
f 265/265/265 306/306/306 307/307/307 266/266/266
f 266/266/266 307/307/307 308/308/308 267/267/267
f 267/267/267 308/308/308 309/309/309 268/268/268
f 268/268/268 309/309/309 310/310/310 269/269/269
f 269/269/269 310/310/310 311/311/311 270/270/270
f 270/270/270 311/311/311 312/312/312 271/271/271
f 271/271/271 312/312/312 313/313/313 272/272/272
f 272/272/272 313/313/313 314/314/314 273/273/273
f 273/273/273 314/314/314 315/315/315 274/274/274
f 274/274/274 315/315/315 316/316/316 275/275/275
f 275/275/275 316/316/316 317/317/317 276/276/276
f 276/276/276 317/317/317 318/318/318 277/277/277
f 277/277/277 318/318/318 319/319/319 278/278/278
f 278/278/278 319/319/319 320/320/320 279/279/279
f 279/279/279 320/320/320 321/321/321 280/280/280
f 280/280/280 321/321/321 322/322/322 281/281/281
f 281/281/281 322/322/322 323/323/323 282/282/282
f 282/282/282 323/323/323 324/324/324 283/283/283
f 283/283/283 324/324/324 325/325/325 284/284/284
f 284/284/284 325/325/325 326/326/326 285/285/285
f 285/285/285 326/326/326 327/327/327 286/286/286
f 286/286/286 327/327/327 328/328/328 287/287/287
f 288/288/288 329/329/329 330/330/330 289/289/289
f 289/289/289 330/330/330 331/331/331 290/290/290
f 290/290/290 331/331/331 332/332/332 291/291/291
f 291/291/291 332/332/332 333/333/333 292/292/292
f 292/292/292 333/333/333 334/334/334 293/293/293
f 293/293/293 334/334/334 335/335/335 294/294/294
f 294/294/294 335/335/335 336/336/336 295/295/295
f 295/295/295 336/336/336 337/337/337 296/296/296
f 296/296/296 337/337/337 338/338/338 297/297/297
f 297/297/297 338/338/338 339/339/339 298/298/298
f 298/298/298 339/339/339 340/340/340 299/299/299
f 299/299/299 340/340/340 341/341/341 300/300/300
f 300/300/300 341/341/341 342/342/342 301/301/301
f 301/301/301 342/342/342 343/343/343 302/302/302
f 302/302/302 343/343/343 344/344/344 303/303/303
f 303/303/303 344/344/344 345/345/345 304/304/304
f 304/304/304 345/345/345 346/346/346 305/305/305
f 305/305/305 346/346/346 347/347/347 306/306/306
f 306/306/306 347/347/347 348/348/348 307/307/307
f 307/307/307 348/348/348 349/349/349 308/308/308
f 308/308/308 349/349/349 350/350/350 309/309/309
f 309/309/309 350/350/350 351/351/351 310/310/310
f 310/310/310 351/351/351 352/352/352 311/311/311
f 311/311/311 352/352/352 353/353/353 312/312/312
f 312/312/312 353/353/353 354/354/354 313/313/313
f 313/313/313 354/354/354 355/355/355 314/314/314
f 314/314/314 355/355/355 356/356/356 315/315/315
f 315/315/315 356/356/356 357/357/357 316/316/316
f 316/316/316 357/357/357 358/358/358 317/317/317
f 317/317/317 358/358/358 359/359/359 318/318/318
f 318/318/318 359/359/359 360/360/360 319/319/319
f 319/319/319 360/360/360 361/361/361 320/320/320
f 320/320/320 361/361/361 362/362/362 321/321/321
f 321/321/321 362/362/362 363/363/363 322/322/322
f 322/322/322 363/363/363 364/364/364 323/323/323
f 323/323/323 364/364/364 365/365/365 324/324/324
f 324/324/324 365/365/365 366/366/366 325/325/325
f 325/325/325 366/366/366 367/367/367 326/326/326
f 326/326/326 367/367/367 368/368/368 327/327/327
f 327/327/327 368/368/368 369/369/369 328/328/328
f 329/329/329 370/370/370 371/371/371 330/330/330
f 330/330/330 371/371/371 372/372/372 331/331/331
f 331/331/331 372/372/372 373/373/373 332/332/332
f 332/332/332 373/373/373 374/374/374 333/333/333
f 333/333/333 374/374/374 375/375/375 334/334/334
f 334/334/334 375/375/375 376/376/376 335/335/335
f 335/335/335 376/376/376 377/377/377 336/336/336
f 336/336/336 377/377/377 378/378/378 337/337/337
f 337/337/337 378/378/378 379/379/379 338/338/338
f 338/338/338 379/379/379 380/380/380 339/339/339
f 339/339/339 380/380/380 381/381/381 340/340/340
f 340/340/340 381/381/381 382/382/382 341/341/341
f 341/341/341 382/382/382 383/383/383 342/342/342
f 342/342/342 383/383/383 384/384/384 343/343/343
f 343/343/343 384/384/384 385/385/385 344/344/344
f 344/344/344 385/385/385 386/386/386 345/345/345
f 345/345/345 386/386/386 387/387/387 346/346/346
f 346/346/346 387/387/387 388/388/388 347/347/347
f 347/347/347 388/388/388 389/389/389 348/348/348
f 348/348/348 389/389/389 390/390/390 349/349/349
f 349/349/349 390/390/390 391/391/391 350/350/350
f 350/350/350 391/391/391 392/392/392 351/351/351
f 351/351/351 392/392/392 393/393/393 352/352/352
f 352/352/352 393/393/393 394/394/394 353/353/353
f 353/353/353 394/394/394 395/395/395 354/354/354
f 354/354/354 395/395/395 396/396/396 355/355/355
f 355/355/355 396/396/396 397/397/397 356/356/356
f 356/356/356 397/397/397 398/398/398 357/357/357
f 357/357/357 398/398/398 399/399/399 358/358/358
f 358/358/358 399/399/399 400/400/400 359/359/359
f 359/359/359 400/400/400 401/401/401 360/360/360
f 360/360/360 401/401/401 402/402/402 361/361/361
f 361/361/361 402/402/402 403/403/403 362/362/362
f 362/362/362 403/403/403 404/404/404 363/363/363
f 363/363/363 404/404/404 405/405/405 364/364/364
f 364/364/364 405/405/405 406/406/406 365/365/365
f 365/365/365 406/406/406 407/407/407 366/366/366
f 366/366/366 407/407/407 408/408/408 367/367/367
f 367/367/367 408/408/408 409/409/409 368/368/368
f 368/368/368 409/409/409 410/410/410 369/369/369
f 370/370/370 411/411/411 412/412/412 371/371/371
f 371/371/371 412/412/412 413/413/413 372/372/372
f 372/372/372 413/413/413 414/414/414 373/373/373
f 373/373/373 414/414/414 415/415/415 374/374/374
f 374/374/374 415/415/415 416/416/416 375/375/375
f 375/375/375 416/416/416 417/417/417 376/376/376
f 376/376/376 417/417/417 418/418/418 377/377/377
f 377/377/377 418/418/418 419/419/419 378/378/378
f 378/378/378 419/419/419 420/420/420 379/379/379
f 379/379/379 420/420/420 421/421/421 380/380/380
f 380/380/380 421/421/421 422/422/422 381/381/381
f 381/381/381 422/422/422 423/423/423 382/382/382
f 382/382/382 423/423/423 424/424/424 383/383/383
f 383/383/383 424/424/424 425/425/425 384/384/384
f 384/384/384 425/425/425 426/426/426 385/385/385
f 385/385/385 426/426/426 427/427/426 386/386/386
f 386/386/386 427/427/426 428/428/426 387/387/387
f 387/387/387 428/428/426 429/429/426 388/388/388
f 388/388/388 429/429/426 430/430/426 389/389/389
f 389/389/389 430/430/426 431/431/426 390/390/390
f 390/390/390 431/431/426 432/432/426 391/391/391
f 391/391/391 432/432/426 433/433/426 392/392/392
f 392/392/392 433/433/426 434/434/426 393/393/393
f 393/393/393 434/434/426 435/435/426 394/394/394
f 394/394/394 435/435/426 436/436/426 395/395/395
f 395/395/395 436/436/426 437/437/426 396/396/396
f 396/396/396 437/437/426 438/438/427 397/397/397
f 397/397/397 438/438/427 439/439/428 398/398/398
f 398/398/398 439/439/428 440/440/429 399/399/399
f 399/399/399 440/440/429 441/441/430 400/400/400
f 400/400/400 441/441/430 442/442/431 401/401/401
f 401/401/401 442/442/431 443/443/432 402/402/402
f 402/402/402 443/443/432 444/444/433 403/403/403
f 403/403/403 444/444/433 445/445/434 404/404/404
f 404/404/404 445/445/434 446/446/435 405/405/405
f 405/405/405 446/446/435 447/447/436 406/406/406
f 406/406/406 447/447/436 448/448/437 407/407/407
f 407/407/407 448/448/437 449/449/438 408/408/408
f 408/408/408 449/449/438 450/450/439 409/409/409
f 409/409/409 450/450/439 451/451/440 410/410/410
f 411/411/411 452/452/441 453/453/442 412/412/412
f 412/412/412 453/453/442 454/454/443 413/413/413
f 413/413/413 454/454/443 455/455/444 414/414/414
f 414/414/414 455/455/444 456/456/445 415/415/415
f 415/415/415 456/456/445 457/457/446 416/416/416
f 416/416/416 457/457/446 458/458/447 417/417/417
f 417/417/417 458/458/447 459/459/448 418/418/418
f 418/418/418 459/459/448 460/460/449 419/419/419
f 419/419/419 460/460/449 461/461/450 420/420/420
f 420/420/420 461/461/450 462/462/451 421/421/421
f 421/421/421 462/462/451 463/463/452 422/422/422
f 422/422/422 463/463/452 464/464/453 423/423/423
f 423/423/423 464/464/453 465/465/426 424/424/424
f 424/424/424 465/465/426 466/466/426 425/425/425
f 425/425/425 466/466/426 467/467/426 426/426/426
f 426/426/426 467/467/426 468/468/426 427/427/426
f 427/427/426 468/468/426 469/469/426 428/428/426
f 428/428/426 469/469/426 470/470/426 429/429/426
f 429/429/426 470/470/426 471/471/426 430/430/426
f 430/430/426 471/471/426 472/472/426 431/431/426
f 431/431/426 472/472/426 473/473/426 432/432/426
f 432/432/426 473/473/426 474/474/426 433/433/426
f 433/433/426 474/474/426 475/475/426 434/434/426
f 434/434/426 475/475/426 476/476/426 435/435/426
f 435/435/426 476/476/426 477/477/426 436/436/426
f 436/436/426 477/477/426 478/478/426 437/437/426
f 437/437/426 478/478/426 479/479/426 438/438/427
f 438/438/427 479/479/426 480/480/426 439/439/428
f 439/439/428 480/480/426 481/481/454 440/440/429
f 440/440/429 481/481/454 482/482/455 441/441/430
f 441/441/430 482/482/455 483/483/456 442/442/431
f 442/442/431 483/483/456 484/484/457 443/443/432
f 443/443/432 484/484/457 485/485/458 444/444/433
f 444/444/433 485/485/458 486/486/459 445/445/434
f 445/445/434 486/486/459 487/487/460 446/446/435
f 446/446/435 487/487/460 488/488/461 447/447/436
f 447/447/436 488/488/461 489/489/462 448/448/437
f 448/448/437 489/489/462 490/490/463 449/449/438
f 449/449/438 490/490/463 491/491/464 450/450/439
f 450/450/439 491/491/464 492/492/465 451/451/440
f 452/452/441 493/493/466 494/494/467 453/453/442
f 453/453/442 494/494/467 495/495/468 454/454/443
f 454/454/443 495/495/468 496/496/469 455/455/444
f 455/455/444 496/496/469 497/497/470 456/456/445
f 456/456/445 497/497/470 498/498/471 457/457/446
f 457/457/446 498/498/471 499/499/472 458/458/447
f 458/458/447 499/499/472 500/500/473 459/459/448
f 459/459/448 500/500/473 501/501/474 460/460/449
f 460/460/449 501/501/474 502/502/475 461/461/450
f 461/461/450 502/502/475 503/503/476 462/462/451
f 462/462/451 503/503/476 504/504/477 463/463/452
f 463/463/452 504/504/477 505/505/426 464/464/453
f 464/464/453 505/505/426 506/506/426 465/465/426
f 465/465/426 506/506/426 507/507/426 466/466/426
f 466/466/426 507/507/426 508/508/426 467/467/426
f 467/467/426 508/508/426 509/509/426 468/468/426
f 468/468/426 509/509/426 510/510/426 469/469/426
f 469/469/426 510/510/426 511/511/426 470/470/426
f 470/470/426 511/511/426 512/512/426 471/471/426
f 471/471/426 512/512/426 513/513/426 472/472/426
f 472/472/426 513/513/426 514/514/426 473/473/426
f 473/473/426 514/514/426 515/515/426 474/474/426
f 474/474/426 515/515/426 516/516/426 475/475/426
f 475/475/426 516/516/426 517/517/426 476/476/426
f 476/476/426 517/517/426 518/518/426 477/477/426
f 477/477/426 518/518/426 519/519/426 478/478/426
f 478/478/426 519/519/426 520/520/426 479/479/426
f 479/479/426 520/520/426 521/521/426 480/480/426
f 480/480/426 521/521/426 522/522/426 481/481/454
f 481/481/454 522/522/426 523/523/478 482/482/455
f 482/482/455 523/523/478 524/524/479 483/483/456
f 483/483/456 524/524/479 525/525/480 484/484/457
f 484/484/457 525/525/480 526/526/481 485/485/458
f 485/485/458 526/526/481 527/527/482 486/486/459
f 486/486/459 527/527/482 528/528/483 487/487/460
f 487/487/460 528/528/483 529/529/484 488/488/461
f 488/488/461 529/529/484 530/530/485 489/489/462
f 489/489/462 530/530/485 531/531/486 490/490/463
f 490/490/463 531/531/486 532/532/487 491/491/464
f 491/491/464 532/532/487 533/533/488 492/492/465
f 493/493/466 534/534/489 535/535/490 494/494/467
f 494/494/467 535/535/490 536/536/491 495/495/468
f 495/495/468 536/536/491 537/537/492 496/496/469
f 496/496/469 537/537/492 538/538/493 497/497/470
f 497/497/470 538/538/493 539/539/494 498/498/471
f 498/498/471 539/539/494 540/540/495 499/499/472
f 499/499/472 540/540/495 541/541/496 500/500/473
f 500/500/473 541/541/496 542/542/497 501/501/474
f 501/501/474 542/542/497 543/543/498 502/502/475
f 502/502/475 543/543/498 544/544/499 503/503/476
f 503/503/476 544/544/499 545/545/426 504/504/477
f 504/504/477 545/545/426 546/546/426 505/505/426
f 505/505/426 546/546/426 547/547/426 506/506/426
f 506/506/426 547/547/426 548/548/426 507/507/426
f 507/507/426 548/548/426 549/549/426 508/508/426
f 508/508/426 549/549/426 550/550/426 509/509/426
f 509/509/426 550/550/426 551/551/426 510/510/426
f 510/510/426 551/551/426 552/552/426 511/511/426
f 511/511/426 552/552/426 553/553/426 512/512/426
f 512/512/426 553/553/426 554/554/426 513/513/426
f 513/513/426 554/554/426 555/555/426 514/514/426
f 514/514/426 555/555/426 556/556/426 515/515/426
f 515/515/426 556/556/426 557/557/426 516/516/426
f 516/516/426 557/557/426 558/558/426 517/517/426
f 517/517/426 558/558/426 559/559/426 518/518/426
f 518/518/426 559/559/426 560/560/426 519/519/426
f 519/519/426 560/560/426 561/561/426 520/520/426
f 520/520/426 561/561/426 562/562/426 521/521/426
f 521/521/426 562/562/426 563/563/426 522/522/426
f 522/522/426 563/563/426 564/564/500 523/523/478
f 523/523/478 564/564/500 565/565/501 524/524/479
f 524/524/479 565/565/501 566/566/502 525/525/480
f 525/525/480 566/566/502 567/567/503 526/526/481
f 526/526/481 567/567/503 568/568/504 527/527/482
f 527/527/482 568/568/504 569/569/505 528/528/483
f 528/528/483 569/569/505 570/570/506 529/529/484
f 529/529/484 570/570/506 571/571/507 530/530/485
f 530/530/485 571/571/507 572/572/508 531/531/486
f 531/531/486 572/572/508 573/573/509 532/532/487
f 532/532/487 573/573/509 574/574/510 533/533/488
f 534/534/489 575/575/511 576/576/512 535/535/490
f 535/535/490 576/576/512 577/577/513 536/536/491
f 536/536/491 577/577/513 578/578/514 537/537/492
f 537/537/492 578/578/514 579/579/515 538/538/493
f 538/538/493 579/579/515 580/580/516 539/539/494
f 539/539/494 580/580/516 581/581/517 540/540/495
f 540/540/495 581/581/517 582/582/518 541/541/496
f 541/541/496 582/582/518 583/583/519 542/542/497
f 542/542/497 583/583/519 584/584/520 543/543/498
f 543/543/498 584/584/520 585/585/521 544/544/499
f 544/544/499 585/585/521 586/586/426 545/545/426
f 545/545/426 586/586/426 587/587/426 546/546/426
f 546/546/426 587/587/426 588/588/426 547/547/426
f 547/547/426 588/588/426 589/589/426 548/548/426
f 548/548/426 589/589/426 590/590/426 549/549/426
f 549/549/426 590/590/426 591/591/426 550/550/426
f 550/550/426 591/591/426 592/592/426 551/551/426
f 551/551/426 592/592/426 593/593/426 552/552/426
f 552/552/426 593/593/426 594/594/426 553/553/426
f 553/553/426 594/594/426 595/595/426 554/554/426
f 554/554/426 595/595/426 596/596/426 555/555/426
f 555/555/426 596/596/426 597/597/426 556/556/426
f 556/556/426 597/597/426 598/598/426 557/557/426
f 557/557/426 598/598/426 599/599/426 558/558/426
f 558/558/426 599/599/426 600/600/426 559/559/426
f 559/559/426 600/600/426 601/601/426 560/560/426
f 560/560/426 601/601/426 602/602/426 561/561/426
f 561/561/426 602/602/426 603/603/426 562/562/426
f 562/562/426 603/603/426 604/604/426 563/563/426
f 563/563/426 604/604/426 605/605/522 564/564/500
f 564/564/500 605/605/522 606/606/523 565/565/501
f 565/565/501 606/606/523 607/607/524 566/566/502
f 566/566/502 607/607/524 608/608/525 567/567/503
f 567/567/503 608/608/525 609/609/526 568/568/504
f 568/568/504 609/609/526 610/610/527 569/569/505
f 569/569/505 610/610/527 611/611/528 570/570/506
f 570/570/506 611/611/528 612/612/529 571/571/507
f 571/571/507 612/612/529 613/613/530 572/572/508
f 572/572/508 613/613/530 614/614/531 573/573/509
f 573/573/509 614/614/531 615/615/532 574/574/510
f 575/575/511 616/616/533 617/617/534 576/576/512
f 576/576/512 617/617/534 618/618/535 577/577/513
f 577/577/513 618/618/535 619/619/536 578/578/514
f 578/578/514 619/619/536 620/620/537 579/579/515
f 579/579/515 620/620/537 621/621/538 580/580/516
f 580/580/516 621/621/538 622/622/539 581/581/517
f 581/581/517 622/622/539 623/623/540 582/582/518
f 582/582/518 623/623/540 624/624/541 583/583/519
f 583/583/519 624/624/541 625/625/542 584/584/520
f 584/584/520 625/625/542 626/626/543 585/585/521
f 585/585/521 626/626/543 627/627/426 586/586/426
f 586/586/426 627/627/426 628/628/426 587/587/426
f 587/587/426 628/628/426 629/629/426 588/588/426
f 588/588/426 629/629/426 630/630/426 589/589/426
f 589/589/426 630/630/426 631/631/426 590/590/426
f 590/590/426 631/631/426 632/632/426 591/591/426
f 591/591/426 632/632/426 633/633/426 592/592/426
f 592/592/426 633/633/426 634/634/426 593/593/426
f 593/593/426 634/634/426 635/635/426 594/594/426
f 594/594/426 635/635/426 636/636/426 595/595/426
f 595/595/426 636/636/426 637/637/426 596/596/426
f 596/596/426 637/637/426 638/638/426 597/597/426
f 597/597/426 638/638/426 639/639/426 598/598/426
f 598/598/426 639/639/426 640/640/426 599/599/426
f 599/599/426 640/640/426 641/641/426 600/600/426
f 600/600/426 641/641/426 642/642/426 601/601/426
f 601/601/426 642/642/426 643/643/426 602/602/426
f 602/602/426 643/643/426 644/644/426 603/603/426
f 603/603/426 644/644/426 645/645/426 604/604/426
f 604/604/426 645/645/426 646/646/544 605/605/522
f 605/605/522 646/646/544 647/647/545 606/606/523
f 606/606/523 647/647/545 648/648/546 607/607/524
f 607/607/524 648/648/546 649/649/547 608/608/525
f 608/608/525 649/649/547 650/650/548 609/609/526
f 609/609/526 650/650/548 651/651/549 610/610/527
f 610/610/527 651/651/549 652/652/550 611/611/528
f 611/611/528 652/652/550 653/653/551 612/612/529
f 612/612/529 653/653/551 654/654/552 613/613/530
f 613/613/530 654/654/552 655/655/553 614/614/531
f 614/614/531 655/655/553 656/656/554 615/615/532
f 616/616/533 657/657/555 658/658/556 617/617/534
f 617/617/534 658/658/556 659/659/557 618/618/535
f 618/618/535 659/659/557 660/660/558 619/619/536
f 619/619/536 660/660/558 661/661/559 620/620/537
f 620/620/537 661/661/559 662/662/560 621/621/538
f 621/621/538 662/662/560 663/663/561 622/622/539
f 622/622/539 663/663/561 664/664/562 623/623/540
f 623/623/540 664/664/562 665/665/563 624/624/541
f 624/624/541 665/665/563 666/666/564 625/625/542
f 625/625/542 666/666/564 667/667/565 626/626/543
f 626/626/543 667/667/565 668/668/426 627/627/426
f 627/627/426 668/668/426 669/669/426 628/628/426
f 628/628/426 669/669/426 670/670/426 629/629/426
f 629/629/426 670/670/426 671/671/426 630/630/426
f 630/630/426 671/671/426 672/672/426 631/631/426
f 631/631/426 672/672/426 673/673/426 632/632/426
f 632/632/426 673/673/426 674/674/426 633/633/426
f 633/633/426 674/674/426 675/675/426 634/634/426
f 634/634/426 675/675/426 676/676/426 635/635/426
f 635/635/426 676/676/426 677/677/426 636/636/426
f 636/636/426 677/677/426 678/678/426 637/637/426
f 637/637/426 678/678/426 679/679/426 638/638/426
f 638/638/426 679/679/426 680/680/426 639/639/426
f 639/639/426 680/680/426 681/681/426 640/640/426
f 640/640/426 681/681/426 682/682/426 641/641/426
f 641/641/426 682/682/426 683/683/426 642/642/426
f 642/642/426 683/683/426 684/684/426 643/643/426
f 643/643/426 684/684/426 685/685/426 644/644/426
f 644/644/426 685/685/426 686/686/426 645/645/426
f 645/645/426 686/686/426 687/687/566 646/646/544
f 646/646/544 687/687/566 688/688/567 647/647/545
f 647/647/545 688/688/567 689/689/568 648/648/546
f 648/648/546 689/689/568 690/690/569 649/649/547
f 649/649/547 690/690/569 691/691/570 650/650/548
f 650/650/548 691/691/570 692/692/571 651/651/549
f 651/651/549 692/692/571 693/693/572 652/652/550
f 652/652/550 693/693/572 694/694/573 653/653/551
f 653/653/551 694/694/573 695/695/574 654/654/552
f 654/654/552 695/695/574 696/696/575 655/655/553
f 655/655/553 696/696/575 697/697/576 656/656/554
f 657/657/555 698/698/577 699/699/578 658/658/556
f 658/658/556 699/699/578 700/700/579 659/659/557
f 659/659/557 700/700/579 701/701/580 660/660/558
f 660/660/558 701/701/580 702/702/581 661/661/559
f 661/661/559 702/702/581 703/703/582 662/662/560
f 662/662/560 703/703/582 704/704/583 663/663/561
f 663/663/561 704/704/583 705/705/584 664/664/562
f 664/664/562 705/705/584 706/706/585 665/665/563
f 665/665/563 706/706/585 707/707/586 666/666/564
f 666/666/564 707/707/586 708/708/587 667/667/565
f 667/667/565 708/708/587 709/709/426 668/668/426
f 668/668/426 709/709/426 710/710/426 669/669/426
f 669/669/426 710/710/426 711/711/426 670/670/426
f 670/670/426 711/711/426 712/712/426 671/671/426
f 671/671/426 712/712/426 713/713/426 672/672/426
f 672/672/426 713/713/426 714/714/426 673/673/426
f 673/673/426 714/714/426 715/715/426 674/674/426
f 674/674/426 715/715/426 716/716/426 675/675/426
f 675/675/426 716/716/426 717/717/426 676/676/426
f 676/676/426 717/717/426 718/718/426 677/677/426
f 677/677/426 718/718/426 719/719/426 678/678/426
f 678/678/426 719/719/426 720/720/426 679/679/426
f 679/679/426 720/720/426 721/721/426 680/680/426
f 680/680/426 721/721/426 722/722/426 681/681/426
f 681/681/426 722/722/426 723/723/426 682/682/426
f 682/682/426 723/723/426 724/724/426 683/683/426
f 683/683/426 724/724/426 725/725/426 684/684/426
f 684/684/426 725/725/426 726/726/426 685/685/426
f 685/685/426 726/726/426 727/727/588 686/686/426
f 686/686/426 727/727/588 728/728/589 687/687/566
f 687/687/566 728/728/589 729/729/590 688/688/567
f 688/688/567 729/729/590 730/730/591 689/689/568
f 689/689/568 730/730/591 731/731/592 690/690/569
f 690/690/569 731/731/592 732/732/593 691/691/570
f 691/691/570 732/732/593 733/733/594 692/692/571
f 692/692/571 733/733/594 734/734/595 693/693/572
f 693/693/572 734/734/595 735/735/596 694/694/573
f 694/694/573 735/735/596 736/736/597 695/695/574
f 695/695/574 736/736/597 737/737/598 696/696/575
f 696/696/575 737/737/598 738/738/599 697/697/576
f 698/698/577 739/739/600 740/740/601 699/699/578
f 699/699/578 740/740/601 741/741/602 700/700/579
f 700/700/579 741/741/602 742/742/603 701/701/580
f 701/701/580 742/742/603 743/743/604 702/702/581
f 702/702/581 743/743/604 744/744/605 703/703/582
f 703/703/582 744/744/605 745/745/606 704/704/583
f 704/704/583 745/745/606 746/746/607 705/705/584
f 705/705/584 746/746/607 747/747/608 706/706/585
f 706/706/585 747/747/608 748/748/609 707/707/586
f 707/707/586 748/748/609 749/749/610 708/708/587
f 708/708/587 749/749/610 750/750/426 709/709/426
f 709/709/426 750/750/426 751/751/426 710/710/426
f 710/710/426 751/751/426 752/752/426 711/711/426
f 711/711/426 752/752/426 753/753/426 712/712/426
f 712/712/426 753/753/426 754/754/426 713/713/426
f 713/713/426 754/754/426 755/755/426 714/714/426
f 714/714/426 755/755/426 756/756/426 715/715/426
f 715/715/426 756/756/426 757/757/426 716/716/426
f 716/716/426 757/757/426 758/758/426 717/717/426
f 717/717/426 758/758/426 759/759/426 718/718/426
f 718/718/426 759/759/426 760/760/426 719/719/426
f 719/719/426 760/760/426 761/761/426 720/720/426
f 720/720/426 761/761/426 762/762/426 721/721/426
f 721/721/426 762/762/426 763/763/426 722/722/426
f 722/722/426 763/763/426 764/764/426 723/723/426
f 723/723/426 764/764/426 765/765/426 724/724/426
f 724/724/426 765/765/426 766/766/426 725/725/426
f 725/725/426 766/766/426 767/767/426 726/726/426
f 726/726/426 767/767/426 768/768/611 727/727/588
f 727/727/588 768/768/611 769/769/612 728/728/589
f 728/728/589 769/769/612 770/770/613 729/729/590
f 729/729/590 770/770/613 771/771/614 730/730/591
f 730/730/591 771/771/614 772/772/615 731/731/592
f 731/731/592 772/772/615 773/773/616 732/732/593
f 732/732/593 773/773/616 774/774/617 733/733/594
f 733/733/594 774/774/617 775/775/618 734/734/595
f 734/734/595 775/775/618 776/776/619 735/735/596
f 735/735/596 776/776/619 777/777/620 736/736/597
f 736/736/597 777/777/620 778/778/621 737/737/598
f 737/737/598 778/778/621 779/779/622 738/738/599
f 739/739/600 780/780/623 781/781/624 740/740/601
f 740/740/601 781/781/624 782/782/625 741/741/602
f 741/741/602 782/782/625 783/783/626 742/742/603
f 742/742/603 783/783/626 784/784/627 743/743/604
f 743/743/604 784/784/627 785/785/628 744/744/605
f 744/744/605 785/785/628 786/786/629 745/745/606
f 745/745/606 786/786/629 787/787/630 746/746/607
f 746/746/607 787/787/630 788/788/631 747/747/608
f 747/747/608 788/788/631 789/789/632 748/748/609
f 748/748/609 789/789/632 790/790/633 749/749/610
f 749/749/610 790/790/633 791/791/634 750/750/426
f 750/750/426 791/791/634 792/792/426 751/751/426
f 751/751/426 792/792/426 793/793/426 752/752/426
f 752/752/426 793/793/426 794/794/426 753/753/426
f 753/753/426 794/794/426 795/795/426 754/754/426
f 754/754/426 795/795/426 796/796/426 755/755/426
f 755/755/426 796/796/426 797/797/426 756/756/426
f 756/756/426 797/797/426 798/798/426 757/757/426
f 757/757/426 798/798/426 799/799/426 758/758/426
f 758/758/426 799/799/426 800/800/426 759/759/426
f 759/759/426 800/800/426 801/801/426 760/760/426
f 760/760/426 801/801/426 802/802/426 761/761/426
f 761/761/426 802/802/426 803/803/426 762/762/426
f 762/762/426 803/803/426 804/804/426 763/763/426
f 763/763/426 804/804/426 805/805/426 764/764/426
f 764/764/426 805/805/426 806/806/426 765/765/426
f 765/765/426 806/806/426 807/807/635 766/766/426
f 766/766/426 807/807/635 808/808/636 767/767/426
f 767/767/426 808/808/636 809/809/637 768/768/611
f 768/768/611 809/809/637 810/810/638 769/769/612
f 769/769/612 810/810/638 811/811/639 770/770/613
f 770/770/613 811/811/639 812/812/640 771/771/614
f 771/771/614 812/812/640 813/813/641 772/772/615
f 772/772/615 813/813/641 814/814/642 773/773/616
f 773/773/616 814/814/642 815/815/643 774/774/617
f 774/774/617 815/815/643 816/816/644 775/775/618
f 775/775/618 816/816/644 817/817/645 776/776/619
f 776/776/619 817/817/645 818/818/646 777/777/620
f 777/777/620 818/818/646 819/819/647 778/778/621
f 778/778/621 819/819/647 820/820/648 779/779/622
f 780/780/623 821/821/649 822/822/650 781/781/624
f 781/781/624 822/822/650 823/823/651 782/782/625
f 782/782/625 823/823/651 824/824/652 783/783/626
f 783/783/626 824/824/652 825/825/653 784/784/627
f 784/784/627 825/825/653 826/826/654 785/785/628
f 785/785/628 826/826/654 827/827/655 786/786/629
f 786/786/629 827/827/655 828/828/656 787/787/630
f 787/787/630 828/828/656 829/829/657 788/788/631
f 788/788/631 829/829/657 830/830/658 789/789/632
f 789/789/632 830/830/658 831/831/659 790/790/633
f 790/790/633 831/831/659 832/832/660 791/791/634
f 791/791/634 832/832/660 833/833/661 792/792/426
f 792/792/426 833/833/661 834/834/662 793/793/426
f 793/793/426 834/834/662 835/835/663 794/794/426
f 794/794/426 835/835/663 836/836/664 795/795/426
f 795/795/426 836/836/664 837/837/426 796/796/426
f 796/796/426 837/837/426 838/838/426 797/797/426
f 797/797/426 838/838/426 839/839/426 798/798/426
f 798/798/426 839/839/426 840/840/426 799/799/426
f 799/799/426 840/840/426 841/841/426 800/800/426
f 800/800/426 841/841/426 842/842/426 801/801/426
f 801/801/426 842/842/426 843/843/426 802/802/426
f 802/802/426 843/843/426 844/844/426 803/803/426
f 803/803/426 844/844/426 845/845/426 804/804/426
f 804/804/426 845/845/426 846/846/426 805/805/426
f 805/805/426 846/846/426 847/847/665 806/806/426
f 806/806/426 847/847/665 848/848/666 807/807/635
f 807/807/635 848/848/666 849/849/667 808/808/636
f 808/808/636 849/849/667 850/850/668 809/809/637
f 809/809/637 850/850/668 851/851/669 810/810/638
f 810/810/638 851/851/669 852/852/670 811/811/639
f 811/811/639 852/852/670 853/853/671 812/812/640
f 812/812/640 853/853/671 854/854/672 813/813/641
f 813/813/641 854/854/672 855/855/673 814/814/642
f 814/814/642 855/855/673 856/856/674 815/815/643
f 815/815/643 856/856/674 857/857/675 816/816/644
f 816/816/644 857/857/675 858/858/676 817/817/645
f 817/817/645 858/858/676 859/859/677 818/818/646
f 818/818/646 859/859/677 860/860/678 819/819/647
f 819/819/647 860/860/678 861/861/679 820/820/648
f 821/821/649 862/862/680 863/863/681 822/822/650
f 822/822/650 863/863/681 864/864/682 823/823/651
f 823/823/651 864/864/682 865/865/683 824/824/652
f 824/824/652 865/865/683 866/866/684 825/825/653
f 825/825/653 866/866/684 867/867/685 826/826/654
f 826/826/654 867/867/685 868/868/686 827/827/655
f 827/827/655 868/868/686 869/869/687 828/828/656
f 828/828/656 869/869/687 870/870/688 829/829/657
f 829/829/657 870/870/688 871/871/689 830/830/658
f 830/830/658 871/871/689 872/872/690 831/831/659
f 831/831/659 872/872/690 873/873/691 832/832/660
f 832/832/660 873/873/691 874/874/692 833/833/661
f 833/833/661 874/874/692 875/875/693 834/834/662
f 834/834/662 875/875/693 876/876/694 835/835/663
f 835/835/663 876/876/694 877/877/695 836/836/664
f 836/836/664 877/877/695 878/878/696 837/837/426
f 837/837/426 878/878/696 879/879/697 838/838/426
f 838/838/426 879/879/697 880/880/698 839/839/426
f 839/839/426 880/880/698 881/881/699 840/840/426
f 840/840/426 881/881/699 882/882/700 841/841/426
f 841/841/426 882/882/700 883/883/701 842/842/426
f 842/842/426 883/883/701 884/884/702 843/843/426
f 843/843/426 884/884/702 885/885/703 844/844/426
f 844/844/426 885/885/703 886/886/704 845/845/426
f 845/845/426 886/886/704 887/887/705 846/846/426
f 846/846/426 887/887/705 888/888/706 847/847/665
f 847/847/665 888/888/706 889/889/707 848/848/666
f 848/848/666 889/889/707 890/890/708 849/849/667
f 849/849/667 890/890/708 891/891/709 850/850/668
f 850/850/668 891/891/709 892/892/710 851/851/669
f 851/851/669 892/892/710 893/893/711 852/852/670
f 852/852/670 893/893/711 894/894/712 853/853/671
f 853/853/671 894/894/712 895/895/713 854/854/672
f 854/854/672 895/895/713 896/896/714 855/855/673
f 855/855/673 896/896/714 897/897/715 856/856/674
f 856/856/674 897/897/715 898/898/716 857/857/675
f 857/857/675 898/898/716 899/899/717 858/858/676
f 858/858/676 899/899/717 900/900/718 859/859/677
f 859/859/677 900/900/718 901/901/719 860/860/678
f 860/860/678 901/901/719 902/902/720 861/861/679
f 862/862/680 903/903/721 904/904/722 863/863/681
f 863/863/681 904/904/722 905/905/723 864/864/682
f 864/864/682 905/905/723 906/906/724 865/865/683
f 865/865/683 906/906/724 907/907/725 866/866/684
f 866/866/684 907/907/725 908/908/726 867/867/685
f 867/867/685 908/908/726 909/909/727 868/868/686
f 868/868/686 909/909/727 910/910/728 869/869/687
f 869/869/687 910/910/728 911/911/729 870/870/688
f 870/870/688 911/911/729 912/912/730 871/871/689
f 871/871/689 912/912/730 913/913/731 872/872/690
f 872/872/690 913/913/731 914/914/732 873/873/691
f 873/873/691 914/914/732 915/915/733 874/874/692
f 874/874/692 915/915/733 916/916/734 875/875/693
f 875/875/693 916/916/734 917/917/735 876/876/694
f 876/876/694 917/917/735 918/918/736 877/877/695
f 877/877/695 918/918/736 919/919/737 878/878/696
f 878/878/696 919/919/737 920/920/738 879/879/697
f 879/879/697 920/920/738 921/921/739 880/880/698
f 880/880/698 921/921/739 922/922/740 881/881/699
f 881/881/699 922/922/740 923/923/741 882/882/700
f 882/882/700 923/923/741 924/924/742 883/883/701
f 883/883/701 924/924/742 925/925/743 884/884/702
f 884/884/702 925/925/743 926/926/744 885/885/703
f 885/885/703 926/926/744 927/927/745 886/886/704
f 886/886/704 927/927/745 928/928/746 887/887/705
f 887/887/705 928/928/746 929/929/747 888/888/706
f 888/888/706 929/929/747 930/930/748 889/889/707
f 889/889/707 930/930/748 931/931/749 890/890/708
f 890/890/708 931/931/749 932/932/750 891/891/709
f 891/891/709 932/932/750 933/933/751 892/892/710
f 892/892/710 933/933/751 934/934/752 893/893/711
f 893/893/711 934/934/752 935/935/753 894/894/712
f 894/894/712 935/935/753 936/936/754 895/895/713
f 895/895/713 936/936/754 937/937/755 896/896/714
f 896/896/714 937/937/755 938/938/756 897/897/715
f 897/897/715 938/938/756 939/939/757 898/898/716
f 898/898/716 939/939/757 940/940/758 899/899/717
f 899/899/717 940/940/758 941/941/759 900/900/718
f 900/900/718 941/941/759 942/942/760 901/901/719
f 901/901/719 942/942/760 943/943/761 902/902/720
f 903/903/721 944/944/762 945/945/763 904/904/722
f 904/904/722 945/945/763 946/946/764 905/905/723
f 905/905/723 946/946/764 947/947/765 906/906/724
f 906/906/724 947/947/765 948/948/766 907/907/725
f 907/907/725 948/948/766 949/949/767 908/908/726
f 908/908/726 949/949/767 950/950/768 909/909/727
f 909/909/727 950/950/768 951/951/769 910/910/728
f 910/910/728 951/951/769 952/952/770 911/911/729
f 911/911/729 952/952/770 953/953/771 912/912/730
f 912/912/730 953/953/771 954/954/772 913/913/731
f 913/913/731 954/954/772 955/955/773 914/914/732
f 914/914/732 955/955/773 956/956/774 915/915/733
f 915/915/733 956/956/774 957/957/775 916/916/734
f 916/916/734 957/957/775 958/958/776 917/917/735
f 917/917/735 958/958/776 959/959/777 918/918/736
f 918/918/736 959/959/777 960/960/778 919/919/737
f 919/919/737 960/960/778 961/961/779 920/920/738
f 920/920/738 961/961/779 962/962/780 921/921/739
f 921/921/739 962/962/780 963/963/781 922/922/740
f 922/922/740 963/963/781 964/964/782 923/923/741
f 923/923/741 964/964/782 965/965/783 924/924/742
f 924/924/742 965/965/783 966/966/784 925/925/743
f 925/925/743 966/966/784 967/967/785 926/926/744
f 926/926/744 967/967/785 968/968/786 927/927/745
f 927/927/745 968/968/786 969/969/787 928/928/746
f 928/928/746 969/969/787 970/970/788 929/929/747
f 929/929/747 970/970/788 971/971/789 930/930/748
f 930/930/748 971/971/789 972/972/790 931/931/749
f 931/931/749 972/972/790 973/973/791 932/932/750
f 932/932/750 973/973/791 974/974/792 933/933/751
f 933/933/751 974/974/792 975/975/793 934/934/752
f 934/934/752 975/975/793 976/976/794 935/935/753
f 935/935/753 976/976/794 977/977/795 936/936/754
f 936/936/754 977/977/795 978/978/796 937/937/755
f 937/937/755 978/978/796 979/979/797 938/938/756
f 938/938/756 979/979/797 980/980/798 939/939/757
f 939/939/757 980/980/798 981/981/799 940/940/758
f 940/940/758 981/981/799 982/982/800 941/941/759
f 941/941/759 982/982/800 983/983/801 942/942/760
f 942/942/760 983/983/801 984/984/802 943/943/761
f 944/944/762 985/985/803 986/986/804 945/945/763
f 945/945/763 986/986/804 987/987/805 946/946/764
f 946/946/764 987/987/805 988/988/806 947/947/765
f 947/947/765 988/988/806 989/989/807 948/948/766
f 948/948/766 989/989/807 990/990/808 949/949/767
f 949/949/767 990/990/808 991/991/809 950/950/768
f 950/950/768 991/991/809 992/992/810 951/951/769
f 951/951/769 992/992/810 993/993/811 952/952/770
f 952/952/770 993/993/811 994/994/812 953/953/771
f 953/953/771 994/994/812 995/995/813 954/954/772
f 954/954/772 995/995/813 996/996/814 955/955/773
f 955/955/773 996/996/814 997/997/815 956/956/774
f 956/956/774 997/997/815 998/998/816 957/957/775
f 957/957/775 998/998/816 999/999/817 958/958/776
f 958/958/776 999/999/817 1000/1000/818 959/959/777
f 959/959/777 1000/1000/818 1001/1001/819 960/960/778
f 960/960/778 1001/1001/819 1002/1002/820 961/961/779
f 961/961/779 1002/1002/820 1003/1003/821 962/962/780
f 962/962/780 1003/1003/821 1004/1004/822 963/963/781
f 963/963/781 1004/1004/822 1005/1005/823 964/964/782
f 964/964/782 1005/1005/823 1006/1006/824 965/965/783
f 965/965/783 1006/1006/824 1007/1007/825 966/966/784
f 966/966/784 1007/1007/825 1008/1008/826 967/967/785
f 967/967/785 1008/1008/826 1009/1009/827 968/968/786
f 968/968/786 1009/1009/827 1010/1010/828 969/969/787
f 969/969/787 1010/1010/828 1011/1011/829 970/970/788
f 970/970/788 1011/1011/829 1012/1012/830 971/971/789
f 971/971/789 1012/1012/830 1013/1013/831 972/972/790
f 972/972/790 1013/1013/831 1014/1014/832 973/973/791
f 973/973/791 1014/1014/832 1015/1015/833 974/974/792
f 974/974/792 1015/1015/833 1016/1016/834 975/975/793
f 975/975/793 1016/1016/834 1017/1017/835 976/976/794
f 976/976/794 1017/1017/835 1018/1018/836 977/977/795
f 977/977/795 1018/1018/836 1019/1019/837 978/978/796
f 978/978/796 1019/1019/837 1020/1020/838 979/979/797
f 979/979/797 1020/1020/838 1021/1021/839 980/980/798
f 980/980/798 1021/1021/839 1022/1022/840 981/981/799
f 981/981/799 1022/1022/840 1023/1023/841 982/982/800
f 982/982/800 1023/1023/841 1024/1024/842 983/983/801
f 983/983/801 1024/1024/842 1025/1025/843 984/984/802
f 985/985/803 1026/1026/844 1027/1027/845 986/986/804
f 986/986/804 1027/1027/845 1028/1028/846 987/987/805
f 987/987/805 1028/1028/846 1029/1029/847 988/988/806
f 988/988/806 1029/1029/847 1030/1030/848 989/989/807
f 989/989/807 1030/1030/848 1031/1031/849 990/990/808
f 990/990/808 1031/1031/849 1032/1032/850 991/991/809
f 991/991/809 1032/1032/850 1033/1033/851 992/992/810
f 992/992/810 1033/1033/851 1034/1034/852 993/993/811
f 993/993/811 1034/1034/852 1035/1035/853 994/994/812
f 994/994/812 1035/1035/853 1036/1036/854 995/995/813
f 995/995/813 1036/1036/854 1037/1037/855 996/996/814
f 996/996/814 1037/1037/855 1038/1038/856 997/997/815
f 997/997/815 1038/1038/856 1039/1039/857 998/998/816
f 998/998/816 1039/1039/857 1040/1040/858 999/999/817
f 999/999/817 1040/1040/858 1041/1041/859 1000/1000/818
f 1000/1000/818 1041/1041/859 1042/1042/860 1001/1001/819
f 1001/1001/819 1042/1042/860 1043/1043/861 1002/1002/820
f 1002/1002/820 1043/1043/861 1044/1044/862 1003/1003/821
f 1003/1003/821 1044/1044/862 1045/1045/863 1004/1004/822
f 1004/1004/822 1045/1045/863 1046/1046/864 1005/1005/823
f 1005/1005/823 1046/1046/864 1047/1047/865 1006/1006/824
f 1006/1006/824 1047/1047/865 1048/1048/866 1007/1007/825
f 1007/1007/825 1048/1048/866 1049/1049/867 1008/1008/826
f 1008/1008/826 1049/1049/867 1050/1050/868 1009/1009/827
f 1009/1009/827 1050/1050/868 1051/1051/869 1010/1010/828
f 1010/1010/828 1051/1051/869 1052/1052/870 1011/1011/829
f 1011/1011/829 1052/1052/870 1053/1053/871 1012/1012/830
f 1012/1012/830 1053/1053/871 1054/1054/872 1013/1013/831
f 1013/1013/831 1054/1054/872 1055/1055/873 1014/1014/832
f 1014/1014/832 1055/1055/873 1056/1056/874 1015/1015/833
f 1015/1015/833 1056/1056/874 1057/1057/875 1016/1016/834
f 1016/1016/834 1057/1057/875 1058/1058/876 1017/1017/835
f 1017/1017/835 1058/1058/876 1059/1059/877 1018/1018/836
f 1018/1018/836 1059/1059/877 1060/1060/878 1019/1019/837
f 1019/1019/837 1060/1060/878 1061/1061/879 1020/1020/838
f 1020/1020/838 1061/1061/879 1062/1062/880 1021/1021/839
f 1021/1021/839 1062/1062/880 1063/1063/881 1022/1022/840
f 1022/1022/840 1063/1063/881 1064/1064/882 1023/1023/841
f 1023/1023/841 1064/1064/882 1065/1065/883 1024/1024/842
f 1024/1024/842 1065/1065/883 1066/1066/884 1025/1025/843
f 1026/1026/844 1067/1067/885 1068/1068/886 1027/1027/845
f 1027/1027/845 1068/1068/886 1069/1069/887 1028/1028/846
f 1028/1028/846 1069/1069/887 1070/1070/888 1029/1029/847
f 1029/1029/847 1070/1070/888 1071/1071/889 1030/1030/848
f 1030/1030/848 1071/1071/889 1072/1072/890 1031/1031/849
f 1031/1031/849 1072/1072/890 1073/1073/891 1032/1032/850
f 1032/1032/850 1073/1073/891 1074/1074/892 1033/1033/851
f 1033/1033/851 1074/1074/892 1075/1075/893 1034/1034/852
f 1034/1034/852 1075/1075/893 1076/1076/894 1035/1035/853
f 1035/1035/853 1076/1076/894 1077/1077/895 1036/1036/854
f 1036/1036/854 1077/1077/895 1078/1078/896 1037/1037/855
f 1037/1037/855 1078/1078/896 1079/1079/897 1038/1038/856
f 1038/1038/856 1079/1079/897 1080/1080/898 1039/1039/857
f 1039/1039/857 1080/1080/898 1081/1081/899 1040/1040/858
f 1040/1040/858 1081/1081/899 1082/1082/900 1041/1041/859
f 1041/1041/859 1082/1082/900 1083/1083/901 1042/1042/860
f 1042/1042/860 1083/1083/901 1084/1084/902 1043/1043/861
f 1043/1043/861 1084/1084/902 1085/1085/903 1044/1044/862
f 1044/1044/862 1085/1085/903 1086/1086/904 1045/1045/863
f 1045/1045/863 1086/1086/904 1087/1087/905 1046/1046/864
f 1046/1046/864 1087/1087/905 1088/1088/906 1047/1047/865
f 1047/1047/865 1088/1088/906 1089/1089/907 1048/1048/866
f 1048/1048/866 1089/1089/907 1090/1090/908 1049/1049/867
f 1049/1049/867 1090/1090/908 1091/1091/909 1050/1050/868
f 1050/1050/868 1091/1091/909 1092/1092/910 1051/1051/869
f 1051/1051/869 1092/1092/910 1093/1093/911 1052/1052/870
f 1052/1052/870 1093/1093/911 1094/1094/912 1053/1053/871
f 1053/1053/871 1094/1094/912 1095/1095/913 1054/1054/872
f 1054/1054/872 1095/1095/913 1096/1096/914 1055/1055/873
f 1055/1055/873 1096/1096/914 1097/1097/915 1056/1056/874
f 1056/1056/874 1097/1097/915 1098/1098/916 1057/1057/875
f 1057/1057/875 1098/1098/916 1099/1099/917 1058/1058/876
f 1058/1058/876 1099/1099/917 1100/1100/918 1059/1059/877
f 1059/1059/877 1100/1100/918 1101/1101/919 1060/1060/878
f 1060/1060/878 1101/1101/919 1102/1102/920 1061/1061/879
f 1061/1061/879 1102/1102/920 1103/1103/921 1062/1062/880
f 1062/1062/880 1103/1103/921 1104/1104/922 1063/1063/881
f 1063/1063/881 1104/1104/922 1105/1105/923 1064/1064/882
f 1064/1064/882 1105/1105/923 1106/1106/924 1065/1065/883
f 1065/1065/883 1106/1106/924 1107/1107/925 1066/1066/884
f 1067/1067/885 1108/1108/926 1109/1109/927 1068/1068/886
f 1068/1068/886 1109/1109/927 1110/1110/928 1069/1069/887
f 1069/1069/887 1110/1110/928 1111/1111/929 1070/1070/888
f 1070/1070/888 1111/1111/929 1112/1112/930 1071/1071/889
f 1071/1071/889 1112/1112/930 1113/1113/931 1072/1072/890
f 1072/1072/890 1113/1113/931 1114/1114/932 1073/1073/891
f 1073/1073/891 1114/1114/932 1115/1115/933 1074/1074/892
f 1074/1074/892 1115/1115/933 1116/1116/934 1075/1075/893
f 1075/1075/893 1116/1116/934 1117/1117/935 1076/1076/894
f 1076/1076/894 1117/1117/935 1118/1118/936 1077/1077/895
f 1077/1077/895 1118/1118/936 1119/1119/937 1078/1078/896
f 1078/1078/896 1119/1119/937 1120/1120/938 1079/1079/897
f 1079/1079/897 1120/1120/938 1121/1121/939 1080/1080/898
f 1080/1080/898 1121/1121/939 1122/1122/940 1081/1081/899
f 1081/1081/899 1122/1122/940 1123/1123/941 1082/1082/900
f 1082/1082/900 1123/1123/941 1124/1124/942 1083/1083/901
f 1083/1083/901 1124/1124/942 1125/1125/943 1084/1084/902
f 1084/1084/902 1125/1125/943 1126/1126/944 1085/1085/903
f 1085/1085/903 1126/1126/944 1127/1127/945 1086/1086/904
f 1086/1086/904 1127/1127/945 1128/1128/946 1087/1087/905
f 1087/1087/905 1128/1128/946 1129/1129/947 1088/1088/906
f 1088/1088/906 1129/1129/947 1130/1130/948 1089/1089/907
f 1089/1089/907 1130/1130/948 1131/1131/949 1090/1090/908
f 1090/1090/908 1131/1131/949 1132/1132/950 1091/1091/909
f 1091/1091/909 1132/1132/950 1133/1133/951 1092/1092/910
f 1092/1092/910 1133/1133/951 1134/1134/952 1093/1093/911
f 1093/1093/911 1134/1134/952 1135/1135/953 1094/1094/912
f 1094/1094/912 1135/1135/953 1136/1136/954 1095/1095/913
f 1095/1095/913 1136/1136/954 1137/1137/955 1096/1096/914
f 1096/1096/914 1137/1137/955 1138/1138/956 1097/1097/915
f 1097/1097/915 1138/1138/956 1139/1139/957 1098/1098/916
f 1098/1098/916 1139/1139/957 1140/1140/958 1099/1099/917
f 1099/1099/917 1140/1140/958 1141/1141/959 1100/1100/918
f 1100/1100/918 1141/1141/959 1142/1142/960 1101/1101/919
f 1101/1101/919 1142/1142/960 1143/1143/961 1102/1102/920
f 1102/1102/920 1143/1143/961 1144/1144/962 1103/1103/921
f 1103/1103/921 1144/1144/962 1145/1145/963 1104/1104/922
f 1104/1104/922 1145/1145/963 1146/1146/964 1105/1105/923
f 1105/1105/923 1146/1146/964 1147/1147/965 1106/1106/924
f 1106/1106/924 1147/1147/965 1148/1148/966 1107/1107/925
f 1108/1108/926 1149/1149/967 1150/1150/968 1109/1109/927
f 1109/1109/927 1150/1150/968 1151/1151/969 1110/1110/928
f 1110/1110/928 1151/1151/969 1152/1152/970 1111/1111/929
f 1111/1111/929 1152/1152/970 1153/1153/971 1112/1112/930
f 1112/1112/930 1153/1153/971 1154/1154/972 1113/1113/931
f 1113/1113/931 1154/1154/972 1155/1155/973 1114/1114/932
f 1114/1114/932 1155/1155/973 1156/1156/974 1115/1115/933
f 1115/1115/933 1156/1156/974 1157/1157/975 1116/1116/934
f 1116/1116/934 1157/1157/975 1158/1158/976 1117/1117/935
f 1117/1117/935 1158/1158/976 1159/1159/977 1118/1118/936
f 1118/1118/936 1159/1159/977 1160/1160/978 1119/1119/937
f 1119/1119/937 1160/1160/978 1161/1161/979 1120/1120/938
f 1120/1120/938 1161/1161/979 1162/1162/980 1121/1121/939
f 1121/1121/939 1162/1162/980 1163/1163/981 1122/1122/940
f 1122/1122/940 1163/1163/981 1164/1164/982 1123/1123/941
f 1123/1123/941 1164/1164/982 1165/1165/983 1124/1124/942
f 1124/1124/942 1165/1165/983 1166/1166/984 1125/1125/943
f 1125/1125/943 1166/1166/984 1167/1167/985 1126/1126/944
f 1126/1126/944 1167/1167/985 1168/1168/986 1127/1127/945
f 1127/1127/945 1168/1168/986 1169/1169/987 1128/1128/946
f 1128/1128/946 1169/1169/987 1170/1170/988 1129/1129/947
f 1129/1129/947 1170/1170/988 1171/1171/989 1130/1130/948
f 1130/1130/948 1171/1171/989 1172/1172/990 1131/1131/949
f 1131/1131/949 1172/1172/990 1173/1173/991 1132/1132/950
f 1132/1132/950 1173/1173/991 1174/1174/992 1133/1133/951
f 1133/1133/951 1174/1174/992 1175/1175/993 1134/1134/952
f 1134/1134/952 1175/1175/993 1176/1176/994 1135/1135/953
f 1135/1135/953 1176/1176/994 1177/1177/995 1136/1136/954
f 1136/1136/954 1177/1177/995 1178/1178/996 1137/1137/955
f 1137/1137/955 1178/1178/996 1179/1179/997 1138/1138/956
f 1138/1138/956 1179/1179/997 1180/1180/998 1139/1139/957
f 1139/1139/957 1180/1180/998 1181/1181/999 1140/1140/958
f 1140/1140/958 1181/1181/999 1182/1182/1000 1141/1141/959
f 1141/1141/959 1182/1182/1000 1183/1183/1001 1142/1142/960
f 1142/1142/960 1183/1183/1001 1184/1184/1002 1143/1143/961
f 1143/1143/961 1184/1184/1002 1185/1185/1003 1144/1144/962
f 1144/1144/962 1185/1185/1003 1186/1186/1004 1145/1145/963
f 1145/1145/963 1186/1186/1004 1187/1187/1005 1146/1146/964
f 1146/1146/964 1187/1187/1005 1188/1188/1006 1147/1147/965
f 1147/1147/965 1188/1188/1006 1189/1189/1007 1148/1148/966
f 1149/1149/967 1190/1190/1008 1191/1191/1009 1150/1150/968
f 1150/1150/968 1191/1191/1009 1192/1192/1010 1151/1151/969
f 1151/1151/969 1192/1192/1010 1193/1193/1011 1152/1152/970
f 1152/1152/970 1193/1193/1011 1194/1194/1012 1153/1153/971
f 1153/1153/971 1194/1194/1012 1195/1195/1013 1154/1154/972
f 1154/1154/972 1195/1195/1013 1196/1196/1014 1155/1155/973
f 1155/1155/973 1196/1196/1014 1197/1197/1015 1156/1156/974
f 1156/1156/974 1197/1197/1015 1198/1198/1016 1157/1157/975
f 1157/1157/975 1198/1198/1016 1199/1199/1017 1158/1158/976
f 1158/1158/976 1199/1199/1017 1200/1200/1018 1159/1159/977
f 1159/1159/977 1200/1200/1018 1201/1201/1019 1160/1160/978
f 1160/1160/978 1201/1201/1019 1202/1202/1020 1161/1161/979
f 1161/1161/979 1202/1202/1020 1203/1203/1021 1162/1162/980
f 1162/1162/980 1203/1203/1021 1204/1204/1022 1163/1163/981
f 1163/1163/981 1204/1204/1022 1205/1205/1023 1164/1164/982
f 1164/1164/982 1205/1205/1023 1206/1206/1024 1165/1165/983
f 1165/1165/983 1206/1206/1024 1207/1207/1025 1166/1166/984
f 1166/1166/984 1207/1207/1025 1208/1208/1026 1167/1167/985
f 1167/1167/985 1208/1208/1026 1209/1209/1027 1168/1168/986
f 1168/1168/986 1209/1209/1027 1210/1210/1028 1169/1169/987
f 1169/1169/987 1210/1210/1028 1211/1211/1029 1170/1170/988
f 1170/1170/988 1211/1211/1029 1212/1212/1030 1171/1171/989
f 1171/1171/989 1212/1212/1030 1213/1213/1031 1172/1172/990
f 1172/1172/990 1213/1213/1031 1214/1214/1032 1173/1173/991
f 1173/1173/991 1214/1214/1032 1215/1215/1033 1174/1174/992
f 1174/1174/992 1215/1215/1033 1216/1216/1034 1175/1175/993
f 1175/1175/993 1216/1216/1034 1217/1217/1035 1176/1176/994
f 1176/1176/994 1217/1217/1035 1218/1218/1036 1177/1177/995
f 1177/1177/995 1218/1218/1036 1219/1219/1037 1178/1178/996
f 1178/1178/996 1219/1219/1037 1220/1220/1038 1179/1179/997
f 1179/1179/997 1220/1220/1038 1221/1221/1039 1180/1180/998
f 1180/1180/998 1221/1221/1039 1222/1222/1040 1181/1181/999
f 1181/1181/999 1222/1222/1040 1223/1223/1041 1182/1182/1000
f 1182/1182/1000 1223/1223/1041 1224/1224/1042 1183/1183/1001
f 1183/1183/1001 1224/1224/1042 1225/1225/1043 1184/1184/1002
f 1184/1184/1002 1225/1225/1043 1226/1226/1044 1185/1185/1003
f 1185/1185/1003 1226/1226/1044 1227/1227/1045 1186/1186/1004
f 1186/1186/1004 1227/1227/1045 1228/1228/1046 1187/1187/1005
f 1187/1187/1005 1228/1228/1046 1229/1229/1047 1188/1188/1006
f 1188/1188/1006 1229/1229/1047 1230/1230/1048 1189/1189/1007
f 1190/1190/1008 1231/1231/1049 1232/1232/1050 1191/1191/1009
f 1191/1191/1009 1232/1232/1050 1233/1233/1051 1192/1192/1010
f 1192/1192/1010 1233/1233/1051 1234/1234/1052 1193/1193/1011
f 1193/1193/1011 1234/1234/1052 1235/1235/1053 1194/1194/1012
f 1194/1194/1012 1235/1235/1053 1236/1236/1054 1195/1195/1013
f 1195/1195/1013 1236/1236/1054 1237/1237/1055 1196/1196/1014
f 1196/1196/1014 1237/1237/1055 1238/1238/1056 1197/1197/1015
f 1197/1197/1015 1238/1238/1056 1239/1239/1057 1198/1198/1016
f 1198/1198/1016 1239/1239/1057 1240/1240/1058 1199/1199/1017
f 1199/1199/1017 1240/1240/1058 1241/1241/1059 1200/1200/1018
f 1200/1200/1018 1241/1241/1059 1242/1242/1060 1201/1201/1019
f 1201/1201/1019 1242/1242/1060 1243/1243/1061 1202/1202/1020
f 1202/1202/1020 1243/1243/1061 1244/1244/1062 1203/1203/1021
f 1203/1203/1021 1244/1244/1062 1245/1245/1063 1204/1204/1022
f 1204/1204/1022 1245/1245/1063 1246/1246/1064 1205/1205/1023
f 1205/1205/1023 1246/1246/1064 1247/1247/1065 1206/1206/1024
f 1206/1206/1024 1247/1247/1065 1248/1248/1066 1207/1207/1025
f 1207/1207/1025 1248/1248/1066 1249/1249/1067 1208/1208/1026
f 1208/1208/1026 1249/1249/1067 1250/1250/1068 1209/1209/1027
f 1209/1209/1027 1250/1250/1068 1251/1251/1069 1210/1210/1028
f 1210/1210/1028 1251/1251/1069 1252/1252/1070 1211/1211/1029
f 1211/1211/1029 1252/1252/1070 1253/1253/1071 1212/1212/1030
f 1212/1212/1030 1253/1253/1071 1254/1254/1072 1213/1213/1031
f 1213/1213/1031 1254/1254/1072 1255/1255/1073 1214/1214/1032
f 1214/1214/1032 1255/1255/1073 1256/1256/1074 1215/1215/1033
f 1215/1215/1033 1256/1256/1074 1257/1257/1075 1216/1216/1034
f 1216/1216/1034 1257/1257/1075 1258/1258/1076 1217/1217/1035
f 1217/1217/1035 1258/1258/1076 1259/1259/1077 1218/1218/1036
f 1218/1218/1036 1259/1259/1077 1260/1260/1078 1219/1219/1037
f 1219/1219/1037 1260/1260/1078 1261/1261/1079 1220/1220/1038
f 1220/1220/1038 1261/1261/1079 1262/1262/1080 1221/1221/1039
f 1221/1221/1039 1262/1262/1080 1263/1263/1081 1222/1222/1040
f 1222/1222/1040 1263/1263/1081 1264/1264/1082 1223/1223/1041
f 1223/1223/1041 1264/1264/1082 1265/1265/1083 1224/1224/1042
f 1224/1224/1042 1265/1265/1083 1266/1266/1084 1225/1225/1043
f 1225/1225/1043 1266/1266/1084 1267/1267/1085 1226/1226/1044
f 1226/1226/1044 1267/1267/1085 1268/1268/1086 1227/1227/1045
f 1227/1227/1045 1268/1268/1086 1269/1269/1087 1228/1228/1046
f 1228/1228/1046 1269/1269/1087 1270/1270/1088 1229/1229/1047
f 1229/1229/1047 1270/1270/1088 1271/1271/1089 1230/1230/1048
f 1272/82/1090 1273/80/1091 1274/79/1092 1275/81/1093
f 1273/80/1091 1276/78/1094 1277/77/1095 1274/79/1092
f 1276/78/1094 1278/76/1096 1279/75/1097 1277/77/1095
f 1278/76/1096 1280/74/1098 1281/73/1099 1279/75/1097
f 1280/74/1098 1282/72/1100 1283/71/1101 1281/73/1099
f 1282/72/1100 1284/70/1102 1285/69/1103 1283/71/1101
f 1284/70/1102 1286/68/1104 1287/67/1105 1285/69/1103
f 1286/68/1104 1288/66/1106 1289/65/1107 1287/67/1105
f 1288/66/1106 1290/64/1108 1291/63/1109 1289/65/1107
f 1290/64/1108 1292/62/1110 1293/61/1111 1291/63/1109
f 1292/62/1110 1294/60/1112 1295/59/1113 1293/61/1111
f 1294/60/1112 1296/58/1114 1297/57/1115 1295/59/1113
f 1296/58/1114 1298/56/1116 1299/55/1117 1297/57/1115
f 1298/56/1116 1300/54/1118 1301/53/1119 1299/55/1117
f 1300/54/1118 1302/52/1120 1303/51/1121 1301/53/1119
f 1302/52/1120 1304/50/1122 1305/49/1123 1303/51/1121
f 1304/50/1122 1306/48/1124 1307/47/1125 1305/49/1123
f 1306/48/1124 1308/46/1126 1309/45/1127 1307/47/1125
f 1308/46/1126 1310/44/1128 1311/43/1129 1309/45/1127
f 1310/44/1128 1312/42/1130 1313/41/1131 1311/43/1129
f 1312/42/1130 1314/40/1132 1315/39/1133 1313/41/1131
f 1314/40/1132 1316/38/1134 1317/37/1135 1315/39/1133
f 1316/38/1134 1318/36/1136 1319/35/1137 1317/37/1135
f 1318/36/1136 1320/34/1138 1321/33/1139 1319/35/1137
f 1320/34/1138 1322/32/1140 1323/31/1141 1321/33/1139
f 1322/32/1140 1324/30/1142 1325/29/1143 1323/31/1141
f 1324/30/1142 1326/28/1144 1327/27/1145 1325/29/1143
f 1326/28/1144 1328/26/1146 1329/25/1147 1327/27/1145
f 1328/26/1146 1330/24/1148 1331/23/1149 1329/25/1147
f 1330/24/1148 1332/22/1150 1333/21/1151 1331/23/1149
f 1332/22/1150 1334/20/1152 1335/19/1153 1333/21/1151
f 1334/20/1152 1336/18/1154 1337/17/1155 1335/19/1153
f 1336/18/1154 1338/16/1156 1339/15/1157 1337/17/1155
f 1338/16/1156 1340/14/1158 1341/13/1159 1339/15/1157
f 1340/14/1158 1342/12/1160 1343/11/1161 1341/13/1159
f 1342/12/1160 1344/10/1162 1345/9/1163 1343/11/1161
f 1344/10/1162 1346/8/1164 1347/7/1165 1345/9/1163
f 1346/8/1164 1348/6/1166 1349/5/1167 1347/7/1165
f 1348/6/1166 1350/4/1168 1351/3/1169 1349/5/1167
f 1350/4/1168 1352/1/1170 1353/2/1171 1351/3/1169
f 1275/81/1093 1274/79/1092 1354/122/1172 1355/123/1173
f 1274/79/1092 1277/77/1095 1356/121/1174 1354/122/1172
f 1277/77/1095 1279/75/1097 1357/120/1175 1356/121/1174
f 1279/75/1097 1281/73/1099 1358/119/1176 1357/120/1175
f 1281/73/1099 1283/71/1101 1359/118/1177 1358/119/1176
f 1283/71/1101 1285/69/1103 1360/117/1178 1359/118/1177
f 1285/69/1103 1287/67/1105 1361/116/1179 1360/117/1178
f 1287/67/1105 1289/65/1107 1362/115/1180 1361/116/1179
f 1289/65/1107 1291/63/1109 1363/114/1181 1362/115/1180
f 1291/63/1109 1293/61/1111 1364/113/1182 1363/114/1181
f 1293/61/1111 1295/59/1113 1365/112/1183 1364/113/1182
f 1295/59/1113 1297/57/1115 1366/111/1184 1365/112/1183
f 1297/57/1115 1299/55/1117 1367/110/1185 1366/111/1184
f 1299/55/1117 1301/53/1119 1368/109/1186 1367/110/1185
f 1301/53/1119 1303/51/1121 1369/108/1187 1368/109/1186
f 1303/51/1121 1305/49/1123 1370/107/1188 1369/108/1187
f 1305/49/1123 1307/47/1125 1371/106/1189 1370/107/1188
f 1307/47/1125 1309/45/1127 1372/105/1190 1371/106/1189
f 1309/45/1127 1311/43/1129 1373/104/1191 1372/105/1190
f 1311/43/1129 1313/41/1131 1374/103/1192 1373/104/1191
f 1313/41/1131 1315/39/1133 1375/102/1193 1374/103/1192
f 1315/39/1133 1317/37/1135 1376/101/1194 1375/102/1193
f 1317/37/1135 1319/35/1137 1377/100/1195 1376/101/1194
f 1319/35/1137 1321/33/1139 1378/99/1196 1377/100/1195
f 1321/33/1139 1323/31/1141 1379/98/1197 1378/99/1196
f 1323/31/1141 1325/29/1143 1380/97/1198 1379/98/1197
f 1325/29/1143 1327/27/1145 1381/96/1199 1380/97/1198
f 1327/27/1145 1329/25/1147 1382/95/1200 1381/96/1199
f 1329/25/1147 1331/23/1149 1383/94/1201 1382/95/1200
f 1331/23/1149 1333/21/1151 1384/93/1202 1383/94/1201
f 1333/21/1151 1335/19/1153 1385/92/1203 1384/93/1202
f 1335/19/1153 1337/17/1155 1386/91/1204 1385/92/1203
f 1337/17/1155 1339/15/1157 1387/90/1205 1386/91/1204
f 1339/15/1157 1341/13/1159 1388/89/1206 1387/90/1205
f 1341/13/1159 1343/11/1161 1389/88/1207 1388/89/1206
f 1343/11/1161 1345/9/1163 1390/87/1208 1389/88/1207
f 1345/9/1163 1347/7/1165 1391/86/1209 1390/87/1208
f 1347/7/1165 1349/5/1167 1392/85/1210 1391/86/1209
f 1349/5/1167 1351/3/1169 1393/84/1211 1392/85/1210
f 1351/3/1169 1353/2/1171 1394/83/1212 1393/84/1211
f 1355/123/1173 1354/122/1172 1395/163/1213 1396/164/1214
f 1354/122/1172 1356/121/1174 1397/162/1215 1395/163/1213
f 1356/121/1174 1357/120/1175 1398/161/1216 1397/162/1215
f 1357/120/1175 1358/119/1176 1399/160/1217 1398/161/1216
f 1358/119/1176 1359/118/1177 1400/159/1218 1399/160/1217
f 1359/118/1177 1360/117/1178 1401/158/1219 1400/159/1218
f 1360/117/1178 1361/116/1179 1402/157/1220 1401/158/1219
f 1361/116/1179 1362/115/1180 1403/156/1221 1402/157/1220
f 1362/115/1180 1363/114/1181 1404/155/1222 1403/156/1221
f 1363/114/1181 1364/113/1182 1405/154/1223 1404/155/1222
f 1364/113/1182 1365/112/1183 1406/153/1224 1405/154/1223
f 1365/112/1183 1366/111/1184 1407/152/1225 1406/153/1224
f 1366/111/1184 1367/110/1185 1408/151/1226 1407/152/1225
f 1367/110/1185 1368/109/1186 1409/150/1227 1408/151/1226
f 1368/109/1186 1369/108/1187 1410/149/1228 1409/150/1227
f 1369/108/1187 1370/107/1188 1411/148/1229 1410/149/1228
f 1370/107/1188 1371/106/1189 1412/147/1230 1411/148/1229
f 1371/106/1189 1372/105/1190 1413/146/1231 1412/147/1230
f 1372/105/1190 1373/104/1191 1414/145/1232 1413/146/1231
f 1373/104/1191 1374/103/1192 1415/144/1233 1414/145/1232
f 1374/103/1192 1375/102/1193 1416/143/1234 1415/144/1233
f 1375/102/1193 1376/101/1194 1417/142/1235 1416/143/1234
f 1376/101/1194 1377/100/1195 1418/141/1236 1417/142/1235
f 1377/100/1195 1378/99/1196 1419/140/1237 1418/141/1236
f 1378/99/1196 1379/98/1197 1420/139/1238 1419/140/1237
f 1379/98/1197 1380/97/1198 1421/138/1239 1420/139/1238
f 1380/97/1198 1381/96/1199 1422/137/1240 1421/138/1239
f 1381/96/1199 1382/95/1200 1423/136/1241 1422/137/1240
f 1382/95/1200 1383/94/1201 1424/135/1242 1423/136/1241
f 1383/94/1201 1384/93/1202 1425/134/1243 1424/135/1242
f 1384/93/1202 1385/92/1203 1426/133/1244 1425/134/1243
f 1385/92/1203 1386/91/1204 1427/132/1245 1426/133/1244
f 1386/91/1204 1387/90/1205 1428/131/1246 1427/132/1245
f 1387/90/1205 1388/89/1206 1429/130/1247 1428/131/1246
f 1388/89/1206 1389/88/1207 1430/129/1248 1429/130/1247
f 1389/88/1207 1390/87/1208 1431/128/1249 1430/129/1248
f 1390/87/1208 1391/86/1209 1432/127/1250 1431/128/1249
f 1391/86/1209 1392/85/1210 1433/126/1251 1432/127/1250
f 1392/85/1210 1393/84/1211 1434/125/1252 1433/126/1251
f 1393/84/1211 1394/83/1212 1435/124/1253 1434/125/1252
f 1396/164/1214 1395/163/1213 1436/204/1254 1437/205/1255
f 1395/163/1213 1397/162/1215 1438/203/1256 1436/204/1254
f 1397/162/1215 1398/161/1216 1439/202/1257 1438/203/1256
f 1398/161/1216 1399/160/1217 1440/201/1258 1439/202/1257
f 1399/160/1217 1400/159/1218 1441/200/1259 1440/201/1258
f 1400/159/1218 1401/158/1219 1442/199/1260 1441/200/1259
f 1401/158/1219 1402/157/1220 1443/198/1261 1442/199/1260
f 1402/157/1220 1403/156/1221 1444/197/1262 1443/198/1261
f 1403/156/1221 1404/155/1222 1445/196/1263 1444/197/1262
f 1404/155/1222 1405/154/1223 1446/195/1264 1445/196/1263
f 1405/154/1223 1406/153/1224 1447/194/1265 1446/195/1264
f 1406/153/1224 1407/152/1225 1448/193/1266 1447/194/1265
f 1407/152/1225 1408/151/1226 1449/192/1267 1448/193/1266
f 1408/151/1226 1409/150/1227 1450/191/1268 1449/192/1267
f 1409/150/1227 1410/149/1228 1451/190/1269 1450/191/1268
f 1410/149/1228 1411/148/1229 1452/189/1270 1451/190/1269
f 1411/148/1229 1412/147/1230 1453/188/1271 1452/189/1270
f 1412/147/1230 1413/146/1231 1454/187/1272 1453/188/1271
f 1413/146/1231 1414/145/1232 1455/186/1273 1454/187/1272
f 1414/145/1232 1415/144/1233 1456/185/1274 1455/186/1273
f 1415/144/1233 1416/143/1234 1457/184/1275 1456/185/1274
f 1416/143/1234 1417/142/1235 1458/183/1276 1457/184/1275
f 1417/142/1235 1418/141/1236 1459/182/1277 1458/183/1276
f 1418/141/1236 1419/140/1237 1460/181/1278 1459/182/1277
f 1419/140/1237 1420/139/1238 1461/180/1279 1460/181/1278
f 1420/139/1238 1421/138/1239 1462/179/1280 1461/180/1279
f 1421/138/1239 1422/137/1240 1463/178/1281 1462/179/1280
f 1422/137/1240 1423/136/1241 1464/177/1282 1463/178/1281
f 1423/136/1241 1424/135/1242 1465/176/1283 1464/177/1282
f 1424/135/1242 1425/134/1243 1466/175/1284 1465/176/1283
f 1425/134/1243 1426/133/1244 1467/174/1285 1466/175/1284
f 1426/133/1244 1427/132/1245 1468/173/1286 1467/174/1285
f 1427/132/1245 1428/131/1246 1469/172/1287 1468/173/1286
f 1428/131/1246 1429/130/1247 1470/171/1288 1469/172/1287
f 1429/130/1247 1430/129/1248 1471/170/1289 1470/171/1288
f 1430/129/1248 1431/128/1249 1472/169/1290 1471/170/1289
f 1431/128/1249 1432/127/1250 1473/168/1291 1472/169/1290
f 1432/127/1250 1433/126/1251 1474/167/1292 1473/168/1291
f 1433/126/1251 1434/125/1252 1475/166/1293 1474/167/1292
f 1434/125/1252 1435/124/1253 1476/165/1294 1475/166/1293
f 1437/205/1255 1436/204/1254 1477/245/1295 1478/246/1296
f 1436/204/1254 1438/203/1256 1479/244/1297 1477/245/1295
f 1438/203/1256 1439/202/1257 1480/243/1298 1479/244/1297
f 1439/202/1257 1440/201/1258 1481/242/1299 1480/243/1298
f 1440/201/1258 1441/200/1259 1482/241/1300 1481/242/1299
f 1441/200/1259 1442/199/1260 1483/240/1301 1482/241/1300
f 1442/199/1260 1443/198/1261 1484/239/1302 1483/240/1301
f 1443/198/1261 1444/197/1262 1485/238/1303 1484/239/1302
f 1444/197/1262 1445/196/1263 1486/237/1304 1485/238/1303
f 1445/196/1263 1446/195/1264 1487/236/1305 1486/237/1304
f 1446/195/1264 1447/194/1265 1488/235/1306 1487/236/1305
f 1447/194/1265 1448/193/1266 1489/234/1307 1488/235/1306
f 1448/193/1266 1449/192/1267 1490/233/1308 1489/234/1307
f 1449/192/1267 1450/191/1268 1491/232/1309 1490/233/1308
f 1450/191/1268 1451/190/1269 1492/231/1310 1491/232/1309
f 1451/190/1269 1452/189/1270 1493/230/1311 1492/231/1310
f 1452/189/1270 1453/188/1271 1494/229/1312 1493/230/1311
f 1453/188/1271 1454/187/1272 1495/228/1313 1494/229/1312
f 1454/187/1272 1455/186/1273 1496/227/1314 1495/228/1313
f 1455/186/1273 1456/185/1274 1497/226/1315 1496/227/1314
f 1456/185/1274 1457/184/1275 1498/225/1316 1497/226/1315
f 1457/184/1275 1458/183/1276 1499/224/1317 1498/225/1316
f 1458/183/1276 1459/182/1277 1500/223/1318 1499/224/1317
f 1459/182/1277 1460/181/1278 1501/222/1319 1500/223/1318
f 1460/181/1278 1461/180/1279 1502/221/1320 1501/222/1319
f 1461/180/1279 1462/179/1280 1503/220/1321 1502/221/1320
f 1462/179/1280 1463/178/1281 1504/219/1322 1503/220/1321
f 1463/178/1281 1464/177/1282 1505/218/1323 1504/219/1322
f 1464/177/1282 1465/176/1283 1506/217/1324 1505/218/1323
f 1465/176/1283 1466/175/1284 1507/216/1325 1506/217/1324
f 1466/175/1284 1467/174/1285 1508/215/1326 1507/216/1325
f 1467/174/1285 1468/173/1286 1509/214/1327 1508/215/1326
f 1468/173/1286 1469/172/1287 1510/213/1328 1509/214/1327
f 1469/172/1287 1470/171/1288 1511/212/1329 1510/213/1328
f 1470/171/1288 1471/170/1289 1512/211/1330 1511/212/1329
f 1471/170/1289 1472/169/1290 1513/210/1331 1512/211/1330
f 1472/169/1290 1473/168/1291 1514/209/1332 1513/210/1331
f 1473/168/1291 1474/167/1292 1515/208/1333 1514/209/1332
f 1474/167/1292 1475/166/1293 1516/207/1334 1515/208/1333
f 1475/166/1293 1476/165/1294 1517/206/1335 1516/207/1334
f 1478/246/1296 1477/245/1295 1518/286/1336 1519/287/1337
f 1477/245/1295 1479/244/1297 1520/285/1338 1518/286/1336
f 1479/244/1297 1480/243/1298 1521/284/1339 1520/285/1338
f 1480/243/1298 1481/242/1299 1522/283/1340 1521/284/1339
f 1481/242/1299 1482/241/1300 1523/282/1341 1522/283/1340
f 1482/241/1300 1483/240/1301 1524/281/1342 1523/282/1341
f 1483/240/1301 1484/239/1302 1525/280/1343 1524/281/1342
f 1484/239/1302 1485/238/1303 1526/279/1344 1525/280/1343
f 1485/238/1303 1486/237/1304 1527/278/1345 1526/279/1344
f 1486/237/1304 1487/236/1305 1528/277/1346 1527/278/1345
f 1487/236/1305 1488/235/1306 1529/276/1347 1528/277/1346
f 1488/235/1306 1489/234/1307 1530/275/1348 1529/276/1347
f 1489/234/1307 1490/233/1308 1531/274/1349 1530/275/1348
f 1490/233/1308 1491/232/1309 1532/273/1350 1531/274/1349
f 1491/232/1309 1492/231/1310 1533/272/1351 1532/273/1350
f 1492/231/1310 1493/230/1311 1534/271/1352 1533/272/1351
f 1493/230/1311 1494/229/1312 1535/270/1353 1534/271/1352
f 1494/229/1312 1495/228/1313 1536/269/1354 1535/270/1353
f 1495/228/1313 1496/227/1314 1537/268/1355 1536/269/1354
f 1496/227/1314 1497/226/1315 1538/267/1356 1537/268/1355
f 1497/226/1315 1498/225/1316 1539/266/1357 1538/267/1356
f 1498/225/1316 1499/224/1317 1540/265/1358 1539/266/1357
f 1499/224/1317 1500/223/1318 1541/264/1359 1540/265/1358
f 1500/223/1318 1501/222/1319 1542/263/1360 1541/264/1359
f 1501/222/1319 1502/221/1320 1543/262/1361 1542/263/1360
f 1502/221/1320 1503/220/1321 1544/261/1362 1543/262/1361
f 1503/220/1321 1504/219/1322 1545/260/1363 1544/261/1362
f 1504/219/1322 1505/218/1323 1546/259/1364 1545/260/1363
f 1505/218/1323 1506/217/1324 1547/258/1365 1546/259/1364
f 1506/217/1324 1507/216/1325 1548/257/1366 1547/258/1365
f 1507/216/1325 1508/215/1326 1549/256/1367 1548/257/1366
f 1508/215/1326 1509/214/1327 1550/255/1368 1549/256/1367
f 1509/214/1327 1510/213/1328 1551/254/1369 1550/255/1368
f 1510/213/1328 1511/212/1329 1552/253/1370 1551/254/1369
f 1511/212/1329 1512/211/1330 1553/252/1371 1552/253/1370
f 1512/211/1330 1513/210/1331 1554/251/1372 1553/252/1371
f 1513/210/1331 1514/209/1332 1555/250/1373 1554/251/1372
f 1514/209/1332 1515/208/1333 1556/249/1374 1555/250/1373
f 1515/208/1333 1516/207/1334 1557/248/1375 1556/249/1374
f 1516/207/1334 1517/206/1335 1558/247/1376 1557/248/1375
f 1519/287/1337 1518/286/1336 1559/327/1377 1560/328/1378
f 1518/286/1336 1520/285/1338 1561/326/1379 1559/327/1377
f 1520/285/1338 1521/284/1339 1562/325/1380 1561/326/1379
f 1521/284/1339 1522/283/1340 1563/324/1381 1562/325/1380
f 1522/283/1340 1523/282/1341 1564/323/1382 1563/324/1381
f 1523/282/1341 1524/281/1342 1565/322/1383 1564/323/1382
f 1524/281/1342 1525/280/1343 1566/321/1384 1565/322/1383
f 1525/280/1343 1526/279/1344 1567/320/1385 1566/321/1384
f 1526/279/1344 1527/278/1345 1568/319/1386 1567/320/1385
f 1527/278/1345 1528/277/1346 1569/318/1387 1568/319/1386
f 1528/277/1346 1529/276/1347 1570/317/1388 1569/318/1387
f 1529/276/1347 1530/275/1348 1571/316/1389 1570/317/1388
f 1530/275/1348 1531/274/1349 1572/315/1390 1571/316/1389
f 1531/274/1349 1532/273/1350 1573/314/1391 1572/315/1390
f 1532/273/1350 1533/272/1351 1574/313/1392 1573/314/1391
f 1533/272/1351 1534/271/1352 1575/312/1393 1574/313/1392
f 1534/271/1352 1535/270/1353 1576/311/1394 1575/312/1393
f 1535/270/1353 1536/269/1354 1577/310/1395 1576/311/1394
f 1536/269/1354 1537/268/1355 1578/309/1396 1577/310/1395
f 1537/268/1355 1538/267/1356 1579/308/1397 1578/309/1396
f 1538/267/1356 1539/266/1357 1580/307/1398 1579/308/1397
f 1539/266/1357 1540/265/1358 1581/306/1399 1580/307/1398
f 1540/265/1358 1541/264/1359 1582/305/1400 1581/306/1399
f 1541/264/1359 1542/263/1360 1583/304/1401 1582/305/1400
f 1542/263/1360 1543/262/1361 1584/303/1402 1583/304/1401
f 1543/262/1361 1544/261/1362 1585/302/1403 1584/303/1402
f 1544/261/1362 1545/260/1363 1586/301/1404 1585/302/1403
f 1545/260/1363 1546/259/1364 1587/300/1405 1586/301/1404
f 1546/259/1364 1547/258/1365 1588/299/1406 1587/300/1405
f 1547/258/1365 1548/257/1366 1589/298/1407 1588/299/1406
f 1548/257/1366 1549/256/1367 1590/297/1408 1589/298/1407
f 1549/256/1367 1550/255/1368 1591/296/1409 1590/297/1408
f 1550/255/1368 1551/254/1369 1592/295/1410 1591/296/1409
f 1551/254/1369 1552/253/1370 1593/294/1411 1592/295/1410
f 1552/253/1370 1553/252/1371 1594/293/1412 1593/294/1411
f 1553/252/1371 1554/251/1372 1595/292/1413 1594/293/1412
f 1554/251/1372 1555/250/1373 1596/291/1414 1595/292/1413
f 1555/250/1373 1556/249/1374 1597/290/1415 1596/291/1414
f 1556/249/1374 1557/248/1375 1598/289/1416 1597/290/1415
f 1557/248/1375 1558/247/1376 1599/288/1417 1598/289/1416
f 1560/328/1378 1559/327/1377 1600/368/1418 1601/369/1419
f 1559/327/1377 1561/326/1379 1602/367/1420 1600/368/1418
f 1561/326/1379 1562/325/1380 1603/366/1421 1602/367/1420
f 1562/325/1380 1563/324/1381 1604/365/1422 1603/366/1421
f 1563/324/1381 1564/323/1382 1605/364/1423 1604/365/1422
f 1564/323/1382 1565/322/1383 1606/363/1424 1605/364/1423
f 1565/322/1383 1566/321/1384 1607/362/1425 1606/363/1424
f 1566/321/1384 1567/320/1385 1608/361/1426 1607/362/1425
f 1567/320/1385 1568/319/1386 1609/360/1427 1608/361/1426
f 1568/319/1386 1569/318/1387 1610/359/1428 1609/360/1427
f 1569/318/1387 1570/317/1388 1611/358/1429 1610/359/1428
f 1570/317/1388 1571/316/1389 1612/357/1430 1611/358/1429
f 1571/316/1389 1572/315/1390 1613/356/1431 1612/357/1430
f 1572/315/1390 1573/314/1391 1614/355/1432 1613/356/1431
f 1573/314/1391 1574/313/1392 1615/354/1433 1614/355/1432
f 1574/313/1392 1575/312/1393 1616/353/1434 1615/354/1433
f 1575/312/1393 1576/311/1394 1617/352/1435 1616/353/1434
f 1576/311/1394 1577/310/1395 1618/351/1436 1617/352/1435
f 1577/310/1395 1578/309/1396 1619/350/1437 1618/351/1436
f 1578/309/1396 1579/308/1397 1620/349/1438 1619/350/1437
f 1579/308/1397 1580/307/1398 1621/348/1439 1620/349/1438
f 1580/307/1398 1581/306/1399 1622/347/1440 1621/348/1439
f 1581/306/1399 1582/305/1400 1623/346/1441 1622/347/1440
f 1582/305/1400 1583/304/1401 1624/345/1442 1623/346/1441
f 1583/304/1401 1584/303/1402 1625/344/1443 1624/345/1442
f 1584/303/1402 1585/302/1403 1626/343/1444 1625/344/1443
f 1585/302/1403 1586/301/1404 1627/342/1445 1626/343/1444
f 1586/301/1404 1587/300/1405 1628/341/1446 1627/342/1445
f 1587/300/1405 1588/299/1406 1629/340/1447 1628/341/1446
f 1588/299/1406 1589/298/1407 1630/339/1448 1629/340/1447
f 1589/298/1407 1590/297/1408 1631/338/1449 1630/339/1448
f 1590/297/1408 1591/296/1409 1632/337/1450 1631/338/1449
f 1591/296/1409 1592/295/1410 1633/336/1451 1632/337/1450
f 1592/295/1410 1593/294/1411 1634/335/1452 1633/336/1451
f 1593/294/1411 1594/293/1412 1635/334/1453 1634/335/1452
f 1594/293/1412 1595/292/1413 1636/333/1454 1635/334/1453
f 1595/292/1413 1596/291/1414 1637/332/1455 1636/333/1454
f 1596/291/1414 1597/290/1415 1638/331/1456 1637/332/1455
f 1597/290/1415 1598/289/1416 1639/330/1457 1638/331/1456
f 1598/289/1416 1599/288/1417 1640/329/1458 1639/330/1457
f 1601/369/1419 1600/368/1418 1641/409/1459 1642/410/1460
f 1600/368/1418 1602/367/1420 1643/408/1461 1641/409/1459
f 1602/367/1420 1603/366/1421 1644/407/1462 1643/408/1461
f 1603/366/1421 1604/365/1422 1645/406/1463 1644/407/1462
f 1604/365/1422 1605/364/1423 1646/405/1464 1645/406/1463
f 1605/364/1423 1606/363/1424 1647/404/1465 1646/405/1464
f 1606/363/1424 1607/362/1425 1648/403/1466 1647/404/1465
f 1607/362/1425 1608/361/1426 1649/402/1467 1648/403/1466
f 1608/361/1426 1609/360/1427 1650/401/1468 1649/402/1467
f 1609/360/1427 1610/359/1428 1651/400/1469 1650/401/1468
f 1610/359/1428 1611/358/1429 1652/399/1470 1651/400/1469
f 1611/358/1429 1612/357/1430 1653/398/1471 1652/399/1470
f 1612/357/1430 1613/356/1431 1654/397/1472 1653/398/1471
f 1613/356/1431 1614/355/1432 1655/396/1473 1654/397/1472
f 1614/355/1432 1615/354/1433 1656/395/1474 1655/396/1473
f 1615/354/1433 1616/353/1434 1657/394/1475 1656/395/1474
f 1616/353/1434 1617/352/1435 1658/393/1476 1657/394/1475
f 1617/352/1435 1618/351/1436 1659/392/1477 1658/393/1476
f 1618/351/1436 1619/350/1437 1660/391/1478 1659/392/1477
f 1619/350/1437 1620/349/1438 1661/390/1479 1660/391/1478
f 1620/349/1438 1621/348/1439 1662/389/1480 1661/390/1479
f 1621/348/1439 1622/347/1440 1663/388/1481 1662/389/1480
f 1622/347/1440 1623/346/1441 1664/387/1482 1663/388/1481
f 1623/346/1441 1624/345/1442 1665/386/1483 1664/387/1482
f 1624/345/1442 1625/344/1443 1666/385/1484 1665/386/1483
f 1625/344/1443 1626/343/1444 1667/384/1485 1666/385/1484
f 1626/343/1444 1627/342/1445 1668/383/1486 1667/384/1485
f 1627/342/1445 1628/341/1446 1669/382/1487 1668/383/1486
f 1628/341/1446 1629/340/1447 1670/381/1488 1669/382/1487
f 1629/340/1447 1630/339/1448 1671/380/1489 1670/381/1488
f 1630/339/1448 1631/338/1449 1672/379/1490 1671/380/1489
f 1631/338/1449 1632/337/1450 1673/378/1491 1672/379/1490
f 1632/337/1450 1633/336/1451 1674/377/1492 1673/378/1491
f 1633/336/1451 1634/335/1452 1675/376/1493 1674/377/1492
f 1634/335/1452 1635/334/1453 1676/375/1494 1675/376/1493
f 1635/334/1453 1636/333/1454 1677/374/1495 1676/375/1494
f 1636/333/1454 1637/332/1455 1678/373/1496 1677/374/1495
f 1637/332/1455 1638/331/1456 1679/372/1497 1678/373/1496
f 1638/331/1456 1639/330/1457 1680/371/1498 1679/372/1497
f 1639/330/1457 1640/329/1458 1681/370/1499 1680/371/1498
f 1642/410/1460 1641/409/1459 1682/450/1500 1683/451/1501
f 1641/409/1459 1643/408/1461 1684/449/1502 1682/450/1500
f 1643/408/1461 1644/407/1462 1685/448/1503 1684/449/1502
f 1644/407/1462 1645/406/1463 1686/447/1504 1685/448/1503
f 1645/406/1463 1646/405/1464 1687/446/1505 1686/447/1504
f 1646/405/1464 1647/404/1465 1688/445/1506 1687/446/1505
f 1647/404/1465 1648/403/1466 1689/444/1507 1688/445/1506
f 1648/403/1466 1649/402/1467 1690/443/1508 1689/444/1507
f 1649/402/1467 1650/401/1468 1691/442/1509 1690/443/1508
f 1650/401/1468 1651/400/1469 1692/441/1510 1691/442/1509
f 1651/400/1469 1652/399/1470 1693/440/1511 1692/441/1510
f 1652/399/1470 1653/398/1471 1694/439/1512 1693/440/1511
f 1653/398/1471 1654/397/1472 1695/438/1513 1694/439/1512
f 1654/397/1472 1655/396/1473 1696/437/1514 1695/438/1513
f 1655/396/1473 1656/395/1474 1697/436/1515 1696/437/1514
f 1656/395/1474 1657/394/1475 1698/435/1516 1697/436/1515
f 1657/394/1475 1658/393/1476 1699/434/1517 1698/435/1516
f 1658/393/1476 1659/392/1477 1700/433/1518 1699/434/1517
f 1659/392/1477 1660/391/1478 1701/432/1519 1700/433/1518
f 1660/391/1478 1661/390/1479 1702/431/1520 1701/432/1519
f 1661/390/1479 1662/389/1480 1703/430/1521 1702/431/1520
f 1662/389/1480 1663/388/1481 1704/429/1522 1703/430/1521
f 1663/388/1481 1664/387/1482 1705/428/1523 1704/429/1522
f 1664/387/1482 1665/386/1483 1706/427/1524 1705/428/1523
f 1665/386/1483 1666/385/1484 1707/426/1525 1706/427/1524
f 1666/385/1484 1667/384/1485 1708/425/1526 1707/426/1525
f 1667/384/1485 1668/383/1486 1709/424/1527 1708/425/1526
f 1668/383/1486 1669/382/1487 1710/423/1528 1709/424/1527
f 1669/382/1487 1670/381/1488 1711/422/1529 1710/423/1528
f 1670/381/1488 1671/380/1489 1712/421/1530 1711/422/1529
f 1671/380/1489 1672/379/1490 1713/420/1531 1712/421/1530
f 1672/379/1490 1673/378/1491 1714/419/1532 1713/420/1531
f 1673/378/1491 1674/377/1492 1715/418/1533 1714/419/1532
f 1674/377/1492 1675/376/1493 1716/417/1534 1715/418/1533
f 1675/376/1493 1676/375/1494 1717/416/1535 1716/417/1534
f 1676/375/1494 1677/374/1495 1718/415/1536 1717/416/1535
f 1677/374/1495 1678/373/1496 1719/414/1537 1718/415/1536
f 1678/373/1496 1679/372/1497 1720/413/1538 1719/414/1537
f 1679/372/1497 1680/371/1498 1721/412/1539 1720/413/1538
f 1680/371/1498 1681/370/1499 1722/411/1540 1721/412/1539
f 1683/451/1501 1682/450/1500 1723/491/1541 1724/492/1542
f 1682/450/1500 1684/449/1502 1725/490/1543 1723/491/1541
f 1684/449/1502 1685/448/1503 1726/489/1544 1725/490/1543
f 1685/448/1503 1686/447/1504 1727/488/1545 1726/489/1544
f 1686/447/1504 1687/446/1505 1728/487/1546 1727/488/1545
f 1687/446/1505 1688/445/1506 1729/486/1547 1728/487/1546
f 1688/445/1506 1689/444/1507 1730/485/1548 1729/486/1547
f 1689/444/1507 1690/443/1508 1731/484/1549 1730/485/1548
f 1690/443/1508 1691/442/1509 1732/483/1550 1731/484/1549
f 1691/442/1509 1692/441/1510 1733/482/1551 1732/483/1550
f 1692/441/1510 1693/440/1511 1734/481/1552 1733/482/1551
f 1693/440/1511 1694/439/1512 1735/480/1553 1734/481/1552
f 1694/439/1512 1695/438/1513 1736/479/1554 1735/480/1553
f 1695/438/1513 1696/437/1514 1737/478/1555 1736/479/1554
f 1696/437/1514 1697/436/1515 1738/477/1556 1737/478/1555
f 1697/436/1515 1698/435/1516 1739/476/1557 1738/477/1556
f 1698/435/1516 1699/434/1517 1740/475/1558 1739/476/1557
f 1699/434/1517 1700/433/1518 1741/474/1559 1740/475/1558
f 1700/433/1518 1701/432/1519 1742/473/1560 1741/474/1559
f 1701/432/1519 1702/431/1520 1743/472/1561 1742/473/1560
f 1702/431/1520 1703/430/1521 1744/471/1562 1743/472/1561
f 1703/430/1521 1704/429/1522 1745/470/1563 1744/471/1562
f 1704/429/1522 1705/428/1523 1746/469/1564 1745/470/1563
f 1705/428/1523 1706/427/1524 1747/468/1565 1746/469/1564
f 1706/427/1524 1707/426/1525 1748/467/1566 1747/468/1565
f 1707/426/1525 1708/425/1526 1749/466/1567 1748/467/1566
f 1708/425/1526 1709/424/1527 1750/465/1568 1749/466/1567
f 1709/424/1527 1710/423/1528 1751/464/1569 1750/465/1568
f 1710/423/1528 1711/422/1529 1752/463/1570 1751/464/1569
f 1711/422/1529 1712/421/1530 1753/462/1571 1752/463/1570
f 1712/421/1530 1713/420/1531 1754/461/1572 1753/462/1571
f 1713/420/1531 1714/419/1532 1755/460/1573 1754/461/1572
f 1714/419/1532 1715/418/1533 1756/459/1574 1755/460/1573
f 1715/418/1533 1716/417/1534 1757/458/1575 1756/459/1574
f 1716/417/1534 1717/416/1535 1758/457/1576 1757/458/1575
f 1717/416/1535 1718/415/1536 1759/456/1577 1758/457/1576
f 1718/415/1536 1719/414/1537 1760/455/1578 1759/456/1577
f 1719/414/1537 1720/413/1538 1761/454/1579 1760/455/1578
f 1720/413/1538 1721/412/1539 1762/453/1580 1761/454/1579
f 1721/412/1539 1722/411/1540 1763/452/1581 1762/453/1580
f 1724/492/1542 1723/491/1541 1764/532/1582 1765/533/1583
f 1723/491/1541 1725/490/1543 1766/531/1584 1764/532/1582
f 1725/490/1543 1726/489/1544 1767/530/1585 1766/531/1584
f 1726/489/1544 1727/488/1545 1768/529/1586 1767/530/1585
f 1727/488/1545 1728/487/1546 1769/528/1587 1768/529/1586
f 1728/487/1546 1729/486/1547 1770/527/1588 1769/528/1587
f 1729/486/1547 1730/485/1548 1771/526/1589 1770/527/1588
f 1730/485/1548 1731/484/1549 1772/525/1590 1771/526/1589
f 1731/484/1549 1732/483/1550 1773/524/1591 1772/525/1590
f 1732/483/1550 1733/482/1551 1774/523/1592 1773/524/1591
f 1733/482/1551 1734/481/1552 1775/522/1593 1774/523/1592
f 1734/481/1552 1735/480/1553 1776/521/1594 1775/522/1593
f 1735/480/1553 1736/479/1554 1777/520/1595 1776/521/1594
f 1736/479/1554 1737/478/1555 1778/519/1596 1777/520/1595
f 1737/478/1555 1738/477/1556 1779/518/1597 1778/519/1596
f 1738/477/1556 1739/476/1557 1780/517/1598 1779/518/1597
f 1739/476/1557 1740/475/1558 1781/516/1599 1780/517/1598
f 1740/475/1558 1741/474/1559 1782/515/1600 1781/516/1599
f 1741/474/1559 1742/473/1560 1783/514/1601 1782/515/1600
f 1742/473/1560 1743/472/1561 1784/513/1602 1783/514/1601
f 1743/472/1561 1744/471/1562 1785/512/1603 1784/513/1602
f 1744/471/1562 1745/470/1563 1786/511/1604 1785/512/1603
f 1745/470/1563 1746/469/1564 1787/510/1605 1786/511/1604
f 1746/469/1564 1747/468/1565 1788/509/1606 1787/510/1605
f 1747/468/1565 1748/467/1566 1789/508/1607 1788/509/1606
f 1748/467/1566 1749/466/1567 1790/507/1608 1789/508/1607
f 1749/466/1567 1750/465/1568 1791/506/1609 1790/507/1608
f 1750/465/1568 1751/464/1569 1792/505/1610 1791/506/1609
f 1751/464/1569 1752/463/1570 1793/504/1611 1792/505/1610
f 1752/463/1570 1753/462/1571 1794/503/1612 1793/504/1611
f 1753/462/1571 1754/461/1572 1795/502/1613 1794/503/1612
f 1754/461/1572 1755/460/1573 1796/501/1614 1795/502/1613
f 1755/460/1573 1756/459/1574 1797/500/1615 1796/501/1614
f 1756/459/1574 1757/458/1575 1798/499/1616 1797/500/1615
f 1757/458/1575 1758/457/1576 1799/498/1617 1798/499/1616
f 1758/457/1576 1759/456/1577 1800/497/1618 1799/498/1617
f 1759/456/1577 1760/455/1578 1801/496/1619 1800/497/1618
f 1760/455/1578 1761/454/1579 1802/495/1620 1801/496/1619
f 1761/454/1579 1762/453/1580 1803/494/1621 1802/495/1620
f 1762/453/1580 1763/452/1581 1804/493/1622 1803/494/1621
f 1765/533/1583 1764/532/1582 1805/573/1623 1806/574/1624
f 1764/532/1582 1766/531/1584 1807/572/1625 1805/573/1623
f 1766/531/1584 1767/530/1585 1808/571/1626 1807/572/1625
f 1767/530/1585 1768/529/1586 1809/570/1627 1808/571/1626
f 1768/529/1586 1769/528/1587 1810/569/1628 1809/570/1627
f 1769/528/1587 1770/527/1588 1811/568/1629 1810/569/1628
f 1770/527/1588 1771/526/1589 1812/567/1630 1811/568/1629
f 1771/526/1589 1772/525/1590 1813/566/1631 1812/567/1630
f 1772/525/1590 1773/524/1591 1814/565/1632 1813/566/1631
f 1773/524/1591 1774/523/1592 1815/564/1633 1814/565/1632
f 1774/523/1592 1775/522/1593 1816/563/1634 1815/564/1633
f 1775/522/1593 1776/521/1594 1817/562/1635 1816/563/1634
f 1776/521/1594 1777/520/1595 1818/561/1636 1817/562/1635
f 1777/520/1595 1778/519/1596 1819/560/1637 1818/561/1636
f 1778/519/1596 1779/518/1597 1820/559/1638 1819/560/1637
f 1779/518/1597 1780/517/1598 1821/558/1639 1820/559/1638
f 1780/517/1598 1781/516/1599 1822/557/1640 1821/558/1639
f 1781/516/1599 1782/515/1600 1823/556/1641 1822/557/1640
f 1782/515/1600 1783/514/1601 1824/555/1642 1823/556/1641
f 1783/514/1601 1784/513/1602 1825/554/1643 1824/555/1642
f 1784/513/1602 1785/512/1603 1826/553/1644 1825/554/1643
f 1785/512/1603 1786/511/1604 1827/552/1645 1826/553/1644
f 1786/511/1604 1787/510/1605 1828/551/1646 1827/552/1645
f 1787/510/1605 1788/509/1606 1829/550/1647 1828/551/1646
f 1788/509/1606 1789/508/1607 1830/549/1648 1829/550/1647
f 1789/508/1607 1790/507/1608 1831/548/1649 1830/549/1648
f 1790/507/1608 1791/506/1609 1832/547/1650 1831/548/1649
f 1791/506/1609 1792/505/1610 1833/546/1651 1832/547/1650
f 1792/505/1610 1793/504/1611 1834/545/1652 1833/546/1651
f 1793/504/1611 1794/503/1612 1835/544/1653 1834/545/1652
f 1794/503/1612 1795/502/1613 1836/543/1654 1835/544/1653
f 1795/502/1613 1796/501/1614 1837/542/1655 1836/543/1654
f 1796/501/1614 1797/500/1615 1838/541/1656 1837/542/1655
f 1797/500/1615 1798/499/1616 1839/540/1657 1838/541/1656
f 1798/499/1616 1799/498/1617 1840/539/1658 1839/540/1657
f 1799/498/1617 1800/497/1618 1841/538/1659 1840/539/1658
f 1800/497/1618 1801/496/1619 1842/537/1660 1841/538/1659
f 1801/496/1619 1802/495/1620 1843/536/1661 1842/537/1660
f 1802/495/1620 1803/494/1621 1844/535/1662 1843/536/1661
f 1803/494/1621 1804/493/1622 1845/534/1663 1844/535/1662
f 1806/574/1624 1805/573/1623 1846/614/1664 1847/615/1665
f 1805/573/1623 1807/572/1625 1848/613/1666 1846/614/1664
f 1807/572/1625 1808/571/1626 1849/612/1667 1848/613/1666
f 1808/571/1626 1809/570/1627 1850/611/1668 1849/612/1667
f 1809/570/1627 1810/569/1628 1851/610/1669 1850/611/1668
f 1810/569/1628 1811/568/1629 1852/609/1670 1851/610/1669
f 1811/568/1629 1812/567/1630 1853/608/1671 1852/609/1670
f 1812/567/1630 1813/566/1631 1854/607/1672 1853/608/1671
f 1813/566/1631 1814/565/1632 1855/606/1673 1854/607/1672
f 1814/565/1632 1815/564/1633 1856/605/1674 1855/606/1673
f 1815/564/1633 1816/563/1634 1857/604/1675 1856/605/1674
f 1816/563/1634 1817/562/1635 1858/603/1676 1857/604/1675
f 1817/562/1635 1818/561/1636 1859/602/1677 1858/603/1676
f 1818/561/1636 1819/560/1637 1860/601/1678 1859/602/1677
f 1819/560/1637 1820/559/1638 1861/600/1679 1860/601/1678
f 1820/559/1638 1821/558/1639 1862/599/1680 1861/600/1679
f 1821/558/1639 1822/557/1640 1863/598/1681 1862/599/1680
f 1822/557/1640 1823/556/1641 1864/597/1682 1863/598/1681
f 1823/556/1641 1824/555/1642 1865/596/1683 1864/597/1682
f 1824/555/1642 1825/554/1643 1866/595/1684 1865/596/1683
f 1825/554/1643 1826/553/1644 1867/594/1685 1866/595/1684
f 1826/553/1644 1827/552/1645 1868/593/1686 1867/594/1685
f 1827/552/1645 1828/551/1646 1869/592/1687 1868/593/1686
f 1828/551/1646 1829/550/1647 1870/591/1688 1869/592/1687
f 1829/550/1647 1830/549/1648 1871/590/1689 1870/591/1688
f 1830/549/1648 1831/548/1649 1872/589/1690 1871/590/1689
f 1831/548/1649 1832/547/1650 1873/588/1691 1872/589/1690
f 1832/547/1650 1833/546/1651 1874/587/1692 1873/588/1691
f 1833/546/1651 1834/545/1652 1875/586/1693 1874/587/1692
f 1834/545/1652 1835/544/1653 1876/585/1694 1875/586/1693
f 1835/544/1653 1836/543/1654 1877/584/1695 1876/585/1694
f 1836/543/1654 1837/542/1655 1878/583/1696 1877/584/1695
f 1837/542/1655 1838/541/1656 1879/582/1697 1878/583/1696
f 1838/541/1656 1839/540/1657 1880/581/1698 1879/582/1697
f 1839/540/1657 1840/539/1658 1881/580/1699 1880/581/1698
f 1840/539/1658 1841/538/1659 1882/579/1700 1881/580/1699
f 1841/538/1659 1842/537/1660 1883/578/1701 1882/579/1700
f 1842/537/1660 1843/536/1661 1884/577/1702 1883/578/1701
f 1843/536/1661 1844/535/1662 1885/576/1703 1884/577/1702
f 1844/535/1662 1845/534/1663 1886/575/1704 1885/576/1703
f 1847/615/1665 1846/614/1664 1887/655/1705 1888/656/1706
f 1846/614/1664 1848/613/1666 1889/654/1707 1887/655/1705
f 1848/613/1666 1849/612/1667 1890/653/1708 1889/654/1707
f 1849/612/1667 1850/611/1668 1891/652/1709 1890/653/1708
f 1850/611/1668 1851/610/1669 1892/651/1710 1891/652/1709
f 1851/610/1669 1852/609/1670 1893/650/1711 1892/651/1710
f 1852/609/1670 1853/608/1671 1894/649/1712 1893/650/1711
f 1853/608/1671 1854/607/1672 1895/648/1713 1894/649/1712
f 1854/607/1672 1855/606/1673 1896/647/1714 1895/648/1713
f 1855/606/1673 1856/605/1674 1897/646/1715 1896/647/1714
f 1856/605/1674 1857/604/1675 1898/645/1716 1897/646/1715
f 1857/604/1675 1858/603/1676 1899/644/1717 1898/645/1716
f 1858/603/1676 1859/602/1677 1900/643/1718 1899/644/1717
f 1859/602/1677 1860/601/1678 1901/642/1719 1900/643/1718
f 1860/601/1678 1861/600/1679 1902/641/1720 1901/642/1719
f 1861/600/1679 1862/599/1680 1903/640/1721 1902/641/1720
f 1862/599/1680 1863/598/1681 1904/639/1722 1903/640/1721
f 1863/598/1681 1864/597/1682 1905/638/1723 1904/639/1722
f 1864/597/1682 1865/596/1683 1906/637/1724 1905/638/1723
f 1865/596/1683 1866/595/1684 1907/636/1725 1906/637/1724
f 1866/595/1684 1867/594/1685 1908/635/1726 1907/636/1725
f 1867/594/1685 1868/593/1686 1909/634/1727 1908/635/1726
f 1868/593/1686 1869/592/1687 1910/633/1728 1909/634/1727
f 1869/592/1687 1870/591/1688 1911/632/1729 1910/633/1728
f 1870/591/1688 1871/590/1689 1912/631/1730 1911/632/1729
f 1871/590/1689 1872/589/1690 1913/630/1731 1912/631/1730
f 1872/589/1690 1873/588/1691 1914/629/1732 1913/630/1731
f 1873/588/1691 1874/587/1692 1915/628/1733 1914/629/1732
f 1874/587/1692 1875/586/1693 1916/627/1734 1915/628/1733
f 1875/586/1693 1876/585/1694 1917/626/1735 1916/627/1734
f 1876/585/1694 1877/584/1695 1918/625/1736 1917/626/1735
f 1877/584/1695 1878/583/1696 1919/624/1737 1918/625/1736
f 1878/583/1696 1879/582/1697 1920/623/1738 1919/624/1737
f 1879/582/1697 1880/581/1698 1921/622/1739 1920/623/1738
f 1880/581/1698 1881/580/1699 1922/621/1740 1921/622/1739
f 1881/580/1699 1882/579/1700 1923/620/1741 1922/621/1740
f 1882/579/1700 1883/578/1701 1924/619/1742 1923/620/1741
f 1883/578/1701 1884/577/1702 1925/618/1743 1924/619/1742
f 1884/577/1702 1885/576/1703 1926/617/1744 1925/618/1743
f 1885/576/1703 1886/575/1704 1927/616/1745 1926/617/1744
f 1888/656/1706 1887/655/1705 1928/696/1746 1929/697/1747
f 1887/655/1705 1889/654/1707 1930/695/1748 1928/696/1746
f 1889/654/1707 1890/653/1708 1931/694/1749 1930/695/1748
f 1890/653/1708 1891/652/1709 1932/693/1750 1931/694/1749
f 1891/652/1709 1892/651/1710 1933/692/1751 1932/693/1750
f 1892/651/1710 1893/650/1711 1934/691/1752 1933/692/1751
f 1893/650/1711 1894/649/1712 1935/690/1753 1934/691/1752
f 1894/649/1712 1895/648/1713 1936/689/1754 1935/690/1753
f 1895/648/1713 1896/647/1714 1937/688/1755 1936/689/1754
f 1896/647/1714 1897/646/1715 1938/687/1756 1937/688/1755
f 1897/646/1715 1898/645/1716 1939/686/1757 1938/687/1756
f 1898/645/1716 1899/644/1717 1940/685/1758 1939/686/1757
f 1899/644/1717 1900/643/1718 1941/684/1759 1940/685/1758
f 1900/643/1718 1901/642/1719 1942/683/1760 1941/684/1759
f 1901/642/1719 1902/641/1720 1943/682/1761 1942/683/1760
f 1902/641/1720 1903/640/1721 1944/681/1762 1943/682/1761
f 1903/640/1721 1904/639/1722 1945/680/1763 1944/681/1762
f 1904/639/1722 1905/638/1723 1946/679/1764 1945/680/1763
f 1905/638/1723 1906/637/1724 1947/678/1765 1946/679/1764
f 1906/637/1724 1907/636/1725 1948/677/1766 1947/678/1765
f 1907/636/1725 1908/635/1726 1949/676/1767 1948/677/1766
f 1908/635/1726 1909/634/1727 1950/675/1768 1949/676/1767
f 1909/634/1727 1910/633/1728 1951/674/1769 1950/675/1768
f 1910/633/1728 1911/632/1729 1952/673/1770 1951/674/1769
f 1911/632/1729 1912/631/1730 1953/672/1771 1952/673/1770
f 1912/631/1730 1913/630/1731 1954/671/1772 1953/672/1771
f 1913/630/1731 1914/629/1732 1955/670/1773 1954/671/1772
f 1914/629/1732 1915/628/1733 1956/669/1774 1955/670/1773
f 1915/628/1733 1916/627/1734 1957/668/1775 1956/669/1774
f 1916/627/1734 1917/626/1735 1958/667/1776 1957/668/1775
f 1917/626/1735 1918/625/1736 1959/666/1777 1958/667/1776
f 1918/625/1736 1919/624/1737 1960/665/1778 1959/666/1777
f 1919/624/1737 1920/623/1738 1961/664/1779 1960/665/1778
f 1920/623/1738 1921/622/1739 1962/663/1780 1961/664/1779
f 1921/622/1739 1922/621/1740 1963/662/1781 1962/663/1780
f 1922/621/1740 1923/620/1741 1964/661/1782 1963/662/1781
f 1923/620/1741 1924/619/1742 1965/660/1783 1964/661/1782
f 1924/619/1742 1925/618/1743 1966/659/1784 1965/660/1783
f 1925/618/1743 1926/617/1744 1967/658/1785 1966/659/1784
f 1926/617/1744 1927/616/1745 1968/657/1786 1967/658/1785
f 1929/697/1747 1928/696/1746 1969/737/1787 1970/738/1788
f 1928/696/1746 1930/695/1748 1971/736/1789 1969/737/1787
f 1930/695/1748 1931/694/1749 1972/735/1790 1971/736/1789
f 1931/694/1749 1932/693/1750 1973/734/1791 1972/735/1790
f 1932/693/1750 1933/692/1751 1974/733/1792 1973/734/1791
f 1933/692/1751 1934/691/1752 1975/732/1793 1974/733/1792
f 1934/691/1752 1935/690/1753 1976/731/1794 1975/732/1793
f 1935/690/1753 1936/689/1754 1977/730/1795 1976/731/1794
f 1936/689/1754 1937/688/1755 1978/729/1796 1977/730/1795
f 1937/688/1755 1938/687/1756 1979/728/1797 1978/729/1796
f 1938/687/1756 1939/686/1757 1980/727/1798 1979/728/1797
f 1939/686/1757 1940/685/1758 1981/726/1799 1980/727/1798
f 1940/685/1758 1941/684/1759 1982/725/1800 1981/726/1799
f 1941/684/1759 1942/683/1760 1983/724/1801 1982/725/1800
f 1942/683/1760 1943/682/1761 1984/723/1802 1983/724/1801
f 1943/682/1761 1944/681/1762 1985/722/1803 1984/723/1802
f 1944/681/1762 1945/680/1763 1986/721/1804 1985/722/1803
f 1945/680/1763 1946/679/1764 1987/720/1805 1986/721/1804
f 1946/679/1764 1947/678/1765 1988/719/1806 1987/720/1805
f 1947/678/1765 1948/677/1766 1989/718/1807 1988/719/1806
f 1948/677/1766 1949/676/1767 1990/717/1808 1989/718/1807
f 1949/676/1767 1950/675/1768 1991/716/1809 1990/717/1808
f 1950/675/1768 1951/674/1769 1992/715/1810 1991/716/1809
f 1951/674/1769 1952/673/1770 1993/714/1811 1992/715/1810
f 1952/673/1770 1953/672/1771 1994/713/1812 1993/714/1811
f 1953/672/1771 1954/671/1772 1995/712/1813 1994/713/1812
f 1954/671/1772 1955/670/1773 1996/711/1814 1995/712/1813
f 1955/670/1773 1956/669/1774 1997/710/1815 1996/711/1814
f 1956/669/1774 1957/668/1775 1998/709/1816 1997/710/1815
f 1957/668/1775 1958/667/1776 1999/708/1817 1998/709/1816
f 1958/667/1776 1959/666/1777 2000/707/1818 1999/708/1817
f 1959/666/1777 1960/665/1778 2001/706/1819 2000/707/1818
f 1960/665/1778 1961/664/1779 2002/705/1820 2001/706/1819
f 1961/664/1779 1962/663/1780 2003/704/1821 2002/705/1820
f 1962/663/1780 1963/662/1781 2004/703/1822 2003/704/1821
f 1963/662/1781 1964/661/1782 2005/702/1823 2004/703/1822
f 1964/661/1782 1965/660/1783 2006/701/1824 2005/702/1823
f 1965/660/1783 1966/659/1784 2007/700/1825 2006/701/1824
f 1966/659/1784 1967/658/1785 2008/699/1826 2007/700/1825
f 1967/658/1785 1968/657/1786 2009/698/1827 2008/699/1826
f 1970/738/1788 1969/737/1787 2010/778/1828 2011/779/1829
f 1969/737/1787 1971/736/1789 2012/777/1830 2010/778/1828
f 1971/736/1789 1972/735/1790 2013/776/1831 2012/777/1830
f 1972/735/1790 1973/734/1791 2014/775/1832 2013/776/1831
f 1973/734/1791 1974/733/1792 2015/774/1833 2014/775/1832
f 1974/733/1792 1975/732/1793 2016/773/1834 2015/774/1833
f 1975/732/1793 1976/731/1794 2017/772/1835 2016/773/1834
f 1976/731/1794 1977/730/1795 2018/771/1836 2017/772/1835
f 1977/730/1795 1978/729/1796 2019/770/1837 2018/771/1836
f 1978/729/1796 1979/728/1797 2020/769/1838 2019/770/1837
f 1979/728/1797 1980/727/1798 2021/768/1839 2020/769/1838
f 1980/727/1798 1981/726/1799 2022/767/1840 2021/768/1839
f 1981/726/1799 1982/725/1800 2023/766/1841 2022/767/1840
f 1982/725/1800 1983/724/1801 2024/765/1842 2023/766/1841
f 1983/724/1801 1984/723/1802 2025/764/1843 2024/765/1842
f 1984/723/1802 1985/722/1803 2026/763/1844 2025/764/1843
f 1985/722/1803 1986/721/1804 2027/762/1845 2026/763/1844
f 1986/721/1804 1987/720/1805 2028/761/1846 2027/762/1845
f 1987/720/1805 1988/719/1806 2029/760/1847 2028/761/1846
f 1988/719/1806 1989/718/1807 2030/759/1848 2029/760/1847
f 1989/718/1807 1990/717/1808 2031/758/1849 2030/759/1848
f 1990/717/1808 1991/716/1809 2032/757/1850 2031/758/1849
f 1991/716/1809 1992/715/1810 2033/756/1851 2032/757/1850
f 1992/715/1810 1993/714/1811 2034/755/1852 2033/756/1851
f 1993/714/1811 1994/713/1812 2035/754/1853 2034/755/1852
f 1994/713/1812 1995/712/1813 2036/753/1854 2035/754/1853
f 1995/712/1813 1996/711/1814 2037/752/1855 2036/753/1854
f 1996/711/1814 1997/710/1815 2038/751/1856 2037/752/1855
f 1997/710/1815 1998/709/1816 2039/750/1857 2038/751/1856
f 1998/709/1816 1999/708/1817 2040/749/1858 2039/750/1857
f 1999/708/1817 2000/707/1818 2041/748/1859 2040/749/1858
f 2000/707/1818 2001/706/1819 2042/747/1860 2041/748/1859
f 2001/706/1819 2002/705/1820 2043/746/1861 2042/747/1860
f 2002/705/1820 2003/704/1821 2044/745/1862 2043/746/1861
f 2003/704/1821 2004/703/1822 2045/744/1863 2044/745/1862
f 2004/703/1822 2005/702/1823 2046/743/1864 2045/744/1863
f 2005/702/1823 2006/701/1824 2047/742/1865 2046/743/1864
f 2006/701/1824 2007/700/1825 2048/741/1866 2047/742/1865
f 2007/700/1825 2008/699/1826 2049/740/1867 2048/741/1866
f 2008/699/1826 2009/698/1827 2050/739/1868 2049/740/1867
f 2011/779/1829 2010/778/1828 2051/819/1869 2052/820/1870
f 2010/778/1828 2012/777/1830 2053/818/1871 2051/819/1869
f 2012/777/1830 2013/776/1831 2054/817/1872 2053/818/1871
f 2013/776/1831 2014/775/1832 2055/816/1873 2054/817/1872
f 2014/775/1832 2015/774/1833 2056/815/1874 2055/816/1873
f 2015/774/1833 2016/773/1834 2057/814/1875 2056/815/1874
f 2016/773/1834 2017/772/1835 2058/813/1876 2057/814/1875
f 2017/772/1835 2018/771/1836 2059/812/1877 2058/813/1876
f 2018/771/1836 2019/770/1837 2060/811/1878 2059/812/1877
f 2019/770/1837 2020/769/1838 2061/810/1879 2060/811/1878
f 2020/769/1838 2021/768/1839 2062/809/1880 2061/810/1879
f 2021/768/1839 2022/767/1840 2063/808/1881 2062/809/1880
f 2022/767/1840 2023/766/1841 2064/807/1882 2063/808/1881
f 2023/766/1841 2024/765/1842 2065/806/1883 2064/807/1882
f 2024/765/1842 2025/764/1843 2066/805/1884 2065/806/1883
f 2025/764/1843 2026/763/1844 2067/804/1885 2066/805/1884
f 2026/763/1844 2027/762/1845 2068/803/1886 2067/804/1885
f 2027/762/1845 2028/761/1846 2069/802/1887 2068/803/1886
f 2028/761/1846 2029/760/1847 2070/801/1888 2069/802/1887
f 2029/760/1847 2030/759/1848 2071/800/1889 2070/801/1888
f 2030/759/1848 2031/758/1849 2072/799/1890 2071/800/1889
f 2031/758/1849 2032/757/1850 2073/798/1891 2072/799/1890
f 2032/757/1850 2033/756/1851 2074/797/1892 2073/798/1891
f 2033/756/1851 2034/755/1852 2075/796/1893 2074/797/1892
f 2034/755/1852 2035/754/1853 2076/795/1894 2075/796/1893
f 2035/754/1853 2036/753/1854 2077/794/1895 2076/795/1894
f 2036/753/1854 2037/752/1855 2078/793/1896 2077/794/1895
f 2037/752/1855 2038/751/1856 2079/792/1897 2078/793/1896
f 2038/751/1856 2039/750/1857 2080/791/1898 2079/792/1897
f 2039/750/1857 2040/749/1858 2081/790/1899 2080/791/1898
f 2040/749/1858 2041/748/1859 2082/789/1900 2081/790/1899
f 2041/748/1859 2042/747/1860 2083/788/1901 2082/789/1900
f 2042/747/1860 2043/746/1861 2084/787/1902 2083/788/1901
f 2043/746/1861 2044/745/1862 2085/786/1903 2084/787/1902
f 2044/745/1862 2045/744/1863 2086/785/1904 2085/786/1903
f 2045/744/1863 2046/743/1864 2087/784/1905 2086/785/1904
f 2046/743/1864 2047/742/1865 2088/783/1906 2087/784/1905
f 2047/742/1865 2048/741/1866 2089/782/1907 2088/783/1906
f 2048/741/1866 2049/740/1867 2090/781/1908 2089/782/1907
f 2049/740/1867 2050/739/1868 2091/780/1909 2090/781/1908
f 2052/820/1870 2051/819/1869 2092/860/1910 2093/861/1911
f 2051/819/1869 2053/818/1871 2094/859/1912 2092/860/1910
f 2053/818/1871 2054/817/1872 2095/858/1913 2094/859/1912
f 2054/817/1872 2055/816/1873 2096/857/1914 2095/858/1913
f 2055/816/1873 2056/815/1874 2097/856/1915 2096/857/1914
f 2056/815/1874 2057/814/1875 2098/855/1916 2097/856/1915
f 2057/814/1875 2058/813/1876 2099/854/1917 2098/855/1916
f 2058/813/1876 2059/812/1877 2100/853/1918 2099/854/1917
f 2059/812/1877 2060/811/1878 2101/852/1919 2100/853/1918
f 2060/811/1878 2061/810/1879 2102/851/1920 2101/852/1919
f 2061/810/1879 2062/809/1880 2103/850/1921 2102/851/1920
f 2062/809/1880 2063/808/1881 2104/849/1922 2103/850/1921
f 2063/808/1881 2064/807/1882 2105/848/1923 2104/849/1922
f 2064/807/1882 2065/806/1883 2106/847/1924 2105/848/1923
f 2065/806/1883 2066/805/1884 2107/846/1925 2106/847/1924
f 2066/805/1884 2067/804/1885 2108/845/1926 2107/846/1925
f 2067/804/1885 2068/803/1886 2109/844/1927 2108/845/1926
f 2068/803/1886 2069/802/1887 2110/843/1928 2109/844/1927
f 2069/802/1887 2070/801/1888 2111/842/1929 2110/843/1928
f 2070/801/1888 2071/800/1889 2112/841/1930 2111/842/1929
f 2071/800/1889 2072/799/1890 2113/840/1931 2112/841/1930
f 2072/799/1890 2073/798/1891 2114/839/1932 2113/840/1931
f 2073/798/1891 2074/797/1892 2115/838/1933 2114/839/1932
f 2074/797/1892 2075/796/1893 2116/837/1934 2115/838/1933
f 2075/796/1893 2076/795/1894 2117/836/1935 2116/837/1934
f 2076/795/1894 2077/794/1895 2118/835/1936 2117/836/1935
f 2077/794/1895 2078/793/1896 2119/834/1937 2118/835/1936
f 2078/793/1896 2079/792/1897 2120/833/1938 2119/834/1937
f 2079/792/1897 2080/791/1898 2121/832/1939 2120/833/1938
f 2080/791/1898 2081/790/1899 2122/831/1940 2121/832/1939
f 2081/790/1899 2082/789/1900 2123/830/1941 2122/831/1940
f 2082/789/1900 2083/788/1901 2124/829/1942 2123/830/1941
f 2083/788/1901 2084/787/1902 2125/828/1943 2124/829/1942
f 2084/787/1902 2085/786/1903 2126/827/1944 2125/828/1943
f 2085/786/1903 2086/785/1904 2127/826/1945 2126/827/1944
f 2086/785/1904 2087/784/1905 2128/825/1946 2127/826/1945
f 2087/784/1905 2088/783/1906 2129/824/1947 2128/825/1946
f 2088/783/1906 2089/782/1907 2130/823/1948 2129/824/1947
f 2089/782/1907 2090/781/1908 2131/822/1949 2130/823/1948
f 2090/781/1908 2091/780/1909 2132/821/1950 2131/822/1949
f 2093/861/1911 2092/860/1910 2133/901/1951 2134/902/1952
f 2092/860/1910 2094/859/1912 2135/900/1953 2133/901/1951
f 2094/859/1912 2095/858/1913 2136/899/1954 2135/900/1953
f 2095/858/1913 2096/857/1914 2137/898/1955 2136/899/1954
f 2096/857/1914 2097/856/1915 2138/897/1956 2137/898/1955
f 2097/856/1915 2098/855/1916 2139/896/1957 2138/897/1956
f 2098/855/1916 2099/854/1917 2140/895/1958 2139/896/1957
f 2099/854/1917 2100/853/1918 2141/894/1959 2140/895/1958
f 2100/853/1918 2101/852/1919 2142/893/1960 2141/894/1959
f 2101/852/1919 2102/851/1920 2143/892/1961 2142/893/1960
f 2102/851/1920 2103/850/1921 2144/891/1962 2143/892/1961
f 2103/850/1921 2104/849/1922 2145/890/1963 2144/891/1962
f 2104/849/1922 2105/848/1923 2146/889/1964 2145/890/1963
f 2105/848/1923 2106/847/1924 2147/888/1965 2146/889/1964
f 2106/847/1924 2107/846/1925 2148/887/1966 2147/888/1965
f 2107/846/1925 2108/845/1926 2149/886/1967 2148/887/1966
f 2108/845/1926 2109/844/1927 2150/885/1968 2149/886/1967
f 2109/844/1927 2110/843/1928 2151/884/1969 2150/885/1968
f 2110/843/1928 2111/842/1929 2152/883/1970 2151/884/1969
f 2111/842/1929 2112/841/1930 2153/882/1971 2152/883/1970
f 2112/841/1930 2113/840/1931 2154/881/1972 2153/882/1971
f 2113/840/1931 2114/839/1932 2155/880/1973 2154/881/1972
f 2114/839/1932 2115/838/1933 2156/879/1974 2155/880/1973
f 2115/838/1933 2116/837/1934 2157/878/1975 2156/879/1974
f 2116/837/1934 2117/836/1935 2158/877/1976 2157/878/1975
f 2117/836/1935 2118/835/1936 2159/876/1977 2158/877/1976
f 2118/835/1936 2119/834/1937 2160/875/1978 2159/876/1977
f 2119/834/1937 2120/833/1938 2161/874/1979 2160/875/1978
f 2120/833/1938 2121/832/1939 2162/873/1980 2161/874/1979
f 2121/832/1939 2122/831/1940 2163/872/1981 2162/873/1980
f 2122/831/1940 2123/830/1941 2164/871/1982 2163/872/1981
f 2123/830/1941 2124/829/1942 2165/870/1983 2164/871/1982
f 2124/829/1942 2125/828/1943 2166/869/1984 2165/870/1983
f 2125/828/1943 2126/827/1944 2167/868/1985 2166/869/1984
f 2126/827/1944 2127/826/1945 2168/867/1986 2167/868/1985
f 2127/826/1945 2128/825/1946 2169/866/1987 2168/867/1986
f 2128/825/1946 2129/824/1947 2170/865/1988 2169/866/1987
f 2129/824/1947 2130/823/1948 2171/864/1989 2170/865/1988
f 2130/823/1948 2131/822/1949 2172/863/1990 2171/864/1989
f 2131/822/1949 2132/821/1950 2173/862/1991 2172/863/1990
f 2134/902/1952 2133/901/1951 2174/942/1992 2175/943/1993
f 2133/901/1951 2135/900/1953 2176/941/1994 2174/942/1992
f 2135/900/1953 2136/899/1954 2177/940/1995 2176/941/1994
f 2136/899/1954 2137/898/1955 2178/939/1996 2177/940/1995
f 2137/898/1955 2138/897/1956 2179/938/1997 2178/939/1996
f 2138/897/1956 2139/896/1957 2180/937/1998 2179/938/1997
f 2139/896/1957 2140/895/1958 2181/936/1999 2180/937/1998
f 2140/895/1958 2141/894/1959 2182/935/2000 2181/936/1999
f 2141/894/1959 2142/893/1960 2183/934/2001 2182/935/2000
f 2142/893/1960 2143/892/1961 2184/933/2002 2183/934/2001
f 2143/892/1961 2144/891/1962 2185/932/2003 2184/933/2002
f 2144/891/1962 2145/890/1963 2186/931/2004 2185/932/2003
f 2145/890/1963 2146/889/1964 2187/930/2005 2186/931/2004
f 2146/889/1964 2147/888/1965 2188/929/2006 2187/930/2005
f 2147/888/1965 2148/887/1966 2189/928/2007 2188/929/2006
f 2148/887/1966 2149/886/1967 2190/927/2008 2189/928/2007
f 2149/886/1967 2150/885/1968 2191/926/2009 2190/927/2008
f 2150/885/1968 2151/884/1969 2192/925/2010 2191/926/2009
f 2151/884/1969 2152/883/1970 2193/924/2011 2192/925/2010
f 2152/883/1970 2153/882/1971 2194/923/2012 2193/924/2011
f 2153/882/1971 2154/881/1972 2195/922/2013 2194/923/2012
f 2154/881/1972 2155/880/1973 2196/921/2014 2195/922/2013
f 2155/880/1973 2156/879/1974 2197/920/2015 2196/921/2014
f 2156/879/1974 2157/878/1975 2198/919/2016 2197/920/2015
f 2157/878/1975 2158/877/1976 2199/918/2017 2198/919/2016
f 2158/877/1976 2159/876/1977 2200/917/2018 2199/918/2017
f 2159/876/1977 2160/875/1978 2201/916/2019 2200/917/2018
f 2160/875/1978 2161/874/1979 2202/915/2020 2201/916/2019
f 2161/874/1979 2162/873/1980 2203/914/2021 2202/915/2020
f 2162/873/1980 2163/872/1981 2204/913/2022 2203/914/2021
f 2163/872/1981 2164/871/1982 2205/912/2023 2204/913/2022
f 2164/871/1982 2165/870/1983 2206/911/2024 2205/912/2023
f 2165/870/1983 2166/869/1984 2207/910/2025 2206/911/2024
f 2166/869/1984 2167/868/1985 2208/909/2026 2207/910/2025
f 2167/868/1985 2168/867/1986 2209/908/2027 2208/909/2026
f 2168/867/1986 2169/866/1987 2210/907/2028 2209/908/2027
f 2169/866/1987 2170/865/1988 2211/906/2029 2210/907/2028
f 2170/865/1988 2171/864/1989 2212/905/2030 2211/906/2029
f 2171/864/1989 2172/863/1990 2213/904/2031 2212/905/2030
f 2172/863/1990 2173/862/1991 2214/903/2032 2213/904/2031
f 2175/943/1993 2174/942/1992 2215/983/2033 2216/984/2034
f 2174/942/1992 2176/941/1994 2217/982/2035 2215/983/2033
f 2176/941/1994 2177/940/1995 2218/981/2036 2217/982/2035
f 2177/940/1995 2178/939/1996 2219/980/2037 2218/981/2036
f 2178/939/1996 2179/938/1997 2220/979/2038 2219/980/2037
f 2179/938/1997 2180/937/1998 2221/978/2039 2220/979/2038
f 2180/937/1998 2181/936/1999 2222/977/2040 2221/978/2039
f 2181/936/1999 2182/935/2000 2223/976/2041 2222/977/2040
f 2182/935/2000 2183/934/2001 2224/975/2042 2223/976/2041
f 2183/934/2001 2184/933/2002 2225/974/2043 2224/975/2042
f 2184/933/2002 2185/932/2003 2226/973/2044 2225/974/2043
f 2185/932/2003 2186/931/2004 2227/972/2045 2226/973/2044
f 2186/931/2004 2187/930/2005 2228/971/2046 2227/972/2045
f 2187/930/2005 2188/929/2006 2229/970/2047 2228/971/2046
f 2188/929/2006 2189/928/2007 2230/969/2048 2229/970/2047
f 2189/928/2007 2190/927/2008 2231/968/2049 2230/969/2048
f 2190/927/2008 2191/926/2009 2232/967/2050 2231/968/2049
f 2191/926/2009 2192/925/2010 2233/966/2051 2232/967/2050
f 2192/925/2010 2193/924/2011 2234/965/2052 2233/966/2051
f 2193/924/2011 2194/923/2012 2235/964/2053 2234/965/2052
f 2194/923/2012 2195/922/2013 2236/963/2054 2235/964/2053
f 2195/922/2013 2196/921/2014 2237/962/2055 2236/963/2054
f 2196/921/2014 2197/920/2015 2238/961/2056 2237/962/2055
f 2197/920/2015 2198/919/2016 2239/960/2057 2238/961/2056
f 2198/919/2016 2199/918/2017 2240/959/2058 2239/960/2057
f 2199/918/2017 2200/917/2018 2241/958/2059 2240/959/2058
f 2200/917/2018 2201/916/2019 2242/957/2060 2241/958/2059
f 2201/916/2019 2202/915/2020 2243/956/2061 2242/957/2060
f 2202/915/2020 2203/914/2021 2244/955/2062 2243/956/2061
f 2203/914/2021 2204/913/2022 2245/954/2063 2244/955/2062
f 2204/913/2022 2205/912/2023 2246/953/2064 2245/954/2063
f 2205/912/2023 2206/911/2024 2247/952/2065 2246/953/2064
f 2206/911/2024 2207/910/2025 2248/951/2066 2247/952/2065
f 2207/910/2025 2208/909/2026 2249/950/2067 2248/951/2066
f 2208/909/2026 2209/908/2027 2250/949/2068 2249/950/2067
f 2209/908/2027 2210/907/2028 2251/948/2069 2250/949/2068
f 2210/907/2028 2211/906/2029 2252/947/2070 2251/948/2069
f 2211/906/2029 2212/905/2030 2253/946/2071 2252/947/2070
f 2212/905/2030 2213/904/2031 2254/945/2072 2253/946/2071
f 2213/904/2031 2214/903/2032 2255/944/2073 2254/945/2072
f 2216/984/2034 2215/983/2033 2256/1024/2074 2257/1025/2075
f 2215/983/2033 2217/982/2035 2258/1023/2076 2256/1024/2074
f 2217/982/2035 2218/981/2036 2259/1022/2077 2258/1023/2076
f 2218/981/2036 2219/980/2037 2260/1021/2078 2259/1022/2077
f 2219/980/2037 2220/979/2038 2261/1020/2079 2260/1021/2078
f 2220/979/2038 2221/978/2039 2262/1019/2080 2261/1020/2079
f 2221/978/2039 2222/977/2040 2263/1018/2081 2262/1019/2080
f 2222/977/2040 2223/976/2041 2264/1017/2082 2263/1018/2081
f 2223/976/2041 2224/975/2042 2265/1016/2083 2264/1017/2082
f 2224/975/2042 2225/974/2043 2266/1015/2084 2265/1016/2083
f 2225/974/2043 2226/973/2044 2267/1014/2085 2266/1015/2084
f 2226/973/2044 2227/972/2045 2268/1013/2086 2267/1014/2085
f 2227/972/2045 2228/971/2046 2269/1012/2087 2268/1013/2086
f 2228/971/2046 2229/970/2047 2270/1011/2088 2269/1012/2087
f 2229/970/2047 2230/969/2048 2271/1010/2089 2270/1011/2088
f 2230/969/2048 2231/968/2049 2272/1009/2090 2271/1010/2089
f 2231/968/2049 2232/967/2050 2273/1008/2091 2272/1009/2090
f 2232/967/2050 2233/966/2051 2274/1007/2092 2273/1008/2091
f 2233/966/2051 2234/965/2052 2275/1006/2093 2274/1007/2092
f 2234/965/2052 2235/964/2053 2276/1005/2094 2275/1006/2093
f 2235/964/2053 2236/963/2054 2277/1004/2095 2276/1005/2094
f 2236/963/2054 2237/962/2055 2278/1003/2096 2277/1004/2095
f 2237/962/2055 2238/961/2056 2279/1002/2097 2278/1003/2096
f 2238/961/2056 2239/960/2057 2280/1001/2098 2279/1002/2097
f 2239/960/2057 2240/959/2058 2281/1000/2099 2280/1001/2098
f 2240/959/2058 2241/958/2059 2282/999/2100 2281/1000/2099
f 2241/958/2059 2242/957/2060 2283/998/2101 2282/999/2100
f 2242/957/2060 2243/956/2061 2284/997/2102 2283/998/2101
f 2243/956/2061 2244/955/2062 2285/996/2103 2284/997/2102
f 2244/955/2062 2245/954/2063 2286/995/2104 2285/996/2103
f 2245/954/2063 2246/953/2064 2287/994/2105 2286/995/2104
f 2246/953/2064 2247/952/2065 2288/993/2106 2287/994/2105
f 2247/952/2065 2248/951/2066 2289/992/2107 2288/993/2106
f 2248/951/2066 2249/950/2067 2290/991/2108 2289/992/2107
f 2249/950/2067 2250/949/2068 2291/990/2109 2290/991/2108
f 2250/949/2068 2251/948/2069 2292/989/2110 2291/990/2109
f 2251/948/2069 2252/947/2070 2293/988/2111 2292/989/2110
f 2252/947/2070 2253/946/2071 2294/987/2112 2293/988/2111
f 2253/946/2071 2254/945/2072 2295/986/2113 2294/987/2112
f 2254/945/2072 2255/944/2073 2296/985/2114 2295/986/2113
f 2257/1025/2075 2256/1024/2074 2297/1065/2115 2298/1066/2116
f 2256/1024/2074 2258/1023/2076 2299/1064/2117 2297/1065/2115
f 2258/1023/2076 2259/1022/2077 2300/1063/2118 2299/1064/2117
f 2259/1022/2077 2260/1021/2078 2301/1062/2119 2300/1063/2118
f 2260/1021/2078 2261/1020/2079 2302/1061/2120 2301/1062/2119
f 2261/1020/2079 2262/1019/2080 2303/1060/2121 2302/1061/2120
f 2262/1019/2080 2263/1018/2081 2304/1059/2122 2303/1060/2121
f 2263/1018/2081 2264/1017/2082 2305/1058/2123 2304/1059/2122
f 2264/1017/2082 2265/1016/2083 2306/1057/2124 2305/1058/2123
f 2265/1016/2083 2266/1015/2084 2307/1056/2125 2306/1057/2124
f 2266/1015/2084 2267/1014/2085 2308/1055/2126 2307/1056/2125
f 2267/1014/2085 2268/1013/2086 2309/1054/2127 2308/1055/2126
f 2268/1013/2086 2269/1012/2087 2310/1053/2128 2309/1054/2127
f 2269/1012/2087 2270/1011/2088 2311/1052/2129 2310/1053/2128
f 2270/1011/2088 2271/1010/2089 2312/1051/2130 2311/1052/2129
f 2271/1010/2089 2272/1009/2090 2313/1050/2131 2312/1051/2130
f 2272/1009/2090 2273/1008/2091 2314/1049/2132 2313/1050/2131
f 2273/1008/2091 2274/1007/2092 2315/1048/2133 2314/1049/2132
f 2274/1007/2092 2275/1006/2093 2316/1047/2134 2315/1048/2133
f 2275/1006/2093 2276/1005/2094 2317/1046/2135 2316/1047/2134
f 2276/1005/2094 2277/1004/2095 2318/1045/2136 2317/1046/2135
f 2277/1004/2095 2278/1003/2096 2319/1044/2137 2318/1045/2136
f 2278/1003/2096 2279/1002/2097 2320/1043/2138 2319/1044/2137
f 2279/1002/2097 2280/1001/2098 2321/1042/2139 2320/1043/2138
f 2280/1001/2098 2281/1000/2099 2322/1041/2140 2321/1042/2139
f 2281/1000/2099 2282/999/2100 2323/1040/2141 2322/1041/2140
f 2282/999/2100 2283/998/2101 2324/1039/2142 2323/1040/2141
f 2283/998/2101 2284/997/2102 2325/1038/2143 2324/1039/2142
f 2284/997/2102 2285/996/2103 2326/1037/2144 2325/1038/2143
f 2285/996/2103 2286/995/2104 2327/1036/2145 2326/1037/2144
f 2286/995/2104 2287/994/2105 2328/1035/2146 2327/1036/2145
f 2287/994/2105 2288/993/2106 2329/1034/2147 2328/1035/2146
f 2288/993/2106 2289/992/2107 2330/1033/2148 2329/1034/2147
f 2289/992/2107 2290/991/2108 2331/1032/2149 2330/1033/2148
f 2290/991/2108 2291/990/2109 2332/1031/2150 2331/1032/2149
f 2291/990/2109 2292/989/2110 2333/1030/2151 2332/1031/2150
f 2292/989/2110 2293/988/2111 2334/1029/2152 2333/1030/2151
f 2293/988/2111 2294/987/2112 2335/1028/2153 2334/1029/2152
f 2294/987/2112 2295/986/2113 2336/1027/2154 2335/1028/2153
f 2295/986/2113 2296/985/2114 2337/1026/2155 2336/1027/2154
f 2298/1066/2116 2297/1065/2115 2338/1106/2156 2339/1107/2157
f 2297/1065/2115 2299/1064/2117 2340/1105/2158 2338/1106/2156
f 2299/1064/2117 2300/1063/2118 2341/1104/2159 2340/1105/2158
f 2300/1063/2118 2301/1062/2119 2342/1103/2160 2341/1104/2159
f 2301/1062/2119 2302/1061/2120 2343/1102/2161 2342/1103/2160
f 2302/1061/2120 2303/1060/2121 2344/1101/2162 2343/1102/2161
f 2303/1060/2121 2304/1059/2122 2345/1100/2163 2344/1101/2162
f 2304/1059/2122 2305/1058/2123 2346/1099/2164 2345/1100/2163
f 2305/1058/2123 2306/1057/2124 2347/1098/2165 2346/1099/2164
f 2306/1057/2124 2307/1056/2125 2348/1097/2166 2347/1098/2165
f 2307/1056/2125 2308/1055/2126 2349/1096/2167 2348/1097/2166
f 2308/1055/2126 2309/1054/2127 2350/1095/2168 2349/1096/2167
f 2309/1054/2127 2310/1053/2128 2351/1094/2169 2350/1095/2168
f 2310/1053/2128 2311/1052/2129 2352/1093/2170 2351/1094/2169
f 2311/1052/2129 2312/1051/2130 2353/1092/2171 2352/1093/2170
f 2312/1051/2130 2313/1050/2131 2354/1091/2172 2353/1092/2171
f 2313/1050/2131 2314/1049/2132 2355/1090/2173 2354/1091/2172
f 2314/1049/2132 2315/1048/2133 2356/1089/2174 2355/1090/2173
f 2315/1048/2133 2316/1047/2134 2357/1088/2175 2356/1089/2174
f 2316/1047/2134 2317/1046/2135 2358/1087/2176 2357/1088/2175
f 2317/1046/2135 2318/1045/2136 2359/1086/2177 2358/1087/2176
f 2318/1045/2136 2319/1044/2137 2360/1085/2178 2359/1086/2177
f 2319/1044/2137 2320/1043/2138 2361/1084/2179 2360/1085/2178
f 2320/1043/2138 2321/1042/2139 2362/1083/2180 2361/1084/2179
f 2321/1042/2139 2322/1041/2140 2363/1082/2181 2362/1083/2180
f 2322/1041/2140 2323/1040/2141 2364/1081/2182 2363/1082/2181
f 2323/1040/2141 2324/1039/2142 2365/1080/2183 2364/1081/2182
f 2324/1039/2142 2325/1038/2143 2366/1079/2184 2365/1080/2183
f 2325/1038/2143 2326/1037/2144 2367/1078/2185 2366/1079/2184
f 2326/1037/2144 2327/1036/2145 2368/1077/2186 2367/1078/2185
f 2327/1036/2145 2328/1035/2146 2369/1076/2187 2368/1077/2186
f 2328/1035/2146 2329/1034/2147 2370/1075/2188 2369/1076/2187
f 2329/1034/2147 2330/1033/2148 2371/1074/2189 2370/1075/2188
f 2330/1033/2148 2331/1032/2149 2372/1073/2190 2371/1074/2189
f 2331/1032/2149 2332/1031/2150 2373/1072/2191 2372/1073/2190
f 2332/1031/2150 2333/1030/2151 2374/1071/2192 2373/1072/2191
f 2333/1030/2151 2334/1029/2152 2375/1070/2193 2374/1071/2192
f 2334/1029/2152 2335/1028/2153 2376/1069/2194 2375/1070/2193
f 2335/1028/2153 2336/1027/2154 2377/1068/2195 2376/1069/2194
f 2336/1027/2154 2337/1026/2155 2378/1067/2196 2377/1068/2195
f 2339/1107/2157 2338/1106/2156 2379/1147/2197 2380/1148/2198
f 2338/1106/2156 2340/1105/2158 2381/1146/2199 2379/1147/2197
f 2340/1105/2158 2341/1104/2159 2382/1145/2200 2381/1146/2199
f 2341/1104/2159 2342/1103/2160 2383/1144/2201 2382/1145/2200
f 2342/1103/2160 2343/1102/2161 2384/1143/2202 2383/1144/2201
f 2343/1102/2161 2344/1101/2162 2385/1142/2203 2384/1143/2202
f 2344/1101/2162 2345/1100/2163 2386/1141/2204 2385/1142/2203
f 2345/1100/2163 2346/1099/2164 2387/1140/2205 2386/1141/2204
f 2346/1099/2164 2347/1098/2165 2388/1139/2206 2387/1140/2205
f 2347/1098/2165 2348/1097/2166 2389/1138/2207 2388/1139/2206
f 2348/1097/2166 2349/1096/2167 2390/1137/2208 2389/1138/2207
f 2349/1096/2167 2350/1095/2168 2391/1136/2209 2390/1137/2208
f 2350/1095/2168 2351/1094/2169 2392/1135/2210 2391/1136/2209
f 2351/1094/2169 2352/1093/2170 2393/1134/2211 2392/1135/2210
f 2352/1093/2170 2353/1092/2171 2394/1133/2212 2393/1134/2211
f 2353/1092/2171 2354/1091/2172 2395/1132/2213 2394/1133/2212
f 2354/1091/2172 2355/1090/2173 2396/1131/2214 2395/1132/2213
f 2355/1090/2173 2356/1089/2174 2397/1130/2215 2396/1131/2214
f 2356/1089/2174 2357/1088/2175 2398/1129/2216 2397/1130/2215
f 2357/1088/2175 2358/1087/2176 2399/1128/2217 2398/1129/2216
f 2358/1087/2176 2359/1086/2177 2400/1127/2218 2399/1128/2217
f 2359/1086/2177 2360/1085/2178 2401/1126/2219 2400/1127/2218
f 2360/1085/2178 2361/1084/2179 2402/1125/2220 2401/1126/2219
f 2361/1084/2179 2362/1083/2180 2403/1124/2221 2402/1125/2220
f 2362/1083/2180 2363/1082/2181 2404/1123/2222 2403/1124/2221
f 2363/1082/2181 2364/1081/2182 2405/1122/2223 2404/1123/2222
f 2364/1081/2182 2365/1080/2183 2406/1121/2224 2405/1122/2223
f 2365/1080/2183 2366/1079/2184 2407/1120/2225 2406/1121/2224
f 2366/1079/2184 2367/1078/2185 2408/1119/2226 2407/1120/2225
f 2367/1078/2185 2368/1077/2186 2409/1118/2227 2408/1119/2226
f 2368/1077/2186 2369/1076/2187 2410/1117/2228 2409/1118/2227
f 2369/1076/2187 2370/1075/2188 2411/1116/2229 2410/1117/2228
f 2370/1075/2188 2371/1074/2189 2412/1115/2230 2411/1116/2229
f 2371/1074/2189 2372/1073/2190 2413/1114/2231 2412/1115/2230
f 2372/1073/2190 2373/1072/2191 2414/1113/2232 2413/1114/2231
f 2373/1072/2191 2374/1071/2192 2415/1112/2233 2414/1113/2232
f 2374/1071/2192 2375/1070/2193 2416/1111/2234 2415/1112/2233
f 2375/1070/2193 2376/1069/2194 2417/1110/2235 2416/1111/2234
f 2376/1069/2194 2377/1068/2195 2418/1109/2236 2417/1110/2235
f 2377/1068/2195 2378/1067/2196 2419/1108/2237 2418/1109/2236
f 2380/1148/2198 2379/1147/2197 2420/1188/2238 2421/1189/2239
f 2379/1147/2197 2381/1146/2199 2422/1187/2240 2420/1188/2238
f 2381/1146/2199 2382/1145/2200 2423/1186/2241 2422/1187/2240
f 2382/1145/2200 2383/1144/2201 2424/1185/2242 2423/1186/2241
f 2383/1144/2201 2384/1143/2202 2425/1184/2243 2424/1185/2242
f 2384/1143/2202 2385/1142/2203 2426/1183/2244 2425/1184/2243
f 2385/1142/2203 2386/1141/2204 2427/1182/2245 2426/1183/2244
f 2386/1141/2204 2387/1140/2205 2428/1181/2246 2427/1182/2245
f 2387/1140/2205 2388/1139/2206 2429/1180/2247 2428/1181/2246
f 2388/1139/2206 2389/1138/2207 2430/1179/2248 2429/1180/2247
f 2389/1138/2207 2390/1137/2208 2431/1178/2249 2430/1179/2248
f 2390/1137/2208 2391/1136/2209 2432/1177/2250 2431/1178/2249
f 2391/1136/2209 2392/1135/2210 2433/1176/2251 2432/1177/2250
f 2392/1135/2210 2393/1134/2211 2434/1175/2252 2433/1176/2251
f 2393/1134/2211 2394/1133/2212 2435/1174/2253 2434/1175/2252
f 2394/1133/2212 2395/1132/2213 2436/1173/2254 2435/1174/2253
f 2395/1132/2213 2396/1131/2214 2437/1172/2255 2436/1173/2254
f 2396/1131/2214 2397/1130/2215 2438/1171/2256 2437/1172/2255
f 2397/1130/2215 2398/1129/2216 2439/1170/2257 2438/1171/2256
f 2398/1129/2216 2399/1128/2217 2440/1169/2258 2439/1170/2257
f 2399/1128/2217 2400/1127/2218 2441/1168/2259 2440/1169/2258
f 2400/1127/2218 2401/1126/2219 2442/1167/2260 2441/1168/2259
f 2401/1126/2219 2402/1125/2220 2443/1166/2261 2442/1167/2260
f 2402/1125/2220 2403/1124/2221 2444/1165/2262 2443/1166/2261
f 2403/1124/2221 2404/1123/2222 2445/1164/2263 2444/1165/2262
f 2404/1123/2222 2405/1122/2223 2446/1163/2264 2445/1164/2263
f 2405/1122/2223 2406/1121/2224 2447/1162/2265 2446/1163/2264
f 2406/1121/2224 2407/1120/2225 2448/1161/2266 2447/1162/2265
f 2407/1120/2225 2408/1119/2226 2449/1160/2267 2448/1161/2266
f 2408/1119/2226 2409/1118/2227 2450/1159/2268 2449/1160/2267
f 2409/1118/2227 2410/1117/2228 2451/1158/2269 2450/1159/2268
f 2410/1117/2228 2411/1116/2229 2452/1157/2270 2451/1158/2269
f 2411/1116/2229 2412/1115/2230 2453/1156/2271 2452/1157/2270
f 2412/1115/2230 2413/1114/2231 2454/1155/2272 2453/1156/2271
f 2413/1114/2231 2414/1113/2232 2455/1154/2273 2454/1155/2272
f 2414/1113/2232 2415/1112/2233 2456/1153/2274 2455/1154/2273
f 2415/1112/2233 2416/1111/2234 2457/1152/2275 2456/1153/2274
f 2416/1111/2234 2417/1110/2235 2458/1151/2276 2457/1152/2275
f 2417/1110/2235 2418/1109/2236 2459/1150/2277 2458/1151/2276
f 2418/1109/2236 2419/1108/2237 2460/1149/2278 2459/1150/2277
f 2421/1189/2239 2420/1188/2238 2461/1229/2279 2462/1230/2280
f 2420/1188/2238 2422/1187/2240 2463/1228/2281 2461/1229/2279
f 2422/1187/2240 2423/1186/2241 2464/1227/2282 2463/1228/2281
f 2423/1186/2241 2424/1185/2242 2465/1226/2283 2464/1227/2282
f 2424/1185/2242 2425/1184/2243 2466/1225/2284 2465/1226/2283
f 2425/1184/2243 2426/1183/2244 2467/1224/2285 2466/1225/2284
f 2426/1183/2244 2427/1182/2245 2468/1223/2286 2467/1224/2285
f 2427/1182/2245 2428/1181/2246 2469/1222/2287 2468/1223/2286
f 2428/1181/2246 2429/1180/2247 2470/1221/2288 2469/1222/2287
f 2429/1180/2247 2430/1179/2248 2471/1220/2289 2470/1221/2288
f 2430/1179/2248 2431/1178/2249 2472/1219/2290 2471/1220/2289
f 2431/1178/2249 2432/1177/2250 2473/1218/2291 2472/1219/2290
f 2432/1177/2250 2433/1176/2251 2474/1217/2292 2473/1218/2291
f 2433/1176/2251 2434/1175/2252 2475/1216/2293 2474/1217/2292
f 2434/1175/2252 2435/1174/2253 2476/1215/2294 2475/1216/2293
f 2435/1174/2253 2436/1173/2254 2477/1214/2295 2476/1215/2294
f 2436/1173/2254 2437/1172/2255 2478/1213/2296 2477/1214/2295
f 2437/1172/2255 2438/1171/2256 2479/1212/2297 2478/1213/2296
f 2438/1171/2256 2439/1170/2257 2480/1211/2298 2479/1212/2297
f 2439/1170/2257 2440/1169/2258 2481/1210/2299 2480/1211/2298
f 2440/1169/2258 2441/1168/2259 2482/1209/2300 2481/1210/2299
f 2441/1168/2259 2442/1167/2260 2483/1208/2301 2482/1209/2300
f 2442/1167/2260 2443/1166/2261 2484/1207/2302 2483/1208/2301
f 2443/1166/2261 2444/1165/2262 2485/1206/2303 2484/1207/2302
f 2444/1165/2262 2445/1164/2263 2486/1205/2304 2485/1206/2303
f 2445/1164/2263 2446/1163/2264 2487/1204/2305 2486/1205/2304
f 2446/1163/2264 2447/1162/2265 2488/1203/2306 2487/1204/2305
f 2447/1162/2265 2448/1161/2266 2489/1202/2307 2488/1203/2306
f 2448/1161/2266 2449/1160/2267 2490/1201/2308 2489/1202/2307
f 2449/1160/2267 2450/1159/2268 2491/1200/2309 2490/1201/2308
f 2450/1159/2268 2451/1158/2269 2492/1199/2310 2491/1200/2309
f 2451/1158/2269 2452/1157/2270 2493/1198/2311 2492/1199/2310
f 2452/1157/2270 2453/1156/2271 2494/1197/2312 2493/1198/2311
f 2453/1156/2271 2454/1155/2272 2495/1196/2313 2494/1197/2312
f 2454/1155/2272 2455/1154/2273 2496/1195/2314 2495/1196/2313
f 2455/1154/2273 2456/1153/2274 2497/1194/2315 2496/1195/2314
f 2456/1153/2274 2457/1152/2275 2498/1193/2316 2497/1194/2315
f 2457/1152/2275 2458/1151/2276 2499/1192/2317 2498/1193/2316
f 2458/1151/2276 2459/1150/2277 2500/1191/2318 2499/1192/2317
f 2459/1150/2277 2460/1149/2278 2501/1190/2319 2500/1191/2318
f 2462/1230/2280 2461/1229/2279 2502/1270/2320 2503/1271/2321
f 2461/1229/2279 2463/1228/2281 2504/1269/2322 2502/1270/2320
f 2463/1228/2281 2464/1227/2282 2505/1268/2323 2504/1269/2322
f 2464/1227/2282 2465/1226/2283 2506/1267/2324 2505/1268/2323
f 2465/1226/2283 2466/1225/2284 2507/1266/2325 2506/1267/2324
f 2466/1225/2284 2467/1224/2285 2508/1265/2326 2507/1266/2325
f 2467/1224/2285 2468/1223/2286 2509/1264/2327 2508/1265/2326
f 2468/1223/2286 2469/1222/2287 2510/1263/2328 2509/1264/2327
f 2469/1222/2287 2470/1221/2288 2511/1262/2329 2510/1263/2328
f 2470/1221/2288 2471/1220/2289 2512/1261/2330 2511/1262/2329
f 2471/1220/2289 2472/1219/2290 2513/1260/2331 2512/1261/2330
f 2472/1219/2290 2473/1218/2291 2514/1259/2332 2513/1260/2331
f 2473/1218/2291 2474/1217/2292 2515/1258/2333 2514/1259/2332
f 2474/1217/2292 2475/1216/2293 2516/1257/2334 2515/1258/2333
f 2475/1216/2293 2476/1215/2294 2517/1256/2335 2516/1257/2334
f 2476/1215/2294 2477/1214/2295 2518/1255/2336 2517/1256/2335
f 2477/1214/2295 2478/1213/2296 2519/1254/2337 2518/1255/2336
f 2478/1213/2296 2479/1212/2297 2520/1253/2338 2519/1254/2337
f 2479/1212/2297 2480/1211/2298 2521/1252/2339 2520/1253/2338
f 2480/1211/2298 2481/1210/2299 2522/1251/2340 2521/1252/2339
f 2481/1210/2299 2482/1209/2300 2523/1250/2341 2522/1251/2340
f 2482/1209/2300 2483/1208/2301 2524/1249/2342 2523/1250/2341
f 2483/1208/2301 2484/1207/2302 2525/1248/2343 2524/1249/2342
f 2484/1207/2302 2485/1206/2303 2526/1247/2344 2525/1248/2343
f 2485/1206/2303 2486/1205/2304 2527/1246/2345 2526/1247/2344
f 2486/1205/2304 2487/1204/2305 2528/1245/2346 2527/1246/2345
f 2487/1204/2305 2488/1203/2306 2529/1244/2347 2528/1245/2346
f 2488/1203/2306 2489/1202/2307 2530/1243/2348 2529/1244/2347
f 2489/1202/2307 2490/1201/2308 2531/1242/2349 2530/1243/2348
f 2490/1201/2308 2491/1200/2309 2532/1241/2350 2531/1242/2349
f 2491/1200/2309 2492/1199/2310 2533/1240/2351 2532/1241/2350
f 2492/1199/2310 2493/1198/2311 2534/1239/2352 2533/1240/2351
f 2493/1198/2311 2494/1197/2312 2535/1238/2353 2534/1239/2352
f 2494/1197/2312 2495/1196/2313 2536/1237/2354 2535/1238/2353
f 2495/1196/2313 2496/1195/2314 2537/1236/2355 2536/1237/2354
f 2496/1195/2314 2497/1194/2315 2538/1235/2356 2537/1236/2355
f 2497/1194/2315 2498/1193/2316 2539/1234/2357 2538/1235/2356
f 2498/1193/2316 2499/1192/2317 2540/1233/2358 2539/1234/2357
f 2499/1192/2317 2500/1191/2318 2541/1232/2359 2540/1233/2358
f 2500/1191/2318 2501/1190/2319 2542/1231/2360 2541/1232/2359
f 1/82/2361 4/80/2362 2543/286/2363 2544/287/2364
f 4/80/2362 6/78/2365 2545/285/2366 2543/286/2363
f 6/78/2365 8/76/2367 2546/284/2368 2545/285/2366
f 8/76/2367 10/74/2369 2547/283/2370 2546/284/2368
f 10/74/2369 12/72/2371 2548/282/2372 2547/283/2370
f 12/72/2371 14/70/2373 2549/281/2374 2548/282/2372
f 14/70/2373 16/68/2375 2550/280/2376 2549/281/2374
f 16/68/2375 18/66/2377 2551/279/2378 2550/280/2376
f 18/66/2377 20/64/2379 2552/278/2380 2551/279/2378
f 20/64/2379 22/62/2381 2553/277/2382 2552/278/2380
f 22/62/2381 24/60/2383 2554/276/2384 2553/277/2382
f 24/60/2383 26/58/2385 2555/275/2386 2554/276/2384
f 26/58/2385 28/56/2387 2556/274/2388 2555/275/2386
f 28/56/2387 30/54/2389 2557/273/2390 2556/274/2388
f 30/54/2389 32/52/2391 2558/272/2392 2557/273/2390
f 32/52/2391 34/50/2393 2559/271/2394 2558/272/2392
f 34/50/2393 36/48/2395 2560/270/2396 2559/271/2394
f 36/48/2395 38/46/2397 2561/269/2398 2560/270/2396
f 38/46/2397 40/44/2399 2562/268/2400 2561/269/2398
f 40/44/2399 42/42/2401 2563/267/2402 2562/268/2400
f 42/42/2401 44/40/2403 2564/266/2404 2563/267/2402
f 44/40/2403 46/38/2405 2565/265/2406 2564/266/2404
f 46/38/2405 48/36/2407 2566/264/2408 2565/265/2406
f 48/36/2407 50/34/2409 2567/263/2410 2566/264/2408
f 50/34/2409 52/32/2411 2568/262/2412 2567/263/2410
f 52/32/2411 54/30/2413 2569/261/2414 2568/262/2412
f 54/30/2413 56/28/2415 2570/260/2416 2569/261/2414
f 56/28/2415 58/26/2417 2571/259/2418 2570/260/2416
f 58/26/2417 60/24/2419 2572/258/2420 2571/259/2418
f 60/24/2419 62/22/2421 2573/257/2422 2572/258/2420
f 62/22/2421 64/20/2423 2574/256/2424 2573/257/2422
f 64/20/2423 66/18/2425 2575/255/2426 2574/256/2424
f 66/18/2425 68/16/2427 2576/254/2428 2575/255/2426
f 68/16/2427 70/14/2429 2577/253/2430 2576/254/2428
f 70/14/2429 72/12/2431 2578/252/2432 2577/253/2430
f 72/12/2431 74/10/2433 2579/251/2434 2578/252/2432
f 74/10/2433 76/8/2435 2580/250/2436 2579/251/2434
f 76/8/2435 78/6/2437 2581/249/2438 2580/250/2436
f 78/6/2437 80/4/2439 2582/248/2440 2581/249/2438
f 80/4/2439 82/1/2441 2583/247/2442 2582/248/2440
f 2544/287/2364 2543/286/2363 2584/532/2443 2585/533/2444
f 2543/286/2363 2545/285/2366 2586/531/2445 2584/532/2443
f 2545/285/2366 2546/284/2368 2587/530/2446 2586/531/2445
f 2546/284/2368 2547/283/2370 2588/529/2447 2587/530/2446
f 2547/283/2370 2548/282/2372 2589/528/2448 2588/529/2447
f 2548/282/2372 2549/281/2374 2590/527/2449 2589/528/2448
f 2549/281/2374 2550/280/2376 2591/526/2450 2590/527/2449
f 2550/280/2376 2551/279/2378 2592/525/2451 2591/526/2450
f 2551/279/2378 2552/278/2380 2593/524/2452 2592/525/2451
f 2552/278/2380 2553/277/2382 2594/523/2453 2593/524/2452
f 2553/277/2382 2554/276/2384 2595/522/2454 2594/523/2453
f 2554/276/2384 2555/275/2386 2596/521/2455 2595/522/2454
f 2555/275/2386 2556/274/2388 2597/520/2456 2596/521/2455
f 2556/274/2388 2557/273/2390 2598/519/2457 2597/520/2456
f 2557/273/2390 2558/272/2392 2599/518/2458 2598/519/2457
f 2558/272/2392 2559/271/2394 2600/517/2459 2599/518/2458
f 2559/271/2394 2560/270/2396 2601/516/2460 2600/517/2459
f 2560/270/2396 2561/269/2398 2602/515/2461 2601/516/2460
f 2561/269/2398 2562/268/2400 2603/514/2462 2602/515/2461
f 2562/268/2400 2563/267/2402 2604/513/2463 2603/514/2462
f 2563/267/2402 2564/266/2404 2605/512/2464 2604/513/2463
f 2564/266/2404 2565/265/2406 2606/511/2465 2605/512/2464
f 2565/265/2406 2566/264/2408 2607/510/2466 2606/511/2465
f 2566/264/2408 2567/263/2410 2608/509/2467 2607/510/2466
f 2567/263/2410 2568/262/2412 2609/508/2468 2608/509/2467
f 2568/262/2412 2569/261/2414 2610/507/2469 2609/508/2468
f 2569/261/2414 2570/260/2416 2611/506/2470 2610/507/2469
f 2570/260/2416 2571/259/2418 2612/505/2471 2611/506/2470
f 2571/259/2418 2572/258/2420 2613/504/2472 2612/505/2471
f 2572/258/2420 2573/257/2422 2614/503/2473 2613/504/2472
f 2573/257/2422 2574/256/2424 2615/502/2474 2614/503/2473
f 2574/256/2424 2575/255/2426 2616/501/2475 2615/502/2474
f 2575/255/2426 2576/254/2428 2617/500/2476 2616/501/2475
f 2576/254/2428 2577/253/2430 2618/499/2477 2617/500/2476
f 2577/253/2430 2578/252/2432 2619/498/2478 2618/499/2477
f 2578/252/2432 2579/251/2434 2620/497/2479 2619/498/2478
f 2579/251/2434 2580/250/2436 2621/496/2480 2620/497/2479
f 2580/250/2436 2581/249/2438 2622/495/2481 2621/496/2480
f 2581/249/2438 2582/248/2440 2623/494/2482 2622/495/2481
f 2582/248/2440 2583/247/2442 2624/493/2483 2623/494/2482
f 2585/533/2444 2584/532/2443 2625/778/2484 2626/779/2485
f 2584/532/2443 2586/531/2445 2627/777/2486 2625/778/2484
f 2586/531/2445 2587/530/2446 2628/776/2487 2627/777/2486
f 2587/530/2446 2588/529/2447 2629/775/2488 2628/776/2487
f 2588/529/2447 2589/528/2448 2630/774/2489 2629/775/2488
f 2589/528/2448 2590/527/2449 2631/773/2490 2630/774/2489
f 2590/527/2449 2591/526/2450 2632/772/2491 2631/773/2490
f 2591/526/2450 2592/525/2451 2633/771/2492 2632/772/2491
f 2592/525/2451 2593/524/2452 2634/770/2493 2633/771/2492
f 2593/524/2452 2594/523/2453 2635/769/2494 2634/770/2493
f 2594/523/2453 2595/522/2454 2636/768/2495 2635/769/2494
f 2595/522/2454 2596/521/2455 2637/767/2496 2636/768/2495
f 2596/521/2455 2597/520/2456 2638/766/2497 2637/767/2496
f 2597/520/2456 2598/519/2457 2639/765/2498 2638/766/2497
f 2598/519/2457 2599/518/2458 2640/764/2499 2639/765/2498
f 2599/518/2458 2600/517/2459 2641/763/2500 2640/764/2499
f 2600/517/2459 2601/516/2460 2642/762/2501 2641/763/2500
f 2601/516/2460 2602/515/2461 2643/761/2502 2642/762/2501
f 2602/515/2461 2603/514/2462 2644/760/2503 2643/761/2502
f 2603/514/2462 2604/513/2463 2645/759/2504 2644/760/2503
f 2604/513/2463 2605/512/2464 2646/758/2505 2645/759/2504
f 2605/512/2464 2606/511/2465 2647/757/2506 2646/758/2505
f 2606/511/2465 2607/510/2466 2648/756/2507 2647/757/2506
f 2607/510/2466 2608/509/2467 2649/755/2508 2648/756/2507
f 2608/509/2467 2609/508/2468 2650/754/2509 2649/755/2508
f 2609/508/2468 2610/507/2469 2651/753/2510 2650/754/2509
f 2610/507/2469 2611/506/2470 2652/752/2511 2651/753/2510
f 2611/506/2470 2612/505/2471 2653/751/2512 2652/752/2511
f 2612/505/2471 2613/504/2472 2654/750/2513 2653/751/2512
f 2613/504/2472 2614/503/2473 2655/749/2514 2654/750/2513
f 2614/503/2473 2615/502/2474 2656/748/2515 2655/749/2514
f 2615/502/2474 2616/501/2475 2657/747/2516 2656/748/2515
f 2616/501/2475 2617/500/2476 2658/746/2517 2657/747/2516
f 2617/500/2476 2618/499/2477 2659/745/2518 2658/746/2517
f 2618/499/2477 2619/498/2478 2660/744/2519 2659/745/2518
f 2619/498/2478 2620/497/2479 2661/743/2520 2660/744/2519
f 2620/497/2479 2621/496/2480 2662/742/2521 2661/743/2520
f 2621/496/2480 2622/495/2481 2663/741/2522 2662/742/2521
f 2622/495/2481 2623/494/2482 2664/740/2523 2663/741/2522
f 2623/494/2482 2624/493/2483 2665/739/2524 2664/740/2523
f 2626/779/2485 2625/778/2484 2666/1024/2525 2667/1025/2526
f 2625/778/2484 2627/777/2486 2668/1023/2527 2666/1024/2525
f 2627/777/2486 2628/776/2487 2669/1022/2528 2668/1023/2527
f 2628/776/2487 2629/775/2488 2670/1021/2529 2669/1022/2528
f 2629/775/2488 2630/774/2489 2671/1020/2530 2670/1021/2529
f 2630/774/2489 2631/773/2490 2672/1019/2531 2671/1020/2530
f 2631/773/2490 2632/772/2491 2673/1018/2532 2672/1019/2531
f 2632/772/2491 2633/771/2492 2674/1017/2533 2673/1018/2532
f 2633/771/2492 2634/770/2493 2675/1016/2534 2674/1017/2533
f 2634/770/2493 2635/769/2494 2676/1015/2535 2675/1016/2534
f 2635/769/2494 2636/768/2495 2677/1014/2536 2676/1015/2535
f 2636/768/2495 2637/767/2496 2678/1013/2537 2677/1014/2536
f 2637/767/2496 2638/766/2497 2679/1012/2538 2678/1013/2537
f 2638/766/2497 2639/765/2498 2680/1011/2539 2679/1012/2538
f 2639/765/2498 2640/764/2499 2681/1010/2540 2680/1011/2539
f 2640/764/2499 2641/763/2500 2682/1009/2541 2681/1010/2540
f 2641/763/2500 2642/762/2501 2683/1008/2542 2682/1009/2541
f 2642/762/2501 2643/761/2502 2684/1007/2543 2683/1008/2542
f 2643/761/2502 2644/760/2503 2685/1006/2544 2684/1007/2543
f 2644/760/2503 2645/759/2504 2686/1005/2545 2685/1006/2544
f 2645/759/2504 2646/758/2505 2687/1004/2546 2686/1005/2545
f 2646/758/2505 2647/757/2506 2688/1003/2547 2687/1004/2546
f 2647/757/2506 2648/756/2507 2689/1002/2548 2688/1003/2547
f 2648/756/2507 2649/755/2508 2690/1001/2549 2689/1002/2548
f 2649/755/2508 2650/754/2509 2691/1000/2550 2690/1001/2549
f 2650/754/2509 2651/753/2510 2692/999/2551 2691/1000/2550
f 2651/753/2510 2652/752/2511 2693/998/2552 2692/999/2551
f 2652/752/2511 2653/751/2512 2694/997/2553 2693/998/2552
f 2653/751/2512 2654/750/2513 2695/996/2554 2694/997/2553
f 2654/750/2513 2655/749/2514 2696/995/2555 2695/996/2554
f 2655/749/2514 2656/748/2515 2697/994/2556 2696/995/2555
f 2656/748/2515 2657/747/2516 2698/993/2557 2697/994/2556
f 2657/747/2516 2658/746/2517 2699/992/2558 2698/993/2557
f 2658/746/2517 2659/745/2518 2700/991/2559 2699/992/2558
f 2659/745/2518 2660/744/2519 2701/990/2560 2700/991/2559
f 2660/744/2519 2661/743/2520 2702/989/2561 2701/990/2560
f 2661/743/2520 2662/742/2521 2703/988/2562 2702/989/2561
f 2662/742/2521 2663/741/2522 2704/987/2563 2703/988/2562
f 2663/741/2522 2664/740/2523 2705/986/2564 2704/987/2563
f 2664/740/2523 2665/739/2524 2706/985/2565 2705/986/2564
f 2667/1025/2526 2666/1024/2525 1273/1270/2566 1272/1271/2567
f 2666/1024/2525 2668/1023/2527 1276/1269/2568 1273/1270/2566
f 2668/1023/2527 2669/1022/2528 1278/1268/2569 1276/1269/2568
f 2669/1022/2528 2670/1021/2529 1280/1267/2570 1278/1268/2569
f 2670/1021/2529 2671/1020/2530 1282/1266/2571 1280/1267/2570
f 2671/1020/2530 2672/1019/2531 1284/1265/2572 1282/1266/2571
f 2672/1019/2531 2673/1018/2532 1286/1264/2573 1284/1265/2572
f 2673/1018/2532 2674/1017/2533 1288/1263/2574 1286/1264/2573
f 2674/1017/2533 2675/1016/2534 1290/1262/2575 1288/1263/2574
f 2675/1016/2534 2676/1015/2535 1292/1261/2576 1290/1262/2575
f 2676/1015/2535 2677/1014/2536 1294/1260/2577 1292/1261/2576
f 2677/1014/2536 2678/1013/2537 1296/1259/2578 1294/1260/2577
f 2678/1013/2537 2679/1012/2538 1298/1258/2579 1296/1259/2578
f 2679/1012/2538 2680/1011/2539 1300/1257/2580 1298/1258/2579
f 2680/1011/2539 2681/1010/2540 1302/1256/2581 1300/1257/2580
f 2681/1010/2540 2682/1009/2541 1304/1255/2582 1302/1256/2581
f 2682/1009/2541 2683/1008/2542 1306/1254/2583 1304/1255/2582
f 2683/1008/2542 2684/1007/2543 1308/1253/2584 1306/1254/2583
f 2684/1007/2543 2685/1006/2544 1310/1252/2585 1308/1253/2584
f 2685/1006/2544 2686/1005/2545 1312/1251/2586 1310/1252/2585
f 2686/1005/2545 2687/1004/2546 1314/1250/2587 1312/1251/2586
f 2687/1004/2546 2688/1003/2547 1316/1249/2588 1314/1250/2587
f 2688/1003/2547 2689/1002/2548 1318/1248/2589 1316/1249/2588
f 2689/1002/2548 2690/1001/2549 1320/1247/2590 1318/1248/2589
f 2690/1001/2549 2691/1000/2550 1322/1246/2591 1320/1247/2590
f 2691/1000/2550 2692/999/2551 1324/1245/2592 1322/1246/2591
f 2692/999/2551 2693/998/2552 1326/1244/2593 1324/1245/2592
f 2693/998/2552 2694/997/2553 1328/1243/2594 1326/1244/2593
f 2694/997/2553 2695/996/2554 1330/1242/2595 1328/1243/2594
f 2695/996/2554 2696/995/2555 1332/1241/2596 1330/1242/2595
f 2696/995/2555 2697/994/2556 1334/1240/2597 1332/1241/2596
f 2697/994/2556 2698/993/2557 1336/1239/2598 1334/1240/2597
f 2698/993/2557 2699/992/2558 1338/1238/2599 1336/1239/2598
f 2699/992/2558 2700/991/2559 1340/1237/2600 1338/1238/2599
f 2700/991/2559 2701/990/2560 1342/1236/2601 1340/1237/2600
f 2701/990/2560 2702/989/2561 1344/1235/2602 1342/1236/2601
f 2702/989/2561 2703/988/2562 1346/1234/2603 1344/1235/2602
f 2703/988/2562 2704/987/2563 1348/1233/2604 1346/1234/2603
f 2704/987/2563 2705/986/2564 1350/1232/2605 1348/1233/2604
f 2705/986/2564 2706/985/2565 1352/1231/2606 1350/1232/2605
f 82/82/2607 81/1272/2608 2707/1273/2609 2583/287/2610
f 81/1272/2608 123/1274/2611 2708/1275/2612 2707/1273/2609
f 123/1274/2611 164/74/2613 2709/283/2614 2708/1275/2612
f 164/74/2613 205/1276/2615 2710/1277/2616 2709/283/2614
f 205/1276/2615 246/1278/2617 2711/1279/2618 2710/1277/2616
f 246/1278/2617 287/66/2619 2712/279/2620 2711/1279/2618
f 287/66/2619 328/1280/2621 2713/1281/2622 2712/279/2620
f 328/1280/2621 369/1282/2623 2714/1283/2624 2713/1281/2622
f 369/1282/2623 410/58/2625 2715/275/2626 2714/1283/2624
f 410/58/2625 451/1284/2627 2716/1285/2628 2715/275/2626
f 451/1284/2627 492/1286/2629 2717/1287/2630 2716/1285/2628
f 492/1286/2629 533/50/2631 2718/271/2632 2717/1287/2630
f 533/50/2631 574/1288/2633 2719/1289/2634 2718/271/2632
f 574/1288/2633 615/1290/2635 2720/1291/2636 2719/1289/2634
f 615/1290/2635 656/42/2637 2721/267/2638 2720/1291/2636
f 656/42/2637 697/1292/2639 2722/1293/2640 2721/267/2638
f 697/1292/2639 738/1294/2641 2723/1295/2642 2722/1293/2640
f 738/1294/2641 779/34/2643 2724/263/2644 2723/1295/2642
f 779/34/2643 820/1296/2645 2725/1297/2646 2724/263/2644
f 820/1296/2645 861/1298/2647 2726/1299/2648 2725/1297/2646
f 861/1298/2647 902/26/2649 2727/259/2650 2726/1299/2648
f 902/26/2649 943/1300/2651 2728/1301/2652 2727/259/2650
f 943/1300/2651 984/1302/2653 2729/1303/2654 2728/1301/2652
f 984/1302/2653 1025/18/2655 2730/255/2656 2729/1303/2654
f 1025/18/2655 1066/1304/2657 2731/1305/2658 2730/255/2656
f 1066/1304/2657 1107/1306/2659 2732/1307/2660 2731/1305/2658
f 1107/1306/2659 1148/10/2661 2733/251/2662 2732/1307/2660
f 1148/10/2661 1189/1308/2663 2734/1309/2664 2733/251/2662
f 1189/1308/2663 1230/1310/2665 2735/1311/2666 2734/1309/2664
f 1230/1310/2665 1271/1/2667 2736/247/2668 2735/1311/2666
f 2583/287/2610 2707/1273/2609 2737/1312/2669 2624/533/2670
f 2707/1273/2609 2708/1275/2612 2738/1313/2671 2737/1312/2669
f 2708/1275/2612 2709/283/2614 2739/529/2672 2738/1313/2671
f 2709/283/2614 2710/1277/2616 2740/1314/2673 2739/529/2672
f 2710/1277/2616 2711/1279/2618 2741/1315/2674 2740/1314/2673
f 2711/1279/2618 2712/279/2620 2742/525/2675 2741/1315/2674
f 2712/279/2620 2713/1281/2622 2743/1316/2676 2742/525/2675
f 2713/1281/2622 2714/1283/2624 2744/1317/2677 2743/1316/2676
f 2714/1283/2624 2715/275/2626 2745/521/2678 2744/1317/2677
f 2715/275/2626 2716/1285/2628 2746/1318/2679 2745/521/2678
f 2716/1285/2628 2717/1287/2630 2747/1319/2680 2746/1318/2679
f 2717/1287/2630 2718/271/2632 2748/517/2681 2747/1319/2680
f 2718/271/2632 2719/1289/2634 2749/1320/2682 2748/517/2681
f 2719/1289/2634 2720/1291/2636 2750/1321/2683 2749/1320/2682
f 2720/1291/2636 2721/267/2638 2751/513/2684 2750/1321/2683
f 2721/267/2638 2722/1293/2640 2752/1322/2685 2751/513/2684
f 2722/1293/2640 2723/1295/2642 2753/1323/2686 2752/1322/2685
f 2723/1295/2642 2724/263/2644 2754/509/2687 2753/1323/2686
f 2724/263/2644 2725/1297/2646 2755/1324/2688 2754/509/2687
f 2725/1297/2646 2726/1299/2648 2756/1325/2689 2755/1324/2688
f 2726/1299/2648 2727/259/2650 2757/505/2690 2756/1325/2689
f 2727/259/2650 2728/1301/2652 2758/1326/2691 2757/505/2690
f 2728/1301/2652 2729/1303/2654 2759/1327/2692 2758/1326/2691
f 2729/1303/2654 2730/255/2656 2760/501/2693 2759/1327/2692
f 2730/255/2656 2731/1305/2658 2761/1328/2694 2760/501/2693
f 2731/1305/2658 2732/1307/2660 2762/1329/2695 2761/1328/2694
f 2732/1307/2660 2733/251/2662 2763/497/2696 2762/1329/2695
f 2733/251/2662 2734/1309/2664 2764/1330/2697 2763/497/2696
f 2734/1309/2664 2735/1311/2666 2765/1331/2698 2764/1330/2697
f 2735/1311/2666 2736/247/2668 2766/493/2699 2765/1331/2698
f 2624/533/2670 2737/1312/2669 2767/1332/2700 2665/779/2701
f 2737/1312/2669 2738/1313/2671 2768/1333/2702 2767/1332/2700
f 2738/1313/2671 2739/529/2672 2769/775/2703 2768/1333/2702
f 2739/529/2672 2740/1314/2673 2770/1334/2704 2769/775/2703
f 2740/1314/2673 2741/1315/2674 2771/1335/2705 2770/1334/2704
f 2741/1315/2674 2742/525/2675 2772/771/2706 2771/1335/2705
f 2742/525/2675 2743/1316/2676 2773/1336/2707 2772/771/2706
f 2743/1316/2676 2744/1317/2677 2774/1337/2708 2773/1336/2707
f 2744/1317/2677 2745/521/2678 2775/767/2709 2774/1337/2708
f 2745/521/2678 2746/1318/2679 2776/1338/2710 2775/767/2709
f 2746/1318/2679 2747/1319/2680 2777/1339/2711 2776/1338/2710
f 2747/1319/2680 2748/517/2681 2778/763/2712 2777/1339/2711
f 2748/517/2681 2749/1320/2682 2779/1340/2713 2778/763/2712
f 2749/1320/2682 2750/1321/2683 2780/1341/2714 2779/1340/2713
f 2750/1321/2683 2751/513/2684 2781/759/2715 2780/1341/2714
f 2751/513/2684 2752/1322/2685 2782/1342/2716 2781/759/2715
f 2752/1322/2685 2753/1323/2686 2783/1343/2717 2782/1342/2716
f 2753/1323/2686 2754/509/2687 2784/755/2718 2783/1343/2717
f 2754/509/2687 2755/1324/2688 2785/1344/2719 2784/755/2718
f 2755/1324/2688 2756/1325/2689 2786/1345/2720 2785/1344/2719
f 2756/1325/2689 2757/505/2690 2787/751/2721 2786/1345/2720
f 2757/505/2690 2758/1326/2691 2788/1346/2722 2787/751/2721
f 2758/1326/2691 2759/1327/2692 2789/1347/2723 2788/1346/2722
f 2759/1327/2692 2760/501/2693 2790/747/2724 2789/1347/2723
f 2760/501/2693 2761/1328/2694 2791/1348/2725 2790/747/2724
f 2761/1328/2694 2762/1329/2695 2792/1349/2726 2791/1348/2725
f 2762/1329/2695 2763/497/2696 2793/743/2727 2792/1349/2726
f 2763/497/2696 2764/1330/2697 2794/1350/2728 2793/743/2727
f 2764/1330/2697 2765/1331/2698 2795/1351/2729 2794/1350/2728
f 2765/1331/2698 2766/493/2699 2796/739/2730 2795/1351/2729
f 2665/779/2701 2767/1332/2700 2797/1352/2731 2706/1025/2732
f 2767/1332/2700 2768/1333/2702 2798/1353/2733 2797/1352/2731
f 2768/1333/2702 2769/775/2703 2799/1021/2734 2798/1353/2733
f 2769/775/2703 2770/1334/2704 2800/1354/2735 2799/1021/2734
f 2770/1334/2704 2771/1335/2705 2801/1355/2736 2800/1354/2735
f 2771/1335/2705 2772/771/2706 2802/1017/2737 2801/1355/2736
f 2772/771/2706 2773/1336/2707 2803/1356/2738 2802/1017/2737
f 2773/1336/2707 2774/1337/2708 2804/1357/2739 2803/1356/2738
f 2774/1337/2708 2775/767/2709 2805/1013/2740 2804/1357/2739
f 2775/767/2709 2776/1338/2710 2806/1358/2741 2805/1013/2740
f 2776/1338/2710 2777/1339/2711 2807/1359/2742 2806/1358/2741
f 2777/1339/2711 2778/763/2712 2808/1009/2743 2807/1359/2742
f 2778/763/2712 2779/1340/2713 2809/1360/2744 2808/1009/2743
f 2779/1340/2713 2780/1341/2714 2810/1361/2745 2809/1360/2744
f 2780/1341/2714 2781/759/2715 2811/1005/2746 2810/1361/2745
f 2781/759/2715 2782/1342/2716 2812/1362/2747 2811/1005/2746
f 2782/1342/2716 2783/1343/2717 2813/1363/2748 2812/1362/2747
f 2783/1343/2717 2784/755/2718 2814/1001/2749 2813/1363/2748
f 2784/755/2718 2785/1344/2719 2815/1364/2750 2814/1001/2749
f 2785/1344/2719 2786/1345/2720 2816/1365/2751 2815/1364/2750
f 2786/1345/2720 2787/751/2721 2817/997/2752 2816/1365/2751
f 2787/751/2721 2788/1346/2722 2818/1366/2753 2817/997/2752
f 2788/1346/2722 2789/1347/2723 2819/1367/2754 2818/1366/2753
f 2789/1347/2723 2790/747/2724 2820/993/2755 2819/1367/2754
f 2790/747/2724 2791/1348/2725 2821/1368/2756 2820/993/2755
f 2791/1348/2725 2792/1349/2726 2822/1369/2757 2821/1368/2756
f 2792/1349/2726 2793/743/2727 2823/989/2758 2822/1369/2757
f 2793/743/2727 2794/1350/2728 2824/1370/2759 2823/989/2758
f 2794/1350/2728 2795/1351/2729 2825/1371/2760 2824/1370/2759
f 2795/1351/2729 2796/739/2730 2826/985/2761 2825/1371/2760
f 2706/1025/2732 2797/1352/2731 1353/1372/2762 1352/1271/2763
f 2797/1352/2731 2798/1353/2733 1394/1373/2764 1353/1372/2762
f 2798/1353/2733 2799/1021/2734 1435/1267/2765 1394/1373/2764
f 2799/1021/2734 2800/1354/2735 1476/1374/2766 1435/1267/2765
f 2800/1354/2735 2801/1355/2736 1517/1375/2767 1476/1374/2766
f 2801/1355/2736 2802/1017/2737 1558/1263/2768 1517/1375/2767
f 2802/1017/2737 2803/1356/2738 1599/1376/2769 1558/1263/2768
f 2803/1356/2738 2804/1357/2739 1640/1377/2770 1599/1376/2769
f 2804/1357/2739 2805/1013/2740 1681/1259/2771 1640/1377/2770
f 2805/1013/2740 2806/1358/2741 1722/1378/2772 1681/1259/2771
f 2806/1358/2741 2807/1359/2742 1763/1379/2773 1722/1378/2772
f 2807/1359/2742 2808/1009/2743 1804/1255/2774 1763/1379/2773
f 2808/1009/2743 2809/1360/2744 1845/1380/2775 1804/1255/2774
f 2809/1360/2744 2810/1361/2745 1886/1381/2776 1845/1380/2775
f 2810/1361/2745 2811/1005/2746 1927/1251/2777 1886/1381/2776
f 2811/1005/2746 2812/1362/2747 1968/1382/2778 1927/1251/2777
f 2812/1362/2747 2813/1363/2748 2009/1383/2779 1968/1382/2778
f 2813/1363/2748 2814/1001/2749 2050/1247/2780 2009/1383/2779
f 2814/1001/2749 2815/1364/2750 2091/1384/2781 2050/1247/2780
f 2815/1364/2750 2816/1365/2751 2132/1385/2782 2091/1384/2781
f 2816/1365/2751 2817/997/2752 2173/1243/2783 2132/1385/2782
f 2817/997/2752 2818/1366/2753 2214/1386/2784 2173/1243/2783
f 2818/1366/2753 2819/1367/2754 2255/1387/2785 2214/1386/2784
f 2819/1367/2754 2820/993/2755 2296/1239/2786 2255/1387/2785
f 2820/993/2755 2821/1368/2756 2337/1388/2787 2296/1239/2786
f 2821/1368/2756 2822/1369/2757 2378/1389/2788 2337/1388/2787
f 2822/1369/2757 2823/989/2758 2419/1235/2789 2378/1389/2788
f 2823/989/2758 2824/1370/2759 2460/1390/2790 2419/1235/2789
f 2824/1370/2759 2825/1371/2760 2501/1391/2791 2460/1390/2790
f 2825/1371/2760 2826/985/2761 2542/1231/2792 2501/1391/2791
f 1271/82/2793 1270/80/2794 2827/286/2795 2736/287/2796
f 1270/80/2794 1269/78/2797 2828/285/2798 2827/286/2795
f 1269/78/2797 1268/76/2799 2829/284/2800 2828/285/2798
f 1268/76/2799 1267/74/2801 2830/283/2802 2829/284/2800
f 1267/74/2801 1266/72/2803 2831/282/2804 2830/283/2802
f 1266/72/2803 1265/70/2805 2832/281/2806 2831/282/2804
f 1265/70/2805 1264/68/2807 2833/280/2808 2832/281/2806
f 1264/68/2807 1263/66/2809 2834/279/2810 2833/280/2808
f 1263/66/2809 1262/64/2811 2835/278/2812 2834/279/2810
f 1262/64/2811 1261/62/2813 2836/277/2814 2835/278/2812
f 1261/62/2813 1260/60/2815 2837/276/2816 2836/277/2814
f 1260/60/2815 1259/58/2817 2838/275/2818 2837/276/2816
f 1259/58/2817 1258/56/2819 2839/274/2820 2838/275/2818
f 1258/56/2819 1257/54/2821 2840/273/2822 2839/274/2820
f 1257/54/2821 1256/52/2823 2841/272/2824 2840/273/2822
f 1256/52/2823 1255/50/2825 2842/271/2826 2841/272/2824
f 1255/50/2825 1254/48/2827 2843/270/2828 2842/271/2826
f 1254/48/2827 1253/46/2829 2844/269/2830 2843/270/2828
f 1253/46/2829 1252/44/2831 2845/268/2832 2844/269/2830
f 1252/44/2831 1251/42/2833 2846/267/2834 2845/268/2832
f 1251/42/2833 1250/40/2835 2847/266/2836 2846/267/2834
f 1250/40/2835 1249/38/2837 2848/265/2838 2847/266/2836
f 1249/38/2837 1248/36/2839 2849/264/2840 2848/265/2838
f 1248/36/2839 1247/34/2841 2850/263/2842 2849/264/2840
f 1247/34/2841 1246/32/2843 2851/262/2844 2850/263/2842
f 1246/32/2843 1245/30/2845 2852/261/2846 2851/262/2844
f 1245/30/2845 1244/28/2847 2853/260/2848 2852/261/2846
f 1244/28/2847 1243/26/2849 2854/259/2850 2853/260/2848
f 1243/26/2849 1242/24/2851 2855/258/2852 2854/259/2850
f 1242/24/2851 1241/22/2853 2856/257/2854 2855/258/2852
f 1241/22/2853 1240/20/2855 2857/256/2856 2856/257/2854
f 1240/20/2855 1239/18/2857 2858/255/2858 2857/256/2856
f 1239/18/2857 1238/16/2859 2859/254/2860 2858/255/2858
f 1238/16/2859 1237/14/2861 2860/253/2862 2859/254/2860
f 1237/14/2861 1236/12/2863 2861/252/2864 2860/253/2862
f 1236/12/2863 1235/10/2865 2862/251/2866 2861/252/2864
f 1235/10/2865 1234/8/2867 2863/250/2868 2862/251/2866
f 1234/8/2867 1233/6/2869 2864/249/2870 2863/250/2868
f 1233/6/2869 1232/4/2871 2865/248/2872 2864/249/2870
f 1232/4/2871 1231/1/2873 2866/247/2874 2865/248/2872
f 2736/287/2796 2827/286/2795 2867/532/2875 2766/533/2876
f 2827/286/2795 2828/285/2798 2868/531/2877 2867/532/2875
f 2828/285/2798 2829/284/2800 2869/530/2878 2868/531/2877
f 2829/284/2800 2830/283/2802 2870/529/2879 2869/530/2878
f 2830/283/2802 2831/282/2804 2871/528/2880 2870/529/2879
f 2831/282/2804 2832/281/2806 2872/527/2881 2871/528/2880
f 2832/281/2806 2833/280/2808 2873/526/2882 2872/527/2881
f 2833/280/2808 2834/279/2810 2874/525/2883 2873/526/2882
f 2834/279/2810 2835/278/2812 2875/524/2884 2874/525/2883
f 2835/278/2812 2836/277/2814 2876/523/2885 2875/524/2884
f 2836/277/2814 2837/276/2816 2877/522/2886 2876/523/2885
f 2837/276/2816 2838/275/2818 2878/521/2887 2877/522/2886
f 2838/275/2818 2839/274/2820 2879/520/2888 2878/521/2887
f 2839/274/2820 2840/273/2822 2880/519/2889 2879/520/2888
f 2840/273/2822 2841/272/2824 2881/518/2890 2880/519/2889
f 2841/272/2824 2842/271/2826 2882/517/2891 2881/518/2890
f 2842/271/2826 2843/270/2828 2883/516/2892 2882/517/2891
f 2843/270/2828 2844/269/2830 2884/515/2893 2883/516/2892
f 2844/269/2830 2845/268/2832 2885/514/2894 2884/515/2893
f 2845/268/2832 2846/267/2834 2886/513/2895 2885/514/2894
f 2846/267/2834 2847/266/2836 2887/512/2896 2886/513/2895
f 2847/266/2836 2848/265/2838 2888/511/2897 2887/512/2896
f 2848/265/2838 2849/264/2840 2889/510/2898 2888/511/2897
f 2849/264/2840 2850/263/2842 2890/509/2899 2889/510/2898
f 2850/263/2842 2851/262/2844 2891/508/2900 2890/509/2899
f 2851/262/2844 2852/261/2846 2892/507/2901 2891/508/2900
f 2852/261/2846 2853/260/2848 2893/506/2902 2892/507/2901
f 2853/260/2848 2854/259/2850 2894/505/2903 2893/506/2902
f 2854/259/2850 2855/258/2852 2895/504/2904 2894/505/2903
f 2855/258/2852 2856/257/2854 2896/503/2905 2895/504/2904
f 2856/257/2854 2857/256/2856 2897/502/2906 2896/503/2905
f 2857/256/2856 2858/255/2858 2898/501/2907 2897/502/2906
f 2858/255/2858 2859/254/2860 2899/500/2908 2898/501/2907
f 2859/254/2860 2860/253/2862 2900/499/2909 2899/500/2908
f 2860/253/2862 2861/252/2864 2901/498/2910 2900/499/2909
f 2861/252/2864 2862/251/2866 2902/497/2911 2901/498/2910
f 2862/251/2866 2863/250/2868 2903/496/2912 2902/497/2911
f 2863/250/2868 2864/249/2870 2904/495/2913 2903/496/2912
f 2864/249/2870 2865/248/2872 2905/494/2914 2904/495/2913
f 2865/248/2872 2866/247/2874 2906/493/2915 2905/494/2914
f 2766/533/2876 2867/532/2875 2907/778/2916 2796/779/2917
f 2867/532/2875 2868/531/2877 2908/777/2918 2907/778/2916
f 2868/531/2877 2869/530/2878 2909/776/2919 2908/777/2918
f 2869/530/2878 2870/529/2879 2910/775/2920 2909/776/2919
f 2870/529/2879 2871/528/2880 2911/774/2921 2910/775/2920
f 2871/528/2880 2872/527/2881 2912/773/2922 2911/774/2921
f 2872/527/2881 2873/526/2882 2913/772/2923 2912/773/2922
f 2873/526/2882 2874/525/2883 2914/771/2924 2913/772/2923
f 2874/525/2883 2875/524/2884 2915/770/2925 2914/771/2924
f 2875/524/2884 2876/523/2885 2916/769/2926 2915/770/2925
f 2876/523/2885 2877/522/2886 2917/768/2927 2916/769/2926
f 2877/522/2886 2878/521/2887 2918/767/2928 2917/768/2927
f 2878/521/2887 2879/520/2888 2919/766/2929 2918/767/2928
f 2879/520/2888 2880/519/2889 2920/765/2930 2919/766/2929
f 2880/519/2889 2881/518/2890 2921/764/2931 2920/765/2930
f 2881/518/2890 2882/517/2891 2922/763/2932 2921/764/2931
f 2882/517/2891 2883/516/2892 2923/762/2933 2922/763/2932
f 2883/516/2892 2884/515/2893 2924/761/2934 2923/762/2933
f 2884/515/2893 2885/514/2894 2925/760/2935 2924/761/2934
f 2885/514/2894 2886/513/2895 2926/759/2936 2925/760/2935
f 2886/513/2895 2887/512/2896 2927/758/2937 2926/759/2936
f 2887/512/2896 2888/511/2897 2928/757/2938 2927/758/2937
f 2888/511/2897 2889/510/2898 2929/756/2939 2928/757/2938
f 2889/510/2898 2890/509/2899 2930/755/2940 2929/756/2939
f 2890/509/2899 2891/508/2900 2931/754/2941 2930/755/2940
f 2891/508/2900 2892/507/2901 2932/753/2942 2931/754/2941
f 2892/507/2901 2893/506/2902 2933/752/2943 2932/753/2942
f 2893/506/2902 2894/505/2903 2934/751/2944 2933/752/2943
f 2894/505/2903 2895/504/2904 2935/750/2945 2934/751/2944
f 2895/504/2904 2896/503/2905 2936/749/2946 2935/750/2945
f 2896/503/2905 2897/502/2906 2937/748/2947 2936/749/2946
f 2897/502/2906 2898/501/2907 2938/747/2948 2937/748/2947
f 2898/501/2907 2899/500/2908 2939/746/2949 2938/747/2948
f 2899/500/2908 2900/499/2909 2940/745/2950 2939/746/2949
f 2900/499/2909 2901/498/2910 2941/744/2951 2940/745/2950
f 2901/498/2910 2902/497/2911 2942/743/2952 2941/744/2951
f 2902/497/2911 2903/496/2912 2943/742/2953 2942/743/2952
f 2903/496/2912 2904/495/2913 2944/741/2954 2943/742/2953
f 2904/495/2913 2905/494/2914 2945/740/2955 2944/741/2954
f 2905/494/2914 2906/493/2915 2946/739/2956 2945/740/2955
f 2796/779/2917 2907/778/2916 2947/1024/2957 2826/1025/2958
f 2907/778/2916 2908/777/2918 2948/1023/2959 2947/1024/2957
f 2908/777/2918 2909/776/2919 2949/1022/2960 2948/1023/2959
f 2909/776/2919 2910/775/2920 2950/1021/2961 2949/1022/2960
f 2910/775/2920 2911/774/2921 2951/1020/2962 2950/1021/2961
f 2911/774/2921 2912/773/2922 2952/1019/2963 2951/1020/2962
f 2912/773/2922 2913/772/2923 2953/1018/2964 2952/1019/2963
f 2913/772/2923 2914/771/2924 2954/1017/2965 2953/1018/2964
f 2914/771/2924 2915/770/2925 2955/1016/2966 2954/1017/2965
f 2915/770/2925 2916/769/2926 2956/1015/2967 2955/1016/2966
f 2916/769/2926 2917/768/2927 2957/1014/2968 2956/1015/2967
f 2917/768/2927 2918/767/2928 2958/1013/2969 2957/1014/2968
f 2918/767/2928 2919/766/2929 2959/1012/2970 2958/1013/2969
f 2919/766/2929 2920/765/2930 2960/1011/2971 2959/1012/2970
f 2920/765/2930 2921/764/2931 2961/1010/2972 2960/1011/2971
f 2921/764/2931 2922/763/2932 2962/1009/2973 2961/1010/2972
f 2922/763/2932 2923/762/2933 2963/1008/2974 2962/1009/2973
f 2923/762/2933 2924/761/2934 2964/1007/2975 2963/1008/2974
f 2924/761/2934 2925/760/2935 2965/1006/2976 2964/1007/2975
f 2925/760/2935 2926/759/2936 2966/1005/2977 2965/1006/2976
f 2926/759/2936 2927/758/2937 2967/1004/2978 2966/1005/2977
f 2927/758/2937 2928/757/2938 2968/1003/2979 2967/1004/2978
f 2928/757/2938 2929/756/2939 2969/1002/2980 2968/1003/2979
f 2929/756/2939 2930/755/2940 2970/1001/2981 2969/1002/2980
f 2930/755/2940 2931/754/2941 2971/1000/2982 2970/1001/2981
f 2931/754/2941 2932/753/2942 2972/999/2983 2971/1000/2982
f 2932/753/2942 2933/752/2943 2973/998/2984 2972/999/2983
f 2933/752/2943 2934/751/2944 2974/997/2985 2973/998/2984
f 2934/751/2944 2935/750/2945 2975/996/2986 2974/997/2985
f 2935/750/2945 2936/749/2946 2976/995/2987 2975/996/2986
f 2936/749/2946 2937/748/2947 2977/994/2988 2976/995/2987
f 2937/748/2947 2938/747/2948 2978/993/2989 2977/994/2988
f 2938/747/2948 2939/746/2949 2979/992/2990 2978/993/2989
f 2939/746/2949 2940/745/2950 2980/991/2991 2979/992/2990
f 2940/745/2950 2941/744/2951 2981/990/2992 2980/991/2991
f 2941/744/2951 2942/743/2952 2982/989/2993 2981/990/2992
f 2942/743/2952 2943/742/2953 2983/988/2994 2982/989/2993
f 2943/742/2953 2944/741/2954 2984/987/2995 2983/988/2994
f 2944/741/2954 2945/740/2955 2985/986/2996 2984/987/2995
f 2945/740/2955 2946/739/2956 2986/985/2997 2985/986/2996
f 2826/1025/2958 2947/1024/2957 2541/1270/2998 2542/1271/2999
f 2947/1024/2957 2948/1023/2959 2540/1269/3000 2541/1270/2998
f 2948/1023/2959 2949/1022/2960 2539/1268/3001 2540/1269/3000
f 2949/1022/2960 2950/1021/2961 2538/1267/3002 2539/1268/3001
f 2950/1021/2961 2951/1020/2962 2537/1266/3003 2538/1267/3002
f 2951/1020/2962 2952/1019/2963 2536/1265/3004 2537/1266/3003
f 2952/1019/2963 2953/1018/2964 2535/1264/3005 2536/1265/3004
f 2953/1018/2964 2954/1017/2965 2534/1263/3006 2535/1264/3005
f 2954/1017/2965 2955/1016/2966 2533/1262/3007 2534/1263/3006
f 2955/1016/2966 2956/1015/2967 2532/1261/3008 2533/1262/3007
f 2956/1015/2967 2957/1014/2968 2531/1260/3009 2532/1261/3008
f 2957/1014/2968 2958/1013/2969 2530/1259/3010 2531/1260/3009
f 2958/1013/2969 2959/1012/2970 2529/1258/3011 2530/1259/3010
f 2959/1012/2970 2960/1011/2971 2528/1257/3012 2529/1258/3011
f 2960/1011/2971 2961/1010/2972 2527/1256/3013 2528/1257/3012
f 2961/1010/2972 2962/1009/2973 2526/1255/3014 2527/1256/3013
f 2962/1009/2973 2963/1008/2974 2525/1254/3015 2526/1255/3014
f 2963/1008/2974 2964/1007/2975 2524/1253/3016 2525/1254/3015
f 2964/1007/2975 2965/1006/2976 2523/1252/3017 2524/1253/3016
f 2965/1006/2976 2966/1005/2977 2522/1251/3018 2523/1252/3017
f 2966/1005/2977 2967/1004/2978 2521/1250/3019 2522/1251/3018
f 2967/1004/2978 2968/1003/2979 2520/1249/3020 2521/1250/3019
f 2968/1003/2979 2969/1002/2980 2519/1248/3021 2520/1249/3020
f 2969/1002/2980 2970/1001/2981 2518/1247/3022 2519/1248/3021
f 2970/1001/2981 2971/1000/2982 2517/1246/3023 2518/1247/3022
f 2971/1000/2982 2972/999/2983 2516/1245/3024 2517/1246/3023
f 2972/999/2983 2973/998/2984 2515/1244/3025 2516/1245/3024
f 2973/998/2984 2974/997/2985 2514/1243/3026 2515/1244/3025
f 2974/997/2985 2975/996/2986 2513/1242/3027 2514/1243/3026
f 2975/996/2986 2976/995/2987 2512/1241/3028 2513/1242/3027
f 2976/995/2987 2977/994/2988 2511/1240/3029 2512/1241/3028
f 2977/994/2988 2978/993/2989 2510/1239/3030 2511/1240/3029
f 2978/993/2989 2979/992/2990 2509/1238/3031 2510/1239/3030
f 2979/992/2990 2980/991/2991 2508/1237/3032 2509/1238/3031
f 2980/991/2991 2981/990/2992 2507/1236/3033 2508/1237/3032
f 2981/990/2992 2982/989/2993 2506/1235/3034 2507/1236/3033
f 2982/989/2993 2983/988/2994 2505/1234/3035 2506/1235/3034
f 2983/988/2994 2984/987/2995 2504/1233/3036 2505/1234/3035
f 2984/987/2995 2985/986/2996 2502/1232/3037 2504/1233/3036
f 2985/986/2996 2986/985/2997 2503/1231/3038 2502/1232/3037
f 1231/82/3039 1190/1272/3040 2987/1273/3041 2866/287/3042
f 1190/1272/3040 1149/1274/3043 2988/1275/3044 2987/1273/3041
f 1149/1274/3043 1108/74/3045 2989/283/3046 2988/1275/3044
f 1108/74/3045 1067/1276/3047 2990/1277/3048 2989/283/3046
f 1067/1276/3047 1026/1278/3049 2991/1279/3050 2990/1277/3048
f 1026/1278/3049 985/66/3051 2992/279/3052 2991/1279/3050
f 985/66/3051 944/1280/3053 2993/1281/3054 2992/279/3052
f 944/1280/3053 903/1282/3055 2994/1283/3056 2993/1281/3054
f 903/1282/3055 862/58/3057 2995/275/3058 2994/1283/3056
f 862/58/3057 821/1284/3059 2996/1285/3060 2995/275/3058
f 821/1284/3059 780/1286/3061 2997/1287/3062 2996/1285/3060
f 780/1286/3061 739/50/3063 2998/271/3064 2997/1287/3062
f 739/50/3063 698/1288/3065 2999/1289/3066 2998/271/3064
f 698/1288/3065 657/1290/3067 3000/1291/3068 2999/1289/3066
f 657/1290/3067 616/42/3069 3001/267/3070 3000/1291/3068
f 616/42/3069 575/1292/3071 3002/1293/3072 3001/267/3070
f 575/1292/3071 534/1294/3073 3003/1295/3074 3002/1293/3072
f 534/1294/3073 493/34/3075 3004/263/3076 3003/1295/3074
f 493/34/3075 452/1296/3077 3005/1297/3078 3004/263/3076
f 452/1296/3077 411/1298/3079 3006/1299/3080 3005/1297/3078
f 411/1298/3079 370/26/3081 3007/259/3082 3006/1299/3080
f 370/26/3081 329/1300/3083 3008/1301/3084 3007/259/3082
f 329/1300/3083 288/1302/3085 3009/1303/3086 3008/1301/3084
f 288/1302/3085 247/18/3087 3010/255/3088 3009/1303/3086
f 247/18/3087 206/1304/3089 3011/1305/3090 3010/255/3088
f 206/1304/3089 165/1306/3091 3012/1307/3092 3011/1305/3090
f 165/1306/3091 124/10/3093 3013/251/3094 3012/1307/3092
f 124/10/3093 83/1308/3095 3014/1309/3096 3013/251/3094
f 83/1308/3095 2/1310/3097 3015/1311/3098 3014/1309/3096
f 2/1310/3097 1/1/3099 2544/247/3100 3015/1311/3098
f 2866/287/3042 2987/1273/3041 3016/1312/3101 2906/533/3102
f 2987/1273/3041 2988/1275/3044 3017/1313/3103 3016/1312/3101
f 2988/1275/3044 2989/283/3046 3018/529/3104 3017/1313/3103
f 2989/283/3046 2990/1277/3048 3019/1314/3105 3018/529/3104
f 2990/1277/3048 2991/1279/3050 3020/1315/3106 3019/1314/3105
f 2991/1279/3050 2992/279/3052 3021/525/3107 3020/1315/3106
f 2992/279/3052 2993/1281/3054 3022/1316/3108 3021/525/3107
f 2993/1281/3054 2994/1283/3056 3023/1317/3109 3022/1316/3108
f 2994/1283/3056 2995/275/3058 3024/521/3110 3023/1317/3109
f 2995/275/3058 2996/1285/3060 3025/1318/3111 3024/521/3110
f 2996/1285/3060 2997/1287/3062 3026/1319/3112 3025/1318/3111
f 2997/1287/3062 2998/271/3064 3027/517/3113 3026/1319/3112
f 2998/271/3064 2999/1289/3066 3028/1320/3114 3027/517/3113
f 2999/1289/3066 3000/1291/3068 3029/1321/3115 3028/1320/3114
f 3000/1291/3068 3001/267/3070 3030/513/3116 3029/1321/3115
f 3001/267/3070 3002/1293/3072 3031/1322/3117 3030/513/3116
f 3002/1293/3072 3003/1295/3074 3032/1323/3118 3031/1322/3117
f 3003/1295/3074 3004/263/3076 3033/509/3119 3032/1323/3118
f 3004/263/3076 3005/1297/3078 3034/1324/3120 3033/509/3119
f 3005/1297/3078 3006/1299/3080 3035/1325/3121 3034/1324/3120
f 3006/1299/3080 3007/259/3082 3036/505/3122 3035/1325/3121
f 3007/259/3082 3008/1301/3084 3037/1326/3123 3036/505/3122
f 3008/1301/3084 3009/1303/3086 3038/1327/3124 3037/1326/3123
f 3009/1303/3086 3010/255/3088 3039/501/3125 3038/1327/3124
f 3010/255/3088 3011/1305/3090 3040/1328/3126 3039/501/3125
f 3011/1305/3090 3012/1307/3092 3041/1329/3127 3040/1328/3126
f 3012/1307/3092 3013/251/3094 3042/497/3128 3041/1329/3127
f 3013/251/3094 3014/1309/3096 3043/1330/3129 3042/497/3128
f 3014/1309/3096 3015/1311/3098 3044/1331/3130 3043/1330/3129
f 3015/1311/3098 2544/247/3100 2585/493/3131 3044/1331/3130
f 2906/533/3102 3016/1312/3101 3045/1332/3132 2946/779/3133
f 3016/1312/3101 3017/1313/3103 3046/1333/3134 3045/1332/3132
f 3017/1313/3103 3018/529/3104 3047/775/3135 3046/1333/3134
f 3018/529/3104 3019/1314/3105 3048/1334/3136 3047/775/3135
f 3019/1314/3105 3020/1315/3106 3049/1335/3137 3048/1334/3136
f 3020/1315/3106 3021/525/3107 3050/771/3138 3049/1335/3137
f 3021/525/3107 3022/1316/3108 3051/1336/3139 3050/771/3138
f 3022/1316/3108 3023/1317/3109 3052/1337/3140 3051/1336/3139
f 3023/1317/3109 3024/521/3110 3053/767/3141 3052/1337/3140
f 3024/521/3110 3025/1318/3111 3054/1338/3142 3053/767/3141
f 3025/1318/3111 3026/1319/3112 3055/1339/3143 3054/1338/3142
f 3026/1319/3112 3027/517/3113 3056/763/3144 3055/1339/3143
f 3027/517/3113 3028/1320/3114 3057/1340/3145 3056/763/3144
f 3028/1320/3114 3029/1321/3115 3058/1341/3146 3057/1340/3145
f 3029/1321/3115 3030/513/3116 3059/759/3147 3058/1341/3146
f 3030/513/3116 3031/1322/3117 3060/1342/3148 3059/759/3147
f 3031/1322/3117 3032/1323/3118 3061/1343/3149 3060/1342/3148
f 3032/1323/3118 3033/509/3119 3062/755/3150 3061/1343/3149
f 3033/509/3119 3034/1324/3120 3063/1344/3151 3062/755/3150
f 3034/1324/3120 3035/1325/3121 3064/1345/3152 3063/1344/3151
f 3035/1325/3121 3036/505/3122 3065/751/3153 3064/1345/3152
f 3036/505/3122 3037/1326/3123 3066/1346/3154 3065/751/3153
f 3037/1326/3123 3038/1327/3124 3067/1347/3155 3066/1346/3154
f 3038/1327/3124 3039/501/3125 3068/747/3156 3067/1347/3155
f 3039/501/3125 3040/1328/3126 3069/1348/3157 3068/747/3156
f 3040/1328/3126 3041/1329/3127 3070/1349/3158 3069/1348/3157
f 3041/1329/3127 3042/497/3128 3071/743/3159 3070/1349/3158
f 3042/497/3128 3043/1330/3129 3072/1350/3160 3071/743/3159
f 3043/1330/3129 3044/1331/3130 3073/1351/3161 3072/1350/3160
f 3044/1331/3130 2585/493/3131 2626/739/3162 3073/1351/3161
f 2946/779/3133 3045/1332/3132 3074/1352/3163 2986/1025/3164
f 3045/1332/3132 3046/1333/3134 3075/1353/3165 3074/1352/3163
f 3046/1333/3134 3047/775/3135 3076/1021/3166 3075/1353/3165
f 3047/775/3135 3048/1334/3136 3077/1354/3167 3076/1021/3166
f 3048/1334/3136 3049/1335/3137 3078/1355/3168 3077/1354/3167
f 3049/1335/3137 3050/771/3138 3079/1017/3169 3078/1355/3168
f 3050/771/3138 3051/1336/3139 3080/1356/3170 3079/1017/3169
f 3051/1336/3139 3052/1337/3140 3081/1357/3171 3080/1356/3170
f 3052/1337/3140 3053/767/3141 3082/1013/3172 3081/1357/3171
f 3053/767/3141 3054/1338/3142 3083/1358/3173 3082/1013/3172
f 3054/1338/3142 3055/1339/3143 3084/1359/3174 3083/1358/3173
f 3055/1339/3143 3056/763/3144 3085/1009/3175 3084/1359/3174
f 3056/763/3144 3057/1340/3145 3086/1360/3176 3085/1009/3175
f 3057/1340/3145 3058/1341/3146 3087/1361/3177 3086/1360/3176
f 3058/1341/3146 3059/759/3147 3088/1005/3178 3087/1361/3177
f 3059/759/3147 3060/1342/3148 3089/1362/3179 3088/1005/3178
f 3060/1342/3148 3061/1343/3149 3090/1363/3180 3089/1362/3179
f 3061/1343/3149 3062/755/3150 3091/1001/3181 3090/1363/3180
f 3062/755/3150 3063/1344/3151 3092/1364/3182 3091/1001/3181
f 3063/1344/3151 3064/1345/3152 3093/1365/3183 3092/1364/3182
f 3064/1345/3152 3065/751/3153 3094/997/3184 3093/1365/3183
f 3065/751/3153 3066/1346/3154 3095/1366/3185 3094/997/3184
f 3066/1346/3154 3067/1347/3155 3096/1367/3186 3095/1366/3185
f 3067/1347/3155 3068/747/3156 3097/993/3187 3096/1367/3186
f 3068/747/3156 3069/1348/3157 3098/1368/3188 3097/993/3187
f 3069/1348/3157 3070/1349/3158 3099/1369/3189 3098/1368/3188
f 3070/1349/3158 3071/743/3159 3100/989/3190 3099/1369/3189
f 3071/743/3159 3072/1350/3160 3101/1370/3191 3100/989/3190
f 3072/1350/3160 3073/1351/3161 3102/1371/3192 3101/1370/3191
f 3073/1351/3161 2626/739/3162 2667/985/3193 3102/1371/3192
f 2986/1025/3164 3074/1352/3163 2462/1372/3194 2503/1271/3195
f 3074/1352/3163 3075/1353/3165 2421/1373/3196 2462/1372/3194
f 3075/1353/3165 3076/1021/3166 2380/1267/3197 2421/1373/3196
f 3076/1021/3166 3077/1354/3167 2339/1374/3198 2380/1267/3197
f 3077/1354/3167 3078/1355/3168 2298/1375/3199 2339/1374/3198
f 3078/1355/3168 3079/1017/3169 2257/1263/3200 2298/1375/3199
f 3079/1017/3169 3080/1356/3170 2216/1376/3201 2257/1263/3200
f 3080/1356/3170 3081/1357/3171 2175/1377/3202 2216/1376/3201
f 3081/1357/3171 3082/1013/3172 2134/1259/3203 2175/1377/3202
f 3082/1013/3172 3083/1358/3173 2093/1378/3204 2134/1259/3203
f 3083/1358/3173 3084/1359/3174 2052/1379/3205 2093/1378/3204
f 3084/1359/3174 3085/1009/3175 2011/1255/3206 2052/1379/3205
f 3085/1009/3175 3086/1360/3176 1970/1380/3207 2011/1255/3206
f 3086/1360/3176 3087/1361/3177 1929/1381/3208 1970/1380/3207
f 3087/1361/3177 3088/1005/3178 1888/1251/3209 1929/1381/3208
f 3088/1005/3178 3089/1362/3179 1847/1382/3210 1888/1251/3209
f 3089/1362/3179 3090/1363/3180 1806/1383/3211 1847/1382/3210
f 3090/1363/3180 3091/1001/3181 1765/1247/3212 1806/1383/3211
f 3091/1001/3181 3092/1364/3182 1724/1384/3213 1765/1247/3212
f 3092/1364/3182 3093/1365/3183 1683/1385/3214 1724/1384/3213
f 3093/1365/3183 3094/997/3184 1642/1243/3215 1683/1385/3214
f 3094/997/3184 3095/1366/3185 1601/1386/3216 1642/1243/3215
f 3095/1366/3185 3096/1367/3186 1560/1387/3217 1601/1386/3216
f 3096/1367/3186 3097/993/3187 1519/1239/3218 1560/1387/3217
f 3097/993/3187 3098/1368/3188 1478/1388/3219 1519/1239/3218
f 3098/1368/3188 3099/1369/3189 1437/1389/3220 1478/1388/3219
f 3099/1369/3189 3100/989/3190 1396/1235/3221 1437/1389/3220
f 3100/989/3190 3101/1370/3191 1355/1390/3222 1396/1235/3221
f 3101/1370/3191 3102/1371/3192 1275/1391/3223 1355/1390/3222
f 3102/1371/3192 2667/985/3193 1272/1231/3224 1275/1391/3223
