# Blender 4.3.2
# www.blender.org
o Palette
v 3.654652 1.205228 -0.441877
v 3.654652 1.205228 -0.268522
v 3.726884 1.216839 -0.615232
v 3.799117 1.228450 -0.441877
v 3.799117 1.228450 -0.268522
v 3.799117 1.228450 -0.615232
v 3.726884 1.216839 -0.268522
v 3.726884 1.216839 -0.441877
v 3.654652 1.205228 -0.615232
v 3.656738 1.192251 -0.441877
v 3.656738 1.192251 -0.268522
v 3.728970 1.203862 -0.615232
v 3.801203 1.215473 -0.441877
v 3.801203 1.215473 -0.268522
v 3.801203 1.215473 -0.615232
v 3.728970 1.203862 -0.268522
v 3.728970 1.203862 -0.441877
v 3.656738 1.192251 -0.615232
v 3.527713 1.183810 0.699000
v 3.528701 1.183969 0.700000
v 3.527930 1.184858 0.699000
v 3.527816 1.183826 0.699259
v 3.527957 1.183849 0.699500
v 3.528129 1.183877 0.699707
v 3.527616 1.184056 0.699000
v 3.527722 1.184082 0.699269
v 3.527864 1.184100 0.699502
v 3.528018 1.184119 0.699683
v 3.527572 1.184294 0.699000
v 3.527681 1.184313 0.699264
v 3.527816 1.184309 0.699477
v 3.527947 1.184309 0.699629
v 3.527910 1.184426 0.699577
v 3.528570 1.184210 0.699966
v 3.528427 1.184431 0.699866
v 3.528282 1.184618 0.699707
v 3.528514 1.183939 0.699966
v 3.528371 1.184188 0.699925
v 3.528235 1.184402 0.699824
v 3.528111 1.184566 0.699684
v 3.528319 1.183907 0.699866
v 3.528182 1.184153 0.699824
v 3.528075 1.184351 0.699739
v 3.527984 1.184491 0.699630
v 3.527770 1.184797 0.699000
v 3.527652 1.184677 0.699000
v 3.527584 1.184505 0.699000
v 3.528025 1.184838 0.699259
v 3.527863 1.184771 0.699267
v 3.527750 1.184651 0.699262
v 3.527690 1.184499 0.699257
v 3.528145 1.184757 0.699500
v 3.527986 1.184688 0.699502
v 3.527872 1.184584 0.699476
v 3.527812 1.184464 0.699455
v 3.932364 1.248856 0.700000
v 3.933352 1.249014 0.699000
v 3.932205 1.249843 0.699000
v 3.932620 1.248897 0.699966
v 3.932858 1.248935 0.699866
v 3.933062 1.248968 0.699707
v 3.932323 1.249111 0.699966
v 3.932587 1.249162 0.699925
v 3.932818 1.249195 0.699824
v 3.932998 1.249218 0.699684
v 3.932285 1.249349 0.699866
v 3.932545 1.249393 0.699824
v 3.932759 1.249402 0.699739
v 3.932913 1.249405 0.699630
v 3.932842 1.249517 0.699577
v 3.933277 1.249264 0.699000
v 3.933140 1.249487 0.699000
v 3.932950 1.249666 0.699000
v 3.933318 1.249009 0.699259
v 3.933235 1.249268 0.699267
v 3.933098 1.249482 0.699262
v 3.932931 1.249639 0.699257
v 3.933219 1.248993 0.699500
v 3.933136 1.249247 0.699502
v 3.933018 1.249444 0.699476
v 3.932886 1.249577 0.699455
v 3.932211 1.249810 0.699259
v 3.932227 1.249711 0.699500
v 3.932252 1.249554 0.699707
v 3.932466 1.249851 0.699000
v 3.932481 1.249812 0.699269
v 3.932492 1.249711 0.699502
v 3.932509 1.249572 0.699683
v 3.932720 1.249790 0.699000
v 3.932729 1.249749 0.699264
v 3.932717 1.249661 0.699477
v 3.932714 1.249550 0.699629
v 3.527713 1.183810 -0.699000
v 3.527906 1.184854 -0.698808
v 3.528701 1.183969 -0.700000
v 3.527613 1.184056 -0.698972
v 3.527565 1.184293 -0.698939
v 3.527572 1.184503 -0.698904
v 3.527818 1.183827 -0.699280
v 3.527720 1.184083 -0.699260
v 3.527675 1.184312 -0.699223
v 3.527681 1.184497 -0.699186
v 3.527962 1.183850 -0.699535
v 3.527865 1.184102 -0.699508
v 3.527812 1.184309 -0.699451
v 3.527806 1.184462 -0.699403
v 3.527905 1.184425 -0.699537
v 3.528004 1.184835 -0.699095
v 3.528129 1.184754 -0.699369
v 3.528270 1.184616 -0.699611
v 3.527749 1.184794 -0.698836
v 3.527848 1.184769 -0.699136
v 3.527973 1.184687 -0.699400
v 3.528102 1.184565 -0.699612
v 3.527635 1.184675 -0.698869
v 3.527738 1.184648 -0.699162
v 3.527863 1.184582 -0.699401
v 3.527978 1.184490 -0.699577
v 3.528517 1.183939 -0.699988
v 3.528323 1.183908 -0.699901
v 3.528134 1.183878 -0.699747
v 3.528566 1.184209 -0.699938
v 3.528369 1.184186 -0.699918
v 3.528184 1.184152 -0.699830
v 3.528020 1.184120 -0.699694
v 3.528419 1.184430 -0.699805
v 3.528229 1.184401 -0.699784
v 3.528071 1.184350 -0.699714
v 3.527944 1.184308 -0.699611
v 3.933352 1.249014 -0.693068
v 3.932205 1.249843 -0.692495
v 3.933277 1.249265 -0.693049
v 3.933140 1.249487 -0.692992
v 3.932950 1.249666 -0.692901
v 3.932720 1.249790 -0.692782
v 3.932467 1.249851 -0.692644
v 3.733577 1.217914 -0.272854
v 3.733639 1.216912 -0.273850
v 3.733558 1.217877 -0.273112
v 3.733550 1.217774 -0.273352
v 3.733555 1.217614 -0.273558
v 3.733573 1.217407 -0.273717
v 3.733601 1.217168 -0.273816
v 3.727043 1.215851 -0.273522
v 3.726884 1.216839 -0.272521
v 3.727002 1.216107 -0.273488
v 3.726964 1.216345 -0.273388
v 3.726931 1.216549 -0.273229
v 3.726906 1.216706 -0.273021
v 3.726890 1.216805 -0.272780
v 3.740172 1.217962 -0.274832
v 3.740206 1.218980 -0.273850
v 3.740137 1.218218 -0.274798
v 3.740118 1.218459 -0.274700
v 3.740116 1.218669 -0.274544
v 3.740131 1.218832 -0.274341
v 3.740161 1.218938 -0.274104
v 3.764431 1.221861 -0.285009
v 3.764821 1.222937 -0.284177
v 3.764408 1.222120 -0.284981
v 3.764425 1.222367 -0.284897
v 3.764479 1.222585 -0.284765
v 3.764568 1.222760 -0.284593
v 3.764684 1.222880 -0.284392
v 3.720447 1.214791 -0.273850
v 3.720191 1.215763 -0.272854
v 3.720402 1.215046 -0.273816
v 3.720355 1.215283 -0.273717
v 3.720306 1.215485 -0.273558
v 3.720261 1.215638 -0.273352
v 3.720222 1.215733 -0.273112
v 3.683565 1.209875 -0.288220
v 3.684351 1.208989 -0.288994
v 3.683733 1.209868 -0.288420
v 3.683900 1.209793 -0.288607
v 3.684055 1.209657 -0.288767
v 3.684187 1.209469 -0.288890
v 3.684289 1.209241 -0.288967
v 3.679457 1.208202 -0.293486
v 3.678600 1.209077 -0.292778
v 3.679393 1.208454 -0.293462
v 3.679285 1.208681 -0.293391
v 3.679141 1.208867 -0.293278
v 3.678971 1.209001 -0.293132
v 3.678786 1.209073 -0.292961
v 3.783661 1.225965 -0.303258
v 3.782998 1.224846 -0.303814
v 3.783453 1.225897 -0.303402
v 3.783271 1.225767 -0.303536
v 3.783126 1.225583 -0.303651
v 3.783028 1.225357 -0.303740
v 3.782984 1.225106 -0.303795
v 3.688947 1.210740 -0.284176
v 3.689655 1.209841 -0.285009
v 3.689095 1.210730 -0.284392
v 3.689243 1.210652 -0.284593
v 3.689382 1.210514 -0.284765
v 3.689502 1.210323 -0.284897
v 3.689595 1.210094 -0.284981
v 3.770203 1.223802 -0.288220
v 3.769735 1.222714 -0.288994
v 3.770046 1.223742 -0.288420
v 3.769911 1.223619 -0.288607
v 3.769806 1.223441 -0.288767
v 3.769740 1.223221 -0.288890
v 3.769715 1.222973 -0.288967
v 3.746578 1.218991 -0.276457
v 3.746706 1.220025 -0.275499
v 3.746547 1.219249 -0.276424
v 3.746537 1.219491 -0.276329
v 3.746550 1.219703 -0.276176
v 3.746584 1.219870 -0.275978
v 3.746637 1.219979 -0.275747
v 3.753016 1.221039 -0.277785
v 3.752796 1.219991 -0.278710
v 3.752923 1.220990 -0.278025
v 3.752848 1.220876 -0.278248
v 3.752795 1.220707 -0.278440
v 3.752767 1.220493 -0.278587
v 3.752768 1.220249 -0.278679
v 3.701290 1.211712 -0.278710
v 3.700753 1.212638 -0.277785
v 3.701236 1.211965 -0.278679
v 3.701160 1.212197 -0.278587
v 3.701067 1.212392 -0.278440
v 3.700963 1.212536 -0.278248
v 3.700856 1.212620 -0.278025
v 3.759073 1.222013 -0.280687
v 3.758766 1.220951 -0.281570
v 3.758958 1.221960 -0.280916
v 3.758862 1.221843 -0.281129
v 3.758790 1.221671 -0.281312
v 3.758749 1.221454 -0.281452
v 3.758741 1.221209 -0.281540
v 3.674100 1.208354 -0.297807
v 3.675022 1.207489 -0.298442
v 3.674303 1.208352 -0.297971
v 3.674503 1.208283 -0.298124
v 3.674686 1.208151 -0.298256
v 3.674841 1.207966 -0.298357
v 3.674955 1.207741 -0.298420
v 3.671088 1.206857 -0.303814
v 3.670108 1.207712 -0.303258
v 3.671019 1.207108 -0.303795
v 3.670899 1.207333 -0.303740
v 3.670735 1.207516 -0.303651
v 3.670540 1.207646 -0.303536
v 3.670326 1.207713 -0.303402
v 3.707508 1.212711 -0.276457
v 3.707062 1.213652 -0.275499
v 3.707457 1.212965 -0.276424
v 3.707390 1.213199 -0.276329
v 3.707312 1.213396 -0.276176
v 3.707227 1.213543 -0.275978
v 3.707142 1.213631 -0.275747
v 3.713914 1.213741 -0.274832
v 3.713562 1.214697 -0.273850
v 3.713866 1.213995 -0.274798
v 3.713809 1.214230 -0.274700
v 3.713745 1.214430 -0.274544
v 3.713680 1.214580 -0.274341
v 3.713618 1.214672 -0.274104
v 3.775169 1.224600 -0.292778
v 3.774628 1.223500 -0.293486
v 3.774993 1.224537 -0.292961
v 3.774840 1.224412 -0.293132
v 3.774721 1.224231 -0.293278
v 3.774643 1.224009 -0.293391
v 3.774611 1.223760 -0.293462
v 3.779063 1.224213 -0.298442
v 3.779669 1.225323 -0.297807
v 3.779048 1.224473 -0.298420
v 3.779086 1.224723 -0.298357
v 3.779175 1.224947 -0.298256
v 3.779308 1.225130 -0.298124
v 3.779476 1.225258 -0.297971
v 3.694695 1.211664 -0.280687
v 3.695320 1.210752 -0.281570
v 3.694821 1.211650 -0.280916
v 3.694949 1.211570 -0.281129
v 3.695071 1.211428 -0.281312
v 3.695178 1.211236 -0.281452
v 3.695263 1.211005 -0.281540
v 3.794015 1.226617 -0.335001
v 3.794840 1.227762 -0.334903
v 3.794007 1.226878 -0.334998
v 3.794067 1.227132 -0.334988
v 3.794191 1.227361 -0.334972
v 3.794369 1.227551 -0.334952
v 3.794591 1.227688 -0.334928
v 3.795169 1.227815 -0.341682
v 3.794339 1.226669 -0.341682
v 3.794918 1.227740 -0.341682
v 3.794696 1.227603 -0.341682
v 3.794516 1.227414 -0.341682
v 3.794392 1.227184 -0.341682
v 3.794332 1.226930 -0.341682
v 3.794840 1.227762 -0.348461
v 3.794015 1.226617 -0.348363
v 3.794591 1.227688 -0.348436
v 3.794369 1.227551 -0.348412
v 3.794191 1.227361 -0.348392
v 3.794067 1.227132 -0.348376
v 3.794007 1.226878 -0.348366
v 3.793857 1.227604 -0.355174
v 3.793046 1.226461 -0.354979
v 3.793611 1.227530 -0.355124
v 3.793393 1.227394 -0.355077
v 3.793218 1.227205 -0.355036
v 3.793096 1.226975 -0.355005
v 3.793038 1.226722 -0.354986
v 3.793046 1.226461 -0.328385
v 3.793857 1.227604 -0.328189
v 3.793038 1.226722 -0.328378
v 3.793096 1.226975 -0.328358
v 3.793218 1.227205 -0.328327
v 3.793393 1.227394 -0.328287
v 3.793611 1.227530 -0.328240
v 3.791441 1.226203 -0.321896
v 3.792228 1.227342 -0.321606
v 3.791432 1.226464 -0.321886
v 3.791489 1.226717 -0.321857
v 3.791606 1.226946 -0.321811
v 3.791777 1.227134 -0.321751
v 3.791989 1.227269 -0.321681
v 3.789971 1.226979 -0.315215
v 3.789216 1.225845 -0.315598
v 3.789740 1.226908 -0.315314
v 3.789536 1.226774 -0.315407
v 3.789371 1.226586 -0.315486
v 3.789259 1.226359 -0.315547
v 3.789206 1.226106 -0.315585
v 3.786393 1.225392 -0.309552
v 3.787106 1.226519 -0.309079
v 3.786381 1.225652 -0.309535
v 3.786430 1.225904 -0.309488
v 3.786536 1.226131 -0.309413
v 3.786691 1.226317 -0.309316
v 3.786885 1.226449 -0.309202
v 3.664870 1.205857 -0.315598
v 3.663798 1.206698 -0.315215
v 3.664797 1.206108 -0.315585
v 3.664668 1.206331 -0.315547
v 3.664490 1.206512 -0.315486
v 3.664275 1.206639 -0.315407
v 3.664039 1.206702 -0.315314
v 3.667693 1.206311 -0.309552
v 3.666663 1.207158 -0.309079
v 3.667622 1.206562 -0.309535
v 3.667497 1.206786 -0.309488
v 3.667326 1.206968 -0.309413
v 3.667120 1.207096 -0.309316
v 3.666894 1.207161 -0.309202
v 3.661040 1.205242 -0.328385
v 3.659912 1.206073 -0.328189
v 3.660966 1.205492 -0.328378
v 3.660831 1.205714 -0.328358
v 3.660644 1.205894 -0.328327
v 3.660418 1.206019 -0.328287
v 3.660168 1.206080 -0.328240
v 3.661540 1.206335 -0.321605
v 3.662645 1.205500 -0.321896
v 3.661790 1.206341 -0.321681
v 3.662034 1.206279 -0.321751
v 3.662256 1.206153 -0.321811
v 3.662439 1.205973 -0.321857
v 3.662571 1.205750 -0.321886
v 3.660071 1.205086 -0.335001
v 3.658929 1.205915 -0.334903
v 3.659997 1.205336 -0.334998
v 3.659860 1.205558 -0.334988
v 3.659671 1.205738 -0.334972
v 3.659442 1.205862 -0.334952
v 3.659189 1.205922 -0.334928
v 3.658600 1.205862 -0.341682
v 3.659747 1.205034 -0.341682
v 3.658861 1.205870 -0.341682
v 3.659115 1.205809 -0.341682
v 3.659345 1.205685 -0.341682
v 3.659535 1.205506 -0.341682
v 3.659672 1.205284 -0.341682
v 3.660071 1.205086 -0.348363
v 3.658929 1.205915 -0.348461
v 3.659997 1.205336 -0.348366
v 3.659860 1.205558 -0.348376
v 3.659671 1.205738 -0.348392
v 3.659442 1.205862 -0.348412
v 3.659189 1.205922 -0.348435
v 3.661040 1.205242 -0.354979
v 3.659912 1.206073 -0.355174
v 3.660966 1.205492 -0.354986
v 3.660831 1.205714 -0.355005
v 3.660644 1.205894 -0.355036
v 3.660418 1.206019 -0.355077
v 3.660168 1.206080 -0.355124
v 3.792228 1.227342 -0.361758
v 3.791441 1.226203 -0.361468
v 3.791989 1.227269 -0.361683
v 3.791777 1.227134 -0.361613
v 3.791606 1.226946 -0.361553
v 3.791489 1.226717 -0.361507
v 3.791432 1.226464 -0.361478
v 3.789971 1.226979 -0.368149
v 3.789216 1.225845 -0.367766
v 3.789740 1.226908 -0.368050
v 3.789536 1.226774 -0.367957
v 3.789371 1.226586 -0.367878
v 3.789259 1.226359 -0.367817
v 3.789206 1.226106 -0.367779
v 3.787106 1.226519 -0.374284
v 3.786393 1.225392 -0.373812
v 3.786885 1.226449 -0.374162
v 3.786691 1.226317 -0.374048
v 3.786536 1.226131 -0.373950
v 3.786430 1.225904 -0.373875
v 3.786381 1.225652 -0.373828
v 3.779669 1.225323 -0.385557
v 3.779063 1.224213 -0.384922
v 3.779476 1.225258 -0.385393
v 3.779308 1.225130 -0.385240
v 3.779175 1.224947 -0.385108
v 3.779087 1.224723 -0.385007
v 3.779048 1.224473 -0.384944
v 3.782998 1.224846 -0.379550
v 3.783661 1.225965 -0.380106
v 3.782984 1.225106 -0.379568
v 3.783028 1.225357 -0.379624
v 3.783126 1.225583 -0.379712
v 3.783271 1.225767 -0.379828
v 3.783453 1.225897 -0.379962
v 3.769735 1.222714 -0.394370
v 3.770203 1.223802 -0.395144
v 3.769715 1.222973 -0.394397
v 3.769740 1.223221 -0.394474
v 3.769806 1.223441 -0.394597
v 3.769911 1.223619 -0.394757
v 3.770046 1.223742 -0.394944
v 3.764821 1.222937 -0.399187
v 3.764431 1.221861 -0.398355
v 3.764684 1.222880 -0.398972
v 3.764568 1.222760 -0.398771
v 3.764479 1.222585 -0.398599
v 3.764425 1.222367 -0.398466
v 3.764408 1.222120 -0.398383
v 3.774628 1.223500 -0.389878
v 3.775169 1.224600 -0.390586
v 3.774611 1.223760 -0.389902
v 3.774643 1.224009 -0.389973
v 3.774721 1.224231 -0.390086
v 3.774840 1.224412 -0.390232
v 3.774993 1.224537 -0.390403
v 3.683565 1.209875 -0.395144
v 3.684351 1.208989 -0.394370
v 3.683733 1.209868 -0.394944
v 3.683900 1.209793 -0.394757
v 3.684055 1.209657 -0.394597
v 3.684187 1.209469 -0.394474
v 3.684289 1.209241 -0.394397
v 3.678600 1.209077 -0.390586
v 3.679457 1.208202 -0.389878
v 3.678786 1.209073 -0.390403
v 3.678971 1.209001 -0.390232
v 3.679141 1.208867 -0.390086
v 3.679285 1.208681 -0.389973
v 3.679393 1.208454 -0.389902
v 3.689655 1.209841 -0.398355
v 3.688947 1.210740 -0.399187
v 3.689595 1.210094 -0.398383
v 3.689502 1.210323 -0.398466
v 3.689382 1.210514 -0.398599
v 3.689243 1.210652 -0.398771
v 3.689095 1.210730 -0.398972
v 3.666663 1.207158 -0.374284
v 3.667693 1.206311 -0.373812
v 3.666894 1.207161 -0.374162
v 3.667120 1.207096 -0.374048
v 3.667325 1.206968 -0.373950
v 3.667497 1.206786 -0.373875
v 3.667622 1.206562 -0.373828
v 3.674100 1.208354 -0.385557
v 3.675022 1.207489 -0.384922
v 3.674303 1.208352 -0.385393
v 3.674503 1.208283 -0.385240
v 3.674686 1.208151 -0.385108
v 3.674841 1.207966 -0.385007
v 3.674955 1.207741 -0.384944
v 3.671088 1.206857 -0.379550
v 3.670108 1.207712 -0.380106
v 3.671019 1.207108 -0.379568
v 3.670899 1.207333 -0.379624
v 3.670735 1.207516 -0.379712
v 3.670540 1.207646 -0.379828
v 3.670326 1.207713 -0.379962
v 3.663798 1.206698 -0.368149
v 3.664870 1.205857 -0.367766
v 3.664039 1.206702 -0.368050
v 3.664275 1.206639 -0.367957
v 3.664490 1.206512 -0.367878
v 3.664668 1.206331 -0.367817
v 3.664797 1.206108 -0.367779
v 3.662645 1.205500 -0.361468
v 3.661540 1.206335 -0.361758
v 3.662571 1.205750 -0.361478
v 3.662439 1.205973 -0.361507
v 3.662256 1.206153 -0.361553
v 3.662034 1.206279 -0.361613
v 3.661790 1.206341 -0.361683
v 3.727043 1.215851 -0.473912
v 3.726884 1.216839 -0.472911
v 3.727002 1.216107 -0.473878
v 3.726964 1.216345 -0.473778
v 3.726931 1.216549 -0.473619
v 3.726906 1.216706 -0.473411
v 3.726890 1.216805 -0.473170
v 3.733639 1.216912 -0.409514
v 3.733577 1.217914 -0.410510
v 3.733601 1.217168 -0.409547
v 3.733573 1.217407 -0.409647
v 3.733555 1.217614 -0.409805
v 3.733550 1.217774 -0.410012
v 3.733557 1.217877 -0.410252
v 3.720447 1.214791 -0.474240
v 3.720191 1.215763 -0.473244
v 3.720402 1.215046 -0.474206
v 3.720355 1.215283 -0.474107
v 3.720306 1.215485 -0.473948
v 3.720261 1.215638 -0.473742
v 3.720222 1.215733 -0.473502
v 3.726884 1.216839 -0.410843
v 3.727043 1.215851 -0.409842
v 3.726890 1.216805 -0.410584
v 3.726906 1.216706 -0.410342
v 3.726931 1.216549 -0.410135
v 3.726964 1.216345 -0.409976
v 3.727002 1.216107 -0.409876
v 3.720191 1.215763 -0.410510
v 3.720447 1.214791 -0.409514
v 3.720222 1.215733 -0.410252
v 3.720261 1.215638 -0.410012
v 3.720306 1.215485 -0.409805
v 3.720355 1.215283 -0.409647
v 3.720402 1.215046 -0.409547
v 3.713562 1.214697 -0.409514
v 3.713914 1.213741 -0.408532
v 3.713618 1.214672 -0.409260
v 3.713680 1.214580 -0.409023
v 3.713745 1.214430 -0.408820
v 3.713809 1.214230 -0.408664
v 3.713866 1.213995 -0.408565
v 3.740172 1.217962 -0.408532
v 3.740206 1.218980 -0.409514
v 3.740137 1.218218 -0.408565
v 3.740118 1.218459 -0.408664
v 3.740116 1.218669 -0.408820
v 3.740131 1.218832 -0.409023
v 3.740161 1.218938 -0.409260
v 3.707062 1.213652 -0.407865
v 3.707508 1.212711 -0.406907
v 3.707142 1.213631 -0.407617
v 3.707227 1.213543 -0.407386
v 3.707312 1.213396 -0.407187
v 3.707390 1.213199 -0.407035
v 3.707457 1.212965 -0.406940
v 3.752796 1.219991 -0.404653
v 3.753016 1.221039 -0.405578
v 3.752768 1.220249 -0.404685
v 3.752767 1.220493 -0.404777
v 3.752795 1.220707 -0.404924
v 3.752848 1.220876 -0.405116
v 3.752923 1.220990 -0.405339
v 3.746578 1.218991 -0.406907
v 3.746706 1.220025 -0.407865
v 3.746547 1.219249 -0.406939
v 3.746537 1.219491 -0.407035
v 3.746550 1.219703 -0.407187
v 3.746584 1.219870 -0.407386
v 3.746637 1.219979 -0.407617
v 3.758766 1.220951 -0.401793
v 3.759073 1.222013 -0.402676
v 3.758741 1.221209 -0.401824
v 3.758749 1.221454 -0.401912
v 3.758790 1.221671 -0.402052
v 3.758862 1.221843 -0.402235
v 3.758958 1.221960 -0.402448
v 3.700753 1.212638 -0.405578
v 3.701290 1.211712 -0.404653
v 3.700856 1.212620 -0.405339
v 3.700963 1.212536 -0.405116
v 3.701067 1.212392 -0.404924
v 3.701160 1.212197 -0.404777
v 3.701236 1.211965 -0.404685
v 3.694695 1.211664 -0.402676
v 3.695320 1.210752 -0.401793
v 3.694821 1.211650 -0.402448
v 3.694949 1.211570 -0.402235
v 3.695071 1.211428 -0.402052
v 3.695178 1.211236 -0.401912
v 3.695263 1.211005 -0.401824
v 3.752796 1.219991 -0.479100
v 3.753016 1.221039 -0.478175
v 3.752768 1.220249 -0.479069
v 3.752767 1.220493 -0.478976
v 3.752795 1.220707 -0.478829
v 3.752848 1.220876 -0.478638
v 3.752923 1.220990 -0.478415
v 3.684351 1.208989 -0.489384
v 3.683565 1.209875 -0.488610
v 3.684289 1.209241 -0.489357
v 3.684187 1.209469 -0.489280
v 3.684055 1.209657 -0.489157
v 3.683900 1.209793 -0.488997
v 3.683733 1.209868 -0.488810
v 3.733577 1.217914 -0.473244
v 3.733639 1.216912 -0.474240
v 3.733558 1.217877 -0.473502
v 3.733550 1.217774 -0.473742
v 3.733555 1.217614 -0.473948
v 3.733573 1.217407 -0.474107
v 3.733601 1.217168 -0.474206
v 3.759073 1.222013 -0.481077
v 3.758766 1.220951 -0.481960
v 3.758958 1.221960 -0.481306
v 3.758862 1.221843 -0.481519
v 3.758790 1.221671 -0.481702
v 3.758749 1.221454 -0.481842
v 3.758741 1.221209 -0.481930
v 3.713914 1.213741 -0.475222
v 3.713562 1.214697 -0.474240
v 3.713866 1.213995 -0.475188
v 3.713809 1.214230 -0.475090
v 3.713745 1.214430 -0.474934
v 3.713680 1.214580 -0.474731
v 3.713618 1.214672 -0.474494
v 3.769735 1.222714 -0.489384
v 3.770203 1.223802 -0.488610
v 3.769715 1.222973 -0.489357
v 3.769740 1.223221 -0.489280
v 3.769807 1.223441 -0.489157
v 3.769911 1.223619 -0.488997
v 3.770046 1.223742 -0.488810
v 3.688948 1.210740 -0.484566
v 3.689655 1.209841 -0.485399
v 3.689095 1.210730 -0.484782
v 3.689243 1.210652 -0.484983
v 3.689382 1.210514 -0.485155
v 3.689502 1.210323 -0.485287
v 3.689595 1.210094 -0.485371
v 3.678600 1.209077 -0.493168
v 3.679457 1.208202 -0.493876
v 3.678786 1.209073 -0.493351
v 3.678971 1.209001 -0.493522
v 3.679141 1.208867 -0.493668
v 3.679285 1.208681 -0.493781
v 3.679393 1.208454 -0.493851
v 3.779669 1.225323 -0.498197
v 3.779063 1.224213 -0.498832
v 3.779476 1.225258 -0.498361
v 3.779308 1.225130 -0.498514
v 3.779175 1.224947 -0.498646
v 3.779086 1.224723 -0.498747
v 3.779048 1.224473 -0.498810
v 3.783661 1.225965 -0.503648
v 3.782998 1.224846 -0.504204
v 3.783453 1.225897 -0.503792
v 3.783271 1.225767 -0.503926
v 3.783126 1.225583 -0.504041
v 3.783028 1.225357 -0.504130
v 3.782984 1.225106 -0.504185
v 3.746578 1.218991 -0.476847
v 3.746706 1.220025 -0.475889
v 3.746547 1.219249 -0.476814
v 3.746537 1.219491 -0.476719
v 3.746550 1.219703 -0.476566
v 3.746584 1.219870 -0.476368
v 3.746637 1.219979 -0.476137
v 3.740172 1.217962 -0.475222
v 3.740206 1.218980 -0.474240
v 3.740137 1.218218 -0.475188
v 3.740118 1.218459 -0.475090
v 3.740116 1.218669 -0.474934
v 3.740131 1.218832 -0.474731
v 3.740161 1.218938 -0.474494
v 3.707062 1.213652 -0.475889
v 3.707508 1.212711 -0.476847
v 3.707142 1.213631 -0.476137
v 3.707227 1.213543 -0.476368
v 3.707312 1.213396 -0.476566
v 3.707390 1.213199 -0.476719
v 3.707457 1.212965 -0.476814
v 3.675022 1.207489 -0.498832
v 3.674100 1.208354 -0.498197
v 3.674955 1.207741 -0.498810
v 3.674841 1.207966 -0.498747
v 3.674686 1.208151 -0.498646
v 3.674503 1.208283 -0.498514
v 3.674303 1.208352 -0.498361
v 3.775169 1.224600 -0.493168
v 3.774628 1.223500 -0.493876
v 3.774993 1.224537 -0.493351
v 3.774841 1.224412 -0.493522
v 3.774721 1.224231 -0.493668
v 3.774643 1.224009 -0.493781
v 3.774611 1.223760 -0.493851
v 3.701290 1.211712 -0.479100
v 3.700753 1.212638 -0.478175
v 3.701236 1.211965 -0.479069
v 3.701160 1.212197 -0.478976
v 3.701067 1.212392 -0.478829
v 3.700963 1.212536 -0.478638
v 3.700856 1.212620 -0.478415
v 3.764431 1.221861 -0.485399
v 3.764821 1.222937 -0.484567
v 3.764408 1.222120 -0.485371
v 3.764425 1.222367 -0.485288
v 3.764479 1.222585 -0.485155
v 3.764568 1.222760 -0.484983
v 3.764684 1.222880 -0.484782
v 3.671088 1.206857 -0.504204
v 3.670108 1.207712 -0.503648
v 3.671019 1.207108 -0.504185
v 3.670899 1.207333 -0.504130
v 3.670735 1.207516 -0.504041
v 3.670540 1.207646 -0.503926
v 3.670326 1.207713 -0.503792
v 3.694695 1.211664 -0.481077
v 3.695320 1.210752 -0.481960
v 3.694821 1.211650 -0.481306
v 3.694949 1.211570 -0.481519
v 3.695071 1.211428 -0.481702
v 3.695178 1.211236 -0.481842
v 3.695263 1.211005 -0.481930
v 3.794840 1.227762 -0.548851
v 3.794015 1.226617 -0.548753
v 3.794591 1.227688 -0.548825
v 3.794369 1.227551 -0.548802
v 3.794191 1.227361 -0.548781
v 3.794067 1.227132 -0.548766
v 3.794007 1.226878 -0.548756
v 3.794015 1.226617 -0.535391
v 3.794840 1.227762 -0.535293
v 3.794007 1.226878 -0.535388
v 3.794067 1.227132 -0.535378
v 3.794191 1.227361 -0.535362
v 3.794369 1.227551 -0.535342
v 3.794591 1.227688 -0.535318
v 3.795169 1.227815 -0.542072
v 3.794339 1.226669 -0.542072
v 3.794918 1.227740 -0.542072
v 3.794696 1.227603 -0.542072
v 3.794516 1.227414 -0.542072
v 3.794392 1.227184 -0.542072
v 3.794332 1.226930 -0.542072
v 3.793046 1.226461 -0.528775
v 3.793857 1.227604 -0.528579
v 3.793038 1.226722 -0.528768
v 3.793097 1.226975 -0.528748
v 3.793218 1.227205 -0.528717
v 3.793393 1.227394 -0.528677
v 3.793611 1.227530 -0.528630
v 3.793857 1.227604 -0.555564
v 3.793046 1.226461 -0.555369
v 3.793611 1.227530 -0.555514
v 3.793393 1.227394 -0.555467
v 3.793218 1.227205 -0.555426
v 3.793096 1.226975 -0.555395
v 3.793038 1.226722 -0.555376
v 3.791441 1.226203 -0.522286
v 3.792228 1.227342 -0.521996
v 3.791432 1.226464 -0.522276
v 3.791489 1.226717 -0.522247
v 3.791606 1.226946 -0.522201
v 3.791777 1.227134 -0.522141
v 3.791989 1.227269 -0.522071
v 3.786393 1.225392 -0.509942
v 3.787106 1.226519 -0.509470
v 3.786381 1.225652 -0.509925
v 3.786430 1.225904 -0.509878
v 3.786536 1.226131 -0.509803
v 3.786691 1.226317 -0.509706
v 3.786885 1.226449 -0.509592
v 3.789216 1.225845 -0.515988
v 3.789971 1.226979 -0.515605
v 3.789206 1.226106 -0.515975
v 3.789259 1.226359 -0.515937
v 3.789371 1.226586 -0.515876
v 3.789536 1.226774 -0.515797
v 3.789740 1.226908 -0.515704
v 3.667693 1.206311 -0.509942
v 3.666663 1.207158 -0.509470
v 3.667622 1.206562 -0.509925
v 3.667497 1.206786 -0.509878
v 3.667326 1.206968 -0.509803
v 3.667120 1.207096 -0.509706
v 3.666894 1.207161 -0.509592
v 3.663798 1.206698 -0.515605
v 3.664870 1.205857 -0.515988
v 3.664039 1.206702 -0.515704
v 3.664275 1.206639 -0.515797
v 3.664490 1.206512 -0.515876
v 3.664668 1.206331 -0.515937
v 3.664797 1.206108 -0.515975
v 3.662645 1.205500 -0.561858
v 3.661540 1.206335 -0.562148
v 3.662571 1.205750 -0.561868
v 3.662439 1.205973 -0.561897
v 3.662256 1.206153 -0.561943
v 3.662034 1.206279 -0.562003
v 3.661790 1.206341 -0.562073
v 3.662645 1.205500 -0.522286
v 3.661540 1.206335 -0.521996
v 3.662571 1.205750 -0.522276
v 3.662439 1.205973 -0.522247
v 3.662256 1.206153 -0.522201
v 3.662034 1.206279 -0.522141
v 3.661790 1.206341 -0.522071
v 3.661040 1.205242 -0.528775
v 3.659912 1.206073 -0.528579
v 3.660966 1.205492 -0.528768
v 3.660831 1.205714 -0.528748
v 3.660644 1.205894 -0.528717
v 3.660418 1.206019 -0.528677
v 3.660168 1.206080 -0.528630
v 3.660071 1.205086 -0.535391
v 3.658929 1.205915 -0.535293
v 3.659997 1.205336 -0.535388
v 3.659860 1.205558 -0.535378
v 3.659671 1.205738 -0.535362
v 3.659442 1.205862 -0.535342
v 3.659189 1.205922 -0.535318
v 3.659747 1.205034 -0.542072
v 3.658600 1.205862 -0.542072
v 3.659672 1.205284 -0.542072
v 3.659535 1.205506 -0.542072
v 3.659345 1.205685 -0.542072
v 3.659115 1.205809 -0.542072
v 3.658861 1.205870 -0.542072
v 3.660071 1.205086 -0.548753
v 3.658929 1.205915 -0.548851
v 3.659997 1.205336 -0.548756
v 3.659860 1.205558 -0.548766
v 3.659671 1.205738 -0.548781
v 3.659442 1.205862 -0.548802
v 3.659189 1.205922 -0.548825
v 3.661040 1.205242 -0.555369
v 3.659912 1.206073 -0.555565
v 3.660966 1.205492 -0.555376
v 3.660831 1.205714 -0.555395
v 3.660644 1.205894 -0.555426
v 3.660418 1.206019 -0.555467
v 3.660168 1.206080 -0.555514
v 3.792228 1.227342 -0.562148
v 3.791441 1.226203 -0.561858
v 3.791989 1.227269 -0.562073
v 3.791777 1.227134 -0.562003
v 3.791606 1.226946 -0.561943
v 3.791489 1.226717 -0.561897
v 3.791432 1.226464 -0.561868
v 3.787106 1.226519 -0.574674
v 3.786393 1.225392 -0.574202
v 3.786885 1.226449 -0.574552
v 3.786691 1.226317 -0.574438
v 3.786536 1.226131 -0.574340
v 3.786430 1.225904 -0.574265
v 3.786381 1.225652 -0.574218
v 3.789971 1.226979 -0.568539
v 3.789216 1.225845 -0.568155
v 3.789740 1.226908 -0.568439
v 3.789536 1.226774 -0.568347
v 3.789371 1.226586 -0.568268
v 3.789259 1.226359 -0.568207
v 3.789206 1.226106 -0.568169
v 3.783661 1.225965 -0.580496
v 3.782998 1.224846 -0.579939
v 3.783453 1.225897 -0.580352
v 3.783271 1.225767 -0.580218
v 3.783126 1.225583 -0.580102
v 3.783028 1.225357 -0.580014
v 3.782984 1.225106 -0.579958
v 3.779063 1.224213 -0.585312
v 3.779669 1.225323 -0.585947
v 3.779048 1.224473 -0.585334
v 3.779086 1.224723 -0.585397
v 3.779175 1.224947 -0.585498
v 3.779308 1.225130 -0.585630
v 3.779476 1.225258 -0.585783
v 3.775169 1.224600 -0.590976
v 3.774628 1.223500 -0.590268
v 3.774993 1.224537 -0.590793
v 3.774841 1.224412 -0.590622
v 3.774721 1.224231 -0.590475
v 3.774643 1.224009 -0.590363
v 3.774611 1.223760 -0.590292
v 3.770203 1.223802 -0.595534
v 3.769735 1.222714 -0.594760
v 3.770046 1.223742 -0.595334
v 3.769911 1.223619 -0.595147
v 3.769806 1.223441 -0.594987
v 3.769740 1.223221 -0.594864
v 3.769715 1.222973 -0.594787
v 3.683565 1.209875 -0.595534
v 3.684351 1.208989 -0.594760
v 3.683733 1.209868 -0.595334
v 3.683900 1.209793 -0.595147
v 3.684055 1.209657 -0.594987
v 3.684187 1.209469 -0.594864
v 3.684289 1.209241 -0.594787
v 3.759073 1.222013 -0.603067
v 3.758766 1.220951 -0.602184
v 3.758958 1.221960 -0.602838
v 3.758862 1.221843 -0.602625
v 3.758790 1.221671 -0.602442
v 3.758749 1.221454 -0.602302
v 3.758741 1.221209 -0.602214
v 3.764821 1.222937 -0.599577
v 3.764431 1.221861 -0.598745
v 3.764685 1.222880 -0.599362
v 3.764568 1.222760 -0.599161
v 3.764479 1.222585 -0.598989
v 3.764425 1.222367 -0.598856
v 3.764408 1.222120 -0.598773
v 3.689655 1.209841 -0.598745
v 3.688947 1.210740 -0.599577
v 3.689595 1.210094 -0.598773
v 3.689502 1.210323 -0.598856
v 3.689382 1.210514 -0.598988
v 3.689243 1.210652 -0.599161
v 3.689095 1.210730 -0.599362
v 3.670108 1.207712 -0.580496
v 3.671088 1.206857 -0.579939
v 3.670326 1.207713 -0.580352
v 3.670540 1.207646 -0.580218
v 3.670735 1.207516 -0.580102
v 3.670899 1.207333 -0.580014
v 3.671019 1.207108 -0.579958
v 3.678600 1.209077 -0.590976
v 3.679457 1.208202 -0.590268
v 3.678786 1.209073 -0.590793
v 3.678971 1.209001 -0.590622
v 3.679141 1.208867 -0.590475
v 3.679285 1.208681 -0.590363
v 3.679393 1.208454 -0.590292
v 3.675022 1.207489 -0.585312
v 3.674100 1.208354 -0.585947
v 3.674955 1.207741 -0.585334
v 3.674841 1.207966 -0.585397
v 3.674686 1.208151 -0.585498
v 3.674503 1.208283 -0.585630
v 3.674303 1.208352 -0.585783
v 3.663798 1.206698 -0.568539
v 3.664870 1.205857 -0.568156
v 3.664039 1.206702 -0.568439
v 3.664275 1.206639 -0.568347
v 3.664490 1.206512 -0.568268
v 3.664668 1.206331 -0.568207
v 3.664797 1.206108 -0.568169
v 3.667693 1.206311 -0.574202
v 3.666663 1.207158 -0.574674
v 3.667622 1.206562 -0.574218
v 3.667497 1.206786 -0.574265
v 3.667326 1.206968 -0.574340
v 3.667120 1.207096 -0.574438
v 3.666894 1.207161 -0.574552
v 3.746706 1.220025 -0.608255
v 3.746578 1.218991 -0.607297
v 3.746637 1.219979 -0.608007
v 3.746584 1.219869 -0.607776
v 3.746550 1.219703 -0.607577
v 3.746537 1.219491 -0.607425
v 3.746547 1.219249 -0.607329
v 3.726884 1.216839 -0.611233
v 3.727043 1.215851 -0.610232
v 3.726890 1.216805 -0.610974
v 3.726906 1.216706 -0.610732
v 3.726931 1.216549 -0.610525
v 3.726964 1.216345 -0.610366
v 3.727002 1.216107 -0.610266
v 3.752796 1.219991 -0.605043
v 3.753016 1.221039 -0.605968
v 3.752768 1.220249 -0.605075
v 3.752767 1.220493 -0.605167
v 3.752795 1.220707 -0.605314
v 3.752848 1.220876 -0.605506
v 3.752923 1.220990 -0.605729
v 3.740206 1.218980 -0.609904
v 3.740172 1.217962 -0.608922
v 3.740161 1.218938 -0.609650
v 3.740130 1.218832 -0.609413
v 3.740116 1.218669 -0.609210
v 3.740118 1.218459 -0.609054
v 3.740137 1.218218 -0.608956
v 3.695320 1.210752 -0.602184
v 3.694695 1.211664 -0.603067
v 3.695263 1.211005 -0.602214
v 3.695178 1.211236 -0.602302
v 3.695071 1.211428 -0.602442
v 3.694950 1.211570 -0.602625
v 3.694821 1.211650 -0.602838
v 3.707508 1.212711 -0.607297
v 3.707062 1.213652 -0.608255
v 3.707457 1.212965 -0.607329
v 3.707390 1.213199 -0.607425
v 3.707312 1.213396 -0.607577
v 3.707227 1.213543 -0.607776
v 3.707142 1.213631 -0.608007
v 3.700752 1.212638 -0.605968
v 3.701290 1.211712 -0.605043
v 3.700856 1.212620 -0.605729
v 3.700963 1.212536 -0.605506
v 3.701067 1.212392 -0.605314
v 3.701160 1.212197 -0.605167
v 3.701236 1.211965 -0.605075
v 3.713914 1.213741 -0.608922
v 3.713563 1.214697 -0.609904
v 3.713866 1.213995 -0.608956
v 3.713809 1.214230 -0.609054
v 3.713746 1.214430 -0.609210
v 3.713681 1.214581 -0.609413
v 3.713618 1.214672 -0.609650
v 3.733639 1.216912 -0.609904
v 3.733577 1.217915 -0.610900
v 3.733601 1.217168 -0.609937
v 3.733573 1.217407 -0.610037
v 3.733555 1.217614 -0.610195
v 3.733550 1.217774 -0.610402
v 3.733558 1.217877 -0.610642
v 3.720447 1.214791 -0.609904
v 3.720191 1.215763 -0.610900
v 3.720402 1.215046 -0.609937
v 3.720355 1.215283 -0.610037
v 3.720306 1.215484 -0.610195
v 3.720261 1.215638 -0.610402
v 3.720222 1.215733 -0.610642
v 3.855649 1.236524 -0.375408
v 3.854526 1.237356 -0.375190
v 3.855576 1.236774 -0.375400
v 3.855441 1.236997 -0.375379
v 3.855255 1.237177 -0.375344
v 3.855030 1.237302 -0.375299
v 3.854781 1.237363 -0.375246
v 3.926295 1.247880 -0.204175
v 3.925226 1.248721 -0.203788
v 3.926223 1.248131 -0.204162
v 3.926094 1.248354 -0.204123
v 3.925916 1.248536 -0.204062
v 3.925703 1.248662 -0.203982
v 3.925467 1.248725 -0.203888
v 3.932205 1.249843 -0.187871
v 3.933352 1.249014 -0.188083
v 3.932467 1.249851 -0.187926
v 3.932720 1.249790 -0.187977
v 3.932950 1.249666 -0.188021
v 3.933140 1.249487 -0.188055
v 3.933277 1.249265 -0.188076
v 3.863257 1.238760 -0.342319
v 3.864359 1.237924 -0.342618
v 3.863507 1.238766 -0.342397
v 3.863750 1.238703 -0.342469
v 3.863971 1.238578 -0.342531
v 3.864153 1.238398 -0.342578
v 3.864286 1.238175 -0.342608
v 3.849305 1.235504 -0.411415
v 3.848165 1.236334 -0.411290
v 3.849230 1.235754 -0.411411
v 3.849094 1.235977 -0.411398
v 3.848905 1.236156 -0.411379
v 3.848677 1.236280 -0.411353
v 3.848424 1.236341 -0.411322
v 3.850185 1.236659 -0.399829
v 3.851315 1.235827 -0.400004
v 3.850442 1.236665 -0.399874
v 3.850692 1.236604 -0.399917
v 3.850918 1.236480 -0.399953
v 3.851106 1.236300 -0.399981
v 3.851241 1.236078 -0.399998
v 3.903490 1.245227 -0.254184
v 3.904528 1.244381 -0.254638
v 3.903723 1.245230 -0.254301
v 3.903951 1.245166 -0.254411
v 3.904158 1.245038 -0.254505
v 3.904331 1.244856 -0.254577
v 3.904457 1.244632 -0.254622
v 3.894289 1.242735 -0.273660
v 3.893262 1.243583 -0.273184
v 3.894218 1.242986 -0.273644
v 3.894093 1.243210 -0.273597
v 3.893922 1.243393 -0.273521
v 3.893718 1.243521 -0.273422
v 3.893492 1.243586 -0.273307
v 3.883183 1.241963 -0.292130
v 3.884226 1.241118 -0.292576
v 3.883417 1.241966 -0.292245
v 3.883646 1.241902 -0.292353
v 3.883855 1.241774 -0.292445
v 3.884028 1.241592 -0.292516
v 3.884155 1.241368 -0.292560
v 3.874216 1.239509 -0.314722
v 3.873142 1.240349 -0.314345
v 3.874144 1.239759 -0.314709
v 3.874014 1.239983 -0.314672
v 3.873836 1.240164 -0.314612
v 3.873621 1.240290 -0.314534
v 3.873384 1.240353 -0.314443
v 3.914005 1.246917 -0.231762
v 3.915068 1.246075 -0.232165
v 3.914244 1.246921 -0.231867
v 3.914478 1.246858 -0.231964
v 3.914690 1.246731 -0.232047
v 3.914867 1.246550 -0.232111
v 3.914996 1.246326 -0.232152
v 3.847053 1.236155 -0.486503
v 3.848196 1.235326 -0.486406
v 3.847313 1.236162 -0.486478
v 3.847566 1.236102 -0.486455
v 3.847795 1.235978 -0.486434
v 3.847985 1.235798 -0.486419
v 3.848121 1.235576 -0.486409
v 3.853555 1.236188 -0.522297
v 3.852427 1.237019 -0.522491
v 3.853481 1.236438 -0.522304
v 3.853346 1.236660 -0.522323
v 3.853159 1.236840 -0.522354
v 3.852933 1.236965 -0.522394
v 3.852683 1.237026 -0.522441
v 3.845395 1.235889 -0.448945
v 3.846543 1.235060 -0.448960
v 3.845656 1.235896 -0.448949
v 3.845911 1.235836 -0.448952
v 3.846141 1.235712 -0.448955
v 3.846331 1.235533 -0.448958
v 3.846468 1.235310 -0.448959
v 3.861526 1.237469 -0.555221
v 3.860419 1.238304 -0.555500
v 3.861453 1.237719 -0.555230
v 3.861320 1.237942 -0.555258
v 3.861136 1.238122 -0.555303
v 3.860914 1.238248 -0.555360
v 3.860670 1.238310 -0.555428
v 3.869936 1.239833 -0.584132
v 3.871016 1.238994 -0.583769
v 3.870180 1.239838 -0.584038
v 3.870418 1.239775 -0.583950
v 3.870634 1.239649 -0.583875
v 3.870813 1.239468 -0.583817
v 3.870943 1.239245 -0.583781
v 3.881255 1.240640 -0.607081
v 3.880219 1.241486 -0.607543
v 3.881184 1.240891 -0.607096
v 3.881058 1.241115 -0.607143
v 3.880886 1.241297 -0.607216
v 3.880679 1.241425 -0.607312
v 3.880451 1.241489 -0.607423
v 3.892783 1.242493 -0.626571
v 3.891809 1.243350 -0.627139
v 3.892714 1.242744 -0.626590
v 3.892594 1.242969 -0.626647
v 3.892432 1.243153 -0.626737
v 3.892238 1.243283 -0.626855
v 3.892025 1.243350 -0.626992
v 3.906464 1.244692 -0.644202
v 3.905558 1.245560 -0.644858
v 3.906397 1.244944 -0.644224
v 3.906284 1.245170 -0.644290
v 3.906133 1.245355 -0.644394
v 3.905953 1.245487 -0.644530
v 3.905756 1.245557 -0.644688
v 3.923163 1.247377 -0.661941
v 3.922325 1.248255 -0.662668
v 3.923098 1.247628 -0.661965
v 3.922992 1.247856 -0.662038
v 3.922851 1.248043 -0.662154
v 3.922686 1.248177 -0.662304
v 3.922506 1.248249 -0.662480
v 3.927310 1.248043 -0.665519
v 3.926419 1.248913 -0.666201
v 3.927244 1.248295 -0.665543
v 3.927133 1.248521 -0.665611
v 3.926984 1.248707 -0.665719
v 3.926807 1.248839 -0.665860
v 3.926614 1.248910 -0.666025
v 3.933352 1.249014 -0.678770
v 3.932205 1.249843 -0.678892
v 3.933277 1.249265 -0.678774
v 3.933140 1.249487 -0.678786
v 3.932950 1.249666 -0.678806
v 3.932720 1.249790 -0.678831
v 3.932467 1.249851 -0.678861
v 3.931582 1.248730 -0.671559
v 3.930511 1.249571 -0.671986
v 3.931510 1.248981 -0.671574
v 3.931381 1.249204 -0.671617
v 3.931202 1.249385 -0.671684
v 3.930988 1.249512 -0.671773
v 3.930752 1.249575 -0.671876
v 3.925327 1.247725 -0.700000
v 3.925862 1.248823 -0.698815
v 3.925309 1.247984 -0.699960
v 3.925340 1.248233 -0.699841
v 3.925418 1.248455 -0.699653
v 3.925536 1.248635 -0.699408
v 3.925688 1.248761 -0.699122
v 3.932205 1.249843 -0.692964
v 3.933140 1.249487 -0.693098
v 3.932950 1.249666 -0.693073
v 3.932720 1.249790 -0.693041
v 3.932467 1.249851 -0.693004
v 3.929339 1.248369 -0.699078
v 3.928727 1.249284 -0.698157
v 3.929283 1.248623 -0.699047
v 3.929199 1.248853 -0.698955
v 3.929094 1.249046 -0.698808
v 3.928975 1.249188 -0.698617
v 3.928849 1.249269 -0.698395
v 3.932574 1.248889 -0.695606
v 3.931523 1.248721 -0.697205
v 3.931262 1.249691 -0.695983
v 3.932470 1.248873 -0.695874
v 3.932323 1.248849 -0.696168
v 3.932143 1.248820 -0.696469
v 3.932466 1.249133 -0.695695
v 3.932339 1.249106 -0.695945
v 3.932217 1.249084 -0.696200
v 3.932074 1.249059 -0.696449
v 3.932298 1.249349 -0.695780
v 3.932199 1.249319 -0.696008
v 3.932107 1.249287 -0.696226
v 3.932004 1.249256 -0.696424
v 3.931942 1.249377 -0.696396
v 3.931537 1.248983 -0.697109
v 3.931526 1.249225 -0.696954
v 3.931492 1.249432 -0.696752
v 3.931727 1.248753 -0.697004
v 3.931719 1.249009 -0.696893
v 3.931700 1.249241 -0.696775
v 3.931669 1.249430 -0.696622
v 3.931938 1.248787 -0.696754
v 3.931902 1.249033 -0.696676
v 3.931862 1.249248 -0.696599
v 3.931829 1.249412 -0.696496
v 3.931542 1.249698 -0.695960
v 3.931820 1.249642 -0.695917
v 3.932080 1.249526 -0.695857
v 3.931353 1.249668 -0.696247
v 3.931591 1.249631 -0.696193
v 3.931823 1.249584 -0.696133
v 3.932032 1.249488 -0.696070
v 3.931431 1.249579 -0.696508
v 3.931634 1.249549 -0.696418
v 3.931823 1.249512 -0.696332
v 3.931984 1.249437 -0.696260
v 3.529482 1.172808 0.699000
v 3.530016 1.171881 0.699000
v 3.530469 1.172967 0.700000
v 3.529467 1.172544 0.699000
v 3.529499 1.172305 0.699000
v 3.529577 1.172107 0.699000
v 3.529584 1.172825 0.699259
v 3.529574 1.172551 0.699267
v 3.529608 1.172321 0.699262
v 3.529675 1.172148 0.699257
v 3.529726 1.172848 0.699500
v 3.529716 1.172579 0.699502
v 3.529735 1.172366 0.699476
v 3.529781 1.172219 0.699455
v 3.529861 1.172285 0.699577
v 3.530100 1.171929 0.699259
v 3.530189 1.172045 0.699500
v 3.530275 1.172220 0.699707
v 3.529845 1.171888 0.699000
v 3.529927 1.171943 0.699269
v 3.530016 1.172059 0.699502
v 3.530096 1.172215 0.699683
v 3.529695 1.171965 0.699000
v 3.529781 1.172022 0.699264
v 3.529876 1.172123 0.699477
v 3.529953 1.172246 0.699629
v 3.530282 1.172937 0.699966
v 3.530087 1.172906 0.699866
v 3.529897 1.172875 0.699707
v 3.530421 1.172697 0.699966
v 3.530224 1.172657 0.699925
v 3.530035 1.172631 0.699824
v 3.529869 1.172610 0.699684
v 3.530354 1.172442 0.699866
v 3.530161 1.172409 0.699824
v 3.529994 1.172408 0.699739
v 3.529860 1.172408 0.699630
v 3.934133 1.237854 0.700000
v 3.934291 1.236867 0.699000
v 3.935120 1.238013 0.699000
v 3.934174 1.237599 0.699966
v 3.934212 1.237360 0.699866
v 3.934245 1.237156 0.699707
v 3.934388 1.237895 0.699966
v 3.934439 1.237631 0.699925
v 3.934471 1.237401 0.699824
v 3.934495 1.237221 0.699684
v 3.934626 1.237934 0.699866
v 3.934670 1.237673 0.699824
v 3.934679 1.237459 0.699739
v 3.934682 1.237305 0.699630
v 3.934794 1.237376 0.699577
v 3.934541 1.236941 0.699000
v 3.934764 1.237078 0.699000
v 3.934943 1.237268 0.699000
v 3.934286 1.236900 0.699259
v 3.934545 1.236983 0.699267
v 3.934759 1.237120 0.699262
v 3.934916 1.237288 0.699257
v 3.934270 1.236999 0.699500
v 3.934524 1.237083 0.699502
v 3.934721 1.237200 0.699476
v 3.934854 1.237332 0.699455
v 3.935086 1.238007 0.699259
v 3.934988 1.237992 0.699500
v 3.934831 1.237966 0.699707
v 3.935127 1.237752 0.699000
v 3.935089 1.237738 0.699269
v 3.934988 1.237726 0.699502
v 3.934848 1.237709 0.699683
v 3.935067 1.237498 0.699000
v 3.935025 1.237489 0.699264
v 3.934938 1.237501 0.699477
v 3.934827 1.237504 0.699629
v 3.529482 1.172808 -0.699000
v 3.530469 1.172967 -0.700000
v 3.529992 1.171878 -0.698808
v 3.529587 1.172825 -0.699280
v 3.529730 1.172848 -0.699535
v 3.529903 1.172876 -0.699747
v 3.529463 1.172543 -0.698972
v 3.529575 1.172553 -0.699262
v 3.529717 1.172580 -0.699508
v 3.529870 1.172610 -0.699693
v 3.529492 1.172303 -0.698939
v 3.529604 1.172320 -0.699224
v 3.529732 1.172366 -0.699451
v 3.529857 1.172408 -0.699611
v 3.529856 1.172284 -0.699537
v 3.530417 1.172697 -0.699938
v 3.530347 1.172441 -0.699805
v 3.530263 1.172218 -0.699611
v 3.530285 1.172937 -0.699987
v 3.530224 1.172655 -0.699918
v 3.530158 1.172409 -0.699784
v 3.530087 1.172214 -0.699612
v 3.530092 1.172906 -0.699901
v 3.530035 1.172630 -0.699829
v 3.529991 1.172408 -0.699714
v 3.529946 1.172245 -0.699577
v 3.529824 1.171885 -0.698836
v 3.529678 1.171963 -0.698869
v 3.529565 1.172106 -0.698904
v 3.530079 1.171926 -0.699095
v 3.529908 1.171940 -0.699133
v 3.529767 1.172019 -0.699161
v 3.529667 1.172146 -0.699186
v 3.530172 1.172042 -0.699369
v 3.530003 1.172058 -0.699400
v 3.529866 1.172122 -0.699401
v 3.529774 1.172218 -0.699403
v 3.934291 1.236867 -0.692495
v 3.935120 1.238013 -0.693068
v 3.934541 1.236941 -0.692644
v 3.934764 1.237078 -0.692782
v 3.934943 1.237268 -0.692901
v 3.935067 1.237498 -0.692992
v 3.735408 1.205910 -0.273850
v 3.735663 1.204938 -0.272854
v 3.735452 1.205655 -0.273816
v 3.735500 1.205418 -0.273717
v 3.735548 1.205216 -0.273558
v 3.735593 1.205063 -0.273352
v 3.735633 1.204968 -0.273112
v 3.728970 1.203862 -0.272521
v 3.728812 1.204850 -0.273522
v 3.728965 1.203896 -0.272780
v 3.728949 1.203995 -0.273021
v 3.728924 1.204152 -0.273229
v 3.728891 1.204356 -0.273388
v 3.728853 1.204594 -0.273488
v 3.742292 1.206004 -0.273850
v 3.741940 1.206960 -0.274832
v 3.742237 1.206029 -0.274104
v 3.742174 1.206120 -0.274341
v 3.742109 1.206271 -0.274544
v 3.742045 1.206470 -0.274700
v 3.741988 1.206706 -0.274798
v 3.766907 1.209960 -0.284177
v 3.766199 1.210860 -0.285009
v 3.766759 1.209971 -0.284392
v 3.766611 1.210049 -0.284593
v 3.766472 1.210187 -0.284765
v 3.766352 1.210378 -0.284897
v 3.766259 1.210607 -0.284981
v 3.722277 1.202786 -0.272854
v 3.722215 1.203789 -0.273850
v 3.722297 1.202824 -0.273112
v 3.722304 1.202927 -0.273352
v 3.722299 1.203087 -0.273558
v 3.722282 1.203294 -0.273717
v 3.722253 1.203533 -0.273816
v 3.686119 1.197987 -0.288994
v 3.685651 1.196899 -0.288220
v 3.686139 1.197728 -0.288967
v 3.686115 1.197480 -0.288890
v 3.686048 1.197259 -0.288767
v 3.685943 1.197082 -0.288607
v 3.685808 1.196959 -0.288420
v 3.680686 1.196101 -0.292778
v 3.681226 1.197201 -0.293486
v 3.680861 1.196164 -0.292961
v 3.681014 1.196289 -0.293132
v 3.681134 1.196469 -0.293278
v 3.681212 1.196692 -0.293391
v 3.681243 1.196941 -0.293462
v 3.784766 1.213844 -0.303814
v 3.785747 1.212989 -0.303258
v 3.784835 1.213593 -0.303795
v 3.784956 1.213368 -0.303740
v 3.785119 1.213185 -0.303651
v 3.785314 1.213055 -0.303536
v 3.785528 1.212988 -0.303402
v 3.691424 1.198840 -0.285009
v 3.691033 1.197764 -0.284176
v 3.691446 1.198581 -0.284981
v 3.691430 1.198334 -0.284897
v 3.691375 1.198116 -0.284765
v 3.691287 1.197941 -0.284593
v 3.691170 1.197821 -0.284392
v 3.771503 1.211712 -0.288994
v 3.772289 1.210826 -0.288220
v 3.771566 1.211460 -0.288967
v 3.771667 1.211232 -0.288890
v 3.771799 1.211044 -0.288767
v 3.771955 1.210908 -0.288607
v 3.772122 1.210833 -0.288420
v 3.748792 1.207049 -0.275499
v 3.748346 1.207990 -0.276457
v 3.748712 1.207070 -0.275747
v 3.748627 1.207158 -0.275978
v 3.748543 1.207305 -0.276176
v 3.748464 1.207502 -0.276329
v 3.748397 1.207736 -0.276424
v 3.754565 1.208989 -0.278710
v 3.755101 1.208063 -0.277785
v 3.754618 1.208736 -0.278679
v 3.754694 1.208504 -0.278587
v 3.754787 1.208309 -0.278440
v 3.754891 1.208165 -0.278248
v 3.754998 1.208081 -0.278025
v 3.702839 1.199662 -0.277785
v 3.703058 1.200710 -0.278710
v 3.702931 1.199711 -0.278025
v 3.703007 1.199825 -0.278248
v 3.703060 1.199994 -0.278440
v 3.703087 1.200208 -0.278587
v 3.703087 1.200452 -0.278679
v 3.760535 1.209949 -0.281570
v 3.761159 1.209037 -0.280687
v 3.760592 1.209696 -0.281540
v 3.760676 1.209465 -0.281452
v 3.760783 1.209273 -0.281312
v 3.760905 1.209131 -0.281129
v 3.761033 1.209051 -0.280916
v 3.676791 1.196488 -0.298442
v 3.676186 1.195377 -0.297807
v 3.676806 1.196228 -0.298420
v 3.676768 1.195977 -0.298357
v 3.676679 1.195753 -0.298256
v 3.676546 1.195571 -0.298124
v 3.676378 1.195443 -0.297971
v 3.672194 1.194736 -0.303258
v 3.672857 1.195855 -0.303814
v 3.672401 1.194804 -0.303402
v 3.672583 1.194934 -0.303536
v 3.672728 1.195118 -0.303651
v 3.672826 1.195344 -0.303740
v 3.672870 1.195595 -0.303795
v 3.709148 1.200676 -0.275499
v 3.709276 1.201710 -0.276457
v 3.709217 1.200722 -0.275747
v 3.709270 1.200831 -0.275978
v 3.709305 1.200998 -0.276176
v 3.709317 1.201210 -0.276329
v 3.709308 1.201452 -0.276424
v 3.715648 1.201721 -0.273850
v 3.715683 1.202739 -0.274832
v 3.715693 1.201763 -0.274104
v 3.715724 1.201869 -0.274341
v 3.715738 1.202032 -0.274544
v 3.715736 1.202241 -0.274700
v 3.715717 1.202483 -0.274798
v 3.776397 1.212499 -0.293486
v 3.777255 1.211624 -0.292778
v 3.776462 1.212247 -0.293462
v 3.776570 1.212020 -0.293391
v 3.776714 1.211834 -0.293278
v 3.776884 1.211700 -0.293132
v 3.777068 1.211628 -0.292961
v 3.781755 1.212347 -0.297807
v 3.780832 1.213212 -0.298442
v 3.781552 1.212349 -0.297971
v 3.781351 1.212418 -0.298124
v 3.781168 1.212550 -0.298256
v 3.781014 1.212734 -0.298357
v 3.780899 1.212960 -0.298420
v 3.697088 1.199750 -0.281570
v 3.696781 1.198688 -0.280687
v 3.697114 1.199492 -0.281540
v 3.697105 1.199247 -0.281452
v 3.697064 1.199030 -0.281312
v 3.696993 1.198858 -0.281129
v 3.696896 1.198741 -0.280916
v 3.796926 1.214786 -0.334903
v 3.795783 1.215615 -0.335001
v 3.796666 1.214779 -0.334928
v 3.796413 1.214839 -0.334952
v 3.796184 1.214963 -0.334972
v 3.795995 1.215143 -0.334988
v 3.795858 1.215365 -0.334998
v 3.796107 1.215667 -0.341682
v 3.797255 1.214839 -0.341682
v 3.796182 1.215417 -0.341682
v 3.796319 1.215195 -0.341682
v 3.796509 1.215016 -0.341682
v 3.796739 1.214892 -0.341682
v 3.796993 1.214831 -0.341682
v 3.795783 1.215615 -0.348363
v 3.796926 1.214786 -0.348461
v 3.795858 1.215365 -0.348366
v 3.795995 1.215143 -0.348376
v 3.796184 1.214963 -0.348392
v 3.796413 1.214839 -0.348412
v 3.796666 1.214779 -0.348436
v 3.794814 1.215459 -0.354979
v 3.795943 1.214628 -0.355174
v 3.794888 1.215209 -0.354986
v 3.795023 1.214987 -0.355005
v 3.795210 1.214807 -0.355036
v 3.795436 1.214682 -0.355077
v 3.795686 1.214621 -0.355124
v 3.795943 1.214628 -0.328189
v 3.794814 1.215459 -0.328385
v 3.795686 1.214621 -0.328240
v 3.795437 1.214682 -0.328287
v 3.795211 1.214807 -0.328327
v 3.795024 1.214987 -0.328358
v 3.794888 1.215209 -0.328378
v 3.794314 1.214366 -0.321606
v 3.793210 1.215201 -0.321896
v 3.794064 1.214360 -0.321681
v 3.793820 1.214422 -0.321751
v 3.793599 1.214548 -0.321811
v 3.793416 1.214728 -0.321857
v 3.793283 1.214951 -0.321886
v 3.790985 1.214844 -0.315598
v 3.792057 1.214003 -0.315215
v 3.791057 1.214593 -0.315585
v 3.791187 1.214370 -0.315547
v 3.791364 1.214189 -0.315486
v 3.791579 1.214062 -0.315407
v 3.791815 1.213999 -0.315314
v 3.789192 1.213543 -0.309079
v 3.788161 1.214390 -0.309552
v 3.788960 1.213540 -0.309202
v 3.788734 1.213605 -0.309316
v 3.788529 1.213733 -0.309413
v 3.788357 1.213915 -0.309488
v 3.788232 1.214139 -0.309535
v 3.665884 1.193721 -0.315215
v 3.666638 1.194856 -0.315598
v 3.666114 1.193793 -0.315314
v 3.666319 1.193927 -0.315407
v 3.666483 1.194114 -0.315486
v 3.666595 1.194342 -0.315547
v 3.666648 1.194595 -0.315585
v 3.668749 1.194182 -0.309079
v 3.669462 1.195310 -0.309552
v 3.668969 1.194252 -0.309202
v 3.669163 1.194384 -0.309316
v 3.669318 1.194570 -0.309413
v 3.669424 1.194797 -0.309488
v 3.669473 1.195049 -0.309535
v 3.661998 1.193097 -0.328189
v 3.662808 1.194240 -0.328385
v 3.662243 1.193171 -0.328240
v 3.662461 1.193307 -0.328287
v 3.662637 1.193496 -0.328327
v 3.662758 1.193725 -0.328358
v 3.662817 1.193979 -0.328378
v 3.664413 1.194498 -0.321896
v 3.663626 1.193359 -0.321605
v 3.664422 1.194237 -0.321886
v 3.664366 1.193984 -0.321857
v 3.664248 1.193755 -0.321811
v 3.664078 1.193567 -0.321751
v 3.663865 1.193432 -0.321681
v 3.661015 1.192939 -0.334903
v 3.661839 1.194084 -0.335001
v 3.661264 1.193013 -0.334928
v 3.661485 1.193150 -0.334952
v 3.661664 1.193340 -0.334972
v 3.661787 1.193569 -0.334988
v 3.661847 1.193823 -0.334998
v 3.661515 1.194032 -0.341682
v 3.660686 1.192886 -0.341682
v 3.661523 1.193771 -0.341682
v 3.661462 1.193517 -0.341682
v 3.661338 1.193287 -0.341682
v 3.661159 1.193098 -0.341682
v 3.660936 1.192961 -0.341682
v 3.661015 1.192939 -0.348461
v 3.661839 1.194084 -0.348363
v 3.661264 1.193013 -0.348435
v 3.661485 1.193150 -0.348412
v 3.661664 1.193340 -0.348392
v 3.661787 1.193569 -0.348376
v 3.661847 1.193823 -0.348366
v 3.661998 1.193097 -0.355174
v 3.662808 1.194240 -0.354979
v 3.662243 1.193171 -0.355124
v 3.662461 1.193307 -0.355077
v 3.662637 1.193496 -0.355036
v 3.662758 1.193725 -0.355005
v 3.662817 1.193979 -0.354986
v 3.793210 1.215201 -0.361468
v 3.794314 1.214366 -0.361758
v 3.793283 1.214951 -0.361478
v 3.793416 1.214728 -0.361507
v 3.793599 1.214548 -0.361553
v 3.793820 1.214422 -0.361613
v 3.794064 1.214360 -0.361683
v 3.790985 1.214844 -0.367766
v 3.792057 1.214003 -0.368149
v 3.791057 1.214593 -0.367779
v 3.791187 1.214370 -0.367817
v 3.791364 1.214189 -0.367878
v 3.791579 1.214062 -0.367957
v 3.791815 1.213999 -0.368050
v 3.788161 1.214390 -0.373812
v 3.789192 1.213543 -0.374284
v 3.788232 1.214139 -0.373828
v 3.788357 1.213915 -0.373875
v 3.788529 1.213733 -0.373950
v 3.788734 1.213605 -0.374048
v 3.788961 1.213540 -0.374162
v 3.780832 1.213212 -0.384922
v 3.781755 1.212347 -0.385557
v 3.780899 1.212960 -0.384944
v 3.781014 1.212734 -0.385007
v 3.781168 1.212550 -0.385108
v 3.781351 1.212418 -0.385240
v 3.781552 1.212349 -0.385393
v 3.785747 1.212989 -0.380106
v 3.784766 1.213844 -0.379550
v 3.785528 1.212988 -0.379962
v 3.785314 1.213055 -0.379828
v 3.785119 1.213185 -0.379712
v 3.784956 1.213368 -0.379624
v 3.784835 1.213593 -0.379568
v 3.772289 1.210826 -0.395144
v 3.771503 1.211712 -0.394370
v 3.772122 1.210833 -0.394944
v 3.771955 1.210908 -0.394757
v 3.771799 1.211044 -0.394597
v 3.771667 1.211232 -0.394474
v 3.771566 1.211460 -0.394397
v 3.766199 1.210860 -0.398355
v 3.766907 1.209960 -0.399187
v 3.766259 1.210607 -0.398383
v 3.766352 1.210378 -0.398466
v 3.766472 1.210187 -0.398599
v 3.766611 1.210049 -0.398771
v 3.766759 1.209971 -0.398972
v 3.777255 1.211624 -0.390586
v 3.776397 1.212499 -0.389878
v 3.777068 1.211628 -0.390403
v 3.776884 1.211700 -0.390232
v 3.776714 1.211834 -0.390086
v 3.776570 1.212020 -0.389973
v 3.776462 1.212247 -0.389902
v 3.686119 1.197987 -0.394370
v 3.685651 1.196899 -0.395144
v 3.686139 1.197728 -0.394397
v 3.686115 1.197480 -0.394474
v 3.686048 1.197259 -0.394597
v 3.685943 1.197082 -0.394757
v 3.685808 1.196959 -0.394944
v 3.681226 1.197201 -0.389878
v 3.680686 1.196101 -0.390586
v 3.681243 1.196941 -0.389902
v 3.681212 1.196692 -0.389973
v 3.681134 1.196469 -0.390086
v 3.681014 1.196289 -0.390232
v 3.680861 1.196164 -0.390403
v 3.691033 1.197764 -0.399187
v 3.691424 1.198840 -0.398355
v 3.691170 1.197821 -0.398972
v 3.691287 1.197941 -0.398771
v 3.691375 1.198116 -0.398599
v 3.691430 1.198334 -0.398466
v 3.691446 1.198581 -0.398383
v 3.669462 1.195309 -0.373812
v 3.668749 1.194182 -0.374284
v 3.669473 1.195049 -0.373828
v 3.669424 1.194797 -0.373875
v 3.669318 1.194570 -0.373950
v 3.669163 1.194384 -0.374048
v 3.668969 1.194252 -0.374162
v 3.676791 1.196488 -0.384922
v 3.676186 1.195377 -0.385557
v 3.676806 1.196228 -0.384944
v 3.676768 1.195977 -0.385007
v 3.676679 1.195753 -0.385108
v 3.676546 1.195571 -0.385240
v 3.676378 1.195443 -0.385393
v 3.672194 1.194736 -0.380106
v 3.672857 1.195855 -0.379550
v 3.672401 1.194804 -0.379962
v 3.672583 1.194934 -0.379828
v 3.672728 1.195118 -0.379712
v 3.672826 1.195344 -0.379624
v 3.672870 1.195595 -0.379568
v 3.666638 1.194856 -0.367766
v 3.665884 1.193721 -0.368149
v 3.666648 1.194595 -0.367779
v 3.666595 1.194342 -0.367817
v 3.666483 1.194114 -0.367878
v 3.666319 1.193927 -0.367957
v 3.666114 1.193793 -0.368050
v 3.663626 1.193359 -0.361758
v 3.664413 1.194498 -0.361468
v 3.663865 1.193432 -0.361683
v 3.664078 1.193567 -0.361613
v 3.664248 1.193755 -0.361553
v 3.664366 1.193984 -0.361507
v 3.664422 1.194237 -0.361478
v 3.728970 1.203862 -0.472911
v 3.728812 1.204850 -0.473912
v 3.728965 1.203896 -0.473170
v 3.728949 1.203995 -0.473411
v 3.728924 1.204152 -0.473619
v 3.728891 1.204356 -0.473778
v 3.728853 1.204594 -0.473878
v 3.735663 1.204938 -0.410510
v 3.735408 1.205910 -0.409514
v 3.735633 1.204968 -0.410252
v 3.735593 1.205063 -0.410012
v 3.735548 1.205216 -0.409805
v 3.735500 1.205418 -0.409647
v 3.735452 1.205655 -0.409547
v 3.722277 1.202786 -0.473244
v 3.722215 1.203789 -0.474240
v 3.722297 1.202824 -0.473502
v 3.722304 1.202927 -0.473742
v 3.722299 1.203087 -0.473948
v 3.722282 1.203294 -0.474107
v 3.722253 1.203533 -0.474206
v 3.728812 1.204850 -0.409842
v 3.728970 1.203862 -0.410843
v 3.728853 1.204594 -0.409876
v 3.728891 1.204356 -0.409976
v 3.728924 1.204152 -0.410135
v 3.728949 1.203995 -0.410342
v 3.728965 1.203896 -0.410584
v 3.722215 1.203789 -0.409514
v 3.722277 1.202786 -0.410510
v 3.722253 1.203533 -0.409547
v 3.722282 1.203294 -0.409647
v 3.722299 1.203087 -0.409805
v 3.722304 1.202927 -0.410012
v 3.722297 1.202824 -0.410252
v 3.715683 1.202739 -0.408532
v 3.715648 1.201721 -0.409514
v 3.715717 1.202483 -0.408565
v 3.715736 1.202241 -0.408664
v 3.715738 1.202032 -0.408820
v 3.715724 1.201869 -0.409023
v 3.715693 1.201763 -0.409260
v 3.742292 1.206004 -0.409514
v 3.741940 1.206960 -0.408532
v 3.742236 1.206029 -0.409260
v 3.742174 1.206120 -0.409023
v 3.742109 1.206271 -0.408820
v 3.742045 1.206470 -0.408664
v 3.741988 1.206706 -0.408565
v 3.709276 1.201710 -0.406907
v 3.709148 1.200676 -0.407865
v 3.709308 1.201452 -0.406940
v 3.709317 1.201210 -0.407035
v 3.709305 1.200998 -0.407187
v 3.709270 1.200831 -0.407386
v 3.709217 1.200722 -0.407617
v 3.755101 1.208063 -0.405578
v 3.754565 1.208989 -0.404653
v 3.754998 1.208081 -0.405339
v 3.754891 1.208165 -0.405116
v 3.754787 1.208309 -0.404924
v 3.754694 1.208504 -0.404777
v 3.754618 1.208736 -0.404685
v 3.748792 1.207049 -0.407865
v 3.748346 1.207990 -0.406907
v 3.748712 1.207070 -0.407617
v 3.748627 1.207158 -0.407386
v 3.748543 1.207305 -0.407187
v 3.748464 1.207502 -0.407035
v 3.748397 1.207736 -0.406939
v 3.761159 1.209037 -0.402676
v 3.760535 1.209949 -0.401793
v 3.761033 1.209051 -0.402448
v 3.760905 1.209131 -0.402235
v 3.760783 1.209273 -0.402052
v 3.760676 1.209465 -0.401912
v 3.760592 1.209696 -0.401824
v 3.703058 1.200710 -0.404653
v 3.702839 1.199662 -0.405578
v 3.703087 1.200452 -0.404685
v 3.703087 1.200208 -0.404777
v 3.703060 1.199994 -0.404924
v 3.703007 1.199825 -0.405116
v 3.702931 1.199711 -0.405339
v 3.697088 1.199750 -0.401793
v 3.696781 1.198688 -0.402676
v 3.697114 1.199492 -0.401824
v 3.697105 1.199247 -0.401912
v 3.697064 1.199030 -0.402052
v 3.696993 1.198858 -0.402235
v 3.696896 1.198741 -0.402448
v 3.755101 1.208063 -0.478175
v 3.754565 1.208989 -0.479100
v 3.754998 1.208081 -0.478415
v 3.754891 1.208165 -0.478638
v 3.754787 1.208309 -0.478829
v 3.754694 1.208504 -0.478976
v 3.754618 1.208736 -0.479069
v 3.685651 1.196899 -0.488610
v 3.686119 1.197987 -0.489384
v 3.685808 1.196959 -0.488810
v 3.685943 1.197082 -0.488997
v 3.686048 1.197259 -0.489157
v 3.686115 1.197480 -0.489280
v 3.686139 1.197728 -0.489357
v 3.735408 1.205910 -0.474240
v 3.735663 1.204938 -0.473244
v 3.735452 1.205655 -0.474206
v 3.735500 1.205418 -0.474107
v 3.735548 1.205216 -0.473948
v 3.735593 1.205063 -0.473742
v 3.735633 1.204968 -0.473502
v 3.760535 1.209949 -0.481960
v 3.761159 1.209037 -0.481077
v 3.760592 1.209696 -0.481930
v 3.760676 1.209465 -0.481842
v 3.760783 1.209273 -0.481702
v 3.760905 1.209131 -0.481519
v 3.761033 1.209051 -0.481306
v 3.715648 1.201721 -0.474240
v 3.715683 1.202739 -0.475222
v 3.715693 1.201763 -0.474494
v 3.715724 1.201869 -0.474731
v 3.715738 1.202032 -0.474934
v 3.715736 1.202241 -0.475090
v 3.715717 1.202483 -0.475188
v 3.772289 1.210826 -0.488610
v 3.771503 1.211712 -0.489384
v 3.772122 1.210833 -0.488810
v 3.771955 1.210908 -0.488997
v 3.771799 1.211044 -0.489157
v 3.771667 1.211232 -0.489280
v 3.771566 1.211460 -0.489357
v 3.691424 1.198840 -0.485399
v 3.691033 1.197764 -0.484566
v 3.691446 1.198581 -0.485371
v 3.691430 1.198334 -0.485287
v 3.691375 1.198116 -0.485155
v 3.691287 1.197941 -0.484983
v 3.691170 1.197821 -0.484782
v 3.681226 1.197201 -0.493876
v 3.680686 1.196101 -0.493168
v 3.681243 1.196941 -0.493851
v 3.681212 1.196692 -0.493781
v 3.681134 1.196469 -0.493668
v 3.681014 1.196289 -0.493522
v 3.680861 1.196164 -0.493351
v 3.780832 1.213212 -0.498832
v 3.781755 1.212347 -0.498197
v 3.780899 1.212960 -0.498810
v 3.781013 1.212734 -0.498747
v 3.781168 1.212550 -0.498646
v 3.781351 1.212418 -0.498514
v 3.781552 1.212349 -0.498361
v 3.784766 1.213844 -0.504204
v 3.785747 1.212989 -0.503648
v 3.784835 1.213593 -0.504185
v 3.784956 1.213368 -0.504130
v 3.785119 1.213185 -0.504041
v 3.785314 1.213055 -0.503926
v 3.785528 1.212988 -0.503792
v 3.748792 1.207049 -0.475889
v 3.748346 1.207990 -0.476847
v 3.748713 1.207070 -0.476137
v 3.748627 1.207158 -0.476368
v 3.748543 1.207305 -0.476566
v 3.748464 1.207502 -0.476719
v 3.748397 1.207736 -0.476814
v 3.742292 1.206004 -0.474240
v 3.741940 1.206960 -0.475222
v 3.742237 1.206029 -0.474494
v 3.742174 1.206120 -0.474731
v 3.742109 1.206271 -0.474934
v 3.742045 1.206470 -0.475090
v 3.741988 1.206706 -0.475188
v 3.709276 1.201710 -0.476847
v 3.709148 1.200676 -0.475889
v 3.709308 1.201452 -0.476814
v 3.709317 1.201210 -0.476719
v 3.709305 1.200998 -0.476566
v 3.709270 1.200831 -0.476368
v 3.709217 1.200722 -0.476137
v 3.676186 1.195377 -0.498197
v 3.676791 1.196488 -0.498832
v 3.676378 1.195443 -0.498361
v 3.676546 1.195571 -0.498514
v 3.676679 1.195753 -0.498646
v 3.676768 1.195977 -0.498747
v 3.676806 1.196228 -0.498810
v 3.776397 1.212499 -0.493876
v 3.777255 1.211624 -0.493168
v 3.776462 1.212247 -0.493851
v 3.776570 1.212020 -0.493781
v 3.776714 1.211834 -0.493668
v 3.776884 1.211700 -0.493522
v 3.777068 1.211628 -0.493351
v 3.702839 1.199662 -0.478175
v 3.703058 1.200710 -0.479100
v 3.702931 1.199711 -0.478415
v 3.703007 1.199825 -0.478638
v 3.703060 1.199994 -0.478829
v 3.703087 1.200208 -0.478976
v 3.703087 1.200452 -0.479069
v 3.766907 1.209960 -0.484567
v 3.766199 1.210860 -0.485399
v 3.766759 1.209971 -0.484782
v 3.766611 1.210049 -0.484983
v 3.766472 1.210187 -0.485155
v 3.766352 1.210378 -0.485288
v 3.766259 1.210607 -0.485371
v 3.672194 1.194736 -0.503648
v 3.672857 1.195855 -0.504204
v 3.672401 1.194804 -0.503792
v 3.672583 1.194934 -0.503926
v 3.672728 1.195118 -0.504041
v 3.672826 1.195344 -0.504130
v 3.672870 1.195595 -0.504185
v 3.697088 1.199750 -0.481960
v 3.696781 1.198688 -0.481077
v 3.697114 1.199492 -0.481930
v 3.697105 1.199247 -0.481842
v 3.697064 1.199030 -0.481702
v 3.696993 1.198858 -0.481519
v 3.696896 1.198741 -0.481306
v 3.795783 1.215615 -0.548753
v 3.796926 1.214786 -0.548851
v 3.795858 1.215365 -0.548756
v 3.795995 1.215143 -0.548766
v 3.796184 1.214963 -0.548781
v 3.796413 1.214839 -0.548802
v 3.796666 1.214779 -0.548825
v 3.796926 1.214786 -0.535293
v 3.795783 1.215615 -0.535391
v 3.796666 1.214779 -0.535318
v 3.796413 1.214839 -0.535342
v 3.796184 1.214963 -0.535362
v 3.795995 1.215143 -0.535378
v 3.795858 1.215365 -0.535388
v 3.796107 1.215667 -0.542072
v 3.797255 1.214839 -0.542072
v 3.796182 1.215417 -0.542072
v 3.796319 1.215195 -0.542072
v 3.796509 1.215016 -0.542072
v 3.796739 1.214892 -0.542072
v 3.796993 1.214831 -0.542072
v 3.795943 1.214628 -0.528579
v 3.794814 1.215459 -0.528775
v 3.795686 1.214621 -0.528630
v 3.795437 1.214682 -0.528677
v 3.795211 1.214807 -0.528717
v 3.795024 1.214987 -0.528748
v 3.794888 1.215209 -0.528768
v 3.794814 1.215459 -0.555369
v 3.795943 1.214628 -0.555564
v 3.794888 1.215209 -0.555376
v 3.795023 1.214987 -0.555395
v 3.795210 1.214807 -0.555426
v 3.795436 1.214682 -0.555467
v 3.795686 1.214621 -0.555514
v 3.794314 1.214366 -0.521996
v 3.793210 1.215201 -0.522286
v 3.794064 1.214360 -0.522071
v 3.793820 1.214422 -0.522141
v 3.793599 1.214548 -0.522201
v 3.793416 1.214728 -0.522247
v 3.793283 1.214951 -0.522276
v 3.789192 1.213543 -0.509470
v 3.788161 1.214390 -0.509942
v 3.788961 1.213540 -0.509592
v 3.788734 1.213605 -0.509706
v 3.788529 1.213733 -0.509803
v 3.788357 1.213915 -0.509878
v 3.788232 1.214139 -0.509925
v 3.792057 1.214003 -0.515605
v 3.790985 1.214844 -0.515988
v 3.791815 1.213999 -0.515704
v 3.791579 1.214062 -0.515797
v 3.791364 1.214189 -0.515876
v 3.791187 1.214370 -0.515937
v 3.791057 1.214593 -0.515975
v 3.668749 1.194182 -0.509470
v 3.669462 1.195310 -0.509942
v 3.668969 1.194252 -0.509592
v 3.669163 1.194384 -0.509706
v 3.669319 1.194570 -0.509803
v 3.669424 1.194797 -0.509878
v 3.669473 1.195049 -0.509925
v 3.666638 1.194856 -0.515988
v 3.665884 1.193721 -0.515605
v 3.666648 1.194595 -0.515975
v 3.666595 1.194342 -0.515937
v 3.666483 1.194114 -0.515876
v 3.666319 1.193927 -0.515797
v 3.666115 1.193793 -0.515704
v 3.663626 1.193359 -0.562148
v 3.664413 1.194498 -0.561858
v 3.663865 1.193431 -0.562073
v 3.664078 1.193567 -0.562003
v 3.664248 1.193755 -0.561943
v 3.664366 1.193984 -0.561897
v 3.664422 1.194237 -0.561868
v 3.663626 1.193359 -0.521996
v 3.664413 1.194498 -0.522286
v 3.663865 1.193431 -0.522071
v 3.664078 1.193567 -0.522141
v 3.664248 1.193755 -0.522201
v 3.664366 1.193984 -0.522247
v 3.664422 1.194237 -0.522276
v 3.661998 1.193097 -0.528579
v 3.662808 1.194240 -0.528775
v 3.662243 1.193171 -0.528630
v 3.662461 1.193307 -0.528677
v 3.662637 1.193496 -0.528717
v 3.662758 1.193725 -0.528748
v 3.662817 1.193979 -0.528768
v 3.661015 1.192939 -0.535293
v 3.661839 1.194084 -0.535391
v 3.661264 1.193013 -0.535318
v 3.661485 1.193150 -0.535342
v 3.661664 1.193340 -0.535362
v 3.661787 1.193569 -0.535378
v 3.661847 1.193823 -0.535388
v 3.660686 1.192886 -0.542072
v 3.661515 1.194032 -0.542072
v 3.660936 1.192961 -0.542072
v 3.661159 1.193098 -0.542072
v 3.661338 1.193287 -0.542072
v 3.661462 1.193517 -0.542072
v 3.661523 1.193771 -0.542072
v 3.661015 1.192939 -0.548851
v 3.661839 1.194084 -0.548753
v 3.661264 1.193013 -0.548825
v 3.661485 1.193150 -0.548802
v 3.661664 1.193340 -0.548781
v 3.661787 1.193569 -0.548766
v 3.661847 1.193823 -0.548756
v 3.661998 1.193097 -0.555565
v 3.662808 1.194240 -0.555369
v 3.662243 1.193171 -0.555514
v 3.662461 1.193307 -0.555467
v 3.662637 1.193496 -0.555426
v 3.662758 1.193725 -0.555395
v 3.662817 1.193979 -0.555376
v 3.793210 1.215201 -0.561858
v 3.794314 1.214366 -0.562148
v 3.793283 1.214951 -0.561868
v 3.793416 1.214728 -0.561897
v 3.793599 1.214548 -0.561943
v 3.793820 1.214422 -0.562003
v 3.794064 1.214360 -0.562073
v 3.788161 1.214390 -0.574202
v 3.789192 1.213543 -0.574674
v 3.788232 1.214139 -0.574218
v 3.788357 1.213915 -0.574265
v 3.788529 1.213733 -0.574340
v 3.788734 1.213605 -0.574438
v 3.788961 1.213540 -0.574552
v 3.790985 1.214844 -0.568155
v 3.792057 1.214003 -0.568539
v 3.791057 1.214593 -0.568169
v 3.791187 1.214370 -0.568207
v 3.791364 1.214189 -0.568268
v 3.791579 1.214062 -0.568347
v 3.791815 1.213999 -0.568439
v 3.784766 1.213844 -0.579939
v 3.785747 1.212989 -0.580496
v 3.784835 1.213593 -0.579958
v 3.784956 1.213368 -0.580014
v 3.785119 1.213185 -0.580102
v 3.785314 1.213055 -0.580218
v 3.785528 1.212988 -0.580352
v 3.781755 1.212347 -0.585947
v 3.780832 1.213212 -0.585312
v 3.781552 1.212349 -0.585783
v 3.781351 1.212418 -0.585630
v 3.781168 1.212550 -0.585498
v 3.781013 1.212734 -0.585397
v 3.780899 1.212960 -0.585334
v 3.776397 1.212499 -0.590268
v 3.777255 1.211624 -0.590976
v 3.776462 1.212247 -0.590292
v 3.776570 1.212020 -0.590363
v 3.776714 1.211834 -0.590475
v 3.776884 1.211700 -0.590622
v 3.777068 1.211628 -0.590793
v 3.771503 1.211712 -0.594760
v 3.772289 1.210826 -0.595534
v 3.771566 1.211460 -0.594787
v 3.771667 1.211232 -0.594864
v 3.771799 1.211044 -0.594987
v 3.771954 1.210908 -0.595147
v 3.772121 1.210833 -0.595334
v 3.686119 1.197987 -0.594760
v 3.685651 1.196899 -0.595534
v 3.686139 1.197728 -0.594787
v 3.686115 1.197480 -0.594864
v 3.686048 1.197259 -0.594987
v 3.685943 1.197082 -0.595147
v 3.685808 1.196959 -0.595334
v 3.760535 1.209949 -0.602184
v 3.761159 1.209036 -0.603067
v 3.760592 1.209696 -0.602214
v 3.760676 1.209465 -0.602302
v 3.760783 1.209273 -0.602442
v 3.760905 1.209131 -0.602625
v 3.761033 1.209051 -0.602838
v 3.766199 1.210860 -0.598745
v 3.766907 1.209961 -0.599577
v 3.766259 1.210607 -0.598773
v 3.766352 1.210378 -0.598856
v 3.766472 1.210187 -0.598989
v 3.766611 1.210049 -0.599161
v 3.766760 1.209971 -0.599362
v 3.691033 1.197764 -0.599577
v 3.691424 1.198840 -0.598745
v 3.691170 1.197821 -0.599362
v 3.691287 1.197941 -0.599161
v 3.691375 1.198116 -0.598988
v 3.691430 1.198334 -0.598856
v 3.691446 1.198581 -0.598773
v 3.672857 1.195855 -0.579939
v 3.672194 1.194736 -0.580496
v 3.672870 1.195595 -0.579958
v 3.672826 1.195344 -0.580014
v 3.672728 1.195118 -0.580102
v 3.672583 1.194934 -0.580218
v 3.672401 1.194804 -0.580352
v 3.681226 1.197201 -0.590268
v 3.680686 1.196101 -0.590976
v 3.681243 1.196941 -0.590292
v 3.681212 1.196692 -0.590363
v 3.681134 1.196469 -0.590475
v 3.681014 1.196289 -0.590622
v 3.680861 1.196164 -0.590793
v 3.676186 1.195377 -0.585947
v 3.676791 1.196488 -0.585312
v 3.676378 1.195443 -0.585783
v 3.676546 1.195571 -0.585630
v 3.676679 1.195753 -0.585498
v 3.676768 1.195977 -0.585397
v 3.676806 1.196228 -0.585334
v 3.666638 1.194856 -0.568156
v 3.665884 1.193721 -0.568539
v 3.666648 1.194595 -0.568169
v 3.666595 1.194342 -0.568207
v 3.666483 1.194114 -0.568268
v 3.666319 1.193927 -0.568347
v 3.666114 1.193793 -0.568439
v 3.668749 1.194182 -0.574674
v 3.669462 1.195309 -0.574202
v 3.668969 1.194252 -0.574552
v 3.669163 1.194384 -0.574438
v 3.669319 1.194570 -0.574340
v 3.669424 1.194797 -0.574265
v 3.669473 1.195049 -0.574218
v 3.748346 1.207990 -0.607297
v 3.748792 1.207049 -0.608255
v 3.748397 1.207736 -0.607329
v 3.748464 1.207502 -0.607425
v 3.748543 1.207305 -0.607577
v 3.748627 1.207158 -0.607776
v 3.748712 1.207070 -0.608007
v 3.728812 1.204850 -0.610232
v 3.728970 1.203862 -0.611233
v 3.728853 1.204594 -0.610266
v 3.728891 1.204356 -0.610366
v 3.728924 1.204152 -0.610525
v 3.728949 1.203995 -0.610732
v 3.728965 1.203896 -0.610974
v 3.755102 1.208063 -0.605968
v 3.754565 1.208989 -0.605043
v 3.754998 1.208081 -0.605729
v 3.754891 1.208165 -0.605506
v 3.754788 1.208309 -0.605314
v 3.754694 1.208504 -0.605167
v 3.754618 1.208736 -0.605075
v 3.741940 1.206960 -0.608922
v 3.742291 1.206004 -0.609904
v 3.741988 1.206706 -0.608956
v 3.742045 1.206470 -0.609054
v 3.742109 1.206271 -0.609210
v 3.742174 1.206120 -0.609413
v 3.742236 1.206029 -0.609650
v 3.696781 1.198688 -0.603067
v 3.697088 1.199750 -0.602184
v 3.696897 1.198741 -0.602838
v 3.696993 1.198858 -0.602625
v 3.697064 1.199030 -0.602442
v 3.697105 1.199247 -0.602302
v 3.697114 1.199492 -0.602214
v 3.709148 1.200676 -0.608255
v 3.709276 1.201710 -0.607297
v 3.709217 1.200722 -0.608007
v 3.709270 1.200831 -0.607776
v 3.709305 1.200998 -0.607577
v 3.709317 1.201210 -0.607425
v 3.709308 1.201452 -0.607329
v 3.703058 1.200710 -0.605043
v 3.702838 1.199662 -0.605968
v 3.703087 1.200452 -0.605075
v 3.703087 1.200208 -0.605167
v 3.703060 1.199994 -0.605314
v 3.703007 1.199824 -0.605506
v 3.702931 1.199711 -0.605729
v 3.715649 1.201721 -0.609904
v 3.715683 1.202739 -0.608922
v 3.715693 1.201763 -0.609650
v 3.715724 1.201869 -0.609413
v 3.715739 1.202032 -0.609210
v 3.715736 1.202241 -0.609054
v 3.715717 1.202483 -0.608956
v 3.735663 1.204938 -0.610900
v 3.735408 1.205910 -0.609904
v 3.735633 1.204968 -0.610642
v 3.735594 1.205063 -0.610402
v 3.735548 1.205216 -0.610195
v 3.735500 1.205418 -0.610037
v 3.735452 1.205655 -0.609937
v 3.722277 1.202786 -0.610900
v 3.722215 1.203789 -0.609904
v 3.722296 1.202824 -0.610642
v 3.722304 1.202927 -0.610402
v 3.722299 1.203087 -0.610195
v 3.722282 1.203294 -0.610037
v 3.722253 1.203533 -0.609937
v 3.856612 1.224380 -0.375190
v 3.857418 1.225523 -0.375408
v 3.856856 1.224454 -0.375246
v 3.857073 1.224590 -0.375299
v 3.857248 1.224779 -0.375344
v 3.857368 1.225008 -0.375379
v 3.857426 1.225262 -0.375400
v 3.927312 1.235745 -0.203788
v 3.928064 1.236879 -0.204175
v 3.927542 1.235816 -0.203888
v 3.927746 1.235950 -0.203982
v 3.927909 1.236138 -0.204062
v 3.928021 1.236365 -0.204123
v 3.928074 1.236618 -0.204162
v 3.935120 1.238013 -0.188083
v 3.934291 1.236867 -0.187871
v 3.935127 1.237752 -0.188076
v 3.935067 1.237498 -0.188055
v 3.934943 1.237268 -0.188021
v 3.934764 1.237078 -0.187977
v 3.934541 1.236941 -0.187926
v 3.866128 1.226923 -0.342618
v 3.865343 1.225784 -0.342319
v 3.866137 1.226662 -0.342608
v 3.866081 1.226409 -0.342578
v 3.865964 1.226180 -0.342531
v 3.865794 1.225992 -0.342469
v 3.865582 1.225857 -0.342397
v 3.850251 1.223358 -0.411290
v 3.851073 1.224503 -0.411415
v 3.850499 1.223432 -0.411322
v 3.850720 1.223569 -0.411353
v 3.850898 1.223758 -0.411379
v 3.851021 1.223988 -0.411398
v 3.851081 1.224242 -0.411411
v 3.853084 1.224826 -0.400004
v 3.852271 1.223682 -0.399829
v 3.853092 1.224565 -0.399998
v 3.853033 1.224311 -0.399981
v 3.852911 1.224082 -0.399953
v 3.852735 1.223893 -0.399917
v 3.852517 1.223756 -0.399874
v 3.906297 1.233380 -0.254638
v 3.905575 1.232251 -0.254184
v 3.906308 1.233119 -0.254622
v 3.906258 1.232867 -0.254577
v 3.906151 1.232640 -0.254505
v 3.905994 1.232454 -0.254411
v 3.905798 1.232321 -0.254301
v 3.895348 1.230607 -0.273184
v 3.896057 1.231734 -0.273660
v 3.895567 1.230677 -0.273307
v 3.895761 1.230809 -0.273422
v 3.895915 1.230995 -0.273521
v 3.896020 1.231221 -0.273597
v 3.896069 1.231473 -0.273644
v 3.885994 1.230116 -0.292576
v 3.885269 1.228987 -0.292130
v 3.886005 1.229856 -0.292560
v 3.885955 1.229603 -0.292516
v 3.885848 1.229376 -0.292445
v 3.885690 1.229190 -0.292353
v 3.885492 1.229057 -0.292245
v 3.875228 1.227373 -0.314345
v 3.875985 1.228507 -0.314722
v 3.875459 1.227444 -0.314443
v 3.875664 1.227579 -0.314534
v 3.875829 1.227766 -0.314612
v 3.875941 1.227994 -0.314672
v 3.875995 1.228247 -0.314709
v 3.916836 1.235074 -0.232165
v 3.916091 1.233941 -0.231762
v 3.916846 1.234813 -0.232152
v 3.916794 1.234561 -0.232111
v 3.916683 1.234333 -0.232047
v 3.916522 1.234146 -0.231964
v 3.916319 1.234012 -0.231867
v 3.849964 1.224324 -0.486406
v 3.849139 1.223179 -0.486503
v 3.849972 1.224064 -0.486409
v 3.849912 1.223810 -0.486419
v 3.849788 1.223580 -0.486434
v 3.849610 1.223390 -0.486455
v 3.849388 1.223253 -0.486478
v 3.854513 1.224043 -0.522491
v 3.855324 1.225186 -0.522297
v 3.854758 1.224117 -0.522441
v 3.854976 1.224253 -0.522394
v 3.855152 1.224442 -0.522354
v 3.855273 1.224671 -0.522323
v 3.855332 1.224925 -0.522304
v 3.848311 1.224059 -0.448960
v 3.847481 1.222912 -0.448945
v 3.848318 1.223798 -0.448959
v 3.848258 1.223544 -0.448958
v 3.848134 1.223314 -0.448955
v 3.847954 1.223124 -0.448952
v 3.847731 1.222987 -0.448949
v 3.862505 1.225327 -0.555500
v 3.863295 1.226467 -0.555221
v 3.862745 1.225401 -0.555428
v 3.862958 1.225536 -0.555360
v 3.863129 1.225724 -0.555303
v 3.863247 1.225953 -0.555258
v 3.863304 1.226207 -0.555230
v 3.872784 1.227993 -0.583769
v 3.872022 1.226857 -0.584132
v 3.872794 1.227732 -0.583781
v 3.872740 1.227479 -0.583817
v 3.872626 1.227251 -0.583875
v 3.872461 1.227064 -0.583950
v 3.872255 1.226929 -0.584038
v 3.882305 1.228510 -0.607543
v 3.883024 1.229639 -0.607081
v 3.882526 1.228580 -0.607423
v 3.882722 1.228713 -0.607312
v 3.882879 1.228899 -0.607216
v 3.882985 1.229126 -0.607143
v 3.883035 1.229378 -0.607096
v 3.893895 1.230373 -0.627139
v 3.894551 1.231492 -0.626571
v 3.894101 1.230441 -0.626992
v 3.894281 1.230571 -0.626855
v 3.894425 1.230755 -0.626737
v 3.894521 1.230980 -0.626647
v 3.894565 1.231232 -0.626590
v 3.907644 1.232583 -0.644858
v 3.908232 1.233691 -0.644202
v 3.907832 1.232648 -0.644688
v 3.907996 1.232776 -0.644530
v 3.908126 1.232957 -0.644394
v 3.908211 1.233181 -0.644290
v 3.908248 1.233431 -0.644224
v 3.924410 1.235278 -0.662668
v 3.924931 1.236375 -0.661941
v 3.924581 1.235340 -0.662480
v 3.924729 1.235465 -0.662304
v 3.924844 1.235645 -0.662154
v 3.924919 1.235867 -0.662038
v 3.924949 1.236116 -0.661965
v 3.928505 1.235937 -0.666201
v 3.929079 1.237042 -0.665519
v 3.928689 1.236001 -0.666025
v 3.928850 1.236128 -0.665860
v 3.928977 1.236309 -0.665719
v 3.929060 1.236532 -0.665611
v 3.929095 1.236782 -0.665543
v 3.934291 1.236867 -0.678892
v 3.935120 1.238013 -0.678770
v 3.934541 1.236941 -0.678861
v 3.934764 1.237078 -0.678831
v 3.934943 1.237268 -0.678806
v 3.935067 1.237498 -0.678786
v 3.935127 1.237752 -0.678774
v 3.932597 1.236594 -0.671986
v 3.933351 1.237728 -0.671559
v 3.932827 1.236666 -0.671876
v 3.933032 1.236800 -0.671773
v 3.933195 1.236987 -0.671684
v 3.933308 1.237215 -0.671617
v 3.933361 1.237468 -0.671574
v 3.927948 1.235847 -0.698815
v 3.927095 1.236723 -0.700000
v 3.927763 1.235852 -0.699122
v 3.927579 1.235924 -0.699408
v 3.927411 1.236057 -0.699653
v 3.927268 1.236244 -0.699841
v 3.927160 1.236471 -0.699960
v 3.934291 1.236867 -0.692964
v 3.934541 1.236941 -0.693004
v 3.934764 1.237078 -0.693041
v 3.934943 1.237268 -0.693073
v 3.935067 1.237498 -0.693098
v 3.935127 1.237752 -0.693113
v 3.930813 1.236308 -0.698157
v 3.931108 1.237368 -0.699078
v 3.930925 1.236360 -0.698395
v 3.931018 1.236476 -0.698617
v 3.931087 1.236648 -0.698808
v 3.931126 1.236864 -0.698955
v 3.931133 1.237110 -0.699047
v 3.934343 1.237888 -0.695606
v 3.933348 1.236715 -0.695983
v 3.933291 1.237719 -0.697205
v 3.934316 1.237623 -0.695695
v 3.934225 1.237365 -0.695780
v 3.934073 1.237128 -0.695857
v 3.934238 1.237871 -0.695874
v 3.934190 1.237607 -0.695947
v 3.934126 1.237361 -0.696009
v 3.934017 1.237150 -0.696068
v 3.934091 1.237847 -0.696168
v 3.934062 1.237591 -0.696201
v 3.934024 1.237364 -0.696226
v 3.933954 1.237183 -0.696259
v 3.933896 1.237227 -0.696396
v 3.933427 1.236766 -0.696247
v 3.933474 1.236875 -0.696508
v 3.933485 1.237034 -0.696752
v 3.933616 1.236797 -0.695960
v 3.933642 1.236876 -0.696192
v 3.933659 1.236963 -0.696419
v 3.933654 1.237091 -0.696620
v 3.933862 1.236937 -0.695917
v 3.933845 1.236997 -0.696132
v 3.933824 1.237062 -0.696332
v 3.933799 1.237159 -0.696496
v 3.933495 1.237752 -0.697004
v 3.933707 1.237786 -0.696754
v 3.933911 1.237819 -0.696469
v 3.933387 1.237474 -0.697109
v 3.933565 1.237508 -0.696892
v 3.933749 1.237541 -0.696679
v 3.933920 1.237570 -0.696450
v 3.933453 1.237241 -0.696954
v 3.933619 1.237282 -0.696771
v 3.933779 1.237325 -0.696598
v 3.933916 1.237361 -0.696424
vn -0.0006 0.0030 1.0000
vn 0.0006 -0.0030 1.0000
vn -0.0004 0.0030 1.0000
vn -0.1587 0.9873 -0.0000
vn -0.2871 -0.0431 -0.9569
vn -0.1921 -0.0339 -0.9808
vn -0.1931 -0.0280 -0.9808
vn -0.0963 -0.0185 -0.9952
vn -0.0972 -0.0126 -0.9952
vn -0.0005 0.0030 -1.0000
vn 0.0972 0.0126 -0.9952
vn 0.0963 0.0185 -0.9952
vn 0.0009 0.0047 -1.0000
vn 0.0007 -0.0045 -1.0000
vn -0.0007 0.0044 -1.0000
vn 0.1587 -0.9873 -0.0000
vn 0.9868 0.1616 -0.0000
vn 0.9878 0.1557 -0.0059
vn 0.9868 0.1617 -0.0068
vn 0.6259 0.1036 -0.7730
vn 0.6986 0.1093 -0.7071
vn 0.6977 0.1152 -0.7071
vn 0.5480 0.0911 -0.8315
vn 0.6268 0.0978 -0.7730
vn -0.8712 -0.1370 -0.4714
vn -0.8204 -0.1349 -0.5556
vn -0.8214 -0.1290 -0.5556
vn 0.7637 0.1197 -0.6344
vn 0.7627 0.1257 -0.6344
vn -0.5490 -0.0852 -0.8315
vn -0.4649 -0.0778 -0.8819
vn -0.4659 -0.0718 -0.8819
vn -0.3774 -0.0637 -0.9239
vn -0.3783 -0.0578 -0.9239
vn -0.6268 -0.0977 -0.7730
vn -0.5480 -0.0911 -0.8315
vn 0.2861 0.0490 -0.9569
vn 0.3783 0.0578 -0.9239
vn 0.3774 0.0637 -0.9239
vn 0.8205 0.1349 -0.5556
vn 0.8712 0.1370 -0.4714
vn 0.8703 0.1429 -0.4714
vn -0.7627 -0.1256 -0.6344
vn -0.7637 -0.1198 -0.6344
vn -0.6977 -0.1151 -0.7071
vn -0.6986 -0.1093 -0.7071
vn 0.4659 0.0719 -0.8819
vn 0.4649 0.0777 -0.8819
vn -0.2861 -0.0490 -0.9569
vn -0.9878 -0.1557 -0.0000
vn -0.9821 -0.1609 -0.0980
vn -0.9830 -0.1550 -0.0980
vn 0.1931 0.0280 -0.9808
vn 0.1921 0.0339 -0.9808
vn -0.6259 -0.1037 -0.7730
vn 0.8214 0.1290 -0.5556
vn -0.9679 -0.1586 -0.1951
vn -0.9688 -0.1527 -0.1951
vn -0.9688 -0.1527 0.1951
vn -0.9821 -0.1609 0.0980
vn -0.9830 -0.1550 0.0980
vn -0.9868 -0.1617 -0.0000
vn -0.9453 -0.1490 0.2903
vn -0.9679 -0.1586 0.1951
vn 0.9126 0.1437 -0.3827
vn 0.9117 0.1496 -0.3827
vn -0.9453 -0.1489 -0.2903
vn -0.9117 -0.1496 -0.3827
vn -0.9126 -0.1437 -0.3827
vn -0.8703 -0.1429 -0.4714
vn 0.5490 0.0852 -0.8315
vn 0.2871 0.0431 -0.9569
vn 0.9679 0.1586 -0.1951
vn 0.9830 0.1550 -0.0980
vn 0.9821 0.1609 -0.0980
vn 0.9453 0.1489 -0.2903
vn 0.9443 0.1549 -0.2903
vn 0.9878 0.1557 -0.0000
vn 0.9868 0.1617 -0.0000
vn 0.9688 0.1527 -0.1951
vn 0.9821 0.1609 0.0980
vn 0.9688 0.1527 0.1951
vn 0.9679 0.1586 0.1951
vn 0.9831 0.1549 0.0980
vn 0.9453 0.1489 0.2903
vn 0.9443 0.1548 0.2903
vn -0.9443 -0.1548 -0.2903
vn -0.8712 -0.1370 0.4714
vn -0.9117 -0.1496 0.3827
vn -0.9126 -0.1437 0.3827
vn -0.8214 -0.1290 0.5556
vn -0.8703 -0.1429 0.4714
vn -0.6986 -0.1093 0.7071
vn -0.7627 -0.1257 0.6344
vn -0.7637 -0.1197 0.6344
vn -0.8205 -0.1349 0.5556
vn -0.6268 -0.0977 0.7730
vn -0.6977 -0.1152 0.7071
vn -0.4659 -0.0718 0.8819
vn -0.5480 -0.0911 0.8315
vn -0.5490 -0.0852 0.8315
vn -0.6259 -0.1036 0.7730
vn 0.6977 0.1151 0.7071
vn 0.6268 0.0978 0.7730
vn 0.6259 0.1036 0.7730
vn 0.7627 0.1257 0.6344
vn 0.6986 0.1093 0.7071
vn 0.9117 0.1495 0.3827
vn 0.8712 0.1370 0.4714
vn 0.8703 0.1429 0.4714
vn 0.5481 0.0911 0.8315
vn 0.4659 0.0718 0.8819
vn 0.4649 0.0778 0.8819
vn 0.9126 0.1437 0.3827
vn 0.8205 0.1349 0.5556
vn 0.7637 0.1197 0.6344
vn -0.9443 -0.1548 0.2903
vn 0.0005 -0.0030 -1.0000
vn -0.0005 0.0030 1.0000
vn -0.0963 -0.0185 0.9952
vn -0.0973 -0.0126 0.9952
vn -0.1921 -0.0339 0.9808
vn -0.1931 -0.0280 0.9808
vn 0.1921 0.0339 0.9808
vn 0.0973 0.0126 0.9952
vn 0.0963 0.0185 0.9952
vn 0.2861 0.0491 0.9569
vn 0.1931 0.0280 0.9808
vn 0.3774 0.0637 0.9239
vn 0.2871 0.0431 0.9569
vn -0.2861 -0.0490 0.9569
vn -0.2871 -0.0431 0.9569
vn -0.3783 -0.0578 0.9239
vn -0.4649 -0.0778 0.8819
vn 0.3783 0.0578 0.9239
vn -0.3774 -0.0637 0.9239
vn 0.5490 0.0852 0.8315
vn 0.8214 0.1290 0.5556
vn 0.6259 0.1037 -0.7730
vn 0.0005 -0.0030 1.0000
vn -0.7637 -0.1197 -0.6344
vn 0.6268 0.0977 -0.7730
vn 0.8204 0.1349 -0.5556
vn -0.5481 -0.0911 -0.8315
vn 0.4649 0.0778 -0.8819
vn -0.8205 -0.1349 -0.5556
vn 0.4659 0.0718 -0.8819
vn -0.9821 -0.1610 0.0980
vn -0.9831 -0.1549 0.0980
vn -0.9453 -0.1489 0.2903
vn 0.9830 0.1550 0.0980
vn -0.6259 -0.1037 0.7730
vn -0.7627 -0.1256 0.6344
vn 0.6259 0.1037 0.7730
vn -0.4659 -0.0719 0.8819
vn 0.6977 0.1152 0.7071
vn 0.6268 0.0977 0.7730
vn -0.5480 -0.0912 0.8315
vn 0.9117 0.1496 0.3827
vn -0.3773 -0.0637 0.9239
vn 0.7627 0.1256 0.6344
vn -0.2861 -0.0491 0.9569
vn 0.2861 0.0490 0.9569
vn 0.0972 0.0126 0.9952
vn 0.0963 0.0186 0.9952
vn 0.3773 0.0637 0.9239
vn 0.4659 0.0719 0.8819
vn 0.4650 0.0777 0.8819
vn 0.9426 0.1545 -0.2960
vn 0.9626 0.1517 -0.2243
vn 0.9617 0.1576 -0.2243
vn -0.0972 -0.0126 0.9952
vn 0.9043 0.1484 -0.4004
vn 0.9107 0.1434 -0.3873
vn 0.9052 0.1425 -0.4004
vn 0.9724 0.1533 -0.1757
vn 0.9715 0.1592 -0.1757
vn 0.9821 0.1609 -0.0983
vn 0.9877 0.1557 -0.0150
vn 0.9867 0.1616 -0.0150
vn 0.9098 0.1493 -0.3873
vn 0.8801 0.1445 -0.4523
vn 0.8810 0.1386 -0.4523
vn 0.8675 0.1425 -0.4765
vn 0.8853 0.1393 -0.4437
vn 0.8843 0.1452 -0.4437
vn 0.9156 0.1502 -0.3731
vn 0.9435 0.1487 -0.2960
vn 0.9823 0.1609 0.0964
vn 0.9693 0.1528 0.1925
vn 0.9684 0.1587 0.1925
vn 0.9830 0.1550 -0.0983
vn 0.9165 0.1443 -0.3730
vn 0.9832 0.1550 0.0964
vn 0.9493 0.1496 0.2765
vn 0.9484 0.1555 0.2765
vn 0.8685 0.1366 -0.4765
vn 0.9218 0.1452 0.3596
vn 0.9208 0.1510 0.3596
vn 0.8773 0.1440 0.4579
vn 0.8139 0.1278 0.5667
vn 0.8130 0.1337 0.5667
vn 0.8782 0.1381 0.4579
vn 0.7454 0.1168 0.6563
vn 0.7444 0.1227 0.6563
vn 0.7019 0.1098 0.7038
vn 0.7010 0.1157 0.7037
vn 0.7392 0.1158 0.6634
vn 0.7383 0.1217 0.6634
vn 0.8968 0.1411 0.4192
vn 0.8959 0.1471 0.4192
vn 0.9844 0.1552 0.0831
vn 0.9834 0.1611 0.0830
vn 0.4016 0.0677 -0.9133
vn 0.0035 -0.0040 -1.0000
vn 0.6423 0.1065 -0.7591
vn 0.4027 0.0616 -0.9132
vn 0.9573 0.2078 -0.2009
vn 0.9414 0.1481 -0.3030
vn 0.9404 0.1544 -0.3030
vn 0.9742 0.1020 -0.2015
vn -0.9874 -0.1584 -0.0058
vn -0.8621 -0.2352 0.4488
vn -0.9586 -0.2848 -0.0009
vn -0.8499 -0.1662 0.5001
vn -0.7852 -0.2040 0.5847
vn -0.7689 -0.1455 0.6226
vn -0.6881 -0.1518 0.7096
vn -0.8883 -0.0432 0.4572
vn -0.9969 -0.0782 0.0002
vn -0.8077 -0.0309 0.5888
vn -0.7087 0.0100 0.7054
vn -0.9802 0.1982 -0.0009
vn -0.7920 0.1720 0.5857
vn -0.8697 0.1941 0.4538
vn -0.7130 0.1512 0.6847
vn -0.1450 0.3000 0.9429
vn -0.3211 -0.0522 0.9456
vn 0.0025 0.0021 1.0000
vn -0.1862 0.5266 0.8295
vn -0.3447 0.0882 0.9345
vn -0.2110 0.7214 0.6596
vn -0.3820 0.3095 0.8708
vn -0.5449 -0.0901 0.8336
vn -0.5554 -0.0552 0.8297
vn -0.4146 0.5037 0.7579
vn -0.5852 0.1325 0.8000
vn -0.6345 -0.1707 0.7538
vn -0.6096 0.3007 0.7335
vn -0.1564 0.9877 0.0004
vn -0.5175 0.7646 0.3841
vn -0.1538 0.9538 0.2582
vn -0.4820 0.8756 0.0332
vn -0.7609 0.4768 0.4402
vn -0.7925 0.6094 0.0244
vn -0.4663 0.6535 0.5963
vn -0.1395 0.8552 0.4992
vn -0.6834 0.4054 0.6072
vn 0.2958 0.0696 0.9527
vn -0.0427 0.2533 0.9664
vn -0.0024 0.0003 1.0000
vn 0.5267 0.1053 0.8435
vn 0.2193 0.3019 0.9278
vn 0.7222 0.1331 0.6788
vn 0.4508 0.3280 0.8302
vn -0.0799 0.4928 0.8665
vn 0.1710 0.5308 0.8301
vn 0.5608 0.5282 0.6376
vn 0.3850 0.5317 0.7544
vn -0.1123 0.6981 0.7071
vn 0.3257 0.6982 0.6375
vn 0.1296 0.7160 0.6859
vn 0.4785 0.6615 0.5774
vn 0.8916 0.4524 0.0195
vn 0.9540 0.1546 0.2569
vn 0.9873 0.1589 -0.0028
vn 0.7464 0.6653 0.0183
vn 0.8741 0.4082 0.2631
vn 0.5522 0.8336 0.0148
vn 0.7408 0.6225 0.2523
vn 0.8552 0.1396 0.4992
vn 0.7794 0.3816 0.4969
vn 0.5285 0.7305 0.4326
vn 0.6711 0.5783 0.4640
vn 0.6388 0.3474 0.6865
vn -0.1318 0.9431 0.3053
vn 0.1001 0.9950 -0.0020
vn -0.1613 0.9869 -0.0026
vn -0.1157 0.8347 0.5384
vn 0.1126 0.9578 0.2644
vn 0.1173 0.8597 0.4971
vn 0.3554 0.9347 -0.0008
vn 0.3588 0.8985 0.2530
vn 0.3383 0.8184 0.4645
vn 0.5689 0.7861 0.2416
vn -0.9858 -0.1681 -0.0045
vn -0.8788 -0.1985 -0.4340
vn -0.8931 -0.1469 -0.4252
vn -0.9148 -0.3994 -0.0601
vn -0.8991 0.0057 -0.4376
vn -0.9815 -0.1850 -0.0486
vn -0.8676 0.2488 -0.4305
vn -0.8040 -0.1475 -0.5760
vn -0.8147 -0.1329 -0.5645
vn -0.8192 0.0407 -0.5721
vn -0.7894 0.2548 -0.5584
vn -0.6996 -0.0713 -0.7110
vn -0.6981 -0.1134 -0.7069
vn -0.7122 0.1070 -0.6937
vn -0.7065 0.2523 -0.6612
vn -0.1571 0.9876 -0.0009
vn -0.4792 0.8068 -0.3456
vn -0.5452 0.8383 0.0010
vn -0.2235 0.9599 -0.1693
vn -0.4163 0.7345 -0.5358
vn -0.1979 0.8926 -0.4052
vn -0.3582 0.6213 -0.6969
vn -0.8507 0.5256 0.0021
vn -0.6577 0.4968 -0.5662
vn -0.7397 0.5319 -0.4122
vn -0.5802 0.4183 -0.6988
vn -0.9729 0.0417 -0.2275
vn -0.2934 -0.0066 -0.9560
vn -0.0539 0.3431 -0.9377
vn -0.0005 0.0203 -0.9998
vn -0.5295 -0.0639 -0.8459
vn -0.2898 0.2325 -0.9284
vn -0.5433 0.0568 -0.8376
vn -0.0929 0.5753 -0.8127
vn -0.3258 0.4518 -0.8305
vn -0.5652 0.2566 -0.7840
vn -0.1967 0.7571 -0.6229
vn 0.8619 0.1748 -0.4759
vn 0.8617 0.4052 -0.3054
vn 0.9441 0.1501 -0.2936
vn 0.8203 0.1782 -0.5435
vn 0.8187 0.3730 -0.4365
vn 0.7842 0.1535 -0.6013
vn 0.8168 0.3455 -0.4619
vn 0.7352 0.6173 -0.2799
vn 0.7650 0.5149 -0.3869
vn 0.7774 0.3122 -0.5460
vn 0.7807 0.4551 -0.4282
vn 0.5531 0.8038 -0.2191
vn 0.6095 0.7298 -0.3099
vn 0.6558 0.5734 -0.4911
vn 0.6377 0.6630 -0.3922
vn 0.5950 0.3981 -0.6982
vn 0.7224 0.1197 -0.6811
vn 0.6345 0.0994 -0.7665
vn 0.5159 0.6013 -0.6101
vn 0.6908 0.3477 -0.6340
vn 0.3575 0.7825 -0.5099
vn 0.6099 0.4927 -0.6207
vn 0.7759 0.1302 -0.6172
vn 0.7210 0.3258 -0.6116
vn 0.4561 0.7135 -0.5318
vn 0.6649 0.4344 -0.6076
vn 0.7435 0.4069 -0.5306
vn 0.1365 0.9861 -0.0945
vn 0.0269 0.9787 -0.2035
vn -0.1893 0.9817 0.0207
vn 0.3661 0.8878 -0.2788
vn 0.2367 0.9353 -0.2632
vn 0.2990 0.9390 -0.1701
vn 0.3144 0.8800 -0.3560
vn 0.1889 0.9101 -0.3689
vn 0.4295 0.8201 -0.3780
vn 0.5445 0.6539 -0.5252
vn -0.9877 -0.1564 -0.0009
vn -0.8921 -0.0460 0.4496
vn -0.8860 -0.1382 0.4426
vn -0.9322 -0.3605 0.0326
vn -0.9690 0.1517 0.1949
vn -0.8101 -0.5858 0.0228
vn -0.8562 -0.2389 0.4581
vn -0.8095 -0.0532 0.5848
vn -0.8069 -0.1265 0.5770
vn -0.7768 -0.2243 0.5884
vn -0.6984 -0.4113 0.5857
vn -0.7007 -0.0716 0.7099
vn -0.6989 -0.1093 0.7069
vn -0.6698 -0.2318 0.7054
vn -0.6298 -0.3668 0.6847
vn 0.1610 -0.9870 0.0004
vn -0.2500 -0.8883 0.3853
vn -0.2519 -0.9677 0.0010
vn 0.0554 -0.9809 0.1865
vn -0.2367 -0.7673 0.5960
vn 0.0494 -0.8969 0.4394
vn -0.2359 -0.6087 0.7575
vn -0.5728 -0.6909 0.4411
vn -0.6349 -0.7726 0.0008
vn -0.5212 -0.5993 0.6077
vn -0.4845 -0.4765 0.7336
vn -0.7655 -0.4561 0.4538
vn -0.3217 -0.0712 0.9442
vn 0.0427 -0.2550 0.9660
vn 0.0031 -0.0012 1.0000
vn -0.5244 -0.0854 0.8472
vn -0.3013 -0.1902 0.9344
vn -0.5449 -0.1209 0.8297
vn 0.0797 -0.4941 0.8658
vn -0.2668 -0.4133 0.8706
vn -0.5144 -0.3092 0.7999
vn -0.0445 -0.7363 0.6752
vn 0.0678 -0.2982 0.9521
vn 0.2538 0.0396 0.9665
vn -0.0025 -0.0009 1.0000
vn 0.1036 -0.5286 0.8425
vn 0.3019 -0.2193 0.9278
vn 0.1314 -0.7237 0.6775
vn 0.3280 -0.4508 0.8301
vn 0.4933 0.0770 0.8665
vn 0.5308 -0.1711 0.8300
vn 0.5281 -0.5608 0.6376
vn 0.5317 -0.3851 0.7543
vn 0.6986 0.1098 0.7070
vn 0.6982 -0.3258 0.6374
vn 0.7160 -0.1296 0.6859
vn 0.6617 -0.4783 0.5774
vn 0.4525 -0.8916 0.0195
vn 0.1515 -0.9545 0.2568
vn 0.1562 -0.9877 -0.0026
vn 0.6653 -0.7463 0.0183
vn 0.4083 -0.8741 0.2632
vn 0.8336 -0.5522 0.0149
vn 0.6225 -0.7409 0.2522
vn 0.1368 -0.8556 0.4993
vn 0.3816 -0.7794 0.4969
vn 0.7307 -0.5282 0.4326
vn 0.5783 -0.6711 0.4638
vn 0.3474 -0.6388 0.6865
vn 0.9441 0.1297 0.3032
vn 0.9950 -0.1001 -0.0020
vn 0.9874 0.1584 -0.0026
vn 0.8361 0.1139 0.5366
vn 0.9578 -0.1127 0.2643
vn 0.8598 -0.1173 0.4970
vn 0.9347 -0.3554 -0.0008
vn 0.8984 -0.3589 0.2530
vn 0.8184 -0.3382 0.4646
vn 0.7861 -0.5690 0.2416
vn -0.9884 -0.1516 -0.0000
vn -0.8964 -0.0861 -0.4348
vn -0.9998 -0.0221 0.0011
vn -0.8708 -0.1146 -0.4781
vn -0.8099 -0.1112 -0.5759
vn -0.7923 -0.1160 -0.5990
vn -0.6871 -0.1514 -0.7106
vn -0.8517 -0.2872 -0.4383
vn -0.9734 -0.2292 0.0005
vn -0.7651 -0.2948 -0.5724
vn -0.6430 -0.3246 -0.6937
vn -0.7456 -0.5087 -0.4305
vn -0.8746 -0.4848 0.0010
vn -0.6697 -0.4893 -0.5586
vn -0.5920 -0.4610 -0.6611
vn 0.0351 -0.3815 -0.9237
vn -0.2444 -0.0418 -0.9688
vn 0.0058 -0.0186 -0.9998
vn 0.0593 -0.6060 -0.7933
vn -0.2005 -0.3132 -0.9283
vn 0.0816 -0.7827 -0.6171
vn -0.1667 -0.5315 -0.8305
vn -0.5198 -0.0837 -0.8502
vn -0.4979 -0.2248 -0.8376
vn -0.1454 -0.7017 -0.6975
vn -0.4560 -0.4209 -0.7842
vn -0.6694 -0.0885 -0.7376
vn -0.4201 -0.5789 -0.6988
vn 0.1602 -0.9871 -0.0009
vn -0.2042 -0.9162 -0.3447
vn 0.1533 -0.9615 -0.2282
vn -0.6961 -0.7174 -0.0273
vn -0.1418 -0.9829 -0.1178
vn -0.5363 -0.7369 -0.4116
vn -0.1664 -0.8275 -0.5362
vn 0.1393 -0.8847 -0.4448
vn -0.4695 -0.6777 -0.5659
vn 0.9311 -0.1520 -0.3316
vn 0.8998 0.1411 -0.4128
vn 0.9420 0.1552 -0.2975
vn 0.8674 -0.3784 -0.3231
vn 0.8954 -0.0927 -0.4355
vn 0.7597 -0.6027 -0.2440
vn 0.8864 -0.2522 -0.3883
vn 0.8628 0.1332 -0.4877
vn 0.8808 -0.0684 -0.4685
vn 0.7994 -0.5118 -0.3147
vn 0.8811 -0.1859 -0.4349
vn 0.8222 0.1306 -0.5541
vn 0.8380 -0.0524 -0.5432
vn 0.8020 -0.3392 -0.4917
vn 0.8326 -0.1539 -0.5320
vn 0.3481 -0.9081 -0.2328
vn 0.4071 -0.9089 -0.0897
vn 0.1278 -0.9916 0.0207
vn 0.5753 -0.7365 -0.3558
vn 0.5260 -0.8126 -0.2509
vn 0.4632 -0.8166 -0.3445
vn 0.6546 -0.5265 -0.5424
vn 0.6257 -0.7288 -0.2780
vn 0.5996 -0.7834 -0.1635
vn 0.6731 -0.6429 -0.3655
vn 0.7252 -0.4438 -0.5265
vn 0.8114 -0.4360 -0.3893
vn 0.7740 0.0881 -0.6271
vn 0.6687 -0.1598 -0.7262
vn 0.6328 0.1047 -0.7672
vn 0.8216 0.0857 -0.5636
vn 0.7658 -0.1182 -0.6321
vn 0.7824 -0.0883 -0.6165
vn 0.6464 -0.3953 -0.6527
vn 0.7326 -0.2741 -0.6230
vn 0.7628 -0.2070 -0.6126
vn 0.6181 -0.6090 -0.4971
vn -0.0006 0.0034 -1.0000
vn -0.1346 0.2408 -0.9612
vn -0.0972 -0.0127 -0.9952
vn -0.0794 0.4942 -0.8657
vn -0.1632 0.4809 -0.8615
vn -0.1807 0.6878 -0.7031
vn -0.1375 0.8555 -0.4993
vn -0.1858 0.8477 -0.4969
vn -0.1783 0.9498 -0.2570
vn -0.1532 0.9539 -0.2582
vn -0.1587 0.9873 -0.0001
vn -0.1283 0.9578 -0.2570
vn -0.0892 0.8632 -0.4969
vn -0.1131 0.7024 -0.7027
vn -0.0440 0.7098 -0.7031
vn 0.0043 0.5078 -0.8615
vn 0.0523 0.2709 -0.9612
vn -0.0415 0.2578 -0.9653
vn 0.0962 0.0188 -0.9952
vn -0.1036 0.9618 -0.2533
vn -0.0413 0.8708 -0.4898
vn 0.0238 0.7206 -0.6929
vn 0.0873 0.5210 -0.8491
vn 0.1449 0.2858 -0.9473
vn 0.1921 0.0343 -0.9808
vn -0.1586 0.9873 -0.0001
vn 0.0270 0.9828 -0.1826
vn 0.0085 0.9799 -0.1995
vn 0.2111 0.9115 -0.3531
vn 0.3302 0.7699 -0.5461
vn 0.3810 0.7780 -0.4996
vn 0.5249 0.5914 -0.6121
vn 0.4628 0.5814 -0.6691
vn 0.6331 0.3644 -0.6829
vn 0.5638 0.3532 -0.7466
vn 0.6976 0.1156 -0.7071
vn -0.1588 0.9873 -0.0001
vn -0.3504 0.9222 -0.1638
vn -0.5474 0.7895 -0.2774
vn -0.5186 0.7941 -0.3168
vn -0.6515 0.6121 -0.4482
vn -0.6923 0.6055 -0.3926
vn -0.7401 0.3880 -0.5492
vn -0.7901 0.3800 -0.4810
vn -0.7783 0.1374 -0.6127
vn -0.8215 -0.1286 -0.5556
vn -0.7637 -0.1194 -0.6344
vn -0.0117 0.9766 -0.2147
vn 0.1364 0.8995 -0.4151
vn 0.1706 0.9067 -0.3858
vn 0.2752 0.7610 -0.5874
vn 0.3954 0.5706 -0.7198
vn 0.4886 0.3411 -0.8030
vn 0.6258 0.1040 -0.7730
vn -0.2950 0.9311 -0.2147
vn -0.3150 0.9279 -0.1997
vn -0.4114 0.8114 -0.4152
vn -0.4502 0.8052 -0.3861
vn -0.4998 0.6365 -0.5874
vn -0.5548 0.6276 -0.5462
vn -0.5543 0.4180 -0.7198
vn -0.6216 0.4071 -0.6692
vn -0.5709 0.1707 -0.8031
vn -0.6269 -0.0973 -0.7730
vn -0.5491 -0.0848 -0.8315
vn -0.2509 0.9381 -0.2386
vn -0.2273 0.9419 -0.2471
vn -0.3262 0.8251 -0.4613
vn -0.2806 0.8324 -0.4778
vn -0.3148 0.6662 -0.6761
vn -0.3792 0.6559 -0.6528
vn -0.3276 0.4543 -0.8284
vn -0.4061 0.1972 -0.8923
vn -0.3180 0.2115 -0.9242
vn -0.3784 -0.0572 -0.9239
vn -0.2871 -0.0430 -0.9569
vn -0.2031 0.9458 -0.2533
vn -0.2337 0.8400 -0.4897
vn -0.2484 0.6768 -0.6930
vn -0.2462 0.4674 -0.8491
vn -0.2272 0.2259 -0.9473
vn -0.1932 -0.0275 -0.9808
vn -0.2735 0.9345 -0.2277
vn -0.3698 0.8181 -0.4404
vn -0.4411 0.6458 -0.6232
vn -0.4081 0.4431 -0.7982
vn -0.4823 0.4294 -0.7635
vn -0.4906 0.1835 -0.8518
vn 0.0587 0.9879 -0.1435
vn 0.0438 0.9855 -0.1637
vn 0.2724 0.9213 -0.2774
vn 0.2437 0.9167 -0.3167
vn 0.4676 0.7920 -0.3925
vn 0.4270 0.7854 -0.4481
vn 0.6312 0.6085 -0.4809
vn 0.5813 0.6005 -0.5491
vn 0.7518 0.3833 -0.5366
vn 0.7627 0.1261 -0.6344
vn 0.8205 0.1348 -0.5556
vn 0.6950 0.3753 -0.6133
vn -0.0793 0.9657 -0.2471
vn 0.0056 0.8785 -0.4777
vn 0.0902 0.7313 -0.6761
vn 0.1687 0.5341 -0.8284
vn 0.2357 0.3004 -0.9242
vn 0.2860 0.0495 -0.9569
vn -0.0558 0.9695 -0.2386
vn 0.0511 0.8858 -0.4613
vn 0.1546 0.7416 -0.6527
vn 0.2477 0.5467 -0.7998
vn 0.3238 0.3145 -0.8923
vn -0.4861 0.7994 -0.3530
vn -0.6055 0.6194 -0.4997
vn -0.6838 0.3971 -0.6122
vn -0.6468 0.1595 -0.7458
vn -0.6986 -0.1091 -0.7071
vn -0.3337 0.9258 -0.1774
vn -0.7161 0.1483 -0.6820
vn -0.4659 -0.0720 -0.8819
vn -0.0331 0.9732 -0.2277
vn 0.0949 0.8928 -0.4404
vn 0.2165 0.7516 -0.6231
vn 0.3235 0.5590 -0.7635
vn 0.4084 0.3281 -0.8518
vn 0.5480 0.0915 -0.8315
vn 0.4649 0.0781 -0.8819
vn -0.1589 0.9873 -0.0000
vn -0.4071 0.9130 -0.0253
vn -0.1588 0.9873 -0.0000
vn -0.6305 0.7762 -0.0000
vn -0.6281 0.7766 -0.0489
vn -0.8065 0.5871 -0.0692
vn -0.8099 0.5866 -0.0001
vn -0.9300 0.3576 -0.0848
vn -0.9947 0.1028 -0.0000
vn -0.9901 0.1034 -0.0947
vn -0.9879 -0.1552 -0.0000
vn -0.9831 -0.1547 -0.0980
vn -0.4071 0.9130 0.0253
vn -0.4048 0.9144 0.0036
vn -0.6281 0.7766 0.0489
vn -0.8065 0.5871 0.0693
vn -0.9301 0.3575 0.0849
vn -0.9335 0.3586 0.0019
vn -0.9901 0.1034 0.0946
vn -0.4034 0.9136 -0.0504
vn -0.6210 0.7777 -0.0974
vn -0.7965 0.5887 -0.1378
vn -0.9178 0.3594 -0.1689
vn -0.9764 0.1057 -0.1884
vn -0.9689 -0.1523 -0.1951
vn -0.4034 0.9136 0.0504
vn -0.6211 0.7777 0.0973
vn -0.9177 0.3595 0.1689
vn -0.9764 0.1055 0.1884
vn -0.9831 -0.1547 0.0980
vn -0.3782 0.9177 -0.1218
vn -0.3889 0.9160 -0.0990
vn -0.5723 0.7855 -0.2354
vn -0.5929 0.7822 -0.1912
vn -0.7275 0.5998 -0.3331
vn -0.7568 0.5951 -0.2705
vn -0.8332 0.3731 -0.4081
vn -0.8691 0.3674 -0.3313
vn -0.8821 0.1207 -0.4553
vn -0.9127 -0.1432 -0.3827
vn -0.8713 -0.1367 -0.4714
vn -0.3973 0.9146 -0.0750
vn -0.6093 0.7796 -0.1450
vn -0.7798 0.5915 -0.2051
vn -0.8974 0.3627 -0.2513
vn -0.9537 0.1092 -0.2804
vn -0.9453 -0.1490 -0.2903
vn -0.9224 0.1152 -0.3685
vn -0.3645 0.9209 -0.1384
vn -0.8345 0.1293 -0.5356
vn 0.0715 0.9900 -0.1217
vn -0.1586 0.9873 -0.0000
vn 0.2973 0.9253 -0.2354
vn 0.5029 0.7976 -0.3331
vn 0.6743 0.6155 -0.4081
vn 0.7998 0.3911 -0.4553
vn 0.8702 0.1433 -0.4714
vn 0.0967 0.9940 -0.0504
vn 0.0907 0.9931 -0.0748
vn 0.3460 0.9332 -0.0974
vn 0.3343 0.9313 -0.1448
vn 0.5719 0.8087 -0.1378
vn 0.5552 0.8060 -0.2050
vn 0.7589 0.6290 -0.1689
vn 0.8713 0.4027 -0.2804
vn 0.8942 0.4062 -0.1884
vn 0.9678 0.1590 -0.1951
vn 0.0822 0.9917 -0.0988
vn 0.3180 0.9287 -0.1911
vn 0.5322 0.8023 -0.2704
vn 0.7102 0.6212 -0.3313
vn 0.8399 0.3975 -0.3696
vn 0.9116 0.1499 -0.3827
vn 0.1004 0.9946 -0.0253
vn 0.3531 0.9343 -0.0489
vn 0.5819 0.8103 -0.0693
vn 0.7711 0.6310 -0.0848
vn 0.9078 0.4085 -0.0947
vn 0.9820 0.1612 -0.0980
vn 0.7367 0.6271 -0.2528
vn 0.9443 0.1551 -0.2903
vn 0.1004 0.9946 0.0253
vn 0.3554 0.9347 -0.0000
vn 0.3531 0.9343 0.0489
vn 0.5819 0.8103 0.0693
vn 0.5852 0.8109 0.0001
vn 0.7711 0.6310 0.0848
vn 0.9125 0.4092 -0.0000
vn 0.9079 0.4084 0.0947
vn 0.9868 0.1622 -0.0000
vn 0.0979 0.9952 -0.0036
vn 0.7741 0.6331 -0.0019
vn 0.0967 0.9940 0.0504
vn 0.3461 0.9331 0.0974
vn 0.5719 0.8087 0.1378
vn 0.7588 0.6290 0.1689
vn 0.8941 0.4062 0.1884
vn 0.9678 0.1592 0.1951
vn -0.3973 0.9146 0.0748
vn -0.6094 0.7796 0.1448
vn -0.7944 0.5910 0.1401
vn -0.7799 0.5914 0.2050
vn -0.8974 0.3628 0.2512
vn -0.9537 0.1092 0.2803
vn -0.9689 -0.1524 0.1951
vn -0.3889 0.9160 0.0988
vn -0.5930 0.7822 0.1911
vn -0.7568 0.5951 0.2703
vn -0.9221 0.1143 0.3696
vn -0.9453 -0.1486 0.2903
vn -0.1588 0.9873 0.0001
vn -0.3782 0.9177 0.1216
vn -0.5724 0.7855 0.2353
vn -0.7276 0.5998 0.3330
vn -0.8678 0.3692 0.3326
vn -0.8821 0.1207 0.4553
vn -0.8713 -0.1365 0.4714
vn -0.3504 0.9221 0.1638
vn -0.3653 0.9198 0.1435
vn -0.5186 0.7942 0.3168
vn -0.5475 0.7895 0.2774
vn -0.6923 0.6055 0.3925
vn -0.6516 0.6121 0.4481
vn -0.7901 0.3801 0.4809
vn -0.7783 0.1375 0.6127
vn -0.8340 0.1283 0.5366
vn -0.8215 -0.1286 0.5556
vn -0.8318 0.3750 0.4093
vn -0.2950 0.9311 0.2147
vn -0.3151 0.9278 0.1996
vn -0.4114 0.8114 0.4152
vn -0.4503 0.8051 0.3860
vn -0.4999 0.6364 0.5874
vn -0.5549 0.6275 0.5462
vn -0.5543 0.4179 0.7198
vn -0.6217 0.4071 0.6692
vn -0.5709 0.1707 0.8031
vn -0.6461 0.1587 0.7466
vn -0.5491 -0.0848 0.8315
vn -0.6269 -0.0974 0.7730
vn -0.3337 0.9248 0.1826
vn -0.4861 0.7994 0.3531
vn -0.6056 0.6194 0.4996
vn -0.6838 0.3970 0.6122
vn -0.7154 0.1474 0.6830
vn -0.7637 -0.1194 0.6344
vn -0.1586 0.9873 0.0001
vn -0.0117 0.9766 0.2147
vn -0.1587 0.9873 0.0001
vn 0.1752 0.9057 0.3859
vn 0.1364 0.8994 0.4152
vn 0.2753 0.7610 0.5875
vn 0.3301 0.7699 0.5462
vn 0.3954 0.5707 0.7197
vn 0.4627 0.5814 0.6692
vn 0.4886 0.3413 0.8030
vn 0.5638 0.3532 0.7466
vn 0.5480 0.0915 0.8315
vn 0.0270 0.9828 0.1826
vn 0.0088 0.9809 0.1945
vn 0.2111 0.9114 0.3531
vn 0.3809 0.7780 0.4996
vn 0.5249 0.5913 0.6122
vn 0.6332 0.3641 0.6830
vn 0.6258 0.1039 0.7730
vn 0.0716 0.9900 0.1218
vn 0.0587 0.9879 0.1435
vn 0.2973 0.9253 0.2354
vn 0.2724 0.9213 0.2774
vn 0.5029 0.7976 0.3331
vn 0.4677 0.7919 0.3925
vn 0.6744 0.6154 0.4081
vn 0.6312 0.6085 0.4809
vn 0.7998 0.3913 0.4553
vn 0.7518 0.3833 0.5366
vn 0.8204 0.1352 0.5556
vn 0.6976 0.1154 0.7071
vn 0.6959 0.3746 0.6127
vn 0.7627 0.1261 0.6344
vn 0.5812 0.6005 0.5492
vn 0.4269 0.7854 0.4482
vn 0.2436 0.9167 0.3168
vn 0.0438 0.9855 0.1639
vn 0.0822 0.9917 0.0988
vn 0.5321 0.8023 0.2704
vn 0.8399 0.3975 0.3696
vn 0.9116 0.1501 0.3827
vn 0.0907 0.9931 0.0750
vn 0.3343 0.9313 0.1449
vn 0.5553 0.8060 0.2051
vn 0.7385 0.6257 0.2513
vn 0.8714 0.4026 0.2804
vn 0.3162 0.9301 0.1869
vn 0.7098 0.6228 0.3292
vn -0.1587 0.9873 -0.0002
vn -0.1533 0.9538 -0.2582
vn -0.1782 0.9498 -0.2571
vn -0.1375 0.8555 -0.4992
vn -0.1857 0.8476 -0.4970
vn -0.1123 0.6987 -0.7065
vn -0.1806 0.6877 -0.7032
vn -0.1631 0.4807 -0.8616
vn -0.0411 0.2559 -0.9658
vn -0.1346 0.2409 -0.9612
vn -0.0439 0.7097 -0.7031
vn 0.0043 0.5077 -0.8615
vn 0.0523 0.2711 -0.9611
vn 0.0963 0.0188 -0.9952
vn -0.1533 0.9538 0.2583
vn -0.1783 0.9498 0.2570
vn -0.1375 0.8554 0.4993
vn -0.1858 0.8477 0.4969
vn -0.1123 0.6987 0.7065
vn -0.1807 0.6877 0.7031
vn -0.0794 0.4942 0.8657
vn -0.1632 0.4809 0.8615
vn -0.1346 0.2408 0.9612
vn -0.0006 0.0036 1.0000
vn -0.1285 0.9578 0.2570
vn -0.0439 0.7097 0.7031
vn 0.0042 0.5078 0.8614
vn -0.0403 0.2571 0.9656
vn 0.0523 0.2709 0.9612
vn -0.0414 0.8709 0.4896
vn -0.0865 0.8653 0.4937
vn 0.0237 0.7206 0.6929
vn 0.1449 0.2857 0.9473
vn 0.1921 0.0345 0.9808
vn -0.2031 0.9458 0.2533
vn -0.2337 0.8399 0.4898
vn -0.2484 0.6768 0.6930
vn -0.2462 0.4674 0.8491
vn -0.2272 0.2259 0.9473
vn -0.1931 -0.0277 0.9808
vn -0.2273 0.9420 0.2471
vn -0.2806 0.8324 0.4778
vn -0.3148 0.6662 0.6761
vn -0.3276 0.4544 0.8284
vn -0.3179 0.2115 0.9242
vn -0.2871 -0.0427 0.9569
vn -0.0793 0.9657 0.2471
vn -0.1009 0.9632 0.2490
vn 0.0056 0.8784 0.4778
vn 0.0902 0.7312 0.6762
vn 0.1687 0.5341 0.8284
vn 0.0887 0.5228 0.8478
vn 0.2357 0.3003 0.9243
vn -0.2509 0.9381 0.2386
vn -0.3262 0.8251 0.4613
vn -0.3793 0.6559 0.6527
vn -0.4065 0.4416 0.7998
vn -0.4060 0.1971 0.8923
vn -0.3784 -0.0574 0.9239
vn -0.2735 0.9345 0.2278
vn -0.3699 0.8181 0.4403
vn -0.4412 0.6458 0.6232
vn -0.4824 0.4295 0.7635
vn -0.4907 0.1837 0.8518
vn -0.0557 0.9695 0.2386
vn 0.0512 0.8857 0.4613
vn 0.1546 0.7416 0.6528
vn 0.2476 0.5468 0.7998
vn 0.3238 0.3145 0.8923
vn 0.2861 0.0493 0.9569
vn -0.0331 0.9731 0.2278
vn 0.0947 0.8928 0.4404
vn 0.3234 0.5590 0.7635
vn 0.4083 0.3282 0.8518
vn 0.3773 0.0640 0.9239
vn 0.2177 0.7537 0.6201
vn 0.4649 0.0782 0.8819
vn -0.3699 0.8181 -0.4404
vn -0.3793 0.6558 -0.6527
vn -0.4410 0.6459 -0.6231
vn -0.4065 0.4415 -0.7999
vn -0.4823 0.4296 -0.7635
vn -0.4061 0.1971 -0.8923
vn -0.4906 0.1836 -0.8518
vn -0.3783 -0.0576 -0.9239
vn 0.0084 0.9798 -0.1996
vn 0.1752 0.9057 -0.3860
vn 0.2753 0.7610 -0.5875
vn 0.3302 0.7698 -0.5462
vn 0.4628 0.5814 -0.6692
vn 0.4887 0.3408 -0.8031
vn 0.5638 0.3530 -0.7466
vn -0.1036 0.9618 -0.2532
vn -0.0413 0.8709 -0.4897
vn 0.0238 0.7206 -0.6930
vn 0.0873 0.5211 -0.8490
vn 0.0438 0.9855 -0.1638
vn 0.0271 0.9828 -0.1825
vn 0.2436 0.9167 -0.3168
vn 0.2111 0.9115 -0.3530
vn 0.4269 0.7854 -0.4482
vn 0.3810 0.7780 -0.4995
vn 0.5813 0.6004 -0.5492
vn 0.5250 0.5914 -0.6121
vn 0.6959 0.3746 -0.6127
vn 0.6332 0.3643 -0.6829
vn 0.7626 0.1262 -0.6344
vn -0.2273 0.9420 -0.2471
vn -0.2806 0.8325 -0.4778
vn -0.3276 0.4544 -0.8284
vn -0.3179 0.2114 -0.9242
vn -0.2872 -0.0425 -0.9569
vn -0.2031 0.9458 -0.2532
vn -0.2272 0.2260 -0.9473
vn -0.1931 -0.0277 -0.9808
vn -0.0793 0.9657 -0.2472
vn -0.0557 0.9695 -0.2386
vn 0.0512 0.8858 -0.4613
vn 0.1546 0.7416 -0.6528
vn 0.1686 0.5342 -0.8284
vn 0.2860 0.0496 -0.9569
vn 0.3773 0.0640 -0.9239
vn -0.3336 0.9248 -0.1826
vn -0.3151 0.9278 -0.1996
vn -0.4861 0.7994 -0.3531
vn -0.4502 0.8052 -0.3859
vn -0.6056 0.6194 -0.4996
vn -0.5548 0.6276 -0.5461
vn -0.6217 0.4070 -0.6692
vn -0.6838 0.3972 -0.6121
vn -0.6461 0.1586 -0.7466
vn -0.6268 -0.0978 -0.7730
vn 0.6976 0.1155 -0.7071
vn 0.2352 0.3023 -0.9238
vn 0.0885 0.7349 -0.6724
vn -0.6515 0.6120 -0.4482
vn -0.7402 0.3880 -0.5492
vn -0.7783 0.1372 -0.6128
vn -0.7161 0.1484 -0.6821
vn -0.7637 -0.1193 -0.6344
vn -0.4114 0.8113 -0.4153
vn -0.4999 0.6363 -0.5875
vn -0.5543 0.4179 -0.7198
vn -0.5709 0.1708 -0.8030
vn -0.5491 -0.0849 -0.8315
vn -0.1589 0.9873 -0.0001
vn -0.5474 0.7896 -0.2774
vn -0.5187 0.7959 -0.3124
vn -0.6923 0.6054 -0.3925
vn -0.7901 0.3799 -0.4810
vn -0.8340 0.1285 -0.5366
vn 0.4677 0.7919 -0.3925
vn 0.8204 0.1351 -0.5556
vn -0.0331 0.9732 -0.2278
vn 0.3234 0.5591 -0.7634
vn 0.4083 0.3284 -0.8517
vn 0.4649 0.0779 -0.8819
vn -0.2751 0.9352 -0.2228
vn -0.4659 -0.0715 -0.8819
vn -0.4083 0.9128 -0.0001
vn -0.8099 0.5866 -0.0000
vn -0.8065 0.5871 -0.0693
vn -0.9301 0.3575 -0.0849
vn -0.9342 0.3569 -0.0001
vn -0.9901 0.1033 -0.0947
vn -0.9947 0.1027 -0.0000
vn -0.4070 0.9131 0.0252
vn -0.6279 0.7783 0.0032
vn -0.8066 0.5871 0.0693
vn -0.9879 -0.1554 -0.0000
vn -0.9764 0.1056 -0.1884
vn -0.6210 0.7777 0.0974
vn -0.6252 0.7788 0.0520
vn -0.7965 0.5888 0.1377
vn -0.6093 0.7796 -0.1449
vn -0.7799 0.5914 -0.2051
vn -0.8973 0.3628 -0.2513
vn -0.9537 0.1090 -0.2804
vn -0.9453 -0.1487 -0.2903
vn -0.3889 0.9160 -0.0988
vn -0.5930 0.7822 -0.1911
vn -0.7568 0.5951 -0.2704
vn -0.8691 0.3672 -0.3313
vn -0.9221 0.1144 -0.3696
vn -0.9127 -0.1431 -0.3827
vn -0.3782 0.9177 -0.1217
vn -0.7275 0.5999 -0.3330
vn -0.8821 0.1208 -0.4553
vn -0.8712 -0.1369 -0.4714
vn -0.3645 0.9209 -0.1383
vn 0.5029 0.7976 -0.3330
vn 0.7999 0.3910 -0.4553
vn 0.8702 0.1431 -0.4714
vn 0.0906 0.9931 -0.0750
vn 0.3180 0.9286 -0.1911
vn 0.3343 0.9313 -0.1450
vn 0.5552 0.8061 -0.2051
vn 0.7385 0.6257 -0.2513
vn 0.8714 0.4025 -0.2804
vn 0.9116 0.1502 -0.3827
vn 0.0773 0.9919 -0.1008
vn 0.5291 0.8038 -0.2721
vn 0.8391 0.3983 -0.3704
vn 0.5718 0.8087 -0.1378
vn 0.8941 0.4063 -0.1884
vn 0.5819 0.8103 -0.0692
vn 0.7712 0.6309 -0.0849
vn 0.9079 0.4084 -0.0947
vn 0.1017 0.9948 -0.0000
vn 0.3555 0.9347 -0.0000
vn 0.5853 0.8108 -0.0000
vn 0.7752 0.6317 -0.0000
vn 0.9125 0.4091 -0.0000
vn 0.9868 0.1621 -0.0000
vn 0.7712 0.6310 0.0849
vn 0.9079 0.4083 0.0947
vn 0.3460 0.9332 0.0974
vn 0.7589 0.6290 0.1689
vn 0.8942 0.4062 0.1884
vn 0.9678 0.1590 0.1951
vn -0.3973 0.9146 0.0749
vn -0.3993 0.9153 0.0533
vn -0.6093 0.7796 0.1448
vn -0.9167 0.3613 0.1706
vn -0.9537 0.1092 0.2804
vn -0.5930 0.7822 0.1910
vn -0.8692 0.3671 0.3313
vn -0.8962 0.3647 0.2528
vn -0.9222 0.1142 0.3696
vn -0.9453 -0.1485 0.2903
vn -0.5723 0.7855 0.2354
vn -0.7543 0.5975 0.2721
vn -0.8332 0.3731 0.4081
vn -0.8821 0.1209 0.4553
vn -0.9127 -0.1434 0.3827
vn -0.3735 0.9194 0.1232
vn -0.3654 0.9197 0.1434
vn -0.5475 0.7895 0.2773
vn -0.7249 0.6022 0.3345
vn -0.6923 0.6055 0.3924
vn -0.7902 0.3800 0.4809
vn -0.8340 0.1284 0.5366
vn -0.8713 -0.1366 0.4714
vn -0.3337 0.9248 0.1825
vn -0.5186 0.7942 0.3167
vn -0.4862 0.7994 0.3530
vn -0.6516 0.6120 0.4482
vn -0.6057 0.6194 0.4995
vn -0.7401 0.3881 0.5492
vn -0.6839 0.3971 0.6121
vn -0.7783 0.1372 0.6127
vn -0.7154 0.1474 0.6829
vn -0.6217 0.4070 0.6692
vn -0.6269 -0.0973 0.7730
vn -0.8215 -0.1287 0.5556
vn -0.2951 0.9311 0.2146
vn -0.4462 0.8075 0.3858
vn -0.4115 0.8114 0.4150
vn -0.5000 0.6364 0.5874
vn -0.5544 0.4180 0.7197
vn -0.6453 0.1598 0.7470
vn -0.5491 -0.0849 0.8315
vn -0.3699 0.8181 0.4404
vn -0.4907 0.1839 0.8517
vn -0.5701 0.1718 0.8034
vn 0.0084 0.9798 0.1996
vn 0.1364 0.8995 0.4152
vn 0.1751 0.9057 0.3860
vn 0.3954 0.5706 0.7198
vn 0.4887 0.3410 0.8031
vn 0.6258 0.1041 0.7730
vn 0.0269 0.9828 0.1827
vn 0.2111 0.9114 0.3532
vn 0.3809 0.7780 0.4997
vn 0.6331 0.3643 0.6829
vn 0.5642 0.3542 0.7458
vn 0.0438 0.9855 0.1638
vn 0.4268 0.7855 0.4482
vn 0.4677 0.7919 0.3926
vn 0.5812 0.6006 0.5491
vn 0.6311 0.6085 0.4810
vn 0.6960 0.3744 0.6127
vn 0.8203 0.1357 0.5556
vn 0.7628 0.1255 0.6344
vn 0.5253 0.5932 0.6101
vn 0.6976 0.1156 0.7071
vn 0.0715 0.9900 0.1217
vn 0.0822 0.9917 0.0990
vn 0.2972 0.9253 0.2354
vn 0.5030 0.7975 0.3331
vn 0.6744 0.6153 0.4081
vn 0.7999 0.3910 0.4553
vn 0.8702 0.1431 0.4714
vn 0.0575 0.9887 0.1384
vn 0.7518 0.3844 0.5357
vn 0.3342 0.9313 0.1449
vn 0.5552 0.8060 0.2051
vn 0.8715 0.4024 0.2804
vn 0.9443 0.1550 0.2903
vn 0.3163 0.9301 0.1868
vn 0.9116 0.1499 0.3827
vn -0.1588 0.9873 0.0002
vn -0.2509 0.9382 0.2386
vn -0.2275 0.9419 0.2471
vn -0.2807 0.8324 0.4778
vn -0.3792 0.6559 0.6527
vn -0.3149 0.6659 0.6763
vn -0.4065 0.4419 0.7997
vn -0.3276 0.4542 0.8284
vn -0.4061 0.1973 0.8923
vn -0.3784 -0.0575 0.9239
vn 0.0949 0.8928 0.4403
vn 0.2165 0.7515 0.6231
vn 0.3235 0.5589 0.7635
vn 0.4083 0.3283 0.8517
vn 0.4649 0.0783 0.8819
vn -0.1587 0.9873 0.0002
vn -0.0793 0.9657 0.2472
vn 0.0512 0.8858 0.4613
vn 0.0056 0.8784 0.4779
vn 0.1546 0.7417 0.6527
vn 0.0903 0.7311 0.6763
vn 0.2476 0.5469 0.7998
vn 0.1687 0.5340 0.8285
vn 0.3238 0.3146 0.8923
vn 0.2357 0.3004 0.9242
vn 0.2861 0.0494 0.9569
vn -0.1036 0.9618 0.2533
vn -0.0413 0.8709 0.4898
vn 0.0237 0.7207 0.6929
vn 0.0873 0.5212 0.8490
vn 0.1449 0.2858 0.9473
vn 0.1920 0.0346 0.9808
vn 0.3773 0.0639 0.9239
vn -0.2687 0.9363 0.2262
vn -0.4805 0.4314 0.7636
vn -0.4659 -0.0715 0.8819
vn -0.1783 0.9498 0.2569
vn -0.1535 0.9538 0.2584
vn -0.1376 0.8553 0.4994
vn -0.1807 0.6878 0.7031
vn -0.1124 0.6986 0.7066
vn -0.1632 0.4810 0.8614
vn -0.0795 0.4942 0.8657
vn -0.1346 0.2410 0.9611
vn -0.0412 0.2561 0.9658
vn -0.0973 -0.0122 0.9952
vn -0.1283 0.9579 0.2569
vn -0.0892 0.8633 0.4968
vn 0.0043 0.5079 0.8614
vn 0.0524 0.2708 0.9612
vn 0.0963 0.0182 0.9952
vn -0.0005 0.0033 1.0000
vn -0.2484 0.6769 0.6929
vn -0.2462 0.4676 0.8490
vn -0.2272 0.2260 0.9473
vn -0.3172 0.2125 0.9242
vn -0.1932 -0.0275 0.9808
vn -0.1589 0.9873 0.0001
vn 0.0824 0.9915 -0.1002
vn 0.1011 0.9949 -0.0025
vn 0.3177 0.9282 -0.1937
vn 0.3541 0.9352 -0.0041
vn 0.5314 0.8016 -0.2739
vn 0.5835 0.8121 -0.0052
vn 0.7089 0.6204 -0.3355
vn 0.7736 0.6336 -0.0059
vn 0.8382 0.3968 -0.3741
vn 0.9112 0.4118 -0.0063
vn 0.9098 0.1494 -0.3873
vn 0.0954 0.9937 -0.0580
vn 0.0905 0.9930 -0.0765
vn 0.3432 0.9326 -0.1120
vn 0.3337 0.9310 -0.1479
vn 0.5678 0.8078 -0.1585
vn 0.5542 0.8056 -0.2092
vn 0.7537 0.6279 -0.1941
vn 0.7371 0.6253 -0.2563
vn 0.8882 0.4052 -0.2166
vn 0.8698 0.4022 -0.2860
vn 0.9616 0.1581 -0.2243
vn 0.1006 0.9946 -0.0255
vn 0.0983 0.9941 -0.0455
vn 0.3533 0.9342 -0.0493
vn 0.3485 0.9332 -0.0878
vn 0.5821 0.8101 -0.0698
vn 0.5750 0.8086 -0.1242
vn 0.7712 0.6308 -0.0855
vn 0.7624 0.6290 -0.1522
vn 0.9079 0.4083 -0.0954
vn 0.8978 0.4064 -0.1697
vn 0.9820 0.1612 -0.0983
vn 0.0712 0.9898 -0.1232
vn 0.0745 0.9903 -0.1171
vn 0.2964 0.9249 -0.2382
vn 0.3027 0.9259 -0.2261
vn 0.5015 0.7969 -0.3369
vn 0.5103 0.7983 -0.3198
vn 0.6723 0.6146 -0.4127
vn 0.6831 0.6164 -0.3917
vn 0.7974 0.3904 -0.4603
vn 0.8094 0.3923 -0.4369
vn 0.8675 0.1426 -0.4765
vn 0.0808 0.9913 -0.1036
vn 0.3148 0.9278 -0.2001
vn 0.5273 0.8011 -0.2830
vn 0.7041 0.6198 -0.3467
vn 0.8328 0.3961 -0.3867
vn 0.8801 0.1442 -0.4523
vn 0.9043 0.1484 -0.4003
vn 0.0835 0.9918 -0.0965
vn 0.0756 0.9905 -0.1147
vn 0.3201 0.9288 -0.1864
vn 0.3047 0.9263 -0.2217
vn 0.5351 0.8026 -0.2637
vn 0.5132 0.7989 -0.3137
vn 0.7137 0.6215 -0.3230
vn 0.6868 0.6171 -0.3842
vn 0.8436 0.3980 -0.3604
vn 0.8135 0.3931 -0.4286
vn 0.9155 0.1507 -0.3731
vn 0.9426 0.1544 -0.2960
vn 0.8843 0.1454 -0.4437
vn 0.1006 0.9946 0.0249
vn 0.0972 0.9940 0.0498
vn 0.3532 0.9343 0.0481
vn 0.3465 0.9331 0.0962
vn 0.5821 0.8103 0.0681
vn 0.5724 0.8086 0.1361
vn 0.7714 0.6309 0.0835
vn 0.7594 0.6289 0.1667
vn 0.9080 0.4085 0.0931
vn 0.8946 0.4063 0.1859
vn 0.9822 0.1613 0.0964
vn 0.9683 0.1590 0.1925
vn 0.1017 0.9948 -0.0039
vn 0.3554 0.9347 -0.0075
vn 0.5851 0.8109 -0.0106
vn 0.7750 0.6318 -0.0130
vn 0.9123 0.4093 -0.0145
vn 0.9866 0.1623 -0.0150
vn 0.0920 0.9932 0.0715
vn 0.3366 0.9315 0.1381
vn 0.5583 0.8063 0.1954
vn 0.7421 0.6260 0.2394
vn 0.8753 0.4032 0.2671
vn 0.0733 0.9903 0.1183
vn 0.0848 0.9921 0.0930
vn 0.3007 0.9259 0.2286
vn 0.3228 0.9293 0.1797
vn 0.5077 0.7985 0.3235
vn 0.5388 0.8032 0.2542
vn 0.6802 0.6166 0.3964
vn 0.7182 0.6223 0.3113
vn 0.8065 0.3924 0.4423
vn 0.8487 0.3989 0.3473
vn 0.8771 0.1448 0.4579
vn 0.9208 0.1513 0.3595
vn 0.0567 0.9876 0.1463
vn 0.2685 0.9208 0.2828
vn 0.4622 0.7913 0.4002
vn 0.6245 0.6078 0.4905
vn 0.7444 0.3824 0.5473
vn 0.8129 0.1341 0.5667
vn 0.0391 0.9847 0.1695
vn 0.2346 0.9151 0.3278
vn 0.4141 0.7832 0.4638
vn 0.5655 0.5978 0.5682
vn 0.6783 0.3715 0.6339
vn 0.7444 0.1228 0.6563
vn 0.0280 0.9829 0.1820
vn 0.2129 0.9116 0.3517
vn 0.3833 0.7781 0.4976
vn 0.5276 0.5915 0.6097
vn 0.6361 0.3645 0.6801
vn 0.7008 0.1161 0.7038
vn 0.6718 0.3720 0.6405
vn 0.5588 0.5988 0.5737
vn 0.4079 0.7840 0.4679
vn 0.2298 0.9154 0.3305
vn 0.0368 0.9846 0.1712
vn 0.7385 0.1212 0.6633
vn 0.8231 0.3987 0.4045
vn 0.6925 0.6243 0.3615
vn 0.5152 0.8051 0.2939
vn 0.3046 0.9297 0.2070
vn 0.0754 0.9914 0.1070
vn 0.9837 0.1599 0.0827
vn 0.8959 0.1472 0.4192
vn 0.9093 0.4084 0.0802
vn 0.7719 0.6317 0.0718
vn 0.5821 0.8110 0.0586
vn 0.3532 0.9346 0.0414
vn 0.1009 0.9947 0.0213
vn 0.9325 0.3224 -0.1626
vn 0.7757 0.6311 0.0002
vn 0.5859 0.8104 -0.0000
vn 0.3562 0.9344 -0.0000
vn 0.1027 0.9947 -0.0000
vn 0.7464 0.6107 -0.2646
vn 0.5526 0.8086 -0.2020
vn 0.3303 0.9336 -0.1390
vn 0.0898 0.9934 -0.0711
vn -0.1625 0.9867 0.0008
vn 0.9646 0.1430 -0.2214
vn 0.3494 0.3256 -0.8786
vn 0.2742 0.5611 -0.7810
vn 0.1799 0.7546 -0.6310
vn 0.0731 0.8941 -0.4420
vn -0.0410 0.9729 -0.2278
vn -0.1609 0.9870 0.0031
vn 0.4014 0.0621 -0.9138
vn -0.0480 0.3137 -0.9483
vn -0.0886 0.5634 -0.8214
vn -0.1198 0.7550 -0.6447
vn -0.1414 0.8863 -0.4410
vn -0.1541 0.9622 -0.2244
vn -0.1587 0.9873 0.0009
vn 0.0044 -0.0174 -0.9998
vn 0.1587 -0.9873 -0.0001
vn 0.1533 -0.9538 -0.2582
vn 0.1283 -0.9578 -0.2570
vn 0.0892 -0.8632 -0.4970
vn 0.1374 -0.8555 -0.4993
vn 0.0440 -0.7097 -0.7031
vn 0.0794 -0.4941 -0.8657
vn -0.0043 -0.5078 -0.8615
vn -0.0523 -0.2709 -0.9612
vn 0.0411 -0.2559 -0.9658
vn -0.0963 -0.0187 -0.9952
vn 0.0006 -0.0034 -1.0000
vn 0.1346 -0.2409 -0.9612
vn 0.1632 -0.4808 -0.8615
vn 0.1807 -0.6877 -0.7031
vn 0.1128 -0.7024 -0.7028
vn 0.1858 -0.8477 -0.4969
vn 0.1783 -0.9498 -0.2570
vn 0.1932 0.0276 -0.9808
vn 0.2272 -0.2261 -0.9472
vn 0.2462 -0.4674 -0.8491
vn 0.2484 -0.6769 -0.6929
vn 0.2337 -0.8399 -0.4898
vn 0.2031 -0.9458 -0.2533
vn 0.6269 0.0972 -0.7730
vn 0.7154 -0.1476 -0.6829
vn 0.6987 0.1090 -0.7071
vn 0.6217 -0.4071 -0.6692
vn 0.6838 -0.3971 -0.6122
vn 0.5548 -0.6276 -0.5461
vn 0.6056 -0.6194 -0.4996
vn 0.4861 -0.7994 -0.3530
vn 0.3151 -0.9278 -0.1996
vn 0.3336 -0.9248 -0.1826
vn 0.1588 -0.9873 -0.0001
vn -0.8204 -0.1353 -0.5556
vn -0.6960 -0.3745 -0.6127
vn -0.7627 -0.1261 -0.6344
vn -0.7517 -0.3834 -0.5365
vn -0.5813 -0.6004 -0.5492
vn -0.6313 -0.6085 -0.4809
vn -0.4269 -0.7854 -0.4482
vn -0.2725 -0.9213 -0.2774
vn -0.2436 -0.9167 -0.3168
vn -0.0438 -0.9855 -0.1639
vn -0.0588 -0.9879 -0.1434
vn 0.1586 -0.9873 -0.0001
vn 0.5709 -0.1709 -0.8030
vn 0.6469 -0.1594 -0.7457
vn 0.5542 -0.4179 -0.7198
vn 0.4998 -0.6364 -0.5875
vn 0.4513 -0.8066 -0.3818
vn 0.4113 -0.8114 -0.4152
vn 0.2949 -0.9311 -0.2149
vn -0.6258 -0.1041 -0.7730
vn -0.4886 -0.3411 -0.8030
vn -0.5480 -0.0916 -0.8315
vn -0.5638 -0.3532 -0.7466
vn -0.3954 -0.5706 -0.7198
vn -0.3302 -0.7699 -0.5461
vn -0.2752 -0.7610 -0.5875
vn -0.1364 -0.8994 -0.4152
vn -0.0084 -0.9798 -0.1996
vn 0.0117 -0.9766 -0.2147
vn -0.3773 -0.0642 -0.9239
vn -0.2357 -0.3004 -0.9243
vn -0.2861 -0.0494 -0.9569
vn -0.3238 -0.3146 -0.8923
vn -0.1687 -0.5342 -0.8284
vn -0.2477 -0.5469 -0.7997
vn -0.0902 -0.7312 -0.6761
vn -0.1547 -0.7417 -0.6527
vn -0.0056 -0.8784 -0.4778
vn -0.0513 -0.8858 -0.4612
vn 0.0793 -0.9657 -0.2471
vn -0.1449 -0.2857 -0.9473
vn -0.1921 -0.0343 -0.9808
vn -0.0873 -0.5211 -0.8490
vn -0.0238 -0.7206 -0.6929
vn 0.0413 -0.8709 -0.4897
vn 0.1036 -0.9618 -0.2533
vn -0.4084 -0.3280 -0.8518
vn -0.2165 -0.7515 -0.6231
vn -0.0949 -0.8928 -0.4404
vn 0.0605 -0.9697 -0.2369
vn 0.7638 0.1193 -0.6344
vn 0.8340 -0.1284 -0.5366
vn 0.8214 0.1287 -0.5556
vn 0.7782 -0.1375 -0.6127
vn 0.7901 -0.3800 -0.4809
vn 0.7401 -0.3880 -0.5493
vn 0.6923 -0.6055 -0.3925
vn 0.6515 -0.6121 -0.4483
vn 0.5474 -0.7895 -0.2774
vn 0.5185 -0.7942 -0.3169
vn 0.3653 -0.9197 -0.1435
vn 0.3503 -0.9231 -0.1589
vn 0.2872 0.0426 -0.9569
vn 0.3179 -0.2113 -0.9243
vn 0.3276 -0.4543 -0.8284
vn 0.3148 -0.6662 -0.6761
vn 0.2806 -0.8325 -0.4777
vn 0.2273 -0.9419 -0.2471
vn 0.4060 -0.1971 -0.8924
vn 0.3783 0.0576 -0.9239
vn 0.4065 -0.4417 -0.7998
vn 0.3793 -0.6558 -0.6528
vn 0.3262 -0.8251 -0.4613
vn 0.2509 -0.9381 -0.2386
vn -0.6976 -0.1154 -0.7071
vn -0.6331 -0.3644 -0.6829
vn -0.4605 -0.5826 -0.6697
vn -0.5250 -0.5914 -0.6121
vn -0.3810 -0.7780 -0.4995
vn -0.1708 -0.9066 -0.3859
vn -0.2112 -0.9115 -0.3530
vn -0.0219 -0.9829 -0.1829
vn -0.4650 -0.0776 -0.8819
vn -0.3211 -0.5602 -0.7636
vn 0.0380 -0.9733 -0.2265
vn 0.4660 0.0714 -0.8819
vn 0.5490 0.0853 -0.8315
vn 0.4906 -0.1837 -0.8518
vn 0.4411 -0.6459 -0.6231
vn 0.3698 -0.8181 -0.4404
vn 0.2734 -0.9345 -0.2278
vn 0.4838 -0.4308 -0.7618
vn -0.9868 -0.1620 -0.0000
vn -0.9078 -0.4085 -0.0947
vn -0.9820 -0.1612 -0.0980
vn -0.7753 -0.6316 -0.0000
vn -0.7711 -0.6310 -0.0848
vn -0.5852 -0.8109 -0.0000
vn -0.5819 -0.8103 -0.0693
vn -0.3531 -0.9343 -0.0489
vn -0.3555 -0.9347 0.0001
vn -0.1004 -0.9946 -0.0253
vn 0.1586 -0.9874 -0.0000
vn 0.1586 -0.9873 -0.0000
vn -0.9820 -0.1614 0.0980
vn -0.9121 -0.4100 -0.0010
vn -0.7711 -0.6310 0.0848
vn -0.5819 -0.8103 0.0693
vn -0.3530 -0.9343 0.0491
vn -0.0982 -0.9952 -0.0036
vn -0.1004 -0.9946 0.0255
vn -0.8941 -0.4062 -0.1884
vn -0.9678 -0.1590 -0.1951
vn -0.7589 -0.6290 -0.1689
vn -0.5718 -0.8087 -0.1378
vn -0.3461 -0.9331 -0.0974
vn -0.0968 -0.9940 -0.0504
vn -0.8941 -0.4063 0.1884
vn -0.9076 -0.4094 0.0936
vn -0.7588 -0.6291 0.1689
vn -0.5718 -0.8087 0.1379
vn -0.0968 -0.9940 0.0504
vn -0.9116 -0.1499 -0.3827
vn -0.7999 -0.3911 -0.4553
vn -0.8702 -0.1433 -0.4714
vn -0.8399 -0.3975 -0.3696
vn -0.6743 -0.6154 -0.4081
vn -0.5321 -0.8023 -0.2704
vn -0.5030 -0.7975 -0.3331
vn -0.2973 -0.9253 -0.2354
vn -0.0822 -0.9917 -0.0988
vn -0.0715 -0.9900 -0.1217
vn -0.8714 -0.4025 -0.2804
vn -0.9443 -0.1551 -0.2903
vn -0.7384 -0.6257 -0.2513
vn -0.5552 -0.8060 -0.2051
vn -0.3342 -0.9313 -0.1449
vn -0.0907 -0.9931 -0.0750
vn -0.7084 -0.6225 -0.3327
vn -0.3140 -0.9296 -0.1930
vn -0.4645 -0.7933 -0.3937
vn 0.8821 -0.1206 -0.4553
vn 0.8332 -0.3731 -0.4081
vn 0.7275 -0.5998 -0.3331
vn 0.5723 -0.7856 -0.2354
vn 0.3782 -0.9177 -0.1217
vn 0.1588 -0.9873 -0.0000
vn 0.9689 0.1522 -0.1951
vn 0.9537 -0.1092 -0.2804
vn 0.9764 -0.1056 -0.1884
vn 0.9177 -0.3596 -0.1689
vn 0.8973 -0.3627 -0.2514
vn 0.7965 -0.5888 -0.1378
vn 0.6093 -0.7796 -0.1449
vn 0.6210 -0.7777 -0.0974
vn 0.4034 -0.9136 -0.0504
vn 0.9127 0.1434 -0.3827
vn 0.9221 -0.1144 -0.3696
vn 0.8691 -0.3674 -0.3313
vn 0.7568 -0.5951 -0.2704
vn 0.5930 -0.7822 -0.1911
vn 0.3889 -0.9160 -0.0988
vn 0.9901 -0.1033 -0.0947
vn 0.9300 -0.3576 -0.0848
vn 0.8065 -0.5871 -0.0693
vn 0.6281 -0.7766 -0.0489
vn 0.4071 -0.9130 -0.0253
vn 0.1589 -0.9873 -0.0000
vn 0.9453 0.1486 -0.2903
vn 0.7792 -0.5933 -0.2020
vn 0.3953 -0.9158 -0.0705
vn 0.9879 0.1552 -0.0000
vn 0.9901 -0.1034 0.0947
vn 0.9947 -0.1026 -0.0000
vn 0.9300 -0.3576 0.0848
vn 0.9342 -0.3568 -0.0001
vn 0.8065 -0.5872 0.0693
vn 0.8099 -0.5866 -0.0001
vn 0.6281 -0.7766 0.0489
vn 0.6305 -0.7762 -0.0001
vn 0.4070 -0.9131 0.0253
vn 0.4051 -0.9143 0.0036
vn 0.9689 0.1521 0.1951
vn 0.9764 -0.1056 0.1884
vn 0.9177 -0.3595 0.1689
vn 0.7965 -0.5887 0.1378
vn 0.6210 -0.7777 0.0974
vn 0.4034 -0.9136 0.0504
vn -0.9678 -0.1589 0.1951
vn -0.8714 -0.4026 0.2804
vn -0.7384 -0.6258 0.2513
vn -0.3343 -0.9313 0.1450
vn -0.3438 -0.9344 0.0937
vn -0.0907 -0.9931 0.0750
vn -0.9443 -0.1551 0.2903
vn -0.8399 -0.3975 0.3696
vn -0.7102 -0.6212 0.3313
vn -0.5540 -0.8077 0.2020
vn -0.5321 -0.8023 0.2705
vn -0.3179 -0.9286 0.1912
vn -0.0822 -0.9917 0.0990
vn -0.8702 -0.1432 0.4714
vn -0.9117 -0.1495 0.3827
vn -0.6744 -0.6154 0.4081
vn -0.5029 -0.7976 0.3331
vn -0.2973 -0.9253 0.2354
vn -0.0715 -0.9900 0.1217
vn -0.7626 -0.1262 0.6344
vn -0.7518 -0.3833 0.5366
vn -0.8204 -0.1353 0.5556
vn -0.6960 -0.3744 0.6127
vn -0.6312 -0.6085 0.4809
vn -0.5812 -0.6004 0.5493
vn -0.4676 -0.7920 0.3925
vn -0.2436 -0.9167 0.3168
vn -0.2724 -0.9213 0.2774
vn -0.0586 -0.9879 0.1435
vn 0.1586 -0.9873 0.0001
vn -0.7999 -0.3920 0.4543
vn -0.5638 -0.3532 0.7466
vn -0.6258 -0.1040 0.7730
vn -0.4886 -0.3410 0.8031
vn -0.4628 -0.5814 0.6692
vn -0.3953 -0.5707 0.7198
vn -0.3302 -0.7698 0.5462
vn -0.1364 -0.8995 0.4152
vn -0.1753 -0.9057 0.3860
vn -0.0084 -0.9798 0.1996
vn -0.6332 -0.3642 0.6830
vn -0.6977 -0.1151 0.7071
vn -0.5249 -0.5914 0.6121
vn -0.3810 -0.7780 0.4996
vn -0.2111 -0.9115 0.3530
vn -0.0270 -0.9828 0.1826
vn -0.0383 -0.9865 0.1591
vn -0.4235 -0.7887 0.4457
vn 0.6269 0.0973 0.7730
vn 0.5709 -0.1708 0.8031
vn 0.5490 0.0849 0.8315
vn 0.6217 -0.4070 0.6692
vn 0.5543 -0.4179 0.7198
vn 0.5548 -0.6276 0.5461
vn 0.4999 -0.6363 0.5875
vn 0.4502 -0.8052 0.3859
vn 0.4114 -0.8114 0.4152
vn 0.3151 -0.9278 0.1996
vn 0.2950 -0.9310 0.2148
vn 0.1588 -0.9873 0.0001
vn 0.6987 0.1089 0.7071
vn 0.6453 -0.1598 0.7470
vn 0.7155 -0.1474 0.6829
vn 0.6839 -0.3972 0.6121
vn 0.6056 -0.6194 0.4995
vn 0.4862 -0.7994 0.3530
vn 0.3337 -0.9248 0.1825
vn 0.8214 0.1288 0.5556
vn 0.8821 -0.1207 0.4553
vn 0.8340 -0.1285 0.5366
vn 0.7901 -0.3801 0.4809
vn 0.8333 -0.3730 0.4080
vn 0.6923 -0.6054 0.3925
vn 0.7276 -0.5998 0.3330
vn 0.5474 -0.7895 0.2774
vn 0.3782 -0.9177 0.1217
vn 0.3653 -0.9198 0.1435
vn 0.3504 -0.9222 0.1638
vn 0.5186 -0.7941 0.3168
vn 0.6516 -0.6120 0.4482
vn 0.7401 -0.3881 0.5492
vn 0.7783 -0.1375 0.6127
vn 0.7638 0.1193 0.6344
vn 0.9127 0.1431 0.3827
vn 0.8712 0.1369 0.4714
vn 0.9221 -0.1144 0.3696
vn 0.7568 -0.5952 0.2704
vn 0.5686 -0.7877 0.2370
vn 0.3889 -0.9160 0.0988
vn 0.9537 -0.1092 0.2804
vn 0.8974 -0.3627 0.2513
vn 0.7799 -0.5914 0.2051
vn 0.6093 -0.7796 0.1450
vn 0.3974 -0.9146 0.0750
vn 0.8678 -0.3691 0.3326
vn 0.5895 -0.7843 0.1930
vn 0.0006 -0.0037 -1.0000
vn -0.0523 -0.2708 -0.9612
vn 0.0794 -0.4942 -0.8657
vn 0.0439 -0.7097 -0.7031
vn 0.1123 -0.6987 -0.7065
vn 0.1375 -0.8555 -0.4993
vn 0.1587 -0.9873 -0.0002
vn 0.1346 -0.2408 -0.9612
vn 0.0973 0.0125 -0.9952
vn 0.1807 -0.6877 -0.7032
vn 0.1783 -0.9498 -0.2571
vn 0.0006 -0.0034 1.0000
vn -0.0523 -0.2709 0.9612
vn 0.0412 -0.2559 0.9658
vn -0.0043 -0.5078 0.8615
vn 0.0795 -0.4942 0.8657
vn 0.0439 -0.7097 0.7032
vn 0.1124 -0.6987 0.7065
vn 0.0892 -0.8632 0.4970
vn 0.1376 -0.8554 0.4993
vn 0.1283 -0.9579 0.2570
vn 0.1535 -0.9538 0.2583
vn 0.1587 -0.9873 0.0001
vn 0.0973 0.0122 0.9952
vn 0.1346 -0.2408 0.9612
vn 0.1807 -0.6878 0.7031
vn 0.1858 -0.8477 0.4969
vn 0.1783 -0.9498 0.2570
vn 0.2272 -0.2261 0.9473
vn 0.1616 -0.4827 0.8607
vn 0.2484 -0.6768 0.6930
vn 0.2337 -0.8400 0.4896
vn -0.1921 -0.0342 0.9808
vn -0.1449 -0.2857 0.9473
vn -0.0873 -0.5210 0.8491
vn -0.0238 -0.7205 0.6930
vn 0.0413 -0.8709 0.4898
vn 0.1036 -0.9618 0.2533
vn -0.2860 -0.0496 0.9569
vn -0.2357 -0.3003 0.9243
vn -0.1687 -0.5341 0.8284
vn -0.0902 -0.7313 0.6761
vn -0.0056 -0.8784 0.4778
vn 0.0793 -0.9657 0.2471
vn 0.2872 0.0425 0.9569
vn 0.3180 -0.2114 0.9242
vn 0.2445 -0.4692 0.8486
vn 0.3148 -0.6662 0.6761
vn 0.2807 -0.8324 0.4778
vn 0.1990 -0.9474 0.2507
vn 0.2275 -0.9419 0.2471
vn -0.3238 -0.3145 0.8923
vn -0.3773 -0.0639 0.9239
vn -0.2477 -0.5468 0.7998
vn -0.1546 -0.7417 0.6527
vn -0.0512 -0.8858 0.4613
vn 0.0558 -0.9695 0.2386
vn -0.4083 -0.3283 0.8518
vn -0.4649 -0.0782 0.8819
vn -0.3235 -0.5589 0.7635
vn -0.2166 -0.7515 0.6231
vn -0.0949 -0.8928 0.4404
vn 0.0331 -0.9731 0.2278
vn 0.4061 -0.1971 0.8923
vn 0.4065 -0.4417 0.7998
vn 0.3258 -0.4562 0.8281
vn 0.3262 -0.8251 0.4613
vn 0.2510 -0.9381 0.2386
vn 0.4660 0.0713 0.8819
vn 0.3783 0.0580 0.9239
vn 0.4907 -0.1837 0.8517
vn 0.4824 -0.4295 0.7634
vn 0.3764 -0.6581 0.6520
vn 0.3699 -0.8181 0.4403
vn 0.2736 -0.9345 0.2277
vn -0.2761 -0.7630 0.5844
vn 0.0107 -0.9777 0.2099
vn 0.4383 -0.6481 0.6228
vn -0.3773 -0.0640 -0.9239
vn -0.4084 -0.3281 -0.8518
vn -0.2476 -0.5468 -0.7998
vn -0.2165 -0.7516 -0.6230
vn -0.1546 -0.7417 -0.6527
vn -0.0511 -0.8858 -0.4613
vn 0.0331 -0.9732 -0.2278
vn 0.0557 -0.9695 -0.2386
vn 0.5490 0.0850 -0.8315
vn 0.6461 -0.1587 -0.7466
vn 0.5709 -0.1707 -0.8031
vn 0.5542 -0.4180 -0.7198
vn 0.4502 -0.8052 -0.3860
vn 0.4113 -0.8114 -0.4153
vn 0.2949 -0.9311 -0.2148
vn 0.2272 -0.2261 -0.9473
vn 0.2337 -0.8400 -0.4897
vn 0.6987 0.1087 -0.7071
vn 0.7783 -0.1376 -0.6127
vn 0.7637 0.1195 -0.6344
vn 0.7154 -0.1475 -0.6830
vn 0.7401 -0.3881 -0.5492
vn 0.6516 -0.6120 -0.4482
vn 0.4861 -0.7994 -0.3531
vn 0.5186 -0.7942 -0.3167
vn 0.3504 -0.9222 -0.1638
vn -0.2860 -0.0497 -0.9569
vn -0.2357 -0.3004 -0.9242
vn -0.1686 -0.5342 -0.8284
vn -0.0902 -0.7313 -0.6761
vn -0.1922 -0.0338 -0.9808
vn -0.0873 -0.5209 -0.8491
vn 0.4061 -0.1972 -0.8923
vn 0.3784 0.0574 -0.9239
vn 0.3276 -0.4544 -0.8284
vn 0.4065 -0.4416 -0.7998
vn 0.2806 -0.8325 -0.4778
vn 0.2272 -0.9420 -0.2472
vn -0.6976 -0.1155 -0.7071
vn -0.5639 -0.3530 -0.7466
vn -0.6258 -0.1039 -0.7730
vn -0.6332 -0.3643 -0.6829
vn -0.4628 -0.5813 -0.6692
vn -0.3809 -0.7780 -0.4996
vn -0.3302 -0.7699 -0.5462
vn -0.1753 -0.9057 -0.3860
vn -0.0271 -0.9828 -0.1825
vn 0.6848 -0.3985 -0.6101
vn 0.3340 -0.9257 -0.1777
vn -0.0962 -0.0189 -0.9952
vn -0.0021 -0.5089 -0.8608
vn 0.3145 -0.6700 -0.6724
vn 0.3181 -0.2133 -0.9237
vn -0.7627 -0.1260 -0.6344
vn -0.5227 -0.5927 -0.6128
vn -0.4270 -0.7854 -0.4482
vn -0.2436 -0.9167 -0.3167
vn -0.0439 -0.9855 -0.1637
vn -0.4886 -0.3412 -0.8030
vn -0.5480 -0.0912 -0.8315
vn -0.2753 -0.7610 -0.5875
vn -0.7517 -0.3836 -0.5366
vn -0.6950 -0.3751 -0.6135
vn -0.6312 -0.6086 -0.4809
vn -0.4677 -0.7920 -0.3924
vn -0.2725 -0.9213 -0.2773
vn 0.8214 0.1288 -0.5556
vn 0.6924 -0.6054 -0.3926
vn 0.3653 -0.9198 -0.1435
vn 0.4660 0.0713 -0.8819
vn 0.4906 -0.1838 -0.8518
vn 0.4823 -0.4296 -0.7634
vn -0.4649 -0.0781 -0.8819
vn -0.3212 -0.5601 -0.7636
vn -0.9820 -0.1614 -0.0980
vn -0.9125 -0.4091 -0.0000
vn -0.1017 -0.9948 -0.0000
vn -0.9078 -0.4085 0.0947
vn -0.7712 -0.6309 0.0849
vn -0.5819 -0.8103 0.0694
vn -0.3526 -0.9358 -0.0033
vn -0.1004 -0.9946 0.0253
vn -0.8941 -0.4063 -0.1884
vn -0.9679 -0.1587 -0.1951
vn -0.7589 -0.6289 -0.1689
vn -0.5719 -0.8087 -0.1378
vn -0.3460 -0.9332 -0.0974
vn -0.0967 -0.9940 -0.0504
vn -0.7588 -0.6290 0.1690
vn -0.3460 -0.9332 0.0974
vn -0.3505 -0.9355 0.0454
vn -0.0967 -0.9940 0.0505
vn -0.9442 -0.1554 -0.2903
vn -0.8714 -0.4026 -0.2804
vn -0.3343 -0.9313 -0.1449
vn -0.8398 -0.3976 -0.3696
vn -0.7102 -0.6211 -0.3313
vn -0.5322 -0.8023 -0.2704
vn -0.3179 -0.9287 -0.1911
vn -0.7998 -0.3912 -0.4553
vn -0.8702 -0.1432 -0.4714
vn -0.6744 -0.6154 -0.4081
vn -0.5029 -0.7976 -0.3330
vn -0.8204 -0.1352 -0.5556
vn 0.8713 0.1365 -0.4714
vn 0.8332 -0.3730 -0.4081
vn 0.9537 -0.1091 -0.2804
vn 0.8691 -0.3673 -0.3313
vn 0.8973 -0.3628 -0.2513
vn 0.7798 -0.5914 -0.2051
vn 0.6093 -0.7796 -0.1450
vn 0.3974 -0.9146 -0.0750
vn 0.9225 -0.1151 -0.3685
vn 0.7564 -0.5970 -0.2672
vn 0.9689 0.1523 -0.1951
vn 0.9764 -0.1055 -0.1884
vn 0.9177 -0.3595 -0.1689
vn 0.7965 -0.5887 -0.1378
vn 0.9831 0.1544 -0.0980
vn 0.9300 -0.3576 -0.0849
vn 0.8065 -0.5871 -0.0692
vn 0.9947 -0.1027 -0.0000
vn 0.9878 0.1555 -0.0000
vn 0.9341 -0.3569 -0.0000
vn 0.8099 -0.5866 -0.0000
vn 0.6305 -0.7762 -0.0000
vn 0.4083 -0.9128 -0.0000
vn 0.9831 0.1546 0.0980
vn 0.9300 -0.3575 0.0849
vn 0.8065 -0.5871 0.0692
vn 0.4071 -0.9130 0.0253
vn 0.9764 -0.1055 0.1884
vn 0.9689 0.1524 0.1951
vn 0.6211 -0.7777 0.0974
vn -0.8713 -0.4027 0.2804
vn -0.7384 -0.6257 0.2513
vn -0.5552 -0.8061 0.2051
vn -0.5704 -0.8103 0.1348
vn -0.9443 -0.1553 0.2903
vn -0.8399 -0.3974 0.3696
vn -0.7102 -0.6211 0.3313
vn -0.3324 -0.9326 0.1410
vn -0.0823 -0.9917 0.0988
vn -0.8702 -0.1433 0.4714
vn -0.9117 -0.1494 0.3827
vn -0.6743 -0.6154 0.4081
vn -0.5029 -0.7976 0.3332
vn -0.3165 -0.9300 0.1870
vn -0.2972 -0.9253 0.2355
vn -0.0715 -0.9900 0.1219
vn -0.8204 -0.1352 0.5556
vn -0.7999 -0.3921 0.4543
vn -0.6313 -0.6084 0.4810
vn -0.0587 -0.9879 0.1435
vn -0.6976 -0.1155 0.7071
vn -0.6961 -0.3742 0.6127
vn -0.7627 -0.1259 0.6344
vn -0.5250 -0.5913 0.6122
vn -0.5813 -0.6004 0.5492
vn -0.4269 -0.7854 0.4482
vn -0.2112 -0.9114 0.3531
vn -0.0269 -0.9828 0.1826
vn -0.0437 -0.9855 0.1638
vn -0.6336 -0.3652 0.6821
vn -0.4627 -0.5814 0.6692
vn -0.3813 -0.7799 0.4964
vn -0.1751 -0.9057 0.3860
vn -0.0083 -0.9798 0.1997
vn -0.7519 -0.3842 0.5357
vn -0.5480 -0.0915 0.8315
vn -0.3954 -0.5706 0.7198
vn -0.2752 -0.7611 0.5874
vn 0.0117 -0.9766 0.2147
vn -0.4648 -0.0783 0.8819
vn -0.4891 -0.3423 0.8023
vn -0.2166 -0.7515 0.6232
vn -0.1373 -0.9012 0.4111
vn -0.0948 -0.8928 0.4404
vn 0.6269 0.0972 0.7730
vn 0.5709 -0.1707 0.8031
vn 0.5490 0.0853 0.8315
vn 0.6461 -0.1587 0.7466
vn 0.5543 -0.4177 0.7199
vn 0.6217 -0.4071 0.6691
vn 0.5549 -0.6277 0.5460
vn 0.4114 -0.8114 0.4151
vn 0.2950 -0.9311 0.2147
vn 0.7154 -0.1475 0.6830
vn 0.6839 -0.3971 0.6121
vn 0.4862 -0.7993 0.3531
vn 0.4463 -0.8074 0.3859
vn 0.3336 -0.9248 0.1826
vn 0.8215 0.1286 0.5556
vn 0.7783 -0.1374 0.6127
vn 0.6515 -0.6121 0.4482
vn 0.5474 -0.7896 0.2774
vn 0.5186 -0.7942 0.3168
vn 0.1589 -0.9873 0.0001
vn 0.6027 -0.6217 0.5002
vn 0.9127 0.1434 0.3827
vn 0.8713 0.1367 0.4714
vn 0.9221 -0.1143 0.3696
vn 0.8333 -0.3729 0.4081
vn 0.7568 -0.5951 0.2704
vn 0.7275 -0.5998 0.3331
vn 0.5723 -0.7855 0.2354
vn 0.5930 -0.7822 0.1909
vn 0.3782 -0.9177 0.1218
vn 0.3889 -0.9160 0.0987
vn 0.8334 -0.1296 0.5372
vn 0.6897 -0.6077 0.3938
vn 0.3607 -0.9214 0.1447
vn 0.9537 -0.1091 0.2804
vn 0.9453 0.1486 0.2903
vn 0.6092 -0.7796 0.1449
vn 0.3972 -0.9146 0.0749
vn 0.8677 -0.3692 0.3327
vn -0.2861 -0.0492 0.9569
vn -0.3773 -0.0640 0.9239
vn -0.1687 -0.5340 0.8285
vn -0.2476 -0.5470 0.7997
vn -0.0902 -0.7311 0.6762
vn -0.0512 -0.8857 0.4614
vn 0.0557 -0.9695 0.2386
vn 0.4907 -0.1837 0.8518
vn 0.4824 -0.4293 0.7635
vn 0.4412 -0.6458 0.6231
vn 0.2735 -0.9345 0.2278
vn 0.3784 0.0573 0.9239
vn 0.3179 -0.2114 0.9242
vn 0.2871 0.0432 0.9569
vn 0.4061 -0.1973 0.8923
vn 0.3276 -0.4541 0.8285
vn 0.4066 -0.4417 0.7997
vn 0.3148 -0.6660 0.6763
vn 0.3793 -0.6558 0.6527
vn 0.2806 -0.8324 0.4779
vn 0.3263 -0.8251 0.4613
vn 0.2273 -0.9419 0.2471
vn 0.2510 -0.9381 0.2385
vn 0.1932 0.0274 0.9808
vn 0.2272 -0.2262 0.9472
vn 0.2462 -0.4677 0.8489
vn 0.2484 -0.6768 0.6929
vn 0.2337 -0.8399 0.4898
vn 0.2031 -0.9458 0.2533
vn -0.4089 -0.3293 0.8511
vn 0.0316 -0.9743 0.2231
vn 0.0006 -0.0040 1.0000
vn -0.0963 -0.0186 0.9952
vn 0.0794 -0.4941 0.8658
vn -0.0043 -0.5079 0.8614
vn 0.1123 -0.6987 0.7066
vn 0.0439 -0.7097 0.7031
vn 0.1375 -0.8554 0.4994
vn 0.0892 -0.8632 0.4969
vn 0.1533 -0.9538 0.2584
vn 0.1283 -0.9579 0.2569
vn 0.0972 0.0130 0.9952
vn 0.1632 -0.4810 0.8614
vn 0.0404 -0.2573 0.9655
vn -0.2364 -0.3014 0.9237
vn -0.1449 -0.2858 0.9473
vn -0.0872 -0.5212 0.8490
vn -0.0237 -0.7205 0.6931
vn 0.0414 -0.8708 0.4900
vn 0.1037 -0.9618 0.2533
vn 0.9107 0.1433 -0.3873
vn 0.9947 -0.1026 -0.0063
vn 0.9203 -0.1142 -0.3742
vn 0.9341 -0.3568 -0.0060
vn 0.8676 -0.3670 -0.3355
vn 0.8099 -0.5866 -0.0053
vn 0.7559 -0.5947 -0.2739
vn 0.6305 -0.7762 -0.0042
vn 0.5926 -0.7819 -0.1937
vn 0.4085 -0.9127 -0.0024
vn 0.3889 -0.9158 -0.1003
vn 0.1585 -0.9874 0.0001
vn 0.9627 0.1512 -0.2243
vn 0.9520 -0.1093 -0.2860
vn 0.9704 -0.1064 -0.2166
vn 0.8959 -0.3628 -0.2563
vn 0.9125 -0.3601 -0.1942
vn 0.7788 -0.5913 -0.2092
vn 0.7923 -0.5891 -0.1585
vn 0.6086 -0.7796 -0.1479
vn 0.6182 -0.7780 -0.1120
vn 0.3971 -0.9146 -0.0765
vn 0.4021 -0.9138 -0.0580
vn 0.9831 0.1547 -0.0983
vn 0.9799 -0.1046 -0.1697
vn 0.9901 -0.1032 -0.0954
vn 0.9211 -0.3583 -0.1522
vn 0.9301 -0.3573 -0.0855
vn 0.7995 -0.5877 -0.1242
vn 0.8066 -0.5869 -0.0698
vn 0.6234 -0.7769 -0.0878
vn 0.6283 -0.7764 -0.0493
vn 0.4049 -0.9132 -0.0455
vn 0.4072 -0.9130 -0.0255
vn 0.8685 0.1365 -0.4765
vn 0.8916 -0.1189 -0.4370
vn 0.8795 -0.1208 -0.4603
vn 0.8419 -0.3712 -0.3917
vn 0.8311 -0.3729 -0.4127
vn 0.7348 -0.5981 -0.3199
vn 0.7259 -0.5996 -0.3369
vn 0.5776 -0.7843 -0.2261
vn 0.5713 -0.7854 -0.2382
vn 0.3811 -0.9171 -0.1170
vn 0.3778 -0.9176 -0.1232
vn 0.8810 0.1388 -0.4523
vn 0.9150 -0.1151 -0.3867
vn 0.8628 -0.3679 -0.3467
vn 0.7519 -0.5955 -0.2831
vn 0.5897 -0.7824 -0.2002
vn 0.3874 -0.9161 -0.1036
vn 0.9052 0.1424 -0.4003
vn 0.9166 0.1438 -0.3731
vn 0.8957 -0.1183 -0.4286
vn 0.9259 -0.1136 -0.3604
vn 0.8455 -0.3707 -0.3842
vn 0.8725 -0.3666 -0.3230
vn 0.7377 -0.5978 -0.3137
vn 0.7597 -0.5944 -0.2637
vn 0.5796 -0.7841 -0.2218
vn 0.5951 -0.7817 -0.1864
vn 0.3822 -0.9169 -0.1148
vn 0.3901 -0.9157 -0.0965
vn 0.9435 0.1488 -0.2960
vn 0.8853 0.1391 -0.4437
vn 0.9833 0.1547 0.0964
vn 0.9769 -0.1054 0.1860
vn 0.9694 0.1525 0.1925
vn 0.9903 -0.1033 0.0931
vn 0.9182 -0.3592 0.1667
vn 0.9302 -0.3575 0.0835
vn 0.7970 -0.5885 0.1361
vn 0.8067 -0.5870 0.0681
vn 0.6214 -0.7775 0.0962
vn 0.6283 -0.7765 0.0481
vn 0.4038 -0.9135 0.0498
vn 0.4072 -0.9130 0.0249
vn 0.9878 0.1551 -0.0150
vn 0.9946 -0.1027 -0.0145
vn 0.9340 -0.3570 -0.0130
vn 0.8097 -0.5867 -0.0106
vn 0.6304 -0.7762 -0.0075
vn 0.4083 -0.9128 -0.0039
vn 0.9575 -0.1085 0.2671
vn 0.9493 0.1495 0.2765
vn 0.9009 -0.3619 0.2394
vn 0.7829 -0.5907 0.1954
vn 0.6115 -0.7791 0.1381
vn 0.3986 -0.9143 0.0715
vn 0.8783 0.1374 0.4579
vn 0.9309 -0.1128 0.3473
vn 0.8888 -0.1199 0.4423
vn 0.8770 -0.3659 0.3113
vn 0.8392 -0.3724 0.3964
vn 0.7633 -0.5939 0.2541
vn 0.7324 -0.5991 0.3235
vn 0.5977 -0.7813 0.1797
vn 0.5757 -0.7850 0.2286
vn 0.3915 -0.9155 0.0930
vn 0.3800 -0.9174 0.1183
vn 0.9218 0.1449 0.3595
vn 0.8268 -0.1299 0.5473
vn 0.8140 0.1274 0.5667
vn 0.7835 -0.3816 0.4904
vn 0.6869 -0.6067 0.4002
vn 0.5435 -0.7903 0.2828
vn 0.3633 -0.9201 0.1463
vn 0.7606 -0.1402 0.6338
vn 0.7454 0.1167 0.6563
vn 0.7244 -0.3905 0.5682
vn 0.6387 -0.6140 0.4638
vn 0.5096 -0.7955 0.3278
vn 0.3458 -0.9229 0.1695
vn 0.7019 0.1094 0.7038
vn 0.7183 -0.1468 0.6801
vn 0.6864 -0.3964 0.6097
vn 0.6078 -0.6188 0.4976
vn 0.4878 -0.7990 0.3517
vn 0.3346 -0.9246 0.1820
vn 0.3430 -0.9236 0.1714
vn 0.5046 -0.7975 0.3306
vn 0.6326 -0.6171 0.4679
vn 0.7180 -0.3941 0.5737
vn 0.7544 -0.1434 0.6405
vn 0.1585 -0.9874 -0.0001
vn 0.3821 -0.9179 0.1075
vn 0.5804 -0.7875 0.2074
vn 0.7414 -0.6031 0.2942
vn 0.8532 -0.3758 0.3617
vn 0.9065 -0.1207 0.4046
vn 0.7392 0.1165 0.6633
vn 0.4072 -0.9131 0.0216
vn 0.6278 -0.7773 0.0416
vn 0.8063 -0.5885 0.0587
vn 0.9305 -0.3591 0.0719
vn 0.9913 -0.1042 0.0802
vn 0.9843 0.1560 0.0828
vn 0.4088 -0.9126 -0.0000
vn 0.6311 -0.7757 -0.0000
vn 0.8103 -0.5860 -0.0000
vn 0.9345 -0.3560 -0.0000
vn 0.9590 0.2009 -0.1996
vn 0.1550 -0.9879 0.0008
vn 0.3824 -0.9228 -0.0468
vn 0.5766 -0.8126 -0.0845
vn 0.7428 -0.6600 -0.1126
vn 0.8777 -0.4676 -0.1053
vn 0.9722 -0.1276 -0.1964
vn 0.1565 -0.9877 0.0031
vn 0.2671 -0.9365 -0.2272
vn 0.3506 -0.8262 -0.4410
vn 0.4082 -0.6610 -0.6297
vn 0.4370 -0.4488 -0.7795
vn 0.4346 -0.2028 -0.8775
vn 0.1587 -0.9873 0.0009
vn 0.1573 -0.9623 -0.2218
vn 0.1464 -0.8873 -0.4374
vn 0.1264 -0.7573 -0.6408
vn 0.0961 -0.5671 -0.8181
vn 0.0560 -0.3182 -0.9464
vn 0.4007 0.0669 -0.9138
vn -0.0014 0.0182 -0.9998
vn -0.9865 -0.1638 -0.0001
vn -0.9881 -0.1536 0.0001
vn -0.9865 -0.1638 0.0001
vn 0.0004 -0.0030 1.0000
vn 0.1587 -0.9873 -0.0006
vn -0.1092 0.9940 -0.0033
vn 0.9878 0.1558 -0.0000
vn -0.1587 0.9873 -0.0005
vn 0.6433 0.1001 -0.7590
vn 0.1473 -0.9891 0.0021
vn -0.7402 0.3880 0.5492
vn 0.9868 0.1617 -0.0079
vn 0.9878 0.1557 -0.0079
vn -0.9881 -0.1536 -0.0001
vt 0.004858 0.349712
vt 0.292944 0.341778
vt 0.292946 0.349630
vt 0.185933 0.852485
vt 0.063781 0.852487
vt 0.115332 0.849669
vt 0.052265 0.340467
vt 0.047693 0.332615
vt 0.047693 0.340467
vt 0.043031 0.332615
vt 0.043031 0.340467
vt 0.396157 0.340632
vt 0.391449 0.332780
vt 0.391449 0.340632
vt 0.577328 0.349794
vt 0.294262 0.341943
vt 0.294262 0.349794
vt 0.063780 0.459821
vt 0.004887 0.369364
vt 0.009009 0.657907
vt 0.120109 0.559870
vt 0.115332 0.560105
vt 0.063781 0.562923
vt 0.251757 0.462871
vt 0.256534 0.462636
vt 0.308085 0.459818
vt 0.115331 0.462638
vt 0.185932 0.459819
vt 0.185933 0.562922
vt 0.308086 0.562920
vt 0.256535 0.560103
vt 0.105871 0.896237
vt 0.085695 0.903029
vt 0.004793 0.358957
vt 0.629868 0.351105
vt 0.629868 0.358957
vt 0.251758 0.849432
vt 0.256535 0.849667
vt 0.308086 0.852484
vt 0.185932 0.749383
vt 0.308085 0.749382
vt 0.256534 0.752200
vt 0.007854 0.340467
vt 0.004362 0.332615
vt 0.004362 0.340467
vt 0.011640 0.340467
vt 0.007854 0.332615
vt 0.220793 0.340467
vt 0.216750 0.332615
vt 0.216750 0.340467
vt 0.141102 0.340467
vt 0.144594 0.332615
vt 0.144594 0.340467
vt 0.065006 0.340467
vt 0.060963 0.332615
vt 0.060963 0.340467
vt 0.056703 0.332615
vt 0.056703 0.340467
vt 0.068792 0.340467
vt 0.065006 0.332615
vt 0.038323 0.340467
vt 0.033615 0.332615
vt 0.033615 0.340467
vt 0.024381 0.340467
vt 0.019944 0.332615
vt 0.019944 0.340467
vt 0.148380 0.340467
vt 0.152423 0.332615
vt 0.152423 0.340467
vt 0.212965 0.332615
vt 0.212964 0.340467
vt 0.209472 0.332615
vt 0.209472 0.340467
vt 0.015683 0.332615
vt 0.015683 0.340467
vt 0.052265 0.332615
vt 0.243433 0.340467
vt 0.238726 0.332615
vt 0.238726 0.340467
vt 0.028953 0.332615
vt 0.028953 0.340467
vt 0.072284 0.340467
vt 0.068792 0.332615
vt 0.148380 0.332615
vt 0.234063 0.332615
vt 0.234063 0.340467
vt 0.252803 0.340467
vt 0.248141 0.332615
vt 0.248141 0.340467
vt 0.243433 0.332615
vt 0.257375 0.340467
vt 0.252803 0.332615
vt 0.156684 0.332615
vt 0.156684 0.340467
vt 0.229491 0.340467
vt 0.225054 0.332615
vt 0.225054 0.340467
vt 0.220793 0.332615
vt 0.011640 0.332615
vt 0.024381 0.332615
vt 0.165693 0.340467
vt 0.170356 0.332615
vt 0.170356 0.340467
vt 0.161121 0.332615
vt 0.161121 0.340467
vt 0.175063 0.332615
vt 0.175063 0.340467
vt 0.165693 0.332615
vt 0.179771 0.340467
vt 0.184433 0.332615
vt 0.184433 0.340467
vt 0.179771 0.332615
vt 0.189005 0.332615
vt 0.189005 0.340467
vt 0.229491 0.332615
vt 0.266073 0.340467
vt 0.261813 0.332615
vt 0.261813 0.340467
vt 0.270116 0.340467
vt 0.266073 0.332615
vt 0.277394 0.340467
vt 0.273902 0.332615
vt 0.273902 0.340467
vt 0.270116 0.332615
vt 0.563366 0.340632
vt 0.566858 0.332780
vt 0.566858 0.340632
vt 0.555538 0.340632
vt 0.559580 0.332780
vt 0.559580 0.340632
vt 0.563366 0.332780
vt 0.498936 0.340632
vt 0.502428 0.332780
vt 0.502428 0.340632
vt 0.205532 0.340467
vt 0.209024 0.332615
vt 0.209024 0.340467
vt 0.193443 0.340467
vt 0.197704 0.332615
vt 0.197703 0.340467
vt 0.506214 0.340632
vt 0.510257 0.332780
vt 0.510257 0.340632
vt 0.193443 0.332615
vt 0.201746 0.340467
vt 0.205532 0.332615
vt 0.257375 0.332615
vt 0.400865 0.340632
vt 0.396157 0.332780
vt 0.063780 0.749385
vt 0.115331 0.752202
vt 0.532897 0.340632
vt 0.537605 0.332780
vt 0.537605 0.340632
vt 0.542267 0.332780
vt 0.542267 0.340632
vt 0.523527 0.340632
vt 0.528190 0.332780
vt 0.528190 0.340632
vt 0.518955 0.340632
vt 0.523527 0.332780
vt 0.386787 0.332780
vt 0.386787 0.340632
vt 0.514518 0.340632
vt 0.518955 0.332780
vt 0.546839 0.332780
vt 0.546839 0.340632
vt 0.551277 0.340632
vt 0.555538 0.332780
vt 0.514518 0.332780
vt 0.551277 0.332780
vt 0.418797 0.340632
vt 0.414537 0.332780
vt 0.414537 0.340632
vt 0.506214 0.332780
vt 0.201746 0.332615
vt 0.410099 0.332780
vt 0.410099 0.340632
vt 0.365688 0.340632
vt 0.362196 0.332780
vt 0.362196 0.340632
vt 0.532897 0.332780
vt 0.076224 0.340467
vt 0.072732 0.332615
vt 0.072732 0.340467
vt 0.369474 0.340632
vt 0.365688 0.332780
vt 0.382215 0.340632
vt 0.377777 0.332780
vt 0.377777 0.340632
vt 0.434058 0.340632
vt 0.437844 0.332780
vt 0.437844 0.340632
vt 0.426626 0.340632
vt 0.422840 0.332780
vt 0.422840 0.340632
vt 0.405527 0.340632
vt 0.400865 0.332780
vt 0.418797 0.332780
vt 0.430118 0.340632
vt 0.426626 0.332780
vt 0.080010 0.340467
vt 0.076224 0.332615
vt 0.373517 0.340632
vt 0.369474 0.332780
vt 0.084053 0.340467
vt 0.080010 0.332615
vt 0.373517 0.332780
vt 0.430566 0.340632
vt 0.434058 0.332780
vt 0.441887 0.332780
vt 0.441887 0.340632
vt 0.382215 0.332780
vt 0.101986 0.340467
vt 0.097323 0.332615
vt 0.097323 0.340467
vt 0.116063 0.340467
vt 0.111401 0.332615
vt 0.111401 0.340467
vt 0.092751 0.332615
vt 0.092751 0.340467
vt 0.106693 0.340467
vt 0.101986 0.332615
vt 0.120635 0.340467
vt 0.116063 0.332615
vt 0.088314 0.340467
vt 0.084053 0.332615
vt 0.446148 0.332780
vt 0.446148 0.340632
vt 0.405527 0.332780
vt 0.106693 0.332615
vt 0.473897 0.340632
vt 0.478469 0.332780
vt 0.478469 0.340632
vt 0.450585 0.332780
vt 0.450585 0.340632
vt 0.455157 0.340632
vt 0.459819 0.332780
vt 0.459819 0.340632
vt 0.464527 0.332780
vt 0.464527 0.340632
vt 0.469235 0.332780
vt 0.469235 0.340632
vt 0.473897 0.332780
vt 0.125073 0.340467
vt 0.120635 0.332615
vt 0.088314 0.332615
vt 0.129333 0.340467
vt 0.125073 0.332615
vt 0.133376 0.340467
vt 0.129333 0.332615
vt 0.137162 0.340467
vt 0.133376 0.332615
vt 0.358256 0.340632
vt 0.361748 0.332780
vt 0.361748 0.340632
vt 0.354470 0.340632
vt 0.358256 0.332780
vt 0.140654 0.340467
vt 0.137162 0.332615
vt 0.297318 0.340632
vt 0.301104 0.332780
vt 0.301104 0.340632
vt 0.346166 0.340632
vt 0.350427 0.332780
vt 0.350427 0.340632
vt 0.293826 0.340632
vt 0.297318 0.332780
vt 0.354470 0.332780
vt 0.487167 0.340632
vt 0.491210 0.332780
vt 0.491210 0.340632
vt 0.482907 0.340632
vt 0.487167 0.332780
vt 0.341729 0.340632
vt 0.346166 0.332780
vt 0.494996 0.340632
vt 0.498488 0.332780
vt 0.498488 0.340632
vt 0.482907 0.332780
vt 0.455157 0.332780
vt 0.337157 0.340632
vt 0.341729 0.332780
vt 0.494996 0.332780
vt 0.313845 0.340632
vt 0.318417 0.332780
vt 0.318417 0.340632
vt 0.323079 0.332780
vt 0.323079 0.340632
vt 0.309407 0.340632
vt 0.313845 0.332780
vt 0.305147 0.332780
vt 0.305147 0.340632
vt 0.327787 0.332780
vt 0.327787 0.340632
vt 0.738759 0.358957
vt 0.761864 0.351105
vt 0.761864 0.358957
vt 0.332494 0.340632
vt 0.337157 0.332780
vt 0.332494 0.332780
vt 0.309407 0.332780
vt 0.660929 0.358957
vt 0.641207 0.351105
vt 0.660929 0.351105
vt 0.779196 0.351105
vt 0.779196 0.358957
vt 0.787236 0.358957
vt 0.813691 0.351105
vt 0.813691 0.358957
vt 0.641207 0.358957
vt 0.676764 0.358957
vt 0.676764 0.351105
vt 0.690168 0.358957
vt 0.703497 0.351105
vt 0.703497 0.358957
vt 0.719102 0.358957
vt 0.738759 0.351105
vt 0.840078 0.358957
vt 0.865368 0.351105
vt 0.865368 0.358957
vt 0.787236 0.351105
vt 0.719102 0.351105
vt 0.840078 0.351105
vt 0.888567 0.351105
vt 0.888567 0.358957
vt 0.690168 0.351105
vt 0.908683 0.351105
vt 0.908683 0.358957
vt 0.925110 0.358957
vt 0.938843 0.351105
vt 0.938843 0.358957
vt 0.925110 0.351105
vt 0.951267 0.351105
vt 0.951267 0.358957
vt 0.963766 0.351105
vt 0.963766 0.358957
vt 0.591510 0.349940
vt 0.594471 0.342089
vt 0.594471 0.349940
vt 0.009009 0.947471
vt 0.004887 0.658928
vt 0.063780 0.800936
vt 0.590614 0.350293
vt 0.582763 0.346037
vt 0.590614 0.346037
vt 0.582763 0.340956
vt 0.590614 0.340956
vt 0.580192 0.349794
vt 0.577328 0.341943
vt 0.038323 0.332615
vt 0.581750 0.349794
vt 0.580192 0.341943
vt 0.129130 0.600969
vt 0.154488 0.597134
vt 0.590614 0.330845
vt 0.582763 0.329092
vt 0.590614 0.329093
vt 0.582763 0.330880
vt 0.590614 0.330880
vt 0.989908 0.360380
vt 0.990097 0.360192
vt 0.989908 0.360197
vt 0.990090 0.360380
vt 0.990261 0.360195
vt 0.990260 0.360380
vt 0.990389 0.360199
vt 0.990094 0.360026
vt 0.989908 0.360027
vt 0.990244 0.360044
vt 0.990351 0.360059
vt 0.989908 0.359882
vt 0.990229 0.359936
vt 0.990089 0.359898
vt 0.990315 0.359973
vt 0.004794 0.349895
vt 0.004724 0.349712
vt 0.004719 0.350065
vt 0.004653 0.349902
vt 0.004639 0.350211
vt 0.004582 0.350066
vt 0.004585 0.349712
vt 0.004517 0.349898
vt 0.004514 0.350194
vt 0.004465 0.350048
vt 0.004450 0.349712
vt 0.004400 0.349894
vt 0.004418 0.350156
vt 0.004371 0.350033
vt 0.989838 0.658934
vt 0.990026 0.658878
vt 0.990020 0.658998
vt 0.989838 0.658816
vt 0.990023 0.658786
vt 0.989908 0.359770
vt 0.990093 0.359799
vt 0.990192 0.658954
vt 0.990191 0.659072
vt 0.990174 0.658863
vt 0.990243 0.359859
vt 0.990320 0.659027
vt 0.990336 0.659152
vt 0.004441 0.350293
vt 0.004350 0.350233
vt 0.004359 0.350119
vt 0.293129 0.349630
vt 0.292946 0.349812
vt 0.293299 0.349630
vt 0.293136 0.349818
vt 0.293445 0.349630
vt 0.293300 0.349815
vt 0.292946 0.349982
vt 0.293132 0.349983
vt 0.293390 0.349950
vt 0.293282 0.349965
vt 0.292946 0.350128
vt 0.293267 0.350073
vt 0.293128 0.350111
vt 0.293353 0.350036
vt 0.004793 0.359139
vt 0.004611 0.358957
vt 0.004793 0.359309
vt 0.004605 0.359147
vt 0.004793 0.359455
vt 0.004609 0.359310
vt 0.004441 0.358957
vt 0.004440 0.359143
vt 0.004473 0.359401
vt 0.004458 0.359293
vt 0.004295 0.358957
vt 0.004350 0.359278
vt 0.004312 0.359138
vt 0.004387 0.359364
vt 0.990024 0.947459
vt 0.989842 0.947642
vt 0.989842 0.947459
vt 0.990194 0.947459
vt 0.990031 0.947647
vt 0.990340 0.947459
vt 0.990195 0.947644
vt 0.989842 0.947812
vt 0.990028 0.947813
vt 0.990285 0.947780
vt 0.990177 0.947795
vt 0.989842 0.947958
vt 0.990162 0.947903
vt 0.990023 0.947941
vt 0.990249 0.947866
vt 0.004822 0.360380
vt 0.004639 0.360190
vt 0.004624 0.360380
vt 0.004841 0.360198
vt 0.004665 0.360027
vt 0.004865 0.360028
vt 0.004691 0.359899
vt 0.004464 0.360194
vt 0.004444 0.360380
vt 0.004504 0.360044
vt 0.004538 0.359936
vt 0.004332 0.360199
vt 0.004295 0.360380
vt 0.004391 0.360059
vt 0.004443 0.359973
vt 0.004656 0.658879
vt 0.004867 0.658813
vt 0.004685 0.658995
vt 0.004470 0.658957
vt 0.004492 0.659072
vt 0.004321 0.659032
vt 0.004844 0.658720
vt 0.004469 0.658868
vt 0.004637 0.658789
vt 0.004345 0.658938
vt 0.004707 0.359800
vt 0.004889 0.359882
vt 0.004914 0.359770
vt 0.004539 0.359859
vt 0.294130 0.349794
vt 0.294195 0.349977
vt 0.293992 0.349794
vt 0.294056 0.349982
vt 0.293858 0.349794
vt 0.293923 0.349979
vt 0.294118 0.350147
vt 0.293982 0.350148
vt 0.293805 0.349976
vt 0.293867 0.350130
vt 0.294035 0.350293
vt 0.293912 0.350276
vt 0.293774 0.350115
vt 0.293817 0.350238
vt 0.590614 0.328904
vt 0.590796 0.329030
vt 0.590614 0.328696
vt 0.590791 0.328853
vt 0.590614 0.328484
vt 0.590789 0.328674
vt 0.590965 0.328970
vt 0.590955 0.328809
vt 0.590788 0.328499
vt 0.590943 0.328655
vt 0.591113 0.328916
vt 0.591092 0.328766
vt 0.591024 0.328535
vt 0.591061 0.328632
vt 0.590796 0.328034
vt 0.590614 0.328107
vt 0.590614 0.327965
vt 0.590965 0.328142
vt 0.590793 0.328185
vt 0.581808 0.350293
vt 0.581931 0.350136
vt 0.581809 0.350145
vt 0.590614 0.328284
vt 0.590956 0.328269
vt 0.590790 0.328338
vt 0.591091 0.328376
vt 0.590943 0.328393
vt 0.590933 0.328516
vt 0.006897 0.946993
vt 0.006695 0.946859
vt 0.006882 0.946798
vt 0.006775 0.947176
vt 0.006733 0.947020
vt 0.006928 0.947181
vt 0.006820 0.947311
vt 0.006574 0.947041
vt 0.006511 0.946903
vt 0.006635 0.947168
vt 0.006686 0.947272
vt 0.006431 0.947052
vt 0.006339 0.946929
vt 0.006519 0.947161
vt 0.591131 0.328581
vt 0.591061 0.328465
vt 0.989908 0.368232
vt 0.990096 0.368421
vt 0.990090 0.368232
vt 0.989908 0.368584
vt 0.989908 0.368414
vt 0.989908 0.368730
vt 0.990093 0.368585
vt 0.990261 0.368418
vt 0.990260 0.368232
vt 0.990243 0.368567
vt 0.990229 0.368675
vt 0.990390 0.368413
vt 0.990406 0.368232
vt 0.990351 0.368552
vt 0.990315 0.368638
vt 0.989838 0.369370
vt 0.990028 0.369315
vt 0.989838 0.369252
vt 0.990020 0.369434
vt 0.990192 0.369390
vt 0.990191 0.369509
vt 0.990319 0.369463
vt 0.990024 0.369222
vt 0.989838 0.369156
vt 0.990174 0.369299
vt 0.004439 0.341280
vt 0.004415 0.341417
vt 0.004348 0.341340
vt 0.989908 0.368842
vt 0.990089 0.368713
vt 0.990094 0.368812
vt 0.990244 0.368752
vt 0.004722 0.341861
vt 0.004791 0.341678
vt 0.004855 0.341861
vt 0.004583 0.341861
vt 0.004650 0.341673
vt 0.004447 0.341861
vt 0.004516 0.341676
vt 0.004717 0.341508
vt 0.004579 0.341507
vt 0.004398 0.341679
vt 0.004462 0.341525
vt 0.004637 0.341362
vt 0.004512 0.341379
vt 0.004369 0.341540
vt 0.292944 0.341596
vt 0.293126 0.341778
vt 0.292944 0.341426
vt 0.293132 0.341588
vt 0.292944 0.341280
vt 0.293129 0.341425
vt 0.293296 0.341778
vt 0.293298 0.341592
vt 0.293265 0.341334
vt 0.293280 0.341442
vt 0.293442 0.341778
vt 0.293388 0.341457
vt 0.293426 0.341597
vt 0.293351 0.341371
vt 0.989842 0.658078
vt 0.990024 0.657895
vt 0.989842 0.657895
vt 0.989842 0.658248
vt 0.990030 0.658085
vt 0.989842 0.658394
vt 0.990027 0.658249
vt 0.990194 0.657895
vt 0.990195 0.658081
vt 0.990162 0.658339
vt 0.990177 0.658231
vt 0.990340 0.657895
vt 0.990285 0.658216
vt 0.990323 0.658077
vt 0.990249 0.658302
vt 0.004611 0.351105
vt 0.004793 0.350923
vt 0.004793 0.351105
vt 0.004441 0.351105
vt 0.004604 0.350917
vt 0.004295 0.351105
vt 0.004440 0.350920
vt 0.004793 0.350753
vt 0.004607 0.350752
vt 0.004350 0.350784
vt 0.004458 0.350770
vt 0.004793 0.350607
vt 0.004473 0.350662
vt 0.004612 0.350624
vt 0.004387 0.350698
vt 0.004822 0.368232
vt 0.004637 0.368420
vt 0.004841 0.368414
vt 0.004624 0.368232
vt 0.004464 0.368417
vt 0.004444 0.368232
vt 0.004333 0.368413
vt 0.004664 0.368585
vt 0.004865 0.368584
vt 0.004503 0.368567
vt 0.004391 0.368552
vt 0.004691 0.368713
vt 0.004889 0.368730
vt 0.004538 0.368675
vt 0.004443 0.368638
vt 0.294195 0.341760
vt 0.294130 0.341943
vt 0.294118 0.341590
vt 0.294056 0.341753
vt 0.294035 0.341444
vt 0.293983 0.341589
vt 0.293992 0.341943
vt 0.293922 0.341757
vt 0.293912 0.341461
vt 0.293867 0.341607
vt 0.293858 0.341943
vt 0.293805 0.341761
vt 0.293817 0.341499
vt 0.293774 0.341622
vt 0.004658 0.369314
vt 0.004685 0.369431
vt 0.004844 0.369156
vt 0.004867 0.369249
vt 0.004708 0.368813
vt 0.004914 0.368842
vt 0.004470 0.369392
vt 0.004492 0.369509
vt 0.004470 0.369304
vt 0.004539 0.368752
vt 0.004321 0.369469
vt 0.004321 0.369592
vt 0.004345 0.369374
vt 0.004415 0.368675
vt 0.582581 0.329030
vt 0.582763 0.328904
vt 0.582412 0.328970
vt 0.582584 0.328852
vt 0.582264 0.328916
vt 0.582421 0.328808
vt 0.582763 0.328696
vt 0.582587 0.328673
vt 0.582286 0.328767
vt 0.582434 0.328655
vt 0.582763 0.328484
vt 0.582589 0.328498
vt 0.582353 0.328536
vt 0.582444 0.328516
vt 0.006695 0.657295
vt 0.006897 0.657429
vt 0.006882 0.657234
vt 0.006574 0.657478
vt 0.006734 0.657457
vt 0.006511 0.657339
vt 0.006432 0.657489
vt 0.006777 0.657611
vt 0.006928 0.657617
vt 0.006636 0.657604
vt 0.006520 0.657597
vt 0.006821 0.657748
vt 0.006970 0.657785
vt 0.006687 0.657708
vt 0.582246 0.328581
vt 0.582316 0.328632
vt 0.582763 0.328107
vt 0.582581 0.328034
vt 0.582763 0.327965
vt 0.582763 0.328284
vt 0.582586 0.328186
vt 0.582587 0.328336
vt 0.582412 0.328142
vt 0.582422 0.328272
vt 0.582434 0.328393
vt 0.582264 0.328285
vt 0.582285 0.328378
vt 0.582316 0.328465
vt 0.989838 0.658720
vt 0.043033 0.340650
vt 0.038323 0.340820
vt 0.043040 0.340820
vt 0.043051 0.340965
vt 0.304537 0.805661
vt 0.304915 0.800933
vt 0.304682 0.805675
vt 0.304851 0.805692
vt 0.305085 0.800933
vt 0.305033 0.805710
vt 0.305033 0.796156
vt 0.304851 0.796174
vt 0.304682 0.796191
vt 0.304769 0.800933
vt 0.304537 0.796205
vt 0.033595 0.340965
vt 0.033606 0.340820
vt 0.033613 0.340650
vt 0.038323 0.340650
vt 0.304331 0.791425
vt 0.304152 0.791461
vt 0.303985 0.791494
vt 0.303842 0.791523
vt 0.028913 0.340965
vt 0.028935 0.340819
vt 0.028949 0.340650
vt 0.294205 0.770017
vt 0.290864 0.766602
vt 0.290993 0.766473
vt 0.294064 0.770133
vt 0.290744 0.766723
vt 0.293820 0.770333
vt 0.290641 0.766826
vt 0.290561 0.766905
vt 0.007794 0.340819
vt 0.004345 0.340650
vt 0.004295 0.340819
vt 0.007839 0.340650
vt 0.283609 0.841454
vt 0.287335 0.838463
vt 0.287451 0.838605
vt 0.283414 0.841160
vt 0.287227 0.838332
vt 0.287134 0.838219
vt 0.216636 0.340965
vt 0.212905 0.340819
vt 0.212833 0.340965
vt 0.216698 0.340820
vt 0.212949 0.340650
vt 0.296903 0.773959
vt 0.296761 0.774054
vt 0.293933 0.770241
vt 0.296640 0.774135
vt 0.007723 0.340965
vt 0.011588 0.340820
vt 0.011627 0.340650
vt 0.294206 0.831849
vt 0.296903 0.827906
vt 0.297055 0.828008
vt 0.294065 0.831733
vt 0.296762 0.827812
vt 0.293933 0.831626
vt 0.296640 0.827731
vt 0.068923 0.340965
vt 0.065059 0.340820
vt 0.065121 0.340965
vt 0.068852 0.340819
vt 0.065019 0.340650
vt 0.303169 0.815079
vt 0.301390 0.819513
vt 0.302995 0.815027
vt 0.301232 0.819448
vt 0.302832 0.814977
vt 0.302692 0.814935
vt 0.056782 0.340965
vt 0.052292 0.340820
vt 0.052325 0.340965
vt 0.056712 0.340650
vt 0.052272 0.340650
vt 0.304332 0.810440
vt 0.304152 0.810405
vt 0.303985 0.810372
vt 0.303842 0.810343
vt 0.047711 0.340819
vt 0.047733 0.340965
vt 0.047698 0.340650
vt 0.301558 0.819583
vt 0.299353 0.823820
vt 0.299203 0.823740
vt 0.301097 0.819392
vt 0.061061 0.340965
vt 0.056739 0.340820
vt 0.061008 0.340820
vt 0.060975 0.340650
vt 0.287450 0.763262
vt 0.283507 0.760564
vt 0.283608 0.760413
vt 0.287334 0.763403
vt 0.283413 0.760706
vt 0.287226 0.763534
vt 0.283331 0.760827
vt 0.144463 0.340965
vt 0.148328 0.340820
vt 0.148265 0.340965
vt 0.144534 0.340819
vt 0.148367 0.340650
vt 0.287134 0.763647
vt 0.287062 0.763734
vt 0.141035 0.340819
vt 0.144579 0.340650
vt 0.302994 0.786839
vt 0.303169 0.786786
vt 0.302831 0.786889
vt 0.302692 0.786931
vt 0.024354 0.340820
vt 0.024321 0.340965
vt 0.024374 0.340650
vt 0.301389 0.782353
vt 0.301558 0.782283
vt 0.301232 0.782418
vt 0.301097 0.782474
vt 0.019907 0.340820
vt 0.019864 0.340965
vt 0.019934 0.340650
vt 0.290994 0.835393
vt 0.290745 0.835144
vt 0.293820 0.831533
vt 0.290642 0.835040
vt 0.293734 0.831462
vt 0.072351 0.340819
vt 0.068807 0.340650
vt 0.290865 0.835264
vt 0.290562 0.834961
vt 0.209405 0.340819
vt 0.209455 0.340650
vt 0.299514 0.823906
vt 0.299074 0.823671
vt 0.297054 0.773858
vt 0.299352 0.778046
vt 0.299202 0.778126
vt 0.299073 0.778195
vt 0.011525 0.340965
vt 0.015638 0.340820
vt 0.015671 0.340650
vt 0.299513 0.777960
vt 0.015585 0.340965
vt 0.261294 0.849251
vt 0.261311 0.849432
vt 0.256535 0.849314
vt 0.261277 0.849081
vt 0.261262 0.848936
vt 0.243433 0.340965
vt 0.238716 0.340820
vt 0.238705 0.340965
vt 0.243433 0.340650
vt 0.238723 0.340650
vt 0.251776 0.849251
vt 0.256535 0.849485
vt 0.251792 0.849081
vt 0.251807 0.848936
vt 0.256535 0.849168
vt 0.248150 0.340820
vt 0.243433 0.340819
vt 0.248143 0.340650
vt 0.266007 0.848552
vt 0.266042 0.848731
vt 0.265973 0.848385
vt 0.265945 0.848241
vt 0.234045 0.340820
vt 0.234023 0.340965
vt 0.234059 0.340650
vt 0.247063 0.848552
vt 0.247096 0.848385
vt 0.248161 0.340965
vt 0.252821 0.340820
vt 0.252808 0.340650
vt 0.275184 0.845957
vt 0.279422 0.843751
vt 0.279508 0.843912
vt 0.275114 0.845789
vt 0.279341 0.843601
vt 0.275049 0.845631
vt 0.279272 0.843472
vt 0.224975 0.340965
vt 0.220748 0.340820
vt 0.220695 0.340965
vt 0.225018 0.340820
vt 0.220782 0.340650
vt 0.270628 0.847394
vt 0.270681 0.847569
vt 0.270579 0.847231
vt 0.270536 0.847091
vt 0.229464 0.340819
vt 0.229431 0.340965
vt 0.229484 0.340650
vt 0.274993 0.845496
vt 0.225044 0.340650
vt 0.283508 0.841302
vt 0.283332 0.841039
vt 0.216737 0.340650
vt 0.279420 0.758115
vt 0.279507 0.757954
vt 0.279340 0.758265
vt 0.279271 0.758394
vt 0.152378 0.340820
vt 0.152325 0.340965
vt 0.152411 0.340650
vt 0.270680 0.754298
vt 0.266005 0.753315
vt 0.266041 0.753136
vt 0.270627 0.754473
vt 0.265972 0.753482
vt 0.270578 0.754636
vt 0.265944 0.753625
vt 0.161061 0.340965
vt 0.165675 0.340820
vt 0.165653 0.340965
vt 0.161114 0.340650
vt 0.165689 0.340650
vt 0.275183 0.755909
vt 0.275113 0.756078
vt 0.275048 0.756235
vt 0.274992 0.756370
vt 0.156605 0.340965
vt 0.156648 0.340819
vt 0.156674 0.340650
vt 0.261310 0.752434
vt 0.261292 0.752616
vt 0.261276 0.752786
vt 0.261261 0.752931
vt 0.170346 0.340820
vt 0.170335 0.340965
vt 0.170353 0.340650
vt 0.270535 0.754775
vt 0.161094 0.340820
vt 0.251775 0.752616
vt 0.251757 0.752435
vt 0.256534 0.752553
vt 0.251791 0.752786
vt 0.251806 0.752931
vt 0.175063 0.340965
vt 0.179780 0.340820
vt 0.179791 0.340965
vt 0.175063 0.340650
vt 0.179773 0.340650
vt 0.256534 0.752382
vt 0.256534 0.752699
vt 0.175063 0.340820
vt 0.247062 0.753315
vt 0.247026 0.753136
vt 0.247095 0.753482
vt 0.247123 0.753626
vt 0.184451 0.340820
vt 0.184473 0.340965
vt 0.184438 0.340650
vt 0.242388 0.847569
vt 0.247027 0.848731
vt 0.242441 0.847394
vt 0.242490 0.847231
vt 0.247125 0.848242
vt 0.257435 0.340965
vt 0.252843 0.340965
vt 0.257402 0.340820
vt 0.257382 0.340650
vt 0.237955 0.845789
vt 0.238020 0.845632
vt 0.242533 0.847091
vt 0.261892 0.340965
vt 0.261822 0.340650
vt 0.233562 0.843913
vt 0.237885 0.845958
vt 0.233648 0.843752
vt 0.233728 0.843602
vt 0.238076 0.845497
vt 0.266171 0.340965
vt 0.261849 0.340820
vt 0.266085 0.340650
vt 0.229460 0.841454
vt 0.225734 0.838464
vt 0.229561 0.841303
vt 0.225842 0.838333
vt 0.229656 0.841161
vt 0.229737 0.841040
vt 0.274033 0.340965
vt 0.270169 0.340820
vt 0.270231 0.340965
vt 0.273917 0.340650
vt 0.270130 0.340650
vt 0.233797 0.843473
vt 0.266118 0.340820
vt 0.218863 0.831850
vt 0.216166 0.827907
vt 0.219004 0.831734
vt 0.216307 0.827813
vt 0.219135 0.831626
vt 0.216429 0.827732
vt 0.219248 0.831534
vt 0.563497 0.341130
vt 0.559633 0.340984
vt 0.563426 0.340984
vt 0.559593 0.340814
vt 0.563381 0.340814
vt 0.222075 0.835394
vt 0.222204 0.835265
vt 0.222324 0.835144
vt 0.222427 0.835041
vt 0.219335 0.831463
vt 0.222507 0.834962
vt 0.566875 0.340814
vt 0.566925 0.340984
vt 0.277411 0.340650
vt 0.277461 0.340819
vt 0.225935 0.838220
vt 0.225618 0.838605
vt 0.218862 0.770018
vt 0.216165 0.773960
vt 0.216013 0.773859
vt 0.219135 0.770241
vt 0.216306 0.774055
vt 0.216428 0.774136
vt 0.502297 0.341130
vt 0.506162 0.340984
vt 0.506099 0.341130
vt 0.502369 0.340984
vt 0.506201 0.340814
vt 0.502413 0.340814
vt 0.222203 0.766603
vt 0.219003 0.770133
vt 0.222323 0.766723
vt 0.222427 0.766827
vt 0.219248 0.770334
vt 0.219334 0.770405
vt 0.498869 0.340984
vt 0.498919 0.340814
vt 0.229459 0.760413
vt 0.233647 0.758116
vt 0.229560 0.760565
vt 0.233727 0.758266
vt 0.229655 0.760707
vt 0.233796 0.758394
vt 0.229736 0.760828
vt 0.201861 0.340965
vt 0.197748 0.340820
vt 0.201799 0.340820
vt 0.197715 0.340650
vt 0.201759 0.340650
vt 0.205547 0.340650
vt 0.209091 0.340819
vt 0.205592 0.340819
vt 0.226005 0.763735
vt 0.225934 0.763648
vt 0.225841 0.763535
vt 0.225733 0.763403
vt 0.222074 0.766474
vt 0.225617 0.763262
vt 0.205663 0.340965
vt 0.233561 0.757954
vt 0.237954 0.756078
vt 0.238075 0.756371
vt 0.193522 0.340965
vt 0.197801 0.340965
vt 0.193452 0.340650
vt 0.242387 0.754298
vt 0.242440 0.754473
vt 0.242489 0.754636
vt 0.242532 0.754776
vt 0.189065 0.340965
vt 0.189032 0.340819
vt 0.189012 0.340650
vt 0.237884 0.755910
vt 0.238019 0.756236
vt 0.193479 0.340819
vt 0.163830 0.805711
vt 0.163882 0.800935
vt 0.164065 0.800935
vt 0.163649 0.805693
vt 0.163712 0.800935
vt 0.163479 0.805677
vt 0.163566 0.800935
vt 0.400885 0.341130
vt 0.396157 0.340984
vt 0.396157 0.341130
vt 0.400874 0.340984
vt 0.396157 0.340814
vt 0.400867 0.340814
vt 0.163830 0.796158
vt 0.163649 0.796176
vt 0.163479 0.796192
vt 0.163334 0.796207
vt 0.391429 0.341130
vt 0.391440 0.340984
vt 0.391447 0.340814
vt 0.208035 0.805711
vt 0.207983 0.800934
vt 0.208217 0.805693
vt 0.208153 0.800934
vt 0.208386 0.805676
vt 0.208299 0.800934
vt 0.208532 0.805662
vt 0.537625 0.341130
vt 0.532897 0.340984
vt 0.537614 0.340984
vt 0.537607 0.340814
vt 0.208035 0.796157
vt 0.207800 0.800934
vt 0.208217 0.796175
vt 0.208532 0.796206
vt 0.528169 0.341130
vt 0.532897 0.341130
vt 0.528180 0.340984
vt 0.532897 0.340814
vt 0.528187 0.340814
vt 0.208737 0.791427
vt 0.209083 0.791495
vt 0.208386 0.796192
vt 0.523487 0.341130
vt 0.523523 0.340814
vt 0.208916 0.810406
vt 0.208737 0.810441
vt 0.209083 0.810373
vt 0.209226 0.810344
vt 0.542307 0.341130
vt 0.542285 0.340984
vt 0.542272 0.340814
vt 0.210074 0.815028
vt 0.209899 0.815081
vt 0.210237 0.814978
vt 0.210376 0.814936
vt 0.546899 0.341130
vt 0.546866 0.340984
vt 0.546846 0.340814
vt 0.210073 0.786840
vt 0.208916 0.791462
vt 0.210236 0.786890
vt 0.210376 0.786932
vt 0.209226 0.791524
vt 0.518928 0.340984
vt 0.523509 0.340984
vt 0.518948 0.340814
vt 0.211679 0.819514
vt 0.211510 0.819584
vt 0.211836 0.819449
vt 0.211971 0.819393
vt 0.551313 0.340984
vt 0.551356 0.341130
vt 0.551286 0.340814
vt 0.213716 0.823821
vt 0.213555 0.823907
vt 0.213866 0.823741
vt 0.213995 0.823672
vt 0.555582 0.340984
vt 0.555635 0.341130
vt 0.555549 0.340814
vt 0.209899 0.786787
vt 0.211679 0.782354
vt 0.211836 0.782419
vt 0.211971 0.782475
vt 0.518895 0.341130
vt 0.514481 0.340984
vt 0.514508 0.340814
vt 0.211510 0.782284
vt 0.213716 0.778047
vt 0.213866 0.778127
vt 0.514439 0.341130
vt 0.510212 0.340984
vt 0.510246 0.340814
vt 0.216014 0.828009
vt 0.559695 0.341130
vt 0.213555 0.777961
vt 0.213995 0.778196
vt 0.510159 0.341130
vt 0.158311 0.823907
vt 0.160187 0.819514
vt 0.160356 0.819584
vt 0.158000 0.823741
vt 0.160030 0.819449
vt 0.159895 0.819393
vt 0.418895 0.341130
vt 0.414573 0.340984
vt 0.414616 0.341130
vt 0.418842 0.340984
vt 0.414546 0.340814
vt 0.418809 0.340814
vt 0.153003 0.770018
vt 0.155700 0.773961
vt 0.152862 0.770134
vt 0.155558 0.774056
vt 0.152730 0.770242
vt 0.155437 0.774137
vt 0.152617 0.770335
vt 0.365557 0.341130
vt 0.369422 0.340984
vt 0.365628 0.340984
vt 0.369461 0.340814
vt 0.365673 0.340814
vt 0.162949 0.791463
vt 0.163128 0.791427
vt 0.162782 0.791496
vt 0.162639 0.791524
vt 0.386747 0.341130
vt 0.386769 0.340984
vt 0.386782 0.340814
vt 0.149791 0.766475
vt 0.146131 0.763404
vt 0.146247 0.763263
vt 0.149662 0.766604
vt 0.146023 0.763536
vt 0.149541 0.766724
vt 0.145931 0.763649
vt 0.149438 0.766828
vt 0.145860 0.763735
vt 0.430499 0.340984
vt 0.434043 0.340814
vt 0.433998 0.340984
vt 0.430549 0.340814
vt 0.161967 0.815081
vt 0.161792 0.815028
vt 0.161629 0.814979
vt 0.161489 0.814936
vt 0.410159 0.341130
vt 0.410126 0.340984
vt 0.410106 0.340814
vt 0.163129 0.810442
vt 0.162950 0.810406
vt 0.162783 0.810373
vt 0.162639 0.810345
vt 0.405567 0.341130
vt 0.405545 0.340984
vt 0.405531 0.340814
vt 0.160355 0.782285
vt 0.161792 0.786841
vt 0.160186 0.782355
vt 0.161629 0.786890
vt 0.160029 0.782420
vt 0.159894 0.782476
vt 0.377698 0.341130
vt 0.382188 0.340984
vt 0.377741 0.340984
vt 0.377768 0.340814
vt 0.153003 0.831851
vt 0.149663 0.835266
vt 0.152862 0.831735
vt 0.149542 0.835145
vt 0.152731 0.831627
vt 0.149439 0.835042
vt 0.152618 0.831535
vt 0.152531 0.831463
vt 0.430185 0.340984
vt 0.426641 0.340814
vt 0.426686 0.340984
vt 0.149359 0.766907
vt 0.362179 0.340814
vt 0.362129 0.340984
vt 0.163334 0.805662
vt 0.382208 0.340814
vt 0.161489 0.786933
vt 0.149792 0.835395
vt 0.146132 0.838465
vt 0.145932 0.838221
vt 0.145860 0.838134
vt 0.149360 0.834963
vt 0.072665 0.340819
vt 0.076209 0.340650
vt 0.072715 0.340650
vt 0.155700 0.827908
vt 0.155852 0.828010
vt 0.155559 0.827814
vt 0.155437 0.827733
vt 0.426757 0.341130
vt 0.422893 0.340984
vt 0.422955 0.341130
vt 0.422853 0.340814
vt 0.142407 0.841455
vt 0.146248 0.838606
vt 0.142211 0.841162
vt 0.146024 0.838334
vt 0.142130 0.841041
vt 0.079895 0.340965
vt 0.076164 0.340819
vt 0.076093 0.340965
vt 0.079958 0.340820
vt 0.079997 0.340650
vt 0.142406 0.760414
vt 0.142304 0.760566
vt 0.142210 0.760708
vt 0.142129 0.760829
vt 0.433927 0.341130
vt 0.437792 0.340984
vt 0.437729 0.341130
vt 0.437831 0.340814
vt 0.155852 0.773860
vt 0.158149 0.778048
vt 0.157999 0.778128
vt 0.157870 0.778197
vt 0.369359 0.341130
vt 0.373472 0.340984
vt 0.373505 0.340814
vt 0.158310 0.777962
vt 0.373419 0.341130
vt 0.158150 0.823821
vt 0.157871 0.823672
vt 0.120091 0.849252
vt 0.120109 0.849434
vt 0.115332 0.849486
vt 0.120074 0.849083
vt 0.115332 0.849170
vt 0.120060 0.848938
vt 0.106693 0.340965
vt 0.101976 0.340820
vt 0.101965 0.340965
vt 0.106693 0.340820
vt 0.101983 0.340650
vt 0.106693 0.340650
vt 0.110555 0.849434
vt 0.110573 0.849252
vt 0.115332 0.849316
vt 0.110604 0.848938
vt 0.111410 0.340820
vt 0.111403 0.340650
vt 0.124804 0.848553
vt 0.124839 0.848732
vt 0.124771 0.848386
vt 0.124742 0.848243
vt 0.097305 0.340819
vt 0.097283 0.340965
vt 0.097319 0.340650
vt 0.105825 0.848732
vt 0.105893 0.848386
vt 0.110590 0.849083
vt 0.116103 0.340965
vt 0.111421 0.340965
vt 0.116068 0.340650
vt 0.129478 0.847570
vt 0.129425 0.847395
vt 0.129376 0.847233
vt 0.129334 0.847093
vt 0.092724 0.340820
vt 0.092691 0.340965
vt 0.092744 0.340650
vt 0.133981 0.845959
vt 0.133912 0.845790
vt 0.133846 0.845633
vt 0.133791 0.845498
vt 0.088277 0.340820
vt 0.088234 0.340965
vt 0.088304 0.340650
vt 0.138219 0.843753
vt 0.138305 0.843914
vt 0.138139 0.843603
vt 0.138070 0.843474
vt 0.084008 0.340820
vt 0.083955 0.340965
vt 0.084042 0.340650
vt 0.142305 0.841304
vt 0.138218 0.758117
vt 0.138304 0.757956
vt 0.138137 0.758267
vt 0.138069 0.758396
vt 0.441842 0.340984
vt 0.441789 0.341130
vt 0.441875 0.340814
vt 0.133980 0.755911
vt 0.129424 0.754475
vt 0.129477 0.754300
vt 0.133845 0.756237
vt 0.129375 0.754637
vt 0.129333 0.754777
vt 0.450525 0.341130
vt 0.446111 0.340984
vt 0.450558 0.340984
vt 0.450578 0.340814
vt 0.133910 0.756080
vt 0.133789 0.756372
vt 0.446068 0.341130
vt 0.446138 0.340814
vt 0.124803 0.753317
vt 0.124838 0.753138
vt 0.124770 0.753484
vt 0.124741 0.753627
vt 0.455139 0.340984
vt 0.455117 0.341130
vt 0.455153 0.340814
vt 0.120108 0.752436
vt 0.120090 0.752618
vt 0.120073 0.752787
vt 0.120059 0.752933
vt 0.459810 0.340984
vt 0.459799 0.341130
vt 0.459817 0.340814
vt 0.115331 0.752384
vt 0.115331 0.752554
vt 0.115331 0.752700
vt 0.464527 0.340984
vt 0.464527 0.341130
vt 0.464527 0.340814
vt 0.110572 0.752618
vt 0.110554 0.752436
vt 0.110589 0.752787
vt 0.110603 0.752933
vt 0.469255 0.341130
vt 0.469244 0.340984
vt 0.469237 0.340814
vt 0.105859 0.753317
vt 0.105823 0.753138
vt 0.105892 0.753484
vt 0.105921 0.753627
vt 0.473915 0.340984
vt 0.473937 0.341130
vt 0.473902 0.340814
vt 0.101238 0.847396
vt 0.105860 0.848553
vt 0.101288 0.847233
vt 0.105922 0.848243
vt 0.120695 0.340965
vt 0.116081 0.340820
vt 0.120642 0.340650
vt 0.101185 0.847571
vt 0.096752 0.845791
vt 0.096817 0.845634
vt 0.101330 0.847093
vt 0.125109 0.340820
vt 0.120662 0.340819
vt 0.125082 0.340650
vt 0.092359 0.843915
vt 0.096682 0.845959
vt 0.092525 0.843603
vt 0.096873 0.845499
vt 0.125152 0.340965
vt 0.129378 0.340820
vt 0.129345 0.340650
vt 0.088257 0.841456
vt 0.092445 0.843754
vt 0.088358 0.841304
vt 0.088453 0.841163
vt 0.092594 0.843475
vt 0.133491 0.340965
vt 0.129431 0.340965
vt 0.133429 0.340820
vt 0.133390 0.340650
vt 0.080872 0.835395
vt 0.084531 0.838466
vt 0.084415 0.838607
vt 0.081001 0.835266
vt 0.084639 0.838334
vt 0.081121 0.835146
vt 0.084732 0.838221
vt 0.081225 0.835043
vt 0.084803 0.838135
vt 0.140721 0.340819
vt 0.137177 0.340650
vt 0.137222 0.340819
vt 0.140671 0.340650
vt 0.077801 0.831736
vt 0.078046 0.831535
vt 0.078132 0.831464
vt 0.081304 0.834963
vt 0.358316 0.340984
vt 0.361765 0.340814
vt 0.361815 0.340984
vt 0.088534 0.841041
vt 0.074811 0.828011
vt 0.077660 0.831852
vt 0.074963 0.827909
vt 0.077933 0.831628
vt 0.075105 0.827815
vt 0.354585 0.341130
vt 0.358387 0.341130
vt 0.354522 0.340984
vt 0.358271 0.340814
vt 0.072352 0.823908
vt 0.072663 0.823742
vt 0.072792 0.823673
vt 0.075226 0.827734
vt 0.350525 0.341130
vt 0.350439 0.340814
vt 0.354483 0.340814
vt 0.074811 0.773860
vt 0.077800 0.770135
vt 0.074962 0.773962
vt 0.075104 0.774057
vt 0.077932 0.770243
vt 0.075225 0.774138
vt 0.297187 0.341130
vt 0.301051 0.340984
vt 0.300989 0.341130
vt 0.297258 0.340984
vt 0.301091 0.340814
vt 0.080871 0.766476
vt 0.077659 0.770020
vt 0.081000 0.766605
vt 0.081121 0.766725
vt 0.078045 0.770336
vt 0.081224 0.766828
vt 0.078132 0.770407
vt 0.293809 0.340814
vt 0.297303 0.340814
vt 0.088256 0.760415
vt 0.084531 0.763405
vt 0.084415 0.763264
vt 0.088452 0.760708
vt 0.084638 0.763537
vt 0.084731 0.763650
vt 0.491325 0.341130
vt 0.495056 0.340984
vt 0.495127 0.341130
vt 0.491263 0.340984
vt 0.495011 0.340814
vt 0.081303 0.766908
vt 0.498555 0.340984
vt 0.498505 0.340814
vt 0.096681 0.755911
vt 0.092444 0.758117
vt 0.092358 0.757956
vt 0.096751 0.756080
vt 0.092524 0.758267
vt 0.096872 0.756372
vt 0.092593 0.758396
vt 0.482986 0.341130
vt 0.487212 0.340984
vt 0.487265 0.341130
vt 0.482916 0.340814
vt 0.487179 0.340814
vt 0.088357 0.760567
vt 0.088533 0.760830
vt 0.491223 0.340814
vt 0.101184 0.754300
vt 0.101237 0.754475
vt 0.101287 0.754638
vt 0.101329 0.754778
vt 0.478496 0.340984
vt 0.478529 0.341130
vt 0.478476 0.340814
vt 0.096816 0.756237
vt 0.482943 0.340984
vt 0.068696 0.815082
vt 0.070476 0.819516
vt 0.070308 0.819586
vt 0.068871 0.815029
vt 0.070634 0.819450
vt 0.069034 0.814980
vt 0.070769 0.819394
vt 0.341789 0.341130
vt 0.346203 0.340984
vt 0.346246 0.341130
vt 0.341756 0.340984
vt 0.346176 0.340814
vt 0.072513 0.778049
vt 0.072352 0.777963
vt 0.072663 0.778129
vt 0.072792 0.778198
vt 0.305102 0.340984
vt 0.305049 0.341130
vt 0.305135 0.340814
vt 0.068696 0.786789
vt 0.070476 0.782356
vt 0.068871 0.786842
vt 0.070633 0.782421
vt 0.069034 0.786892
vt 0.070768 0.782477
vt 0.069173 0.786934
vt 0.313785 0.341130
vt 0.309371 0.340984
vt 0.313818 0.340984
vt 0.309398 0.340814
vt 0.313838 0.340814
vt 0.067713 0.791464
vt 0.067534 0.791429
vt 0.067880 0.791497
vt 0.068023 0.791526
vt 0.318399 0.340984
vt 0.318377 0.341130
vt 0.318412 0.340814
vt 0.070307 0.782286
vt 0.309328 0.341130
vt 0.072513 0.823822
vt 0.350472 0.340984
vt 0.066598 0.800936
vt 0.067014 0.805695
vt 0.066832 0.805713
vt 0.066780 0.800936
vt 0.067183 0.805678
vt 0.066950 0.800936
vt 0.067329 0.805664
vt 0.327787 0.341130
vt 0.332504 0.340984
vt 0.332515 0.341130
vt 0.327787 0.340984
vt 0.332497 0.340814
vt 0.327787 0.340814
vt 0.067014 0.796177
vt 0.066832 0.796159
vt 0.067183 0.796193
vt 0.067329 0.796208
vt 0.323070 0.340984
vt 0.323059 0.341130
vt 0.323077 0.340814
vt 0.067097 0.800936
vt 0.067713 0.810407
vt 0.067880 0.810374
vt 0.068023 0.810346
vt 0.069174 0.814938
vt 0.337175 0.340984
vt 0.337161 0.340814
vt 0.341736 0.340814
vt 0.067534 0.810443
vt 0.337197 0.341130
vt 0.364917 0.947467
vt 0.353631 0.942654
vt 0.353701 0.942486
vt 0.364878 0.947649
vt 0.353565 0.942811
vt 0.364842 0.947819
vt 0.353508 0.942945
vt 0.629824 0.359455
vt 0.641170 0.359309
vt 0.641127 0.359455
vt 0.629848 0.359309
vt 0.641197 0.359139
vt 0.629863 0.359139
vt 0.256086 0.898261
vt 0.232884 0.892208
vt 0.232924 0.892030
vt 0.256032 0.898435
vt 0.232847 0.892374
vt 0.255981 0.898598
vt 0.232816 0.892517
vt 0.738697 0.359455
vt 0.761843 0.359309
vt 0.761819 0.359455
vt 0.738731 0.359309
vt 0.761859 0.359139
vt 0.738752 0.359139
vt 0.215563 0.888932
vt 0.207464 0.887672
vt 0.207486 0.887490
vt 0.215531 0.889111
vt 0.207442 0.887840
vt 0.215501 0.889278
vt 0.207424 0.887985
vt 0.779159 0.359455
vt 0.787224 0.359309
vt 0.787210 0.359455
vt 0.779179 0.359309
vt 0.787233 0.359139
vt 0.779191 0.359139
vt 0.215475 0.889422
vt 0.318190 0.926973
vt 0.304715 0.919835
vt 0.304802 0.919674
vt 0.318108 0.927136
vt 0.304634 0.919984
vt 0.318030 0.927287
vt 0.304565 0.920112
vt 0.676671 0.359455
vt 0.690124 0.359309
vt 0.690070 0.359455
vt 0.676722 0.359309
vt 0.690157 0.359139
vt 0.676754 0.359139
vt 0.333990 0.934478
vt 0.333916 0.934645
vt 0.333847 0.934800
vt 0.317964 0.927417
vt 0.660846 0.359455
vt 0.660891 0.359309
vt 0.660920 0.359139
vt 0.333789 0.934934
vt 0.291452 0.912481
vt 0.275729 0.905484
vt 0.275798 0.905315
vt 0.291371 0.912645
vt 0.275665 0.905642
vt 0.291295 0.912797
vt 0.275610 0.905777
vt 0.703405 0.359455
vt 0.719067 0.359309
vt 0.719024 0.359455
vt 0.703455 0.359309
vt 0.719093 0.359139
vt 0.703486 0.359139
vt 0.255937 0.898737
vt 0.291230 0.912927
vt 0.129130 0.890533
vt 0.154506 0.886879
vt 0.129165 0.890712
vt 0.154522 0.887049
vt 0.129198 0.890879
vt 0.154537 0.887194
vt 0.129226 0.891022
vt 0.865408 0.359455
vt 0.840087 0.359309
vt 0.865386 0.359309
vt 0.840080 0.359139
vt 0.865373 0.359139
vt 0.154488 0.886697
vt 0.180951 0.885696
vt 0.180948 0.885867
vt 0.180946 0.886013
vt 0.840098 0.359455
vt 0.813690 0.359309
vt 0.813691 0.359139
vt 0.180953 0.885514
vt 0.813688 0.359455
vt 0.105922 0.896412
vt 0.105969 0.896576
vt 0.106010 0.896716
vt 0.888625 0.359455
vt 0.888594 0.359309
vt 0.888574 0.359139
vt 0.069283 0.910530
vt 0.069199 0.910368
vt 0.085762 0.903199
vt 0.069362 0.910682
vt 0.085823 0.903358
vt 0.069430 0.910811
vt 0.908758 0.359455
vt 0.925153 0.359309
vt 0.925205 0.359455
vt 0.908718 0.359309
vt 0.925121 0.359139
vt 0.908692 0.359139
vt 0.085876 0.903494
vt 0.055495 0.918791
vt 0.055391 0.918640
vt 0.055591 0.918931
vt 0.055674 0.919052
vt 0.938897 0.359309
vt 0.938961 0.359455
vt 0.938857 0.359139
vt 0.042906 0.928453
vt 0.043026 0.928591
vt 0.043137 0.928719
vt 0.043233 0.928830
vt 0.951402 0.359455
vt 0.951329 0.359309
vt 0.951283 0.359139
vt 0.030489 0.940545
vt 0.030356 0.940419
vt 0.030612 0.940662
vt 0.030719 0.940762
vt 0.030800 0.940839
vt 0.963784 0.359139
vt 0.963835 0.359309
vt 0.594453 0.350123
vt 0.591494 0.350123
vt 0.594401 0.350293
vt 0.591446 0.350293
vt 0.028206 0.943711
vt 0.028107 0.943603
vt 0.027991 0.943477
vt 0.027867 0.943342
vt 0.590797 0.346026
vt 0.590797 0.350276
vt 0.590967 0.345996
vt 0.590967 0.350228
vt 0.591113 0.345948
vt 0.591113 0.350152
vt 0.023941 0.946587
vt 0.023868 0.946430
vt 0.023790 0.946262
vt 0.590797 0.340953
vt 0.590967 0.340944
vt 0.018985 0.947969
vt 0.024003 0.946722
vt 0.018967 0.947823
vt 0.018946 0.947654
vt 0.590797 0.330894
vt 0.590967 0.330935
vt 0.591113 0.330999
vt 0.591113 0.340931
vt 0.009137 0.947824
vt 0.009234 0.947654
vt 0.009339 0.947471
vt 0.018924 0.947471
vt 0.590797 0.330849
vt 0.590967 0.330860
vt 0.591113 0.330877
vt 0.009053 0.947970
vt 0.008954 0.947824
vt 0.008980 0.947654
vt 0.006970 0.947349
vt 0.008932 0.947970
vt 0.580181 0.349977
vt 0.581789 0.349976
vt 0.580148 0.350147
vt 0.580097 0.350293
vt 0.005025 0.945150
vt 0.005181 0.945072
vt 0.005349 0.944988
vt 0.577345 0.349977
vt 0.577394 0.350147
vt 0.577473 0.350293
vt 0.004890 0.945217
vt 0.004468 0.942696
vt 0.004670 0.942816
vt 0.004886 0.942944
vt 0.004295 0.942594
vt 0.990336 0.369588
vt 0.305033 0.516146
vt 0.305085 0.511369
vt 0.304851 0.516128
vt 0.304682 0.516111
vt 0.304915 0.511369
vt 0.304537 0.516097
vt 0.043051 0.332117
vt 0.038323 0.332263
vt 0.043040 0.332263
vt 0.043033 0.332433
vt 0.038323 0.332433
vt 0.033613 0.332433
vt 0.033606 0.332263
vt 0.033595 0.332117
vt 0.304769 0.511369
vt 0.304682 0.506627
vt 0.304537 0.506641
vt 0.304851 0.506610
vt 0.305033 0.506592
vt 0.028949 0.332433
vt 0.028935 0.332263
vt 0.028913 0.332117
vt 0.303842 0.501959
vt 0.303985 0.501930
vt 0.304152 0.501897
vt 0.304331 0.501862
vt 0.004345 0.332433
vt 0.007794 0.332263
vt 0.004295 0.332263
vt 0.290561 0.477341
vt 0.293820 0.480769
vt 0.290641 0.477262
vt 0.290744 0.477159
vt 0.294064 0.480569
vt 0.290864 0.477038
vt 0.294205 0.480453
vt 0.290993 0.476909
vt 0.212949 0.332433
vt 0.216737 0.332433
vt 0.212905 0.332263
vt 0.216698 0.332263
vt 0.212833 0.332117
vt 0.287134 0.548655
vt 0.283413 0.551597
vt 0.287227 0.548768
vt 0.287335 0.548900
vt 0.283508 0.551738
vt 0.287451 0.549041
vt 0.011627 0.332433
vt 0.007839 0.332433
vt 0.011588 0.332263
vt 0.007723 0.332117
vt 0.296640 0.484571
vt 0.293933 0.480677
vt 0.296761 0.484490
vt 0.296903 0.484396
vt 0.065019 0.332433
vt 0.068807 0.332433
vt 0.065059 0.332263
vt 0.068923 0.332117
vt 0.065121 0.332117
vt 0.293820 0.541969
vt 0.296762 0.538248
vt 0.296640 0.538167
vt 0.294065 0.542170
vt 0.296903 0.538343
vt 0.294206 0.542285
vt 0.297055 0.538444
vt 0.052272 0.332433
vt 0.056712 0.332433
vt 0.052292 0.332263
vt 0.056739 0.332263
vt 0.052325 0.332117
vt 0.301097 0.529828
vt 0.302832 0.525413
vt 0.302692 0.525371
vt 0.301232 0.529884
vt 0.302995 0.525463
vt 0.301558 0.530019
vt 0.303169 0.525516
vt 0.047698 0.332433
vt 0.047711 0.332263
vt 0.047733 0.332117
vt 0.303985 0.520808
vt 0.303842 0.520779
vt 0.304152 0.520841
vt 0.304331 0.520877
vt 0.060975 0.332433
vt 0.061061 0.332117
vt 0.056782 0.332117
vt 0.299202 0.534176
vt 0.301390 0.529949
vt 0.299514 0.534342
vt 0.148367 0.332433
vt 0.144579 0.332433
vt 0.148328 0.332263
vt 0.144534 0.332263
vt 0.148265 0.332117
vt 0.287134 0.474083
vt 0.283413 0.471142
vt 0.283331 0.471264
vt 0.287226 0.473970
vt 0.283507 0.471001
vt 0.287450 0.473698
vt 0.283608 0.470849
vt 0.141102 0.332615
vt 0.141085 0.332433
vt 0.287062 0.474170
vt 0.287334 0.473839
vt 0.024374 0.332433
vt 0.024354 0.332263
vt 0.024321 0.332117
vt 0.302692 0.497367
vt 0.302831 0.497325
vt 0.302994 0.497275
vt 0.303169 0.497222
vt 0.019934 0.332433
vt 0.019907 0.332263
vt 0.019864 0.332117
vt 0.301232 0.492854
vt 0.301097 0.492910
vt 0.301389 0.492789
vt 0.301558 0.492719
vt 0.072284 0.332615
vt 0.072301 0.332433
vt 0.068852 0.332263
vt 0.290562 0.545397
vt 0.293734 0.541898
vt 0.290642 0.545476
vt 0.293933 0.542062
vt 0.290745 0.545580
vt 0.290994 0.545829
vt 0.209455 0.332433
vt 0.209405 0.332263
vt 0.287063 0.548569
vt 0.290865 0.545700
vt 0.061008 0.332263
vt 0.299074 0.534107
vt 0.299353 0.534256
vt 0.015671 0.332433
vt 0.015585 0.332117
vt 0.011525 0.332117
vt 0.299073 0.488631
vt 0.299202 0.488563
vt 0.299352 0.488482
vt 0.297054 0.484294
vt 0.015638 0.332263
vt 0.299513 0.488396
vt 0.238723 0.332433
vt 0.243433 0.332263
vt 0.238716 0.332263
vt 0.243433 0.332117
vt 0.238705 0.332117
vt 0.256535 0.559604
vt 0.261277 0.559518
vt 0.261262 0.559372
vt 0.256535 0.559750
vt 0.261294 0.559687
vt 0.261311 0.559869
vt 0.243433 0.332433
vt 0.248150 0.332263
vt 0.251807 0.559372
vt 0.251792 0.559518
vt 0.256535 0.559921
vt 0.251776 0.559687
vt 0.234059 0.332433
vt 0.234045 0.332263
vt 0.234023 0.332117
vt 0.265945 0.558677
vt 0.265973 0.558821
vt 0.266007 0.558988
vt 0.266042 0.559167
vt 0.252808 0.332433
vt 0.248143 0.332433
vt 0.252821 0.332263
vt 0.248161 0.332117
vt 0.247125 0.558678
vt 0.247063 0.558988
vt 0.247027 0.559167
vt 0.251758 0.559869
vt 0.220782 0.332433
vt 0.225044 0.332433
vt 0.220748 0.332263
vt 0.224975 0.332117
vt 0.220695 0.332117
vt 0.274993 0.555932
vt 0.279341 0.554037
vt 0.279272 0.553909
vt 0.275114 0.556225
vt 0.279422 0.554187
vt 0.275184 0.556393
vt 0.279508 0.554348
vt 0.229484 0.332433
vt 0.229464 0.332263
vt 0.229431 0.332117
vt 0.270579 0.557667
vt 0.270536 0.557527
vt 0.270628 0.557830
vt 0.270681 0.558005
vt 0.225018 0.332263
vt 0.275049 0.556067
vt 0.216635 0.332117
vt 0.283332 0.551475
vt 0.283609 0.551890
vt 0.152411 0.332433
vt 0.152378 0.332263
vt 0.152325 0.332117
vt 0.279340 0.468701
vt 0.279271 0.468830
vt 0.279420 0.468551
vt 0.279507 0.468390
vt 0.161114 0.332433
vt 0.165689 0.332433
vt 0.165675 0.332263
vt 0.161094 0.332263
vt 0.165653 0.332117
vt 0.265944 0.464062
vt 0.270578 0.465072
vt 0.265972 0.463918
vt 0.266005 0.463751
vt 0.270680 0.464734
vt 0.266041 0.463572
vt 0.156674 0.332433
vt 0.156648 0.332263
vt 0.156605 0.332117
vt 0.275048 0.466671
vt 0.274992 0.466806
vt 0.275113 0.466514
vt 0.275183 0.466345
vt 0.170353 0.332433
vt 0.170346 0.332263
vt 0.170335 0.332117
vt 0.261276 0.463222
vt 0.261261 0.463367
vt 0.261292 0.463052
vt 0.261310 0.462871
vt 0.161061 0.332117
vt 0.270535 0.465212
vt 0.270627 0.464909
vt 0.179773 0.332433
vt 0.175063 0.332433
vt 0.179780 0.332263
vt 0.175063 0.332263
vt 0.179791 0.332117
vt 0.256534 0.463135
vt 0.251791 0.463222
vt 0.251806 0.463367
vt 0.256534 0.462989
vt 0.251775 0.463052
vt 0.175063 0.332117
vt 0.256534 0.462819
vt 0.184438 0.332433
vt 0.184451 0.332263
vt 0.184473 0.332117
vt 0.247123 0.464062
vt 0.247095 0.463919
vt 0.247062 0.463752
vt 0.247026 0.463572
vt 0.257382 0.332433
vt 0.257402 0.332263
vt 0.252843 0.332117
vt 0.242490 0.557667
vt 0.247096 0.558821
vt 0.242441 0.557830
vt 0.261822 0.332433
vt 0.261849 0.332263
vt 0.257435 0.332117
vt 0.238076 0.555933
vt 0.242533 0.557528
vt 0.238020 0.556068
vt 0.237955 0.556225
vt 0.242388 0.558005
vt 0.266118 0.332263
vt 0.266171 0.332117
vt 0.261892 0.332117
vt 0.233728 0.554038
vt 0.233648 0.554188
vt 0.237885 0.556394
vt 0.270130 0.332433
vt 0.273917 0.332433
vt 0.270169 0.332263
vt 0.273962 0.332263
vt 0.270231 0.332117
vt 0.229737 0.551476
vt 0.225842 0.548769
vt 0.229656 0.551597
vt 0.229561 0.551739
vt 0.225618 0.549042
vt 0.229460 0.551890
vt 0.266085 0.332433
vt 0.233797 0.553909
vt 0.233562 0.554349
vt 0.563381 0.332598
vt 0.559593 0.332598
vt 0.563426 0.332428
vt 0.559633 0.332428
vt 0.563497 0.332282
vt 0.219248 0.541970
vt 0.216307 0.538249
vt 0.219135 0.542063
vt 0.219004 0.542170
vt 0.216014 0.538445
vt 0.218863 0.542286
vt 0.566875 0.332598
vt 0.566925 0.332428
vt 0.222507 0.545398
vt 0.222427 0.545477
vt 0.222324 0.545580
vt 0.222204 0.545701
vt 0.222075 0.545830
vt 0.225734 0.548900
vt 0.225935 0.548656
vt 0.277411 0.332433
vt 0.277461 0.332263
vt 0.277394 0.332615
vt 0.506201 0.332598
vt 0.502369 0.332428
vt 0.506162 0.332428
vt 0.502297 0.332282
vt 0.506099 0.332282
vt 0.216428 0.484572
vt 0.219135 0.480678
vt 0.216306 0.484491
vt 0.219003 0.480570
vt 0.216165 0.484397
vt 0.218862 0.480454
vt 0.216013 0.484295
vt 0.498936 0.332780
vt 0.502413 0.332598
vt 0.498919 0.332598
vt 0.222506 0.477342
vt 0.219248 0.480770
vt 0.219334 0.480841
vt 0.222427 0.477263
vt 0.222323 0.477160
vt 0.222203 0.477039
vt 0.197715 0.332433
vt 0.201759 0.332433
vt 0.201799 0.332263
vt 0.197748 0.332263
vt 0.201861 0.332117
vt 0.233796 0.468831
vt 0.229655 0.471143
vt 0.229736 0.471264
vt 0.233647 0.468552
vt 0.229560 0.471001
vt 0.229459 0.470849
vt 0.222074 0.476910
vt 0.225733 0.473840
vt 0.225617 0.473698
vt 0.225841 0.473971
vt 0.225934 0.474084
vt 0.226005 0.474171
vt 0.209091 0.332263
vt 0.205547 0.332433
vt 0.205592 0.332263
vt 0.205663 0.332117
vt 0.193452 0.332433
vt 0.193522 0.332117
vt 0.197801 0.332117
vt 0.238075 0.466807
vt 0.233727 0.468702
vt 0.237954 0.466514
vt 0.233561 0.468391
vt 0.189012 0.332433
vt 0.189032 0.332263
vt 0.189065 0.332117
vt 0.242532 0.465212
vt 0.242489 0.465072
vt 0.242440 0.464909
vt 0.242387 0.464735
vt 0.193479 0.332263
vt 0.238019 0.466672
vt 0.237884 0.466346
vt 0.400867 0.332598
vt 0.396157 0.332598
vt 0.396157 0.332428
vt 0.400885 0.332282
vt 0.396157 0.332282
vt 0.163566 0.511371
vt 0.163479 0.516113
vt 0.163712 0.511371
vt 0.163649 0.516130
vt 0.163882 0.511371
vt 0.163830 0.516147
vt 0.164065 0.511371
vt 0.391447 0.332598
vt 0.391440 0.332428
vt 0.391429 0.332282
vt 0.163479 0.506629
vt 0.163334 0.506643
vt 0.163649 0.506612
vt 0.163830 0.506594
vt 0.537607 0.332598
vt 0.532897 0.332598
vt 0.537614 0.332428
vt 0.532897 0.332428
vt 0.537625 0.332282
vt 0.208299 0.511370
vt 0.208386 0.516112
vt 0.208532 0.516098
vt 0.208153 0.511370
vt 0.208217 0.516129
vt 0.207983 0.511370
vt 0.208035 0.516147
vt 0.528187 0.332598
vt 0.528169 0.332282
vt 0.532897 0.332282
vt 0.208386 0.506628
vt 0.208217 0.506611
vt 0.208035 0.506593
vt 0.207800 0.511370
vt 0.523523 0.332598
vt 0.528180 0.332428
vt 0.523487 0.332282
vt 0.208532 0.506642
vt 0.209083 0.501931
vt 0.208737 0.501863
vt 0.542272 0.332598
vt 0.542285 0.332428
vt 0.542307 0.332282
vt 0.209083 0.520809
vt 0.209226 0.520780
vt 0.208916 0.520842
vt 0.208737 0.520878
vt 0.546846 0.332598
vt 0.546866 0.332428
vt 0.546899 0.332282
vt 0.210376 0.525372
vt 0.210237 0.525414
vt 0.210074 0.525464
vt 0.209899 0.525517
vt 0.518948 0.332598
vt 0.523509 0.332428
vt 0.518895 0.332282
vt 0.210376 0.497368
vt 0.209226 0.501960
vt 0.210236 0.497326
vt 0.208916 0.501898
vt 0.210073 0.497277
vt 0.551286 0.332598
vt 0.551313 0.332428
vt 0.551356 0.332282
vt 0.211971 0.529829
vt 0.211836 0.529885
vt 0.211679 0.529950
vt 0.211510 0.530020
vt 0.555549 0.332598
vt 0.555582 0.332428
vt 0.555635 0.332282
vt 0.213995 0.534108
vt 0.213866 0.534177
vt 0.213716 0.534257
vt 0.213555 0.534343
vt 0.514508 0.332598
vt 0.514481 0.332428
vt 0.518928 0.332428
vt 0.211836 0.492856
vt 0.211679 0.492790
vt 0.209899 0.497224
vt 0.510246 0.332598
vt 0.510212 0.332428
vt 0.514439 0.332282
vt 0.211971 0.492912
vt 0.213866 0.488564
vt 0.213716 0.488483
vt 0.211510 0.492721
vt 0.559695 0.332282
vt 0.216429 0.538168
vt 0.216166 0.538344
vt 0.510159 0.332282
vt 0.213995 0.488632
vt 0.213555 0.488397
vt 0.418809 0.332598
vt 0.414546 0.332598
vt 0.414573 0.332428
vt 0.418895 0.332282
vt 0.414616 0.332282
vt 0.159895 0.529829
vt 0.158000 0.534177
vt 0.160030 0.529885
vt 0.158150 0.534258
vt 0.160187 0.529950
vt 0.158311 0.534344
vt 0.160356 0.530020
vt 0.365673 0.332598
vt 0.369461 0.332598
vt 0.365628 0.332428
vt 0.369422 0.332428
vt 0.365557 0.332282
vt 0.155437 0.484573
vt 0.152730 0.480678
vt 0.152617 0.480771
vt 0.155558 0.484492
vt 0.152861 0.480570
vt 0.155700 0.484397
vt 0.153003 0.480455
vt 0.386782 0.332598
vt 0.386769 0.332428
vt 0.386747 0.332282
vt 0.162639 0.501961
vt 0.162782 0.501932
vt 0.162949 0.501899
vt 0.163128 0.501863
vt 0.430566 0.332780
vt 0.434043 0.332598
vt 0.430549 0.332598
vt 0.433998 0.332428
vt 0.145860 0.474172
vt 0.149438 0.477264
vt 0.145931 0.474085
vt 0.149541 0.477160
vt 0.146023 0.473972
vt 0.146131 0.473840
vt 0.149791 0.476911
vt 0.146247 0.473699
vt 0.410106 0.332598
vt 0.410126 0.332428
vt 0.410159 0.332282
vt 0.161489 0.525373
vt 0.161629 0.525415
vt 0.161792 0.525464
vt 0.161967 0.525517
vt 0.405531 0.332598
vt 0.405545 0.332428
vt 0.405567 0.332282
vt 0.162783 0.520809
vt 0.162639 0.520781
vt 0.162950 0.520843
vt 0.163129 0.520878
vt 0.377768 0.332598
vt 0.382188 0.332428
vt 0.377741 0.332428
vt 0.377698 0.332282
vt 0.159894 0.492912
vt 0.161629 0.497327
vt 0.160029 0.492856
vt 0.160186 0.492791
vt 0.161792 0.497277
vt 0.160355 0.492721
vt 0.430118 0.332780
vt 0.426641 0.332598
vt 0.430135 0.332598
vt 0.426686 0.332428
vt 0.152531 0.541900
vt 0.149439 0.545478
vt 0.152618 0.541971
vt 0.152731 0.542063
vt 0.149542 0.545581
vt 0.152862 0.542171
vt 0.149663 0.545702
vt 0.153003 0.542287
vt 0.362179 0.332598
vt 0.362129 0.332428
vt 0.149359 0.477343
vt 0.149662 0.477040
vt 0.400874 0.332428
vt 0.163334 0.516099
vt 0.161489 0.497369
vt 0.382208 0.332598
vt 0.072715 0.332433
vt 0.076164 0.332263
vt 0.072665 0.332263
vt 0.145860 0.548570
vt 0.149360 0.545399
vt 0.145932 0.548657
vt 0.146024 0.548770
vt 0.146132 0.548901
vt 0.149792 0.545831
vt 0.422853 0.332598
vt 0.422893 0.332428
vt 0.426757 0.332282
vt 0.422955 0.332282
vt 0.155559 0.538250
vt 0.155437 0.538169
vt 0.155700 0.538344
vt 0.155852 0.538446
vt 0.079997 0.332433
vt 0.076209 0.332433
vt 0.079958 0.332263
vt 0.076093 0.332117
vt 0.142130 0.551477
vt 0.142211 0.551598
vt 0.142305 0.551740
vt 0.146248 0.549042
vt 0.437831 0.332598
vt 0.437792 0.332428
vt 0.437729 0.332282
vt 0.142129 0.471265
vt 0.142210 0.471144
vt 0.142304 0.471002
vt 0.142406 0.470850
vt 0.373505 0.332598
vt 0.373472 0.332428
vt 0.369359 0.332282
vt 0.157870 0.488633
vt 0.157999 0.488564
vt 0.158149 0.488484
vt 0.155852 0.484296
vt 0.373419 0.332282
vt 0.158310 0.488398
vt 0.418842 0.332428
vt 0.157871 0.534108
vt 0.106693 0.332433
vt 0.101983 0.332433
vt 0.106693 0.332263
vt 0.101976 0.332263
vt 0.106693 0.332117
vt 0.101965 0.332117
vt 0.115332 0.559606
vt 0.120074 0.559519
vt 0.120060 0.559374
vt 0.115332 0.559922
vt 0.120091 0.559688
vt 0.111403 0.332433
vt 0.111410 0.332263
vt 0.110604 0.559374
vt 0.115332 0.559752
vt 0.110573 0.559689
vt 0.097319 0.332433
vt 0.097305 0.332263
vt 0.097283 0.332117
vt 0.124771 0.558823
vt 0.124742 0.558679
vt 0.124804 0.558989
vt 0.124839 0.559168
vt 0.116068 0.332433
vt 0.116081 0.332263
vt 0.111421 0.332117
vt 0.105893 0.558823
vt 0.110590 0.559519
vt 0.105860 0.558990
vt 0.110555 0.559870
vt 0.092744 0.332433
vt 0.092724 0.332263
vt 0.092691 0.332117
vt 0.129376 0.557669
vt 0.129334 0.557529
vt 0.129425 0.557832
vt 0.129478 0.558006
vt 0.088304 0.332433
vt 0.088277 0.332263
vt 0.088234 0.332117
vt 0.133846 0.556069
vt 0.133791 0.555934
vt 0.133912 0.556226
vt 0.133981 0.556395
vt 0.084042 0.332433
vt 0.084008 0.332263
vt 0.083955 0.332117
vt 0.138139 0.554039
vt 0.138070 0.553910
vt 0.138219 0.554189
vt 0.138305 0.554350
vt 0.079895 0.332117
vt 0.142407 0.551892
vt 0.441875 0.332598
vt 0.441842 0.332428
vt 0.441789 0.332282
vt 0.138069 0.468832
vt 0.138137 0.468703
vt 0.138218 0.468553
vt 0.138304 0.468392
vt 0.450578 0.332598
vt 0.446111 0.332428
vt 0.450558 0.332428
vt 0.450525 0.332282
vt 0.129333 0.465213
vt 0.133845 0.466673
vt 0.129375 0.465074
vt 0.133911 0.466516
vt 0.129424 0.464911
vt 0.129477 0.464736
vt 0.446138 0.332598
vt 0.446068 0.332282
vt 0.133789 0.466808
vt 0.133980 0.466347
vt 0.455153 0.332598
vt 0.455139 0.332428
vt 0.455117 0.332282
vt 0.124769 0.463920
vt 0.124741 0.464063
vt 0.124803 0.463753
vt 0.124838 0.463574
vt 0.459817 0.332598
vt 0.459810 0.332428
vt 0.459799 0.332282
vt 0.120073 0.463223
vt 0.120059 0.463369
vt 0.120090 0.463054
vt 0.120108 0.462872
vt 0.464527 0.332598
vt 0.464527 0.332428
vt 0.464527 0.332282
vt 0.115331 0.462990
vt 0.115331 0.463137
vt 0.115331 0.462820
vt 0.469237 0.332598
vt 0.469244 0.332428
vt 0.469255 0.332282
vt 0.110589 0.463223
vt 0.110603 0.463369
vt 0.110572 0.463054
vt 0.110554 0.462872
vt 0.473902 0.332598
vt 0.473915 0.332428
vt 0.473937 0.332282
vt 0.105921 0.464063
vt 0.105892 0.463920
vt 0.105859 0.463753
vt 0.105823 0.463574
vt 0.120642 0.332433
vt 0.120662 0.332263
vt 0.120695 0.332117
vt 0.116103 0.332117
vt 0.101330 0.557529
vt 0.105922 0.558679
vt 0.101238 0.557832
vt 0.105825 0.559169
vt 0.125082 0.332433
vt 0.125109 0.332263
vt 0.096873 0.555935
vt 0.101288 0.557669
vt 0.096752 0.556227
vt 0.101185 0.558007
vt 0.129378 0.332263
vt 0.125152 0.332117
vt 0.092594 0.553911
vt 0.096817 0.556070
vt 0.092525 0.554040
vt 0.092445 0.554190
vt 0.096682 0.556396
vt 0.129345 0.332433
vt 0.133429 0.332263
vt 0.133491 0.332117
vt 0.129431 0.332117
vt 0.088453 0.551599
vt 0.088358 0.551740
vt 0.088257 0.551892
vt 0.092359 0.554351
vt 0.140654 0.332615
vt 0.137177 0.332433
vt 0.140721 0.332263
vt 0.137222 0.332263
vt 0.081304 0.545400
vt 0.084732 0.548658
vt 0.084803 0.548571
vt 0.081121 0.545582
vt 0.084639 0.548771
vt 0.081001 0.545703
vt 0.084531 0.548902
vt 0.080872 0.545832
vt 0.084415 0.549043
vt 0.361765 0.332598
vt 0.358271 0.332598
vt 0.361815 0.332428
vt 0.078132 0.541900
vt 0.081225 0.545479
vt 0.078046 0.541972
vt 0.077933 0.542064
vt 0.077801 0.542172
vt 0.133389 0.332433
vt 0.088534 0.551477
vt 0.354522 0.332428
vt 0.358316 0.332428
vt 0.354585 0.332282
vt 0.358387 0.332282
vt 0.075226 0.538170
vt 0.074963 0.538346
vt 0.074811 0.538447
vt 0.077660 0.542288
vt 0.354483 0.332598
vt 0.350472 0.332428
vt 0.350525 0.332282
vt 0.072792 0.534109
vt 0.075105 0.538251
vt 0.072663 0.534178
vt 0.072352 0.534345
vt 0.301091 0.332598
vt 0.297303 0.332598
vt 0.301051 0.332428
vt 0.297258 0.332428
vt 0.300989 0.332282
vt 0.078045 0.480772
vt 0.075104 0.484493
vt 0.075225 0.484574
vt 0.077800 0.480571
vt 0.074962 0.484398
vt 0.074811 0.484297
vt 0.293809 0.332598
vt 0.081303 0.477344
vt 0.078132 0.480843
vt 0.081121 0.477161
vt 0.077932 0.480679
vt 0.081000 0.477041
vt 0.080871 0.476912
vt 0.077659 0.480456
vt 0.495011 0.332598
vt 0.491263 0.332428
vt 0.495056 0.332428
vt 0.495127 0.332282
vt 0.084731 0.474086
vt 0.088452 0.471144
vt 0.084638 0.473973
vt 0.084531 0.473841
vt 0.088256 0.470851
vt 0.084415 0.473700
vt 0.498505 0.332598
vt 0.498555 0.332428
vt 0.081224 0.477265
vt 0.487179 0.332598
vt 0.482916 0.332598
vt 0.487212 0.332428
vt 0.482986 0.332282
vt 0.487265 0.332282
vt 0.096872 0.466808
vt 0.092524 0.468704
vt 0.092593 0.468832
vt 0.096816 0.466673
vt 0.092444 0.468553
vt 0.096751 0.466516
vt 0.092358 0.468392
vt 0.491223 0.332598
vt 0.491325 0.332282
vt 0.088533 0.471266
vt 0.088357 0.471003
vt 0.478476 0.332598
vt 0.478496 0.332428
vt 0.478529 0.332282
vt 0.101287 0.465074
vt 0.101329 0.465214
vt 0.101237 0.464911
vt 0.101184 0.464736
vt 0.482943 0.332428
vt 0.096681 0.466348
vt 0.346176 0.332598
vt 0.341756 0.332428
vt 0.346203 0.332428
vt 0.341789 0.332282
vt 0.346246 0.332282
vt 0.070769 0.529831
vt 0.069034 0.525416
vt 0.070634 0.529887
vt 0.068871 0.525465
vt 0.070476 0.529952
vt 0.068696 0.525518
vt 0.070308 0.530022
vt 0.305135 0.332598
vt 0.305102 0.332428
vt 0.305049 0.332282
vt 0.072663 0.488565
vt 0.072792 0.488634
vt 0.072513 0.488485
vt 0.072352 0.488399
vt 0.313838 0.332598
vt 0.309398 0.332598
vt 0.313818 0.332428
vt 0.309371 0.332428
vt 0.313785 0.332282
vt 0.070768 0.492913
vt 0.069034 0.497328
vt 0.069173 0.497370
vt 0.070633 0.492857
vt 0.068871 0.497278
vt 0.070476 0.492792
vt 0.068696 0.497225
vt 0.318412 0.332598
vt 0.318399 0.332428
vt 0.318377 0.332282
vt 0.068023 0.501962
vt 0.067880 0.501933
vt 0.067713 0.501900
vt 0.067534 0.501865
vt 0.309328 0.332282
vt 0.070307 0.492722
vt 0.350439 0.332598
vt 0.072513 0.534258
vt 0.332497 0.332598
vt 0.327787 0.332428
vt 0.332504 0.332428
vt 0.327787 0.332282
vt 0.332515 0.332282
vt 0.067329 0.516100
vt 0.066950 0.511372
vt 0.067184 0.516114
vt 0.066780 0.511372
vt 0.067014 0.516131
vt 0.066598 0.511372
vt 0.066832 0.516149
vt 0.323077 0.332598
vt 0.323070 0.332428
vt 0.323059 0.332282
vt 0.067329 0.506644
vt 0.067183 0.506630
vt 0.067014 0.506613
vt 0.066832 0.506595
vt 0.327787 0.332598
vt 0.067097 0.511372
vt 0.341736 0.332598
vt 0.337161 0.332598
vt 0.337175 0.332428
vt 0.068023 0.520782
vt 0.069174 0.525374
vt 0.067880 0.520810
vt 0.067713 0.520844
vt 0.337197 0.332282
vt 0.067534 0.520879
vt 0.629863 0.350923
vt 0.641197 0.350923
vt 0.629848 0.350753
vt 0.641170 0.350753
vt 0.629824 0.350607
vt 0.641127 0.350607
vt 0.353508 0.653382
vt 0.364842 0.658255
vt 0.353565 0.653247
vt 0.364878 0.658085
vt 0.353631 0.653090
vt 0.364917 0.657903
vt 0.353701 0.652922
vt 0.738752 0.350923
vt 0.761859 0.350923
vt 0.738731 0.350753
vt 0.761843 0.350753
vt 0.738697 0.350607
vt 0.761819 0.350607
vt 0.232816 0.602953
vt 0.255981 0.609034
vt 0.232847 0.602810
vt 0.256032 0.608871
vt 0.232884 0.602644
vt 0.256086 0.608697
vt 0.232924 0.602466
vt 0.779191 0.350923
vt 0.787233 0.350923
vt 0.779179 0.350753
vt 0.787224 0.350753
vt 0.779159 0.350607
vt 0.787210 0.350607
vt 0.207424 0.598422
vt 0.215501 0.599715
vt 0.207442 0.598277
vt 0.215531 0.599547
vt 0.207464 0.598108
vt 0.215563 0.599368
vt 0.207486 0.597927
vt 0.215475 0.599858
vt 0.676754 0.350923
vt 0.690157 0.350923
vt 0.676722 0.350753
vt 0.690124 0.350753
vt 0.676671 0.350607
vt 0.690070 0.350607
vt 0.304565 0.630549
vt 0.318030 0.637723
vt 0.304634 0.630420
vt 0.318108 0.637572
vt 0.304715 0.630271
vt 0.318190 0.637409
vt 0.304802 0.630111
vt 0.660920 0.350923
vt 0.660891 0.350753
vt 0.660846 0.350607
vt 0.317964 0.637854
vt 0.333847 0.645237
vt 0.333916 0.645081
vt 0.333990 0.644914
vt 0.333789 0.645370
vt 0.703486 0.350923
vt 0.719093 0.350923
vt 0.703455 0.350753
vt 0.719067 0.350753
vt 0.703405 0.350607
vt 0.719024 0.350607
vt 0.275610 0.616213
vt 0.291295 0.623233
vt 0.275665 0.616078
vt 0.291370 0.623081
vt 0.275729 0.615921
vt 0.291452 0.622917
vt 0.275798 0.615752
vt 0.255937 0.609173
vt 0.291230 0.623364
vt 0.865373 0.350923
vt 0.840080 0.350923
vt 0.865386 0.350753
vt 0.840087 0.350753
vt 0.865408 0.350607
vt 0.154537 0.597630
vt 0.129198 0.601315
vt 0.129226 0.601458
vt 0.154522 0.597485
vt 0.129165 0.601148
vt 0.154506 0.597315
vt 0.813691 0.350923
vt 0.813690 0.350753
vt 0.840098 0.350607
vt 0.180946 0.596449
vt 0.180948 0.596303
vt 0.180951 0.596133
vt 0.813688 0.350607
vt 0.180953 0.595950
vt 0.888574 0.350923
vt 0.888594 0.350753
vt 0.888625 0.350607
vt 0.105969 0.607012
vt 0.106010 0.607152
vt 0.105922 0.606848
vt 0.105871 0.606673
vt 0.908692 0.350923
vt 0.925121 0.350923
vt 0.908718 0.350753
vt 0.925153 0.350753
vt 0.908758 0.350607
vt 0.925205 0.350607
vt 0.069430 0.621247
vt 0.085823 0.613794
vt 0.069362 0.621118
vt 0.085762 0.613636
vt 0.069283 0.620967
vt 0.085695 0.613465
vt 0.069199 0.620804
vt 0.085876 0.613930
vt 0.938857 0.350923
vt 0.938897 0.350753
vt 0.938961 0.350607
vt 0.055674 0.629488
vt 0.055591 0.629367
vt 0.055495 0.629227
vt 0.055391 0.629077
vt 0.951283 0.350923
vt 0.951329 0.350753
vt 0.951402 0.350607
vt 0.043137 0.639156
vt 0.043233 0.639266
vt 0.043026 0.639027
vt 0.042906 0.638889
vt 0.963784 0.350923
vt 0.963835 0.350753
vt 0.030800 0.651275
vt 0.030719 0.651198
vt 0.030612 0.651098
vt 0.030489 0.650981
vt 0.030356 0.650855
vt 0.027867 0.653778
vt 0.027991 0.653913
vt 0.028107 0.654039
vt 0.028206 0.654147
vt 0.594401 0.341736
vt 0.591494 0.341906
vt 0.591446 0.341736
vt 0.594453 0.341906
vt 0.591510 0.342089
vt 0.023790 0.656698
vt 0.023868 0.656866
vt 0.023941 0.657023
vt 0.582264 0.345948
vt 0.582410 0.350228
vt 0.582264 0.350152
vt 0.582410 0.345996
vt 0.582580 0.350276
vt 0.582580 0.346026
vt 0.582763 0.350293
vt 0.018946 0.658090
vt 0.018967 0.658260
vt 0.018985 0.658406
vt 0.024003 0.657158
vt 0.582410 0.340944
vt 0.582580 0.340953
vt 0.009339 0.657907
vt 0.018924 0.657907
vt 0.009234 0.658090
vt 0.009137 0.658260
vt 0.582264 0.330999
vt 0.582264 0.340931
vt 0.582410 0.330935
vt 0.008980 0.658090
vt 0.008954 0.658260
vt 0.009053 0.658406
vt 0.582264 0.330877
vt 0.582410 0.330860
vt 0.582580 0.330894
vt 0.008932 0.658406
vt 0.582580 0.330849
vt 0.582763 0.330845
vt 0.005349 0.655425
vt 0.005181 0.655508
vt 0.005025 0.655587
vt 0.006339 0.657365
vt 0.580097 0.341444
vt 0.581809 0.341592
vt 0.581808 0.341444
vt 0.580148 0.341590
vt 0.581789 0.341761
vt 0.580181 0.341760
vt 0.581750 0.341943
vt 0.004886 0.653380
vt 0.004670 0.653252
vt 0.004468 0.653132
vt 0.004890 0.655654
vt 0.577473 0.341444
vt 0.577394 0.341590
vt 0.577345 0.341760
vt 0.004295 0.653030
vt 0.990406 0.360380
vt 0.004295 0.368232
vt 0.581896 0.341943
vt 0.581896 0.349794
vt 0.185933 0.800934
vt 0.063780 0.511372
vt 0.185933 0.511371
vt 0.305268 0.511369
vt 0.308085 0.511369
vt 0.161966 0.497224
vt 0.308085 0.800933
vt 0.305268 0.800933
vt 0.161966 0.786788
vt 0.293826 0.332780
vt 0.004295 0.350156
vt 0.293428 0.349811
vt 0.004612 0.359438
vt 0.990323 0.947640
vt 0.004321 0.659155
vt 0.004415 0.359936
vt 0.293759 0.350201
vt 0.581931 0.350271
vt 0.990351 0.368675
vt 0.004356 0.341454
vt 0.293125 0.341297
vt 0.990023 0.658377
vt 0.004312 0.350924
vt 0.293759 0.341536
vt 0.004639 0.369224
vt 0.038323 0.340965
vt 0.293733 0.770404
vt 0.141085 0.340650
vt 0.072301 0.340650
vt 0.287063 0.838133
vt 0.273962 0.340819
vt 0.226006 0.838133
vt 0.222506 0.766906
vt 0.209041 0.340650
vt 0.382155 0.341130
vt 0.430135 0.340814
vt 0.152530 0.770406
vt 0.137293 0.340965
vt 0.293759 0.340984
vt 0.084802 0.763736
vt 0.364811 0.947965
vt 0.043306 0.928915
vt 0.028283 0.943794
vt 0.038323 0.332117
vt 0.293733 0.480841
vt 0.144463 0.332117
vt 0.141035 0.332263
vt 0.072351 0.332263
vt 0.274033 0.332117
vt 0.219335 0.541899
vt 0.226006 0.548569
vt 0.498869 0.332428
vt 0.209041 0.332433
vt 0.430499 0.332428
vt 0.382155 0.332282
vt 0.430185 0.332428
vt 0.152530 0.480842
vt 0.433927 0.332282
vt 0.140671 0.332433
vt 0.137293 0.332117
vt 0.297187 0.332282
vt 0.293759 0.332428
vt 0.084802 0.474172
vt 0.364811 0.658401
vt 0.043306 0.639351
vt 0.028283 0.654230
s 1
f 20/1/1 1287/2/2 56/3/3
f 4/4/4 6/5/4 746/6/4
f 207/7/5 1382/8/6 151/9/7
f 151/9/7 1367/10/8 138/11/9
f 508/12/10 1753/13/11 522/14/12
f 1194/15/13 1325/16/14 95/17/15
f 18/18/16 1326/19/16 2431/20/16
f 1969/21/16 1977/22/16 15/23/16
f 1612/24/16 1606/25/16 11/26/16
f 2060/27/16 10/28/16 18/18/16
f 13/29/16 14/30/16 1522/31/16
f 1132/32/4 1138/33/4 6/5/4
f 57/34/17 2277/35/18 1048/36/19
f 298/37/4 291/38/4 5/39/4
f 1/40/4 2/41/4 375/42/4
f 173/43/20 1410/44/21 179/45/22
f 194/46/23 1402/47/24 173/43/20
f 333/48/25 1416/49/26 187/50/27
f 179/51/22 1465/52/28 236/53/29
f 158/54/30 1458/55/31 229/56/32
f 229/56/32 1444/57/33 215/58/34
f 201/59/35 1389/60/36 158/54/30
f 144/61/10 1396/62/11 165/63/12
f 249/64/37 1452/65/38 221/66/39
f 242/67/40 1578/68/41 347/69/42
f 187/50/27 1501/70/43 270/71/44
f 270/71/44 1493/72/45 264/73/46
f 221/66/39 1507/74/47 278/75/48
f 215/58/34 1438/76/49 207/7/5
f 292/77/50 1515/78/51 284/79/52
f 165/63/12 1487/80/53 256/81/54
f 264/82/46 1430/83/55 201/59/35
f 236/53/29 1473/84/56 242/67/40
f 284/79/52 1543/85/57 312/86/58
f 306/87/59 1528/88/60 299/89/61
f 299/89/61 1521/90/62 292/77/50
f 397/91/63 1535/92/64 306/87/59
f 347/69/42 1571/93/65 340/94/66
f 319/95/67 1556/96/68 327/97/69
f 327/97/69 1564/98/70 333/48/25
f 278/75/48 1423/99/71 194/46/23
f 256/81/54 1480/100/72 249/64/37
f 354/101/73 1599/102/74 368/103/75
f 340/94/66 1591/104/76 362/105/77
f 368/103/75 1605/106/78 376/107/79
f 362/105/77 1585/108/80 354/101/73
f 382/109/81 1620/110/82 389/111/83
f 376/107/79 1613/112/84 382/109/81
f 389/111/83 1732/113/85 501/114/86
f 312/86/58 1550/115/87 319/95/67
f 411/116/88 1633/117/89 404/118/90
f 424/119/91 1640/120/92 411/116/88
f 445/121/93 1647/122/94 418/123/95
f 418/123/95 1655/124/96 424/119/91
f 431/125/97 1676/126/98 445/127/93
f 578/128/99 1668/129/100 439/130/101
f 439/130/101 1662/131/102 431/125/97
f 460/132/103 1682/133/104 453/134/105
f 481/135/106 1689/136/107 460/137/103
f 495/138/108 1703/139/109 474/140/110
f 466/141/111 1822/142/112 593/143/113
f 501/114/86 1724/144/114 495/138/108
f 487/145/115 1710/146/116 481/135/106
f 404/118/90 1626/147/117 397/91/63
f 614/148/9 1739/149/118 508/12/10
f 9/150/4 1/40/4 831/151/4
f 530/152/119 1746/153/120 515/154/121
f 515/154/121 1781/155/122 550/156/123
f 544/157/124 1766/158/125 537/159/126
f 558/160/127 1773/161/128 544/157/124
f 522/14/12 1858/162/53 627/163/54
f 586/164/129 1787/165/130 558/160/127
f 550/156/123 1802/166/131 571/167/132
f 564/168/133 1809/169/134 578/128/99
f 593/143/113 1815/170/135 586/164/129
f 571/167/132 1795/171/136 564/168/133
f 621/172/32 1830/173/33 599/174/34
f 453/134/105 1697/175/137 466/141/111
f 474/140/110 1718/176/138 487/145/115
f 599/174/34 1900/177/49 669/178/5
f 606/179/139 1878/180/21 649/181/22
f 537/159/126 1759/182/140 530/152/119
f 656/183/141 1927/184/45 698/185/46
f 642/186/23 1837/187/142 606/179/139
f 684/188/37 1935/189/38 704/190/39
f 690/191/29 1949/192/56 718/193/143
f 634/194/35 1942/195/144 711/196/30
f 676/197/7 1843/198/8 614/148/9
f 711/196/30 1850/199/31 621/172/32
f 698/200/46 1865/201/55 634/194/35
f 663/202/27 1885/203/43 656/183/141
f 726/204/145 1871/205/71 642/186/23
f 774/206/25 1892/207/146 663/202/27
f 704/190/39 1955/208/147 726/204/145
f 649/209/22 1921/210/28 690/191/29
f 718/193/143 2019/211/41 788/212/42
f 627/163/54 1913/213/72 684/188/37
f 739/214/52 1984/215/57 753/216/58
f 761/217/59 1962/218/148 733/219/149
f 753/216/58 1998/220/87 767/221/67
f 747/222/50 1970/223/51 739/214/52
f 852/224/150 1990/225/64 761/217/59
f 781/226/69 2005/227/70 774/206/25
f 788/212/42 2025/228/65 796/229/66
f 669/178/5 1907/230/6 676/197/7
f 733/219/149 1976/231/62 747/222/50
f 844/232/83 2033/233/85 802/234/86
f 796/229/66 2040/235/76 809/236/77
f 816/237/73 2054/238/74 823/239/75
f 823/239/75 2061/240/78 830/241/79
f 830/241/79 2068/242/151 837/243/81
f 837/243/81 2075/244/82 844/232/83
f 866/245/90 2081/246/117 852/224/150
f 767/221/67 2012/247/68 781/226/69
f 859/248/88 2095/249/89 866/245/90
f 873/250/91 2088/251/92 859/248/88
f 879/252/95 2102/253/96 873/250/91
f 894/254/97 2116/255/98 887/256/93
f 915/257/101 2123/258/152 894/254/97
f 887/259/93 2110/260/153 879/252/95
f 901/261/154 2152/262/137 921/263/111
f 977/264/133 2137/265/134 908/266/155
f 936/267/156 2130/268/157 901/261/154
f 908/266/155 2144/269/158 915/257/101
f 956/270/110 2158/271/138 929/272/115
f 950/273/159 2187/274/109 956/270/110
f 964/275/132 2208/276/160 977/264/133
f 942/277/161 2165/278/107 936/279/156
f 802/234/86 2179/280/114 950/273/159
f 809/236/77 2047/281/80 816/237/73
f 985/282/123 2193/283/162 964/275/132
f 929/272/115 2173/284/116 942/277/161
f 998/285/163 2243/286/128 1012/287/124
f 1012/287/124 2257/288/164 1026/289/165
f 1006/290/166 2229/291/130 998/285/163
f 921/263/111 2222/292/167 991/293/168
f 1026/289/165 2200/294/140 971/295/119
f 1055/296/169 2264/297/170 1033/298/171
f 1019/299/172 2214/300/122 985/282/123
f 971/295/119 2250/301/120 1019/299/172
f 991/293/168 2235/302/135 1006/290/166
f 1104/303/173 2271/304/174 2333/305/175
f 1033/298/171 2298/306/176 1069/307/177
f 1061/308/178 2354/309/179 1125/310/180
f 1048/36/19 2271/304/174 1040/311/181
f 1076/312/182 2333/305/175 2305/313/183
f 1082/314/184 2319/315/185 1090/316/186
f 1096/317/187 2284/318/188 1055/296/169
f 1111/319/189 2348/320/190 1117/321/191
f 1069/307/177 2292/322/192 1061/308/178
f 1090/316/186 2327/323/193 1096/317/187
f 1125/310/180 2340/324/194 1111/319/189
f 1117/321/191 2362/325/195 1131/326/196
f 1076/312/182 2313/327/197 1082/314/184
f 1131/326/196 2368/328/198 1139/329/199
f 1145/330/200 2383/331/201 1152/332/202
f 1139/329/199 2376/333/203 1145/330/200
f 1152/332/202 2390/334/204 1159/335/205
f 1159/335/205 2397/336/206 1166/337/207
f 1166/338/207 2404/339/208 1173/340/209
f 1201/341/4 94/342/4 3/343/4
f 1173/344/209 2418/345/210 1187/346/211
f 1187/346/211 2411/347/212 1180/348/213
f 1206/349/214 2425/350/215 1194/15/13
f 138/11/9 1375/351/118 144/61/10
f 1214/352/216 2438/353/217 1206/349/214
f 15/23/16 2347/354/16 2341/355/16
f 130/356/218 2444/357/219 1213/358/220
f 1180/348/213 1362/359/221 130/360/218
f 19/361/222 26/362/223 25/363/224
f 22/364/225 27/365/226 26/362/223
f 23/366/227 28/367/228 27/365/226
f 25/363/224 30/368/229 29/369/230
f 26/362/223 31/370/231 30/368/229
f 27/365/226 32/371/232 31/370/231
f 30/368/229 47/372/233 29/369/230
f 30/368/229 55/373/234 51/374/235
f 31/370/231 33/375/236 55/373/234
f 34/376/237 37/377/238 20/1/239
f 35/378/240 38/379/241 34/376/237
f 36/380/242 39/381/243 35/378/240
f 38/379/241 41/382/244 37/377/238
f 39/381/243 42/383/245 38/379/241
f 40/384/246 43/385/247 39/381/243
f 42/383/245 24/386/248 41/382/244
f 43/385/247 28/387/228 42/383/245
f 44/388/249 32/389/232 43/385/247
f 21/390/250 49/391/251 48/392/252
f 45/393/253 50/394/254 49/391/251
f 46/395/255 51/374/235 50/396/254
f 48/392/252 53/397/256 52/398/257
f 49/391/251 54/399/258 53/397/256
f 50/396/254 55/373/234 54/400/258
f 52/398/257 40/401/246 36/402/242
f 53/403/256 44/388/249 40/384/246
f 54/404/258 33/405/236 44/388/249
f 59/406/259 62/407/260 56/3/261
f 60/408/262 63/409/263 59/406/259
f 61/410/264 64/411/265 60/408/262
f 63/409/263 66/412/266 62/407/260
f 64/411/265 67/413/267 63/409/263
f 64/411/265 69/414/268 68/415/269
f 67/413/267 84/416/270 66/412/266
f 67/413/267 92/417/271 88/418/272
f 68/415/269 70/419/273 92/417/271
f 71/420/274 74/421/275 57/34/276
f 72/422/277 75/423/278 71/420/274
f 73/424/279 76/425/280 72/422/277
f 75/423/278 78/426/281 74/421/275
f 76/425/280 79/427/282 75/423/278
f 76/425/280 81/428/283 80/429/284
f 79/427/282 61/430/264 78/426/281
f 79/427/282 69/431/268 65/432/285
f 80/429/284 70/433/273 69/431/268
f 82/434/286 85/435/287 58/436/288
f 83/437/289 86/438/290 82/434/286
f 84/439/270 87/440/291 83/437/289
f 86/438/290 89/441/292 85/435/287
f 87/440/291 90/442/293 86/438/290
f 87/440/291 92/443/271 91/444/294
f 90/442/293 73/445/279 89/441/292
f 90/442/293 81/446/283 77/447/295
f 91/444/294 70/448/273 81/446/283
f 93/449/296 100/450/297 99/451/298
f 96/452/299 101/453/300 100/450/297
f 97/454/301 102/455/302 101/453/300
f 99/451/298 104/456/303 103/457/304
f 100/450/297 105/458/305 104/456/303
f 101/453/300 106/459/306 105/458/305
f 103/457/304 125/460/307 121/461/308
f 104/456/303 129/462/309 125/460/307
f 105/458/305 107/463/310 129/462/309
f 94/342/311 112/464/312 111/465/313
f 108/466/314 113/467/315 112/464/312
f 109/468/316 114/469/317 113/467/315
f 112/464/312 115/470/318 111/465/313
f 112/464/312 117/471/319 116/472/320
f 113/467/315 118/473/321 117/471/319
f 116/474/320 98/475/322 115/476/318
f 117/477/319 102/455/302 116/474/320
f 117/477/319 107/463/310 106/459/306
f 119/478/323 122/479/324 95/17/325
f 120/480/326 123/481/327 119/478/323
f 121/482/308 124/483/328 120/480/326
f 123/481/327 126/484/329 122/479/324
f 124/483/328 127/485/330 123/481/327
f 125/486/307 128/487/331 124/483/328
f 127/485/330 110/488/332 126/484/329
f 128/487/331 114/489/317 127/485/330
f 129/490/309 118/491/321 128/487/331
f 1216/492/333 1219/493/334 1213/358/335
f 1217/494/336 1220/495/337 1216/492/333
f 1218/496/338 1221/497/339 1217/494/336
f 1220/495/337 1223/498/340 1219/493/334
f 1221/497/339 1224/499/341 1220/495/337
f 1222/500/342 1225/501/343 1221/497/339
f 1224/499/341 1241/502/344 1223/498/340
f 1225/501/343 1245/503/345 1224/499/341
f 1225/501/343 1227/504/346 1249/505/347
f 1228/506/348 1231/507/349 1214/508/350
f 1229/509/351 1232/510/352 1228/506/348
f 1230/511/353 1233/512/354 1229/513/351
f 1232/510/352 1235/514/355 1231/507/349
f 1233/515/354 1236/516/356 1232/510/352
f 1234/517/357 1237/518/358 1233/515/354
f 1236/516/356 1218/496/338 1235/514/355
f 1237/518/358 1222/500/342 1236/516/356
f 1237/518/358 1227/504/346 1226/519/359
f 1239/520/360 1242/521/361 1215/522/362
f 1239/520/360 1244/523/363 1243/524/364
f 1240/525/365 1245/526/345 1244/523/363
f 1242/521/361 1247/527/366 1246/528/367
f 1243/524/364 1248/529/368 1247/527/366
f 1244/523/363 1249/530/347 1248/529/368
f 1246/528/367 1234/531/357 1230/532/353
f 1247/527/366 1238/533/369 1234/531/357
f 1248/534/368 1227/504/346 1238/535/369
f 1250/536/370 1257/537/371 1256/538/372
f 1254/539/373 1257/537/371 1253/540/374
f 1255/541/375 1258/542/376 1254/539/373
f 1256/538/372 1261/543/377 1260/544/378
f 1257/537/371 1262/545/379 1261/543/377
f 1258/542/376 1263/546/380 1262/545/379
f 1260/544/378 1282/547/381 1278/548/382
f 1261/543/377 1286/549/383 1282/547/381
f 1262/545/379 1264/550/384 1286/549/383
f 1251/551/385 1269/552/386 1268/553/387
f 1265/554/388 1270/555/389 1269/552/386
f 1266/556/390 1271/557/391 1270/555/389
f 1268/553/387 1273/558/392 1272/559/393
f 1269/552/386 1274/560/394 1273/558/392
f 1270/561/389 1275/562/395 1274/563/394
f 1272/564/393 1259/565/396 1255/541/375
f 1273/566/392 1263/546/380 1259/565/396
f 1274/567/394 1264/550/384 1263/546/380
f 1276/568/397 1279/569/398 1252/570/399
f 1277/571/400 1280/572/401 1276/568/397
f 1278/573/382 1281/574/402 1277/571/400
f 1280/572/401 1283/575/403 1279/569/398
f 1281/574/402 1284/576/404 1280/572/401
f 1282/577/381 1285/578/405 1281/574/402
f 1284/576/404 1267/579/406 1283/575/403
f 1285/578/405 1271/580/391 1284/576/404
f 1286/581/383 1275/562/395 1285/578/405
f 1290/582/407 1293/583/408 1287/2/409
f 1291/584/410 1294/585/411 1290/582/407
f 1292/586/412 1295/587/413 1291/584/410
f 1294/585/411 1297/588/414 1293/583/408
f 1295/587/413 1298/589/415 1294/585/411
f 1295/587/413 1300/590/416 1299/591/417
f 1298/589/415 1315/592/418 1297/588/414
f 1298/589/415 1323/593/419 1319/594/420
f 1299/591/417 1301/595/421 1323/593/419
f 1302/596/422 1305/597/423 1288/598/424
f 1303/599/425 1306/600/426 1302/596/422
f 1304/601/427 1307/602/428 1303/599/425
f 1306/600/426 1309/603/429 1305/597/423
f 1307/602/428 1310/604/430 1306/600/426
f 1307/602/428 1312/605/431 1311/606/432
f 1310/604/430 1292/607/412 1309/603/429
f 1310/604/430 1300/608/416 1296/609/433
f 1311/606/432 1301/610/421 1300/608/416
f 1313/611/434 1316/612/435 1289/613/436
f 1314/614/437 1317/615/438 1313/611/434
f 1315/616/418 1318/617/439 1314/614/437
f 1317/615/438 1320/618/440 1316/612/435
f 1318/617/439 1321/619/441 1317/615/438
f 1318/617/439 1323/620/419 1322/621/442
f 1321/619/441 1304/622/427 1320/618/440
f 1321/619/441 1312/623/431 1308/624/443
f 1322/621/442 1301/625/421 1312/623/431
f 1324/626/444 1331/627/445 1330/628/446
f 1327/629/447 1332/630/448 1331/627/445
f 1328/631/449 1333/632/450 1332/630/448
f 1330/628/446 1335/633/451 1334/634/452
f 1331/627/445 1336/635/453 1335/633/451
f 1332/630/448 1337/636/454 1336/635/453
f 1334/634/452 1356/637/455 1352/638/456
f 1335/633/451 1360/639/457 1356/637/455
f 1336/635/453 1338/640/458 1360/639/457
f 1339/641/459 1342/642/460 1325/16/461
f 1340/643/462 1343/644/463 1339/641/459
f 1341/645/464 1344/646/465 1340/643/462
f 1343/644/463 1346/647/466 1342/642/460
f 1344/646/465 1347/648/467 1343/644/463
f 1345/649/468 1348/650/469 1344/646/465
f 1347/648/467 1329/651/470 1346/647/466
f 1348/650/469 1333/652/450 1347/648/467
f 1349/653/471 1337/654/454 1348/650/469
f 1326/19/472 1354/655/473 1353/656/474
f 1351/657/475 1354/655/473 1350/658/476
f 1352/638/456 1355/659/477 1351/660/475
f 1353/656/474 1358/661/478 1357/662/479
f 1354/655/473 1359/663/480 1358/661/478
f 1356/637/455 1359/664/480 1355/659/477
f 1357/662/479 1345/665/468 1341/666/464
f 1358/661/478 1349/667/471 1345/665/468
f 1359/664/480 1338/640/458 1349/668/471
f 2447/669/481 2450/670/482 2444/357/483
f 2448/671/484 2451/672/485 2447/669/481
f 2449/673/486 2452/674/487 2448/671/484
f 2451/672/485 2454/675/488 2450/670/482
f 2452/674/487 2455/676/489 2451/672/485
f 2453/677/490 2456/678/491 2452/674/487
f 2455/676/489 2472/679/492 2454/675/488
f 2456/678/491 2476/680/493 2455/676/489
f 2456/678/491 2458/681/494 2480/682/495
f 2459/683/496 2462/684/497 2445/685/498
f 2459/683/496 2464/686/499 2463/687/500
f 2460/688/501 2465/689/502 2464/686/499
f 2462/684/497 2467/690/503 2466/691/504
f 2463/687/500 2468/692/505 2467/690/503
f 2464/686/499 2469/693/506 2468/692/505
f 2466/691/504 2453/694/490 2449/695/486
f 2467/690/503 2457/696/507 2453/694/490
f 2468/697/505 2458/681/494 2457/698/507
f 2470/699/508 2473/700/509 2446/701/510
f 2471/702/511 2474/703/512 2470/699/508
f 2472/679/492 2475/704/513 2471/702/511
f 2474/703/512 2477/705/514 2473/700/509
f 2475/704/513 2478/706/515 2474/703/512
f 2476/680/493 2479/707/516 2475/704/513
f 2478/706/515 2461/708/517 2477/705/514
f 2479/707/516 2465/709/502 2478/706/515
f 2479/707/516 2458/681/494 2469/710/506
f 19/361/222 96/452/299 93/449/296
f 25/363/224 97/454/301 96/452/299
f 29/369/230 98/475/322 97/454/301
f 47/372/233 115/476/318 98/475/322
f 46/711/255 111/465/313 115/470/318
f 45/393/253 94/342/311 111/465/313
f 20/1/239 62/407/260 34/376/237
f 34/376/237 66/412/266 35/378/240
f 35/378/240 84/416/270 36/380/242
f 36/402/242 83/437/289 52/398/257
f 52/398/257 82/434/286 48/392/252
f 48/392/252 58/436/288 21/390/250
f 144/61/518 143/712/519 138/11/520
f 143/712/519 147/713/521 142/714/522
f 147/713/521 141/715/523 142/714/522
f 141/716/523 149/717/524 140/718/525
f 149/717/524 139/719/526 140/718/525
f 150/720/527 137/721/528 139/719/526
f 166/722/528 150/720/527 171/723/529
f 150/720/527 170/724/530 171/723/529
f 170/724/530 148/725/531 169/726/532
f 169/727/532 147/713/521 168/728/533
f 147/713/521 167/729/534 168/728/533
f 146/730/535 165/63/536 167/729/534
f 257/731/528 171/723/529 262/732/537
f 171/723/529 261/733/538 262/732/537
f 261/733/538 169/726/532 260/734/539
f 260/735/539 168/728/533 259/736/540
f 259/736/540 167/729/534 258/737/541
f 167/729/534 256/81/542 258/737/541
f 172/738/543 185/739/544 180/740/543
f 174/741/545 184/742/546 185/739/544
f 184/742/546 176/743/547 183/744/548
f 176/743/547 182/745/549 183/744/548
f 177/746/550 181/747/551 182/748/549
f 178/749/552 179/45/553 181/747/551
f 186/750/554 276/751/555 271/752/554
f 276/751/555 189/753/556 275/754/557
f 189/753/556 274/755/558 275/754/557
f 190/756/559 273/757/560 274/758/558
f 191/759/561 272/760/562 273/757/560
f 272/760/562 187/50/563 270/71/564
f 172/738/543 195/761/565 174/741/545
f 174/741/545 196/762/566 175/763/567
f 175/763/567 197/764/568 176/743/547
f 176/765/547 198/766/569 177/746/550
f 177/746/550 199/767/570 178/749/552
f 199/767/570 173/43/571 178/749/552
f 200/768/554 164/769/572 159/770/528
f 202/771/573 163/772/574 164/769/572
f 203/773/575 162/774/576 163/772/574
f 204/775/577 161/776/578 162/777/576
f 205/778/579 160/779/580 161/776/578
f 160/779/580 201/59/581 158/54/582
f 208/780/528 216/781/583 213/782/584
f 213/782/584 217/783/585 212/784/586
f 217/783/585 211/785/587 212/784/586
f 218/786/588 210/787/589 211/788/587
f 210/787/589 220/789/590 209/790/591
f 209/790/591 215/58/592 207/7/593
f 152/791/528 213/782/584 157/792/594
f 157/792/594 212/784/586 156/793/595
f 156/793/595 211/785/587 155/794/596
f 211/788/587 154/795/597 155/796/596
f 210/787/589 153/797/598 154/795/597
f 209/790/591 151/9/599 153/797/598
f 152/791/528 139/719/526 137/721/528
f 139/719/526 156/793/595 140/718/525
f 140/718/525 155/794/596 141/716/523
f 155/796/596 142/714/522 141/715/523
f 154/795/597 143/712/519 142/714/522
f 143/712/519 151/9/599 138/11/520
f 214/798/528 230/799/600 216/781/583
f 230/799/600 217/783/585 216/781/583
f 231/800/601 218/801/588 217/783/585
f 232/802/602 219/803/603 218/786/588
f 233/804/604 220/789/590 219/803/603
f 234/805/605 215/58/592 220/789/590
f 235/806/543 248/807/606 243/808/543
f 237/809/607 247/810/608 248/807/606
f 238/811/609 246/812/610 247/810/608
f 239/813/611 245/814/612 246/815/610
f 240/816/613 244/817/614 245/814/612
f 244/817/614 236/53/615 242/67/616
f 180/740/543 237/809/607 235/806/543
f 237/809/607 184/742/546 238/811/609
f 238/811/609 183/744/548 239/818/611
f 183/744/548 240/819/613 239/818/611
f 182/820/549 241/821/617 240/816/613
f 241/821/617 179/51/553 236/53/615
f 257/731/528 255/822/618 250/823/528
f 262/732/537 254/824/619 255/822/618
f 261/733/538 253/825/620 254/824/619
f 260/735/539 252/826/621 253/827/620
f 259/736/540 251/828/622 252/826/621
f 258/737/541 249/64/623 251/828/622
f 250/823/528 227/829/624 222/830/528
f 227/829/624 254/824/619 226/831/625
f 226/831/625 253/825/620 225/832/626
f 253/827/620 224/833/627 225/834/626
f 252/826/621 223/835/628 224/833/627
f 223/835/628 249/64/623 221/66/39
f 263/836/554 202/771/573 200/768/554
f 202/771/573 266/837/629 203/773/575
f 266/837/629 204/838/577 203/773/575
f 267/839/630 205/840/579 204/838/577
f 268/841/631 206/842/632 205/778/579
f 206/842/632 264/82/633 201/59/581
f 271/752/554 265/843/634 263/836/554
f 276/751/555 266/837/629 265/843/634
f 266/837/629 274/755/558 267/839/630
f 274/755/558 268/844/631 267/839/630
f 268/845/631 272/760/562 269/846/635
f 269/846/635 270/71/564 264/73/633
f 228/847/554 164/769/572 230/799/600
f 164/769/572 231/800/601 230/799/600
f 163/772/574 232/848/602 231/800/601
f 162/777/576 233/804/604 232/802/602
f 233/804/604 160/779/580 234/805/605
f 234/805/605 158/54/582 229/56/636
f 193/849/543 279/850/637 195/761/565
f 195/761/565 280/851/638 196/762/566
f 196/762/566 281/852/639 197/764/568
f 197/853/568 282/854/640 198/766/569
f 282/854/640 199/767/570 198/766/569
f 283/855/641 194/46/642 199/767/570
f 222/830/528 279/850/637 277/856/528
f 227/829/624 280/851/638 279/850/637
f 226/831/625 281/852/639 280/851/638
f 225/834/626 282/854/640 281/857/639
f 224/833/627 283/855/641 282/854/640
f 223/835/628 278/75/643 283/855/641
f 291/38/644 290/858/645 285/859/646
f 290/858/645 294/860/647 289/861/648
f 294/860/647 288/862/649 289/861/648
f 295/863/650 287/864/651 288/865/649
f 287/864/651 297/866/652 286/867/653
f 286/867/653 292/77/654 284/79/655
f 291/38/644 300/868/656 293/869/657
f 293/869/657 301/870/658 294/860/647
f 294/860/647 302/871/659 295/872/650
f 295/863/650 303/873/660 296/874/661
f 303/873/660 297/866/652 296/874/661
f 304/875/662 292/77/654 297/866/652
f 285/859/646 318/876/663 313/877/646
f 290/858/645 317/878/664 318/876/663
f 289/861/648 316/879/665 317/878/664
f 288/865/649 315/880/666 316/881/665
f 287/864/651 314/882/667 315/880/666
f 314/882/667 284/79/655 312/86/668
f 298/37/646 307/883/669 300/868/656
f 307/883/669 301/870/658 300/868/656
f 308/884/670 302/871/659 301/870/658
f 302/885/659 310/886/671 303/873/660
f 310/886/671 304/875/662 303/873/660
f 311/887/672 299/89/673 304/875/662
f 326/888/554 339/889/674 334/890/646
f 328/891/675 338/892/676 339/889/674
f 329/893/677 337/894/678 338/892/676
f 330/895/679 336/896/680 337/897/678
f 331/898/681 335/899/682 336/896/680
f 335/899/682 327/97/683 333/48/684
f 313/877/646 325/900/685 320/901/646
f 325/900/685 317/878/664 324/902/686
f 317/878/664 323/903/687 324/902/686
f 316/881/665 322/904/688 323/905/687
f 322/904/688 314/882/667 321/906/689
f 321/906/689 312/86/668 319/95/690
f 320/901/646 328/891/675 326/888/554
f 328/891/675 324/902/686 329/893/677
f 329/893/677 323/903/687 330/907/679
f 323/905/687 331/898/681 330/895/679
f 331/898/681 321/906/689 332/908/691
f 321/906/689 327/97/683 332/908/691
f 186/750/554 339/889/674 188/909/692
f 188/909/692 338/892/676 189/753/556
f 338/892/676 190/910/559 189/753/556
f 190/756/559 336/896/680 191/759/561
f 191/759/561 335/899/682 192/911/693
f 192/911/693 333/48/684 187/50/563
f 243/808/543 353/912/694 348/913/695
f 248/807/606 352/914/696 353/912/694
f 352/914/696 246/812/610 351/915/697
f 246/815/610 350/916/698 351/917/697
f 245/814/612 349/918/699 350/916/698
f 244/817/614 347/69/700 349/918/699
f 361/919/695 360/920/701 355/921/695
f 363/922/702 359/923/703 360/920/701
f 364/924/704 358/925/705 359/923/703
f 365/926/706 357/927/707 358/928/705
f 357/927/707 367/929/708 356/930/709
f 367/929/708 354/101/710 356/930/709
f 341/931/543 353/912/694 346/932/711
f 346/932/711 352/914/696 345/933/712
f 345/933/712 351/915/697 344/934/713
f 344/935/713 350/916/698 343/936/714
f 343/936/714 349/918/699 342/937/715
f 349/918/699 340/94/716 342/937/715
f 369/938/695 360/920/701 374/939/717
f 360/920/701 373/940/718 374/939/717
f 359/923/703 372/941/719 373/940/718
f 358/928/705 371/942/720 372/943/719
f 371/942/720 356/930/709 370/944/721
f 356/930/709 368/103/722 370/944/721
f 341/931/543 363/922/702 361/919/695
f 363/922/702 345/933/712 364/924/704
f 345/933/712 365/945/706 364/924/704
f 344/935/713 366/946/723 365/926/706
f 343/936/714 367/929/708 366/946/723
f 342/937/715 362/105/724 367/929/708
f 375/42/695 388/947/725 383/948/695
f 388/947/725 378/949/726 387/950/727
f 378/949/726 386/951/728 387/950/727
f 379/952/729 385/953/730 386/954/728
f 385/953/730 381/955/731 384/956/732
f 384/956/732 376/107/733 382/109/81
f 369/938/695 377/957/734 375/42/695
f 374/939/717 378/949/726 377/957/734
f 373/940/718 379/958/729 378/949/726
f 372/943/719 380/959/735 379/952/729
f 371/942/720 381/955/731 380/959/735
f 370/944/721 376/107/733 381/955/731
f 383/948/695 395/960/736 390/961/695
f 395/960/736 387/950/727 394/962/737
f 387/950/727 393/963/738 394/962/737
f 386/954/728 392/964/739 393/965/738
f 392/964/739 384/956/732 391/966/740
f 384/956/732 389/111/741 391/966/740
f 396/967/646 307/883/669 305/968/646
f 398/969/742 308/884/670 307/883/669
f 399/970/743 309/971/744 308/884/670
f 400/972/745 310/886/671 309/973/744
f 401/974/746 311/887/672 310/886/671
f 402/975/747 306/87/748 311/887/672
f 396/967/646 405/976/749 398/969/742
f 398/969/742 406/977/750 399/970/743
f 406/977/750 400/978/745 399/970/743
f 407/979/751 401/974/746 400/972/745
f 401/974/746 409/980/752 402/975/747
f 409/980/752 397/91/753 402/975/747
f 410/981/754 405/976/749 403/982/646
f 412/983/755 406/977/750 405/976/749
f 413/984/756 407/985/751 406/977/750
f 414/986/757 408/987/758 407/979/751
f 408/987/758 416/988/759 409/980/752
f 409/980/752 411/116/760 404/118/90
f 425/989/754 419/990/761 430/991/762
f 430/991/762 420/992/763 429/993/764
f 420/992/763 428/994/765 429/993/764
f 421/995/766 427/996/767 428/997/765
f 427/996/767 423/998/768 426/999/769
f 423/998/768 424/119/770 426/999/769
f 425/989/754 412/983/755 410/981/754
f 430/991/762 413/984/756 412/983/755
f 429/993/764 414/1000/757 413/984/756
f 428/997/765 415/1001/771 414/986/757
f 427/996/767 416/988/759 415/1001/771
f 426/999/769 411/116/760 416/988/759
f 432/1002/754 440/1003/772 437/1004/773
f 437/1004/773 441/1005/774 436/1006/775
f 436/1006/775 442/1007/776 435/1008/777
f 435/1009/777 443/1010/778 434/1011/779
f 434/1011/779 444/1012/780 433/1013/781
f 433/1013/781 439/130/782 431/125/783
f 446/1014/754 437/1004/773 451/1015/784
f 437/1004/773 450/1016/785 451/1015/784
f 436/1006/775 449/1017/786 450/1016/785
f 449/1017/786 434/1018/779 448/1019/787
f 434/1011/779 447/1020/788 448/1021/787
f 447/1020/788 431/125/783 445/127/93
f 418/123/789 447/1022/788 445/121/93
f 423/998/768 448/1023/787 447/1022/788
f 448/1019/787 421/1024/766 449/1017/786
f 421/1024/766 450/1016/785 449/1017/786
f 450/1016/785 419/990/761 451/1015/784
f 451/1015/784 417/1025/754 446/1014/754
f 452/1026/790 472/1027/791 467/1028/792
f 472/1027/791 455/1029/793 471/1030/794
f 455/1029/793 470/1031/795 471/1030/794
f 456/1032/796 469/1033/797 470/1034/795
f 457/1035/798 468/1036/799 469/1033/797
f 458/1037/800 466/141/801 468/1036/799
f 452/1026/790 461/1038/802 454/1039/803
f 454/1039/803 462/1040/804 455/1029/793
f 455/1029/793 463/1041/805 456/1042/796
f 463/1041/805 457/1043/798 456/1042/796
f 464/1044/806 458/1037/800 457/1035/798
f 465/1045/807 453/134/808 458/1037/800
f 488/1046/790 475/1047/809 493/1048/810
f 493/1048/810 476/1049/811 492/1050/812
f 492/1050/812 477/1051/813 491/1052/814
f 491/1053/814 478/1054/815 490/1055/816
f 490/1055/816 479/1056/817 489/1057/818
f 479/1056/817 487/145/819 489/1057/818
f 460/137/820 486/1058/821 481/135/822
f 486/1058/821 464/1059/806 485/1060/823
f 485/1061/823 463/1041/805 484/1062/824
f 463/1041/805 483/1063/825 484/1062/824
f 483/1063/825 461/1038/802 482/1064/826
f 482/1064/826 459/1065/790 480/1066/790
f 488/1046/790 482/1064/826 480/1066/790
f 493/1048/810 483/1063/825 482/1064/826
f 492/1050/812 484/1062/824 483/1063/825
f 491/1053/814 485/1060/823 484/1067/824
f 485/1060/823 489/1057/818 486/1058/821
f 489/1057/818 481/135/822 486/1058/821
f 473/1068/790 496/1069/827 475/1047/809
f 496/1069/827 476/1049/811 475/1047/809
f 476/1049/811 498/1070/828 477/1051/813
f 498/1071/828 478/1054/815 477/1072/813
f 478/1054/815 500/1073/829 479/1056/817
f 479/1056/817 495/138/830 474/140/110
f 502/1074/790 395/960/736 507/1075/831
f 395/960/736 506/1076/832 507/1075/831
f 394/962/737 505/1077/833 506/1076/832
f 505/1078/833 392/964/739 504/1079/834
f 392/964/739 503/1080/835 504/1079/834
f 503/1080/835 389/111/741 501/114/86
f 502/1074/790 496/1069/827 494/1081/695
f 507/1075/831 497/1082/836 496/1069/827
f 506/1076/832 498/1070/828 497/1082/836
f 505/1078/833 499/1083/837 498/1071/828
f 499/1083/837 503/1080/835 500/1073/829
f 503/1080/835 495/138/830 500/1073/829
f 613/1084/838 514/1085/839 509/1086/4
f 615/1087/840 513/1088/841 514/1085/839
f 616/1089/842 512/1090/843 513/1088/841
f 617/1091/844 511/1092/521 512/1093/843
f 618/1094/845 510/1095/846 511/1092/521
f 619/1096/847 508/12/518 510/1095/846
f 523/1097/528 514/1085/839 528/1098/529
f 528/1098/529 513/1088/841 527/1099/530
f 527/1099/530 512/1090/843 526/1100/848
f 526/1101/848 511/1092/521 525/1102/849
f 511/1092/521 524/1103/850 525/1102/849
f 510/1095/846 522/14/851 524/1103/850
f 516/1104/792 531/1105/852 521/1106/853
f 521/1106/853 532/1107/854 520/1108/855
f 520/1108/855 533/1109/856 519/1110/857
f 519/1111/857 534/1112/858 518/1113/859
f 534/1112/858 517/1114/860 518/1113/859
f 517/1114/860 530/152/861 515/154/172
f 536/1115/792 531/1105/852 529/1116/792
f 538/1117/862 532/1107/854 531/1105/852
f 532/1107/854 540/1118/863 533/1109/856
f 540/1119/863 534/1112/858 533/1120/856
f 541/1121/864 535/1122/865 534/1112/858
f 542/1123/866 530/152/861 535/1122/865
f 543/1124/792 538/1117/862 536/1115/792
f 538/1117/862 546/1125/867 539/1126/868
f 546/1125/867 540/1118/863 539/1126/868
f 547/1127/869 541/1121/864 540/1119/863
f 541/1121/864 549/1128/870 542/1123/866
f 542/1123/866 544/157/871 537/159/126
f 516/1104/792 556/1129/872 551/1130/792
f 521/1106/853 555/1131/873 556/1129/872
f 520/1108/855 554/1132/874 555/1131/873
f 554/1133/874 518/1113/859 553/1134/875
f 518/1113/859 552/1135/876 553/1134/875
f 517/1114/860 550/156/877 552/1135/876
f 551/1130/792 577/1136/878 572/1137/792
f 556/1129/872 576/1138/879 577/1136/878
f 555/1131/873 575/1139/880 576/1138/879
f 575/1140/880 553/1134/875 574/1141/881
f 553/1134/875 573/1142/882 574/1141/881
f 552/1135/876 571/167/883 573/1142/882
f 543/1124/792 559/1143/884 545/1144/885
f 545/1144/885 560/1145/886 546/1125/867
f 546/1125/867 561/1146/887 547/1147/869
f 547/1127/869 562/1148/888 548/1149/889
f 548/1149/889 563/1150/890 549/1128/870
f 563/1150/890 544/157/871 549/1128/870
f 572/1137/792 570/1151/891 565/1152/754
f 577/1136/878 569/1153/892 570/1151/891
f 576/1138/879 568/1154/893 569/1153/892
f 575/1140/880 567/1155/894 568/1156/893
f 574/1141/881 566/1157/895 567/1155/894
f 573/1142/882 564/168/896 566/1157/895
f 565/1152/754 584/1158/897 579/1159/754
f 570/1151/891 583/1160/898 584/1158/897
f 569/1153/892 582/1161/899 583/1160/898
f 568/1156/893 581/1162/900 582/1163/899
f 581/1162/900 566/1157/895 580/1164/901
f 580/1164/901 564/168/896 578/128/99
f 557/1165/792 587/1166/902 559/1143/884
f 559/1143/884 588/1167/903 560/1145/886
f 560/1145/886 589/1168/904 561/1146/887
f 561/1169/887 590/1170/905 562/1148/888
f 590/1170/905 563/1150/890 562/1148/888
f 591/1171/906 558/160/907 563/1150/890
f 585/1172/792 594/1173/908 587/1166/902
f 594/1173/908 588/1167/903 587/1166/902
f 595/1174/909 589/1168/904 588/1167/903
f 589/1175/904 597/1176/910 590/1170/905
f 597/1176/910 591/1171/906 590/1170/905
f 598/1177/911 586/164/912 591/1171/906
f 579/1159/754 440/1003/772 438/1178/754
f 440/1003/772 583/1160/898 441/1005/774
f 583/1160/898 442/1007/776 441/1005/774
f 442/1179/776 581/1162/900 443/1010/778
f 581/1162/900 444/1012/780 443/1010/778
f 580/1164/901 439/130/782 444/1012/780
f 592/1180/790 472/1027/791 594/1173/908
f 472/1027/791 595/1174/909 594/1173/908
f 595/1174/909 470/1031/795 596/1181/913
f 470/1034/795 597/1176/910 596/1182/913
f 469/1033/797 598/1177/911 597/1176/910
f 468/1036/799 593/143/914 598/1177/911
f 620/1183/554 605/1184/583 600/1185/528
f 605/1184/583 623/1186/915 604/1187/585
f 623/1186/915 603/1188/916 604/1187/585
f 624/1189/917 602/1190/918 603/1191/916
f 625/1192/919 601/1193/920 602/1190/918
f 626/1194/921 599/174/922 601/1193/920
f 607/1195/543 643/1196/565 612/1197/923
f 612/1197/923 644/1198/566 611/1199/924
f 611/1199/924 645/1200/925 610/1201/926
f 610/1202/926 646/1203/569 609/1204/927
f 609/1204/927 647/1205/928 608/1206/929
f 608/1206/929 642/186/642 606/179/139
f 523/1097/528 633/1207/930 628/1208/528
f 528/1098/529 632/1209/931 633/1207/930
f 632/1209/931 526/1100/848 631/1210/932
f 631/1211/932 525/1102/849 630/1212/933
f 630/1212/933 524/1103/850 629/1213/541
f 524/1103/850 627/163/542 629/1213/541
f 648/1214/543 696/1215/934 691/1216/543
f 650/1217/935 695/1218/936 696/1215/934
f 651/1219/937 694/1220/938 695/1218/936
f 652/1221/939 693/1222/940 694/1220/938
f 653/1223/941 692/1224/942 693/1225/940
f 654/1226/943 690/191/944 692/1224/942
f 670/1227/528 605/1184/583 675/1228/945
f 605/1184/583 674/1229/946 675/1228/945
f 674/1229/946 603/1188/916 673/1230/587
f 673/1231/587 602/1190/918 672/1232/947
f 602/1190/918 671/1233/948 672/1232/947
f 601/1193/920 669/178/949 671/1233/948
f 677/1234/528 675/1228/945 682/1235/950
f 675/1228/945 681/1236/595 682/1235/950
f 681/1236/595 673/1230/587 680/1237/596
f 680/1238/596 672/1232/947 679/1239/597
f 672/1232/947 678/1240/951 679/1239/597
f 678/1240/951 669/178/949 676/197/952
f 705/1241/543 685/1242/953 710/1243/954
f 710/1243/954 686/1244/619 709/1245/955
f 686/1244/619 708/1246/956 709/1245/955
f 708/1247/956 688/1248/957 707/1249/627
f 688/1248/957 706/1250/628 707/1249/627
f 706/1250/628 684/188/958 704/190/959
f 635/1251/554 699/1252/960 640/1253/961
f 640/1253/961 700/1254/962 639/1255/963
f 639/1255/963 701/1256/964 638/1257/965
f 701/1256/964 637/1258/966 638/1257/965
f 702/1259/967 636/1260/968 637/1261/966
f 636/1260/968 698/200/633 634/194/969
f 607/1195/543 650/1217/935 648/1214/543
f 612/1197/923 651/1219/937 650/1217/935
f 611/1199/924 652/1221/939 651/1219/937
f 610/1201/926 653/1262/941 652/1221/939
f 609/1204/927 654/1263/943 653/1264/941
f 608/1206/929 649/181/970 654/1263/943
f 613/1084/838 682/1235/950 615/1087/840
f 682/1235/950 616/1089/842 615/1087/840
f 681/1236/595 617/1265/844 616/1089/842
f 680/1238/596 618/1094/845 617/1091/844
f 618/1094/845 678/1240/951 619/1096/847
f 619/1096/847 676/197/952 614/148/520
f 684/188/958 629/1213/541 627/163/542
f 689/1266/971 630/1212/933 629/1213/541
f 688/1248/957 631/1211/932 630/1212/933
f 687/1267/972 632/1209/931 631/1210/932
f 686/1244/619 633/1207/930 632/1209/931
f 685/1242/953 628/1208/528 633/1207/930
f 697/1268/554 657/1269/555 699/1252/960
f 657/1269/555 700/1254/962 699/1252/960
f 700/1254/962 659/1270/973 701/1256/964
f 701/1256/964 660/1271/974 702/1272/967
f 702/1273/967 661/1274/975 703/1275/976
f 703/1275/976 656/183/977 698/185/633
f 635/1251/554 717/1276/572 712/1277/554
f 717/1276/572 639/1255/963 716/1278/978
f 639/1255/963 715/1279/979 716/1278/978
f 638/1280/965 714/1281/980 715/1282/979
f 637/1261/966 713/1283/981 714/1281/980
f 636/1260/968 711/196/982 713/1283/981
f 662/1284/983 657/1269/555 655/1285/554
f 657/1269/555 665/1286/984 658/1287/985
f 658/1287/985 666/1288/986 659/1270/973
f 666/1289/986 660/1290/974 659/1291/973
f 667/1292/987 661/1274/975 660/1290/974
f 668/1293/988 656/183/977 661/1274/975
f 719/1294/543 696/1215/934 724/1295/606
f 696/1215/934 723/1296/608 724/1295/606
f 695/1218/936 722/1297/989 723/1296/608
f 694/1298/938 721/1299/612 722/1300/989
f 721/1299/612 692/1224/942 720/1301/614
f 692/1224/942 718/193/990 720/1301/614
f 641/1302/543 727/1303/991 643/1196/565
f 643/1196/565 728/1304/638 644/1198/566
f 644/1198/566 729/1305/639 645/1200/925
f 645/1306/925 730/1307/992 646/1203/569
f 646/1203/569 731/1308/993 647/1205/928
f 731/1308/993 642/186/642 647/1205/928
f 705/1241/543 727/1303/991 725/1309/528
f 710/1243/954 728/1304/638 727/1303/991
f 709/1245/955 729/1305/639 728/1304/638
f 708/1247/956 730/1307/992 729/1310/639
f 707/1249/627 731/1308/993 730/1307/992
f 731/1308/993 704/190/959 726/204/994
f 712/1277/554 622/1311/995 620/1183/554
f 717/1276/572 623/1186/915 622/1311/995
f 716/1278/978 624/1312/917 623/1186/915
f 715/1282/979 625/1192/919 624/1189/917
f 714/1281/980 626/1194/921 625/1192/919
f 713/1283/981 621/172/996 626/1194/921
f 746/6/646 745/1313/645 740/1314/646
f 748/1315/997 744/1316/648 745/1313/645
f 744/1316/648 750/1317/998 743/1318/999
f 750/1319/998 742/1320/1000 743/1321/999
f 751/1322/1001 741/1323/1002 742/1320/1000
f 752/1324/1003 739/214/655 741/1323/1002
f 732/1325/646 748/1315/997 746/6/646
f 734/1326/1004 749/1327/1005 748/1315/997
f 749/1327/1005 736/1328/1006 750/1317/998
f 750/1319/998 737/1329/660 751/1322/1001
f 737/1329/660 752/1324/1003 751/1322/1001
f 738/1330/662 747/222/1007 752/1324/1003
f 740/1314/646 759/1331/663 754/1332/646
f 745/1313/645 758/1333/664 759/1331/663
f 758/1333/664 743/1318/999 757/1334/665
f 743/1321/999 756/1335/666 757/1336/665
f 742/1320/1000 755/1337/1008 756/1335/666
f 741/1323/1002 753/216/668 755/1337/1008
f 760/1338/646 734/1326/1004 732/1325/646
f 734/1326/1004 763/1339/1009 735/1340/1010
f 763/1339/1009 736/1328/1006 735/1340/1010
f 764/1341/1011 737/1329/660 736/1342/1006
f 737/1329/660 766/1343/672 738/1330/662
f 766/1343/672 733/219/673 738/1330/662
f 768/1344/554 759/1331/663 773/1345/685
f 759/1331/663 772/1346/1012 773/1345/685
f 772/1346/1012 757/1334/665 771/1347/1013
f 757/1336/665 770/1348/1014 771/1349/1013
f 770/1348/1014 755/1337/1008 769/1350/1015
f 755/1337/1008 767/221/1016 769/1350/1015
f 782/1351/554 773/1345/685 787/1352/1017
f 787/1352/1017 772/1346/1012 786/1353/1018
f 786/1353/1018 771/1347/1013 785/1354/1019
f 771/1349/1013 784/1355/1020 785/1356/1019
f 784/1355/1020 769/1350/1015 783/1357/1021
f 769/1350/1015 781/226/1022 783/1357/1021
f 782/1351/554 780/1358/1023 775/1359/646
f 787/1352/1017 779/1360/676 780/1358/1023
f 786/1353/1018 778/1361/1024 779/1360/676
f 785/1356/1019 777/1362/680 778/1363/1024
f 777/1362/680 783/1357/1021 776/1364/1025
f 776/1364/1025 781/226/1022 774/206/1026
f 662/1284/983 780/1358/1023 664/1365/1027
f 780/1358/1023 665/1286/984 664/1365/1027
f 779/1360/676 666/1288/986 665/1286/984
f 778/1363/1024 667/1292/987 666/1289/986
f 667/1292/987 776/1364/1025 668/1293/988
f 776/1364/1025 663/202/563 668/1293/988
f 719/1294/543 794/1366/694 789/1367/695
f 724/1295/606 793/1368/696 794/1366/694
f 723/1296/608 792/1369/1028 793/1368/696
f 722/1300/989 791/1370/698 792/1371/1028
f 791/1370/698 720/1301/614 790/1372/1029
f 720/1301/614 788/212/1030 790/1372/1029
f 795/1373/543 815/1374/1031 810/1375/695
f 815/1374/1031 798/1376/1032 814/1377/1033
f 798/1376/1032 813/1378/1034 814/1377/1033
f 813/1379/1034 800/1380/714 812/1381/1035
f 800/1380/714 811/1382/1036 812/1381/1035
f 811/1382/1036 796/229/1037 809/236/724
f 795/1373/543 794/1366/694 797/1383/1038
f 794/1366/694 798/1376/1032 797/1383/1038
f 793/1368/696 799/1384/1039 798/1376/1032
f 792/1371/1028 800/1380/714 799/1385/1039
f 791/1370/698 801/1386/1040 800/1380/714
f 790/1372/1029 796/229/1037 801/1386/1040
f 810/1375/695 822/1387/701 817/1388/695
f 815/1374/1031 821/1389/703 822/1387/701
f 814/1377/1033 820/1390/1041 821/1389/703
f 813/1379/1034 819/1391/707 820/1392/1041
f 812/1381/1035 818/1393/1042 819/1391/707
f 818/1393/1042 809/236/724 816/237/710
f 824/1394/695 822/1387/701 829/1395/717
f 822/1387/701 828/1396/718 829/1395/717
f 821/1389/703 827/1397/1043 828/1396/718
f 820/1392/1041 826/1398/1044 827/1399/1043
f 819/1391/707 825/1400/1045 826/1398/1044
f 825/1400/1045 816/237/710 823/239/75
f 831/151/695 829/1395/717 836/1401/1046
f 829/1395/717 835/1402/1047 836/1401/1046
f 835/1402/1047 827/1397/1043 834/1403/1048
f 827/1399/1043 833/1404/1049 834/1405/1048
f 826/1398/1044 832/1406/1050 833/1404/1049
f 825/1400/1045 830/241/1051 832/1406/1050
f 831/151/695 843/1407/725 838/1408/695
f 843/1407/725 835/1402/1047 842/1409/727
f 835/1402/1047 841/1410/728 842/1409/727
f 841/1411/728 833/1404/1049 840/1412/1052
f 833/1404/1049 839/1413/1053 840/1412/1052
f 839/1413/1053 830/241/1051 837/243/81
f 838/1408/695 850/1414/736 845/1415/695
f 850/1414/736 842/1409/727 849/1416/1054
f 842/1409/727 848/1417/738 849/1416/1054
f 841/1411/728 847/1418/1055 848/1419/738
f 840/1412/1052 846/1420/1056 847/1418/1055
f 839/1413/1053 844/232/1057 846/1420/1056
f 760/1338/646 853/1421/1058 762/1422/1059
f 853/1421/1058 763/1339/1009 762/1422/1059
f 854/1423/1060 764/1424/1011 763/1339/1009
f 855/1425/745 765/1426/1061 764/1341/1011
f 765/1426/1061 857/1427/1062 766/1343/672
f 857/1427/1062 761/217/748 766/1343/672
f 851/1428/646 867/1429/749 853/1421/1058
f 867/1429/749 854/1423/1060 853/1421/1058
f 868/1430/1063 855/1431/745 854/1423/1060
f 855/1425/745 870/1432/1064 856/1433/1065
f 870/1432/1064 857/1427/1062 856/1433/1065
f 871/1434/1066 852/224/1067 857/1427/1062
f 858/1435/754 867/1429/749 865/1436/646
f 867/1429/749 861/1437/1068 868/1430/1063
f 861/1437/1068 869/1438/1069 868/1430/1063
f 869/1439/1069 863/1440/1070 870/1432/1064
f 870/1432/1064 864/1441/1071 871/1434/1066
f 864/1441/1071 866/245/1072 871/1434/1066
f 872/1442/754 860/1443/1073 858/1435/754
f 874/1444/1074 861/1437/1068 860/1443/1073
f 875/1445/1075 862/1446/1076 861/1437/1068
f 876/1447/1077 863/1440/1070 862/1448/1076
f 877/1449/1078 864/1441/1071 863/1440/1070
f 878/1450/1079 859/248/1080 864/1441/1071
f 886/1451/754 885/1452/761 880/1453/754
f 888/1454/1081 884/1455/1082 885/1452/761
f 889/1456/1083 883/1457/1084 884/1455/1082
f 890/1458/1085 882/1459/1086 883/1457/1084
f 891/1460/1087 881/1461/1088 882/1462/1086
f 892/1463/1089 879/252/789 881/1461/1088
f 886/1451/754 895/1464/773 888/1454/1081
f 895/1464/773 889/1456/1083 888/1454/1081
f 889/1456/1083 897/1465/777 890/1458/1085
f 890/1458/1085 898/1466/1090 891/1467/1087
f 898/1468/1090 892/1469/1089 891/1470/1087
f 892/1469/1089 894/254/1091 887/256/93
f 872/1442/754 885/1452/761 874/1444/1074
f 874/1444/1074 884/1455/1082 875/1445/1075
f 884/1455/1082 876/1471/1077 875/1445/1075
f 876/1447/1077 882/1462/1086 877/1449/1078
f 882/1462/1086 878/1450/1079 877/1449/1078
f 881/1461/1088 873/250/1092 878/1450/1079
f 914/1472/754 895/1464/773 893/1473/754
f 916/1474/1093 896/1475/1094 895/1464/773
f 917/1476/1095 897/1465/777 896/1475/1094
f 918/1477/1096 898/1468/1090 897/1478/777
f 919/1479/1097 899/1480/1098 898/1468/1090
f 899/1480/1098 915/257/1099 894/254/1091
f 907/1481/754 916/1474/1093 914/1472/754
f 916/1474/1093 910/1482/1100 917/1476/1095
f 917/1476/1095 911/1483/899 918/1484/1096
f 911/1485/899 919/1479/1097 918/1477/1096
f 919/1479/1097 913/1486/1101 920/1487/1102
f 913/1486/1101 915/257/1099 920/1487/1102
f 922/1488/790 902/1489/1103 927/1490/791
f 902/1489/1103 926/1491/1104 927/1490/791
f 903/1492/1105 925/1493/795 926/1491/1104
f 904/1494/796 924/1495/1106 925/1496/795
f 905/1497/798 923/1498/1107 924/1495/1106
f 923/1498/1107 901/261/1108 921/263/111
f 935/1499/790 902/1489/1103 900/1500/792
f 937/1501/1109 903/1492/1105 902/1489/1103
f 938/1502/1110 904/1503/796 903/1492/1105
f 939/1504/1111 905/1505/798 904/1503/796
f 905/1497/798 941/1506/1112 906/1507/1113
f 941/1506/1112 901/261/1108 906/1507/1113
f 928/1508/790 948/1509/1114 943/1510/790
f 948/1509/1114 931/1511/812 947/1512/825
f 931/1511/812 946/1513/1115 947/1512/825
f 932/1514/1116 945/1515/1117 946/1516/1115
f 933/1517/1118 944/1518/1119 945/1515/1117
f 944/1518/1119 929/272/1120 942/277/1121
f 943/1510/790 937/1501/1109 935/1499/790
f 937/1501/1109 947/1512/825 938/1502/1110
f 938/1502/1110 946/1513/1115 939/1504/1111
f 946/1513/1115 940/1519/1122 939/1504/1111
f 940/1520/1122 944/1518/1119 941/1521/1112
f 944/1518/1119 936/279/1123 941/1521/1112
f 949/1522/790 962/1523/1124 957/1524/4
f 951/1525/1125 961/1526/1126 962/1523/1124
f 961/1526/1126 953/1527/828 960/1528/1127
f 953/1529/828 959/1530/1128 960/1531/1127
f 959/1530/1128 955/1532/829 958/1533/1129
f 955/1532/829 956/270/1130 958/1533/1129
f 928/1508/790 962/1523/1124 930/1534/1131
f 962/1523/1124 931/1511/812 930/1534/1131
f 931/1511/812 960/1528/1127 932/1535/1116
f 960/1531/1127 933/1517/1118 932/1514/1116
f 959/1530/1128 934/1536/1132 933/1517/1118
f 958/1533/1129 929/272/1120 934/1536/1132
f 803/1537/790 850/1414/736 808/1538/831
f 808/1538/831 849/1416/1054 807/1539/1133
f 849/1416/1054 806/1540/1134 807/1539/1133
f 848/1419/738 805/1541/834 806/1542/1134
f 805/1541/834 846/1420/1056 804/1543/1135
f 846/1420/1056 802/234/1136 804/1543/1135
f 803/1537/790 951/1525/1125 949/1522/790
f 951/1525/1125 807/1539/1133 952/1544/1137
f 807/1539/1133 953/1527/828 952/1544/1137
f 806/1542/1134 954/1545/837 953/1529/828
f 954/1545/837 804/1543/1135 955/1532/829
f 804/1543/1135 950/273/1138 955/1532/829
f 963/1546/1139 983/1547/1140 978/1548/792
f 965/1549/1141 982/1550/892 983/1547/1140
f 966/1551/1142 981/1552/1143 982/1550/892
f 967/1553/1144 980/1554/1145 981/1555/1143
f 968/1556/1146 979/1557/1147 980/1554/1145
f 979/1557/1147 964/275/883 977/264/1148
f 922/1488/790 997/1558/908 992/1559/792
f 927/1490/791 996/1560/1149 997/1558/908
f 926/1491/1104 995/1561/1150 996/1560/1149
f 925/1496/795 994/1562/1151 995/1563/1150
f 924/1495/1106 993/1564/1152 994/1562/1151
f 923/1498/1107 991/293/1153 993/1564/1152
f 999/1565/1154 1007/1566/902 1004/1567/1155
f 1004/1567/1155 1008/1568/1156 1003/1569/1157
f 1003/1569/1157 1009/1570/1158 1002/1571/1159
f 1002/1572/1159 1010/1573/1160 1001/1574/1161
f 1001/1574/1161 1011/1575/1162 1000/1576/1163
f 1011/1575/1162 998/285/1164 1000/1576/1163
f 999/1565/1154 1018/1577/1165 1013/1578/792
f 1004/1567/1155 1017/1579/1166 1018/1577/1165
f 1003/1569/1157 1016/1580/1167 1017/1579/1166
f 1002/1572/1159 1015/1581/1168 1016/1582/1167
f 1001/1574/1161 1014/1583/1169 1015/1581/1168
f 1000/1576/1163 1012/287/1170 1014/1583/1169
f 1005/1584/792 997/1558/908 1007/1566/902
f 1007/1566/902 996/1560/1149 1008/1568/1156
f 1008/1568/1156 995/1561/1150 1009/1570/1158
f 1009/1585/1158 994/1562/1151 1010/1573/1160
f 1010/1573/1160 993/1564/1152 1011/1575/1162
f 993/1564/1152 1006/290/1171 1011/1575/1162
f 978/1548/792 909/1586/1172 907/1481/754
f 983/1547/1140 910/1482/1100 909/1586/1172
f 982/1550/892 911/1483/899 910/1482/1100
f 981/1555/1143 912/1587/1173 911/1485/899
f 980/1554/1145 913/1486/1101 912/1587/1173
f 913/1486/1101 977/264/1148 908/266/1174
f 970/1588/792 1025/1589/1175 1020/1590/792
f 972/1591/1176 1024/1592/855 1025/1589/1175
f 973/1593/1177 1023/1594/1178 1024/1592/855
f 974/1595/1179 1022/1596/1180 1023/1597/1178
f 975/1598/1181 1021/1599/1182 1022/1596/1180
f 976/1600/1183 1019/299/1184 1021/1599/1182
f 1013/1578/792 1032/1601/1185 1027/1602/792
f 1018/1577/1165 1031/1603/1186 1032/1601/1185
f 1017/1579/1166 1030/1604/863 1031/1603/1186
f 1016/1582/1167 1029/1605/1187 1030/1606/863
f 1015/1581/1168 1028/1607/1188 1029/1605/1187
f 1028/1607/1188 1012/287/1170 1026/289/1189
f 970/1588/792 1032/1601/1185 972/1591/1176
f 972/1591/1176 1031/1603/1186 973/1593/1177
f 973/1593/1177 1030/1604/863 974/1608/1179
f 974/1595/1179 1029/1605/1187 975/1598/1181
f 1029/1605/1187 976/1600/1183 975/1598/1181
f 1028/1607/1188 971/295/1190 976/1600/1183
f 963/1546/1139 986/1609/872 965/1549/1141
f 965/1549/1141 987/1610/873 966/1551/1142
f 966/1551/1142 988/1611/1191 967/1612/1144
f 967/1553/1144 989/1613/1192 968/1556/1146
f 968/1556/1146 990/1614/1193 969/1615/1194
f 990/1614/1193 964/275/883 969/1615/1194
f 984/1616/792 1025/1589/1175 986/1609/872
f 986/1609/872 1024/1592/855 987/1610/873
f 987/1610/873 1023/1594/1178 988/1611/1191
f 988/1617/1191 1022/1596/1180 989/1613/1192
f 989/1613/1192 1021/1599/1182 990/1614/1193
f 1021/1599/1182 985/282/1195 990/1614/1193
f 1047/1618/1196 1046/1619/1197 1041/1620/4
f 1049/1621/1198 1045/1622/1199 1046/1619/1197
f 1050/1623/1200 1044/1624/1201 1045/1622/1199
f 1051/1625/1202 1043/1626/1203 1044/1627/1201
f 1052/1628/1204 1042/1629/1205 1043/1626/1203
f 1053/1630/1206 1040/311/1207 1042/1629/1205
f 1054/1631/4 1039/1632/1208 1034/1633/4
f 1056/1634/1209 1038/1635/1210 1039/1632/1208
f 1057/1636/1211 1037/1637/1212 1038/1635/1210
f 1058/1638/1213 1036/1639/1214 1037/1640/1212
f 1059/1641/1215 1035/1642/1216 1036/1639/1214
f 1060/1643/1217 1033/298/1218 1035/1642/1216
f 1068/1644/4 1067/1645/1219 1062/1646/4
f 1070/1647/1220 1066/1648/1221 1067/1645/1219
f 1071/1649/1222 1065/1650/1223 1066/1648/1221
f 1072/1651/1224 1064/1652/1225 1065/1653/1223
f 1073/1654/1226 1063/1655/1227 1064/1652/1225
f 1074/1656/1228 1061/308/1229 1063/1655/1227
f 1068/1644/4 1039/1632/1208 1070/1647/1220
f 1070/1647/1220 1038/1635/1210 1071/1649/1222
f 1071/1649/1222 1037/1637/1212 1072/1657/1224
f 1072/1651/1224 1036/1639/1214 1073/1654/1226
f 1073/1654/1226 1035/1642/1216 1074/1656/1228
f 1074/1656/1228 1033/298/1218 1069/307/177
f 1075/1658/4 1088/1659/1230 1083/1660/4
f 1077/1661/1231 1087/1662/1232 1088/1659/1230
f 1078/1663/1233 1086/1664/1234 1087/1662/1232
f 1079/1665/1235 1085/1666/1236 1086/1667/1234
f 1080/1668/1237 1084/1669/1238 1085/1666/1236
f 1081/1670/1239 1082/314/1240 1084/1669/1238
f 1103/1671/4 1077/1661/1231 1075/1658/4
f 1105/1672/1241 1078/1663/1233 1077/1661/1231
f 1106/1673/1242 1079/1674/1235 1078/1663/1233
f 1107/1675/1243 1080/1668/1237 1079/1665/1235
f 1108/1676/1244 1081/1670/1239 1080/1668/1237
f 1109/1677/1245 1076/312/1246 1081/1670/1239
f 1103/1671/4 1046/1619/1197 1105/1672/1241
f 1105/1672/1241 1045/1622/1199 1106/1673/1242
f 1106/1673/1242 1044/1624/1201 1107/1678/1243
f 1107/1675/1243 1043/1626/1203 1108/1676/1244
f 1108/1676/1244 1042/1629/1205 1109/1677/1245
f 1109/1677/1245 1040/311/1207 1104/303/1247
f 1089/1679/4 1102/1680/1248 1097/1681/4
f 1091/1682/1249 1101/1683/1250 1102/1680/1248
f 1092/1684/1251 1100/1685/1252 1101/1683/1250
f 1093/1686/1253 1099/1687/1254 1100/1688/1252
f 1094/1689/1255 1098/1690/1256 1099/1687/1254
f 1095/1691/1257 1096/317/1258 1098/1690/1256
f 1054/1631/4 1102/1680/1248 1056/1634/1209
f 1056/1634/1209 1101/1683/1250 1057/1636/1211
f 1057/1636/1211 1100/1685/1252 1058/1692/1213
f 1058/1638/1213 1099/1687/1254 1059/1641/1215
f 1059/1641/1215 1098/1690/1256 1060/1643/1217
f 1060/1643/1217 1096/317/1258 1055/296/1259
f 1090/316/1260 1084/1669/1238 1082/314/1240
f 1095/1691/1257 1085/1666/1236 1084/1669/1238
f 1094/1689/1255 1086/1667/1234 1085/1666/1236
f 1093/1693/1253 1087/1662/1232 1086/1664/1234
f 1092/1684/1251 1088/1659/1230 1087/1662/1232
f 1091/1682/1249 1083/1660/4 1088/1659/1230
f 1118/1694/4 1112/1695/1261 1123/1696/1262
f 1123/1696/1262 1113/1697/1263 1122/1698/1264
f 1122/1698/1264 1114/1699/1265 1121/1700/1266
f 1121/1701/1266 1115/1702/1267 1120/1703/1268
f 1120/1703/1268 1116/1704/1269 1119/1705/1270
f 1119/1705/1270 1111/319/1271 1117/321/1272
f 1110/1706/695 1126/1707/1273 1112/1695/1261
f 1112/1695/1261 1127/1708/1274 1113/1697/1263
f 1113/1697/1263 1128/1709/1275 1114/1699/1265
f 1114/1710/1265 1129/1711/1276 1115/1702/1267
f 1115/1702/1267 1130/1712/1277 1116/1704/1269
f 1116/1704/1269 1125/310/1278 1111/319/1271
f 1062/1646/4 1126/1707/1273 1124/1713/4
f 1067/1645/1219 1127/1708/1274 1126/1707/1273
f 1066/1648/1221 1128/1709/1275 1127/1708/1274
f 1065/1653/1223 1129/1711/1276 1128/1714/1275
f 1064/1652/1225 1130/1712/1277 1129/1711/1276
f 1063/1655/1227 1125/310/1278 1130/1712/1277
f 1132/32/4 1123/1696/1262 1137/1715/1279
f 1137/1715/1279 1122/1698/1264 1136/1716/1280
f 1136/1716/1280 1121/1700/1266 1135/1717/1281
f 1135/1718/1281 1120/1703/1268 1134/1719/1282
f 1134/1719/1282 1119/1705/1270 1133/1720/1283
f 1133/1720/1283 1117/321/1272 1131/326/196
f 1138/33/4 1151/1721/1284 1146/1722/4
f 1140/1723/1285 1150/1724/1286 1151/1721/1284
f 1141/1725/1287 1149/1726/1288 1150/1724/1286
f 1142/1727/1289 1148/1728/1290 1149/1729/1288
f 1143/1730/1291 1147/1731/1292 1148/1728/1290
f 1144/1732/1293 1145/330/1294 1147/1731/1292
f 1132/32/4 1140/1723/1285 1138/33/4
f 1137/1715/1279 1141/1725/1287 1140/1723/1285
f 1136/1716/1280 1142/1733/1289 1141/1725/1287
f 1135/1718/1281 1143/1730/1291 1142/1727/1289
f 1134/1719/1282 1144/1732/1293 1143/1730/1291
f 1133/1720/1283 1139/329/1295 1144/1732/1293
f 1146/1722/4 1158/1734/1296 1153/1735/4
f 1151/1721/1284 1157/1736/1297 1158/1734/1296
f 1150/1724/1286 1156/1737/1298 1157/1736/1297
f 1149/1729/1288 1155/1738/1299 1156/1739/1298
f 1148/1728/1290 1154/1740/1300 1155/1738/1299
f 1154/1740/1300 1145/330/1294 1152/332/1301
f 1160/1741/792 1158/1734/1296 1165/1742/1302
f 1165/1742/1302 1157/1736/1297 1164/1743/1303
f 1164/1743/1303 1156/1737/1298 1163/1744/1304
f 1163/1745/1304 1155/1738/1299 1162/1746/1305
f 1162/1746/1305 1154/1740/1300 1161/1747/1306
f 1161/1747/1306 1152/332/1301 1159/335/1307
f 1160/1741/792 1172/1748/1308 1167/1749/4
f 1165/1742/1302 1171/1750/1309 1172/1748/1308
f 1164/1743/1303 1170/1751/1310 1171/1750/1309
f 1163/1744/1304 1169/1752/1311 1170/1751/1310
f 1162/1746/1305 1168/1753/1312 1169/1754/1311
f 1161/1747/1306 1166/337/1313 1168/1753/1312
f 57/34/276 1053/1630/1206 71/420/274
f 71/420/274 1052/1628/1204 72/422/277
f 72/422/277 1051/1625/1202 73/424/279
f 73/445/279 1050/1623/1200 89/441/292
f 89/441/292 1049/1621/1198 85/435/287
f 85/435/287 1047/1618/1196 58/436/288
f 1166/338/1313 1175/1755/1314 1168/1756/1312
f 1168/1756/1312 1176/1757/1315 1169/1758/1311
f 1169/1752/1311 1177/1759/1316 1170/1751/1310
f 1170/1751/1310 1178/1760/1317 1171/1750/1309
f 1171/1750/1309 1179/1761/1318 1172/1748/1308
f 1172/1748/1308 1174/1762/646 1167/1749/4
f 1173/344/1319 1189/1763/1320 1175/1764/1314
f 1175/1764/1314 1190/1765/1321 1176/1766/1315
f 1176/1766/1315 1191/1767/1322 1177/1768/1316
f 1177/1759/1316 1192/1769/1323 1178/1760/1317
f 1178/1760/1317 1193/1770/1324 1179/1761/1318
f 1179/1761/1318 1188/1771/983 1174/1762/646
f 1180/348/1325 1189/1763/1320 1187/346/1326
f 1182/1772/1327 1190/1765/1321 1189/1763/1320
f 1183/1773/1328 1191/1767/1322 1190/1765/1321
f 1184/1774/1329 1192/1769/1323 1191/1775/1322
f 1185/1776/1330 1193/1770/1324 1192/1769/1323
f 1186/1777/1331 1188/1771/983 1193/1770/1324
f 1180/348/1325 132/1778/1332 1182/1772/1327
f 1182/1772/1327 133/1779/1333 1183/1773/1328
f 1183/1773/1328 134/1780/1334 1184/1781/1329
f 1184/1774/1329 135/1782/1335 1185/1776/1330
f 1185/1776/1330 136/1783/1336 1186/1777/1331
f 1186/1777/1331 131/1784/4 1181/1785/4
f 132/1786/1332 1202/1787/1337 133/1779/1333
f 133/1779/1333 1203/1788/1338 134/1780/1334
f 134/1789/1334 1204/1790/1339 135/1782/1335
f 135/1782/1335 1205/1791/1340 136/1783/1336
f 136/1783/1336 1201/341/1341 131/1784/4
f 1213/358/335 132/1786/1332 130/356/1342
f 1219/493/334 1202/1787/1337 132/1786/1332
f 1223/498/340 1203/1788/1338 1202/1787/1337
f 1241/1792/344 1204/1790/1339 1203/1793/1338
f 1240/525/365 1205/1791/1340 1204/1790/1339
f 1239/520/360 1201/341/1341 1205/1791/1340
f 1214/352/350 1208/1794/1343 1228/1795/348
f 1228/1795/348 1209/1796/1344 1229/513/351
f 1229/513/351 1210/1797/1345 1230/511/353
f 1230/532/353 1211/1798/1346 1246/528/367
f 1246/528/367 1212/1799/1347 1242/521/361
f 1242/521/361 1207/1800/1348 1215/522/362
f 1206/349/1349 1196/1801/1350 1208/1794/1343
f 1208/1794/1343 1197/1802/1351 1209/1796/1344
f 1209/1796/1344 1198/1803/1352 1210/1797/1345
f 1210/1804/1345 1199/1805/1353 1211/1798/1346
f 1211/1798/1346 1200/1806/1354 1212/1799/1347
f 1212/1799/1347 1195/1807/1355 1207/1800/1348
f 95/17/325 1196/1801/1350 1194/15/1356
f 122/479/324 1197/1802/1351 1196/1801/1350
f 126/484/329 1198/1803/1352 1197/1802/1351
f 1198/1808/1352 109/468/316 1199/1805/1353
f 1199/1805/1353 108/466/314 1200/1806/1354
f 1200/1806/1354 94/342/311 1195/1807/1355
f 1326/19/472 1268/553/387 1350/658/476
f 1350/658/476 1272/559/393 1351/657/475
f 1351/660/475 1255/541/375 1352/638/456
f 1352/638/456 1254/539/373 1334/634/452
f 1334/634/452 1253/540/374 1330/628/446
f 1330/628/446 1250/536/370 1324/626/444
f 1288/598/424 1265/554/388 1251/551/385
f 1305/597/423 1266/556/390 1265/554/388
f 1309/603/429 1267/1809/406 1266/556/390
f 1292/586/412 1283/575/403 1267/579/406
f 1291/584/410 1279/569/398 1283/575/403
f 1290/582/407 1252/570/399 1279/569/398
f 1368/1810/1357 1376/1811/1358 1373/1812/1359
f 1376/1811/1358 1372/1813/1360 1373/1812/1359
f 1377/1814/1361 1371/1815/1362 1372/1813/1360
f 1371/1816/1362 1379/1817/1363 1370/1818/1364
f 1379/1817/1363 1369/1819/1365 1370/1818/1364
f 1380/1820/1366 1367/10/1367 1369/1819/1365
f 1375/351/1368 1401/1821/1369 1396/62/11
f 1401/1821/1369 1379/1817/1363 1400/1822/1370
f 1379/1817/1363 1399/1823/1371 1400/1822/1370
f 1378/1824/1372 1398/1825/1373 1399/1826/1371
f 1377/1814/1361 1397/1827/1374 1398/1825/1373
f 1376/1811/1358 1395/1828/1357 1397/1827/1374
f 1487/80/1375 1401/1821/1369 1492/1829/1376
f 1492/1829/1376 1400/1822/1370 1491/1830/1377
f 1400/1822/1370 1490/1831/1378 1491/1830/1377
f 1490/1832/1378 1398/1825/1373 1489/1833/1379
f 1489/1833/1379 1397/1827/1374 1488/1834/1380
f 1488/1834/1380 1395/1828/1357 1486/1835/1357
f 1402/47/1381 1415/1836/1382 1410/44/1383
f 1415/1836/1382 1405/1837/1384 1414/1838/1385
f 1414/1839/1385 1406/1840/1386 1413/1841/1387
f 1406/1840/1386 1412/1842/1388 1413/1841/1387
f 1412/1842/1388 1408/1843/1389 1411/1844/1390
f 1411/1844/1390 1403/1845/1391 1409/1846/1391
f 1416/49/1392 1506/1847/1393 1501/70/1394
f 1418/1848/1395 1505/1849/1396 1506/1847/1393
f 1419/1850/1397 1504/1851/1398 1505/1849/1396
f 1504/1852/1398 1421/1853/1399 1503/1854/1400
f 1421/1853/1399 1502/1855/1401 1503/1854/1400
f 1422/1856/1402 1500/1857/1403 1502/1855/1401
f 1402/47/1381 1425/1858/1404 1404/1859/1405
f 1425/1858/1404 1405/1837/1384 1404/1859/1405
f 1426/1860/1406 1406/1861/1386 1405/1837/1384
f 1427/1862/1407 1407/1863/1408 1406/1840/1386
f 1428/1864/1409 1408/1843/1389 1407/1863/1408
f 1429/1865/1410 1403/1845/1391 1408/1843/1389
f 1430/83/1411 1394/1866/1412 1389/60/1413
f 1432/1867/1414 1393/1868/1415 1394/1866/1412
f 1393/1868/1415 1434/1869/1416 1392/1870/1417
f 1434/1871/1416 1391/1872/1418 1392/1873/1417
f 1391/1872/1418 1436/1874/1419 1390/1875/1420
f 1390/1875/1420 1431/1876/1403 1388/1877/1403
f 1444/57/1421 1443/1878/1422 1438/76/1423
f 1446/1879/1424 1442/1880/1425 1443/1878/1422
f 1447/1881/1426 1441/1882/1427 1442/1880/1425
f 1448/1883/1428 1440/1884/1429 1441/1885/1427
f 1449/1886/1430 1439/1887/1431 1440/1884/1429
f 1439/1887/1431 1445/1888/1357 1437/1889/1357
f 1438/76/1423 1387/1890/1432 1382/8/1433
f 1387/1890/1432 1442/1880/1425 1386/1891/1434
f 1442/1880/1425 1385/1892/1435 1386/1891/1434
f 1441/1885/1427 1384/1893/1436 1385/1894/1435
f 1440/1884/1429 1383/1895/1437 1384/1893/1436
f 1439/1887/1431 1381/1896/1357 1383/1895/1437
f 1382/8/1433 1369/1819/1365 1367/10/1367
f 1387/1890/1432 1370/1818/1364 1369/1819/1365
f 1386/1891/1434 1371/1816/1362 1370/1818/1364
f 1371/1815/1362 1384/1893/1436 1372/1813/1360
f 1384/1893/1436 1373/1812/1359 1372/1813/1360
f 1383/1895/1437 1368/1810/1357 1373/1812/1359
f 1444/57/1421 1460/1897/1438 1446/1879/1424
f 1460/1897/1438 1447/1881/1426 1446/1879/1424
f 1447/1881/1426 1462/1898/1439 1448/1899/1428
f 1448/1883/1428 1463/1900/1440 1449/1886/1430
f 1463/1900/1440 1450/1901/1441 1449/1886/1430
f 1450/1901/1441 1459/1902/1357 1445/1888/1357
f 1465/52/1442 1478/1903/1443 1473/84/1444
f 1467/1904/1445 1477/1905/1446 1478/1903/1443
f 1468/1906/1447 1476/1907/1448 1477/1905/1446
f 1469/1908/1449 1475/1909/1450 1476/1910/1448
f 1470/1911/1451 1474/1912/1452 1475/1909/1450
f 1474/1912/1452 1466/1913/1391 1472/1914/1391
f 1410/1915/1383 1467/1904/1445 1465/52/1442
f 1415/1916/1382 1468/1906/1447 1467/1904/1445
f 1414/1839/1385 1469/1908/1449 1468/1917/1447
f 1413/1841/1387 1470/1911/1451 1469/1908/1449
f 1470/1911/1451 1411/1844/1390 1471/1918/1453
f 1471/1918/1453 1409/1846/1391 1466/1913/1391
f 1480/100/1454 1492/1829/1376 1485/1919/1455
f 1492/1829/1376 1484/1920/1456 1485/1919/1455
f 1484/1920/1456 1490/1831/1378 1483/1921/1457
f 1483/1922/1457 1489/1833/1379 1482/1923/1458
f 1482/1923/1458 1488/1834/1380 1481/1924/1459
f 1481/1924/1459 1486/1835/1357 1479/1925/1391
f 1480/100/1454 1457/1926/1460 1452/65/1461
f 1485/1919/1455 1456/1927/1462 1457/1926/1460
f 1456/1927/1462 1483/1921/1457 1455/1928/1463
f 1483/1922/1457 1454/1929/1464 1455/1930/1463
f 1482/1923/1458 1453/1931/1465 1454/1929/1464
f 1453/1931/1465 1479/1925/1391 1451/1932/1357
f 1493/1933/1466 1432/1867/1414 1430/83/1411
f 1495/1934/1467 1433/1935/1468 1432/1867/1414
f 1496/1936/1469 1434/1871/1416 1433/1937/1468
f 1497/1938/1470 1435/1939/1471 1434/1871/1416
f 1498/1940/1472 1436/1874/1419 1435/1939/1471
f 1436/1874/1419 1494/1941/1403 1431/1876/1403
f 1501/70/1394 1495/1942/1467 1493/72/1466
f 1506/1847/1393 1496/1943/1469 1495/1942/1467
f 1505/1944/1396 1497/1938/1470 1496/1936/1469
f 1504/1852/1398 1498/1940/1472 1497/1938/1470
f 1503/1854/1400 1499/1945/1473 1498/1940/1472
f 1502/1855/1401 1494/1941/1403 1499/1945/1473
f 1389/60/1413 1460/1897/1438 1458/55/1474
f 1394/1866/1412 1461/1946/1475 1460/1897/1438
f 1461/1946/1475 1392/1870/1417 1462/1898/1439
f 1462/1947/1439 1391/1872/1418 1463/1900/1440
f 1391/1872/1418 1464/1948/1476 1463/1900/1440
f 1464/1948/1476 1388/1877/1403 1459/1902/1357
f 1507/74/1477 1425/1858/1404 1423/99/1478
f 1509/1949/1479 1426/1860/1406 1425/1858/1404
f 1426/1860/1406 1511/1950/1480 1427/1951/1407
f 1511/1952/1480 1428/1864/1409 1427/1862/1407
f 1512/1953/1481 1429/1865/1410 1428/1864/1409
f 1513/1954/1482 1424/1955/1391 1429/1865/1410
f 1452/65/1461 1509/1949/1479 1507/74/1477
f 1509/1949/1479 1456/1927/1462 1510/1956/1483
f 1510/1956/1483 1455/1928/1463 1511/1950/1480
f 1511/1952/1480 1454/1929/1464 1512/1953/1481
f 1512/1953/1481 1453/1931/1465 1513/1954/1482
f 1513/1954/1482 1451/1932/1357 1508/1957/1357
f 1521/90/1484 1520/1958/1485 1515/78/1486
f 1520/1958/1485 1524/1959/1487 1519/1960/1488
f 1519/1960/1488 1525/1961/1489 1518/1962/1490
f 1525/1963/1489 1517/1964/1491 1518/1965/1490
f 1526/1966/1492 1516/1967/1493 1517/1964/1491
f 1516/1967/1493 1522/31/1494 1514/1968/1495
f 1528/88/1496 1523/1969/1497 1521/90/1484
f 1523/1969/1497 1531/1970/1498 1524/1959/1487
f 1531/1970/1498 1525/1961/1489 1524/1959/1487
f 1532/1971/1499 1526/1966/1492 1525/1963/1489
f 1533/1972/1500 1527/1973/1501 1526/1966/1492
f 1534/1974/1502 1522/31/1494 1527/1973/1501
f 1515/78/1486 1548/1975/1503 1543/85/1504
f 1520/1958/1485 1547/1976/1505 1548/1975/1503
f 1547/1976/1505 1518/1962/1490 1546/1977/1506
f 1546/1978/1506 1517/1964/1491 1545/1979/1507
f 1545/1979/1507 1516/1967/1493 1544/1980/1508
f 1544/1980/1508 1514/1968/1495 1542/1981/1495
f 1528/88/1496 1537/1982/1509 1530/1983/1510
f 1530/1983/1510 1538/1984/1511 1531/1970/1498
f 1538/1984/1511 1532/1985/1499 1531/1970/1498
f 1539/1986/1512 1533/1972/1500 1532/1971/1499
f 1533/1972/1500 1541/1987/1513 1534/1974/1502
f 1534/1974/1502 1536/1988/1494 1529/1989/1495
f 1556/96/1514 1569/1990/1515 1564/98/1516
f 1558/1991/1517 1568/1992/1518 1569/1990/1515
f 1568/1992/1518 1560/1993/1519 1567/1994/1520
f 1560/1995/1519 1566/1996/1521 1567/1997/1520
f 1566/1996/1521 1562/1998/1522 1565/1999/1523
f 1565/1999/1523 1557/2000/1403 1563/2001/1495
f 1543/85/1504 1555/2002/1524 1550/115/1525
f 1548/1975/1503 1554/2003/1526 1555/2002/1524
f 1554/2003/1526 1546/1977/1506 1553/2004/1527
f 1546/1978/1506 1552/2005/1528 1553/2006/1527
f 1545/1979/1507 1551/2007/1529 1552/2005/1528
f 1551/2007/1529 1542/1981/1495 1549/2008/1495
f 1550/115/1525 1558/1991/1517 1556/96/1514
f 1555/2002/1524 1559/2009/1530 1558/1991/1517
f 1559/2009/1530 1553/2004/1527 1560/1993/1519
f 1553/2006/1527 1561/2010/1531 1560/1995/1519
f 1552/2005/1528 1562/1998/1522 1561/2010/1531
f 1551/2007/1529 1557/2000/1403 1562/1998/1522
f 1564/98/1516 1418/1848/1395 1416/49/1392
f 1569/1990/1515 1419/1850/1397 1418/1848/1395
f 1568/1992/1518 1420/2011/1532 1419/1850/1397
f 1567/1997/1520 1421/1853/1399 1420/2012/1532
f 1566/1996/1521 1422/1856/1402 1421/1853/1399
f 1565/1999/1523 1417/2013/1403 1422/1856/1402
f 1473/84/1444 1583/2014/1533 1578/68/41
f 1583/2014/1533 1477/1905/1446 1582/2015/1534
f 1582/2015/1534 1476/1907/1448 1581/2016/1535
f 1476/1910/1448 1580/2017/1536 1581/2018/1535
f 1580/2017/1536 1474/1912/1452 1579/2019/1537
f 1579/2019/1537 1472/1914/1391 1577/2020/1538
f 1585/108/1539 1593/2021/1540 1590/2022/1541
f 1593/2021/1540 1589/2023/1542 1590/2022/1541
f 1594/2024/1543 1588/2025/1544 1589/2023/1542
f 1588/2026/1544 1596/2027/1545 1587/2028/1546
f 1596/2027/1545 1586/2029/1547 1587/2028/1546
f 1586/2029/1547 1592/2030/1538 1584/2031/1538
f 1571/93/1548 1583/2014/1533 1576/2032/1549
f 1583/2014/1533 1575/2033/1550 1576/2032/1549
f 1582/2015/1534 1574/2034/1551 1575/2033/1550
f 1581/2018/1535 1573/2035/1552 1574/2036/1551
f 1580/2017/1536 1572/2037/1553 1573/2035/1552
f 1579/2019/1537 1570/2038/1391 1572/2037/1553
f 1585/108/1539 1604/2039/1554 1599/102/74
f 1590/2022/1541 1603/2040/1555 1604/2039/1554
f 1603/2040/1555 1588/2025/1544 1602/2041/1556
f 1588/2026/1544 1601/2042/1557 1602/2043/1556
f 1587/2028/1546 1600/2044/1558 1601/2042/1557
f 1586/2029/1547 1598/2045/1559 1600/2044/1558
f 1591/104/1560 1576/2032/1549 1593/2021/1540
f 1576/2032/1549 1594/2024/1543 1593/2021/1540
f 1575/2033/1550 1595/2046/1561 1594/2024/1543
f 1574/2036/1551 1596/2027/1545 1595/2047/1561
f 1573/2035/1552 1597/2048/1562 1596/2027/1545
f 1597/2048/1562 1570/2038/1391 1592/2030/1538
f 1605/106/1563 1618/2049/1564 1613/112/151
f 1607/2050/1565 1617/2051/1566 1618/2049/1564
f 1608/2052/1567 1616/2053/1568 1617/2051/1566
f 1609/2054/1569 1615/2055/1570 1616/2056/1568
f 1610/2057/1571 1614/2058/1572 1615/2055/1570
f 1614/2058/1572 1606/25/1538 1612/24/1538
f 1605/106/1563 1604/2039/1554 1607/2050/1565
f 1604/2039/1554 1608/2052/1567 1607/2050/1565
f 1603/2040/1555 1609/2059/1569 1608/2052/1567
f 1609/2054/1569 1601/2042/1557 1610/2057/1571
f 1610/2057/1571 1600/2044/1558 1611/2060/1573
f 1611/2060/1573 1598/2045/1559 1606/25/1538
f 1620/110/1574 1618/2049/1564 1625/2061/1575
f 1625/2061/1575 1617/2051/1566 1624/2062/1576
f 1624/2062/1576 1616/2053/1568 1623/2063/1577
f 1623/2064/1577 1615/2055/1570 1622/2065/1578
f 1615/2055/1570 1621/2066/1579 1622/2065/1578
f 1614/2058/1572 1619/2067/1538 1621/2066/1579
f 1535/92/1580 1628/2068/1581 1537/1982/1509
f 1537/1982/1509 1629/2069/1582 1538/1984/1511
f 1629/2069/1582 1539/2070/1512 1538/1984/1511
f 1539/1986/1512 1631/2071/1583 1540/2072/1584
f 1540/2072/1584 1632/2073/1585 1541/1987/1513
f 1632/2073/1585 1536/1988/1494 1541/1987/1513
f 1626/147/1586 1635/2074/1587 1628/2068/1581
f 1628/2068/1581 1636/2075/1588 1629/2069/1582
f 1636/2075/1588 1630/2076/1589 1629/2069/1582
f 1637/2077/1590 1631/2071/1583 1630/2078/1589
f 1638/2079/1591 1632/2073/1585 1631/2071/1583
f 1639/2080/1592 1627/2081/1495 1632/2073/1585
f 1640/120/1593 1635/2074/1587 1633/117/1594
f 1635/2074/1587 1643/2082/1595 1636/2075/1588
f 1636/2075/1588 1644/2083/1596 1637/2084/1590
f 1637/2077/1590 1645/2085/1597 1638/2079/1591
f 1638/2079/1591 1646/2086/1598 1639/2080/1592
f 1646/2086/1598 1634/2087/1495 1639/2080/1592
f 1647/122/1599 1660/2088/1600 1655/124/1601
f 1649/2089/1602 1659/2090/1603 1660/2088/1600
f 1650/2091/1604 1658/2092/1605 1659/2090/1603
f 1658/2093/1605 1652/2094/1606 1657/2095/1607
f 1652/2094/1606 1656/2096/1608 1657/2095/1607
f 1656/2096/1608 1648/2097/1609 1654/2098/1609
f 1655/124/1601 1642/2099/1610 1640/120/1593
f 1642/2099/1610 1659/2090/1603 1643/2082/1595
f 1643/2082/1595 1658/2092/1605 1644/2083/1596
f 1644/2100/1596 1657/2095/1607 1645/2085/1597
f 1645/2085/1597 1656/2096/1608 1646/2086/1598
f 1646/2086/1598 1654/2098/1609 1641/2101/1609
f 1668/129/158 1667/2102/1611 1662/131/1612
f 1670/2103/1613 1666/2104/1614 1667/2102/1611
f 1671/2105/1615 1665/2106/1616 1666/2104/1614
f 1665/2107/1616 1673/2108/1617 1664/2109/1618
f 1673/2108/1617 1663/2110/1619 1664/2109/1618
f 1663/2110/1619 1669/2111/1609 1661/2112/1609
f 1662/131/1612 1681/2113/1620 1676/126/1621
f 1681/2113/1620 1666/2104/1614 1680/2114/1622
f 1680/2115/1622 1665/2107/1616 1679/2116/1623
f 1665/2107/1616 1678/2117/1624 1679/2116/1623
f 1678/2117/1624 1663/2110/1619 1677/2118/1625
f 1663/2110/1619 1675/2119/1609 1677/2118/1625
f 1675/2119/1609 1653/2120/1626 1677/2118/1625
f 1677/2118/1625 1652/2094/1606 1678/2117/1624
f 1678/2117/1624 1651/2121/1627 1679/2116/1623
f 1651/2121/1627 1680/2115/1622 1679/2116/1623
f 1650/2091/1604 1681/2122/1620 1680/2123/1622
f 1681/2122/1620 1647/122/1599 1676/2124/1621
f 1682/133/1628 1702/2125/1629 1697/175/1630
f 1702/2125/1629 1685/2126/1631 1701/2127/1632
f 1701/2127/1632 1686/2128/1633 1700/2129/1634
f 1700/2130/1634 1687/2131/1635 1699/2132/1636
f 1699/2132/1636 1688/2133/1637 1698/2134/1638
f 1698/2134/1638 1683/2135/1639 1696/2136/1639
f 1689/2137/1640 1684/2138/1641 1682/133/1628
f 1691/2139/1642 1685/2126/1631 1684/2138/1641
f 1692/2140/1643 1686/2141/1633 1685/2142/1631
f 1693/2143/1644 1687/2131/1635 1686/2141/1633
f 1694/2144/1645 1688/2133/1637 1687/2131/1635
f 1695/2145/1646 1683/2135/1639 1688/2133/1637
f 1718/176/1647 1705/2146/1648 1723/2147/1649
f 1705/2146/1648 1722/2148/1650 1723/2147/1649
f 1706/2149/1651 1721/2150/1652 1722/2148/1650
f 1707/2151/1653 1720/2152/1654 1721/2153/1652
f 1720/2152/1654 1709/2154/1655 1719/2155/1656
f 1709/2154/1655 1717/2156/1639 1719/2155/1656
f 1690/2157/1639 1716/2158/1657 1711/2159/1639
f 1716/2158/1657 1694/2144/1645 1715/2160/1658
f 1694/2144/1645 1714/2161/1659 1715/2160/1658
f 1714/2161/1659 1692/2140/1643 1713/2162/1660
f 1692/2163/1643 1712/2164/1661 1713/2165/1660
f 1712/2164/1661 1689/136/1640 1710/146/1662
f 1710/146/1662 1723/2147/1649 1712/2164/1661
f 1712/2164/1661 1722/2148/1650 1713/2165/1660
f 1713/2165/1660 1721/2150/1652 1714/2166/1659
f 1714/2161/1659 1720/2152/1654 1715/2160/1658
f 1715/2160/1658 1719/2155/1656 1716/2158/1657
f 1716/2158/1657 1717/2156/1639 1711/2159/1639
f 1724/144/1663 1705/2146/1648 1703/139/1664
f 1726/2167/1665 1706/2149/1651 1705/2146/1648
f 1706/2149/1651 1728/2168/1666 1707/2169/1653
f 1728/2170/1666 1708/2171/1667 1707/2151/1653
f 1708/2171/1667 1730/2172/1668 1709/2154/1655
f 1730/2172/1668 1704/2173/1639 1709/2154/1655
f 1620/110/1574 1737/2174/1669 1732/113/85
f 1737/2174/1669 1624/2062/1576 1736/2175/1670
f 1624/2062/1576 1735/2176/1671 1736/2175/1670
f 1735/2177/1671 1622/2065/1578 1734/2178/1672
f 1622/2065/1578 1733/2179/1673 1734/2178/1672
f 1621/2066/1579 1731/2180/1538 1733/2179/1673
f 1724/144/1663 1737/2174/1669 1726/2167/1665
f 1737/2174/1669 1727/2181/1674 1726/2167/1665
f 1736/2175/1670 1728/2168/1666 1727/2181/1674
f 1735/2177/1671 1729/2182/1675 1728/2170/1666
f 1734/2178/1672 1730/2172/1668 1729/2182/1675
f 1730/2172/1668 1731/2180/1538 1725/2183/1538
f 1739/149/1676 1845/2184/1677 1744/2185/1366
f 1845/2184/1677 1743/2186/1678 1744/2185/1366
f 1743/2186/1678 1847/2187/1679 1742/2188/1680
f 1742/2189/1680 1848/2190/1360 1741/2191/1681
f 1741/2191/1681 1849/2192/1359 1740/2193/1358
f 1740/2193/1358 1844/2194/1682 1738/2195/16
f 1739/149/1676 1758/2196/1683 1753/13/1684
f 1744/2185/1366 1757/2197/1370 1758/2196/1683
f 1743/2186/1678 1756/2198/1685 1757/2197/1370
f 1742/2189/1680 1755/2199/1373 1756/2200/1685
f 1741/2191/1681 1754/2201/1686 1755/2199/1373
f 1740/2193/1358 1752/2202/1357 1754/2201/1686
f 1759/182/1687 1751/2203/1688 1746/153/120
f 1761/2204/1689 1750/2205/1690 1751/2203/1688
f 1762/2206/1691 1749/2207/1692 1750/2205/1690
f 1763/2208/1693 1748/2209/1694 1749/2210/1692
f 1764/2211/1695 1747/2212/1696 1748/2209/1694
f 1765/2213/1697 1745/2214/1698 1747/2212/1696
f 1766/158/1699 1761/2204/1689 1759/182/1687
f 1768/2215/1700 1762/2206/1691 1761/2204/1689
f 1762/2206/1691 1770/2216/1701 1763/2217/1693
f 1763/2208/1693 1771/2218/1702 1764/2211/1695
f 1764/2211/1695 1772/2219/1703 1765/2213/1697
f 1765/2213/1697 1767/2220/1698 1760/2221/1698
f 1766/158/1699 1775/2222/1704 1768/2215/1700
f 1775/2222/1704 1769/2223/1705 1768/2215/1700
f 1769/2223/1705 1777/2224/1706 1770/2216/1701
f 1770/2225/1701 1778/2226/1707 1771/2218/1702
f 1778/2226/1707 1772/2219/1703 1771/2218/1702
f 1772/2219/1703 1774/2227/1698 1767/2220/1698
f 1781/155/1708 1751/2203/1688 1786/2228/1709
f 1786/2228/1709 1750/2205/1690 1785/2229/1710
f 1750/2205/1690 1784/2230/1711 1785/2229/1710
f 1749/2210/1692 1783/2231/1712 1784/2232/1711
f 1783/2231/1712 1747/2212/1696 1782/2233/1713
f 1747/2212/1696 1780/2234/1698 1782/2233/1713
f 1802/166/1714 1786/2228/1709 1807/2235/1715
f 1786/2228/1709 1806/2236/1716 1807/2235/1715
f 1785/2229/1710 1805/2237/1717 1806/2236/1716
f 1805/2238/1717 1783/2231/1712 1804/2239/1718
f 1804/2239/1718 1782/2233/1713 1803/2240/1719
f 1803/2240/1719 1780/2234/1698 1801/2241/1698
f 1787/165/1720 1775/2222/1704 1773/161/128
f 1789/2242/1721 1776/2243/1722 1775/2222/1704
f 1776/2243/1722 1791/2244/1723 1777/2224/1706
f 1791/2245/1723 1778/2226/1707 1777/2246/1706
f 1792/2247/1724 1779/2248/1725 1778/2226/1707
f 1793/2249/1726 1774/2227/1698 1779/2248/1725
f 1802/166/1714 1800/2250/1727 1795/171/1728
f 1807/2235/1715 1799/2251/1729 1800/2250/1727
f 1799/2251/1729 1805/2237/1717 1798/2252/1730
f 1798/2253/1730 1804/2239/1718 1797/2254/1731
f 1797/2254/1731 1803/2240/1719 1796/2255/1732
f 1796/2255/1732 1801/2241/1698 1794/2256/1698
f 1795/171/1728 1814/2257/1733 1809/169/1734
f 1814/2257/1733 1799/2251/1729 1813/2258/1735
f 1813/2258/1735 1798/2252/1730 1812/2259/1736
f 1812/2260/1736 1797/2254/1731 1811/2261/1737
f 1797/2254/1731 1810/2262/1738 1811/2261/1737
f 1796/2255/1732 1808/2263/1609 1810/2262/1738
f 1787/165/1720 1817/2264/1739 1789/2242/1721
f 1789/2242/1721 1818/2265/1740 1790/2266/1741
f 1818/2265/1740 1791/2244/1723 1790/2266/1741
f 1791/2245/1723 1820/2267/1742 1792/2247/1724
f 1820/2267/1742 1793/2249/1726 1792/2247/1724
f 1821/2268/1743 1788/2269/1639 1793/2249/1726
f 1822/142/1744 1817/2264/1739 1815/170/1745
f 1824/2270/1746 1818/2265/1740 1817/2264/1739
f 1825/2271/1747 1819/2272/1748 1818/2265/1740
f 1819/2273/1748 1827/2274/1749 1820/2267/1742
f 1827/2274/1749 1821/2268/1743 1820/2267/1742
f 1828/2275/1750 1816/2276/1639 1821/2268/1743
f 1809/169/1734 1670/2103/1613 1668/129/158
f 1814/2257/1733 1671/2105/1615 1670/2103/1613
f 1813/2258/1735 1672/2277/1751 1671/2105/1615
f 1672/2278/1751 1811/2261/1737 1673/2108/1617
f 1811/2261/1737 1674/2279/1752 1673/2108/1617
f 1810/2262/1738 1669/2111/1609 1674/2279/1752
f 1697/175/1630 1824/2270/1746 1822/142/1744
f 1702/2125/1629 1825/2271/1747 1824/2270/1746
f 1825/2271/1747 1700/2129/1634 1826/2280/1753
f 1826/2281/1753 1699/2132/1636 1827/2274/1749
f 1699/2132/1636 1828/2275/1750 1827/2274/1749
f 1828/2275/1750 1696/2136/1639 1823/2282/1639
f 1830/173/1754 1852/2283/1755 1835/2284/1424
f 1852/2283/1755 1834/2285/1756 1835/2284/1424
f 1834/2285/1756 1854/2286/1757 1833/2287/1758
f 1833/2288/1758 1855/2289/1440 1832/2290/1759
f 1832/2290/1759 1856/2291/1760 1831/2292/1761
f 1831/2292/1761 1851/2293/1403 1829/2294/1357
f 1871/205/1762 1842/2295/1763 1837/187/142
f 1873/2296/1764 1841/2297/1384 1842/2295/1763
f 1874/2298/1765 1840/2299/1386 1841/2297/1384
f 1875/2300/1407 1839/2301/1766 1840/2302/1386
f 1876/2303/1767 1838/2304/1389 1839/2301/1766
f 1877/2305/1768 1836/2306/1391 1838/2304/1389
f 1753/13/1684 1863/2307/1769 1858/162/53
f 1863/2307/1769 1757/2197/1370 1862/2308/1377
f 1757/2197/1370 1861/2309/1378 1862/2308/1377
f 1861/2310/1378 1755/2199/1373 1860/2311/1770
f 1860/2311/1770 1754/2201/1686 1859/2312/1380
f 1754/2201/1686 1857/2313/1357 1859/2312/1380
f 1878/2314/1771 1926/2315/1772 1921/210/1773
f 1880/2316/1774 1925/2317/1775 1926/2315/1772
f 1925/2318/1775 1882/2319/1387 1924/2320/1776
f 1924/2320/1776 1883/2321/1777 1923/2322/1778
f 1883/2321/1777 1922/2323/1779 1923/2322/1778
f 1922/2323/1779 1879/2324/1391 1920/2325/1391
f 1900/177/1780 1835/2284/1424 1905/2326/1781
f 1835/2284/1424 1904/2327/1782 1905/2326/1781
f 1834/2285/1756 1903/2328/1783 1904/2327/1782
f 1903/2329/1783 1832/2290/1759 1902/2330/1429
f 1902/2330/1429 1831/2292/1761 1901/2331/1431
f 1901/2331/1431 1829/2294/1357 1899/2332/1357
f 1900/177/1780 1912/2333/1432 1907/230/1784
f 1905/2326/1781 1911/2334/1785 1912/2333/1432
f 1904/2327/1782 1910/2335/1435 1911/2334/1785
f 1903/2329/1783 1909/2336/1436 1910/2337/1435
f 1902/2330/1429 1908/2338/1437 1909/2336/1436
f 1901/2331/1431 1906/2339/1357 1908/2338/1437
f 1913/213/1454 1940/2340/1786 1935/189/1787
f 1940/2340/1786 1916/2341/1788 1939/2342/1789
f 1916/2341/1788 1938/2343/1463 1939/2342/1789
f 1938/2344/1463 1918/2345/1790 1937/2346/1464
f 1918/2345/1790 1936/2347/1465 1937/2346/1464
f 1919/2348/1791 1934/2349/1391 1936/2347/1465
f 1927/2350/1792 1870/2351/1793 1865/201/1794
f 1929/2352/1795 1869/2353/1796 1870/2351/1793
f 1869/2354/1796 1931/2355/1797 1868/2356/1798
f 1931/2355/1797 1867/2357/1799 1868/2356/1798
f 1932/2358/1472 1866/2359/1419 1867/2357/1799
f 1933/2360/1800 1864/2361/1403 1866/2359/1419
f 1878/180/1771 1842/2295/1763 1880/2362/1774
f 1880/2362/1774 1841/2297/1384 1881/2363/1801
f 1881/2364/1801 1840/2302/1386 1882/2319/1387
f 1840/2302/1386 1883/2321/1777 1882/2319/1387
f 1883/2321/1777 1838/2304/1389 1884/2365/1802
f 1884/2365/1802 1836/2306/1391 1879/2324/1391
f 1843/198/1803 1912/2333/1432 1845/2184/1677
f 1912/2333/1432 1846/2366/1804 1845/2184/1677
f 1846/2366/1804 1910/2335/1435 1847/2187/1679
f 1847/2367/1679 1909/2336/1436 1848/2190/1360
f 1909/2336/1436 1849/2192/1359 1848/2190/1360
f 1908/2338/1437 1844/2194/1682 1849/2192/1359
f 1857/2313/1357 1919/2348/1791 1859/2312/1380
f 1859/2312/1380 1918/2345/1790 1860/2311/1770
f 1860/2311/1770 1917/2368/1805 1861/2310/1378
f 1861/2309/1378 1916/2341/1788 1862/2308/1377
f 1862/2308/1377 1915/2369/1806 1863/2307/1769
f 1863/2307/1769 1913/213/1454 1858/162/53
f 1885/203/1807 1929/2370/1795 1927/184/1792
f 1929/2370/1795 1888/2371/1396 1930/2372/1808
f 1888/2373/1396 1931/2355/1797 1930/2374/1808
f 1889/2375/1809 1932/2358/1472 1931/2355/1797
f 1890/2376/1810 1933/2360/1800 1932/2358/1472
f 1891/2377/1811 1928/2378/1403 1933/2360/1800
f 1865/201/1794 1947/2379/1812 1942/195/1813
f 1947/2379/1812 1869/2353/1796 1946/2380/1415
f 1946/2380/1415 1868/2381/1798 1945/2382/1814
f 1868/2356/1798 1944/2383/1418 1945/2384/1814
f 1867/2357/1799 1943/2385/1420 1944/2383/1418
f 1866/2359/1419 1941/2386/1403 1943/2385/1420
f 1885/203/1807 1894/2387/1815 1887/2388/1816
f 1894/2387/1815 1888/2371/1396 1887/2388/1816
f 1895/2389/1817 1889/2390/1809 1888/2371/1396
f 1896/2391/1818 1890/2376/1810 1889/2375/1809
f 1897/2392/1819 1891/2377/1811 1890/2376/1810
f 1898/2393/1402 1886/2394/1403 1891/2377/1811
f 1949/192/1820 1926/2315/1772 1954/2395/1443
f 1926/2315/1772 1953/2396/1446 1954/2395/1443
f 1925/2317/1775 1952/2397/1821 1953/2396/1446
f 1952/2398/1821 1923/2322/1778 1951/2399/1450
f 1923/2322/1778 1950/2400/1822 1951/2399/1450
f 1922/2323/1779 1948/2401/1391 1950/2400/1822
f 1955/208/1823 1873/2296/1764 1871/205/1762
f 1957/2402/1824 1874/2298/1765 1873/2296/1764
f 1958/2403/1825 1875/2404/1407 1874/2298/1765
f 1959/2405/1480 1876/2303/1767 1875/2300/1407
f 1960/2406/1481 1877/2305/1768 1876/2303/1767
f 1961/2407/1482 1872/2408/1391 1877/2305/1768
f 1935/189/1787 1957/2402/1824 1955/208/1823
f 1957/2402/1824 1939/2342/1789 1958/2403/1825
f 1958/2403/1825 1938/2343/1463 1959/2409/1480
f 1959/2405/1480 1937/2346/1464 1960/2406/1481
f 1960/2406/1481 1936/2347/1465 1961/2407/1482
f 1961/2407/1482 1934/2349/1391 1956/2410/1391
f 1850/199/1826 1947/2379/1812 1852/2283/1755
f 1947/2379/1812 1853/2411/1827 1852/2283/1755
f 1946/2380/1415 1854/2286/1757 1853/2411/1827
f 1854/2412/1757 1944/2383/1418 1855/2289/1440
f 1855/2289/1440 1943/2385/1420 1856/2291/1760
f 1856/2291/1760 1941/2386/1403 1851/2293/1403
f 1970/223/1828 1978/2413/1829 1975/2414/1485
f 1975/2414/1485 1979/2415/1487 1974/2416/1488
f 1974/2416/1488 1980/2417/1489 1973/2418/1490
f 1980/2419/1489 1972/2420/1491 1973/2421/1490
f 1972/2420/1491 1982/2422/1830 1971/2423/1493
f 1971/2423/1493 1977/22/1494 1969/21/1495
f 1962/218/1496 1978/2413/1829 1976/231/62
f 1964/2424/1831 1979/2415/1487 1978/2413/1829
f 1965/2425/1832 1980/2417/1489 1979/2415/1487
f 1966/2426/1833 1981/2427/1834 1980/2419/1489
f 1981/2427/1834 1968/2428/1835 1982/2422/1830
f 1968/2428/1835 1977/22/1494 1982/2422/1830
f 1970/223/1828 1989/2429/1836 1984/215/1837
f 1989/2429/1836 1974/2416/1488 1988/2430/1838
f 1988/2430/1838 1973/2418/1490 1987/2431/1839
f 1973/2421/1490 1986/2432/1840 1987/2433/1839
f 1972/2420/1491 1985/2434/1841 1986/2432/1840
f 1985/2434/1841 1969/21/1495 1983/2435/1495
f 1962/218/1496 1992/2436/1509 1964/2424/1831
f 1992/2436/1509 1965/2425/1832 1964/2424/1831
f 1993/2437/1842 1966/2438/1833 1965/2425/1832
f 1966/2426/1833 1995/2439/1843 1967/2440/1844
f 1995/2439/1843 1968/2428/1835 1967/2440/1844
f 1996/2441/1845 1963/2442/1495 1968/2428/1835
f 1998/220/1846 1989/2429/1836 2003/2443/1847
f 1989/2429/1836 2002/2444/1526 2003/2443/1847
f 1988/2430/1838 2001/2445/1527 2002/2444/1526
f 1987/2433/1839 2000/2446/1848 2001/2447/1527
f 1986/2432/1840 1999/2448/1529 2000/2446/1848
f 1985/2434/1841 1997/2449/1495 1999/2448/1529
f 1998/220/1846 2017/2450/1849 2012/247/1514
f 2003/2443/1847 2016/2451/1850 2017/2450/1849
f 2016/2451/1850 2001/2445/1527 2015/2452/1851
f 2001/2447/1527 2014/2453/1852 2015/2454/1851
f 2000/2446/1848 2013/2455/1522 2014/2453/1852
f 1999/2448/1529 2011/2456/1495 2013/2455/1522
f 2012/247/1514 2010/2457/1853 2005/227/1854
f 2017/2450/1849 2009/2458/1855 2010/2457/1853
f 2009/2458/1855 2015/2452/1851 2008/2459/1856
f 2015/2454/1851 2007/2460/1521 2008/2461/1856
f 2007/2460/1521 2013/2455/1522 2006/2462/1523
f 2006/2462/1523 2011/2456/1495 2004/2463/1403
f 2005/227/1854 1894/2387/1815 1892/207/1857
f 2010/2457/1853 1895/2389/1817 1894/2387/1815
f 2009/2458/1855 1896/2464/1818 1895/2389/1817
f 2008/2461/1856 1897/2392/1819 1896/2391/1818
f 2007/2460/1521 1898/2393/1402 1897/2392/1819
f 2006/2462/1523 1893/2465/1403 1898/2393/1402
f 2019/211/1858 1954/2395/1443 2024/2466/1533
f 1954/2395/1443 2023/2467/1859 2024/2466/1533
f 1953/2396/1446 2022/2468/1535 2023/2467/1859
f 2022/2469/1535 1951/2399/1450 2021/2470/1536
f 2021/2470/1536 1950/2400/1822 2020/2471/1537
f 2020/2471/1537 1948/2401/1391 2018/2472/1538
f 2025/228/1548 2045/2473/1860 2040/235/76
f 2045/2473/1860 2028/2474/1861 2044/2475/1862
f 2028/2474/1861 2043/2476/1863 2044/2475/1862
f 2043/2477/1863 2030/2478/1552 2042/2479/1864
f 2042/2479/1864 2031/2480/1553 2041/2481/1865
f 2031/2480/1553 2039/2482/1538 2041/2481/1865
f 2019/211/1858 2027/2483/1866 2025/228/1548
f 2024/2466/1533 2028/2474/1861 2027/2483/1866
f 2023/2467/1859 2029/2484/1867 2028/2474/1861
f 2029/2485/1867 2021/2470/1536 2030/2478/1552
f 2030/2478/1552 2020/2471/1537 2031/2480/1553
f 2020/2471/1537 2026/2486/1538 2031/2480/1553
f 2047/281/1868 2045/2473/1860 2052/2487/1869
f 2045/2473/1860 2051/2488/1870 2052/2487/1869
f 2044/2475/1862 2050/2489/1871 2051/2488/1870
f 2043/2477/1863 2049/2490/1546 2050/2491/1871
f 2049/2490/1546 2041/2481/1865 2048/2492/1547
f 2041/2481/1865 2046/2493/1538 2048/2492/1547
f 2054/238/1872 2052/2487/1869 2059/2494/1554
f 2052/2487/1869 2058/2495/1873 2059/2494/1554
f 2051/2488/1870 2057/2496/1874 2058/2495/1873
f 2050/2491/1871 2056/2497/1557 2057/2498/1874
f 2056/2497/1557 2048/2492/1547 2055/2499/1558
f 2048/2492/1547 2053/2500/1538 2055/2499/1558
f 2054/238/1872 2066/2501/1875 2061/240/1876
f 2066/2501/1875 2058/2495/1873 2065/2502/1877
f 2058/2495/1873 2064/2503/1878 2065/2502/1877
f 2057/2498/1874 2063/2504/1879 2064/2505/1878
f 2063/2504/1879 2055/2499/1558 2062/2506/1880
f 2055/2499/1558 2060/27/1538 2062/2506/1880
f 2061/240/1876 2073/2507/1564 2068/242/1881
f 2066/2501/1875 2072/2508/1882 2073/2507/1564
f 2065/2502/1877 2071/2509/1883 2072/2508/1882
f 2064/2505/1878 2070/2510/1570 2071/2511/1883
f 2063/2504/1879 2069/2512/1884 2070/2510/1570
f 2062/2506/1880 2067/2513/1538 2069/2512/1884
f 2068/242/1881 2080/2514/1885 2075/244/1886
f 2073/2507/1564 2079/2515/1576 2080/2514/1885
f 2072/2508/1882 2078/2516/1577 2079/2515/1576
f 2078/2517/1577 2070/2510/1570 2077/2518/1887
f 2070/2510/1570 2076/2519/1579 2077/2518/1887
f 2069/2512/1884 2074/2520/1559 2076/2519/1579
f 1990/225/1580 2083/2521/1888 1992/2436/1509
f 1992/2436/1509 2084/2522/1889 1993/2437/1842
f 1993/2437/1842 2085/2523/1890 1994/2524/1891
f 2085/2525/1890 1995/2439/1843 1994/2526/1891
f 1995/2439/1843 2087/2527/1585 1996/2441/1845
f 2087/2527/1585 1991/2528/1495 1996/2441/1845
f 2081/246/1892 2097/2529/1893 2083/2521/1888
f 2083/2521/1888 2098/2530/1894 2084/2522/1889
f 2098/2530/1894 2085/2523/1890 2084/2522/1889
f 2099/2531/1590 2086/2532/1895 2085/2525/1890
f 2086/2532/1895 2101/2533/1896 2087/2527/1585
f 2101/2533/1896 2082/2534/1495 2087/2527/1585
f 2088/251/1897 2097/2529/1893 2095/249/1898
f 2097/2529/1893 2091/2535/1899 2098/2530/1894
f 2091/2535/1899 2099/2536/1590 2098/2530/1894
f 2092/2537/1900 2100/2538/1901 2099/2531/1590
f 2093/2539/1902 2101/2533/1896 2100/2538/1901
f 2094/2540/1903 2096/2541/1495 2101/2533/1896
f 2102/253/1904 2090/2542/1905 2088/251/1897
f 2090/2542/1905 2105/2543/1906 2091/2535/1899
f 2091/2535/1899 2106/2544/1605 2092/2545/1900
f 2092/2537/1900 2107/2546/1607 2093/2539/1902
f 2093/2539/1902 2108/2547/1907 2094/2540/1903
f 2094/2540/1903 2103/2548/1609 2089/2549/1495
f 2116/2550/1908 2115/2551/1909 2110/260/1910
f 2115/2551/1909 2119/2552/1911 2114/2553/1912
f 2119/2554/1911 2113/2555/1913 2114/2556/1912
f 2113/2555/1913 2121/2557/1914 2112/2558/1606
f 2112/2558/1606 2122/2559/1915 2111/2560/1916
f 2111/2560/1916 2117/2561/1609 2109/2562/1609
f 2123/258/1612 2118/2563/1917 2116/255/1908
f 2125/2564/1611 2119/2565/1911 2118/2563/1917
f 2126/2566/1918 2120/2567/1919 2119/2554/1911
f 2127/2568/1616 2121/2557/1914 2120/2567/1919
f 2128/2569/1920 2122/2559/1915 2121/2557/1914
f 2129/2570/1921 2117/2561/1609 2122/2559/1915
f 2110/260/1910 2104/2571/1922 2102/253/1904
f 2115/2551/1909 2105/2543/1906 2104/2571/1922
f 2114/2553/1912 2106/2544/1605 2105/2543/1906
f 2113/2555/1913 2107/2546/1607 2106/2572/1605
f 2112/2558/1606 2108/2547/1907 2107/2546/1607
f 2111/2560/1916 2103/2548/1609 2108/2547/1907
f 2144/269/1923 2125/2564/1611 2123/258/1612
f 2125/2564/1611 2147/2573/1924 2126/2574/1918
f 2126/2574/1918 2148/2575/1925 2127/2576/1616
f 2148/2577/1925 2128/2569/1920 2127/2568/1616
f 2128/2569/1920 2150/2578/1926 2129/2570/1921
f 2129/2570/1921 2145/2579/1609 2124/2580/1609
f 2137/265/1927 2146/2581/1928 2144/269/1923
f 2146/2581/1928 2140/2582/1735 2147/2573/1924
f 2147/2573/1924 2141/2583/1929 2148/2575/1925
f 2141/2584/1929 2149/2585/1930 2148/2577/1925
f 2142/2586/1931 2150/2578/1926 2149/2585/1930
f 2150/2578/1926 2138/2587/1609 2145/2579/1609
f 2130/268/1932 2157/2588/1933 2152/262/1934
f 2132/2589/1935 2156/2590/1936 2157/2588/1933
f 2133/2591/1937 2155/2592/1634 2156/2590/1936
f 2134/2593/1938 2154/2594/1939 2155/2595/1634
f 2154/2594/1939 2136/2596/1637 2153/2597/1940
f 2136/2596/1637 2151/2598/1639 2153/2597/1940
f 2130/268/1932 2167/2599/1941 2132/2589/1935
f 2167/2599/1941 2133/2591/1937 2132/2589/1935
f 2168/2600/1942 2134/2593/1938 2133/2601/1937
f 2134/2593/1938 2170/2602/1943 2135/2603/1944
f 2135/2603/1944 2171/2604/1945 2136/2596/1637
f 2136/2596/1637 2166/2605/1639 2131/2606/1639
f 2158/271/1946 2178/2607/1947 2173/284/1662
f 2178/2607/1947 2161/2608/1650 2177/2609/1660
f 2161/2608/1650 2176/2610/1948 2177/2609/1660
f 2176/2611/1948 2163/2612/1949 2175/2613/1950
f 2163/2612/1949 2174/2614/1657 2175/2613/1950
f 2174/2614/1657 2159/2615/1951 2172/2616/1538
f 2173/284/1662 2167/2617/1941 2165/278/107
f 2178/2607/1947 2168/2618/1942 2167/2617/1941
f 2168/2600/1942 2176/2611/1948 2169/2619/1952
f 2176/2611/1948 2170/2602/1943 2169/2619/1952
f 2175/2613/1950 2171/2604/1945 2170/2602/1943
f 2174/2614/1657 2166/2605/1639 2171/2604/1945
f 2179/280/1953 2192/2620/1648 2187/274/1954
f 2181/2621/1955 2191/2622/1956 2192/2620/1648
f 2191/2622/1956 2183/2623/1957 2190/2624/1958
f 2183/2625/1957 2189/2626/1959 2190/2627/1958
f 2184/2628/1960 2188/2629/1961 2189/2626/1959
f 2185/2630/1962 2186/2631/1639 2188/2629/1961
f 2187/274/1954 2160/2632/1963 2158/271/1946
f 2160/2632/1963 2191/2622/1956 2161/2608/1650
f 2191/2622/1956 2162/2633/1964 2161/2608/1650
f 2190/2627/1958 2163/2612/1949 2162/2634/1964
f 2163/2612/1949 2188/2629/1961 2164/2635/1965
f 2188/2629/1961 2159/2615/1951 2164/2635/1965
f 2075/244/1886 2038/2636/1966 2033/233/1967
f 2038/2636/1966 2079/2515/1576 2037/2637/1670
f 2037/2637/1670 2078/2516/1577 2036/2638/1671
f 2078/2517/1577 2035/2639/1968 2036/2640/1671
f 2077/2518/1887 2034/2641/1969 2035/2639/1968
f 2034/2641/1969 2074/2520/1559 2032/2642/1538
f 2033/233/1967 2181/2621/1955 2179/280/1953
f 2038/2636/1966 2182/2643/1970 2181/2621/1955
f 2037/2637/1670 2183/2623/1957 2182/2643/1970
f 2183/2625/1957 2035/2639/1968 2184/2628/1960
f 2035/2639/1968 2185/2630/1962 2184/2628/1960
f 2034/2641/1969 2180/2644/1639 2185/2630/1962
f 2193/283/1971 2213/2645/1727 2208/276/1972
f 2213/2645/1727 2196/2646/1973 2212/2647/1974
f 2212/2647/1974 2197/2648/1975 2211/2649/1730
f 2211/2650/1730 2198/2651/1718 2210/2652/1976
f 2210/2652/1976 2199/2653/1719 2209/2654/1977
f 2209/2654/1977 2194/2655/1698 2207/2656/1698
f 2222/292/1744 2157/2588/1933 2227/2657/1978
f 2227/2657/1978 2156/2590/1936 2226/2658/1979
f 2156/2590/1936 2225/2659/1980 2226/2658/1979
f 2155/2595/1634 2224/2660/1749 2225/2661/1980
f 2224/2660/1749 2153/2597/1940 2223/2662/1981
f 2223/2662/1981 2151/2598/1639 2221/2663/1639
f 2235/302/1982 2234/2664/1983 2229/291/1984
f 2237/2665/1985 2233/2666/1986 2234/2664/1983
f 2238/2667/1987 2232/2668/1988 2233/2666/1986
f 2239/2669/1989 2231/2670/1990 2232/2671/1988
f 2240/2672/1991 2230/2673/1992 2231/2670/1990
f 2241/2674/1993 2228/2675/1639 2230/2673/1992
f 2243/286/1994 2234/2664/1983 2248/2676/1995
f 2248/2676/1995 2233/2666/1986 2247/2677/1996
f 2247/2677/1996 2232/2668/1988 2246/2678/1997
f 2246/2679/1997 2231/2670/1990 2245/2680/1998
f 2245/2680/1998 2230/2673/1992 2244/2681/1999
f 2244/2681/1999 2228/2675/1639 2242/2682/1698
f 2235/302/1982 2227/2657/1978 2237/2665/1985
f 2227/2657/1978 2238/2667/1987 2237/2665/1985
f 2226/2658/1979 2239/2683/1989 2238/2667/1987
f 2225/2661/1980 2240/2672/1991 2239/2669/1989
f 2224/2660/1749 2241/2674/1993 2240/2672/1991
f 2223/2662/1981 2236/2684/1698 2241/2674/1993
f 2208/276/1972 2139/2685/2000 2137/265/1927
f 2139/2685/2000 2212/2647/1974 2140/2582/1735
f 2140/2582/1735 2211/2649/1730 2141/2583/1929
f 2141/2584/1929 2210/2652/1976 2142/2586/1931
f 2142/2586/1931 2209/2654/1977 2143/2686/2001
f 2143/2686/2001 2207/2656/1698 2138/2587/1609
f 2200/294/2002 2255/2687/1688 2250/301/2003
f 2255/2687/1688 2203/2688/2004 2254/2689/2005
f 2254/2689/2005 2204/2690/2006 2253/2691/2007
f 2253/2692/2007 2205/2693/2008 2252/2694/2009
f 2252/2694/2009 2206/2695/2010 2251/2696/2011
f 2251/2696/2011 2201/2697/1698 2249/2698/1698
f 2243/286/1994 2262/2699/1700 2257/288/2012
f 2262/2699/1700 2247/2677/1996 2261/2700/2013
f 2261/2700/2013 2246/2678/1997 2260/2701/1701
f 2260/2702/1701 2245/2680/1998 2259/2703/1702
f 2259/2703/1702 2244/2681/1999 2258/2704/1703
f 2258/2704/1703 2242/2682/1698 2256/2705/1698
f 2200/294/2002 2262/2699/1700 2202/2706/2014
f 2262/2699/1700 2203/2688/2004 2202/2706/2014
f 2261/2700/2013 2204/2690/2006 2203/2688/2004
f 2260/2702/1701 2205/2693/2008 2204/2707/2006
f 2259/2703/1702 2206/2695/2010 2205/2693/2008
f 2258/2704/1703 2201/2697/1698 2206/2695/2010
f 2214/300/1708 2195/2708/2015 2193/283/1971
f 2216/2709/2016 2196/2646/1973 2195/2708/2015
f 2217/2710/2017 2197/2648/1975 2196/2646/1973
f 2218/2711/2018 2198/2651/1718 2197/2712/1975
f 2219/2713/2019 2199/2653/1719 2198/2651/1718
f 2220/2714/2020 2194/2655/1698 2199/2653/1719
f 2250/301/2003 2216/2709/2016 2214/300/1708
f 2255/2687/1688 2217/2710/2017 2216/2709/2016
f 2254/2689/2005 2218/2715/2018 2217/2710/2017
f 2253/2692/2007 2219/2713/2019 2218/2711/2018
f 2252/2694/2009 2220/2714/2020 2219/2713/2019
f 2251/2696/2011 2215/2716/1698 2220/2714/2020
f 2271/304/2021 2279/2717/2022 2276/2718/2023
f 2276/2718/2023 2280/2719/2024 2275/2720/2025
f 2275/2720/2025 2281/2721/2026 2274/2722/2027
f 2274/2723/2027 2282/2724/2028 2273/2725/2029
f 2273/2725/2029 2283/2726/2030 2272/2727/2031
f 2272/2727/2031 2278/2728/2032 2270/2729/16
f 2264/297/2033 2286/2730/2034 2269/2731/2035
f 2269/2731/2035 2287/2732/2036 2268/2733/2037
f 2268/2733/2037 2288/2734/2038 2267/2735/2039
f 2267/2736/2039 2289/2737/2040 2266/2738/2041
f 2266/2738/2041 2290/2739/2042 2265/2740/2043
f 2265/2740/2043 2285/2741/16 2263/2742/16
f 2292/322/2044 2300/2743/2045 2297/2744/2046
f 2297/2744/2046 2301/2745/2047 2296/2746/2048
f 2296/2746/2048 2302/2747/2049 2295/2748/2050
f 2295/2749/2050 2303/2750/2051 2294/2751/2052
f 2294/2751/2052 2304/2752/2053 2293/2753/2054
f 2293/2753/2054 2299/2754/16 2291/2755/16
f 2264/297/2033 2300/2743/2045 2298/306/176
f 2269/2731/2035 2301/2745/2047 2300/2743/2045
f 2268/2733/2037 2302/2747/2049 2301/2745/2047
f 2267/2736/2039 2303/2750/2051 2302/2756/2049
f 2266/2738/2041 2304/2752/2053 2303/2750/2051
f 2265/2740/2043 2299/2754/16 2304/2752/2053
f 2313/327/2055 2307/2757/2056 2318/2758/2057
f 2318/2758/2057 2308/2759/2058 2317/2760/2059
f 2317/2760/2059 2309/2761/2060 2316/2762/2061
f 2316/2763/2061 2310/2764/2062 2315/2765/2063
f 2315/2765/2063 2311/2766/2064 2314/2767/2065
f 2314/2767/2065 2306/2768/16 2312/2769/16
f 2305/313/2066 2335/2770/2067 2307/2757/2056
f 2307/2757/2056 2336/2771/2068 2308/2759/2058
f 2308/2759/2058 2337/2772/2069 2309/2761/2060
f 2309/2773/2060 2338/2774/2070 2310/2764/2062
f 2310/2764/2062 2339/2775/2071 2311/2766/2064
f 2311/2766/2064 2334/2776/16 2306/2768/16
f 2271/304/2021 2335/2770/2067 2333/305/2072
f 2276/2718/2023 2336/2771/2068 2335/2770/2067
f 2275/2720/2025 2337/2772/2069 2336/2771/2068
f 2274/2723/2027 2338/2774/2070 2337/2777/2069
f 2273/2725/2029 2339/2775/2071 2338/2774/2070
f 2272/2727/2031 2334/2776/16 2339/2775/2071
f 2327/323/2073 2321/2778/2074 2332/2779/2075
f 2332/2779/2075 2322/2780/2076 2331/2781/2077
f 2331/2781/2077 2323/2782/2078 2330/2783/2079
f 2330/2784/2079 2324/2785/2080 2329/2786/2081
f 2329/2786/2081 2325/2787/2082 2328/2788/2083
f 2328/2788/2083 2320/2789/16 2326/2790/16
f 2327/323/2073 2286/2730/2034 2284/318/2084
f 2332/2779/2075 2287/2732/2036 2286/2730/2034
f 2331/2781/2077 2288/2734/2038 2287/2732/2036
f 2330/2784/2079 2289/2737/2040 2288/2791/2038
f 2329/2786/2081 2290/2739/2042 2289/2737/2040
f 2328/2788/2083 2285/2741/16 2290/2739/2042
f 2312/2769/16 2325/2787/2082 2314/2767/2065
f 2314/2767/2065 2324/2785/2080 2315/2765/2063
f 2315/2765/2063 2323/2792/2078 2316/2763/2061
f 2316/2762/2061 2322/2780/2076 2317/2760/2059
f 2317/2760/2059 2321/2778/2074 2318/2758/2057
f 2318/2758/2057 2319/315/2085 2313/327/2055
f 2340/324/2086 2353/2793/2087 2348/320/2088
f 2342/2794/2089 2352/2795/2090 2353/2793/2087
f 2343/2796/2091 2351/2797/2092 2352/2795/2090
f 2344/2798/2093 2350/2799/2094 2351/2800/2092
f 2345/2801/2095 2349/2802/2096 2350/2799/2094
f 2346/2803/2097 2347/354/16 2349/2802/2096
f 2354/309/2098 2342/2794/2089 2340/324/2086
f 2356/2804/2099 2343/2796/2091 2342/2794/2089
f 2357/2805/2100 2344/2806/2093 2343/2796/2091
f 2358/2807/2101 2345/2801/2095 2344/2798/2093
f 2359/2808/2102 2346/2803/2097 2345/2801/2095
f 2360/2809/2103 2341/355/16 2346/2803/2097
f 2354/309/2098 2297/2744/2046 2356/2804/2099
f 2356/2804/2099 2296/2746/2048 2357/2805/2100
f 2357/2805/2100 2295/2748/2050 2358/2810/2101
f 2358/2807/2101 2294/2751/2052 2359/2808/2102
f 2359/2808/2102 2293/2753/2054 2360/2809/2103
f 2360/2809/2103 2291/2755/16 2355/2811/16
f 2348/320/2088 2367/2812/2104 2362/325/2105
f 2353/2793/2087 2366/2813/2106 2367/2812/2104
f 2352/2795/2090 2365/2814/2107 2366/2813/2106
f 2351/2800/2092 2364/2815/2108 2365/2816/2107
f 2350/2799/2094 2363/2817/2109 2364/2815/2108
f 2349/2802/2096 2361/2818/1538 2363/2817/2109
f 2376/333/2110 2370/2819/2111 2381/2820/2112
f 2381/2820/2112 2371/2821/2113 2380/2822/2114
f 2380/2822/2114 2372/2823/2115 2379/2824/2116
f 2379/2825/2116 2373/2826/2117 2378/2827/2118
f 2378/2827/2118 2374/2828/2119 2377/2829/2120
f 2377/2829/2120 2369/2830/16 2375/2831/1538
f 2368/328/2121 2367/2812/2104 2370/2819/2111
f 2370/2819/2111 2366/2813/2106 2371/2821/2113
f 2371/2821/2113 2365/2814/2107 2372/2823/2115
f 2372/2832/2115 2364/2815/2108 2373/2826/2117
f 2373/2826/2117 2363/2817/2109 2374/2828/2119
f 2374/2828/2119 2361/2818/1538 2369/2830/16
f 2376/333/2110 2388/2833/2122 2383/331/2123
f 2388/2833/2122 2380/2822/2114 2387/2834/2124
f 2387/2834/2124 2379/2824/2116 2386/2835/2125
f 2386/2836/2125 2378/2827/2118 2385/2837/2126
f 2385/2837/2126 2377/2829/2120 2384/2838/2127
f 2384/2838/2127 2375/2831/1538 2382/2839/16
f 2383/331/2123 2395/2840/2128 2390/334/2129
f 2388/2833/2122 2394/2841/2130 2395/2840/2128
f 2387/2834/2124 2393/2842/2131 2394/2841/2130
f 2386/2836/2125 2392/2843/2132 2393/2844/2131
f 2385/2837/2126 2391/2845/2133 2392/2843/2132
f 2384/2838/2127 2389/2846/1538 2391/2845/2133
f 2397/336/2134 2395/2840/2128 2402/2847/2135
f 2402/2847/2135 2394/2841/2130 2401/2848/2136
f 2401/2849/2136 2393/2844/2131 2400/2850/2137
f 2400/2850/2137 2392/2843/2132 2399/2851/2138
f 2399/2851/2138 2391/2845/2133 2398/2852/2139
f 2398/2852/2139 2389/2846/1538 2396/2853/16
f 2278/2728/2032 1302/596/422 1288/598/424
f 2283/2726/2030 1303/599/425 1302/596/422
f 2282/2724/2028 1304/601/427 1303/599/425
f 2281/2721/2026 1320/618/440 1304/622/427
f 2280/2719/2024 1316/612/435 1320/618/440
f 2279/2717/2022 1289/613/436 1316/612/435
f 2403/2854/1403 2398/2852/2139 2396/2853/16
f 2405/2855/2140 2399/2851/2138 2398/2852/2139
f 2406/2856/2141 2400/2850/2137 2399/2851/2138
f 2407/2857/2142 2401/2849/2136 2400/2850/2137
f 2408/2858/2143 2402/2859/2135 2401/2860/2136
f 2409/2861/2144 2397/2862/2134 2402/2859/2135
f 2417/2863/2145 2405/2855/2140 2403/2854/1403
f 2419/2864/2146 2406/2856/2141 2405/2855/2140
f 2420/2865/2147 2407/2857/2142 2406/2856/2141
f 2421/2866/2148 2408/2867/2143 2407/2868/2142
f 2422/2869/2149 2409/2870/2144 2408/2867/2143
f 2423/2871/2150 2404/2872/2151 2409/2870/2144
f 2417/2863/2145 2412/2873/2152 2419/2864/2146
f 2419/2864/2146 2413/2874/2153 2420/2865/2147
f 2420/2865/2147 2414/2875/2154 2421/2876/2148
f 2421/2866/2148 2415/2877/2155 2422/2869/2149
f 2422/2869/2149 2416/2878/2156 2423/2871/2150
f 2423/2871/2150 2411/347/2157 2418/345/210
f 1361/2879/16 2412/2873/2152 2410/2880/16
f 1363/2881/2158 2413/2874/2153 2412/2873/2152
f 1364/2882/2159 2414/2875/2154 2413/2874/2153
f 1365/2883/2160 2415/2877/2155 2414/2884/2154
f 1366/2885/2161 2416/2878/2156 2415/2877/2155
f 2416/2878/2156 1362/359/2162 2411/347/2157
f 2431/20/2163 1363/2881/2158 1361/2879/16
f 2432/2886/2164 1364/2882/2159 1363/2881/2158
f 2433/2887/2165 1365/2888/2160 1364/2882/2159
f 2434/2889/2166 1366/2885/2161 1365/2883/2160
f 1366/2885/2161 2435/2890/2167 2436/2891/2168
f 2431/20/2163 2462/684/497 2432/2886/2164
f 2432/2886/2164 2466/691/504 2433/2887/2165
f 2433/2887/2165 2449/695/486 2434/2892/2166
f 2434/2889/2166 2448/671/484 2435/2890/2167
f 2435/2890/2167 2447/669/481 2436/2893/2168
f 2436/2893/2168 2444/357/483 1362/2894/2162
f 2437/2895/2169 2459/683/496 2445/685/498
f 2439/2896/2170 2460/688/501 2459/683/496
f 2440/2897/2171 2461/2898/517 2460/688/501
f 2441/2899/2172 2477/2900/514 2461/2901/517
f 2442/2902/2173 2473/2903/509 2477/2900/514
f 2443/2904/2174 2446/2905/510 2473/2903/509
f 2424/2906/2175 2439/2896/2170 2437/2895/2169
f 2426/2907/2176 2440/2897/2171 2439/2896/2170
f 2427/2908/2177 2441/2909/2172 2440/2897/2171
f 2428/2910/2178 2442/2902/2173 2441/2899/2172
f 2429/2911/2179 2443/2904/2174 2442/2902/2173
f 2430/2912/2180 2438/353/2181 2443/2904/2174
f 1326/19/472 2426/2907/2176 2424/2906/2175
f 1353/656/474 2427/2908/2177 2426/2907/2176
f 1357/662/479 2428/2913/2178 2427/2908/2177
f 2428/2910/2178 1340/643/462 2429/2911/2179
f 2429/2911/2179 1339/641/459 2430/2912/2180
f 2430/2912/2180 1325/16/461 2425/350/2182
f 1250/536/370 22/364/225 19/361/222
f 1256/538/372 23/366/227 22/364/225
f 1260/544/378 24/2914/248 23/366/227
f 1278/573/382 41/382/244 24/386/248
f 41/382/244 1276/568/397 37/377/238
f 1276/568/397 20/1/239 37/377/238
f 1287/2/409 59/406/259 56/3/261
f 1293/583/408 60/408/262 59/406/259
f 1297/588/414 61/410/264 60/408/262
f 1315/616/418 78/426/281 61/430/264
f 1314/614/437 74/421/275 78/426/281
f 1313/611/434 57/34/276 74/421/275
f 1325/16/461 119/478/323 95/17/325
f 1342/642/460 120/480/326 119/478/323
f 1346/647/466 121/482/308 120/480/326
f 1329/2915/470 103/457/304 121/461/308
f 1328/631/449 99/451/298 103/457/304
f 1327/629/447 93/449/296 99/451/298
f 2444/357/483 1216/492/333 1213/358/335
f 2450/670/482 1217/494/336 1216/492/333
f 2454/675/488 1218/496/338 1217/494/336
f 2472/679/492 1235/514/355 1218/496/338
f 2471/702/511 1231/507/349 1235/514/355
f 2470/2916/508 1214/352/350 1231/2917/349
f 93/449/2183 1250/536/2184 19/361/2185
f 20/1/1 1252/570/2186 1287/2/2
f 509/1086/4 8/2918/4 4/4/4
f 6/5/4 3/343/4 970/1588/4
f 6/5/4 970/1588/4 1020/1590/4
f 613/1084/4 509/1086/4 4/4/4
f 677/1234/4 613/1084/4 4/4/4
f 6/5/4 1020/1590/4 984/1616/4
f 6/5/4 984/1616/4 963/1546/4
f 670/1227/4 677/1234/4 4/4/4
f 600/1185/4 670/1227/4 4/4/4
f 6/5/4 963/1546/4 978/1548/4
f 6/5/4 978/1548/4 907/1481/4
f 620/1183/4 600/1185/4 4/4/4
f 712/1277/4 620/1183/4 4/4/4
f 6/5/4 907/1481/4 914/1472/4
f 6/5/4 914/1472/4 893/1473/4
f 635/1251/4 712/1277/4 4/4/4
f 697/1268/4 635/1251/4 4/4/4
f 6/5/4 893/1473/4 886/1451/4
f 6/5/4 886/1451/4 880/1453/4
f 655/1285/4 697/1268/4 4/4/4
f 662/1284/4 655/1285/4 4/4/4
f 6/5/4 880/1453/4 872/1442/4
f 6/5/4 872/1442/4 858/1435/4
f 775/1359/4 662/1284/4 4/4/4
f 782/1351/4 775/1359/4 4/4/4
f 6/5/4 858/1435/4 865/1436/4
f 6/5/4 865/1436/4 851/1428/4
f 768/1344/4 782/1351/4 4/4/4
f 754/1332/4 768/1344/4 4/4/4
f 6/5/4 851/1428/4 760/1338/4
f 6/5/4 760/1338/4 732/1325/4
f 740/1314/4 754/1332/4 4/4/4
f 6/5/4 732/1325/4 746/6/4
f 746/6/4 740/1314/4 4/4/4
f 207/7/5 1438/76/49 1382/8/6
f 151/9/7 1382/8/6 1367/10/8
f 508/12/10 1739/149/118 1753/13/11
f 1194/15/13 2425/350/215 1325/16/14
f 2431/20/16 1361/2879/16 15/23/16
f 2431/20/16 15/23/16 12/2919/16
f 2437/2895/16 2445/685/16 2431/20/16
f 1326/19/16 2424/2906/2187 2437/2895/16
f 10/28/16 11/26/16 1326/19/16
f 2431/20/16 12/2919/16 18/18/16
f 18/18/16 10/28/16 1326/19/16
f 1326/19/16 2437/2895/16 2431/20/16
f 13/29/16 17/2920/16 1738/2195/16
f 13/29/16 1738/2195/16 1844/2194/16
f 2201/2697/16 12/2919/16 15/23/16
f 2249/2698/16 2201/2697/16 15/23/16
f 13/29/16 1844/2194/16 1906/2339/16
f 13/29/16 1906/2339/16 1899/2332/16
f 2215/2716/16 2249/2698/16 15/23/16
f 2194/2655/16 2215/2716/16 15/23/16
f 13/29/16 1899/2332/16 1829/2294/16
f 13/29/16 1829/2294/16 1851/2293/16
f 2207/2656/16 2194/2655/16 15/23/16
f 2138/2587/16 2207/2656/16 15/23/16
f 13/29/16 1851/2293/16 1941/2386/16
f 13/29/16 1941/2386/16 1864/2361/16
f 2145/2579/16 2138/2587/16 15/23/16
f 2124/2580/16 2145/2579/16 15/23/16
f 13/29/16 1864/2361/16 1928/2378/16
f 13/29/16 1928/2378/16 1886/2394/16
f 2117/2561/16 2124/2580/16 15/23/16
f 2109/2562/16 2117/2561/16 15/23/16
f 13/29/16 1886/2394/16 1893/2465/16
f 13/29/16 1893/2465/16 2004/2463/16
f 2103/2548/16 2109/2562/16 15/23/16
f 2089/2549/16 2103/2548/16 15/23/16
f 13/29/16 2004/2463/16 2011/2456/16
f 13/29/16 2011/2456/16 1997/2449/16
f 2096/2541/16 2089/2549/16 15/23/16
f 2082/2534/16 2096/2541/16 15/23/16
f 13/29/16 1997/2449/16 1983/2435/16
f 13/29/16 1983/2435/16 1969/21/16
f 1991/2528/16 2082/2534/16 15/23/16
f 1963/2442/16 1991/2528/16 15/23/16
f 15/23/16 13/29/16 1969/21/16
f 1977/22/16 1963/2442/16 15/23/16
f 10/28/16 17/2920/16 1760/2221/16
f 10/28/16 1760/2221/16 1767/2220/16
f 1374/2921/16 16/2922/16 11/26/16
f 1395/1828/16 1374/2921/16 11/26/16
f 10/28/16 1767/2220/16 1774/2227/16
f 10/28/16 1774/2227/16 1788/2269/16
f 1486/1835/16 1395/1828/16 11/26/16
f 1479/1925/16 1486/1835/16 11/26/16
f 10/28/16 1788/2269/16 1816/2276/16
f 10/28/16 1816/2276/16 1823/2282/16
f 1451/1932/16 1479/1925/16 11/26/16
f 1508/1957/16 1451/1932/16 11/26/16
f 10/28/16 1823/2282/16 1696/2136/16
f 10/28/16 1696/2136/16 1683/2135/16
f 1424/1955/16 1508/1957/16 11/26/16
f 1403/1845/16 1424/1955/16 11/26/16
f 10/28/16 1683/2135/16 1690/2157/16
f 10/28/16 1690/2157/16 1711/2159/16
f 1409/1846/16 1403/1845/16 11/26/16
f 1466/1913/16 1409/1846/16 11/26/16
f 10/28/16 1711/2159/16 1717/2156/16
f 10/28/16 1717/2156/16 1704/2173/16
f 1472/1914/16 1466/1913/16 11/26/16
f 1577/2020/16 1472/1914/16 11/26/16
f 10/28/16 1704/2173/16 1725/2183/16
f 10/28/16 1725/2183/16 1731/2180/16
f 1570/2038/16 1577/2020/16 11/26/16
f 1592/2030/16 1570/2038/16 11/26/16
f 10/28/16 1731/2180/16 1619/2067/16
f 10/28/16 1619/2067/16 1612/24/16
f 1584/2031/16 1592/2030/16 11/26/16
f 1598/2045/16 1584/2031/16 11/26/16
f 11/26/16 10/28/16 1612/24/16
f 1606/25/16 1598/2045/16 11/26/16
f 18/18/16 12/2919/16 2201/2697/16
f 18/18/16 2201/2697/16 2256/2705/16
f 1738/2195/16 17/2920/16 10/28/16
f 1752/2202/16 1738/2195/16 10/28/16
f 18/18/16 2256/2705/16 2242/2682/16
f 18/18/16 2242/2682/16 2228/2675/16
f 1857/2313/16 1752/2202/16 10/28/16
f 1914/2923/16 1857/2313/16 10/28/16
f 18/18/16 2228/2675/16 2236/2684/16
f 18/18/16 2236/2684/16 2221/2663/16
f 1934/2349/16 1914/2923/16 10/28/16
f 1956/2410/16 1934/2349/16 10/28/16
f 18/18/16 2221/2663/16 2151/2598/16
f 18/18/16 2151/2598/16 2131/2606/16
f 1872/2408/16 1956/2410/16 10/28/16
f 1836/2306/16 1872/2408/16 10/28/16
f 18/18/16 2131/2606/16 2166/2605/16
f 18/18/16 2166/2605/16 2172/2616/16
f 1879/2324/16 1836/2306/16 10/28/16
f 1920/2325/16 1879/2324/16 10/28/16
f 18/18/16 2172/2616/16 2159/2615/16
f 18/18/16 2159/2615/16 2186/2631/16
f 1948/2401/16 1920/2325/16 10/28/16
f 2018/2472/16 1948/2401/16 10/28/16
f 18/18/16 2186/2631/16 2180/2644/16
f 18/18/16 2180/2644/16 2032/2642/16
f 2026/2486/16 2018/2472/16 10/28/16
f 2039/2482/16 2026/2486/16 10/28/16
f 18/18/16 2032/2642/16 2074/2520/16
f 18/18/16 2074/2520/16 2067/2513/16
f 2046/2493/16 2039/2482/16 10/28/16
f 2053/2500/16 2046/2493/16 10/28/16
f 18/18/16 2067/2513/16 2060/27/16
f 2060/27/16 2053/2500/16 10/28/16
f 1760/2221/16 17/2920/16 13/29/16
f 14/30/16 16/2922/16 1374/2921/16
f 14/30/16 1374/2921/16 1368/1810/16
f 1745/2214/16 1760/2221/16 13/29/16
f 1780/2234/16 1745/2214/16 13/29/16
f 14/30/16 1368/1810/16 1381/1896/16
f 14/30/16 1381/1896/16 1437/1889/16
f 1801/2241/16 1780/2234/16 13/29/16
f 1794/2256/16 1801/2241/16 13/29/16
f 14/30/16 1437/1889/16 1445/1888/16
f 14/30/16 1445/1888/16 1459/1902/16
f 1808/2263/16 1794/2256/16 13/29/16
f 1669/2111/16 1808/2263/16 13/29/16
f 14/30/16 1459/1902/16 1388/1877/16
f 14/30/16 1388/1877/16 1431/1876/16
f 1661/2112/16 1669/2111/16 13/29/16
f 1675/2119/16 1661/2112/16 13/29/16
f 14/30/16 1431/1876/16 1494/1941/16
f 14/30/16 1494/1941/16 1500/1857/16
f 1648/2097/16 1675/2119/16 13/29/16
f 1654/2098/16 1648/2097/16 13/29/16
f 14/30/16 1500/1857/16 1417/2013/16
f 14/30/16 1417/2013/16 1563/2001/16
f 1641/2101/16 1654/2098/16 13/29/16
f 1634/2087/16 1641/2101/16 13/29/16
f 14/30/16 1563/2001/16 1557/2000/16
f 14/30/16 1557/2000/16 1549/2008/16
f 1627/2081/16 1634/2087/16 13/29/16
f 1536/1988/16 1627/2081/16 13/29/16
f 14/30/16 1549/2008/16 1542/1981/16
f 14/30/16 1542/1981/16 1514/1968/16
f 1529/1989/16 1536/1988/16 13/29/16
f 14/30/16 1514/1968/16 1522/31/16
f 1522/31/16 1529/1989/16 13/29/16
f 1034/1633/4 1068/1644/2188 1062/1646/4
f 1103/1671/4 1075/1658/4 1083/1660/4
f 58/436/4 1047/1618/4 1041/1620/4
f 1041/1620/4 1103/1671/4 1083/1660/4
f 1041/1620/4 1083/1660/4 1089/1679/4
f 21/390/4 58/436/4 1041/1620/4
f 2/41/4 94/342/4 21/390/4
f 7/2924/4 2/41/4 21/390/4
f 21/390/4 1041/1620/4 1089/1679/4
f 21/390/4 1089/1679/4 1097/1681/4
f 5/39/4 7/2924/4 21/390/4
f 5/39/4 21/390/4 1097/1681/4
f 5/39/4 1097/1681/4 1054/1631/4
f 4/4/4 5/39/4 1054/1631/4
f 4/4/4 1054/1631/4 1034/1633/4
f 1181/1785/4 131/1784/4 6/5/4
f 1174/1762/4 1188/1771/4 1181/1785/4
f 1167/1749/4 1174/1762/4 1181/1785/4
f 6/5/4 4/4/4 1034/1633/4
f 6/5/4 1034/1633/4 1062/1646/4
f 1167/1749/4 1181/1785/4 6/5/4
f 1160/1741/4 1167/1749/4 6/5/4
f 6/5/4 1062/1646/4 1124/1713/4
f 6/5/4 1124/1713/4 1110/1706/4
f 1153/1735/4 1160/1741/4 6/5/4
f 1146/1722/4 1153/1735/4 6/5/4
f 6/5/4 1110/1706/4 1118/1694/4
f 6/5/4 1118/1694/4 1132/32/4
f 1138/33/4 1146/1722/4 6/5/4
f 57/34/17 1289/613/2189 2277/35/18
f 4/4/4 8/2918/4 529/1116/4
f 4/4/4 529/1116/4 516/1104/4
f 145/2925/4 7/2924/4 5/39/4
f 137/721/4 145/2925/4 5/39/4
f 4/4/4 516/1104/4 551/1130/4
f 4/4/4 551/1130/4 572/1137/4
f 152/791/4 137/721/4 5/39/4
f 208/780/4 152/791/4 5/39/4
f 4/4/4 572/1137/4 565/1152/4
f 4/4/4 565/1152/4 579/1159/4
f 214/798/4 208/780/4 5/39/4
f 228/847/4 214/798/4 5/39/4
f 4/4/4 579/1159/4 438/1178/4
f 4/4/4 438/1178/4 432/1002/4
f 159/770/4 228/847/4 5/39/4
f 200/768/4 159/770/4 5/39/4
f 4/4/4 432/1002/4 446/1014/4
f 4/4/4 446/1014/4 417/1025/4
f 263/836/4 200/768/4 5/39/4
f 271/752/4 263/836/4 5/39/4
f 4/4/4 417/1025/4 425/989/4
f 4/4/4 425/989/4 410/981/4
f 186/750/4 271/752/4 5/39/4
f 334/890/4 186/750/4 5/39/4
f 4/4/4 410/981/4 403/982/4
f 4/4/4 403/982/4 396/967/4
f 326/888/4 334/890/4 5/39/4
f 320/901/4 326/888/4 5/39/4
f 4/4/4 396/967/4 305/968/4
f 4/4/4 305/968/4 298/37/4
f 313/877/4 320/901/4 5/39/4
f 285/859/4 313/877/4 5/39/4
f 5/39/4 4/4/4 298/37/4
f 291/38/4 285/859/4 5/39/4
f 529/1116/4 8/2918/4 1/40/4
f 2/41/4 7/2924/4 145/2925/4
f 2/41/4 145/2925/4 166/722/4
f 536/1115/4 529/1116/4 1/40/4
f 543/1124/4 536/1115/4 1/40/4
f 2/41/4 166/722/4 257/731/4
f 2/41/4 257/731/4 250/823/4
f 557/1165/4 543/1124/4 1/40/4
f 585/1172/4 557/1165/4 1/40/4
f 2/41/4 250/823/4 222/830/4
f 2/41/4 222/830/4 277/856/4
f 592/1180/4 585/1172/4 1/40/4
f 467/1028/4 592/1180/4 1/40/4
f 2/41/4 277/856/4 193/849/4
f 2/41/4 193/849/4 172/738/4
f 452/1026/4 467/1028/4 1/40/4
f 459/1065/4 452/1026/4 1/40/4
f 2/41/4 172/738/4 180/740/4
f 2/41/4 180/740/4 235/806/4
f 480/1066/4 459/1065/4 1/40/4
f 488/1046/4 480/1066/4 1/40/4
f 2/41/4 235/806/4 243/808/4
f 2/41/4 243/808/4 348/913/4
f 473/1068/4 488/1046/4 1/40/4
f 494/1081/4 473/1068/4 1/40/4
f 2/41/4 348/913/4 341/931/4
f 2/41/4 341/931/4 361/919/4
f 502/1074/4 494/1081/4 1/40/4
f 390/961/4 502/1074/4 1/40/4
f 2/41/4 361/919/4 355/921/4
f 2/41/4 355/921/4 369/938/4
f 383/948/4 390/961/4 1/40/4
f 2/41/4 369/938/4 375/42/4
f 375/42/4 383/948/4 1/40/4
f 173/43/20 1402/47/24 1410/44/21
f 194/46/23 1423/99/71 1402/47/24
f 333/48/25 1564/98/70 1416/49/26
f 179/51/22 1410/1915/21 1465/52/28
f 158/54/30 1389/60/36 1458/55/31
f 229/56/32 1458/55/31 1444/57/33
f 201/59/35 1430/83/55 1389/60/36
f 144/61/10 1375/351/118 1396/62/11
f 249/64/37 1480/100/72 1452/65/38
f 242/67/40 1473/84/56 1578/68/41
f 187/50/27 1416/49/26 1501/70/43
f 270/71/44 1501/70/43 1493/72/45
f 221/66/39 1452/65/38 1507/74/47
f 215/58/34 1444/57/33 1438/76/49
f 292/77/50 1521/90/62 1515/78/51
f 165/63/12 1396/62/11 1487/80/53
f 264/82/46 1493/1933/45 1430/83/55
f 236/53/29 1465/52/28 1473/84/56
f 284/79/52 1515/78/51 1543/85/57
f 306/87/59 1535/92/64 1528/88/60
f 299/89/61 1528/88/60 1521/90/62
f 397/91/63 1626/147/117 1535/92/64
f 347/69/42 1578/68/41 1571/93/65
f 319/95/67 1550/115/87 1556/96/68
f 327/97/69 1556/96/68 1564/98/70
f 278/75/48 1507/74/47 1423/99/71
f 256/81/54 1487/80/53 1480/100/72
f 354/101/73 1585/108/80 1599/102/74
f 340/94/66 1571/93/65 1591/104/76
f 368/103/75 1599/102/74 1605/106/78
f 362/105/77 1591/104/76 1585/108/80
f 382/109/81 1613/112/84 1620/110/82
f 376/107/79 1605/106/78 1613/112/84
f 389/111/83 1620/110/82 1732/113/85
f 312/86/58 1543/85/57 1550/115/87
f 411/116/88 1640/120/92 1633/117/89
f 424/119/91 1655/124/96 1640/120/92
f 445/121/93 1676/2124/98 1647/122/94
f 418/123/95 1647/122/94 1655/124/96
f 431/125/97 1662/131/102 1676/126/98
f 578/128/99 1809/169/134 1668/129/100
f 439/130/101 1668/129/100 1662/131/102
f 460/132/103 1689/2137/107 1682/133/104
f 481/135/106 1710/146/116 1689/136/107
f 495/138/108 1724/144/114 1703/139/109
f 466/141/111 1697/175/137 1822/142/112
f 501/114/86 1732/113/85 1724/144/114
f 487/145/115 1718/176/138 1710/146/116
f 404/118/90 1633/117/89 1626/147/117
f 614/148/9 1843/198/8 1739/149/118
f 970/1588/4 3/343/4 9/150/4
f 1/40/4 8/2918/4 509/1086/4
f 1/40/4 509/1086/4 523/1097/4
f 1027/1602/4 970/1588/4 9/150/4
f 1013/1578/4 1027/1602/4 9/150/4
f 1/40/4 523/1097/4 628/1208/4
f 1/40/4 628/1208/4 683/2926/4
f 999/1565/4 1013/1578/4 9/150/4
f 1005/1584/4 999/1565/4 9/150/4
f 1/40/4 683/2926/4 705/1241/4
f 1/40/4 705/1241/4 725/1309/4
f 992/1559/4 1005/1584/4 9/150/4
f 922/1488/4 992/1559/4 9/150/4
f 1/40/4 725/1309/4 641/1302/4
f 1/40/4 641/1302/4 607/1195/4
f 900/1500/4 922/1488/4 9/150/4
f 935/1499/4 900/1500/4 9/150/4
f 1/40/4 607/1195/4 648/1214/4
f 1/40/4 648/1214/4 691/1216/4
f 943/1510/4 935/1499/4 9/150/4
f 928/1508/4 943/1510/4 9/150/4
f 1/40/4 691/1216/4 719/1294/4
f 1/40/4 719/1294/4 789/1367/4
f 957/1524/4 928/1508/4 9/150/4
f 949/1522/4 957/1524/4 9/150/4
f 1/40/4 789/1367/4 795/1373/4
f 1/40/4 795/1373/4 810/1375/4
f 803/1537/4 949/1522/4 9/150/4
f 845/1415/4 803/1537/4 9/150/4
f 1/40/4 810/1375/4 817/1388/4
f 1/40/4 817/1388/4 824/1394/4
f 838/1408/4 845/1415/4 9/150/4
f 1/40/4 824/1394/4 831/151/4
f 831/151/4 838/1408/4 9/150/4
f 530/152/119 1759/182/140 1746/153/120
f 515/154/121 1746/153/120 1781/155/122
f 544/157/124 1773/161/128 1766/158/125
f 558/160/127 1787/165/130 1773/161/128
f 522/14/12 1753/13/11 1858/162/53
f 586/164/129 1815/170/135 1787/165/130
f 550/156/123 1781/155/122 1802/166/131
f 564/168/133 1795/171/136 1809/169/134
f 593/143/113 1822/142/112 1815/170/135
f 571/167/132 1802/166/131 1795/171/136
f 621/172/32 1850/199/31 1830/173/33
f 453/134/105 1682/133/104 1697/175/137
f 474/140/110 1703/139/109 1718/176/138
f 599/174/34 1830/173/33 1900/177/49
f 606/179/139 1837/187/142 1878/180/21
f 537/159/126 1766/158/125 1759/182/140
f 656/183/141 1885/203/43 1927/184/45
f 642/186/23 1871/205/71 1837/187/142
f 684/188/37 1913/213/72 1935/189/38
f 690/191/29 1921/210/28 1949/192/56
f 634/194/35 1865/201/55 1942/195/144
f 676/197/7 1907/230/6 1843/198/8
f 711/196/30 1942/195/144 1850/199/31
f 698/200/46 1927/2350/45 1865/201/55
f 663/202/27 1892/207/146 1885/203/43
f 726/204/145 1955/208/147 1871/205/71
f 774/206/25 2005/227/70 1892/207/146
f 704/190/39 1935/189/38 1955/208/147
f 649/209/22 1878/2314/21 1921/210/28
f 718/193/143 1949/192/56 2019/211/41
f 627/163/54 1858/162/53 1913/213/72
f 739/214/52 1970/223/51 1984/215/57
f 761/217/59 1990/225/64 1962/218/148
f 753/216/58 1984/215/57 1998/220/87
f 747/222/50 1976/231/62 1970/223/51
f 852/224/150 2081/246/117 1990/225/64
f 781/226/69 2012/247/68 2005/227/70
f 788/212/42 2019/211/41 2025/228/65
f 669/178/5 1900/177/49 1907/230/6
f 733/219/149 1962/218/148 1976/231/62
f 844/232/83 2075/244/82 2033/233/85
f 796/229/66 2025/228/65 2040/235/76
f 816/237/73 2047/281/80 2054/238/74
f 823/239/75 2054/238/74 2061/240/78
f 830/241/79 2061/240/78 2068/242/151
f 837/243/81 2068/242/151 2075/244/82
f 866/245/90 2095/249/89 2081/246/117
f 767/221/67 1998/220/87 2012/247/68
f 859/248/88 2088/251/92 2095/249/89
f 873/250/91 2102/253/96 2088/251/92
f 879/252/95 2110/260/153 2102/253/96
f 894/254/97 2123/258/152 2116/255/98
f 915/257/101 2144/269/158 2123/258/152
f 887/259/93 2116/2550/98 2110/260/153
f 901/261/154 2130/268/157 2152/262/137
f 977/264/133 2208/276/160 2137/265/134
f 936/267/156 2165/2927/107 2130/268/157
f 908/266/155 2137/265/134 2144/269/158
f 956/270/110 2187/274/109 2158/271/138
f 950/273/159 2179/280/114 2187/274/109
f 964/275/132 2193/283/162 2208/276/160
f 942/277/161 2173/284/116 2165/278/107
f 802/234/86 2033/233/85 2179/280/114
f 809/236/77 2040/235/76 2047/281/80
f 985/282/123 2214/300/122 2193/283/162
f 929/272/115 2158/271/138 2173/284/116
f 998/285/163 2229/291/130 2243/286/128
f 1012/287/124 2243/286/128 2257/288/164
f 1006/290/166 2235/302/135 2229/291/130
f 921/263/111 2152/262/137 2222/292/167
f 1026/289/165 2257/288/164 2200/294/140
f 1055/296/169 2284/318/188 2264/297/170
f 1019/299/172 2250/301/120 2214/300/122
f 971/295/119 2200/294/140 2250/301/120
f 991/293/168 2222/292/167 2235/302/135
f 1104/303/173 1040/311/181 2271/304/174
f 1033/298/171 2264/297/170 2298/306/176
f 1061/308/178 2292/322/192 2354/309/179
f 1048/36/19 2277/35/18 2271/304/174
f 1076/312/182 1104/303/173 2333/305/175
f 1082/314/184 2313/327/197 2319/315/185
f 1096/317/187 2327/323/193 2284/318/188
f 1111/319/189 2340/324/194 2348/320/190
f 1069/307/177 2298/306/176 2292/322/192
f 1090/316/186 2319/315/185 2327/323/193
f 1125/310/180 2354/309/179 2340/324/194
f 1117/321/191 2348/320/190 2362/325/195
f 1076/312/182 2305/313/183 2313/327/197
f 1131/326/196 2362/325/195 2368/328/198
f 1145/330/200 2376/333/203 2383/331/201
f 1139/329/199 2368/328/198 2376/333/203
f 1152/332/202 2383/331/201 2390/334/204
f 1159/335/205 2390/334/204 2397/336/206
f 1166/338/207 2397/2862/206 2404/339/208
f 6/5/4 131/1784/4 1201/341/4
f 1201/341/4 1215/522/4 1207/1800/4
f 1207/1800/4 1195/1807/2190 94/342/4
f 94/342/4 2/41/4 1/40/4
f 94/342/4 1/40/4 9/150/4
f 1201/341/4 1207/1800/4 94/342/4
f 3/343/4 6/5/4 1201/341/4
f 94/342/4 9/150/4 3/343/4
f 1173/344/209 2404/2872/208 2418/345/210
f 1187/346/211 2418/345/210 2411/347/212
f 1206/349/214 2438/353/217 2425/350/215
f 138/11/9 1367/10/8 1375/351/118
f 1214/352/216 2446/2905/2191 2438/353/217
f 2291/2755/16 2299/2754/2192 2263/2742/16
f 2417/2863/16 2403/2854/16 2396/2853/16
f 1361/2879/16 2410/2880/16 2417/2863/16
f 1251/551/16 1326/19/16 11/26/16
f 2278/2728/16 1288/598/16 1251/551/16
f 2306/2768/16 2334/2776/16 2270/2729/16
f 2270/2729/16 2278/2728/16 1251/551/16
f 1251/551/16 11/26/16 16/2922/16
f 1251/551/16 16/2922/16 14/30/16
f 2306/2768/16 2270/2729/16 1251/551/16
f 2312/2769/16 2306/2768/16 1251/551/16
f 2312/2769/16 1251/551/16 14/30/16
f 2320/2789/16 2312/2769/16 14/30/16
f 2320/2789/16 14/30/16 13/29/16
f 2326/2790/16 2320/2789/16 13/29/16
f 15/23/16 1361/2879/16 2417/2863/16
f 2417/2863/16 2396/2853/16 2389/2846/16
f 15/23/16 2417/2863/16 2389/2846/16
f 2285/2741/16 2326/2790/16 13/29/16
f 2263/2742/16 2285/2741/16 13/29/16
f 15/23/16 2389/2846/16 2382/2839/16
f 15/23/16 2382/2839/16 2375/2831/16
f 2263/2742/16 13/29/16 15/23/16
f 2291/2755/16 2263/2742/16 15/23/16
f 15/23/16 2375/2831/16 2369/2830/16
f 15/23/16 2369/2830/16 2361/2818/16
f 2355/2811/16 2291/2755/16 15/23/16
f 2341/355/16 2355/2811/16 15/23/16
f 15/23/16 2361/2818/16 2347/354/16
f 130/356/218 1362/2894/221 2444/357/219
f 1180/348/213 2411/347/212 1362/359/221
f 19/361/222 22/364/225 26/362/223
f 22/364/225 23/366/227 27/365/226
f 23/366/227 24/2914/248 28/367/228
f 25/363/224 26/362/223 30/368/229
f 26/362/223 27/365/226 31/370/231
f 27/365/226 28/367/228 32/371/232
f 30/368/229 51/374/235 47/372/233
f 30/368/229 31/370/231 55/373/234
f 31/370/231 32/371/232 33/375/236
f 34/376/237 38/379/241 37/377/238
f 35/378/240 39/381/243 38/379/241
f 36/380/242 40/384/246 39/381/243
f 38/379/241 42/383/245 41/382/244
f 39/381/243 43/385/247 42/383/245
f 40/384/246 44/388/249 43/385/247
f 42/383/245 28/387/228 24/386/248
f 43/385/247 32/389/232 28/387/228
f 44/388/249 33/405/236 32/389/232
f 21/390/250 45/393/253 49/391/251
f 45/393/253 46/711/255 50/394/254
f 46/395/255 47/372/233 51/374/235
f 48/392/252 49/391/251 53/397/256
f 49/391/251 50/394/254 54/399/258
f 50/396/254 51/374/235 55/373/234
f 52/398/257 53/397/256 40/401/246
f 53/403/256 54/404/258 44/388/249
f 54/404/258 55/2928/234 33/405/236
f 59/406/259 63/409/263 62/407/260
f 60/408/262 64/411/265 63/409/263
f 61/410/264 65/2929/285 64/411/265
f 63/409/263 67/413/267 66/412/266
f 64/411/265 68/415/269 67/413/267
f 64/411/265 65/2929/285 69/414/268
f 67/413/267 88/418/272 84/416/270
f 67/413/267 68/415/269 92/417/271
f 68/415/269 69/414/268 70/419/273
f 71/420/274 75/423/278 74/421/275
f 72/422/277 76/425/280 75/423/278
f 73/424/279 77/2930/295 76/425/280
f 75/423/278 79/427/282 78/426/281
f 76/425/280 80/429/284 79/427/282
f 76/425/280 77/2930/295 81/428/283
f 79/427/282 65/432/285 61/430/264
f 79/427/282 80/429/284 69/431/268
f 80/429/284 81/428/283 70/433/273
f 82/434/286 86/438/290 85/435/287
f 83/437/289 87/440/291 86/438/290
f 84/439/270 88/2931/272 87/440/291
f 86/438/290 90/442/293 89/441/292
f 87/440/291 91/444/294 90/442/293
f 87/440/291 88/2931/272 92/443/271
f 90/442/293 77/447/295 73/445/279
f 90/442/293 91/444/294 81/446/283
f 91/444/294 92/443/271 70/448/273
f 93/449/296 96/452/299 100/450/297
f 96/452/299 97/454/301 101/453/300
f 97/454/301 98/475/322 102/455/302
f 99/451/298 100/450/297 104/456/303
f 100/450/297 101/453/300 105/458/305
f 101/453/300 102/455/302 106/459/306
f 103/457/304 104/456/303 125/460/307
f 104/456/303 105/458/305 129/462/309
f 105/458/305 106/459/306 107/463/310
f 94/342/311 108/466/314 112/464/312
f 108/466/314 109/468/316 113/467/315
f 109/468/316 110/2932/332 114/469/317
f 112/464/312 116/472/320 115/470/318
f 112/464/312 113/467/315 117/471/319
f 113/467/315 114/469/317 118/473/321
f 116/474/320 102/455/302 98/475/322
f 117/477/319 106/459/306 102/455/302
f 117/477/319 118/2933/321 107/463/310
f 119/478/323 123/481/327 122/479/324
f 120/480/326 124/483/328 123/481/327
f 121/482/308 125/486/307 124/483/328
f 123/481/327 127/485/330 126/484/329
f 124/483/328 128/487/331 127/485/330
f 125/486/307 129/490/309 128/487/331
f 127/485/330 114/489/317 110/488/332
f 128/487/331 118/491/321 114/489/317
f 129/490/309 107/2934/310 118/491/321
f 1216/492/333 1220/495/337 1219/493/334
f 1217/494/336 1221/497/339 1220/495/337
f 1218/496/338 1222/500/342 1221/497/339
f 1220/495/337 1224/499/341 1223/498/340
f 1221/497/339 1225/501/343 1224/499/341
f 1222/500/342 1226/519/359 1225/501/343
f 1224/499/341 1245/503/345 1241/502/344
f 1225/501/343 1249/505/347 1245/503/345
f 1225/501/343 1226/519/359 1227/504/346
f 1228/506/348 1232/510/352 1231/507/349
f 1229/509/351 1233/515/354 1232/510/352
f 1230/511/353 1234/2935/357 1233/512/354
f 1232/510/352 1236/516/356 1235/514/355
f 1233/515/354 1237/518/358 1236/516/356
f 1234/517/357 1238/535/369 1237/518/358
f 1236/516/356 1222/500/342 1218/496/338
f 1237/518/358 1226/519/359 1222/500/342
f 1237/518/358 1238/535/369 1227/504/346
f 1239/520/360 1243/524/364 1242/521/361
f 1239/520/360 1240/525/365 1244/523/363
f 1240/525/365 1241/1792/344 1245/526/345
f 1242/521/361 1243/524/364 1247/527/366
f 1243/524/364 1244/523/363 1248/529/368
f 1244/523/363 1245/526/345 1249/530/347
f 1246/528/367 1247/527/366 1234/531/357
f 1247/527/366 1248/529/368 1238/533/369
f 1248/534/368 1249/505/347 1227/504/346
f 1250/536/370 1253/540/374 1257/537/371
f 1254/539/373 1258/542/376 1257/537/371
f 1255/541/375 1259/565/396 1258/542/376
f 1256/538/372 1257/537/371 1261/543/377
f 1257/537/371 1258/542/376 1262/545/379
f 1258/542/376 1259/565/396 1263/546/380
f 1260/544/378 1261/543/377 1282/547/381
f 1261/543/377 1262/545/379 1286/549/383
f 1262/545/379 1263/546/380 1264/550/384
f 1251/551/385 1265/554/388 1269/552/386
f 1265/554/388 1266/556/390 1270/555/389
f 1266/556/390 1267/1809/406 1271/557/391
f 1268/553/387 1269/552/386 1273/558/392
f 1269/552/386 1270/555/389 1274/560/394
f 1270/561/389 1271/580/391 1275/562/395
f 1272/564/393 1273/566/392 1259/565/396
f 1273/566/392 1274/567/394 1263/546/380
f 1274/567/394 1275/2936/395 1264/550/384
f 1276/568/397 1280/572/401 1279/569/398
f 1277/571/400 1281/574/402 1280/572/401
f 1278/573/382 1282/577/381 1281/574/402
f 1280/572/401 1284/576/404 1283/575/403
f 1281/574/402 1285/578/405 1284/576/404
f 1282/577/381 1286/581/383 1285/578/405
f 1284/576/404 1271/580/391 1267/579/406
f 1285/578/405 1275/562/395 1271/580/391
f 1286/581/383 1264/2937/384 1275/562/395
f 1290/582/407 1294/585/411 1293/583/408
f 1291/584/410 1295/587/413 1294/585/411
f 1292/586/412 1296/2938/433 1295/587/413
f 1294/585/411 1298/589/415 1297/588/414
f 1295/587/413 1299/591/417 1298/589/415
f 1295/587/413 1296/2938/433 1300/590/416
f 1298/589/415 1319/594/420 1315/592/418
f 1298/589/415 1299/591/417 1323/593/419
f 1299/591/417 1300/590/416 1301/595/421
f 1302/596/422 1306/600/426 1305/597/423
f 1303/599/425 1307/602/428 1306/600/426
f 1304/601/427 1308/2939/443 1307/602/428
f 1306/600/426 1310/604/430 1309/603/429
f 1307/602/428 1311/606/432 1310/604/430
f 1307/602/428 1308/2939/443 1312/605/431
f 1310/604/430 1296/609/433 1292/607/412
f 1310/604/430 1311/606/432 1300/608/416
f 1311/606/432 1312/605/431 1301/610/421
f 1313/611/434 1317/615/438 1316/612/435
f 1314/614/437 1318/617/439 1317/615/438
f 1315/616/418 1319/2940/420 1318/617/439
f 1317/615/438 1321/619/441 1320/618/440
f 1318/617/439 1322/621/442 1321/619/441
f 1318/617/439 1319/2940/420 1323/620/419
f 1321/619/441 1308/624/443 1304/622/427
f 1321/619/441 1322/621/442 1312/623/431
f 1322/621/442 1323/620/419 1301/625/421
f 1324/626/444 1327/629/447 1331/627/445
f 1327/629/447 1328/631/449 1332/630/448
f 1328/631/449 1329/2915/470 1333/632/450
f 1330/628/446 1331/627/445 1335/633/451
f 1331/627/445 1332/630/448 1336/635/453
f 1332/630/448 1333/632/450 1337/636/454
f 1334/634/452 1335/633/451 1356/637/455
f 1335/633/451 1336/635/453 1360/639/457
f 1336/635/453 1337/636/454 1338/640/458
f 1339/641/459 1343/644/463 1342/642/460
f 1340/643/462 1344/646/465 1343/644/463
f 1341/645/464 1345/649/468 1344/646/465
f 1343/644/463 1347/648/467 1346/647/466
f 1344/646/465 1348/650/469 1347/648/467
f 1345/649/468 1349/653/471 1348/650/469
f 1347/648/467 1333/652/450 1329/651/470
f 1348/650/469 1337/654/454 1333/652/450
f 1349/653/471 1338/2941/458 1337/654/454
f 1326/19/472 1350/658/476 1354/655/473
f 1351/657/475 1355/2942/477 1354/655/473
f 1352/638/456 1356/637/455 1355/659/477
f 1353/656/474 1354/655/473 1358/661/478
f 1354/655/473 1355/2942/477 1359/663/480
f 1356/637/455 1360/639/457 1359/664/480
f 1357/662/479 1358/661/478 1345/665/468
f 1358/661/478 1359/663/480 1349/667/471
f 1359/664/480 1360/639/457 1338/640/458
f 2447/669/481 2451/672/485 2450/670/482
f 2448/671/484 2452/674/487 2451/672/485
f 2449/673/486 2453/677/490 2452/674/487
f 2451/672/485 2455/676/489 2454/675/488
f 2452/674/487 2456/678/491 2455/676/489
f 2453/677/490 2457/698/507 2456/678/491
f 2455/676/489 2476/680/493 2472/679/492
f 2456/678/491 2480/682/495 2476/680/493
f 2456/678/491 2457/698/507 2458/681/494
f 2459/683/496 2463/687/500 2462/684/497
f 2459/683/496 2460/688/501 2464/686/499
f 2460/688/501 2461/2898/517 2465/689/502
f 2462/684/497 2463/687/500 2467/690/503
f 2463/687/500 2464/686/499 2468/692/505
f 2464/686/499 2465/689/502 2469/693/506
f 2466/691/504 2467/690/503 2453/694/490
f 2467/690/503 2468/692/505 2457/696/507
f 2468/697/505 2469/710/506 2458/681/494
f 2470/699/508 2474/703/512 2473/700/509
f 2471/702/511 2475/704/513 2474/703/512
f 2472/679/492 2476/680/493 2475/704/513
f 2474/703/512 2478/706/515 2477/705/514
f 2475/704/513 2479/707/516 2478/706/515
f 2476/680/493 2480/682/495 2479/707/516
f 2478/706/515 2465/709/502 2461/708/517
f 2479/707/516 2469/710/506 2465/709/502
f 2479/707/516 2480/682/495 2458/681/494
f 19/361/222 25/363/224 96/452/299
f 25/363/224 29/369/230 97/454/301
f 29/369/230 47/372/233 98/475/322
f 47/372/233 46/395/255 115/476/318
f 46/711/255 45/393/253 111/465/313
f 45/393/253 21/390/250 94/342/311
f 20/1/239 56/3/261 62/407/260
f 34/376/237 62/407/260 66/412/266
f 35/378/240 66/412/266 84/416/270
f 36/402/242 84/439/270 83/437/289
f 52/398/257 83/437/289 82/434/286
f 48/392/252 82/434/286 58/436/288
f 144/61/518 146/730/535 143/712/519
f 143/712/519 146/730/535 147/713/521
f 147/713/521 148/2943/531 141/715/523
f 141/716/523 148/725/531 149/717/524
f 149/717/524 150/720/527 139/719/526
f 150/720/527 145/2925/4 137/721/528
f 166/722/528 145/2925/4 150/720/527
f 150/720/527 149/717/524 170/724/530
f 170/724/530 149/717/524 148/725/531
f 169/727/532 148/2943/531 147/713/521
f 147/713/521 146/730/535 167/729/534
f 146/730/535 144/61/518 165/63/536
f 257/731/528 166/722/528 171/723/529
f 171/723/529 170/724/530 261/733/538
f 261/733/538 170/724/530 169/726/532
f 260/735/539 169/727/532 168/728/533
f 259/736/540 168/728/533 167/729/534
f 167/729/534 165/63/536 256/81/542
f 172/738/543 174/741/545 185/739/544
f 174/741/545 175/763/567 184/742/546
f 184/742/546 175/763/567 176/743/547
f 176/743/547 177/2944/550 182/745/549
f 177/746/550 178/749/552 181/747/551
f 178/749/552 173/43/571 179/45/553
f 186/750/554 188/909/692 276/751/555
f 276/751/555 188/909/692 189/753/556
f 189/753/556 190/910/559 274/755/558
f 190/756/559 191/759/561 273/757/560
f 191/759/561 192/911/693 272/760/562
f 272/760/562 192/911/693 187/50/563
f 172/738/543 193/849/543 195/761/565
f 174/741/545 195/761/565 196/762/566
f 175/763/567 196/762/566 197/764/568
f 176/765/547 197/853/568 198/766/569
f 177/746/550 198/766/569 199/767/570
f 199/767/570 194/46/642 173/43/571
f 200/768/554 202/771/573 164/769/572
f 202/771/573 203/773/575 163/772/574
f 203/773/575 204/838/577 162/774/576
f 204/775/577 205/778/579 161/776/578
f 205/778/579 206/842/632 160/779/580
f 160/779/580 206/842/632 201/59/581
f 208/780/528 214/798/528 216/781/583
f 213/782/584 216/781/583 217/783/585
f 217/783/585 218/801/588 211/785/587
f 218/786/588 219/803/603 210/787/589
f 210/787/589 219/803/603 220/789/590
f 209/790/591 220/789/590 215/58/592
f 152/791/528 208/780/528 213/782/584
f 157/792/594 213/782/584 212/784/586
f 156/793/595 212/784/586 211/785/587
f 211/788/587 210/787/589 154/795/597
f 210/787/589 209/790/591 153/797/598
f 209/790/591 207/7/593 151/9/599
f 152/791/528 157/792/594 139/719/526
f 139/719/526 157/792/594 156/793/595
f 140/718/525 156/793/595 155/794/596
f 155/796/596 154/795/597 142/714/522
f 154/795/597 153/797/598 143/712/519
f 143/712/519 153/797/598 151/9/599
f 214/798/528 228/847/554 230/799/600
f 230/799/600 231/800/601 217/783/585
f 231/800/601 232/848/602 218/801/588
f 232/802/602 233/804/604 219/803/603
f 233/804/604 234/805/605 220/789/590
f 234/805/605 229/56/636 215/58/592
f 235/806/543 237/809/607 248/807/606
f 237/809/607 238/811/609 247/810/608
f 238/811/609 239/818/611 246/812/610
f 239/813/611 240/816/613 245/814/612
f 240/816/613 241/821/617 244/817/614
f 244/817/614 241/821/617 236/53/615
f 180/740/543 185/739/544 237/809/607
f 237/809/607 185/739/544 184/742/546
f 238/811/609 184/742/546 183/744/548
f 183/744/548 182/745/549 240/819/613
f 182/820/549 181/2945/551 241/821/617
f 241/821/617 181/2945/551 179/51/553
f 257/731/528 262/732/537 255/822/618
f 262/732/537 261/733/538 254/824/619
f 261/733/538 260/734/539 253/825/620
f 260/735/539 259/736/540 252/826/621
f 259/736/540 258/737/541 251/828/622
f 258/737/541 256/81/542 249/64/623
f 250/823/528 255/822/618 227/829/624
f 227/829/624 255/822/618 254/824/619
f 226/831/625 254/824/619 253/825/620
f 253/827/620 252/826/621 224/833/627
f 252/826/621 251/828/622 223/835/628
f 223/835/628 251/828/622 249/64/623
f 263/836/554 265/843/634 202/771/573
f 202/771/573 265/843/634 266/837/629
f 266/837/629 267/839/630 204/838/577
f 267/839/630 268/844/631 205/840/579
f 268/841/631 269/2946/635 206/842/632
f 206/842/632 269/2946/635 264/82/633
f 271/752/554 276/751/555 265/843/634
f 276/751/555 275/754/557 266/837/629
f 266/837/629 275/754/557 274/755/558
f 274/755/558 273/2947/560 268/844/631
f 268/845/631 273/757/560 272/760/562
f 269/846/635 272/760/562 270/71/564
f 228/847/554 159/770/528 164/769/572
f 164/769/572 163/772/574 231/800/601
f 163/772/574 162/774/576 232/848/602
f 162/777/576 161/776/578 233/804/604
f 233/804/604 161/776/578 160/779/580
f 234/805/605 160/779/580 158/54/582
f 193/849/543 277/856/528 279/850/637
f 195/761/565 279/850/637 280/851/638
f 196/762/566 280/851/638 281/852/639
f 197/853/568 281/857/639 282/854/640
f 282/854/640 283/855/641 199/767/570
f 283/855/641 278/75/643 194/46/642
f 222/830/528 227/829/624 279/850/637
f 227/829/624 226/831/625 280/851/638
f 226/831/625 225/832/626 281/852/639
f 225/834/626 224/833/627 282/854/640
f 224/833/627 223/835/628 283/855/641
f 223/835/628 221/66/39 278/75/643
f 291/38/644 293/869/657 290/858/645
f 290/858/645 293/869/657 294/860/647
f 294/860/647 295/872/650 288/862/649
f 295/863/650 296/874/661 287/864/651
f 287/864/651 296/874/661 297/866/652
f 286/867/653 297/866/652 292/77/654
f 291/38/644 298/37/646 300/868/656
f 293/869/657 300/868/656 301/870/658
f 294/860/647 301/870/658 302/871/659
f 295/863/650 302/885/659 303/873/660
f 303/873/660 304/875/662 297/866/652
f 304/875/662 299/89/673 292/77/654
f 285/859/646 290/858/645 318/876/663
f 290/858/645 289/861/648 317/878/664
f 289/861/648 288/862/649 316/879/665
f 288/865/649 287/864/651 315/880/666
f 287/864/651 286/867/653 314/882/667
f 314/882/667 286/867/653 284/79/655
f 298/37/646 305/968/646 307/883/669
f 307/883/669 308/884/670 301/870/658
f 308/884/670 309/971/744 302/871/659
f 302/885/659 309/973/744 310/886/671
f 310/886/671 311/887/672 304/875/662
f 311/887/672 306/87/748 299/89/673
f 326/888/554 328/891/675 339/889/674
f 328/891/675 329/893/677 338/892/676
f 329/893/677 330/907/679 337/894/678
f 330/895/679 331/898/681 336/896/680
f 331/898/681 332/908/691 335/899/682
f 335/899/682 332/908/691 327/97/683
f 313/877/646 318/876/663 325/900/685
f 325/900/685 318/876/663 317/878/664
f 317/878/664 316/879/665 323/903/687
f 316/881/665 315/880/666 322/904/688
f 322/904/688 315/880/666 314/882/667
f 321/906/689 314/882/667 312/86/668
f 320/901/646 325/900/685 328/891/675
f 328/891/675 325/900/685 324/902/686
f 329/893/677 324/902/686 323/903/687
f 323/905/687 322/904/688 331/898/681
f 331/898/681 322/904/688 321/906/689
f 321/906/689 319/95/690 327/97/683
f 186/750/554 334/890/646 339/889/674
f 188/909/692 339/889/674 338/892/676
f 338/892/676 337/894/678 190/910/559
f 190/756/559 337/897/678 336/896/680
f 191/759/561 336/896/680 335/899/682
f 192/911/693 335/899/682 333/48/684
f 243/808/543 248/807/606 353/912/694
f 248/807/606 247/810/608 352/914/696
f 352/914/696 247/810/608 246/812/610
f 246/815/610 245/814/612 350/916/698
f 245/814/612 244/817/614 349/918/699
f 244/817/614 242/67/616 347/69/700
f 361/919/695 363/922/702 360/920/701
f 363/922/702 364/924/704 359/923/703
f 364/924/704 365/945/706 358/925/705
f 365/926/706 366/946/723 357/927/707
f 357/927/707 366/946/723 367/929/708
f 367/929/708 362/105/724 354/101/710
f 341/931/543 348/913/695 353/912/694
f 346/932/711 353/912/694 352/914/696
f 345/933/712 352/914/696 351/915/697
f 344/935/713 351/917/697 350/916/698
f 343/936/714 350/916/698 349/918/699
f 349/918/699 347/69/700 340/94/716
f 369/938/695 355/921/695 360/920/701
f 360/920/701 359/923/703 373/940/718
f 359/923/703 358/925/705 372/941/719
f 358/928/705 357/927/707 371/942/720
f 371/942/720 357/927/707 356/930/709
f 356/930/709 354/101/710 368/103/722
f 341/931/543 346/932/711 363/922/702
f 363/922/702 346/932/711 345/933/712
f 345/933/712 344/934/713 365/945/706
f 344/935/713 343/936/714 366/946/723
f 343/936/714 342/937/715 367/929/708
f 342/937/715 340/94/716 362/105/724
f 375/42/695 377/957/734 388/947/725
f 388/947/725 377/957/734 378/949/726
f 378/949/726 379/958/729 386/951/728
f 379/952/729 380/959/735 385/953/730
f 385/953/730 380/959/735 381/955/731
f 384/956/732 381/955/731 376/107/733
f 369/938/695 374/939/717 377/957/734
f 374/939/717 373/940/718 378/949/726
f 373/940/718 372/941/719 379/958/729
f 372/943/719 371/942/720 380/959/735
f 371/942/720 370/944/721 381/955/731
f 370/944/721 368/103/722 376/107/733
f 383/948/695 388/947/725 395/960/736
f 395/960/736 388/947/725 387/950/727
f 387/950/727 386/951/728 393/963/738
f 386/954/728 385/953/730 392/964/739
f 392/964/739 385/953/730 384/956/732
f 384/956/732 382/109/81 389/111/741
f 396/967/646 398/969/742 307/883/669
f 398/969/742 399/970/743 308/884/670
f 399/970/743 400/978/745 309/971/744
f 400/972/745 401/974/746 310/886/671
f 401/974/746 402/975/747 311/887/672
f 402/975/747 397/91/753 306/87/748
f 396/967/646 403/982/646 405/976/749
f 398/969/742 405/976/749 406/977/750
f 406/977/750 407/985/751 400/978/745
f 407/979/751 408/987/758 401/974/746
f 401/974/746 408/987/758 409/980/752
f 409/980/752 404/118/90 397/91/753
f 410/981/754 412/983/755 405/976/749
f 412/983/755 413/984/756 406/977/750
f 413/984/756 414/1000/757 407/985/751
f 414/986/757 415/1001/771 408/987/758
f 408/987/758 415/1001/771 416/988/759
f 409/980/752 416/988/759 411/116/760
f 425/989/754 417/1025/754 419/990/761
f 430/991/762 419/990/761 420/992/763
f 420/992/763 421/1024/766 428/994/765
f 421/995/766 422/2948/2193 427/996/767
f 427/996/767 422/2948/2193 423/998/768
f 423/998/768 418/123/789 424/119/770
f 425/989/754 430/991/762 412/983/755
f 430/991/762 429/993/764 413/984/756
f 429/993/764 428/994/765 414/1000/757
f 428/997/765 427/996/767 415/1001/771
f 427/996/767 426/999/769 416/988/759
f 426/999/769 424/119/770 411/116/760
f 432/1002/754 438/1178/754 440/1003/772
f 437/1004/773 440/1003/772 441/1005/774
f 436/1006/775 441/1005/774 442/1007/776
f 435/1009/777 442/1179/776 443/1010/778
f 434/1011/779 443/1010/778 444/1012/780
f 433/1013/781 444/1012/780 439/130/782
f 446/1014/754 432/1002/754 437/1004/773
f 437/1004/773 436/1006/775 450/1016/785
f 436/1006/775 435/1008/777 449/1017/786
f 449/1017/786 435/1008/777 434/1018/779
f 434/1011/779 433/1013/781 447/1020/788
f 447/1020/788 433/1013/781 431/125/783
f 418/123/789 423/998/768 447/1022/788
f 423/998/768 422/2948/2193 448/1023/787
f 448/1019/787 422/2949/2193 421/1024/766
f 421/1024/766 420/992/763 450/1016/785
f 450/1016/785 420/992/763 419/990/761
f 451/1015/784 419/990/761 417/1025/754
f 452/1026/790 454/1039/803 472/1027/791
f 472/1027/791 454/1039/803 455/1029/793
f 455/1029/793 456/1042/796 470/1031/795
f 456/1032/796 457/1035/798 469/1033/797
f 457/1035/798 458/1037/800 468/1036/799
f 458/1037/800 453/134/808 466/141/801
f 452/1026/790 459/1065/790 461/1038/802
f 454/1039/803 461/1038/802 462/1040/804
f 455/1029/793 462/1040/804 463/1041/805
f 463/1041/805 464/2950/806 457/1043/798
f 464/1044/806 465/1045/807 458/1037/800
f 465/1045/807 460/132/820 453/134/808
f 488/1046/790 473/1068/790 475/1047/809
f 493/1048/810 475/1047/809 476/1049/811
f 492/1050/812 476/1049/811 477/1051/813
f 491/1053/814 477/1072/813 478/1054/815
f 490/1055/816 478/1054/815 479/1056/817
f 479/1056/817 474/140/110 487/145/819
f 460/137/820 465/2951/807 486/1058/821
f 486/1058/821 465/2951/807 464/1059/806
f 485/1061/823 464/2950/806 463/1041/805
f 463/1041/805 462/1040/804 483/1063/825
f 483/1063/825 462/1040/804 461/1038/802
f 482/1064/826 461/1038/802 459/1065/790
f 488/1046/790 493/1048/810 482/1064/826
f 493/1048/810 492/1050/812 483/1063/825
f 492/1050/812 491/1052/814 484/1062/824
f 491/1053/814 490/1055/816 485/1060/823
f 485/1060/823 490/1055/816 489/1057/818
f 489/1057/818 487/145/819 481/135/822
f 473/1068/790 494/1081/695 496/1069/827
f 496/1069/827 497/1082/836 476/1049/811
f 476/1049/811 497/1082/836 498/1070/828
f 498/1071/828 499/1083/837 478/1054/815
f 478/1054/815 499/1083/837 500/1073/829
f 479/1056/817 500/1073/829 495/138/830
f 502/1074/790 390/961/695 395/960/736
f 395/960/736 394/962/737 506/1076/832
f 394/962/737 393/963/738 505/1077/833
f 505/1078/833 393/965/738 392/964/739
f 392/964/739 391/966/740 503/1080/835
f 503/1080/835 391/966/740 389/111/741
f 502/1074/790 507/1075/831 496/1069/827
f 507/1075/831 506/1076/832 497/1082/836
f 506/1076/832 505/1077/833 498/1070/828
f 505/1078/833 504/1079/834 499/1083/837
f 499/1083/837 504/1079/834 503/1080/835
f 503/1080/835 501/114/86 495/138/830
f 613/1084/838 615/1087/840 514/1085/839
f 615/1087/840 616/1089/842 513/1088/841
f 616/1089/842 617/1265/844 512/1090/843
f 617/1091/844 618/1094/845 511/1092/521
f 618/1094/845 619/1096/847 510/1095/846
f 619/1096/847 614/148/520 508/12/518
f 523/1097/528 509/1086/4 514/1085/839
f 528/1098/529 514/1085/839 513/1088/841
f 527/1099/530 513/1088/841 512/1090/843
f 526/1101/848 512/1093/843 511/1092/521
f 511/1092/521 510/1095/846 524/1103/850
f 510/1095/846 508/12/518 522/14/851
f 516/1104/792 529/1116/792 531/1105/852
f 521/1106/853 531/1105/852 532/1107/854
f 520/1108/855 532/1107/854 533/1109/856
f 519/1111/857 533/1120/856 534/1112/858
f 534/1112/858 535/1122/865 517/1114/860
f 517/1114/860 535/1122/865 530/152/861
f 536/1115/792 538/1117/862 531/1105/852
f 538/1117/862 539/1126/868 532/1107/854
f 532/1107/854 539/1126/868 540/1118/863
f 540/1119/863 541/1121/864 534/1112/858
f 541/1121/864 542/1123/866 535/1122/865
f 542/1123/866 537/159/126 530/152/861
f 543/1124/792 545/1144/885 538/1117/862
f 538/1117/862 545/1144/885 546/1125/867
f 546/1125/867 547/1147/869 540/1118/863
f 547/1127/869 548/1149/889 541/1121/864
f 541/1121/864 548/1149/889 549/1128/870
f 542/1123/866 549/1128/870 544/157/871
f 516/1104/792 521/1106/853 556/1129/872
f 521/1106/853 520/1108/855 555/1131/873
f 520/1108/855 519/1110/857 554/1132/874
f 554/1133/874 519/1111/857 518/1113/859
f 518/1113/859 517/1114/860 552/1135/876
f 517/1114/860 515/154/172 550/156/877
f 551/1130/792 556/1129/872 577/1136/878
f 556/1129/872 555/1131/873 576/1138/879
f 555/1131/873 554/1132/874 575/1139/880
f 575/1140/880 554/1133/874 553/1134/875
f 553/1134/875 552/1135/876 573/1142/882
f 552/1135/876 550/156/877 571/167/883
f 543/1124/792 557/1165/792 559/1143/884
f 545/1144/885 559/1143/884 560/1145/886
f 546/1125/867 560/1145/886 561/1146/887
f 547/1127/869 561/1169/887 562/1148/888
f 548/1149/889 562/1148/888 563/1150/890
f 563/1150/890 558/160/907 544/157/871
f 572/1137/792 577/1136/878 570/1151/891
f 577/1136/878 576/1138/879 569/1153/892
f 576/1138/879 575/1139/880 568/1154/893
f 575/1140/880 574/1141/881 567/1155/894
f 574/1141/881 573/1142/882 566/1157/895
f 573/1142/882 571/167/883 564/168/896
f 565/1152/754 570/1151/891 584/1158/897
f 570/1151/891 569/1153/892 583/1160/898
f 569/1153/892 568/1154/893 582/1161/899
f 568/1156/893 567/1155/894 581/1162/900
f 581/1162/900 567/1155/894 566/1157/895
f 580/1164/901 566/1157/895 564/168/896
f 557/1165/792 585/1172/792 587/1166/902
f 559/1143/884 587/1166/902 588/1167/903
f 560/1145/886 588/1167/903 589/1168/904
f 561/1169/887 589/1175/904 590/1170/905
f 590/1170/905 591/1171/906 563/1150/890
f 591/1171/906 586/164/912 558/160/907
f 585/1172/792 592/1180/790 594/1173/908
f 594/1173/908 595/1174/909 588/1167/903
f 595/1174/909 596/1181/913 589/1168/904
f 589/1175/904 596/1182/913 597/1176/910
f 597/1176/910 598/1177/911 591/1171/906
f 598/1177/911 593/143/914 586/164/912
f 579/1159/754 584/1158/897 440/1003/772
f 440/1003/772 584/1158/897 583/1160/898
f 583/1160/898 582/1161/899 442/1007/776
f 442/1179/776 582/1163/899 581/1162/900
f 581/1162/900 580/1164/901 444/1012/780
f 580/1164/901 578/128/99 439/130/782
f 592/1180/790 467/1028/792 472/1027/791
f 472/1027/791 471/1030/794 595/1174/909
f 595/1174/909 471/1030/794 470/1031/795
f 470/1034/795 469/1033/797 597/1176/910
f 469/1033/797 468/1036/799 598/1177/911
f 468/1036/799 466/141/801 593/143/914
f 620/1183/554 622/1311/995 605/1184/583
f 605/1184/583 622/1311/995 623/1186/915
f 623/1186/915 624/1312/917 603/1188/916
f 624/1189/917 625/1192/919 602/1190/918
f 625/1192/919 626/1194/921 601/1193/920
f 626/1194/921 621/172/996 599/174/922
f 607/1195/543 641/1302/543 643/1196/565
f 612/1197/923 643/1196/565 644/1198/566
f 611/1199/924 644/1198/566 645/1200/925
f 610/1202/926 645/1306/925 646/1203/569
f 609/1204/927 646/1203/569 647/1205/928
f 608/1206/929 647/1205/928 642/186/642
f 523/1097/528 528/1098/529 633/1207/930
f 528/1098/529 527/1099/530 632/1209/931
f 632/1209/931 527/1099/530 526/1100/848
f 631/1211/932 526/1101/848 525/1102/849
f 630/1212/933 525/1102/849 524/1103/850
f 524/1103/850 522/14/851 627/163/542
f 648/1214/543 650/1217/935 696/1215/934
f 650/1217/935 651/1219/937 695/1218/936
f 651/1219/937 652/1221/939 694/1220/938
f 652/1221/939 653/1262/941 693/1222/940
f 653/1223/941 654/1226/943 692/1224/942
f 654/1226/943 649/209/970 690/191/944
f 670/1227/528 600/1185/528 605/1184/583
f 605/1184/583 604/1187/585 674/1229/946
f 674/1229/946 604/1187/585 603/1188/916
f 673/1231/587 603/1191/916 602/1190/918
f 602/1190/918 601/1193/920 671/1233/948
f 601/1193/920 599/174/922 669/178/949
f 677/1234/528 670/1227/528 675/1228/945
f 675/1228/945 674/1229/946 681/1236/595
f 681/1236/595 674/1229/946 673/1230/587
f 680/1238/596 673/1231/587 672/1232/947
f 672/1232/947 671/1233/948 678/1240/951
f 678/1240/951 671/1233/948 669/178/949
f 705/1241/543 683/2926/528 685/1242/953
f 710/1243/954 685/1242/953 686/1244/619
f 686/1244/619 687/1267/972 708/1246/956
f 708/1247/956 687/2952/972 688/1248/957
f 688/1248/957 689/1266/971 706/1250/628
f 706/1250/628 689/1266/971 684/188/958
f 635/1251/554 697/1268/554 699/1252/960
f 640/1253/961 699/1252/960 700/1254/962
f 639/1255/963 700/1254/962 701/1256/964
f 701/1256/964 702/1272/967 637/1258/966
f 702/1259/967 703/2953/976 636/1260/968
f 636/1260/968 703/2953/976 698/200/633
f 607/1195/543 612/1197/923 650/1217/935
f 612/1197/923 611/1199/924 651/1219/937
f 611/1199/924 610/1201/926 652/1221/939
f 610/1201/926 609/2954/927 653/1262/941
f 609/1204/927 608/1206/929 654/1263/943
f 608/1206/929 606/179/139 649/181/970
f 613/1084/838 677/1234/528 682/1235/950
f 682/1235/950 681/1236/595 616/1089/842
f 681/1236/595 680/1237/596 617/1265/844
f 680/1238/596 679/1239/597 618/1094/845
f 618/1094/845 679/1239/597 678/1240/951
f 619/1096/847 678/1240/951 676/197/952
f 684/188/958 689/1266/971 629/1213/541
f 689/1266/971 688/1248/957 630/1212/933
f 688/1248/957 687/2952/972 631/1211/932
f 687/1267/972 686/1244/619 632/1209/931
f 686/1244/619 685/1242/953 633/1207/930
f 685/1242/953 683/2926/528 628/1208/528
f 697/1268/554 655/1285/554 657/1269/555
f 657/1269/555 658/1287/985 700/1254/962
f 700/1254/962 658/1287/985 659/1270/973
f 701/1256/964 659/1270/973 660/1271/974
f 702/1273/967 660/1290/974 661/1274/975
f 703/1275/976 661/1274/975 656/183/977
f 635/1251/554 640/1253/961 717/1276/572
f 717/1276/572 640/1253/961 639/1255/963
f 639/1255/963 638/1257/965 715/1279/979
f 638/1280/965 637/1261/966 714/1281/980
f 637/1261/966 636/1260/968 713/1283/981
f 636/1260/968 634/194/969 711/196/982
f 662/1284/983 664/1365/1027 657/1269/555
f 657/1269/555 664/1365/1027 665/1286/984
f 658/1287/985 665/1286/984 666/1288/986
f 666/1289/986 667/1292/987 660/1290/974
f 667/1292/987 668/1293/988 661/1274/975
f 668/1293/988 663/202/563 656/183/977
f 719/1294/543 691/1216/543 696/1215/934
f 696/1215/934 695/1218/936 723/1296/608
f 695/1218/936 694/1220/938 722/1297/989
f 694/1298/938 693/1225/940 721/1299/612
f 721/1299/612 693/1225/940 692/1224/942
f 692/1224/942 690/191/944 718/193/990
f 641/1302/543 725/1309/528 727/1303/991
f 643/1196/565 727/1303/991 728/1304/638
f 644/1198/566 728/1304/638 729/1305/639
f 645/1306/925 729/1310/639 730/1307/992
f 646/1203/569 730/1307/992 731/1308/993
f 731/1308/993 726/204/994 642/186/642
f 705/1241/543 710/1243/954 727/1303/991
f 710/1243/954 709/1245/955 728/1304/638
f 709/1245/955 708/1246/956 729/1305/639
f 708/1247/956 707/1249/627 730/1307/992
f 707/1249/627 706/1250/628 731/1308/993
f 731/1308/993 706/1250/628 704/190/959
f 712/1277/554 717/1276/572 622/1311/995
f 717/1276/572 716/1278/978 623/1186/915
f 716/1278/978 715/1279/979 624/1312/917
f 715/1282/979 714/1281/980 625/1192/919
f 714/1281/980 713/1283/981 626/1194/921
f 713/1283/981 711/196/982 621/172/996
f 746/6/646 748/1315/997 745/1313/645
f 748/1315/997 749/1327/1005 744/1316/648
f 744/1316/648 749/1327/1005 750/1317/998
f 750/1319/998 751/1322/1001 742/1320/1000
f 751/1322/1001 752/1324/1003 741/1323/1002
f 752/1324/1003 747/222/1007 739/214/655
f 732/1325/646 734/1326/1004 748/1315/997
f 734/1326/1004 735/1340/1010 749/1327/1005
f 749/1327/1005 735/1340/1010 736/1328/1006
f 750/1319/998 736/1342/1006 737/1329/660
f 737/1329/660 738/1330/662 752/1324/1003
f 738/1330/662 733/219/673 747/222/1007
f 740/1314/646 745/1313/645 759/1331/663
f 745/1313/645 744/1316/648 758/1333/664
f 758/1333/664 744/1316/648 743/1318/999
f 743/1321/999 742/1320/1000 756/1335/666
f 742/1320/1000 741/1323/1002 755/1337/1008
f 741/1323/1002 739/214/655 753/216/668
f 760/1338/646 762/1422/1059 734/1326/1004
f 734/1326/1004 762/1422/1059 763/1339/1009
f 763/1339/1009 764/1424/1011 736/1328/1006
f 764/1341/1011 765/1426/1061 737/1329/660
f 737/1329/660 765/1426/1061 766/1343/672
f 766/1343/672 761/217/748 733/219/673
f 768/1344/554 754/1332/646 759/1331/663
f 759/1331/663 758/1333/664 772/1346/1012
f 772/1346/1012 758/1333/664 757/1334/665
f 757/1336/665 756/1335/666 770/1348/1014
f 770/1348/1014 756/1335/666 755/1337/1008
f 755/1337/1008 753/216/668 767/221/1016
f 782/1351/554 768/1344/554 773/1345/685
f 787/1352/1017 773/1345/685 772/1346/1012
f 786/1353/1018 772/1346/1012 771/1347/1013
f 771/1349/1013 770/1348/1014 784/1355/1020
f 784/1355/1020 770/1348/1014 769/1350/1015
f 769/1350/1015 767/221/1016 781/226/1022
f 782/1351/554 787/1352/1017 780/1358/1023
f 787/1352/1017 786/1353/1018 779/1360/676
f 786/1353/1018 785/1354/1019 778/1361/1024
f 785/1356/1019 784/1355/1020 777/1362/680
f 777/1362/680 784/1355/1020 783/1357/1021
f 776/1364/1025 783/1357/1021 781/226/1022
f 662/1284/983 775/1359/646 780/1358/1023
f 780/1358/1023 779/1360/676 665/1286/984
f 779/1360/676 778/1361/1024 666/1288/986
f 778/1363/1024 777/1362/680 667/1292/987
f 667/1292/987 777/1362/680 776/1364/1025
f 776/1364/1025 774/206/1026 663/202/563
f 719/1294/543 724/1295/606 794/1366/694
f 724/1295/606 723/1296/608 793/1368/696
f 723/1296/608 722/1297/989 792/1369/1028
f 722/1300/989 721/1299/612 791/1370/698
f 791/1370/698 721/1299/612 720/1301/614
f 720/1301/614 718/193/990 788/212/1030
f 795/1373/543 797/1383/1038 815/1374/1031
f 815/1374/1031 797/1383/1038 798/1376/1032
f 798/1376/1032 799/1384/1039 813/1378/1034
f 813/1379/1034 799/1385/1039 800/1380/714
f 800/1380/714 801/1386/1040 811/1382/1036
f 811/1382/1036 801/1386/1040 796/229/1037
f 795/1373/543 789/1367/695 794/1366/694
f 794/1366/694 793/1368/696 798/1376/1032
f 793/1368/696 792/1369/1028 799/1384/1039
f 792/1371/1028 791/1370/698 800/1380/714
f 791/1370/698 790/1372/1029 801/1386/1040
f 790/1372/1029 788/212/1030 796/229/1037
f 810/1375/695 815/1374/1031 822/1387/701
f 815/1374/1031 814/1377/1033 821/1389/703
f 814/1377/1033 813/1378/1034 820/1390/1041
f 813/1379/1034 812/1381/1035 819/1391/707
f 812/1381/1035 811/1382/1036 818/1393/1042
f 818/1393/1042 811/1382/1036 809/236/724
f 824/1394/695 817/1388/695 822/1387/701
f 822/1387/701 821/1389/703 828/1396/718
f 821/1389/703 820/1390/1041 827/1397/1043
f 820/1392/1041 819/1391/707 826/1398/1044
f 819/1391/707 818/1393/1042 825/1400/1045
f 825/1400/1045 818/1393/1042 816/237/710
f 831/151/695 824/1394/695 829/1395/717
f 829/1395/717 828/1396/718 835/1402/1047
f 835/1402/1047 828/1396/718 827/1397/1043
f 827/1399/1043 826/1398/1044 833/1404/1049
f 826/1398/1044 825/1400/1045 832/1406/1050
f 825/1400/1045 823/239/75 830/241/1051
f 831/151/695 836/1401/1046 843/1407/725
f 843/1407/725 836/1401/1046 835/1402/1047
f 835/1402/1047 834/1403/1048 841/1410/728
f 841/1411/728 834/1405/1048 833/1404/1049
f 833/1404/1049 832/1406/1050 839/1413/1053
f 839/1413/1053 832/1406/1050 830/241/1051
f 838/1408/695 843/1407/725 850/1414/736
f 850/1414/736 843/1407/725 842/1409/727
f 842/1409/727 841/1410/728 848/1417/738
f 841/1411/728 840/1412/1052 847/1418/1055
f 840/1412/1052 839/1413/1053 846/1420/1056
f 839/1413/1053 837/243/81 844/232/1057
f 760/1338/646 851/1428/646 853/1421/1058
f 853/1421/1058 854/1423/1060 763/1339/1009
f 854/1423/1060 855/1431/745 764/1424/1011
f 855/1425/745 856/1433/1065 765/1426/1061
f 765/1426/1061 856/1433/1065 857/1427/1062
f 857/1427/1062 852/224/1067 761/217/748
f 851/1428/646 865/1436/646 867/1429/749
f 867/1429/749 868/1430/1063 854/1423/1060
f 868/1430/1063 869/1438/1069 855/1431/745
f 855/1425/745 869/1439/1069 870/1432/1064
f 870/1432/1064 871/1434/1066 857/1427/1062
f 871/1434/1066 866/245/1072 852/224/1067
f 858/1435/754 860/1443/1073 867/1429/749
f 867/1429/749 860/1443/1073 861/1437/1068
f 861/1437/1068 862/1446/1076 869/1438/1069
f 869/1439/1069 862/1448/1076 863/1440/1070
f 870/1432/1064 863/1440/1070 864/1441/1071
f 864/1441/1071 859/248/1080 866/245/1072
f 872/1442/754 874/1444/1074 860/1443/1073
f 874/1444/1074 875/1445/1075 861/1437/1068
f 875/1445/1075 876/1471/1077 862/1446/1076
f 876/1447/1077 877/1449/1078 863/1440/1070
f 877/1449/1078 878/1450/1079 864/1441/1071
f 878/1450/1079 873/250/1092 859/248/1080
f 886/1451/754 888/1454/1081 885/1452/761
f 888/1454/1081 889/1456/1083 884/1455/1082
f 889/1456/1083 890/1458/1085 883/1457/1084
f 890/1458/1085 891/1467/1087 882/1459/1086
f 891/1460/1087 892/1463/1089 881/1461/1088
f 892/1463/1089 887/259/93 879/252/789
f 886/1451/754 893/1473/754 895/1464/773
f 895/1464/773 896/1475/1094 889/1456/1083
f 889/1456/1083 896/1475/1094 897/1465/777
f 890/1458/1085 897/1465/777 898/1466/1090
f 898/1468/1090 899/1480/1098 892/1469/1089
f 892/1469/1089 899/1480/1098 894/254/1091
f 872/1442/754 880/1453/754 885/1452/761
f 874/1444/1074 885/1452/761 884/1455/1082
f 884/1455/1082 883/1457/1084 876/1471/1077
f 876/1447/1077 883/2955/1084 882/1462/1086
f 882/1462/1086 881/1461/1088 878/1450/1079
f 881/1461/1088 879/252/789 873/250/1092
f 914/1472/754 916/1474/1093 895/1464/773
f 916/1474/1093 917/1476/1095 896/1475/1094
f 917/1476/1095 918/1484/1096 897/1465/777
f 918/1477/1096 919/1479/1097 898/1468/1090
f 919/1479/1097 920/1487/1102 899/1480/1098
f 899/1480/1098 920/1487/1102 915/257/1099
f 907/1481/754 909/1586/1172 916/1474/1093
f 916/1474/1093 909/1586/1172 910/1482/1100
f 917/1476/1095 910/1482/1100 911/1483/899
f 911/1485/899 912/1587/1173 919/1479/1097
f 919/1479/1097 912/1587/1173 913/1486/1101
f 913/1486/1101 908/266/1174 915/257/1099
f 922/1488/790 900/1500/792 902/1489/1103
f 902/1489/1103 903/1492/1105 926/1491/1104
f 903/1492/1105 904/1503/796 925/1493/795
f 904/1494/796 905/1497/798 924/1495/1106
f 905/1497/798 906/1507/1113 923/1498/1107
f 923/1498/1107 906/1507/1113 901/261/1108
f 935/1499/790 937/1501/1109 902/1489/1103
f 937/1501/1109 938/1502/1110 903/1492/1105
f 938/1502/1110 939/1504/1111 904/1503/796
f 939/1504/1111 940/1519/1122 905/1505/798
f 905/1497/798 940/2956/1122 941/1506/1112
f 941/1506/1112 936/267/1123 901/261/1108
f 928/1508/790 930/1534/1131 948/1509/1114
f 948/1509/1114 930/1534/1131 931/1511/812
f 931/1511/812 932/1535/1116 946/1513/1115
f 932/1514/1116 933/1517/1118 945/1515/1117
f 933/1517/1118 934/1536/1132 944/1518/1119
f 944/1518/1119 934/1536/1132 929/272/1120
f 943/1510/790 948/1509/1114 937/1501/1109
f 937/1501/1109 948/1509/1114 947/1512/825
f 938/1502/1110 947/1512/825 946/1513/1115
f 946/1513/1115 945/2957/1117 940/1519/1122
f 940/1520/1122 945/1515/1117 944/1518/1119
f 944/1518/1119 942/277/1121 936/279/1123
f 949/1522/790 951/1525/1125 962/1523/1124
f 951/1525/1125 952/1544/1137 961/1526/1126
f 961/1526/1126 952/1544/1137 953/1527/828
f 953/1529/828 954/1545/837 959/1530/1128
f 959/1530/1128 954/1545/837 955/1532/829
f 955/1532/829 950/273/1138 956/270/1130
f 928/1508/790 957/1524/4 962/1523/1124
f 962/1523/1124 961/1526/1126 931/1511/812
f 931/1511/812 961/1526/1126 960/1528/1127
f 960/1531/1127 959/1530/1128 933/1517/1118
f 959/1530/1128 958/1533/1129 934/1536/1132
f 958/1533/1129 956/270/1130 929/272/1120
f 803/1537/790 845/1415/695 850/1414/736
f 808/1538/831 850/1414/736 849/1416/1054
f 849/1416/1054 848/1417/738 806/1540/1134
f 848/1419/738 847/1418/1055 805/1541/834
f 805/1541/834 847/1418/1055 846/1420/1056
f 846/1420/1056 844/232/1057 802/234/1136
f 803/1537/790 808/1538/831 951/1525/1125
f 951/1525/1125 808/1538/831 807/1539/1133
f 807/1539/1133 806/1540/1134 953/1527/828
f 806/1542/1134 805/1541/834 954/1545/837
f 954/1545/837 805/1541/834 804/1543/1135
f 804/1543/1135 802/234/1136 950/273/1138
f 963/1546/1139 965/1549/1141 983/1547/1140
f 965/1549/1141 966/1551/1142 982/1550/892
f 966/1551/1142 967/1612/1144 981/1552/1143
f 967/1553/1144 968/1556/1146 980/1554/1145
f 968/1556/1146 969/1615/1194 979/1557/1147
f 979/1557/1147 969/1615/1194 964/275/883
f 922/1488/790 927/1490/791 997/1558/908
f 927/1490/791 926/1491/1104 996/1560/1149
f 926/1491/1104 925/1493/795 995/1561/1150
f 925/1496/795 924/1495/1106 994/1562/1151
f 924/1495/1106 923/1498/1107 993/1564/1152
f 923/1498/1107 921/263/111 991/293/1153
f 999/1565/1154 1005/1584/792 1007/1566/902
f 1004/1567/1155 1007/1566/902 1008/1568/1156
f 1003/1569/1157 1008/1568/1156 1009/1570/1158
f 1002/1572/1159 1009/1585/1158 1010/1573/1160
f 1001/1574/1161 1010/1573/1160 1011/1575/1162
f 1011/1575/1162 1006/290/1171 998/285/1164
f 999/1565/1154 1004/1567/1155 1018/1577/1165
f 1004/1567/1155 1003/1569/1157 1017/1579/1166
f 1003/1569/1157 1002/1571/1159 1016/1580/1167
f 1002/1572/1159 1001/1574/1161 1015/1581/1168
f 1001/1574/1161 1000/1576/1163 1014/1583/1169
f 1000/1576/1163 998/285/1164 1012/287/1170
f 1005/1584/792 992/1559/792 997/1558/908
f 1007/1566/902 997/1558/908 996/1560/1149
f 1008/1568/1156 996/1560/1149 995/1561/1150
f 1009/1585/1158 995/1563/1150 994/1562/1151
f 1010/1573/1160 994/1562/1151 993/1564/1152
f 993/1564/1152 991/293/1153 1006/290/1171
f 978/1548/792 983/1547/1140 909/1586/1172
f 983/1547/1140 982/1550/892 910/1482/1100
f 982/1550/892 981/1552/1143 911/1483/899
f 981/1555/1143 980/1554/1145 912/1587/1173
f 980/1554/1145 979/1557/1147 913/1486/1101
f 913/1486/1101 979/1557/1147 977/264/1148
f 970/1588/792 972/1591/1176 1025/1589/1175
f 972/1591/1176 973/1593/1177 1024/1592/855
f 973/1593/1177 974/1608/1179 1023/1594/1178
f 974/1595/1179 975/1598/1181 1022/1596/1180
f 975/1598/1181 976/1600/1183 1021/1599/1182
f 976/1600/1183 971/295/1190 1019/299/1184
f 1013/1578/792 1018/1577/1165 1032/1601/1185
f 1018/1577/1165 1017/1579/1166 1031/1603/1186
f 1017/1579/1166 1016/1580/1167 1030/1604/863
f 1016/1582/1167 1015/1581/1168 1029/1605/1187
f 1015/1581/1168 1014/1583/1169 1028/1607/1188
f 1028/1607/1188 1014/1583/1169 1012/287/1170
f 970/1588/792 1027/1602/792 1032/1601/1185
f 972/1591/1176 1032/1601/1185 1031/1603/1186
f 973/1593/1177 1031/1603/1186 1030/1604/863
f 974/1595/1179 1030/1606/863 1029/1605/1187
f 1029/1605/1187 1028/1607/1188 976/1600/1183
f 1028/1607/1188 1026/289/1189 971/295/1190
f 963/1546/1139 984/1616/792 986/1609/872
f 965/1549/1141 986/1609/872 987/1610/873
f 966/1551/1142 987/1610/873 988/1611/1191
f 967/1553/1144 988/1617/1191 989/1613/1192
f 968/1556/1146 989/1613/1192 990/1614/1193
f 990/1614/1193 985/282/1195 964/275/883
f 984/1616/792 1020/1590/792 1025/1589/1175
f 986/1609/872 1025/1589/1175 1024/1592/855
f 987/1610/873 1024/1592/855 1023/1594/1178
f 988/1617/1191 1023/1597/1178 1022/1596/1180
f 989/1613/1192 1022/1596/1180 1021/1599/1182
f 1021/1599/1182 1019/299/1184 985/282/1195
f 1047/1618/1196 1049/1621/1198 1046/1619/1197
f 1049/1621/1198 1050/1623/1200 1045/1622/1199
f 1050/1623/1200 1051/2958/1202 1044/1624/1201
f 1051/1625/1202 1052/1628/1204 1043/1626/1203
f 1052/1628/1204 1053/1630/1206 1042/1629/1205
f 1053/1630/1206 1048/36/2194 1040/311/1207
f 1054/1631/4 1056/1634/1209 1039/1632/1208
f 1056/1634/1209 1057/1636/1211 1038/1635/1210
f 1057/1636/1211 1058/1692/1213 1037/1637/1212
f 1058/1638/1213 1059/1641/1215 1036/1639/1214
f 1059/1641/1215 1060/1643/1217 1035/1642/1216
f 1060/1643/1217 1055/296/1259 1033/298/1218
f 1068/1644/4 1070/1647/1220 1067/1645/1219
f 1070/1647/1220 1071/1649/1222 1066/1648/1221
f 1071/1649/1222 1072/1657/1224 1065/1650/1223
f 1072/1651/1224 1073/1654/1226 1064/1652/1225
f 1073/1654/1226 1074/1656/1228 1063/1655/1227
f 1074/1656/1228 1069/307/177 1061/308/1229
f 1068/1644/4 1034/1633/4 1039/1632/1208
f 1070/1647/1220 1039/1632/1208 1038/1635/1210
f 1071/1649/1222 1038/1635/1210 1037/1637/1212
f 1072/1651/1224 1037/1640/1212 1036/1639/1214
f 1073/1654/1226 1036/1639/1214 1035/1642/1216
f 1074/1656/1228 1035/1642/1216 1033/298/1218
f 1075/1658/4 1077/1661/1231 1088/1659/1230
f 1077/1661/1231 1078/1663/1233 1087/1662/1232
f 1078/1663/1233 1079/1674/1235 1086/1664/1234
f 1079/1665/1235 1080/1668/1237 1085/1666/1236
f 1080/1668/1237 1081/1670/1239 1084/1669/1238
f 1081/1670/1239 1076/312/1246 1082/314/1240
f 1103/1671/4 1105/1672/1241 1077/1661/1231
f 1105/1672/1241 1106/1673/1242 1078/1663/1233
f 1106/1673/1242 1107/1678/1243 1079/1674/1235
f 1107/1675/1243 1108/1676/1244 1080/1668/1237
f 1108/1676/1244 1109/1677/1245 1081/1670/1239
f 1109/1677/1245 1104/303/1247 1076/312/1246
f 1103/1671/4 1041/1620/4 1046/1619/1197
f 1105/1672/1241 1046/1619/1197 1045/1622/1199
f 1106/1673/1242 1045/1622/1199 1044/1624/1201
f 1107/1675/1243 1044/1627/1201 1043/1626/1203
f 1108/1676/1244 1043/1626/1203 1042/1629/1205
f 1109/1677/1245 1042/1629/1205 1040/311/1207
f 1089/1679/4 1091/1682/1249 1102/1680/1248
f 1091/1682/1249 1092/1684/1251 1101/1683/1250
f 1092/1684/1251 1093/1693/1253 1100/1685/1252
f 1093/1686/1253 1094/1689/1255 1099/1687/1254
f 1094/1689/1255 1095/1691/1257 1098/1690/1256
f 1095/1691/1257 1090/316/1260 1096/317/1258
f 1054/1631/4 1097/1681/4 1102/1680/1248
f 1056/1634/1209 1102/1680/1248 1101/1683/1250
f 1057/1636/1211 1101/1683/1250 1100/1685/1252
f 1058/1638/1213 1100/1688/1252 1099/1687/1254
f 1059/1641/1215 1099/1687/1254 1098/1690/1256
f 1060/1643/1217 1098/1690/1256 1096/317/1258
f 1090/316/1260 1095/1691/1257 1084/1669/1238
f 1095/1691/1257 1094/1689/1255 1085/1666/1236
f 1094/1689/1255 1093/1686/1253 1086/1667/1234
f 1093/1693/1253 1092/1684/1251 1087/1662/1232
f 1092/1684/1251 1091/1682/1249 1088/1659/1230
f 1091/1682/1249 1089/1679/4 1083/1660/4
f 1118/1694/4 1110/1706/695 1112/1695/1261
f 1123/1696/1262 1112/1695/1261 1113/1697/1263
f 1122/1698/1264 1113/1697/1263 1114/1699/1265
f 1121/1701/1266 1114/1710/1265 1115/1702/1267
f 1120/1703/1268 1115/1702/1267 1116/1704/1269
f 1119/1705/1270 1116/1704/1269 1111/319/1271
f 1110/1706/695 1124/1713/4 1126/1707/1273
f 1112/1695/1261 1126/1707/1273 1127/1708/1274
f 1113/1697/1263 1127/1708/1274 1128/1709/1275
f 1114/1710/1265 1128/1714/1275 1129/1711/1276
f 1115/1702/1267 1129/1711/1276 1130/1712/1277
f 1116/1704/1269 1130/1712/1277 1125/310/1278
f 1062/1646/4 1067/1645/1219 1126/1707/1273
f 1067/1645/1219 1066/1648/1221 1127/1708/1274
f 1066/1648/1221 1065/1650/1223 1128/1709/1275
f 1065/1653/1223 1064/1652/1225 1129/1711/1276
f 1064/1652/1225 1063/1655/1227 1130/1712/1277
f 1063/1655/1227 1061/308/1229 1125/310/1278
f 1132/32/4 1118/1694/4 1123/1696/1262
f 1137/1715/1279 1123/1696/1262 1122/1698/1264
f 1136/1716/1280 1122/1698/1264 1121/1700/1266
f 1135/1718/1281 1121/1701/1266 1120/1703/1268
f 1134/1719/1282 1120/1703/1268 1119/1705/1270
f 1133/1720/1283 1119/1705/1270 1117/321/1272
f 1138/33/4 1140/1723/1285 1151/1721/1284
f 1140/1723/1285 1141/1725/1287 1150/1724/1286
f 1141/1725/1287 1142/1733/1289 1149/1726/1288
f 1142/1727/1289 1143/1730/1291 1148/1728/1290
f 1143/1730/1291 1144/1732/1293 1147/1731/1292
f 1144/1732/1293 1139/329/1295 1145/330/1294
f 1132/32/4 1137/1715/1279 1140/1723/1285
f 1137/1715/1279 1136/1716/1280 1141/1725/1287
f 1136/1716/1280 1135/1717/1281 1142/1733/1289
f 1135/1718/1281 1134/1719/1282 1143/1730/1291
f 1134/1719/1282 1133/1720/1283 1144/1732/1293
f 1133/1720/1283 1131/326/196 1139/329/1295
f 1146/1722/4 1151/1721/1284 1158/1734/1296
f 1151/1721/1284 1150/1724/1286 1157/1736/1297
f 1150/1724/1286 1149/1726/1288 1156/1737/1298
f 1149/1729/1288 1148/1728/1290 1155/1738/1299
f 1148/1728/1290 1147/1731/1292 1154/1740/1300
f 1154/1740/1300 1147/1731/1292 1145/330/1294
f 1160/1741/792 1153/1735/4 1158/1734/1296
f 1165/1742/1302 1158/1734/1296 1157/1736/1297
f 1164/1743/1303 1157/1736/1297 1156/1737/1298
f 1163/1745/1304 1156/1739/1298 1155/1738/1299
f 1162/1746/1305 1155/1738/1299 1154/1740/1300
f 1161/1747/1306 1154/1740/1300 1152/332/1301
f 1160/1741/792 1165/1742/1302 1172/1748/1308
f 1165/1742/1302 1164/1743/1303 1171/1750/1309
f 1164/1743/1303 1163/1744/1304 1170/1751/1310
f 1163/1744/1304 1162/2959/1305 1169/1752/1311
f 1162/1746/1305 1161/1747/1306 1168/1753/1312
f 1161/1747/1306 1159/335/1307 1166/337/1313
f 57/34/276 1048/36/2194 1053/1630/1206
f 71/420/274 1053/1630/1206 1052/1628/1204
f 72/422/277 1052/1628/1204 1051/1625/1202
f 73/445/279 1051/2958/1202 1050/1623/1200
f 89/441/292 1050/1623/1200 1049/1621/1198
f 85/435/287 1049/1621/1198 1047/1618/1196
f 1166/338/1313 1173/340/1319 1175/1755/1314
f 1168/1756/1312 1175/1755/1314 1176/1757/1315
f 1169/1752/1311 1176/2960/1315 1177/1759/1316
f 1170/1751/1310 1177/1759/1316 1178/1760/1317
f 1171/1750/1309 1178/1760/1317 1179/1761/1318
f 1172/1748/1308 1179/1761/1318 1174/1762/646
f 1173/344/1319 1187/346/1326 1189/1763/1320
f 1175/1764/1314 1189/1763/1320 1190/1765/1321
f 1176/1766/1315 1190/1765/1321 1191/1767/1322
f 1177/1759/1316 1191/1775/1322 1192/1769/1323
f 1178/1760/1317 1192/1769/1323 1193/1770/1324
f 1179/1761/1318 1193/1770/1324 1188/1771/983
f 1180/348/1325 1182/1772/1327 1189/1763/1320
f 1182/1772/1327 1183/1773/1328 1190/1765/1321
f 1183/1773/1328 1184/1781/1329 1191/1767/1322
f 1184/1774/1329 1185/1776/1330 1192/1769/1323
f 1185/1776/1330 1186/1777/1331 1193/1770/1324
f 1186/1777/1331 1181/1785/4 1188/1771/983
f 1180/348/1325 130/360/1342 132/1778/1332
f 1182/1772/1327 132/1778/1332 133/1779/1333
f 1183/1773/1328 133/1779/1333 134/1780/1334
f 1184/1774/1329 134/1789/1334 135/1782/1335
f 1185/1776/1330 135/1782/1335 136/1783/1336
f 1186/1777/1331 136/1783/1336 131/1784/4
f 133/1779/1333 1202/1787/1337 1203/1788/1338
f 134/1789/1334 1203/1793/1338 1204/1790/1339
f 135/1782/1335 1204/1790/1339 1205/1791/1340
f 136/1783/1336 1205/1791/1340 1201/341/1341
f 1213/358/335 1219/493/334 132/1786/1332
f 1219/493/334 1223/498/340 1202/1787/1337
f 1223/498/340 1241/502/344 1203/1788/1338
f 1241/1792/344 1240/525/365 1204/1790/1339
f 1240/525/365 1239/520/360 1205/1791/1340
f 1239/520/360 1215/522/362 1201/341/1341
f 1214/352/350 1206/349/1349 1208/1794/1343
f 1228/1795/348 1208/1794/1343 1209/1796/1344
f 1229/513/351 1209/1796/1344 1210/1797/1345
f 1230/532/353 1210/1804/1345 1211/1798/1346
f 1246/528/367 1211/1798/1346 1212/1799/1347
f 1242/521/361 1212/1799/1347 1207/1800/1348
f 1206/349/1349 1194/15/1356 1196/1801/1350
f 1208/1794/1343 1196/1801/1350 1197/1802/1351
f 1209/1796/1344 1197/1802/1351 1198/1803/1352
f 1210/1804/1345 1198/1808/1352 1199/1805/1353
f 1211/1798/1346 1199/1805/1353 1200/1806/1354
f 1212/1799/1347 1200/1806/1354 1195/1807/1355
f 95/17/325 122/479/324 1196/1801/1350
f 122/479/324 126/484/329 1197/1802/1351
f 126/484/329 110/488/332 1198/1803/1352
f 1198/1808/1352 110/2932/332 109/468/316
f 1199/1805/1353 109/468/316 108/466/314
f 1200/1806/1354 108/466/314 94/342/311
f 1326/19/472 1251/551/385 1268/553/387
f 1350/658/476 1268/553/387 1272/559/393
f 1351/660/475 1272/564/393 1255/541/375
f 1352/638/456 1255/541/375 1254/539/373
f 1334/634/452 1254/539/373 1253/540/374
f 1330/628/446 1253/540/374 1250/536/370
f 1288/598/424 1305/597/423 1265/554/388
f 1305/597/423 1309/603/429 1266/556/390
f 1309/603/429 1292/607/412 1267/1809/406
f 1292/586/412 1291/584/410 1283/575/403
f 1291/584/410 1290/582/407 1279/569/398
f 1290/582/407 1287/2/409 1252/570/399
f 1368/1810/1357 1374/2921/16 1376/1811/1358
f 1376/1811/1358 1377/1814/1361 1372/1813/1360
f 1377/1814/1361 1378/1824/1372 1371/1815/1362
f 1371/1816/1362 1378/2961/1372 1379/1817/1363
f 1379/1817/1363 1380/1820/1366 1369/1819/1365
f 1380/1820/1366 1375/351/1368 1367/10/1367
f 1375/351/1368 1380/1820/1366 1401/1821/1369
f 1401/1821/1369 1380/1820/1366 1379/1817/1363
f 1379/1817/1363 1378/2961/1372 1399/1823/1371
f 1378/1824/1372 1377/1814/1361 1398/1825/1373
f 1377/1814/1361 1376/1811/1358 1397/1827/1374
f 1376/1811/1358 1374/2921/16 1395/1828/1357
f 1487/80/1375 1396/62/11 1401/1821/1369
f 1492/1829/1376 1401/1821/1369 1400/1822/1370
f 1400/1822/1370 1399/1823/1371 1490/1831/1378
f 1490/1832/1378 1399/1826/1371 1398/1825/1373
f 1489/1833/1379 1398/1825/1373 1397/1827/1374
f 1488/1834/1380 1397/1827/1374 1395/1828/1357
f 1402/47/1381 1404/1859/1405 1415/1836/1382
f 1415/1836/1382 1404/1859/1405 1405/1837/1384
f 1414/1839/1385 1405/2962/1384 1406/1840/1386
f 1406/1840/1386 1407/1863/1408 1412/1842/1388
f 1412/1842/1388 1407/1863/1408 1408/1843/1389
f 1411/1844/1390 1408/1843/1389 1403/1845/1391
f 1416/49/1392 1418/1848/1395 1506/1847/1393
f 1418/1848/1395 1419/1850/1397 1505/1849/1396
f 1419/1850/1397 1420/2011/1532 1504/1851/1398
f 1504/1852/1398 1420/2012/1532 1421/1853/1399
f 1421/1853/1399 1422/1856/1402 1502/1855/1401
f 1422/1856/1402 1417/2013/1403 1500/1857/1403
f 1402/47/1381 1423/99/1478 1425/1858/1404
f 1425/1858/1404 1426/1860/1406 1405/1837/1384
f 1426/1860/1406 1427/1951/1407 1406/1861/1386
f 1427/1862/1407 1428/1864/1409 1407/1863/1408
f 1428/1864/1409 1429/1865/1410 1408/1843/1389
f 1429/1865/1410 1424/1955/1391 1403/1845/1391
f 1430/83/1411 1432/1867/1414 1394/1866/1412
f 1432/1867/1414 1433/1935/1468 1393/1868/1415
f 1393/1868/1415 1433/1935/1468 1434/1869/1416
f 1434/1871/1416 1435/1939/1471 1391/1872/1418
f 1391/1872/1418 1435/1939/1471 1436/1874/1419
f 1390/1875/1420 1436/1874/1419 1431/1876/1403
f 1444/57/1421 1446/1879/1424 1443/1878/1422
f 1446/1879/1424 1447/1881/1426 1442/1880/1425
f 1447/1881/1426 1448/1899/1428 1441/1882/1427
f 1448/1883/1428 1449/1886/1430 1440/1884/1429
f 1449/1886/1430 1450/1901/1441 1439/1887/1431
f 1439/1887/1431 1450/1901/1441 1445/1888/1357
f 1438/76/1423 1443/1878/1422 1387/1890/1432
f 1387/1890/1432 1443/1878/1422 1442/1880/1425
f 1442/1880/1425 1441/1882/1427 1385/1892/1435
f 1441/1885/1427 1440/1884/1429 1384/1893/1436
f 1440/1884/1429 1439/1887/1431 1383/1895/1437
f 1439/1887/1431 1437/1889/1357 1381/1896/1357
f 1382/8/1433 1387/1890/1432 1369/1819/1365
f 1387/1890/1432 1386/1891/1434 1370/1818/1364
f 1386/1891/1434 1385/1892/1435 1371/1816/1362
f 1371/1815/1362 1385/1894/1435 1384/1893/1436
f 1384/1893/1436 1383/1895/1437 1373/1812/1359
f 1383/1895/1437 1381/1896/1357 1368/1810/1357
f 1444/57/1421 1458/55/1474 1460/1897/1438
f 1460/1897/1438 1461/1946/1475 1447/1881/1426
f 1447/1881/1426 1461/1946/1475 1462/1898/1439
f 1448/1883/1428 1462/1947/1439 1463/1900/1440
f 1463/1900/1440 1464/1948/1476 1450/1901/1441
f 1450/1901/1441 1464/1948/1476 1459/1902/1357
f 1465/52/1442 1467/1904/1445 1478/1903/1443
f 1467/1904/1445 1468/1906/1447 1477/1905/1446
f 1468/1906/1447 1469/2963/1449 1476/1907/1448
f 1469/1908/1449 1470/1911/1451 1475/1909/1450
f 1470/1911/1451 1471/1918/1453 1474/1912/1452
f 1474/1912/1452 1471/1918/1453 1466/1913/1391
f 1410/1915/1383 1415/1916/1382 1467/1904/1445
f 1415/1916/1382 1414/2964/1385 1468/1906/1447
f 1414/1839/1385 1413/1841/1387 1469/1908/1449
f 1413/1841/1387 1412/1842/1388 1470/1911/1451
f 1470/1911/1451 1412/1842/1388 1411/1844/1390
f 1471/1918/1453 1411/1844/1390 1409/1846/1391
f 1480/100/1454 1487/80/1375 1492/1829/1376
f 1492/1829/1376 1491/1830/1377 1484/1920/1456
f 1484/1920/1456 1491/1830/1377 1490/1831/1378
f 1483/1922/1457 1490/1832/1378 1489/1833/1379
f 1482/1923/1458 1489/1833/1379 1488/1834/1380
f 1481/1924/1459 1488/1834/1380 1486/1835/1357
f 1480/100/1454 1485/1919/1455 1457/1926/1460
f 1485/1919/1455 1484/1920/1456 1456/1927/1462
f 1456/1927/1462 1484/1920/1456 1483/1921/1457
f 1483/1922/1457 1482/1923/1458 1454/1929/1464
f 1482/1923/1458 1481/1924/1459 1453/1931/1465
f 1453/1931/1465 1481/1924/1459 1479/1925/1391
f 1493/1933/1466 1495/1934/1467 1432/1867/1414
f 1495/1934/1467 1496/2965/1469 1433/1935/1468
f 1496/1936/1469 1497/1938/1470 1434/1871/1416
f 1497/1938/1470 1498/1940/1472 1435/1939/1471
f 1498/1940/1472 1499/1945/1473 1436/1874/1419
f 1436/1874/1419 1499/1945/1473 1494/1941/1403
f 1501/70/1394 1506/1847/1393 1495/1942/1467
f 1506/1847/1393 1505/1849/1396 1496/1943/1469
f 1505/1944/1396 1504/1852/1398 1497/1938/1470
f 1504/1852/1398 1503/1854/1400 1498/1940/1472
f 1503/1854/1400 1502/1855/1401 1499/1945/1473
f 1502/1855/1401 1500/1857/1403 1494/1941/1403
f 1389/60/1413 1394/1866/1412 1460/1897/1438
f 1394/1866/1412 1393/1868/1415 1461/1946/1475
f 1461/1946/1475 1393/1868/1415 1392/1870/1417
f 1462/1947/1439 1392/1873/1417 1391/1872/1418
f 1391/1872/1418 1390/1875/1420 1464/1948/1476
f 1464/1948/1476 1390/1875/1420 1388/1877/1403
f 1507/74/1477 1509/1949/1479 1425/1858/1404
f 1509/1949/1479 1510/1956/1483 1426/1860/1406
f 1426/1860/1406 1510/1956/1483 1511/1950/1480
f 1511/1952/1480 1512/1953/1481 1428/1864/1409
f 1512/1953/1481 1513/1954/1482 1429/1865/1410
f 1513/1954/1482 1508/1957/1357 1424/1955/1391
f 1452/65/1461 1457/1926/1460 1509/1949/1479
f 1509/1949/1479 1457/1926/1460 1456/1927/1462
f 1510/1956/1483 1456/1927/1462 1455/1928/1463
f 1511/1952/1480 1455/1930/1463 1454/1929/1464
f 1512/1953/1481 1454/1929/1464 1453/1931/1465
f 1513/1954/1482 1453/1931/1465 1451/1932/1357
f 1521/90/1484 1523/1969/1497 1520/1958/1485
f 1520/1958/1485 1523/1969/1497 1524/1959/1487
f 1519/1960/1488 1524/1959/1487 1525/1961/1489
f 1525/1963/1489 1526/1966/1492 1517/1964/1491
f 1526/1966/1492 1527/1973/1501 1516/1967/1493
f 1516/1967/1493 1527/1973/1501 1522/31/1494
f 1528/88/1496 1530/1983/1510 1523/1969/1497
f 1523/1969/1497 1530/1983/1510 1531/1970/1498
f 1531/1970/1498 1532/1985/1499 1525/1961/1489
f 1532/1971/1499 1533/1972/1500 1526/1966/1492
f 1533/1972/1500 1534/1974/1502 1527/1973/1501
f 1534/1974/1502 1529/1989/1495 1522/31/1494
f 1515/78/1486 1520/1958/1485 1548/1975/1503
f 1520/1958/1485 1519/1960/1488 1547/1976/1505
f 1547/1976/1505 1519/1960/1488 1518/1962/1490
f 1546/1978/1506 1518/1965/1490 1517/1964/1491
f 1545/1979/1507 1517/1964/1491 1516/1967/1493
f 1544/1980/1508 1516/1967/1493 1514/1968/1495
f 1528/88/1496 1535/92/1580 1537/1982/1509
f 1530/1983/1510 1537/1982/1509 1538/1984/1511
f 1538/1984/1511 1539/2070/1512 1532/1985/1499
f 1539/1986/1512 1540/2072/1584 1533/1972/1500
f 1533/1972/1500 1540/2072/1584 1541/1987/1513
f 1534/1974/1502 1541/1987/1513 1536/1988/1494
f 1556/96/1514 1558/1991/1517 1569/1990/1515
f 1558/1991/1517 1559/2009/1530 1568/1992/1518
f 1568/1992/1518 1559/2009/1530 1560/1993/1519
f 1560/1995/1519 1561/2010/1531 1566/1996/1521
f 1566/1996/1521 1561/2010/1531 1562/1998/1522
f 1565/1999/1523 1562/1998/1522 1557/2000/1403
f 1543/85/1504 1548/1975/1503 1555/2002/1524
f 1548/1975/1503 1547/1976/1505 1554/2003/1526
f 1554/2003/1526 1547/1976/1505 1546/1977/1506
f 1546/1978/1506 1545/1979/1507 1552/2005/1528
f 1545/1979/1507 1544/1980/1508 1551/2007/1529
f 1551/2007/1529 1544/1980/1508 1542/1981/1495
f 1550/115/1525 1555/2002/1524 1558/1991/1517
f 1555/2002/1524 1554/2003/1526 1559/2009/1530
f 1559/2009/1530 1554/2003/1526 1553/2004/1527
f 1553/2006/1527 1552/2005/1528 1561/2010/1531
f 1552/2005/1528 1551/2007/1529 1562/1998/1522
f 1551/2007/1529 1549/2008/1495 1557/2000/1403
f 1564/98/1516 1569/1990/1515 1418/1848/1395
f 1569/1990/1515 1568/1992/1518 1419/1850/1397
f 1568/1992/1518 1567/1994/1520 1420/2011/1532
f 1567/1997/1520 1566/1996/1521 1421/1853/1399
f 1566/1996/1521 1565/1999/1523 1422/1856/1402
f 1565/1999/1523 1563/2001/1495 1417/2013/1403
f 1473/84/1444 1478/1903/1443 1583/2014/1533
f 1583/2014/1533 1478/1903/1443 1477/1905/1446
f 1582/2015/1534 1477/1905/1446 1476/1907/1448
f 1476/1910/1448 1475/1909/1450 1580/2017/1536
f 1580/2017/1536 1475/1909/1450 1474/1912/1452
f 1579/2019/1537 1474/1912/1452 1472/1914/1391
f 1585/108/1539 1591/104/1560 1593/2021/1540
f 1593/2021/1540 1594/2024/1543 1589/2023/1542
f 1594/2024/1543 1595/2046/1561 1588/2025/1544
f 1588/2026/1544 1595/2047/1561 1596/2027/1545
f 1596/2027/1545 1597/2048/1562 1586/2029/1547
f 1586/2029/1547 1597/2048/1562 1592/2030/1538
f 1571/93/1548 1578/68/41 1583/2014/1533
f 1583/2014/1533 1582/2015/1534 1575/2033/1550
f 1582/2015/1534 1581/2016/1535 1574/2034/1551
f 1581/2018/1535 1580/2017/1536 1573/2035/1552
f 1580/2017/1536 1579/2019/1537 1572/2037/1553
f 1579/2019/1537 1577/2020/1538 1570/2038/1391
f 1585/108/1539 1590/2022/1541 1604/2039/1554
f 1590/2022/1541 1589/2023/1542 1603/2040/1555
f 1603/2040/1555 1589/2023/1542 1588/2025/1544
f 1588/2026/1544 1587/2028/1546 1601/2042/1557
f 1587/2028/1546 1586/2029/1547 1600/2044/1558
f 1586/2029/1547 1584/2031/1538 1598/2045/1559
f 1591/104/1560 1571/93/1548 1576/2032/1549
f 1576/2032/1549 1575/2033/1550 1594/2024/1543
f 1575/2033/1550 1574/2034/1551 1595/2046/1561
f 1574/2036/1551 1573/2035/1552 1596/2027/1545
f 1573/2035/1552 1572/2037/1553 1597/2048/1562
f 1597/2048/1562 1572/2037/1553 1570/2038/1391
f 1605/106/1563 1607/2050/1565 1618/2049/1564
f 1607/2050/1565 1608/2052/1567 1617/2051/1566
f 1608/2052/1567 1609/2059/1569 1616/2053/1568
f 1609/2054/1569 1610/2057/1571 1615/2055/1570
f 1610/2057/1571 1611/2060/1573 1614/2058/1572
f 1614/2058/1572 1611/2060/1573 1606/25/1538
f 1605/106/1563 1599/102/74 1604/2039/1554
f 1604/2039/1554 1603/2040/1555 1608/2052/1567
f 1603/2040/1555 1602/2041/1556 1609/2059/1569
f 1609/2054/1569 1602/2043/1556 1601/2042/1557
f 1610/2057/1571 1601/2042/1557 1600/2044/1558
f 1611/2060/1573 1600/2044/1558 1598/2045/1559
f 1620/110/1574 1613/112/151 1618/2049/1564
f 1625/2061/1575 1618/2049/1564 1617/2051/1566
f 1624/2062/1576 1617/2051/1566 1616/2053/1568
f 1623/2064/1577 1616/2056/1568 1615/2055/1570
f 1615/2055/1570 1614/2058/1572 1621/2066/1579
f 1614/2058/1572 1612/24/1538 1619/2067/1538
f 1535/92/1580 1626/147/1586 1628/2068/1581
f 1537/1982/1509 1628/2068/1581 1629/2069/1582
f 1629/2069/1582 1630/2076/1589 1539/2070/1512
f 1539/1986/1512 1630/2078/1589 1631/2071/1583
f 1540/2072/1584 1631/2071/1583 1632/2073/1585
f 1632/2073/1585 1627/2081/1495 1536/1988/1494
f 1626/147/1586 1633/117/1594 1635/2074/1587
f 1628/2068/1581 1635/2074/1587 1636/2075/1588
f 1636/2075/1588 1637/2084/1590 1630/2076/1589
f 1637/2077/1590 1638/2079/1591 1631/2071/1583
f 1638/2079/1591 1639/2080/1592 1632/2073/1585
f 1639/2080/1592 1634/2087/1495 1627/2081/1495
f 1640/120/1593 1642/2099/1610 1635/2074/1587
f 1635/2074/1587 1642/2099/1610 1643/2082/1595
f 1636/2075/1588 1643/2082/1595 1644/2083/1596
f 1637/2077/1590 1644/2100/1596 1645/2085/1597
f 1638/2079/1591 1645/2085/1597 1646/2086/1598
f 1646/2086/1598 1641/2101/1609 1634/2087/1495
f 1647/122/1599 1649/2089/1602 1660/2088/1600
f 1649/2089/1602 1650/2091/1604 1659/2090/1603
f 1650/2091/1604 1651/2966/1627 1658/2092/1605
f 1658/2093/1605 1651/2121/1627 1652/2094/1606
f 1652/2094/1606 1653/2120/1626 1656/2096/1608
f 1656/2096/1608 1653/2120/1626 1648/2097/1609
f 1655/124/1601 1660/2088/1600 1642/2099/1610
f 1642/2099/1610 1660/2088/1600 1659/2090/1603
f 1643/2082/1595 1659/2090/1603 1658/2092/1605
f 1644/2100/1596 1658/2093/1605 1657/2095/1607
f 1645/2085/1597 1657/2095/1607 1656/2096/1608
f 1646/2086/1598 1656/2096/1608 1654/2098/1609
f 1668/129/158 1670/2103/1613 1667/2102/1611
f 1670/2103/1613 1671/2105/1615 1666/2104/1614
f 1671/2105/1615 1672/2277/1751 1665/2106/1616
f 1665/2107/1616 1672/2278/1751 1673/2108/1617
f 1673/2108/1617 1674/2279/1752 1663/2110/1619
f 1663/2110/1619 1674/2279/1752 1669/2111/1609
f 1662/131/1612 1667/2102/1611 1681/2113/1620
f 1681/2113/1620 1667/2102/1611 1666/2104/1614
f 1680/2115/1622 1666/2967/1614 1665/2107/1616
f 1665/2107/1616 1664/2109/1618 1678/2117/1624
f 1678/2117/1624 1664/2109/1618 1663/2110/1619
f 1663/2110/1619 1661/2112/1609 1675/2119/1609
f 1675/2119/1609 1648/2097/1609 1653/2120/1626
f 1677/2118/1625 1653/2120/1626 1652/2094/1606
f 1678/2117/1624 1652/2094/1606 1651/2121/1627
f 1651/2121/1627 1650/2968/1604 1680/2115/1622
f 1650/2091/1604 1649/2089/1602 1681/2122/1620
f 1681/2122/1620 1649/2089/1602 1647/122/1599
f 1682/133/1628 1684/2138/1641 1702/2125/1629
f 1702/2125/1629 1684/2138/1641 1685/2126/1631
f 1701/2127/1632 1685/2126/1631 1686/2128/1633
f 1700/2130/1634 1686/2141/1633 1687/2131/1635
f 1699/2132/1636 1687/2131/1635 1688/2133/1637
f 1698/2134/1638 1688/2133/1637 1683/2135/1639
f 1689/2137/1640 1691/2139/1642 1684/2138/1641
f 1691/2139/1642 1692/2969/1643 1685/2126/1631
f 1692/2140/1643 1693/2143/1644 1686/2141/1633
f 1693/2143/1644 1694/2144/1645 1687/2131/1635
f 1694/2144/1645 1695/2145/1646 1688/2133/1637
f 1695/2145/1646 1690/2157/1639 1683/2135/1639
f 1718/176/1647 1703/139/1664 1705/2146/1648
f 1705/2146/1648 1706/2149/1651 1722/2148/1650
f 1706/2149/1651 1707/2169/1653 1721/2150/1652
f 1707/2151/1653 1708/2171/1667 1720/2152/1654
f 1720/2152/1654 1708/2171/1667 1709/2154/1655
f 1709/2154/1655 1704/2173/1639 1717/2156/1639
f 1690/2157/1639 1695/2145/1646 1716/2158/1657
f 1716/2158/1657 1695/2145/1646 1694/2144/1645
f 1694/2144/1645 1693/2143/1644 1714/2161/1659
f 1714/2161/1659 1693/2143/1644 1692/2140/1643
f 1692/2163/1643 1691/2970/1642 1712/2164/1661
f 1712/2164/1661 1691/2970/1642 1689/136/1640
f 1710/146/1662 1718/176/1647 1723/2147/1649
f 1712/2164/1661 1723/2147/1649 1722/2148/1650
f 1713/2165/1660 1722/2148/1650 1721/2150/1652
f 1714/2161/1659 1721/2153/1652 1720/2152/1654
f 1715/2160/1658 1720/2152/1654 1719/2155/1656
f 1716/2158/1657 1719/2155/1656 1717/2156/1639
f 1724/144/1663 1726/2167/1665 1705/2146/1648
f 1726/2167/1665 1727/2181/1674 1706/2149/1651
f 1706/2149/1651 1727/2181/1674 1728/2168/1666
f 1728/2170/1666 1729/2182/1675 1708/2171/1667
f 1708/2171/1667 1729/2182/1675 1730/2172/1668
f 1730/2172/1668 1725/2183/1538 1704/2173/1639
f 1620/110/1574 1625/2061/1575 1737/2174/1669
f 1737/2174/1669 1625/2061/1575 1624/2062/1576
f 1624/2062/1576 1623/2063/1577 1735/2176/1671
f 1735/2177/1671 1623/2064/1577 1622/2065/1578
f 1622/2065/1578 1621/2066/1579 1733/2179/1673
f 1621/2066/1579 1619/2067/1538 1731/2180/1538
f 1724/144/1663 1732/113/85 1737/2174/1669
f 1737/2174/1669 1736/2175/1670 1727/2181/1674
f 1736/2175/1670 1735/2176/1671 1728/2168/1666
f 1735/2177/1671 1734/2178/1672 1729/2182/1675
f 1734/2178/1672 1733/2179/1673 1730/2172/1668
f 1730/2172/1668 1733/2179/1673 1731/2180/1538
f 1739/149/1676 1843/198/1803 1845/2184/1677
f 1845/2184/1677 1846/2366/1804 1743/2186/1678
f 1743/2186/1678 1846/2366/1804 1847/2187/1679
f 1742/2189/1680 1847/2367/1679 1848/2190/1360
f 1741/2191/1681 1848/2190/1360 1849/2192/1359
f 1740/2193/1358 1849/2192/1359 1844/2194/1682
f 1739/149/1676 1744/2185/1366 1758/2196/1683
f 1744/2185/1366 1743/2186/1678 1757/2197/1370
f 1743/2186/1678 1742/2188/1680 1756/2198/1685
f 1742/2189/1680 1741/2191/1681 1755/2199/1373
f 1741/2191/1681 1740/2193/1358 1754/2201/1686
f 1740/2193/1358 1738/2195/16 1752/2202/1357
f 1759/182/1687 1761/2204/1689 1751/2203/1688
f 1761/2204/1689 1762/2206/1691 1750/2205/1690
f 1762/2206/1691 1763/2217/1693 1749/2207/1692
f 1763/2208/1693 1764/2211/1695 1748/2209/1694
f 1764/2211/1695 1765/2213/1697 1747/2212/1696
f 1765/2213/1697 1760/2221/1698 1745/2214/1698
f 1766/158/1699 1768/2215/1700 1761/2204/1689
f 1768/2215/1700 1769/2223/1705 1762/2206/1691
f 1762/2206/1691 1769/2223/1705 1770/2216/1701
f 1763/2208/1693 1770/2225/1701 1771/2218/1702
f 1764/2211/1695 1771/2218/1702 1772/2219/1703
f 1765/2213/1697 1772/2219/1703 1767/2220/1698
f 1766/158/1699 1773/161/128 1775/2222/1704
f 1775/2222/1704 1776/2243/1722 1769/2223/1705
f 1769/2223/1705 1776/2243/1722 1777/2224/1706
f 1770/2225/1701 1777/2246/1706 1778/2226/1707
f 1778/2226/1707 1779/2248/1725 1772/2219/1703
f 1772/2219/1703 1779/2248/1725 1774/2227/1698
f 1781/155/1708 1746/153/120 1751/2203/1688
f 1786/2228/1709 1751/2203/1688 1750/2205/1690
f 1750/2205/1690 1749/2207/1692 1784/2230/1711
f 1749/2210/1692 1748/2209/1694 1783/2231/1712
f 1783/2231/1712 1748/2209/1694 1747/2212/1696
f 1747/2212/1696 1745/2214/1698 1780/2234/1698
f 1802/166/1714 1781/155/1708 1786/2228/1709
f 1786/2228/1709 1785/2229/1710 1806/2236/1716
f 1785/2229/1710 1784/2230/1711 1805/2237/1717
f 1805/2238/1717 1784/2232/1711 1783/2231/1712
f 1804/2239/1718 1783/2231/1712 1782/2233/1713
f 1803/2240/1719 1782/2233/1713 1780/2234/1698
f 1787/165/1720 1789/2242/1721 1775/2222/1704
f 1789/2242/1721 1790/2266/1741 1776/2243/1722
f 1776/2243/1722 1790/2266/1741 1791/2244/1723
f 1791/2245/1723 1792/2247/1724 1778/2226/1707
f 1792/2247/1724 1793/2249/1726 1779/2248/1725
f 1793/2249/1726 1788/2269/1639 1774/2227/1698
f 1802/166/1714 1807/2235/1715 1800/2250/1727
f 1807/2235/1715 1806/2236/1716 1799/2251/1729
f 1799/2251/1729 1806/2236/1716 1805/2237/1717
f 1798/2253/1730 1805/2238/1717 1804/2239/1718
f 1797/2254/1731 1804/2239/1718 1803/2240/1719
f 1796/2255/1732 1803/2240/1719 1801/2241/1698
f 1795/171/1728 1800/2250/1727 1814/2257/1733
f 1814/2257/1733 1800/2250/1727 1799/2251/1729
f 1813/2258/1735 1799/2251/1729 1798/2252/1730
f 1812/2260/1736 1798/2253/1730 1797/2254/1731
f 1797/2254/1731 1796/2255/1732 1810/2262/1738
f 1796/2255/1732 1794/2256/1698 1808/2263/1609
f 1787/165/1720 1815/170/1745 1817/2264/1739
f 1789/2242/1721 1817/2264/1739 1818/2265/1740
f 1818/2265/1740 1819/2272/1748 1791/2244/1723
f 1791/2245/1723 1819/2273/1748 1820/2267/1742
f 1820/2267/1742 1821/2268/1743 1793/2249/1726
f 1821/2268/1743 1816/2276/1639 1788/2269/1639
f 1822/142/1744 1824/2270/1746 1817/2264/1739
f 1824/2270/1746 1825/2271/1747 1818/2265/1740
f 1825/2271/1747 1826/2280/1753 1819/2272/1748
f 1819/2273/1748 1826/2281/1753 1827/2274/1749
f 1827/2274/1749 1828/2275/1750 1821/2268/1743
f 1828/2275/1750 1823/2282/1639 1816/2276/1639
f 1809/169/1734 1814/2257/1733 1670/2103/1613
f 1814/2257/1733 1813/2258/1735 1671/2105/1615
f 1813/2258/1735 1812/2259/1736 1672/2277/1751
f 1672/2278/1751 1812/2260/1736 1811/2261/1737
f 1811/2261/1737 1810/2262/1738 1674/2279/1752
f 1810/2262/1738 1808/2263/1609 1669/2111/1609
f 1697/175/1630 1702/2125/1629 1824/2270/1746
f 1702/2125/1629 1701/2127/1632 1825/2271/1747
f 1825/2271/1747 1701/2127/1632 1700/2129/1634
f 1826/2281/1753 1700/2130/1634 1699/2132/1636
f 1699/2132/1636 1698/2134/1638 1828/2275/1750
f 1828/2275/1750 1698/2134/1638 1696/2136/1639
f 1830/173/1754 1850/199/1826 1852/2283/1755
f 1852/2283/1755 1853/2411/1827 1834/2285/1756
f 1834/2285/1756 1853/2411/1827 1854/2286/1757
f 1833/2288/1758 1854/2412/1757 1855/2289/1440
f 1832/2290/1759 1855/2289/1440 1856/2291/1760
f 1831/2292/1761 1856/2291/1760 1851/2293/1403
f 1871/205/1762 1873/2296/1764 1842/2295/1763
f 1873/2296/1764 1874/2298/1765 1841/2297/1384
f 1874/2298/1765 1875/2404/1407 1840/2299/1386
f 1875/2300/1407 1876/2303/1767 1839/2301/1766
f 1876/2303/1767 1877/2305/1768 1838/2304/1389
f 1877/2305/1768 1872/2408/1391 1836/2306/1391
f 1753/13/1684 1758/2196/1683 1863/2307/1769
f 1863/2307/1769 1758/2196/1683 1757/2197/1370
f 1757/2197/1370 1756/2198/1685 1861/2309/1378
f 1861/2310/1378 1756/2200/1685 1755/2199/1373
f 1860/2311/1770 1755/2199/1373 1754/2201/1686
f 1754/2201/1686 1752/2202/1357 1857/2313/1357
f 1878/2314/1771 1880/2316/1774 1926/2315/1772
f 1880/2316/1774 1881/2971/1801 1925/2317/1775
f 1925/2318/1775 1881/2364/1801 1882/2319/1387
f 1924/2320/1776 1882/2319/1387 1883/2321/1777
f 1883/2321/1777 1884/2365/1802 1922/2323/1779
f 1922/2323/1779 1884/2365/1802 1879/2324/1391
f 1900/177/1780 1830/173/1754 1835/2284/1424
f 1835/2284/1424 1834/2285/1756 1904/2327/1782
f 1834/2285/1756 1833/2287/1758 1903/2328/1783
f 1903/2329/1783 1833/2288/1758 1832/2290/1759
f 1902/2330/1429 1832/2290/1759 1831/2292/1761
f 1901/2331/1431 1831/2292/1761 1829/2294/1357
f 1900/177/1780 1905/2326/1781 1912/2333/1432
f 1905/2326/1781 1904/2327/1782 1911/2334/1785
f 1904/2327/1782 1903/2328/1783 1910/2335/1435
f 1903/2329/1783 1902/2330/1429 1909/2336/1436
f 1902/2330/1429 1901/2331/1431 1908/2338/1437
f 1901/2331/1431 1899/2332/1357 1906/2339/1357
f 1913/213/1454 1915/2369/1806 1940/2340/1786
f 1940/2340/1786 1915/2369/1806 1916/2341/1788
f 1916/2341/1788 1917/2972/1805 1938/2343/1463
f 1938/2344/1463 1917/2368/1805 1918/2345/1790
f 1918/2345/1790 1919/2348/1791 1936/2347/1465
f 1919/2348/1791 1914/2923/1357 1934/2349/1391
f 1927/2350/1792 1929/2352/1795 1870/2351/1793
f 1929/2352/1795 1930/2973/1808 1869/2353/1796
f 1869/2354/1796 1930/2374/1808 1931/2355/1797
f 1931/2355/1797 1932/2358/1472 1867/2357/1799
f 1932/2358/1472 1933/2360/1800 1866/2359/1419
f 1933/2360/1800 1928/2378/1403 1864/2361/1403
f 1878/180/1771 1837/187/142 1842/2295/1763
f 1880/2362/1774 1842/2295/1763 1841/2297/1384
f 1881/2364/1801 1841/2974/1384 1840/2302/1386
f 1840/2302/1386 1839/2301/1766 1883/2321/1777
f 1883/2321/1777 1839/2301/1766 1838/2304/1389
f 1884/2365/1802 1838/2304/1389 1836/2306/1391
f 1843/198/1803 1907/230/1784 1912/2333/1432
f 1912/2333/1432 1911/2334/1785 1846/2366/1804
f 1846/2366/1804 1911/2334/1785 1910/2335/1435
f 1847/2367/1679 1910/2337/1435 1909/2336/1436
f 1909/2336/1436 1908/2338/1437 1849/2192/1359
f 1908/2338/1437 1906/2339/1357 1844/2194/1682
f 1857/2313/1357 1914/2923/1357 1919/2348/1791
f 1859/2312/1380 1919/2348/1791 1918/2345/1790
f 1860/2311/1770 1918/2345/1790 1917/2368/1805
f 1861/2309/1378 1917/2972/1805 1916/2341/1788
f 1862/2308/1377 1916/2341/1788 1915/2369/1806
f 1863/2307/1769 1915/2369/1806 1913/213/1454
f 1885/203/1807 1887/2388/1816 1929/2370/1795
f 1929/2370/1795 1887/2388/1816 1888/2371/1396
f 1888/2373/1396 1889/2375/1809 1931/2355/1797
f 1889/2375/1809 1890/2376/1810 1932/2358/1472
f 1890/2376/1810 1891/2377/1811 1933/2360/1800
f 1891/2377/1811 1886/2394/1403 1928/2378/1403
f 1865/201/1794 1870/2351/1793 1947/2379/1812
f 1947/2379/1812 1870/2351/1793 1869/2353/1796
f 1946/2380/1415 1869/2353/1796 1868/2381/1798
f 1868/2356/1798 1867/2357/1799 1944/2383/1418
f 1867/2357/1799 1866/2359/1419 1943/2385/1420
f 1866/2359/1419 1864/2361/1403 1941/2386/1403
f 1885/203/1807 1892/207/1857 1894/2387/1815
f 1894/2387/1815 1895/2389/1817 1888/2371/1396
f 1895/2389/1817 1896/2464/1818 1889/2390/1809
f 1896/2391/1818 1897/2392/1819 1890/2376/1810
f 1897/2392/1819 1898/2393/1402 1891/2377/1811
f 1898/2393/1402 1893/2465/1403 1886/2394/1403
f 1949/192/1820 1921/210/1773 1926/2315/1772
f 1926/2315/1772 1925/2317/1775 1953/2396/1446
f 1925/2317/1775 1924/2975/1776 1952/2397/1821
f 1952/2398/1821 1924/2320/1776 1923/2322/1778
f 1923/2322/1778 1922/2323/1779 1950/2400/1822
f 1922/2323/1779 1920/2325/1391 1948/2401/1391
f 1955/208/1823 1957/2402/1824 1873/2296/1764
f 1957/2402/1824 1958/2403/1825 1874/2298/1765
f 1958/2403/1825 1959/2409/1480 1875/2404/1407
f 1959/2405/1480 1960/2406/1481 1876/2303/1767
f 1960/2406/1481 1961/2407/1482 1877/2305/1768
f 1961/2407/1482 1956/2410/1391 1872/2408/1391
f 1935/189/1787 1940/2340/1786 1957/2402/1824
f 1957/2402/1824 1940/2340/1786 1939/2342/1789
f 1958/2403/1825 1939/2342/1789 1938/2343/1463
f 1959/2405/1480 1938/2344/1463 1937/2346/1464
f 1960/2406/1481 1937/2346/1464 1936/2347/1465
f 1961/2407/1482 1936/2347/1465 1934/2349/1391
f 1850/199/1826 1942/195/1813 1947/2379/1812
f 1947/2379/1812 1946/2380/1415 1853/2411/1827
f 1946/2380/1415 1945/2382/1814 1854/2286/1757
f 1854/2412/1757 1945/2384/1814 1944/2383/1418
f 1855/2289/1440 1944/2383/1418 1943/2385/1420
f 1856/2291/1760 1943/2385/1420 1941/2386/1403
f 1970/223/1828 1976/231/62 1978/2413/1829
f 1975/2414/1485 1978/2413/1829 1979/2415/1487
f 1974/2416/1488 1979/2415/1487 1980/2417/1489
f 1980/2419/1489 1981/2427/1834 1972/2420/1491
f 1972/2420/1491 1981/2427/1834 1982/2422/1830
f 1971/2423/1493 1982/2422/1830 1977/22/1494
f 1962/218/1496 1964/2424/1831 1978/2413/1829
f 1964/2424/1831 1965/2425/1832 1979/2415/1487
f 1965/2425/1832 1966/2438/1833 1980/2417/1489
f 1966/2426/1833 1967/2440/1844 1981/2427/1834
f 1981/2427/1834 1967/2440/1844 1968/2428/1835
f 1968/2428/1835 1963/2442/1495 1977/22/1494
f 1970/223/1828 1975/2414/1485 1989/2429/1836
f 1989/2429/1836 1975/2414/1485 1974/2416/1488
f 1988/2430/1838 1974/2416/1488 1973/2418/1490
f 1973/2421/1490 1972/2420/1491 1986/2432/1840
f 1972/2420/1491 1971/2423/1493 1985/2434/1841
f 1985/2434/1841 1971/2423/1493 1969/21/1495
f 1962/218/1496 1990/225/1580 1992/2436/1509
f 1992/2436/1509 1993/2437/1842 1965/2425/1832
f 1993/2437/1842 1994/2524/1891 1966/2438/1833
f 1966/2426/1833 1994/2526/1891 1995/2439/1843
f 1995/2439/1843 1996/2441/1845 1968/2428/1835
f 1996/2441/1845 1991/2528/1495 1963/2442/1495
f 1998/220/1846 1984/215/1837 1989/2429/1836
f 1989/2429/1836 1988/2430/1838 2002/2444/1526
f 1988/2430/1838 1987/2431/1839 2001/2445/1527
f 1987/2433/1839 1986/2432/1840 2000/2446/1848
f 1986/2432/1840 1985/2434/1841 1999/2448/1529
f 1985/2434/1841 1983/2435/1495 1997/2449/1495
f 1998/220/1846 2003/2443/1847 2017/2450/1849
f 2003/2443/1847 2002/2444/1526 2016/2451/1850
f 2016/2451/1850 2002/2444/1526 2001/2445/1527
f 2001/2447/1527 2000/2446/1848 2014/2453/1852
f 2000/2446/1848 1999/2448/1529 2013/2455/1522
f 1999/2448/1529 1997/2449/1495 2011/2456/1495
f 2012/247/1514 2017/2450/1849 2010/2457/1853
f 2017/2450/1849 2016/2451/1850 2009/2458/1855
f 2009/2458/1855 2016/2451/1850 2015/2452/1851
f 2015/2454/1851 2014/2453/1852 2007/2460/1521
f 2007/2460/1521 2014/2453/1852 2013/2455/1522
f 2006/2462/1523 2013/2455/1522 2011/2456/1495
f 2005/227/1854 2010/2457/1853 1894/2387/1815
f 2010/2457/1853 2009/2458/1855 1895/2389/1817
f 2009/2458/1855 2008/2459/1856 1896/2464/1818
f 2008/2461/1856 2007/2460/1521 1897/2392/1819
f 2007/2460/1521 2006/2462/1523 1898/2393/1402
f 2006/2462/1523 2004/2463/1403 1893/2465/1403
f 2019/211/1858 1949/192/1820 1954/2395/1443
f 1954/2395/1443 1953/2396/1446 2023/2467/1859
f 1953/2396/1446 1952/2397/1821 2022/2468/1535
f 2022/2469/1535 1952/2398/1821 1951/2399/1450
f 2021/2470/1536 1951/2399/1450 1950/2400/1822
f 2020/2471/1537 1950/2400/1822 1948/2401/1391
f 2025/228/1548 2027/2483/1866 2045/2473/1860
f 2045/2473/1860 2027/2483/1866 2028/2474/1861
f 2028/2474/1861 2029/2484/1867 2043/2476/1863
f 2043/2477/1863 2029/2485/1867 2030/2478/1552
f 2042/2479/1864 2030/2478/1552 2031/2480/1553
f 2031/2480/1553 2026/2486/1538 2039/2482/1538
f 2019/211/1858 2024/2466/1533 2027/2483/1866
f 2024/2466/1533 2023/2467/1859 2028/2474/1861
f 2023/2467/1859 2022/2468/1535 2029/2484/1867
f 2029/2485/1867 2022/2469/1535 2021/2470/1536
f 2030/2478/1552 2021/2470/1536 2020/2471/1537
f 2020/2471/1537 2018/2472/1538 2026/2486/1538
f 2047/281/1868 2040/235/76 2045/2473/1860
f 2045/2473/1860 2044/2475/1862 2051/2488/1870
f 2044/2475/1862 2043/2476/1863 2050/2489/1871
f 2043/2477/1863 2042/2479/1864 2049/2490/1546
f 2049/2490/1546 2042/2479/1864 2041/2481/1865
f 2041/2481/1865 2039/2482/1538 2046/2493/1538
f 2054/238/1872 2047/281/1868 2052/2487/1869
f 2052/2487/1869 2051/2488/1870 2058/2495/1873
f 2051/2488/1870 2050/2489/1871 2057/2496/1874
f 2050/2491/1871 2049/2490/1546 2056/2497/1557
f 2056/2497/1557 2049/2490/1546 2048/2492/1547
f 2048/2492/1547 2046/2493/1538 2053/2500/1538
f 2054/238/1872 2059/2494/1554 2066/2501/1875
f 2066/2501/1875 2059/2494/1554 2058/2495/1873
f 2058/2495/1873 2057/2496/1874 2064/2503/1878
f 2057/2498/1874 2056/2497/1557 2063/2504/1879
f 2063/2504/1879 2056/2497/1557 2055/2499/1558
f 2055/2499/1558 2053/2500/1538 2060/27/1538
f 2061/240/1876 2066/2501/1875 2073/2507/1564
f 2066/2501/1875 2065/2502/1877 2072/2508/1882
f 2065/2502/1877 2064/2503/1878 2071/2509/1883
f 2064/2505/1878 2063/2504/1879 2070/2510/1570
f 2063/2504/1879 2062/2506/1880 2069/2512/1884
f 2062/2506/1880 2060/27/1538 2067/2513/1538
f 2068/242/1881 2073/2507/1564 2080/2514/1885
f 2073/2507/1564 2072/2508/1882 2079/2515/1576
f 2072/2508/1882 2071/2509/1883 2078/2516/1577
f 2078/2517/1577 2071/2511/1883 2070/2510/1570
f 2070/2510/1570 2069/2512/1884 2076/2519/1579
f 2069/2512/1884 2067/2513/1538 2074/2520/1559
f 1990/225/1580 2081/246/1892 2083/2521/1888
f 1992/2436/1509 2083/2521/1888 2084/2522/1889
f 1993/2437/1842 2084/2522/1889 2085/2523/1890
f 2085/2525/1890 2086/2532/1895 1995/2439/1843
f 1995/2439/1843 2086/2532/1895 2087/2527/1585
f 2087/2527/1585 2082/2534/1495 1991/2528/1495
f 2081/246/1892 2095/249/1898 2097/2529/1893
f 2083/2521/1888 2097/2529/1893 2098/2530/1894
f 2098/2530/1894 2099/2536/1590 2085/2523/1890
f 2099/2531/1590 2100/2538/1901 2086/2532/1895
f 2086/2532/1895 2100/2538/1901 2101/2533/1896
f 2101/2533/1896 2096/2541/1495 2082/2534/1495
f 2088/251/1897 2090/2542/1905 2097/2529/1893
f 2097/2529/1893 2090/2542/1905 2091/2535/1899
f 2091/2535/1899 2092/2545/1900 2099/2536/1590
f 2092/2537/1900 2093/2539/1902 2100/2538/1901
f 2093/2539/1902 2094/2540/1903 2101/2533/1896
f 2094/2540/1903 2089/2549/1495 2096/2541/1495
f 2102/253/1904 2104/2571/1922 2090/2542/1905
f 2090/2542/1905 2104/2571/1922 2105/2543/1906
f 2091/2535/1899 2105/2543/1906 2106/2544/1605
f 2092/2537/1900 2106/2572/1605 2107/2546/1607
f 2093/2539/1902 2107/2546/1607 2108/2547/1907
f 2094/2540/1903 2108/2547/1907 2103/2548/1609
f 2116/2550/1908 2118/2976/1917 2115/2551/1909
f 2115/2551/1909 2118/2976/1917 2119/2552/1911
f 2119/2554/1911 2120/2567/1919 2113/2555/1913
f 2113/2555/1913 2120/2567/1919 2121/2557/1914
f 2112/2558/1606 2121/2557/1914 2122/2559/1915
f 2111/2560/1916 2122/2559/1915 2117/2561/1609
f 2123/258/1612 2125/2564/1611 2118/2563/1917
f 2125/2564/1611 2126/2574/1918 2119/2565/1911
f 2126/2566/1918 2127/2568/1616 2120/2567/1919
f 2127/2568/1616 2128/2569/1920 2121/2557/1914
f 2128/2569/1920 2129/2570/1921 2122/2559/1915
f 2129/2570/1921 2124/2580/1609 2117/2561/1609
f 2110/260/1910 2115/2551/1909 2104/2571/1922
f 2115/2551/1909 2114/2553/1912 2105/2543/1906
f 2114/2553/1912 2113/2977/1913 2106/2544/1605
f 2113/2555/1913 2112/2558/1606 2107/2546/1607
f 2112/2558/1606 2111/2560/1916 2108/2547/1907
f 2111/2560/1916 2109/2562/1609 2103/2548/1609
f 2144/269/1923 2146/2581/1928 2125/2564/1611
f 2125/2564/1611 2146/2581/1928 2147/2573/1924
f 2126/2574/1918 2147/2573/1924 2148/2575/1925
f 2148/2577/1925 2149/2585/1930 2128/2569/1920
f 2128/2569/1920 2149/2585/1930 2150/2578/1926
f 2129/2570/1921 2150/2578/1926 2145/2579/1609
f 2137/265/1927 2139/2685/2000 2146/2581/1928
f 2146/2581/1928 2139/2685/2000 2140/2582/1735
f 2147/2573/1924 2140/2582/1735 2141/2583/1929
f 2141/2584/1929 2142/2586/1931 2149/2585/1930
f 2142/2586/1931 2143/2686/2001 2150/2578/1926
f 2150/2578/1926 2143/2686/2001 2138/2587/1609
f 2130/268/1932 2132/2589/1935 2157/2588/1933
f 2132/2589/1935 2133/2591/1937 2156/2590/1936
f 2133/2591/1937 2134/2978/1938 2155/2592/1634
f 2134/2593/1938 2135/2603/1944 2154/2594/1939
f 2154/2594/1939 2135/2603/1944 2136/2596/1637
f 2136/2596/1637 2131/2606/1639 2151/2598/1639
f 2130/268/1932 2165/2927/107 2167/2599/1941
f 2167/2599/1941 2168/2979/1942 2133/2591/1937
f 2168/2600/1942 2169/2619/1952 2134/2593/1938
f 2134/2593/1938 2169/2619/1952 2170/2602/1943
f 2135/2603/1944 2170/2602/1943 2171/2604/1945
f 2136/2596/1637 2171/2604/1945 2166/2605/1639
f 2158/271/1946 2160/2632/1963 2178/2607/1947
f 2178/2607/1947 2160/2632/1963 2161/2608/1650
f 2161/2608/1650 2162/2633/1964 2176/2610/1948
f 2176/2611/1948 2162/2634/1964 2163/2612/1949
f 2163/2612/1949 2164/2635/1965 2174/2614/1657
f 2174/2614/1657 2164/2635/1965 2159/2615/1951
f 2173/284/1662 2178/2607/1947 2167/2617/1941
f 2178/2607/1947 2177/2609/1660 2168/2618/1942
f 2168/2600/1942 2177/2980/1660 2176/2611/1948
f 2176/2611/1948 2175/2613/1950 2170/2602/1943
f 2175/2613/1950 2174/2614/1657 2171/2604/1945
f 2174/2614/1657 2172/2616/1538 2166/2605/1639
f 2179/280/1953 2181/2621/1955 2192/2620/1648
f 2181/2621/1955 2182/2643/1970 2191/2622/1956
f 2191/2622/1956 2182/2643/1970 2183/2623/1957
f 2183/2625/1957 2184/2628/1960 2189/2626/1959
f 2184/2628/1960 2185/2630/1962 2188/2629/1961
f 2185/2630/1962 2180/2644/1639 2186/2631/1639
f 2187/274/1954 2192/2620/1648 2160/2632/1963
f 2160/2632/1963 2192/2620/1648 2191/2622/1956
f 2191/2622/1956 2190/2624/1958 2162/2633/1964
f 2190/2627/1958 2189/2626/1959 2163/2612/1949
f 2163/2612/1949 2189/2626/1959 2188/2629/1961
f 2188/2629/1961 2186/2631/1639 2159/2615/1951
f 2075/244/1886 2080/2514/1885 2038/2636/1966
f 2038/2636/1966 2080/2514/1885 2079/2515/1576
f 2037/2637/1670 2079/2515/1576 2078/2516/1577
f 2078/2517/1577 2077/2518/1887 2035/2639/1968
f 2077/2518/1887 2076/2519/1579 2034/2641/1969
f 2034/2641/1969 2076/2519/1579 2074/2520/1559
f 2033/233/1967 2038/2636/1966 2181/2621/1955
f 2038/2636/1966 2037/2637/1670 2182/2643/1970
f 2037/2637/1670 2036/2638/1671 2183/2623/1957
f 2183/2625/1957 2036/2640/1671 2035/2639/1968
f 2035/2639/1968 2034/2641/1969 2185/2630/1962
f 2034/2641/1969 2032/2642/1538 2180/2644/1639
f 2193/283/1971 2195/2708/2015 2213/2645/1727
f 2213/2645/1727 2195/2708/2015 2196/2646/1973
f 2212/2647/1974 2196/2646/1973 2197/2648/1975
f 2211/2650/1730 2197/2712/1975 2198/2651/1718
f 2210/2652/1976 2198/2651/1718 2199/2653/1719
f 2209/2654/1977 2199/2653/1719 2194/2655/1698
f 2222/292/1744 2152/262/1934 2157/2588/1933
f 2227/2657/1978 2157/2588/1933 2156/2590/1936
f 2156/2590/1936 2155/2592/1634 2225/2659/1980
f 2155/2595/1634 2154/2594/1939 2224/2660/1749
f 2224/2660/1749 2154/2594/1939 2153/2597/1940
f 2223/2662/1981 2153/2597/1940 2151/2598/1639
f 2235/302/1982 2237/2665/1985 2234/2664/1983
f 2237/2665/1985 2238/2667/1987 2233/2666/1986
f 2238/2667/1987 2239/2683/1989 2232/2668/1988
f 2239/2669/1989 2240/2672/1991 2231/2670/1990
f 2240/2672/1991 2241/2674/1993 2230/2673/1992
f 2241/2674/1993 2236/2684/1698 2228/2675/1639
f 2243/286/1994 2229/291/1984 2234/2664/1983
f 2248/2676/1995 2234/2664/1983 2233/2666/1986
f 2247/2677/1996 2233/2666/1986 2232/2668/1988
f 2246/2679/1997 2232/2671/1988 2231/2670/1990
f 2245/2680/1998 2231/2670/1990 2230/2673/1992
f 2244/2681/1999 2230/2673/1992 2228/2675/1639
f 2235/302/1982 2222/292/1744 2227/2657/1978
f 2227/2657/1978 2226/2658/1979 2238/2667/1987
f 2226/2658/1979 2225/2659/1980 2239/2683/1989
f 2225/2661/1980 2224/2660/1749 2240/2672/1991
f 2224/2660/1749 2223/2662/1981 2241/2674/1993
f 2223/2662/1981 2221/2663/1639 2236/2684/1698
f 2208/276/1972 2213/2645/1727 2139/2685/2000
f 2139/2685/2000 2213/2645/1727 2212/2647/1974
f 2140/2582/1735 2212/2647/1974 2211/2649/1730
f 2141/2584/1929 2211/2650/1730 2210/2652/1976
f 2142/2586/1931 2210/2652/1976 2209/2654/1977
f 2143/2686/2001 2209/2654/1977 2207/2656/1698
f 2200/294/2002 2202/2706/2014 2255/2687/1688
f 2255/2687/1688 2202/2706/2014 2203/2688/2004
f 2254/2689/2005 2203/2688/2004 2204/2690/2006
f 2253/2692/2007 2204/2707/2006 2205/2693/2008
f 2252/2694/2009 2205/2693/2008 2206/2695/2010
f 2251/2696/2011 2206/2695/2010 2201/2697/1698
f 2243/286/1994 2248/2676/1995 2262/2699/1700
f 2262/2699/1700 2248/2676/1995 2247/2677/1996
f 2261/2700/2013 2247/2677/1996 2246/2678/1997
f 2260/2702/1701 2246/2679/1997 2245/2680/1998
f 2259/2703/1702 2245/2680/1998 2244/2681/1999
f 2258/2704/1703 2244/2681/1999 2242/2682/1698
f 2200/294/2002 2257/288/2012 2262/2699/1700
f 2262/2699/1700 2261/2700/2013 2203/2688/2004
f 2261/2700/2013 2260/2701/1701 2204/2690/2006
f 2260/2702/1701 2259/2703/1702 2205/2693/2008
f 2259/2703/1702 2258/2704/1703 2206/2695/2010
f 2258/2704/1703 2256/2705/1698 2201/2697/1698
f 2214/300/1708 2216/2709/2016 2195/2708/2015
f 2216/2709/2016 2217/2710/2017 2196/2646/1973
f 2217/2710/2017 2218/2715/2018 2197/2648/1975
f 2218/2711/2018 2219/2713/2019 2198/2651/1718
f 2219/2713/2019 2220/2714/2020 2199/2653/1719
f 2220/2714/2020 2215/2716/1698 2194/2655/1698
f 2250/301/2003 2255/2687/1688 2216/2709/2016
f 2255/2687/1688 2254/2689/2005 2217/2710/2017
f 2254/2689/2005 2253/2691/2007 2218/2715/2018
f 2253/2692/2007 2252/2694/2009 2219/2713/2019
f 2252/2694/2009 2251/2696/2011 2220/2714/2020
f 2251/2696/2011 2249/2698/1698 2215/2716/1698
f 2271/304/2021 2277/35/2195 2279/2717/2022
f 2276/2718/2023 2279/2717/2022 2280/2719/2024
f 2275/2720/2025 2280/2719/2024 2281/2721/2026
f 2274/2723/2027 2281/2981/2026 2282/2724/2028
f 2273/2725/2029 2282/2724/2028 2283/2726/2030
f 2272/2727/2031 2283/2726/2030 2278/2728/2032
f 2264/297/2033 2284/318/2084 2286/2730/2034
f 2269/2731/2035 2286/2730/2034 2287/2732/2036
f 2268/2733/2037 2287/2732/2036 2288/2734/2038
f 2267/2736/2039 2288/2791/2038 2289/2737/2040
f 2266/2738/2041 2289/2737/2040 2290/2739/2042
f 2265/2740/2043 2290/2739/2042 2285/2741/16
f 2292/322/2044 2298/306/176 2300/2743/2045
f 2297/2744/2046 2300/2743/2045 2301/2745/2047
f 2296/2746/2048 2301/2745/2047 2302/2747/2049
f 2295/2749/2050 2302/2756/2049 2303/2750/2051
f 2294/2751/2052 2303/2750/2051 2304/2752/2053
f 2293/2753/2054 2304/2752/2053 2299/2754/16
f 2264/297/2033 2269/2731/2035 2300/2743/2045
f 2269/2731/2035 2268/2733/2037 2301/2745/2047
f 2268/2733/2037 2267/2735/2039 2302/2747/2049
f 2267/2736/2039 2266/2738/2041 2303/2750/2051
f 2266/2738/2041 2265/2740/2043 2304/2752/2053
f 2265/2740/2043 2263/2742/16 2299/2754/16
f 2313/327/2055 2305/313/2066 2307/2757/2056
f 2318/2758/2057 2307/2757/2056 2308/2759/2058
f 2317/2760/2059 2308/2759/2058 2309/2761/2060
f 2316/2763/2061 2309/2773/2060 2310/2764/2062
f 2315/2765/2063 2310/2764/2062 2311/2766/2064
f 2314/2767/2065 2311/2766/2064 2306/2768/16
f 2305/313/2066 2333/305/2072 2335/2770/2067
f 2307/2757/2056 2335/2770/2067 2336/2771/2068
f 2308/2759/2058 2336/2771/2068 2337/2772/2069
f 2309/2773/2060 2337/2777/2069 2338/2774/2070
f 2310/2764/2062 2338/2774/2070 2339/2775/2071
f 2311/2766/2064 2339/2775/2071 2334/2776/16
f 2271/304/2021 2276/2718/2023 2335/2770/2067
f 2276/2718/2023 2275/2720/2025 2336/2771/2068
f 2275/2720/2025 2274/2722/2027 2337/2772/2069
f 2274/2723/2027 2273/2725/2029 2338/2774/2070
f 2273/2725/2029 2272/2727/2031 2339/2775/2071
f 2272/2727/2031 2270/2729/16 2334/2776/16
f 2327/323/2073 2319/315/2085 2321/2778/2074
f 2332/2779/2075 2321/2778/2074 2322/2780/2076
f 2331/2781/2077 2322/2780/2076 2323/2782/2078
f 2330/2784/2079 2323/2792/2078 2324/2785/2080
f 2329/2786/2081 2324/2785/2080 2325/2787/2082
f 2328/2788/2083 2325/2787/2082 2320/2789/16
f 2327/323/2073 2332/2779/2075 2286/2730/2034
f 2332/2779/2075 2331/2781/2077 2287/2732/2036
f 2331/2781/2077 2330/2783/2079 2288/2734/2038
f 2330/2784/2079 2329/2786/2081 2289/2737/2040
f 2329/2786/2081 2328/2788/2083 2290/2739/2042
f 2328/2788/2083 2326/2790/16 2285/2741/16
f 2312/2769/16 2320/2789/16 2325/2787/2082
f 2314/2767/2065 2325/2787/2082 2324/2785/2080
f 2315/2765/2063 2324/2785/2080 2323/2792/2078
f 2316/2762/2061 2323/2782/2078 2322/2780/2076
f 2317/2760/2059 2322/2780/2076 2321/2778/2074
f 2318/2758/2057 2321/2778/2074 2319/315/2085
f 2340/324/2086 2342/2794/2089 2353/2793/2087
f 2342/2794/2089 2343/2796/2091 2352/2795/2090
f 2343/2796/2091 2344/2806/2093 2351/2797/2092
f 2344/2798/2093 2345/2801/2095 2350/2799/2094
f 2345/2801/2095 2346/2803/2097 2349/2802/2096
f 2346/2803/2097 2341/355/16 2347/354/16
f 2354/309/2098 2356/2804/2099 2342/2794/2089
f 2356/2804/2099 2357/2805/2100 2343/2796/2091
f 2357/2805/2100 2358/2810/2101 2344/2806/2093
f 2358/2807/2101 2359/2808/2102 2345/2801/2095
f 2359/2808/2102 2360/2809/2103 2346/2803/2097
f 2360/2809/2103 2355/2811/16 2341/355/16
f 2354/309/2098 2292/322/2044 2297/2744/2046
f 2356/2804/2099 2297/2744/2046 2296/2746/2048
f 2357/2805/2100 2296/2746/2048 2295/2748/2050
f 2358/2807/2101 2295/2749/2050 2294/2751/2052
f 2359/2808/2102 2294/2751/2052 2293/2753/2054
f 2360/2809/2103 2293/2753/2054 2291/2755/16
f 2348/320/2088 2353/2793/2087 2367/2812/2104
f 2353/2793/2087 2352/2795/2090 2366/2813/2106
f 2352/2795/2090 2351/2797/2092 2365/2814/2107
f 2351/2800/2092 2350/2799/2094 2364/2815/2108
f 2350/2799/2094 2349/2802/2096 2363/2817/2109
f 2349/2802/2096 2347/354/16 2361/2818/1538
f 2376/333/2110 2368/328/2121 2370/2819/2111
f 2381/2820/2112 2370/2819/2111 2371/2821/2113
f 2380/2822/2114 2371/2821/2113 2372/2823/2115
f 2379/2825/2116 2372/2832/2115 2373/2826/2117
f 2378/2827/2118 2373/2826/2117 2374/2828/2119
f 2377/2829/2120 2374/2828/2119 2369/2830/16
f 2368/328/2121 2362/325/2105 2367/2812/2104
f 2370/2819/2111 2367/2812/2104 2366/2813/2106
f 2371/2821/2113 2366/2813/2106 2365/2814/2107
f 2372/2832/2115 2365/2816/2107 2364/2815/2108
f 2373/2826/2117 2364/2815/2108 2363/2817/2109
f 2374/2828/2119 2363/2817/2109 2361/2818/1538
f 2376/333/2110 2381/2820/2112 2388/2833/2122
f 2388/2833/2122 2381/2820/2112 2380/2822/2114
f 2387/2834/2124 2380/2822/2114 2379/2824/2116
f 2386/2836/2125 2379/2825/2116 2378/2827/2118
f 2385/2837/2126 2378/2827/2118 2377/2829/2120
f 2384/2838/2127 2377/2829/2120 2375/2831/1538
f 2383/331/2123 2388/2833/2122 2395/2840/2128
f 2388/2833/2122 2387/2834/2124 2394/2841/2130
f 2387/2834/2124 2386/2835/2125 2393/2842/2131
f 2386/2836/2125 2385/2837/2126 2392/2843/2132
f 2385/2837/2126 2384/2838/2127 2391/2845/2133
f 2384/2838/2127 2382/2839/16 2389/2846/1538
f 2397/336/2134 2390/334/2129 2395/2840/2128
f 2402/2847/2135 2395/2840/2128 2394/2841/2130
f 2401/2849/2136 2394/2982/2130 2393/2844/2131
f 2400/2850/2137 2393/2844/2131 2392/2843/2132
f 2399/2851/2138 2392/2843/2132 2391/2845/2133
f 2398/2852/2139 2391/2845/2133 2389/2846/1538
f 2278/2728/2032 2283/2726/2030 1302/596/422
f 2283/2726/2030 2282/2724/2028 1303/599/425
f 2282/2724/2028 2281/2981/2026 1304/601/427
f 2281/2721/2026 2280/2719/2024 1320/618/440
f 2280/2719/2024 2279/2717/2022 1316/612/435
f 2279/2717/2022 2277/35/2195 1289/613/436
f 2403/2854/1403 2405/2855/2140 2398/2852/2139
f 2405/2855/2140 2406/2856/2141 2399/2851/2138
f 2406/2856/2141 2407/2857/2142 2400/2850/2137
f 2407/2857/2142 2408/2983/2143 2401/2849/2136
f 2408/2858/2143 2409/2861/2144 2402/2859/2135
f 2409/2861/2144 2404/339/2151 2397/2862/2134
f 2417/2863/2145 2419/2864/2146 2405/2855/2140
f 2419/2864/2146 2420/2865/2147 2406/2856/2141
f 2420/2865/2147 2421/2876/2148 2407/2857/2142
f 2421/2866/2148 2422/2869/2149 2408/2867/2143
f 2422/2869/2149 2423/2871/2150 2409/2870/2144
f 2423/2871/2150 2418/345/210 2404/2872/2151
f 2417/2863/2145 2410/2880/16 2412/2873/2152
f 2419/2864/2146 2412/2873/2152 2413/2874/2153
f 2420/2865/2147 2413/2874/2153 2414/2875/2154
f 2421/2866/2148 2414/2884/2154 2415/2877/2155
f 2422/2869/2149 2415/2877/2155 2416/2878/2156
f 2423/2871/2150 2416/2878/2156 2411/347/2157
f 1361/2879/16 1363/2881/2158 2412/2873/2152
f 1363/2881/2158 1364/2882/2159 2413/2874/2153
f 1364/2882/2159 1365/2888/2160 2414/2875/2154
f 1365/2883/2160 1366/2885/2161 2415/2877/2155
f 1366/2885/2161 2436/2891/2168 2416/2878/2156
f 2416/2878/2156 2436/2891/2168 1362/359/2162
f 2431/20/2163 2432/2886/2164 1363/2881/2158
f 2432/2886/2164 2433/2887/2165 1364/2882/2159
f 2433/2887/2165 2434/2892/2166 1365/2888/2160
f 2434/2889/2166 2435/2890/2167 1366/2885/2161
f 2431/20/2163 2445/685/498 2462/684/497
f 2432/2886/2164 2462/684/497 2466/691/504
f 2433/2887/2165 2466/691/504 2449/695/486
f 2434/2889/2166 2449/673/486 2448/671/484
f 2435/2890/2167 2448/671/484 2447/669/481
f 2436/2893/2168 2447/669/481 2444/357/483
f 2437/2895/2169 2439/2896/2170 2459/683/496
f 2439/2896/2170 2440/2897/2171 2460/688/501
f 2440/2897/2171 2441/2909/2172 2461/2898/517
f 2441/2899/2172 2442/2902/2173 2477/2900/514
f 2442/2902/2173 2443/2904/2174 2473/2903/509
f 2443/2904/2174 2438/353/2181 2446/2905/510
f 2424/2906/2175 2426/2907/2176 2439/2896/2170
f 2426/2907/2176 2427/2908/2177 2440/2897/2171
f 2427/2908/2177 2428/2913/2178 2441/2909/2172
f 2428/2910/2178 2429/2911/2179 2442/2902/2173
f 2429/2911/2179 2430/2912/2180 2443/2904/2174
f 2430/2912/2180 2425/350/2182 2438/353/2181
f 1326/19/472 1353/656/474 2426/2907/2176
f 1353/656/474 1357/662/479 2427/2908/2177
f 1357/662/479 1341/666/464 2428/2913/2178
f 2428/2910/2178 1341/645/464 1340/643/462
f 2429/2911/2179 1340/643/462 1339/641/459
f 2430/2912/2180 1339/641/459 1325/16/461
f 1250/536/370 1256/538/372 22/364/225
f 1256/538/372 1260/544/378 23/366/227
f 1260/544/378 1278/548/382 24/2914/248
f 1278/573/382 1277/571/400 41/382/244
f 41/382/244 1277/571/400 1276/568/397
f 1276/568/397 1252/570/399 20/1/239
f 1287/2/409 1293/583/408 59/406/259
f 1293/583/408 1297/588/414 60/408/262
f 1297/588/414 1315/592/418 61/410/264
f 1315/616/418 1314/614/437 78/426/281
f 1314/614/437 1313/611/434 74/421/275
f 1313/611/434 1289/613/436 57/34/276
f 1325/16/461 1342/642/460 119/478/323
f 1342/642/460 1346/647/466 120/480/326
f 1346/647/466 1329/651/470 121/482/308
f 1329/2915/470 1328/631/449 103/457/304
f 1328/631/449 1327/629/447 99/451/298
f 1327/629/447 1324/626/444 93/449/296
f 2444/357/483 2450/670/482 1216/492/333
f 2450/670/482 2454/675/488 1217/494/336
f 2454/675/488 2472/679/492 1218/496/338
f 2472/679/492 2471/702/511 1235/514/355
f 2471/702/511 2470/699/508 1231/507/349
f 2470/2916/508 2446/2905/510 1214/352/350
f 93/449/2183 1324/626/2196 1250/536/2184
