
v 0.500000 0.859811 0.473705
v 0.500000 0.999811 0.420000
v 0.505130 0.859811 0.474210
v 0.515607 0.999811 0.421537
v 0.510063 0.859811 0.475707
v 0.530615 0.999811 0.426090
v 0.514609 0.859811 0.478137
v 0.544446 0.999811 0.433482
v 0.518593 0.859811 0.481407
v 0.556569 0.999811 0.443431
v 0.521863 0.859811 0.485391
v 0.566518 0.999811 0.455554
v 0.524293 0.859811 0.489937
v 0.573910 0.999811 0.469385
v 0.525790 0.859811 0.494870
v 0.578463 0.999811 0.484393
v 0.526295 0.859811 0.500000
v 0.580000 0.999811 0.500000
v 0.525790 0.859811 0.505130
v 0.578463 0.999811 0.515607
v 0.524293 0.859811 0.510063
v 0.573910 0.999811 0.530615
v 0.521863 0.859811 0.514609
v 0.566518 0.999811 0.544446
v 0.518593 0.859811 0.518593
v 0.556569 0.999811 0.556569
v 0.514609 0.859811 0.521863
v 0.544446 0.999811 0.566518
v 0.510063 0.859811 0.524293
v 0.530615 0.999811 0.573910
v 0.505130 0.859811 0.525790
v 0.515607 0.999811 0.578463
v 0.500000 0.859811 0.526295
v 0.500000 0.999811 0.580000
v 0.494870 0.859811 0.525790
v 0.484393 0.999811 0.578463
v 0.489937 0.859811 0.524293
v 0.469385 0.999811 0.573910
v 0.485391 0.859811 0.521863
v 0.455554 0.999811 0.566518
v 0.481407 0.859811 0.518593
v 0.443431 0.999811 0.556569
v 0.478137 0.859811 0.514609
v 0.433482 0.999811 0.544446
v 0.475707 0.859811 0.510063
v 0.426090 0.999811 0.530615
v 0.474210 0.859811 0.505130
v 0.421537 0.999811 0.515607
v 0.473705 0.859811 0.500000
v 0.420000 0.999811 0.500000
v 0.474210 0.859811 0.494870
v 0.421537 0.999811 0.484393
v 0.475707 0.859811 0.489937
v 0.426090 0.999811 0.469385
v 0.478137 0.859811 0.485391
v 0.433482 0.999811 0.455554
v 0.481407 0.859811 0.481407
v 0.443431 0.999811 0.443431
v 0.485391 0.859811 0.478137
v 0.455554 0.999811 0.433482
v 0.489937 0.859811 0.475707
v 0.469385 0.999811 0.426090
v 0.494870 0.859811 0.474210
v 0.484393 0.999811 0.421537
v 0.500000 0.859811 0.449589
v 0.509835 0.859811 0.450558
v 0.519291 0.859811 0.453426
v 0.528007 0.859811 0.458085
v 0.535646 0.859811 0.464354
v 0.541915 0.859811 0.471993
v 0.546574 0.859811 0.480709
v 0.549442 0.859811 0.490165
v 0.550411 0.859811 0.500000
v 0.549442 0.859811 0.509835
v 0.546574 0.859811 0.519292
v 0.541915 0.859811 0.528007
v 0.535646 0.859811 0.535646
v 0.528007 0.859811 0.541915
v 0.519291 0.859811 0.546574
v 0.509835 0.859811 0.549442
v 0.500000 0.859811 0.550411
v 0.490165 0.859811 0.549442
v 0.480708 0.859811 0.546574
v 0.471993 0.859811 0.541915
v 0.464354 0.859811 0.535646
v 0.458085 0.859811 0.528007
v 0.453426 0.859811 0.519292
v 0.450558 0.859811 0.509835
v 0.449589 0.859811 0.500000
v 0.450558 0.859811 0.490165
v 0.453426 0.859811 0.480709
v 0.458085 0.859811 0.471993
v 0.464354 0.859811 0.464354
v 0.471993 0.859811 0.458085
v 0.480708 0.859811 0.453426
v 0.490165 0.859811 0.450558
v 0.500000 0.809811 0.473705
v 0.505130 0.809811 0.474210
v 0.510063 0.809811 0.475707
v 0.514609 0.809811 0.478137
v 0.518593 0.809811 0.481407
v 0.521863 0.809811 0.485391
v 0.524293 0.809811 0.489937
v 0.525790 0.809811 0.494870
v 0.526295 0.809811 0.500000
v 0.525790 0.809811 0.505130
v 0.524293 0.809811 0.510063
v 0.521863 0.809811 0.514609
v 0.518593 0.809811 0.518593
v 0.514609 0.809811 0.521863
v 0.510063 0.809811 0.524293
v 0.505130 0.809811 0.525790
v 0.500000 0.809811 0.526295
v 0.494870 0.809811 0.525790
v 0.489937 0.809811 0.524293
v 0.485391 0.809811 0.521863
v 0.481407 0.809811 0.518593
v 0.478137 0.809811 0.514609
v 0.475707 0.809811 0.510063
v 0.474210 0.809811 0.505130
v 0.473705 0.809811 0.500000
v 0.474210 0.809811 0.494870
v 0.475707 0.809811 0.489937
v 0.478137 0.809811 0.485391
v 0.481407 0.809811 0.481407
v 0.485391 0.809811 0.478137
v 0.489937 0.809811 0.475707
v 0.494870 0.809811 0.474210
vn -0.0000 -0.2068 -0.9784
vn 0.1909 -0.2068 -0.9596
vn 0.3744 -0.2068 -0.9039
vn 0.5436 -0.2068 -0.8135
vn 0.6918 -0.2068 -0.6918
vn 0.8135 -0.2068 -0.5436
vn 0.9039 -0.2068 -0.3744
vn 0.9596 -0.2068 -0.1909
vn 0.9784 -0.2068 -0.0000
vn 0.9596 -0.2068 0.1909
vn 0.9039 -0.2068 0.3744
vn 0.8135 -0.2068 0.5436
vn 0.6918 -0.2068 0.6918
vn 0.5436 -0.2068 0.8135
vn 0.3744 -0.2068 0.9039
vn 0.1909 -0.2068 0.9596
vn -0.0000 -0.2068 0.9784
vn -0.1909 -0.2068 0.9596
vn -0.3744 -0.2068 0.9039
vn -0.5436 -0.2068 0.8135
vn -0.6918 -0.2068 0.6918
vn -0.8135 -0.2068 0.5436
vn -0.9039 -0.2068 0.3744
vn -0.9596 -0.2068 0.1909
vn -0.9784 -0.2068 -0.0000
vn -0.9596 -0.2068 -0.1909
vn -0.9039 -0.2068 -0.3744
vn -0.8135 -0.2068 -0.5436
vn -0.6918 -0.2068 -0.6918
vn -0.5436 -0.2068 -0.8135
vn -0.3744 -0.2068 -0.9039
vn -0.0000 1.0000 -0.0000
vn -0.1909 -0.2068 -0.9596
vn -0.9808 -0.0000 -0.1951
vn -0.9239 -0.0000 -0.3827
vn -0.0000 -1.0000 -0.0000
vn 0.7071 -0.0000 0.7071
vn 0.5556 -0.0000 0.8315
vn -0.8315 -0.0000 -0.5556
vn 0.3827 -0.0000 0.9239
vn -0.0000 -0.0000 -1.0000
vn 0.1951 -0.0000 -0.9808
vn -0.7071 -0.0000 -0.7071
vn 0.1951 -0.0000 0.9808
vn 0.3827 -0.0000 -0.9239
vn -0.5556 -0.0000 -0.8315
vn -0.0000 -0.0000 1.0000
vn 0.5556 -0.0000 -0.8315
vn -0.3827 -0.0000 -0.9239
vn -0.1951 -0.0000 0.9808
vn 0.7071 -0.0000 -0.7071
vn -0.1951 -0.0000 -0.9808
vn -0.3827 -0.0000 0.9239
vn 0.8315 -0.0000 -0.5556
vn -0.5556 -0.0000 0.8315
vn 0.9239 -0.0000 -0.3827
vn -0.7071 -0.0000 0.7071
vn 0.9808 -0.0000 -0.1951
vn -0.8315 -0.0000 0.5556
vn 1.0000 -0.0000 -0.0000
vn -0.9239 -0.0000 0.3827
vn 0.9808 -0.0000 0.1951
vn -0.9808 -0.0000 0.1951
vn 0.9239 -0.0000 0.3827
vn -1.0000 -0.0000 -0.0000
vn 0.8315 -0.0000 0.5556
vt 0.603246 0.574087
vt 0.556712 0.573632
vt 0.556767 0.568604
vt 0.603280 0.570919
vt 0.556927 0.563866
vt 0.603381 0.567933
vt 0.557188 0.559602
vt 0.603546 0.565246
vt 0.557540 0.555973
vt 0.603767 0.562960
vt 0.710420 0.050238
vt 0.664192 0.056863
vt 0.663841 0.052604
vt 0.710199 0.047554
vt 0.663580 0.047871
vt 0.710034 0.044572
vt 0.663419 0.042846
vt 0.709933 0.041405
vt 0.663365 0.037720
vt 0.709899 0.038175
vt 0.663419 0.032692
vt 0.709933 0.035007
vt 0.663580 0.027955
vt 0.710034 0.032022
vt 0.663841 0.023690
vt 0.710199 0.029334
vt 0.664192 0.020062
vt 0.710420 0.027048
vt 0.603767 0.508864
vt 0.557540 0.515850
vt 0.557188 0.512222
vt 0.603546 0.506577
vt 0.556927 0.507957
vt 0.603381 0.503890
vt 0.556767 0.503219
vt 0.603280 0.500905
vt 0.556712 0.498191
vt 0.603246 0.497736
vt 0.556767 0.493066
vt 0.603280 0.494507
vt 0.556927 0.488040
vt 0.603381 0.491340
vt 0.557188 0.483307
vt 0.603546 0.488357
vt 0.557540 0.479049
vt 0.603767 0.485674
vt 0.710420 0.127162
vt 0.664192 0.133787
vt 0.663841 0.129529
vt 0.710199 0.124479
vt 0.663580 0.124796
vt 0.710034 0.121496
vt 0.663419 0.119770
vt 0.709933 0.118329
vt 0.663365 0.114645
vt 0.709899 0.115100
vt 0.663419 0.109617
vt 0.709933 0.111931
vt 0.663580 0.104879
vt 0.710034 0.108946
vt 0.663841 0.100614
vt 0.710199 0.106259
vt 0.664192 0.096986
vt 0.710420 0.103972
vt 0.603767 0.586149
vt 0.557540 0.592774
vt 0.557188 0.588516
vt 0.603546 0.583466
vt 0.556927 0.583783
vt 0.603381 0.580484
vt 0.580170 0.126715
vt 0.585296 0.126715
vt 0.590323 0.127714
vt 0.595058 0.129676
vt 0.599320 0.132524
vt 0.602945 0.136148
vt 0.605792 0.140410
vt 0.607754 0.145145
vt 0.608754 0.150172
vt 0.608754 0.155298
vt 0.607754 0.160325
vt 0.605792 0.165061
vt 0.602945 0.169323
vt 0.599320 0.172947
vt 0.595058 0.175795
vt 0.590323 0.177756
vt 0.585296 0.178756
vt 0.580170 0.178756
vt 0.575143 0.177756
vt 0.570408 0.175795
vt 0.566146 0.172947
vt 0.562521 0.169322
vt 0.559674 0.165061
vt 0.557712 0.160325
vt 0.556712 0.155298
vt 0.556712 0.150172
vt 0.557712 0.145145
vt 0.559674 0.140410
vt 0.562521 0.136148
vt 0.566146 0.132524
vt 0.570408 0.129676
vt 0.575143 0.127714
vt 0.556767 0.578757
vt 0.603280 0.577317
vt 0.750579 0.300117
vt 0.750648 0.298560
vt 0.766895 0.298560
vt 0.766826 0.300117
vt 0.685214 0.587412
vt 0.686405 0.586220
vt 0.692498 0.591221
vt 0.690214 0.593504
vt 0.683813 0.588348
vt 0.687529 0.595299
vt 0.682257 0.588992
vt 0.684545 0.596535
vt 0.680604 0.589321
vt 0.681377 0.597165
vt 0.678919 0.589321
vt 0.678147 0.597165
vt 0.677267 0.588992
vt 0.674979 0.596535
vt 0.675711 0.588348
vt 0.671995 0.595299
vt 0.674310 0.587412
vt 0.669310 0.593504
vt 0.673119 0.586220
vt 0.667026 0.591221
vt 0.672183 0.584820
vt 0.665231 0.588535
vt 0.671538 0.583263
vt 0.663995 0.585551
vt 0.671209 0.581611
vt 0.663365 0.582383
vt 0.671209 0.579926
vt 0.663365 0.579153
vt 0.671538 0.578274
vt 0.663995 0.575986
vt 0.672183 0.576717
vt 0.665231 0.573002
vt 0.673118 0.575316
vt 0.667026 0.570316
vt 0.674310 0.574125
vt 0.669310 0.568032
vt 0.675711 0.573189
vt 0.671995 0.566238
vt 0.677267 0.572544
vt 0.674979 0.565002
vt 0.678919 0.572216
vt 0.678147 0.564372
vt 0.680604 0.572216
vt 0.681377 0.564372
vt 0.682257 0.572544
vt 0.684545 0.565002
vt 0.683813 0.573189
vt 0.687529 0.566238
vt 0.685214 0.574125
vt 0.690214 0.568032
vt 0.686405 0.575316
vt 0.692498 0.570316
vt 0.687341 0.576717
vt 0.694292 0.573002
vt 0.687986 0.578274
vt 0.695528 0.575986
vt 0.688314 0.579926
vt 0.696158 0.579153
vt 0.688314 0.581611
vt 0.696158 0.582383
vt 0.687986 0.583263
vt 0.695528 0.585551
vt 0.687341 0.584820
vt 0.694292 0.588535
vt 0.766675 0.148097
vt 0.765739 0.149498
vt 0.764548 0.150689
vt 0.763147 0.151625
vt 0.761591 0.152270
vt 0.759938 0.152599
vt 0.758254 0.152599
vt 0.756601 0.152270
vt 0.755045 0.151625
vt 0.753644 0.150689
vt 0.752453 0.149498
vt 0.751517 0.148097
vt 0.750872 0.146541
vt 0.750543 0.144888
vt 0.750543 0.143204
vt 0.750872 0.141551
vt 0.751517 0.139995
vt 0.752453 0.138594
vt 0.753644 0.137403
vt 0.755045 0.136467
vt 0.756601 0.135822
vt 0.758254 0.135493
vt 0.759938 0.135493
vt 0.761591 0.135822
vt 0.763147 0.136467
vt 0.764548 0.137403
vt 0.765739 0.138594
vt 0.766675 0.139995
vt 0.767320 0.141551
vt 0.767649 0.143204
vt 0.767649 0.144888
vt 0.767320 0.146541
vt 0.750877 0.204817
vt 0.750749 0.203626
vt 0.766996 0.203626
vt 0.767124 0.204817
vt 0.750749 0.297159
vt 0.766996 0.297159
vt 0.750648 0.202225
vt 0.766895 0.202225
vt 0.750543 0.249550
vt 0.750579 0.247898
vt 0.766826 0.247898
vt 0.766790 0.249550
vt 0.750877 0.257036
vt 0.750749 0.255845
vt 0.766996 0.255845
vt 0.767124 0.257036
vt 0.750579 0.200669
vt 0.766826 0.200669
vt 0.750648 0.246342
vt 0.766895 0.246342
vt 0.750648 0.254444
vt 0.766895 0.254444
vt 0.750543 0.199016
vt 0.766790 0.199016
vt 0.750749 0.244941
vt 0.766996 0.244941
vt 0.750579 0.252887
vt 0.766826 0.252887
vt 0.750543 0.197332
vt 0.766790 0.197332
vt 0.696734 0.709427
vt 0.697926 0.709298
vt 0.697926 0.725545
vt 0.696734 0.725673
vt 0.750543 0.251235
vt 0.766790 0.251235
vt 0.750579 0.195679
vt 0.766826 0.195679
vt 0.699326 0.709198
vt 0.699326 0.725445
vt 0.750648 0.194123
vt 0.766895 0.194123
vt 0.700883 0.709129
vt 0.700883 0.725375
vt 0.750749 0.192722
vt 0.766996 0.192722
vt 0.702535 0.709093
vt 0.702535 0.725340
vt 0.750749 0.308064
vt 0.750648 0.306663
vt 0.766895 0.306663
vt 0.766996 0.308064
vt 0.704220 0.709093
vt 0.704220 0.725340
vt 0.750579 0.305106
vt 0.766826 0.305106
vt 0.705872 0.709129
vt 0.705872 0.725375
vt 0.750543 0.303454
vt 0.766790 0.303454
vt 0.707429 0.709198
vt 0.707429 0.725445
vt 0.750543 0.301769
vt 0.766790 0.301769
vt 0.708830 0.709298
vt 0.708830 0.725545
vt 0.710021 0.709427
vt 0.710021 0.725673
s 1
usemtl black_paint
f 65/1/1 2/2/1 4/3/2 66/4/2
f 66/4/2 4/3/2 6/5/3 67/6/3
f 67/6/3 6/5/3 8/7/4 68/8/4
f 68/8/4 8/7/4 10/9/5 69/10/5
f 69/11/5 10/12/5 12/13/6 70/14/6
f 70/14/6 12/13/6 14/15/7 71/16/7
f 71/16/7 14/15/7 16/17/8 72/18/8
f 72/18/8 16/17/8 18/19/9 73/20/9
f 73/20/9 18/19/9 20/21/10 74/22/10
f 74/22/10 20/21/10 22/23/11 75/24/11
f 75/24/11 22/23/11 24/25/12 76/26/12
f 76/26/12 24/25/12 26/27/13 77/28/13
f 77/29/13 26/30/13 28/31/14 78/32/14
f 78/32/14 28/31/14 30/33/15 79/34/15
f 79/34/15 30/33/15 32/35/16 80/36/16
f 80/36/16 32/35/16 34/37/17 81/38/17
f 81/38/17 34/37/17 36/39/18 82/40/18
f 82/40/18 36/39/18 38/41/19 83/42/19
f 83/42/19 38/41/19 40/43/20 84/44/20
f 84/44/20 40/43/20 42/45/21 85/46/21
f 85/47/21 42/48/21 44/49/22 86/50/22
f 86/50/22 44/49/22 46/51/23 87/52/23
f 87/52/23 46/51/23 48/53/24 88/54/24
f 88/54/24 48/53/24 50/55/25 89/56/25
f 89/56/25 50/55/25 52/57/26 90/58/26
f 90/58/26 52/57/26 54/59/27 91/60/27
f 91/60/27 54/59/27 56/61/28 92/62/28
f 92/62/28 56/61/28 58/63/29 93/64/29
f 93/65/29 58/66/29 60/67/30 94/68/30
f 94/68/30 60/67/30 62/69/31 95/70/31
f 4/71/32 2/72/32 64/73/32 62/74/32 60/75/32 58/76/32 56/77/32 54/78/32 52/79/32 50/80/32 48/81/32 46/82/32 44/83/32 42/84/32 40/85/32 38/86/32 36/87/32 34/88/32 32/89/32 30/90/32 28/91/32 26/92/32 24/93/32 22/94/32 20/95/32 18/96/32 16/97/32 14/98/32 12/99/32 10/100/32 8/101/32 6/102/32
f 95/70/31 62/69/31 64/103/33 96/104/33
f 96/104/33 64/103/33 2/2/1 65/1/1
f 51/105/34 53/106/35 123/107/35 122/108/34
f 3/109/36 1/110/36 65/111/36 66/112/36
f 5/113/36 3/109/36 66/112/36 67/114/36
f 7/115/36 5/113/36 67/114/36 68/116/36
f 9/117/36 7/115/36 68/116/36 69/118/36
f 11/119/36 9/117/36 69/118/36 70/120/36
f 13/121/36 11/119/36 70/120/36 71/122/36
f 15/123/36 13/121/36 71/122/36 72/124/36
f 17/125/36 15/123/36 72/124/36 73/126/36
f 19/127/36 17/125/36 73/126/36 74/128/36
f 21/129/36 19/127/36 74/128/36 75/130/36
f 23/131/36 21/129/36 75/130/36 76/132/36
f 25/133/36 23/131/36 76/132/36 77/134/36
f 27/135/36 25/133/36 77/134/36 78/136/36
f 29/137/36 27/135/36 78/136/36 79/138/36
f 31/139/36 29/137/36 79/138/36 80/140/36
f 33/141/36 31/139/36 80/140/36 81/142/36
f 35/143/36 33/141/36 81/142/36 82/144/36
f 37/145/36 35/143/36 82/144/36 83/146/36
f 39/147/36 37/145/36 83/146/36 84/148/36
f 41/149/36 39/147/36 84/148/36 85/150/36
f 43/151/36 41/149/36 85/150/36 86/152/36
f 45/153/36 43/151/36 86/152/36 87/154/36
f 47/155/36 45/153/36 87/154/36 88/156/36
f 49/157/36 47/155/36 88/156/36 89/158/36
f 51/159/36 49/157/36 89/158/36 90/160/36
f 53/161/36 51/159/36 90/160/36 91/162/36
f 55/163/36 53/161/36 91/162/36 92/164/36
f 57/165/36 55/163/36 92/164/36 93/166/36
f 59/167/36 57/165/36 93/166/36 94/168/36
f 61/169/36 59/167/36 94/168/36 95/170/36
f 63/171/36 61/169/36 95/170/36 96/172/36
f 1/110/36 63/171/36 96/172/36 65/111/36
f 97/173/36 98/174/36 99/175/36 100/176/36 101/177/36 102/178/36 103/179/36 104/180/36 105/181/36 106/182/36 107/183/36 108/184/36 109/185/36 110/186/36 111/187/36 112/188/36 113/189/36 114/190/36 115/191/36 116/192/36 117/193/36 118/194/36 119/195/36 120/196/36 121/197/36 122/198/36 123/199/36 124/200/36 125/201/36 126/202/36 127/203/36 128/204/36
f 25/205/37 27/206/38 110/207/38 109/208/37
f 53/106/35 55/209/39 124/210/39 123/107/35
f 27/206/38 29/211/40 111/212/40 110/207/38
f 1/213/41 3/214/42 98/215/42 97/216/41
f 55/217/39 57/218/43 125/219/43 124/220/39
f 29/211/40 31/221/44 112/222/44 111/212/40
f 3/214/42 5/223/45 99/224/45 98/215/42
f 57/218/43 59/225/46 126/226/46 125/219/43
f 31/221/44 33/227/47 113/228/47 112/222/44
f 5/223/45 7/229/48 100/230/48 99/224/45
f 59/225/46 61/231/49 127/232/49 126/226/46
f 33/227/47 35/233/50 114/234/50 113/228/47
f 7/235/48 9/236/51 101/237/51 100/238/48
f 61/231/49 63/239/52 128/240/52 127/232/49
f 35/233/50 37/241/53 115/242/53 114/234/50
f 9/236/51 11/243/54 102/244/54 101/237/51
f 63/239/52 1/213/41 97/216/41 128/240/52
f 37/241/53 39/245/55 116/246/55 115/242/53
f 11/243/54 13/247/56 103/248/56 102/244/54
f 39/245/55 41/249/57 117/250/57 116/246/55
f 13/247/56 15/251/58 104/252/58 103/248/56
f 41/253/57 43/254/59 118/255/59 117/256/57
f 15/251/58 17/257/60 105/258/60 104/252/58
f 43/254/59 45/259/61 119/260/61 118/255/59
f 17/257/60 19/261/62 106/262/62 105/258/60
f 45/259/61 47/263/63 120/264/63 119/260/61
f 19/261/62 21/265/64 107/266/64 106/262/62
f 47/263/63 49/267/65 121/268/65 120/264/63
f 21/265/64 23/269/66 108/270/66 107/266/64
f 49/267/65 51/105/34 122/108/34 121/268/65
f 23/269/66 25/271/37 109/272/37 108/270/66
v 0.493961 1.271752 0.493947
v 0.493961 1.288863 0.493947
v 0.493961 1.271752 0.483396
v 0.493961 1.288863 0.483396
v 0.492073 1.270149 0.495627
v 0.492073 1.287259 0.495627
v 0.488035 1.270149 0.485879
v 0.488035 1.287259 0.485879
v 0.490971 1.268545 0.497902
v 0.490971 1.285655 0.497902
v 0.483511 1.268545 0.490441
v 0.483511 1.285655 0.490441
v 0.490824 1.266942 0.500425
v 0.490824 1.284052 0.500425
v 0.481076 1.266942 0.496388
v 0.481076 1.284052 0.496388
v 0.491654 1.265338 0.502813
v 0.491654 1.282448 0.502813
v 0.481103 1.265338 0.502813
v 0.481103 1.282448 0.502813
v 0.493335 1.263734 0.504701
v 0.493335 1.280844 0.504701
v 0.483587 1.263734 0.508739
v 0.483587 1.280844 0.508739
v 0.495609 1.262131 0.505802
v 0.495609 1.279241 0.505802
v 0.488149 1.262131 0.513263
v 0.488149 1.279241 0.513263
v 0.498133 1.260527 0.505949
v 0.498133 1.277637 0.505949
v 0.494095 1.260527 0.515697
v 0.494095 1.277637 0.515697
v 0.500520 1.258923 0.505119
v 0.500520 1.276033 0.505119
v 0.500520 1.258923 0.515671
v 0.500520 1.276033 0.515671
v 0.502408 1.257320 0.503439
v 0.502408 1.274430 0.503439
v 0.506446 1.257320 0.513187
v 0.506446 1.274430 0.513187
v 0.503510 1.255716 0.501164
v 0.503510 1.272826 0.501164
v 0.510970 1.255716 0.508625
v 0.510970 1.272826 0.508625
v 0.503657 1.254112 0.498641
v 0.503657 1.271222 0.498641
v 0.513404 1.254112 0.502679
v 0.513404 1.271222 0.502679
v 0.502827 1.252509 0.496254
v 0.502827 1.269619 0.496254
v 0.513378 1.252509 0.496254
v 0.513378 1.269619 0.496254
v 0.501146 1.250905 0.494365
v 0.501146 1.268015 0.494365
v 0.510894 1.250905 0.490328
v 0.510894 1.268015 0.490328
v 0.498872 1.249301 0.493264
v 0.498872 1.266411 0.493264
v 0.506332 1.249301 0.485803
v 0.506332 1.266411 0.485803
v 0.496348 1.247698 0.493117
v 0.496348 1.264808 0.493117
v 0.500386 1.247698 0.483369
v 0.500386 1.264808 0.483369
v 0.493961 1.246094 0.493947
v 0.493961 1.263204 0.493947
v 0.493961 1.246094 0.483396
v 0.493961 1.263204 0.483396
v 0.492073 1.244490 0.495627
v 0.492073 1.261600 0.495627
v 0.488035 1.244490 0.485879
v 0.488035 1.261600 0.485879
v 0.490971 1.242887 0.497902
v 0.490971 1.259997 0.497902
v 0.483511 1.242887 0.490441
v 0.483511 1.259997 0.490441
v 0.490824 1.241283 0.500425
v 0.490824 1.258393 0.500425
v 0.481076 1.241283 0.496388
v 0.481076 1.258393 0.496388
v 0.491654 1.239679 0.502813
v 0.491654 1.256789 0.502813
v 0.481103 1.239679 0.502813
v 0.481103 1.256789 0.502813
v 0.493335 1.238076 0.504701
v 0.493335 1.255186 0.504701
v 0.483587 1.238076 0.508739
v 0.483587 1.255186 0.508739
v 0.495609 1.236472 0.505802
v 0.495609 1.253582 0.505802
v 0.488149 1.236472 0.513263
v 0.488149 1.253582 0.513263
v 0.498133 1.234868 0.505949
v 0.498133 1.251978 0.505949
v 0.494095 1.234868 0.515697
v 0.494095 1.251978 0.515697
v 0.500520 1.233265 0.505119
v 0.500520 1.250375 0.505119
v 0.500520 1.233265 0.515671
v 0.500520 1.250375 0.515671
v 0.502408 1.231661 0.503439
v 0.502408 1.248771 0.503439
v 0.506446 1.231661 0.513187
v 0.506446 1.248771 0.513187
v 0.503510 1.230057 0.501164
v 0.503510 1.247167 0.501164
v 0.510970 1.230057 0.508625
v 0.510970 1.247167 0.508625
v 0.503657 1.228454 0.498641
v 0.503657 1.245564 0.498641
v 0.513404 1.228454 0.502679
v 0.513404 1.245564 0.502679
v 0.502827 1.226850 0.496254
v 0.502827 1.243960 0.496254
v 0.513378 1.226850 0.496254
v 0.513378 1.243960 0.496254
v 0.501146 1.225246 0.494365
v 0.501146 1.242357 0.494365
v 0.510894 1.225246 0.490328
v 0.510894 1.242357 0.490328
v 0.498872 1.223643 0.493264
v 0.498872 1.240753 0.493264
v 0.506332 1.223643 0.485803
v 0.506332 1.240753 0.485803
v 0.496348 1.222039 0.493117
v 0.496348 1.239149 0.493117
v 0.500386 1.222039 0.483369
v 0.500386 1.239149 0.483369
v 0.493961 1.220436 0.493947
v 0.493961 1.237545 0.493947
v 0.493961 1.220436 0.483396
v 0.493961 1.237545 0.483396
v 0.492073 1.218832 0.495627
v 0.492073 1.235942 0.495627
v 0.488035 1.218832 0.485879
v 0.488035 1.235942 0.485879
v 0.490971 1.217228 0.497902
v 0.490971 1.234338 0.497902
v 0.483511 1.217228 0.490441
v 0.483511 1.234338 0.490441
v 0.490824 1.215624 0.500425
v 0.490824 1.232735 0.500425
v 0.481076 1.215624 0.496388
v 0.481076 1.232735 0.496388
v 0.491654 1.214021 0.502813
v 0.491654 1.231131 0.502813
v 0.481103 1.214021 0.502813
v 0.481103 1.231131 0.502813
v 0.493335 1.212417 0.504701
v 0.493335 1.229527 0.504701
v 0.483587 1.212417 0.508739
v 0.483587 1.229527 0.508739
v 0.495609 1.210814 0.505802
v 0.495609 1.227924 0.505802
v 0.488149 1.210814 0.513263
v 0.488149 1.227924 0.513263
v 0.498133 1.209210 0.505949
v 0.498133 1.226320 0.505949
v 0.494095 1.209210 0.515697
v 0.494095 1.226320 0.515697
v 0.500520 1.207606 0.505119
v 0.500520 1.224716 0.505119
v 0.500520 1.207606 0.515671
v 0.500520 1.224716 0.515671
v 0.502408 1.206002 0.503439
v 0.502408 1.223113 0.503439
v 0.506446 1.206002 0.513187
v 0.506446 1.223113 0.513187
v 0.503510 1.204399 0.501164
v 0.503510 1.221509 0.501164
v 0.510970 1.204399 0.508625
v 0.510970 1.221509 0.508625
v 0.503657 1.202795 0.498641
v 0.503657 1.219905 0.498641
v 0.513404 1.202795 0.502679
v 0.513404 1.219905 0.502679
v 0.502827 1.201192 0.496254
v 0.502827 1.218302 0.496254
v 0.513378 1.201192 0.496254
v 0.513378 1.218302 0.496254
v 0.501146 1.199588 0.494365
v 0.501146 1.216698 0.494365
v 0.510894 1.199588 0.490328
v 0.510894 1.216698 0.490328
v 0.498872 1.197984 0.493264
v 0.498872 1.215094 0.493264
v 0.506332 1.197984 0.485803
v 0.506332 1.215094 0.485803
v 0.496348 1.196381 0.493117
v 0.496348 1.213491 0.493117
v 0.500386 1.196381 0.483369
v 0.500386 1.213491 0.483369
v 0.493961 1.194777 0.493947
v 0.493961 1.211887 0.493947
v 0.493961 1.194777 0.483396
v 0.493961 1.211887 0.483396
v 0.492073 1.193173 0.495627
v 0.492073 1.210283 0.495627
v 0.488035 1.193173 0.485879
v 0.488035 1.210283 0.485879
v 0.490971 1.191570 0.497902
v 0.490971 1.208680 0.497902
v 0.483511 1.191570 0.490442
v 0.483511 1.208680 0.490442
v 0.490824 1.189966 0.500425
v 0.490824 1.207076 0.500425
v 0.481076 1.189966 0.496388
v 0.481076 1.207076 0.496388
v 0.491654 1.188362 0.502813
v 0.491654 1.205472 0.502813
v 0.481103 1.188362 0.502813
v 0.481103 1.205472 0.502813
v 0.493335 1.186759 0.504701
v 0.493335 1.203869 0.504701
v 0.483587 1.186759 0.508739
v 0.483587 1.203869 0.508739
v 0.495610 1.185155 0.505802
v 0.495610 1.202265 0.505802
v 0.488149 1.185155 0.513263
v 0.488149 1.202265 0.513263
v 0.498133 1.183551 0.505949
v 0.498133 1.200661 0.505949
v 0.494095 1.183551 0.515697
v 0.494095 1.200661 0.515697
v 0.500520 1.181948 0.505119
v 0.500520 1.199058 0.505119
v 0.500520 1.181948 0.515671
v 0.500520 1.199058 0.515671
v 0.502408 1.180344 0.503439
v 0.502408 1.197454 0.503439
v 0.506446 1.180344 0.513187
v 0.506446 1.197454 0.513187
v 0.503510 1.178740 0.501164
v 0.503510 1.195850 0.501164
v 0.510970 1.178740 0.508625
v 0.510970 1.195850 0.508625
v 0.503657 1.177137 0.498641
v 0.503657 1.194247 0.498641
v 0.513404 1.177137 0.502679
v 0.513404 1.194247 0.502679
v 0.502827 1.175533 0.496254
v 0.502827 1.192643 0.496254
v 0.513378 1.175533 0.496254
v 0.513378 1.192643 0.496254
v 0.501146 1.173929 0.494365
v 0.501146 1.191039 0.494365
v 0.510894 1.173929 0.490328
v 0.510894 1.191039 0.490328
v 0.498871 1.172326 0.493264
v 0.498872 1.189436 0.493264
v 0.506332 1.172326 0.485803
v 0.506332 1.189436 0.485803
v 0.496348 1.170722 0.493117
v 0.496348 1.187832 0.493117
v 0.500386 1.170722 0.483369
v 0.500386 1.187832 0.483369
v 0.493961 1.169118 0.493947
v 0.493961 1.186228 0.493947
v 0.493961 1.169118 0.483396
v 0.493961 1.186228 0.483396
v 0.492073 1.167515 0.495627
v 0.492073 1.184625 0.495627
v 0.488035 1.167515 0.485879
v 0.488035 1.184625 0.485879
v 0.490971 1.165911 0.497902
v 0.490971 1.183021 0.497902
v 0.483511 1.165911 0.490442
v 0.483511 1.183021 0.490442
v 0.490824 1.164307 0.500425
v 0.490824 1.181417 0.500425
v 0.481076 1.164307 0.496388
v 0.481076 1.181417 0.496388
v 0.491654 1.162704 0.502813
v 0.491654 1.179814 0.502813
v 0.481103 1.162704 0.502813
v 0.481103 1.179814 0.502813
v 0.493335 1.161100 0.504701
v 0.493335 1.178210 0.504701
v 0.483587 1.161100 0.508739
v 0.483587 1.178210 0.508739
v 0.495610 1.159496 0.505802
v 0.495610 1.176606 0.505802
v 0.488149 1.159496 0.513263
v 0.488149 1.176606 0.513263
v 0.498133 1.157893 0.505949
v 0.498133 1.175003 0.505949
v 0.494095 1.157893 0.515697
v 0.494095 1.175003 0.515697
v 0.500520 1.156289 0.505119
v 0.500520 1.173399 0.505119
v 0.500520 1.156289 0.515671
v 0.500520 1.173399 0.515671
v 0.502408 1.154685 0.503439
v 0.502408 1.171795 0.503439
v 0.506446 1.154685 0.513187
v 0.506446 1.171795 0.513187
v 0.503510 1.153082 0.501164
v 0.503510 1.170192 0.501164
v 0.510970 1.153082 0.508625
v 0.510970 1.170192 0.508625
v 0.503657 1.151478 0.498641
v 0.503657 1.168588 0.498641
v 0.513404 1.151478 0.502679
v 0.513404 1.168588 0.502679
v 0.502827 1.149874 0.496254
v 0.502827 1.166985 0.496254
v 0.513378 1.149874 0.496254
v 0.513378 1.166985 0.496254
v 0.501146 1.148271 0.494365
v 0.501146 1.165381 0.494365
v 0.510894 1.148271 0.490328
v 0.510894 1.165381 0.490328
v 0.498871 1.146667 0.493264
v 0.498871 1.163777 0.493264
v 0.506332 1.146667 0.485803
v 0.506332 1.163777 0.485803
v 0.496348 1.145064 0.493117
v 0.496348 1.162174 0.493117
v 0.500386 1.145064 0.483369
v 0.500386 1.162174 0.483369
v 0.493961 1.143460 0.493947
v 0.493961 1.160570 0.493947
v 0.493961 1.143460 0.483396
v 0.493961 1.160570 0.483396
v 0.492073 1.141856 0.495627
v 0.492073 1.158966 0.495627
v 0.488035 1.141856 0.485879
v 0.488035 1.158966 0.485879
v 0.490971 1.140253 0.497902
v 0.490971 1.157363 0.497902
v 0.483511 1.140253 0.490442
v 0.483511 1.157363 0.490442
v 0.490824 1.138649 0.500425
v 0.490824 1.155759 0.500425
v 0.481076 1.138649 0.496388
v 0.481076 1.155759 0.496388
v 0.491654 1.137045 0.502813
v 0.491654 1.154155 0.502813
v 0.481103 1.137045 0.502813
v 0.481103 1.154155 0.502813
v 0.493335 1.135442 0.504701
v 0.493335 1.152552 0.504701
v 0.483587 1.135442 0.508739
v 0.483587 1.152552 0.508739
v 0.495610 1.133838 0.505802
v 0.495610 1.150948 0.505802
v 0.488149 1.133838 0.513263
v 0.488149 1.150948 0.513263
v 0.498133 1.132234 0.505949
v 0.498133 1.149344 0.505949
v 0.494095 1.132234 0.515697
v 0.494095 1.149344 0.515697
v 0.500520 1.130630 0.505119
v 0.500520 1.147741 0.505119
v 0.500520 1.130630 0.515671
v 0.500520 1.147741 0.515671
v 0.502408 1.129027 0.503439
v 0.502408 1.146137 0.503439
v 0.506446 1.129027 0.513187
v 0.506446 1.146137 0.513187
v 0.503510 1.127423 0.501164
v 0.503510 1.144533 0.501164
v 0.510970 1.127423 0.508625
v 0.510970 1.144533 0.508625
v 0.503657 1.125820 0.498641
v 0.503657 1.142930 0.498641
v 0.513404 1.125820 0.502679
v 0.513404 1.142930 0.502679
v 0.502827 1.124216 0.496254
v 0.502827 1.141326 0.496254
v 0.513378 1.124216 0.496254
v 0.513378 1.141326 0.496254
v 0.501146 1.122612 0.494365
v 0.501146 1.139722 0.494365
v 0.510894 1.122612 0.490328
v 0.510894 1.139722 0.490328
v 0.498871 1.121009 0.493264
v 0.498871 1.138119 0.493264
v 0.506332 1.121009 0.485803
v 0.506332 1.138119 0.485803
v 0.496348 1.119405 0.493117
v 0.496348 1.136515 0.493117
v 0.500386 1.119405 0.483369
v 0.500386 1.136515 0.483369
v 0.493961 1.117801 0.493947
v 0.493961 1.134911 0.493947
v 0.493961 1.117801 0.483396
v 0.493961 1.134911 0.483396
v 0.492073 1.116198 0.495627
v 0.492073 1.133308 0.495627
v 0.488035 1.116198 0.485879
v 0.488035 1.133308 0.485879
v 0.490971 1.114594 0.497902
v 0.490971 1.131704 0.497902
v 0.483511 1.114594 0.490442
v 0.483511 1.131704 0.490442
v 0.490824 1.112990 0.500425
v 0.490824 1.130100 0.500425
v 0.481076 1.112990 0.496388
v 0.481076 1.130100 0.496388
v 0.491654 1.111387 0.502813
v 0.491654 1.128497 0.502813
v 0.481103 1.111387 0.502813
v 0.481103 1.128497 0.502813
v 0.493335 1.109783 0.504701
v 0.493335 1.126893 0.504701
v 0.483587 1.109783 0.508739
v 0.483587 1.126893 0.508739
v 0.495609 1.108179 0.505802
v 0.495609 1.125289 0.505802
v 0.488149 1.108179 0.513263
v 0.488149 1.125289 0.513263
v 0.498133 1.106576 0.505949
v 0.498133 1.123686 0.505949
v 0.494095 1.106576 0.515697
v 0.494095 1.123686 0.515697
v 0.500520 1.104972 0.505119
v 0.500520 1.122082 0.505119
v 0.500520 1.104972 0.515671
v 0.500520 1.122082 0.515671
v 0.502408 1.103368 0.503439
v 0.502408 1.120478 0.503439
v 0.506446 1.103368 0.513187
v 0.506446 1.120478 0.513187
v 0.503510 1.101765 0.501164
v 0.503510 1.118875 0.501164
v 0.510970 1.101765 0.508625
v 0.510970 1.118875 0.508625
v 0.503657 1.100161 0.498641
v 0.503657 1.117271 0.498641
v 0.513404 1.100161 0.502679
v 0.513404 1.117271 0.502679
v 0.502827 1.098557 0.496254
v 0.502827 1.115667 0.496254
v 0.513378 1.098557 0.496253
v 0.513378 1.115667 0.496253
v 0.501146 1.096954 0.494365
v 0.501146 1.114064 0.494365
v 0.510894 1.096954 0.490328
v 0.510894 1.114064 0.490328
v 0.498871 1.095350 0.493264
v 0.498871 1.112460 0.493264
v 0.506332 1.095350 0.485803
v 0.506332 1.112460 0.485803
v 0.496348 1.093746 0.493117
v 0.496348 1.110857 0.493117
v 0.500386 1.093746 0.483369
v 0.500386 1.110857 0.483369
v 0.493961 1.092143 0.493947
v 0.493961 1.109253 0.493947
v 0.493961 1.092143 0.483396
v 0.493961 1.109253 0.483396
v 0.492073 1.090539 0.495627
v 0.492073 1.107649 0.495627
v 0.488035 1.090539 0.485879
v 0.488035 1.107649 0.485879
v 0.490971 1.088935 0.497902
v 0.490971 1.106045 0.497902
v 0.483511 1.088935 0.490442
v 0.483511 1.106045 0.490442
v 0.490824 1.087332 0.500426
v 0.490824 1.104442 0.500426
v 0.481076 1.087332 0.496388
v 0.481076 1.104442 0.496388
v 0.491654 1.085728 0.502813
v 0.491654 1.102838 0.502813
v 0.481103 1.085728 0.502813
v 0.481103 1.102838 0.502813
v 0.493335 1.084124 0.504701
v 0.493335 1.101235 0.504701
v 0.483587 1.084124 0.508739
v 0.483587 1.101235 0.508739
v 0.495610 1.082521 0.505802
v 0.495610 1.099631 0.505802
v 0.488149 1.082521 0.513263
v 0.488149 1.099631 0.513263
v 0.498133 1.080917 0.505949
v 0.498133 1.098027 0.505949
v 0.494095 1.080917 0.515697
v 0.494095 1.098027 0.515697
v 0.500520 1.079314 0.505119
v 0.500520 1.096424 0.505119
v 0.500520 1.079314 0.515671
v 0.500520 1.096424 0.515671
v 0.502408 1.077710 0.503439
v 0.502408 1.094820 0.503439
v 0.506446 1.077710 0.513187
v 0.506446 1.094820 0.513187
v 0.503510 1.076106 0.501164
v 0.503510 1.093216 0.501164
v 0.510970 1.076106 0.508625
v 0.510970 1.093216 0.508625
v 0.503657 1.074502 0.498641
v 0.503657 1.091613 0.498641
v 0.513404 1.074502 0.502679
v 0.513404 1.091613 0.502679
v 0.502827 1.072899 0.496254
v 0.502827 1.090009 0.496254
v 0.513378 1.072899 0.496254
v 0.513378 1.090009 0.496254
v 0.501146 1.071295 0.494365
v 0.501146 1.088405 0.494365
v 0.510894 1.071295 0.490328
v 0.510894 1.088405 0.490328
v 0.498871 1.069692 0.493264
v 0.498871 1.086802 0.493264
v 0.506332 1.069692 0.485803
v 0.506332 1.086802 0.485803
v 0.496348 1.068088 0.493117
v 0.496348 1.085198 0.493117
v 0.500386 1.068088 0.483369
v 0.500386 1.085198 0.483369
v 0.493961 1.066484 0.493947
v 0.493961 1.083594 0.493947
v 0.493961 1.066484 0.483396
v 0.493961 1.083594 0.483396
v 0.492073 1.064881 0.495627
v 0.492073 1.081991 0.495627
v 0.488035 1.064881 0.485879
v 0.488035 1.081991 0.485879
v 0.490971 1.063277 0.497902
v 0.490971 1.080387 0.497902
v 0.483511 1.063277 0.490442
v 0.483511 1.080387 0.490442
v 0.490824 1.061673 0.500425
v 0.490824 1.078783 0.500425
v 0.481076 1.061673 0.496388
v 0.481076 1.078783 0.496388
v 0.491654 1.060070 0.502813
v 0.491654 1.077180 0.502813
v 0.481103 1.060070 0.502813
v 0.481103 1.077180 0.502813
v 0.493335 1.058466 0.504701
v 0.493335 1.075576 0.504701
v 0.483587 1.058466 0.508739
v 0.483587 1.075576 0.508739
v 0.495609 1.056862 0.505802
v 0.495610 1.073972 0.505802
v 0.488149 1.056862 0.513263
v 0.488149 1.073972 0.513263
v 0.498133 1.055259 0.505949
v 0.498133 1.072369 0.505949
v 0.494095 1.055259 0.515697
v 0.494095 1.072369 0.515697
v 0.500520 1.053655 0.505119
v 0.500520 1.070765 0.505119
v 0.500520 1.053655 0.515671
v 0.500520 1.070765 0.515671
v 0.502408 1.052051 0.503439
v 0.502408 1.069161 0.503439
v 0.506446 1.052051 0.513187
v 0.506446 1.069161 0.513187
v 0.503510 1.050448 0.501164
v 0.503510 1.067558 0.501164
v 0.510970 1.050448 0.508625
v 0.510970 1.067558 0.508625
v 0.503657 1.048844 0.498641
v 0.503657 1.065954 0.498641
v 0.513404 1.048844 0.502679
v 0.513404 1.065954 0.502679
v 0.502827 1.047240 0.496254
v 0.502827 1.064350 0.496254
v 0.513378 1.047240 0.496253
v 0.513378 1.064350 0.496253
v 0.501146 1.045637 0.494365
v 0.501146 1.062747 0.494365
v 0.510894 1.045637 0.490328
v 0.510894 1.062747 0.490328
v 0.498871 1.044033 0.493264
v 0.498871 1.061143 0.493264
v 0.506332 1.044033 0.485803
v 0.506332 1.061143 0.485803
v 0.496348 1.042429 0.493117
v 0.496348 1.059539 0.493117
v 0.500386 1.042429 0.483369
v 0.500386 1.059539 0.483369
v 0.493961 1.040826 0.493947
v 0.493961 1.057936 0.493947
v 0.493961 1.040826 0.483396
v 0.493961 1.057936 0.483396
v 0.492073 1.039222 0.495627
v 0.492073 1.056332 0.495627
v 0.488035 1.039222 0.485879
v 0.488035 1.056332 0.485879
v 0.490971 1.037618 0.497902
v 0.490971 1.054728 0.497902
v 0.483511 1.037618 0.490442
v 0.483511 1.054728 0.490442
v 0.490824 1.036015 0.500426
v 0.490824 1.053125 0.500426
v 0.481076 1.036015 0.496388
v 0.481076 1.053125 0.496388
v 0.491654 1.034411 0.502813
v 0.491654 1.051521 0.502813
v 0.481103 1.034411 0.502813
v 0.481103 1.051521 0.502813
v 0.493335 1.032807 0.504701
v 0.493335 1.049917 0.504701
v 0.483587 1.032807 0.508739
v 0.483587 1.049917 0.508739
v 0.495610 1.031204 0.505802
v 0.495610 1.048314 0.505802
v 0.488149 1.031204 0.513263
v 0.488149 1.048314 0.513263
v 0.498133 1.029600 0.505949
v 0.498133 1.046710 0.505949
v 0.494095 1.029600 0.515697
v 0.494095 1.046710 0.515697
v 0.500520 1.027996 0.505119
v 0.500520 1.045106 0.505119
v 0.500520 1.027996 0.515671
v 0.500520 1.045106 0.515671
v 0.502408 1.026393 0.503439
v 0.502408 1.043503 0.503439
v 0.506446 1.026393 0.513187
v 0.506446 1.043503 0.513187
v 0.503510 1.024789 0.501164
v 0.503510 1.041899 0.501164
v 0.510970 1.024789 0.508625
v 0.510970 1.041899 0.508625
v 0.503657 1.023185 0.498641
v 0.503657 1.040295 0.498641
v 0.513404 1.023185 0.502679
v 0.513404 1.040295 0.502679
v 0.502827 1.021582 0.496254
v 0.502827 1.038692 0.496254
v 0.513378 1.021582 0.496253
v 0.513378 1.038692 0.496253
v 0.501146 1.019978 0.494365
v 0.501146 1.037088 0.494365
v 0.510894 1.019978 0.490328
v 0.510894 1.037088 0.490328
v 0.498871 1.018374 0.493264
v 0.498871 1.035485 0.493264
v 0.506332 1.018374 0.485803
v 0.506332 1.035485 0.485803
v 0.496348 1.016771 0.493117
v 0.496348 1.033881 0.493117
v 0.500386 1.016771 0.483369
v 0.500386 1.033881 0.483369
v 0.493961 1.015167 0.493947
v 0.493961 1.032277 0.493947
v 0.493961 1.015167 0.483396
v 0.493961 1.032277 0.483396
v 0.492073 1.013564 0.495627
v 0.492073 1.030674 0.495627
v 0.488035 1.013564 0.485879
v 0.488035 1.030674 0.485879
v 0.490971 1.011960 0.497902
v 0.490971 1.029070 0.497902
v 0.483511 1.011960 0.490442
v 0.483511 1.029070 0.490442
v 0.490824 1.010356 0.500426
v 0.490824 1.027466 0.500426
v 0.481076 1.010356 0.496388
v 0.481076 1.027466 0.496388
v 0.491654 1.008752 0.502813
v 0.491654 1.025863 0.502813
v 0.481103 1.008752 0.502813
v 0.481103 1.025863 0.502813
v 0.493335 1.007149 0.504701
v 0.493335 1.024259 0.504701
v 0.483587 1.007149 0.508739
v 0.483587 1.024259 0.508739
v 0.495610 1.005545 0.505802
v 0.495610 1.022655 0.505802
v 0.488149 1.005545 0.513263
v 0.488149 1.022655 0.513263
v 0.498133 1.003942 0.505949
v 0.498133 1.021052 0.505949
v 0.494095 1.003942 0.515697
v 0.494095 1.021052 0.515697
v 0.500520 1.002338 0.505119
v 0.500520 1.019448 0.505119
v 0.500520 1.002338 0.515671
v 0.500520 1.019448 0.515671
v 0.502408 1.000734 0.503439
v 0.502408 1.017844 0.503439
v 0.506446 1.000734 0.513187
v 0.506446 1.017844 0.513187
v 0.503510 0.999131 0.501164
v 0.503510 1.016241 0.501164
v 0.510970 0.999131 0.508625
v 0.510970 1.016241 0.508625
v 0.503657 0.997527 0.498641
v 0.503657 1.014637 0.498641
v 0.513404 0.997527 0.502679
v 0.513404 1.014637 0.502679
v 0.502827 0.995923 0.496254
v 0.502827 1.013033 0.496254
v 0.513378 0.995923 0.496253
v 0.513378 1.013033 0.496253
v 0.501146 0.994320 0.494365
v 0.501146 1.011430 0.494365
v 0.510894 0.994320 0.490328
v 0.510894 1.011430 0.490328
v 0.498871 0.992716 0.493264
v 0.498871 1.009826 0.493264
v 0.506332 0.992716 0.485803
v 0.506332 1.009826 0.485803
v 0.496348 0.991112 0.493117
v 0.496348 1.008222 0.493117
v 0.500386 0.991112 0.483369
v 0.500386 1.008222 0.483369
v 0.493961 0.989509 0.493947
v 0.493961 1.006619 0.493947
v 0.493961 0.989509 0.483396
v 0.493961 1.006619 0.483396
v 0.492073 0.987905 0.495627
v 0.492073 1.005015 0.495627
v 0.488035 0.987905 0.485879
v 0.488035 1.005015 0.485879
v 0.490971 0.986301 0.497902
v 0.490971 1.003411 0.497902
v 0.483511 0.986301 0.490442
v 0.483511 1.003411 0.490442
v 0.490824 0.984698 0.500426
v 0.490824 1.001808 0.500426
v 0.481076 0.984698 0.496388
v 0.481076 1.001808 0.496388
v 0.491654 0.983094 0.502813
v 0.491654 1.000204 0.502813
v 0.481103 0.983094 0.502813
v 0.481103 1.000204 0.502813
v 0.493335 0.981490 0.504701
v 0.493335 0.998600 0.504701
v 0.483587 0.981490 0.508739
v 0.483587 0.998600 0.508739
v 0.495609 0.979887 0.505802
v 0.495609 0.996997 0.505802
v 0.488149 0.979887 0.513263
v 0.488149 0.996997 0.513263
v 0.498133 0.978283 0.505949
v 0.498133 0.995393 0.505949
v 0.494095 0.978283 0.515697
v 0.494095 0.995393 0.515697
v 0.500520 0.976679 0.505119
v 0.500520 0.993789 0.505119
v 0.500520 0.976679 0.515671
v 0.500520 0.993789 0.515671
v 0.502408 0.975076 0.503439
v 0.502408 0.992186 0.503439
v 0.506446 0.975076 0.513187
v 0.506446 0.992186 0.513187
v 0.503510 0.973472 0.501164
v 0.503510 0.990582 0.501164
v 0.510970 0.973472 0.508625
v 0.510970 0.990582 0.508625
v 0.503657 0.971868 0.498641
v 0.503657 0.988978 0.498641
v 0.513405 0.971868 0.502679
v 0.513405 0.988978 0.502679
v 0.502827 0.970265 0.496254
v 0.502827 0.987375 0.496254
v 0.513378 0.970265 0.496253
v 0.513378 0.987375 0.496253
v 0.501146 0.968661 0.494365
v 0.501146 0.985771 0.494365
v 0.510894 0.968661 0.490328
v 0.510894 0.985771 0.490328
v 0.498871 0.967057 0.493264
v 0.498871 0.984167 0.493264
v 0.506332 0.967057 0.485803
v 0.506332 0.984167 0.485803
v 0.496348 0.965454 0.493117
v 0.496348 0.982564 0.493117
v 0.500386 0.965454 0.483369
v 0.500386 0.982564 0.483369
v 0.493961 0.963850 0.493947
v 0.493961 0.980960 0.493947
v 0.493961 0.963850 0.483396
v 0.493961 0.980960 0.483396
v 0.492073 0.962246 0.495627
v 0.492073 0.979356 0.495627
v 0.488035 0.962246 0.485879
v 0.488035 0.979356 0.485879
v 0.490971 0.960643 0.497902
v 0.490971 0.977753 0.497902
v 0.483511 0.960643 0.490442
v 0.483511 0.977753 0.490442
v 0.490824 0.959039 0.500426
v 0.490824 0.976149 0.500426
v 0.481076 0.959039 0.496388
v 0.481076 0.976149 0.496388
v 0.491654 0.957435 0.502813
v 0.491654 0.974545 0.502813
v 0.481103 0.957435 0.502813
v 0.481103 0.974545 0.502813
v 0.493335 0.955832 0.504701
v 0.493335 0.972942 0.504701
v 0.483587 0.955832 0.508739
v 0.483587 0.972942 0.508739
v 0.495610 0.954228 0.505802
v 0.495610 0.971338 0.505802
v 0.488149 0.954228 0.513263
v 0.488149 0.971338 0.513263
v 0.498133 0.952624 0.505949
v 0.498133 0.969734 0.505949
v 0.494095 0.952624 0.515697
v 0.494095 0.969734 0.515697
v 0.500520 0.951021 0.505119
v 0.500520 0.968131 0.505119
v 0.500520 0.951021 0.515671
v 0.500520 0.968131 0.515671
v 0.502408 0.949417 0.503439
v 0.502408 0.966527 0.503439
v 0.506446 0.949417 0.513187
v 0.506446 0.966527 0.513187
v 0.503510 0.947813 0.501164
v 0.503510 0.964924 0.501164
v 0.510970 0.947813 0.508625
v 0.510970 0.964924 0.508625
v 0.503657 0.946210 0.498641
v 0.503657 0.963320 0.498641
v 0.513404 0.946210 0.502679
v 0.513404 0.963320 0.502679
v 0.502827 0.944606 0.496254
v 0.502827 0.961716 0.496254
v 0.513378 0.944606 0.496253
v 0.513378 0.961716 0.496253
v 0.501146 0.943002 0.494365
v 0.501146 0.960113 0.494365
v 0.510894 0.943002 0.490328
v 0.510894 0.960113 0.490328
v 0.498871 0.941399 0.493264
v 0.498871 0.958509 0.493264
v 0.506332 0.941399 0.485803
v 0.506332 0.958509 0.485803
v 0.496348 0.939795 0.493117
v 0.496348 0.956905 0.493117
v 0.500386 0.939795 0.483369
v 0.500386 0.956905 0.483369
v 0.493961 0.938192 0.493947
v 0.493961 0.955302 0.493947
v 0.493961 0.938192 0.483396
v 0.493961 0.955302 0.483396
v 0.492073 0.936588 0.495627
v 0.492073 0.953698 0.495627
v 0.488035 0.936588 0.485879
v 0.488035 0.953698 0.485879
v 0.490971 0.934984 0.497902
v 0.490971 0.952094 0.497902
v 0.483511 0.934984 0.490442
v 0.483511 0.952094 0.490442
v 0.490824 0.933381 0.500426
v 0.490824 0.950491 0.500426
v 0.481076 0.933381 0.496388
v 0.481076 0.950491 0.496388
v 0.491654 0.931777 0.502813
v 0.491654 0.948887 0.502813
v 0.481103 0.931777 0.502813
v 0.481103 0.948887 0.502813
v 0.493335 0.930173 0.504701
v 0.493335 0.947283 0.504701
v 0.483587 0.930173 0.508739
v 0.483587 0.947283 0.508739
v 0.495610 0.928570 0.505802
v 0.495610 0.945680 0.505802
v 0.488149 0.928570 0.513263
v 0.488149 0.945680 0.513263
v 0.498133 0.926966 0.505949
v 0.498133 0.944076 0.505949
v 0.494095 0.926966 0.515697
v 0.494095 0.944076 0.515697
v 0.500520 0.925362 0.505119
v 0.500520 0.942472 0.505119
v 0.500520 0.925362 0.515671
v 0.500520 0.942472 0.515671
v 0.502408 0.923759 0.503439
v 0.502408 0.940869 0.503439
v 0.506446 0.923759 0.513187
v 0.506446 0.940869 0.513187
v 0.503510 0.922155 0.501164
v 0.503510 0.939265 0.501164
v 0.510970 0.922155 0.508625
v 0.510970 0.939265 0.508625
v 0.503657 0.920551 0.498641
v 0.503657 0.937661 0.498641
v 0.513404 0.920551 0.502679
v 0.513404 0.937661 0.502679
v 0.502827 0.918948 0.496254
v 0.502827 0.936058 0.496254
v 0.513378 0.918948 0.496253
v 0.513378 0.936058 0.496253
v 0.501146 0.917344 0.494365
v 0.501146 0.934454 0.494365
v 0.510894 0.917344 0.490328
v 0.510894 0.934454 0.490328
v 0.498871 0.915740 0.493264
v 0.498871 0.932850 0.493264
v 0.506332 0.915740 0.485803
v 0.506332 0.932850 0.485803
v 0.496348 0.914137 0.493117
v 0.496348 0.931247 0.493117
v 0.500386 0.914137 0.483369
v 0.500386 0.931247 0.483369
v 0.493961 0.912533 0.493947
v 0.493961 0.929643 0.493947
v 0.493961 0.912533 0.483396
v 0.493961 0.929643 0.483396
v 0.492073 0.910929 0.495627
v 0.492073 0.928039 0.495627
v 0.488035 0.910929 0.485879
v 0.488035 0.928039 0.485879
v 0.490971 0.909326 0.497902
v 0.490971 0.926436 0.497902
v 0.483511 0.909326 0.490442
v 0.483511 0.926436 0.490442
v 0.490824 0.907722 0.500426
v 0.490824 0.924832 0.500426
v 0.481076 0.907722 0.496388
v 0.481076 0.924832 0.496388
v 0.491654 0.906118 0.502813
v 0.491654 0.923228 0.502813
v 0.481103 0.906118 0.502813
v 0.481103 0.923228 0.502813
v 0.493335 0.904515 0.504701
v 0.493335 0.921625 0.504701
v 0.483587 0.904515 0.508739
v 0.483587 0.921625 0.508739
v 0.495610 0.902911 0.505802
v 0.495610 0.920021 0.505802
v 0.488149 0.902911 0.513263
v 0.488149 0.920021 0.513263
v 0.498133 0.901307 0.505949
v 0.498133 0.918417 0.505949
v 0.494095 0.901307 0.515697
v 0.494095 0.918417 0.515697
v 0.500520 0.899704 0.505119
v 0.500520 0.916814 0.505119
v 0.500520 0.899704 0.515671
v 0.500520 0.916814 0.515671
v 0.502408 0.898100 0.503439
v 0.502408 0.915210 0.503439
v 0.506446 0.898100 0.513187
v 0.506446 0.915210 0.513187
v 0.503510 0.896496 0.501164
v 0.503510 0.913606 0.501164
v 0.510970 0.896496 0.508625
v 0.510970 0.913606 0.508625
v 0.503657 0.894893 0.498641
v 0.503657 0.912003 0.498641
v 0.513404 0.894893 0.502679
v 0.513404 0.912003 0.502679
v 0.502827 0.893289 0.496254
v 0.502827 0.910399 0.496254
v 0.513378 0.893289 0.496253
v 0.513378 0.910399 0.496253
v 0.501146 0.891685 0.494365
v 0.501146 0.908795 0.494365
v 0.510894 0.891685 0.490328
v 0.510894 0.908795 0.490328
v 0.498871 0.890082 0.493264
v 0.498871 0.907192 0.493264
v 0.506332 0.890082 0.485803
v 0.506332 0.907192 0.485803
v 0.496348 0.888478 0.493117
v 0.496348 0.905588 0.493117
v 0.500386 0.888478 0.483369
v 0.500386 0.905588 0.483369
v 0.493961 0.886874 0.493947
v 0.493961 0.903984 0.493947
v 0.493961 0.886874 0.483396
v 0.493961 0.903984 0.483396
v 0.492073 0.885271 0.495627
v 0.492073 0.902381 0.495627
v 0.488035 0.885271 0.485879
v 0.488035 0.902381 0.485879
v 0.490971 0.883667 0.497902
v 0.490971 0.900777 0.497902
v 0.483511 0.883667 0.490442
v 0.483511 0.900777 0.490442
v 0.490824 0.882063 0.500426
v 0.490824 0.899173 0.500426
v 0.481076 0.882063 0.496388
v 0.481076 0.899173 0.496388
v 0.491654 0.880460 0.502813
v 0.491654 0.897570 0.502813
v 0.481103 0.880460 0.502813
v 0.481103 0.897570 0.502813
v 0.493335 0.878856 0.504701
v 0.493335 0.895966 0.504701
v 0.483587 0.878856 0.508739
v 0.483587 0.895966 0.508739
v 0.495610 0.877252 0.505802
v 0.495610 0.894363 0.505802
v 0.488149 0.877252 0.513263
v 0.488149 0.894363 0.513263
v 0.498133 0.875649 0.505949
v 0.498133 0.892759 0.505949
v 0.494095 0.875649 0.515697
v 0.494095 0.892759 0.515697
v 0.500520 0.874045 0.505119
v 0.500520 0.891155 0.505119
v 0.500520 0.874045 0.515671
v 0.500520 0.891155 0.515671
v 0.502408 0.872441 0.503439
v 0.502408 0.889552 0.503439
v 0.506446 0.872441 0.513187
v 0.506446 0.889552 0.513187
v 0.503510 0.870838 0.501164
v 0.503510 0.887948 0.501164
v 0.510970 0.870838 0.508625
v 0.510970 0.887948 0.508625
v 0.503657 0.869234 0.498641
v 0.503657 0.886344 0.498641
v 0.513405 0.869234 0.502679
v 0.513405 0.886344 0.502679
v 0.502827 0.867631 0.496254
v 0.502827 0.884741 0.496254
v 0.513378 0.867631 0.496253
v 0.513378 0.884741 0.496253
v 0.501146 0.866027 0.494365
v 0.501146 0.883137 0.494365
v 0.510894 0.866027 0.490328
v 0.510894 0.883137 0.490328
v 0.498871 0.864423 0.493264
v 0.498871 0.881533 0.493264
v 0.506332 0.864423 0.485803
v 0.506332 0.881533 0.485803
v 0.496348 0.862820 0.493117
v 0.496348 0.879930 0.493117
v 0.500386 0.862820 0.483369
v 0.500386 0.879930 0.483369
v 0.493961 0.861216 0.493947
v 0.493961 0.878326 0.493947
v 0.493961 0.861216 0.483396
v 0.493961 0.878326 0.483396
v 0.492073 0.859612 0.495627
v 0.492073 0.876722 0.495627
v 0.488035 0.859612 0.485879
v 0.488035 0.876722 0.485879
v 0.490971 0.858009 0.497902
v 0.490971 0.875119 0.497902
v 0.483510 0.858009 0.490442
v 0.483510 0.875119 0.490442
v 0.490824 0.856405 0.500426
v 0.490824 0.873515 0.500426
v 0.481076 0.856405 0.496388
v 0.481076 0.873515 0.496388
v 0.491654 0.854801 0.502813
v 0.491654 0.871911 0.502813
v 0.481103 0.854801 0.502813
v 0.481103 0.871911 0.502813
v 0.493335 0.853198 0.504701
v 0.493335 0.870308 0.504701
v 0.483587 0.853198 0.508739
v 0.483587 0.870308 0.508739
v 0.495610 0.851594 0.505802
v 0.495610 0.868704 0.505802
v 0.488149 0.851594 0.513263
v 0.488149 0.868704 0.513263
v 0.498133 0.849990 0.505949
v 0.498133 0.867100 0.505949
v 0.494095 0.849990 0.515697
v 0.494095 0.867100 0.515697
v 0.500520 0.848387 0.505119
v 0.500520 0.865497 0.505119
v 0.500520 0.848387 0.515671
v 0.500520 0.865497 0.515671
v 0.502408 0.846783 0.503439
v 0.502408 0.863893 0.503439
v 0.506446 0.846783 0.513187
v 0.506446 0.863893 0.513187
v 0.503510 0.845179 0.501164
v 0.503510 0.862289 0.501164
v 0.510970 0.845179 0.508625
v 0.510970 0.862289 0.508625
v 0.503657 0.843576 0.498641
v 0.503657 0.860686 0.498641
v 0.513404 0.843576 0.502679
v 0.513404 0.860686 0.502679
v 0.502827 0.841972 0.496254
v 0.502827 0.859082 0.496254
v 0.513378 0.841972 0.496253
v 0.513378 0.859082 0.496253
v 0.501146 0.840368 0.494365
v 0.501146 0.857478 0.494365
v 0.510894 0.840368 0.490328
v 0.510894 0.857478 0.490328
v 0.498871 0.838765 0.493264
v 0.498871 0.855875 0.493264
v 0.506332 0.838765 0.485803
v 0.506332 0.855875 0.485803
v 0.496348 0.837161 0.493117
v 0.496348 0.854271 0.493117
v 0.500386 0.837161 0.483369
v 0.500386 0.854271 0.483369
v 0.493961 0.835557 0.493947
v 0.493961 0.852667 0.493947
v 0.493961 0.835557 0.483396
v 0.493961 0.852667 0.483396
v 0.492073 0.833954 0.495627
v 0.492073 0.851064 0.495627
v 0.488035 0.833954 0.485879
v 0.488035 0.851064 0.485879
v 0.490971 0.832350 0.497902
v 0.490971 0.849460 0.497902
v 0.483511 0.832350 0.490442
v 0.483511 0.849460 0.490442
v 0.490824 0.830746 0.500426
v 0.490824 0.847856 0.500426
v 0.481076 0.830746 0.496388
v 0.481076 0.847856 0.496388
v 0.491654 0.829143 0.502813
v 0.491654 0.846253 0.502813
v 0.481103 0.829143 0.502813
v 0.481103 0.846253 0.502813
v 0.493335 0.827539 0.504701
v 0.493335 0.844649 0.504701
v 0.483587 0.827539 0.508739
v 0.483587 0.844649 0.508739
v 0.495610 0.825935 0.505802
v 0.495610 0.843045 0.505802
v 0.488149 0.825935 0.513263
v 0.488149 0.843045 0.513263
v 0.498133 0.824332 0.505949
v 0.498133 0.841442 0.505949
v 0.494095 0.824332 0.515697
v 0.494095 0.841442 0.515697
v 0.500520 0.822728 0.505119
v 0.500520 0.839838 0.505119
v 0.500520 0.822728 0.515671
v 0.500520 0.839838 0.515671
v 0.502408 0.821124 0.503439
v 0.502408 0.838234 0.503439
v 0.506446 0.821124 0.513187
v 0.506446 0.838234 0.513187
v 0.503510 0.819521 0.501164
v 0.503510 0.836631 0.501164
v 0.510970 0.819521 0.508625
v 0.510970 0.836631 0.508625
v 0.503657 0.817917 0.498641
v 0.503657 0.835027 0.498641
v 0.513404 0.817917 0.502679
v 0.513404 0.835027 0.502679
v 0.502827 0.816313 0.496254
v 0.502827 0.833423 0.496254
v 0.513378 0.816313 0.496253
v 0.513378 0.833423 0.496253
v 0.501146 0.814710 0.494365
v 0.501146 0.831820 0.494365
v 0.510894 0.814710 0.490328
v 0.510894 0.831820 0.490328
v 0.498871 0.813106 0.493264
v 0.498871 0.830216 0.493264
v 0.506332 0.813106 0.485803
v 0.506332 0.830216 0.485803
v 0.496348 0.811502 0.493117
v 0.496348 0.828613 0.493117
v 0.500386 0.811502 0.483369
v 0.500386 0.828613 0.483369
v 0.493961 0.809899 0.493947
v 0.493961 0.827009 0.493947
v 0.493961 0.809899 0.483396
v 0.493961 0.827009 0.483396
v 0.492073 0.808295 0.495627
v 0.492073 0.825405 0.495627
v 0.488035 0.808295 0.485879
v 0.488035 0.825405 0.485879
v 0.490971 0.806691 0.497902
v 0.490971 0.823802 0.497902
v 0.483511 0.806691 0.490442
v 0.483511 0.823802 0.490442
v 0.490824 0.805088 0.500426
v 0.490824 0.822198 0.500426
v 0.481076 0.805088 0.496388
v 0.481076 0.822198 0.496388
v 0.491654 0.803484 0.502813
v 0.491654 0.820594 0.502813
v 0.481103 0.803484 0.502813
v 0.481103 0.820594 0.502813
v 0.493335 0.801880 0.504701
v 0.493335 0.818991 0.504701
v 0.483587 0.801880 0.508739
v 0.483587 0.818991 0.508739
v 0.495610 0.800277 0.505802
v 0.495610 0.817387 0.505802
v 0.488149 0.800277 0.513263
v 0.488149 0.817387 0.513263
v 0.498133 0.798673 0.505949
v 0.498133 0.815783 0.505949
v 0.494095 0.798673 0.515697
v 0.494095 0.815783 0.515697
v 0.500520 0.797070 0.505119
v 0.500520 0.814180 0.505119
v 0.500520 0.797070 0.515671
v 0.500520 0.814180 0.515671
v 0.502408 0.795466 0.503439
v 0.502408 0.812576 0.503439
v 0.506446 0.795466 0.513187
v 0.506446 0.812576 0.513187
v 0.503510 0.793862 0.501164
v 0.503510 0.810972 0.501164
v 0.510970 0.793862 0.508625
v 0.510970 0.810972 0.508625
v 0.503657 0.792259 0.498641
v 0.503657 0.809369 0.498641
v 0.513404 0.792259 0.502679
v 0.513404 0.809369 0.502679
v 0.502827 0.790655 0.496254
v 0.502827 0.807765 0.496254
v 0.513378 0.790655 0.496253
v 0.513378 0.807765 0.496253
v 0.501146 0.789051 0.494365
v 0.501146 0.806161 0.494365
v 0.510894 0.789051 0.490328
v 0.510894 0.806161 0.490328
v 0.498871 0.787448 0.493264
v 0.498871 0.804558 0.493264
v 0.506332 0.787448 0.485803
v 0.506332 0.804558 0.485803
v 0.496348 0.785844 0.493117
v 0.496348 0.802954 0.493117
v 0.500386 0.785844 0.483369
v 0.500386 0.802954 0.483369
v 0.493961 0.784240 0.493947
v 0.493961 0.801350 0.493947
v 0.493961 0.784240 0.483396
v 0.493961 0.801350 0.483396
v 0.492073 0.782637 0.495627
v 0.492073 0.799747 0.495627
v 0.488035 0.782637 0.485879
v 0.488035 0.799747 0.485879
v 0.490971 0.781033 0.497902
v 0.490971 0.798143 0.497902
v 0.483510 0.781033 0.490442
v 0.483510 0.798143 0.490442
v 0.490824 0.779429 0.500426
v 0.490824 0.796539 0.500426
v 0.481076 0.779429 0.496388
v 0.481076 0.796539 0.496388
v 0.491654 0.777826 0.502813
v 0.491654 0.794936 0.502813
v 0.481103 0.777826 0.502813
v 0.481103 0.794936 0.502813
v 0.493335 0.776222 0.504701
v 0.493335 0.793332 0.504701
v 0.483587 0.776222 0.508739
v 0.483587 0.793332 0.508739
v 0.495610 0.774618 0.505802
v 0.495610 0.791728 0.505802
v 0.488149 0.774618 0.513263
v 0.488149 0.791728 0.513263
v 0.498133 0.773015 0.505949
v 0.498133 0.790125 0.505949
v 0.494095 0.773015 0.515697
v 0.494095 0.790125 0.515697
v 0.500520 0.771411 0.505119
v 0.500520 0.788521 0.505119
v 0.500520 0.771411 0.515671
v 0.500520 0.788521 0.515671
v 0.502408 0.769807 0.503439
v 0.502408 0.786917 0.503439
v 0.506446 0.769807 0.513187
v 0.506446 0.786917 0.513187
v 0.503510 0.768204 0.501164
v 0.503510 0.785314 0.501164
v 0.510970 0.768204 0.508625
v 0.510970 0.785314 0.508625
v 0.503657 0.766600 0.498641
v 0.503657 0.783710 0.498641
v 0.513405 0.766600 0.502679
v 0.513405 0.783710 0.502679
v 0.502827 0.764996 0.496254
v 0.502827 0.782106 0.496254
v 0.513378 0.764996 0.496253
v 0.513378 0.782106 0.496253
v 0.501146 0.763393 0.494365
v 0.501146 0.780503 0.494365
v 0.510894 0.763393 0.490328
v 0.510894 0.780503 0.490328
v 0.498871 0.761789 0.493264
v 0.498871 0.778899 0.493264
v 0.506332 0.761789 0.485803
v 0.506332 0.778899 0.485803
v 0.496348 0.760185 0.493117
v 0.496348 0.777295 0.493117
v 0.500386 0.760185 0.483369
v 0.500386 0.777295 0.483369
v 0.493961 0.758582 0.493947
v 0.493961 0.775692 0.493947
v 0.493961 0.758582 0.483396
v 0.493961 0.775692 0.483396
v 0.492073 0.756978 0.495627
v 0.492073 0.774088 0.495627
v 0.488035 0.756978 0.485879
v 0.488035 0.774088 0.485879
v 0.490971 0.755374 0.497902
v 0.490971 0.772484 0.497902
v 0.483510 0.755374 0.490442
v 0.483510 0.772484 0.490442
v 0.490824 0.753771 0.500426
v 0.490824 0.770881 0.500426
v 0.481076 0.753771 0.496388
v 0.481076 0.770881 0.496388
v 0.491654 0.752167 0.502813
v 0.491654 0.769277 0.502813
v 0.481103 0.752167 0.502813
v 0.481103 0.769277 0.502813
v 0.493335 0.750564 0.504701
v 0.493335 0.767674 0.504701
v 0.483587 0.750564 0.508739
v 0.483587 0.767674 0.508739
v 0.495610 0.748960 0.505802
v 0.495610 0.766070 0.505802
v 0.488149 0.748960 0.513263
v 0.488149 0.766070 0.513263
v 0.498133 0.747356 0.505949
v 0.498133 0.764466 0.505949
v 0.494095 0.747356 0.515697
v 0.494095 0.764466 0.515697
v 0.500520 0.745753 0.505119
v 0.500520 0.762863 0.505119
v 0.500520 0.745753 0.515671
v 0.500520 0.762863 0.515671
v 0.502408 0.744149 0.503439
v 0.502408 0.761259 0.503439
v 0.506446 0.744149 0.513187
v 0.506446 0.761259 0.513187
v 0.503510 0.742545 0.501164
v 0.503510 0.759655 0.501164
v 0.510970 0.742545 0.508625
v 0.510970 0.759655 0.508625
v 0.503657 0.740941 0.498641
v 0.503657 0.758052 0.498641
v 0.513405 0.740941 0.502678
v 0.513405 0.758052 0.502678
v 0.502827 0.739338 0.496253
v 0.502827 0.756448 0.496253
v 0.513378 0.739338 0.496253
v 0.513378 0.756448 0.496253
v 0.501146 0.737734 0.494365
v 0.501146 0.754844 0.494365
v 0.510894 0.737734 0.490327
v 0.510894 0.754844 0.490327
v 0.498871 0.736131 0.493264
v 0.498871 0.753241 0.493264
v 0.506332 0.736131 0.485803
v 0.506332 0.753241 0.485803
v 0.496348 0.734527 0.493117
v 0.496348 0.751637 0.493117
v 0.500386 0.734527 0.483369
v 0.500386 0.751637 0.483369
v 0.493961 0.732923 0.493947
v 0.493961 0.750033 0.493947
v 0.493961 0.732923 0.483396
v 0.493961 0.750033 0.483396
v 0.492073 0.731320 0.495627
v 0.492073 0.748430 0.495627
v 0.488035 0.731320 0.485879
v 0.488035 0.748430 0.485879
v 0.490971 0.729716 0.497902
v 0.490971 0.746826 0.497902
v 0.483510 0.729716 0.490442
v 0.483510 0.746826 0.490442
v 0.490824 0.728112 0.500426
v 0.490824 0.745222 0.500426
v 0.481076 0.728112 0.496388
v 0.481076 0.745222 0.496388
v 0.491654 0.726509 0.502813
v 0.491654 0.743619 0.502813
v 0.481103 0.726509 0.502813
v 0.481103 0.743619 0.502813
v 0.493335 0.724905 0.504701
v 0.493335 0.742015 0.504701
v 0.483587 0.724905 0.508739
v 0.483587 0.742015 0.508739
v 0.495610 0.723301 0.505802
v 0.495610 0.740411 0.505802
v 0.488149 0.723301 0.513263
v 0.488149 0.740411 0.513263
v 0.498133 0.721698 0.505949
v 0.498133 0.738808 0.505949
v 0.494095 0.721698 0.515697
v 0.494095 0.738808 0.515697
v 0.500520 0.720094 0.505119
v 0.500520 0.737204 0.505119
v 0.500520 0.720094 0.515670
v 0.500520 0.737204 0.515670
v 0.502408 0.718490 0.503439
v 0.502408 0.735600 0.503439
v 0.506446 0.718490 0.513187
v 0.506446 0.735600 0.513187
v 0.503510 0.716887 0.501164
v 0.503510 0.733997 0.501164
v 0.510970 0.716887 0.508625
v 0.510970 0.733997 0.508625
v 0.503657 0.715283 0.498641
v 0.503657 0.732393 0.498641
v 0.513405 0.715283 0.502678
v 0.513405 0.732393 0.502678
v 0.502827 0.713679 0.496253
v 0.502827 0.730789 0.496253
v 0.513378 0.713679 0.496253
v 0.513378 0.730789 0.496253
v 0.501146 0.712076 0.494365
v 0.501146 0.729186 0.494365
v 0.510894 0.712076 0.490328
v 0.510894 0.729186 0.490328
v 0.498871 0.710472 0.493264
v 0.498871 0.727582 0.493264
v 0.506332 0.710472 0.485803
v 0.506332 0.727582 0.485803
v 0.496348 0.708868 0.493117
v 0.496348 0.725978 0.493117
v 0.500386 0.708868 0.483369
v 0.500386 0.725978 0.483369
v 0.493961 0.707265 0.493947
v 0.493961 0.724375 0.493947
v 0.493961 0.707265 0.483396
v 0.493961 0.724375 0.483396
vn 0.1241 -0.9459 -0.2997
vn -0.1451 -0.9701 -0.1945
vn -0.0595 -0.9713 -0.2302
vn 0.2302 -0.9713 -0.0595
vn 0.1945 -0.9701 -0.1451
vn 0.0660 -0.9411 -0.3316
vn -0.1683 -0.9718 -0.1653
vn -0.0942 -0.9708 -0.2205
vn 0.2181 -0.9650 -0.1456
vn 0.1658 -0.9630 -0.2123
vn -0.2293 -0.9459 -0.2293
vn -0.2674 -0.9630 0.0328
vn -0.2572 -0.9650 -0.0512
vn 0.0088 -0.9643 -0.2646
vn -0.0753 -0.9643 -0.2539
vn 0.3316 0.9411 -0.0660
vn 0.1933 0.9643 -0.1809
vn 0.1264 0.9643 -0.2328
vn 0.2826 0.9571 0.0646
vn 0.2540 0.9578 0.1343
vn 0.3243 -0.9459 -0.0000
vn 0.1809 -0.9643 0.1933
vn 0.2328 -0.9643 0.1264
vn -0.0000 -0.9459 0.3243
vn 0.2085 -0.9701 0.1241
vn 0.1431 -0.9713 0.1899
vn -0.1866 -0.9577 0.2191
vn -0.1220 -0.9586 0.2572
vn 0.2293 -0.9459 -0.2293
vn -0.0597 -0.9701 -0.2352
vn 0.0331 -0.9713 -0.2355
vn 0.2018 -0.9782 0.0485
vn 0.2134 -0.9757 -0.0499
vn 0.2811 -0.9411 0.1878
vn 0.2539 -0.9643 -0.0753
vn 0.2646 -0.9643 0.0088
vn 0.0511 -0.9650 0.2572
vn 0.1327 -0.9630 0.2344
vn -0.1705 0.9517 -0.2552
vn -0.2018 0.9782 -0.0485
vn -0.2134 0.9757 0.0499
vn 0.0051 0.9772 -0.2123
vn 0.1006 0.9774 -0.1860
vn -0.2293 0.9459 -0.2293
vn -0.0753 0.9643 -0.2540
vn 0.0088 0.9643 -0.2646
vn 0.2996 0.9459 -0.1241
vn 0.1207 0.9713 -0.2049
vn 0.0349 0.9701 -0.2401
vn 0.2634 0.9643 0.0277
vn 0.2411 0.9643 0.1094
vn -0.1241 -0.9459 0.2997
vn 0.1326 -0.9630 0.2344
vn -0.2302 -0.9713 0.0595
vn -0.1945 -0.9701 0.1451
vn -0.1241 -0.9459 -0.2996
vn -0.2689 -0.9564 -0.1137
vn -0.2242 -0.9589 -0.1739
vn 0.0885 -0.9577 -0.2738
vn 0.0142 -0.9586 -0.2843
vn -0.2996 0.9459 0.1241
vn -0.1207 0.9713 0.2049
vn -0.0349 0.9701 0.2401
vn -0.2163 0.9757 -0.0355
vn -0.1679 0.9782 -0.1220
vn -0.2997 -0.9459 -0.1241
vn -0.0659 -0.9411 0.3316
vn 0.1667 -0.9643 0.2058
vn 0.0932 -0.9643 0.2479
vn -0.2181 -0.9650 0.1456
vn -0.1658 -0.9630 0.2123
vn 0.2997 -0.9459 0.1241
vn 0.0595 -0.9713 0.2302
vn 0.1451 -0.9701 0.1945
vn -0.2997 0.9459 -0.1241
vn -0.2302 0.9713 0.0595
vn -0.1945 0.9701 0.1451
vn -0.1451 0.9701 -0.1945
vn -0.0595 0.9713 -0.2302
vn 0.2996 -0.9459 -0.1241
vn 0.0720 -0.9630 -0.2596
vn 0.1458 -0.9650 -0.2180
vn 0.2049 -0.9713 0.1207
vn 0.2401 -0.9701 0.0349
vn 0.2552 -0.9517 0.1705
vn 0.2184 -0.9690 -0.1154
vn 0.2323 -0.9723 -0.0241
vn -0.0371 -0.9836 0.1763
vn 0.0668 -0.9821 0.1760
vn -0.3011 0.9517 -0.0599
vn -0.1509 0.9836 0.0984
vn -0.0772 0.9821 0.1717
vn -0.1466 0.9772 -0.1537
vn -0.0604 0.9774 -0.2026
vn -0.3316 -0.9411 -0.0659
vn -0.2058 -0.9643 0.1667
vn -0.2479 -0.9643 0.0932
vn -0.1456 -0.9650 -0.2181
vn -0.2123 -0.9630 -0.1658
vn 0.1942 -0.9772 0.0859
vn 0.1333 -0.9774 0.1641
vn -0.1933 -0.9643 0.1809
vn -0.1264 -0.9643 0.2328
vn 0.2540 -0.9643 -0.0753
vn 0.1241 -0.9701 -0.2085
vn 0.1899 -0.9713 -0.1431
vn 0.3011 -0.9517 0.0599
vn 0.1576 -0.9690 -0.1902
vn 0.2054 -0.9723 -0.1112
vn 0.0604 -0.9774 0.2026
vn 0.1466 -0.9772 0.1537
vn 0.0660 -0.9411 0.3315
vn -0.1343 -0.9578 0.2540
vn -0.0646 -0.9571 0.2826
vn -0.0599 -0.9517 -0.3011
vn -0.2360 -0.9690 -0.0728
vn -0.1813 -0.9723 -0.1472
vn 0.1641 -0.9774 -0.1333
vn 0.0859 -0.9772 -0.1942
vn 0.2705 -0.9564 -0.1097
vn 0.2815 -0.9589 -0.0355
vn -0.1653 -0.9718 0.1683
vn -0.2205 -0.9708 0.0942
vn 0.2996 0.9459 0.1241
vn 0.2572 0.9650 -0.0511
vn 0.2344 0.9630 -0.1326
vn 0.1451 0.9701 0.1945
vn 0.0595 0.9713 0.2302
vn -0.1667 0.9643 -0.2058
vn -0.0932 0.9643 -0.2479
vn -0.1466 -0.9772 -0.1537
vn -0.0604 -0.9774 -0.2026
vn -0.0766 -0.9772 -0.1981
vn 0.0218 -0.9774 -0.2103
vn 0.1241 0.9459 -0.2997
vn 0.2111 0.9586 -0.1910
vn 0.2562 0.9577 -0.1310
vn 0.1878 0.9411 0.2811
vn 0.0328 0.9630 0.2674
vn -0.0512 0.9650 0.2572
vn 0.1084 -0.9782 0.1770
vn 0.1862 -0.9757 0.1156
vn -0.3215 -0.9375 -0.1331
vn -0.2316 -0.9663 0.1126
vn -0.2623 -0.9644 0.0345
vn -0.1405 -0.9589 -0.2465
vn -0.2049 -0.9564 -0.2079
vn -0.3243 -0.9459 -0.0000
vn -0.1809 -0.9643 -0.1933
vn -0.2328 -0.9643 -0.1264
vn -0.1241 0.9459 -0.2996
vn -0.2180 0.9650 -0.1458
vn -0.2596 0.9630 -0.0720
vn 0.1241 -0.9459 0.2996
vn -0.1094 -0.9643 0.2411
vn -0.0277 -0.9643 0.2634
vn 0.1878 -0.9411 -0.2811
vn 0.2460 -0.9375 -0.2460
vn -0.1458 0.9650 0.2180
vn -0.0720 0.9630 0.2596
vn -0.2401 0.9701 -0.0349
vn -0.2049 0.9713 -0.1207
vn 0.2293 -0.9459 0.2293
vn 0.2919 -0.9564 0.0021
vn 0.2737 -0.9589 0.0749
vn 0.0230 -0.9577 0.2868
vn 0.0957 -0.9586 0.2681
vn 0.1945 0.9701 -0.1451
vn 0.2302 0.9713 -0.0595
vn 0.2997 0.9459 -0.1241
vn -0.2572 0.9650 0.0511
vn -0.2344 0.9630 0.1327
vn -0.2293 0.9459 0.2293
vn 0.1878 0.9411 -0.2811
vn 0.2184 0.9690 -0.1154
vn 0.2323 0.9723 -0.0241
vn -0.3479 -0.9375 -0.0000
vn -0.2111 -0.9586 0.1910
vn -0.2562 -0.9577 0.1310
vn 0.1705 -0.9517 -0.2552
vn -0.1291 -0.9821 -0.1370
vn -0.0332 -0.9836 -0.1770
vn 0.2398 -0.9708 -0.0026
vn 0.2172 -0.9718 -0.0922
vn 0.2163 0.9757 0.0355
vn 0.1679 0.9782 0.1220
vn -0.0599 0.9517 -0.3011
vn -0.1813 0.9723 -0.1472
vn -0.2360 0.9690 -0.0728
vn 0.0772 0.9821 -0.1717
vn 0.1509 0.9836 -0.0984
vn -0.1241 -0.9459 0.2996
vn 0.0599 0.9517 -0.3011
vn -0.1112 0.9723 -0.2054
vn -0.1902 0.9690 -0.1576
vn 0.1370 0.9821 -0.1291
vn 0.1770 0.9836 -0.0332
vn -0.1331 -0.9375 0.3215
vn -0.2340 -0.9664 0.1062
vn -0.1999 -0.9626 0.1829
vn -0.0328 -0.9630 -0.2674
vn 0.0512 -0.9650 -0.2572
vn -0.2811 -0.9411 0.1878
vn 0.1705 -0.9517 0.2552
vn -0.0893 -0.9708 0.2225
vn 0.0021 -0.9718 0.2359
vn 0.3215 -0.9375 -0.1332
vn 0.1220 -0.9586 -0.2572
vn 0.1866 -0.9577 -0.2191
vn 0.2843 0.9586 0.0142
vn 0.2738 0.9577 0.0885
vn 0.0846 -0.9578 0.2746
vn 0.1541 -0.9571 0.2455
vn -0.0021 0.9718 -0.2359
vn 0.0893 0.9708 -0.2225
vn -0.1006 -0.9774 0.1860
vn -0.0051 -0.9772 0.2123
vn 0.1241 0.9459 0.2996
vn 0.2242 0.9589 0.1739
vn 0.2689 0.9564 0.1137
vn -0.2997 -0.9459 0.1241
vn -0.0720 -0.9630 0.2596
vn -0.1458 -0.9650 0.2180
vn -0.2411 -0.9643 -0.1094
vn -0.2634 -0.9643 -0.0277
vn 0.0599 0.9517 0.3011
vn -0.0884 0.9718 0.2187
vn -0.1677 0.9708 0.1714
vn -0.0000 0.9459 0.3243
vn 0.1456 0.9650 0.2181
vn 0.2123 0.9630 0.1658
vn -0.1241 0.9701 0.2085
vn -0.1899 0.9713 0.1431
vn 0.3479 0.9375 -0.0000
vn -0.1878 0.9411 0.2811
vn 0.0026 0.9708 0.2398
vn 0.0922 0.9718 0.2172
vn -0.3011 -0.9517 -0.0599
vn 0.2552 0.9517 0.1705
vn 0.0766 0.9772 0.1981
vn -0.0218 0.9774 0.2103
vn 0.2811 0.9411 -0.1878
vn 0.2674 0.9630 -0.0328
vn 0.2572 0.9650 0.0512
vn -0.0660 -0.9411 -0.3316
vn -0.0000 -0.9459 -0.3243
vn 0.0659 0.9411 -0.3316
vn 0.1658 0.9630 -0.2123
vn 0.2181 0.9650 -0.1456
vn 0.1241 0.9459 0.2997
vn 0.2049 0.9713 0.1207
vn 0.2401 0.9701 0.0349
vn -0.0355 0.9757 0.2163
vn -0.1220 0.9782 0.1679
vn -0.0659 0.9411 0.3316
vn 0.0932 0.9643 0.2479
vn 0.1667 0.9643 0.2058
vn -0.1678 0.9571 0.2364
vn -0.2213 0.9578 0.1833
vn -0.1241 0.9459 0.2997
vn -0.2058 0.9643 0.1667
vn -0.2479 0.9643 0.0932
vn 0.6648 -0.0000 0.7470
vn 0.7527 -0.0000 0.6584
vn 0.8388 -0.0000 0.5445
vn 0.9473 -0.0000 0.3203
vn 0.9833 -0.0000 0.1820
vn 0.9978 -0.0000 -0.0667
vn 0.9781 -0.0000 -0.2081
vn 0.8963 -0.0000 -0.4434
vn 0.8240 -0.0000 -0.5666
vn 0.6584 -0.0000 -0.7527
vn 0.5445 -0.0000 -0.8388
vn 0.3203 -0.0000 -0.9473
vn 0.1820 -0.0000 -0.9833
vn -0.0667 -0.0000 -0.9978
vn -0.2081 -0.0000 -0.9781
vn -0.4434 -0.0000 -0.8963
vn -0.5666 -0.0000 -0.8240
vn -0.7527 -0.0000 -0.6584
vn -0.8388 -0.0000 -0.5445
vn -0.9473 -0.0000 -0.3203
vn -0.9833 -0.0000 -0.1820
vn -0.9978 -0.0000 0.0667
vn -0.9781 -0.0000 0.2081
vn -0.8963 -0.0000 0.4434
vn -0.8240 -0.0000 0.5666
vn -0.6584 -0.0000 0.7527
vn -0.5445 -0.0000 0.8388
vn -0.3203 -0.0000 0.9473
vn -0.1820 -0.0000 0.9833
vn 0.0667 -0.0000 0.9978
vn 0.2081 -0.0000 0.9781
vn 0.4434 -0.0000 0.8963
vn 0.5666 -0.0000 0.8240
vn -0.3202 -0.0000 0.9473
vn 0.9473 -0.0000 0.3202
vn 0.3202 -0.0000 -0.9473
vn -0.9473 -0.0000 -0.3202
vn -0.8388 -0.0000 -0.5444
vn -0.5444 -0.0000 0.8388
vn 0.5444 -0.0000 -0.8388
vn 0.3283 -0.0000 0.9446
vn -0.0000 0.9459 -0.3243
vn -0.1333 0.9774 -0.1641
vn -0.1942 0.9772 -0.0859
vn -0.3011 0.9517 0.0599
vn -0.0331 0.9713 0.2355
vn 0.0597 0.9701 0.2352
vn -0.1878 -0.9411 -0.2811
vn -0.0599 -0.9517 0.3011
vn 0.0660 -0.9411 0.3316
vn 0.2293 0.9459 0.2293
vn -0.2552 -0.9517 -0.1705
vn -0.2184 -0.9690 0.1154
vn -0.2323 -0.9723 0.0241
vn -0.1431 0.9713 -0.1899
vn -0.2085 0.9701 -0.1241
vn 0.1241 0.9701 -0.2085
vn 0.1899 0.9713 -0.1431
vn -0.3316 0.9411 0.0659
vn -0.1241 0.9459 0.2996
vn 0.0355 0.9589 0.2815
vn 0.1097 0.9564 0.2705
vn -0.1241 0.9459 -0.2997
vn -0.0088 -0.9643 0.2646
vn 0.0753 -0.9643 0.2540
vn -0.0753 0.9643 -0.2539
vn 0.2455 0.9571 -0.1541
vn 0.2746 0.9578 -0.0846
vn 0.2996 -0.9459 0.1241
vn 0.2050 0.9782 -0.0324
vn 0.1781 0.9757 -0.1278
vn 0.0660 0.9411 0.3316
vn 0.1809 0.9643 0.1933
vn 0.2328 0.9643 0.1264
vn -0.3243 0.9459 -0.0000
vn 0.3243 0.9459 -0.0000
vn 0.2085 0.9701 0.1241
vn 0.1431 0.9713 0.1899
vn 0.3011 0.9517 0.0599
vn 0.1466 0.9772 0.1537
vn 0.0604 0.9774 0.2026
vn -0.1576 -0.9690 0.1902
vn -0.2054 -0.9723 0.1112
vn -0.2811 0.9411 -0.1878
vn -0.2646 0.9643 -0.0088
vn -0.2540 0.9643 0.0753
vn -0.1326 0.9630 -0.2344
vn -0.0511 0.9650 -0.2572
vn -0.3316 -0.9411 0.0659
vn 0.2737 0.9589 0.0749
vn 0.2919 0.9564 0.0021
vn 0.1679 0.9571 -0.2364
vn 0.2213 0.9578 -0.1833
vn 0.2997 0.9459 0.1241
vn -0.3215 -0.9375 0.1332
vn -0.2737 -0.9589 -0.0749
vn -0.2919 -0.9564 -0.0021
vn -0.3215 0.9375 0.1332
vn -0.1866 0.9577 0.2191
vn -0.1220 0.9586 0.2572
vn -0.2919 0.9564 -0.0021
vn -0.2737 0.9589 -0.0749
vn 0.3316 0.9411 0.0659
vn 0.1241 0.9459 -0.2996
vn 0.3215 0.9375 -0.1332
vn 0.1611 0.9644 -0.2098
vn 0.0841 0.9663 -0.2434
vn 0.2460 0.9375 0.2460
vn -0.1705 -0.9517 0.2552
vn 0.1278 -0.9757 0.1781
vn 0.0324 -0.9782 0.2050
vn -0.3315 0.9411 0.0660
vn -0.2355 0.9713 -0.0331
vn -0.2352 0.9701 0.0597
vn -0.1781 -0.9757 0.1278
vn -0.2050 -0.9782 0.0324
vn 0.2596 0.9630 0.0720
vn 0.2180 0.9650 0.1458
vn -0.2359 -0.9718 0.0021
vn -0.2225 -0.9708 -0.0893
vn -0.0932 -0.9643 -0.2479
vn -0.1667 -0.9643 -0.2058
vn 0.0659 -0.9411 -0.3316
vn 0.3011 -0.9517 -0.0599
vn 0.1147 -0.9626 -0.2455
vn 0.1755 -0.9664 -0.1877
vn -0.2996 -0.9459 -0.1241
vn -0.1310 -0.9577 -0.2562
vn -0.1910 -0.9586 -0.2111
vn -0.3316 0.9411 -0.0659
vn -0.2552 -0.9517 0.1705
vn -0.0660 -0.9411 0.3316
vn 0.0269 -0.9578 -0.2861
vn -0.0485 -0.9571 -0.2858
vn -0.0000 -0.9375 -0.3479
vn 0.2572 -0.9650 -0.0511
vn 0.2344 -0.9630 -0.1326
vn -0.1878 -0.9411 0.2811
vn -0.3865 -0.0000 -0.9223
vn -0.5844 -0.0000 -0.8115
vn -0.5331 -0.0000 -0.8461
vn -0.8505 -0.0000 -0.5260
vn -0.8163 -0.0000 -0.5777
vn -0.9870 -0.0000 -0.1605
vn -0.9752 -0.0000 -0.2213
vn -0.9733 -0.0000 0.2294
vn -0.9857 -0.0000 0.1687
vn -0.8115 -0.0000 0.5844
vn -0.8461 -0.0000 0.5331
vn -0.5260 -0.0000 0.8505
vn -0.5777 -0.0000 0.8163
vn -0.1605 -0.0000 0.9870
vn -0.2213 -0.0000 0.9752
vn 0.2294 -0.0000 0.9733
vn 0.1687 -0.0000 0.9857
vn 0.5844 -0.0000 0.8115
vn 0.5331 -0.0000 0.8461
vn 0.8505 -0.0000 0.5260
vn 0.8163 -0.0000 0.5777
vn 0.9870 -0.0000 0.1605
vn 0.9752 -0.0000 0.2213
vn 0.9733 -0.0000 -0.2294
vn 0.9857 -0.0000 -0.1687
vn 0.8115 -0.0000 -0.5844
vn 0.8461 -0.0000 -0.5331
vn 0.5260 -0.0000 -0.8505
vn 0.5777 -0.0000 -0.8163
vn 0.1605 -0.0000 -0.9870
vn 0.2213 -0.0000 -0.9752
vn -0.2294 -0.0000 -0.9733
vn -0.1687 -0.0000 -0.9857
vn -0.5844 -0.0000 -0.8114
vn 0.5844 -0.0000 0.8114
vn 0.8114 -0.0000 -0.5844
vn -0.8114 -0.0000 0.5844
vn -0.5776 -0.0000 0.8163
vn -0.8163 -0.0000 -0.5776
vn 0.8163 -0.0000 0.5776
vn 0.5776 -0.0000 -0.8163
vn -0.0042 -0.0000 -1.0000
vt 0.564468 0.637817
vt 0.564674 0.638582
vt 0.561579 0.637953
vt 0.561844 0.636025
vt 0.562804 0.634387
vt 0.564296 0.633289
vt 0.566078 0.632898
vt 0.565462 0.636061
vt 0.564912 0.636452
vt 0.564557 0.637069
vt 0.561313 0.637069
vt 0.561224 0.637817
vt 0.561430 0.638582
vt 0.558334 0.637953
vt 0.558600 0.636025
vt 0.559560 0.634387
vt 0.561052 0.633289
vt 0.561668 0.636452
vt 0.592250 0.638582
vt 0.592734 0.639248
vt 0.593439 0.639714
vt 0.594272 0.639909
vt 0.592519 0.642591
vt 0.590815 0.641506
vt 0.589639 0.639878
vt 0.589155 0.637953
vt 0.589421 0.636025
vt 0.592045 0.637817
vt 0.676461 0.260293
vt 0.678449 0.259918
vt 0.680434 0.260309
vt 0.679818 0.263473
vt 0.679065 0.263082
vt 0.678215 0.262975
vt 0.677382 0.263170
vt 0.674758 0.261378
vt 0.562218 0.636061
vt 0.562834 0.632898
vt 0.564619 0.633273
vt 0.566120 0.634357
vt 0.567093 0.635986
vt 0.563997 0.636615
vt 0.563496 0.636149
vt 0.562865 0.635955
vt 0.577256 0.637282
vt 0.576974 0.636615
vt 0.580070 0.635986
vt 0.580351 0.637911
vt 0.579883 0.639839
vt 0.578720 0.641477
vt 0.577025 0.642575
vt 0.576410 0.639411
vt 0.576967 0.638795
vt 0.577259 0.638047
vt 0.568707 0.636061
vt 0.568156 0.636452
vt 0.567802 0.637069
vt 0.567713 0.637817
vt 0.565089 0.636025
vt 0.566048 0.634387
vt 0.567540 0.633289
vt 0.569322 0.632898
vt 0.571107 0.633273
vt 0.569354 0.635955
vt 0.593196 0.636615
vt 0.592694 0.636149
vt 0.592064 0.635955
vt 0.593817 0.633273
vt 0.595318 0.634357
vt 0.596291 0.635986
vt 0.596572 0.637911
vt 0.593477 0.637282
vt 0.679261 0.268527
vt 0.677760 0.269611
vt 0.676007 0.266929
vt 0.676637 0.266735
vt 0.677139 0.266269
vt 0.677420 0.265602
vt 0.677423 0.264837
vt 0.677131 0.264089
vt 0.678884 0.261407
vt 0.680047 0.263045
vt 0.680515 0.264973
vt 0.680234 0.266898
vt 0.708091 0.264973
vt 0.707810 0.266898
vt 0.706837 0.268527
vt 0.705336 0.269611
vt 0.703583 0.266929
vt 0.704213 0.266735
vt 0.704715 0.266269
vt 0.704996 0.265602
vt 0.704999 0.264837
vt 0.707623 0.263045
vt 0.669973 0.260293
vt 0.671961 0.259918
vt 0.673945 0.260309
vt 0.675640 0.261407
vt 0.673887 0.264089
vt 0.673330 0.263473
vt 0.672576 0.263082
vt 0.671726 0.262975
vt 0.670893 0.263170
vt 0.668269 0.261378
vt 0.582125 0.638047
vt 0.582122 0.637282
vt 0.585217 0.637911
vt 0.584749 0.639839
vt 0.583587 0.641477
vt 0.581892 0.642575
vt 0.579907 0.642966
vt 0.580523 0.639802
vt 0.581276 0.639411
vt 0.581833 0.638795
vt 0.582312 0.637817
vt 0.582517 0.638582
vt 0.583001 0.639248
vt 0.583706 0.639714
vt 0.581082 0.641506
vt 0.579906 0.639878
vt 0.579422 0.637953
vt 0.579688 0.636025
vt 0.580648 0.634387
vt 0.582401 0.637069
vt 0.690737 0.269611
vt 0.688952 0.269986
vt 0.687170 0.269595
vt 0.685678 0.268497
vt 0.687431 0.265815
vt 0.687786 0.266432
vt 0.688336 0.266823
vt 0.688984 0.266929
vt 0.689614 0.266735
vt 0.692238 0.268527
vt 0.578135 0.639248
vt 0.578840 0.639714
vt 0.579673 0.639909
vt 0.577919 0.642591
vt 0.576216 0.641506
vt 0.575040 0.639877
vt 0.574556 0.637953
vt 0.577651 0.638582
vt 0.585078 0.638795
vt 0.585369 0.638047
vt 0.585366 0.637282
vt 0.588462 0.637911
vt 0.587993 0.639839
vt 0.586831 0.641477
vt 0.585136 0.642575
vt 0.584520 0.639411
vt 0.585575 0.635955
vt 0.584928 0.636061
vt 0.585544 0.632898
vt 0.587329 0.633273
vt 0.588830 0.634357
vt 0.589802 0.635986
vt 0.590084 0.637911
vt 0.586989 0.637282
vt 0.586707 0.636615
vt 0.586206 0.636149
vt 0.577445 0.637817
vt 0.574821 0.636025
vt 0.575781 0.634387
vt 0.577273 0.633289
vt 0.579055 0.632898
vt 0.578439 0.636061
vt 0.577889 0.636452
vt 0.577534 0.637069
vt 0.693981 0.269611
vt 0.692196 0.269986
vt 0.691581 0.266823
vt 0.692228 0.266929
vt 0.692858 0.266735
vt 0.693360 0.266269
vt 0.693641 0.265602
vt 0.696737 0.264973
vt 0.696455 0.266898
vt 0.695482 0.268527
vt 0.582331 0.635955
vt 0.581684 0.636061
vt 0.581133 0.636452
vt 0.580779 0.637069
vt 0.579025 0.634387
vt 0.580517 0.633289
vt 0.582299 0.632898
vt 0.584084 0.633273
vt 0.585585 0.634357
vt 0.582961 0.636149
vt 0.593686 0.635955
vt 0.593039 0.636061
vt 0.593654 0.632898
vt 0.595439 0.633273
vt 0.596940 0.634357
vt 0.597913 0.635986
vt 0.598194 0.637911
vt 0.597726 0.639839
vt 0.595102 0.638047
vt 0.595099 0.637282
vt 0.594818 0.636615
vt 0.594316 0.636149
vt 0.676138 0.269611
vt 0.674353 0.269986
vt 0.672571 0.269595
vt 0.673187 0.266432
vt 0.673737 0.266823
vt 0.674385 0.266929
vt 0.675015 0.266735
vt 0.675517 0.266269
vt 0.675798 0.265602
vt 0.678893 0.264973
vt 0.678612 0.266898
vt 0.677639 0.268527
vt 0.588572 0.639714
vt 0.589405 0.639909
vt 0.590256 0.639802
vt 0.589640 0.642966
vt 0.587652 0.642591
vt 0.585948 0.641506
vt 0.584773 0.639878
vt 0.587868 0.639248
vt 0.574012 0.637282
vt 0.573730 0.636615
vt 0.576825 0.635986
vt 0.577107 0.637911
vt 0.576638 0.639839
vt 0.575476 0.641477
vt 0.573781 0.642575
vt 0.573165 0.639411
vt 0.573723 0.638795
vt 0.574014 0.638047
vt 0.575352 0.636615
vt 0.574851 0.636149
vt 0.574220 0.635955
vt 0.575974 0.633273
vt 0.577475 0.634357
vt 0.578448 0.635986
vt 0.578729 0.637911
vt 0.575634 0.637282
vt 0.575195 0.636061
vt 0.574645 0.636452
vt 0.574029 0.633289
vt 0.575811 0.632898
vt 0.577596 0.633273
vt 0.579097 0.634357
vt 0.576473 0.636149
vt 0.575842 0.635955
vt 0.591072 0.636149
vt 0.590442 0.635955
vt 0.589794 0.636061
vt 0.589244 0.636452
vt 0.588628 0.633289
vt 0.590410 0.632898
vt 0.592195 0.633273
vt 0.593696 0.634357
vt 0.594669 0.635986
vt 0.594950 0.637911
vt 0.591855 0.637282
vt 0.591574 0.636615
vt 0.581841 0.636615
vt 0.581339 0.636149
vt 0.580709 0.635955
vt 0.582462 0.633273
vt 0.583963 0.634357
vt 0.584936 0.635986
vt 0.572392 0.638047
vt 0.572389 0.637282
vt 0.572108 0.636615
vt 0.575203 0.635986
vt 0.575485 0.637911
vt 0.575016 0.639839
vt 0.573854 0.641477
vt 0.572100 0.638795
vt 0.569540 0.638582
vt 0.570024 0.639248
vt 0.570729 0.639714
vt 0.568105 0.641506
vt 0.566929 0.639877
vt 0.566445 0.637953
vt 0.566711 0.636025
vt 0.567670 0.634387
vt 0.569163 0.633289
vt 0.569778 0.636452
vt 0.569424 0.637069
vt 0.569335 0.637817
vt 0.585085 0.636615
vt 0.584583 0.636149
vt 0.583953 0.635955
vt 0.583306 0.636061
vt 0.583921 0.632898
vt 0.585706 0.633273
vt 0.587207 0.634357
vt 0.588180 0.635986
vt 0.576428 0.639909
vt 0.577278 0.639802
vt 0.576663 0.642966
vt 0.574675 0.642591
vt 0.572971 0.641506
vt 0.571796 0.639877
vt 0.574891 0.639248
vt 0.575595 0.639714
vt 0.696292 0.263006
vt 0.697468 0.261378
vt 0.699171 0.260293
vt 0.701159 0.259918
vt 0.701775 0.263082
vt 0.700925 0.262975
vt 0.700092 0.263170
vt 0.699387 0.263636
vt 0.698903 0.264302
vt 0.695808 0.264931
vt 0.579273 0.638582
vt 0.579757 0.639248
vt 0.580462 0.639714
vt 0.581295 0.639909
vt 0.579541 0.642591
vt 0.577838 0.641506
vt 0.576662 0.639877
vt 0.576178 0.637953
vt 0.576444 0.636025
vt 0.579068 0.637817
vt 0.689967 0.266898
vt 0.688994 0.268527
vt 0.687493 0.269611
vt 0.685708 0.269986
vt 0.685092 0.266823
vt 0.685740 0.266929
vt 0.686370 0.266735
vt 0.686872 0.266269
vt 0.687153 0.265602
vt 0.690248 0.264973
vt 0.584377 0.636452
vt 0.584023 0.637069
vt 0.583934 0.637817
vt 0.584140 0.638582
vt 0.581044 0.637953
vt 0.581310 0.636025
vt 0.582270 0.634387
vt 0.583762 0.633289
vt 0.594661 0.636061
vt 0.594110 0.636452
vt 0.593756 0.637069
vt 0.593667 0.637817
vt 0.591043 0.636025
vt 0.592002 0.634387
vt 0.593495 0.633289
vt 0.595276 0.632898
vt 0.597061 0.633273
vt 0.595308 0.635955
vt 0.678425 0.263045
vt 0.675801 0.264837
vt 0.675509 0.264089
vt 0.674952 0.263473
vt 0.674198 0.263082
vt 0.673583 0.259918
vt 0.675567 0.260309
vt 0.677262 0.261407
vt 0.663365 0.264931
vt 0.663849 0.263006
vt 0.665025 0.261378
vt 0.667649 0.263170
vt 0.666944 0.263636
vt 0.666460 0.264302
vt 0.666255 0.265067
vt 0.663631 0.266859
vt 0.578095 0.636149
vt 0.577465 0.635955
vt 0.576817 0.636061
vt 0.576267 0.636452
vt 0.575651 0.633289
vt 0.577433 0.632898
vt 0.579218 0.633273
vt 0.580719 0.634357
vt 0.581692 0.635986
vt 0.578597 0.636615
vt 0.577217 0.639714
vt 0.578050 0.639909
vt 0.576297 0.642591
vt 0.574593 0.641506
vt 0.573418 0.639877
vt 0.576513 0.639248
vt 0.583767 0.639802
vt 0.583151 0.642966
vt 0.581164 0.642591
vt 0.579460 0.641506
vt 0.578284 0.639877
vt 0.581379 0.639248
vt 0.582084 0.639714
vt 0.582917 0.639909
vt 0.673558 0.263045
vt 0.674027 0.264973
vt 0.673745 0.266898
vt 0.672772 0.268527
vt 0.670148 0.266735
vt 0.670650 0.266269
vt 0.670932 0.265602
vt 0.670934 0.264837
vt 0.670642 0.264089
vt 0.672396 0.261407
vt 0.583747 0.638047
vt 0.583744 0.637282
vt 0.583463 0.636615
vt 0.586558 0.635986
vt 0.586840 0.637911
vt 0.586371 0.639839
vt 0.585209 0.641477
vt 0.583455 0.638795
vt 0.592134 0.637069
vt 0.590380 0.634387
vt 0.591872 0.633289
vt 0.592488 0.636452
vt 0.582755 0.636452
vt 0.582140 0.633289
vt 0.593480 0.638047
vt 0.596104 0.639839
vt 0.594941 0.641477
vt 0.593247 0.642575
vt 0.591262 0.642966
vt 0.591878 0.639802
vt 0.592631 0.639411
vt 0.593188 0.638795
vt 0.682626 0.269611
vt 0.680841 0.269986
vt 0.679060 0.269595
vt 0.677567 0.268497
vt 0.679321 0.265815
vt 0.679675 0.266432
vt 0.680226 0.266823
vt 0.680873 0.266929
vt 0.681503 0.266735
vt 0.684127 0.268527
vt 0.590233 0.637282
vt 0.589952 0.636615
vt 0.589450 0.636149
vt 0.588820 0.635955
vt 0.590573 0.633273
vt 0.592074 0.634357
vt 0.593047 0.635986
vt 0.593328 0.637911
vt 0.592860 0.639839
vt 0.590236 0.638047
vt 0.696655 0.260309
vt 0.698350 0.261407
vt 0.699512 0.263045
vt 0.699981 0.264973
vt 0.696886 0.265602
vt 0.696888 0.264837
vt 0.696597 0.264089
vt 0.696039 0.263473
vt 0.695286 0.263082
vt 0.694670 0.259918
vt 0.670701 0.260309
vt 0.670085 0.263473
vt 0.669332 0.263082
vt 0.668482 0.262975
vt 0.666729 0.260293
vt 0.668716 0.259918
vt 0.699699 0.266898
vt 0.698727 0.268527
vt 0.697226 0.269611
vt 0.695441 0.269986
vt 0.694825 0.266823
vt 0.695472 0.266929
vt 0.696103 0.266735
vt 0.696604 0.266269
vt 0.674323 0.268497
vt 0.673364 0.266859
vt 0.675988 0.265067
vt 0.676077 0.265815
vt 0.676431 0.266432
vt 0.676982 0.266823
vt 0.677629 0.266929
vt 0.679382 0.269611
vt 0.677597 0.269986
vt 0.675815 0.269595
vt 0.706461 0.261407
vt 0.704707 0.264089
vt 0.704150 0.263473
vt 0.703397 0.263082
vt 0.702781 0.259918
vt 0.704766 0.260309
vt 0.584539 0.639909
vt 0.585389 0.639802
vt 0.584773 0.642966
vt 0.582786 0.642591
vt 0.585645 0.637069
vt 0.585556 0.637817
vt 0.585762 0.638582
vt 0.582666 0.637953
vt 0.582932 0.636025
vt 0.583892 0.634387
vt 0.585384 0.633289
vt 0.587166 0.632898
vt 0.588951 0.633273
vt 0.587197 0.635955
vt 0.586550 0.636061
vt 0.586000 0.636452
vt 0.672323 0.260309
vt 0.674018 0.261407
vt 0.672265 0.264089
vt 0.671707 0.263473
vt 0.670954 0.263082
vt 0.670104 0.262975
vt 0.669271 0.263170
vt 0.666647 0.261378
vt 0.668351 0.260293
vt 0.670338 0.259918
vt 0.697890 0.263045
vt 0.698359 0.264973
vt 0.698077 0.266898
vt 0.697104 0.268527
vt 0.694480 0.266735
vt 0.694982 0.266269
vt 0.695264 0.265602
vt 0.695266 0.264837
vt 0.694975 0.264089
vt 0.694417 0.263473
vt 0.695033 0.260309
vt 0.696728 0.261407
vt 0.591858 0.638047
vt 0.594482 0.639839
vt 0.593319 0.641477
vt 0.591624 0.642575
vt 0.591009 0.639411
vt 0.591566 0.638795
vt 0.703216 0.261407
vt 0.704379 0.263045
vt 0.704847 0.264973
vt 0.704566 0.266898
vt 0.701471 0.266269
vt 0.701752 0.265602
vt 0.701755 0.264837
vt 0.701463 0.264089
vt 0.700906 0.263473
vt 0.700153 0.263082
vt 0.699537 0.259918
vt 0.701522 0.260309
vt 0.674395 0.268527
vt 0.672894 0.269611
vt 0.671140 0.266929
vt 0.671771 0.266735
vt 0.672272 0.266269
vt 0.672554 0.265602
vt 0.672556 0.264837
vt 0.675180 0.263045
vt 0.675649 0.264973
vt 0.675367 0.266898
vt 0.589944 0.638795
vt 0.591697 0.641477
vt 0.590002 0.642575
vt 0.589387 0.639411
vt 0.590512 0.637069
vt 0.590423 0.637817
vt 0.587799 0.636025
vt 0.588758 0.634387
vt 0.590250 0.633289
vt 0.592032 0.632898
vt 0.591416 0.636061
vt 0.590866 0.636452
vt 0.570790 0.639802
vt 0.571543 0.639411
vt 0.572159 0.642575
vt 0.570174 0.642966
vt 0.568186 0.642591
vt 0.569940 0.639909
vt 0.595938 0.636149
vt 0.598562 0.634357
vt 0.599535 0.635986
vt 0.599817 0.637911
vt 0.599348 0.639839
vt 0.598186 0.641477
vt 0.596432 0.638795
vt 0.596724 0.638047
vt 0.596721 0.637282
vt 0.596440 0.636615
vt 0.588172 0.636061
vt 0.587622 0.636452
vt 0.587006 0.633289
vt 0.588788 0.632898
vt 0.684572 0.260293
vt 0.686560 0.259918
vt 0.688544 0.260309
vt 0.690239 0.261407
vt 0.688486 0.264089
vt 0.687929 0.263473
vt 0.687176 0.263082
vt 0.686325 0.262975
vt 0.685492 0.263170
vt 0.682868 0.261378
vt 0.588329 0.636615
vt 0.587828 0.636149
vt 0.590452 0.634357
vt 0.591425 0.635986
vt 0.591706 0.637911
vt 0.588611 0.637282
vt 0.680883 0.268527
vt 0.678259 0.266735
vt 0.678761 0.266269
vt 0.679042 0.265602
vt 0.679045 0.264837
vt 0.678753 0.264089
vt 0.680506 0.261407
vt 0.681669 0.263045
vt 0.682137 0.264973
vt 0.681856 0.266898
vt 0.570770 0.638047
vt 0.570767 0.637282
vt 0.570486 0.636615
vt 0.569984 0.636149
vt 0.572608 0.634357
vt 0.573581 0.635986
vt 0.573862 0.637911
vt 0.573394 0.639839
vt 0.572232 0.641477
vt 0.570478 0.638795
vt 0.595122 0.639802
vt 0.595875 0.639411
vt 0.596491 0.642575
vt 0.594506 0.642966
vt 0.668497 0.266859
vt 0.668231 0.264931
vt 0.668716 0.263006
vt 0.669891 0.261378
vt 0.672515 0.263170
vt 0.671811 0.263636
vt 0.671327 0.264302
vt 0.671121 0.265067
vt 0.671210 0.265815
vt 0.669457 0.268497
vt 0.563433 0.639411
vt 0.563990 0.638795
vt 0.565743 0.641477
vt 0.564048 0.642575
vt 0.562064 0.642966
vt 0.560076 0.642591
vt 0.558372 0.641506
vt 0.560996 0.639714
vt 0.561829 0.639909
vt 0.562679 0.639802
vt 0.666213 0.268497
vt 0.665253 0.266859
vt 0.664987 0.264931
vt 0.665471 0.263006
vt 0.668567 0.263636
vt 0.668082 0.264302
vt 0.667877 0.265067
vt 0.667966 0.265815
vt 0.668320 0.266432
vt 0.667705 0.269595
vt 0.677964 0.264931
vt 0.678448 0.263006
vt 0.681544 0.263636
vt 0.681059 0.264302
vt 0.680854 0.265067
vt 0.680943 0.265815
vt 0.681297 0.266432
vt 0.680682 0.269595
vt 0.679190 0.268497
vt 0.678230 0.266859
vt 0.671595 0.260293
vt 0.673348 0.262975
vt 0.677190 0.260309
vt 0.676574 0.263473
vt 0.675821 0.263082
vt 0.674970 0.262975
vt 0.674137 0.263170
vt 0.671513 0.261378
vt 0.673217 0.260293
vt 0.675205 0.259918
vt 0.693659 0.269595
vt 0.692167 0.268497
vt 0.691207 0.266859
vt 0.693831 0.265067
vt 0.693920 0.265815
vt 0.694274 0.266432
vt 0.588633 0.639802
vt 0.588018 0.642966
vt 0.586030 0.642591
vt 0.584326 0.641506
vt 0.583151 0.639877
vt 0.586246 0.639248
vt 0.586950 0.639714
vt 0.587783 0.639909
vt 0.697549 0.260293
vt 0.699302 0.262975
vt 0.698469 0.263170
vt 0.697765 0.263636
vt 0.697281 0.264302
vt 0.697075 0.265067
vt 0.694451 0.266859
vt 0.694186 0.264931
vt 0.694670 0.263006
vt 0.695845 0.261378
vt 0.676827 0.259918
vt 0.678812 0.260309
vt 0.678196 0.263473
vt 0.677443 0.263082
vt 0.676593 0.262975
vt 0.674839 0.260293
vt 0.569148 0.638047
vt 0.569145 0.637282
vt 0.572240 0.637911
vt 0.571772 0.639839
vt 0.570609 0.641477
vt 0.568915 0.642575
vt 0.566930 0.642966
vt 0.567546 0.639802
vt 0.568299 0.639411
vt 0.568856 0.638795
vt 0.580895 0.638582
vt 0.577800 0.637953
vt 0.578066 0.636025
vt 0.580690 0.637817
vt 0.664590 0.268497
vt 0.666344 0.265815
vt 0.666698 0.266432
vt 0.667249 0.266823
vt 0.667896 0.266929
vt 0.669649 0.269611
vt 0.667864 0.269986
vt 0.666083 0.269595
vt 0.587267 0.637069
vt 0.587178 0.637817
vt 0.587384 0.638582
vt 0.584289 0.637953
vt 0.584554 0.636025
vt 0.585514 0.634387
vt 0.689780 0.263045
vt 0.687156 0.264837
vt 0.686864 0.264089
vt 0.686307 0.263473
vt 0.686922 0.260309
vt 0.688617 0.261407
vt 0.675204 0.263006
vt 0.676380 0.261378
vt 0.679004 0.263170
vt 0.678299 0.263636
vt 0.677815 0.264302
vt 0.677610 0.265067
vt 0.677699 0.265815
vt 0.675945 0.268497
vt 0.674986 0.266859
vt 0.674720 0.264931
vt 0.690545 0.268497
vt 0.689585 0.266859
vt 0.689319 0.264931
vt 0.692414 0.264302
vt 0.692209 0.265067
vt 0.692298 0.265815
vt 0.692652 0.266432
vt 0.692037 0.269595
vt 0.702944 0.266898
vt 0.701971 0.268527
vt 0.700470 0.269611
vt 0.698717 0.266929
vt 0.699347 0.266735
vt 0.699849 0.266269
vt 0.700130 0.265602
vt 0.700133 0.264837
vt 0.699841 0.264089
vt 0.701594 0.261407
vt 0.702757 0.263045
vt 0.703225 0.264973
vt 0.666609 0.264931
vt 0.667093 0.263006
vt 0.670189 0.263636
vt 0.669704 0.264302
vt 0.669499 0.265067
vt 0.666875 0.266859
vt 0.697033 0.268497
vt 0.696073 0.266859
vt 0.698697 0.265067
vt 0.698786 0.265815
vt 0.699141 0.266432
vt 0.699691 0.266823
vt 0.700307 0.269986
vt 0.698525 0.269595
vt 0.836317 0.973237
vt 0.836317 0.978468
vt 0.835754 0.977977
vt 0.835754 0.972747
vt 0.907767 0.877779
vt 0.912997 0.877779
vt 0.912507 0.878483
vt 0.907276 0.878483
vt 0.912017 0.879255
vt 0.906786 0.879255
vt 0.911527 0.879978
vt 0.906296 0.879978
vt 0.911036 0.880541
vt 0.905806 0.880541
vt 0.020062 0.930662
vt 0.020062 0.925432
vt 0.020766 0.925922
vt 0.020766 0.931153
vt 0.021538 0.926412
vt 0.021538 0.931643
vt 0.022261 0.926902
vt 0.022261 0.932133
vt 0.022824 0.927393
vt 0.022824 0.932623
vt 0.062948 0.930662
vt 0.062948 0.925432
vt 0.063652 0.925922
vt 0.063652 0.931153
vt 0.064424 0.926412
vt 0.064424 0.931643
vt 0.065147 0.926902
vt 0.065147 0.932133
vt 0.065710 0.927393
vt 0.065710 0.932623
vt 0.108596 0.927393
vt 0.108596 0.932623
vt 0.107892 0.932133
vt 0.107892 0.926902
vt 0.107119 0.931643
vt 0.107119 0.926412
vt 0.106397 0.931153
vt 0.106397 0.925922
vt 0.105833 0.930662
vt 0.105833 0.925432
vt 0.825917 0.878630
vt 0.825917 0.883861
vt 0.825213 0.883371
vt 0.825213 0.878140
vt 0.824441 0.882880
vt 0.824441 0.877650
vt 0.823718 0.882390
vt 0.823718 0.877159
vt 0.823155 0.881900
vt 0.823155 0.876669
vt 0.148719 0.930662
vt 0.148719 0.925432
vt 0.149424 0.925922
vt 0.149424 0.931153
vt 0.150196 0.926412
vt 0.150196 0.931643
vt 0.150919 0.926902
vt 0.150919 0.932133
vt 0.151482 0.927393
vt 0.151482 0.932623
vt 0.191605 0.930662
vt 0.191605 0.925432
vt 0.192309 0.925922
vt 0.192309 0.931153
vt 0.193082 0.926412
vt 0.193082 0.931643
vt 0.193804 0.926902
vt 0.193804 0.932133
vt 0.194368 0.927393
vt 0.194368 0.932623
vt 0.907767 0.491806
vt 0.912997 0.491806
vt 0.912507 0.492510
vt 0.907276 0.492510
vt 0.912017 0.493283
vt 0.906786 0.493283
vt 0.911527 0.494005
vt 0.906296 0.494005
vt 0.911036 0.494569
vt 0.905806 0.494569
vt 0.237253 0.927393
vt 0.237253 0.932623
vt 0.236549 0.932133
vt 0.236549 0.926902
vt 0.235777 0.931643
vt 0.235777 0.926412
vt 0.235054 0.931153
vt 0.235054 0.925922
vt 0.234491 0.930662
vt 0.234491 0.925432
vt 0.911036 0.537455
vt 0.905806 0.537455
vt 0.906296 0.536750
vt 0.911527 0.536750
vt 0.906786 0.535978
vt 0.912017 0.535978
vt 0.907276 0.535255
vt 0.912507 0.535255
vt 0.907767 0.534692
vt 0.912997 0.534692
vt 0.277377 0.930662
vt 0.277377 0.925432
vt 0.278081 0.925922
vt 0.278081 0.931153
vt 0.278854 0.926412
vt 0.278854 0.931643
vt 0.279576 0.926902
vt 0.279576 0.932133
vt 0.280139 0.927393
vt 0.280139 0.932623
vt 0.955082 0.062948
vt 0.960312 0.062948
vt 0.959822 0.063652
vt 0.954591 0.063652
vt 0.959332 0.064424
vt 0.954101 0.064424
vt 0.958842 0.065147
vt 0.953611 0.065147
vt 0.958351 0.065710
vt 0.953121 0.065710
vt 0.907767 0.020062
vt 0.912997 0.020062
vt 0.912507 0.020766
vt 0.907276 0.020766
vt 0.912017 0.021538
vt 0.906786 0.021538
vt 0.911527 0.022261
vt 0.906296 0.022261
vt 0.911036 0.022824
vt 0.905806 0.022824
vt 0.406034 0.977977
vt 0.406034 0.972747
vt 0.406739 0.973237
vt 0.406739 0.978468
vt 0.407511 0.973727
vt 0.407511 0.978958
vt 0.408234 0.974217
vt 0.408234 0.979448
vt 0.408797 0.974708
vt 0.408797 0.979938
vt 0.911036 0.580340
vt 0.905806 0.580340
vt 0.906296 0.579636
vt 0.911527 0.579636
vt 0.906786 0.578864
vt 0.912017 0.578864
vt 0.907276 0.578141
vt 0.912507 0.578141
vt 0.907767 0.577578
vt 0.912997 0.577578
vt 0.955082 0.105833
vt 0.960312 0.105833
vt 0.959822 0.106538
vt 0.954591 0.106538
vt 0.959332 0.107310
vt 0.954101 0.107310
vt 0.958842 0.108033
vt 0.953611 0.108033
vt 0.958351 0.108596
vt 0.953121 0.108596
vt 0.907767 0.620464
vt 0.912997 0.620464
vt 0.912507 0.621168
vt 0.907276 0.621168
vt 0.912017 0.621940
vt 0.906786 0.621940
vt 0.911527 0.622663
vt 0.906296 0.622663
vt 0.911036 0.623226
vt 0.905806 0.623226
vt 0.320263 0.930662
vt 0.320263 0.925432
vt 0.320967 0.925922
vt 0.320967 0.931153
vt 0.321739 0.926412
vt 0.321739 0.931643
vt 0.322462 0.926902
vt 0.322462 0.932133
vt 0.323025 0.927393
vt 0.323025 0.932623
vt 0.911036 0.666112
vt 0.905806 0.666112
vt 0.906296 0.665408
vt 0.911527 0.665408
vt 0.906786 0.664635
vt 0.912017 0.664635
vt 0.907276 0.663913
vt 0.912507 0.663913
vt 0.907767 0.663350
vt 0.912997 0.663350
vt 0.955082 0.148719
vt 0.960312 0.148719
vt 0.959822 0.149424
vt 0.954592 0.149424
vt 0.959332 0.150196
vt 0.954101 0.150196
vt 0.958842 0.150919
vt 0.953611 0.150919
vt 0.958351 0.151482
vt 0.953121 0.151482
vt 0.365911 0.927393
vt 0.365911 0.932623
vt 0.365207 0.932133
vt 0.365207 0.926902
vt 0.364434 0.931643
vt 0.364434 0.926412
vt 0.363712 0.931153
vt 0.363712 0.925922
vt 0.363149 0.930662
vt 0.363149 0.925432
vt 0.911036 0.708998
vt 0.905806 0.708998
vt 0.906296 0.708294
vt 0.911527 0.708294
vt 0.906786 0.707521
vt 0.912017 0.707521
vt 0.907276 0.706799
vt 0.912507 0.706799
vt 0.907767 0.706235
vt 0.912997 0.706235
vt 0.958351 0.194368
vt 0.953121 0.194368
vt 0.953611 0.193663
vt 0.958842 0.193663
vt 0.954101 0.192891
vt 0.959332 0.192891
vt 0.954591 0.192168
vt 0.959822 0.192168
vt 0.955082 0.191605
vt 0.960312 0.191605
vt 0.907767 0.749121
vt 0.912997 0.749121
vt 0.912507 0.749826
vt 0.907276 0.749826
vt 0.912017 0.750598
vt 0.906786 0.750598
vt 0.911527 0.751321
vt 0.906296 0.751321
vt 0.911036 0.751884
vt 0.905806 0.751884
vt 0.955082 0.234491
vt 0.960312 0.234491
vt 0.959822 0.235195
vt 0.954591 0.235195
vt 0.959332 0.235968
vt 0.954101 0.235968
vt 0.958842 0.236690
vt 0.953611 0.236690
vt 0.958351 0.237253
vt 0.953121 0.237253
vt 0.911036 0.280139
vt 0.905806 0.280139
vt 0.906296 0.279435
vt 0.911527 0.279435
vt 0.906786 0.278663
vt 0.912017 0.278663
vt 0.907276 0.277940
vt 0.912507 0.277940
vt 0.907767 0.277377
vt 0.912997 0.277377
vt 0.406034 0.930662
vt 0.406034 0.925432
vt 0.406739 0.925922
vt 0.406739 0.931153
vt 0.407511 0.926412
vt 0.407511 0.931643
vt 0.408234 0.926902
vt 0.408234 0.932133
vt 0.408797 0.927393
vt 0.408797 0.932623
vt 0.451683 0.974708
vt 0.451683 0.979938
vt 0.450978 0.979448
vt 0.450978 0.974217
vt 0.450206 0.978958
vt 0.450206 0.973727
vt 0.449483 0.978468
vt 0.449483 0.973237
vt 0.448920 0.977977
vt 0.448920 0.972747
vt 0.907767 0.062948
vt 0.912997 0.062948
vt 0.912507 0.063652
vt 0.907276 0.063652
vt 0.912017 0.064424
vt 0.906786 0.064424
vt 0.911527 0.065147
vt 0.906296 0.065147
vt 0.911036 0.065710
vt 0.905806 0.065710
vt 0.958351 0.280139
vt 0.953121 0.280139
vt 0.953611 0.279435
vt 0.958842 0.279435
vt 0.954101 0.278663
vt 0.959332 0.278663
vt 0.954592 0.277940
vt 0.959822 0.277940
vt 0.955082 0.277377
vt 0.960312 0.277377
vt 0.958351 0.323025
vt 0.953121 0.323025
vt 0.953611 0.322321
vt 0.958842 0.322321
vt 0.954101 0.321549
vt 0.959332 0.321549
vt 0.954591 0.320826
vt 0.959822 0.320826
vt 0.955082 0.320263
vt 0.960312 0.320263
vt 0.907767 0.792007
vt 0.912997 0.792007
vt 0.912507 0.792711
vt 0.907276 0.792711
vt 0.912017 0.793484
vt 0.906786 0.793484
vt 0.911527 0.794206
vt 0.906296 0.794206
vt 0.911036 0.794770
vt 0.905806 0.794770
vt 0.955082 0.363149
vt 0.960312 0.363149
vt 0.959822 0.363853
vt 0.954591 0.363853
vt 0.959332 0.364625
vt 0.954101 0.364625
vt 0.958842 0.365348
vt 0.953611 0.365348
vt 0.958351 0.365911
vt 0.953121 0.365911
vt 0.958351 0.623226
vt 0.953121 0.623226
vt 0.953611 0.622522
vt 0.958842 0.622522
vt 0.954101 0.621750
vt 0.959332 0.621750
vt 0.954592 0.621027
vt 0.959822 0.621027
vt 0.955082 0.620464
vt 0.960312 0.620464
vt 0.911036 0.194368
vt 0.905806 0.194368
vt 0.906296 0.193663
vt 0.911527 0.193663
vt 0.906786 0.192891
vt 0.912017 0.192891
vt 0.907276 0.192168
vt 0.912507 0.192168
vt 0.907767 0.191605
vt 0.912997 0.191605
vt 0.955082 0.406034
vt 0.960312 0.406034
vt 0.959822 0.406739
vt 0.954592 0.406739
vt 0.959332 0.407511
vt 0.954101 0.407511
vt 0.958842 0.408234
vt 0.953611 0.408234
vt 0.958351 0.408797
vt 0.953121 0.408797
vt 0.955082 0.448920
vt 0.960312 0.448920
vt 0.959822 0.449625
vt 0.954591 0.449625
vt 0.959332 0.450397
vt 0.954101 0.450397
vt 0.958842 0.451120
vt 0.953611 0.451120
vt 0.958351 0.451683
vt 0.953121 0.451683
vt 0.958351 0.494569
vt 0.953121 0.494569
vt 0.953611 0.493864
vt 0.958842 0.493864
vt 0.954101 0.493092
vt 0.959332 0.493092
vt 0.954592 0.492369
vt 0.959822 0.492369
vt 0.955082 0.491806
vt 0.960312 0.491806
vt 0.958351 0.537455
vt 0.953121 0.537455
vt 0.953611 0.536750
vt 0.958842 0.536750
vt 0.954101 0.535978
vt 0.959332 0.535978
vt 0.954591 0.535255
vt 0.959822 0.535255
vt 0.955082 0.534692
vt 0.960312 0.534692
vt 0.907767 0.234491
vt 0.912997 0.234491
vt 0.912507 0.235195
vt 0.907276 0.235195
vt 0.912017 0.235968
vt 0.906786 0.235968
vt 0.911527 0.236690
vt 0.906296 0.236690
vt 0.911036 0.237253
vt 0.905806 0.237253
vt 0.955082 0.577578
vt 0.960312 0.577578
vt 0.959822 0.578282
vt 0.954591 0.578282
vt 0.959332 0.579055
vt 0.954101 0.579055
vt 0.958842 0.579777
vt 0.953611 0.579777
vt 0.958351 0.580340
vt 0.953121 0.580340
vt 0.958351 0.666112
vt 0.953121 0.666112
vt 0.953611 0.665408
vt 0.958842 0.665408
vt 0.954101 0.664635
vt 0.959332 0.664635
vt 0.954591 0.663913
vt 0.959822 0.663913
vt 0.955082 0.663350
vt 0.960312 0.663350
vt 0.737383 0.881900
vt 0.737383 0.876669
vt 0.738088 0.877159
vt 0.738088 0.882390
vt 0.738860 0.877650
vt 0.738860 0.882880
vt 0.739583 0.878140
vt 0.739583 0.883371
vt 0.740146 0.878630
vt 0.740146 0.883861
vt 0.955082 0.706235
vt 0.960312 0.706235
vt 0.959822 0.706940
vt 0.954592 0.706940
vt 0.959332 0.707712
vt 0.954101 0.707712
vt 0.958842 0.708435
vt 0.953611 0.708435
vt 0.958351 0.708998
vt 0.953121 0.708998
vt 0.451683 0.927393
vt 0.451683 0.932623
vt 0.450978 0.932133
vt 0.450978 0.926902
vt 0.450206 0.931643
vt 0.450206 0.926412
vt 0.449483 0.931153
vt 0.449483 0.925922
vt 0.448920 0.930662
vt 0.448920 0.925432
vt 0.911036 0.323025
vt 0.905806 0.323025
vt 0.906296 0.322321
vt 0.911527 0.322321
vt 0.906786 0.321549
vt 0.912017 0.321549
vt 0.907276 0.320826
vt 0.912507 0.320826
vt 0.907767 0.320263
vt 0.912997 0.320263
vt 0.534692 0.977977
vt 0.534692 0.972747
vt 0.535396 0.973237
vt 0.535396 0.978468
vt 0.536169 0.973727
vt 0.536169 0.978958
vt 0.536891 0.974217
vt 0.536891 0.979448
vt 0.537454 0.974708
vt 0.537454 0.979938
vt 0.907767 0.834893
vt 0.912997 0.834893
vt 0.912507 0.835597
vt 0.907276 0.835597
vt 0.912017 0.836370
vt 0.906786 0.836370
vt 0.911527 0.837092
vt 0.906296 0.837092
vt 0.911036 0.837655
vt 0.905806 0.837655
vt 0.955082 0.749121
vt 0.960312 0.749121
vt 0.959822 0.749826
vt 0.954591 0.749826
vt 0.959332 0.750598
vt 0.954101 0.750598
vt 0.958842 0.751321
vt 0.953611 0.751321
vt 0.958351 0.751884
vt 0.953121 0.751884
vt 0.755774 0.737795
vt 0.750543 0.737795
vt 0.751034 0.737091
vt 0.756264 0.737091
vt 0.751524 0.736319
vt 0.756755 0.736319
vt 0.752014 0.735596
vt 0.757245 0.735596
vt 0.752504 0.735033
vt 0.757735 0.735033
vt 0.577578 0.977977
vt 0.577578 0.972747
vt 0.578282 0.973237
vt 0.578282 0.978468
vt 0.579054 0.973727
vt 0.579054 0.978958
vt 0.579777 0.974217
vt 0.579777 0.979448
vt 0.580340 0.974708
vt 0.580340 0.979938
vt 0.494569 0.927393
vt 0.494569 0.932623
vt 0.493864 0.932133
vt 0.493864 0.926902
vt 0.493092 0.931643
vt 0.493092 0.926412
vt 0.492369 0.931153
vt 0.492369 0.925922
vt 0.491806 0.930662
vt 0.491806 0.925432
vt 0.955082 0.877779
vt 0.960312 0.877779
vt 0.959822 0.878483
vt 0.954591 0.878483
vt 0.959332 0.879255
vt 0.954101 0.879255
vt 0.958842 0.879978
vt 0.953611 0.879978
vt 0.958351 0.880541
vt 0.953121 0.880541
vt 0.911036 0.365911
vt 0.905806 0.365911
vt 0.906296 0.365207
vt 0.911527 0.365207
vt 0.906786 0.364434
vt 0.912017 0.364434
vt 0.907276 0.363712
vt 0.912507 0.363712
vt 0.907767 0.363149
vt 0.912997 0.363149
vt 0.780269 0.881900
vt 0.780269 0.876669
vt 0.780974 0.877159
vt 0.780974 0.882390
vt 0.781746 0.877650
vt 0.781746 0.882880
vt 0.782469 0.878140
vt 0.782469 0.883371
vt 0.783032 0.878630
vt 0.783032 0.883861
vt 0.955082 0.792007
vt 0.960312 0.792007
vt 0.959822 0.792711
vt 0.954591 0.792711
vt 0.959332 0.793484
vt 0.954101 0.793484
vt 0.958842 0.794206
vt 0.953611 0.794206
vt 0.958351 0.794770
vt 0.953121 0.794770
vt 0.537454 0.927393
vt 0.537454 0.932623
vt 0.536750 0.932133
vt 0.536750 0.926902
vt 0.535978 0.931643
vt 0.535978 0.926412
vt 0.535255 0.931153
vt 0.535255 0.925922
vt 0.534692 0.930662
vt 0.534692 0.925432
vt 0.911036 0.408797
vt 0.905806 0.408797
vt 0.906296 0.408093
vt 0.911527 0.408093
vt 0.906786 0.407320
vt 0.912017 0.407320
vt 0.907276 0.406598
vt 0.912507 0.406598
vt 0.907767 0.406034
vt 0.912997 0.406034
vt 0.491806 0.977977
vt 0.491806 0.972747
vt 0.492510 0.973237
vt 0.492510 0.978468
vt 0.493283 0.973727
vt 0.493283 0.978958
vt 0.494005 0.974217
vt 0.494005 0.979448
vt 0.494568 0.974708
vt 0.494568 0.979938
vt 0.955082 0.920665
vt 0.960312 0.920665
vt 0.959822 0.921369
vt 0.954592 0.921369
vt 0.959332 0.922141
vt 0.954101 0.922141
vt 0.958842 0.922864
vt 0.953611 0.922864
vt 0.958351 0.923427
vt 0.953121 0.923427
vt 0.907767 0.105833
vt 0.912997 0.105833
vt 0.912507 0.106538
vt 0.907276 0.106538
vt 0.912017 0.107310
vt 0.906786 0.107310
vt 0.911527 0.108033
vt 0.906296 0.108033
vt 0.911036 0.108596
vt 0.905806 0.108596
vt 0.911036 0.451683
vt 0.905806 0.451683
vt 0.906296 0.450978
vt 0.911527 0.450978
vt 0.906786 0.450206
vt 0.912017 0.450206
vt 0.907276 0.449483
vt 0.912507 0.449483
vt 0.907767 0.448920
vt 0.912997 0.448920
vt 0.620464 0.977977
vt 0.620464 0.972747
vt 0.621168 0.973237
vt 0.621168 0.978468
vt 0.621940 0.973727
vt 0.621940 0.978958
vt 0.622663 0.974217
vt 0.622663 0.979448
vt 0.623226 0.974708
vt 0.623226 0.979938
vt 0.580340 0.927393
vt 0.580340 0.932623
vt 0.579636 0.932133
vt 0.579636 0.926902
vt 0.578864 0.931643
vt 0.578864 0.926412
vt 0.578141 0.931153
vt 0.578141 0.925922
vt 0.577578 0.930662
vt 0.577578 0.925432
vt 0.955082 0.834893
vt 0.960312 0.834893
vt 0.959822 0.835597
vt 0.954591 0.835597
vt 0.959332 0.836370
vt 0.954101 0.836370
vt 0.958842 0.837092
vt 0.953611 0.837092
vt 0.958351 0.837655
vt 0.953121 0.837655
vt 0.911036 0.151482
vt 0.905806 0.151482
vt 0.906296 0.150777
vt 0.911527 0.150777
vt 0.906786 0.150005
vt 0.912017 0.150005
vt 0.907276 0.149282
vt 0.912507 0.149282
vt 0.907767 0.148719
vt 0.912997 0.148719
vt 0.020062 0.977977
vt 0.020062 0.972747
vt 0.020766 0.973237
vt 0.020766 0.978468
vt 0.021538 0.973727
vt 0.021538 0.978958
vt 0.022261 0.974217
vt 0.022261 0.979448
vt 0.022824 0.974708
vt 0.022824 0.979938
vt 0.623226 0.927393
vt 0.623226 0.932623
vt 0.622522 0.932133
vt 0.622522 0.926902
vt 0.621750 0.931643
vt 0.621750 0.926412
vt 0.621027 0.931153
vt 0.621027 0.925922
vt 0.620464 0.930662
vt 0.620464 0.925432
vt 0.065710 0.974708
vt 0.065710 0.979938
vt 0.065006 0.979448
vt 0.065006 0.974217
vt 0.064233 0.978958
vt 0.064233 0.973727
vt 0.063511 0.978468
vt 0.063511 0.973237
vt 0.062948 0.977977
vt 0.062948 0.972747
vt 0.651612 0.881900
vt 0.651612 0.876669
vt 0.652316 0.877159
vt 0.652316 0.882390
vt 0.653088 0.877650
vt 0.653088 0.882880
vt 0.653811 0.878140
vt 0.653811 0.883370
vt 0.654374 0.878630
vt 0.654374 0.883861
vt 0.663349 0.977977
vt 0.663349 0.972747
vt 0.664054 0.973237
vt 0.664054 0.978468
vt 0.664826 0.973727
vt 0.664826 0.978958
vt 0.665549 0.974217
vt 0.665549 0.979448
vt 0.666112 0.974708
vt 0.666112 0.979938
vt 0.697260 0.878630
vt 0.697260 0.883861
vt 0.696556 0.883371
vt 0.696556 0.878140
vt 0.695783 0.882880
vt 0.695783 0.877650
vt 0.695061 0.882390
vt 0.695061 0.877159
vt 0.694498 0.881900
vt 0.694498 0.876669
vt 0.666112 0.927393
vt 0.666112 0.932623
vt 0.665408 0.932133
vt 0.665408 0.926902
vt 0.664635 0.931643
vt 0.664635 0.926412
vt 0.663913 0.931153
vt 0.663913 0.925922
vt 0.663350 0.930662
vt 0.663350 0.925432
vt 0.105833 0.977977
vt 0.105833 0.972747
vt 0.106538 0.973237
vt 0.106538 0.978468
vt 0.107310 0.973727
vt 0.107310 0.978958
vt 0.108033 0.974217
vt 0.108033 0.979448
vt 0.108596 0.974708
vt 0.108596 0.979938
vt 0.706235 0.930662
vt 0.706235 0.925432
vt 0.706940 0.925922
vt 0.706940 0.931153
vt 0.707712 0.926412
vt 0.707712 0.931643
vt 0.708435 0.926902
vt 0.708435 0.932133
vt 0.708998 0.927393
vt 0.708998 0.932623
vt 0.151482 0.974708
vt 0.151482 0.979938
vt 0.150777 0.979448
vt 0.150777 0.974217
vt 0.150005 0.978958
vt 0.150005 0.973727
vt 0.149282 0.978468
vt 0.149282 0.973237
vt 0.148719 0.977977
vt 0.148719 0.972747
vt 0.751884 0.927393
vt 0.751884 0.932623
vt 0.751179 0.932133
vt 0.751179 0.926902
vt 0.750407 0.931643
vt 0.750407 0.926412
vt 0.749684 0.931153
vt 0.749684 0.925922
vt 0.749121 0.930662
vt 0.749121 0.925432
vt 0.191605 0.977977
vt 0.191605 0.972747
vt 0.192309 0.973237
vt 0.192309 0.978468
vt 0.193082 0.973727
vt 0.193082 0.978958
vt 0.193804 0.974217
vt 0.193804 0.979448
vt 0.194368 0.974708
vt 0.194368 0.979938
vt 0.234491 0.977977
vt 0.234491 0.972747
vt 0.235195 0.973237
vt 0.235195 0.978468
vt 0.235968 0.973727
vt 0.235968 0.978958
vt 0.236690 0.974217
vt 0.236690 0.979448
vt 0.237253 0.974708
vt 0.237253 0.979938
vt 0.794769 0.927393
vt 0.794769 0.932623
vt 0.794065 0.932133
vt 0.794065 0.926902
vt 0.793293 0.931643
vt 0.793293 0.926412
vt 0.792570 0.931152
vt 0.792570 0.925922
vt 0.792007 0.930662
vt 0.792007 0.925432
vt 0.280139 0.974708
vt 0.280139 0.979938
vt 0.279435 0.979448
vt 0.279435 0.974217
vt 0.278663 0.978958
vt 0.278663 0.973727
vt 0.277940 0.978468
vt 0.277940 0.973237
vt 0.277377 0.977977
vt 0.277377 0.972747
vt 0.834893 0.930662
vt 0.834893 0.925432
vt 0.835597 0.925922
vt 0.835597 0.931153
vt 0.836369 0.926412
vt 0.836369 0.931643
vt 0.837092 0.926902
vt 0.837092 0.932133
vt 0.837655 0.927393
vt 0.837655 0.932623
vt 0.608726 0.881900
vt 0.608726 0.876669
vt 0.609430 0.877159
vt 0.609430 0.882390
vt 0.610202 0.877650
vt 0.610202 0.882880
vt 0.610925 0.878140
vt 0.610925 0.883371
vt 0.611488 0.878630
vt 0.611488 0.883861
vt 0.323025 0.974708
vt 0.323025 0.979938
vt 0.322321 0.979448
vt 0.322321 0.974217
vt 0.321548 0.978958
vt 0.321548 0.973727
vt 0.320826 0.978468
vt 0.320826 0.973237
vt 0.320263 0.977977
vt 0.320263 0.972747
vt 0.880541 0.927393
vt 0.880541 0.932623
vt 0.879837 0.932133
vt 0.879837 0.926902
vt 0.879065 0.931643
vt 0.879065 0.926412
vt 0.878342 0.931153
vt 0.878342 0.925922
vt 0.877779 0.930662
vt 0.877779 0.925432
vt 0.958351 0.022824
vt 0.953121 0.022824
vt 0.953611 0.022120
vt 0.958842 0.022120
vt 0.954101 0.021348
vt 0.959332 0.021348
vt 0.954591 0.020625
vt 0.959822 0.020625
vt 0.955082 0.020062
vt 0.960312 0.020062
vt 0.363148 0.977977
vt 0.363148 0.972747
vt 0.363853 0.973237
vt 0.363853 0.978468
vt 0.364625 0.973727
vt 0.364625 0.978958
vt 0.365348 0.974217
vt 0.365348 0.979448
vt 0.365911 0.974708
vt 0.365911 0.979938
vt 0.753717 0.974217
vt 0.753717 0.979448
vt 0.753012 0.978958
vt 0.753012 0.973727
vt 0.752240 0.978468
vt 0.752240 0.973237
vt 0.751517 0.977977
vt 0.751517 0.972747
vt 0.683760 0.264973
vt 0.683478 0.266898
vt 0.680383 0.266269
vt 0.680664 0.265602
vt 0.680667 0.264837
vt 0.680375 0.264089
vt 0.682129 0.261407
vt 0.683291 0.263045
vt 0.667835 0.268497
vt 0.669588 0.265815
vt 0.669942 0.266432
vt 0.670493 0.266823
vt 0.671109 0.269986
vt 0.669327 0.269595
vt 0.679219 0.269986
vt 0.677437 0.269595
vt 0.678053 0.266432
vt 0.678604 0.266823
vt 0.679251 0.266929
vt 0.679881 0.266735
vt 0.682505 0.268527
vt 0.681004 0.269611
vt 0.687330 0.269986
vt 0.685548 0.269595
vt 0.684056 0.268497
vt 0.683096 0.266859
vt 0.685720 0.265067
vt 0.685809 0.265815
vt 0.686164 0.266432
vt 0.686714 0.266823
vt 0.687362 0.266929
vt 0.689115 0.269611
vt 0.559807 0.638582
vt 0.560292 0.639248
vt 0.557196 0.639877
vt 0.556712 0.637953
vt 0.556978 0.636025
vt 0.559602 0.637817
vt 0.578589 0.638795
vt 0.578881 0.638047
vt 0.578878 0.637282
vt 0.581973 0.637911
vt 0.581505 0.639839
vt 0.580342 0.641477
vt 0.578647 0.642575
vt 0.578032 0.639411
vt 0.564281 0.638047
vt 0.564279 0.637282
vt 0.567374 0.637911
vt 0.566905 0.639839
vt 0.671476 0.264931
vt 0.671960 0.263006
vt 0.673136 0.261378
vt 0.675759 0.263170
vt 0.675055 0.263636
vt 0.674571 0.264302
vt 0.674365 0.265067
vt 0.671741 0.266859
vt 0.594356 0.639248
vt 0.595061 0.639714
vt 0.595894 0.639909
vt 0.596744 0.639802
vt 0.596128 0.642966
vt 0.594141 0.642591
vt 0.592437 0.641506
vt 0.591261 0.639878
vt 0.590777 0.637953
vt 0.593872 0.638582
vt 0.687004 0.264973
vt 0.686722 0.266898
vt 0.683627 0.266269
vt 0.683909 0.265602
vt 0.683911 0.264837
vt 0.683620 0.264089
vt 0.683062 0.263473
vt 0.683678 0.260309
vt 0.685373 0.261407
vt 0.686535 0.263045
vt 0.574407 0.638582
vt 0.571312 0.637953
vt 0.571577 0.636025
vt 0.572537 0.634387
vt 0.574290 0.637069
vt 0.574201 0.637817
vt 0.671272 0.269611
vt 0.669487 0.269986
vt 0.668871 0.266823
vt 0.669518 0.266929
vt 0.681474 0.266859
vt 0.681209 0.264931
vt 0.684304 0.264302
vt 0.684098 0.265067
vt 0.684187 0.265815
vt 0.684542 0.266432
vt 0.683926 0.269595
vt 0.682434 0.268497
vt 0.676990 0.266898
vt 0.676017 0.268527
vt 0.673393 0.266735
vt 0.673894 0.266269
vt 0.674176 0.265602
vt 0.674179 0.264837
vt 0.676802 0.263045
vt 0.677271 0.264973
vt 0.598344 0.637282
vt 0.598062 0.636615
vt 0.597561 0.636149
vt 0.596930 0.635955
vt 0.598684 0.633273
vt 0.600185 0.634357
vt 0.601157 0.635986
vt 0.601439 0.637911
vt 0.600970 0.639839
vt 0.598346 0.638047
vt 0.682056 0.260309
vt 0.683751 0.261407
vt 0.681997 0.264089
vt 0.681440 0.263473
vt 0.680687 0.263082
vt 0.679837 0.262975
vt 0.678083 0.260293
vt 0.680071 0.259918
vt 0.686995 0.261407
vt 0.688157 0.263045
vt 0.685533 0.264837
vt 0.685242 0.264089
vt 0.684685 0.263473
vt 0.683931 0.263082
vt 0.683316 0.259918
vt 0.685300 0.260309
vt 0.567242 0.636615
vt 0.566740 0.636149
vt 0.566110 0.635955
vt 0.567863 0.633273
vt 0.569364 0.634357
vt 0.570337 0.635986
vt 0.570618 0.637911
vt 0.567523 0.637282
vt 0.692601 0.261378
vt 0.694305 0.260293
vt 0.696293 0.259918
vt 0.696908 0.263082
vt 0.696058 0.262975
vt 0.695225 0.263170
vt 0.694521 0.263636
vt 0.694037 0.264302
vt 0.690941 0.264931
vt 0.691426 0.263006
vt 0.675975 0.269986
vt 0.674193 0.269595
vt 0.672701 0.268497
vt 0.674454 0.265815
vt 0.674809 0.266432
vt 0.675359 0.266823
vt 0.676342 0.264931
vt 0.676826 0.263006
vt 0.679921 0.263636
vt 0.679437 0.264302
vt 0.679232 0.265067
vt 0.676608 0.266859
vt 0.682464 0.269986
vt 0.681848 0.266823
vt 0.682495 0.266929
vt 0.683126 0.266735
vt 0.685749 0.268527
vt 0.684249 0.269611
vt 0.691589 0.266898
vt 0.690616 0.268527
vt 0.687992 0.266735
vt 0.688494 0.266269
vt 0.688775 0.265602
vt 0.688778 0.264837
vt 0.691402 0.263045
vt 0.691870 0.264973
vt 0.673098 0.264931
vt 0.673582 0.263006
vt 0.676677 0.263636
vt 0.676193 0.264302
vt 0.685100 0.266898
vt 0.682005 0.266269
vt 0.682286 0.265602
vt 0.682289 0.264837
vt 0.684913 0.263045
vt 0.685382 0.264973
vt 0.684938 0.259918
vt 0.685553 0.263082
vt 0.684703 0.262975
vt 0.683870 0.263170
vt 0.683166 0.263636
vt 0.680071 0.263006
vt 0.681246 0.261378
vt 0.682950 0.260293
vt 0.689357 0.261378
vt 0.691061 0.260293
vt 0.693048 0.259918
vt 0.693664 0.263082
vt 0.692814 0.262975
vt 0.691981 0.263170
vt 0.691276 0.263636
vt 0.690792 0.264302
vt 0.687697 0.264931
vt 0.688181 0.263006
vt 0.585328 0.639714
vt 0.586161 0.639909
vt 0.587011 0.639802
vt 0.587765 0.639411
vt 0.588380 0.642575
vt 0.586396 0.642966
vt 0.584408 0.642591
vt 0.582704 0.641506
vt 0.581528 0.639877
vt 0.584624 0.639248
vt 0.700349 0.268527
vt 0.698848 0.269611
vt 0.697095 0.266929
vt 0.697725 0.266735
vt 0.698226 0.266269
vt 0.698508 0.265602
vt 0.701603 0.264973
vt 0.701322 0.266898
vt 0.571562 0.639909
vt 0.572412 0.639802
vt 0.571796 0.642966
vt 0.569809 0.642591
vt 0.682831 0.264931
vt 0.683315 0.263006
vt 0.684491 0.261378
vt 0.686194 0.260293
vt 0.687947 0.262975
vt 0.687114 0.263170
vt 0.686410 0.263636
vt 0.685926 0.264302
vt 0.693484 0.261407
vt 0.694646 0.263045
vt 0.695114 0.264973
vt 0.692019 0.265602
vt 0.692022 0.264837
vt 0.691730 0.264089
vt 0.691173 0.263473
vt 0.691789 0.260309
vt 0.567918 0.638582
vt 0.568402 0.639248
vt 0.569107 0.639714
vt 0.566483 0.641506
vt 0.565307 0.639877
vt 0.564823 0.637953
vt 0.692683 0.260293
vt 0.694436 0.262975
vt 0.693603 0.263170
vt 0.692899 0.263636
vt 0.689803 0.263006
vt 0.690979 0.261378
vt 0.575656 0.639802
vt 0.575041 0.642966
vt 0.573053 0.642591
vt 0.574806 0.639909
vt 0.576029 0.638582
vt 0.572934 0.637953
vt 0.573199 0.636025
vt 0.574159 0.634387
vt 0.575912 0.637069
vt 0.575823 0.637817
vt 0.697063 0.269986
vt 0.695281 0.269595
vt 0.693789 0.268497
vt 0.692829 0.266859
vt 0.695453 0.265067
vt 0.695542 0.265815
vt 0.695897 0.266432
vt 0.696447 0.266823
vt 0.684086 0.269986
vt 0.682304 0.269595
vt 0.682920 0.266432
vt 0.683470 0.266823
vt 0.684117 0.266929
vt 0.685871 0.269611
vt 0.690414 0.269595
vt 0.688922 0.268497
vt 0.687963 0.266859
vt 0.690587 0.265067
vt 0.690676 0.265815
vt 0.691030 0.266432
vt 0.681328 0.260293
vt 0.683081 0.262975
vt 0.682248 0.263170
vt 0.679624 0.261378
vt 0.689438 0.260293
vt 0.691426 0.259918
vt 0.692042 0.263082
vt 0.691192 0.262975
vt 0.690359 0.263170
vt 0.689654 0.263636
vt 0.689170 0.264302
vt 0.686075 0.264931
vt 0.686559 0.263006
vt 0.687735 0.261378
vt 0.688626 0.264973
vt 0.688345 0.266898
vt 0.687372 0.268527
vt 0.684748 0.266735
vt 0.685249 0.266269
vt 0.685531 0.265602
vt 0.696268 0.263045
vt 0.693644 0.264837
vt 0.693352 0.264089
vt 0.692795 0.263473
vt 0.693411 0.260309
vt 0.695106 0.261407
vt 0.688182 0.259918
vt 0.690167 0.260309
vt 0.689551 0.263473
vt 0.688798 0.263082
vt 0.686341 0.266859
vt 0.688965 0.265067
vt 0.689054 0.265815
vt 0.689408 0.266432
vt 0.689959 0.266823
vt 0.690574 0.269986
vt 0.688792 0.269595
vt 0.687300 0.268497
vt 0.565118 0.636149
vt 0.564488 0.635955
vt 0.566241 0.633273
vt 0.567742 0.634357
vt 0.568715 0.635986
vt 0.568996 0.637911
vt 0.565901 0.637282
vt 0.565620 0.636615
vt 0.679586 0.264931
vt 0.682682 0.264302
vt 0.682476 0.265067
vt 0.682565 0.265815
vt 0.680812 0.268497
vt 0.679852 0.266859
vt 0.574787 0.639411
vt 0.575345 0.638795
vt 0.575636 0.638047
vt 0.578260 0.639839
vt 0.577098 0.641477
vt 0.575403 0.642575
vt 0.573418 0.642966
vt 0.574034 0.639802
vt 0.681693 0.263006
vt 0.684788 0.263636
vt 0.562935 0.637069
vt 0.562846 0.637817
vt 0.560222 0.636025
vt 0.561182 0.634387
vt 0.562674 0.633289
vt 0.564456 0.632898
vt 0.563840 0.636061
vt 0.563290 0.636452
vt 0.561914 0.639248
vt 0.562618 0.639714
vt 0.563451 0.639909
vt 0.564301 0.639802
vt 0.565055 0.639411
vt 0.565670 0.642575
vt 0.563686 0.642966
vt 0.561698 0.642591
vt 0.559994 0.641506
vt 0.558819 0.639877
vt 0.578901 0.639802
vt 0.579654 0.639411
vt 0.580211 0.638795
vt 0.580503 0.638047
vt 0.580500 0.637282
vt 0.583595 0.637911
vt 0.583127 0.639839
vt 0.581964 0.641477
vt 0.580270 0.642575
vt 0.578285 0.642966
vt 0.693819 0.269986
vt 0.693203 0.266823
vt 0.693850 0.266929
vt 0.695603 0.269611
vt 0.694833 0.266898
vt 0.693860 0.268527
vt 0.692359 0.269611
vt 0.690606 0.266929
vt 0.691236 0.266735
vt 0.691738 0.266269
vt 0.695927 0.260293
vt 0.697915 0.259918
vt 0.699899 0.260309
vt 0.699284 0.263473
vt 0.698530 0.263082
vt 0.697680 0.262975
vt 0.696847 0.263170
vt 0.694223 0.261378
vt 0.706469 0.264973
vt 0.706188 0.266898
vt 0.705215 0.268527
vt 0.703714 0.269611
vt 0.701961 0.266929
vt 0.702591 0.266735
vt 0.703093 0.266269
vt 0.703374 0.265602
vt 0.703377 0.264837
vt 0.706001 0.263045
vt 0.563052 0.638582
vt 0.563536 0.639248
vt 0.564240 0.639714
vt 0.565073 0.639909
vt 0.565924 0.639802
vt 0.565308 0.642966
vt 0.563320 0.642591
vt 0.561616 0.641506
vt 0.560441 0.639877
vt 0.559957 0.637953
vt 0.695411 0.268497
vt 0.697164 0.265815
vt 0.697519 0.266432
vt 0.698069 0.266823
vt 0.698685 0.269986
vt 0.696903 0.269595
vt 0.588614 0.638047
vt 0.591237 0.639839
vt 0.590075 0.641477
vt 0.588322 0.638795
vt 0.704839 0.261407
vt 0.703085 0.264089
vt 0.702528 0.263473
vt 0.703144 0.260309
vt 0.586991 0.638047
vt 0.589615 0.639839
vt 0.588453 0.641477
vt 0.586758 0.642575
vt 0.586142 0.639411
vt 0.586700 0.638795
vt 0.701135 0.263045
vt 0.698511 0.264837
vt 0.698219 0.264089
vt 0.697662 0.263473
vt 0.698277 0.260309
vt 0.699972 0.261407
vt 0.697914 0.263006
vt 0.699090 0.261378
vt 0.700793 0.260293
vt 0.702547 0.262975
vt 0.701714 0.263170
vt 0.701009 0.263636
vt 0.700525 0.264302
vt 0.700320 0.265067
vt 0.697696 0.266859
vt 0.697430 0.264931
vt 0.671079 0.268497
vt 0.670119 0.266859
vt 0.669854 0.264931
vt 0.670338 0.263006
vt 0.673433 0.263636
vt 0.672949 0.264302
vt 0.672743 0.265067
vt 0.672832 0.265815
vt 0.572668 0.637069
vt 0.572579 0.637817
vt 0.569955 0.636025
vt 0.570915 0.634387
vt 0.572407 0.633289
vt 0.574189 0.632898
vt 0.573573 0.636061
vt 0.573022 0.636452
vt 0.566677 0.639411
vt 0.567234 0.638795
vt 0.567526 0.638047
vt 0.570150 0.639839
vt 0.568987 0.641477
vt 0.567292 0.642575
vt 0.681693 0.259918
vt 0.682309 0.263082
vt 0.681459 0.262975
vt 0.680626 0.263170
vt 0.678002 0.261378
vt 0.679706 0.260293
vt 0.582898 0.639411
vt 0.583514 0.642575
vt 0.581529 0.642966
vt 0.582145 0.639802
vt 0.701929 0.269986
vt 0.700147 0.269595
vt 0.698655 0.268497
vt 0.700409 0.265815
vt 0.700763 0.266432
vt 0.701314 0.266823
vt 0.580219 0.636615
vt 0.579717 0.636149
vt 0.579087 0.635955
vt 0.580840 0.633273
vt 0.582341 0.634357
vt 0.583314 0.635986
vt 0.687816 0.260293
vt 0.689804 0.259918
vt 0.690420 0.263082
vt 0.689570 0.262975
vt 0.688737 0.263170
vt 0.686113 0.261378
vt 0.559691 0.637069
vt 0.557938 0.634387
vt 0.559430 0.633289
vt 0.561212 0.632898
vt 0.562997 0.633273
vt 0.561243 0.635955
vt 0.560596 0.636061
vt 0.560045 0.636452
vt 0.590628 0.638582
vt 0.591112 0.639248
vt 0.591817 0.639714
vt 0.589193 0.641506
vt 0.588017 0.639877
vt 0.587533 0.637953
vt 0.684937 0.263006
vt 0.688032 0.263636
vt 0.687548 0.264302
vt 0.687343 0.265067
vt 0.684719 0.266859
vt 0.684453 0.264931
vt 0.693048 0.263006
vt 0.696143 0.263636
vt 0.695659 0.264302
vt 0.692564 0.264931
vt 0.591027 0.639909
vt 0.589274 0.642591
vt 0.587571 0.641506
vt 0.586395 0.639878
vt 0.585911 0.637953
vt 0.589006 0.638582
vt 0.589490 0.639248
vt 0.590195 0.639714
vt 0.570329 0.636061
vt 0.570944 0.632898
vt 0.572729 0.633273
vt 0.574230 0.634357
vt 0.571606 0.636149
vt 0.570976 0.635955
vt 0.588889 0.637069
vt 0.588800 0.637817
vt 0.586176 0.636025
vt 0.587136 0.634387
vt 0.571951 0.636061
vt 0.571400 0.636452
vt 0.571046 0.637069
vt 0.569293 0.634387
vt 0.570785 0.633289
vt 0.572567 0.632898
vt 0.574352 0.633273
vt 0.575852 0.634357
vt 0.573228 0.636149
vt 0.572598 0.635955
vt 0.571647 0.639248
vt 0.572351 0.639714
vt 0.573184 0.639909
vt 0.571431 0.642591
vt 0.569727 0.641506
vt 0.568551 0.639877
vt 0.568067 0.637953
vt 0.571162 0.638582
vt 0.702092 0.269611
vt 0.700339 0.266929
vt 0.700969 0.266735
vt 0.703593 0.268527
vt 0.594810 0.638795
vt 0.596564 0.641477
vt 0.594869 0.642575
vt 0.592884 0.642966
vt 0.590896 0.642591
vt 0.592650 0.639909
vt 0.593500 0.639802
vt 0.594253 0.639411
vt 0.565904 0.638047
vt 0.568528 0.639839
vt 0.567365 0.641477
vt 0.565612 0.638795
vt 0.566780 0.639248
vt 0.567485 0.639714
vt 0.564861 0.641506
vt 0.563685 0.639877
vt 0.563201 0.637953
vt 0.563467 0.636025
vt 0.566091 0.637817
vt 0.566296 0.638582
vt 0.674516 0.269611
vt 0.672731 0.269986
vt 0.670949 0.269595
vt 0.671565 0.266432
vt 0.672115 0.266823
vt 0.672763 0.266929
vt 0.572785 0.638582
vt 0.573269 0.639248
vt 0.573973 0.639714
vt 0.571349 0.641506
vt 0.570174 0.639877
vt 0.569689 0.637953
vt 0.566695 0.639909
vt 0.564942 0.642591
vt 0.563239 0.641506
vt 0.562063 0.639877
vt 0.565158 0.639248
vt 0.565862 0.639714
vt 0.570957 0.637817
vt 0.568333 0.636025
vt 0.569921 0.639411
vt 0.570537 0.642575
vt 0.568552 0.642966
vt 0.566564 0.642591
vt 0.568318 0.639909
vt 0.569168 0.639802
vt 0.580062 0.636061
vt 0.579511 0.636452
vt 0.579157 0.637069
vt 0.577403 0.634387
vt 0.578895 0.633289
vt 0.580677 0.632898
vt 0.691861 0.261407
vt 0.693024 0.263045
vt 0.693492 0.264973
vt 0.693211 0.266898
vt 0.690116 0.266269
vt 0.690397 0.265602
vt 0.690400 0.264837
vt 0.690108 0.264089
vt 0.566179 0.637069
vt 0.564426 0.634387
vt 0.565918 0.633289
vt 0.567700 0.632898
vt 0.567084 0.636061
vt 0.566534 0.636452
vt 0.568864 0.636615
vt 0.568362 0.636149
vt 0.567732 0.635955
vt 0.569485 0.633273
vt 0.570986 0.634357
vt 0.571959 0.635986
vt 0.598055 0.638795
vt 0.599808 0.641477
vt 0.598113 0.642575
vt 0.597497 0.639411
vt 0.795630 0.972747
vt 0.795630 0.977977
vt 0.793840 0.978468
vt 0.793840 0.973237
vt 0.816920 0.563444
vt 0.815571 0.568498
vt 0.814062 0.568602
vt 0.815410 0.563548
vt 0.812160 0.568602
vt 0.813509 0.563548
vt 0.810137 0.568570
vt 0.811485 0.563516
vt 0.808280 0.568582
vt 0.809629 0.563528
vt 0.808280 0.613884
vt 0.809629 0.608830
vt 0.811139 0.608726
vt 0.809790 0.613779
vt 0.813040 0.608726
vt 0.811692 0.613779
vt 0.815063 0.608758
vt 0.813715 0.613812
vt 0.816920 0.608746
vt 0.815571 0.613800
vt 0.020062 0.876669
vt 0.025116 0.878018
vt 0.025220 0.879527
vt 0.020166 0.878179
vt 0.025220 0.881429
vt 0.020166 0.880080
vt 0.025188 0.883452
vt 0.020134 0.882104
vt 0.025200 0.885308
vt 0.020146 0.883960
vt 0.865682 0.654007
vt 0.864334 0.659061
vt 0.862824 0.659166
vt 0.864173 0.654112
vt 0.860923 0.659166
vt 0.862271 0.654112
vt 0.858899 0.659133
vt 0.860248 0.654080
vt 0.857043 0.659146
vt 0.858392 0.654092
vt 0.816920 0.201189
vt 0.815571 0.206243
vt 0.814062 0.206348
vt 0.815410 0.201294
vt 0.812160 0.206348
vt 0.813509 0.201294
vt 0.810137 0.206315
vt 0.811485 0.201261
vt 0.808280 0.206327
vt 0.809629 0.201273
vt 0.808280 0.659166
vt 0.809629 0.654112
vt 0.811139 0.654007
vt 0.809790 0.659061
vt 0.813040 0.654007
vt 0.811692 0.659061
vt 0.815063 0.654040
vt 0.813715 0.659094
vt 0.816920 0.654028
vt 0.815571 0.659082
vt 0.857043 0.478038
vt 0.858392 0.472985
vt 0.859901 0.472880
vt 0.858553 0.477934
vt 0.861803 0.472880
vt 0.860454 0.477934
vt 0.863826 0.472913
vt 0.862477 0.477966
vt 0.865682 0.472900
vt 0.864334 0.477954
vt 0.865682 0.382316
vt 0.864334 0.387370
vt 0.862824 0.387475
vt 0.864173 0.382421
vt 0.860923 0.387475
vt 0.862271 0.382421
vt 0.858899 0.387442
vt 0.860248 0.382389
vt 0.857043 0.387454
vt 0.858392 0.382401
vt 0.865682 0.110625
vt 0.864334 0.115679
vt 0.862824 0.115784
vt 0.864173 0.110730
vt 0.860923 0.115784
vt 0.862271 0.110730
vt 0.858899 0.115751
vt 0.860248 0.110697
vt 0.857043 0.115763
vt 0.858392 0.110710
vt 0.808280 0.432757
vt 0.809629 0.427703
vt 0.811138 0.427598
vt 0.809790 0.432652
vt 0.813040 0.427598
vt 0.811691 0.432652
vt 0.815063 0.427631
vt 0.813715 0.432685
vt 0.816920 0.427619
vt 0.815571 0.432673
vt 0.808280 0.478039
vt 0.809629 0.472985
vt 0.811139 0.472880
vt 0.809790 0.477934
vt 0.813040 0.472880
vt 0.811692 0.477934
vt 0.815063 0.472913
vt 0.813715 0.477966
vt 0.816920 0.472901
vt 0.815571 0.477954
vt 0.865682 0.744571
vt 0.864334 0.749625
vt 0.862824 0.749730
vt 0.864173 0.744676
vt 0.860923 0.749730
vt 0.862271 0.744676
vt 0.858899 0.749697
vt 0.860248 0.744643
vt 0.857043 0.749709
vt 0.858392 0.744655
vt 0.865682 0.427598
vt 0.864334 0.432652
vt 0.862824 0.432757
vt 0.864173 0.427703
vt 0.860923 0.432757
vt 0.862271 0.427703
vt 0.858899 0.432724
vt 0.860248 0.427670
vt 0.857043 0.432736
vt 0.858392 0.427682
vt 0.654008 0.827907
vt 0.659061 0.829255
vt 0.659166 0.830765
vt 0.654112 0.829416
vt 0.659166 0.832666
vt 0.654112 0.831318
vt 0.659133 0.834689
vt 0.654080 0.833341
vt 0.659146 0.836546
vt 0.654092 0.835197
vt 0.382316 0.827906
vt 0.387370 0.829255
vt 0.387475 0.830765
vt 0.382421 0.829416
vt 0.387475 0.832666
vt 0.382421 0.831318
vt 0.387442 0.834689
vt 0.382389 0.833341
vt 0.387455 0.836546
vt 0.382401 0.835197
vt 0.865682 0.518162
vt 0.864334 0.523216
vt 0.862824 0.523320
vt 0.864173 0.518266
vt 0.860923 0.523320
vt 0.862271 0.518266
vt 0.858899 0.523288
vt 0.860248 0.518234
vt 0.857043 0.523300
vt 0.858392 0.518246
vt 0.865682 0.563444
vt 0.864334 0.568498
vt 0.862824 0.568602
vt 0.864173 0.563548
vt 0.860923 0.568602
vt 0.862271 0.563548
vt 0.858899 0.568570
vt 0.860248 0.563516
vt 0.857043 0.568582
vt 0.858392 0.563528
vt 0.699289 0.827907
vt 0.704343 0.829255
vt 0.704448 0.830765
vt 0.699394 0.829416
vt 0.704448 0.832666
vt 0.699394 0.831318
vt 0.704415 0.834689
vt 0.699362 0.833341
vt 0.704427 0.836546
vt 0.699374 0.835197
vt 0.808281 0.251629
vt 0.809629 0.246576
vt 0.811139 0.246471
vt 0.809790 0.251525
vt 0.813040 0.246471
vt 0.811692 0.251525
vt 0.815063 0.246503
vt 0.813715 0.251557
vt 0.816920 0.246491
vt 0.815571 0.251545
vt 0.865682 0.699289
vt 0.864334 0.704343
vt 0.862824 0.704448
vt 0.864173 0.699394
vt 0.860923 0.704448
vt 0.862271 0.699394
vt 0.858899 0.704415
vt 0.860248 0.699361
vt 0.857043 0.704427
vt 0.858392 0.699373
vt 0.865682 0.155907
vt 0.864334 0.160961
vt 0.862824 0.161066
vt 0.864173 0.156012
vt 0.860923 0.161066
vt 0.862271 0.156012
vt 0.858899 0.161033
vt 0.860248 0.155979
vt 0.857043 0.161045
vt 0.858392 0.155991
vt 0.337035 0.827907
vt 0.342088 0.829255
vt 0.342193 0.830765
vt 0.337139 0.829416
vt 0.342193 0.832666
vt 0.337139 0.831318
vt 0.342161 0.834689
vt 0.337107 0.833341
vt 0.342173 0.836546
vt 0.337119 0.835197
vt 0.110625 0.779144
vt 0.115679 0.780493
vt 0.115784 0.782002
vt 0.110730 0.780653
vt 0.115784 0.783904
vt 0.110730 0.782555
vt 0.115751 0.785927
vt 0.110697 0.784578
vt 0.115763 0.787783
vt 0.110709 0.786435
vt 0.749729 0.787783
vt 0.744675 0.786435
vt 0.744571 0.784925
vt 0.749625 0.786274
vt 0.744571 0.783023
vt 0.749625 0.784372
vt 0.744603 0.781000
vt 0.749657 0.782349
vt 0.744591 0.779144
vt 0.749645 0.780492
vt 0.523320 0.836546
vt 0.518266 0.835197
vt 0.518162 0.833688
vt 0.523216 0.835036
vt 0.518162 0.831786
vt 0.523216 0.833135
vt 0.518194 0.829763
vt 0.523248 0.831111
vt 0.518182 0.827906
vt 0.523236 0.829255
vt 0.808280 0.523320
vt 0.809629 0.518267
vt 0.811138 0.518162
vt 0.809790 0.523216
vt 0.813040 0.518162
vt 0.811691 0.523216
vt 0.815063 0.518194
vt 0.813715 0.523248
vt 0.816920 0.518182
vt 0.815571 0.523236
vt 0.857043 0.206347
vt 0.858392 0.201294
vt 0.859901 0.201189
vt 0.858553 0.206243
vt 0.861803 0.201189
vt 0.860454 0.206243
vt 0.863826 0.201222
vt 0.862477 0.206275
vt 0.865682 0.201209
vt 0.864334 0.206263
vt 0.865682 0.246471
vt 0.864334 0.251525
vt 0.862824 0.251629
vt 0.864173 0.246575
vt 0.860923 0.251629
vt 0.862271 0.246575
vt 0.858899 0.251597
vt 0.860248 0.246543
vt 0.857043 0.251609
vt 0.858392 0.246555
vt 0.568602 0.836546
vt 0.563548 0.835197
vt 0.563444 0.833688
vt 0.568498 0.835036
vt 0.563444 0.831786
vt 0.568498 0.833135
vt 0.563476 0.829763
vt 0.568530 0.831111
vt 0.563464 0.827907
vt 0.568518 0.829255
vt 0.857043 0.070502
vt 0.858392 0.065448
vt 0.859901 0.065343
vt 0.858553 0.070397
vt 0.861803 0.065343
vt 0.860454 0.070397
vt 0.863826 0.065376
vt 0.862477 0.070430
vt 0.865682 0.065364
vt 0.864334 0.070418
vt 0.155907 0.779144
vt 0.160961 0.780492
vt 0.161066 0.782002
vt 0.156012 0.780653
vt 0.161066 0.783903
vt 0.156012 0.782555
vt 0.161033 0.785927
vt 0.155979 0.784578
vt 0.161045 0.787783
vt 0.155991 0.786434
vt 0.387475 0.787783
vt 0.382421 0.786434
vt 0.382316 0.784925
vt 0.387370 0.786274
vt 0.382316 0.783023
vt 0.387370 0.784372
vt 0.382349 0.781000
vt 0.387403 0.782349
vt 0.382337 0.779144
vt 0.387391 0.780492
vt 0.816920 0.699289
vt 0.815571 0.704343
vt 0.814062 0.704448
vt 0.815410 0.699394
vt 0.812160 0.704448
vt 0.813509 0.699394
vt 0.810137 0.704415
vt 0.811485 0.699361
vt 0.808280 0.704427
vt 0.809629 0.699373
vt 0.608725 0.779144
vt 0.613779 0.780492
vt 0.613884 0.782002
vt 0.608830 0.780653
vt 0.613884 0.783903
vt 0.608830 0.782555
vt 0.613851 0.785927
vt 0.608797 0.784578
vt 0.613863 0.787783
vt 0.608809 0.786434
vt 0.857043 0.342193
vt 0.858392 0.337139
vt 0.859901 0.337035
vt 0.858553 0.342088
vt 0.861803 0.337035
vt 0.860454 0.342088
vt 0.863826 0.337067
vt 0.862477 0.342121
vt 0.865682 0.337055
vt 0.864334 0.342109
vt 0.816920 0.744571
vt 0.815571 0.749625
vt 0.814062 0.749729
vt 0.815410 0.744676
vt 0.812160 0.749729
vt 0.813509 0.744676
vt 0.810137 0.749697
vt 0.811485 0.744643
vt 0.808280 0.749709
vt 0.809629 0.744655
vt 0.816920 0.291753
vt 0.815571 0.296807
vt 0.814062 0.296911
vt 0.815410 0.291857
vt 0.812160 0.296911
vt 0.813509 0.291857
vt 0.810137 0.296879
vt 0.811485 0.291825
vt 0.808281 0.296891
vt 0.809629 0.291837
vt 0.808280 0.342193
vt 0.809629 0.337139
vt 0.811139 0.337035
vt 0.809790 0.342088
vt 0.813040 0.337035
vt 0.811692 0.342088
vt 0.815063 0.337067
vt 0.813715 0.342121
vt 0.816920 0.337055
vt 0.815571 0.342109
vt 0.563444 0.779144
vt 0.568497 0.780492
vt 0.568602 0.782002
vt 0.563548 0.780653
vt 0.568602 0.783903
vt 0.563548 0.782555
vt 0.568569 0.785927
vt 0.563516 0.784578
vt 0.568582 0.787783
vt 0.563528 0.786434
vt 0.070502 0.836546
vt 0.065448 0.835197
vt 0.065344 0.833687
vt 0.070397 0.835036
vt 0.065344 0.831786
vt 0.070397 0.833135
vt 0.065376 0.829763
vt 0.070430 0.831111
vt 0.065364 0.827906
vt 0.070418 0.829255
vt 0.816920 0.382316
vt 0.815571 0.387370
vt 0.814062 0.387475
vt 0.815410 0.382421
vt 0.812160 0.387475
vt 0.813509 0.382421
vt 0.810137 0.387442
vt 0.811485 0.382389
vt 0.808280 0.387454
vt 0.809629 0.382401
vt 0.857043 0.296911
vt 0.858392 0.291857
vt 0.859901 0.291753
vt 0.858553 0.296806
vt 0.861803 0.291753
vt 0.860454 0.296806
vt 0.863826 0.291785
vt 0.862477 0.296839
vt 0.865682 0.291773
vt 0.864334 0.296827
vt 0.750543 0.559064
vt 0.751892 0.554010
vt 0.753402 0.553906
vt 0.752053 0.558960
vt 0.755303 0.553906
vt 0.753954 0.558960
vt 0.757326 0.553938
vt 0.755978 0.558992
vt 0.759183 0.553926
vt 0.757834 0.558980
vt 0.523320 0.787783
vt 0.518266 0.786435
vt 0.518162 0.784925
vt 0.523216 0.786274
vt 0.518162 0.783023
vt 0.523216 0.784372
vt 0.518194 0.781000
vt 0.523248 0.782349
vt 0.518182 0.779144
vt 0.523236 0.780492
vt 0.296911 0.787783
vt 0.291857 0.786435
vt 0.291753 0.784925
vt 0.296806 0.786274
vt 0.291753 0.783023
vt 0.296806 0.784372
vt 0.291785 0.781000
vt 0.296839 0.782349
vt 0.291773 0.779144
vt 0.296827 0.780492
vt 0.427598 0.779144
vt 0.432652 0.780492
vt 0.432756 0.782002
vt 0.427703 0.780653
vt 0.432756 0.783903
vt 0.427703 0.782555
vt 0.432724 0.785927
vt 0.427670 0.784578
vt 0.432736 0.787783
vt 0.427682 0.786434
vt 0.857043 0.613884
vt 0.858392 0.608830
vt 0.859901 0.608726
vt 0.858553 0.613780
vt 0.861803 0.608726
vt 0.860454 0.613780
vt 0.863826 0.608758
vt 0.862477 0.613812
vt 0.865682 0.608746
vt 0.864334 0.613800
vt 0.432757 0.836546
vt 0.427703 0.835197
vt 0.427598 0.833688
vt 0.432652 0.835036
vt 0.427598 0.831786
vt 0.432652 0.833135
vt 0.427631 0.829763
vt 0.432685 0.831111
vt 0.427619 0.827907
vt 0.432673 0.829255
vt 0.296911 0.885308
vt 0.291857 0.883960
vt 0.291753 0.882450
vt 0.296807 0.883799
vt 0.291753 0.880549
vt 0.296807 0.881897
vt 0.291785 0.878525
vt 0.296839 0.879874
vt 0.291773 0.876669
vt 0.296827 0.878018
vt 0.808281 0.025220
vt 0.809629 0.020166
vt 0.811139 0.020062
vt 0.809790 0.025116
vt 0.813040 0.020062
vt 0.811692 0.025116
vt 0.815063 0.020094
vt 0.813715 0.025148
vt 0.816920 0.020082
vt 0.815571 0.025136
vt 0.857043 0.025220
vt 0.858392 0.020166
vt 0.859901 0.020062
vt 0.858553 0.025115
vt 0.861803 0.020062
vt 0.860454 0.025115
vt 0.863826 0.020094
vt 0.862477 0.025148
vt 0.865682 0.020082
vt 0.864334 0.025136
vt 0.342193 0.787783
vt 0.337139 0.786435
vt 0.337034 0.784925
vt 0.342088 0.786274
vt 0.337034 0.783023
vt 0.342088 0.784372
vt 0.337067 0.781000
vt 0.342121 0.782349
vt 0.337055 0.779144
vt 0.342109 0.780492
vt 0.478039 0.885308
vt 0.472985 0.883960
vt 0.472880 0.882450
vt 0.477934 0.883799
vt 0.472880 0.880549
vt 0.477934 0.881897
vt 0.472913 0.878525
vt 0.477967 0.879874
vt 0.472901 0.876669
vt 0.477954 0.878018
vt 0.518162 0.876669
vt 0.523216 0.878018
vt 0.523321 0.879527
vt 0.518267 0.878179
vt 0.523321 0.881429
vt 0.518267 0.880080
vt 0.523288 0.883452
vt 0.518234 0.882103
vt 0.523300 0.885308
vt 0.518246 0.883960
vt 0.427598 0.876669
vt 0.432652 0.878018
vt 0.432757 0.879527
vt 0.427703 0.878179
vt 0.432757 0.881429
vt 0.427703 0.880080
vt 0.432724 0.883452
vt 0.427671 0.882104
vt 0.432737 0.885308
vt 0.427683 0.883960
vt 0.659166 0.787783
vt 0.654112 0.786435
vt 0.654007 0.784925
vt 0.659061 0.786274
vt 0.654007 0.783023
vt 0.659061 0.784372
vt 0.654040 0.781000
vt 0.659094 0.782349
vt 0.654028 0.779144
vt 0.659081 0.780493
vt 0.070502 0.787783
vt 0.065448 0.786434
vt 0.065343 0.784925
vt 0.070397 0.786274
vt 0.065343 0.783023
vt 0.070397 0.784372
vt 0.065376 0.781000
vt 0.070430 0.782349
vt 0.065364 0.779144
vt 0.070418 0.780492
vt 0.744571 0.827907
vt 0.749625 0.829255
vt 0.749729 0.830765
vt 0.744676 0.829416
vt 0.749729 0.832666
vt 0.744676 0.831318
vt 0.749697 0.834689
vt 0.744643 0.833341
vt 0.749709 0.836546
vt 0.744655 0.835197
vt 0.110625 0.827906
vt 0.115679 0.829255
vt 0.115784 0.830765
vt 0.110730 0.829416
vt 0.115784 0.832666
vt 0.110730 0.831318
vt 0.115751 0.834689
vt 0.110698 0.833341
vt 0.115763 0.836546
vt 0.110710 0.835197
vt 0.613884 0.836546
vt 0.608830 0.835197
vt 0.608726 0.833688
vt 0.613779 0.835036
vt 0.608726 0.831786
vt 0.613779 0.833135
vt 0.608758 0.829763
vt 0.613812 0.831111
vt 0.608746 0.827907
vt 0.613800 0.829255
vt 0.206347 0.787783
vt 0.201294 0.786435
vt 0.201189 0.784925
vt 0.206243 0.786274
vt 0.201189 0.783023
vt 0.206243 0.784372
vt 0.201221 0.781000
vt 0.206275 0.782349
vt 0.201209 0.779144
vt 0.206263 0.780492
vt 0.857043 0.795012
vt 0.858392 0.789958
vt 0.859901 0.789853
vt 0.858553 0.794907
vt 0.861803 0.789853
vt 0.860454 0.794907
vt 0.863826 0.789886
vt 0.862477 0.794939
vt 0.865682 0.789873
vt 0.864334 0.794927
vt 0.699289 0.779144
vt 0.704343 0.780492
vt 0.704447 0.782002
vt 0.699394 0.780653
vt 0.704447 0.783904
vt 0.699394 0.782555
vt 0.704415 0.785927
vt 0.699361 0.784578
vt 0.704427 0.787783
vt 0.699373 0.786435
vt 0.816920 0.110625
vt 0.815571 0.115679
vt 0.814062 0.115784
vt 0.815410 0.110730
vt 0.812160 0.115784
vt 0.813509 0.110730
vt 0.810137 0.115751
vt 0.811485 0.110698
vt 0.808280 0.115763
vt 0.809629 0.110710
vt 0.251629 0.885308
vt 0.246576 0.883960
vt 0.246471 0.882450
vt 0.251525 0.883799
vt 0.246471 0.880549
vt 0.251525 0.881897
vt 0.246503 0.878525
vt 0.251557 0.879874
vt 0.246491 0.876669
vt 0.251545 0.878018
vt 0.808280 0.070502
vt 0.809629 0.065448
vt 0.811139 0.065344
vt 0.809790 0.070397
vt 0.813040 0.065344
vt 0.811692 0.070397
vt 0.815063 0.065376
vt 0.813715 0.070430
vt 0.816920 0.065364
vt 0.815571 0.070418
vt 0.020062 0.779144
vt 0.025116 0.780493
vt 0.025220 0.782002
vt 0.020166 0.780653
vt 0.025220 0.783904
vt 0.020166 0.782555
vt 0.025188 0.785927
vt 0.020134 0.784578
vt 0.025200 0.787783
vt 0.020146 0.786435
vt 0.759183 0.689751
vt 0.757834 0.694805
vt 0.756325 0.694910
vt 0.757673 0.689856
vt 0.754423 0.694910
vt 0.755772 0.689856
vt 0.752400 0.694877
vt 0.753748 0.689823
vt 0.750543 0.694889
vt 0.751892 0.689835
vt 0.478038 0.787783
vt 0.472985 0.786435
vt 0.472880 0.784925
vt 0.477934 0.786274
vt 0.472880 0.783024
vt 0.477934 0.784372
vt 0.472912 0.781000
vt 0.477966 0.782349
vt 0.472900 0.779144
vt 0.477954 0.780493
vt 0.065344 0.876669
vt 0.070397 0.878018
vt 0.070502 0.879527
vt 0.065448 0.878179
vt 0.070502 0.881429
vt 0.065448 0.880080
vt 0.070470 0.883452
vt 0.065416 0.882104
vt 0.070482 0.885308
vt 0.065428 0.883960
vt 0.472880 0.827906
vt 0.477934 0.829255
vt 0.478039 0.830765
vt 0.472985 0.829416
vt 0.478039 0.832666
vt 0.472985 0.831318
vt 0.478006 0.834689
vt 0.472952 0.833341
vt 0.478018 0.836546
vt 0.472964 0.835197
vt 0.115784 0.885308
vt 0.110730 0.883960
vt 0.110625 0.882450
vt 0.115679 0.883799
vt 0.110625 0.880549
vt 0.115679 0.881897
vt 0.110658 0.878525
vt 0.115712 0.879874
vt 0.110646 0.876669
vt 0.115700 0.878018
vt 0.816920 0.155907
vt 0.815571 0.160961
vt 0.814062 0.161066
vt 0.815410 0.156012
vt 0.812160 0.161066
vt 0.813509 0.156012
vt 0.810137 0.161033
vt 0.811485 0.155979
vt 0.808281 0.161045
vt 0.809629 0.155991
vt 0.337035 0.876669
vt 0.342088 0.878018
vt 0.342193 0.879527
vt 0.337139 0.878179
vt 0.342193 0.881429
vt 0.337139 0.880080
vt 0.342161 0.883452
vt 0.337107 0.882103
vt 0.342173 0.885308
vt 0.337119 0.883960
vt 0.155907 0.827906
vt 0.160961 0.829255
vt 0.161066 0.830765
vt 0.156012 0.829416
vt 0.161066 0.832666
vt 0.156012 0.831318
vt 0.161033 0.834689
vt 0.155979 0.833341
vt 0.161045 0.836546
vt 0.155991 0.835197
vt 0.795011 0.836546
vt 0.789958 0.835197
vt 0.789853 0.833688
vt 0.794907 0.835036
vt 0.789853 0.831786
vt 0.794907 0.833135
vt 0.789885 0.829763
vt 0.794939 0.831111
vt 0.789873 0.827906
vt 0.794927 0.829255
vt 0.251629 0.836546
vt 0.246576 0.835197
vt 0.246471 0.833688
vt 0.251525 0.835036
vt 0.246471 0.831786
vt 0.251525 0.833135
vt 0.246503 0.829763
vt 0.251557 0.831111
vt 0.246491 0.827907
vt 0.251545 0.829255
vt 0.246471 0.779144
vt 0.251525 0.780492
vt 0.251629 0.782002
vt 0.246575 0.780653
vt 0.251629 0.783904
vt 0.246575 0.782555
vt 0.251597 0.785927
vt 0.246543 0.784578
vt 0.251609 0.787783
vt 0.246555 0.786434
vt 0.201189 0.876669
vt 0.206243 0.878018
vt 0.206348 0.879527
vt 0.201294 0.878179
vt 0.206348 0.881429
vt 0.201294 0.880080
vt 0.206315 0.883452
vt 0.201261 0.882103
vt 0.206327 0.885308
vt 0.201273 0.883960
vt 0.759183 0.644469
vt 0.757834 0.649523
vt 0.756325 0.649628
vt 0.757673 0.644574
vt 0.754423 0.649628
vt 0.755772 0.644574
vt 0.752400 0.649595
vt 0.753748 0.644542
vt 0.750544 0.649607
vt 0.751892 0.644554
vt 0.161066 0.885308
vt 0.156012 0.883960
vt 0.155907 0.882450
vt 0.160961 0.883799
vt 0.155907 0.880549
vt 0.160961 0.881897
vt 0.155940 0.878525
vt 0.160994 0.879874
vt 0.155928 0.876669
vt 0.160981 0.878018
vt 0.020062 0.827907
vt 0.025116 0.829255
vt 0.025220 0.830765
vt 0.020166 0.829416
vt 0.025220 0.832666
vt 0.020166 0.831318
vt 0.025188 0.834689
vt 0.020134 0.833341
vt 0.025200 0.836546
vt 0.020146 0.835197
vt 0.750543 0.604346
vt 0.751892 0.599292
vt 0.753402 0.599188
vt 0.752053 0.604241
vt 0.755303 0.599188
vt 0.753954 0.604241
vt 0.757326 0.599220
vt 0.755978 0.604274
vt 0.759183 0.599208
vt 0.757834 0.604262
vt 0.296911 0.836546
vt 0.291857 0.835197
vt 0.291753 0.833688
vt 0.296807 0.835036
vt 0.291753 0.831786
vt 0.296807 0.833135
vt 0.291785 0.829763
vt 0.296839 0.831111
vt 0.291773 0.827906
vt 0.296827 0.829255
vt 0.206347 0.836546
vt 0.201294 0.835197
vt 0.201189 0.833688
vt 0.206243 0.835036
vt 0.201189 0.831786
vt 0.206243 0.833135
vt 0.201222 0.829763
vt 0.206275 0.831111
vt 0.201209 0.827906
vt 0.206263 0.829255
vt 0.382316 0.876669
vt 0.387370 0.878018
vt 0.387475 0.879527
vt 0.382421 0.878179
vt 0.387475 0.881429
vt 0.382421 0.880080
vt 0.387443 0.883452
vt 0.382389 0.882104
vt 0.387455 0.885308
vt 0.382401 0.883960
vt 0.563444 0.876669
vt 0.568498 0.878018
vt 0.568603 0.879527
vt 0.563549 0.878179
vt 0.568603 0.881429
vt 0.563549 0.880080
vt 0.568570 0.883452
vt 0.563516 0.882104
vt 0.568582 0.885308
vt 0.563528 0.883960
vt 0.711394 0.979530
vt 0.706340 0.978181
vt 0.706235 0.976672
vt 0.711289 0.978020
vt 0.706235 0.974770
vt 0.711289 0.976119
vt 0.706268 0.972747
vt 0.711322 0.974095
s 1
usemtl black_paint
f 337/273/67 341/274/68 343/275/69 339/276/67 335/277/67 331/278/67 327/279/70 325/280/71 329/281/67 333/282/67
f 205/283/72 209/284/72 213/285/73 215/286/74 211/287/72 207/288/72 203/289/75 201/290/76
f 1429/291/77 1433/292/77 1437/293/77 1441/294/78 1443/295/79 1439/296/77 1435/297/77 1431/298/77 1427/299/80 1425/300/81
f 548/301/82 552/302/82 556/303/83 554/304/84 550/305/82 546/306/82 542/307/85 544/308/86
f 197/309/87 201/290/76 203/289/75 199/310/87 195/311/87 191/312/87 187/313/88 185/314/89 189/315/87 193/316/87
f 693/317/90 697/318/91 699/319/92 695/320/90 691/321/90 687/322/90 683/323/93 681/324/94 685/325/90 689/326/90
f 453/327/95 457/328/95 461/329/95 465/330/96 467/331/97 463/332/95 459/333/95 455/334/95 451/335/98 449/336/99
f 1337/337/100 1341/338/100 1345/339/101 1347/340/102 1343/341/100 1339/342/100 1335/343/103 1333/344/104
f 448/345/105 452/346/106 450/347/107 446/348/105 442/349/105 438/350/105 434/351/105 430/352/108 432/353/109 436/354/105 440/355/105 444/356/105
f 1528/357/110 1532/358/110 1536/359/110 1540/360/110 1538/361/110 1534/362/110 1530/363/110 1526/364/110 1522/365/111 1524/366/112
f 292/367/113 296/368/113 300/369/113 304/370/114 302/371/115 298/372/113 294/373/113 290/374/113 286/375/116 288/376/117
f 881/377/118 885/378/119 887/379/103 883/380/118 879/381/118 875/382/118 871/383/120 869/384/121 873/385/118 877/386/118
f 1041/387/122 1045/388/122 1049/389/122 1053/390/123 1055/391/124 1051/392/122 1047/393/122 1043/394/122 1039/395/125 1037/396/126
f 964/397/127 968/398/127 972/399/127 976/400/128 974/401/129 970/402/127 966/403/127 962/404/127 958/405/130 960/406/131
f 857/407/132 861/408/132 865/409/132 869/384/121 871/383/120 867/410/132 863/411/132 859/412/132 855/413/69 853/414/68
f 1005/415/133 1009/416/133 1013/417/134 1015/418/135 1011/419/133 1007/420/133 1003/421/136 1001/422/137
f 1089/423/138 1093/424/71 1095/425/70 1091/426/138 1087/427/138 1083/428/138 1079/429/139 1077/430/140 1081/431/138 1085/432/138
f 849/433/67 853/414/68 855/413/69 851/434/67 847/435/67 843/436/67 839/437/70 837/438/71 841/439/67 845/440/67
f 1092/441/141 1096/442/142 1094/443/143 1090/444/141 1086/445/141 1082/446/141 1078/447/144 1080/448/145 1084/449/141 1088/450/141
f 961/451/146 965/452/146 969/453/146 973/454/147 975/455/148 971/456/146 967/457/146 963/458/146 959/459/149 957/460/150
f 1409/461/151 1413/462/152 1415/463/153 1411/464/151 1407/465/151 1403/466/151 1399/467/151 1395/468/154 1393/469/155 1397/470/151 1401/471/151 1405/472/151
f 388/473/156 392/474/156 396/475/157 394/476/158 390/477/156 386/478/156 382/479/156 378/480/156 374/481/159 376/482/160 380/483/156 384/484/156
f 1245/485/161 1249/486/161 1253/487/162 1255/488/163 1251/489/161 1247/490/161 1243/491/164 1241/492/165
f 565/493/90 569/494/166 571/495/167 567/496/90 563/497/90 559/498/90 555/499/168 553/500/169 557/501/90 561/502/90
f 633/503/100 637/504/100 641/505/170 643/506/102 639/507/100 635/508/100 631/509/103 629/510/119
f 709/511/87 713/512/171 715/513/172 711/514/87 707/515/87 703/516/87 699/319/92 697/318/91 701/517/87 705/518/87
f 1277/519/173 1281/520/173 1285/521/173 1289/522/174 1291/523/175 1287/524/173 1283/525/173 1279/526/173 1275/527/173 1271/528/176 1269/529/177 1273/530/173
f 889/531/100 893/532/100 897/533/101 899/534/102 895/535/100 891/536/100 887/379/103 885/378/119
f 497/537/178 501/538/178 505/539/89 507/540/88 503/541/178 499/542/178 495/543/179 493/544/180
f 533/545/181 537/546/181 541/547/182 543/548/183 539/549/181 535/550/181 531/551/181 527/552/181 523/553/184 521/554/185 525/555/181 529/556/181
f 1017/557/138 1021/558/138 1025/559/138 1029/560/186 1031/561/187 1027/562/138 1023/563/138 1019/564/138 1015/418/135 1013/417/134
f 737/565/161 741/566/188 743/567/189 739/568/161 735/569/161 731/570/164 729/571/165 733/572/161
f 1436/573/190 1440/574/190 1444/575/190 1448/576/191 1446/577/192 1442/578/190 1438/579/190 1434/580/190 1430/581/193 1432/582/194
f 917/583/77 921/584/77 925/585/77 929/586/78 931/587/79 927/588/77 923/589/77 919/590/77 915/591/97 913/592/96
f 828/593/141 832/594/141 836/595/141 840/596/142 838/597/143 834/598/141 830/599/141 826/600/141 822/601/195 824/602/196
f 1097/603/67 1101/604/67 1105/605/67 1109/606/197 1111/607/198 1107/608/67 1103/609/67 1099/610/67 1095/425/70 1093/424/71
f 1477/611/95 1481/612/95 1485/613/95 1489/614/199 1491/615/200 1487/616/95 1483/617/95 1479/618/95 1475/619/98 1473/620/99
f 372/621/201 376/482/160 374/481/159 370/622/201 366/623/201 362/624/201 358/625/202 360/626/203 364/627/201 368/628/201
f 152/629/204 156/630/204 160/631/117 158/632/116 154/633/204 150/634/204 146/635/205 148/636/206
f 765/637/87 769/638/87 773/639/87 777/640/171 779/641/172 775/642/87 771/643/87 767/644/87 763/645/207 761/646/208
f 797/647/209 801/648/210 803/649/211 799/650/209 795/651/212 793/652/213
f 997/653/214 1001/422/137 1003/421/136 999/654/214 995/655/214 991/656/214 987/657/215 985/658/216 989/659/214 993/660/214
f 180/661/217 184/662/217 188/663/217 192/664/218 190/665/219 186/666/217 182/667/217 178/668/217 174/669/115 176/670/114
f 945/671/220 949/672/220 953/673/220 957/460/150 959/459/149 955/674/220 951/675/220 947/676/220 943/677/221 941/678/222
f 1421/679/223 1425/300/81 1427/299/80 1423/680/223 1419/681/223 1415/463/153 1413/462/152 1417/682/223
f 1033/683/224 1037/396/126 1039/395/125 1035/684/224 1031/561/187 1029/560/186
f 1329/685/118 1333/344/104 1335/343/103 1331/686/118 1327/687/118 1323/688/118 1319/689/120 1317/690/121 1321/691/118 1325/692/118
f 644/693/127 648/694/127 652/695/127 656/696/225 654/697/226 650/698/127 646/699/127 642/700/127 638/701/227 640/702/228
f 1205/703/229 1209/704/229 1213/705/229 1217/706/230 1219/707/231 1215/708/229 1211/709/229 1207/710/229 1203/711/232 1201/712/233
f 1196/713/201 1200/714/201 1204/715/201 1208/716/145 1206/717/144 1202/718/201 1198/719/201 1194/720/201 1190/721/234 1192/722/235
f 172/723/236 176/670/114 174/669/115 170/724/236 166/725/236 162/726/236 158/632/116 160/631/117 164/727/236 168/728/236
f 1212/729/141 1216/730/141 1220/731/141 1224/732/237 1222/733/238 1218/734/141 1214/735/141 1210/736/141 1206/717/144 1208/716/145
f 528/737/239 532/738/206 530/739/205 526/740/239 522/741/239 518/742/239 514/743/107 516/744/106 520/745/239 524/746/239
f 1520/747/240 1524/366/112 1522/365/111 1518/748/240 1514/749/240 1510/750/241 1512/751/242 1516/752/240
f 1057/753/243 1061/754/244 1063/755/245 1059/756/243 1055/391/124 1053/390/123
f 1165/757/246 1169/758/246 1173/759/247 1175/760/248 1171/761/246 1167/762/246 1163/763/246 1159/764/246 1155/765/249 1153/766/250 1157/767/246 1161/768/246
f 236/769/113 240/770/109 238/771/108 234/772/113 230/773/113 226/774/113 222/775/251 224/776/252 228/777/113 232/778/113
f 1140/779/253 1144/780/253 1148/781/253 1152/782/254 1150/783/255 1146/784/253 1142/785/253 1138/786/253 1134/787/253 1130/788/256 1132/789/257 1136/790/253
f 1265/791/258 1269/529/177 1271/528/176 1267/792/258 1263/793/258 1259/794/258 1255/488/163 1253/487/162 1257/795/258 1261/796/258
f 1392/797/259 1396/798/259 1400/799/259 1404/800/260 1402/801/261 1398/802/259 1394/803/259 1390/804/259 1386/805/259 1382/806/262 1384/807/263 1388/808/259
f 256/809/105 260/810/106 258/811/107 254/812/105 250/813/105 246/814/105 242/815/105 238/771/108 240/770/109 244/816/105 248/817/105 252/818/105
f 1197/819/264 1201/712/233 1203/711/232 1199/820/264 1195/821/265 1193/822/266
f 1357/823/95 1361/824/267 1363/825/268 1359/826/95 1355/827/95 1351/828/95 1347/340/102 1345/339/101 1349/829/95 1353/830/95
f 485/831/269 489/832/269 493/544/180 495/543/179 491/833/269 487/834/269 483/835/79 481/836/78
f 1469/837/270 1473/620/99 1475/619/98 1471/838/270 1467/839/270 1463/840/270 1459/841/270 1455/842/271 1453/843/272 1457/844/270 1461/845/270 1465/846/270
f 1221/847/273 1225/848/274 1227/849/275 1223/850/273 1219/707/231 1217/706/230
f 868/851/113 872/852/113 876/853/113 880/854/109 878/855/108 874/856/113 870/857/113 866/858/113 862/859/276 864/860/277
f 1145/861/100 1149/862/100 1153/766/250 1155/765/249 1151/863/100 1147/864/100 1143/865/278 1141/866/279
f 512/867/105 516/744/106 514/743/107 510/868/105 506/869/105 502/870/105 498/871/105 494/872/280 496/873/281 500/874/105 504/875/105 508/876/105
f 433/877/270 437/878/270 441/879/270 445/880/270 449/336/99 451/335/98 447/881/270 443/882/270 439/883/270 435/884/270 431/885/282 429/886/283
f 1445/887/269 1449/888/269 1453/843/272 1455/842/271 1451/889/269 1447/890/269 1443/295/79 1441/294/78
f 340/891/284 344/892/284 348/893/284 352/894/285 350/895/286 346/896/284 342/897/284 338/898/284 334/899/129 336/900/128
f 169/901/287 173/902/288 175/903/289 171/904/287 167/905/287 163/906/287 159/907/290 157/908/291 161/909/287 165/910/287
f 208/911/292 212/912/292 216/913/292 220/914/292 224/776/252 222/775/251 218/915/292 214/916/292 210/917/292 206/918/292 202/919/293 204/920/294
f 728/921/295 732/922/296 730/923/297 726/924/295 722/925/295 718/926/295 714/927/298 716/928/299 720/929/295 724/930/295
f 356/931/300 360/626/203 358/625/202 354/932/300 350/895/286 352/894/285
f 428/933/236 432/353/109 430/352/108 426/934/236 422/935/236 418/936/236 414/937/251 416/938/252 420/939/236 424/940/236
f 1228/941/301 1232/942/301 1236/943/302 1234/944/303 1230/945/301 1226/946/301 1222/733/238 1224/732/237
f 1189/947/304 1193/822/266 1195/821/265 1191/948/304 1187/949/304 1183/950/304 1179/951/304 1175/760/248 1173/759/247 1177/952/304 1181/953/304 1185/954/304
f 1380/955/305 1384/807/263 1382/806/262 1378/956/305 1374/957/305 1370/958/305 1366/959/305 1362/960/306 1364/961/307 1368/962/305 1372/963/305 1376/964/305
f 488/965/308 492/966/308 496/873/281 494/872/280 490/967/308 486/968/308 482/969/309 484/970/310
f 369/971/118 373/972/140 375/973/139 371/974/118 367/975/118 363/976/118 359/977/120 357/978/121 361/979/118 365/980/118
f 981/981/311 985/658/216 987/657/215 983/982/311 979/983/311 975/455/148 973/454/147 977/984/311
f 144/985/239 148/636/206 146/635/205 142/986/239 138/987/239 134/988/239 130/989/239 132/990/239 136/991/239 140/992/239
f 1229/993/312 1233/994/312 1237/995/312 1241/492/165 1243/491/164 1239/996/312 1235/997/312 1231/998/312 1227/849/275 1225/848/274
f 820/999/313 824/602/196 822/601/195 818/1000/313 814/1001/313 810/1002/314 812/1003/315 816/1004/313
f 604/1005/316 608/1006/317 606/1007/318 602/1008/316 598/1009/316 594/1010/316 590/1011/319 592/1012/320 596/1013/316 600/1014/316
f 1168/1015/321 1172/1016/321 1176/1017/322 1174/1018/323 1170/1019/321 1166/1020/321 1162/1021/324 1164/1022/325
f 1340/1023/105 1344/1024/105 1348/1025/106 1346/1026/107 1342/1027/105 1338/1028/105 1334/1029/105 1330/1030/105 1326/1031/108 1328/1032/109 1332/1033/105 1336/1034/105
f 280/1035/204 284/1036/204 288/376/117 286/375/116 282/1037/204 278/1038/204 274/1039/205 276/1040/206
f 1424/1041/326 1428/1042/326 1432/582/194 1430/581/193 1426/1043/326 1422/1044/326 1418/1045/326 1414/1046/327 1416/1047/328 1420/1048/326
f 129/1049/329 130/1050/329 134/1051/330 133/1052/331
f 133/1053/331 134/1054/330 138/1055/332 137/1056/333
f 137/1056/333 138/1055/332 142/1057/334 141/1058/335
f 141/1058/335 142/1057/334 146/1059/336 145/1060/337
f 145/1060/337 146/1059/336 150/1061/338 149/1062/339
f 149/1063/339 150/1064/338 154/1065/340 153/1066/341
f 153/1066/341 154/1065/340 158/1067/342 157/1068/343
f 157/1068/343 158/1067/342 162/1069/344 161/1070/345
f 161/1070/345 162/1069/344 166/1071/346 165/1072/347
f 165/1073/347 166/1074/346 170/1075/348 169/1076/349
f 169/1076/349 170/1075/348 174/1077/350 173/1078/351
f 173/1078/351 174/1077/350 178/1079/352 177/1080/353
f 177/1080/353 178/1079/352 182/1081/354 181/1082/355
f 181/1083/355 182/1084/354 186/1085/356 185/1086/357
f 185/1086/357 186/1085/356 190/1087/358 189/1088/359
f 189/1088/359 190/1087/358 194/1089/360 193/1090/361
f 193/1090/361 194/1089/360 198/1091/330 197/1092/331
f 197/1093/331 198/1094/330 202/1095/332 201/1096/333
f 201/1096/333 202/1095/332 206/1097/334 205/1098/335
f 205/1098/335 206/1097/334 210/1099/336 209/1100/337
f 209/1100/337 210/1099/336 214/1101/338 213/1102/339
f 213/1103/339 214/1104/338 218/1105/340 217/1106/341
f 217/1106/341 218/1105/340 222/1107/342 221/1108/343
f 221/1108/343 222/1107/342 226/1109/344 225/1110/345
f 225/1110/345 226/1109/344 230/1111/346 229/1112/347
f 229/1113/347 230/1114/346 234/1115/348 233/1116/349
f 233/1116/349 234/1115/348 238/1117/350 237/1118/351
f 237/1118/351 238/1117/350 242/1119/352 241/1120/353
f 241/1120/353 242/1119/352 246/1121/354 245/1122/355
f 245/1123/355 246/1124/354 250/1125/356 249/1126/357
f 249/1126/357 250/1125/356 254/1127/358 253/1128/359
f 253/1128/359 254/1127/358 258/1129/360 257/1130/361
f 257/1130/361 258/1129/360 262/1131/330 261/1132/331
f 261/1133/331 262/1134/330 266/1135/332 265/1136/333
f 265/1136/333 266/1135/332 270/1137/334 269/1138/335
f 269/1138/335 270/1137/334 274/1139/336 273/1140/337
f 273/1140/337 274/1139/336 278/1141/338 277/1142/339
f 277/1143/339 278/1144/338 282/1145/340 281/1146/341
f 281/1146/341 282/1145/340 286/1147/342 285/1148/343
f 285/1148/343 286/1147/342 290/1149/344 289/1150/345
f 289/1150/345 290/1149/344 294/1151/346 293/1152/347
f 293/1153/347 294/1154/346 298/1155/348 297/1156/349
f 297/1156/349 298/1155/348 302/1157/350 301/1158/351
f 301/1158/351 302/1157/350 306/1159/352 305/1160/353
f 305/1160/353 306/1159/352 310/1161/354 309/1162/355
f 309/1163/355 310/1164/354 314/1165/356 313/1166/357
f 313/1166/357 314/1165/356 318/1167/358 317/1168/359
f 317/1168/359 318/1167/358 322/1169/360 321/1170/361
f 321/1170/361 322/1169/360 326/1171/330 325/1172/331
f 325/1173/331 326/1174/330 330/1175/332 329/1176/333
f 329/1176/333 330/1175/332 334/1177/334 333/1178/335
f 333/1178/335 334/1177/334 338/1179/336 337/1180/337
f 337/1180/337 338/1179/336 342/1181/338 341/1182/339
f 341/1183/339 342/1184/338 346/1185/340 345/1186/341
f 345/1186/341 346/1185/340 350/1187/342 349/1188/343
f 349/1188/343 350/1187/342 354/1189/344 353/1190/345
f 353/1190/345 354/1189/344 358/1191/346 357/1192/347
f 357/1193/347 358/1194/346 362/1195/348 361/1196/349
f 361/1196/349 362/1195/348 366/1197/350 365/1198/351
f 365/1198/351 366/1197/350 370/1199/352 369/1200/353
f 369/1200/353 370/1199/352 374/1201/354 373/1202/355
f 373/1203/355 374/1204/354 378/1205/356 377/1206/357
f 377/1206/357 378/1205/356 382/1207/358 381/1208/359
f 381/1208/359 382/1207/358 386/1209/360 385/1210/361
f 385/1210/361 386/1209/360 390/1211/330 389/1212/331
f 389/1213/331 390/1214/330 394/1215/332 393/1216/333
f 393/1216/333 394/1215/332 398/1217/334 397/1218/335
f 397/1218/335 398/1217/334 402/1219/336 401/1220/337
f 401/1220/337 402/1219/336 406/1221/338 405/1222/339
f 405/1223/339 406/1224/338 410/1225/340 409/1226/341
f 409/1226/341 410/1225/340 414/1227/342 413/1228/343
f 413/1228/343 414/1227/342 418/1229/344 417/1230/345
f 417/1230/345 418/1229/344 422/1231/346 421/1232/347
f 421/1233/347 422/1234/346 426/1235/348 425/1236/349
f 425/1236/349 426/1235/348 430/1237/350 429/1238/351
f 429/1238/351 430/1237/350 434/1239/352 433/1240/353
f 433/1240/353 434/1239/352 438/1241/354 437/1242/355
f 437/1243/355 438/1244/354 442/1245/356 441/1246/357
f 441/1246/357 442/1245/356 446/1247/358 445/1248/359
f 445/1248/359 446/1247/358 450/1249/360 449/1250/361
f 449/1250/361 450/1249/360 454/1251/330 453/1252/331
f 453/1253/331 454/1254/330 458/1255/332 457/1256/333
f 457/1256/333 458/1255/332 462/1257/334 461/1258/335
f 461/1258/335 462/1257/334 466/1259/336 465/1260/337
f 465/1260/337 466/1259/336 470/1261/338 469/1262/339
f 469/1263/339 470/1264/338 474/1265/340 473/1266/341
f 473/1266/341 474/1265/340 478/1267/342 477/1268/343
f 477/1268/343 478/1267/342 482/1269/344 481/1270/345
f 481/1270/345 482/1269/344 486/1271/346 485/1272/347
f 485/1273/347 486/1274/346 490/1275/348 489/1276/349
f 489/1276/349 490/1275/348 494/1277/350 493/1278/351
f 493/1278/351 494/1277/350 498/1279/352 497/1280/353
f 497/1280/353 498/1279/352 502/1281/354 501/1282/355
f 501/1283/355 502/1284/354 506/1285/356 505/1286/357
f 505/1286/357 506/1285/356 510/1287/358 509/1288/359
f 509/1288/359 510/1287/358 514/1289/360 513/1290/361
f 513/1290/361 514/1289/360 518/1291/330 517/1292/331
f 517/1293/331 518/1294/330 522/1295/332 521/1296/333
f 521/1296/333 522/1295/332 526/1297/334 525/1298/335
f 525/1298/335 526/1297/334 530/1299/336 529/1300/337
f 529/1300/337 530/1299/336 534/1301/338 533/1302/339
f 533/1303/339 534/1304/338 538/1305/340 537/1306/341
f 537/1306/341 538/1305/340 542/1307/342 541/1308/343
f 541/1308/343 542/1307/342 546/1309/344 545/1310/345
f 545/1310/345 546/1309/344 550/1311/346 549/1312/347
f 549/1313/347 550/1314/346 554/1315/348 553/1316/349
f 553/1316/349 554/1315/348 558/1317/350 557/1318/351
f 557/1318/351 558/1317/350 562/1319/352 561/1320/353
f 561/1320/353 562/1319/352 566/1321/354 565/1322/355
f 565/1323/355 566/1324/354 570/1325/362 569/1326/357
f 569/1326/357 570/1325/362 574/1327/358 573/1328/359
f 573/1328/359 574/1327/358 578/1329/360 577/1330/361
f 577/1330/361 578/1329/360 582/1331/330 581/1332/331
f 581/1333/331 582/1334/330 586/1335/363 585/1336/333
f 585/1336/333 586/1335/363 590/1337/334 589/1338/335
f 589/1338/335 590/1337/334 594/1339/336 593/1340/337
f 593/1340/337 594/1339/336 598/1341/338 597/1342/339
f 597/1343/339 598/1344/338 602/1345/364 601/1346/341
f 601/1346/341 602/1345/364 606/1347/342 605/1348/343
f 605/1348/343 606/1347/342 610/1349/344 609/1350/345
f 609/1350/345 610/1349/344 614/1351/346 613/1352/347
f 613/1353/347 614/1354/346 618/1355/365 617/1356/349
f 617/1356/349 618/1355/365 622/1357/350 621/1358/351
f 621/1358/351 622/1357/350 626/1359/352 625/1360/353
f 625/1360/353 626/1359/352 630/1361/354 629/1362/355
f 629/1363/355 630/1364/354 634/1365/362 633/1366/357
f 633/1366/357 634/1365/362 638/1367/358 637/1368/359
f 637/1368/359 638/1367/358 642/1369/360 641/1370/361
f 641/1370/361 642/1369/360 646/1371/330 645/1372/331
f 645/1373/331 646/1374/330 650/1375/332 649/1376/333
f 649/1376/333 650/1375/332 654/1377/334 653/1378/335
f 653/1378/335 654/1377/334 658/1379/336 657/1380/337
f 657/1380/337 658/1379/336 662/1381/338 661/1382/339
f 661/1383/339 662/1384/338 666/1385/340 665/1386/341
f 665/1386/341 666/1385/340 670/1387/342 669/1388/343
f 669/1388/343 670/1387/342 674/1389/344 673/1390/345
f 673/1390/345 674/1389/344 678/1391/346 677/1392/347
f 677/1393/347 678/1394/346 682/1395/365 681/1396/349
f 681/1396/349 682/1395/365 686/1397/350 685/1398/351
f 685/1398/351 686/1397/350 690/1399/352 689/1400/353
f 689/1400/353 690/1399/352 694/1401/354 693/1402/355
f 693/1403/355 694/1404/354 698/1405/362 697/1406/357
f 697/1406/357 698/1405/362 702/1407/358 701/1408/359
f 701/1408/359 702/1407/358 706/1409/360 705/1410/361
f 705/1410/361 706/1409/360 710/1411/330 709/1412/331
f 709/1413/331 710/1414/330 714/1415/363 713/1416/333
f 713/1416/333 714/1415/363 718/1417/334 717/1418/335
f 717/1418/335 718/1417/334 722/1419/336 721/1420/337
f 721/1420/337 722/1419/336 726/1421/338 725/1422/339
f 725/1423/339 726/1424/338 730/1425/364 729/1426/341
f 729/1426/341 730/1425/364 734/1427/342 733/1428/343
f 733/1428/343 734/1427/342 738/1429/344 737/1430/345
f 737/1430/345 738/1429/344 742/1431/346 741/1432/347
f 741/1433/347 742/1434/346 746/1435/365 745/1436/349
f 745/1436/349 746/1435/365 750/1437/350 749/1438/351
f 749/1438/351 750/1437/350 754/1439/352 753/1440/353
f 753/1440/353 754/1439/352 758/1441/354 757/1442/355
f 757/1443/355 758/1444/354 762/1445/362 761/1446/357
f 761/1446/357 762/1445/362 766/1447/358 765/1448/359
f 765/1448/359 766/1447/358 770/1449/360 769/1450/361
f 769/1450/361 770/1449/360 774/1451/330 773/1452/331
f 773/1453/331 774/1454/330 778/1455/363 777/1456/333
f 777/1456/333 778/1455/363 782/1457/334 781/1458/335
f 781/1458/335 782/1457/334 786/1459/336 785/1460/337
f 785/1460/337 786/1459/336 790/1461/338 789/1462/339
f 789/1463/339 790/1464/338 794/1465/364 793/1466/341
f 793/1466/341 794/1465/364 798/1467/342 797/1468/343
f 797/1468/343 798/1467/342 802/1469/344 801/1470/345
f 801/1470/345 802/1469/344 806/1471/346 805/1472/347
f 805/1473/347 806/1474/346 810/1475/365 809/1476/349
f 809/1476/349 810/1475/365 814/1477/350 813/1478/351
f 813/1478/351 814/1477/350 818/1479/352 817/1480/353
f 817/1480/353 818/1479/352 822/1481/354 821/1482/355
f 821/1483/355 822/1484/354 826/1485/362 825/1486/357
f 825/1486/357 826/1485/362 830/1487/358 829/1488/359
f 829/1488/359 830/1487/358 834/1489/360 833/1490/361
f 833/1490/361 834/1489/360 838/1491/330 837/1492/331
f 837/1493/331 838/1494/330 842/1495/363 841/1496/333
f 841/1496/333 842/1495/363 846/1497/334 845/1498/335
f 845/1498/335 846/1497/334 850/1499/336 849/1500/337
f 849/1500/337 850/1499/336 854/1501/338 853/1502/339
f 853/1503/339 854/1504/338 858/1505/364 857/1506/341
f 857/1506/341 858/1505/364 862/1507/342 861/1508/343
f 861/1508/343 862/1507/342 866/1509/344 865/1510/345
f 865/1510/345 866/1509/344 870/1511/346 869/1512/347
f 869/1513/347 870/1514/346 874/1515/365 873/1516/349
f 873/1516/349 874/1515/365 878/1517/350 877/1518/351
f 877/1518/351 878/1517/350 882/1519/352 881/1520/353
f 881/1520/353 882/1519/352 886/1521/354 885/1522/355
f 885/1523/355 886/1524/354 890/1525/362 889/1526/357
f 889/1526/357 890/1525/362 894/1527/358 893/1528/359
f 893/1528/359 894/1527/358 898/1529/360 897/1530/361
f 897/1530/361 898/1529/360 902/1531/330 901/1532/331
f 901/1533/331 902/1534/330 906/1535/363 905/1536/333
f 905/1536/333 906/1535/363 910/1537/334 909/1538/335
f 909/1538/335 910/1537/334 914/1539/336 913/1540/337
f 913/1540/337 914/1539/336 918/1541/338 917/1542/339
f 917/1543/339 918/1544/338 922/1545/364 921/1546/341
f 921/1546/341 922/1545/364 926/1547/342 925/1548/343
f 925/1548/343 926/1547/342 930/1549/344 929/1550/345
f 929/1550/345 930/1549/344 934/1551/346 933/1552/347
f 933/1553/347 934/1554/346 938/1555/365 937/1556/349
f 937/1556/349 938/1555/365 942/1557/350 941/1558/351
f 941/1558/351 942/1557/350 946/1559/352 945/1560/353
f 945/1560/353 946/1559/352 950/1561/354 949/1562/355
f 949/1563/355 950/1564/354 954/1565/362 953/1566/357
f 953/1566/357 954/1565/362 958/1567/358 957/1568/359
f 957/1568/359 958/1567/358 962/1569/360 961/1570/361
f 961/1570/361 962/1569/360 966/1571/330 965/1572/331
f 965/1573/331 966/1574/330 970/1575/363 969/1576/333
f 969/1576/333 970/1575/363 974/1577/334 973/1578/335
f 973/1578/335 974/1577/334 978/1579/336 977/1580/337
f 977/1580/337 978/1579/336 982/1581/338 981/1582/339
f 981/1583/339 982/1584/338 986/1585/364 985/1586/341
f 985/1586/341 986/1585/364 990/1587/342 989/1588/343
f 989/1588/343 990/1587/342 994/1589/344 993/1590/345
f 993/1590/345 994/1589/344 998/1591/346 997/1592/347
f 997/1593/347 998/1594/346 1002/1595/365 1001/1596/349
f 1001/1596/349 1002/1595/365 1006/1597/350 1005/1598/351
f 1005/1598/351 1006/1597/350 1010/1599/352 1009/1600/353
f 1009/1600/353 1010/1599/352 1014/1601/354 1013/1602/355
f 1013/1603/355 1014/1604/354 1018/1605/362 1017/1606/357
f 1017/1606/357 1018/1605/362 1022/1607/358 1021/1608/359
f 1021/1608/359 1022/1607/358 1026/1609/360 1025/1610/361
f 1025/1610/361 1026/1609/360 1030/1611/330 1029/1612/331
f 1029/1613/331 1030/1614/330 1034/1615/363 1033/1616/333
f 1033/1616/333 1034/1615/363 1038/1617/334 1037/1618/335
f 1037/1618/335 1038/1617/334 1042/1619/336 1041/1620/337
f 1041/1620/337 1042/1619/336 1046/1621/338 1045/1622/339
f 1045/1623/339 1046/1624/338 1050/1625/364 1049/1626/341
f 1049/1626/341 1050/1625/364 1054/1627/342 1053/1628/343
f 1053/1628/343 1054/1627/342 1058/1629/344 1057/1630/345
f 1057/1630/345 1058/1629/344 1062/1631/346 1061/1632/347
f 1061/1633/347 1062/1634/346 1066/1635/365 1065/1636/349
f 1065/1636/349 1066/1635/365 1070/1637/350 1069/1638/351
f 1069/1638/351 1070/1637/350 1074/1639/352 1073/1640/353
f 1073/1640/353 1074/1639/352 1078/1641/354 1077/1642/355
f 1077/1643/355 1078/1644/354 1082/1645/362 1081/1646/357
f 1081/1646/357 1082/1645/362 1086/1647/358 1085/1648/359
f 1085/1648/359 1086/1647/358 1090/1649/360 1089/1650/361
f 1089/1650/361 1090/1649/360 1094/1651/330 1093/1652/331
f 1093/1653/331 1094/1654/330 1098/1655/363 1097/1656/333
f 1097/1656/333 1098/1655/363 1102/1657/334 1101/1658/335
f 1101/1658/335 1102/1657/334 1106/1659/336 1105/1660/337
f 1105/1660/337 1106/1659/336 1110/1661/338 1109/1662/339
f 1109/1663/339 1110/1664/338 1114/1665/364 1113/1666/341
f 1113/1666/341 1114/1665/364 1118/1667/342 1117/1668/343
f 1117/1668/343 1118/1667/342 1122/1669/344 1121/1670/345
f 1121/1670/345 1122/1669/344 1126/1671/346 1125/1672/347
f 1125/1673/347 1126/1674/346 1130/1675/365 1129/1676/349
f 1129/1676/349 1130/1675/365 1134/1677/350 1133/1678/351
f 1133/1678/351 1134/1677/350 1138/1679/352 1137/1680/353
f 1137/1680/353 1138/1679/352 1142/1681/354 1141/1682/355
f 1141/1683/355 1142/1684/354 1146/1685/362 1145/1686/357
f 1145/1686/357 1146/1685/362 1150/1687/358 1149/1688/359
f 1149/1688/359 1150/1687/358 1154/1689/360 1153/1690/361
f 1153/1690/361 1154/1689/360 1158/1691/330 1157/1692/331
f 1157/1693/331 1158/1694/330 1162/1695/363 1161/1696/333
f 1161/1696/333 1162/1695/363 1166/1697/334 1165/1698/335
f 1165/1698/335 1166/1697/334 1170/1699/336 1169/1700/337
f 1169/1700/337 1170/1699/336 1174/1701/338 1173/1702/339
f 1173/1703/339 1174/1704/338 1178/1705/364 1177/1706/341
f 1177/1706/341 1178/1705/364 1182/1707/342 1181/1708/343
f 1181/1708/343 1182/1707/342 1186/1709/344 1185/1710/345
f 1185/1710/345 1186/1709/344 1190/1711/346 1189/1712/347
f 1189/1713/347 1190/1714/346 1194/1715/365 1193/1716/349
f 1193/1716/349 1194/1715/365 1198/1717/350 1197/1718/351
f 1197/1718/351 1198/1717/350 1202/1719/352 1201/1720/353
f 1201/1720/353 1202/1719/352 1206/1721/354 1205/1722/355
f 1205/1723/355 1206/1724/354 1210/1725/362 1209/1726/357
f 1209/1726/357 1210/1725/362 1214/1727/358 1213/1728/359
f 1213/1728/359 1214/1727/358 1218/1729/360 1217/1730/361
f 1217/1730/361 1218/1729/360 1222/1731/330 1221/1732/331
f 1221/1733/331 1222/1734/330 1226/1735/363 1225/1736/333
f 1225/1736/333 1226/1735/363 1230/1737/334 1229/1738/335
f 1229/1738/335 1230/1737/334 1234/1739/336 1233/1740/337
f 1233/1740/337 1234/1739/336 1238/1741/338 1237/1742/339
f 1237/1743/339 1238/1744/338 1242/1745/364 1241/1746/341
f 1241/1746/341 1242/1745/364 1246/1747/342 1245/1748/343
f 1245/1748/343 1246/1747/342 1250/1749/344 1249/1750/345
f 1249/1750/345 1250/1749/344 1254/1751/346 1253/1752/347
f 1253/1753/347 1254/1754/346 1258/1755/365 1257/1756/349
f 1257/1756/349 1258/1755/365 1262/1757/350 1261/1758/351
f 1261/1758/351 1262/1757/350 1266/1759/352 1265/1760/353
f 1265/1760/353 1266/1759/352 1270/1761/354 1269/1762/355
f 1269/1763/355 1270/1764/354 1274/1765/362 1273/1766/357
f 1273/1766/357 1274/1765/362 1278/1767/358 1277/1768/359
f 1277/1768/359 1278/1767/358 1282/1769/360 1281/1770/361
f 1281/1770/361 1282/1769/360 1286/1771/330 1285/1772/331
f 1285/1773/331 1286/1774/330 1290/1775/363 1289/1776/333
f 1289/1776/333 1290/1775/363 1294/1777/334 1293/1778/335
f 1293/1778/335 1294/1777/334 1298/1779/336 1297/1780/337
f 1297/1780/337 1298/1779/336 1302/1781/338 1301/1782/339
f 1301/1783/339 1302/1784/338 1306/1785/364 1305/1786/341
f 1305/1786/341 1306/1785/364 1310/1787/342 1309/1788/343
f 1309/1788/343 1310/1787/342 1314/1789/344 1313/1790/345
f 1313/1790/345 1314/1789/344 1318/1791/346 1317/1792/347
f 1317/1793/347 1318/1794/346 1322/1795/365 1321/1796/349
f 1321/1796/349 1322/1795/365 1326/1797/350 1325/1798/351
f 1325/1798/351 1326/1797/350 1330/1799/352 1329/1800/353
f 1329/1800/353 1330/1799/352 1334/1801/354 1333/1802/355
f 1333/1803/355 1334/1804/354 1338/1805/362 1337/1806/357
f 1337/1806/357 1338/1805/362 1342/1807/358 1341/1808/359
f 1341/1808/359 1342/1807/358 1346/1809/360 1345/1810/361
f 1345/1810/361 1346/1809/360 1350/1811/330 1349/1812/331
f 1349/1813/331 1350/1814/330 1354/1815/363 1353/1816/333
f 1353/1816/333 1354/1815/363 1358/1817/334 1357/1818/335
f 1357/1818/335 1358/1817/334 1362/1819/336 1361/1820/337
f 1361/1820/337 1362/1819/336 1366/1821/338 1365/1822/339
f 1365/1823/339 1366/1824/338 1370/1825/364 1369/1826/341
f 1369/1826/341 1370/1825/364 1374/1827/342 1373/1828/343
f 1373/1828/343 1374/1827/342 1378/1829/344 1377/1830/345
f 1377/1830/345 1378/1829/344 1382/1831/346 1381/1832/347
f 1381/1833/347 1382/1834/346 1386/1835/365 1385/1836/349
f 1385/1836/349 1386/1835/365 1390/1837/350 1389/1838/351
f 1389/1838/351 1390/1837/350 1394/1839/352 1393/1840/353
f 1393/1840/353 1394/1839/352 1398/1841/354 1397/1842/355
f 1397/1843/355 1398/1844/354 1402/1845/362 1401/1846/357
f 1401/1846/357 1402/1845/362 1406/1847/358 1405/1848/359
f 1405/1848/359 1406/1847/358 1410/1849/360 1409/1850/361
f 1409/1850/361 1410/1849/360 1414/1851/330 1413/1852/331
f 1413/1853/331 1414/1854/330 1418/1855/363 1417/1856/333
f 1417/1856/333 1418/1855/363 1422/1857/334 1421/1858/335
f 1421/1858/335 1422/1857/334 1426/1859/336 1425/1860/337
f 1425/1860/337 1426/1859/336 1430/1861/338 1429/1862/339
f 1429/1863/339 1430/1864/338 1434/1865/364 1433/1866/341
f 1433/1866/341 1434/1865/364 1438/1867/342 1437/1868/343
f 1437/1868/343 1438/1867/342 1442/1869/344 1441/1870/345
f 1441/1870/345 1442/1869/344 1446/1871/346 1445/1872/366
f 1445/1873/366 1446/1874/346 1450/1875/365 1449/1876/349
f 1449/1876/349 1450/1875/365 1454/1877/350 1453/1878/351
f 1453/1878/351 1454/1877/350 1458/1879/352 1457/1880/353
f 1457/1880/353 1458/1879/352 1462/1881/354 1461/1882/367
f 1461/1883/367 1462/1884/354 1466/1885/362 1465/1886/357
f 1465/1886/357 1466/1885/362 1470/1887/358 1469/1888/359
f 1469/1888/359 1470/1887/358 1474/1889/360 1473/1890/361
f 1473/1890/361 1474/1889/360 1478/1891/330 1477/1892/331
f 1477/1893/331 1478/1894/330 1482/1895/363 1481/1896/333
f 1481/1896/333 1482/1895/363 1486/1897/334 1485/1898/335
f 1485/1898/335 1486/1897/334 1490/1899/336 1489/1900/337
f 1489/1900/337 1490/1899/336 1494/1901/338 1493/1902/368
f 1493/1903/368 1494/1904/338 1498/1905/364 1497/1906/341
f 1497/1906/341 1498/1905/364 1502/1907/342 1501/1908/343
f 1501/1908/343 1502/1907/342 1506/1909/344 1505/1910/345
f 1505/1910/345 1506/1909/344 1510/1911/346 1509/1912/366
f 1509/1913/366 1510/1914/346 1514/1915/365 1513/1916/349
f 1513/1916/349 1514/1915/365 1518/1917/350 1517/1918/351
f 1517/1918/351 1518/1917/350 1522/1919/352 1521/1920/353
f 1521/1920/353 1522/1919/352 1526/1921/354 1525/1922/355
f 1525/1923/355 1526/1924/354 1530/1925/362 1529/1926/357
f 1529/1926/357 1530/1925/362 1534/1927/358 1533/1928/359
f 1533/1928/359 1534/1927/358 1538/1929/369 1537/1930/369
f 568/1931/370 572/1932/371 570/1933/372 566/1934/370 562/1935/370 558/1936/370 554/304/84 556/303/83 560/1937/370 564/1938/370
f 272/1939/239 276/1040/206 274/1039/205 270/1940/239 266/1941/239 262/1942/239 258/811/107 260/810/106 264/1943/239 268/1944/239
f 584/1945/373 588/1946/373 592/1012/320 590/1011/319 586/1947/373 582/1948/373 578/1949/373 574/1950/373 570/1933/372 572/1932/371 576/1951/373 580/1952/373
f 904/1953/239 908/1954/239 912/1955/239 916/1956/374 914/1957/375 910/1958/239 906/1959/239 902/1960/239 898/1961/107 900/1962/106
f 149/1963/376 153/1964/376 157/908/291 159/907/290 155/1965/376 151/1966/376 147/1967/268 145/1968/267
f 749/1969/377 753/1970/377 757/1971/377 761/646/208 763/645/207 759/1972/377 755/1973/377 751/1974/377 747/1975/377 743/567/189 741/566/188 745/1976/377
f 177/1977/378 181/1978/378 185/314/89 187/313/88 183/1979/378 179/1980/378 175/903/289 173/902/288
f 472/1981/379 476/1982/379 480/1983/379 484/970/310 482/969/309 478/1984/379 474/1985/379 470/1986/379 466/1987/375 468/1988/374
f 1497/1989/380 1501/1990/380 1505/1991/380 1509/1992/381 1511/1993/382 1507/1994/380 1503/1995/380 1499/1996/380 1495/1997/380 1491/615/200 1489/614/199 1493/1998/380
f 696/1999/370 700/2000/383 698/2001/384 694/2002/370 690/2003/370 686/2004/370 682/2005/385 684/2006/386 688/2007/370 692/2008/370
f 725/2009/312 729/571/165 731/570/164 727/2010/312 723/2011/312 719/2012/312 715/513/172 713/512/171 717/2013/312 721/2014/312
f 196/2015/387 200/2016/387 204/920/294 202/919/293 198/2017/387 194/2018/387 190/665/219 192/664/218
f 852/2019/388 856/2020/389 854/2021/390 850/2022/388 846/2023/388 842/2024/388 838/597/143 840/596/142 844/2025/388 848/2026/388
f 316/2027/391 320/2028/228 318/2029/227 314/2030/391 310/2031/391 306/2032/391 302/371/115 304/370/114 308/2033/391 312/2034/391
f 1525/2035/229 1529/2036/229 1533/2037/229 1537/2038/229 1539/2039/229 1535/2040/229 1531/2041/229 1527/2042/229 1523/2043/392 1521/2044/393
f 620/2045/113 624/2046/114 622/2047/115 618/2048/113 614/2049/113 610/2050/113 606/1007/318 608/1006/317 612/2051/113 616/2052/113
f 752/2053/240 756/2054/112 754/2055/394 750/2056/240 746/2057/240 742/2058/395 744/2059/396 748/2060/240
f 313/2061/397 317/2062/397 321/2063/397 325/280/71 327/279/70 323/2064/397 319/2065/397 315/2066/397 311/2067/139 309/2068/140
f 1248/2069/305 1252/2070/305 1256/2071/398 1254/2072/399 1250/2073/305 1246/2074/305 1242/2075/305 1238/2076/305 1234/944/303 1236/943/302 1240/2077/305 1244/2078/305
f 456/2079/239 460/2080/239 464/2081/239 468/1988/374 466/1987/375 462/2082/239 458/2083/239 454/2084/239 450/347/107 452/346/106
f 664/2085/400 668/2086/401 666/2087/402 662/2088/400 658/2089/400 654/697/226 656/696/225 660/2090/400
f 712/2091/403 716/928/299 714/927/298 710/2092/403 706/2093/403 702/2094/403 698/2001/384 700/2000/383 704/2095/403 708/2096/403
f 892/2097/105 896/2098/105 900/1962/106 898/1961/107 894/2099/105 890/2100/105 886/2101/105 882/2102/105 878/855/108 880/854/109 884/2103/105 888/2104/105
f 536/2105/204 540/2106/204 544/308/86 542/307/85 538/2107/204 534/2108/204 530/739/205 532/738/206
f 636/2109/217 640/702/228 638/701/227 634/2110/217 630/2111/217 626/2112/217 622/2047/115 624/2046/114 628/2113/217 632/2114/217
f 808/2115/404 812/1003/315 810/1002/314 806/2116/404 802/2117/404 798/2118/404 794/2119/405 796/2120/406 800/2121/404 804/2122/404
f 1120/2123/407 1124/2124/407 1128/2125/407 1132/789/257 1130/788/256 1126/2126/407 1122/2127/407 1118/2128/407 1114/2129/407 1110/2130/408 1112/2131/409 1116/2132/407
f 1117/2133/304 1121/2134/304 1125/2135/304 1129/2136/410 1131/2137/411 1127/2138/304 1123/2139/304 1119/2140/304 1115/2141/304 1111/607/198 1109/606/197 1113/2142/304
f 1280/2143/412 1284/2144/413 1282/2145/414 1278/2146/412 1274/2147/412 1270/2148/415 1272/2149/416 1276/2150/412
f 545/2151/417 549/2152/417 553/500/169 555/499/168 551/2153/417 547/2154/417 543/548/183 541/547/182
f 920/2155/379 924/2156/379 928/2157/379 932/2158/418 930/2159/419 926/2160/379 922/2161/379 918/2162/379 914/1957/375 916/1956/374
f 1008/2163/313 1012/2164/313 1016/2165/196 1014/2166/195 1010/2167/313 1006/2168/313 1002/2169/420 1004/2170/421
f 469/2171/77 473/2172/77 477/2173/77 481/836/78 483/835/79 479/2174/77 475/2175/77 471/2176/77 467/331/97 465/330/96
f 1188/2177/422 1192/722/235 1190/721/234 1186/2178/422 1182/2179/422 1178/2180/422 1174/1018/323 1176/1017/322 1180/2181/422 1184/2182/422
f 677/2183/423 681/324/94 683/323/93 679/2184/423 675/2185/424 673/2186/425
f 789/2187/312 793/652/213 795/651/212 791/2188/312 787/2189/312 783/2190/312 779/641/172 777/640/171 781/2191/312 785/2192/312
f 1288/2193/239 1292/2194/239 1296/2195/239 1300/2196/206 1298/2197/205 1294/2198/239 1290/2199/239 1286/2200/239 1282/2145/414 1284/2144/413
f 776/2201/426 780/2202/427 778/2203/428 774/2204/426 770/2205/429 772/2206/430
f 1100/2207/326 1104/2208/326 1108/2209/326 1112/2131/409 1110/2130/408 1106/2210/326 1102/2211/326 1098/2212/326 1094/443/143 1096/442/142
f 740/2213/431 744/2059/396 742/2058/395 738/2214/431 734/2215/431 730/923/297 732/922/296 736/2216/431
f 1060/2217/422 1064/2218/235 1062/2219/234 1058/2220/422 1054/2221/422 1050/2222/422 1046/2223/193 1048/2224/194 1052/2225/422 1056/2226/422
f 760/2227/110 764/2228/110 768/2229/110 772/2206/430 770/2205/429 766/2230/110 762/2231/110 758/2232/110 754/2055/394 756/2054/112
f 1076/2233/432 1080/448/145 1078/447/144 1074/2234/432 1070/2235/432 1066/2236/432 1062/2219/234 1064/2218/235 1068/2237/432 1072/2238/432
f 936/2239/433 940/2240/434 938/2241/435 934/2242/433 930/2159/419 932/2158/418
f 1044/2243/388 1048/2224/194 1046/2223/193 1042/2244/388 1038/2245/388 1034/2246/388 1030/2247/143 1032/2248/142 1036/2249/388 1040/2250/388
f 253/2251/100 257/2252/170 259/2253/102 255/2254/100 251/2255/100 247/2256/278 245/2257/279 249/2258/100
f 792/2259/295 796/2120/406 794/2119/405 790/2260/295 786/2261/295 782/2262/295 778/2203/428 780/2202/427 784/2263/295 788/2264/295
f 617/2265/258 621/2266/258 625/2267/258 629/510/119 631/509/103 627/2268/258 623/2269/258 619/2270/258 615/2271/120 613/2272/121
f 860/2273/436 864/860/277 862/859/276 858/2274/436 854/2021/390 856/2020/389
f 269/2275/95 273/2276/199 275/2277/200 271/2278/95 267/2279/95 263/2280/95 259/2253/102 257/2252/170 261/2281/95 265/2282/95
f 217/2283/304 221/2284/304 225/2285/304 229/2286/304 233/2287/410 235/2288/411 231/2289/304 227/2290/304 223/2291/304 219/2292/304 215/286/74 213/285/73
f 805/2293/437 809/2294/437 813/2295/437 817/2296/437 821/2297/438 823/2298/439 819/2299/437 815/2300/437 811/2301/437 807/2302/437 803/649/211 801/648/210
f 1160/2303/440 1164/1022/325 1162/1021/324 1158/2304/440 1154/2305/440 1150/783/255 1152/782/254 1156/2306/440
f 1020/2307/141 1024/2308/141 1028/2309/141 1032/2248/142 1030/2247/143 1026/2310/141 1022/2311/141 1018/2312/141 1014/2166/195 1016/2165/196
f 1316/2313/113 1320/2314/113 1324/2315/113 1328/1032/109 1326/1031/108 1322/2316/113 1318/2317/113 1314/2318/113 1310/2319/116 1312/2320/117
f 1464/2321/110 1468/2322/110 1472/2323/110 1476/2324/441 1474/2325/442 1470/2326/110 1466/2327/110 1462/2328/110 1458/2329/111 1460/2330/112
f 277/2331/380 281/2332/380 285/2333/380 289/2334/380 293/2335/443 295/2336/444 291/2337/380 287/2338/380 283/2339/380 279/2340/380 275/2277/200 273/2276/199
f 1360/2341/239 1364/961/307 1362/960/306 1358/2342/239 1354/2343/239 1350/2344/239 1346/1026/107 1348/1025/106 1352/2345/239 1356/2346/239
f 1137/2347/133 1141/866/279 1143/865/278 1139/2348/133 1135/2349/133 1131/2137/411 1129/2136/410 1133/2350/133
f 1456/2351/240 1460/2330/112 1458/2329/111 1454/2352/240 1450/2353/240 1446/577/192 1448/576/191 1452/2354/240
f 1073/2355/258 1077/430/140 1079/429/139 1075/2356/258 1071/2357/258 1067/2358/258 1063/755/245 1061/754/244 1065/2359/258 1069/2360/258
f 1268/2361/432 1272/2149/416 1270/2148/415 1266/2362/432 1262/2363/432 1258/2364/432 1254/2072/399 1256/2071/398 1260/2365/432 1264/2366/432
f 1500/2367/305 1504/2368/305 1508/2369/305 1512/751/242 1510/750/241 1506/2370/305 1502/2371/305 1498/2372/305 1494/2373/305 1490/2374/306 1492/2375/307 1496/2376/305
f 400/2377/292 404/2378/292 408/2379/292 412/2380/292 416/938/252 414/937/251 410/2381/292 406/2382/292 402/2383/292 398/2384/292 394/476/158 396/475/157
f 653/2385/95 657/2386/96 659/2387/97 655/2388/95 651/2389/95 647/2390/95 643/506/102 641/505/170 645/2391/95 649/2392/95
f 297/2393/258 301/2394/258 305/2395/258 309/2068/140 311/2067/139 307/2396/258 303/2397/258 299/2398/258 295/2336/444 293/2335/443
f 680/2399/404 684/2006/386 682/2005/385 678/2400/404 674/2401/404 670/2402/404 666/2087/402 668/2086/401 672/2403/404 676/2404/404
f 937/2405/269 941/678/222 943/677/221 939/2406/269 935/2407/269 931/587/79 929/586/78 933/2408/269
f 1480/2409/239 1484/2410/239 1488/2411/239 1492/2375/307 1490/2374/306 1486/2412/239 1482/2413/239 1478/2414/239 1474/2325/442 1476/2324/441
f 825/2415/138 829/2416/138 833/2417/138 837/438/71 839/437/70 835/2418/138 831/2419/138 827/2420/138 823/2298/439 821/2297/438
f 996/2421/82 1000/2422/82 1004/2170/421 1002/2169/420 998/2423/82 994/2424/82 990/2425/445 992/2426/446
f 141/2427/95 145/1968/267 147/1967/268 143/2428/95 139/2429/95 135/2430/95 131/2431/95 129/2432/95 133/2433/95 137/2434/95
f 1365/2435/376 1369/2436/376 1373/2437/447 1375/2438/448 1371/2439/376 1367/2440/376 1363/825/268 1361/824/267
f 988/2441/284 992/2426/446 990/2425/445 986/2442/284 982/2443/284 978/2444/284 974/401/129 976/400/128 980/2445/284 984/2446/284
f 1308/2447/204 1312/2320/117 1310/2319/116 1306/2448/204 1302/2449/204 1298/2197/205 1300/2196/206 1304/2450/204
f 1313/2451/132 1317/690/121 1319/689/120 1315/2452/132 1311/2453/132 1307/2454/132 1303/2455/449 1301/2456/450 1305/2457/132 1309/2458/132
f 517/2459/87 521/554/185 523/553/184 519/2460/87 515/2461/87 511/2462/87 507/540/88 505/539/89 509/2463/87 513/2464/87
f 1293/2465/451 1297/2466/451 1301/2456/450 1303/2455/449 1299/2467/451 1295/2468/451 1291/523/175 1289/522/174
f 581/2469/452 585/2470/452 589/2471/453 591/2472/454 587/2473/452 583/2474/452 579/2475/452 575/2476/452 571/495/167 569/494/166 573/2477/452 577/2478/452
f 601/2479/455 605/2480/455 609/2481/455 613/2272/121 615/2271/120 611/2482/455 607/2483/455 603/2484/455 599/2485/456 597/2486/457
f 1412/2487/458 1416/1047/328 1414/1046/327 1410/2488/458 1406/2489/458 1402/801/261 1404/800/260 1408/2490/458
f 1389/2491/459 1393/469/155 1395/468/154 1391/2492/459 1387/2493/459 1383/2494/459 1379/2495/459 1375/2438/448 1373/2437/447 1377/2496/459 1381/2497/459 1385/2498/459
f 241/2499/460 245/2257/279 247/2256/278 243/2500/460 239/2501/460 235/2288/411 233/2287/410 237/2502/460
f 409/2503/376 413/2504/291 415/2505/290 411/2506/376 407/2507/376 403/2508/461 401/2509/462 405/2510/376
f 324/2511/127 328/2512/127 332/2513/127 336/900/128 334/899/129 330/2514/127 326/2515/127 322/2516/127 318/2029/227 320/2028/228
f 661/2517/77 665/2518/77 669/2519/77 673/2186/425 675/2185/424 671/2520/77 667/2521/77 663/2522/77 659/2387/97 657/2386/96
f 353/2523/455 357/978/121 359/977/120 355/2524/455 351/2525/455 347/2526/455 343/275/69 341/274/68 345/2527/455 349/2528/455
f 593/2529/463 597/2486/457 599/2485/456 595/2530/463 591/2472/454 589/2471/453
f 425/2531/287 429/886/283 431/885/282 427/2532/287 423/2533/287 419/2534/287 415/2505/290 413/2504/291 417/2535/287 421/2536/287
f 901/2537/95 905/2538/95 909/2539/95 913/592/96 915/591/97 911/2540/95 907/2541/95 903/2542/95 899/534/102 897/533/101
f 944/2543/253 948/2544/253 952/2545/253 956/2546/253 960/406/131 958/405/130 954/2547/253 950/2548/253 946/2549/253 942/2550/253 938/2241/435 940/2240/434
f 397/2551/223 401/2509/462 403/2508/461 399/2552/223 395/2553/223 391/2554/464 389/2555/465 393/2556/223
f 377/2557/397 381/2558/397 385/2559/397 389/2555/465 391/2554/464 387/2560/397 383/2561/397 379/2562/397 375/973/139 373/972/140
f 1517/2563/466 1521/2044/393 1523/2043/392 1519/2564/466 1515/2565/466 1511/1993/382 1509/1992/381 1513/2566/466
f 132/2567/467 131/2568/467 135/2569/468 136/2570/469
f 136/2571/469 135/2572/468 139/2573/470 140/2574/471
f 140/2574/471 139/2573/470 143/2575/472 144/2576/473
f 144/2576/473 143/2575/472 147/2577/474 148/2578/475
f 148/2578/475 147/2577/474 151/2579/476 152/2580/477
f 152/2581/477 151/2582/476 155/2583/478 156/2584/479
f 156/2584/479 155/2583/478 159/2585/480 160/2586/481
f 160/2586/481 159/2585/480 163/2587/482 164/2588/483
f 164/2588/483 163/2587/482 167/2589/484 168/2590/485
f 168/2591/485 167/2592/484 171/2593/486 172/2594/487
f 172/2594/487 171/2593/486 175/2595/488 176/2596/489
f 176/2596/489 175/2595/488 179/2597/490 180/2598/491
f 180/2598/491 179/2597/490 183/2599/492 184/2600/493
f 184/2601/493 183/2602/492 187/2603/494 188/2604/495
f 188/2604/495 187/2603/494 191/2605/496 192/2606/497
f 192/2606/497 191/2605/496 195/2607/498 196/2608/499
f 196/2608/499 195/2607/498 199/2609/468 200/2610/469
f 200/2611/469 199/2612/468 203/2613/470 204/2614/471
f 204/2614/471 203/2613/470 207/2615/472 208/2616/473
f 208/2616/473 207/2615/472 211/2617/474 212/2618/475
f 212/2618/475 211/2617/474 215/2619/476 216/2620/477
f 216/2621/477 215/2622/476 219/2623/478 220/2624/479
f 220/2624/479 219/2623/478 223/2625/480 224/2626/481
f 224/2626/481 223/2625/480 227/2627/482 228/2628/483
f 228/2628/483 227/2627/482 231/2629/484 232/2630/485
f 232/2631/485 231/2632/484 235/2633/486 236/2634/487
f 236/2634/487 235/2633/486 239/2635/488 240/2636/489
f 240/2636/489 239/2635/488 243/2637/490 244/2638/491
f 244/2638/491 243/2637/490 247/2639/492 248/2640/493
f 248/2641/493 247/2642/492 251/2643/494 252/2644/495
f 252/2644/495 251/2643/494 255/2645/496 256/2646/497
f 256/2646/497 255/2645/496 259/2647/498 260/2648/499
f 260/2648/499 259/2647/498 263/2649/500 264/2650/469
f 264/2651/469 263/2652/500 267/2653/470 268/2654/471
f 268/2654/471 267/2653/470 271/2655/472 272/2656/473
f 272/2656/473 271/2655/472 275/2657/474 276/2658/475
f 276/2658/475 275/2657/474 279/2659/476 280/2660/477
f 280/2661/477 279/2662/476 283/2663/478 284/2664/479
f 284/2664/479 283/2663/478 287/2665/480 288/2666/481
f 288/2666/481 287/2665/480 291/2667/482 292/2668/483
f 292/2668/483 291/2667/482 295/2669/501 296/2670/485
f 296/2671/485 295/2672/501 299/2673/486 300/2674/487
f 300/2674/487 299/2673/486 303/2675/488 304/2676/489
f 304/2676/489 303/2675/488 307/2677/490 308/2678/491
f 308/2678/491 307/2677/490 311/2679/502 312/2680/493
f 312/2681/493 311/2682/502 315/2683/494 316/2684/495
f 316/2684/495 315/2683/494 319/2685/496 320/2686/497
f 320/2686/497 319/2685/496 323/2687/498 324/2688/499
f 324/2688/499 323/2687/498 327/2689/500 328/2690/469
f 328/2691/469 327/2692/500 331/2693/470 332/2694/471
f 332/2694/471 331/2693/470 335/2695/472 336/2696/473
f 336/2696/473 335/2695/472 339/2697/474 340/2698/475
f 340/2698/475 339/2697/474 343/2699/503 344/2700/477
f 344/2701/477 343/2702/503 347/2703/478 348/2704/479
f 348/2704/479 347/2703/478 351/2705/480 352/2706/481
f 352/2706/481 351/2705/480 355/2707/482 356/2708/483
f 356/2708/483 355/2707/482 359/2709/501 360/2710/485
f 360/2711/485 359/2712/501 363/2713/486 364/2714/487
f 364/2714/487 363/2713/486 367/2715/488 368/2716/489
f 368/2716/489 367/2715/488 371/2717/490 372/2718/491
f 372/2718/491 371/2717/490 375/2719/502 376/2720/493
f 376/2721/493 375/2722/502 379/2723/494 380/2724/495
f 380/2724/495 379/2723/494 383/2725/496 384/2726/497
f 384/2726/497 383/2725/496 387/2727/498 388/2728/499
f 388/2728/499 387/2727/498 391/2729/500 392/2730/469
f 392/2731/469 391/2732/500 395/2733/470 396/2734/471
f 396/2734/471 395/2733/470 399/2735/472 400/2736/473
f 400/2736/473 399/2735/472 403/2737/474 404/2738/475
f 404/2738/475 403/2737/474 407/2739/503 408/2740/477
f 408/2741/477 407/2742/503 411/2743/478 412/2744/479
f 412/2744/479 411/2743/478 415/2745/480 416/2746/481
f 416/2746/481 415/2745/480 419/2747/482 420/2748/483
f 420/2748/483 419/2747/482 423/2749/501 424/2750/485
f 424/2751/485 423/2752/501 427/2753/486 428/2754/487
f 428/2754/487 427/2753/486 431/2755/488 432/2756/489
f 432/2756/489 431/2755/488 435/2757/490 436/2758/491
f 436/2758/491 435/2757/490 439/2759/502 440/2760/493
f 440/2761/493 439/2762/502 443/2763/494 444/2764/495
f 444/2764/495 443/2763/494 447/2765/496 448/2766/497
f 448/2766/497 447/2765/496 451/2767/498 452/2768/499
f 452/2768/499 451/2767/498 455/2769/500 456/2770/469
f 456/2771/469 455/2772/500 459/2773/470 460/2774/471
f 460/2774/471 459/2773/470 463/2775/472 464/2776/473
f 464/2776/473 463/2775/472 467/2777/474 468/2778/475
f 468/2778/475 467/2777/474 471/2779/503 472/2780/477
f 472/2781/477 471/2782/503 475/2783/478 476/2784/479
f 476/2784/479 475/2783/478 479/2785/480 480/2786/481
f 480/2786/481 479/2785/480 483/2787/482 484/2788/483
f 484/2788/483 483/2787/482 487/2789/501 488/2790/485
f 488/2791/485 487/2792/501 491/2793/486 492/2794/487
f 492/2794/487 491/2793/486 495/2795/488 496/2796/489
f 496/2796/489 495/2795/488 499/2797/490 500/2798/491
f 500/2798/491 499/2797/490 503/2799/502 504/2800/493
f 504/2801/493 503/2802/502 507/2803/494 508/2804/495
f 508/2804/495 507/2803/494 511/2805/496 512/2806/497
f 512/2806/497 511/2805/496 515/2807/498 516/2808/499
f 516/2808/499 515/2807/498 519/2809/500 520/2810/469
f 520/2811/469 519/2812/500 523/2813/470 524/2814/471
f 524/2814/471 523/2813/470 527/2815/472 528/2816/473
f 528/2816/473 527/2815/472 531/2817/474 532/2818/475
f 532/2818/475 531/2817/474 535/2819/503 536/2820/477
f 536/2821/477 535/2822/503 539/2823/478 540/2824/479
f 540/2824/479 539/2823/478 543/2825/480 544/2826/481
f 544/2826/481 543/2825/480 547/2827/482 548/2828/483
f 548/2828/483 547/2827/482 551/2829/501 552/2830/485
f 552/2831/485 551/2832/501 555/2833/486 556/2834/487
f 556/2834/487 555/2833/486 559/2835/488 560/2836/489
f 560/2836/489 559/2835/488 563/2837/490 564/2838/491
f 564/2838/491 563/2837/490 567/2839/502 568/2840/493
f 568/2841/493 567/2842/502 571/2843/494 572/2844/495
f 572/2844/495 571/2843/494 575/2845/496 576/2846/497
f 576/2846/497 575/2845/496 579/2847/498 580/2848/499
f 580/2848/499 579/2847/498 583/2849/500 584/2850/469
f 584/2851/469 583/2852/500 587/2853/470 588/2854/471
f 588/2854/471 587/2853/470 591/2855/472 592/2856/473
f 592/2856/473 591/2855/472 595/2857/474 596/2858/475
f 596/2858/475 595/2857/474 599/2859/503 600/2860/477
f 600/2861/477 599/2862/503 603/2863/478 604/2864/479
f 604/2864/479 603/2863/478 607/2865/480 608/2866/481
f 608/2866/481 607/2865/480 611/2867/482 612/2868/483
f 612/2868/483 611/2867/482 615/2869/501 616/2870/485
f 616/2871/485 615/2872/501 619/2873/486 620/2874/487
f 620/2874/487 619/2873/486 623/2875/488 624/2876/489
f 624/2876/489 623/2875/488 627/2877/490 628/2878/491
f 628/2878/491 627/2877/490 631/2879/502 632/2880/493
f 632/2881/493 631/2882/502 635/2883/494 636/2884/495
f 636/2884/495 635/2883/494 639/2885/496 640/2886/497
f 640/2886/497 639/2885/496 643/2887/498 644/2888/499
f 644/2888/499 643/2887/498 647/2889/500 648/2890/469
f 648/2891/469 647/2892/500 651/2893/470 652/2894/471
f 652/2894/471 651/2893/470 655/2895/472 656/2896/473
f 656/2896/473 655/2895/472 659/2897/474 660/2898/475
f 660/2898/475 659/2897/474 663/2899/503 664/2900/477
f 664/2901/477 663/2902/503 667/2903/478 668/2904/479
f 668/2904/479 667/2903/478 671/2905/480 672/2906/481
f 672/2906/481 671/2905/480 675/2907/482 676/2908/483
f 676/2908/483 675/2907/482 679/2909/501 680/2910/485
f 680/2911/485 679/2912/501 683/2913/486 684/2914/487
f 684/2914/487 683/2913/486 687/2915/488 688/2916/489
f 688/2916/489 687/2915/488 691/2917/490 692/2918/491
f 692/2918/491 691/2917/490 695/2919/502 696/2920/493
f 696/2921/493 695/2922/502 699/2923/494 700/2924/495
f 700/2924/495 699/2923/494 703/2925/496 704/2926/497
f 704/2926/497 703/2925/496 707/2927/498 708/2928/499
f 708/2928/499 707/2927/498 711/2929/500 712/2930/469
f 712/2931/469 711/2932/500 715/2933/470 716/2934/471
f 716/2934/471 715/2933/470 719/2935/472 720/2936/473
f 720/2936/473 719/2935/472 723/2937/474 724/2938/475
f 724/2938/475 723/2937/474 727/2939/503 728/2940/477
f 728/2941/477 727/2942/503 731/2943/478 732/2944/479
f 732/2944/479 731/2943/478 735/2945/480 736/2946/481
f 736/2946/481 735/2945/480 739/2947/482 740/2948/483
f 740/2948/483 739/2947/482 743/2949/501 744/2950/485
f 744/2951/485 743/2952/501 747/2953/486 748/2954/487
f 748/2954/487 747/2953/486 751/2955/488 752/2956/489
f 752/2956/489 751/2955/488 755/2957/490 756/2958/491
f 756/2958/491 755/2957/490 759/2959/502 760/2960/493
f 760/2961/493 759/2962/502 763/2963/494 764/2964/495
f 764/2964/495 763/2963/494 767/2965/496 768/2966/497
f 768/2966/497 767/2965/496 771/2967/498 772/2968/499
f 772/2968/499 771/2967/498 775/2969/500 776/2970/469
f 776/2971/469 775/2972/500 779/2973/470 780/2974/471
f 780/2974/471 779/2973/470 783/2975/472 784/2976/473
f 784/2976/473 783/2975/472 787/2977/474 788/2978/475
f 788/2978/475 787/2977/474 791/2979/503 792/2980/477
f 792/2981/477 791/2982/503 795/2983/478 796/2984/479
f 796/2984/479 795/2983/478 799/2985/480 800/2986/481
f 800/2986/481 799/2985/480 803/2987/482 804/2988/483
f 804/2988/483 803/2987/482 807/2989/501 808/2990/485
f 808/2991/485 807/2992/501 811/2993/486 812/2994/487
f 812/2994/487 811/2993/486 815/2995/488 816/2996/489
f 816/2996/489 815/2995/488 819/2997/490 820/2998/491
f 820/2998/491 819/2997/490 823/2999/502 824/3000/493
f 824/3001/493 823/3002/502 827/3003/494 828/3004/495
f 828/3004/495 827/3003/494 831/3005/496 832/3006/497
f 832/3006/497 831/3005/496 835/3007/498 836/3008/499
f 836/3008/499 835/3007/498 839/3009/500 840/3010/469
f 840/3011/469 839/3012/500 843/3013/470 844/3014/471
f 844/3014/471 843/3013/470 847/3015/472 848/3016/473
f 848/3016/473 847/3015/472 851/3017/474 852/3018/475
f 852/3018/475 851/3017/474 855/3019/503 856/3020/477
f 856/3021/477 855/3022/503 859/3023/478 860/3024/479
f 860/3024/479 859/3023/478 863/3025/480 864/3026/481
f 864/3026/481 863/3025/480 867/3027/482 868/3028/483
f 868/3028/483 867/3027/482 871/3029/501 872/3030/485
f 872/3031/485 871/3032/501 875/3033/486 876/3034/487
f 876/3034/487 875/3033/486 879/3035/488 880/3036/489
f 880/3036/489 879/3035/488 883/3037/490 884/3038/491
f 884/3038/491 883/3037/490 887/3039/502 888/3040/493
f 888/3041/493 887/3042/502 891/3043/494 892/3044/495
f 892/3044/495 891/3043/494 895/3045/496 896/3046/497
f 896/3046/497 895/3045/496 899/3047/498 900/3048/499
f 900/3048/499 899/3047/498 903/3049/500 904/3050/469
f 904/3051/469 903/3052/500 907/3053/470 908/3054/471
f 908/3054/471 907/3053/470 911/3055/472 912/3056/473
f 912/3056/473 911/3055/472 915/3057/474 916/3058/475
f 916/3058/475 915/3057/474 919/3059/503 920/3060/477
f 920/3061/477 919/3062/503 923/3063/478 924/3064/479
f 924/3064/479 923/3063/478 927/3065/480 928/3066/481
f 928/3066/481 927/3065/480 931/3067/482 932/3068/483
f 932/3068/483 931/3067/482 935/3069/501 936/3070/485
f 936/3071/485 935/3072/501 939/3073/486 940/3074/487
f 940/3074/487 939/3073/486 943/3075/488 944/3076/489
f 944/3076/489 943/3075/488 947/3077/490 948/3078/491
f 948/3078/491 947/3077/490 951/3079/502 952/3080/493
f 952/3081/493 951/3082/502 955/3083/494 956/3084/495
f 956/3084/495 955/3083/494 959/3085/496 960/3086/497
f 960/3086/497 959/3085/496 963/3087/498 964/3088/499
f 964/3088/499 963/3087/498 967/3089/500 968/3090/469
f 968/3091/469 967/3092/500 971/3093/470 972/3094/471
f 972/3094/471 971/3093/470 975/3095/472 976/3096/473
f 976/3096/473 975/3095/472 979/3097/474 980/3098/475
f 980/3098/475 979/3097/474 983/3099/503 984/3100/477
f 984/3101/477 983/3102/503 987/3103/478 988/3104/479
f 988/3104/479 987/3103/478 991/3105/480 992/3106/481
f 992/3106/481 991/3105/480 995/3107/482 996/3108/483
f 996/3108/483 995/3107/482 999/3109/501 1000/3110/485
f 1000/3111/485 999/3112/501 1003/3113/486 1004/3114/487
f 1004/3114/487 1003/3113/486 1007/3115/488 1008/3116/489
f 1008/3116/489 1007/3115/488 1011/3117/490 1012/3118/491
f 1012/3118/491 1011/3117/490 1015/3119/502 1016/3120/493
f 1016/3121/493 1015/3122/502 1019/3123/494 1020/3124/495
f 1020/3124/495 1019/3123/494 1023/3125/496 1024/3126/497
f 1024/3126/497 1023/3125/496 1027/3127/498 1028/3128/499
f 1028/3128/499 1027/3127/498 1031/3129/500 1032/3130/469
f 1032/3131/469 1031/3132/500 1035/3133/470 1036/3134/471
f 1036/3134/471 1035/3133/470 1039/3135/472 1040/3136/473
f 1040/3136/473 1039/3135/472 1043/3137/474 1044/3138/475
f 1044/3138/475 1043/3137/474 1047/3139/503 1048/3140/477
f 1048/3141/477 1047/3142/503 1051/3143/478 1052/3144/479
f 1052/3144/479 1051/3143/478 1055/3145/480 1056/3146/481
f 1056/3146/481 1055/3145/480 1059/3147/482 1060/3148/483
f 1060/3148/483 1059/3147/482 1063/3149/501 1064/3150/485
f 1064/3151/485 1063/3152/501 1067/3153/486 1068/3154/487
f 1068/3154/487 1067/3153/486 1071/3155/488 1072/3156/489
f 1072/3156/489 1071/3155/488 1075/3157/490 1076/3158/491
f 1076/3158/491 1075/3157/490 1079/3159/502 1080/3160/493
f 1080/3161/493 1079/3162/502 1083/3163/494 1084/3164/495
f 1084/3164/495 1083/3163/494 1087/3165/496 1088/3166/497
f 1088/3166/497 1087/3165/496 1091/3167/498 1092/3168/499
f 1092/3168/499 1091/3167/498 1095/3169/500 1096/3170/469
f 1096/3171/469 1095/3172/500 1099/3173/470 1100/3174/471
f 1100/3174/471 1099/3173/470 1103/3175/472 1104/3176/473
f 1104/3176/473 1103/3175/472 1107/3177/474 1108/3178/475
f 1108/3178/475 1107/3177/474 1111/3179/503 1112/3180/477
f 1112/3181/477 1111/3182/503 1115/3183/478 1116/3184/479
f 1116/3184/479 1115/3183/478 1119/3185/480 1120/3186/481
f 1120/3186/481 1119/3185/480 1123/3187/482 1124/3188/483
f 1124/3188/483 1123/3187/482 1127/3189/501 1128/3190/485
f 1128/3191/485 1127/3192/501 1131/3193/486 1132/3194/487
f 1132/3194/487 1131/3193/486 1135/3195/488 1136/3196/489
f 1136/3196/489 1135/3195/488 1139/3197/490 1140/3198/491
f 1140/3198/491 1139/3197/490 1143/3199/502 1144/3200/493
f 1144/3201/493 1143/3202/502 1147/3203/494 1148/3204/495
f 1148/3204/495 1147/3203/494 1151/3205/496 1152/3206/497
f 1152/3206/497 1151/3205/496 1155/3207/498 1156/3208/499
f 1156/3208/499 1155/3207/498 1159/3209/500 1160/3210/469
f 1160/3211/469 1159/3212/500 1163/3213/470 1164/3214/471
f 1164/3214/471 1163/3213/470 1167/3215/472 1168/3216/473
f 1168/3216/473 1167/3215/472 1171/3217/474 1172/3218/475
f 1172/3218/475 1171/3217/474 1175/3219/503 1176/3220/477
f 1176/3221/477 1175/3222/503 1179/3223/478 1180/3224/479
f 1180/3224/479 1179/3223/478 1183/3225/480 1184/3226/481
f 1184/3226/481 1183/3225/480 1187/3227/482 1188/3228/483
f 1188/3228/483 1187/3227/482 1191/3229/501 1192/3230/485
f 1192/3231/485 1191/3232/501 1195/3233/486 1196/3234/487
f 1196/3234/487 1195/3233/486 1199/3235/488 1200/3236/489
f 1200/3236/489 1199/3235/488 1203/3237/490 1204/3238/491
f 1204/3238/491 1203/3237/490 1207/3239/502 1208/3240/493
f 1208/3241/493 1207/3242/502 1211/3243/494 1212/3244/495
f 1212/3244/495 1211/3243/494 1215/3245/496 1216/3246/497
f 1216/3246/497 1215/3245/496 1219/3247/498 1220/3248/499
f 1220/3248/499 1219/3247/498 1223/3249/500 1224/3250/469
f 1224/3251/469 1223/3252/500 1227/3253/470 1228/3254/471
f 1228/3254/471 1227/3253/470 1231/3255/472 1232/3256/473
f 1232/3256/473 1231/3255/472 1235/3257/474 1236/3258/475
f 1236/3258/475 1235/3257/474 1239/3259/503 1240/3260/477
f 1240/3261/477 1239/3262/503 1243/3263/478 1244/3264/479
f 1244/3264/479 1243/3263/478 1247/3265/480 1248/3266/481
f 1248/3266/481 1247/3265/480 1251/3267/482 1252/3268/483
f 1252/3268/483 1251/3267/482 1255/3269/501 1256/3270/485
f 1256/3271/485 1255/3272/501 1259/3273/486 1260/3274/487
f 1260/3274/487 1259/3273/486 1263/3275/488 1264/3276/489
f 1264/3276/489 1263/3275/488 1267/3277/490 1268/3278/491
f 1268/3278/491 1267/3277/490 1271/3279/502 1272/3280/493
f 1272/3281/493 1271/3282/502 1275/3283/494 1276/3284/495
f 1276/3284/495 1275/3283/494 1279/3285/496 1280/3286/497
f 1280/3286/497 1279/3285/496 1283/3287/498 1284/3288/499
f 1284/3288/499 1283/3287/498 1287/3289/500 1288/3290/469
f 1288/3291/469 1287/3292/500 1291/3293/470 1292/3294/471
f 1292/3294/471 1291/3293/470 1295/3295/472 1296/3296/473
f 1296/3296/473 1295/3295/472 1299/3297/474 1300/3298/475
f 1300/3298/475 1299/3297/474 1303/3299/503 1304/3300/477
f 1304/3301/477 1303/3302/503 1307/3303/478 1308/3304/504
f 1308/3304/504 1307/3303/478 1311/3305/480 1312/3306/481
f 1312/3306/481 1311/3305/480 1315/3307/482 1316/3308/483
f 1316/3308/483 1315/3307/482 1319/3309/501 1320/3310/485
f 1320/3311/485 1319/3312/501 1323/3313/486 1324/3314/487
f 1324/3314/487 1323/3313/486 1327/3315/488 1328/3316/489
f 1328/3316/489 1327/3315/488 1331/3317/490 1332/3318/491
f 1332/3318/491 1331/3317/490 1335/3319/502 1336/3320/493
f 1336/3321/493 1335/3322/502 1339/3323/494 1340/3324/495
f 1340/3324/495 1339/3323/494 1343/3325/496 1344/3326/497
f 1344/3326/497 1343/3325/496 1347/3327/498 1348/3328/499
f 1348/3328/499 1347/3327/498 1351/3329/500 1352/3330/469
f 1352/3331/469 1351/3332/500 1355/3333/470 1356/3334/471
f 1356/3334/471 1355/3333/470 1359/3335/472 1360/3336/473
f 1360/3336/473 1359/3335/472 1363/3337/474 1364/3338/475
f 1364/3338/475 1363/3337/474 1367/3339/503 1368/3340/477
f 1368/3341/477 1367/3342/503 1371/3343/478 1372/3344/479
f 1372/3344/479 1371/3343/478 1375/3345/480 1376/3346/481
f 1376/3346/481 1375/3345/480 1379/3347/482 1380/3348/483
f 1380/3348/483 1379/3347/482 1383/3349/501 1384/3350/485
f 1384/3351/485 1383/3352/501 1387/3353/486 1388/3354/487
f 1388/3354/487 1387/3353/486 1391/3355/488 1392/3356/489
f 1392/3356/489 1391/3355/488 1395/3357/490 1396/3358/491
f 1396/3358/491 1395/3357/490 1399/3359/502 1400/3360/493
f 1400/3361/493 1399/3362/502 1403/3363/494 1404/3364/495
f 1404/3364/495 1403/3363/494 1407/3365/496 1408/3366/497
f 1408/3366/497 1407/3365/496 1411/3367/498 1412/3368/499
f 1412/3368/499 1411/3367/498 1415/3369/500 1416/3370/469
f 1416/3371/469 1415/3372/500 1419/3373/470 1420/3374/505
f 1420/3374/505 1419/3373/470 1423/3375/472 1424/3376/473
f 1424/3376/473 1423/3375/472 1427/3377/474 1428/3378/475
f 1428/3378/475 1427/3377/474 1431/3379/503 1432/3380/477
f 1432/3381/477 1431/3382/503 1435/3383/478 1436/3384/479
f 1436/3384/479 1435/3383/478 1439/3385/480 1440/3386/481
f 1440/3386/481 1439/3385/480 1443/3387/482 1444/3388/483
f 1444/3388/483 1443/3387/482 1447/3389/501 1448/3390/485
f 1448/3391/485 1447/3392/501 1451/3393/486 1452/3394/506
f 1452/3394/506 1451/3393/486 1455/3395/488 1456/3396/489
f 1456/3396/489 1455/3395/488 1459/3397/490 1460/3398/491
f 1460/3398/491 1459/3397/490 1463/3399/502 1464/3400/493
f 1464/3401/493 1463/3402/502 1467/3403/494 1468/3404/507
f 1468/3404/507 1467/3403/494 1471/3405/496 1472/3406/497
f 1472/3406/497 1471/3405/496 1475/3407/498 1476/3408/499
f 1476/3408/499 1475/3407/498 1479/3409/500 1480/3410/469
f 1480/3411/469 1479/3412/500 1483/3413/470 1484/3414/471
f 1484/3414/471 1483/3413/470 1487/3415/472 1488/3416/473
f 1488/3416/473 1487/3415/472 1491/3417/474 1492/3418/475
f 1492/3418/475 1491/3417/474 1495/3419/503 1496/3420/477
f 1496/3421/477 1495/3422/503 1499/3423/478 1500/3424/504
f 1500/3424/504 1499/3423/478 1503/3425/480 1504/3426/481
f 1504/3426/481 1503/3425/480 1507/3427/482 1508/3428/483
f 1508/3428/483 1507/3427/482 1511/3429/501 1512/3430/485
f 1512/3431/485 1511/3432/501 1515/3433/486 1516/3434/506
f 1516/3434/506 1515/3433/486 1519/3435/488 1520/3436/489
f 1520/3436/489 1519/3435/488 1523/3437/490 1524/3438/491
f 1524/3438/491 1523/3437/490 1527/3439/502 1528/3440/493
f 1528/3441/493 1527/3442/502 1531/3443/494 1532/3444/495
f 1532/3444/495 1531/3443/494 1535/3445/496 1536/3446/497
f 1536/3446/497 1535/3445/496 1539/3447/508 1540/3448/508
