# Blender 4.3.2
# www.blender.org
v -24.960121 6.298601 11.242400
v -24.666920 6.290501 9.935700
v -23.946320 5.516101 10.137900
v -23.749821 6.301701 11.010000
v -22.736221 5.321701 10.106400
v -22.596420 6.303601 10.572000
v -21.531822 5.282801 9.837900
v -21.445419 6.306001 10.138700
v -20.342819 5.275701 9.516300
v -20.279720 6.308801 9.757200
v -19.152020 5.275701 9.213600
v -19.099319 6.311700 9.433900
v -17.953922 5.275200 8.950200
v -17.909119 6.313900 9.155100
v -16.750622 5.274601 8.720900
v -16.712021 6.315600 8.910800
v -15.543121 5.274500 8.519300
v -15.508621 6.317101 8.698099
v -14.329422 5.273500 8.356000
v -14.298920 6.318700 8.520799
v -13.111919 5.274301 8.217700
v -13.082520 6.321701 8.381799
v -11.897320 5.284201 8.042500
v -11.865822 6.328500 8.224999
v -10.686420 5.274100 7.842100
v -10.694920 6.331400 7.865499
v -9.598120 5.297901 7.272999
v -9.582621 6.341801 7.348199
v -8.419521 5.272300 7.623499
v -8.397421 6.328101 7.653100
v -7.193420 5.268100 7.728199
v -7.181120 6.322900 7.802499
v -5.964621 5.260100 7.742700
v -5.955820 6.313200 7.805399
v -4.735720 5.269701 7.710100
v -4.729921 6.324800 7.770500
v -3.509220 5.275701 7.678299
v -3.506821 6.329401 7.713500
v -2.283020 5.277801 7.670300
v -2.284021 6.330700 7.689400
v -1.056620 5.277000 7.690599
v -1.061121 6.330600 7.713600
v 0.170179 5.275200 7.729599
v 0.160780 6.329501 7.783999
v 1.397379 5.268900 7.797599
v 1.382980 6.323901 7.881700
v 2.629080 5.260301 7.812799
v 2.612480 6.315900 7.862199
v 3.829880 5.275401 7.539500
v 3.800079 6.334800 7.562399
v 4.853180 5.319700 6.855400
v 4.835079 6.363400 6.901999
v 5.938280 5.314701 7.434700
v 5.980879 6.362401 7.336100
v 7.085380 5.322300 7.879700
v 7.057480 6.380500 7.925900
v 8.286380 5.331501 8.138800
v 8.240080 6.382700 8.255899
v 9.492880 5.339900 8.369500
v 9.443979 6.388900 8.498399
v 10.699280 5.347800 8.596300
v 10.647380 6.395000 8.737099
v 11.903279 5.356101 8.829200
v 11.846379 6.401000 8.988299
v 13.101580 5.363901 9.084800
v 13.038679 6.406301 9.260999
v 14.292379 5.371201 9.370900
v 14.221780 6.410901 9.565099
v 15.473879 5.379801 9.691600
v 15.391880 6.415301 9.910599
v 16.649580 5.391401 10.036900
v 16.546080 6.419401 10.302999
v 17.830379 5.415801 10.376500
v 17.686378 6.424201 10.733699
v 19.027180 5.469101 10.667300
v 18.822979 6.430501 11.176799
v 20.242380 5.591501 10.843600
v 19.972580 6.439001 11.597299
v 21.431379 5.868801 10.824700
v 21.160679 6.448401 11.913099
v 22.396879 6.451701 10.596599
v 22.391880 6.452201 11.924799
v -24.150421 6.284000 8.700400
v -23.805721 5.355900 8.822700
v -22.897419 4.711401 9.021200
v -21.705521 4.437901 9.050100
v -20.479420 4.341101 8.909700
v -19.261322 4.306500 8.700000
v -18.047020 4.291700 8.482200
v -16.832321 4.282600 8.281500
v -15.616322 4.276101 8.100300
v -14.396721 4.269701 7.951200
v -13.177219 4.268800 7.806000
v -11.976120 4.305501 7.556799
v -10.755722 4.232000 7.618299
v -9.618820 4.255701 7.161300
v -8.421021 4.226201 7.432099
v -7.192421 4.237000 7.443299
v -5.965820 4.227901 7.465600
v -4.739420 4.237300 7.439899
v -3.512920 4.240000 7.434000
v -2.286421 4.240000 7.441999
v -1.059320 4.239100 7.461800
v 0.168680 4.239100 7.484300
v 1.397779 4.238400 7.510099
v 2.625879 4.219901 7.577400
v 3.849079 4.219501 7.436100
v 4.882080 4.277501 6.767700
v 5.976080 4.265901 7.331500
v 7.165879 4.283700 7.645000
v 8.379979 4.305601 7.834000
v 9.593479 4.322701 8.025800
v 10.805980 4.337601 8.224400
v 12.016479 4.352301 8.434900
v 13.224279 4.369000 8.661200
v 14.427279 4.387500 8.912200
v 15.630579 4.417400 9.172000
v 16.839680 4.469000 9.416800
v 18.057178 4.564701 9.613300
v 19.274679 4.742501 9.719400
v 20.449780 5.064701 9.692600
v 21.461679 5.616401 9.521400
v 22.082380 6.441700 9.308499
v -23.656021 6.277501 7.462100
v -23.436520 5.324501 7.538300
v -22.821922 4.489800 7.708099
v -21.814419 3.931300 7.870399
v -20.627922 3.636201 7.915100
v -19.399021 3.496001 7.847700
v -18.168221 3.426600 7.722300
v -16.940521 3.387901 7.579500
v -15.714821 3.362401 7.440300
v -14.490520 3.346101 7.311100
v -13.266220 3.327101 7.200399
v -12.058620 3.361201 6.975999
v -10.844120 3.266001 7.073400
v -9.622620 3.210001 7.071800
v -8.401621 3.214401 7.042200
v -7.188421 3.268101 6.914400
v -5.966120 3.246300 6.972199
v -4.741720 3.254200 6.956200
v -3.516220 3.252100 6.967000
v -2.290020 3.248900 6.985700
v -1.063120 3.247401 7.005499
v 0.163979 3.248501 7.022099
v 1.390879 3.253100 7.028800
v 2.617680 3.246300 7.057099
v 3.835480 3.178101 7.197700
v 4.928480 3.234401 6.639800
v 6.076080 3.235501 7.072599
v 7.291880 3.292300 7.201700
v 8.511780 3.332901 7.326099
v 9.730780 3.367900 7.468599
v 10.949479 3.399101 7.626900
v 12.167879 3.432600 7.795700
v 13.384080 3.466401 7.987100
v 14.602579 3.518101 8.174600
v 15.824579 3.598001 8.346900
v 17.048779 3.725401 8.481500
v 18.263880 3.932501 8.549600
v 19.436680 4.264300 8.524300
v 20.490379 4.776600 8.395800
v 21.283379 5.511500 8.201500
v 21.670479 6.427300 8.052199
v -23.223320 6.271801 6.205500
v -23.045921 5.313100 6.263700
v -22.579620 4.418100 6.391399
v -21.765121 3.693201 6.556700
v -20.697021 3.199501 6.685299
v -19.508522 2.904901 6.731600
v -18.281422 2.737100 6.704800
v -17.046722 2.638100 6.635800
v -15.812721 2.573000 6.551800
v -14.580521 2.529001 6.464800
v -13.349922 2.485600 6.392700
v -12.120522 2.441700 6.329300
v -10.892822 2.406301 6.294900
v -9.666920 2.335901 6.321900
v -8.434820 2.327501 6.308500
v -7.206621 2.349801 6.255700
v -5.977520 2.344600 6.269200
v -4.749420 2.345701 6.272900
v -3.521120 2.341400 6.289300
v -2.292721 2.336300 6.311800
v -1.064520 2.334701 6.331300
v 0.162779 2.336101 6.346600
v 1.388979 2.339000 6.355700
v 2.614780 2.357301 6.336700
v 3.827679 2.287000 6.470500
v 5.037680 2.186301 6.622100
v 6.255980 2.264900 6.585700
v 7.442180 2.451900 6.408900
v 8.653480 2.442400 6.617400
v 9.876880 2.504301 6.711100
v 11.100280 2.559201 6.828400
v 12.324579 2.619900 6.954300
v 13.550079 2.696701 7.082300
v 14.777479 2.799201 7.202300
v 16.003281 2.948101 7.295800
v 17.216879 3.169000 7.342400
v 18.393080 3.496201 7.322800
v 19.480379 3.970100 7.226900
v 20.388680 4.625801 7.068399
v 20.995279 5.464200 6.900899
v 21.246580 6.412100 6.801400
v -22.855919 6.267701 4.931499
v -22.691021 5.307401 4.981900
v -22.289021 4.392701 5.085499
v -21.601921 3.589700 5.227099
v -20.659019 2.961900 5.368800
v -19.546822 2.524801 5.468500
v -18.351719 2.242501 5.509600
v -17.125320 2.062201 5.503600
v -15.889820 1.941000 5.471400
v -14.652519 1.853100 5.430000
v -13.415821 1.778000 5.393700
v -12.180122 1.702900 5.371400
v -10.943420 1.657300 5.348900
v -9.707321 1.603700 5.355600
v -8.469721 1.576200 5.363800
v -7.232821 1.560700 5.366300
v -5.995821 1.552700 5.378500
v -4.760721 1.547800 5.392500
v -3.526720 1.541400 5.412700
v -2.293720 1.536000 5.436200
v -1.061720 1.533400 5.457900
v 0.169779 1.535000 5.472900
v 1.401480 1.531800 5.491400
v 2.633179 1.525000 5.515200
v 3.862980 1.505100 5.566900
v 5.091879 1.459700 5.648700
v 6.324479 1.485500 5.681600
v 7.551780 1.585300 5.659800
v 8.779579 1.668700 5.710200
v 10.006080 1.760000 5.767200
v 11.234579 1.851000 5.839400
v 12.464479 1.950701 5.920500
v 13.694380 2.074000 5.999800
v 14.920780 2.236201 6.065200
v 16.135281 2.459701 6.100700
v 17.318779 2.772901 6.089800
v 18.435280 3.208101 6.021500
v 19.423979 3.795201 5.898200
v 20.198380 4.547400 5.745200
v 20.671579 5.438701 5.612400
v 20.851879 6.397300 5.541200
v -22.534920 6.263401 3.646399
v -22.382519 5.301001 3.690099
v -22.012119 4.377501 3.779800
v -21.397320 3.538400 3.902400
v -20.547421 2.834600 4.034700
v -19.513821 2.294900 4.148000
v -18.365822 1.913000 4.221600
v -17.161121 1.652600 4.254100
v -15.933319 1.471900 4.258200
v -14.697121 1.338800 4.249100
v -13.458519 1.231600 4.238800
v -12.219421 1.137600 4.234000
v -10.978821 1.068100 4.232500
v -9.738022 1.009200 4.245000
v -8.496220 0.968100 4.264700
v -7.254221 0.934900 4.285200
v -6.011820 0.914300 4.308200
v -4.770321 0.900900 4.330600
v -3.529821 0.891000 4.354800
v -2.290020 0.885300 4.378900
v -1.050520 0.882100 4.401400
v 0.188879 0.878700 4.421700
v 1.428379 0.872000 4.443600
v 2.668280 0.863000 4.470600
v 3.908680 0.864900 4.499900
v 5.149879 0.871100 4.534100
v 6.391580 0.904200 4.561100
v 7.632179 0.966800 4.576000
v 8.869780 1.063200 4.610900
v 10.104879 1.174000 4.649600
v 11.338679 1.294700 4.695900
v 12.571079 1.432000 4.746400
v 13.799580 1.599500 4.793000
v 15.017779 1.815700 4.824000
v 16.212080 2.105901 4.824600
v 17.356279 2.498700 4.782100
v 18.407080 3.021500 4.692400
v 19.302780 3.691300 4.565800
v 19.970779 4.503500 4.429999
v 20.365179 5.419900 4.322800
v 20.511379 6.382401 4.264999
v -22.251320 6.258800 2.353199
v -22.112221 5.294700 2.391500
v -21.761719 4.365800 2.471400
v -21.190319 3.507800 2.580500
v -20.404621 2.759600 2.700900
v -19.435619 2.152600 2.812000
v -18.334721 1.696000 2.896300
v -17.157120 1.369600 2.947200
v -15.942421 1.137600 2.971600
v -14.711819 0.966300 2.981600
v -13.474621 0.832000 2.987200
v -12.234722 0.721200 2.994000
v -10.992519 0.634600 3.004000
v -9.748821 0.566700 3.023400
v -8.503820 0.517600 3.047900
v -7.258320 0.478400 3.073300
v -6.012421 0.453300 3.099400
v -4.766420 0.436300 3.124100
v -3.520521 0.424800 3.149600
v -2.274521 0.418400 3.174100
v -1.028620 0.414400 3.197000
v 0.217279 0.409500 3.218600
v 1.463280 0.404600 3.239800
v 2.709480 0.402900 3.262700
v 3.956179 0.413000 3.287000
v 5.202780 0.435200 3.311200
v 6.448779 0.475500 3.333700
v 7.693780 0.535500 3.352000
v 8.934779 0.632700 3.383300
v 10.173479 0.750200 3.415500
v 11.409579 0.887100 3.450000
v 12.641580 1.049000 3.485000
v 13.865479 1.249200 3.514100
v 15.072279 1.507800 3.526400
v 16.243380 1.851800 3.508900
v 17.346378 2.308900 3.452000
v 18.334579 2.899000 3.356700
v 19.152779 3.625400 3.237000
v 19.744280 4.473500 3.117900
v 20.089779 5.403300 3.026900
v 20.223980 6.367400 2.974900
v -21.999821 6.254300 1.052700
v -21.870220 5.288900 1.088000
v -21.537922 4.354800 1.159900
v -20.998920 3.483700 1.258900
v -20.258121 2.707900 1.369400
v -19.338219 2.056800 1.473800
v -18.278221 1.546600 1.558400
v -17.126820 1.170200 1.616000
v -15.926422 0.898800 1.650000
v -14.702621 0.699900 1.669800
v -13.468220 0.548600 1.683500
v -12.228420 0.430100 1.695700
v -10.985119 0.340100 1.709400
v -9.739319 0.274500 1.729800
v -8.492220 0.228400 1.753300
v -7.244421 0.197000 1.777300
v -5.996220 0.182200 1.800200
v -4.748020 0.169400 1.823600
v -3.499821 0.161800 1.848100
v -2.251621 0.156800 1.872100
v -1.003321 0.155700 1.894000
v 0.244980 0.151500 1.915600
v 1.493280 0.150400 1.935900
v 2.741779 0.151100 1.958500
v 3.990179 0.155400 1.984200
v 5.238579 0.171700 2.009600
v 6.486480 0.206100 2.033600
v 7.733680 0.255900 2.056700
v 8.977579 0.341800 2.088700
v 10.218180 0.454700 2.119700
v 11.454780 0.594800 2.150000
v 12.685080 0.768400 2.178100
v 13.903580 0.989100 2.198600
v 15.098379 1.278600 2.202000
v 16.246380 1.665100 2.176600
v 17.309679 2.173700 2.115000
v 18.241680 2.815300 2.021800
v 18.996279 3.582000 1.911300
v 19.541779 4.450600 1.804000
v 19.864880 5.386400 1.720600
v 19.978979 6.352800 1.674700
v -21.780621 6.249900 -0.254800
v -21.662621 5.283100 -0.222100
v -21.342819 4.345100 -0.154900
v -20.822620 3.465800 -0.062500
v -20.117321 2.670100 0.039500
v -19.238220 1.985700 0.136700
v -18.212719 1.435800 0.217100
v -17.084122 1.022200 0.275100
v -15.896320 0.723100 0.312400
v -14.678520 0.507900 0.336300
v -13.445919 0.352500 0.353100
v -12.205921 0.240800 0.366400
v -10.961319 0.166800 0.379600
v -9.714420 0.123800 0.397200
v -8.466820 0.099400 0.417300
v -7.218920 0.099400 0.439000
v -5.971020 0.099400 0.459800
v -4.723221 0.099400 0.482100
v -3.475021 0.099500 0.506300
v -2.226620 0.099400 0.529900
v -0.978220 0.099400 0.551600
v 0.270180 0.099400 0.573100
v 1.518480 0.099400 0.593600
v 2.766680 0.099400 0.616600
v 4.014879 0.099300 0.642100
v 5.262379 0.099300 0.668700
v 6.509979 0.099300 0.695300
v 7.757380 0.114500 0.724200
v 9.003079 0.168200 0.759200
v 10.245580 0.259000 0.792100
v 11.483179 0.387300 0.822200
v 12.712279 0.559800 0.848100
v 13.926180 0.790300 0.865400
v 15.110380 1.101100 0.865600
v 16.236879 1.521200 0.838300
v 17.263180 2.071900 0.777300
v 18.147280 2.752300 0.689500
v 18.849380 3.549200 0.586800
v 19.364279 4.430200 0.486500
v 19.670780 5.370500 0.408600
v 19.771179 6.338300 0.366100
v -21.592022 6.245500 -1.568900
v -21.476021 5.278000 -1.536300
v -21.166622 4.336900 -1.471700
v -20.667122 3.448700 -1.385200
v -19.990219 2.637700 -1.289200
v -19.144119 1.928600 -1.199200
v -18.147919 1.347500 -1.124800
v -17.038422 0.906100 -1.069800
v -15.860321 0.588900 -1.032700
v -14.646122 0.368400 -1.008000
v -13.413822 0.220900 -0.990500
v -12.172222 0.133700 -0.977700
v -10.926319 0.099300 -0.965600
v -9.679520 0.099400 -0.948700
v -8.433020 0.099400 -0.928800
v -7.186020 0.099400 -0.905700
v -5.939020 0.099400 -0.884500
v -4.692621 0.099400 -0.862300
v -3.446320 0.099400 -0.837900
v -2.200020 0.099400 -0.814300
v -0.953720 0.099400 -0.793100
v 0.291679 0.099400 -0.770900
v 1.537079 0.099400 -0.750800
v 2.783880 0.099300 -0.726900
v 4.030880 0.099300 -0.701600
v 5.277479 0.099300 -0.676200
v 6.523680 0.099300 -0.650200
v 7.769679 0.099300 -0.620900
v 9.015779 0.099200 -0.586200
v 10.260779 0.143300 -0.551400
v 11.500480 0.243900 -0.520100
v 12.730379 0.403000 -0.494000
v 13.941779 0.633600 -0.477100
v 15.118179 0.956800 -0.476200
v 16.226379 1.402400 -0.501300
v 17.218279 1.989200 -0.558900
v 18.060379 2.700800 -0.641400
v 18.730179 3.515900 -0.739300
v 19.212679 4.409500 -0.834000
v 19.498878 5.354500 -0.907800
v 19.588079 6.323400 -0.948100
v -21.434521 6.240200 -2.889500
v -21.309021 5.272500 -2.854800
v -21.007420 4.328700 -2.790300
v -20.529621 3.431900 -2.708300
v -19.877522 2.607600 -2.617200
v -19.060219 1.878000 -2.533800
v -18.090019 1.271200 -2.466500
v -16.995022 0.810000 -2.416700
v -15.822819 0.483300 -2.381900
v -14.609322 0.266200 -2.357800
v -13.375122 0.139900 -2.340700
v -12.131622 0.099300 -2.327600
v -10.886620 0.099400 -2.313700
v -9.641720 0.099400 -2.294900
v -8.396820 0.099400 -2.274600
v -7.151920 0.099400 -2.250700
v -5.906820 0.099400 -2.228900
v -4.661720 0.099500 -2.206900
v -3.417921 0.099400 -2.182000
v -2.174021 0.099400 -2.158600
v -0.930220 0.099400 -2.136800
v 0.313780 0.099400 -2.115200
v 1.557880 0.099400 -2.094000
v 2.801380 0.099300 -2.070500
v 4.046080 0.099300 -2.045800
v 5.290680 0.099300 -2.021500
v 6.535179 0.099300 -1.995700
v 7.779579 0.099200 -1.966800
v 9.024179 0.099200 -1.935000
v 10.268680 0.099200 -1.901900
v 11.511080 0.150400 -1.869900
v 12.743179 0.286000 -1.843100
v 13.954780 0.507900 -1.824900
v 15.127279 0.834300 -1.821000
v 16.223280 1.295600 -1.840400
v 17.184879 1.911800 -1.892400
v 17.981380 2.654800 -1.971200
v 18.619579 3.485900 -2.065100
v 19.077879 4.388600 -2.156500
v 19.345079 5.337800 -2.228301
v 19.421780 6.307900 -2.266600
v -21.261219 6.233699 -4.209001
v -21.159721 5.262400 -4.177401
v -20.860920 4.318099 -4.109701
v -20.398422 3.415600 -4.029601
v -19.784119 2.571900 -3.944900
v -18.996719 1.822100 -3.867200
v -18.044819 1.197700 -3.808000
v -16.957619 0.726500 -3.764800
v -15.787319 0.398900 -3.733600
v -14.573421 0.190800 -3.711000
v -13.336319 0.099300 -3.693800
v -12.093319 0.099400 -3.678600
v -10.850121 0.099400 -3.662000
v -9.606821 0.099400 -3.641200
v -8.363121 0.099400 -3.620700
v -7.121120 0.099400 -3.595400
v -5.878420 0.099500 -3.573500
v -4.635521 0.099400 -3.550200
v -3.392721 0.099400 -3.526300
v -2.150320 0.099400 -3.502300
v -0.907320 0.099400 -3.480600
v 0.335680 0.099400 -3.458600
v 1.577679 0.099300 -3.437900
v 2.819580 0.099300 -3.414200
v 4.061180 0.099300 -3.390100
v 5.302780 0.099300 -3.366900
v 6.545779 0.099300 -3.341400
v 7.788779 0.099200 -3.313100
v 9.031779 0.099200 -3.284000
v 10.274579 0.099200 -3.253500
v 11.516979 0.099200 -3.223400
v 12.752279 0.202600 -3.196300
v 13.965980 0.409800 -3.176700
v 15.138479 0.730800 -3.168600
v 16.230179 1.194900 -3.179100
v 17.152081 1.847900 -3.224100
v 17.941080 2.595700 -3.300500
v 18.474180 3.471500 -3.385500
v 18.940880 4.370299 -3.479500
v 19.192480 5.321300 -3.551001
v 19.265280 6.291699 -3.588001
v -20.750019 6.203499 -5.437400
v -20.928322 5.240799 -5.488501
v -20.811821 4.272999 -5.435501
v -20.258621 3.404700 -5.348500
v -19.605721 2.583699 -5.263800
v -18.943420 1.765900 -5.199600
v -18.017319 1.120600 -5.149400
v -16.928219 0.654900 -5.114500
v -15.757420 0.333800 -5.088000
v -14.540821 0.143100 -5.066500
v -13.301819 0.099300 -5.048100
v -12.060619 0.099400 -5.029900
v -10.819321 0.099400 -5.010600
v -9.578321 0.099400 -4.987700
v -8.336721 0.099400 -4.965600
v -7.095121 0.099400 -4.940700
v -5.854221 0.099400 -4.917700
v -4.612921 0.099400 -4.893700
v -3.371521 0.099400 -4.870400
v -2.130020 0.099400 -4.846000
v -0.888121 0.099400 -4.824800
v 0.353680 0.099300 -4.803400
v 1.595179 0.099300 -4.781600
v 2.836580 0.099300 -4.758100
v 4.077679 0.099300 -4.734300
v 5.319380 0.099300 -4.711100
v 6.560379 0.099200 -4.687100
v 7.801479 0.099200 -4.660000
v 9.042879 0.099200 -4.632800
v 10.283879 0.099200 -4.605200
v 11.524179 0.099200 -4.578400
v 12.761979 0.145800 -4.551800
v 13.976279 0.340700 -4.531400
v 15.148180 0.655900 -4.519900
v 16.238279 1.115600 -4.522100
v 17.064680 1.834900 -4.552600
v 17.721680 2.653200 -4.611400
v 18.508379 3.400100 -4.709401
v 18.866579 4.329000 -4.807001
v 19.053480 5.290699 -4.875700
v 19.076180 6.266399 -4.905100
v -19.807922 6.120200 -6.373500
v -20.044022 5.172100 -6.481300
v -20.381920 4.254399 -6.692600
v -20.338520 3.285000 -6.662400
v -19.775322 2.420300 -6.562800
v -18.958019 1.688200 -6.528200
v -18.000622 1.070799 -6.492700
v -16.908722 0.610600 -6.467600
v -15.735020 0.297000 -6.444700
v -14.514221 0.125200 -6.423400
v -13.274021 0.099400 -6.402600
v -12.033119 0.099400 -6.381500
v -10.792019 0.099400 -6.359600
v -9.551821 0.099400 -6.334700
v -8.311520 0.099400 -6.310700
v -7.071020 0.099500 -6.286100
v -5.830521 0.099400 -6.262300
v -4.589420 0.099400 -6.238100
v -3.348120 0.099400 -6.214600
v -2.107220 0.099400 -6.190200
v -0.865820 0.099300 -6.169400
v 0.375679 0.099300 -6.147200
v 1.616480 0.099300 -6.125600
v 2.857580 0.099300 -6.101900
v 4.098679 0.099300 -6.077900
v 5.338980 0.099200 -6.055900
v 6.579280 0.099200 -6.033200
v 7.820680 0.099200 -6.007400
v 9.062180 0.099200 -5.981600
v 10.303980 0.099200 -5.957700
v 11.545480 0.099100 -5.933300
v 12.785979 0.131800 -5.908900
v 14.004680 0.316100 -5.888300
v 15.179279 0.630700 -5.873000
v 16.282379 1.077100 -5.865000
v 17.275179 1.661800 -5.849900
v 18.083580 2.405499 -5.846300
v 18.497780 3.312999 -6.030200
v 18.672680 4.277800 -6.124801
v 18.745279 5.253399 -6.174000
v 18.719580 6.231100 -6.186700
v -20.012821 6.170899 -7.686201
v -19.818722 5.219100 -7.792901
v -19.696121 4.256400 -7.833001
v -19.690521 3.288100 -7.824000
v -19.826221 2.325700 -7.881600
v -18.997921 1.602099 -7.857300
v -17.995422 1.030799 -7.837500
v -16.891220 0.589399 -7.821700
v -15.714619 0.282899 -7.802100
v -14.492722 0.116599 -7.780600
v -13.252422 0.099399 -7.757400
v -12.012020 0.099399 -7.733300
v -10.771221 0.099399 -7.708600
v -9.531321 0.099399 -7.681800
v -8.290321 0.099499 -7.655700
v -7.049221 0.099399 -7.631500
v -5.808620 0.099399 -7.606900
v -4.567421 0.099399 -7.582400
v -3.325821 0.099399 -7.558800
v -2.084520 0.099399 -7.534800
v -0.843220 0.099299 -7.514200
v 0.397379 0.099299 -7.491600
v 1.637880 0.099299 -7.469700
v 2.878780 0.099299 -7.445800
v 4.119379 0.099299 -7.422100
v 5.359379 0.099199 -7.400800
v 6.599380 0.099199 -7.378500
v 7.840179 0.099199 -7.354700
v 9.081079 0.099199 -7.330900
v 10.322280 0.099199 -7.310200
v 11.563179 0.099099 -7.288400
v 12.803080 0.130599 -7.266100
v 14.022679 0.308199 -7.245600
v 15.196179 0.622399 -7.226600
v 16.298479 1.067199 -7.209800
v 17.302479 1.636899 -7.186400
v 18.150980 2.346600 -7.161600
v 17.950880 3.301899 -7.241400
v 17.920280 4.270100 -7.227601
v 17.957979 5.236499 -7.252201
v 18.055479 6.197700 -7.335500
v -20.672020 6.176099 -8.838500
v -20.617622 5.199699 -8.862300
v -20.469219 4.230199 -8.918200
v -20.200619 3.282399 -9.052100
v -19.780422 2.371799 -9.199900
v -18.980721 1.621199 -9.192800
v -17.983021 1.042199 -9.183800
v -16.875820 0.601999 -9.176100
v -15.698021 0.294899 -9.159700
v -14.477020 0.119799 -9.137900
v -13.236122 0.099399 -9.112300
v -11.994820 0.099399 -9.085200
v -10.753422 0.099399 -9.057700
v -9.512421 0.099499 -9.028800
v -8.271421 0.099399 -9.000800
v -7.030420 0.099399 -8.976400
v -5.789221 0.099399 -8.951500
v -4.547920 0.099399 -8.926800
v -3.306620 0.099399 -8.903200
v -2.065720 0.099299 -8.879400
v -0.824221 0.099299 -8.859200
v 0.416979 0.099299 -8.835700
v 1.658579 0.099299 -8.813900
v 2.900179 0.099299 -8.789700
v 4.139879 0.099199 -8.765200
v 5.380779 0.099199 -8.745300
v 6.619780 0.099199 -8.723700
v 7.860880 0.099199 -8.702000
v 9.101879 0.099199 -8.680300
v 10.343180 0.099099 -8.662200
v 11.584379 0.099099 -8.643300
v 12.824180 0.142199 -8.623200
v 14.042480 0.326599 -8.602700
v 15.212780 0.648899 -8.579800
v 16.300579 1.115499 -8.552900
v 17.259579 1.731499 -8.514800
v 18.090479 2.455099 -8.477500
v 18.652979 3.319599 -8.370300
v 18.679579 4.289500 -8.321600
v 18.322380 5.203800 -8.532300
v 18.023779 6.137300 -8.663500
v -20.930721 6.201599 -10.142300
v -20.865021 5.228799 -10.173500
v -20.620422 4.275699 -10.238800
v -20.004620 3.438099 -10.352500
v -19.401421 2.595199 -10.437700
v -18.860119 1.728099 -10.511500
v -17.949322 1.072099 -10.528900
v -16.847820 0.629199 -10.530000
v -15.672321 0.322399 -10.516800
v -14.456219 0.133999 -10.495100
v -13.217819 0.099399 -10.466800
v -11.977921 0.099399 -10.437200
v -10.737022 0.099399 -10.406500
v -9.495821 0.099499 -10.375900
v -8.255121 0.099399 -10.346400
v -7.014021 0.099399 -10.321300
v -5.772921 0.099399 -10.295600
v -4.532320 0.099399 -10.271100
v -3.291021 0.099399 -10.247500
v -2.049320 0.099299 -10.223500
v -0.807720 0.099299 -10.204400
v 0.434679 0.099299 -10.180000
v 1.676880 0.099299 -10.157800
v 2.919079 0.099199 -10.133600
v 4.160379 0.099199 -10.109400
v 5.402479 0.099199 -10.090100
v 6.643979 0.099199 -10.069600
v 7.885579 0.099199 -10.049100
v 9.127480 0.099099 -10.029300
v 10.369379 0.099099 -10.014100
v 11.611079 0.099099 -9.997600
v 12.849079 0.165199 -9.979900
v 14.063279 0.366399 -9.959000
v 15.230879 0.695599 -9.932000
v 16.313980 1.169999 -9.895000
v 17.222179 1.830299 -9.840100
v 17.898479 2.640299 -9.766900
v 18.595181 3.441599 -9.685600
v 19.091879 4.332199 -9.586200
v 19.220079 5.300699 -9.509700
v 19.011080 6.262799 -9.546100
v -21.049820 6.210699 -11.467900
v -21.004620 5.238999 -11.499200
v -20.756420 4.285699 -11.564500
v -20.306721 3.378399 -11.648400
v -19.650620 2.553399 -11.745600
v -18.877819 1.793899 -11.837300
v -17.936222 1.157099 -11.873800
v -16.836021 0.705799 -11.881400
v -15.660019 0.392799 -11.871600
v -14.444519 0.191999 -11.850500
v -13.208321 0.099399 -11.821500
v -11.966019 0.099399 -11.788900
v -10.722820 0.099499 -11.755200
v -9.479820 0.099399 -11.722500
v -8.236820 0.099399 -11.692500
v -6.993620 0.099399 -11.666200
v -5.752420 0.099399 -11.640100
v -4.510021 0.099399 -11.614700
v -3.267521 0.099299 -11.590700
v -2.025120 0.099299 -11.567000
v -0.782520 0.099299 -11.548300
v 0.459980 0.099299 -11.523700
v 1.702480 0.099299 -11.500800
v 2.944979 0.099199 -11.477000
v 4.186880 0.099199 -11.452300
v 5.430080 0.099199 -11.434500
v 6.673180 0.099199 -11.415300
v 7.916980 0.099199 -11.396100
v 9.160580 0.099099 -11.378000
v 10.403979 0.099099 -11.364900
v 11.647280 0.103099 -11.351600
v 12.881880 0.218699 -11.335000
v 14.094079 0.434299 -11.312700
v 15.260980 0.769599 -11.281200
v 16.344679 1.245299 -11.236100
v 17.287680 1.876899 -11.172100
v 18.020979 2.658399 -11.090000
v 18.556480 3.530899 -11.007000
v 19.040379 4.421499 -10.910100
v 19.398680 5.349599 -10.828500
v 19.506779 6.320599 -10.780701
v -21.176422 6.237499 -12.788400
v -21.085320 5.268999 -12.826500
v -20.828022 4.319199 -12.893000
v -20.377422 3.414999 -12.979700
v -19.723320 2.590899 -13.077000
v -18.899921 1.865999 -13.166300
v -17.927322 1.258999 -13.213700
v -16.823620 0.808999 -13.229700
v -15.647121 0.491599 -13.223500
v -14.433422 0.276899 -13.203500
v -13.200321 0.146599 -13.174900
v -11.957619 0.099499 -13.140400
v -10.712921 0.099399 -13.104500
v -9.467720 0.099399 -13.069300
v -8.223621 0.099399 -13.038800
v -6.978720 0.099399 -13.009900
v -5.733521 0.099399 -12.984600
v -4.490021 0.099299 -12.958300
v -3.246021 0.099299 -12.933900
v -2.001921 0.099299 -12.910500
v -0.757820 0.099299 -12.892400
v 0.486080 0.099299 -12.867200
v 1.730080 0.099199 -12.843800
v 2.974779 0.099199 -12.820700
v 4.219379 0.099199 -12.796500
v 5.464380 0.099199 -12.779000
v 6.709880 0.099199 -12.761100
v 7.955079 0.099099 -12.742800
v 9.199980 0.099099 -12.726500
v 10.445080 0.099099 -12.715500
v 11.687380 0.159899 -12.703700
v 12.919680 0.297099 -12.687400
v 14.130280 0.523299 -12.663900
v 15.297480 0.860899 -12.628500
v 16.384380 1.333699 -12.576300
v 17.343180 1.951999 -12.504300
v 18.151279 2.688099 -12.415100
v 18.795280 3.517499 -12.313100
v 19.267879 4.417499 -12.220300
v 19.560980 5.363999 -12.148900
v 19.666979 6.334099 -12.103301
v -21.321922 6.257099 -14.105700
v -21.244522 5.287899 -14.144500
v -20.952122 4.344599 -14.216700
v -20.464321 3.453399 -14.309500
v -19.782822 2.644299 -14.409600
v -18.932320 1.939799 -14.498300
v -17.929321 1.364799 -14.553300
v -16.813221 0.931199 -14.575100
v -15.632519 0.618099 -14.571500
v -14.418819 0.395299 -14.552400
v -13.187721 0.241899 -14.524300
v -11.947422 0.145199 -14.490900
v -10.702522 0.099399 -14.453700
v -9.456421 0.099399 -14.415900
v -8.210421 0.099399 -14.384200
v -6.964821 0.099399 -14.355300
v -5.718021 0.099399 -14.329200
v -4.471321 0.099299 -14.301600
v -3.224720 0.099299 -14.277900
v -1.978220 0.099299 -14.254500
v -0.732220 0.099299 -14.236100
v 0.513880 0.099199 -14.211400
v 1.760080 0.099199 -14.187400
v 3.006279 0.099199 -14.164400
v 4.251980 0.099199 -14.140600
v 5.498480 0.099199 -14.123100
v 6.745480 0.099099 -14.106900
v 7.991980 0.099099 -14.089100
v 9.238779 0.100599 -14.074700
v 10.483979 0.148299 -14.064900
v 11.724580 0.245099 -14.053300
v 12.954880 0.402599 -14.036700
v 14.165580 0.634999 -14.012200
v 15.338280 0.964799 -13.974300
v 16.439280 1.419399 -13.917000
v 17.423380 2.012799 -13.838200
v 18.257179 2.730599 -13.742600
v 18.925379 3.545499 -13.637100
v 19.414579 4.436699 -13.541300
v 19.709480 5.380199 -13.468800
v 19.815279 6.348499 -13.424801
v -21.500519 6.277899 -15.417500
v -21.380421 5.312299 -15.463500
v -21.097420 4.368399 -15.538300
v -20.582321 3.487599 -15.637100
v -19.867920 2.697899 -15.741900
v -18.971821 2.028399 -15.832800
v -17.936821 1.487199 -15.892600
v -16.803619 1.078199 -15.916900
v -15.615322 0.777299 -15.913800
v -14.399120 0.554699 -15.894100
v -13.168621 0.388499 -15.866000
v -11.930122 0.265199 -15.833800
v -10.686920 0.177999 -15.798600
v -9.440720 0.125199 -15.761000
v -8.192921 0.102199 -15.729800
v -6.944820 0.099399 -15.699300
v -5.696920 0.099299 -15.671600
v -4.449221 0.099299 -15.644800
v -3.201521 0.099299 -15.621800
v -1.953920 0.099299 -15.599100
v -0.706320 0.099299 -15.579900
v 0.541079 0.099199 -15.555500
v 1.788479 0.099199 -15.530900
v 3.036179 0.099199 -15.507700
v 4.283979 0.099199 -15.484600
v 5.531479 0.099099 -15.467800
v 6.779079 0.099199 -15.452900
v 8.026380 0.127199 -15.434800
v 9.272579 0.176499 -15.419500
v 10.516179 0.258299 -15.408500
v 11.754680 0.379599 -15.396100
v 12.984679 0.547299 -15.379900
v 14.198580 0.775599 -15.356200
v 15.380779 1.088499 -15.318000
v 16.501280 1.515499 -15.257800
v 17.516180 2.077199 -15.173400
v 18.382879 2.770699 -15.070700
v 19.074980 3.572799 -14.960700
v 19.582880 4.455999 -14.859700
v 19.890379 5.395799 -14.783600
v 20.001780 6.362899 -14.739201
v -21.704021 6.296198 -16.724400
v -21.602219 5.328898 -16.770000
v -21.268719 4.395799 -16.856001
v -20.720821 3.528699 -16.963499
v -19.955322 2.768899 -17.075199
v -19.013222 2.136799 -17.169600
v -17.942619 1.637299 -17.229900
v -16.789322 1.260499 -17.252701
v -15.591019 0.980099 -17.246300
v -14.370522 0.767399 -17.223200
v -13.139019 0.600699 -17.192699
v -11.901619 0.466699 -17.160101
v -10.660622 0.358899 -17.126900
v -9.416821 0.276699 -17.092100
v -8.170021 0.230499 -17.065500
v -6.922421 0.202799 -17.038000
v -5.674620 0.188499 -17.011000
v -4.426821 0.180999 -16.984699
v -3.179121 0.175599 -16.962200
v -1.931421 0.172299 -16.940201
v -0.683720 0.169599 -16.921000
v 0.563879 0.171099 -16.896700
v 1.811480 0.170999 -16.871599
v 3.059179 0.173599 -16.847900
v 4.306980 0.182499 -16.824301
v 5.554779 0.196099 -16.806101
v 6.802179 0.228499 -16.788900
v 8.048679 0.277399 -16.767401
v 9.293579 0.349999 -16.749201
v 10.535379 0.448899 -16.737101
v 11.773080 0.579599 -16.725300
v 13.004580 0.744699 -16.711800
v 14.224279 0.958399 -16.692101
v 15.419079 1.244599 -16.657301
v 16.562679 1.635199 -16.597900
v 17.612679 2.157699 -16.509800
v 18.521080 2.818099 -16.400101
v 19.249979 3.600099 -16.282200
v 19.777380 4.474998 -16.174900
v 20.099680 5.410799 -16.093599
v 20.224279 6.376499 -16.046700
v -21.944122 6.316298 -18.023800
v -21.812622 5.352199 -18.077900
v -21.472820 4.421299 -18.169500
v -20.872021 3.577599 -18.290400
v -20.042919 2.858799 -18.410700
v -19.045620 2.278198 -18.505699
v -17.936420 1.830099 -18.560900
v -16.761021 1.495199 -18.575600
v -15.551319 1.245299 -18.560301
v -14.325520 1.053299 -18.528400
v -13.092419 0.898999 -18.490601
v -11.855621 0.769199 -18.453400
v -10.616722 0.658099 -18.418699
v -9.375921 0.566199 -18.384399
v -8.131620 0.510099 -18.362101
v -6.886320 0.475099 -18.337099
v -5.640720 0.454599 -18.311199
v -4.395220 0.444199 -18.285500
v -3.150221 0.442099 -18.262199
v -1.905521 0.443099 -18.239201
v -0.660721 0.444199 -18.218599
v 0.583979 0.444899 -18.194799
v 1.828680 0.442299 -18.170000
v 3.073780 0.443699 -18.146400
v 4.319180 0.453599 -18.122700
v 5.564480 0.476099 -18.102600
v 6.809480 0.513799 -18.084999
v 8.053780 0.565099 -18.062500
v 9.295879 0.643599 -18.044001
v 10.536079 0.742099 -18.034100
v 11.773279 0.867699 -18.026899
v 13.006980 1.017899 -18.021099
v 14.233379 1.205499 -18.011000
v 15.442679 1.453399 -17.986200
v 16.613079 1.794599 -17.933901
v 17.704679 2.264099 -17.846901
v 18.663280 2.880599 -17.731100
v 19.439079 3.634398 -17.603800
v 20.002680 4.495099 -17.486300
v 20.347080 5.424798 -17.396799
v 20.483179 6.388999 -17.346800
v -22.226521 6.336099 -19.313700
v -22.086819 5.372999 -19.373600
v -21.692822 4.456799 -19.483000
v -21.016922 3.648599 -19.620300
v -20.110722 2.987298 -19.746401
v -19.052219 2.474099 -19.834600
v -17.902920 2.090099 -19.874701
v -16.705219 1.808499 -19.871099
v -15.484619 1.600498 -19.837000
v -14.254520 1.441098 -19.787300
v -13.020920 1.311999 -19.733500
v -11.786022 1.199399 -19.683901
v -10.550220 1.096599 -19.641600
v -9.312620 1.005899 -19.603901
v -8.072321 0.946899 -19.584900
v -6.831320 0.920699 -19.554800
v -5.591320 0.915299 -19.518999
v -4.352121 0.913099 -19.488300
v -3.113720 0.918199 -19.460400
v -1.876320 0.922899 -19.435499
v -0.639521 0.926799 -19.413300
v 0.597179 0.929699 -19.388300
v 1.834379 0.927298 -19.362900
v 3.072779 0.924899 -19.341499
v 4.312979 0.926399 -19.322901
v 5.554279 0.934199 -19.313200
v 6.795580 0.953499 -19.308599
v 8.036280 0.995299 -19.291000
v 9.273879 1.076899 -19.272400
v 10.511279 1.164599 -19.269899
v 11.746679 1.275699 -19.273300
v 12.981279 1.401099 -19.282801
v 14.212979 1.551499 -19.292101
v 15.435780 1.748199 -19.288500
v 16.634079 2.023699 -19.256001
v 17.774179 2.418599 -19.180901
v 18.798779 2.967798 -19.064199
v 19.641180 3.676299 -18.926001
v 20.252279 4.516299 -18.795099
v 20.621180 5.439599 -18.695200
v 20.772779 6.401699 -18.640100
v -22.563721 6.355499 -20.589899
v -22.390621 5.395998 -20.663500
v -21.916222 4.505198 -20.799200
v -21.133121 3.758298 -20.952999
v -20.135521 3.180098 -21.074800
v -19.013020 2.753998 -21.140600
v -17.825821 2.448998 -21.148600
v -16.609020 2.233198 -21.110100
v -15.380920 2.078398 -21.041700
v -14.149719 1.962498 -20.959499
v -12.918720 1.870598 -20.875299
v -11.688919 1.787798 -20.799400
v -10.460819 1.704698 -20.738199
v -9.231520 1.626298 -20.686501
v -8.003220 1.531098 -20.703400
v -6.770121 1.517698 -20.662701
v -5.540720 1.561399 -20.580601
v -4.310421 1.577199 -20.531500
v -3.079521 1.581098 -20.505600
v -1.849020 1.586398 -20.479700
v -0.618921 1.591598 -20.455799
v 0.610580 1.597598 -20.428400
v 1.840179 1.601398 -20.396999
v 3.070179 1.600899 -20.373899
v 4.300880 1.594998 -20.361500
v 5.531780 1.570198 -20.384399
v 6.763780 1.538098 -20.429001
v 7.999680 1.561399 -20.425100
v 9.225479 1.670098 -20.384899
v 10.455879 1.750898 -20.388500
v 11.687180 1.838598 -20.413700
v 12.919180 1.932498 -20.449900
v 14.151879 2.038198 -20.492701
v 15.382780 2.173998 -20.528099
v 16.603779 2.368598 -20.536600
v 17.792679 2.663299 -20.496799
v 18.897680 3.109499 -20.396500
v 19.834980 3.741199 -20.251101
v 20.522980 4.542599 -20.101999
v 20.930979 5.454998 -19.987499
v 21.098179 6.414699 -19.925200
v -22.958721 6.374699 -21.849300
v -22.711521 5.426198 -21.952499
v -22.101822 4.589298 -22.122900
v -21.185619 3.939798 -22.281200
v -20.091820 3.474498 -22.374399
v -18.911621 3.155298 -22.390800
v -17.695820 2.941598 -22.341200
v -16.468719 2.799298 -22.245199
v -15.240421 2.703198 -22.122801
v -14.014320 2.632798 -21.992800
v -12.789719 2.579698 -21.864100
v -11.565922 2.531998 -21.744301
v -10.342220 2.478098 -21.646601
v -9.128021 2.482398 -21.456699
v -7.930820 2.318898 -21.595400
v -6.710220 2.241898 -21.639900
v -5.499521 2.345698 -21.481501
v -4.281321 2.401098 -21.369600
v -3.055321 2.389798 -21.368601
v -1.829121 2.393098 -21.344999
v -0.602720 2.399498 -21.318701
v 0.623280 2.405698 -21.291901
v 1.848579 2.416198 -21.250799
v 3.073980 2.421198 -21.219999
v 4.298679 2.420898 -21.197201
v 5.518080 2.368798 -21.264099
v 6.728780 2.275698 -21.395201
v 7.953979 2.249798 -21.443501
v 9.156879 2.411498 -21.339701
v 10.371280 2.531098 -21.287600
v 11.596080 2.567698 -21.383801
v 12.822680 2.626698 -21.461500
v 14.050980 2.689898 -21.551001
v 15.280880 2.767198 -21.642900
v 16.510880 2.879898 -21.717800
v 17.732979 3.059898 -21.749901
v 18.916180 3.363298 -21.707500
v 19.980280 3.860198 -21.580000
v 20.797680 4.581698 -21.410700
v 21.278179 5.470798 -21.272100
v 21.465780 6.427799 -21.200399
v -23.383522 6.394198 -23.099300
v -22.997520 5.478298 -23.253201
v -22.199821 4.746398 -23.449900
v -21.140221 4.240798 -23.576700
v -19.963520 3.916498 -23.598301
v -18.746319 3.716198 -23.526899
v -17.521122 3.594998 -23.389601
v -16.298519 3.520898 -23.215099
v -15.079720 3.474898 -23.025801
v -13.863422 3.446698 -22.833200
v -12.644520 3.419498 -22.663900
v -11.425522 3.394898 -22.504499
v -10.206120 3.367298 -22.359200
v -8.985821 3.334698 -22.230499
v -7.769720 3.286898 -22.096001
v -6.607920 3.290098 -21.702999
v -5.493521 3.231898 -22.219700
v -4.272821 3.292198 -22.087299
v -3.046320 3.305798 -22.034201
v -1.819021 3.308198 -22.011600
v -0.591721 3.314598 -21.985399
v 0.635580 3.321398 -21.957899
v 1.862379 3.331198 -21.918100
v 3.089079 3.337798 -21.883699
v 4.315479 3.332098 -21.870899
v 5.541180 3.292798 -21.914200
v 6.770780 3.256398 -21.906300
v 7.952780 3.295398 -21.565300
v 9.046980 3.270498 -22.117701
v 10.259179 3.397998 -22.038200
v 11.480880 3.427098 -22.153999
v 12.702979 3.456898 -22.281500
v 13.925179 3.490098 -22.419201
v 15.147779 3.526998 -22.568800
v 16.372080 3.578198 -22.720900
v 17.598980 3.661898 -22.852301
v 18.823380 3.812998 -22.926500
v 20.005579 4.114298 -22.888201
v 21.015680 4.668498 -22.729601
v 21.648079 5.493398 -22.553101
v 21.886780 6.442498 -22.462200
v -23.796120 6.412798 -24.354900
v -23.173721 5.588698 -24.572800
v -22.157322 5.041598 -24.744499
v -20.978920 4.725998 -24.767900
v -19.760021 4.554598 -24.657499
v -18.542122 4.464498 -24.457500
v -17.333122 4.418198 -24.209900
v -16.129822 4.392898 -23.949100
v -14.927322 4.380098 -23.695601
v -13.719620 4.368498 -23.469299
v -12.508820 4.359098 -23.260300
v -11.296120 4.349998 -23.062500
v -10.082420 4.339398 -22.870300
v -8.868221 4.324398 -22.681200
v -7.675920 4.313198 -22.378599
v -6.563221 4.331099 -21.853399
v -5.497620 4.272298 -22.469400
v -4.271521 4.271898 -22.589701
v -3.042921 4.291098 -22.511200
v -1.813620 4.299798 -22.465599
v -0.584021 4.306098 -22.439800
v 0.645279 4.312998 -22.413401
v 1.874279 4.320798 -22.381201
v 3.103380 4.326998 -22.349400
v 4.333179 4.321798 -22.333300
v 5.564079 4.302998 -22.314301
v 6.789479 4.294998 -22.176901
v 7.922879 4.331599 -21.693399
v 8.936779 4.302598 -22.389601
v 10.141479 4.341398 -22.625999
v 11.364180 4.373598 -22.737600
v 12.581380 4.387898 -22.901899
v 13.797680 4.403598 -23.075800
v 15.012480 4.421598 -23.264799
v 16.224178 4.440598 -23.480101
v 17.436378 4.468398 -23.704700
v 18.652380 4.515998 -23.917700
v 19.875080 4.625098 -24.060699
v 21.063080 4.904898 -24.038401
v 21.984379 5.537398 -23.845800
v 22.354380 6.457898 -23.711599
v -24.110020 6.427398 -25.642900
v -23.141220 5.848198 -25.874001
v -21.949821 5.576598 -25.889999
v -20.734520 5.459898 -25.708000
v -19.538822 5.411598 -25.411699
v -18.359322 5.391998 -25.067600
v -17.184521 5.384398 -24.720301
v -16.004021 5.380198 -24.397499
v -14.813221 5.377098 -24.113001
v -13.615520 5.374598 -23.856100
v -12.411121 5.370798 -23.627600
v -11.204521 5.368198 -23.403799
v -9.997822 5.365598 -23.176001
v -8.795921 5.361898 -22.923201
v -7.640421 5.359998 -22.502100
v -6.537321 5.372199 -21.958700
v -5.478121 5.327898 -22.586700
v -4.267820 5.313498 -22.814899
v -3.036121 5.324898 -22.777700
v -1.807621 5.336598 -22.705000
v -0.578520 5.343798 -22.673300
v 0.650780 5.350198 -22.652000
v 1.880480 5.356698 -22.629601
v 3.110180 5.361598 -22.607300
v 4.340179 5.359098 -22.580099
v 5.570280 5.350498 -22.517700
v 6.782479 5.349998 -22.295601
v 7.895780 5.367999 -21.765400
v 8.916180 5.359698 -22.454100
v 10.054480 5.372098 -22.918400
v 11.268680 5.383998 -23.112900
v 12.483580 5.392398 -23.301001
v 13.695479 5.400698 -23.498600
v 14.902780 5.408898 -23.717400
v 16.104580 5.417398 -23.963600
v 17.300179 5.426898 -24.242201
v 18.490580 5.436998 -24.549400
v 19.681080 5.455798 -24.865700
v 20.886179 5.507698 -25.126101
v 22.093079 5.710598 -25.160500
v 22.833479 6.473698 -24.962099
v -24.101021 6.434298 -26.971001
v -22.869919 6.436198 -26.955299
v -21.683720 6.431198 -26.632401
v -20.537220 6.426598 -26.204399
v -19.403721 6.424098 -25.754700
v -18.265720 6.422798 -25.319500
v -17.113121 6.422098 -24.924500
v -15.943321 6.421398 -24.580099
v -14.760120 6.420898 -24.278601
v -13.567619 6.420098 -24.008801
v -12.368622 6.418898 -23.760900
v -11.165020 6.417898 -23.526600
v -9.960522 6.417298 -23.289200
v -8.775520 6.419798 -22.969700
v -7.687021 6.406898 -22.403099
v -6.525120 6.415298 -22.015800
v -5.458921 6.387998 -22.624300
v -4.258020 6.368798 -22.866800
v -3.028521 6.379798 -22.841400
v -1.805120 6.391098 -22.739599
v -0.579220 6.397398 -22.696501
v 0.647980 6.403798 -22.682699
v 1.875380 6.410298 -22.675200
v 3.103279 6.414998 -22.664499
v 4.331879 6.414798 -22.635500
v 5.558979 6.410398 -22.557800
v 6.754080 6.407598 -22.275499
v 7.877780 6.404499 -21.785101
v 8.956779 6.415498 -22.378599
v 10.023879 6.428598 -22.984800
v 11.217879 6.430698 -23.270700
v 12.430779 6.436998 -23.466200
v 13.640180 6.443598 -23.674299
v 14.842079 6.448698 -23.914801
v 16.037479 6.453598 -24.182600
v 17.224579 6.458998 -24.482500
v 18.402779 6.464298 -24.818100
v 19.569580 6.470598 -25.198999
v 20.725679 6.477998 -25.620501
v 21.884680 6.485798 -26.044100
v 23.095480 6.490898 -26.275900
v -24.968220 6.695101 11.231499
v -23.750320 6.698301 11.022299
v -23.942520 7.469101 10.127999
v -24.653721 6.687901 9.933699
v -22.593521 6.700601 10.587799
v -22.735920 7.681201 10.117999
v -21.442619 6.704001 10.152399
v -21.527420 7.730101 9.866599
v -20.278019 6.707401 9.767499
v -20.336220 7.744101 9.549599
v -19.098320 6.710701 9.440699
v -19.145519 7.749900 9.241899
v -17.908421 6.713201 9.158799
v -17.949219 7.753500 8.966099
v -16.711521 6.715100 8.911199
v -16.747520 7.756001 8.721399
v -15.508522 6.716701 8.694899
v -15.541721 7.757501 8.502299
v -14.299320 6.718400 8.513799
v -14.333122 7.757600 8.303199
v -13.082722 6.722200 8.374699
v -13.121021 7.757501 8.128199
v -11.865620 6.729500 8.228099
v -11.902321 7.769701 8.006599
v -10.692120 6.733400 7.873499
v -10.683422 7.789600 7.874700
v -9.579821 6.739800 7.353499
v -9.569920 7.787800 7.359399
v -8.388821 6.729200 7.633900
v -8.355520 7.780500 7.537499
v -7.173820 6.723600 7.768600
v -7.128721 7.765901 7.540299
v -5.952520 6.712501 7.765100
v -5.937321 7.688500 7.263599
v -4.729420 6.725901 7.736100
v -4.738321 7.768500 7.508999
v -3.506821 6.729300 7.676000
v -3.511620 7.769801 7.449100
v -2.283720 6.730101 7.648600
v -2.285021 7.768401 7.414000
v -1.061020 6.729900 7.671500
v -1.058220 7.767301 7.430699
v 0.159779 6.729701 7.742099
v 0.168179 7.765501 7.472899
v 1.378479 6.724900 7.840499
v 1.395779 7.750300 7.494100
v 2.602179 6.716701 7.831399
v 2.589079 7.657500 7.228400
v 3.794380 6.737801 7.568399
v 3.752680 7.797300 7.564400
v 4.828180 6.761200 6.909699
v 4.826679 7.806701 6.967999
v 5.987080 6.761401 7.312099
v 6.045979 7.797801 7.121399
v 7.057179 6.783401 7.908999
v 7.073979 7.840701 7.793300
v 8.238879 6.784101 8.241599
v 8.274179 7.830101 8.060199
v 9.441480 6.789300 8.485099
v 9.480780 7.831700 8.289999
v 10.644679 6.794900 8.725699
v 10.684879 7.836101 8.528799
v 11.843780 6.800601 8.979699
v 11.885380 7.840701 8.780499
v 13.036280 6.805800 9.254699
v 13.078580 7.846100 9.060999
v 14.219680 6.810201 9.559299
v 14.266080 7.849600 9.363199
v 15.390880 6.814301 9.902599
v 15.446980 7.852101 9.693899
v 16.547079 6.817801 10.290299
v 16.626579 7.848801 10.035799
v 17.689680 6.821001 10.714999
v 17.812279 7.832701 10.365199
v 18.827280 6.823901 11.153299
v 19.013380 7.787401 10.642699
v 19.974480 6.828201 11.572399
v 20.231180 7.674501 10.811299
v 21.156279 6.836001 11.893999
v 21.424780 7.409301 10.798499
v 22.381880 6.850101 11.926899
v 22.409279 6.840501 10.593499
v -23.780022 7.608901 8.811699
v -24.135120 6.681701 8.701299
v -22.883522 8.264801 9.006799
v -21.700821 8.562401 9.056199
v -20.473419 8.676301 8.935699
v -19.252819 8.721001 8.731999
v -18.038521 8.740101 8.505099
v -16.825821 8.749501 8.283699
v -15.612419 8.755001 8.078399
v -14.398422 8.757701 7.888299
v -13.184322 8.757601 7.710499
v -11.969219 8.759301 7.548999
v -10.746422 8.805701 7.512899
v -9.526321 8.836701 7.418000
v -8.316921 8.810401 7.254000
v -7.095121 8.780501 7.157700
v -5.938421 8.667500 6.775300
v -4.743320 8.760401 7.039599
v -3.514221 8.778901 7.048900
v -2.285521 8.775701 7.014400
v -1.056120 8.771301 7.018099
v 0.173780 8.765301 7.031700
v 1.402979 8.737301 6.995600
v 2.574280 8.607001 6.658500
v 3.639280 8.818701 7.205900
v 4.861380 8.848701 7.087200
v 6.077379 8.833101 6.925300
v 7.142280 8.882401 7.534299
v 8.359179 8.840801 7.683599
v 9.567180 8.839401 7.901599
v 10.775080 8.838501 8.123099
v 11.980379 8.838401 8.360399
v 13.181379 8.837601 8.622499
v 14.383080 8.829801 8.890599
v 15.588079 8.809801 9.155499
v 16.800880 8.764701 9.394199
v 18.022480 8.672801 9.577299
v 19.242680 8.498601 9.671299
v 20.421579 8.184101 9.644199
v 21.448679 7.646001 9.488899
v 22.102379 6.832601 9.298199
v -23.400620 7.626501 7.529699
v -23.642021 6.675800 7.463399
v -22.782822 8.461701 7.688700
v -21.791821 9.038201 7.854000
v -20.617722 9.362501 7.918600
v -19.390820 9.525801 7.868999
v -18.158222 9.607001 7.745599
v -16.929222 9.649001 7.587999
v -15.703621 9.673101 7.422399
v -14.479721 9.688901 7.261799
v -13.256821 9.699401 7.109299
v -12.034119 9.709901 6.970999
v -10.807522 9.743401 6.894999
v -9.579220 9.792401 6.851599
v -8.355421 9.778601 6.724899
v -7.131521 9.746401 6.598099
v -5.957521 9.637000 6.265399
v -4.744820 9.707801 6.437399
v -3.516920 9.732401 6.466199
v -2.288221 9.732301 6.445999
v -1.058920 9.723601 6.437299
v 0.171379 9.717401 6.441399
v 1.400280 9.690101 6.398599
v 2.566879 9.543500 6.057199
v 3.647280 9.758201 6.575399
v 4.833979 9.888000 6.856899
v 6.062479 9.881001 6.895499
v 7.262879 9.890201 7.124399
v 8.477980 9.785201 7.100199
v 9.684679 9.786601 7.321599
v 10.896779 9.775601 7.519199
v 12.109079 9.762601 7.728499
v 13.323979 9.737401 7.938099
v 14.543280 9.695501 8.139399
v 15.767980 9.621301 8.312799
v 16.994780 9.494001 8.436899
v 18.210779 9.284301 8.490799
v 19.384079 8.953001 8.458599
v 20.446379 8.450101 8.338399
v 21.267979 7.730700 8.165299
v 21.690180 6.822401 8.038899
v -23.004520 7.626300 6.256299
v -23.211021 6.670500 6.206399
v -22.520622 8.516601 6.373799
v -21.715721 9.249301 6.534100
v -20.670021 9.770601 6.672199
v -19.496319 10.100201 6.737999
v -18.273319 10.294301 6.724399
v -17.037720 10.407001 6.652499
v -15.801620 10.474701 6.548199
v -14.567520 10.518901 6.431899
v -13.335320 10.550700 6.315399
v -12.104221 10.577400 6.207499
v -10.873619 10.605200 6.119599
v -9.642921 10.648000 6.065599
v -8.414421 10.654800 5.977899
v -7.188721 10.641900 5.879299
v -5.973921 10.588100 5.702999
v -4.747221 10.605100 5.722099
v -3.521120 10.620000 5.732499
v -2.294621 10.622400 5.720999
v -1.067120 10.611900 5.707099
v 0.161779 10.609600 5.714399
v 1.390680 10.605200 5.712899
v 2.571680 10.465400 5.422699
v 3.706980 10.644400 5.836299
v 4.902380 10.760700 6.097899
v 6.123680 10.807800 6.262499
v 7.353279 10.774901 6.379799
v 8.578979 10.693401 6.425899
v 9.801579 10.658901 6.570499
v 11.024179 10.623701 6.726999
v 12.249080 10.580401 6.887399
v 13.477180 10.515201 7.037499
v 14.707279 10.415301 7.163599
v 15.934679 10.262101 7.249799
v 17.146980 10.031501 7.281199
v 18.319080 9.695201 7.248299
v 19.406080 9.220801 7.151100
v 20.331079 8.576900 7.006599
v 20.977280 7.753500 6.862000
v 21.261879 6.809900 6.788799
v -22.648621 7.624101 4.973800
v -22.844521 6.666800 4.931700
v -22.218121 8.532000 5.069600
v -21.526722 9.333800 5.205500
v -20.606419 9.982200 5.349999
v -19.522221 10.459200 5.464999
v -18.344120 10.783400 5.525299
v -17.123421 10.993700 5.528399
v -15.887722 11.129200 5.487799
v -14.648319 11.219600 5.421399
v -13.409222 11.283600 5.343799
v -12.171322 11.332200 5.264999
v -10.934719 11.370600 5.191399
v -9.699320 11.410000 5.132499
v -8.465120 11.435700 5.070899
v -7.232420 11.445400 5.003999
v -6.000221 11.455300 4.942299
v -4.770021 11.434800 4.886099
v -3.540121 11.432100 4.867599
v -2.310320 11.435700 4.858899
v -1.080521 11.430500 4.851799
v 0.148479 11.430700 4.861099
v 1.374079 11.461400 4.913699
v 2.586779 11.374000 4.759699
v 3.780979 11.482200 5.017399
v 4.995380 11.549300 5.204399
v 6.219479 11.575300 5.345399
v 7.450379 11.531500 5.440999
v 8.681979 11.474400 5.527399
v 9.914680 11.419500 5.639199
v 11.147679 11.353100 5.755499
v 12.381479 11.267400 5.866999
v 13.614880 11.148000 5.960799
v 14.842680 10.978100 6.024199
v 16.053980 10.737500 6.045199
v 17.228979 10.403900 6.016199
v 18.335779 9.954400 5.936899
v 19.325480 9.367400 5.817100
v 20.126280 8.629400 5.681300
v 20.647779 7.752100 5.571800
v 20.860580 6.796300 5.530600
v -22.331619 7.620901 3.683000
v -22.523121 6.662800 3.646100
v -21.924721 8.535900 3.766299
v -21.295521 9.369400 3.883799
v -20.464020 10.087600 4.016099
v -19.466820 10.667300 4.140399
v -18.351421 11.103900 4.234099
v -17.165321 11.414600 4.284699
v -15.944221 11.629200 4.293499
v -14.708420 11.778200 4.271199
v -13.467621 11.884700 4.230199
v -12.225819 11.963800 4.180699
v -10.984421 12.024300 4.129299
v -9.744122 12.075000 4.082199
v -8.504921 12.117000 4.038499
v -7.266821 12.148800 3.996599
v -6.029421 12.179100 3.963399
v -4.793921 12.170200 3.919199
v -3.559320 12.164100 3.893299
v -2.324720 12.169000 3.886399
v -1.090521 12.171300 3.888599
v 0.143080 12.177600 3.905399
v 1.375080 12.204900 3.951699
v 2.607479 12.240400 4.002199
v 3.838579 12.255700 4.100999
v 5.069679 12.254400 4.202099
v 6.303180 12.237200 4.298299
v 7.539579 12.185000 4.380999
v 8.776480 12.120600 4.463299
v 10.014979 12.043900 4.551499
v 11.253180 11.944500 4.636399
v 12.489180 11.813700 4.709999
v 13.718679 11.636900 4.761799
v 14.932280 11.396700 4.781599
v 16.114279 11.073600 4.761499
v 17.240080 10.649500 4.699899
v 18.275780 10.108700 4.602199
v 19.175179 9.440300 4.482900
v 19.878679 8.643900 4.365799
v 20.324879 7.740901 4.282899
v 20.512579 6.781900 4.256400
v -22.045521 7.616700 2.385999
v -22.237820 6.658300 2.352600
v -21.652821 8.535900 2.460699
v -21.060322 9.386400 2.565499
v -20.286121 10.143100 2.684999
v -19.356220 10.787100 2.803999
v -18.301620 11.306200 2.906699
v -17.158619 11.702300 2.979699
v -15.962521 11.992900 3.018699
v -14.738819 12.203300 3.027999
v -13.502522 12.357600 3.016399
v -12.260921 12.473600 2.992699
v -11.017521 12.563200 2.963499
v -9.773819 12.635300 2.933699
v -8.530420 12.695700 2.905699
v -7.287321 12.745400 2.880299
v -6.044521 12.785700 2.858499
v -4.801920 12.799600 2.834899
v -3.560120 12.805600 2.819499
v -2.318420 12.815300 2.817499
v -1.076920 12.824000 2.826399
v 0.164480 12.834500 2.847599
v 1.405180 12.853500 2.885999
v 2.645380 12.882500 2.935999
v 3.887280 12.877500 3.011699
v 5.129379 12.848600 3.084799
v 6.370979 12.801400 3.155899
v 7.612479 12.732200 3.223799
v 8.853780 12.647900 3.291499
v 10.094680 12.543300 3.358499
v 11.332979 12.408800 3.418899
v 12.564980 12.233700 3.465499
v 13.783380 12.002900 3.489399
v 14.975479 11.698800 3.482599
v 16.121380 11.304300 3.440299
v 17.194981 10.806100 3.364699
v 18.164080 10.196200 3.264399
v 18.988880 9.472100 3.154599
v 19.623779 8.641000 3.054999
v 20.032780 7.726400 2.988500
v 20.218079 6.767100 2.967799
v -21.786621 7.611700 1.083899
v -21.984020 6.653700 1.052199
v -21.402119 8.533400 1.152499
v -20.834522 9.394400 1.248299
v -20.099522 10.174900 1.357499
v -19.218220 10.859200 1.467899
v -18.213520 11.434900 1.568599
v -17.112122 11.896200 1.648599
v -15.944721 12.250600 1.702199
v -14.738422 12.517200 1.730399
v -13.511322 12.718300 1.738999
v -12.274021 12.872500 1.734799
v -11.031620 12.993600 1.723799
v -9.787022 13.091300 1.709999
v -8.541321 13.172100 1.695999
v -7.294821 13.238900 1.683299
v -6.047920 13.292100 1.672299
v -4.800720 13.326200 1.663099
v -3.553221 13.348600 1.660199
v -2.305721 13.366500 1.664799
v -1.058220 13.379600 1.677299
v 0.189280 13.389300 1.698199
v 1.436680 13.397300 1.728399
v 2.683979 13.402800 1.765399
v 3.930979 13.378000 1.823899
v 5.177780 13.330900 1.881799
v 6.423579 13.263700 1.938499
v 7.668180 13.176100 1.993799
v 8.911180 13.068600 2.047599
v 10.151480 12.935300 2.098199
v 11.386180 12.766900 2.140999
v 12.609980 12.551400 2.169899
v 13.813379 12.273000 2.177299
v 14.980480 11.914200 2.156299
v 16.089079 11.460500 2.104299
v 17.113579 10.904300 2.025499
v 18.025681 10.244200 1.929599
v 18.794880 9.484400 1.830399
v 19.382879 8.632100 1.744099
v 19.772179 7.711000 1.687599
v 19.966480 6.752400 1.668700
v -21.561420 7.607200 -0.225101
v -21.761921 6.649400 -0.255401
v -21.176620 8.529800 -0.159201
v -20.623222 9.397000 -0.069001
v -19.915619 10.193000 0.032299
v -19.070522 10.904600 0.134399
v -18.105221 11.519700 0.229299
v -17.039421 12.028600 0.308299
v -15.899422 12.432700 0.366499
v -14.711819 12.745900 0.403899
v -13.496620 12.988100 0.424399
v -12.266220 13.177900 0.433499
v -11.027721 13.329400 0.435699
v -9.784519 13.452800 0.434499
v -8.538721 13.555000 0.432199
v -7.291021 13.639600 0.429999
v -6.042120 13.708300 0.428699
v -4.792320 13.759700 0.429999
v -3.541321 13.796600 0.436099
v -2.289921 13.822600 0.445899
v -1.038321 13.838400 0.460199
v 0.213379 13.844700 0.479199
v 1.465080 13.841300 0.503099
v 2.716679 13.825900 0.530399
v 3.966679 13.783400 0.576599
v 5.215879 13.719700 0.623499
v 6.463280 13.635100 0.669799
v 7.708579 13.528800 0.714699
v 8.950580 13.398700 0.757499
v 10.187779 13.239000 0.796299
v 11.416380 13.040400 0.827599
v 12.629979 12.790100 0.846199
v 13.816979 12.471600 0.845199
v 14.958879 12.067300 0.818499
v 16.032179 11.566100 0.764499
v 17.013180 10.965400 0.687999
v 17.879681 10.270100 0.598499
v 18.603380 9.483400 0.508099
v 19.167580 8.619400 0.430099
v 19.552080 7.696100 0.378599
v 19.753078 6.737900 0.360900
v -21.364719 7.602800 -1.540001
v -21.570122 6.645000 -1.570001
v -20.979420 8.526700 -1.475101
v -20.430920 9.397700 -1.387501
v -19.743122 10.205000 -1.291601
v -18.925419 10.936300 -1.196501
v -17.990719 11.579700 -1.108601
v -16.953720 12.123000 -1.034301
v -15.837120 12.563700 -0.977101
v -14.666821 12.912800 -0.936801
v -13.463821 13.188400 -0.910301
v -12.241821 13.408600 -0.893301
v -11.008820 13.587300 -0.882101
v -9.768921 13.734600 -0.874101
v -8.524820 13.857400 -0.867401
v -7.277721 13.960000 -0.861101
v -6.028721 14.044600 -0.854401
v -4.777521 14.110700 -0.845201
v -3.524921 14.159000 -0.833601
v -2.271521 14.191500 -0.820601
v -1.017620 14.208900 -0.805401
v 0.236479 14.211400 -0.787901
v 1.490379 14.198300 -0.768301
v 2.743780 14.167200 -0.746401
v 3.995279 14.109100 -0.709401
v 5.245079 14.030100 -0.670801
v 6.492379 13.929400 -0.632601
v 7.736380 13.805200 -0.595801
v 8.975679 13.654800 -0.561101
v 10.208079 13.472100 -0.530301
v 11.429379 13.248000 -0.506001
v 12.632179 12.969200 -0.492701
v 13.803180 12.618100 -0.496301
v 14.921480 12.177000 -0.522901
v 15.963079 11.637700 -0.574601
v 16.907980 11.004300 -0.646101
v 17.735180 10.280700 -0.730501
v 18.432079 9.477600 -0.815901
v 18.980379 8.606300 -0.888301
v 19.360880 7.681300 -0.936001
v 19.565779 6.723000 -0.953001
v -21.185921 7.597400 -2.860000
v -21.407021 6.640300 -2.890400
v -20.797321 8.521400 -2.793301
v -20.246120 9.393400 -2.706301
v -19.577721 10.212700 -2.614301
v -18.796021 10.968800 -2.525801
v -17.884521 11.632400 -2.444801
v -16.866821 12.196700 -2.376801
v -15.767319 12.661300 -2.323601
v -14.611221 13.035600 -2.284301
v -13.419422 13.336700 -2.255701
v -12.205822 13.581200 -2.234301
v -10.978920 13.782800 -2.217401
v -9.743519 13.951100 -2.203001
v -8.502420 14.092800 -2.189701
v -7.257420 14.212200 -2.177001
v -6.009121 14.311100 -2.164001
v -4.758120 14.389000 -2.149501
v -3.505220 14.446000 -2.134601
v -2.251120 14.483300 -2.119701
v -0.996321 14.501600 -2.104101
v 0.258680 14.500800 -2.087701
v 1.513479 14.480200 -2.070501
v 2.767279 14.437700 -2.051601
v 4.018780 14.367800 -2.020801
v 5.267780 14.274600 -1.988501
v 6.513579 14.159100 -1.956601
v 7.754979 14.018900 -1.925801
v 8.990479 13.850800 -1.897001
v 10.217380 13.649000 -1.871401
v 11.431179 13.404500 -1.851001
v 12.623679 13.103600 -1.839501
v 13.780479 12.727700 -1.841801
v 14.877779 12.257100 -1.864201
v 15.890880 11.686300 -1.910901
v 16.806080 11.027500 -1.977601
v 17.608080 10.286300 -2.060401
v 18.286379 9.472800 -2.142701
v 18.819479 8.594900 -2.210801
v 19.190979 7.666900 -2.254500
v 19.396481 6.707700 -2.271000
v -21.017719 7.596099 -4.183500
v -21.220821 6.634399 -4.208100
v -20.633022 8.521700 -4.115100
v -20.021820 9.364000 -4.017100
v -19.329922 10.164500 -3.921701
v -18.614319 10.955300 -3.847501
v -17.780922 11.674600 -3.779801
v -16.785221 12.258300 -3.718701
v -15.697319 12.735900 -3.671201
v -14.551521 13.126000 -3.634901
v -13.368820 13.445000 -3.606601
v -12.162819 13.708300 -3.583301
v -10.941921 13.928400 -3.562801
v -9.711121 14.114200 -3.544201
v -8.473520 14.272100 -3.526401
v -7.230921 14.405600 -3.509001
v -5.984320 14.515900 -3.491601
v -4.734720 14.602600 -3.473801
v -3.482620 14.665900 -3.457001
v -2.228920 14.706600 -3.441101
v -0.974421 14.725300 -3.425301
v 0.280380 14.722000 -3.409501
v 1.534679 14.695900 -3.393501
v 2.787779 14.645400 -3.376101
v 4.038179 14.566800 -3.349501
v 5.285479 14.462800 -3.321501
v 6.528879 14.334300 -3.294101
v 7.767380 14.180400 -3.267801
v 8.998779 13.997700 -3.243101
v 10.220280 13.780600 -3.220901
v 11.427179 13.520600 -3.202501
v 12.610979 13.204500 -3.190601
v 13.756479 12.812700 -3.188901
v 14.837379 12.321900 -3.203901
v 15.828079 11.728400 -3.243201
v 16.718781 11.050100 -3.308401
v 17.499779 10.295100 -3.391401
v 18.152979 9.468500 -3.470701
v 18.667879 8.583100 -3.534801
v 19.032280 7.652299 -3.575100
v 19.237980 6.691899 -3.591800
v -20.577820 7.574100 -5.443201
v -20.691719 6.602200 -5.428900
v -20.392319 8.539400 -5.426100
v -20.081821 9.482400 -5.333801
v -19.448620 10.321500 -5.228401
v -18.617722 11.049000 -5.173601
v -17.707119 11.712600 -5.113401
v -16.709621 12.296000 -5.059401
v -15.630421 12.785600 -5.018801
v -14.492519 13.188700 -4.986901
v -13.316620 13.521300 -4.960201
v -12.116520 13.798800 -4.936401
v -10.900620 14.033100 -4.914001
v -9.674120 14.232300 -4.892901
v -8.440220 14.402100 -4.872201
v -7.200621 14.545400 -4.851901
v -5.956421 14.663600 -4.831701
v -4.708620 14.756500 -4.811701
v -3.457920 14.823900 -4.794001
v -2.205421 14.866700 -4.777601
v -0.951920 14.885500 -4.761701
v 0.301779 14.880400 -4.746101
v 1.554880 14.850600 -4.730601
v 2.806480 14.794700 -4.714001
v 4.055180 14.710300 -4.690101
v 5.300280 14.599100 -4.665101
v 6.540879 14.461700 -4.640501
v 7.775780 14.297300 -4.617001
v 9.003480 14.103100 -4.594901
v 10.220679 13.874200 -4.574901
v 11.422379 13.603200 -4.557201
v 12.600180 13.278000 -4.544001
v 13.738979 12.880300 -4.537401
v 14.809380 12.381500 -4.542301
v 15.776680 11.767500 -4.571201
v 16.659580 11.085400 -4.639801
v 17.409081 10.311200 -4.722801
v 18.021679 9.465300 -4.798400
v 18.504780 8.568000 -4.857300
v 18.854679 7.632500 -4.893200
v 19.046680 6.668000 -4.909901
v -19.619022 7.481800 -6.364100
v -19.753021 6.518199 -6.363801
v -19.466919 8.444099 -6.378700
v -19.339420 9.408999 -6.432001
v -19.380722 10.374099 -6.551901
v -18.602921 11.133299 -6.503601
v -17.677620 11.783299 -6.445601
v -16.659222 12.344899 -6.398501
v -15.574219 12.827499 -6.365901
v -14.438221 13.233999 -6.339201
v -13.266220 13.573800 -6.314801
v -12.070621 13.859300 -6.291601
v -10.859119 14.101500 -6.268901
v -9.636520 14.308100 -6.246601
v -8.405821 14.484300 -6.224301
v -7.168821 14.633300 -6.202101
v -5.926920 14.756000 -6.180001
v -4.680920 14.852300 -6.158501
v -3.431820 14.921800 -6.140401
v -2.180721 14.965500 -6.123901
v -0.928520 14.984200 -6.107901
v 0.323780 14.977800 -6.092401
v 1.575480 14.945700 -6.077101
v 2.825380 14.886700 -6.060701
v 4.072279 14.799100 -6.038701
v 5.315279 14.683900 -6.015601
v 6.553379 14.541800 -5.993001
v 7.785279 14.371800 -5.971101
v 9.009279 14.171300 -5.950201
v 10.222580 13.935600 -5.930801
v 11.420580 13.657800 -5.912501
v 12.597179 13.329500 -5.897401
v 13.743380 12.942400 -5.885001
v 14.848579 12.489700 -5.875001
v 15.879680 11.938400 -5.874901
v 16.650379 11.174100 -5.966601
v 17.283579 10.334900 -6.050001
v 17.850479 9.466800 -6.120601
v 18.292580 8.555000 -6.172300
v 18.568378 7.603700 -6.189900
v 18.694979 6.632900 -6.193800
v -20.206821 7.523799 -7.559401
v -20.027721 6.569399 -7.662400
v -20.074120 8.487099 -7.562500
v -19.703220 9.404999 -7.710900
v -19.209721 10.286999 -7.859001
v -18.456520 11.062799 -7.828701
v -17.587421 11.760199 -7.775601
v -16.604721 12.357999 -7.736701
v -15.529320 12.852399 -7.713101
v -14.396622 13.260899 -7.692501
v -13.227322 13.601099 -7.671301
v -12.033920 13.887499 -7.649301
v -10.824421 14.131099 -7.626401
v -9.603720 14.339299 -7.603401
v -8.374620 14.517399 -7.579901
v -7.139120 14.667999 -7.556301
v -5.898420 14.792099 -7.532701
v -4.653521 14.889499 -7.510001
v -3.405420 14.959299 -7.491801
v -2.155121 15.002799 -7.475301
v -0.903820 15.020899 -7.459301
v 0.347679 15.013599 -7.443701
v 1.598379 14.980499 -7.428401
v 2.847279 14.920299 -7.412001
v 4.093180 14.831800 -7.391401
v 5.334879 14.715599 -7.370001
v 6.571580 14.572299 -7.348801
v 7.801880 14.400999 -7.328101
v 9.023879 14.199099 -7.307901
v 10.234679 13.961899 -7.288501
v 11.429879 13.682799 -7.269301
v 12.603080 13.353899 -7.251501
v 13.747080 12.967999 -7.234001
v 14.854679 12.522399 -7.216401
v 15.890480 11.982699 -7.197001
v 16.266479 11.062899 -7.234601
v 16.701080 10.159999 -7.228901
v 17.244179 9.295399 -7.288100
v 17.918379 8.497399 -7.449400
v 18.175480 7.554100 -7.457400
v 18.049679 6.596000 -7.358901
v -20.586021 7.552000 -8.838001
v -20.665821 6.578400 -8.831201
v -20.265820 8.492499 -8.876601
v -19.449921 9.216499 -8.993501
v -18.732620 10.005299 -9.047101
v -18.050220 10.811699 -9.061201
v -17.344120 11.602799 -9.069701
v -16.570419 12.356199 -9.073301
v -15.512520 12.863799 -9.061901
v -14.378822 13.264499 -9.047201
v -13.207321 13.597199 -9.028801
v -12.012321 13.878199 -9.007801
v -10.801819 14.117999 -8.984601
v -9.580421 14.323299 -8.960901
v -8.350821 14.499099 -8.936201
v -7.114820 14.647899 -8.911101
v -5.873720 14.770700 -8.886001
v -4.628521 14.866799 -8.862001
v -3.379921 14.935199 -8.843601
v -2.129221 14.977499 -8.827101
v -0.877520 14.994699 -8.811001
v 0.374479 14.986899 -8.795300
v 1.625679 14.953599 -8.779901
v 2.875280 14.893799 -8.763700
v 4.121979 14.806499 -8.744301
v 5.364880 14.691999 -8.724401
v 6.602880 14.550499 -8.704701
v 7.834880 14.381199 -8.685101
v 9.058780 14.181099 -8.665501
v 10.271779 13.944899 -8.646101
v 11.469279 13.665299 -8.625701
v 12.643680 13.331800 -8.604501
v 13.782680 12.931999 -8.581301
v 14.873480 12.458599 -8.555001
v 15.912979 11.919399 -8.523201
v 16.779980 11.222999 -8.445201
v 17.293980 10.338799 -8.399501
v 17.328779 9.385799 -8.612201
v 17.497080 8.431599 -8.711301
v 17.722679 7.482399 -8.707401
v 17.938379 6.530799 -8.683601
v -20.709019 7.567299 -10.163401
v -20.906422 6.603199 -10.139001
v -20.379520 8.510099 -10.200801
v -19.875122 9.404499 -10.231601
v -19.169422 10.210299 -10.279301
v -18.385719 10.969999 -10.336101
v -17.548820 11.694599 -10.383001
v -16.611622 12.340699 -10.413901
v -15.533222 12.833599 -10.413901
v -14.390919 13.227499 -10.403001
v -13.213520 13.553499 -10.386001
v -12.013420 13.827299 -10.364801
v -10.798019 14.059599 -10.340901
v -9.572020 14.258399 -10.316101
v -8.338720 14.428499 -10.289701
v -7.099821 14.572499 -10.262901
v -5.856220 14.691199 -10.235701
v -4.608921 14.784099 -10.210001
v -3.358421 14.849499 -10.191301
v -2.106220 14.889599 -10.174601
v -0.852921 14.905699 -10.158301
v 0.400379 14.897899 -10.142501
v 1.653179 14.865699 -10.127101
v 2.904280 14.808199 -10.111301
v 4.152979 14.724499 -10.093401
v 5.398180 14.614799 -10.075301
v 6.638980 14.478999 -10.057501
v 7.874180 14.316099 -10.039501
v 9.101979 14.122899 -10.020901
v 10.319079 13.893699 -10.001401
v 11.519979 13.619799 -9.980501
v 12.695680 13.288299 -9.956801
v 13.830279 12.880599 -9.928201
v 14.896580 12.374199 -9.891801
v 15.877079 11.772199 -9.841701
v 16.814880 11.132199 -9.771901
v 17.626080 10.394099 -9.687101
v 18.205080 9.531999 -9.596601
v 18.515680 8.586699 -9.551001
v 18.745480 7.626399 -9.544701
v 18.928780 6.659999 -9.557701
v -20.659321 7.540199 -11.491801
v -21.014622 6.609799 -11.462801
v -20.275322 8.463899 -11.525201
v -19.861519 9.379499 -11.562801
v -19.280422 10.239299 -11.608101
v -18.513020 11.004499 -11.663601
v -17.625519 11.686299 -11.716201
v -16.635319 12.280299 -11.752401
v -15.549221 12.765800 -11.762901
v -14.402020 13.156499 -11.757001
v -13.218719 13.475499 -11.741501
v -12.013119 13.739799 -11.719801
v -10.793121 13.961699 -11.694201
v -9.563221 14.149699 -11.666601
v -8.326321 14.309399 -11.637601
v -7.084320 14.444299 -11.607901
v -5.838320 14.555699 -11.578001
v -4.589020 14.642699 -11.549601
v -3.337021 14.702999 -11.530201
v -2.083321 14.739599 -11.513000
v -0.828920 14.754199 -11.496301
v 0.425579 14.746899 -11.480401
v 1.679579 14.717099 -11.465501
v 2.932180 14.664099 -11.450701
v 4.182779 14.586999 -11.434901
v 5.430380 14.485600 -11.419701
v 6.674080 14.359999 -11.404801
v 7.912880 14.208699 -11.389400
v 9.144779 14.027999 -11.373101
v 10.366579 13.811399 -11.355201
v 11.572880 13.549099 -11.334401
v 12.754479 13.227299 -11.308701
v 13.895280 12.827499 -11.275201
v 14.969379 12.329199 -11.230801
v 15.948480 11.725799 -11.172401
v 16.834879 11.043999 -11.098301
v 17.632580 10.300900 -11.012901
v 18.313179 9.488799 -10.922201
v 18.845181 8.608999 -10.843301
v 19.216579 7.678399 -10.791101
v 19.451180 6.720399 -10.778601
v -20.973419 7.601599 -12.781101
v -21.151920 6.637799 -12.781901
v -20.571419 8.523199 -12.819701
v -20.037022 9.401399 -12.880901
v -19.382122 10.227399 -12.938501
v -18.593319 10.978899 -12.997901
v -17.681419 11.642200 -13.053401
v -16.666519 12.210999 -13.093501
v -15.567822 12.679999 -13.110501
v -14.411720 13.057699 -13.108601
v -13.220722 13.363099 -13.093501
v -12.008621 13.612999 -13.070101
v -10.783222 13.820499 -13.041601
v -9.549120 13.994499 -13.010101
v -8.309021 14.140899 -12.976801
v -7.064520 14.263099 -12.942801
v -5.816820 14.363499 -12.908601
v -4.566420 14.441899 -12.876101
v -3.313520 14.494199 -12.855301
v -2.059420 14.525599 -12.836801
v -0.804720 14.538099 -12.819501
v 0.449980 14.531799 -12.803801
v 1.704380 14.505999 -12.789901
v 2.957779 14.459899 -12.777201
v 4.209579 14.392499 -12.764801
v 5.458780 14.303299 -12.754001
v 6.704980 14.191899 -12.743601
v 7.947180 14.056299 -12.732501
v 9.183479 13.892299 -12.720001
v 10.411079 13.692799 -12.705001
v 11.624680 13.447699 -12.685801
v 12.815280 13.142900 -12.659301
v 13.967779 12.760599 -12.622101
v 15.059480 12.283999 -12.570901
v 16.065680 11.706999 -12.504301
v 16.970280 11.038899 -12.425001
v 17.766880 10.293999 -12.339001
v 18.448580 9.482899 -12.248101
v 18.996380 8.610899 -12.168601
v 19.390280 7.688499 -12.114101
v 19.630079 6.733799 -12.097401
v -21.106121 7.616399 -14.103101
v -21.300922 6.656899 -14.098501
v -20.750721 8.547999 -14.138201
v -20.207222 9.421799 -14.201301
v -19.516422 10.228899 -14.266901
v -18.690620 10.955999 -14.333501
v -17.746319 11.591999 -14.393301
v -16.704121 12.131099 -14.436701
v -15.586220 12.573099 -14.457101
v -14.416821 12.927299 -14.456201
v -13.215919 13.210999 -14.439501
v -11.996422 13.440799 -14.412201
v -10.765621 13.629399 -14.378601
v -9.527721 13.785899 -14.341501
v -8.285021 13.916499 -14.302401
v -7.038921 14.024099 -14.262300
v -5.790321 14.110600 -14.222001
v -4.539921 14.176899 -14.183401
v -3.287321 14.217899 -14.159601
v -2.034021 14.242099 -14.138801
v -0.780321 14.251899 -14.120401
v 0.473379 14.247099 -14.105201
v 1.726879 14.226899 -14.093301
v 2.979879 14.190299 -14.084301
v 4.231680 14.136199 -14.077501
v 5.481680 14.062599 -14.073201
v 6.729779 13.968399 -14.069101
v 7.974779 13.851199 -14.064201
v 9.215380 13.707299 -14.057501
v 10.448979 13.529699 -14.047601
v 11.670879 13.307899 -14.032001
v 12.872580 13.027699 -14.007001
v 14.039980 12.671599 -13.968201
v 15.151979 12.222999 -13.912301
v 16.184280 11.674099 -13.839101
v 17.117279 11.029699 -13.753301
v 17.936680 10.299699 -13.661801
v 18.629580 9.495099 -13.569301
v 19.185080 8.626699 -13.488601
v 19.575680 7.704499 -13.434501
v 19.788080 6.747899 -13.418301
v -21.303322 7.638699 -15.415301
v -21.484722 6.677699 -15.409801
v -20.930420 8.565099 -15.456201
v -20.377922 9.434099 -15.522801
v -19.657120 10.224199 -15.596801
v -18.793221 10.923999 -15.671201
v -17.811222 11.525099 -15.735501
v -16.737221 12.026199 -15.780301
v -15.596119 12.431699 -15.800301
v -14.410721 12.753599 -15.796401
v -13.199020 13.008499 -15.774301
v -11.972122 13.212499 -15.740101
v -10.736519 13.377799 -15.698601
v -9.495821 13.513699 -15.653401
v -8.251921 13.626199 -15.606301
v -7.005621 13.717599 -15.558201
v -5.757620 13.788899 -15.509801
v -4.508621 13.839699 -15.462401
v -3.257921 13.865199 -15.433001
v -2.006821 13.879699 -15.408101
v -0.755720 13.886099 -15.388101
v 0.495579 13.883499 -15.373801
v 1.746880 13.870499 -15.365401
v 2.997879 13.846399 -15.362401
v 4.248079 13.809199 -15.364301
v 5.497780 13.754799 -15.368701
v 6.746280 13.679299 -15.373301
v 7.992780 13.582199 -15.376801
v 9.236480 13.461299 -15.378501
v 10.475380 13.309899 -15.376801
v 11.705379 13.117199 -15.368401
v 12.919379 12.869499 -15.348601
v 14.104280 12.548999 -15.311901
v 15.240280 12.137599 -15.254501
v 16.302479 11.623999 -15.176601
v 17.267780 11.008899 -15.084001
v 18.116680 10.300099 -14.985301
v 18.829380 9.506699 -14.888501
v 19.388979 8.641399 -14.805701
v 19.778580 7.719999 -14.750101
v 19.980280 6.762399 -14.733101
v -21.505119 7.655699 -16.726299
v -21.692120 6.696099 -16.716101
v -21.135719 8.582099 -16.770399
v -20.562222 9.441299 -16.844700
v -19.801121 10.207899 -16.929501
v -18.889820 10.870499 -17.011600
v -17.863819 11.426199 -17.078300
v -16.754322 11.879299 -17.120600
v -15.587921 12.239199 -17.134399
v -14.386021 12.520599 -17.121901
v -13.163822 12.740199 -17.089302
v -11.930721 12.913299 -17.043402
v -10.691921 13.051600 -16.990202
v -9.450220 13.164399 -16.933903
v -8.206921 13.257499 -16.876202
v -6.962320 13.330999 -16.817602
v -5.716621 13.385899 -16.758501
v -4.470621 13.419599 -16.699402
v -3.224020 13.424299 -16.660301
v -1.977320 13.427099 -16.628902
v -0.730520 13.429999 -16.606602
v 0.516479 13.430099 -16.593903
v 1.763479 13.425599 -16.590702
v 3.010380 13.416199 -16.597101
v 4.257479 13.399699 -16.611101
v 5.504780 13.368799 -16.628601
v 6.751880 13.313099 -16.644802
v 7.997879 13.235799 -16.658703
v 9.242579 13.138699 -16.671402
v 10.484879 13.016199 -16.681702
v 11.721680 12.857499 -16.685501
v 12.947180 12.649599 -16.676802
v 14.150880 12.374899 -16.648500
v 15.314380 12.012599 -16.594999
v 16.412180 11.546199 -16.516001
v 17.416679 10.970199 -16.417700
v 18.302780 10.289499 -16.310900
v 19.046579 9.513899 -16.206100
v 19.622879 8.655899 -16.117500
v 20.010180 7.734599 -16.059299
v 20.206680 6.775999 -16.040800
v -21.766422 7.677399 -18.025700
v -21.939022 6.716099 -18.014299
v -21.371620 8.596399 -18.081400
v -20.751919 9.435699 -18.169100
v -19.934521 10.166799 -18.266100
v -18.965820 10.778899 -18.353500
v -17.890522 11.276299 -18.417101
v -16.743919 11.670199 -18.449400
v -15.552521 11.975299 -18.448900
v -14.335419 12.208699 -18.419701
v -13.104820 12.387399 -18.369301
v -11.867821 12.525799 -18.305700
v -10.628220 12.634699 -18.235903
v -9.388020 12.723299 -18.165201
v -8.147720 12.796799 -18.094402
v -6.907320 12.849699 -18.021101
v -5.666420 12.886399 -17.947102
v -4.425320 12.902099 -17.872103
v -3.185720 12.883999 -17.820501
v -1.945721 12.874799 -17.780502
v -0.705221 12.875399 -17.756302
v 0.535479 12.878899 -17.746101
v 1.776180 12.882199 -17.749302
v 3.017080 12.886799 -17.766502
v 4.258480 12.892299 -17.796501
v 5.500780 12.892900 -17.835503
v 6.744080 12.860199 -17.868603
v 7.987080 12.799299 -17.893501
v 9.229879 12.721199 -17.917402
v 10.472480 12.627599 -17.943899
v 11.712879 12.504999 -17.966000
v 12.947180 12.342499 -17.976500
v 14.168079 12.123299 -17.966299
v 15.360380 11.824499 -17.926901
v 16.499580 11.422699 -17.854401
v 17.553280 10.902699 -17.754299
v 18.487579 10.262499 -17.639299
v 19.271280 9.511399 -17.524799
v 19.874779 8.665099 -17.427000
v 20.274580 7.747299 -17.362200
v 20.468279 6.788599 -17.341400
v -22.052422 7.696599 -19.320299
v -22.228222 6.735798 -19.302799
v -21.624020 8.605598 -19.392000
v -20.933819 9.410398 -19.498100
v -20.039921 10.085098 -19.605900
v -19.004120 10.627798 -19.691299
v -17.877121 11.051498 -19.741100
v -16.694920 11.374398 -19.751301
v -15.481922 11.616098 -19.724300
v -14.253521 11.795398 -19.667400
v -13.018620 11.929399 -19.590099
v -11.781422 12.031898 -19.501900
v -10.544022 12.111999 -19.410601
v -9.307920 12.179198 -19.324100
v -8.072620 12.234298 -19.237801
v -6.839821 12.256798 -19.139299
v -5.609020 12.266098 -19.037399
v -4.377920 12.264599 -18.942699
v -3.145721 12.240899 -18.891701
v -1.914421 12.222199 -18.842800
v -0.681921 12.222799 -18.818300
v 0.550980 12.229599 -18.811399
v 1.784180 12.238099 -18.820000
v 3.017580 12.251599 -18.845501
v 4.251379 12.271599 -18.888599
v 5.484579 12.308698 -18.959900
v 6.721180 12.315798 -19.028000
v 7.958980 12.268198 -19.063999
v 9.196079 12.190698 -19.088499
v 10.435080 12.119798 -19.132000
v 11.674479 12.032798 -19.179600
v 12.912279 11.917498 -19.219299
v 14.144779 11.760198 -19.240801
v 15.362179 11.538098 -19.231800
v 16.544680 11.222398 -19.181999
v 17.658579 10.784998 -19.091101
v 18.659779 10.209698 -18.971600
v 19.501879 9.498899 -18.844801
v 20.145880 8.671799 -18.734301
v 20.563580 7.759199 -18.660299
v 20.759480 6.801098 -18.635201
v -22.374020 7.712799 -20.608601
v -22.573120 6.754699 -20.577000
v -21.869419 8.597198 -20.707600
v -21.079220 9.343598 -20.833500
v -20.093021 9.936098 -20.942600
v -18.986019 10.387598 -21.010201
v -17.810520 10.721598 -21.028099
v -16.599522 10.963198 -20.998100
v -15.372520 11.135298 -20.928400
v -14.139919 11.257698 -20.830200
v -12.906620 11.346498 -20.715599
v -11.674019 11.415698 -20.596201
v -10.441921 11.473098 -20.481400
v -9.211121 11.529498 -20.386801
v -7.981421 11.574898 -20.287201
v -6.757521 11.555698 -20.146000
v -5.541620 11.500898 -19.964399
v -4.340921 11.412298 -19.726900
v -3.125921 11.503998 -19.861700
v -1.900621 11.482398 -19.807600
v -0.672920 11.482398 -19.782000
v 0.555479 11.491298 -19.777399
v 1.783880 11.501698 -19.787701
v 3.011879 11.519198 -19.817101
v 4.239380 11.540798 -19.861099
v 5.464579 11.585598 -19.939699
v 6.682480 11.668498 -20.095400
v 7.914479 11.651999 -20.161600
v 9.141780 11.540198 -20.152800
v 10.373579 11.469998 -20.196800
v 11.606979 11.418198 -20.280001
v 12.841880 11.348798 -20.360399
v 14.077080 11.252198 -20.428499
v 15.308880 11.111299 -20.470900
v 16.526079 10.897898 -20.470600
v 17.702379 10.574298 -20.414900
v 18.789879 10.103298 -20.306400
v 19.721880 9.465398 -20.169201
v 20.432680 8.673398 -20.040199
v 20.881380 7.770499 -19.952499
v 21.085079 6.813699 -19.921101
v -22.704021 7.719398 -21.898100
v -22.975121 6.772698 -21.834299
v -22.071922 8.550798 -22.033400
v -21.154221 9.202798 -22.169201
v -20.069221 9.682298 -22.256399
v -18.897419 10.021098 -22.278500
v -17.685421 10.253398 -22.237400
v -16.458721 10.408998 -22.143999
v -15.229321 10.511898 -22.013201
v -14.001720 10.580498 -21.860399
v -12.776920 10.627598 -21.698500
v -11.554119 10.666298 -21.540701
v -10.331120 10.705399 -21.397400
v -9.104921 10.779099 -21.331499
v -7.876820 10.812398 -21.211000
v -6.655621 10.770998 -21.044600
v -5.456320 10.669698 -20.792999
v -4.309820 10.507798 -20.399500
v -3.126320 10.654799 -20.672600
v -1.898020 10.667198 -20.669399
v -0.670221 10.666398 -20.640499
v 0.556679 10.674798 -20.634100
v 1.783079 10.685298 -20.644100
v 3.009180 10.700798 -20.669201
v 4.233580 10.728198 -20.721701
v 5.458879 10.735298 -20.730301
v 6.641780 10.876498 -20.986601
v 7.854980 10.940998 -21.157600
v 9.072780 10.801698 -21.117599
v 10.293880 10.686198 -21.097200
v 11.518780 10.662198 -21.219801
v 12.745379 10.633798 -21.351999
v 13.974979 10.587399 -21.475901
v 15.206980 10.515998 -21.584999
v 16.438780 10.401098 -21.662100
v 17.659081 10.208398 -21.682800
v 18.833780 9.885798 -21.626900
v 19.889679 9.377998 -21.500099
v 20.717880 8.661198 -21.349001
v 21.230780 7.780499 -21.238100
v 21.451679 6.826398 -21.197100
v -22.995319 7.702198 -23.201000
v -23.404720 6.789398 -23.083401
v -22.183922 8.430298 -23.366600
v -21.125919 8.940698 -23.478901
v -19.953922 9.276698 -23.501900
v -18.738720 9.489598 -23.438700
v -17.512821 9.619798 -23.306900
v -16.288921 9.696998 -23.128401
v -15.070122 9.742398 -22.924400
v -13.855522 9.771098 -22.713600
v -12.643219 9.788298 -22.504601
v -11.431122 9.803298 -22.307501
v -10.222519 9.809898 -22.097300
v -9.007221 9.914798 -22.108299
v -7.797821 9.921798 -21.924801
v -6.573721 9.906298 -21.818701
v -5.384920 9.788198 -21.539101
v -4.288521 9.589998 -21.044500
v -3.117420 9.742798 -21.363400
v -1.889820 9.778798 -21.402599
v -0.661221 9.781298 -21.376101
v 0.567379 9.788298 -21.367201
v 1.795580 9.799298 -21.377800
v 3.022779 9.811399 -21.396299
v 4.248680 9.832598 -21.436001
v 5.473679 9.853398 -21.466000
v 6.692080 9.923799 -21.570000
v 7.898580 9.898898 -21.341400
v 8.977779 9.956898 -21.927200
v 10.198680 9.841198 -21.898199
v 11.422480 9.800098 -21.989901
v 12.639979 9.796898 -22.166599
v 13.859480 9.784298 -22.344000
v 15.081880 9.758398 -22.517099
v 16.307579 9.714298 -22.680000
v 17.536980 9.632998 -22.809299
v 18.761679 9.473598 -22.868099
v 19.938879 9.160498 -22.818300
v 20.949680 8.604998 -22.669500
v 21.604479 7.787198 -22.519100
v 21.870680 6.840498 -22.459101
v -23.175022 7.623698 -24.525200
v -23.818222 6.803798 -24.341801
v -22.153820 8.170198 -24.674500
v -20.977020 8.491199 -24.694401
v -19.758121 8.669798 -24.592100
v -18.537720 8.765298 -24.401300
v -17.326122 8.813598 -24.156900
v -16.122021 8.836598 -23.888300
v -14.920921 8.847998 -23.618900
v -13.720020 8.852798 -23.357500
v -12.514820 8.857298 -23.121901
v -11.306820 8.862798 -22.903000
v -10.098019 8.870198 -22.691601
v -8.881321 8.916398 -22.547701
v -7.788321 8.875698 -21.989700
v -6.585621 8.901698 -22.234400
v -5.359121 8.856198 -22.184500
v -4.276720 8.659498 -21.660601
v -3.094221 8.788798 -21.954100
v -1.866621 8.826798 -21.990000
v -0.637720 8.832998 -21.968300
v 0.590979 8.840398 -21.961201
v 1.819679 8.849998 -21.969000
v 3.048380 8.859098 -21.979401
v 4.277079 8.869598 -21.990801
v 5.505480 8.884698 -22.003799
v 6.734779 8.907898 -21.948601
v 7.896680 8.866598 -21.542000
v 8.900579 8.930698 -22.251900
v 10.099279 8.911498 -22.531799
v 11.324380 8.867498 -22.606501
v 12.539680 8.868098 -22.793100
v 13.750380 8.872298 -23.009300
v 14.961679 8.869699 -23.230801
v 16.172979 8.861999 -23.461100
v 17.386379 8.843898 -23.691000
v 18.605980 8.799998 -23.894600
v 19.831680 8.689798 -24.020201
v 21.017679 8.403598 -23.987301
v 21.945480 7.772998 -23.812000
v 22.336779 6.854998 -23.708099
v -23.146622 7.392998 -25.836599
v -24.125019 6.816498 -25.636900
v -21.955219 7.665198 -25.843901
v -20.738922 7.782998 -25.667999
v -19.539719 7.832098 -25.382700
v -18.356121 7.851698 -25.046801
v -17.178120 7.858298 -24.700600
v -15.998020 7.859298 -24.368799
v -14.811321 7.859298 -24.065701
v -13.617722 7.858398 -23.788401
v -12.417019 7.858398 -23.539700
v -11.212822 7.858798 -23.304399
v -10.005322 7.863198 -23.081301
v -8.803921 7.878298 -22.821699
v -7.766621 7.837998 -22.164301
v -6.539320 7.857598 -22.111700
v -5.422421 7.851498 -22.616600
v -4.268721 7.714298 -22.243099
v -3.063021 7.801998 -22.446501
v -1.836821 7.825298 -22.421801
v -0.609720 7.832398 -22.398100
v 0.618179 7.839798 -22.390200
v 1.846680 7.847598 -22.392599
v 3.075979 7.854298 -22.393801
v 4.305679 7.857698 -22.378500
v 5.535080 7.862198 -22.348101
v 6.753380 7.864398 -22.171000
v 7.883679 7.833098 -21.680599
v 8.897980 7.875598 -22.375999
v 10.028680 7.886398 -22.863100
v 11.246579 7.872098 -23.041599
v 12.461679 7.873298 -23.228500
v 13.669479 7.880998 -23.452400
v 14.872479 7.885898 -23.698999
v 16.072079 7.889298 -23.964001
v 17.267380 7.891698 -24.251600
v 18.459379 7.891298 -24.558901
v 19.653580 7.881998 -24.866301
v 20.863579 7.837398 -25.110300
v 22.071379 7.633698 -25.131599
v 22.817579 6.870398 -24.955799
v -22.868622 6.823998 -26.933599
v -24.094120 6.832298 -26.970100
v -21.688622 6.820598 -26.605499
v -20.544621 6.820198 -26.178801
v -19.410122 6.820898 -25.733601
v -18.270020 6.821198 -25.303801
v -17.115322 6.821198 -24.913300
v -15.944420 6.820698 -24.570900
v -14.761021 6.820398 -24.268900
v -13.568520 6.819698 -23.997000
v -12.369221 6.818698 -23.746401
v -11.165722 6.818198 -23.510401
v -9.962521 6.818498 -23.272499
v -8.778320 6.822398 -22.951000
v -7.695721 6.805598 -22.378099
v -6.521421 6.813098 -22.025101
v -5.455721 6.791498 -22.631399
v -4.251720 6.769898 -22.837601
v -3.028521 6.779898 -22.796499
v -1.809521 6.790598 -22.693501
v -0.585321 6.796398 -22.651800
v 0.641279 6.803198 -22.640499
v 1.868879 6.809998 -22.636400
v 3.097380 6.815098 -22.628901
v 4.326380 6.815798 -22.602600
v 5.552280 6.812598 -22.528000
v 6.747580 6.808898 -22.249399
v 7.876280 6.798199 -21.770300
v 8.951380 6.817898 -22.368999
v 10.017980 6.831398 -22.979500
v 11.213079 6.831798 -23.264799
v 12.425879 6.836898 -23.458700
v 13.635079 6.843298 -23.669001
v 14.836479 6.848198 -23.913601
v 16.031479 6.852798 -24.185101
v 17.218479 6.857698 -24.488100
v 18.396580 6.862398 -24.826500
v 19.562778 6.867898 -25.209700
v 20.719179 6.874198 -25.632000
v 21.881680 6.881798 -26.051600
v 23.099979 6.887198 -26.261299
v -23.743221 6.379201 11.035999
v -24.963421 6.378001 11.239999
v -22.590420 6.382001 10.591299
v -21.441322 6.385201 10.152399
v -20.277020 6.388201 9.767900
v -19.097221 6.391301 9.442899
v -17.907421 6.393600 9.163099
v -16.710522 6.395401 8.917899
v -15.507420 6.397000 8.704299
v -14.297920 6.398601 8.525999
v -13.081619 6.401801 8.386399
v -11.865322 6.408600 8.229299
v -10.694820 6.411800 7.867300
v -9.582020 6.421300 7.352399
v -8.395521 6.408300 7.650000
v -7.179821 6.403201 7.800499
v -5.955221 6.393301 7.802999
v -4.729521 6.405200 7.768600
v -3.506720 6.409600 7.710700
v -2.283920 6.410800 7.685999
v -1.061321 6.410700 7.710499
v 0.160080 6.409901 7.781799
v 1.381880 6.404400 7.879799
v 2.610779 6.396201 7.859700
v 3.798580 6.415401 7.563200
v 4.833780 6.442801 6.905700
v 5.983280 6.442101 7.329599
v 7.057179 6.461101 7.924500
v 8.238379 6.463000 8.258199
v 9.442080 6.469100 8.501899
v 10.645379 6.475000 8.741399
v 11.844079 6.480900 8.993699
v 13.036180 6.486200 9.267599
v 14.218780 6.490601 9.572799
v 15.388279 6.494901 9.919499
v 16.541380 6.498901 10.313899
v 17.680080 6.503301 10.747899
v 18.814880 6.508801 11.195899
v 19.963379 6.516301 11.622599
v 21.155479 6.525301 11.942799
v 22.395180 6.532101 11.933799
v -23.742519 6.459201 11.041599
v -24.964020 6.457201 11.238400
v -22.587822 6.461501 10.601399
v -21.438820 6.464701 10.161299
v -20.275322 6.467901 9.774699
v -19.096119 6.471100 9.448099
v -17.906521 6.473500 9.167199
v -16.709820 6.475400 8.921199
v -15.506920 6.476901 8.706899
v -14.297520 6.478701 8.527799
v -13.081322 6.482000 8.387499
v -11.865021 6.488801 8.230899
v -10.694321 6.492200 7.869299
v -9.581520 6.500801 7.355100
v -8.393820 6.488600 7.647200
v -7.178421 6.483500 7.795599
v -5.954521 6.473401 7.797200
v -4.729321 6.485500 7.763599
v -3.506720 6.489700 7.705299
v -2.283920 6.490901 7.679900
v -1.061420 6.490800 7.704500
v 0.159679 6.490100 7.776400
v 1.380880 6.484900 7.874800
v 2.608879 6.476400 7.855199
v 3.797279 6.496000 7.564099
v 4.832579 6.522300 6.908599
v 5.984379 6.521901 7.325600
v 7.057579 6.541700 7.921100
v 8.237880 6.543400 8.256599
v 9.441079 6.549201 8.501399
v 10.644179 6.555100 8.741599
v 11.842879 6.560901 8.994699
v 13.034980 6.566200 9.269199
v 14.217380 6.570601 9.574899
v 15.386780 6.574901 9.921899
v 16.539680 6.578901 10.316699
v 17.677879 6.583301 10.751699
v 18.811880 6.588601 11.201599
v 19.959980 6.596001 11.629999
v 21.153280 6.605001 11.950599
v 22.394979 6.611501 11.934299
v -23.743622 6.539201 11.042199
v -24.964821 6.536401 11.237199
v -22.588120 6.541401 10.603199
v -21.438320 6.544601 10.164099
v -20.274822 6.547801 9.777299
v -19.095722 6.551001 9.449999
v -17.906319 6.553501 9.168199
v -16.709721 6.555400 8.921399
v -15.506821 6.557001 8.706599
v -14.297619 6.558701 8.526899
v -13.081322 6.562201 8.386499
v -11.865021 6.569100 8.231199
v -10.693722 6.572600 7.870800
v -9.580921 6.580400 7.356500
v -8.392221 6.568800 7.644199
v -7.176920 6.563800 7.789700
v -5.953920 6.553300 7.789100
v -4.729221 6.565801 7.756599
v -3.506720 6.569700 7.697700
v -2.283821 6.570800 7.671800
v -1.061420 6.570701 7.696300
v 0.159380 6.570301 7.768899
v 1.379879 6.565300 7.867899
v 2.606779 6.556601 7.849199
v 3.796179 6.576601 7.565300
v 4.831280 6.601800 6.910699
v 5.985180 6.601800 7.321700
v 7.057380 6.622200 7.917900
v 8.237679 6.623701 8.253399
v 9.440579 6.629301 8.498399
v 10.643680 6.635100 8.739199
v 11.842480 6.640901 8.992699
v 13.034579 6.646201 9.267499
v 14.217179 6.650601 9.573099
v 15.386879 6.654901 9.919499
v 16.540180 6.658901 10.313399
v 17.678680 6.663301 10.747599
v 18.812279 6.668601 11.197999
v 19.959080 6.675901 11.628699
v 21.151480 6.684901 11.950299
v 22.394579 6.690901 11.933099
v -23.745819 6.619201 11.037299
v -24.966019 6.615701 11.235999
v -22.589520 6.621301 10.599299
v -21.439419 6.624401 10.161399
v -20.275620 6.627701 9.775199
v -19.096420 6.630900 9.447899
v -17.906921 6.633501 9.165799
v -16.710220 6.635301 8.918499
v -15.507320 6.636900 8.702899
v -14.298122 6.638700 8.522899
v -13.081722 6.642301 8.383299
v -11.865120 6.649301 8.230499
v -10.693119 6.653000 7.872000
v -9.580320 6.660000 7.356100
v -8.390621 6.649100 7.639900
v -7.175421 6.643900 7.782199
v -5.953220 6.633000 7.779099
v -4.729221 6.646000 7.747799
v -3.506720 6.649601 7.688200
v -2.283821 6.650600 7.661500
v -1.061321 6.650401 7.685400
v 0.159380 6.650200 7.757900
v 1.379080 6.645501 7.858799
v 2.604580 6.636800 7.842000
v 3.795080 6.657200 7.566500
v 4.829779 6.681400 6.911500
v 5.985880 6.681601 7.317599
v 7.057079 6.702800 7.914199
v 8.237880 6.704000 8.248799
v 9.440680 6.709401 8.493299
v 10.643780 6.715100 8.734199
v 11.842679 6.720901 8.987999
v 13.034980 6.726100 9.262999
v 14.217879 6.730501 9.567999
v 15.388180 6.734701 9.913099
v 16.542780 6.738601 10.304399
v 17.682680 6.742701 10.735099
v 18.817280 6.747501 11.182299
v 19.962980 6.754901 11.612499
v 21.151279 6.764601 11.942199
v 22.392679 6.770301 11.931899
v 22.442179 6.524201 10.591699
v 22.119179 6.516100 9.297400
v 21.695679 6.504601 8.042399
v 21.262980 6.490901 6.794400
v 20.862579 6.476800 5.536399
v 20.518579 6.462201 4.261499
v 20.228979 6.447300 2.972100
v 19.982479 6.432800 1.672300
v 19.773380 6.418300 0.364000
v 19.589180 6.403400 -0.950100
v 19.421980 6.388000 -2.268600
v 19.264580 6.371900 -3.589601
v 19.073679 6.346799 -4.906800
v 18.715580 6.311500 -6.187800
v 18.055080 6.277299 -7.340200
v 18.009180 6.216499 -8.666700
v 18.993080 6.341999 -9.550101
v 19.498079 6.400799 -10.779701
v 19.666880 6.414299 -12.101101
v 19.817080 6.428499 -13.422401
v 20.004280 6.442899 -14.736901
v 20.227480 6.456499 -16.044300
v 20.487179 6.468998 -17.344299
v 20.777479 6.481598 -18.637400
v 21.103680 6.494499 -19.922199
v 21.472380 6.507499 -21.197001
v 21.894680 6.521998 -22.458099
v 22.364679 6.537298 -23.706699
v 22.846079 6.552998 -24.956600
v 23.098080 6.570198 -26.272900
v 22.448380 6.604001 10.590399
v 22.133680 6.595201 9.292299
v 21.709679 6.583701 8.036399
v 21.273680 6.570401 6.789400
v 20.869678 6.556601 5.532700
v 20.522579 6.542100 4.258800
v 20.230780 6.527300 2.970000
v 19.982679 6.512800 1.670600
v 19.772280 6.498300 0.362500
v 19.587179 6.483400 -0.951500
v 19.419180 6.468100 -2.270000
v 19.261179 6.452000 -3.590801
v 19.069080 6.427299 -4.908101
v 18.710579 6.391900 -6.188900
v 18.053379 6.356999 -7.344601
v 17.992779 6.295499 -8.670400
v 18.976679 6.421399 -9.552501
v 19.487780 6.480799 -10.779101
v 19.660980 6.494399 -12.099601
v 19.814178 6.508599 -13.420701
v 20.002779 6.522999 -14.735101
v 20.226780 6.536499 -16.042601
v 20.486980 6.548998 -17.342600
v 20.777679 6.561599 -18.635799
v 21.104279 6.574399 -19.920601
v 21.473379 6.587298 -21.195299
v 21.896580 6.601898 -22.455799
v 22.367380 6.617098 -23.703699
v 22.849779 6.632798 -24.953199
v 23.098080 6.649398 -26.270500
v 22.447380 6.683901 10.590399
v 22.134079 6.675200 9.291099
v 21.712780 6.663701 8.033999
v 21.277279 6.650401 6.786699
v 20.872280 6.636600 5.530300
v 20.523579 6.622200 4.256899
v 20.230080 6.607300 2.968499
v 19.980379 6.592800 1.669399
v 19.768780 6.578300 0.361400
v 19.582779 6.563400 -0.952500
v 19.414280 6.548100 -2.270900
v 19.255980 6.532100 -3.591600
v 19.063480 6.507599 -4.909201
v 18.705379 6.472199 -6.190101
v 18.050779 6.436699 -7.348900
v 17.975479 6.374100 -8.674401
v 18.960480 6.500899 -9.554601
v 19.476879 6.560799 -10.778501
v 19.653179 6.574399 -12.098501
v 19.808180 6.588499 -13.419501
v 19.998280 6.602999 -14.734001
v 20.223179 6.616498 -16.041401
v 20.483879 6.628999 -17.341499
v 20.774780 6.641499 -18.634800
v 21.101179 6.654299 -19.919901
v 21.469980 6.667199 -21.194799
v 21.893080 6.681698 -22.455200
v 22.365179 6.696898 -23.702299
v 22.848379 6.712798 -24.950899
v 23.098080 6.728598 -26.268499
v 22.438679 6.763501 10.590799
v 22.126680 6.755001 9.292199
v 21.707579 6.743600 8.034399
v 21.274179 6.730401 6.786200
v 20.869879 6.716600 5.529399
v 20.520679 6.702100 4.255899
v 20.226280 6.687300 2.967700
v 19.975380 6.672700 1.668700
v 19.762779 6.658200 0.360799
v 19.575979 6.643300 -0.953101
v 19.407080 6.628000 -2.271200
v 19.248680 6.612100 -3.592000
v 19.056679 6.587900 -4.909901
v 18.700979 6.552599 -6.192300
v 18.047779 6.516399 -7.353200
v 17.957180 6.452499 -8.678801
v 18.944479 6.580399 -9.556401
v 19.464880 6.640699 -10.778301
v 19.643280 6.654299 -12.097701
v 19.799879 6.668399 -13.418601
v 19.991079 6.682799 -14.733201
v 20.216780 6.696399 -16.040800
v 20.477879 6.708899 -17.341101
v 20.768980 6.721398 -18.634600
v 21.094980 6.734098 -19.920000
v 21.462679 6.746899 -21.195400
v 21.884180 6.761298 -22.456400
v 22.355080 6.776498 -23.703600
v 22.842279 6.792698 -24.950399
v 23.098579 6.807798 -26.266500
v 21.877079 6.563098 -26.070601
v 20.718380 6.556098 -25.640900
v 19.564079 6.549498 -25.213900
v 18.398579 6.543598 -24.829901
v 17.221079 6.538498 -24.492399
v 16.034279 6.533298 -24.191099
v 14.839379 6.528498 -23.922001
v 13.637679 6.523498 -23.680099
v 12.428579 6.516998 -23.471001
v 11.215879 6.510898 -23.273899
v 10.022579 6.509198 -22.984200
v 8.956779 6.495998 -22.375601
v 7.877480 6.483299 -21.784401
v 6.751579 6.487898 -22.269600
v 5.557680 6.490998 -22.554800
v 4.330980 6.495198 -22.633499
v 3.102280 6.495198 -22.662300
v 1.874180 6.490498 -22.672400
v 0.646679 6.483998 -22.679300
v -0.580120 6.477498 -22.693001
v -1.805321 6.471298 -22.736601
v -3.028120 6.460198 -22.839001
v -4.256920 6.449098 -22.864901
v -5.458221 6.468698 -22.625799
v -6.524521 6.494699 -22.020201
v -7.689621 6.486598 -22.396900
v -8.775820 6.500298 -22.968100
v -9.959522 6.497598 -23.291100
v -11.163822 6.497998 -23.529600
v -12.367321 6.498898 -23.764601
v -13.566120 6.500098 -24.013599
v -14.758320 6.500798 -24.284401
v -15.941021 6.501198 -24.586901
v -17.110222 6.501898 -24.932600
v -18.261822 6.502398 -25.329500
v -19.398121 6.503298 -25.768101
v -20.529720 6.505098 -26.222700
v -21.675121 6.508698 -26.657000
v -22.865219 6.513298 -26.984100
v -24.104820 6.514298 -26.979300
v 21.875679 6.643098 -26.075600
v 20.714779 6.635598 -25.650900
v 19.560480 6.628998 -25.223101
v 18.395779 6.623198 -24.837099
v 17.218679 6.618298 -24.497900
v 16.032179 6.613198 -24.195400
v 14.837480 6.608498 -23.925200
v 13.635980 6.603498 -23.682301
v 12.427079 6.597098 -23.472200
v 11.214580 6.591098 -23.274599
v 10.021379 6.589698 -22.983400
v 8.955979 6.576498 -22.373800
v 7.877279 6.561998 -21.782400
v 6.749579 6.568098 -22.264299
v 5.556280 6.571398 -22.549299
v 4.329979 6.575498 -22.628401
v 3.101179 6.575398 -22.657101
v 1.872879 6.570598 -22.666599
v 0.645380 6.563998 -22.673000
v -0.581320 6.557498 -22.686501
v -1.805820 6.551498 -22.730400
v -3.027920 6.540498 -22.833300
v -4.255720 6.529398 -22.860701
v -5.457521 6.549398 -22.627100
v -6.523920 6.574099 -22.023701
v -7.691120 6.566398 -22.393000
v -8.776720 6.580898 -22.964500
v -9.959621 6.577898 -23.289101
v -11.163422 6.578198 -23.528500
v -12.366821 6.578998 -23.764200
v -13.565620 6.580098 -24.013901
v -14.757721 6.580798 -24.285400
v -15.940319 6.581198 -24.588301
v -17.109421 6.581898 -24.934299
v -18.260719 6.582398 -25.331600
v -19.396519 6.583298 -25.771200
v -20.527321 6.584998 -26.227699
v -21.672321 6.588498 -26.663700
v -22.863720 6.592998 -26.991301
v -24.105320 6.593698 -26.979200
v 21.876080 6.723098 -26.075100
v 20.714380 6.715398 -25.651600
v 19.559179 6.708798 -25.225300
v 18.394279 6.703098 -24.839399
v 17.217279 6.698198 -24.499599
v 16.030880 6.693198 -24.196301
v 14.836279 6.688498 -23.925301
v 13.634879 6.683598 -23.681700
v 12.426080 6.677098 -23.471201
v 11.213579 6.671398 -23.273500
v 10.020180 6.670298 -22.982300
v 8.954780 6.656898 -22.372200
v 7.876980 6.640799 -21.779499
v 6.748079 6.648398 -22.259399
v 5.554979 6.651898 -22.543301
v 4.328779 6.655698 -22.621700
v 3.099979 6.655398 -22.649799
v 1.871580 6.650498 -22.658800
v 0.644079 6.643898 -22.664400
v -0.582521 6.637398 -22.677700
v -1.806620 6.631498 -22.722000
v -3.027821 6.620798 -22.825701
v -4.254421 6.609698 -22.855000
v -5.456821 6.630098 -22.628300
v -6.523220 6.653599 -22.026300
v -7.692421 6.646198 -22.389099
v -8.777121 6.661398 -22.960899
v -9.960121 6.658198 -23.285400
v -11.163620 6.658298 -23.524900
v -12.367020 6.658998 -23.761101
v -13.565819 6.660098 -24.011299
v -14.758022 6.660798 -24.283001
v -15.940720 6.661198 -24.585899
v -17.110020 6.661798 -24.931299
v -18.261822 6.662398 -25.327700
v -19.397919 6.663298 -25.766600
v -20.528320 6.664998 -26.223700
v -21.672020 6.668398 -26.662001
v -22.862522 6.672898 -26.990400
v -24.105621 6.673098 -26.977501
v 21.877680 6.802898 -26.068701
v 20.715380 6.795098 -25.646200
v 19.559780 6.788498 -25.221201
v 18.394480 6.782898 -24.836201
v 17.217079 6.778098 -24.496799
v 16.030579 6.773098 -24.193300
v 14.835879 6.768398 -23.921900
v 13.634480 6.763498 -23.677900
v 12.425480 6.757098 -23.467501
v 11.212879 6.751698 -23.270901
v 10.019079 6.750798 -22.980900
v 8.953279 6.737398 -22.370600
v 7.876679 6.719499 -21.775499
v 6.747680 6.728598 -22.254700
v 5.553680 6.732298 -22.536501
v 4.327579 6.735898 -22.613400
v 3.098679 6.735298 -22.640800
v 1.870279 6.730398 -22.649000
v 0.642679 6.723698 -22.653799
v -0.583921 6.716998 -22.666201
v -1.807821 6.711298 -22.710100
v -3.027821 6.700898 -22.815800
v -4.253120 6.689898 -22.848000
v -5.456020 6.710798 -22.629400
v -6.522421 6.733299 -22.027100
v -7.693821 6.725998 -22.384501
v -8.777521 6.741898 -22.956800
v -9.960922 6.738398 -23.280300
v -11.164322 6.738298 -23.519300
v -12.367722 6.738998 -23.755501
v -13.566719 6.739998 -24.005899
v -14.759121 6.740698 -24.277800
v -15.942020 6.741098 -24.580200
v -17.112022 6.741598 -24.924200
v -18.265022 6.742098 -25.318300
v -19.402519 6.742598 -25.753901
v -20.533920 6.743898 -26.207800
v -21.676620 6.747398 -26.645599
v -22.862919 6.752598 -26.981899
v -24.104321 6.752498 -26.975700
v -24.155422 6.499898 -25.637600
v -23.832920 6.487098 -24.343399
v -23.408619 6.471398 -23.089100
v -22.975021 6.453598 -21.841999
v -22.574120 6.435099 -20.584801
v -22.233421 6.415899 -19.309900
v -21.948921 6.396199 -18.020700
v -21.707420 6.376199 -16.721701
v -21.502819 6.357999 -15.415101
v -21.323421 6.337199 -14.103501
v -21.176922 6.317599 -12.786501
v -21.049122 6.290799 -11.466000
v -20.929920 6.281999 -10.140900
v -20.672020 6.256599 -8.837000
v -20.016422 6.250599 -7.681301
v -19.799419 6.200200 -6.372100
v -20.736019 6.283000 -5.433200
v -21.254921 6.313900 -4.208701
v -21.435619 6.320400 -2.890701
v -21.594719 6.325500 -1.570300
v -21.783619 6.330000 -0.256100
v -22.003422 6.334200 1.051300
v -22.255520 6.338800 2.351599
v -22.539921 6.343300 3.644700
v -22.861519 6.347500 4.929399
v -23.229820 6.351501 6.203000
v -23.663620 6.357201 7.458899
v -24.160019 6.363501 8.696499
v -24.679119 6.369901 9.930899
v -24.162121 6.579698 -25.635700
v -23.847519 6.566198 -24.337799
v -23.422619 6.550498 -23.082701
v -22.985622 6.533099 -21.836599
v -22.581120 6.514899 -20.580700
v -22.237419 6.495899 -19.306801
v -21.950722 6.476298 -18.018200
v -21.707420 6.456298 -16.719601
v -21.502022 6.437999 -15.413101
v -21.321522 6.417299 -14.101701
v -21.174522 6.397799 -12.785001
v -21.045120 6.370899 -11.464601
v -20.927021 6.362399 -10.139801
v -20.670620 6.337100 -8.835801
v -20.018322 6.330299 -7.677001
v -19.788921 6.280000 -6.370300
v -20.724121 6.362700 -5.430901
v -21.247520 6.394100 -4.208601
v -21.431622 6.400500 -2.891201
v -21.592720 6.405600 -1.570900
v -21.782719 6.410000 -0.256700
v -22.003120 6.414300 1.050600
v -22.255619 6.418800 2.350899
v -22.540421 6.423300 3.643899
v -22.862419 6.427500 4.928699
v -23.231022 6.431400 6.202099
v -23.665520 6.437000 7.457600
v -24.162922 6.443300 8.694499
v -24.683022 6.449801 9.928199
v -24.161621 6.659598 -25.635099
v -23.848419 6.646198 -24.336000
v -23.426022 6.630498 -23.079800
v -22.989422 6.613099 -21.833401
v -22.583820 6.594899 -20.577900
v -22.238319 6.575899 -19.304501
v -21.950020 6.556299 -18.016199
v -21.705219 6.536299 -16.717899
v -21.498821 6.517999 -15.411601
v -21.317219 6.497299 -14.100301
v -21.169819 6.477899 -12.783701
v -21.039120 6.450899 -11.463501
v -20.922821 6.442799 -10.139001
v -20.669121 6.417500 -8.834401
v -20.019619 6.410100 -7.672801
v -19.777519 6.359499 -6.368300
v -20.712719 6.442500 -5.429400
v -21.239719 6.474299 -4.208500
v -21.425819 6.480600 -2.891300
v -21.587921 6.485600 -1.571100
v -21.778721 6.490000 -0.256800
v -21.999821 6.494200 1.050600
v -22.252819 6.498800 2.350800
v -22.537819 6.503301 3.643899
v -22.859722 6.507401 4.928800
v -23.228020 6.511301 6.202499
v -23.662521 6.516800 7.457900
v -24.160919 6.523301 8.693899
v -24.682022 6.529901 9.926899
v -24.153622 6.739298 -25.634899
v -23.841621 6.725998 -24.336500
v -23.421322 6.710398 -23.079599
v -22.986622 6.693099 -21.832399
v -22.581619 6.674899 -20.576500
v -22.235821 6.655999 -19.302999
v -21.946522 6.636299 -18.014799
v -21.700520 6.616299 -16.716700
v -21.493420 6.597999 -15.410401
v -21.310619 6.577199 -14.099201
v -21.162022 6.557899 -12.782701
v -21.030121 6.530699 -11.462801
v -20.917122 6.523099 -10.138501
v -20.668522 6.498000 -8.832401
v -20.021019 6.489900 -7.668601
v -19.765522 6.438900 -6.366100
v -20.701820 6.522299 -5.428801
v -21.231121 6.554399 -4.208400
v -21.418022 6.560600 -2.891100
v -21.580719 6.565400 -1.570900
v -21.772121 6.569800 -0.256400
v -21.993820 6.574100 1.051000
v -22.247219 6.578600 2.351300
v -22.532322 6.583100 3.644599
v -22.853920 6.587201 4.929800
v -23.221321 6.591001 6.203899
v -23.654320 6.596500 7.460000
v -24.151722 6.602901 8.696099
v -24.676620 6.609801 9.927199
vn -0.3858 -0.8318 0.3991
vn -0.8265 -0.5354 -0.1738
vn -0.4907 -0.7741 0.4000
vn 0.1351 -0.5925 0.7942
vn 0.0269 -0.6141 0.7887
vn 0.3021 -0.3287 0.8948
vn 0.2033 -0.4229 0.8831
vn 0.3122 -0.2208 0.9240
vn 0.2349 -0.3241 0.9164
vn 0.2793 -0.1809 0.9430
vn 0.2187 -0.2790 0.9351
vn 0.2400 -0.1653 0.9566
vn 0.1927 -0.2556 0.9474
vn 0.2087 -0.1529 0.9659
vn 0.1701 -0.2389 0.9560
vn 0.1831 -0.1418 0.9728
vn 0.1442 -0.2264 0.9633
vn 0.1555 -0.1324 0.9789
vn 0.1221 -0.2174 0.9684
vn 0.1283 -0.1241 0.9839
vn 0.1332 -0.2251 0.9652
vn 0.1240 -0.1271 0.9841
vn 0.1215 -0.2243 0.9669
vn 0.1801 -0.1051 0.9780
vn 0.3206 -0.0983 0.9421
vn 0.3686 -0.0250 0.9293
vn 0.0980 -0.0734 0.9925
vn 0.0815 -0.0473 0.9955
vn -0.1731 -0.0933 0.9805
vn -0.1770 -0.0276 0.9838
vn -0.0541 -0.1276 0.9903
vn -0.0646 -0.0520 0.9966
vn 0.0076 -0.1272 0.9918
vn 0.0127 -0.0461 0.9989
vn 0.0247 -0.1207 0.9924
vn 0.0330 -0.0398 0.9987
vn 0.0175 -0.1050 0.9943
vn 0.0301 -0.0230 0.9993
vn -0.0033 -0.0938 0.9956
vn 0.0007 -0.0150 0.9999
vn -0.0230 -0.0950 0.9952
vn -0.0326 -0.0234 0.9992
vn -0.0427 -0.1127 0.9927
vn -0.0630 -0.0465 0.9969
vn -0.0424 -0.1299 0.9906
vn -0.0393 -0.0559 0.9977
vn 0.0959 -0.0950 0.9908
vn 0.1249 -0.0291 0.9917
vn 0.3962 -0.0370 0.9174
vn 0.4012 -0.0119 0.9159
vn 0.0509 -0.0483 0.9975
vn 0.0729 0.0015 0.9973
vn -0.3907 -0.0303 0.9200
vn -0.3900 0.0480 0.9196
vn -0.2930 -0.1025 0.9506
vn -0.3628 -0.0539 0.9303
vn -0.1985 -0.1607 0.9668
vn -0.2297 -0.0947 0.9686
vn -0.1799 -0.1848 0.9662
vn -0.1920 -0.1033 0.9759
vn -0.1809 -0.1998 0.9630
vn -0.1942 -0.1138 0.9743
vn -0.1922 -0.2162 0.9572
vn -0.2081 -0.1280 0.9697
vn -0.2110 -0.2359 0.9486
vn -0.2291 -0.1421 0.9630
vn -0.2324 -0.2605 0.9371
vn -0.2569 -0.1584 0.9534
vn -0.2477 -0.2993 0.9214
vn -0.2870 -0.1838 0.9401
vn -0.2420 -0.3619 0.9003
vn -0.3087 -0.2318 0.9225
vn -0.1962 -0.4561 0.8680
vn -0.3062 -0.3187 0.8970
vn -0.0862 -0.5835 0.8076
vn -0.2576 -0.4585 0.8505
vn 0.1215 -0.7233 0.6798
vn -0.1322 -0.6631 0.7368
vn 0.4495 -0.7933 0.4107
vn 0.0839 -0.8966 0.4349
vn 0.4897 -0.8675 0.0875
vn 0.0048 -1.0000 0.0009
vn -0.9016 -0.2703 -0.3376
vn -0.8311 -0.5440 -0.1158
vn -0.4650 -0.8125 0.3516
vn -0.1068 -0.7474 0.6557
vn 0.0717 -0.6149 0.7853
vn 0.1333 -0.5213 0.8429
vn 0.1427 -0.4661 0.8732
vn 0.1349 -0.4321 0.8917
vn 0.1184 -0.4084 0.9051
vn 0.1052 -0.3920 0.9139
vn 0.1526 -0.3802 0.9122
vn 0.0514 -0.3886 0.9200
vn 0.1333 -0.2736 0.9526
vn 0.1205 -0.1198 0.9855
vn -0.1082 -0.2218 0.9691
vn -0.0259 -0.2902 0.9566
vn 0.0012 -0.2868 0.9580
vn 0.0131 -0.2798 0.9600
vn 0.0012 -0.2666 0.9638
vn -0.0102 -0.2567 0.9664
vn -0.0162 -0.2558 0.9666
vn -0.0187 -0.2637 0.9644
vn -0.0393 -0.2853 0.9576
vn 0.0044 -0.2584 0.9660
vn 0.3388 -0.1196 0.9332
vn 0.0692 -0.0965 0.9929
vn -0.3377 -0.1613 0.9273
vn -0.1996 -0.2553 0.9460
vn -0.1439 -0.3096 0.9399
vn -0.1430 -0.3455 0.9275
vn -0.1470 -0.3733 0.9160
vn -0.1549 -0.3987 0.9039
vn -0.1636 -0.4270 0.8893
vn -0.1650 -0.4690 0.8677
vn -0.1443 -0.5274 0.8373
vn -0.0890 -0.6055 0.7909
vn 0.0182 -0.6977 0.7162
vn 0.1939 -0.7822 0.5920
vn 0.4455 -0.8065 0.3887
vn 0.7298 -0.6775 0.0920
vn 0.7921 -0.5971 -0.1265
vn -0.9257 -0.1787 -0.3333
vn -0.8996 -0.3540 -0.2556
vn -0.7318 -0.6816 0.0004
vn -0.4342 -0.8428 0.3182
vn -0.1760 -0.8203 0.5441
vn -0.0250 -0.7412 0.6708
vn 0.0449 -0.6708 0.7403
vn 0.0688 -0.6200 0.7816
vn 0.0748 -0.5830 0.8090
vn 0.0684 -0.5569 0.8278
vn 0.1054 -0.5185 0.8485
vn 0.0483 -0.4760 0.8781
vn -0.0722 -0.4899 0.8688
vn 0.0439 -0.3695 0.9282
vn 0.0338 -0.3867 0.9216
vn 0.0230 -0.4335 0.9008
vn -0.0167 -0.4465 0.8946
vn 0.0033 -0.4358 0.9000
vn -0.0108 -0.4279 0.9037
vn -0.0135 -0.4231 0.9060
vn -0.0130 -0.4221 0.9065
vn -0.0093 -0.4235 0.9058
vn -0.0098 -0.4334 0.9012
vn -0.0829 -0.4567 0.8858
vn 0.1264 -0.3236 0.9377
vn 0.1214 -0.1097 0.9865
vn -0.1930 -0.3121 0.9302
vn -0.0988 -0.4471 0.8890
vn -0.0795 -0.4608 0.8839
vn -0.0893 -0.4992 0.8618
vn -0.0940 -0.5317 0.8417
vn -0.0974 -0.5665 0.8183
vn -0.0905 -0.6059 0.7904
vn -0.0620 -0.6534 0.7545
vn -0.0070 -0.7113 0.7029
vn 0.0868 -0.7729 0.6286
vn 0.2299 -0.8224 0.5204
vn 0.4254 -0.8288 0.3635
vn 0.6556 -0.7402 0.1494
vn 0.8530 -0.5130 -0.0959
vn 0.8939 -0.3808 -0.2366
vn -0.9440 -0.1479 -0.2948
vn -0.9257 -0.2701 -0.2649
vn -0.8308 -0.5376 -0.1437
vn -0.6357 -0.7688 0.0692
vn -0.4014 -0.8687 0.2904
vn -0.2092 -0.8647 0.4567
vn -0.0884 -0.8215 0.5633
vn -0.0251 -0.7753 0.6311
vn 0.0055 -0.7362 0.6767
vn 0.0142 -0.7035 0.7106
vn 0.0095 -0.6747 0.7381
vn 0.0220 -0.6189 0.7851
vn -0.0443 -0.6323 0.7735
vn -0.0304 -0.6418 0.7663
vn 0.0206 -0.6227 0.7822
vn 0.0262 -0.5865 0.8095
vn -0.0129 -0.5885 0.8084
vn -0.0051 -0.5847 0.8112
vn -0.0152 -0.5804 0.8142
vn -0.0142 -0.5785 0.8155
vn -0.0108 -0.5777 0.8162
vn -0.0070 -0.5771 0.8166
vn 0.0046 -0.5695 0.8219
vn -0.0493 -0.5779 0.8146
vn -0.1368 -0.6092 0.7811
vn 0.0093 -0.4637 0.8859
vn 0.0791 -0.4661 0.8812
vn 0.0270 -0.5641 0.8252
vn -0.0641 -0.6217 0.7806
vn -0.0266 -0.6409 0.7672
vn -0.0310 -0.6746 0.7376
vn -0.0203 -0.7075 0.7065
vn 0.0035 -0.7462 0.6658
vn 0.0515 -0.7869 0.6149
vn 0.1301 -0.8255 0.5492
vn 0.2456 -0.8533 0.4599
vn 0.4010 -0.8511 0.3388
vn 0.5880 -0.7885 0.1805
vn 0.7767 -0.6298 -0.0070
vn 0.9069 -0.3787 -0.1846
vn 0.9315 -0.2450 -0.2688
vn -0.9575 -0.1363 -0.2541
vn -0.9418 -0.2362 -0.2392
vn -0.8732 -0.4532 -0.1791
vn -0.7382 -0.6724 -0.0546
vn -0.5521 -0.8267 0.1088
vn -0.3654 -0.8927 0.2639
vn -0.2198 -0.8974 0.3825
vn -0.1266 -0.8762 0.4651
vn -0.0742 -0.8500 0.5216
vn -0.0493 -0.8241 0.5643
vn -0.0457 -0.8023 0.5951
vn -0.0358 -0.7834 0.6205
vn -0.0346 -0.7699 0.6372
vn -0.0409 -0.7710 0.6355
vn -0.0193 -0.7624 0.6469
vn -0.0078 -0.7411 0.6714
vn -0.0133 -0.7312 0.6820
vn -0.0131 -0.7257 0.6879
vn -0.0163 -0.7228 0.6909
vn -0.0157 -0.7221 0.6916
vn -0.0103 -0.7208 0.6930
vn -0.0096 -0.7188 0.6952
vn -0.0149 -0.7152 0.6987
vn -0.0229 -0.7060 0.7079
vn -0.0653 -0.7339 0.6761
vn -0.0457 -0.7741 0.6314
vn 0.0498 -0.7588 0.6494
vn 0.0797 -0.7053 0.7044
vn 0.0217 -0.7399 0.6724
vn 0.0387 -0.7691 0.6380
vn 0.0402 -0.7944 0.6060
vn 0.0578 -0.8202 0.5692
vn 0.0946 -0.8450 0.5264
vn 0.1555 -0.8673 0.4728
vn 0.2480 -0.8805 0.4040
vn 0.3730 -0.8736 0.3125
vn 0.5275 -0.8268 0.1953
vn 0.6957 -0.7163 0.0544
vn 0.8449 -0.5268 -0.0928
vn 0.9342 -0.2885 -0.2098
vn 0.9513 -0.1700 -0.2573
vn -0.9667 -0.1249 -0.2232
vn -0.9530 -0.2177 -0.2107
vn -0.8963 -0.4080 -0.1739
vn -0.7917 -0.6028 -0.0993
vn -0.6427 -0.7661 0.0105
vn -0.4749 -0.8702 0.1314
vn -0.3252 -0.9153 0.2378
vn -0.2149 -0.9233 0.3182
vn -0.1454 -0.9153 0.3756
vn -0.1062 -0.9026 0.4172
vn -0.0875 -0.8904 0.4467
vn -0.0727 -0.8817 0.4662
vn -0.0577 -0.8728 0.4847
vn -0.0514 -0.8679 0.4940
vn -0.0400 -0.8631 0.5034
vn -0.0306 -0.8573 0.5140
vn -0.0231 -0.8519 0.5232
vn -0.0191 -0.8485 0.5289
vn -0.0167 -0.8465 0.5321
vn -0.0139 -0.8459 0.5331
vn -0.0122 -0.8455 0.5339
vn -0.0117 -0.8438 0.5365
vn -0.0149 -0.8438 0.5365
vn -0.0137 -0.8451 0.5345
vn -0.0110 -0.8529 0.5220
vn -0.0014 -0.8692 0.4944
vn 0.0334 -0.8744 0.4841
vn 0.0667 -0.8648 0.4977
vn 0.0765 -0.8644 0.4969
vn 0.0870 -0.8706 0.4843
vn 0.0986 -0.8815 0.4618
vn 0.1234 -0.8932 0.4325
vn 0.1680 -0.9031 0.3951
vn 0.2386 -0.9070 0.3470
vn 0.3395 -0.8970 0.2831
vn 0.4688 -0.8606 0.1990
vn 0.6173 -0.7810 0.0952
vn 0.7655 -0.6431 -0.0202
vn 0.8845 -0.4485 -0.1286
vn 0.9506 -0.2356 -0.2021
vn 0.9649 -0.1325 -0.2266
vn -0.9735 -0.1141 -0.1983
vn -0.9610 -0.2032 -0.1874
vn -0.9111 -0.3801 -0.1592
vn -0.8233 -0.5571 -0.1086
vn -0.6982 -0.7152 -0.0333
vn -0.5486 -0.8342 0.0562
vn -0.4018 -0.9046 0.1424
vn -0.2822 -0.9358 0.2115
vn -0.1997 -0.9443 0.2615
vn -0.1485 -0.9436 0.2960
vn -0.1180 -0.9404 0.3189
vn -0.0959 -0.9382 0.3325
vn -0.0759 -0.9365 0.3425
vn -0.0608 -0.9358 0.3474
vn -0.0474 -0.9356 0.3498
vn -0.0360 -0.9363 0.3495
vn -0.0262 -0.9371 0.3482
vn -0.0197 -0.9372 0.3482
vn -0.0152 -0.9374 0.3479
vn -0.0112 -0.9376 0.3476
vn -0.0103 -0.9378 0.3470
vn -0.0097 -0.9379 0.3469
vn -0.0098 -0.9386 0.3448
vn -0.0041 -0.9397 0.3419
vn 0.0071 -0.9401 0.3409
vn 0.0210 -0.9413 0.3370
vn 0.0407 -0.9409 0.3361
vn 0.0680 -0.9375 0.3413
vn 0.0937 -0.9336 0.3460
vn 0.1127 -0.9321 0.3442
vn 0.1343 -0.9328 0.3345
vn 0.1671 -0.9338 0.3164
vn 0.2196 -0.9317 0.2892
vn 0.2989 -0.9209 0.2502
vn 0.4079 -0.8920 0.1950
vn 0.5398 -0.8331 0.1210
vn 0.6805 -0.7320 0.0328
vn 0.8107 -0.5826 -0.0575
vn 0.9094 -0.3946 -0.1317
vn 0.9624 -0.2047 -0.1783
vn 0.9737 -0.1168 -0.1958
vn -0.9791 -0.1055 -0.1738
vn -0.9676 -0.1911 -0.1649
vn -0.9223 -0.3590 -0.1433
vn -0.8446 -0.5247 -0.1061
vn -0.7348 -0.6765 -0.0501
vn -0.5989 -0.8006 0.0184
vn -0.4561 -0.8857 0.0867
vn -0.3307 -0.9328 0.1430
vn -0.2376 -0.9540 0.1830
vn -0.1751 -0.9624 0.2079
vn -0.1340 -0.9662 0.2202
vn -0.1034 -0.9695 0.2223
vn -0.0775 -0.9731 0.2172
vn -0.0572 -0.9766 0.2071
vn -0.0392 -0.9800 0.1950
vn -0.0258 -0.9834 0.1795
vn -0.0168 -0.9856 0.1683
vn -0.0130 -0.9870 0.1602
vn -0.0092 -0.9879 0.1551
vn -0.0060 -0.9883 0.1523
vn -0.0052 -0.9886 0.1502
vn -0.0047 -0.9890 0.1481
vn -0.0035 -0.9892 0.1463
vn -0.0011 -0.9893 0.1458
vn 0.0061 -0.9885 0.1513
vn 0.0188 -0.9863 0.1642
vn 0.0354 -0.9824 0.1835
vn 0.0609 -0.9771 0.2040
vn 0.0922 -0.9704 0.2233
vn 0.1192 -0.9647 0.2350
vn 0.1498 -0.9596 0.2380
vn 0.1915 -0.9538 0.2315
vn 0.2529 -0.9434 0.2146
vn 0.3420 -0.9214 0.1844
vn 0.4589 -0.8778 0.1371
vn 0.5936 -0.8014 0.0732
vn 0.7274 -0.6862 -0.0006
vn 0.8404 -0.5372 -0.0717
vn 0.9241 -0.3621 -0.1222
vn 0.9712 -0.1838 -0.1514
vn 0.9812 -0.1008 -0.1646
vn -0.9835 -0.0975 -0.1521
vn -0.9727 -0.1810 -0.1452
vn -0.9302 -0.3443 -0.1272
vn -0.8599 -0.5009 -0.0981
vn -0.7620 -0.6452 -0.0549
vn -0.6363 -0.7715 0.0002
vn -0.4956 -0.8668 0.0560
vn -0.3651 -0.9254 0.1017
vn -0.2616 -0.9561 0.1319
vn -0.1872 -0.9713 0.1467
vn -0.1336 -0.9800 0.1472
vn -0.0917 -0.9868 0.1338
vn -0.0576 -0.9923 0.1094
vn -0.0354 -0.9960 0.0822
vn -0.0162 -0.9978 0.0637
vn -0.0047 -0.9987 0.0503
vn -0.0025 -0.9991 0.0412
vn -0.0022 -0.9994 0.0348
vn -0.0015 -0.9995 0.0306
vn -0.0011 -0.9996 0.0279
vn -0.0006 -0.9996 0.0269
vn -0.0010 -0.9997 0.0253
vn -0.0006 -0.9997 0.0244
vn -0.0004 -0.9997 0.0245
vn -0.0000 -0.9997 0.0261
vn 0.0013 -0.9995 0.0324
vn 0.0090 -0.9988 0.0485
vn 0.0308 -0.9965 0.0772
vn 0.0685 -0.9907 0.1176
vn 0.1065 -0.9831 0.1489
vn 0.1479 -0.9749 0.1665
vn 0.2005 -0.9645 0.1718
vn 0.2726 -0.9480 0.1645
vn 0.3729 -0.9168 0.1429
vn 0.4997 -0.8600 0.1031
vn 0.6357 -0.7705 0.0470
vn 0.7623 -0.6471 -0.0134
vn 0.8629 -0.5007 -0.0678
vn 0.9343 -0.3395 -0.1084
vn 0.9764 -0.1702 -0.1327
vn 0.9858 -0.0877 -0.1429
vn -0.9865 -0.0979 -0.1310
vn -0.9760 -0.1748 -0.1296
vn -0.9368 -0.3303 -0.1153
vn -0.8725 -0.4806 -0.0882
vn -0.7832 -0.6197 -0.0517
vn -0.6655 -0.7464 -0.0063
vn -0.5261 -0.8495 0.0405
vn -0.3892 -0.9179 0.0771
vn -0.2745 -0.9565 0.0985
vn -0.1863 -0.9770 0.1039
vn -0.1163 -0.9890 0.0919
vn -0.0617 -0.9960 0.0639
vn -0.0228 -0.9991 0.0362
vn -0.0054 -0.9998 0.0167
vn -0.0029 -1.0000 0.0028
vn -0.0000 -1.0000 -0.0000
vn 0.0017 -1.0000 0.0054
vn 0.0227 -0.9993 0.0306
vn 0.0717 -0.9945 0.0763
vn 0.1303 -0.9852 0.1116
vn 0.1966 -0.9721 0.1281
vn 0.2812 -0.9508 0.1302
vn 0.3937 -0.9117 0.1177
vn 0.5324 -0.8420 0.0868
vn 0.6714 -0.7401 0.0366
vn 0.7876 -0.6159 -0.0182
vn 0.8795 -0.4720 -0.0605
vn 0.9437 -0.3172 -0.0942
vn 0.9806 -0.1568 -0.1178
vn 0.9888 -0.0776 -0.1278
vn -0.9880 -0.0988 -0.1184
vn -0.9780 -0.1743 -0.1146
vn -0.9422 -0.3179 -0.1054
vn -0.8845 -0.4595 -0.0805
vn -0.8013 -0.5967 -0.0425
vn -0.6893 -0.7245 -0.0022
vn -0.5494 -0.8348 0.0357
vn -0.4046 -0.9123 0.0630
vn -0.2783 -0.9575 0.0762
vn -0.1735 -0.9821 0.0739
vn -0.0839 -0.9951 0.0524
vn -0.0266 -0.9994 0.0212
vn -0.0041 -1.0000 0.0040
vn 0.0242 -0.9995 0.0216
vn 0.0964 -0.9931 0.0664
vn 0.1824 -0.9788 0.0931
vn 0.2799 -0.9545 0.1032
vn 0.4039 -0.9092 0.1007
vn 0.5585 -0.8258 0.0787
vn 0.7004 -0.7129 0.0347
vn 0.8162 -0.5777 -0.0132
vn 0.8895 -0.4513 -0.0717
vn 0.9500 -0.2986 -0.0908
vn 0.9834 -0.1443 -0.1101
vn 0.9908 -0.0674 -0.1176
vn -0.9787 -0.0290 -0.2033
vn -0.9810 -0.1492 -0.1239
vn -0.9448 -0.3196 -0.0715
vn -0.8910 -0.4447 -0.0920
vn -0.8246 -0.5617 -0.0675
vn -0.7099 -0.7043 0.0063
vn -0.5633 -0.8253 0.0403
vn -0.4108 -0.9101 0.0545
vn -0.2745 -0.9598 0.0589
vn -0.1502 -0.9874 0.0488
vn -0.0515 -0.9984 0.0220
vn -0.0049 -1.0000 0.0048
vn 0.0520 -0.9983 0.0251
vn 0.1609 -0.9849 0.0637
vn 0.2716 -0.9594 0.0767
vn 0.4039 -0.9113 0.0799
vn 0.5868 -0.8075 0.0603
vn 0.7279 -0.6855 -0.0168
vn 0.8235 -0.5651 -0.0499
vn 0.9136 -0.4061 -0.0213
vn 0.9548 -0.2875 -0.0753
vn 0.9853 -0.1312 -0.1091
vn 0.9898 -0.0627 -0.1276
vn -0.8246 0.1583 -0.5431
vn -0.9082 0.0440 -0.4162
vn -0.9591 -0.2471 -0.1380
vn -0.8834 -0.4677 0.0302
vn -0.8396 -0.5427 0.0227
vn -0.7488 -0.6626 0.0121
vn -0.5719 -0.8196 0.0358
vn -0.4065 -0.9127 0.0424
vn -0.2631 -0.9640 0.0396
vn -0.1213 -0.9922 0.0279
vn -0.0283 -0.9996 0.0052
vn 0.0222 -0.9998 0.0020
vn 0.1295 -0.9912 0.0289
vn 0.2636 -0.9636 0.0450
vn 0.3984 -0.9158 0.0507
vn 0.5964 -0.7988 0.0790
vn 0.7748 -0.6200 0.1237
vn 0.8253 -0.5603 0.0707
vn 0.9035 -0.4285 -0.0076
vn 0.9705 -0.2238 -0.0893
vn 0.9824 -0.0906 -0.1633
vn 0.9804 -0.0323 -0.1943
vn -0.9088 0.1223 -0.3988
vn -0.8529 0.2114 -0.4774
vn -0.8821 0.0944 -0.4616
vn -0.9533 -0.2391 -0.1847
vn -0.8186 -0.5600 0.1276
vn -0.7033 -0.7063 0.0812
vn -0.5588 -0.8287 0.0328
vn -0.4000 -0.9162 0.0227
vn -0.2512 -0.9677 0.0195
vn -0.1035 -0.9946 0.0119
vn -0.0155 -0.9999 0.0019
vn 0.0166 -0.9999 0.0004
vn 0.1129 -0.9936 0.0079
vn 0.2585 -0.9658 0.0179
vn 0.3926 -0.9195 0.0215
vn 0.5318 -0.8463 0.0314
vn 0.6933 -0.7118 0.1125
vn 0.8945 -0.4247 0.1394
vn 0.9458 -0.2708 -0.1792
vn 0.9300 -0.1271 -0.3448
vn 0.9179 -0.0525 -0.3932
vn 0.9262 0.0052 -0.3770
vn -0.9241 -0.1448 0.3536
vn -0.9570 -0.0999 0.2724
vn -0.9974 -0.0341 0.0632
vn -0.9925 -0.0071 -0.1218
vn -0.9249 -0.3766 -0.0529
vn -0.6711 -0.7407 0.0320
vn -0.5288 -0.8486 0.0150
vn -0.3887 -0.9214 0.0017
vn -0.2460 -0.9693 -0.0004
vn -0.0958 -0.9954 0.0023
vn -0.0099 -1.0000 0.0009
vn 0.0176 -0.9998 -0.0012
vn 0.1090 -0.9940 -0.0043
vn 0.2557 -0.9668 -0.0031
vn 0.3947 -0.9188 -0.0061
vn 0.5298 -0.8479 -0.0193
vn 0.6644 -0.7466 -0.0336
vn 0.9278 -0.3682 0.0607
vn 0.9897 0.0262 0.1410
vn 0.9996 0.0184 -0.0218
vn 0.9765 -0.0264 -0.2139
vn 0.9534 -0.0662 -0.2944
vn -0.9371 -0.0499 0.3455
vn -0.9200 -0.1130 0.3752
vn -0.9228 -0.2152 0.3197
vn -0.9542 -0.2799 0.1059
vn -0.9004 -0.4175 -0.1219
vn -0.6907 -0.7197 -0.0706
vn -0.5256 -0.8503 -0.0262
vn -0.3857 -0.9223 -0.0232
vn -0.2501 -0.9680 -0.0202
vn -0.1015 -0.9948 -0.0089
vn -0.0101 -0.9999 -0.0005
vn 0.0250 -0.9997 -0.0024
vn 0.1183 -0.9929 -0.0149
vn 0.2619 -0.9648 -0.0226
vn 0.4079 -0.9126 -0.0264
vn 0.5631 -0.8254 -0.0415
vn 0.6971 -0.7102 -0.0985
vn 0.8105 -0.5684 -0.1414
vn 0.9525 -0.2257 0.2042
vn 0.8678 0.1022 0.4863
vn 0.8127 0.2438 0.5292
vn 0.8617 0.1833 0.4732
vn -0.9881 -0.0519 0.1451
vn -0.9815 -0.1278 0.1426
vn -0.9361 -0.3301 0.1212
vn -0.8815 -0.4699 0.0462
vn -0.8817 -0.4628 -0.0921
vn -0.7766 -0.6193 -0.1157
vn -0.5597 -0.8260 -0.0664
vn -0.3867 -0.9208 -0.0507
vn -0.2560 -0.9656 -0.0466
vn -0.1198 -0.9924 -0.0296
vn -0.0160 -0.9999 -0.0020
vn 0.0004 -1.0000 -0.0003
vn 0.0400 -0.9992 -0.0071
vn 0.1372 -0.9900 -0.0317
vn 0.2727 -0.9612 -0.0422
vn 0.4147 -0.9089 -0.0437
vn 0.5833 -0.8115 -0.0346
vn 0.7552 -0.6550 -0.0235
vn 0.8315 -0.5503 -0.0759
vn 0.8828 -0.4598 -0.0961
vn 0.9668 -0.2364 0.0969
vn 0.9131 0.0447 0.4054
vn 0.8127 0.1810 0.5538
vn -0.9955 -0.0473 0.0824
vn -0.9893 -0.1242 0.0769
vn -0.9560 -0.2850 0.0689
vn -0.8771 -0.4673 0.1110
vn -0.8083 -0.5804 0.0987
vn -0.7348 -0.6781 -0.0124
vn -0.5641 -0.8224 -0.0742
vn -0.3923 -0.9162 -0.0820
vn -0.2639 -0.9614 -0.0783
vn -0.1526 -0.9862 -0.0646
vn -0.0457 -0.9987 -0.0239
vn 0.0089 -0.9999 -0.0067
vn 0.0639 -0.9975 -0.0290
vn 0.1663 -0.9847 -0.0521
vn 0.2829 -0.9571 -0.0624
vn 0.4180 -0.9065 -0.0595
vn 0.5707 -0.8198 -0.0465
vn 0.7292 -0.6843 -0.0026
vn 0.8490 -0.5231 0.0742
vn 0.8995 -0.4314 0.0698
vn 0.9403 -0.3377 0.0427
vn 0.9806 -0.1694 0.0985
vn 0.9822 -0.0297 0.1853
vn -0.9919 -0.0735 0.1033
vn -0.9859 -0.1427 0.0870
vn -0.9546 -0.2921 0.0591
vn -0.8909 -0.4529 0.0335
vn -0.7981 -0.6024 0.0095
vn -0.6893 -0.7237 -0.0350
vn -0.5463 -0.8336 -0.0815
vn -0.3929 -0.9140 -0.1015
vn -0.2715 -0.9568 -0.1043
vn -0.1758 -0.9799 -0.0947
vn -0.0908 -0.9937 -0.0661
vn -0.0231 -0.9995 -0.0218
vn 0.0001 -1.0000 -0.0001
vn 0.0058 -1.0000 -0.0063
vn 0.0357 -0.9990 -0.0266
vn 0.0978 -0.9934 -0.0594
vn 0.1856 -0.9795 -0.0783
vn 0.2886 -0.9540 -0.0807
vn 0.4161 -0.9067 -0.0692
vn 0.5609 -0.8267 -0.0452
vn 0.6988 -0.7153 -0.0098
vn 0.8095 -0.5854 0.0455
vn 0.8872 -0.4479 0.1109
vn 0.9394 -0.3159 0.1331
vn 0.9779 -0.1718 0.1195
vn 0.9894 -0.0892 0.1147
vn -0.9910 -0.0738 0.1121
vn -0.9823 -0.1539 0.1063
vn -0.9433 -0.3197 0.0890
vn -0.8770 -0.4778 0.0509
vn -0.7809 -0.6246 0.0073
vn -0.6608 -0.7494 -0.0422
vn -0.5203 -0.8493 -0.0891
vn -0.3822 -0.9163 -0.1196
vn -0.2719 -0.9532 -0.1321
vn -0.1895 -0.9732 -0.1302
vn -0.1251 -0.9855 -0.1143
vn -0.0696 -0.9944 -0.0800
vn -0.0232 -0.9991 -0.0366
vn -0.0026 -1.0000 -0.0094
vn -0.0003 -1.0000 -0.0010
vn 0.0002 -1.0000 0.0002
vn 0.0034 -1.0000 -0.0034
vn 0.0068 -0.9998 -0.0190
vn 0.0295 -0.9988 -0.0398
vn 0.0717 -0.9949 -0.0704
vn 0.1278 -0.9871 -0.0966
vn 0.1977 -0.9743 -0.1079
vn 0.2867 -0.9524 -0.1038
vn 0.4024 -0.9117 -0.0834
vn 0.5392 -0.8408 -0.0469
vn 0.6767 -0.7363 0.0002
vn 0.7903 -0.6111 0.0441
vn 0.8774 -0.4732 0.0792
vn 0.9409 -0.3217 0.1057
vn 0.9787 -0.1666 0.1201
vn 0.9883 -0.0890 0.1242
vn -0.9845 -0.0977 0.1454
vn -0.9772 -0.1687 0.1287
vn -0.9375 -0.3333 0.0996
vn -0.8601 -0.5065 0.0614
vn -0.7540 -0.6568 0.0070
vn -0.6260 -0.7779 -0.0544
vn -0.4886 -0.8656 -0.1093
vn -0.3617 -0.9206 -0.1473
vn -0.2630 -0.9500 -0.1681
vn -0.1927 -0.9655 -0.1753
vn -0.1417 -0.9751 -0.1704
vn -0.1016 -0.9829 -0.1538
vn -0.0660 -0.9899 -0.1253
vn -0.0326 -0.9956 -0.0884
vn -0.0119 -0.9980 -0.0623
vn -0.0017 -0.9989 -0.0477
vn -0.0000 -0.9991 -0.0415
vn 0.0001 -0.9993 -0.0381
vn 0.0002 -0.9994 -0.0359
vn 0.0002 -0.9994 -0.0344
vn 0.0008 -0.9994 -0.0337
vn 0.0006 -0.9994 -0.0342
vn 0.0010 -0.9994 -0.0345
vn 0.0017 -0.9993 -0.0365
vn 0.0023 -0.9991 -0.0412
vn 0.0046 -0.9987 -0.0501
vn 0.0178 -0.9978 -0.0638
vn 0.0400 -0.9957 -0.0832
vn 0.0642 -0.9915 -0.1129
vn 0.1013 -0.9854 -0.1366
vn 0.1448 -0.9780 -0.1504
vn 0.1998 -0.9681 -0.1514
vn 0.2752 -0.9515 -0.1378
vn 0.3790 -0.9190 -0.1085
vn 0.5088 -0.8586 -0.0628
vn 0.6476 -0.7620 -0.0061
vn 0.7705 -0.6355 0.0497
vn 0.8657 -0.4920 0.0926
vn 0.9340 -0.3358 0.1219
vn 0.9743 -0.1745 0.1422
vn 0.9841 -0.0930 0.1510
vn -0.9828 -0.0929 0.1593
vn -0.9705 -0.1850 0.1543
vn -0.9231 -0.3649 0.1214
vn -0.8377 -0.5424 0.0634
vn -0.7195 -0.6944 -0.0086
vn -0.5839 -0.8077 -0.0814
vn -0.4494 -0.8816 -0.1445
vn -0.3316 -0.9241 -0.1902
vn -0.2434 -0.9448 -0.2195
vn -0.1832 -0.9543 -0.2363
vn -0.1426 -0.9594 -0.2432
vn -0.1129 -0.9639 -0.2412
vn -0.0870 -0.9691 -0.2307
vn -0.0567 -0.9754 -0.2131
vn -0.0309 -0.9800 -0.1968
vn -0.0149 -0.9832 -0.1817
vn -0.0060 -0.9853 -0.1710
vn -0.0019 -0.9861 -0.1659
vn -0.0002 -0.9863 -0.1649
vn 0.0006 -0.9863 -0.1650
vn 0.0025 -0.9863 -0.1651
vn 0.0035 -0.9864 -0.1646
vn 0.0043 -0.9865 -0.1637
vn 0.0087 -0.9864 -0.1642
vn 0.0142 -0.9855 -0.1689
vn 0.0247 -0.9837 -0.1784
vn 0.0402 -0.9803 -0.1932
vn 0.0623 -0.9767 -0.2053
vn 0.0855 -0.9724 -0.2172
vn 0.1140 -0.9679 -0.2241
vn 0.1468 -0.9634 -0.2242
vn 0.1893 -0.9584 -0.2136
vn 0.2523 -0.9488 -0.1900
vn 0.3454 -0.9263 -0.1508
vn 0.4700 -0.8776 -0.0948
vn 0.6105 -0.7916 -0.0263
vn 0.7435 -0.6673 0.0432
vn 0.8504 -0.5162 0.1013
vn 0.9254 -0.3517 0.1413
vn 0.9683 -0.1865 0.1661
vn 0.9789 -0.1028 0.1766
vn -0.9746 -0.1143 0.1925
vn -0.9643 -0.2010 0.1722
vn -0.9087 -0.3979 0.1266
vn -0.8057 -0.5901 0.0511
vn -0.6722 -0.7393 -0.0406
vn -0.5301 -0.8381 -0.1285
vn -0.3982 -0.8948 -0.2017
vn -0.2890 -0.9225 -0.2560
vn -0.2102 -0.9323 -0.2943
vn -0.1583 -0.9337 -0.3213
vn -0.1260 -0.9320 -0.3399
vn -0.1050 -0.9306 -0.3506
vn -0.0870 -0.9314 -0.3535
vn -0.0625 -0.9348 -0.3497
vn -0.0349 -0.9380 -0.3448
vn -0.0167 -0.9382 -0.3458
vn -0.0058 -0.9370 -0.3492
vn 0.0023 -0.9363 -0.3512
vn 0.0062 -0.9348 -0.3550
vn 0.0071 -0.9335 -0.3585
vn 0.0071 -0.9322 -0.3618
vn 0.0063 -0.9319 -0.3628
vn 0.0063 -0.9324 -0.3614
vn 0.0112 -0.9335 -0.3583
vn 0.0196 -0.9353 -0.3533
vn 0.0306 -0.9369 -0.3483
vn 0.0465 -0.9381 -0.3431
vn 0.0683 -0.9376 -0.3410
vn 0.0870 -0.9355 -0.3425
vn 0.1086 -0.9354 -0.3366
vn 0.1327 -0.9362 -0.3254
vn 0.1638 -0.9383 -0.3045
vn 0.2150 -0.9383 -0.2710
vn 0.2973 -0.9287 -0.2216
vn 0.4160 -0.8965 -0.1527
vn 0.5607 -0.8254 -0.0663
vn 0.7069 -0.7069 0.0242
vn 0.8284 -0.5508 0.1018
vn 0.9135 -0.3754 0.1566
vn 0.9612 -0.2010 0.1890
vn 0.9728 -0.1133 0.2019
vn -0.9663 -0.1276 0.2235
vn -0.9516 -0.2338 0.1994
vn -0.8834 -0.4522 0.1229
vn -0.7597 -0.6502 0.0126
vn -0.6080 -0.7872 -0.1028
vn -0.4589 -0.8644 -0.2057
vn -0.3301 -0.8986 -0.2890
vn -0.2292 -0.9076 -0.3517
vn -0.1589 -0.9031 -0.3989
vn -0.1144 -0.8927 -0.4359
vn -0.0898 -0.8803 -0.4658
vn -0.0781 -0.8696 -0.4876
vn -0.0692 -0.8620 -0.5022
vn -0.0608 -0.8625 -0.5023
vn -0.0262 -0.8716 -0.4896
vn 0.0055 -0.8651 -0.5016
vn 0.0116 -0.8489 -0.5284
vn 0.0127 -0.8419 -0.5394
vn 0.0150 -0.8400 -0.5424
vn 0.0139 -0.8384 -0.5449
vn 0.0135 -0.8368 -0.5474
vn 0.0121 -0.8348 -0.5504
vn 0.0087 -0.8330 -0.5532
vn 0.0080 -0.8340 -0.5518
vn 0.0063 -0.8406 -0.5416
vn 0.0091 -0.8559 -0.5171
vn 0.0318 -0.8724 -0.4878
vn 0.0679 -0.8753 -0.4788
vn 0.0787 -0.8699 -0.4869
vn 0.0877 -0.8736 -0.4786
vn 0.1031 -0.8823 -0.4593
vn 0.1217 -0.8940 -0.4312
vn 0.1598 -0.9068 -0.3902
vn 0.2290 -0.9149 -0.3325
vn 0.3388 -0.9065 -0.2518
vn 0.4867 -0.8614 -0.1450
vn 0.6511 -0.7586 -0.0234
vn 0.7960 -0.5988 0.0884
vn 0.8976 -0.4076 0.1678
vn 0.9529 -0.2185 0.2104
vn 0.9661 -0.1260 0.2255
vn -0.9526 -0.1655 0.2553
vn -0.9354 -0.2869 0.2066
vn -0.8430 -0.5309 0.0868
vn -0.6888 -0.7223 -0.0620
vn -0.5179 -0.8312 -0.2023
vn -0.3633 -0.8757 -0.3180
vn -0.2391 -0.8809 -0.4084
vn -0.1473 -0.8669 -0.4763
vn -0.0867 -0.8446 -0.5284
vn -0.0497 -0.8199 -0.5704
vn -0.0319 -0.7942 -0.6068
vn -0.0301 -0.7692 -0.6383
vn -0.0176 -0.7410 -0.6713
vn -0.0705 -0.7090 -0.7017
vn -0.0415 -0.7559 -0.6534
vn 0.0519 -0.7728 -0.6325
vn 0.0591 -0.7323 -0.6784
vn 0.0229 -0.7085 -0.7054
vn 0.0181 -0.7130 -0.7009
vn 0.0182 -0.7134 -0.7005
vn 0.0185 -0.7122 -0.7017
vn 0.0212 -0.7102 -0.7037
vn 0.0170 -0.7048 -0.7092
vn 0.0089 -0.7007 -0.7134
vn -0.0186 -0.7043 -0.7096
vn -0.0463 -0.7335 -0.6781
vn -0.0139 -0.7779 -0.6282
vn 0.0765 -0.7919 -0.6058
vn 0.0880 -0.7644 -0.6387
vn 0.0507 -0.7598 -0.6482
vn 0.0564 -0.7865 -0.6150
vn 0.0628 -0.8102 -0.5828
vn 0.0851 -0.8370 -0.5406
vn 0.1369 -0.8652 -0.4824
vn 0.2305 -0.8870 -0.4001
vn 0.3752 -0.8832 -0.2814
vn 0.5595 -0.8192 -0.1262
vn 0.7415 -0.6698 0.0380
vn 0.8735 -0.4575 0.1662
vn 0.9416 -0.2418 0.2342
vn 0.9571 -0.1400 0.2537
vn -0.9322 -0.2432 0.2679
vn -0.9075 -0.3789 0.1813
vn -0.7737 -0.6336 0.0005
vn -0.5802 -0.7925 -0.1878
vn -0.3916 -0.8531 -0.3447
vn -0.2369 -0.8535 -0.4642
vn -0.1224 -0.8247 -0.5522
vn -0.0445 -0.7857 -0.6169
vn 0.0029 -0.7452 -0.6669
vn 0.0267 -0.7070 -0.7067
vn 0.0376 -0.6749 -0.7369
vn 0.0335 -0.6422 -0.7658
vn 0.0632 -0.6207 -0.7815
vn -0.0164 -0.5665 -0.8239
vn -0.0688 -0.4729 -0.8784
vn -0.0037 -0.4749 -0.8801
vn 0.1288 -0.6124 -0.7800
vn 0.0489 -0.5808 -0.8126
vn 0.0088 -0.5682 -0.8228
vn 0.0199 -0.5718 -0.8201
vn 0.0213 -0.5714 -0.8204
vn 0.0276 -0.5710 -0.8205
vn 0.0279 -0.5682 -0.8224
vn 0.0173 -0.5649 -0.8250
vn -0.0286 -0.5611 -0.8272
vn -0.0884 -0.5511 -0.8297
vn -0.0448 -0.5175 -0.8545
vn 0.0015 -0.5185 -0.8551
vn 0.1366 -0.6386 -0.7573
vn 0.0272 -0.6233 -0.7815
vn -0.0182 -0.6502 -0.7596
vn -0.0060 -0.6862 -0.7274
vn 0.0010 -0.7215 -0.6924
vn 0.0300 -0.7628 -0.6460
vn 0.0953 -0.8104 -0.5781
vn 0.2155 -0.8542 -0.4731
vn 0.4062 -0.8598 -0.3093
vn 0.6370 -0.7656 -0.0905
vn 0.8295 -0.5448 0.1228
vn 0.9260 -0.2823 0.2507
vn 0.9449 -0.1574 0.2869
vn -0.8940 -0.3814 0.2351
vn -0.8524 -0.5147 0.0919
vn -0.6508 -0.7430 -0.1563
vn -0.4171 -0.8301 -0.3701
vn -0.2212 -0.8217 -0.5253
vn -0.0792 -0.7708 -0.6322
vn 0.0133 -0.7087 -0.7054
vn 0.0677 -0.6508 -0.7562
vn 0.0954 -0.6033 -0.7918
vn 0.1016 -0.5646 -0.8191
vn 0.0982 -0.5312 -0.8415
vn 0.0941 -0.5002 -0.8608
vn 0.0851 -0.4634 -0.8821
vn 0.1020 -0.4453 -0.8895
vn 0.1832 -0.3202 -0.9295
vn -0.1150 -0.1301 -0.9848
vn -0.1132 -0.3316 -0.9366
vn 0.0855 -0.4523 -0.8877
vn 0.0279 -0.4295 -0.9026
vn 0.0201 -0.4186 -0.9079
vn 0.0226 -0.4186 -0.9079
vn 0.0276 -0.4195 -0.9074
vn 0.0309 -0.4213 -0.9064
vn 0.0176 -0.4215 -0.9067
vn -0.0133 -0.4161 -0.9092
vn -0.0179 -0.3806 -0.9246
vn 0.1362 -0.2911 -0.9470
vn -0.1477 -0.1533 -0.9771
vn -0.1322 -0.3743 -0.9178
vn 0.0262 -0.5004 -0.8654
vn -0.0713 -0.5126 -0.8556
vn -0.0712 -0.5423 -0.8371
vn -0.0732 -0.5752 -0.8147
vn -0.0685 -0.6136 -0.7867
vn -0.0398 -0.6664 -0.7445
vn 0.0305 -0.7362 -0.6761
vn 0.1800 -0.8134 -0.5532
vn 0.4336 -0.8365 -0.3351
vn 0.7267 -0.6865 -0.0264
vn 0.8995 -0.3709 0.2308
vn 0.9290 -0.1955 0.3143
vn -0.7911 -0.5993 0.1229
vn -0.7275 -0.6791 -0.0978
vn -0.4389 -0.8066 -0.3960
vn -0.1853 -0.7796 -0.5982
vn -0.0102 -0.6931 -0.7208
vn 0.0956 -0.5999 -0.7943
vn 0.1494 -0.5214 -0.8401
vn 0.1691 -0.4636 -0.8698
vn 0.1674 -0.4223 -0.8909
vn 0.1567 -0.3940 -0.9056
vn 0.1485 -0.3703 -0.9170
vn 0.1450 -0.3441 -0.9277
vn 0.1448 -0.3106 -0.9394
vn 0.1957 -0.2604 -0.9455
vn 0.3194 -0.1739 -0.9315
vn -0.0610 -0.1108 -0.9920
vn -0.3062 -0.1279 -0.9433
vn 0.0065 -0.2498 -0.9683
vn 0.0526 -0.2765 -0.9596
vn 0.0283 -0.2602 -0.9651
vn 0.0218 -0.2569 -0.9662
vn 0.0241 -0.2594 -0.9655
vn 0.0269 -0.2652 -0.9638
vn 0.0203 -0.2679 -0.9632
vn 0.0146 -0.2598 -0.9656
vn 0.0608 -0.2218 -0.9732
vn 0.2454 -0.1492 -0.9579
vn -0.1123 -0.0928 -0.9893
vn -0.3891 -0.1415 -0.9103
vn -0.1011 -0.3111 -0.9450
vn -0.0987 -0.3663 -0.9252
vn -0.1195 -0.3861 -0.9147
vn -0.1266 -0.4104 -0.9031
vn -0.1382 -0.4382 -0.8882
vn -0.1442 -0.4750 -0.8681
vn -0.1284 -0.5329 -0.8363
vn -0.0638 -0.6238 -0.7790
vn 0.1130 -0.7487 -0.6532
vn 0.4600 -0.8101 -0.3636
vn 0.8254 -0.5580 0.0855
vn 0.9054 -0.2920 0.3082
vn -0.4859 -0.8690 -0.0938
vn -0.4443 -0.7923 -0.4182
vn -0.1133 -0.7184 -0.6864
vn 0.0949 -0.5758 -0.8121
vn 0.2036 -0.4466 -0.8712
vn 0.2473 -0.3516 -0.9029
vn 0.2515 -0.2892 -0.9236
vn 0.2343 -0.2510 -0.9392
vn 0.2126 -0.2283 -0.9501
vn 0.1917 -0.2098 -0.9588
vn 0.1793 -0.1940 -0.9645
vn 0.1788 -0.1804 -0.9672
vn 0.1957 -0.1583 -0.9678
vn 0.2818 -0.1030 -0.9539
vn 0.3667 -0.0359 -0.9297
vn -0.0412 -0.0600 -0.9973
vn -0.3531 -0.0490 -0.9343
vn -0.0683 -0.0928 -0.9933
vn 0.0525 -0.1159 -0.9919
vn 0.0417 -0.1036 -0.9937
vn 0.0209 -0.0969 -0.9951
vn 0.0174 -0.1012 -0.9947
vn 0.0186 -0.1095 -0.9938
vn 0.0213 -0.1159 -0.9930
vn 0.0359 -0.1116 -0.9931
vn 0.1165 -0.0875 -0.9893
vn 0.2956 -0.0438 -0.9543
vn -0.0677 -0.0287 -0.9973
vn -0.4847 -0.0099 -0.8746
vn -0.2533 -0.1254 -0.9592
vn -0.1430 -0.1964 -0.9700
vn -0.1501 -0.2151 -0.9650
vn -0.1628 -0.2298 -0.9595
vn -0.1804 -0.2497 -0.9514
vn -0.2022 -0.2707 -0.9412
vn -0.2217 -0.2994 -0.9280
vn -0.2286 -0.3490 -0.9088
vn -0.1902 -0.4452 -0.8750
vn -0.0159 -0.6254 -0.7801
vn 0.4832 -0.7750 -0.4074
vn 0.8218 -0.5511 0.1446
vn 0.0011 -1.0000 -0.0070
vn -0.0766 -0.8937 -0.4420
vn 0.1414 -0.6557 -0.7417
vn 0.2664 -0.4484 -0.8532
vn 0.3132 -0.3069 -0.8987
vn 0.3135 -0.2195 -0.9239
vn 0.2890 -0.1711 -0.9419
vn 0.2572 -0.1475 -0.9550
vn 0.2281 -0.1325 -0.9646
vn 0.2073 -0.1211 -0.9708
vn 0.1917 -0.1071 -0.9756
vn 0.1892 -0.0972 -0.9771
vn 0.2245 -0.0899 -0.9703
vn 0.3499 -0.0512 -0.9354
vn 0.3613 0.0496 -0.9311
vn -0.0672 -0.0055 -0.9977
vn -0.3556 -0.0250 -0.9343
vn -0.0858 -0.0345 -0.9957
vn 0.0548 -0.0451 -0.9975
vn 0.0536 -0.0314 -0.9981
vn 0.0211 -0.0194 -0.9996
vn 0.0103 -0.0213 -0.9997
vn 0.0104 -0.0309 -0.9995
vn 0.0185 -0.0401 -0.9990
vn 0.0427 -0.0411 -0.9982
vn 0.1430 -0.0312 -0.9892
vn 0.3038 0.0081 -0.9527
vn -0.0353 -0.0063 -0.9994
vn -0.5064 0.0418 -0.8613
vn -0.3383 -0.0226 -0.9408
vn -0.1771 -0.1034 -0.9787
vn -0.1607 -0.1259 -0.9789
vn -0.1783 -0.1337 -0.9749
vn -0.2000 -0.1484 -0.9685
vn -0.2234 -0.1655 -0.9606
vn -0.2498 -0.1828 -0.9509
vn -0.2791 -0.2044 -0.9383
vn -0.3015 -0.2490 -0.9204
vn -0.2857 -0.3552 -0.8901
vn -0.1246 -0.6057 -0.7859
vn 0.3805 -0.8326 -0.4025
vn -0.4004 0.8353 0.3767
vn 0.1163 0.6056 0.7873
vn -0.5072 0.7761 0.3748
vn -0.8258 0.5297 -0.1936
vn 0.2960 0.3288 0.8968
vn 0.0034 0.6267 0.7792
vn 0.3125 0.2082 0.9268
vn 0.1911 0.4268 0.8839
vn 0.2822 0.1636 0.9453
vn 0.2331 0.3180 0.9190
vn 0.2442 0.1506 0.9580
vn 0.2243 0.2687 0.9367
vn 0.2132 0.1458 0.9661
vn 0.2030 0.2475 0.9474
vn 0.1880 0.1441 0.9715
vn 0.1821 0.2372 0.9542
vn 0.1639 0.1488 0.9752
vn 0.1646 0.2323 0.9586
vn 0.1355 0.1656 0.9768
vn 0.1470 0.2347 0.9609
vn 0.1088 0.1801 0.9776
vn 0.1162 0.2505 0.9611
vn 0.1600 0.1223 0.9795
vn 0.0889 0.2480 0.9647
vn 0.3560 -0.0041 0.9345
vn 0.2457 0.1161 0.9624
vn 0.1240 0.0165 0.9921
vn 0.1776 0.0081 0.9841
vn -0.1435 0.1004 0.9845
vn -0.0719 0.1423 0.9872
vn 0.0034 0.2242 0.9745
vn 0.1191 0.2203 0.9681
vn -0.0420 0.3201 0.9464
vn -0.0188 0.3394 0.9405
vn 0.0339 0.1688 0.9851
vn -0.0647 0.2780 0.9584
vn 0.0364 0.1698 0.9848
vn 0.0376 0.2329 0.9718
vn 0.0030 0.1753 0.9845
vn 0.0082 0.2364 0.9716
vn -0.0321 0.1842 0.9824
vn -0.0207 0.2452 0.9693
vn -0.0518 0.2145 0.9753
vn -0.0195 0.2666 0.9636
vn 0.0207 0.3084 0.9510
vn 0.1134 0.3107 0.9437
vn -0.0107 0.3374 0.9413
vn -0.0886 0.3846 0.9188
vn 0.3690 -0.0000 0.9294
vn 0.1125 0.1505 0.9822
vn 0.1672 0.0120 0.9859
vn 0.2274 -0.0272 0.9734
vn -0.4229 0.1300 0.8968
vn -0.3620 0.1289 0.9232
vn -0.3679 0.0976 0.9247
vn -0.3667 0.1610 0.9163
vn -0.2302 0.1396 0.9631
vn -0.2023 0.2062 0.9574
vn -0.1955 0.1481 0.9695
vn -0.1863 0.2224 0.9570
vn -0.1997 0.1498 0.9683
vn -0.1942 0.2311 0.9533
vn -0.2153 0.1503 0.9649
vn -0.2102 0.2384 0.9481
vn -0.2345 0.1481 0.9608
vn -0.2273 0.2467 0.9421
vn -0.2601 0.1528 0.9534
vn -0.2430 0.2647 0.9332
vn -0.2864 0.1708 0.9428
vn -0.2513 0.3003 0.9201
vn -0.3063 0.2189 0.9264
vn -0.2386 0.3627 0.9008
vn -0.3041 0.3102 0.9007
vn -0.1907 0.4597 0.8673
vn -0.2595 0.4569 0.8508
vn -0.0839 0.5906 0.8026
vn -0.1423 0.6673 0.7311
vn 0.1147 0.7334 0.6701
vn 0.0643 0.9030 0.4249
vn 0.4325 0.8072 0.4018
vn -0.0139 0.9999 -0.0085
vn 0.4709 0.8784 0.0819
vn -0.8300 0.5411 -0.1353
vn -0.8977 0.2767 -0.3428
vn -0.4868 0.8133 0.3185
vn -0.1378 0.7605 0.6345
vn 0.0527 0.6257 0.7783
vn 0.1298 0.5237 0.8420
vn 0.1521 0.4624 0.8735
vn 0.1513 0.4278 0.8911
vn 0.1433 0.4066 0.9023
vn 0.1356 0.3906 0.9105
vn 0.1248 0.3805 0.9163
vn 0.0649 0.3874 0.9196
vn 0.0391 0.3708 0.9279
vn 0.1382 0.2338 0.9624
vn 0.0806 0.2744 0.9582
vn 0.1972 0.3282 0.9238
vn 0.0477 0.3707 0.9275
vn -0.1252 0.3935 0.9108
vn 0.0120 0.3702 0.9289
vn 0.0144 0.3613 0.9323
vn -0.0050 0.3688 0.9295
vn 0.0130 0.3807 0.9246
vn 0.1689 0.3947 0.9032
vn -0.1100 0.4281 0.8970
vn -0.2354 0.3341 0.9127
vn 0.1391 0.0715 0.9877
vn -0.1858 0.0941 0.9781
vn -0.2943 0.2677 0.9175
vn -0.1448 0.3527 0.9245
vn -0.1645 0.3695 0.9145
vn -0.1708 0.3855 0.9068
vn -0.1812 0.4055 0.8960
vn -0.1863 0.4352 0.8808
vn -0.1758 0.4773 0.8610
vn -0.1460 0.5386 0.8298
vn -0.0826 0.6196 0.7806
vn 0.0264 0.7131 0.7005
vn 0.1953 0.7973 0.5711
vn 0.4341 0.8221 0.3684
vn 0.7126 0.6970 0.0805
vn 0.7755 0.6172 -0.1331
vn -0.8942 0.3611 -0.2646
vn -0.9222 0.1939 -0.3347
vn -0.7367 0.6757 -0.0264
vn -0.4625 0.8404 0.2824
vn -0.2104 0.8282 0.5194
vn -0.0456 0.7488 0.6612
vn 0.0420 0.6712 0.7401
vn 0.0816 0.6137 0.7853
vn 0.0953 0.5743 0.8131
vn 0.0979 0.5459 0.8321
vn 0.0943 0.5224 0.8474
vn 0.0675 0.5060 0.8599
vn 0.0166 0.5170 0.8558
vn 0.0511 0.5071 0.8604
vn 0.1021 0.4784 0.8722
vn 0.1812 0.4540 0.8724
vn 0.0909 0.4206 0.9027
vn -0.1028 0.4785 0.8721
vn -0.0082 0.4900 0.8717
vn 0.0144 0.4832 0.8754
vn 0.0036 0.4859 0.8740
vn 0.0165 0.4835 0.8752
vn 0.1763 0.4624 0.8690
vn -0.0758 0.4713 0.8787
vn -0.3736 0.4772 0.7955
vn -0.1224 0.4020 0.9074
vn -0.0728 0.2887 0.9546
vn -0.1016 0.3944 0.9133
vn -0.0568 0.4645 0.8837
vn -0.1390 0.5080 0.8501
vn -0.1301 0.5317 0.8369
vn -0.1250 0.5626 0.8172
vn -0.1074 0.6049 0.7890
vn -0.0696 0.6583 0.7495
vn -0.0036 0.7208 0.6931
vn 0.0973 0.7851 0.6117
vn 0.2384 0.8349 0.4960
vn 0.4221 0.8417 0.3366
vn 0.6393 0.7581 0.1288
vn 0.8380 0.5353 -0.1060
vn 0.8821 0.4029 -0.2441
vn -0.9197 0.2863 -0.2686
vn -0.9406 0.1686 -0.2946
vn -0.8271 0.5386 -0.1605
vn -0.6517 0.7576 0.0368
vn -0.4370 0.8622 0.2560
vn -0.2456 0.8657 0.4362
vn -0.1083 0.8215 0.5599
vn -0.0246 0.7683 0.6397
vn 0.0204 0.7227 0.6908
vn 0.0415 0.6873 0.7251
vn 0.0488 0.6597 0.7500
vn 0.0446 0.6386 0.7683
vn 0.0207 0.6345 0.7727
vn 0.0233 0.6371 0.7704
vn 0.0618 0.6175 0.7842
vn 0.1011 0.5845 0.8051
vn 0.0902 0.5177 0.8508
vn -0.0318 0.5648 0.8246
vn -0.0074 0.5913 0.8064
vn 0.0108 0.5899 0.8074
vn 0.0052 0.5879 0.8089
vn -0.0061 0.5806 0.8142
vn 0.1316 0.5369 0.8333
vn -0.0329 0.5072 0.8612
vn -0.3151 0.5591 0.7669
vn -0.1872 0.6134 0.7673
vn -0.0802 0.5994 0.7964
vn -0.0329 0.6145 0.7882
vn -0.0146 0.6000 0.7999
vn -0.0756 0.6292 0.7736
vn -0.0671 0.6640 0.7447
vn -0.0478 0.7009 0.7117
vn -0.0084 0.7424 0.6699
vn 0.0532 0.7879 0.6135
vn 0.1428 0.8311 0.5376
vn 0.2617 0.8604 0.4373
vn 0.4093 0.8586 0.3088
vn 0.5804 0.8001 0.1516
vn 0.7581 0.6516 -0.0265
vn 0.8944 0.4028 -0.1946
vn 0.9235 0.2653 -0.2769
vn -0.9348 0.2585 -0.2436
vn -0.9534 0.1603 -0.2557
vn -0.8648 0.4642 -0.1916
vn -0.7439 0.6634 -0.0811
vn -0.5831 0.8090 0.0739
vn -0.4111 0.8806 0.2358
vn -0.2592 0.8907 0.3735
vn -0.1457 0.8677 0.4752
vn -0.0717 0.8341 0.5469
vn -0.0281 0.8021 0.5965
vn -0.0044 0.7752 0.6318
vn 0.0070 0.7540 0.6568
vn 0.0064 0.7400 0.6726
vn 0.0052 0.7346 0.6784
vn 0.0227 0.7210 0.6926
vn 0.0306 0.7003 0.7132
vn 0.0508 0.6603 0.7493
vn 0.0228 0.6644 0.7470
vn 0.0040 0.6796 0.7335
vn 0.0043 0.6802 0.7330
vn 0.0010 0.6746 0.7382
vn -0.0283 0.6711 0.7408
vn 0.0329 0.6393 0.7683
vn -0.0072 0.5616 0.8274
vn -0.2025 0.6348 0.7457
vn -0.1304 0.7033 0.6988
vn -0.0600 0.7333 0.6773
vn -0.0120 0.7428 0.6694
vn -0.0028 0.7392 0.6735
vn -0.0123 0.7540 0.6568
vn 0.0048 0.7792 0.6267
vn 0.0382 0.8088 0.5869
vn 0.0931 0.8392 0.5358
vn 0.1706 0.8660 0.4701
vn 0.2720 0.8813 0.3865
vn 0.3948 0.8743 0.2825
vn 0.5349 0.8297 0.1597
vn 0.6841 0.7290 0.0228
vn 0.8249 0.5536 -0.1142
vn 0.9222 0.3159 -0.2229
vn 0.9452 0.1893 -0.2660
vn -0.9440 0.2460 -0.2198
vn -0.9612 0.1571 -0.2268
vn -0.8845 0.4266 -0.1891
vn -0.7907 0.5995 -0.1243
vn -0.6674 0.7443 -0.0245
vn -0.5248 0.8457 0.0970
vn -0.3821 0.8978 0.2190
vn -0.2585 0.9103 0.3234
vn -0.1655 0.8996 0.4042
vn -0.1025 0.8800 0.4638
vn -0.0625 0.8596 0.5071
vn -0.0380 0.8411 0.5396
vn -0.0245 0.8254 0.5640
vn -0.0185 0.8141 0.5804
vn -0.0100 0.8027 0.5963
vn -0.0047 0.7893 0.6139
vn 0.0113 0.7757 0.6309
vn 0.0242 0.7624 0.6466
vn 0.0076 0.7588 0.6512
vn -0.0024 0.7569 0.6536
vn -0.0077 0.7520 0.6591
vn -0.0276 0.7486 0.6625
vn -0.0504 0.7510 0.6584
vn -0.0338 0.7098 0.7036
vn -0.0747 0.7380 0.6707
vn -0.0495 0.7837 0.6191
vn -0.0175 0.8116 0.5839
vn 0.0129 0.8230 0.5679
vn 0.0255 0.8316 0.5548
vn 0.0409 0.8453 0.5327
vn 0.0714 0.8623 0.5013
vn 0.1176 0.8799 0.4603
vn 0.1838 0.8945 0.4075
vn 0.2707 0.9004 0.3405
vn 0.3764 0.8898 0.2581
vn 0.4955 0.8536 0.1609
vn 0.6233 0.7802 0.0538
vn 0.7505 0.6584 -0.0561
vn 0.8629 0.4814 -0.1539
vn 0.9382 0.2685 -0.2183
vn 0.9587 0.1575 -0.2369
vn -0.9502 0.2397 -0.1993
vn -0.9664 0.1582 -0.2025
vn -0.8969 0.4046 -0.1785
vn -0.8176 0.5596 -0.1355
vn -0.7167 0.6938 -0.0703
vn -0.5983 0.8011 0.0162
vn -0.4706 0.8752 0.1117
vn -0.3497 0.9145 0.2035
vn -0.2483 0.9269 0.2814
vn -0.1727 0.9233 0.3430
vn -0.1203 0.9126 0.3908
vn -0.0852 0.8998 0.4279
vn -0.0623 0.8872 0.4572
vn -0.0483 0.8759 0.4800
vn -0.0380 0.8664 0.4979
vn -0.0291 0.8570 0.5145
vn -0.0152 0.8493 0.5276
vn 0.0011 0.8377 0.5461
vn -0.0022 0.8286 0.5599
vn -0.0093 0.8241 0.5664
vn -0.0139 0.8211 0.5707
vn -0.0240 0.8204 0.5713
vn -0.0385 0.8262 0.5620
vn -0.0357 0.8352 0.5488
vn -0.0178 0.8465 0.5320
vn 0.0025 0.8598 0.5106
vn 0.0231 0.8728 0.4875
vn 0.0447 0.8818 0.4695
vn 0.0635 0.8913 0.4490
vn 0.0901 0.9017 0.4230
vn 0.1297 0.9115 0.3903
vn 0.1847 0.9186 0.3495
vn 0.2585 0.9187 0.2985
vn 0.3507 0.9065 0.2353
vn 0.4567 0.8751 0.1599
vn 0.5697 0.8184 0.0751
vn 0.6845 0.7289 -0.0128
vn 0.7939 0.6004 -0.0961
vn 0.8861 0.4336 -0.1638
vn 0.9479 0.2478 -0.2003
vn 0.9670 0.1503 -0.2055
vn -0.9548 0.2383 -0.1776
vn -0.9706 0.1617 -0.1784
vn -0.9059 0.3899 -0.1651
vn -0.8355 0.5326 -0.1353
vn -0.7481 0.6577 -0.0882
vn -0.6460 0.7629 -0.0268
vn -0.5326 0.8452 0.0455
vn -0.4182 0.9004 0.1198
vn -0.3151 0.9304 0.1874
vn -0.2330 0.9413 0.2443
vn -0.1725 0.9412 0.2906
vn -0.1298 0.9357 0.3282
vn -0.1000 0.9280 0.3589
vn -0.0794 0.9199 0.3841
vn -0.0643 0.9122 0.4047
vn -0.0514 0.9052 0.4219
vn -0.0372 0.8989 0.4366
vn -0.0228 0.8910 0.4534
vn -0.0174 0.8836 0.4679
vn -0.0164 0.8793 0.4759
vn -0.0156 0.8778 0.4788
vn -0.0163 0.8788 0.4768
vn -0.0175 0.8843 0.4666
vn -0.0088 0.8940 0.4480
vn 0.0126 0.9026 0.4302
vn 0.0341 0.9100 0.4131
vn 0.0548 0.9169 0.3953
vn 0.0765 0.9231 0.3769
vn 0.1006 0.9293 0.3553
vn 0.1334 0.9348 0.3291
vn 0.1785 0.9378 0.2978
vn 0.2394 0.9355 0.2600
vn 0.3184 0.9236 0.2135
vn 0.4135 0.8969 0.1567
vn 0.5176 0.8509 0.0905
vn 0.6241 0.7811 0.0196
vn 0.7273 0.6845 -0.0504
vn 0.8221 0.5581 -0.1122
vn 0.9013 0.4042 -0.1559
vn 0.9545 0.2405 -0.1765
vn 0.9718 0.1552 -0.1773
vn -0.9586 0.2394 -0.1542
vn -0.9741 0.1643 -0.1554
vn -0.9119 0.3836 -0.1462
vn -0.8478 0.5146 -0.1282
vn -0.7699 0.6313 -0.0937
vn -0.6790 0.7325 -0.0478
vn -0.5761 0.8173 0.0074
vn -0.4679 0.8813 0.0659
vn -0.3663 0.9226 0.1213
vn -0.2814 0.9445 0.1698
vn -0.2164 0.9532 0.2110
vn -0.1687 0.9546 0.2457
vn -0.1341 0.9520 0.2751
vn -0.1087 0.9477 0.3000
vn -0.0892 0.9429 0.3210
vn -0.0729 0.9380 0.3389
vn -0.0572 0.9333 0.3546
vn -0.0422 0.9282 0.3696
vn -0.0310 0.9236 0.3820
vn -0.0225 0.9208 0.3893
vn -0.0148 0.9201 0.3915
vn -0.0072 0.9215 0.3884
vn 0.0016 0.9254 0.3789
vn 0.0164 0.9316 0.3631
vn 0.0376 0.9371 0.3470
vn 0.0590 0.9417 0.3313
vn 0.0811 0.9456 0.3150
vn 0.1050 0.9490 0.2972
vn 0.1331 0.9517 0.2766
vn 0.1696 0.9526 0.2524
vn 0.2183 0.9497 0.2244
vn 0.2830 0.9399 0.1911
vn 0.3658 0.9185 0.1505
vn 0.4626 0.8808 0.1009
vn 0.5647 0.8241 0.0446
vn 0.6647 0.7470 -0.0135
vn 0.7583 0.6484 -0.0683
vn 0.8414 0.5284 -0.1131
vn 0.9104 0.3888 -0.1417
vn 0.9589 0.2389 -0.1528
vn 0.9751 0.1610 -0.1526
vn -0.9606 0.2413 -0.1379
vn -0.9761 0.1701 -0.1353
vn -0.9147 0.3815 -0.1334
vn -0.8560 0.5027 -0.1203
vn -0.7870 0.6099 -0.0932
vn -0.7036 0.7088 -0.0511
vn -0.6073 0.7944 -0.0088
vn -0.5033 0.8634 0.0350
vn -0.4038 0.9116 0.0776
vn -0.3184 0.9408 0.1164
vn -0.2514 0.9561 0.1506
vn -0.2011 0.9628 0.1806
vn -0.1634 0.9646 0.2069
vn -0.1347 0.9638 0.2300
vn -0.1120 0.9617 0.2501
vn -0.0929 0.9591 0.2675
vn -0.0749 0.9563 0.2826
vn -0.0573 0.9536 0.2956
vn -0.0414 0.9513 0.3056
vn -0.0269 0.9499 0.3114
vn -0.0131 0.9497 0.3130
vn 0.0010 0.9507 0.3100
vn 0.0167 0.9530 0.3024
vn 0.0363 0.9562 0.2905
vn 0.0586 0.9591 0.2771
vn 0.0803 0.9615 0.2627
vn 0.1037 0.9633 0.2476
vn 0.1296 0.9643 0.2311
vn 0.1603 0.9639 0.2124
vn 0.1990 0.9611 0.1914
vn 0.2498 0.9537 0.1675
vn 0.3171 0.9381 0.1397
vn 0.4031 0.9090 0.1056
vn 0.5014 0.8629 0.0632
vn 0.6009 0.7992 0.0156
vn 0.6955 0.7179 -0.0305
vn 0.7805 0.6211 -0.0718
vn 0.8551 0.5082 -0.1031
vn 0.9171 0.3786 -0.1245
vn 0.9619 0.2381 -0.1347
vn 0.9770 0.1646 -0.1355
vn -0.9610 0.2467 -0.1250
vn -0.9763 0.1758 -0.1264
vn -0.9121 0.3891 -0.1288
vn -0.8547 0.4988 -0.1442
vn -0.8013 0.5836 -0.1316
vn -0.7287 0.6809 -0.0736
vn -0.6294 0.7770 -0.0144
vn -0.5265 0.8499 0.0204
vn -0.4293 0.9017 0.0503
vn -0.3450 0.9353 0.0788
vn -0.2781 0.9547 0.1055
vn -0.2268 0.9652 0.1301
vn -0.1876 0.9703 0.1525
vn -0.1569 0.9724 0.1727
vn -0.1320 0.9727 0.1907
vn -0.1103 0.9722 0.2064
vn -0.0896 0.9715 0.2196
vn -0.0688 0.9707 0.2303
vn -0.0488 0.9700 0.2380
vn -0.0299 0.9697 0.2425
vn -0.0113 0.9698 0.2437
vn 0.0076 0.9704 0.2414
vn 0.0279 0.9714 0.2357
vn 0.0510 0.9725 0.2271
vn 0.0755 0.9732 0.2170
vn 0.0987 0.9738 0.2048
vn 0.1230 0.9738 0.1912
vn 0.1503 0.9728 0.1765
vn 0.1824 0.9701 0.1604
vn 0.2223 0.9645 0.1428
vn 0.2740 0.9537 0.1237
vn 0.3426 0.9339 0.1022
vn 0.4316 0.8989 0.0761
vn 0.5326 0.8453 0.0423
vn 0.6300 0.7765 0.0033
vn 0.7178 0.6954 -0.0341
vn 0.7968 0.6007 -0.0660
vn 0.8653 0.4926 -0.0929
vn 0.9229 0.3682 -0.1122
vn 0.9643 0.2347 -0.1224
vn 0.9784 0.1656 -0.1241
vn -0.9529 0.2207 -0.2082
vn -0.9570 0.1440 -0.2520
vn -0.9195 0.3782 -0.1070
vn -0.8565 0.5159 -0.0165
vn -0.8149 0.5792 -0.0208
vn -0.7656 0.6418 -0.0450
vn -0.6635 0.7478 -0.0256
vn -0.5437 0.8393 0.0064
vn -0.4450 0.8950 0.0301
vn -0.3631 0.9304 0.0511
vn -0.2976 0.9520 0.0713
vn -0.2466 0.9649 0.0906
vn -0.2068 0.9723 0.1087
vn -0.1750 0.9766 0.1253
vn -0.1482 0.9790 0.1400
vn -0.1241 0.9805 0.1527
vn -0.1007 0.9815 0.1631
vn -0.0771 0.9822 0.1712
vn -0.0539 0.9827 0.1770
vn -0.0316 0.9831 0.1802
vn -0.0097 0.9834 0.1811
vn 0.0126 0.9837 0.1795
vn 0.0361 0.9838 0.1756
vn 0.0616 0.9836 0.1696
vn 0.0881 0.9828 0.1626
vn 0.1134 0.9816 0.1537
vn 0.1391 0.9799 0.1430
vn 0.1672 0.9772 0.1308
vn 0.2000 0.9727 0.1176
vn 0.2400 0.9652 0.1036
vn 0.2913 0.9525 0.0893
vn 0.3595 0.9301 0.0748
vn 0.4504 0.8909 0.0585
vn 0.5558 0.8306 0.0346
vn 0.6511 0.7590 0.0044
vn 0.7372 0.6753 -0.0223
vn 0.8128 0.5799 -0.0558
vn 0.8760 0.4739 -0.0895
vn 0.9271 0.3568 -0.1144
vn 0.9648 0.2300 -0.1274
vn 0.9772 0.1655 -0.1328
vn -0.8314 0.1065 -0.5454
vn -0.8194 0.0734 -0.5685
vn -0.8692 0.1945 -0.4546
vn -0.9105 0.3569 -0.2086
vn -0.8071 0.5857 0.0749
vn -0.7222 0.6884 0.0672
vn -0.6461 0.7630 0.0214
vn -0.5498 0.8353 0.0077
vn -0.4568 0.8894 0.0166
vn -0.3762 0.9260 0.0307
vn -0.3117 0.9491 0.0452
vn -0.2611 0.9635 0.0590
vn -0.2210 0.9726 0.0719
vn -0.1881 0.9786 0.0837
vn -0.1598 0.9827 0.0940
vn -0.1337 0.9857 0.1027
vn -0.1082 0.9880 0.1099
vn -0.0824 0.9899 0.1155
vn -0.0570 0.9912 0.1193
vn -0.0325 0.9921 0.1215
vn -0.0083 0.9925 0.1221
vn 0.0162 0.9925 0.1211
vn 0.0418 0.9920 0.1187
vn 0.0690 0.9910 0.1150
vn 0.0967 0.9891 0.1107
vn 0.1237 0.9867 0.1052
vn 0.1509 0.9836 0.0985
vn 0.1801 0.9795 0.0904
vn 0.2133 0.9736 0.0813
vn 0.2531 0.9648 0.0714
vn 0.3026 0.9511 0.0619
vn 0.3668 0.9286 0.0558
vn 0.4525 0.8897 0.0603
vn 0.5609 0.8240 0.0800
vn 0.6753 0.7337 0.0754
vn 0.7601 0.6497 0.0058
vn 0.8325 0.5509 -0.0586
vn 0.8899 0.4446 -0.1018
vn 0.9324 0.3325 -0.1416
vn 0.9602 0.2130 -0.1804
vn 0.9665 0.1560 -0.2038
vn -0.9792 0.1071 -0.1724
vn -0.9731 0.0304 -0.2284
vn -0.9724 0.1418 -0.1853
vn -0.9665 0.0969 -0.2376
vn -0.9129 0.3785 -0.1529
vn -0.7249 0.6878 -0.0374
vn -0.6282 0.7780 -0.0025
vn -0.5397 0.8418 0.0089
vn -0.4567 0.8895 0.0125
vn -0.3818 0.9241 0.0177
vn -0.3193 0.9473 0.0243
vn -0.2694 0.9625 0.0312
vn -0.2290 0.9727 0.0377
vn -0.1954 0.9798 0.0437
vn -0.1661 0.9849 0.0490
vn -0.1389 0.9889 0.0536
vn -0.1122 0.9920 0.0575
vn -0.0850 0.9945 0.0605
vn -0.0582 0.9963 0.0625
vn -0.0324 0.9975 0.0635
vn -0.0070 0.9979 0.0638
vn 0.0188 0.9978 0.0633
vn 0.0454 0.9970 0.0622
vn 0.0735 0.9955 0.0606
vn 0.1020 0.9930 0.0588
vn 0.1298 0.9899 0.0565
vn 0.1578 0.9860 0.0537
vn 0.1877 0.9809 0.0503
vn 0.2214 0.9741 0.0464
vn 0.2611 0.9644 0.0419
vn 0.3086 0.9505 0.0373
vn 0.3652 0.9303 0.0342
vn 0.4302 0.9019 0.0381
vn 0.5180 0.8532 0.0608
vn 0.7177 0.6945 0.0508
vn 0.8159 0.5618 -0.1367
vn 0.8322 0.4896 -0.2602
vn 0.8599 0.4335 -0.2696
vn 0.9315 0.2909 -0.2182
vn 0.9508 0.1401 -0.2763
vn 0.9242 0.1085 -0.3662
vn -0.9485 0.0199 0.3162
vn -0.9512 -0.1084 0.2891
vn -0.9313 0.2598 0.2555
vn -0.9357 0.3527 0.0060
vn -0.8674 0.4320 -0.2471
vn -0.7401 0.6274 -0.2420
vn -0.6717 0.7296 -0.1282
vn -0.5578 0.8298 -0.0174
vn -0.4606 0.8876 0.0021
vn -0.3825 0.9240 0.0036
vn -0.3201 0.9474 0.0018
vn -0.2706 0.9627 0.0013
vn -0.2306 0.9730 0.0021
vn -0.1970 0.9804 0.0024
vn -0.1676 0.9859 0.0030
vn -0.1400 0.9901 0.0037
vn -0.1129 0.9936 0.0043
vn -0.0851 0.9964 0.0049
vn -0.0577 0.9983 0.0050
vn -0.0314 0.9995 0.0050
vn -0.0053 1.0000 0.0046
vn 0.0205 0.9998 0.0048
vn 0.0474 0.9989 0.0048
vn 0.0756 0.9971 0.0050
vn 0.1041 0.9946 0.0057
vn 0.1321 0.9912 0.0066
vn 0.1603 0.9870 0.0074
vn 0.1903 0.9817 0.0083
vn 0.2242 0.9745 0.0089
vn 0.2640 0.9645 0.0092
vn 0.3116 0.9502 0.0087
vn 0.3678 0.9299 0.0058
vn 0.4299 0.9029 -0.0019
vn 0.5064 0.8622 -0.0089
vn 0.7578 0.6501 0.0564
vn 0.9196 0.3761 0.1140
vn 0.9279 0.3716 -0.0316
vn 0.8527 0.4575 -0.2522
vn 0.8742 0.3559 -0.3302
vn 0.9547 0.0772 -0.2875
vn 0.9697 -0.0643 -0.2356
vn -0.9669 0.1353 0.2163
vn -0.9460 0.0858 0.3127
vn -0.8912 0.4223 0.1655
vn -0.8050 0.5830 0.1100
vn -0.8321 0.5543 -0.0181
vn -0.8097 0.5821 -0.0745
vn -0.7713 0.6321 -0.0742
vn -0.6343 0.7723 -0.0353
vn -0.4644 0.8856 -0.0106
vn -0.3760 0.9265 -0.0155
vn -0.3139 0.9492 -0.0230
vn -0.2656 0.9636 -0.0297
vn -0.2265 0.9734 -0.0354
vn -0.1936 0.9803 -0.0400
vn -0.1645 0.9854 -0.0438
vn -0.1373 0.9894 -0.0469
vn -0.1104 0.9927 -0.0493
vn -0.0828 0.9953 -0.0512
vn -0.0556 0.9971 -0.0529
vn -0.0296 0.9981 -0.0540
vn -0.0042 0.9985 -0.0544
vn 0.0214 0.9983 -0.0541
vn 0.0478 0.9975 -0.0530
vn 0.0753 0.9959 -0.0509
vn 0.1032 0.9935 -0.0476
vn 0.1307 0.9905 -0.0436
vn 0.1587 0.9866 -0.0389
vn 0.1886 0.9815 -0.0336
vn 0.2227 0.9745 -0.0279
vn 0.2634 0.9644 -0.0222
vn 0.3136 0.9494 -0.0175
vn 0.3761 0.9264 -0.0164
vn 0.4503 0.8925 -0.0260
vn 0.5241 0.8497 -0.0577
vn 0.6310 0.7724 -0.0724
vn 0.8191 0.5472 0.1722
vn 0.8809 0.2318 0.4127
vn 0.8827 0.0886 0.4616
vn 0.9200 0.1950 0.3401
vn 0.9479 0.1731 0.2676
vn 0.9449 0.0941 0.3136
vn -0.9779 0.2065 0.0317
vn -0.9766 0.1901 0.1006
vn -0.9452 0.3265 0.0090
vn -0.8494 0.5053 0.1523
vn -0.7740 0.5887 0.2332
vn -0.7427 0.6400 0.1969
vn -0.7002 0.7055 0.1095
vn -0.5998 0.8001 0.0053
vn -0.4559 0.8894 -0.0330
vn -0.3679 0.9288 -0.0441
vn -0.3053 0.9508 -0.0536
vn -0.2567 0.9644 -0.0632
vn -0.2178 0.9733 -0.0729
vn -0.1856 0.9792 -0.0820
vn -0.1573 0.9834 -0.0901
vn -0.1310 0.9866 -0.0970
vn -0.1050 0.9892 -0.1026
vn -0.0781 0.9912 -0.1069
vn -0.0519 0.9925 -0.1105
vn -0.0271 0.9932 -0.1128
vn -0.0029 0.9935 -0.1136
vn 0.0214 0.9934 -0.1128
vn 0.0464 0.9928 -0.1104
vn 0.0725 0.9917 -0.1063
vn 0.0990 0.9900 -0.1004
vn 0.1253 0.9878 -0.0929
vn 0.1523 0.9848 -0.0841
vn 0.1816 0.9806 -0.0740
vn 0.2155 0.9745 -0.0629
vn 0.2569 0.9651 -0.0512
vn 0.3095 0.9501 -0.0397
vn 0.3781 0.9253 -0.0294
vn 0.4664 0.8843 -0.0220
vn 0.5652 0.8245 -0.0261
vn 0.6362 0.7692 -0.0604
vn 0.7188 0.6929 -0.0561
vn 0.8339 0.5469 0.0750
vn 0.8798 0.3219 0.3497
vn 0.8239 0.1895 0.5341
vn 0.7945 0.1373 0.5916
vn 0.7922 0.1213 0.5981
vn -0.9515 0.2852 0.1152
vn -0.9589 0.2528 0.1291
vn -0.9419 0.3299 0.0640
vn -0.9071 0.4194 0.0373
vn -0.8264 0.5604 0.0543
vn -0.7383 0.6722 0.0553
vn -0.6568 0.7539 0.0162
vn -0.5577 0.8294 -0.0338
vn -0.4468 0.8926 -0.0600
vn -0.3599 0.9301 -0.0732
vn -0.2947 0.9517 -0.0857
vn -0.2445 0.9646 -0.0987
vn -0.2050 0.9724 -0.1116
vn -0.1729 0.9771 -0.1241
vn -0.1454 0.9800 -0.1360
vn -0.1205 0.9818 -0.1467
vn -0.0961 0.9831 -0.1556
vn -0.0707 0.9841 -0.1627
vn -0.0462 0.9846 -0.1686
vn -0.0235 0.9848 -0.1723
vn -0.0017 0.9848 -0.1735
vn 0.0203 0.9848 -0.1723
vn 0.0430 0.9847 -0.1686
vn 0.0667 0.9845 -0.1624
vn 0.0911 0.9839 -0.1536
vn 0.1155 0.9830 -0.1427
vn 0.1408 0.9815 -0.1299
vn 0.1690 0.9788 -0.1155
vn 0.2024 0.9742 -0.0997
vn 0.2443 0.9662 -0.0829
vn 0.2982 0.9523 -0.0652
vn 0.3686 0.9284 -0.0465
vn 0.4587 0.8882 -0.0252
vn 0.5623 0.8270 0.0016
vn 0.6569 0.7535 0.0257
vn 0.7280 0.6853 0.0191
vn 0.8003 0.5994 0.0154
vn 0.8737 0.4829 0.0590
vn 0.9251 0.3474 0.1533
vn 0.9459 0.2288 0.2300
vn 0.9508 0.1733 0.2568
vn -0.9560 0.2464 0.1595
vn -0.9835 0.1461 0.1068
vn -0.9083 0.3768 0.1815
vn -0.8705 0.4741 0.1323
vn -0.8103 0.5813 0.0740
vn -0.7251 0.6879 0.0303
vn -0.6313 0.7755 -0.0077
vn -0.5311 0.8460 -0.0463
vn -0.4310 0.8991 -0.0772
vn -0.3452 0.9331 -0.1005
vn -0.2786 0.9528 -0.1205
vn -0.2276 0.9638 -0.1388
vn -0.1880 0.9697 -0.1557
vn -0.1563 0.9727 -0.1714
vn -0.1294 0.9741 -0.1857
vn -0.1056 0.9743 -0.1991
vn -0.0833 0.9739 -0.2112
vn -0.0600 0.9734 -0.2213
vn -0.0380 0.9725 -0.2299
vn -0.0187 0.9717 -0.2353
vn -0.0004 0.9715 -0.2372
vn 0.0181 0.9717 -0.2355
vn 0.0374 0.9724 -0.2304
vn 0.0578 0.9734 -0.2219
vn 0.0792 0.9744 -0.2102
vn 0.1013 0.9753 -0.1961
vn 0.1248 0.9757 -0.1801
vn 0.1517 0.9750 -0.1625
vn 0.1843 0.9724 -0.1430
vn 0.2259 0.9665 -0.1216
vn 0.2800 0.9550 -0.0980
vn 0.3506 0.9338 -0.0718
vn 0.4389 0.8976 -0.0414
vn 0.5386 0.8426 -0.0049
vn 0.6371 0.7699 0.0370
vn 0.7217 0.6884 0.0724
vn 0.7937 0.6013 0.0924
vn 0.8590 0.5011 0.1049
vn 0.9169 0.3811 0.1189
vn 0.9592 0.2519 0.1283
vn 0.9734 0.1917 0.1255
vn -0.9669 0.2224 0.1249
vn -0.9796 0.1535 0.1297
vn -0.9203 0.3702 0.1267
vn -0.8564 0.5031 0.1157
vn -0.7849 0.6147 0.0782
vn -0.6985 0.7149 0.0325
vn -0.6019 0.7984 -0.0165
vn -0.5011 0.8631 -0.0632
vn -0.4045 0.9087 -0.1036
vn -0.3207 0.9373 -0.1364
vn -0.2549 0.9530 -0.1637
vn -0.2046 0.9607 -0.1874
vn -0.1660 0.9639 -0.2084
vn -0.1356 0.9644 -0.2270
vn -0.1100 0.9636 -0.2435
vn -0.0872 0.9621 -0.2585
vn -0.0662 0.9598 -0.2727
vn -0.0450 0.9572 -0.2860
vn -0.0266 0.9542 -0.2979
vn -0.0122 0.9522 -0.3054
vn 0.0011 0.9514 -0.3079
vn 0.0147 0.9520 -0.3058
vn 0.0292 0.9537 -0.2993
vn 0.0451 0.9565 -0.2883
vn 0.0631 0.9598 -0.2735
vn 0.0831 0.9630 -0.2565
vn 0.1051 0.9654 -0.2385
vn 0.1303 0.9670 -0.2188
vn 0.1612 0.9672 -0.1964
vn 0.2014 0.9645 -0.1709
vn 0.2544 0.9567 -0.1418
vn 0.3240 0.9399 -0.1082
vn 0.4112 0.9089 -0.0690
vn 0.5105 0.8595 -0.0243
vn 0.6105 0.7917 0.0232
vn 0.7022 0.7087 0.0682
vn 0.7825 0.6138 0.1047
vn 0.8518 0.5080 0.1278
vn 0.9123 0.3846 0.1406
vn 0.9589 0.2443 0.1442
vn 0.9747 0.1765 0.1373
vn -0.9627 0.2252 0.1497
vn -0.9781 0.1464 0.1477
vn -0.9158 0.3766 0.1396
vn -0.8457 0.5212 0.1144
vn -0.7613 0.6443 0.0729
vn -0.6661 0.7457 0.0170
vn -0.5643 0.8245 -0.0416
vn -0.4628 0.8810 -0.0977
vn -0.3676 0.9184 -0.1466
vn -0.2866 0.9397 -0.1869
vn -0.2230 0.9496 -0.2203
vn -0.1748 0.9527 -0.2487
vn -0.1385 0.9520 -0.2731
vn -0.1105 0.9494 -0.2941
vn -0.0871 0.9460 -0.3122
vn -0.0657 0.9422 -0.3286
vn -0.0451 0.9379 -0.3441
vn -0.0248 0.9327 -0.3598
vn -0.0112 0.9267 -0.3756
vn -0.0037 0.9228 -0.3852
vn 0.0028 0.9215 -0.3883
vn 0.0100 0.9225 -0.3858
vn 0.0182 0.9256 -0.3781
vn 0.0282 0.9307 -0.3648
vn 0.0422 0.9370 -0.3467
vn 0.0614 0.9432 -0.3265
vn 0.0827 0.9480 -0.3073
vn 0.1055 0.9521 -0.2871
vn 0.1332 0.9555 -0.2634
vn 0.1705 0.9569 -0.2351
vn 0.2207 0.9543 -0.2014
vn 0.2878 0.9440 -0.1611
vn 0.3736 0.9207 -0.1130
vn 0.4741 0.8786 -0.0579
vn 0.5782 0.8159 0.0003
vn 0.6770 0.7339 0.0553
vn 0.7659 0.6347 0.1025
vn 0.8438 0.5188 0.1376
vn 0.9089 0.3868 0.1561
vn 0.9572 0.2402 0.1615
vn 0.9733 0.1647 0.1597
vn -0.9585 0.2274 0.1721
vn -0.9734 0.1471 0.1754
vn -0.9084 0.3895 0.1518
vn -0.8289 0.5479 0.1130
vn -0.7309 0.6804 0.0536
vn -0.6246 0.7808 -0.0161
vn -0.5162 0.8521 -0.0870
vn -0.4130 0.8978 -0.1527
vn -0.3197 0.9242 -0.2090
vn -0.2424 0.9359 -0.2555
vn -0.1825 0.9383 -0.2937
vn -0.1377 0.9355 -0.3254
vn -0.1051 0.9300 -0.3522
vn -0.0810 0.9237 -0.3745
vn -0.0599 0.9173 -0.3936
vn -0.0404 0.9104 -0.4118
vn -0.0203 0.9033 -0.4286
vn 0.0004 0.8953 -0.4455
vn 0.0087 0.8859 -0.4638
vn 0.0064 0.8802 -0.4746
vn 0.0044 0.8785 -0.4777
vn 0.0043 0.8801 -0.4748
vn 0.0049 0.8841 -0.4673
vn 0.0071 0.8913 -0.4533
vn 0.0149 0.9015 -0.4325
vn 0.0350 0.9126 -0.4073
vn 0.0585 0.9204 -0.3866
vn 0.0791 0.9263 -0.3685
vn 0.1013 0.9325 -0.3468
vn 0.1334 0.9387 -0.3179
vn 0.1785 0.9427 -0.2818
vn 0.2406 0.9413 -0.2366
vn 0.3233 0.9290 -0.1803
vn 0.4248 0.8982 -0.1132
vn 0.5351 0.8439 -0.0401
vn 0.6438 0.7645 0.0306
vn 0.7433 0.6627 0.0917
vn 0.8308 0.5387 0.1397
vn 0.9031 0.3937 0.1714
vn 0.9537 0.2377 0.1842
vn 0.9698 0.1593 0.1845
vn -0.9511 0.2355 0.2001
vn -0.9693 0.1389 0.2027
vn -0.8925 0.4197 0.1653
vn -0.8012 0.5903 0.0981
vn -0.6885 0.7251 0.0149
vn -0.5694 0.8188 -0.0728
vn -0.4548 0.8767 -0.1567
vn -0.3497 0.9079 -0.2310
vn -0.2594 0.9201 -0.2935
vn -0.1871 0.9200 -0.3444
vn -0.1327 0.9131 -0.3855
vn -0.0934 0.9033 -0.4188
vn -0.0666 0.8927 -0.4458
vn -0.0478 0.8829 -0.4672
vn -0.0269 0.8731 -0.4868
vn -0.0080 0.8603 -0.5097
vn 0.0092 0.8475 -0.5308
vn 0.0267 0.8377 -0.5456
vn 0.0307 0.8292 -0.5580
vn 0.0167 0.8225 -0.5685
vn 0.0053 0.8212 -0.5706
vn -0.0016 0.8231 -0.5679
vn -0.0082 0.8272 -0.5618
vn -0.0150 0.8344 -0.5510
vn -0.0197 0.8466 -0.5319
vn -0.0016 0.8656 -0.5008
vn 0.0327 0.8806 -0.4728
vn 0.0565 0.8866 -0.4590
vn 0.0691 0.8917 -0.4474
vn 0.0911 0.9019 -0.4222
vn 0.1279 0.9134 -0.3865
vn 0.1812 0.9229 -0.3397
vn 0.2568 0.9256 -0.2781
vn 0.3568 0.9125 -0.2003
vn 0.4746 0.8734 -0.1093
vn 0.5965 0.8025 -0.0152
vn 0.7117 0.6991 0.0693
vn 0.8124 0.5671 0.1357
vn 0.8938 0.4106 0.1806
vn 0.9489 0.2411 0.2037
vn 0.9655 0.1566 0.2081
vn -0.9422 0.2549 0.2177
vn -0.9609 0.1461 0.2352
vn -0.8698 0.4679 0.1567
vn -0.7576 0.6501 0.0585
vn -0.6265 0.7777 -0.0520
vn -0.4947 0.8544 -0.1587
vn -0.3743 0.8917 -0.2544
vn -0.2697 0.9027 -0.3352
vn -0.1844 0.8972 -0.4012
vn -0.1196 0.8831 -0.4537
vn -0.0738 0.8659 -0.4948
vn -0.0433 0.8490 -0.5266
vn -0.0265 0.8349 -0.5498
vn -0.0140 0.8250 -0.5649
vn 0.0147 0.8133 -0.5817
vn 0.0437 0.7864 -0.6162
vn 0.0633 0.7440 -0.6652
vn 0.0255 0.7184 -0.6952
vn 0.0430 0.7570 -0.6520
vn 0.0253 0.7530 -0.6576
vn 0.0051 0.7520 -0.6592
vn -0.0062 0.7538 -0.6571
vn -0.0175 0.7564 -0.6538
vn -0.0300 0.7606 -0.6486
vn -0.0514 0.7661 -0.6406
vn -0.0594 0.7875 -0.6134
vn -0.0052 0.8249 -0.5652
vn 0.0475 0.8347 -0.5487
vn 0.0480 0.8275 -0.5594
vn 0.0458 0.8360 -0.5469
vn 0.0693 0.8552 -0.5136
vn 0.1099 0.8764 -0.4688
vn 0.1726 0.8963 -0.4084
vn 0.2643 0.9075 -0.3266
vn 0.3849 0.8959 -0.2218
vn 0.5228 0.8465 -0.1007
vn 0.6614 0.7497 0.0199
vn 0.7839 0.6091 0.1203
vn 0.8802 0.4357 0.1883
vn 0.9423 0.2501 0.2225
vn 0.9601 0.1577 0.2309
vn -0.9265 0.3021 0.2241
vn -0.9475 0.1765 0.2665
vn -0.8323 0.5417 0.1173
vn -0.6905 0.7230 -0.0202
vn -0.5373 0.8286 -0.1575
vn -0.3939 0.8757 -0.2793
vn -0.2707 0.8838 -0.3817
vn -0.1704 0.8695 -0.4636
vn -0.0942 0.8440 -0.5281
vn -0.0405 0.8147 -0.5785
vn -0.0071 0.7861 -0.6180
vn 0.0099 0.7619 -0.6476
vn 0.0053 0.7473 -0.6644
vn 0.0139 0.7470 -0.6646
vn 0.0577 0.7368 -0.6737
vn 0.1213 0.7080 -0.6957
vn 0.1842 0.6445 -0.7421
vn 0.0008 0.5736 -0.8191
vn -0.0324 0.6478 -0.7611
vn 0.0311 0.6773 -0.7350
vn 0.0060 0.6761 -0.7367
vn -0.0082 0.6764 -0.7365
vn -0.0210 0.6766 -0.7360
vn -0.0362 0.6777 -0.7344
vn -0.0518 0.6743 -0.7366
vn -0.1261 0.6658 -0.7354
vn -0.0877 0.7300 -0.6778
vn 0.0455 0.7697 -0.6367
vn 0.0641 0.7477 -0.6610
vn 0.0066 0.7354 -0.6776
vn 0.0031 0.7604 -0.6495
vn 0.0302 0.7926 -0.6090
vn 0.0749 0.8273 -0.5568
vn 0.1481 0.8625 -0.4839
vn 0.2591 0.8872 -0.3817
vn 0.4071 0.8799 -0.2450
vn 0.5747 0.8140 -0.0846
vn 0.7344 0.6751 0.0700
vn 0.8585 0.4785 0.1843
vn 0.9327 0.2668 0.2426
vn 0.9523 0.1635 0.2576
vn -0.8991 0.3904 0.1981
vn -0.9262 0.2529 0.2796
vn -0.7657 0.6425 0.0303
vn -0.5859 0.7966 -0.1486
vn -0.4108 0.8589 -0.3059
vn -0.2610 0.8629 -0.4329
vn -0.1421 0.8351 -0.5314
vn -0.0539 0.7935 -0.6061
vn 0.0064 0.7495 -0.6619
vn 0.0448 0.7094 -0.7034
vn 0.0639 0.6739 -0.7360
vn 0.0704 0.6412 -0.7642
vn 0.0191 0.6169 -0.7868
vn 0.0337 0.6346 -0.7721
vn 0.0848 0.6238 -0.7770
vn 0.1782 0.6220 -0.7625
vn 0.2951 0.5702 -0.7667
vn 0.0252 0.5142 -0.8573
vn -0.1282 0.5422 -0.8304
vn 0.0130 0.5866 -0.8098
vn 0.0092 0.5920 -0.8059
vn -0.0072 0.5908 -0.8068
vn -0.0188 0.5899 -0.8072
vn -0.0377 0.5855 -0.8098
vn -0.0323 0.5865 -0.8093
vn -0.1245 0.5558 -0.8220
vn -0.1539 0.5018 -0.8512
vn -0.0715 0.5163 -0.8534
vn 0.1016 0.6542 -0.7495
vn 0.0092 0.6365 -0.7712
vn -0.0623 0.6402 -0.7656
vn -0.0499 0.6758 -0.7354
vn -0.0223 0.7164 -0.6973
vn 0.0239 0.7639 -0.6449
vn 0.1057 0.8180 -0.5655
vn 0.2389 0.8635 -0.4442
vn 0.4257 0.8639 -0.2691
vn 0.6369 0.7690 -0.0547
vn 0.8170 0.5585 0.1431
vn 0.9176 0.3018 0.2586
vn 0.9407 0.1764 0.2897
vn -0.8438 0.5253 0.1101
vn -0.8861 0.3916 0.2479
vn -0.6464 0.7527 -0.1249
vn -0.4262 0.8409 -0.3335
vn -0.2392 0.8368 -0.4925
vn -0.0966 0.7888 -0.6070
vn 0.0038 0.7262 -0.6875
vn 0.0685 0.6653 -0.7434
vn 0.1051 0.6133 -0.7828
vn 0.1217 0.5723 -0.8109
vn 0.1263 0.5426 -0.8304
vn 0.1312 0.5197 -0.8442
vn 0.0532 0.4793 -0.8760
vn 0.0846 0.4195 -0.9038
vn 0.0715 0.3454 -0.9357
vn 0.1559 0.4611 -0.8736
vn 0.3556 0.4924 -0.7944
vn 0.0714 0.4788 -0.8750
vn -0.1714 0.4612 -0.8706
vn -0.0100 0.4863 -0.8738
vn 0.0104 0.4937 -0.8696
vn -0.0051 0.4933 -0.8698
vn -0.0153 0.4915 -0.8707
vn -0.0269 0.4845 -0.8744
vn -0.0350 0.4709 -0.8815
vn -0.0511 0.4550 -0.8890
vn 0.0396 0.3578 -0.9329
vn -0.2110 0.1938 -0.9581
vn -0.1709 0.4042 -0.8986
vn 0.0228 0.5319 -0.8465
vn -0.0857 0.5255 -0.8464
vn -0.1154 0.5421 -0.8323
vn -0.1034 0.5772 -0.8100
vn -0.0839 0.6206 -0.7796
vn -0.0433 0.6788 -0.7331
vn 0.0419 0.7542 -0.6553
vn 0.2001 0.8310 -0.5191
vn 0.4435 0.8467 -0.2939
vn 0.7183 0.6958 0.0027
vn 0.8906 0.3847 0.2424
vn 0.9243 0.2102 0.3184
vn -0.7192 0.6906 -0.0766
vn -0.7814 0.6087 0.1375
vn -0.4397 0.8204 -0.3654
vn -0.1971 0.7986 -0.5687
vn -0.0257 0.7160 -0.6976
vn 0.0838 0.6239 -0.7770
vn 0.1464 0.5443 -0.8260
vn 0.1751 0.4844 -0.8572
vn 0.1838 0.4436 -0.8772
vn 0.1777 0.4149 -0.8923
vn 0.1666 0.3960 -0.9030
vn 0.1584 0.3807 -0.9110
vn 0.1369 0.3630 -0.9217
vn 0.2730 0.2796 -0.9205
vn 0.1262 0.1008 -0.9869
vn -0.0951 0.1311 -0.9868
vn 0.2776 0.3742 -0.8848
vn 0.1151 0.4381 -0.8915
vn -0.1558 0.3909 -0.9072
vn -0.0141 0.3784 -0.9255
vn 0.0088 0.3791 -0.9253
vn -0.0029 0.3792 -0.9253
vn -0.0099 0.3761 -0.9265
vn -0.0102 0.3684 -0.9296
vn -0.0126 0.3481 -0.9374
vn 0.0205 0.3173 -0.9481
vn 0.1785 0.2311 -0.9564
vn -0.1573 0.1450 -0.9769
vn -0.4129 0.1716 -0.8944
vn -0.1048 0.3436 -0.9332
vn -0.0903 0.3978 -0.9130
vn -0.1508 0.4019 -0.9032
vn -0.1601 0.4190 -0.8938
vn -0.1598 0.4476 -0.8798
vn -0.1546 0.4879 -0.8591
vn -0.1279 0.5506 -0.8249
vn -0.0516 0.6477 -0.7602
vn 0.1297 0.7730 -0.6210
vn 0.4642 0.8241 -0.3246
vn 0.8168 0.5668 0.1076
vn 0.8994 0.3012 0.3169
vn -0.4380 0.8054 -0.3994
vn -0.4774 0.8753 -0.0777
vn -0.1164 0.7346 -0.6684
vn 0.0855 0.5929 -0.8007
vn 0.1936 0.4626 -0.8652
vn 0.2410 0.3665 -0.8987
vn 0.2519 0.3051 -0.9184
vn 0.2424 0.2712 -0.9315
vn 0.2251 0.2544 -0.9405
vn 0.2065 0.2468 -0.9468
vn 0.1902 0.2402 -0.9519
vn 0.1809 0.2320 -0.9557
vn 0.1949 0.2161 -0.9567
vn 0.3555 0.1743 -0.9183
vn 0.3173 0.1302 -0.9393
vn -0.2287 -0.0396 -0.9727
vn -0.0456 0.1710 -0.9842
vn 0.1202 0.3945 -0.9110
vn -0.0898 0.3116 -0.9460
vn 0.0104 0.2658 -0.9640
vn 0.0107 0.2540 -0.9671
vn 0.0007 0.2519 -0.9678
vn -0.0030 0.2476 -0.9689
vn 0.0045 0.2412 -0.9705
vn 0.0188 0.2255 -0.9741
vn 0.0881 0.1888 -0.9781
vn 0.2599 0.1225 -0.9578
vn -0.0930 0.0833 -0.9922
vn -0.4961 0.0442 -0.8672
vn -0.2593 0.1572 -0.9529
vn -0.1330 0.2383 -0.9620
vn -0.1616 0.2504 -0.9546
vn -0.1861 0.2491 -0.9504
vn -0.2004 0.2576 -0.9452
vn -0.2150 0.2741 -0.9374
vn -0.2278 0.3027 -0.9255
vn -0.2275 0.3575 -0.9058
vn -0.1825 0.4629 -0.8674
vn -0.0039 0.6501 -0.7598
vn 0.4854 0.7904 -0.3737
vn 0.8143 0.5547 0.1708
vn -0.0684 0.9043 -0.4214
vn 0.0077 0.9999 0.0144
vn 0.1427 0.6697 -0.7288
vn 0.2626 0.4591 -0.8487
vn 0.3076 0.3125 -0.8987
vn 0.3088 0.2220 -0.9248
vn 0.2868 0.1747 -0.9419
vn 0.2584 0.1581 -0.9530
vn 0.2321 0.1557 -0.9602
vn 0.2118 0.1584 -0.9644
vn 0.1957 0.1580 -0.9679
vn 0.1906 0.1570 -0.9690
vn 0.2223 0.1482 -0.9637
vn 0.3532 0.1088 -0.9292
vn 0.3941 0.1481 -0.9071
vn -0.1740 -0.0023 -0.9847
vn -0.3153 -0.0037 -0.9490
vn 0.0485 0.3345 -0.9411
vn 0.0022 0.3089 -0.9511
vn 0.0404 0.2173 -0.9753
vn 0.0164 0.1919 -0.9813
vn 0.0042 0.1864 -0.9825
vn 0.0023 0.1821 -0.9833
vn 0.0114 0.1762 -0.9843
vn 0.0387 0.1686 -0.9849
vn 0.1348 0.1422 -0.9806
vn 0.2898 0.0751 -0.9541
vn -0.0493 0.0654 -0.9966
vn -0.5106 -0.0024 -0.8598
vn -0.3421 0.0564 -0.9380
vn -0.1728 0.1459 -0.9741
vn -0.1616 0.1717 -0.9718
vn -0.1864 0.1657 -0.9684
vn -0.2088 0.1620 -0.9644
vn -0.2307 0.1655 -0.9588
vn -0.2554 0.1761 -0.9507
vn -0.2832 0.1976 -0.9385
vn -0.3037 0.2490 -0.9197
vn -0.2843 0.3677 -0.8854
vn -0.1162 0.6290 -0.7686
vn 0.3822 0.8477 -0.3679
vn 0.1662 0.0123 0.9860
vn 0.2668 -0.2595 0.9282
vn 0.2654 -0.1549 0.9516
vn 0.1622 0.0196 0.9866
vn 0.3494 -0.1963 0.9162
vn 0.3537 -0.1506 0.9231
vn 0.3300 -0.1389 0.9337
vn 0.3327 -0.1157 0.9359
vn 0.2870 -0.1071 0.9519
vn 0.2885 -0.0884 0.9534
vn 0.2458 -0.0908 0.9651
vn 0.2468 -0.0717 0.9664
vn 0.2139 -0.0798 0.9736
vn 0.2145 -0.0606 0.9748
vn 0.1870 -0.0706 0.9798
vn 0.1875 -0.0518 0.9809
vn 0.1598 -0.0621 0.9852
vn 0.1602 -0.0440 0.9861
vn 0.1295 -0.0521 0.9902
vn 0.1299 -0.0348 0.9909
vn 0.1208 -0.0450 0.9917
vn 0.1209 -0.0284 0.9923
vn 0.2123 -0.0418 0.9763
vn 0.2124 -0.0294 0.9767
vn 0.3576 -0.0174 0.9337
vn 0.3579 -0.0189 0.9336
vn 0.0944 -0.0392 0.9948
vn 0.0952 -0.0333 0.9949
vn -0.1860 0.0326 0.9820
vn -0.1840 0.0307 0.9824
vn -0.0621 0.0202 0.9979
vn -0.0619 0.0345 0.9975
vn 0.0128 0.0227 0.9997
vn 0.0127 0.0399 0.9991
vn 0.0376 0.0183 0.9991
vn 0.0376 0.0333 0.9987
vn 0.0333 0.0272 0.9991
vn 0.0336 0.0401 0.9986
vn -0.0002 0.0331 0.9995
vn -0.0001 0.0458 0.9989
vn -0.0391 0.0301 0.9988
vn -0.0392 0.0441 0.9983
vn -0.0687 0.0203 0.9974
vn -0.0689 0.0364 0.9970
vn -0.0310 0.0178 0.9994
vn -0.0316 0.0331 0.9990
vn 0.1303 0.0257 0.9911
vn 0.1286 0.0356 0.9911
vn 0.3948 -0.0025 0.9188
vn 0.3945 -0.0021 0.9189
vn 0.1073 -0.0313 0.9937
vn 0.1083 -0.0293 0.9937
vn -0.4199 0.0659 0.9052
vn -0.4185 0.0526 0.9067
vn -0.3788 0.0108 0.9254
vn -0.3801 0.0224 0.9247
vn -0.2334 -0.0259 0.9720
vn -0.2348 -0.0056 0.9720
vn -0.1960 -0.0369 0.9799
vn -0.1966 -0.0168 0.9803
vn -0.1998 -0.0456 0.9788
vn -0.2004 -0.0248 0.9794
vn -0.2138 -0.0567 0.9752
vn -0.2145 -0.0339 0.9761
vn -0.2356 -0.0682 0.9695
vn -0.2363 -0.0431 0.9707
vn -0.2654 -0.0800 0.9608
vn -0.2664 -0.0515 0.9625
vn -0.3017 -0.0944 0.9487
vn -0.3030 -0.0604 0.9511
vn -0.3362 -0.1165 0.9345
vn -0.3385 -0.0735 0.9381
vn -0.3552 -0.1529 0.9222
vn -0.3592 -0.0969 0.9282
vn -0.3467 -0.2050 0.9153
vn -0.3531 -0.1325 0.9261
vn -0.2886 -0.2641 0.9203
vn -0.2972 -0.1705 0.9395
vn -0.1180 -0.2874 0.9505
vn -0.1217 -0.1838 0.9754
vn -0.0089 -0.0878 0.9961
vn -0.0003 -0.0508 0.9987
vn 0.2602 -0.0279 0.9652
vn 0.1584 0.0144 0.9873
vn 0.3572 -0.0576 0.9323
vn 0.3360 -0.0593 0.9400
vn 0.2908 -0.0476 0.9556
vn 0.2482 -0.0353 0.9681
vn 0.2155 -0.0254 0.9762
vn 0.1883 -0.0177 0.9819
vn 0.1609 -0.0113 0.9869
vn 0.1304 -0.0047 0.9914
vn 0.1208 -0.0009 0.9927
vn 0.2120 -0.0094 0.9772
vn 0.3582 -0.0180 0.9335
vn 0.0969 -0.0202 0.9951
vn -0.1805 0.0303 0.9831
vn -0.0608 0.0531 0.9967
vn 0.0125 0.0674 0.9976
vn 0.0372 0.0584 0.9976
vn 0.0340 0.0635 0.9974
vn 0.0002 0.0690 0.9976
vn -0.0394 0.0689 0.9968
vn -0.0692 0.0627 0.9956
vn -0.0318 0.0575 0.9978
vn 0.1260 0.0523 0.9906
vn 0.3924 -0.0039 0.9198
vn 0.1102 -0.0220 0.9937
vn -0.4157 0.0380 0.9087
vn -0.3816 0.0302 0.9238
vn -0.2363 0.0221 0.9714
vn -0.1975 0.0154 0.9802
vn -0.2012 0.0094 0.9795
vn -0.2154 0.0044 0.9765
vn -0.2373 -0.0010 0.9714
vn -0.2672 -0.0033 0.9636
vn -0.3040 -0.0023 0.9527
vn -0.3402 -0.0008 0.9404
vn -0.3628 -0.0011 0.9319
vn -0.3592 -0.0141 0.9332
vn -0.3043 -0.0347 0.9519
vn -0.1234 -0.0386 0.9916
vn 0.0104 0.0012 0.9999
vn 0.2576 0.0249 0.9659
vn 0.1591 0.0145 0.9872
vn 0.3559 0.0128 0.9344
vn 0.3363 0.0008 0.9418
vn 0.2916 -0.0020 0.9565
vn 0.2490 0.0013 0.9685
vn 0.2162 0.0071 0.9763
vn 0.1889 0.0135 0.9819
vn 0.1613 0.0195 0.9867
vn 0.1305 0.0236 0.9912
vn 0.1203 0.0215 0.9925
vn 0.2110 0.0021 0.9775
vn 0.3581 -0.0139 0.9336
vn 0.0986 -0.0045 0.9951
vn -0.1771 0.0373 0.9835
vn -0.0587 0.0658 0.9961
vn 0.0127 0.0875 0.9961
vn 0.0369 0.0774 0.9963
vn 0.0344 0.0832 0.9959
vn 0.0005 0.0900 0.9959
vn -0.0395 0.0931 0.9949
vn -0.0698 0.0898 0.9935
vn -0.0324 0.0773 0.9965
vn 0.1224 0.0651 0.9903
vn 0.3901 -0.0055 0.9208
vn 0.1119 -0.0117 0.9936
vn -0.4135 0.0379 0.9097
vn -0.3819 0.0303 0.9237
vn -0.2366 0.0370 0.9709
vn -0.1980 0.0382 0.9795
vn -0.2016 0.0354 0.9788
vn -0.2158 0.0317 0.9759
vn -0.2373 0.0298 0.9710
vn -0.2669 0.0331 0.9632
vn -0.3031 0.0437 0.9520
vn -0.3389 0.0622 0.9388
vn -0.3614 0.0842 0.9286
vn -0.3592 0.0976 0.9281
vn -0.3071 0.0848 0.9479
vn -0.1260 0.0392 0.9913
vn 0.0134 0.0117 0.9998
vn 0.2557 0.1010 0.9615
vn 0.1646 0.0332 0.9858
vn 0.3534 0.0797 0.9321
vn 0.3346 0.0612 0.9404
vn 0.2907 0.0509 0.9555
vn 0.2487 0.0468 0.9674
vn 0.2162 0.0471 0.9752
vn 0.1891 0.0508 0.9806
vn 0.1615 0.0577 0.9852
vn 0.1300 0.0647 0.9894
vn 0.1178 0.0570 0.9914
vn 0.2089 0.0153 0.9778
vn 0.3585 -0.0143 0.9334
vn 0.1004 0.0145 0.9948
vn -0.1731 0.0528 0.9835
vn -0.0563 0.1031 0.9931
vn 0.0129 0.1165 0.9931
vn 0.0364 0.1000 0.9943
vn 0.0348 0.1056 0.9938
vn 0.0011 0.1131 0.9936
vn -0.0389 0.1211 0.9919
vn -0.0694 0.1304 0.9890
vn -0.0343 0.1319 0.9907
vn 0.1173 0.0868 0.9893
vn 0.3879 -0.0091 0.9216
vn 0.1137 0.0076 0.9935
vn -0.4117 0.0462 0.9102
vn -0.3816 0.0400 0.9235
vn -0.2359 0.0572 0.9701
vn -0.1978 0.0645 0.9781
vn -0.2017 0.0653 0.9773
vn -0.2158 0.0635 0.9744
vn -0.2369 0.0629 0.9695
vn -0.2657 0.0685 0.9616
vn -0.3008 0.0852 0.9499
vn -0.3347 0.1181 0.9349
vn -0.3546 0.1687 0.9197
vn -0.3493 0.2317 0.9079
vn -0.2980 0.2865 0.9106
vn -0.1342 0.2705 0.9533
vn 0.0108 0.0331 0.9994
vn 0.2548 0.1497 0.9553
vn 0.1690 0.0466 0.9845
vn 0.3510 0.1207 0.9286
vn 0.3330 0.0939 0.9382
vn 0.2897 0.0799 0.9538
vn 0.2482 0.0729 0.9660
vn 0.2160 0.0703 0.9739
vn 0.1891 0.0720 0.9793
vn 0.1616 0.0790 0.9837
vn 0.1296 0.0899 0.9875
vn 0.1159 0.0845 0.9897
vn 0.2076 0.0257 0.9779
vn 0.3592 -0.0160 0.9331
vn 0.1003 0.0231 0.9947
vn -0.1706 0.0602 0.9835
vn -0.0551 0.1313 0.9898
vn 0.0129 0.1366 0.9905
vn 0.0362 0.1139 0.9928
vn 0.0350 0.1183 0.9924
vn 0.0015 0.1256 0.9921
vn -0.0382 0.1354 0.9900
vn -0.0685 0.1527 0.9859
vn -0.0363 0.1762 0.9837
vn 0.1133 0.1068 0.9878
vn 0.3880 -0.0113 0.9216
vn 0.1147 0.0184 0.9932
vn -0.4107 0.0527 0.9102
vn -0.3819 0.0475 0.9230
vn -0.2354 0.0700 0.9694
vn -0.1975 0.0800 0.9770
vn -0.2015 0.0827 0.9760
vn -0.2157 0.0817 0.9730
vn -0.2366 0.0813 0.9682
vn -0.2649 0.0867 0.9604
vn -0.2991 0.1048 0.9485
vn -0.3317 0.1429 0.9325
vn -0.3494 0.2064 0.9140
vn -0.3401 0.2973 0.8922
vn -0.2842 0.4042 0.8694
vn -0.1375 0.4666 0.8737
vn 0.0058 0.0715 0.9974
vn 0.9979 -0.0545 0.0336
vn 0.8919 -0.4394 -0.1067
vn 0.9630 -0.2485 -0.1047
vn 0.9991 -0.0184 0.0375
vn 0.8924 -0.3722 -0.2550
vn 0.9267 -0.2639 -0.2676
vn 0.9158 -0.2616 -0.3049
vn 0.9269 -0.2074 -0.3128
vn 0.9366 -0.1726 -0.3050
vn 0.9399 -0.1448 -0.3093
vn 0.9544 -0.1129 -0.2764
vn 0.9556 -0.0955 -0.2789
vn 0.9686 -0.0754 -0.2367
vn 0.9693 -0.0607 -0.2383
vn 0.9782 -0.0529 -0.2009
vn 0.9787 -0.0377 -0.2020
vn 0.9846 -0.0377 -0.1709
vn 0.9849 -0.0213 -0.1717
vn 0.9888 -0.0238 -0.1474
vn 0.9889 -0.0078 -0.1481
vn 0.9912 -0.0137 -0.1317
vn 0.9912 0.0023 -0.1323
vn 0.9926 -0.0046 -0.1216
vn 0.9925 0.0103 -0.1222
vn 0.9914 0.0049 -0.1306
vn 0.9912 0.0181 -0.1313
vn 0.9782 0.0203 -0.2069
vn 0.9778 0.0306 -0.2073
vn 0.9215 0.0303 -0.3871
vn 0.9218 0.0353 -0.3860
vn 0.9613 -0.0048 -0.2753
vn 0.9607 0.0002 -0.2776
vn 0.9075 0.1442 0.3945
vn 0.9070 0.1501 0.3935
vn 0.7958 0.1621 0.5834
vn 0.7989 0.1530 0.5817
vn 0.9642 0.0773 0.2536
vn 0.9626 0.0878 0.2563
vn 0.9932 -0.0018 0.1165
vn 0.9925 0.0273 0.1191
vn 0.9918 -0.0202 0.1260
vn 0.9919 0.0031 0.1269
vn 0.9877 -0.0283 0.1540
vn 0.9879 -0.0082 0.1546
vn 0.9828 -0.0357 0.1813
vn 0.9832 -0.0159 0.1818
vn 0.9775 -0.0430 0.2065
vn 0.9781 -0.0222 0.2071
vn 0.9715 -0.0511 0.2314
vn 0.9723 -0.0284 0.2321
vn 0.9636 -0.0602 0.2605
vn 0.9646 -0.0347 0.2613
vn 0.9526 -0.0716 0.2957
vn 0.9539 -0.0430 0.2969
vn 0.9393 -0.0874 0.3319
vn 0.9411 -0.0557 0.3336
vn 0.9297 -0.1111 0.3512
vn 0.9325 -0.0731 0.3537
vn 0.9539 -0.1315 0.2697
vn 0.9585 -0.0879 0.2712
vn 0.9803 -0.0314 0.1950
vn 0.9813 -0.0200 0.1913
vn 0.9947 -0.0251 -0.0997
vn 0.9992 0.0028 0.0395
vn 0.9576 -0.0775 -0.2775
vn 0.9421 -0.0925 -0.3224
vn 0.9456 -0.0785 -0.3157
vn 0.9576 -0.0541 -0.2830
vn 0.9701 -0.0294 -0.2411
vn 0.9789 -0.0089 -0.2040
vn 0.9848 0.0086 -0.1733
vn 0.9886 0.0205 -0.1493
vn 0.9906 0.0297 -0.1332
vn 0.9918 0.0361 -0.1230
vn 0.9904 0.0405 -0.1322
vn 0.9770 0.0463 -0.2081
vn 0.9220 0.0411 -0.3850
vn 0.9594 0.0104 -0.2817
vn 0.9067 0.1641 0.3885
vn 0.7997 0.1408 0.5837
vn 0.9604 0.0981 0.2609
vn 0.9903 0.0649 0.1227
vn 0.9908 0.0412 0.1288
vn 0.9874 0.0269 0.1557
vn 0.9830 0.0182 0.1827
vn 0.9781 0.0130 0.2079
vn 0.9725 0.0100 0.2329
vn 0.9649 0.0089 0.2623
vn 0.9544 0.0078 0.2983
vn 0.9419 0.0022 0.3358
vn 0.9343 -0.0102 0.3564
vn 0.9617 -0.0184 0.2735
vn 0.9824 -0.0047 0.1865
vn 0.9940 0.0473 -0.0983
vn 0.9992 0.0133 0.0368
vn 0.9605 0.0326 -0.2764
vn 0.9461 0.0065 -0.3239
vn 0.9480 -0.0073 -0.3181
vn 0.9584 -0.0053 -0.2854
vn 0.9700 0.0056 -0.2431
vn 0.9784 0.0194 -0.2056
vn 0.9841 0.0334 -0.1745
vn 0.9876 0.0448 -0.1503
vn 0.9896 0.0529 -0.1340
vn 0.9906 0.0582 -0.1235
vn 0.9894 0.0596 -0.1326
vn 0.9765 0.0566 -0.2081
vn 0.9227 0.0370 -0.3837
vn 0.9581 0.0164 -0.2859
vn 0.9067 0.1744 0.3840
vn 0.7987 0.1372 0.5858
vn 0.9585 0.1067 0.2643
vn 0.9885 0.0848 0.1249
vn 0.9892 0.0678 0.1303
vn 0.9861 0.0551 0.1567
vn 0.9819 0.0465 0.1834
vn 0.9772 0.0417 0.2083
vn 0.9716 0.0404 0.2330
vn 0.9640 0.0433 0.2622
vn 0.9532 0.0505 0.2982
vn 0.9400 0.0583 0.3362
vn 0.9320 0.0560 0.3582
vn 0.9606 0.0307 0.2761
vn 0.9826 -0.0061 0.1856
vn 0.9779 0.1844 -0.0984
vn 0.9974 0.0669 0.0272
vn 0.9492 0.1578 -0.2721
vn 0.9405 0.1121 -0.3207
vn 0.9455 0.0747 -0.3170
vn 0.9568 0.0551 -0.2856
vn 0.9684 0.0513 -0.2440
vn 0.9768 0.0563 -0.2067
vn 0.9823 0.0661 -0.1755
vn 0.9857 0.0751 -0.1511
vn 0.9875 0.0818 -0.1346
vn 0.9885 0.0862 -0.1239
vn 0.9874 0.0869 -0.1326
vn 0.9752 0.0786 -0.2071
vn 0.9235 0.0393 -0.3816
vn 0.9570 -0.0066 -0.2901
vn 0.9068 0.1829 0.3797
vn 0.7979 0.1334 0.5878
vn 0.9561 0.1214 0.2668
vn 0.9857 0.1112 0.1264
vn 0.9866 0.0970 0.1314
vn 0.9838 0.0861 0.1575
vn 0.9798 0.0787 0.1839
vn 0.9752 0.0742 0.2085
vn 0.9697 0.0734 0.2328
vn 0.9621 0.0776 0.2615
vn 0.9508 0.0890 0.2968
vn 0.9361 0.1103 0.3340
vn 0.9238 0.1406 0.3561
vn 0.9480 0.1482 0.2817
vn 0.9820 -0.0134 0.1886
vn 0.9541 0.2833 -0.0968
vn 0.9940 0.1074 0.0197
vn 0.9322 0.2450 -0.2663
vn 0.9318 0.1773 -0.3168
vn 0.9411 0.1229 -0.3150
vn 0.9543 0.0904 -0.2849
vn 0.9666 0.0781 -0.2439
vn 0.9752 0.0780 -0.2070
vn 0.9807 0.0852 -0.1759
vn 0.9841 0.0929 -0.1515
vn 0.9859 0.0987 -0.1349
vn 0.9870 0.1027 -0.1240
vn 0.9857 0.1038 -0.1325
vn 0.9739 0.0957 -0.2059
vn 0.9238 0.0493 -0.3796
vn 0.9558 -0.0322 -0.2923
vn 0.9065 0.1837 0.3802
vn 0.7985 0.1321 0.5873
vn 0.9547 0.1305 0.2674
vn 0.9836 0.1277 0.1271
vn 0.9846 0.1145 0.1319
vn 0.9820 0.1040 0.1578
vn 0.9781 0.0971 0.1840
vn 0.9736 0.0927 0.2084
vn 0.9682 0.0918 0.2326
vn 0.9606 0.0957 0.2609
vn 0.9493 0.1071 0.2957
vn 0.9339 0.1322 0.3321
vn 0.9179 0.1816 0.3529
vn 0.9272 0.2445 0.2837
vn 0.9814 -0.0094 0.1920
vn -0.1650 0.0166 -0.9862
vn -0.2575 -0.2672 -0.9286
vn -0.2571 -0.1567 -0.9536
vn -0.1608 0.0252 -0.9867
vn -0.3358 -0.2108 -0.9180
vn -0.3409 -0.1590 -0.9266
vn -0.3227 -0.1548 -0.9338
vn -0.3259 -0.1266 -0.9369
vn -0.2901 -0.1211 -0.9493
vn -0.2920 -0.0990 -0.9513
vn -0.2582 -0.1018 -0.9607
vn -0.2594 -0.0806 -0.9624
vn -0.2310 -0.0876 -0.9690
vn -0.2320 -0.0671 -0.9704
vn -0.2071 -0.0737 -0.9755
vn -0.2079 -0.0547 -0.9766
vn -0.1827 -0.0602 -0.9813
vn -0.1834 -0.0425 -0.9821
vn -0.1644 -0.0486 -0.9852
vn -0.1650 -0.0321 -0.9858
vn -0.1972 -0.0339 -0.9798
vn -0.1981 -0.0218 -0.9799
vn -0.3676 0.0012 -0.9300
vn -0.3690 0.0012 -0.9294
vn -0.4874 0.0248 -0.8728
vn -0.4879 0.0179 -0.8727
vn -0.0473 0.0085 -0.9988
vn -0.0484 0.0139 -0.9987
vn 0.3174 0.0612 -0.9463
vn 0.3158 0.0579 -0.9471
vn 0.1481 0.0301 -0.9885
vn 0.1482 0.0428 -0.9880
vn 0.0435 0.0192 -0.9989
vn 0.0435 0.0347 -0.9984
vn 0.0159 0.0213 -0.9996
vn 0.0157 0.0363 -0.9992
vn 0.0070 0.0278 -0.9996
vn 0.0067 0.0420 -0.9991
vn 0.0084 0.0339 -0.9994
vn 0.0081 0.0477 -0.9988
vn 0.0231 0.0349 -0.9991
vn 0.0231 0.0490 -0.9985
vn 0.0591 0.0291 -0.9978
vn 0.0590 0.0447 -0.9973
vn 0.0514 0.0234 -0.9984
vn 0.0520 0.0390 -0.9979
vn -0.0881 0.0185 -0.9959
vn -0.0868 0.0290 -0.9958
vn -0.3493 -0.0126 -0.9369
vn -0.3494 -0.0103 -0.9369
vn -0.1029 -0.0392 -0.9939
vn -0.1040 -0.0368 -0.9939
vn 0.3913 0.0653 -0.9180
vn 0.3897 0.0520 -0.9195
vn 0.3647 0.0150 -0.9310
vn 0.3659 0.0264 -0.9303
vn 0.2272 -0.0204 -0.9736
vn 0.2284 -0.0000 -0.9736
vn 0.1924 -0.0304 -0.9808
vn 0.1929 -0.0106 -0.9812
vn 0.1970 -0.0387 -0.9796
vn 0.1974 -0.0179 -0.9802
vn 0.2117 -0.0492 -0.9761
vn 0.2123 -0.0265 -0.9768
vn 0.2338 -0.0595 -0.9705
vn 0.2344 -0.0347 -0.9715
vn 0.2646 -0.0707 -0.9618
vn 0.2653 -0.0426 -0.9632
vn 0.3031 -0.0843 -0.9492
vn 0.3042 -0.0511 -0.9512
vn 0.3401 -0.1063 -0.9344
vn 0.3421 -0.0642 -0.9375
vn 0.3610 -0.1427 -0.9216
vn 0.3646 -0.0877 -0.9270
vn 0.3540 -0.1951 -0.9147
vn 0.3599 -0.1236 -0.9248
vn 0.2963 -0.2547 -0.9205
vn 0.3042 -0.1619 -0.9387
vn 0.1243 -0.2791 -0.9522
vn 0.1279 -0.1759 -0.9761
vn 0.0127 -0.0817 -0.9966
vn 0.0040 -0.0448 -0.9990
vn -0.2527 -0.0219 -0.9673
vn -0.1570 0.0209 -0.9874
vn -0.3453 -0.0558 -0.9368
vn -0.3300 -0.0608 -0.9420
vn -0.2949 -0.0511 -0.9542
vn -0.2614 -0.0392 -0.9644
vn -0.2335 -0.0289 -0.9719
vn -0.2092 -0.0194 -0.9777
vn -0.1845 -0.0106 -0.9828
vn -0.1659 -0.0034 -0.9861
vn -0.1990 0.0001 -0.9800
vn -0.3703 0.0044 -0.9289
vn -0.4889 0.0098 -0.8723
vn -0.0494 0.0243 -0.9985
vn 0.3140 0.0521 -0.9480
vn 0.1487 0.0573 -0.9872
vn 0.0437 0.0582 -0.9973
vn 0.0153 0.0611 -0.9980
vn 0.0060 0.0665 -0.9978
vn 0.0076 0.0723 -0.9974
vn 0.0230 0.0746 -0.9969
vn 0.0592 0.0709 -0.9957
vn 0.0525 0.0639 -0.9966
vn -0.0835 0.0482 -0.9953
vn -0.3470 -0.0085 -0.9378
vn -0.1061 -0.0278 -0.9940
vn 0.3866 0.0391 -0.9214
vn 0.3671 0.0346 -0.9295
vn 0.2296 0.0277 -0.9729
vn 0.1935 0.0220 -0.9809
vn 0.1980 0.0163 -0.9801
vn 0.2129 0.0108 -0.9770
vn 0.2350 0.0065 -0.9720
vn 0.2658 0.0048 -0.9640
vn 0.3048 0.0061 -0.9524
vn 0.3434 0.0084 -0.9391
vn 0.3676 0.0063 -0.9300
vn 0.3652 -0.0072 -0.9309
vn 0.3105 -0.0278 -0.9502
vn 0.1283 -0.0321 -0.9912
vn -0.0070 0.0071 -1.0000
vn -0.2506 0.0352 -0.9674
vn -0.1581 0.0213 -0.9872
vn -0.3444 0.0224 -0.9385
vn -0.3306 0.0078 -0.9437
vn -0.2959 0.0021 -0.9552
vn -0.2625 0.0034 -0.9649
vn -0.2344 0.0081 -0.9721
vn -0.2100 0.0142 -0.9776
vn -0.1851 0.0199 -0.9825
vn -0.1661 0.0214 -0.9859
vn -0.1989 0.0159 -0.9799
vn -0.3706 0.0073 -0.9288
vn -0.4899 0.0077 -0.8718
vn -0.0504 0.0341 -0.9981
vn 0.3121 0.0476 -0.9488
vn 0.1480 0.0635 -0.9869
vn 0.0434 0.0737 -0.9963
vn 0.0148 0.0797 -0.9967
vn 0.0054 0.0862 -0.9963
vn 0.0070 0.0934 -0.9956
vn 0.0227 0.0994 -0.9948
vn 0.0596 0.0993 -0.9933
vn 0.0535 0.0848 -0.9950
vn -0.0795 0.0614 -0.9949
vn -0.3444 -0.0072 -0.9388
vn -0.1078 -0.0148 -0.9941
vn 0.3842 0.0424 -0.9223
vn 0.3672 0.0360 -0.9295
vn 0.2297 0.0430 -0.9723
vn 0.1937 0.0450 -0.9800
vn 0.1982 0.0425 -0.9792
vn 0.2131 0.0392 -0.9762
vn 0.2349 0.0376 -0.9713
vn 0.2653 0.0408 -0.9633
vn 0.3037 0.0512 -0.9514
vn 0.3417 0.0689 -0.9373
vn 0.3658 0.0899 -0.9263
vn 0.3646 0.1024 -0.9255
vn 0.3125 0.0895 -0.9457
vn 0.1303 0.0445 -0.9905
vn -0.0101 0.0174 -0.9998
vn -0.2495 0.1168 -0.9613
vn -0.1646 0.0401 -0.9855
vn -0.3421 0.0981 -0.9345
vn -0.3288 0.0779 -0.9412
vn -0.2951 0.0636 -0.9533
vn -0.2623 0.0560 -0.9634
vn -0.2346 0.0542 -0.9706
vn -0.2103 0.0566 -0.9760
vn -0.1852 0.0612 -0.9808
vn -0.1653 0.0595 -0.9844
vn -0.1975 0.0402 -0.9795
vn -0.3704 0.0086 -0.9288
vn -0.4911 0.0060 -0.8711
vn -0.0515 0.0451 -0.9977
vn 0.3107 0.0475 -0.9493
vn 0.1465 0.0754 -0.9863
vn 0.0425 0.0932 -0.9947
vn 0.0141 0.1019 -0.9947
vn 0.0046 0.1092 -0.9940
vn 0.0061 0.1168 -0.9931
vn 0.0217 0.1268 -0.9917
vn 0.0589 0.1402 -0.9884
vn 0.0555 0.1415 -0.9884
vn -0.0742 0.0837 -0.9937
vn -0.3423 -0.0104 -0.9395
vn -0.1098 0.0074 -0.9939
vn 0.3821 0.0549 -0.9225
vn 0.3667 0.0476 -0.9291
vn 0.2288 0.0641 -0.9714
vn 0.1933 0.0717 -0.9785
vn 0.1981 0.0728 -0.9775
vn 0.2129 0.0711 -0.9745
vn 0.2343 0.0705 -0.9696
vn 0.2640 0.0756 -0.9616
vn 0.3011 0.0919 -0.9491
vn 0.3373 0.1238 -0.9332
vn 0.3586 0.1731 -0.9173
vn 0.3539 0.2349 -0.9053
vn 0.3021 0.2891 -0.9084
vn 0.1368 0.2740 -0.9519
vn -0.0077 0.0386 -0.9992
vn -0.2484 0.1683 -0.9539
vn -0.1696 0.0530 -0.9841
vn -0.3397 0.1442 -0.9294
vn -0.3271 0.1162 -0.9378
vn -0.2939 0.0977 -0.9508
vn -0.2616 0.0861 -0.9613
vn -0.2343 0.0810 -0.9688
vn -0.2102 0.0812 -0.9743
vn -0.1850 0.0859 -0.9790
vn -0.1645 0.0850 -0.9827
vn -0.1962 0.0586 -0.9788
vn -0.3707 0.0098 -0.9287
vn -0.4918 0.0049 -0.8707
vn -0.0516 0.0500 -0.9974
vn 0.3103 0.0487 -0.9494
vn 0.1453 0.0829 -0.9859
vn 0.0418 0.1048 -0.9936
vn 0.0137 0.1150 -0.9933
vn 0.0042 0.1226 -0.9924
vn 0.0056 0.1296 -0.9915
vn 0.0209 0.1404 -0.9899
vn 0.0578 0.1619 -0.9851
vn 0.0571 0.1873 -0.9806
vn -0.0704 0.1044 -0.9920
vn -0.3428 -0.0135 -0.9393
vn -0.1106 0.0197 -0.9937
vn 0.3806 0.0636 -0.9226
vn 0.3670 0.0562 -0.9285
vn 0.2282 0.0774 -0.9705
vn 0.1929 0.0876 -0.9773
vn 0.1978 0.0903 -0.9761
vn 0.2126 0.0895 -0.9730
vn 0.2339 0.0887 -0.9682
vn 0.2631 0.0934 -0.9602
vn 0.2994 0.1110 -0.9476
vn 0.3343 0.1481 -0.9308
vn 0.3532 0.2104 -0.9116
vn 0.3444 0.2999 -0.8896
vn 0.2876 0.4058 -0.8675
vn 0.1386 0.4686 -0.8725
vn -0.0030 0.0768 -0.9970
vn -0.9975 -0.0598 -0.0367
vn -0.8915 -0.4413 0.1028
vn -0.9624 -0.2518 0.1018
vn -0.9989 -0.0240 -0.0402
vn -0.8925 -0.3732 0.2534
vn -0.9265 -0.2658 0.2665
vn -0.9158 -0.2618 0.3046
vn -0.9267 -0.2083 0.3127
vn -0.9367 -0.1719 0.3050
vn -0.9398 -0.1447 0.3094
vn -0.9550 -0.1113 0.2750
vn -0.9560 -0.0947 0.2776
vn -0.9696 -0.0733 0.2335
vn -0.9701 -0.0595 0.2351
vn -0.9790 -0.0514 0.1971
vn -0.9794 -0.0370 0.1983
vn -0.9852 -0.0361 0.1674
vn -0.9855 -0.0204 0.1682
vn -0.9892 -0.0261 0.1442
vn -0.9894 -0.0106 0.1449
vn -0.9923 -0.0178 0.1224
vn -0.9924 -0.0012 0.1230
vn -0.9947 -0.0070 0.1029
vn -0.9946 0.0074 0.1037
vn -0.9957 0.0059 0.0926
vn -0.9954 0.0214 0.0931
vn -0.9899 0.0044 0.1420
vn -0.9897 0.0161 0.1420
vn -0.9372 -0.0056 0.3486
vn -0.9377 0.0012 0.3475
vn -0.9413 -0.0455 0.3344
vn -0.9413 -0.0380 0.3355
vn -0.9475 0.0849 -0.3083
vn -0.9473 0.0914 -0.3070
vn -0.8160 0.1336 -0.5624
vn -0.8188 0.1211 -0.5611
vn -0.9630 0.0581 -0.2630
vn -0.9621 0.0653 -0.2648
vn -0.9921 -0.0121 -0.1248
vn -0.9918 0.0137 -0.1268
vn -0.9911 -0.0277 -0.1302
vn -0.9914 -0.0046 -0.1308
vn -0.9876 -0.0317 -0.1537
vn -0.9880 -0.0116 -0.1540
vn -0.9834 -0.0374 -0.1776
vn -0.9839 -0.0176 -0.1780
vn -0.9784 -0.0440 -0.2019
vn -0.9790 -0.0231 -0.2024
vn -0.9723 -0.0511 -0.2281
vn -0.9731 -0.0287 -0.2286
vn -0.9640 -0.0590 -0.2594
vn -0.9650 -0.0342 -0.2600
vn -0.9512 -0.0681 -0.3009
vn -0.9525 -0.0409 -0.3018
vn -0.9342 -0.0809 -0.3474
vn -0.9358 -0.0514 -0.3487
vn -0.9207 -0.1026 -0.3766
vn -0.9231 -0.0676 -0.3786
vn -0.9465 -0.1262 -0.2971
vn -0.9506 -0.0852 -0.2984
vn -0.9751 -0.0369 -0.2185
vn -0.9762 -0.0254 -0.2152
vn -0.9947 -0.0305 0.0982
vn -0.9991 -0.0030 -0.0420
vn -0.9573 -0.0817 0.2773
vn -0.9417 -0.0953 0.3228
vn -0.9454 -0.0802 0.3160
vn -0.9579 -0.0550 0.2819
vn -0.9708 -0.0300 0.2380
vn -0.9797 -0.0100 0.2004
vn -0.9854 0.0071 0.1698
vn -0.9891 0.0170 0.1462
vn -0.9919 0.0283 0.1240
vn -0.9939 0.0335 0.1051
vn -0.9945 0.0470 0.0933
vn -0.9894 0.0325 0.1412
vn -0.9383 0.0082 0.3458
vn -0.9405 -0.0271 0.3388
vn -0.9475 0.1054 -0.3019
vn -0.8208 0.1038 -0.5617
vn -0.9607 0.0714 -0.2683
vn -0.9905 0.0473 -0.1295
vn -0.9907 0.0324 -0.1320
vn -0.9877 0.0231 -0.1547
vn -0.9838 0.0166 -0.1785
vn -0.9791 0.0122 -0.2029
vn -0.9734 0.0093 -0.2290
vn -0.9654 0.0083 -0.2605
vn -0.9531 0.0076 -0.3026
vn -0.9366 0.0031 -0.3503
vn -0.9246 -0.0089 -0.3807
vn -0.9536 -0.0194 -0.3003
vn -0.9775 -0.0104 -0.2108
vn -0.9944 0.0405 0.0972
vn -0.9992 0.0072 -0.0393
vn -0.9605 0.0261 0.2770
vn -0.9458 0.0010 0.3248
vn -0.9478 -0.0115 0.3188
vn -0.9586 -0.0092 0.2845
vn -0.9707 0.0031 0.2401
vn -0.9792 0.0166 0.2021
vn -0.9848 0.0309 0.1710
vn -0.9883 0.0399 0.1473
vn -0.9908 0.0516 0.1251
vn -0.9925 0.0598 0.1062
vn -0.9931 0.0717 0.0931
vn -0.9892 0.0464 0.1393
vn -0.9391 0.0042 0.3437
vn -0.9393 -0.0247 0.3421
vn -0.9479 0.1134 -0.2976
vn -0.8212 0.0951 -0.5626
vn -0.9596 0.0775 -0.2704
vn -0.9892 0.0659 -0.1307
vn -0.9894 0.0580 -0.1328
vn -0.9866 0.0511 -0.1552
vn -0.9828 0.0451 -0.1788
vn -0.9783 0.0409 -0.2031
vn -0.9726 0.0392 -0.2290
vn -0.9647 0.0415 -0.2602
vn -0.9520 0.0482 -0.3022
vn -0.9350 0.0556 -0.3502
vn -0.9227 0.0532 -0.3819
vn -0.9528 0.0274 -0.3025
vn -0.9776 -0.0118 -0.2103
vn -0.9794 0.1762 0.0982
vn -0.9977 0.0608 -0.0295
vn -0.9502 0.1491 0.2735
vn -0.9409 0.1037 0.3224
vn -0.9456 0.0672 0.3182
vn -0.9573 0.0488 0.2850
vn -0.9694 0.0461 0.2412
vn -0.9778 0.0512 0.2034
vn -0.9832 0.0616 0.1721
vn -0.9867 0.0671 0.1483
vn -0.9890 0.0778 0.1261
vn -0.9904 0.0864 0.1081
vn -0.9887 0.1177 0.0925
vn -0.9876 0.0786 0.1361
vn -0.9403 0.0090 0.3403
vn -0.9369 -0.0524 0.3456
vn -0.9485 0.1188 -0.2935
vn -0.8217 0.0858 -0.5635
vn -0.9583 0.0895 -0.2715
vn -0.9871 0.0912 -0.1313
vn -0.9873 0.0868 -0.1331
vn -0.9844 0.0823 -0.1554
vn -0.9808 0.0778 -0.1790
vn -0.9764 0.0739 -0.2030
vn -0.9708 0.0725 -0.2287
vn -0.9628 0.0754 -0.2594
vn -0.9499 0.0851 -0.3007
vn -0.9318 0.1038 -0.3479
vn -0.9159 0.1315 -0.3793
vn -0.9415 0.1389 -0.3071
vn -0.9768 -0.0200 -0.2133
vn -0.9566 0.2747 0.0972
vn -0.9946 0.1014 -0.0218
vn -0.9341 0.2353 0.2684
vn -0.9329 0.1674 0.3190
vn -0.9417 0.1137 0.3166
vn -0.9551 0.0823 0.2845
vn -0.9678 0.0713 0.2413
vn -0.9764 0.0713 0.2038
vn -0.9818 0.0800 0.1724
vn -0.9854 0.0830 0.1488
vn -0.9876 0.0927 0.1265
vn -0.9892 0.0974 0.1095
vn -0.9845 0.1491 0.0920
vn -0.9855 0.1047 0.1337
vn -0.9410 0.0225 0.3376
vn -0.9346 -0.0799 0.3466
vn -0.9487 0.1178 -0.2933
vn -0.8219 0.0810 -0.5639
vn -0.9574 0.0966 -0.2722
vn -0.9856 0.1067 -0.1313
vn -0.9856 0.1040 -0.1331
vn -0.9827 0.1003 -0.1554
vn -0.9791 0.0967 -0.1789
vn -0.9748 0.0929 -0.2029
vn -0.9693 0.0912 -0.2283
vn -0.9614 0.0937 -0.2588
vn -0.9485 0.1029 -0.2996
vn -0.9300 0.1240 -0.3459
vn -0.9111 0.1689 -0.3760
vn -0.9230 0.2305 -0.3080
vn -0.9761 -0.0173 -0.2168
vt 1.000000 0.000000
vt 1.000000 0.033300
vt 0.975000 0.033300
vt 0.975000 0.000000
vt 0.950000 0.033300
vt 0.950000 0.000000
vt 0.925000 0.033300
vt 0.925000 0.000000
vt 0.900000 0.033300
vt 0.900000 0.000000
vt 0.875000 0.033300
vt 0.875000 0.000000
vt 0.850000 0.033300
vt 0.850000 0.000000
vt 0.825000 0.033300
vt 0.825000 0.000000
vt 0.800000 0.033300
vt 0.800000 0.000000
vt 0.775000 0.033300
vt 0.775000 0.000000
vt 0.750000 0.033300
vt 0.750000 0.000000
vt 0.725000 0.033300
vt 0.725000 0.000000
vt 0.700000 0.033300
vt 0.700000 0.000000
vt 0.675000 0.033300
vt 0.675000 0.000000
vt 0.650000 0.033300
vt 0.650000 0.000000
vt 0.625000 0.033300
vt 0.625000 0.000000
vt 0.600000 0.033300
vt 0.600000 0.000000
vt 0.575000 0.033300
vt 0.575000 0.000000
vt 0.550000 0.033300
vt 0.550000 0.000000
vt 0.525000 0.033300
vt 0.525000 0.000000
vt 0.500000 0.033300
vt 0.500000 0.000000
vt 0.475000 0.033300
vt 0.475000 0.000000
vt 0.450000 0.033300
vt 0.450000 0.000000
vt 0.425000 0.033300
vt 0.425000 0.000000
vt 0.400000 0.033300
vt 0.400000 0.000000
vt 0.375000 0.033300
vt 0.375000 0.000000
vt 0.350000 0.033300
vt 0.350000 0.000000
vt 0.325000 0.033300
vt 0.325000 0.000000
vt 0.300000 0.033300
vt 0.300000 0.000000
vt 0.275000 0.033300
vt 0.275000 0.000000
vt 0.250000 0.033300
vt 0.250000 0.000000
vt 0.225000 0.033300
vt 0.225000 0.000000
vt 0.200000 0.033300
vt 0.200000 0.000000
vt 0.175000 0.033300
vt 0.175000 0.000000
vt 0.150000 0.033300
vt 0.150000 0.000000
vt 0.125000 0.033300
vt 0.125000 0.000000
vt 0.100000 0.033300
vt 0.100000 0.000000
vt 0.075000 0.033300
vt 0.075000 0.000000
vt 0.050000 0.033300
vt 0.050000 0.000000
vt 0.025000 0.033300
vt 0.025000 0.000000
vt 0.000000 0.033300
vt 0.000000 0.000000
vt 1.000000 0.066700
vt 0.975000 0.066700
vt 0.950000 0.066700
vt 0.925000 0.066700
vt 0.900000 0.066700
vt 0.875000 0.066700
vt 0.850000 0.066700
vt 0.825000 0.066700
vt 0.800000 0.066700
vt 0.775000 0.066700
vt 0.750000 0.066700
vt 0.725000 0.066700
vt 0.700000 0.066700
vt 0.675000 0.066700
vt 0.650000 0.066700
vt 0.625000 0.066700
vt 0.600000 0.066700
vt 0.575000 0.066700
vt 0.550000 0.066700
vt 0.525000 0.066700
vt 0.500000 0.066700
vt 0.475000 0.066700
vt 0.450000 0.066700
vt 0.425000 0.066700
vt 0.400000 0.066700
vt 0.375000 0.066700
vt 0.350000 0.066700
vt 0.325000 0.066700
vt 0.300000 0.066700
vt 0.275000 0.066700
vt 0.250000 0.066700
vt 0.225000 0.066700
vt 0.200000 0.066700
vt 0.175000 0.066700
vt 0.150000 0.066700
vt 0.125000 0.066700
vt 0.100000 0.066700
vt 0.075000 0.066700
vt 0.050000 0.066700
vt 0.025000 0.066700
vt 0.000000 0.066700
vt 1.000000 0.100000
vt 0.975000 0.100000
vt 0.950000 0.100000
vt 0.925000 0.100000
vt 0.900000 0.100000
vt 0.875000 0.100000
vt 0.850000 0.100000
vt 0.825000 0.100000
vt 0.800000 0.100000
vt 0.775000 0.100000
vt 0.750000 0.100000
vt 0.725000 0.100000
vt 0.700000 0.100000
vt 0.675000 0.100000
vt 0.650000 0.100000
vt 0.625000 0.100000
vt 0.600000 0.100000
vt 0.575000 0.100000
vt 0.550000 0.100000
vt 0.525000 0.100000
vt 0.500000 0.100000
vt 0.475000 0.100000
vt 0.450000 0.100000
vt 0.425000 0.100000
vt 0.400000 0.100000
vt 0.375000 0.100000
vt 0.350000 0.100000
vt 0.325000 0.100000
vt 0.300000 0.100000
vt 0.275000 0.100000
vt 0.250000 0.100000
vt 0.225000 0.100000
vt 0.200000 0.100000
vt 0.175000 0.100000
vt 0.150000 0.100000
vt 0.125000 0.100000
vt 0.100000 0.100000
vt 0.075000 0.100000
vt 0.050000 0.100000
vt 0.025000 0.100000
vt 0.000000 0.100000
vt 1.000000 0.133300
vt 0.975000 0.133300
vt 0.950000 0.133300
vt 0.925000 0.133300
vt 0.900000 0.133300
vt 0.875000 0.133300
vt 0.850000 0.133300
vt 0.825000 0.133300
vt 0.800000 0.133300
vt 0.775000 0.133300
vt 0.750000 0.133300
vt 0.725000 0.133300
vt 0.700000 0.133300
vt 0.675000 0.133300
vt 0.650000 0.133300
vt 0.625000 0.133300
vt 0.600000 0.133300
vt 0.575000 0.133300
vt 0.550000 0.133300
vt 0.525000 0.133300
vt 0.500000 0.133300
vt 0.475000 0.133300
vt 0.450000 0.133300
vt 0.425000 0.133300
vt 0.400000 0.133300
vt 0.375000 0.133300
vt 0.350000 0.133300
vt 0.325000 0.133300
vt 0.300000 0.133300
vt 0.275000 0.133300
vt 0.250000 0.133300
vt 0.225000 0.133300
vt 0.200000 0.133300
vt 0.175000 0.133300
vt 0.150000 0.133300
vt 0.125000 0.133300
vt 0.100000 0.133300
vt 0.075000 0.133300
vt 0.050000 0.133300
vt 0.025000 0.133300
vt 0.000000 0.133300
vt 1.000000 0.166700
vt 0.975000 0.166700
vt 0.950000 0.166700
vt 0.925000 0.166700
vt 0.900000 0.166700
vt 0.875000 0.166700
vt 0.850000 0.166700
vt 0.825000 0.166700
vt 0.800000 0.166700
vt 0.775000 0.166700
vt 0.750000 0.166700
vt 0.725000 0.166700
vt 0.700000 0.166700
vt 0.675000 0.166700
vt 0.650000 0.166700
vt 0.625000 0.166700
vt 0.600000 0.166700
vt 0.575000 0.166700
vt 0.550000 0.166700
vt 0.525000 0.166700
vt 0.500000 0.166700
vt 0.475000 0.166700
vt 0.450000 0.166700
vt 0.425000 0.166700
vt 0.400000 0.166700
vt 0.375000 0.166700
vt 0.350000 0.166700
vt 0.325000 0.166700
vt 0.300000 0.166700
vt 0.275000 0.166700
vt 0.250000 0.166700
vt 0.225000 0.166700
vt 0.200000 0.166700
vt 0.175000 0.166700
vt 0.150000 0.166700
vt 0.125000 0.166700
vt 0.100000 0.166700
vt 0.075000 0.166700
vt 0.050000 0.166700
vt 0.025000 0.166700
vt 0.000000 0.166700
vt 1.000000 0.200000
vt 0.975000 0.200000
vt 0.950000 0.200000
vt 0.925000 0.200000
vt 0.900000 0.200000
vt 0.875000 0.200000
vt 0.850000 0.200000
vt 0.825000 0.200000
vt 0.800000 0.200000
vt 0.775000 0.200000
vt 0.750000 0.200000
vt 0.725000 0.200000
vt 0.700000 0.200000
vt 0.675000 0.200000
vt 0.650000 0.200000
vt 0.625000 0.200000
vt 0.600000 0.200000
vt 0.575000 0.200000
vt 0.550000 0.200000
vt 0.525000 0.200000
vt 0.500000 0.200000
vt 0.475000 0.200000
vt 0.450000 0.200000
vt 0.425000 0.200000
vt 0.400000 0.200000
vt 0.375000 0.200000
vt 0.350000 0.200000
vt 0.325000 0.200000
vt 0.300000 0.200000
vt 0.275000 0.200000
vt 0.250000 0.200000
vt 0.225000 0.200000
vt 0.200000 0.200000
vt 0.175000 0.200000
vt 0.150000 0.200000
vt 0.125000 0.200000
vt 0.100000 0.200000
vt 0.075000 0.200000
vt 0.050000 0.200000
vt 0.025000 0.200000
vt 0.000000 0.200000
vt 1.000000 0.233300
vt 0.975000 0.233300
vt 0.950000 0.233300
vt 0.925000 0.233300
vt 0.900000 0.233300
vt 0.875000 0.233300
vt 0.850000 0.233300
vt 0.825000 0.233300
vt 0.800000 0.233300
vt 0.775000 0.233300
vt 0.750000 0.233300
vt 0.725000 0.233300
vt 0.700000 0.233300
vt 0.675000 0.233300
vt 0.650000 0.233300
vt 0.625000 0.233300
vt 0.600000 0.233300
vt 0.575000 0.233300
vt 0.550000 0.233300
vt 0.525000 0.233300
vt 0.500000 0.233300
vt 0.475000 0.233300
vt 0.450000 0.233300
vt 0.425000 0.233300
vt 0.400000 0.233300
vt 0.375000 0.233300
vt 0.350000 0.233300
vt 0.325000 0.233300
vt 0.300000 0.233300
vt 0.275000 0.233300
vt 0.250000 0.233300
vt 0.225000 0.233300
vt 0.200000 0.233300
vt 0.175000 0.233300
vt 0.150000 0.233300
vt 0.125000 0.233300
vt 0.100000 0.233300
vt 0.075000 0.233300
vt 0.050000 0.233300
vt 0.025000 0.233300
vt 0.000000 0.233300
vt 1.000000 0.266700
vt 0.975000 0.266700
vt 0.950000 0.266700
vt 0.925000 0.266700
vt 0.900000 0.266700
vt 0.875000 0.266700
vt 0.850000 0.266700
vt 0.825000 0.266700
vt 0.800000 0.266700
vt 0.775000 0.266700
vt 0.750000 0.266700
vt 0.725000 0.266700
vt 0.700000 0.266700
vt 0.675000 0.266700
vt 0.650000 0.266700
vt 0.625000 0.266700
vt 0.600000 0.266700
vt 0.575000 0.266700
vt 0.550000 0.266700
vt 0.525000 0.266700
vt 0.500000 0.266700
vt 0.475000 0.266700
vt 0.450000 0.266700
vt 0.425000 0.266700
vt 0.400000 0.266700
vt 0.375000 0.266700
vt 0.350000 0.266700
vt 0.325000 0.266700
vt 0.300000 0.266700
vt 0.275000 0.266700
vt 0.250000 0.266700
vt 0.225000 0.266700
vt 0.200000 0.266700
vt 0.175000 0.266700
vt 0.150000 0.266700
vt 0.125000 0.266700
vt 0.100000 0.266700
vt 0.075000 0.266700
vt 0.050000 0.266700
vt 0.025000 0.266700
vt 0.000000 0.266700
vt 1.000000 0.300000
vt 0.975000 0.300000
vt 0.950000 0.300000
vt 0.925000 0.300000
vt 0.900000 0.300000
vt 0.875000 0.300000
vt 0.850000 0.300000
vt 0.825000 0.300000
vt 0.800000 0.300000
vt 0.775000 0.300000
vt 0.750000 0.300000
vt 0.725000 0.300000
vt 0.700000 0.300000
vt 0.675000 0.300000
vt 0.650000 0.300000
vt 0.625000 0.300000
vt 0.600000 0.300000
vt 0.575000 0.300000
vt 0.550000 0.300000
vt 0.525000 0.300000
vt 0.500000 0.300000
vt 0.475000 0.300000
vt 0.450000 0.300000
vt 0.425000 0.300000
vt 0.400000 0.300000
vt 0.375000 0.300000
vt 0.350000 0.300000
vt 0.325000 0.300000
vt 0.300000 0.300000
vt 0.275000 0.300000
vt 0.250000 0.300000
vt 0.225000 0.300000
vt 0.200000 0.300000
vt 0.175000 0.300000
vt 0.150000 0.300000
vt 0.125000 0.300000
vt 0.100000 0.300000
vt 0.075000 0.300000
vt 0.050000 0.300000
vt 0.025000 0.300000
vt 0.000000 0.300000
vt 1.000000 0.333300
vt 0.975000 0.333300
vt 0.950000 0.333300
vt 0.925000 0.333300
vt 0.900000 0.333300
vt 0.875000 0.333300
vt 0.850000 0.333300
vt 0.825000 0.333300
vt 0.800000 0.333300
vt 0.775000 0.333300
vt 0.750000 0.333300
vt 0.725000 0.333300
vt 0.700000 0.333300
vt 0.675000 0.333300
vt 0.650000 0.333300
vt 0.625000 0.333300
vt 0.600000 0.333300
vt 0.575000 0.333300
vt 0.550000 0.333300
vt 0.525000 0.333300
vt 0.500000 0.333300
vt 0.475000 0.333300
vt 0.450000 0.333300
vt 0.425000 0.333300
vt 0.400000 0.333300
vt 0.375000 0.333300
vt 0.350000 0.333300
vt 0.325000 0.333300
vt 0.300000 0.333300
vt 0.275000 0.333300
vt 0.250000 0.333300
vt 0.225000 0.333300
vt 0.200000 0.333300
vt 0.175000 0.333300
vt 0.150000 0.333300
vt 0.125000 0.333300
vt 0.100000 0.333300
vt 0.075000 0.333300
vt 0.050000 0.333300
vt 0.025000 0.333300
vt 0.000000 0.333300
vt 1.000000 0.366700
vt 0.975000 0.366700
vt 0.950000 0.366700
vt 0.925000 0.366700
vt 0.900000 0.366700
vt 0.875000 0.366700
vt 0.850000 0.366700
vt 0.825000 0.366700
vt 0.800000 0.366700
vt 0.775000 0.366700
vt 0.750000 0.366700
vt 0.725000 0.366700
vt 0.700000 0.366700
vt 0.675000 0.366700
vt 0.650000 0.366700
vt 0.625000 0.366700
vt 0.600000 0.366700
vt 0.575000 0.366700
vt 0.550000 0.366700
vt 0.525000 0.366700
vt 0.500000 0.366700
vt 0.475000 0.366700
vt 0.450000 0.366700
vt 0.425000 0.366700
vt 0.400000 0.366700
vt 0.375000 0.366700
vt 0.350000 0.366700
vt 0.325000 0.366700
vt 0.300000 0.366700
vt 0.275000 0.366700
vt 0.250000 0.366700
vt 0.225000 0.366700
vt 0.200000 0.366700
vt 0.175000 0.366700
vt 0.150000 0.366700
vt 0.125000 0.366700
vt 0.100000 0.366700
vt 0.075000 0.366700
vt 0.050000 0.366700
vt 0.025000 0.366700
vt 0.000000 0.366700
vt 1.000000 0.400000
vt 0.975000 0.400000
vt 0.950000 0.400000
vt 0.925000 0.400000
vt 0.900000 0.400000
vt 0.875000 0.400000
vt 0.850000 0.400000
vt 0.825000 0.400000
vt 0.800000 0.400000
vt 0.775000 0.400000
vt 0.750000 0.400000
vt 0.725000 0.400000
vt 0.700000 0.400000
vt 0.675000 0.400000
vt 0.650000 0.400000
vt 0.625000 0.400000
vt 0.600000 0.400000
vt 0.575000 0.400000
vt 0.550000 0.400000
vt 0.525000 0.400000
vt 0.500000 0.400000
vt 0.475000 0.400000
vt 0.450000 0.400000
vt 0.425000 0.400000
vt 0.400000 0.400000
vt 0.375000 0.400000
vt 0.350000 0.400000
vt 0.325000 0.400000
vt 0.300000 0.400000
vt 0.275000 0.400000
vt 0.250000 0.400000
vt 0.225000 0.400000
vt 0.200000 0.400000
vt 0.175000 0.400000
vt 0.150000 0.400000
vt 0.125000 0.400000
vt 0.100000 0.400000
vt 0.075000 0.400000
vt 0.050000 0.400000
vt 0.025000 0.400000
vt 0.000000 0.400000
vt 1.000000 0.433300
vt 0.975000 0.433300
vt 0.950000 0.433300
vt 0.925000 0.433300
vt 0.900000 0.433300
vt 0.875000 0.433300
vt 0.850000 0.433300
vt 0.825000 0.433300
vt 0.800000 0.433300
vt 0.775000 0.433300
vt 0.750000 0.433300
vt 0.725000 0.433300
vt 0.700000 0.433300
vt 0.675000 0.433300
vt 0.650000 0.433300
vt 0.625000 0.433300
vt 0.600000 0.433300
vt 0.575000 0.433300
vt 0.550000 0.433300
vt 0.525000 0.433300
vt 0.500000 0.433300
vt 0.475000 0.433300
vt 0.450000 0.433300
vt 0.425000 0.433300
vt 0.400000 0.433300
vt 0.375000 0.433300
vt 0.350000 0.433300
vt 0.325000 0.433300
vt 0.300000 0.433300
vt 0.275000 0.433300
vt 0.250000 0.433300
vt 0.225000 0.433300
vt 0.200000 0.433300
vt 0.175000 0.433300
vt 0.150000 0.433300
vt 0.125000 0.433300
vt 0.100000 0.433300
vt 0.075000 0.433300
vt 0.050000 0.433300
vt 0.025000 0.433300
vt 0.000000 0.433300
vt 1.000000 0.466700
vt 0.975000 0.466700
vt 0.950000 0.466700
vt 0.925000 0.466700
vt 0.900000 0.466700
vt 0.875000 0.466700
vt 0.850000 0.466700
vt 0.825000 0.466700
vt 0.800000 0.466700
vt 0.775000 0.466700
vt 0.750000 0.466700
vt 0.725000 0.466700
vt 0.700000 0.466700
vt 0.675000 0.466700
vt 0.650000 0.466700
vt 0.625000 0.466700
vt 0.600000 0.466700
vt 0.575000 0.466700
vt 0.550000 0.466700
vt 0.525000 0.466700
vt 0.500000 0.466700
vt 0.475000 0.466700
vt 0.450000 0.466700
vt 0.425000 0.466700
vt 0.400000 0.466700
vt 0.375000 0.466700
vt 0.350000 0.466700
vt 0.325000 0.466700
vt 0.300000 0.466700
vt 0.275000 0.466700
vt 0.250000 0.466700
vt 0.225000 0.466700
vt 0.200000 0.466700
vt 0.175000 0.466700
vt 0.150000 0.466700
vt 0.125000 0.466700
vt 0.100000 0.466700
vt 0.075000 0.466700
vt 0.050000 0.466700
vt 0.025000 0.466700
vt 0.000000 0.466700
vt 1.000000 0.500000
vt 0.975000 0.500000
vt 0.950000 0.500000
vt 0.925000 0.500000
vt 0.900000 0.500000
vt 0.875000 0.500000
vt 0.850000 0.500000
vt 0.825000 0.500000
vt 0.800000 0.500000
vt 0.775000 0.500000
vt 0.750000 0.500000
vt 0.725000 0.500000
vt 0.700000 0.500000
vt 0.675000 0.500000
vt 0.650000 0.500000
vt 0.625000 0.500000
vt 0.600000 0.500000
vt 0.575000 0.500000
vt 0.550000 0.500000
vt 0.525000 0.500000
vt 0.500000 0.500000
vt 0.475000 0.500000
vt 0.450000 0.500000
vt 0.425000 0.500000
vt 0.400000 0.500000
vt 0.375000 0.500000
vt 0.350000 0.500000
vt 0.325000 0.500000
vt 0.300000 0.500000
vt 0.275000 0.500000
vt 0.250000 0.500000
vt 0.225000 0.500000
vt 0.200000 0.500000
vt 0.175000 0.500000
vt 0.150000 0.500000
vt 0.125000 0.500000
vt 0.100000 0.500000
vt 0.075000 0.500000
vt 0.050000 0.500000
vt 0.025000 0.500000
vt 0.000000 0.500000
vt 1.000000 0.533300
vt 0.975000 0.533300
vt 0.950000 0.533300
vt 0.925000 0.533300
vt 0.900000 0.533300
vt 0.875000 0.533300
vt 0.850000 0.533300
vt 0.825000 0.533300
vt 0.800000 0.533300
vt 0.775000 0.533300
vt 0.750000 0.533300
vt 0.725000 0.533300
vt 0.700000 0.533300
vt 0.675000 0.533300
vt 0.650000 0.533300
vt 0.625000 0.533300
vt 0.600000 0.533300
vt 0.575000 0.533300
vt 0.550000 0.533300
vt 0.525000 0.533300
vt 0.500000 0.533300
vt 0.475000 0.533300
vt 0.450000 0.533300
vt 0.425000 0.533300
vt 0.400000 0.533300
vt 0.375000 0.533300
vt 0.350000 0.533300
vt 0.325000 0.533300
vt 0.300000 0.533300
vt 0.275000 0.533300
vt 0.250000 0.533300
vt 0.225000 0.533300
vt 0.200000 0.533300
vt 0.175000 0.533300
vt 0.150000 0.533300
vt 0.125000 0.533300
vt 0.100000 0.533300
vt 0.075000 0.533300
vt 0.050000 0.533300
vt 0.025000 0.533300
vt 0.000000 0.533300
vt 1.000000 0.566700
vt 0.975000 0.566700
vt 0.950000 0.566700
vt 0.925000 0.566700
vt 0.900000 0.566700
vt 0.875000 0.566700
vt 0.850000 0.566700
vt 0.825000 0.566700
vt 0.800000 0.566700
vt 0.775000 0.566700
vt 0.750000 0.566700
vt 0.725000 0.566700
vt 0.700000 0.566700
vt 0.675000 0.566700
vt 0.650000 0.566700
vt 0.625000 0.566700
vt 0.600000 0.566700
vt 0.575000 0.566700
vt 0.550000 0.566700
vt 0.525000 0.566700
vt 0.500000 0.566700
vt 0.475000 0.566700
vt 0.450000 0.566700
vt 0.425000 0.566700
vt 0.400000 0.566700
vt 0.375000 0.566700
vt 0.350000 0.566700
vt 0.325000 0.566700
vt 0.300000 0.566700
vt 0.275000 0.566700
vt 0.250000 0.566700
vt 0.225000 0.566700
vt 0.200000 0.566700
vt 0.175000 0.566700
vt 0.150000 0.566700
vt 0.125000 0.566700
vt 0.100000 0.566700
vt 0.075000 0.566700
vt 0.050000 0.566700
vt 0.025000 0.566700
vt 0.000000 0.566700
vt 1.000000 0.600000
vt 0.975000 0.600000
vt 0.950000 0.600000
vt 0.925000 0.600000
vt 0.900000 0.600000
vt 0.875000 0.600000
vt 0.850000 0.600000
vt 0.825000 0.600000
vt 0.800000 0.600000
vt 0.775000 0.600000
vt 0.750000 0.600000
vt 0.725000 0.600000
vt 0.700000 0.600000
vt 0.675000 0.600000
vt 0.650000 0.600000
vt 0.625000 0.600000
vt 0.600000 0.600000
vt 0.575000 0.600000
vt 0.550000 0.600000
vt 0.525000 0.600000
vt 0.500000 0.600000
vt 0.475000 0.600000
vt 0.450000 0.600000
vt 0.425000 0.600000
vt 0.400000 0.600000
vt 0.375000 0.600000
vt 0.350000 0.600000
vt 0.325000 0.600000
vt 0.300000 0.600000
vt 0.275000 0.600000
vt 0.250000 0.600000
vt 0.225000 0.600000
vt 0.200000 0.600000
vt 0.175000 0.600000
vt 0.150000 0.600000
vt 0.125000 0.600000
vt 0.100000 0.600000
vt 0.075000 0.600000
vt 0.050000 0.600000
vt 0.025000 0.600000
vt 0.000000 0.600000
vt 1.000000 0.633300
vt 0.975000 0.633300
vt 0.950000 0.633300
vt 0.925000 0.633300
vt 0.900000 0.633300
vt 0.875000 0.633300
vt 0.850000 0.633300
vt 0.825000 0.633300
vt 0.800000 0.633300
vt 0.775000 0.633300
vt 0.750000 0.633300
vt 0.725000 0.633300
vt 0.700000 0.633300
vt 0.675000 0.633300
vt 0.650000 0.633300
vt 0.625000 0.633300
vt 0.600000 0.633300
vt 0.575000 0.633300
vt 0.550000 0.633300
vt 0.525000 0.633300
vt 0.500000 0.633300
vt 0.475000 0.633300
vt 0.450000 0.633300
vt 0.425000 0.633300
vt 0.400000 0.633300
vt 0.375000 0.633300
vt 0.350000 0.633300
vt 0.325000 0.633300
vt 0.300000 0.633300
vt 0.275000 0.633300
vt 0.250000 0.633300
vt 0.225000 0.633300
vt 0.200000 0.633300
vt 0.175000 0.633300
vt 0.150000 0.633300
vt 0.125000 0.633300
vt 0.100000 0.633300
vt 0.075000 0.633300
vt 0.050000 0.633300
vt 0.025000 0.633300
vt 0.000000 0.633300
vt 1.000000 0.666700
vt 0.975000 0.666700
vt 0.950000 0.666700
vt 0.925000 0.666700
vt 0.900000 0.666700
vt 0.875000 0.666700
vt 0.850000 0.666700
vt 0.825000 0.666700
vt 0.800000 0.666700
vt 0.775000 0.666700
vt 0.750000 0.666700
vt 0.725000 0.666700
vt 0.700000 0.666700
vt 0.675000 0.666700
vt 0.650000 0.666700
vt 0.625000 0.666700
vt 0.600000 0.666700
vt 0.575000 0.666700
vt 0.550000 0.666700
vt 0.525000 0.666700
vt 0.500000 0.666700
vt 0.475000 0.666700
vt 0.450000 0.666700
vt 0.425000 0.666700
vt 0.400000 0.666700
vt 0.375000 0.666700
vt 0.350000 0.666700
vt 0.325000 0.666700
vt 0.300000 0.666700
vt 0.275000 0.666700
vt 0.250000 0.666700
vt 0.225000 0.666700
vt 0.200000 0.666700
vt 0.175000 0.666700
vt 0.150000 0.666700
vt 0.125000 0.666700
vt 0.100000 0.666700
vt 0.075000 0.666700
vt 0.050000 0.666700
vt 0.025000 0.666700
vt 0.000000 0.666700
vt 1.000000 0.700000
vt 0.975000 0.700000
vt 0.950000 0.700000
vt 0.925000 0.700000
vt 0.900000 0.700000
vt 0.875000 0.700000
vt 0.850000 0.700000
vt 0.825000 0.700000
vt 0.800000 0.700000
vt 0.775000 0.700000
vt 0.750000 0.700000
vt 0.725000 0.700000
vt 0.700000 0.700000
vt 0.675000 0.700000
vt 0.650000 0.700000
vt 0.625000 0.700000
vt 0.600000 0.700000
vt 0.575000 0.700000
vt 0.550000 0.700000
vt 0.525000 0.700000
vt 0.500000 0.700000
vt 0.475000 0.700000
vt 0.450000 0.700000
vt 0.425000 0.700000
vt 0.400000 0.700000
vt 0.375000 0.700000
vt 0.350000 0.700000
vt 0.325000 0.700000
vt 0.300000 0.700000
vt 0.275000 0.700000
vt 0.250000 0.700000
vt 0.225000 0.700000
vt 0.200000 0.700000
vt 0.175000 0.700000
vt 0.150000 0.700000
vt 0.125000 0.700000
vt 0.100000 0.700000
vt 0.075000 0.700000
vt 0.050000 0.700000
vt 0.025000 0.700000
vt 0.000000 0.700000
vt 1.000000 0.733300
vt 0.975000 0.733300
vt 0.950000 0.733300
vt 0.925000 0.733300
vt 0.900000 0.733300
vt 0.875000 0.733300
vt 0.850000 0.733300
vt 0.825000 0.733300
vt 0.800000 0.733300
vt 0.775000 0.733300
vt 0.750000 0.733300
vt 0.725000 0.733300
vt 0.700000 0.733300
vt 0.675000 0.733300
vt 0.650000 0.733300
vt 0.625000 0.733300
vt 0.600000 0.733300
vt 0.575000 0.733300
vt 0.550000 0.733300
vt 0.525000 0.733300
vt 0.500000 0.733300
vt 0.475000 0.733300
vt 0.450000 0.733300
vt 0.425000 0.733300
vt 0.400000 0.733300
vt 0.375000 0.733300
vt 0.350000 0.733300
vt 0.325000 0.733300
vt 0.300000 0.733300
vt 0.275000 0.733300
vt 0.250000 0.733300
vt 0.225000 0.733300
vt 0.200000 0.733300
vt 0.175000 0.733300
vt 0.150000 0.733300
vt 0.125000 0.733300
vt 0.100000 0.733300
vt 0.075000 0.733300
vt 0.050000 0.733300
vt 0.025000 0.733300
vt 0.000000 0.733300
vt 1.000000 0.766700
vt 0.975000 0.766700
vt 0.950000 0.766700
vt 0.925000 0.766700
vt 0.900000 0.766700
vt 0.875000 0.766700
vt 0.850000 0.766700
vt 0.825000 0.766700
vt 0.800000 0.766700
vt 0.775000 0.766700
vt 0.750000 0.766700
vt 0.725000 0.766700
vt 0.700000 0.766700
vt 0.675000 0.766700
vt 0.650000 0.766700
vt 0.625000 0.766700
vt 0.600000 0.766700
vt 0.575000 0.766700
vt 0.550000 0.766700
vt 0.525000 0.766700
vt 0.500000 0.766700
vt 0.475000 0.766700
vt 0.450000 0.766700
vt 0.425000 0.766700
vt 0.400000 0.766700
vt 0.375000 0.766700
vt 0.350000 0.766700
vt 0.325000 0.766700
vt 0.300000 0.766700
vt 0.275000 0.766700
vt 0.250000 0.766700
vt 0.225000 0.766700
vt 0.200000 0.766700
vt 0.175000 0.766700
vt 0.150000 0.766700
vt 0.125000 0.766700
vt 0.100000 0.766700
vt 0.075000 0.766700
vt 0.050000 0.766700
vt 0.025000 0.766700
vt 0.000000 0.766700
vt 1.000000 0.800000
vt 0.975000 0.800000
vt 0.950000 0.800000
vt 0.925000 0.800000
vt 0.900000 0.800000
vt 0.875000 0.800000
vt 0.850000 0.800000
vt 0.825000 0.800000
vt 0.800000 0.800000
vt 0.775000 0.800000
vt 0.750000 0.800000
vt 0.725000 0.800000
vt 0.700000 0.800000
vt 0.675000 0.800000
vt 0.650000 0.800000
vt 0.625000 0.800000
vt 0.600000 0.800000
vt 0.575000 0.800000
vt 0.550000 0.800000
vt 0.525000 0.800000
vt 0.500000 0.800000
vt 0.475000 0.800000
vt 0.450000 0.800000
vt 0.425000 0.800000
vt 0.400000 0.800000
vt 0.375000 0.800000
vt 0.350000 0.800000
vt 0.325000 0.800000
vt 0.300000 0.800000
vt 0.275000 0.800000
vt 0.250000 0.800000
vt 0.225000 0.800000
vt 0.200000 0.800000
vt 0.175000 0.800000
vt 0.150000 0.800000
vt 0.125000 0.800000
vt 0.100000 0.800000
vt 0.075000 0.800000
vt 0.050000 0.800000
vt 0.025000 0.800000
vt 0.000000 0.800000
vt 1.000000 0.833300
vt 0.975000 0.833300
vt 0.950000 0.833300
vt 0.925000 0.833300
vt 0.900000 0.833300
vt 0.875000 0.833300
vt 0.850000 0.833300
vt 0.825000 0.833300
vt 0.800000 0.833300
vt 0.775000 0.833300
vt 0.750000 0.833300
vt 0.725000 0.833300
vt 0.700000 0.833300
vt 0.675000 0.833300
vt 0.650000 0.833300
vt 0.625000 0.833300
vt 0.600000 0.833300
vt 0.575000 0.833300
vt 0.550000 0.833300
vt 0.525000 0.833300
vt 0.500000 0.833300
vt 0.475000 0.833300
vt 0.450000 0.833300
vt 0.425000 0.833300
vt 0.400000 0.833300
vt 0.375000 0.833300
vt 0.350000 0.833300
vt 0.325000 0.833300
vt 0.300000 0.833300
vt 0.275000 0.833300
vt 0.250000 0.833300
vt 0.225000 0.833300
vt 0.200000 0.833300
vt 0.175000 0.833300
vt 0.150000 0.833300
vt 0.125000 0.833300
vt 0.100000 0.833300
vt 0.075000 0.833300
vt 0.050000 0.833300
vt 0.025000 0.833300
vt 0.000000 0.833300
vt 1.000000 0.866700
vt 0.975000 0.866700
vt 0.950000 0.866700
vt 0.925000 0.866700
vt 0.900000 0.866700
vt 0.875000 0.866700
vt 0.850000 0.866700
vt 0.825000 0.866700
vt 0.800000 0.866700
vt 0.775000 0.866700
vt 0.750000 0.866700
vt 0.725000 0.866700
vt 0.700000 0.866700
vt 0.675000 0.866700
vt 0.650000 0.866700
vt 0.625000 0.866700
vt 0.600000 0.866700
vt 0.575000 0.866700
vt 0.550000 0.866700
vt 0.525000 0.866700
vt 0.500000 0.866700
vt 0.475000 0.866700
vt 0.450000 0.866700
vt 0.425000 0.866700
vt 0.400000 0.866700
vt 0.375000 0.866700
vt 0.350000 0.866700
vt 0.325000 0.866700
vt 0.300000 0.866700
vt 0.275000 0.866700
vt 0.250000 0.866700
vt 0.225000 0.866700
vt 0.200000 0.866700
vt 0.175000 0.866700
vt 0.150000 0.866700
vt 0.125000 0.866700
vt 0.100000 0.866700
vt 0.075000 0.866700
vt 0.050000 0.866700
vt 0.025000 0.866700
vt 0.000000 0.866700
vt 1.000000 0.900000
vt 0.975000 0.900000
vt 0.950000 0.900000
vt 0.925000 0.900000
vt 0.900000 0.900000
vt 0.875000 0.900000
vt 0.850000 0.900000
vt 0.825000 0.900000
vt 0.800000 0.900000
vt 0.775000 0.900000
vt 0.750000 0.900000
vt 0.725000 0.900000
vt 0.700000 0.900000
vt 0.675000 0.900000
vt 0.650000 0.900000
vt 0.625000 0.900000
vt 0.600000 0.900000
vt 0.575000 0.900000
vt 0.550000 0.900000
vt 0.525000 0.900000
vt 0.500000 0.900000
vt 0.475000 0.900000
vt 0.450000 0.900000
vt 0.425000 0.900000
vt 0.400000 0.900000
vt 0.375000 0.900000
vt 0.350000 0.900000
vt 0.325000 0.900000
vt 0.300000 0.900000
vt 0.275000 0.900000
vt 0.250000 0.900000
vt 0.225000 0.900000
vt 0.200000 0.900000
vt 0.175000 0.900000
vt 0.150000 0.900000
vt 0.125000 0.900000
vt 0.100000 0.900000
vt 0.075000 0.900000
vt 0.050000 0.900000
vt 0.025000 0.900000
vt 0.000000 0.900000
vt 1.000000 0.933300
vt 0.975000 0.933300
vt 0.950000 0.933300
vt 0.925000 0.933300
vt 0.900000 0.933300
vt 0.875000 0.933300
vt 0.850000 0.933300
vt 0.825000 0.933300
vt 0.800000 0.933300
vt 0.775000 0.933300
vt 0.750000 0.933300
vt 0.725000 0.933300
vt 0.700000 0.933300
vt 0.675000 0.933300
vt 0.650000 0.933300
vt 0.625000 0.933300
vt 0.600000 0.933300
vt 0.575000 0.933300
vt 0.550000 0.933300
vt 0.525000 0.933300
vt 0.500000 0.933300
vt 0.475000 0.933300
vt 0.450000 0.933300
vt 0.425000 0.933300
vt 0.400000 0.933300
vt 0.375000 0.933300
vt 0.350000 0.933300
vt 0.325000 0.933300
vt 0.300000 0.933300
vt 0.275000 0.933300
vt 0.250000 0.933300
vt 0.225000 0.933300
vt 0.200000 0.933300
vt 0.175000 0.933300
vt 0.150000 0.933300
vt 0.125000 0.933300
vt 0.100000 0.933300
vt 0.075000 0.933300
vt 0.050000 0.933300
vt 0.025000 0.933300
vt 0.000000 0.933300
vt 1.000000 0.966700
vt 0.975000 0.966700
vt 0.950000 0.966700
vt 0.925000 0.966700
vt 0.900000 0.966700
vt 0.875000 0.966700
vt 0.850000 0.966700
vt 0.825000 0.966700
vt 0.800000 0.966700
vt 0.775000 0.966700
vt 0.750000 0.966700
vt 0.725000 0.966700
vt 0.700000 0.966700
vt 0.675000 0.966700
vt 0.650000 0.966700
vt 0.625000 0.966700
vt 0.600000 0.966700
vt 0.575000 0.966700
vt 0.550000 0.966700
vt 0.525000 0.966700
vt 0.500000 0.966700
vt 0.475000 0.966700
vt 0.450000 0.966700
vt 0.425000 0.966700
vt 0.400000 0.966700
vt 0.375000 0.966700
vt 0.350000 0.966700
vt 0.325000 0.966700
vt 0.300000 0.966700
vt 0.275000 0.966700
vt 0.250000 0.966700
vt 0.225000 0.966700
vt 0.200000 0.966700
vt 0.175000 0.966700
vt 0.150000 0.966700
vt 0.125000 0.966700
vt 0.100000 0.966700
vt 0.075000 0.966700
vt 0.050000 0.966700
vt 0.025000 0.966700
vt 0.000000 0.966700
vt 1.000000 1.000000
vt 0.975000 1.000000
vt 0.950000 1.000000
vt 0.925000 1.000000
vt 0.900000 1.000000
vt 0.875000 1.000000
vt 0.850000 1.000000
vt 0.825000 1.000000
vt 0.800000 1.000000
vt 0.775000 1.000000
vt 0.750000 1.000000
vt 0.725000 1.000000
vt 0.700000 1.000000
vt 0.675000 1.000000
vt 0.650000 1.000000
vt 0.625000 1.000000
vt 0.600000 1.000000
vt 0.575000 1.000000
vt 0.550000 1.000000
vt 0.525000 1.000000
vt 0.500000 1.000000
vt 0.475000 1.000000
vt 0.450000 1.000000
vt 0.425000 1.000000
vt 0.400000 1.000000
vt 0.375000 1.000000
vt 0.350000 1.000000
vt 0.325000 1.000000
vt 0.300000 1.000000
vt 0.275000 1.000000
vt 0.250000 1.000000
vt 0.225000 1.000000
vt 0.200000 1.000000
vt 0.175000 1.000000
vt 0.150000 1.000000
vt 0.125000 1.000000
vt 0.100000 1.000000
vt 0.075000 1.000000
vt 0.050000 1.000000
vt 0.025000 1.000000
vt 0.000000 1.000000
vt 0.033300 0.000000
vt 0.033300 0.200000
vt 0.066700 0.000000
vt 0.066700 0.200000
vt 0.133300 0.000000
vt 0.133300 0.200000
vt 0.166700 0.000000
vt 0.166700 0.200000
vt 0.233300 0.000000
vt 0.233300 0.200000
vt 0.266700 0.000000
vt 0.266700 0.200000
vt 0.333300 0.000000
vt 0.333300 0.200000
vt 0.366700 0.000000
vt 0.366700 0.200000
vt 0.433300 0.000000
vt 0.433300 0.200000
vt 0.466700 0.000000
vt 0.466700 0.200000
vt 0.533300 0.000000
vt 0.533300 0.200000
vt 0.566700 0.000000
vt 0.566700 0.200000
vt 0.633300 0.000000
vt 0.633300 0.200000
vt 0.666700 0.000000
vt 0.666700 0.200000
vt 0.733300 0.000000
vt 0.733300 0.200000
vt 0.766700 0.000000
vt 0.766700 0.200000
vt 0.833300 0.000000
vt 0.833300 0.200000
vt 0.866700 0.000000
vt 0.866700 0.200000
vt 0.933300 0.000000
vt 0.933300 0.200000
vt 0.966700 0.000000
vt 0.966700 0.200000
vt 0.033300 0.400000
vt 0.066700 0.400000
vt 0.133300 0.400000
vt 0.166700 0.400000
vt 0.233300 0.400000
vt 0.266700 0.400000
vt 0.333300 0.400000
vt 0.366700 0.400000
vt 0.433300 0.400000
vt 0.466700 0.400000
vt 0.533300 0.400000
vt 0.566700 0.400000
vt 0.633300 0.400000
vt 0.666700 0.400000
vt 0.733300 0.400000
vt 0.766700 0.400000
vt 0.833300 0.400000
vt 0.866700 0.400000
vt 0.933300 0.400000
vt 0.966700 0.400000
vt 0.033300 0.600000
vt 0.066700 0.600000
vt 0.133300 0.600000
vt 0.166700 0.600000
vt 0.233300 0.600000
vt 0.266700 0.600000
vt 0.333300 0.600000
vt 0.366700 0.600000
vt 0.433300 0.600000
vt 0.466700 0.600000
vt 0.533300 0.600000
vt 0.566700 0.600000
vt 0.633300 0.600000
vt 0.666700 0.600000
vt 0.733300 0.600000
vt 0.766700 0.600000
vt 0.833300 0.600000
vt 0.866700 0.600000
vt 0.933300 0.600000
vt 0.966700 0.600000
vt 0.033300 0.800000
vt 0.066700 0.800000
vt 0.133300 0.800000
vt 0.166700 0.800000
vt 0.233300 0.800000
vt 0.266700 0.800000
vt 0.333300 0.800000
vt 0.366700 0.800000
vt 0.433300 0.800000
vt 0.466700 0.800000
vt 0.533300 0.800000
vt 0.566700 0.800000
vt 0.633300 0.800000
vt 0.666700 0.800000
vt 0.733300 0.800000
vt 0.766700 0.800000
vt 0.833300 0.800000
vt 0.866700 0.800000
vt 0.933300 0.800000
vt 0.966700 0.800000
vt 0.033300 1.000000
vt 0.066700 1.000000
vt 0.133300 1.000000
vt 0.166700 1.000000
vt 0.233300 1.000000
vt 0.266700 1.000000
vt 0.333300 1.000000
vt 0.366700 1.000000
vt 0.433300 1.000000
vt 0.466700 1.000000
vt 0.533300 1.000000
vt 0.566700 1.000000
vt 0.633300 1.000000
vt 0.666700 1.000000
vt 0.733300 1.000000
vt 0.766700 1.000000
vt 0.833300 1.000000
vt 0.866700 1.000000
vt 0.933300 1.000000
vt 0.966700 1.000000
s 1
f 1/1/1 2/2/2 3/3/3 4/4/4
f 4/4/4 3/3/3 5/5/5 6/6/6
f 6/6/6 5/5/5 7/7/7 8/8/8
f 8/8/8 7/7/7 9/9/9 10/10/10
f 10/10/10 9/9/9 11/11/11 12/12/12
f 12/12/12 11/11/11 13/13/13 14/14/14
f 14/14/14 13/13/13 15/15/15 16/16/16
f 16/16/16 15/15/15 17/17/17 18/18/18
f 18/18/18 17/17/17 19/19/19 20/20/20
f 20/20/20 19/19/19 21/21/21 22/22/22
f 22/22/22 21/21/21 23/23/23 24/24/24
f 24/24/24 23/23/23 25/25/25 26/26/26
f 26/26/26 25/25/25 27/27/27 28/28/28
f 28/28/28 27/27/27 29/29/29 30/30/30
f 30/30/30 29/29/29 31/31/31 32/32/32
f 32/32/32 31/31/31 33/33/33 34/34/34
f 34/34/34 33/33/33 35/35/35 36/36/36
f 36/36/36 35/35/35 37/37/37 38/38/38
f 38/38/38 37/37/37 39/39/39 40/40/40
f 40/40/40 39/39/39 41/41/41 42/42/42
f 42/42/42 41/41/41 43/43/43 44/44/44
f 44/44/44 43/43/43 45/45/45 46/46/46
f 46/46/46 45/45/45 47/47/47 48/48/48
f 48/48/48 47/47/47 49/49/49 50/50/50
f 50/50/50 49/49/49 51/51/51 52/52/52
f 52/52/52 51/51/51 53/53/53 54/54/54
f 54/54/54 53/53/53 55/55/55 56/56/56
f 56/56/56 55/55/55 57/57/57 58/58/58
f 58/58/58 57/57/57 59/59/59 60/60/60
f 60/60/60 59/59/59 61/61/61 62/62/62
f 62/62/62 61/61/61 63/63/63 64/64/64
f 64/64/64 63/63/63 65/65/65 66/66/66
f 66/66/66 65/65/65 67/67/67 68/68/68
f 68/68/68 67/67/67 69/69/69 70/70/70
f 70/70/70 69/69/69 71/71/71 72/72/72
f 72/72/72 71/71/71 73/73/73 74/74/74
f 74/74/74 73/73/73 75/75/75 76/76/76
f 76/76/76 75/75/75 77/77/77 78/78/78
f 78/78/78 77/77/77 79/79/79 80/80/80
f 80/80/80 79/79/79 81/81/81 82/82/82
f 2/2/2 83/83/83 84/84/84 3/3/3
f 3/3/3 84/84/84 85/85/85 5/5/5
f 5/5/5 85/85/85 86/86/86 7/7/7
f 7/7/7 86/86/86 87/87/87 9/9/9
f 9/9/9 87/87/87 88/88/88 11/11/11
f 11/11/11 88/88/88 89/89/89 13/13/13
f 13/13/13 89/89/89 90/90/90 15/15/15
f 15/15/15 90/90/90 91/91/91 17/17/17
f 17/17/17 91/91/91 92/92/92 19/19/19
f 19/19/19 92/92/92 93/93/93 21/21/21
f 21/21/21 93/93/93 94/94/94 23/23/23
f 23/23/23 94/94/94 95/95/95 25/25/25
f 25/25/25 95/95/95 96/96/96 27/27/27
f 27/27/27 96/96/96 97/97/97 29/29/29
f 29/29/29 97/97/97 98/98/98 31/31/31
f 31/31/31 98/98/98 99/99/99 33/33/33
f 33/33/33 99/99/99 100/100/100 35/35/35
f 35/35/35 100/100/100 101/101/101 37/37/37
f 37/37/37 101/101/101 102/102/102 39/39/39
f 39/39/39 102/102/102 103/103/103 41/41/41
f 41/41/41 103/103/103 104/104/104 43/43/43
f 43/43/43 104/104/104 105/105/105 45/45/45
f 45/45/45 105/105/105 106/106/106 47/47/47
f 47/47/47 106/106/106 107/107/107 49/49/49
f 49/49/49 107/107/107 108/108/108 51/51/51
f 51/51/51 108/108/108 109/109/109 53/53/53
f 53/53/53 109/109/109 110/110/110 55/55/55
f 55/55/55 110/110/110 111/111/111 57/57/57
f 57/57/57 111/111/111 112/112/112 59/59/59
f 59/59/59 112/112/112 113/113/113 61/61/61
f 61/61/61 113/113/113 114/114/114 63/63/63
f 63/63/63 114/114/114 115/115/115 65/65/65
f 65/65/65 115/115/115 116/116/116 67/67/67
f 67/67/67 116/116/116 117/117/117 69/69/69
f 69/69/69 117/117/117 118/118/118 71/71/71
f 71/71/71 118/118/118 119/119/119 73/73/73
f 73/73/73 119/119/119 120/120/120 75/75/75
f 75/75/75 120/120/120 121/121/121 77/77/77
f 77/77/77 121/121/121 122/122/122 79/79/79
f 79/79/79 122/122/122 123/123/123 81/81/81
f 83/83/83 124/124/124 125/125/125 84/84/84
f 84/84/84 125/125/125 126/126/126 85/85/85
f 85/85/85 126/126/126 127/127/127 86/86/86
f 86/86/86 127/127/127 128/128/128 87/87/87
f 87/87/87 128/128/128 129/129/129 88/88/88
f 88/88/88 129/129/129 130/130/130 89/89/89
f 89/89/89 130/130/130 131/131/131 90/90/90
f 90/90/90 131/131/131 132/132/132 91/91/91
f 91/91/91 132/132/132 133/133/133 92/92/92
f 92/92/92 133/133/133 134/134/134 93/93/93
f 93/93/93 134/134/134 135/135/135 94/94/94
f 94/94/94 135/135/135 136/136/136 95/95/95
f 95/95/95 136/136/136 137/137/137 96/96/96
f 96/96/96 137/137/137 138/138/138 97/97/97
f 97/97/97 138/138/138 139/139/139 98/98/98
f 98/98/98 139/139/139 140/140/140 99/99/99
f 99/99/99 140/140/140 141/141/141 100/100/100
f 100/100/100 141/141/141 142/142/142 101/101/101
f 101/101/101 142/142/142 143/143/143 102/102/102
f 102/102/102 143/143/143 144/144/144 103/103/103
f 103/103/103 144/144/144 145/145/145 104/104/104
f 104/104/104 145/145/145 146/146/146 105/105/105
f 105/105/105 146/146/146 147/147/147 106/106/106
f 106/106/106 147/147/147 148/148/148 107/107/107
f 107/107/107 148/148/148 149/149/149 108/108/108
f 108/108/108 149/149/149 150/150/150 109/109/109
f 109/109/109 150/150/150 151/151/151 110/110/110
f 110/110/110 151/151/151 152/152/152 111/111/111
f 111/111/111 152/152/152 153/153/153 112/112/112
f 112/112/112 153/153/153 154/154/154 113/113/113
f 113/113/113 154/154/154 155/155/155 114/114/114
f 114/114/114 155/155/155 156/156/156 115/115/115
f 115/115/115 156/156/156 157/157/157 116/116/116
f 116/116/116 157/157/157 158/158/158 117/117/117
f 117/117/117 158/158/158 159/159/159 118/118/118
f 118/118/118 159/159/159 160/160/160 119/119/119
f 119/119/119 160/160/160 161/161/161 120/120/120
f 120/120/120 161/161/161 162/162/162 121/121/121
f 121/121/121 162/162/162 163/163/163 122/122/122
f 122/122/122 163/163/163 164/164/164 123/123/123
f 124/124/124 165/165/165 166/166/166 125/125/125
f 125/125/125 166/166/166 167/167/167 126/126/126
f 126/126/126 167/167/167 168/168/168 127/127/127
f 127/127/127 168/168/168 169/169/169 128/128/128
f 128/128/128 169/169/169 170/170/170 129/129/129
f 129/129/129 170/170/170 171/171/171 130/130/130
f 130/130/130 171/171/171 172/172/172 131/131/131
f 131/131/131 172/172/172 173/173/173 132/132/132
f 132/132/132 173/173/173 174/174/174 133/133/133
f 133/133/133 174/174/174 175/175/175 134/134/134
f 134/134/134 175/175/175 176/176/176 135/135/135
f 135/135/135 176/176/176 177/177/177 136/136/136
f 136/136/136 177/177/177 178/178/178 137/137/137
f 137/137/137 178/178/178 179/179/179 138/138/138
f 138/138/138 179/179/179 180/180/180 139/139/139
f 139/139/139 180/180/180 181/181/181 140/140/140
f 140/140/140 181/181/181 182/182/182 141/141/141
f 141/141/141 182/182/182 183/183/183 142/142/142
f 142/142/142 183/183/183 184/184/184 143/143/143
f 143/143/143 184/184/184 185/185/185 144/144/144
f 144/144/144 185/185/185 186/186/186 145/145/145
f 145/145/145 186/186/186 187/187/187 146/146/146
f 146/146/146 187/187/187 188/188/188 147/147/147
f 147/147/147 188/188/188 189/189/189 148/148/148
f 148/148/148 189/189/189 190/190/190 149/149/149
f 149/149/149 190/190/190 191/191/191 150/150/150
f 150/150/150 191/191/191 192/192/192 151/151/151
f 151/151/151 192/192/192 193/193/193 152/152/152
f 152/152/152 193/193/193 194/194/194 153/153/153
f 153/153/153 194/194/194 195/195/195 154/154/154
f 154/154/154 195/195/195 196/196/196 155/155/155
f 155/155/155 196/196/196 197/197/197 156/156/156
f 156/156/156 197/197/197 198/198/198 157/157/157
f 157/157/157 198/198/198 199/199/199 158/158/158
f 158/158/158 199/199/199 200/200/200 159/159/159
f 159/159/159 200/200/200 201/201/201 160/160/160
f 160/160/160 201/201/201 202/202/202 161/161/161
f 161/161/161 202/202/202 203/203/203 162/162/162
f 162/162/162 203/203/203 204/204/204 163/163/163
f 163/163/163 204/204/204 205/205/205 164/164/164
f 165/165/165 206/206/206 207/207/207 166/166/166
f 166/166/166 207/207/207 208/208/208 167/167/167
f 167/167/167 208/208/208 209/209/209 168/168/168
f 168/168/168 209/209/209 210/210/210 169/169/169
f 169/169/169 210/210/210 211/211/211 170/170/170
f 170/170/170 211/211/211 212/212/212 171/171/171
f 171/171/171 212/212/212 213/213/213 172/172/172
f 172/172/172 213/213/213 214/214/214 173/173/173
f 173/173/173 214/214/214 215/215/215 174/174/174
f 174/174/174 215/215/215 216/216/216 175/175/175
f 175/175/175 216/216/216 217/217/217 176/176/176
f 176/176/176 217/217/217 218/218/218 177/177/177
f 177/177/177 218/218/218 219/219/219 178/178/178
f 178/178/178 219/219/219 220/220/220 179/179/179
f 179/179/179 220/220/220 221/221/221 180/180/180
f 180/180/180 221/221/221 222/222/222 181/181/181
f 181/181/181 222/222/222 223/223/223 182/182/182
f 182/182/182 223/223/223 224/224/224 183/183/183
f 183/183/183 224/224/224 225/225/225 184/184/184
f 184/184/184 225/225/225 226/226/226 185/185/185
f 185/185/185 226/226/226 227/227/227 186/186/186
f 186/186/186 227/227/227 228/228/228 187/187/187
f 187/187/187 228/228/228 229/229/229 188/188/188
f 188/188/188 229/229/229 230/230/230 189/189/189
f 189/189/189 230/230/230 231/231/231 190/190/190
f 190/190/190 231/231/231 232/232/232 191/191/191
f 191/191/191 232/232/232 233/233/233 192/192/192
f 192/192/192 233/233/233 234/234/234 193/193/193
f 193/193/193 234/234/234 235/235/235 194/194/194
f 194/194/194 235/235/235 236/236/236 195/195/195
f 195/195/195 236/236/236 237/237/237 196/196/196
f 196/196/196 237/237/237 238/238/238 197/197/197
f 197/197/197 238/238/238 239/239/239 198/198/198
f 198/198/198 239/239/239 240/240/240 199/199/199
f 199/199/199 240/240/240 241/241/241 200/200/200
f 200/200/200 241/241/241 242/242/242 201/201/201
f 201/201/201 242/242/242 243/243/243 202/202/202
f 202/202/202 243/243/243 244/244/244 203/203/203
f 203/203/203 244/244/244 245/245/245 204/204/204
f 204/204/204 245/245/245 246/246/246 205/205/205
f 206/206/206 247/247/247 248/248/248 207/207/207
f 207/207/207 248/248/248 249/249/249 208/208/208
f 208/208/208 249/249/249 250/250/250 209/209/209
f 209/209/209 250/250/250 251/251/251 210/210/210
f 210/210/210 251/251/251 252/252/252 211/211/211
f 211/211/211 252/252/252 253/253/253 212/212/212
f 212/212/212 253/253/253 254/254/254 213/213/213
f 213/213/213 254/254/254 255/255/255 214/214/214
f 214/214/214 255/255/255 256/256/256 215/215/215
f 215/215/215 256/256/256 257/257/257 216/216/216
f 216/216/216 257/257/257 258/258/258 217/217/217
f 217/217/217 258/258/258 259/259/259 218/218/218
f 218/218/218 259/259/259 260/260/260 219/219/219
f 219/219/219 260/260/260 261/261/261 220/220/220
f 220/220/220 261/261/261 262/262/262 221/221/221
f 221/221/221 262/262/262 263/263/263 222/222/222
f 222/222/222 263/263/263 264/264/264 223/223/223
f 223/223/223 264/264/264 265/265/265 224/224/224
f 224/224/224 265/265/265 266/266/266 225/225/225
f 225/225/225 266/266/266 267/267/267 226/226/226
f 226/226/226 267/267/267 268/268/268 227/227/227
f 227/227/227 268/268/268 269/269/269 228/228/228
f 228/228/228 269/269/269 270/270/270 229/229/229
f 229/229/229 270/270/270 271/271/271 230/230/230
f 230/230/230 271/271/271 272/272/272 231/231/231
f 231/231/231 272/272/272 273/273/273 232/232/232
f 232/232/232 273/273/273 274/274/274 233/233/233
f 233/233/233 274/274/274 275/275/275 234/234/234
f 234/234/234 275/275/275 276/276/276 235/235/235
f 235/235/235 276/276/276 277/277/277 236/236/236
f 236/236/236 277/277/277 278/278/278 237/237/237
f 237/237/237 278/278/278 279/279/279 238/238/238
f 238/238/238 279/279/279 280/280/280 239/239/239
f 239/239/239 280/280/280 281/281/281 240/240/240
f 240/240/240 281/281/281 282/282/282 241/241/241
f 241/241/241 282/282/282 283/283/283 242/242/242
f 242/242/242 283/283/283 284/284/284 243/243/243
f 243/243/243 284/284/284 285/285/285 244/244/244
f 244/244/244 285/285/285 286/286/286 245/245/245
f 245/245/245 286/286/286 287/287/287 246/246/246
f 247/247/247 288/288/288 289/289/289 248/248/248
f 248/248/248 289/289/289 290/290/290 249/249/249
f 249/249/249 290/290/290 291/291/291 250/250/250
f 250/250/250 291/291/291 292/292/292 251/251/251
f 251/251/251 292/292/292 293/293/293 252/252/252
f 252/252/252 293/293/293 294/294/294 253/253/253
f 253/253/253 294/294/294 295/295/295 254/254/254
f 254/254/254 295/295/295 296/296/296 255/255/255
f 255/255/255 296/296/296 297/297/297 256/256/256
f 256/256/256 297/297/297 298/298/298 257/257/257
f 257/257/257 298/298/298 299/299/299 258/258/258
f 258/258/258 299/299/299 300/300/300 259/259/259
f 259/259/259 300/300/300 301/301/301 260/260/260
f 260/260/260 301/301/301 302/302/302 261/261/261
f 261/261/261 302/302/302 303/303/303 262/262/262
f 262/262/262 303/303/303 304/304/304 263/263/263
f 263/263/263 304/304/304 305/305/305 264/264/264
f 264/264/264 305/305/305 306/306/306 265/265/265
f 265/265/265 306/306/306 307/307/307 266/266/266
f 266/266/266 307/307/307 308/308/308 267/267/267
f 267/267/267 308/308/308 309/309/309 268/268/268
f 268/268/268 309/309/309 310/310/310 269/269/269
f 269/269/269 310/310/310 311/311/311 270/270/270
f 270/270/270 311/311/311 312/312/312 271/271/271
f 271/271/271 312/312/312 313/313/313 272/272/272
f 272/272/272 313/313/313 314/314/314 273/273/273
f 273/273/273 314/314/314 315/315/315 274/274/274
f 274/274/274 315/315/315 316/316/316 275/275/275
f 275/275/275 316/316/316 317/317/317 276/276/276
f 276/276/276 317/317/317 318/318/318 277/277/277
f 277/277/277 318/318/318 319/319/319 278/278/278
f 278/278/278 319/319/319 320/320/320 279/279/279
f 279/279/279 320/320/320 321/321/321 280/280/280
f 280/280/280 321/321/321 322/322/322 281/281/281
f 281/281/281 322/322/322 323/323/323 282/282/282
f 282/282/282 323/323/323 324/324/324 283/283/283
f 283/283/283 324/324/324 325/325/325 284/284/284
f 284/284/284 325/325/325 326/326/326 285/285/285
f 285/285/285 326/326/326 327/327/327 286/286/286
f 286/286/286 327/327/327 328/328/328 287/287/287
f 288/288/288 329/329/329 330/330/330 289/289/289
f 289/289/289 330/330/330 331/331/331 290/290/290
f 290/290/290 331/331/331 332/332/332 291/291/291
f 291/291/291 332/332/332 333/333/333 292/292/292
f 292/292/292 333/333/333 334/334/334 293/293/293
f 293/293/293 334/334/334 335/335/335 294/294/294
f 294/294/294 335/335/335 336/336/336 295/295/295
f 295/295/295 336/336/336 337/337/337 296/296/296
f 296/296/296 337/337/337 338/338/338 297/297/297
f 297/297/297 338/338/338 339/339/339 298/298/298
f 298/298/298 339/339/339 340/340/340 299/299/299
f 299/299/299 340/340/340 341/341/341 300/300/300
f 300/300/300 341/341/341 342/342/342 301/301/301
f 301/301/301 342/342/342 343/343/343 302/302/302
f 302/302/302 343/343/343 344/344/344 303/303/303
f 303/303/303 344/344/344 345/345/345 304/304/304
f 304/304/304 345/345/345 346/346/346 305/305/305
f 305/305/305 346/346/346 347/347/347 306/306/306
f 306/306/306 347/347/347 348/348/348 307/307/307
f 307/307/307 348/348/348 349/349/349 308/308/308
f 308/308/308 349/349/349 350/350/350 309/309/309
f 309/309/309 350/350/350 351/351/351 310/310/310
f 310/310/310 351/351/351 352/352/352 311/311/311
f 311/311/311 352/352/352 353/353/353 312/312/312
f 312/312/312 353/353/353 354/354/354 313/313/313
f 313/313/313 354/354/354 355/355/355 314/314/314
f 314/314/314 355/355/355 356/356/356 315/315/315
f 315/315/315 356/356/356 357/357/357 316/316/316
f 316/316/316 357/357/357 358/358/358 317/317/317
f 317/317/317 358/358/358 359/359/359 318/318/318
f 318/318/318 359/359/359 360/360/360 319/319/319
f 319/319/319 360/360/360 361/361/361 320/320/320
f 320/320/320 361/361/361 362/362/362 321/321/321
f 321/321/321 362/362/362 363/363/363 322/322/322
f 322/322/322 363/363/363 364/364/364 323/323/323
f 323/323/323 364/364/364 365/365/365 324/324/324
f 324/324/324 365/365/365 366/366/366 325/325/325
f 325/325/325 366/366/366 367/367/367 326/326/326
f 326/326/326 367/367/367 368/368/368 327/327/327
f 327/327/327 368/368/368 369/369/369 328/328/328
f 329/329/329 370/370/370 371/371/371 330/330/330
f 330/330/330 371/371/371 372/372/372 331/331/331
f 331/331/331 372/372/372 373/373/373 332/332/332
f 332/332/332 373/373/373 374/374/374 333/333/333
f 333/333/333 374/374/374 375/375/375 334/334/334
f 334/334/334 375/375/375 376/376/376 335/335/335
f 335/335/335 376/376/376 377/377/377 336/336/336
f 336/336/336 377/377/377 378/378/378 337/337/337
f 337/337/337 378/378/378 379/379/379 338/338/338
f 338/338/338 379/379/379 380/380/380 339/339/339
f 339/339/339 380/380/380 381/381/381 340/340/340
f 340/340/340 381/381/381 382/382/382 341/341/341
f 341/341/341 382/382/382 383/383/383 342/342/342
f 342/342/342 383/383/383 384/384/384 343/343/343
f 343/343/343 384/384/384 385/385/385 344/344/344
f 344/344/344 385/385/385 386/386/386 345/345/345
f 345/345/345 386/386/386 387/387/387 346/346/346
f 346/346/346 387/387/387 388/388/388 347/347/347
f 347/347/347 388/388/388 389/389/389 348/348/348
f 348/348/348 389/389/389 390/390/390 349/349/349
f 349/349/349 390/390/390 391/391/391 350/350/350
f 350/350/350 391/391/391 392/392/392 351/351/351
f 351/351/351 392/392/392 393/393/393 352/352/352
f 352/352/352 393/393/393 394/394/394 353/353/353
f 353/353/353 394/394/394 395/395/395 354/354/354
f 354/354/354 395/395/395 396/396/396 355/355/355
f 355/355/355 396/396/396 397/397/397 356/356/356
f 356/356/356 397/397/397 398/398/398 357/357/357
f 357/357/357 398/398/398 399/399/399 358/358/358
f 358/358/358 399/399/399 400/400/400 359/359/359
f 359/359/359 400/400/400 401/401/401 360/360/360
f 360/360/360 401/401/401 402/402/402 361/361/361
f 361/361/361 402/402/402 403/403/403 362/362/362
f 362/362/362 403/403/403 404/404/404 363/363/363
f 363/363/363 404/404/404 405/405/405 364/364/364
f 364/364/364 405/405/405 406/406/406 365/365/365
f 365/365/365 406/406/406 407/407/407 366/366/366
f 366/366/366 407/407/407 408/408/408 367/367/367
f 367/367/367 408/408/408 409/409/409 368/368/368
f 368/368/368 409/409/409 410/410/410 369/369/369
f 370/370/370 411/411/411 412/412/412 371/371/371
f 371/371/371 412/412/412 413/413/413 372/372/372
f 372/372/372 413/413/413 414/414/414 373/373/373
f 373/373/373 414/414/414 415/415/415 374/374/374
f 374/374/374 415/415/415 416/416/416 375/375/375
f 375/375/375 416/416/416 417/417/417 376/376/376
f 376/376/376 417/417/417 418/418/418 377/377/377
f 377/377/377 418/418/418 419/419/419 378/378/378
f 378/378/378 419/419/419 420/420/420 379/379/379
f 379/379/379 420/420/420 421/421/421 380/380/380
f 380/380/380 421/421/421 422/422/422 381/381/381
f 381/381/381 422/422/422 423/423/423 382/382/382
f 382/382/382 423/423/423 424/424/424 383/383/383
f 383/383/383 424/424/424 425/425/425 384/384/384
f 384/384/384 425/425/425 426/426/426 385/385/385
f 385/385/385 426/426/426 427/427/426 386/386/386
f 386/386/386 427/427/426 428/428/426 387/387/387
f 387/387/387 428/428/426 429/429/426 388/388/388
f 388/388/388 429/429/426 430/430/426 389/389/389
f 389/389/389 430/430/426 431/431/426 390/390/390
f 390/390/390 431/431/426 432/432/426 391/391/391
f 391/391/391 432/432/426 433/433/426 392/392/392
f 392/392/392 433/433/426 434/434/426 393/393/393
f 393/393/393 434/434/426 435/435/426 394/394/394
f 394/394/394 435/435/426 436/436/426 395/395/395
f 395/395/395 436/436/426 437/437/426 396/396/396
f 396/396/396 437/437/426 438/438/427 397/397/397
f 397/397/397 438/438/427 439/439/428 398/398/398
f 398/398/398 439/439/428 440/440/429 399/399/399
f 399/399/399 440/440/429 441/441/430 400/400/400
f 400/400/400 441/441/430 442/442/431 401/401/401
f 401/401/401 442/442/431 443/443/432 402/402/402
f 402/402/402 443/443/432 444/444/433 403/403/403
f 403/403/403 444/444/433 445/445/434 404/404/404
f 404/404/404 445/445/434 446/446/435 405/405/405
f 405/405/405 446/446/435 447/447/436 406/406/406
f 406/406/406 447/447/436 448/448/437 407/407/407
f 407/407/407 448/448/437 449/449/438 408/408/408
f 408/408/408 449/449/438 450/450/439 409/409/409
f 409/409/409 450/450/439 451/451/440 410/410/410
f 411/411/411 452/452/441 453/453/442 412/412/412
f 412/412/412 453/453/442 454/454/443 413/413/413
f 413/413/413 454/454/443 455/455/444 414/414/414
f 414/414/414 455/455/444 456/456/445 415/415/415
f 415/415/415 456/456/445 457/457/446 416/416/416
f 416/416/416 457/457/446 458/458/447 417/417/417
f 417/417/417 458/458/447 459/459/448 418/418/418
f 418/418/418 459/459/448 460/460/449 419/419/419
f 419/419/419 460/460/449 461/461/450 420/420/420
f 420/420/420 461/461/450 462/462/451 421/421/421
f 421/421/421 462/462/451 463/463/452 422/422/422
f 422/422/422 463/463/452 464/464/453 423/423/423
f 423/423/423 464/464/453 465/465/426 424/424/424
f 424/424/424 465/465/426 466/466/426 425/425/425
f 425/425/425 466/466/426 467/467/426 426/426/426
f 426/426/426 467/467/426 468/468/426 427/427/426
f 427/427/426 468/468/426 469/469/426 428/428/426
f 428/428/426 469/469/426 470/470/426 429/429/426
f 429/429/426 470/470/426 471/471/426 430/430/426
f 430/430/426 471/471/426 472/472/426 431/431/426
f 431/431/426 472/472/426 473/473/426 432/432/426
f 432/432/426 473/473/426 474/474/426 433/433/426
f 433/433/426 474/474/426 475/475/426 434/434/426
f 434/434/426 475/475/426 476/476/426 435/435/426
f 435/435/426 476/476/426 477/477/426 436/436/426
f 436/436/426 477/477/426 478/478/426 437/437/426
f 437/437/426 478/478/426 479/479/426 438/438/427
f 438/438/427 479/479/426 480/480/426 439/439/428
f 439/439/428 480/480/426 481/481/454 440/440/429
f 440/440/429 481/481/454 482/482/455 441/441/430
f 441/441/430 482/482/455 483/483/456 442/442/431
f 442/442/431 483/483/456 484/484/457 443/443/432
f 443/443/432 484/484/457 485/485/458 444/444/433
f 444/444/433 485/485/458 486/486/459 445/445/434
f 445/445/434 486/486/459 487/487/460 446/446/435
f 446/446/435 487/487/460 488/488/461 447/447/436
f 447/447/436 488/488/461 489/489/462 448/448/437
f 448/448/437 489/489/462 490/490/463 449/449/438
f 449/449/438 490/490/463 491/491/464 450/450/439
f 450/450/439 491/491/464 492/492/465 451/451/440
f 452/452/441 493/493/466 494/494/467 453/453/442
f 453/453/442 494/494/467 495/495/468 454/454/443
f 454/454/443 495/495/468 496/496/469 455/455/444
f 455/455/444 496/496/469 497/497/470 456/456/445
f 456/456/445 497/497/470 498/498/471 457/457/446
f 457/457/446 498/498/471 499/499/472 458/458/447
f 458/458/447 499/499/472 500/500/473 459/459/448
f 459/459/448 500/500/473 501/501/474 460/460/449
f 460/460/449 501/501/474 502/502/475 461/461/450
f 461/461/450 502/502/475 503/503/476 462/462/451
f 462/462/451 503/503/476 504/504/477 463/463/452
f 463/463/452 504/504/477 505/505/426 464/464/453
f 464/464/453 505/505/426 506/506/426 465/465/426
f 465/465/426 506/506/426 507/507/426 466/466/426
f 466/466/426 507/507/426 508/508/426 467/467/426
f 467/467/426 508/508/426 509/509/426 468/468/426
f 468/468/426 509/509/426 510/510/426 469/469/426
f 469/469/426 510/510/426 511/511/426 470/470/426
f 470/470/426 511/511/426 512/512/426 471/471/426
f 471/471/426 512/512/426 513/513/426 472/472/426
f 472/472/426 513/513/426 514/514/426 473/473/426
f 473/473/426 514/514/426 515/515/426 474/474/426
f 474/474/426 515/515/426 516/516/426 475/475/426
f 475/475/426 516/516/426 517/517/426 476/476/426
f 476/476/426 517/517/426 518/518/426 477/477/426
f 477/477/426 518/518/426 519/519/426 478/478/426
f 478/478/426 519/519/426 520/520/426 479/479/426
f 479/479/426 520/520/426 521/521/426 480/480/426
f 480/480/426 521/521/426 522/522/426 481/481/454
f 481/481/454 522/522/426 523/523/478 482/482/455
f 482/482/455 523/523/478 524/524/479 483/483/456
f 483/483/456 524/524/479 525/525/480 484/484/457
f 484/484/457 525/525/480 526/526/481 485/485/458
f 485/485/458 526/526/481 527/527/482 486/486/459
f 486/486/459 527/527/482 528/528/483 487/487/460
f 487/487/460 528/528/483 529/529/484 488/488/461
f 488/488/461 529/529/484 530/530/485 489/489/462
f 489/489/462 530/530/485 531/531/486 490/490/463
f 490/490/463 531/531/486 532/532/487 491/491/464
f 491/491/464 532/532/487 533/533/488 492/492/465
f 493/493/466 534/534/489 535/535/490 494/494/467
f 494/494/467 535/535/490 536/536/491 495/495/468
f 495/495/468 536/536/491 537/537/492 496/496/469
f 496/496/469 537/537/492 538/538/493 497/497/470
f 497/497/470 538/538/493 539/539/494 498/498/471
f 498/498/471 539/539/494 540/540/495 499/499/472
f 499/499/472 540/540/495 541/541/496 500/500/473
f 500/500/473 541/541/496 542/542/497 501/501/474
f 501/501/474 542/542/497 543/543/498 502/502/475
f 502/502/475 543/543/498 544/544/499 503/503/476
f 503/503/476 544/544/499 545/545/426 504/504/477
f 504/504/477 545/545/426 546/546/426 505/505/426
f 505/505/426 546/546/426 547/547/426 506/506/426
f 506/506/426 547/547/426 548/548/426 507/507/426
f 507/507/426 548/548/426 549/549/426 508/508/426
f 508/508/426 549/549/426 550/550/426 509/509/426
f 509/509/426 550/550/426 551/551/426 510/510/426
f 510/510/426 551/551/426 552/552/426 511/511/426
f 511/511/426 552/552/426 553/553/426 512/512/426
f 512/512/426 553/553/426 554/554/426 513/513/426
f 513/513/426 554/554/426 555/555/426 514/514/426
f 514/514/426 555/555/426 556/556/426 515/515/426
f 515/515/426 556/556/426 557/557/426 516/516/426
f 516/516/426 557/557/426 558/558/426 517/517/426
f 517/517/426 558/558/426 559/559/426 518/518/426
f 518/518/426 559/559/426 560/560/426 519/519/426
f 519/519/426 560/560/426 561/561/426 520/520/426
f 520/520/426 561/561/426 562/562/426 521/521/426
f 521/521/426 562/562/426 563/563/426 522/522/426
f 522/522/426 563/563/426 564/564/500 523/523/478
f 523/523/478 564/564/500 565/565/501 524/524/479
f 524/524/479 565/565/501 566/566/502 525/525/480
f 525/525/480 566/566/502 567/567/503 526/526/481
f 526/526/481 567/567/503 568/568/504 527/527/482
f 527/527/482 568/568/504 569/569/505 528/528/483
f 528/528/483 569/569/505 570/570/506 529/529/484
f 529/529/484 570/570/506 571/571/507 530/530/485
f 530/530/485 571/571/507 572/572/508 531/531/486
f 531/531/486 572/572/508 573/573/509 532/532/487
f 532/532/487 573/573/509 574/574/510 533/533/488
f 534/534/489 575/575/511 576/576/512 535/535/490
f 535/535/490 576/576/512 577/577/513 536/536/491
f 536/536/491 577/577/513 578/578/514 537/537/492
f 537/537/492 578/578/514 579/579/515 538/538/493
f 538/538/493 579/579/515 580/580/516 539/539/494
f 539/539/494 580/580/516 581/581/517 540/540/495
f 540/540/495 581/581/517 582/582/518 541/541/496
f 541/541/496 582/582/518 583/583/519 542/542/497
f 542/542/497 583/583/519 584/584/520 543/543/498
f 543/543/498 584/584/520 585/585/521 544/544/499
f 544/544/499 585/585/521 586/586/426 545/545/426
f 545/545/426 586/586/426 587/587/426 546/546/426
f 546/546/426 587/587/426 588/588/426 547/547/426
f 547/547/426 588/588/426 589/589/426 548/548/426
f 548/548/426 589/589/426 590/590/426 549/549/426
f 549/549/426 590/590/426 591/591/426 550/550/426
f 550/550/426 591/591/426 592/592/426 551/551/426
f 551/551/426 592/592/426 593/593/426 552/552/426
f 552/552/426 593/593/426 594/594/426 553/553/426
f 553/553/426 594/594/426 595/595/426 554/554/426
f 554/554/426 595/595/426 596/596/426 555/555/426
f 555/555/426 596/596/426 597/597/426 556/556/426
f 556/556/426 597/597/426 598/598/426 557/557/426
f 557/557/426 598/598/426 599/599/426 558/558/426
f 558/558/426 599/599/426 600/600/426 559/559/426
f 559/559/426 600/600/426 601/601/426 560/560/426
f 560/560/426 601/601/426 602/602/426 561/561/426
f 561/561/426 602/602/426 603/603/426 562/562/426
f 562/562/426 603/603/426 604/604/426 563/563/426
f 563/563/426 604/604/426 605/605/522 564/564/500
f 564/564/500 605/605/522 606/606/523 565/565/501
f 565/565/501 606/606/523 607/607/524 566/566/502
f 566/566/502 607/607/524 608/608/525 567/567/503
f 567/567/503 608/608/525 609/609/526 568/568/504
f 568/568/504 609/609/526 610/610/527 569/569/505
f 569/569/505 610/610/527 611/611/528 570/570/506
f 570/570/506 611/611/528 612/612/529 571/571/507
f 571/571/507 612/612/529 613/613/530 572/572/508
f 572/572/508 613/613/530 614/614/531 573/573/509
f 573/573/509 614/614/531 615/615/532 574/574/510
f 575/575/511 616/616/533 617/617/534 576/576/512
f 576/576/512 617/617/534 618/618/535 577/577/513
f 577/577/513 618/618/535 619/619/536 578/578/514
f 578/578/514 619/619/536 620/620/537 579/579/515
f 579/579/515 620/620/537 621/621/538 580/580/516
f 580/580/516 621/621/538 622/622/539 581/581/517
f 581/581/517 622/622/539 623/623/540 582/582/518
f 582/582/518 623/623/540 624/624/541 583/583/519
f 583/583/519 624/624/541 625/625/542 584/584/520
f 584/584/520 625/625/542 626/626/543 585/585/521
f 585/585/521 626/626/543 627/627/426 586/586/426
f 586/586/426 627/627/426 628/628/426 587/587/426
f 587/587/426 628/628/426 629/629/426 588/588/426
f 588/588/426 629/629/426 630/630/426 589/589/426
f 589/589/426 630/630/426 631/631/426 590/590/426
f 590/590/426 631/631/426 632/632/426 591/591/426
f 591/591/426 632/632/426 633/633/426 592/592/426
f 592/592/426 633/633/426 634/634/426 593/593/426
f 593/593/426 634/634/426 635/635/426 594/594/426
f 594/594/426 635/635/426 636/636/426 595/595/426
f 595/595/426 636/636/426 637/637/426 596/596/426
f 596/596/426 637/637/426 638/638/426 597/597/426
f 597/597/426 638/638/426 639/639/426 598/598/426
f 598/598/426 639/639/426 640/640/426 599/599/426
f 599/599/426 640/640/426 641/641/426 600/600/426
f 600/600/426 641/641/426 642/642/426 601/601/426
f 601/601/426 642/642/426 643/643/426 602/602/426
f 602/602/426 643/643/426 644/644/426 603/603/426
f 603/603/426 644/644/426 645/645/426 604/604/426
f 604/604/426 645/645/426 646/646/544 605/605/522
f 605/605/522 646/646/544 647/647/545 606/606/523
f 606/606/523 647/647/545 648/648/546 607/607/524
f 607/607/524 648/648/546 649/649/547 608/608/525
f 608/608/525 649/649/547 650/650/548 609/609/526
f 609/609/526 650/650/548 651/651/549 610/610/527
f 610/610/527 651/651/549 652/652/550 611/611/528
f 611/611/528 652/652/550 653/653/551 612/612/529
f 612/612/529 653/653/551 654/654/552 613/613/530
f 613/613/530 654/654/552 655/655/553 614/614/531
f 614/614/531 655/655/553 656/656/554 615/615/532
f 616/616/533 657/657/555 658/658/556 617/617/534
f 617/617/534 658/658/556 659/659/557 618/618/535
f 618/618/535 659/659/557 660/660/558 619/619/536
f 619/619/536 660/660/558 661/661/559 620/620/537
f 620/620/537 661/661/559 662/662/560 621/621/538
f 621/621/538 662/662/560 663/663/561 622/622/539
f 622/622/539 663/663/561 664/664/562 623/623/540
f 623/623/540 664/664/562 665/665/563 624/624/541
f 624/624/541 665/665/563 666/666/564 625/625/542
f 625/625/542 666/666/564 667/667/565 626/626/543
f 626/626/543 667/667/565 668/668/426 627/627/426
f 627/627/426 668/668/426 669/669/426 628/628/426
f 628/628/426 669/669/426 670/670/426 629/629/426
f 629/629/426 670/670/426 671/671/426 630/630/426
f 630/630/426 671/671/426 672/672/426 631/631/426
f 631/631/426 672/672/426 673/673/426 632/632/426
f 632/632/426 673/673/426 674/674/426 633/633/426
f 633/633/426 674/674/426 675/675/426 634/634/426
f 634/634/426 675/675/426 676/676/426 635/635/426
f 635/635/426 676/676/426 677/677/426 636/636/426
f 636/636/426 677/677/426 678/678/426 637/637/426
f 637/637/426 678/678/426 679/679/426 638/638/426
f 638/638/426 679/679/426 680/680/426 639/639/426
f 639/639/426 680/680/426 681/681/426 640/640/426
f 640/640/426 681/681/426 682/682/426 641/641/426
f 641/641/426 682/682/426 683/683/426 642/642/426
f 642/642/426 683/683/426 684/684/426 643/643/426
f 643/643/426 684/684/426 685/685/426 644/644/426
f 644/644/426 685/685/426 686/686/426 645/645/426
f 645/645/426 686/686/426 687/687/566 646/646/544
f 646/646/544 687/687/566 688/688/567 647/647/545
f 647/647/545 688/688/567 689/689/568 648/648/546
f 648/648/546 689/689/568 690/690/569 649/649/547
f 649/649/547 690/690/569 691/691/570 650/650/548
f 650/650/548 691/691/570 692/692/571 651/651/549
f 651/651/549 692/692/571 693/693/572 652/652/550
f 652/652/550 693/693/572 694/694/573 653/653/551
f 653/653/551 694/694/573 695/695/574 654/654/552
f 654/654/552 695/695/574 696/696/575 655/655/553
f 655/655/553 696/696/575 697/697/576 656/656/554
f 657/657/555 698/698/577 699/699/578 658/658/556
f 658/658/556 699/699/578 700/700/579 659/659/557
f 659/659/557 700/700/579 701/701/580 660/660/558
f 660/660/558 701/701/580 702/702/581 661/661/559
f 661/661/559 702/702/581 703/703/582 662/662/560
f 662/662/560 703/703/582 704/704/583 663/663/561
f 663/663/561 704/704/583 705/705/584 664/664/562
f 664/664/562 705/705/584 706/706/585 665/665/563
f 665/665/563 706/706/585 707/707/586 666/666/564
f 666/666/564 707/707/586 708/708/587 667/667/565
f 667/667/565 708/708/587 709/709/426 668/668/426
f 668/668/426 709/709/426 710/710/426 669/669/426
f 669/669/426 710/710/426 711/711/426 670/670/426
f 670/670/426 711/711/426 712/712/426 671/671/426
f 671/671/426 712/712/426 713/713/426 672/672/426
f 672/672/426 713/713/426 714/714/426 673/673/426
f 673/673/426 714/714/426 715/715/426 674/674/426
f 674/674/426 715/715/426 716/716/426 675/675/426
f 675/675/426 716/716/426 717/717/426 676/676/426
f 676/676/426 717/717/426 718/718/426 677/677/426
f 677/677/426 718/718/426 719/719/426 678/678/426
f 678/678/426 719/719/426 720/720/426 679/679/426
f 679/679/426 720/720/426 721/721/426 680/680/426
f 680/680/426 721/721/426 722/722/426 681/681/426
f 681/681/426 722/722/426 723/723/426 682/682/426
f 682/682/426 723/723/426 724/724/426 683/683/426
f 683/683/426 724/724/426 725/725/426 684/684/426
f 684/684/426 725/725/426 726/726/426 685/685/426
f 685/685/426 726/726/426 727/727/588 686/686/426
f 686/686/426 727/727/588 728/728/589 687/687/566
f 687/687/566 728/728/589 729/729/590 688/688/567
f 688/688/567 729/729/590 730/730/591 689/689/568
f 689/689/568 730/730/591 731/731/592 690/690/569
f 690/690/569 731/731/592 732/732/593 691/691/570
f 691/691/570 732/732/593 733/733/594 692/692/571
f 692/692/571 733/733/594 734/734/595 693/693/572
f 693/693/572 734/734/595 735/735/596 694/694/573
f 694/694/573 735/735/596 736/736/597 695/695/574
f 695/695/574 736/736/597 737/737/598 696/696/575
f 696/696/575 737/737/598 738/738/599 697/697/576
f 698/698/577 739/739/600 740/740/601 699/699/578
f 699/699/578 740/740/601 741/741/602 700/700/579
f 700/700/579 741/741/602 742/742/603 701/701/580
f 701/701/580 742/742/603 743/743/604 702/702/581
f 702/702/581 743/743/604 744/744/605 703/703/582
f 703/703/582 744/744/605 745/745/606 704/704/583
f 704/704/583 745/745/606 746/746/607 705/705/584
f 705/705/584 746/746/607 747/747/608 706/706/585
f 706/706/585 747/747/608 748/748/609 707/707/586
f 707/707/586 748/748/609 749/749/610 708/708/587
f 708/708/587 749/749/610 750/750/426 709/709/426
f 709/709/426 750/750/426 751/751/426 710/710/426
f 710/710/426 751/751/426 752/752/426 711/711/426
f 711/711/426 752/752/426 753/753/426 712/712/426
f 712/712/426 753/753/426 754/754/426 713/713/426
f 713/713/426 754/754/426 755/755/426 714/714/426
f 714/714/426 755/755/426 756/756/426 715/715/426
f 715/715/426 756/756/426 757/757/426 716/716/426
f 716/716/426 757/757/426 758/758/426 717/717/426
f 717/717/426 758/758/426 759/759/426 718/718/426
f 718/718/426 759/759/426 760/760/426 719/719/426
f 719/719/426 760/760/426 761/761/426 720/720/426
f 720/720/426 761/761/426 762/762/426 721/721/426
f 721/721/426 762/762/426 763/763/426 722/722/426
f 722/722/426 763/763/426 764/764/426 723/723/426
f 723/723/426 764/764/426 765/765/426 724/724/426
f 724/724/426 765/765/426 766/766/426 725/725/426
f 725/725/426 766/766/426 767/767/426 726/726/426
f 726/726/426 767/767/426 768/768/611 727/727/588
f 727/727/588 768/768/611 769/769/612 728/728/589
f 728/728/589 769/769/612 770/770/613 729/729/590
f 729/729/590 770/770/613 771/771/614 730/730/591
f 730/730/591 771/771/614 772/772/615 731/731/592
f 731/731/592 772/772/615 773/773/616 732/732/593
f 732/732/593 773/773/616 774/774/617 733/733/594
f 733/733/594 774/774/617 775/775/618 734/734/595
f 734/734/595 775/775/618 776/776/619 735/735/596
f 735/735/596 776/776/619 777/777/620 736/736/597
f 736/736/597 777/777/620 778/778/621 737/737/598
f 737/737/598 778/778/621 779/779/622 738/738/599
f 739/739/600 780/780/623 781/781/624 740/740/601
f 740/740/601 781/781/624 782/782/625 741/741/602
f 741/741/602 782/782/625 783/783/626 742/742/603
f 742/742/603 783/783/626 784/784/627 743/743/604
f 743/743/604 784/784/627 785/785/628 744/744/605
f 744/744/605 785/785/628 786/786/629 745/745/606
f 745/745/606 786/786/629 787/787/630 746/746/607
f 746/746/607 787/787/630 788/788/631 747/747/608
f 747/747/608 788/788/631 789/789/632 748/748/609
f 748/748/609 789/789/632 790/790/633 749/749/610
f 749/749/610 790/790/633 791/791/634 750/750/426
f 750/750/426 791/791/634 792/792/426 751/751/426
f 751/751/426 792/792/426 793/793/426 752/752/426
f 752/752/426 793/793/426 794/794/426 753/753/426
f 753/753/426 794/794/426 795/795/426 754/754/426
f 754/754/426 795/795/426 796/796/426 755/755/426
f 755/755/426 796/796/426 797/797/426 756/756/426
f 756/756/426 797/797/426 798/798/426 757/757/426
f 757/757/426 798/798/426 799/799/426 758/758/426
f 758/758/426 799/799/426 800/800/426 759/759/426
f 759/759/426 800/800/426 801/801/426 760/760/426
f 760/760/426 801/801/426 802/802/426 761/761/426
f 761/761/426 802/802/426 803/803/426 762/762/426
f 762/762/426 803/803/426 804/804/426 763/763/426
f 763/763/426 804/804/426 805/805/426 764/764/426
f 764/764/426 805/805/426 806/806/426 765/765/426
f 765/765/426 806/806/426 807/807/635 766/766/426
f 766/766/426 807/807/635 808/808/636 767/767/426
f 767/767/426 808/808/636 809/809/637 768/768/611
f 768/768/611 809/809/637 810/810/638 769/769/612
f 769/769/612 810/810/638 811/811/639 770/770/613
f 770/770/613 811/811/639 812/812/640 771/771/614
f 771/771/614 812/812/640 813/813/641 772/772/615
f 772/772/615 813/813/641 814/814/642 773/773/616
f 773/773/616 814/814/642 815/815/643 774/774/617
f 774/774/617 815/815/643 816/816/644 775/775/618
f 775/775/618 816/816/644 817/817/645 776/776/619
f 776/776/619 817/817/645 818/818/646 777/777/620
f 777/777/620 818/818/646 819/819/647 778/778/621
f 778/778/621 819/819/647 820/820/648 779/779/622
f 780/780/623 821/821/649 822/822/650 781/781/624
f 781/781/624 822/822/650 823/823/651 782/782/625
f 782/782/625 823/823/651 824/824/652 783/783/626
f 783/783/626 824/824/652 825/825/653 784/784/627
f 784/784/627 825/825/653 826/826/654 785/785/628
f 785/785/628 826/826/654 827/827/655 786/786/629
f 786/786/629 827/827/655 828/828/656 787/787/630
f 787/787/630 828/828/656 829/829/657 788/788/631
f 788/788/631 829/829/657 830/830/658 789/789/632
f 789/789/632 830/830/658 831/831/659 790/790/633
f 790/790/633 831/831/659 832/832/660 791/791/634
f 791/791/634 832/832/660 833/833/661 792/792/426
f 792/792/426 833/833/661 834/834/662 793/793/426
f 793/793/426 834/834/662 835/835/663 794/794/426
f 794/794/426 835/835/663 836/836/664 795/795/426
f 795/795/426 836/836/664 837/837/426 796/796/426
f 796/796/426 837/837/426 838/838/426 797/797/426
f 797/797/426 838/838/426 839/839/426 798/798/426
f 798/798/426 839/839/426 840/840/426 799/799/426
f 799/799/426 840/840/426 841/841/426 800/800/426
f 800/800/426 841/841/426 842/842/426 801/801/426
f 801/801/426 842/842/426 843/843/426 802/802/426
f 802/802/426 843/843/426 844/844/426 803/803/426
f 803/803/426 844/844/426 845/845/426 804/804/426
f 804/804/426 845/845/426 846/846/426 805/805/426
f 805/805/426 846/846/426 847/847/665 806/806/426
f 806/806/426 847/847/665 848/848/666 807/807/635
f 807/807/635 848/848/666 849/849/667 808/808/636
f 808/808/636 849/849/667 850/850/668 809/809/637
f 809/809/637 850/850/668 851/851/669 810/810/638
f 810/810/638 851/851/669 852/852/670 811/811/639
f 811/811/639 852/852/670 853/853/671 812/812/640
f 812/812/640 853/853/671 854/854/672 813/813/641
f 813/813/641 854/854/672 855/855/673 814/814/642
f 814/814/642 855/855/673 856/856/674 815/815/643
f 815/815/643 856/856/674 857/857/675 816/816/644
f 816/816/644 857/857/675 858/858/676 817/817/645
f 817/817/645 858/858/676 859/859/677 818/818/646
f 818/818/646 859/859/677 860/860/678 819/819/647
f 819/819/647 860/860/678 861/861/679 820/820/648
f 821/821/649 862/862/680 863/863/681 822/822/650
f 822/822/650 863/863/681 864/864/682 823/823/651
f 823/823/651 864/864/682 865/865/683 824/824/652
f 824/824/652 865/865/683 866/866/684 825/825/653
f 825/825/653 866/866/684 867/867/685 826/826/654
f 826/826/654 867/867/685 868/868/686 827/827/655
f 827/827/655 868/868/686 869/869/687 828/828/656
f 828/828/656 869/869/687 870/870/688 829/829/657
f 829/829/657 870/870/688 871/871/689 830/830/658
f 830/830/658 871/871/689 872/872/690 831/831/659
f 831/831/659 872/872/690 873/873/691 832/832/660
f 832/832/660 873/873/691 874/874/692 833/833/661
f 833/833/661 874/874/692 875/875/693 834/834/662
f 834/834/662 875/875/693 876/876/694 835/835/663
f 835/835/663 876/876/694 877/877/695 836/836/664
f 836/836/664 877/877/695 878/878/696 837/837/426
f 837/837/426 878/878/696 879/879/697 838/838/426
f 838/838/426 879/879/697 880/880/698 839/839/426
f 839/839/426 880/880/698 881/881/699 840/840/426
f 840/840/426 881/881/699 882/882/700 841/841/426
f 841/841/426 882/882/700 883/883/701 842/842/426
f 842/842/426 883/883/701 884/884/702 843/843/426
f 843/843/426 884/884/702 885/885/703 844/844/426
f 844/844/426 885/885/703 886/886/704 845/845/426
f 845/845/426 886/886/704 887/887/705 846/846/426
f 846/846/426 887/887/705 888/888/706 847/847/665
f 847/847/665 888/888/706 889/889/707 848/848/666
f 848/848/666 889/889/707 890/890/708 849/849/667
f 849/849/667 890/890/708 891/891/709 850/850/668
f 850/850/668 891/891/709 892/892/710 851/851/669
f 851/851/669 892/892/710 893/893/711 852/852/670
f 852/852/670 893/893/711 894/894/712 853/853/671
f 853/853/671 894/894/712 895/895/713 854/854/672
f 854/854/672 895/895/713 896/896/714 855/855/673
f 855/855/673 896/896/714 897/897/715 856/856/674
f 856/856/674 897/897/715 898/898/716 857/857/675
f 857/857/675 898/898/716 899/899/717 858/858/676
f 858/858/676 899/899/717 900/900/718 859/859/677
f 859/859/677 900/900/718 901/901/719 860/860/678
f 860/860/678 901/901/719 902/902/720 861/861/679
f 862/862/680 903/903/721 904/904/722 863/863/681
f 863/863/681 904/904/722 905/905/723 864/864/682
f 864/864/682 905/905/723 906/906/724 865/865/683
f 865/865/683 906/906/724 907/907/725 866/866/684
f 866/866/684 907/907/725 908/908/726 867/867/685
f 867/867/685 908/908/726 909/909/727 868/868/686
f 868/868/686 909/909/727 910/910/728 869/869/687
f 869/869/687 910/910/728 911/911/729 870/870/688
f 870/870/688 911/911/729 912/912/730 871/871/689
f 871/871/689 912/912/730 913/913/731 872/872/690
f 872/872/690 913/913/731 914/914/732 873/873/691
f 873/873/691 914/914/732 915/915/733 874/874/692
f 874/874/692 915/915/733 916/916/734 875/875/693
f 875/875/693 916/916/734 917/917/735 876/876/694
f 876/876/694 917/917/735 918/918/736 877/877/695
f 877/877/695 918/918/736 919/919/737 878/878/696
f 878/878/696 919/919/737 920/920/738 879/879/697
f 879/879/697 920/920/738 921/921/739 880/880/698
f 880/880/698 921/921/739 922/922/740 881/881/699
f 881/881/699 922/922/740 923/923/741 882/882/700
f 882/882/700 923/923/741 924/924/742 883/883/701
f 883/883/701 924/924/742 925/925/743 884/884/702
f 884/884/702 925/925/743 926/926/744 885/885/703
f 885/885/703 926/926/744 927/927/745 886/886/704
f 886/886/704 927/927/745 928/928/746 887/887/705
f 887/887/705 928/928/746 929/929/747 888/888/706
f 888/888/706 929/929/747 930/930/748 889/889/707
f 889/889/707 930/930/748 931/931/749 890/890/708
f 890/890/708 931/931/749 932/932/750 891/891/709
f 891/891/709 932/932/750 933/933/751 892/892/710
f 892/892/710 933/933/751 934/934/752 893/893/711
f 893/893/711 934/934/752 935/935/753 894/894/712
f 894/894/712 935/935/753 936/936/754 895/895/713
f 895/895/713 936/936/754 937/937/755 896/896/714
f 896/896/714 937/937/755 938/938/756 897/897/715
f 897/897/715 938/938/756 939/939/757 898/898/716
f 898/898/716 939/939/757 940/940/758 899/899/717
f 899/899/717 940/940/758 941/941/759 900/900/718
f 900/900/718 941/941/759 942/942/760 901/901/719
f 901/901/719 942/942/760 943/943/761 902/902/720
f 903/903/721 944/944/762 945/945/763 904/904/722
f 904/904/722 945/945/763 946/946/764 905/905/723
f 905/905/723 946/946/764 947/947/765 906/906/724
f 906/906/724 947/947/765 948/948/766 907/907/725
f 907/907/725 948/948/766 949/949/767 908/908/726
f 908/908/726 949/949/767 950/950/768 909/909/727
f 909/909/727 950/950/768 951/951/769 910/910/728
f 910/910/728 951/951/769 952/952/770 911/911/729
f 911/911/729 952/952/770 953/953/771 912/912/730
f 912/912/730 953/953/771 954/954/772 913/913/731
f 913/913/731 954/954/772 955/955/773 914/914/732
f 914/914/732 955/955/773 956/956/774 915/915/733
f 915/915/733 956/956/774 957/957/775 916/916/734
f 916/916/734 957/957/775 958/958/776 917/917/735
f 917/917/735 958/958/776 959/959/777 918/918/736
f 918/918/736 959/959/777 960/960/778 919/919/737
f 919/919/737 960/960/778 961/961/779 920/920/738
f 920/920/738 961/961/779 962/962/780 921/921/739
f 921/921/739 962/962/780 963/963/781 922/922/740
f 922/922/740 963/963/781 964/964/782 923/923/741
f 923/923/741 964/964/782 965/965/783 924/924/742
f 924/924/742 965/965/783 966/966/784 925/925/743
f 925/925/743 966/966/784 967/967/785 926/926/744
f 926/926/744 967/967/785 968/968/786 927/927/745
f 927/927/745 968/968/786 969/969/787 928/928/746
f 928/928/746 969/969/787 970/970/788 929/929/747
f 929/929/747 970/970/788 971/971/789 930/930/748
f 930/930/748 971/971/789 972/972/790 931/931/749
f 931/931/749 972/972/790 973/973/791 932/932/750
f 932/932/750 973/973/791 974/974/792 933/933/751
f 933/933/751 974/974/792 975/975/793 934/934/752
f 934/934/752 975/975/793 976/976/794 935/935/753
f 935/935/753 976/976/794 977/977/795 936/936/754
f 936/936/754 977/977/795 978/978/796 937/937/755
f 937/937/755 978/978/796 979/979/797 938/938/756
f 938/938/756 979/979/797 980/980/798 939/939/757
f 939/939/757 980/980/798 981/981/799 940/940/758
f 940/940/758 981/981/799 982/982/800 941/941/759
f 941/941/759 982/982/800 983/983/801 942/942/760
f 942/942/760 983/983/801 984/984/802 943/943/761
f 944/944/762 985/985/803 986/986/804 945/945/763
f 945/945/763 986/986/804 987/987/805 946/946/764
f 946/946/764 987/987/805 988/988/806 947/947/765
f 947/947/765 988/988/806 989/989/807 948/948/766
f 948/948/766 989/989/807 990/990/808 949/949/767
f 949/949/767 990/990/808 991/991/809 950/950/768
f 950/950/768 991/991/809 992/992/810 951/951/769
f 951/951/769 992/992/810 993/993/811 952/952/770
f 952/952/770 993/993/811 994/994/812 953/953/771
f 953/953/771 994/994/812 995/995/813 954/954/772
f 954/954/772 995/995/813 996/996/814 955/955/773
f 955/955/773 996/996/814 997/997/815 956/956/774
f 956/956/774 997/997/815 998/998/816 957/957/775
f 957/957/775 998/998/816 999/999/817 958/958/776
f 958/958/776 999/999/817 1000/1000/818 959/959/777
f 959/959/777 1000/1000/818 1001/1001/819 960/960/778
f 960/960/778 1001/1001/819 1002/1002/820 961/961/779
f 961/961/779 1002/1002/820 1003/1003/821 962/962/780
f 962/962/780 1003/1003/821 1004/1004/822 963/963/781
f 963/963/781 1004/1004/822 1005/1005/823 964/964/782
f 964/964/782 1005/1005/823 1006/1006/824 965/965/783
f 965/965/783 1006/1006/824 1007/1007/825 966/966/784
f 966/966/784 1007/1007/825 1008/1008/826 967/967/785
f 967/967/785 1008/1008/826 1009/1009/827 968/968/786
f 968/968/786 1009/1009/827 1010/1010/828 969/969/787
f 969/969/787 1010/1010/828 1011/1011/829 970/970/788
f 970/970/788 1011/1011/829 1012/1012/830 971/971/789
f 971/971/789 1012/1012/830 1013/1013/831 972/972/790
f 972/972/790 1013/1013/831 1014/1014/832 973/973/791
f 973/973/791 1014/1014/832 1015/1015/833 974/974/792
f 974/974/792 1015/1015/833 1016/1016/834 975/975/793
f 975/975/793 1016/1016/834 1017/1017/835 976/976/794
f 976/976/794 1017/1017/835 1018/1018/836 977/977/795
f 977/977/795 1018/1018/836 1019/1019/837 978/978/796
f 978/978/796 1019/1019/837 1020/1020/838 979/979/797
f 979/979/797 1020/1020/838 1021/1021/839 980/980/798
f 980/980/798 1021/1021/839 1022/1022/840 981/981/799
f 981/981/799 1022/1022/840 1023/1023/841 982/982/800
f 982/982/800 1023/1023/841 1024/1024/842 983/983/801
f 983/983/801 1024/1024/842 1025/1025/843 984/984/802
f 985/985/803 1026/1026/844 1027/1027/845 986/986/804
f 986/986/804 1027/1027/845 1028/1028/846 987/987/805
f 987/987/805 1028/1028/846 1029/1029/847 988/988/806
f 988/988/806 1029/1029/847 1030/1030/848 989/989/807
f 989/989/807 1030/1030/848 1031/1031/849 990/990/808
f 990/990/808 1031/1031/849 1032/1032/850 991/991/809
f 991/991/809 1032/1032/850 1033/1033/851 992/992/810
f 992/992/810 1033/1033/851 1034/1034/852 993/993/811
f 993/993/811 1034/1034/852 1035/1035/853 994/994/812
f 994/994/812 1035/1035/853 1036/1036/854 995/995/813
f 995/995/813 1036/1036/854 1037/1037/855 996/996/814
f 996/996/814 1037/1037/855 1038/1038/856 997/997/815
f 997/997/815 1038/1038/856 1039/1039/857 998/998/816
f 998/998/816 1039/1039/857 1040/1040/858 999/999/817
f 999/999/817 1040/1040/858 1041/1041/859 1000/1000/818
f 1000/1000/818 1041/1041/859 1042/1042/860 1001/1001/819
f 1001/1001/819 1042/1042/860 1043/1043/861 1002/1002/820
f 1002/1002/820 1043/1043/861 1044/1044/862 1003/1003/821
f 1003/1003/821 1044/1044/862 1045/1045/863 1004/1004/822
f 1004/1004/822 1045/1045/863 1046/1046/864 1005/1005/823
f 1005/1005/823 1046/1046/864 1047/1047/865 1006/1006/824
f 1006/1006/824 1047/1047/865 1048/1048/866 1007/1007/825
f 1007/1007/825 1048/1048/866 1049/1049/867 1008/1008/826
f 1008/1008/826 1049/1049/867 1050/1050/868 1009/1009/827
f 1009/1009/827 1050/1050/868 1051/1051/869 1010/1010/828
f 1010/1010/828 1051/1051/869 1052/1052/870 1011/1011/829
f 1011/1011/829 1052/1052/870 1053/1053/871 1012/1012/830
f 1012/1012/830 1053/1053/871 1054/1054/872 1013/1013/831
f 1013/1013/831 1054/1054/872 1055/1055/873 1014/1014/832
f 1014/1014/832 1055/1055/873 1056/1056/874 1015/1015/833
f 1015/1015/833 1056/1056/874 1057/1057/875 1016/1016/834
f 1016/1016/834 1057/1057/875 1058/1058/876 1017/1017/835
f 1017/1017/835 1058/1058/876 1059/1059/877 1018/1018/836
f 1018/1018/836 1059/1059/877 1060/1060/878 1019/1019/837
f 1019/1019/837 1060/1060/878 1061/1061/879 1020/1020/838
f 1020/1020/838 1061/1061/879 1062/1062/880 1021/1021/839
f 1021/1021/839 1062/1062/880 1063/1063/881 1022/1022/840
f 1022/1022/840 1063/1063/881 1064/1064/882 1023/1023/841
f 1023/1023/841 1064/1064/882 1065/1065/883 1024/1024/842
f 1024/1024/842 1065/1065/883 1066/1066/884 1025/1025/843
f 1026/1026/844 1067/1067/885 1068/1068/886 1027/1027/845
f 1027/1027/845 1068/1068/886 1069/1069/887 1028/1028/846
f 1028/1028/846 1069/1069/887 1070/1070/888 1029/1029/847
f 1029/1029/847 1070/1070/888 1071/1071/889 1030/1030/848
f 1030/1030/848 1071/1071/889 1072/1072/890 1031/1031/849
f 1031/1031/849 1072/1072/890 1073/1073/891 1032/1032/850
f 1032/1032/850 1073/1073/891 1074/1074/892 1033/1033/851
f 1033/1033/851 1074/1074/892 1075/1075/893 1034/1034/852
f 1034/1034/852 1075/1075/893 1076/1076/894 1035/1035/853
f 1035/1035/853 1076/1076/894 1077/1077/895 1036/1036/854
f 1036/1036/854 1077/1077/895 1078/1078/896 1037/1037/855
f 1037/1037/855 1078/1078/896 1079/1079/897 1038/1038/856
f 1038/1038/856 1079/1079/897 1080/1080/898 1039/1039/857
f 1039/1039/857 1080/1080/898 1081/1081/899 1040/1040/858
f 1040/1040/858 1081/1081/899 1082/1082/900 1041/1041/859
f 1041/1041/859 1082/1082/900 1083/1083/901 1042/1042/860
f 1042/1042/860 1083/1083/901 1084/1084/902 1043/1043/861
f 1043/1043/861 1084/1084/902 1085/1085/903 1044/1044/862
f 1044/1044/862 1085/1085/903 1086/1086/904 1045/1045/863
f 1045/1045/863 1086/1086/904 1087/1087/905 1046/1046/864
f 1046/1046/864 1087/1087/905 1088/1088/906 1047/1047/865
f 1047/1047/865 1088/1088/906 1089/1089/907 1048/1048/866
f 1048/1048/866 1089/1089/907 1090/1090/908 1049/1049/867
f 1049/1049/867 1090/1090/908 1091/1091/909 1050/1050/868
f 1050/1050/868 1091/1091/909 1092/1092/910 1051/1051/869
f 1051/1051/869 1092/1092/910 1093/1093/911 1052/1052/870
f 1052/1052/870 1093/1093/911 1094/1094/912 1053/1053/871
f 1053/1053/871 1094/1094/912 1095/1095/913 1054/1054/872
f 1054/1054/872 1095/1095/913 1096/1096/914 1055/1055/873
f 1055/1055/873 1096/1096/914 1097/1097/915 1056/1056/874
f 1056/1056/874 1097/1097/915 1098/1098/916 1057/1057/875
f 1057/1057/875 1098/1098/916 1099/1099/917 1058/1058/876
f 1058/1058/876 1099/1099/917 1100/1100/918 1059/1059/877
f 1059/1059/877 1100/1100/918 1101/1101/919 1060/1060/878
f 1060/1060/878 1101/1101/919 1102/1102/920 1061/1061/879
f 1061/1061/879 1102/1102/920 1103/1103/921 1062/1062/880
f 1062/1062/880 1103/1103/921 1104/1104/922 1063/1063/881
f 1063/1063/881 1104/1104/922 1105/1105/923 1064/1064/882
f 1064/1064/882 1105/1105/923 1106/1106/924 1065/1065/883
f 1065/1065/883 1106/1106/924 1107/1107/925 1066/1066/884
f 1067/1067/885 1108/1108/926 1109/1109/927 1068/1068/886
f 1068/1068/886 1109/1109/927 1110/1110/928 1069/1069/887
f 1069/1069/887 1110/1110/928 1111/1111/929 1070/1070/888
f 1070/1070/888 1111/1111/929 1112/1112/930 1071/1071/889
f 1071/1071/889 1112/1112/930 1113/1113/931 1072/1072/890
f 1072/1072/890 1113/1113/931 1114/1114/932 1073/1073/891
f 1073/1073/891 1114/1114/932 1115/1115/933 1074/1074/892
f 1074/1074/892 1115/1115/933 1116/1116/934 1075/1075/893
f 1075/1075/893 1116/1116/934 1117/1117/935 1076/1076/894
f 1076/1076/894 1117/1117/935 1118/1118/936 1077/1077/895
f 1077/1077/895 1118/1118/936 1119/1119/937 1078/1078/896
f 1078/1078/896 1119/1119/937 1120/1120/938 1079/1079/897
f 1079/1079/897 1120/1120/938 1121/1121/939 1080/1080/898
f 1080/1080/898 1121/1121/939 1122/1122/940 1081/1081/899
f 1081/1081/899 1122/1122/940 1123/1123/941 1082/1082/900
f 1082/1082/900 1123/1123/941 1124/1124/942 1083/1083/901
f 1083/1083/901 1124/1124/942 1125/1125/943 1084/1084/902
f 1084/1084/902 1125/1125/943 1126/1126/944 1085/1085/903
f 1085/1085/903 1126/1126/944 1127/1127/945 1086/1086/904
f 1086/1086/904 1127/1127/945 1128/1128/946 1087/1087/905
f 1087/1087/905 1128/1128/946 1129/1129/947 1088/1088/906
f 1088/1088/906 1129/1129/947 1130/1130/948 1089/1089/907
f 1089/1089/907 1130/1130/948 1131/1131/949 1090/1090/908
f 1090/1090/908 1131/1131/949 1132/1132/950 1091/1091/909
f 1091/1091/909 1132/1132/950 1133/1133/951 1092/1092/910
f 1092/1092/910 1133/1133/951 1134/1134/952 1093/1093/911
f 1093/1093/911 1134/1134/952 1135/1135/953 1094/1094/912
f 1094/1094/912 1135/1135/953 1136/1136/954 1095/1095/913
f 1095/1095/913 1136/1136/954 1137/1137/955 1096/1096/914
f 1096/1096/914 1137/1137/955 1138/1138/956 1097/1097/915
f 1097/1097/915 1138/1138/956 1139/1139/957 1098/1098/916
f 1098/1098/916 1139/1139/957 1140/1140/958 1099/1099/917
f 1099/1099/917 1140/1140/958 1141/1141/959 1100/1100/918
f 1100/1100/918 1141/1141/959 1142/1142/960 1101/1101/919
f 1101/1101/919 1142/1142/960 1143/1143/961 1102/1102/920
f 1102/1102/920 1143/1143/961 1144/1144/962 1103/1103/921
f 1103/1103/921 1144/1144/962 1145/1145/963 1104/1104/922
f 1104/1104/922 1145/1145/963 1146/1146/964 1105/1105/923
f 1105/1105/923 1146/1146/964 1147/1147/965 1106/1106/924
f 1106/1106/924 1147/1147/965 1148/1148/966 1107/1107/925
f 1108/1108/926 1149/1149/967 1150/1150/968 1109/1109/927
f 1109/1109/927 1150/1150/968 1151/1151/969 1110/1110/928
f 1110/1110/928 1151/1151/969 1152/1152/970 1111/1111/929
f 1111/1111/929 1152/1152/970 1153/1153/971 1112/1112/930
f 1112/1112/930 1153/1153/971 1154/1154/972 1113/1113/931
f 1113/1113/931 1154/1154/972 1155/1155/973 1114/1114/932
f 1114/1114/932 1155/1155/973 1156/1156/974 1115/1115/933
f 1115/1115/933 1156/1156/974 1157/1157/975 1116/1116/934
f 1116/1116/934 1157/1157/975 1158/1158/976 1117/1117/935
f 1117/1117/935 1158/1158/976 1159/1159/977 1118/1118/936
f 1118/1118/936 1159/1159/977 1160/1160/978 1119/1119/937
f 1119/1119/937 1160/1160/978 1161/1161/979 1120/1120/938
f 1120/1120/938 1161/1161/979 1162/1162/980 1121/1121/939
f 1121/1121/939 1162/1162/980 1163/1163/981 1122/1122/940
f 1122/1122/940 1163/1163/981 1164/1164/982 1123/1123/941
f 1123/1123/941 1164/1164/982 1165/1165/983 1124/1124/942
f 1124/1124/942 1165/1165/983 1166/1166/984 1125/1125/943
f 1125/1125/943 1166/1166/984 1167/1167/985 1126/1126/944
f 1126/1126/944 1167/1167/985 1168/1168/986 1127/1127/945
f 1127/1127/945 1168/1168/986 1169/1169/987 1128/1128/946
f 1128/1128/946 1169/1169/987 1170/1170/988 1129/1129/947
f 1129/1129/947 1170/1170/988 1171/1171/989 1130/1130/948
f 1130/1130/948 1171/1171/989 1172/1172/990 1131/1131/949
f 1131/1131/949 1172/1172/990 1173/1173/991 1132/1132/950
f 1132/1132/950 1173/1173/991 1174/1174/992 1133/1133/951
f 1133/1133/951 1174/1174/992 1175/1175/993 1134/1134/952
f 1134/1134/952 1175/1175/993 1176/1176/994 1135/1135/953
f 1135/1135/953 1176/1176/994 1177/1177/995 1136/1136/954
f 1136/1136/954 1177/1177/995 1178/1178/996 1137/1137/955
f 1137/1137/955 1178/1178/996 1179/1179/997 1138/1138/956
f 1138/1138/956 1179/1179/997 1180/1180/998 1139/1139/957
f 1139/1139/957 1180/1180/998 1181/1181/999 1140/1140/958
f 1140/1140/958 1181/1181/999 1182/1182/1000 1141/1141/959
f 1141/1141/959 1182/1182/1000 1183/1183/1001 1142/1142/960
f 1142/1142/960 1183/1183/1001 1184/1184/1002 1143/1143/961
f 1143/1143/961 1184/1184/1002 1185/1185/1003 1144/1144/962
f 1144/1144/962 1185/1185/1003 1186/1186/1004 1145/1145/963
f 1145/1145/963 1186/1186/1004 1187/1187/1005 1146/1146/964
f 1146/1146/964 1187/1187/1005 1188/1188/1006 1147/1147/965
f 1147/1147/965 1188/1188/1006 1189/1189/1007 1148/1148/966
f 1149/1149/967 1190/1190/1008 1191/1191/1009 1150/1150/968
f 1150/1150/968 1191/1191/1009 1192/1192/1010 1151/1151/969
f 1151/1151/969 1192/1192/1010 1193/1193/1011 1152/1152/970
f 1152/1152/970 1193/1193/1011 1194/1194/1012 1153/1153/971
f 1153/1153/971 1194/1194/1012 1195/1195/1013 1154/1154/972
f 1154/1154/972 1195/1195/1013 1196/1196/1014 1155/1155/973
f 1155/1155/973 1196/1196/1014 1197/1197/1015 1156/1156/974
f 1156/1156/974 1197/1197/1015 1198/1198/1016 1157/1157/975
f 1157/1157/975 1198/1198/1016 1199/1199/1017 1158/1158/976
f 1158/1158/976 1199/1199/1017 1200/1200/1018 1159/1159/977
f 1159/1159/977 1200/1200/1018 1201/1201/1019 1160/1160/978
f 1160/1160/978 1201/1201/1019 1202/1202/1020 1161/1161/979
f 1161/1161/979 1202/1202/1020 1203/1203/1021 1162/1162/980
f 1162/1162/980 1203/1203/1021 1204/1204/1022 1163/1163/981
f 1163/1163/981 1204/1204/1022 1205/1205/1023 1164/1164/982
f 1164/1164/982 1205/1205/1023 1206/1206/1024 1165/1165/983
f 1165/1165/983 1206/1206/1024 1207/1207/1025 1166/1166/984
f 1166/1166/984 1207/1207/1025 1208/1208/1026 1167/1167/985
f 1167/1167/985 1208/1208/1026 1209/1209/1027 1168/1168/986
f 1168/1168/986 1209/1209/1027 1210/1210/1028 1169/1169/987
f 1169/1169/987 1210/1210/1028 1211/1211/1029 1170/1170/988
f 1170/1170/988 1211/1211/1029 1212/1212/1030 1171/1171/989
f 1171/1171/989 1212/1212/1030 1213/1213/1031 1172/1172/990
f 1172/1172/990 1213/1213/1031 1214/1214/1032 1173/1173/991
f 1173/1173/991 1214/1214/1032 1215/1215/1033 1174/1174/992
f 1174/1174/992 1215/1215/1033 1216/1216/1034 1175/1175/993
f 1175/1175/993 1216/1216/1034 1217/1217/1035 1176/1176/994
f 1176/1176/994 1217/1217/1035 1218/1218/1036 1177/1177/995
f 1177/1177/995 1218/1218/1036 1219/1219/1037 1178/1178/996
f 1178/1178/996 1219/1219/1037 1220/1220/1038 1179/1179/997
f 1179/1179/997 1220/1220/1038 1221/1221/1039 1180/1180/998
f 1180/1180/998 1221/1221/1039 1222/1222/1040 1181/1181/999
f 1181/1181/999 1222/1222/1040 1223/1223/1041 1182/1182/1000
f 1182/1182/1000 1223/1223/1041 1224/1224/1042 1183/1183/1001
f 1183/1183/1001 1224/1224/1042 1225/1225/1043 1184/1184/1002
f 1184/1184/1002 1225/1225/1043 1226/1226/1044 1185/1185/1003
f 1185/1185/1003 1226/1226/1044 1227/1227/1045 1186/1186/1004
f 1186/1186/1004 1227/1227/1045 1228/1228/1046 1187/1187/1005
f 1187/1187/1005 1228/1228/1046 1229/1229/1047 1188/1188/1006
f 1188/1188/1006 1229/1229/1047 1230/1230/1048 1189/1189/1007
f 1190/1190/1008 1231/1231/1049 1232/1232/1050 1191/1191/1009
f 1191/1191/1009 1232/1232/1050 1233/1233/1051 1192/1192/1010
f 1192/1192/1010 1233/1233/1051 1234/1234/1052 1193/1193/1011
f 1193/1193/1011 1234/1234/1052 1235/1235/1053 1194/1194/1012
f 1194/1194/1012 1235/1235/1053 1236/1236/1054 1195/1195/1013
f 1195/1195/1013 1236/1236/1054 1237/1237/1055 1196/1196/1014
f 1196/1196/1014 1237/1237/1055 1238/1238/1056 1197/1197/1015
f 1197/1197/1015 1238/1238/1056 1239/1239/1057 1198/1198/1016
f 1198/1198/1016 1239/1239/1057 1240/1240/1058 1199/1199/1017
f 1199/1199/1017 1240/1240/1058 1241/1241/1059 1200/1200/1018
f 1200/1200/1018 1241/1241/1059 1242/1242/1060 1201/1201/1019
f 1201/1201/1019 1242/1242/1060 1243/1243/1061 1202/1202/1020
f 1202/1202/1020 1243/1243/1061 1244/1244/1062 1203/1203/1021
f 1203/1203/1021 1244/1244/1062 1245/1245/1063 1204/1204/1022
f 1204/1204/1022 1245/1245/1063 1246/1246/1064 1205/1205/1023
f 1205/1205/1023 1246/1246/1064 1247/1247/1065 1206/1206/1024
f 1206/1206/1024 1247/1247/1065 1248/1248/1066 1207/1207/1025
f 1207/1207/1025 1248/1248/1066 1249/1249/1067 1208/1208/1026
f 1208/1208/1026 1249/1249/1067 1250/1250/1068 1209/1209/1027
f 1209/1209/1027 1250/1250/1068 1251/1251/1069 1210/1210/1028
f 1210/1210/1028 1251/1251/1069 1252/1252/1070 1211/1211/1029
f 1211/1211/1029 1252/1252/1070 1253/1253/1071 1212/1212/1030
f 1212/1212/1030 1253/1253/1071 1254/1254/1072 1213/1213/1031
f 1213/1213/1031 1254/1254/1072 1255/1255/1073 1214/1214/1032
f 1214/1214/1032 1255/1255/1073 1256/1256/1074 1215/1215/1033
f 1215/1215/1033 1256/1256/1074 1257/1257/1075 1216/1216/1034
f 1216/1216/1034 1257/1257/1075 1258/1258/1076 1217/1217/1035
f 1217/1217/1035 1258/1258/1076 1259/1259/1077 1218/1218/1036
f 1218/1218/1036 1259/1259/1077 1260/1260/1078 1219/1219/1037
f 1219/1219/1037 1260/1260/1078 1261/1261/1079 1220/1220/1038
f 1220/1220/1038 1261/1261/1079 1262/1262/1080 1221/1221/1039
f 1221/1221/1039 1262/1262/1080 1263/1263/1081 1222/1222/1040
f 1222/1222/1040 1263/1263/1081 1264/1264/1082 1223/1223/1041
f 1223/1223/1041 1264/1264/1082 1265/1265/1083 1224/1224/1042
f 1224/1224/1042 1265/1265/1083 1266/1266/1084 1225/1225/1043
f 1225/1225/1043 1266/1266/1084 1267/1267/1085 1226/1226/1044
f 1226/1226/1044 1267/1267/1085 1268/1268/1086 1227/1227/1045
f 1227/1227/1045 1268/1268/1086 1269/1269/1087 1228/1228/1046
f 1228/1228/1046 1269/1269/1087 1270/1270/1088 1229/1229/1047
f 1229/1229/1047 1270/1270/1088 1271/1271/1089 1230/1230/1048
f 1272/82/1090 1273/80/1091 1274/79/1092 1275/81/1093
f 1273/80/1091 1276/78/1094 1277/77/1095 1274/79/1092
f 1276/78/1094 1278/76/1096 1279/75/1097 1277/77/1095
f 1278/76/1096 1280/74/1098 1281/73/1099 1279/75/1097
f 1280/74/1098 1282/72/1100 1283/71/1101 1281/73/1099
f 1282/72/1100 1284/70/1102 1285/69/1103 1283/71/1101
f 1284/70/1102 1286/68/1104 1287/67/1105 1285/69/1103
f 1286/68/1104 1288/66/1106 1289/65/1107 1287/67/1105
f 1288/66/1106 1290/64/1108 1291/63/1109 1289/65/1107
f 1290/64/1108 1292/62/1110 1293/61/1111 1291/63/1109
f 1292/62/1110 1294/60/1112 1295/59/1113 1293/61/1111
f 1294/60/1112 1296/58/1114 1297/57/1115 1295/59/1113
f 1296/58/1114 1298/56/1116 1299/55/1117 1297/57/1115
f 1298/56/1116 1300/54/1118 1301/53/1119 1299/55/1117
f 1300/54/1118 1302/52/1120 1303/51/1121 1301/53/1119
f 1302/52/1120 1304/50/1122 1305/49/1123 1303/51/1121
f 1304/50/1122 1306/48/1124 1307/47/1125 1305/49/1123
f 1306/48/1124 1308/46/1126 1309/45/1127 1307/47/1125
f 1308/46/1126 1310/44/1128 1311/43/1129 1309/45/1127
f 1310/44/1128 1312/42/1130 1313/41/1131 1311/43/1129
f 1312/42/1130 1314/40/1132 1315/39/1133 1313/41/1131
f 1314/40/1132 1316/38/1134 1317/37/1135 1315/39/1133
f 1316/38/1134 1318/36/1136 1319/35/1137 1317/37/1135
f 1318/36/1136 1320/34/1138 1321/33/1139 1319/35/1137
f 1320/34/1138 1322/32/1140 1323/31/1141 1321/33/1139
f 1322/32/1140 1324/30/1142 1325/29/1143 1323/31/1141
f 1324/30/1142 1326/28/1144 1327/27/1145 1325/29/1143
f 1326/28/1144 1328/26/1146 1329/25/1147 1327/27/1145
f 1328/26/1146 1330/24/1148 1331/23/1149 1329/25/1147
f 1330/24/1148 1332/22/1150 1333/21/1151 1331/23/1149
f 1332/22/1150 1334/20/1152 1335/19/1153 1333/21/1151
f 1334/20/1152 1336/18/1154 1337/17/1155 1335/19/1153
f 1336/18/1154 1338/16/1156 1339/15/1157 1337/17/1155
f 1338/16/1156 1340/14/1158 1341/13/1159 1339/15/1157
f 1340/14/1158 1342/12/1160 1343/11/1161 1341/13/1159
f 1342/12/1160 1344/10/1162 1345/9/1163 1343/11/1161
f 1344/10/1162 1346/8/1164 1347/7/1165 1345/9/1163
f 1346/8/1164 1348/6/1166 1349/5/1167 1347/7/1165
f 1348/6/1166 1350/4/1168 1351/3/1169 1349/5/1167
f 1350/4/1168 1352/1/1170 1353/2/1171 1351/3/1169
f 1275/81/1093 1274/79/1092 1354/122/1172 1355/123/1173
f 1274/79/1092 1277/77/1095 1356/121/1174 1354/122/1172
f 1277/77/1095 1279/75/1097 1357/120/1175 1356/121/1174
f 1279/75/1097 1281/73/1099 1358/119/1176 1357/120/1175
f 1281/73/1099 1283/71/1101 1359/118/1177 1358/119/1176
f 1283/71/1101 1285/69/1103 1360/117/1178 1359/118/1177
f 1285/69/1103 1287/67/1105 1361/116/1179 1360/117/1178
f 1287/67/1105 1289/65/1107 1362/115/1180 1361/116/1179
f 1289/65/1107 1291/63/1109 1363/114/1181 1362/115/1180
f 1291/63/1109 1293/61/1111 1364/113/1182 1363/114/1181
f 1293/61/1111 1295/59/1113 1365/112/1183 1364/113/1182
f 1295/59/1113 1297/57/1115 1366/111/1184 1365/112/1183
f 1297/57/1115 1299/55/1117 1367/110/1185 1366/111/1184
f 1299/55/1117 1301/53/1119 1368/109/1186 1367/110/1185
f 1301/53/1119 1303/51/1121 1369/108/1187 1368/109/1186
f 1303/51/1121 1305/49/1123 1370/107/1188 1369/108/1187
f 1305/49/1123 1307/47/1125 1371/106/1189 1370/107/1188
f 1307/47/1125 1309/45/1127 1372/105/1190 1371/106/1189
f 1309/45/1127 1311/43/1129 1373/104/1191 1372/105/1190
f 1311/43/1129 1313/41/1131 1374/103/1192 1373/104/1191
f 1313/41/1131 1315/39/1133 1375/102/1193 1374/103/1192
f 1315/39/1133 1317/37/1135 1376/101/1194 1375/102/1193
f 1317/37/1135 1319/35/1137 1377/100/1195 1376/101/1194
f 1319/35/1137 1321/33/1139 1378/99/1196 1377/100/1195
f 1321/33/1139 1323/31/1141 1379/98/1197 1378/99/1196
f 1323/31/1141 1325/29/1143 1380/97/1198 1379/98/1197
f 1325/29/1143 1327/27/1145 1381/96/1199 1380/97/1198
f 1327/27/1145 1329/25/1147 1382/95/1200 1381/96/1199
f 1329/25/1147 1331/23/1149 1383/94/1201 1382/95/1200
f 1331/23/1149 1333/21/1151 1384/93/1202 1383/94/1201
f 1333/21/1151 1335/19/1153 1385/92/1203 1384/93/1202
f 1335/19/1153 1337/17/1155 1386/91/1204 1385/92/1203
f 1337/17/1155 1339/15/1157 1387/90/1205 1386/91/1204
f 1339/15/1157 1341/13/1159 1388/89/1206 1387/90/1205
f 1341/13/1159 1343/11/1161 1389/88/1207 1388/89/1206
f 1343/11/1161 1345/9/1163 1390/87/1208 1389/88/1207
f 1345/9/1163 1347/7/1165 1391/86/1209 1390/87/1208
f 1347/7/1165 1349/5/1167 1392/85/1210 1391/86/1209
f 1349/5/1167 1351/3/1169 1393/84/1211 1392/85/1210
f 1351/3/1169 1353/2/1171 1394/83/1212 1393/84/1211
f 1355/123/1173 1354/122/1172 1395/163/1213 1396/164/1214
f 1354/122/1172 1356/121/1174 1397/162/1215 1395/163/1213
f 1356/121/1174 1357/120/1175 1398/161/1216 1397/162/1215
f 1357/120/1175 1358/119/1176 1399/160/1217 1398/161/1216
f 1358/119/1176 1359/118/1177 1400/159/1218 1399/160/1217
f 1359/118/1177 1360/117/1178 1401/158/1219 1400/159/1218
f 1360/117/1178 1361/116/1179 1402/157/1220 1401/158/1219
f 1361/116/1179 1362/115/1180 1403/156/1221 1402/157/1220
f 1362/115/1180 1363/114/1181 1404/155/1222 1403/156/1221
f 1363/114/1181 1364/113/1182 1405/154/1223 1404/155/1222
f 1364/113/1182 1365/112/1183 1406/153/1224 1405/154/1223
f 1365/112/1183 1366/111/1184 1407/152/1225 1406/153/1224
f 1366/111/1184 1367/110/1185 1408/151/1226 1407/152/1225
f 1367/110/1185 1368/109/1186 1409/150/1227 1408/151/1226
f 1368/109/1186 1369/108/1187 1410/149/1228 1409/150/1227
f 1369/108/1187 1370/107/1188 1411/148/1229 1410/149/1228
f 1370/107/1188 1371/106/1189 1412/147/1230 1411/148/1229
f 1371/106/1189 1372/105/1190 1413/146/1231 1412/147/1230
f 1372/105/1190 1373/104/1191 1414/145/1232 1413/146/1231
f 1373/104/1191 1374/103/1192 1415/144/1233 1414/145/1232
f 1374/103/1192 1375/102/1193 1416/143/1234 1415/144/1233
f 1375/102/1193 1376/101/1194 1417/142/1235 1416/143/1234
f 1376/101/1194 1377/100/1195 1418/141/1236 1417/142/1235
f 1377/100/1195 1378/99/1196 1419/140/1237 1418/141/1236
f 1378/99/1196 1379/98/1197 1420/139/1238 1419/140/1237
f 1379/98/1197 1380/97/1198 1421/138/1239 1420/139/1238
f 1380/97/1198 1381/96/1199 1422/137/1240 1421/138/1239
f 1381/96/1199 1382/95/1200 1423/136/1241 1422/137/1240
f 1382/95/1200 1383/94/1201 1424/135/1242 1423/136/1241
f 1383/94/1201 1384/93/1202 1425/134/1243 1424/135/1242
f 1384/93/1202 1385/92/1203 1426/133/1244 1425/134/1243
f 1385/92/1203 1386/91/1204 1427/132/1245 1426/133/1244
f 1386/91/1204 1387/90/1205 1428/131/1246 1427/132/1245
f 1387/90/1205 1388/89/1206 1429/130/1247 1428/131/1246
f 1388/89/1206 1389/88/1207 1430/129/1248 1429/130/1247
f 1389/88/1207 1390/87/1208 1431/128/1249 1430/129/1248
f 1390/87/1208 1391/86/1209 1432/127/1250 1431/128/1249
f 1391/86/1209 1392/85/1210 1433/126/1251 1432/127/1250
f 1392/85/1210 1393/84/1211 1434/125/1252 1433/126/1251
f 1393/84/1211 1394/83/1212 1435/124/1253 1434/125/1252
f 1396/164/1214 1395/163/1213 1436/204/1254 1437/205/1255
f 1395/163/1213 1397/162/1215 1438/203/1256 1436/204/1254
f 1397/162/1215 1398/161/1216 1439/202/1257 1438/203/1256
f 1398/161/1216 1399/160/1217 1440/201/1258 1439/202/1257
f 1399/160/1217 1400/159/1218 1441/200/1259 1440/201/1258
f 1400/159/1218 1401/158/1219 1442/199/1260 1441/200/1259
f 1401/158/1219 1402/157/1220 1443/198/1261 1442/199/1260
f 1402/157/1220 1403/156/1221 1444/197/1262 1443/198/1261
f 1403/156/1221 1404/155/1222 1445/196/1263 1444/197/1262
f 1404/155/1222 1405/154/1223 1446/195/1264 1445/196/1263
f 1405/154/1223 1406/153/1224 1447/194/1265 1446/195/1264
f 1406/153/1224 1407/152/1225 1448/193/1266 1447/194/1265
f 1407/152/1225 1408/151/1226 1449/192/1267 1448/193/1266
f 1408/151/1226 1409/150/1227 1450/191/1268 1449/192/1267
f 1409/150/1227 1410/149/1228 1451/190/1269 1450/191/1268
f 1410/149/1228 1411/148/1229 1452/189/1270 1451/190/1269
f 1411/148/1229 1412/147/1230 1453/188/1271 1452/189/1270
f 1412/147/1230 1413/146/1231 1454/187/1272 1453/188/1271
f 1413/146/1231 1414/145/1232 1455/186/1273 1454/187/1272
f 1414/145/1232 1415/144/1233 1456/185/1274 1455/186/1273
f 1415/144/1233 1416/143/1234 1457/184/1275 1456/185/1274
f 1416/143/1234 1417/142/1235 1458/183/1276 1457/184/1275
f 1417/142/1235 1418/141/1236 1459/182/1277 1458/183/1276
f 1418/141/1236 1419/140/1237 1460/181/1278 1459/182/1277
f 1419/140/1237 1420/139/1238 1461/180/1279 1460/181/1278
f 1420/139/1238 1421/138/1239 1462/179/1280 1461/180/1279
f 1421/138/1239 1422/137/1240 1463/178/1281 1462/179/1280
f 1422/137/1240 1423/136/1241 1464/177/1282 1463/178/1281
f 1423/136/1241 1424/135/1242 1465/176/1283 1464/177/1282
f 1424/135/1242 1425/134/1243 1466/175/1284 1465/176/1283
f 1425/134/1243 1426/133/1244 1467/174/1285 1466/175/1284
f 1426/133/1244 1427/132/1245 1468/173/1286 1467/174/1285
f 1427/132/1245 1428/131/1246 1469/172/1287 1468/173/1286
f 1428/131/1246 1429/130/1247 1470/171/1288 1469/172/1287
f 1429/130/1247 1430/129/1248 1471/170/1289 1470/171/1288
f 1430/129/1248 1431/128/1249 1472/169/1290 1471/170/1289
f 1431/128/1249 1432/127/1250 1473/168/1291 1472/169/1290
f 1432/127/1250 1433/126/1251 1474/167/1292 1473/168/1291
f 1433/126/1251 1434/125/1252 1475/166/1293 1474/167/1292
f 1434/125/1252 1435/124/1253 1476/165/1294 1475/166/1293
f 1437/205/1255 1436/204/1254 1477/245/1295 1478/246/1296
f 1436/204/1254 1438/203/1256 1479/244/1297 1477/245/1295
f 1438/203/1256 1439/202/1257 1480/243/1298 1479/244/1297
f 1439/202/1257 1440/201/1258 1481/242/1299 1480/243/1298
f 1440/201/1258 1441/200/1259 1482/241/1300 1481/242/1299
f 1441/200/1259 1442/199/1260 1483/240/1301 1482/241/1300
f 1442/199/1260 1443/198/1261 1484/239/1302 1483/240/1301
f 1443/198/1261 1444/197/1262 1485/238/1303 1484/239/1302
f 1444/197/1262 1445/196/1263 1486/237/1304 1485/238/1303
f 1445/196/1263 1446/195/1264 1487/236/1305 1486/237/1304
f 1446/195/1264 1447/194/1265 1488/235/1306 1487/236/1305
f 1447/194/1265 1448/193/1266 1489/234/1307 1488/235/1306
f 1448/193/1266 1449/192/1267 1490/233/1308 1489/234/1307
f 1449/192/1267 1450/191/1268 1491/232/1309 1490/233/1308
f 1450/191/1268 1451/190/1269 1492/231/1310 1491/232/1309
f 1451/190/1269 1452/189/1270 1493/230/1311 1492/231/1310
f 1452/189/1270 1453/188/1271 1494/229/1312 1493/230/1311
f 1453/188/1271 1454/187/1272 1495/228/1313 1494/229/1312
f 1454/187/1272 1455/186/1273 1496/227/1314 1495/228/1313
f 1455/186/1273 1456/185/1274 1497/226/1315 1496/227/1314
f 1456/185/1274 1457/184/1275 1498/225/1316 1497/226/1315
f 1457/184/1275 1458/183/1276 1499/224/1317 1498/225/1316
f 1458/183/1276 1459/182/1277 1500/223/1318 1499/224/1317
f 1459/182/1277 1460/181/1278 1501/222/1319 1500/223/1318
f 1460/181/1278 1461/180/1279 1502/221/1320 1501/222/1319
f 1461/180/1279 1462/179/1280 1503/220/1321 1502/221/1320
f 1462/179/1280 1463/178/1281 1504/219/1322 1503/220/1321
f 1463/178/1281 1464/177/1282 1505/218/1323 1504/219/1322
f 1464/177/1282 1465/176/1283 1506/217/1324 1505/218/1323
f 1465/176/1283 1466/175/1284 1507/216/1325 1506/217/1324
f 1466/175/1284 1467/174/1285 1508/215/1326 1507/216/1325
f 1467/174/1285 1468/173/1286 1509/214/1327 1508/215/1326
f 1468/173/1286 1469/172/1287 1510/213/1328 1509/214/1327
f 1469/172/1287 1470/171/1288 1511/212/1329 1510/213/1328
f 1470/171/1288 1471/170/1289 1512/211/1330 1511/212/1329
f 1471/170/1289 1472/169/1290 1513/210/1331 1512/211/1330
f 1472/169/1290 1473/168/1291 1514/209/1332 1513/210/1331
f 1473/168/1291 1474/167/1292 1515/208/1333 1514/209/1332
f 1474/167/1292 1475/166/1293 1516/207/1334 1515/208/1333
f 1475/166/1293 1476/165/1294 1517/206/1335 1516/207/1334
f 1478/246/1296 1477/245/1295 1518/286/1336 1519/287/1337
f 1477/245/1295 1479/244/1297 1520/285/1338 1518/286/1336
f 1479/244/1297 1480/243/1298 1521/284/1339 1520/285/1338
f 1480/243/1298 1481/242/1299 1522/283/1340 1521/284/1339
f 1481/242/1299 1482/241/1300 1523/282/1341 1522/283/1340
f 1482/241/1300 1483/240/1301 1524/281/1342 1523/282/1341
f 1483/240/1301 1484/239/1302 1525/280/1343 1524/281/1342
f 1484/239/1302 1485/238/1303 1526/279/1344 1525/280/1343
f 1485/238/1303 1486/237/1304 1527/278/1345 1526/279/1344
f 1486/237/1304 1487/236/1305 1528/277/1346 1527/278/1345
f 1487/236/1305 1488/235/1306 1529/276/1347 1528/277/1346
f 1488/235/1306 1489/234/1307 1530/275/1348 1529/276/1347
f 1489/234/1307 1490/233/1308 1531/274/1349 1530/275/1348
f 1490/233/1308 1491/232/1309 1532/273/1350 1531/274/1349
f 1491/232/1309 1492/231/1310 1533/272/1351 1532/273/1350
f 1492/231/1310 1493/230/1311 1534/271/1352 1533/272/1351
f 1493/230/1311 1494/229/1312 1535/270/1353 1534/271/1352
f 1494/229/1312 1495/228/1313 1536/269/1354 1535/270/1353
f 1495/228/1313 1496/227/1314 1537/268/1355 1536/269/1354
f 1496/227/1314 1497/226/1315 1538/267/1356 1537/268/1355
f 1497/226/1315 1498/225/1316 1539/266/1357 1538/267/1356
f 1498/225/1316 1499/224/1317 1540/265/1358 1539/266/1357
f 1499/224/1317 1500/223/1318 1541/264/1359 1540/265/1358
f 1500/223/1318 1501/222/1319 1542/263/1360 1541/264/1359
f 1501/222/1319 1502/221/1320 1543/262/1361 1542/263/1360
f 1502/221/1320 1503/220/1321 1544/261/1362 1543/262/1361
f 1503/220/1321 1504/219/1322 1545/260/1363 1544/261/1362
f 1504/219/1322 1505/218/1323 1546/259/1364 1545/260/1363
f 1505/218/1323 1506/217/1324 1547/258/1365 1546/259/1364
f 1506/217/1324 1507/216/1325 1548/257/1366 1547/258/1365
f 1507/216/1325 1508/215/1326 1549/256/1367 1548/257/1366
f 1508/215/1326 1509/214/1327 1550/255/1368 1549/256/1367
f 1509/214/1327 1510/213/1328 1551/254/1369 1550/255/1368
f 1510/213/1328 1511/212/1329 1552/253/1370 1551/254/1369
f 1511/212/1329 1512/211/1330 1553/252/1371 1552/253/1370
f 1512/211/1330 1513/210/1331 1554/251/1372 1553/252/1371
f 1513/210/1331 1514/209/1332 1555/250/1373 1554/251/1372
f 1514/209/1332 1515/208/1333 1556/249/1374 1555/250/1373
f 1515/208/1333 1516/207/1334 1557/248/1375 1556/249/1374
f 1516/207/1334 1517/206/1335 1558/247/1376 1557/248/1375
f 1519/287/1337 1518/286/1336 1559/327/1377 1560/328/1378
f 1518/286/1336 1520/285/1338 1561/326/1379 1559/327/1377
f 1520/285/1338 1521/284/1339 1562/325/1380 1561/326/1379
f 1521/284/1339 1522/283/1340 1563/324/1381 1562/325/1380
f 1522/283/1340 1523/282/1341 1564/323/1382 1563/324/1381
f 1523/282/1341 1524/281/1342 1565/322/1383 1564/323/1382
f 1524/281/1342 1525/280/1343 1566/321/1384 1565/322/1383
f 1525/280/1343 1526/279/1344 1567/320/1385 1566/321/1384
f 1526/279/1344 1527/278/1345 1568/319/1386 1567/320/1385
f 1527/278/1345 1528/277/1346 1569/318/1387 1568/319/1386
f 1528/277/1346 1529/276/1347 1570/317/1388 1569/318/1387
f 1529/276/1347 1530/275/1348 1571/316/1389 1570/317/1388
f 1530/275/1348 1531/274/1349 1572/315/1390 1571/316/1389
f 1531/274/1349 1532/273/1350 1573/314/1391 1572/315/1390
f 1532/273/1350 1533/272/1351 1574/313/1392 1573/314/1391
f 1533/272/1351 1534/271/1352 1575/312/1393 1574/313/1392
f 1534/271/1352 1535/270/1353 1576/311/1394 1575/312/1393
f 1535/270/1353 1536/269/1354 1577/310/1395 1576/311/1394
f 1536/269/1354 1537/268/1355 1578/309/1396 1577/310/1395
f 1537/268/1355 1538/267/1356 1579/308/1397 1578/309/1396
f 1538/267/1356 1539/266/1357 1580/307/1398 1579/308/1397
f 1539/266/1357 1540/265/1358 1581/306/1399 1580/307/1398
f 1540/265/1358 1541/264/1359 1582/305/1400 1581/306/1399
f 1541/264/1359 1542/263/1360 1583/304/1401 1582/305/1400
f 1542/263/1360 1543/262/1361 1584/303/1402 1583/304/1401
f 1543/262/1361 1544/261/1362 1585/302/1403 1584/303/1402
f 1544/261/1362 1545/260/1363 1586/301/1404 1585/302/1403
f 1545/260/1363 1546/259/1364 1587/300/1405 1586/301/1404
f 1546/259/1364 1547/258/1365 1588/299/1406 1587/300/1405
f 1547/258/1365 1548/257/1366 1589/298/1407 1588/299/1406
f 1548/257/1366 1549/256/1367 1590/297/1408 1589/298/1407
f 1549/256/1367 1550/255/1368 1591/296/1409 1590/297/1408
f 1550/255/1368 1551/254/1369 1592/295/1410 1591/296/1409
f 1551/254/1369 1552/253/1370 1593/294/1411 1592/295/1410
f 1552/253/1370 1553/252/1371 1594/293/1412 1593/294/1411
f 1553/252/1371 1554/251/1372 1595/292/1413 1594/293/1412
f 1554/251/1372 1555/250/1373 1596/291/1414 1595/292/1413
f 1555/250/1373 1556/249/1374 1597/290/1415 1596/291/1414
f 1556/249/1374 1557/248/1375 1598/289/1416 1597/290/1415
f 1557/248/1375 1558/247/1376 1599/288/1417 1598/289/1416
f 1560/328/1378 1559/327/1377 1600/368/1418 1601/369/1419
f 1559/327/1377 1561/326/1379 1602/367/1420 1600/368/1418
f 1561/326/1379 1562/325/1380 1603/366/1421 1602/367/1420
f 1562/325/1380 1563/324/1381 1604/365/1422 1603/366/1421
f 1563/324/1381 1564/323/1382 1605/364/1423 1604/365/1422
f 1564/323/1382 1565/322/1383 1606/363/1424 1605/364/1423
f 1565/322/1383 1566/321/1384 1607/362/1425 1606/363/1424
f 1566/321/1384 1567/320/1385 1608/361/1426 1607/362/1425
f 1567/320/1385 1568/319/1386 1609/360/1427 1608/361/1426
f 1568/319/1386 1569/318/1387 1610/359/1428 1609/360/1427
f 1569/318/1387 1570/317/1388 1611/358/1429 1610/359/1428
f 1570/317/1388 1571/316/1389 1612/357/1430 1611/358/1429
f 1571/316/1389 1572/315/1390 1613/356/1431 1612/357/1430
f 1572/315/1390 1573/314/1391 1614/355/1432 1613/356/1431
f 1573/314/1391 1574/313/1392 1615/354/1433 1614/355/1432
f 1574/313/1392 1575/312/1393 1616/353/1434 1615/354/1433
f 1575/312/1393 1576/311/1394 1617/352/1435 1616/353/1434
f 1576/311/1394 1577/310/1395 1618/351/1436 1617/352/1435
f 1577/310/1395 1578/309/1396 1619/350/1437 1618/351/1436
f 1578/309/1396 1579/308/1397 1620/349/1438 1619/350/1437
f 1579/308/1397 1580/307/1398 1621/348/1439 1620/349/1438
f 1580/307/1398 1581/306/1399 1622/347/1440 1621/348/1439
f 1581/306/1399 1582/305/1400 1623/346/1441 1622/347/1440
f 1582/305/1400 1583/304/1401 1624/345/1442 1623/346/1441
f 1583/304/1401 1584/303/1402 1625/344/1443 1624/345/1442
f 1584/303/1402 1585/302/1403 1626/343/1444 1625/344/1443
f 1585/302/1403 1586/301/1404 1627/342/1445 1626/343/1444
f 1586/301/1404 1587/300/1405 1628/341/1446 1627/342/1445
f 1587/300/1405 1588/299/1406 1629/340/1447 1628/341/1446
f 1588/299/1406 1589/298/1407 1630/339/1448 1629/340/1447
f 1589/298/1407 1590/297/1408 1631/338/1449 1630/339/1448
f 1590/297/1408 1591/296/1409 1632/337/1450 1631/338/1449
f 1591/296/1409 1592/295/1410 1633/336/1451 1632/337/1450
f 1592/295/1410 1593/294/1411 1634/335/1452 1633/336/1451
f 1593/294/1411 1594/293/1412 1635/334/1453 1634/335/1452
f 1594/293/1412 1595/292/1413 1636/333/1454 1635/334/1453
f 1595/292/1413 1596/291/1414 1637/332/1455 1636/333/1454
f 1596/291/1414 1597/290/1415 1638/331/1456 1637/332/1455
f 1597/290/1415 1598/289/1416 1639/330/1457 1638/331/1456
f 1598/289/1416 1599/288/1417 1640/329/1458 1639/330/1457
f 1601/369/1419 1600/368/1418 1641/409/1459 1642/410/1460
f 1600/368/1418 1602/367/1420 1643/408/1461 1641/409/1459
f 1602/367/1420 1603/366/1421 1644/407/1462 1643/408/1461
f 1603/366/1421 1604/365/1422 1645/406/1463 1644/407/1462
f 1604/365/1422 1605/364/1423 1646/405/1464 1645/406/1463
f 1605/364/1423 1606/363/1424 1647/404/1465 1646/405/1464
f 1606/363/1424 1607/362/1425 1648/403/1466 1647/404/1465
f 1607/362/1425 1608/361/1426 1649/402/1467 1648/403/1466
f 1608/361/1426 1609/360/1427 1650/401/1468 1649/402/1467
f 1609/360/1427 1610/359/1428 1651/400/1469 1650/401/1468
f 1610/359/1428 1611/358/1429 1652/399/1470 1651/400/1469
f 1611/358/1429 1612/357/1430 1653/398/1471 1652/399/1470
f 1612/357/1430 1613/356/1431 1654/397/1472 1653/398/1471
f 1613/356/1431 1614/355/1432 1655/396/1473 1654/397/1472
f 1614/355/1432 1615/354/1433 1656/395/1474 1655/396/1473
f 1615/354/1433 1616/353/1434 1657/394/1475 1656/395/1474
f 1616/353/1434 1617/352/1435 1658/393/1476 1657/394/1475
f 1617/352/1435 1618/351/1436 1659/392/1477 1658/393/1476
f 1618/351/1436 1619/350/1437 1660/391/1478 1659/392/1477
f 1619/350/1437 1620/349/1438 1661/390/1479 1660/391/1478
f 1620/349/1438 1621/348/1439 1662/389/1480 1661/390/1479
f 1621/348/1439 1622/347/1440 1663/388/1481 1662/389/1480
f 1622/347/1440 1623/346/1441 1664/387/1482 1663/388/1481
f 1623/346/1441 1624/345/1442 1665/386/1483 1664/387/1482
f 1624/345/1442 1625/344/1443 1666/385/1484 1665/386/1483
f 1625/344/1443 1626/343/1444 1667/384/1485 1666/385/1484
f 1626/343/1444 1627/342/1445 1668/383/1486 1667/384/1485
f 1627/342/1445 1628/341/1446 1669/382/1487 1668/383/1486
f 1628/341/1446 1629/340/1447 1670/381/1488 1669/382/1487
f 1629/340/1447 1630/339/1448 1671/380/1489 1670/381/1488
f 1630/339/1448 1631/338/1449 1672/379/1490 1671/380/1489
f 1631/338/1449 1632/337/1450 1673/378/1491 1672/379/1490
f 1632/337/1450 1633/336/1451 1674/377/1492 1673/378/1491
f 1633/336/1451 1634/335/1452 1675/376/1493 1674/377/1492
f 1634/335/1452 1635/334/1453 1676/375/1494 1675/376/1493
f 1635/334/1453 1636/333/1454 1677/374/1495 1676/375/1494
f 1636/333/1454 1637/332/1455 1678/373/1496 1677/374/1495
f 1637/332/1455 1638/331/1456 1679/372/1497 1678/373/1496
f 1638/331/1456 1639/330/1457 1680/371/1498 1679/372/1497
f 1639/330/1457 1640/329/1458 1681/370/1499 1680/371/1498
f 1642/410/1460 1641/409/1459 1682/450/1500 1683/451/1501
f 1641/409/1459 1643/408/1461 1684/449/1502 1682/450/1500
f 1643/408/1461 1644/407/1462 1685/448/1503 1684/449/1502
f 1644/407/1462 1645/406/1463 1686/447/1504 1685/448/1503
f 1645/406/1463 1646/405/1464 1687/446/1505 1686/447/1504
f 1646/405/1464 1647/404/1465 1688/445/1506 1687/446/1505
f 1647/404/1465 1648/403/1466 1689/444/1507 1688/445/1506
f 1648/403/1466 1649/402/1467 1690/443/1508 1689/444/1507
f 1649/402/1467 1650/401/1468 1691/442/1509 1690/443/1508
f 1650/401/1468 1651/400/1469 1692/441/1510 1691/442/1509
f 1651/400/1469 1652/399/1470 1693/440/1511 1692/441/1510
f 1652/399/1470 1653/398/1471 1694/439/1512 1693/440/1511
f 1653/398/1471 1654/397/1472 1695/438/1513 1694/439/1512
f 1654/397/1472 1655/396/1473 1696/437/1514 1695/438/1513
f 1655/396/1473 1656/395/1474 1697/436/1515 1696/437/1514
f 1656/395/1474 1657/394/1475 1698/435/1516 1697/436/1515
f 1657/394/1475 1658/393/1476 1699/434/1517 1698/435/1516
f 1658/393/1476 1659/392/1477 1700/433/1518 1699/434/1517
f 1659/392/1477 1660/391/1478 1701/432/1519 1700/433/1518
f 1660/391/1478 1661/390/1479 1702/431/1520 1701/432/1519
f 1661/390/1479 1662/389/1480 1703/430/1521 1702/431/1520
f 1662/389/1480 1663/388/1481 1704/429/1522 1703/430/1521
f 1663/388/1481 1664/387/1482 1705/428/1523 1704/429/1522
f 1664/387/1482 1665/386/1483 1706/427/1524 1705/428/1523
f 1665/386/1483 1666/385/1484 1707/426/1525 1706/427/1524
f 1666/385/1484 1667/384/1485 1708/425/1526 1707/426/1525
f 1667/384/1485 1668/383/1486 1709/424/1527 1708/425/1526
f 1668/383/1486 1669/382/1487 1710/423/1528 1709/424/1527
f 1669/382/1487 1670/381/1488 1711/422/1529 1710/423/1528
f 1670/381/1488 1671/380/1489 1712/421/1530 1711/422/1529
f 1671/380/1489 1672/379/1490 1713/420/1531 1712/421/1530
f 1672/379/1490 1673/378/1491 1714/419/1532 1713/420/1531
f 1673/378/1491 1674/377/1492 1715/418/1533 1714/419/1532
f 1674/377/1492 1675/376/1493 1716/417/1534 1715/418/1533
f 1675/376/1493 1676/375/1494 1717/416/1535 1716/417/1534
f 1676/375/1494 1677/374/1495 1718/415/1536 1717/416/1535
f 1677/374/1495 1678/373/1496 1719/414/1537 1718/415/1536
f 1678/373/1496 1679/372/1497 1720/413/1538 1719/414/1537
f 1679/372/1497 1680/371/1498 1721/412/1539 1720/413/1538
f 1680/371/1498 1681/370/1499 1722/411/1540 1721/412/1539
f 1683/451/1501 1682/450/1500 1723/491/1541 1724/492/1542
f 1682/450/1500 1684/449/1502 1725/490/1543 1723/491/1541
f 1684/449/1502 1685/448/1503 1726/489/1544 1725/490/1543
f 1685/448/1503 1686/447/1504 1727/488/1545 1726/489/1544
f 1686/447/1504 1687/446/1505 1728/487/1546 1727/488/1545
f 1687/446/1505 1688/445/1506 1729/486/1547 1728/487/1546
f 1688/445/1506 1689/444/1507 1730/485/1548 1729/486/1547
f 1689/444/1507 1690/443/1508 1731/484/1549 1730/485/1548
f 1690/443/1508 1691/442/1509 1732/483/1550 1731/484/1549
f 1691/442/1509 1692/441/1510 1733/482/1551 1732/483/1550
f 1692/441/1510 1693/440/1511 1734/481/1552 1733/482/1551
f 1693/440/1511 1694/439/1512 1735/480/1553 1734/481/1552
f 1694/439/1512 1695/438/1513 1736/479/1554 1735/480/1553
f 1695/438/1513 1696/437/1514 1737/478/1555 1736/479/1554
f 1696/437/1514 1697/436/1515 1738/477/1556 1737/478/1555
f 1697/436/1515 1698/435/1516 1739/476/1557 1738/477/1556
f 1698/435/1516 1699/434/1517 1740/475/1558 1739/476/1557
f 1699/434/1517 1700/433/1518 1741/474/1559 1740/475/1558
f 1700/433/1518 1701/432/1519 1742/473/1560 1741/474/1559
f 1701/432/1519 1702/431/1520 1743/472/1561 1742/473/1560
f 1702/431/1520 1703/430/1521 1744/471/1562 1743/472/1561
f 1703/430/1521 1704/429/1522 1745/470/1563 1744/471/1562
f 1704/429/1522 1705/428/1523 1746/469/1564 1745/470/1563
f 1705/428/1523 1706/427/1524 1747/468/1565 1746/469/1564
f 1706/427/1524 1707/426/1525 1748/467/1566 1747/468/1565
f 1707/426/1525 1708/425/1526 1749/466/1567 1748/467/1566
f 1708/425/1526 1709/424/1527 1750/465/1568 1749/466/1567
f 1709/424/1527 1710/423/1528 1751/464/1569 1750/465/1568
f 1710/423/1528 1711/422/1529 1752/463/1570 1751/464/1569
f 1711/422/1529 1712/421/1530 1753/462/1571 1752/463/1570
f 1712/421/1530 1713/420/1531 1754/461/1572 1753/462/1571
f 1713/420/1531 1714/419/1532 1755/460/1573 1754/461/1572
f 1714/419/1532 1715/418/1533 1756/459/1574 1755/460/1573
f 1715/418/1533 1716/417/1534 1757/458/1575 1756/459/1574
f 1716/417/1534 1717/416/1535 1758/457/1576 1757/458/1575
f 1717/416/1535 1718/415/1536 1759/456/1577 1758/457/1576
f 1718/415/1536 1719/414/1537 1760/455/1578 1759/456/1577
f 1719/414/1537 1720/413/1538 1761/454/1579 1760/455/1578
f 1720/413/1538 1721/412/1539 1762/453/1580 1761/454/1579
f 1721/412/1539 1722/411/1540 1763/452/1581 1762/453/1580
f 1724/492/1542 1723/491/1541 1764/532/1582 1765/533/1583
f 1723/491/1541 1725/490/1543 1766/531/1584 1764/532/1582
f 1725/490/1543 1726/489/1544 1767/530/1585 1766/531/1584
f 1726/489/1544 1727/488/1545 1768/529/1586 1767/530/1585
f 1727/488/1545 1728/487/1546 1769/528/1587 1768/529/1586
f 1728/487/1546 1729/486/1547 1770/527/1588 1769/528/1587
f 1729/486/1547 1730/485/1548 1771/526/1589 1770/527/1588
f 1730/485/1548 1731/484/1549 1772/525/1590 1771/526/1589
f 1731/484/1549 1732/483/1550 1773/524/1591 1772/525/1590
f 1732/483/1550 1733/482/1551 1774/523/1592 1773/524/1591
f 1733/482/1551 1734/481/1552 1775/522/1593 1774/523/1592
f 1734/481/1552 1735/480/1553 1776/521/1594 1775/522/1593
f 1735/480/1553 1736/479/1554 1777/520/1595 1776/521/1594
f 1736/479/1554 1737/478/1555 1778/519/1596 1777/520/1595
f 1737/478/1555 1738/477/1556 1779/518/1597 1778/519/1596
f 1738/477/1556 1739/476/1557 1780/517/1598 1779/518/1597
f 1739/476/1557 1740/475/1558 1781/516/1599 1780/517/1598
f 1740/475/1558 1741/474/1559 1782/515/1600 1781/516/1599
f 1741/474/1559 1742/473/1560 1783/514/1601 1782/515/1600
f 1742/473/1560 1743/472/1561 1784/513/1602 1783/514/1601
f 1743/472/1561 1744/471/1562 1785/512/1603 1784/513/1602
f 1744/471/1562 1745/470/1563 1786/511/1604 1785/512/1603
f 1745/470/1563 1746/469/1564 1787/510/1605 1786/511/1604
f 1746/469/1564 1747/468/1565 1788/509/1606 1787/510/1605
f 1747/468/1565 1748/467/1566 1789/508/1607 1788/509/1606
f 1748/467/1566 1749/466/1567 1790/507/1608 1789/508/1607
f 1749/466/1567 1750/465/1568 1791/506/1609 1790/507/1608
f 1750/465/1568 1751/464/1569 1792/505/1610 1791/506/1609
f 1751/464/1569 1752/463/1570 1793/504/1611 1792/505/1610
f 1752/463/1570 1753/462/1571 1794/503/1612 1793/504/1611
f 1753/462/1571 1754/461/1572 1795/502/1613 1794/503/1612
f 1754/461/1572 1755/460/1573 1796/501/1614 1795/502/1613
f 1755/460/1573 1756/459/1574 1797/500/1615 1796/501/1614
f 1756/459/1574 1757/458/1575 1798/499/1616 1797/500/1615
f 1757/458/1575 1758/457/1576 1799/498/1617 1798/499/1616
f 1758/457/1576 1759/456/1577 1800/497/1618 1799/498/1617
f 1759/456/1577 1760/455/1578 1801/496/1619 1800/497/1618
f 1760/455/1578 1761/454/1579 1802/495/1620 1801/496/1619
f 1761/454/1579 1762/453/1580 1803/494/1621 1802/495/1620
f 1762/453/1580 1763/452/1581 1804/493/1622 1803/494/1621
f 1765/533/1583 1764/532/1582 1805/573/1623 1806/574/1624
f 1764/532/1582 1766/531/1584 1807/572/1625 1805/573/1623
f 1766/531/1584 1767/530/1585 1808/571/1626 1807/572/1625
f 1767/530/1585 1768/529/1586 1809/570/1627 1808/571/1626
f 1768/529/1586 1769/528/1587 1810/569/1628 1809/570/1627
f 1769/528/1587 1770/527/1588 1811/568/1629 1810/569/1628
f 1770/527/1588 1771/526/1589 1812/567/1630 1811/568/1629
f 1771/526/1589 1772/525/1590 1813/566/1631 1812/567/1630
f 1772/525/1590 1773/524/1591 1814/565/1632 1813/566/1631
f 1773/524/1591 1774/523/1592 1815/564/1633 1814/565/1632
f 1774/523/1592 1775/522/1593 1816/563/1634 1815/564/1633
f 1775/522/1593 1776/521/1594 1817/562/1635 1816/563/1634
f 1776/521/1594 1777/520/1595 1818/561/1636 1817/562/1635
f 1777/520/1595 1778/519/1596 1819/560/1637 1818/561/1636
f 1778/519/1596 1779/518/1597 1820/559/1638 1819/560/1637
f 1779/518/1597 1780/517/1598 1821/558/1639 1820/559/1638
f 1780/517/1598 1781/516/1599 1822/557/1640 1821/558/1639
f 1781/516/1599 1782/515/1600 1823/556/1641 1822/557/1640
f 1782/515/1600 1783/514/1601 1824/555/1642 1823/556/1641
f 1783/514/1601 1784/513/1602 1825/554/1643 1824/555/1642
f 1784/513/1602 1785/512/1603 1826/553/1644 1825/554/1643
f 1785/512/1603 1786/511/1604 1827/552/1645 1826/553/1644
f 1786/511/1604 1787/510/1605 1828/551/1646 1827/552/1645
f 1787/510/1605 1788/509/1606 1829/550/1647 1828/551/1646
f 1788/509/1606 1789/508/1607 1830/549/1648 1829/550/1647
f 1789/508/1607 1790/507/1608 1831/548/1649 1830/549/1648
f 1790/507/1608 1791/506/1609 1832/547/1650 1831/548/1649
f 1791/506/1609 1792/505/1610 1833/546/1651 1832/547/1650
f 1792/505/1610 1793/504/1611 1834/545/1652 1833/546/1651
f 1793/504/1611 1794/503/1612 1835/544/1653 1834/545/1652
f 1794/503/1612 1795/502/1613 1836/543/1654 1835/544/1653
f 1795/502/1613 1796/501/1614 1837/542/1655 1836/543/1654
f 1796/501/1614 1797/500/1615 1838/541/1656 1837/542/1655
f 1797/500/1615 1798/499/1616 1839/540/1657 1838/541/1656
f 1798/499/1616 1799/498/1617 1840/539/1658 1839/540/1657
f 1799/498/1617 1800/497/1618 1841/538/1659 1840/539/1658
f 1800/497/1618 1801/496/1619 1842/537/1660 1841/538/1659
f 1801/496/1619 1802/495/1620 1843/536/1661 1842/537/1660
f 1802/495/1620 1803/494/1621 1844/535/1662 1843/536/1661
f 1803/494/1621 1804/493/1622 1845/534/1663 1844/535/1662
f 1806/574/1624 1805/573/1623 1846/614/1664 1847/615/1665
f 1805/573/1623 1807/572/1625 1848/613/1666 1846/614/1664
f 1807/572/1625 1808/571/1626 1849/612/1667 1848/613/1666
f 1808/571/1626 1809/570/1627 1850/611/1668 1849/612/1667
f 1809/570/1627 1810/569/1628 1851/610/1669 1850/611/1668
f 1810/569/1628 1811/568/1629 1852/609/1670 1851/610/1669
f 1811/568/1629 1812/567/1630 1853/608/1671 1852/609/1670
f 1812/567/1630 1813/566/1631 1854/607/1672 1853/608/1671
f 1813/566/1631 1814/565/1632 1855/606/1673 1854/607/1672
f 1814/565/1632 1815/564/1633 1856/605/1674 1855/606/1673
f 1815/564/1633 1816/563/1634 1857/604/1675 1856/605/1674
f 1816/563/1634 1817/562/1635 1858/603/1676 1857/604/1675
f 1817/562/1635 1818/561/1636 1859/602/1677 1858/603/1676
f 1818/561/1636 1819/560/1637 1860/601/1678 1859/602/1677
f 1819/560/1637 1820/559/1638 1861/600/1679 1860/601/1678
f 1820/559/1638 1821/558/1639 1862/599/1680 1861/600/1679
f 1821/558/1639 1822/557/1640 1863/598/1681 1862/599/1680
f 1822/557/1640 1823/556/1641 1864/597/1682 1863/598/1681
f 1823/556/1641 1824/555/1642 1865/596/1683 1864/597/1682
f 1824/555/1642 1825/554/1643 1866/595/1684 1865/596/1683
f 1825/554/1643 1826/553/1644 1867/594/1685 1866/595/1684
f 1826/553/1644 1827/552/1645 1868/593/1686 1867/594/1685
f 1827/552/1645 1828/551/1646 1869/592/1687 1868/593/1686
f 1828/551/1646 1829/550/1647 1870/591/1688 1869/592/1687
f 1829/550/1647 1830/549/1648 1871/590/1689 1870/591/1688
f 1830/549/1648 1831/548/1649 1872/589/1690 1871/590/1689
f 1831/548/1649 1832/547/1650 1873/588/1691 1872/589/1690
f 1832/547/1650 1833/546/1651 1874/587/1692 1873/588/1691
f 1833/546/1651 1834/545/1652 1875/586/1693 1874/587/1692
f 1834/545/1652 1835/544/1653 1876/585/1694 1875/586/1693
f 1835/544/1653 1836/543/1654 1877/584/1695 1876/585/1694
f 1836/543/1654 1837/542/1655 1878/583/1696 1877/584/1695
f 1837/542/1655 1838/541/1656 1879/582/1697 1878/583/1696
f 1838/541/1656 1839/540/1657 1880/581/1698 1879/582/1697
f 1839/540/1657 1840/539/1658 1881/580/1699 1880/581/1698
f 1840/539/1658 1841/538/1659 1882/579/1700 1881/580/1699
f 1841/538/1659 1842/537/1660 1883/578/1701 1882/579/1700
f 1842/537/1660 1843/536/1661 1884/577/1702 1883/578/1701
f 1843/536/1661 1844/535/1662 1885/576/1703 1884/577/1702
f 1844/535/1662 1845/534/1663 1886/575/1704 1885/576/1703
f 1847/615/1665 1846/614/1664 1887/655/1705 1888/656/1706
f 1846/614/1664 1848/613/1666 1889/654/1707 1887/655/1705
f 1848/613/1666 1849/612/1667 1890/653/1708 1889/654/1707
f 1849/612/1667 1850/611/1668 1891/652/1709 1890/653/1708
f 1850/611/1668 1851/610/1669 1892/651/1710 1891/652/1709
f 1851/610/1669 1852/609/1670 1893/650/1711 1892/651/1710
f 1852/609/1670 1853/608/1671 1894/649/1712 1893/650/1711
f 1853/608/1671 1854/607/1672 1895/648/1713 1894/649/1712
f 1854/607/1672 1855/606/1673 1896/647/1714 1895/648/1713
f 1855/606/1673 1856/605/1674 1897/646/1715 1896/647/1714
f 1856/605/1674 1857/604/1675 1898/645/1716 1897/646/1715
f 1857/604/1675 1858/603/1676 1899/644/1717 1898/645/1716
f 1858/603/1676 1859/602/1677 1900/643/1718 1899/644/1717
f 1859/602/1677 1860/601/1678 1901/642/1719 1900/643/1718
f 1860/601/1678 1861/600/1679 1902/641/1720 1901/642/1719
f 1861/600/1679 1862/599/1680 1903/640/1721 1902/641/1720
f 1862/599/1680 1863/598/1681 1904/639/1722 1903/640/1721
f 1863/598/1681 1864/597/1682 1905/638/1723 1904/639/1722
f 1864/597/1682 1865/596/1683 1906/637/1724 1905/638/1723
f 1865/596/1683 1866/595/1684 1907/636/1725 1906/637/1724
f 1866/595/1684 1867/594/1685 1908/635/1726 1907/636/1725
f 1867/594/1685 1868/593/1686 1909/634/1727 1908/635/1726
f 1868/593/1686 1869/592/1687 1910/633/1728 1909/634/1727
f 1869/592/1687 1870/591/1688 1911/632/1729 1910/633/1728
f 1870/591/1688 1871/590/1689 1912/631/1730 1911/632/1729
f 1871/590/1689 1872/589/1690 1913/630/1731 1912/631/1730
f 1872/589/1690 1873/588/1691 1914/629/1732 1913/630/1731
f 1873/588/1691 1874/587/1692 1915/628/1733 1914/629/1732
f 1874/587/1692 1875/586/1693 1916/627/1734 1915/628/1733
f 1875/586/1693 1876/585/1694 1917/626/1735 1916/627/1734
f 1876/585/1694 1877/584/1695 1918/625/1736 1917/626/1735
f 1877/584/1695 1878/583/1696 1919/624/1737 1918/625/1736
f 1878/583/1696 1879/582/1697 1920/623/1738 1919/624/1737
f 1879/582/1697 1880/581/1698 1921/622/1739 1920/623/1738
f 1880/581/1698 1881/580/1699 1922/621/1740 1921/622/1739
f 1881/580/1699 1882/579/1700 1923/620/1741 1922/621/1740
f 1882/579/1700 1883/578/1701 1924/619/1742 1923/620/1741
f 1883/578/1701 1884/577/1702 1925/618/1743 1924/619/1742
f 1884/577/1702 1885/576/1703 1926/617/1744 1925/618/1743
f 1885/576/1703 1886/575/1704 1927/616/1745 1926/617/1744
f 1888/656/1706 1887/655/1705 1928/696/1746 1929/697/1747
f 1887/655/1705 1889/654/1707 1930/695/1748 1928/696/1746
f 1889/654/1707 1890/653/1708 1931/694/1749 1930/695/1748
f 1890/653/1708 1891/652/1709 1932/693/1750 1931/694/1749
f 1891/652/1709 1892/651/1710 1933/692/1751 1932/693/1750
f 1892/651/1710 1893/650/1711 1934/691/1752 1933/692/1751
f 1893/650/1711 1894/649/1712 1935/690/1753 1934/691/1752
f 1894/649/1712 1895/648/1713 1936/689/1754 1935/690/1753
f 1895/648/1713 1896/647/1714 1937/688/1755 1936/689/1754
f 1896/647/1714 1897/646/1715 1938/687/1756 1937/688/1755
f 1897/646/1715 1898/645/1716 1939/686/1757 1938/687/1756
f 1898/645/1716 1899/644/1717 1940/685/1758 1939/686/1757
f 1899/644/1717 1900/643/1718 1941/684/1759 1940/685/1758
f 1900/643/1718 1901/642/1719 1942/683/1760 1941/684/1759
f 1901/642/1719 1902/641/1720 1943/682/1761 1942/683/1760
f 1902/641/1720 1903/640/1721 1944/681/1762 1943/682/1761
f 1903/640/1721 1904/639/1722 1945/680/1763 1944/681/1762
f 1904/639/1722 1905/638/1723 1946/679/1764 1945/680/1763
f 1905/638/1723 1906/637/1724 1947/678/1765 1946/679/1764
f 1906/637/1724 1907/636/1725 1948/677/1766 1947/678/1765
f 1907/636/1725 1908/635/1726 1949/676/1767 1948/677/1766
f 1908/635/1726 1909/634/1727 1950/675/1768 1949/676/1767
f 1909/634/1727 1910/633/1728 1951/674/1769 1950/675/1768
f 1910/633/1728 1911/632/1729 1952/673/1770 1951/674/1769
f 1911/632/1729 1912/631/1730 1953/672/1771 1952/673/1770
f 1912/631/1730 1913/630/1731 1954/671/1772 1953/672/1771
f 1913/630/1731 1914/629/1732 1955/670/1773 1954/671/1772
f 1914/629/1732 1915/628/1733 1956/669/1774 1955/670/1773
f 1915/628/1733 1916/627/1734 1957/668/1775 1956/669/1774
f 1916/627/1734 1917/626/1735 1958/667/1776 1957/668/1775
f 1917/626/1735 1918/625/1736 1959/666/1777 1958/667/1776
f 1918/625/1736 1919/624/1737 1960/665/1778 1959/666/1777
f 1919/624/1737 1920/623/1738 1961/664/1779 1960/665/1778
f 1920/623/1738 1921/622/1739 1962/663/1780 1961/664/1779
f 1921/622/1739 1922/621/1740 1963/662/1781 1962/663/1780
f 1922/621/1740 1923/620/1741 1964/661/1782 1963/662/1781
f 1923/620/1741 1924/619/1742 1965/660/1783 1964/661/1782
f 1924/619/1742 1925/618/1743 1966/659/1784 1965/660/1783
f 1925/618/1743 1926/617/1744 1967/658/1785 1966/659/1784
f 1926/617/1744 1927/616/1745 1968/657/1786 1967/658/1785
f 1929/697/1747 1928/696/1746 1969/737/1787 1970/738/1788
f 1928/696/1746 1930/695/1748 1971/736/1789 1969/737/1787
f 1930/695/1748 1931/694/1749 1972/735/1790 1971/736/1789
f 1931/694/1749 1932/693/1750 1973/734/1791 1972/735/1790
f 1932/693/1750 1933/692/1751 1974/733/1792 1973/734/1791
f 1933/692/1751 1934/691/1752 1975/732/1793 1974/733/1792
f 1934/691/1752 1935/690/1753 1976/731/1794 1975/732/1793
f 1935/690/1753 1936/689/1754 1977/730/1795 1976/731/1794
f 1936/689/1754 1937/688/1755 1978/729/1796 1977/730/1795
f 1937/688/1755 1938/687/1756 1979/728/1797 1978/729/1796
f 1938/687/1756 1939/686/1757 1980/727/1798 1979/728/1797
f 1939/686/1757 1940/685/1758 1981/726/1799 1980/727/1798
f 1940/685/1758 1941/684/1759 1982/725/1800 1981/726/1799
f 1941/684/1759 1942/683/1760 1983/724/1801 1982/725/1800
f 1942/683/1760 1943/682/1761 1984/723/1802 1983/724/1801
f 1943/682/1761 1944/681/1762 1985/722/1803 1984/723/1802
f 1944/681/1762 1945/680/1763 1986/721/1804 1985/722/1803
f 1945/680/1763 1946/679/1764 1987/720/1805 1986/721/1804
f 1946/679/1764 1947/678/1765 1988/719/1806 1987/720/1805
f 1947/678/1765 1948/677/1766 1989/718/1807 1988/719/1806
f 1948/677/1766 1949/676/1767 1990/717/1808 1989/718/1807
f 1949/676/1767 1950/675/1768 1991/716/1809 1990/717/1808
f 1950/675/1768 1951/674/1769 1992/715/1810 1991/716/1809
f 1951/674/1769 1952/673/1770 1993/714/1811 1992/715/1810
f 1952/673/1770 1953/672/1771 1994/713/1812 1993/714/1811
f 1953/672/1771 1954/671/1772 1995/712/1813 1994/713/1812
f 1954/671/1772 1955/670/1773 1996/711/1814 1995/712/1813
f 1955/670/1773 1956/669/1774 1997/710/1815 1996/711/1814
f 1956/669/1774 1957/668/1775 1998/709/1816 1997/710/1815
f 1957/668/1775 1958/667/1776 1999/708/1817 1998/709/1816
f 1958/667/1776 1959/666/1777 2000/707/1818 1999/708/1817
f 1959/666/1777 1960/665/1778 2001/706/1819 2000/707/1818
f 1960/665/1778 1961/664/1779 2002/705/1820 2001/706/1819
f 1961/664/1779 1962/663/1780 2003/704/1821 2002/705/1820
f 1962/663/1780 1963/662/1781 2004/703/1822 2003/704/1821
f 1963/662/1781 1964/661/1782 2005/702/1823 2004/703/1822
f 1964/661/1782 1965/660/1783 2006/701/1824 2005/702/1823
f 1965/660/1783 1966/659/1784 2007/700/1825 2006/701/1824
f 1966/659/1784 1967/658/1785 2008/699/1826 2007/700/1825
f 1967/658/1785 1968/657/1786 2009/698/1827 2008/699/1826
f 1970/738/1788 1969/737/1787 2010/778/1828 2011/779/1829
f 1969/737/1787 1971/736/1789 2012/777/1830 2010/778/1828
f 1971/736/1789 1972/735/1790 2013/776/1831 2012/777/1830
f 1972/735/1790 1973/734/1791 2014/775/1832 2013/776/1831
f 1973/734/1791 1974/733/1792 2015/774/1833 2014/775/1832
f 1974/733/1792 1975/732/1793 2016/773/1834 2015/774/1833
f 1975/732/1793 1976/731/1794 2017/772/1835 2016/773/1834
f 1976/731/1794 1977/730/1795 2018/771/1836 2017/772/1835
f 1977/730/1795 1978/729/1796 2019/770/1837 2018/771/1836
f 1978/729/1796 1979/728/1797 2020/769/1838 2019/770/1837
f 1979/728/1797 1980/727/1798 2021/768/1839 2020/769/1838
f 1980/727/1798 1981/726/1799 2022/767/1840 2021/768/1839
f 1981/726/1799 1982/725/1800 2023/766/1841 2022/767/1840
f 1982/725/1800 1983/724/1801 2024/765/1842 2023/766/1841
f 1983/724/1801 1984/723/1802 2025/764/1843 2024/765/1842
f 1984/723/1802 1985/722/1803 2026/763/1844 2025/764/1843
f 1985/722/1803 1986/721/1804 2027/762/1845 2026/763/1844
f 1986/721/1804 1987/720/1805 2028/761/1846 2027/762/1845
f 1987/720/1805 1988/719/1806 2029/760/1847 2028/761/1846
f 1988/719/1806 1989/718/1807 2030/759/1848 2029/760/1847
f 1989/718/1807 1990/717/1808 2031/758/1849 2030/759/1848
f 1990/717/1808 1991/716/1809 2032/757/1850 2031/758/1849
f 1991/716/1809 1992/715/1810 2033/756/1851 2032/757/1850
f 1992/715/1810 1993/714/1811 2034/755/1852 2033/756/1851
f 1993/714/1811 1994/713/1812 2035/754/1853 2034/755/1852
f 1994/713/1812 1995/712/1813 2036/753/1854 2035/754/1853
f 1995/712/1813 1996/711/1814 2037/752/1855 2036/753/1854
f 1996/711/1814 1997/710/1815 2038/751/1856 2037/752/1855
f 1997/710/1815 1998/709/1816 2039/750/1857 2038/751/1856
f 1998/709/1816 1999/708/1817 2040/749/1858 2039/750/1857
f 1999/708/1817 2000/707/1818 2041/748/1859 2040/749/1858
f 2000/707/1818 2001/706/1819 2042/747/1860 2041/748/1859
f 2001/706/1819 2002/705/1820 2043/746/1861 2042/747/1860
f 2002/705/1820 2003/704/1821 2044/745/1862 2043/746/1861
f 2003/704/1821 2004/703/1822 2045/744/1863 2044/745/1862
f 2004/703/1822 2005/702/1823 2046/743/1864 2045/744/1863
f 2005/702/1823 2006/701/1824 2047/742/1865 2046/743/1864
f 2006/701/1824 2007/700/1825 2048/741/1866 2047/742/1865
f 2007/700/1825 2008/699/1826 2049/740/1867 2048/741/1866
f 2008/699/1826 2009/698/1827 2050/739/1868 2049/740/1867
f 2011/779/1829 2010/778/1828 2051/819/1869 2052/820/1870
f 2010/778/1828 2012/777/1830 2053/818/1871 2051/819/1869
f 2012/777/1830 2013/776/1831 2054/817/1872 2053/818/1871
f 2013/776/1831 2014/775/1832 2055/816/1873 2054/817/1872
f 2014/775/1832 2015/774/1833 2056/815/1874 2055/816/1873
f 2015/774/1833 2016/773/1834 2057/814/1875 2056/815/1874
f 2016/773/1834 2017/772/1835 2058/813/1876 2057/814/1875
f 2017/772/1835 2018/771/1836 2059/812/1877 2058/813/1876
f 2018/771/1836 2019/770/1837 2060/811/1878 2059/812/1877
f 2019/770/1837 2020/769/1838 2061/810/1879 2060/811/1878
f 2020/769/1838 2021/768/1839 2062/809/1880 2061/810/1879
f 2021/768/1839 2022/767/1840 2063/808/1881 2062/809/1880
f 2022/767/1840 2023/766/1841 2064/807/1882 2063/808/1881
f 2023/766/1841 2024/765/1842 2065/806/1883 2064/807/1882
f 2024/765/1842 2025/764/1843 2066/805/1884 2065/806/1883
f 2025/764/1843 2026/763/1844 2067/804/1885 2066/805/1884
f 2026/763/1844 2027/762/1845 2068/803/1886 2067/804/1885
f 2027/762/1845 2028/761/1846 2069/802/1887 2068/803/1886
f 2028/761/1846 2029/760/1847 2070/801/1888 2069/802/1887
f 2029/760/1847 2030/759/1848 2071/800/1889 2070/801/1888
f 2030/759/1848 2031/758/1849 2072/799/1890 2071/800/1889
f 2031/758/1849 2032/757/1850 2073/798/1891 2072/799/1890
f 2032/757/1850 2033/756/1851 2074/797/1892 2073/798/1891
f 2033/756/1851 2034/755/1852 2075/796/1893 2074/797/1892
f 2034/755/1852 2035/754/1853 2076/795/1894 2075/796/1893
f 2035/754/1853 2036/753/1854 2077/794/1895 2076/795/1894
f 2036/753/1854 2037/752/1855 2078/793/1896 2077/794/1895
f 2037/752/1855 2038/751/1856 2079/792/1897 2078/793/1896
f 2038/751/1856 2039/750/1857 2080/791/1898 2079/792/1897
f 2039/750/1857 2040/749/1858 2081/790/1899 2080/791/1898
f 2040/749/1858 2041/748/1859 2082/789/1900 2081/790/1899
f 2041/748/1859 2042/747/1860 2083/788/1901 2082/789/1900
f 2042/747/1860 2043/746/1861 2084/787/1902 2083/788/1901
f 2043/746/1861 2044/745/1862 2085/786/1903 2084/787/1902
f 2044/745/1862 2045/744/1863 2086/785/1904 2085/786/1903
f 2045/744/1863 2046/743/1864 2087/784/1905 2086/785/1904
f 2046/743/1864 2047/742/1865 2088/783/1906 2087/784/1905
f 2047/742/1865 2048/741/1866 2089/782/1907 2088/783/1906
f 2048/741/1866 2049/740/1867 2090/781/1908 2089/782/1907
f 2049/740/1867 2050/739/1868 2091/780/1909 2090/781/1908
f 2052/820/1870 2051/819/1869 2092/860/1910 2093/861/1911
f 2051/819/1869 2053/818/1871 2094/859/1912 2092/860/1910
f 2053/818/1871 2054/817/1872 2095/858/1913 2094/859/1912
f 2054/817/1872 2055/816/1873 2096/857/1914 2095/858/1913
f 2055/816/1873 2056/815/1874 2097/856/1915 2096/857/1914
f 2056/815/1874 2057/814/1875 2098/855/1916 2097/856/1915
f 2057/814/1875 2058/813/1876 2099/854/1917 2098/855/1916
f 2058/813/1876 2059/812/1877 2100/853/1918 2099/854/1917
f 2059/812/1877 2060/811/1878 2101/852/1919 2100/853/1918
f 2060/811/1878 2061/810/1879 2102/851/1920 2101/852/1919
f 2061/810/1879 2062/809/1880 2103/850/1921 2102/851/1920
f 2062/809/1880 2063/808/1881 2104/849/1922 2103/850/1921
f 2063/808/1881 2064/807/1882 2105/848/1923 2104/849/1922
f 2064/807/1882 2065/806/1883 2106/847/1924 2105/848/1923
f 2065/806/1883 2066/805/1884 2107/846/1925 2106/847/1924
f 2066/805/1884 2067/804/1885 2108/845/1926 2107/846/1925
f 2067/804/1885 2068/803/1886 2109/844/1927 2108/845/1926
f 2068/803/1886 2069/802/1887 2110/843/1928 2109/844/1927
f 2069/802/1887 2070/801/1888 2111/842/1929 2110/843/1928
f 2070/801/1888 2071/800/1889 2112/841/1930 2111/842/1929
f 2071/800/1889 2072/799/1890 2113/840/1931 2112/841/1930
f 2072/799/1890 2073/798/1891 2114/839/1932 2113/840/1931
f 2073/798/1891 2074/797/1892 2115/838/1933 2114/839/1932
f 2074/797/1892 2075/796/1893 2116/837/1934 2115/838/1933
f 2075/796/1893 2076/795/1894 2117/836/1935 2116/837/1934
f 2076/795/1894 2077/794/1895 2118/835/1936 2117/836/1935
f 2077/794/1895 2078/793/1896 2119/834/1937 2118/835/1936
f 2078/793/1896 2079/792/1897 2120/833/1938 2119/834/1937
f 2079/792/1897 2080/791/1898 2121/832/1939 2120/833/1938
f 2080/791/1898 2081/790/1899 2122/831/1940 2121/832/1939
f 2081/790/1899 2082/789/1900 2123/830/1941 2122/831/1940
f 2082/789/1900 2083/788/1901 2124/829/1942 2123/830/1941
f 2083/788/1901 2084/787/1902 2125/828/1943 2124/829/1942
f 2084/787/1902 2085/786/1903 2126/827/1944 2125/828/1943
f 2085/786/1903 2086/785/1904 2127/826/1945 2126/827/1944
f 2086/785/1904 2087/784/1905 2128/825/1946 2127/826/1945
f 2087/784/1905 2088/783/1906 2129/824/1947 2128/825/1946
f 2088/783/1906 2089/782/1907 2130/823/1948 2129/824/1947
f 2089/782/1907 2090/781/1908 2131/822/1949 2130/823/1948
f 2090/781/1908 2091/780/1909 2132/821/1950 2131/822/1949
f 2093/861/1911 2092/860/1910 2133/901/1951 2134/902/1952
f 2092/860/1910 2094/859/1912 2135/900/1953 2133/901/1951
f 2094/859/1912 2095/858/1913 2136/899/1954 2135/900/1953
f 2095/858/1913 2096/857/1914 2137/898/1955 2136/899/1954
f 2096/857/1914 2097/856/1915 2138/897/1956 2137/898/1955
f 2097/856/1915 2098/855/1916 2139/896/1957 2138/897/1956
f 2098/855/1916 2099/854/1917 2140/895/1958 2139/896/1957
f 2099/854/1917 2100/853/1918 2141/894/1959 2140/895/1958
f 2100/853/1918 2101/852/1919 2142/893/1960 2141/894/1959
f 2101/852/1919 2102/851/1920 2143/892/1961 2142/893/1960
f 2102/851/1920 2103/850/1921 2144/891/1962 2143/892/1961
f 2103/850/1921 2104/849/1922 2145/890/1963 2144/891/1962
f 2104/849/1922 2105/848/1923 2146/889/1964 2145/890/1963
f 2105/848/1923 2106/847/1924 2147/888/1965 2146/889/1964
f 2106/847/1924 2107/846/1925 2148/887/1966 2147/888/1965
f 2107/846/1925 2108/845/1926 2149/886/1967 2148/887/1966
f 2108/845/1926 2109/844/1927 2150/885/1968 2149/886/1967
f 2109/844/1927 2110/843/1928 2151/884/1969 2150/885/1968
f 2110/843/1928 2111/842/1929 2152/883/1970 2151/884/1969
f 2111/842/1929 2112/841/1930 2153/882/1971 2152/883/1970
f 2112/841/1930 2113/840/1931 2154/881/1972 2153/882/1971
f 2113/840/1931 2114/839/1932 2155/880/1973 2154/881/1972
f 2114/839/1932 2115/838/1933 2156/879/1974 2155/880/1973
f 2115/838/1933 2116/837/1934 2157/878/1975 2156/879/1974
f 2116/837/1934 2117/836/1935 2158/877/1976 2157/878/1975
f 2117/836/1935 2118/835/1936 2159/876/1977 2158/877/1976
f 2118/835/1936 2119/834/1937 2160/875/1978 2159/876/1977
f 2119/834/1937 2120/833/1938 2161/874/1979 2160/875/1978
f 2120/833/1938 2121/832/1939 2162/873/1980 2161/874/1979
f 2121/832/1939 2122/831/1940 2163/872/1981 2162/873/1980
f 2122/831/1940 2123/830/1941 2164/871/1982 2163/872/1981
f 2123/830/1941 2124/829/1942 2165/870/1983 2164/871/1982
f 2124/829/1942 2125/828/1943 2166/869/1984 2165/870/1983
f 2125/828/1943 2126/827/1944 2167/868/1985 2166/869/1984
f 2126/827/1944 2127/826/1945 2168/867/1986 2167/868/1985
f 2127/826/1945 2128/825/1946 2169/866/1987 2168/867/1986
f 2128/825/1946 2129/824/1947 2170/865/1988 2169/866/1987
f 2129/824/1947 2130/823/1948 2171/864/1989 2170/865/1988
f 2130/823/1948 2131/822/1949 2172/863/1990 2171/864/1989
f 2131/822/1949 2132/821/1950 2173/862/1991 2172/863/1990
f 2134/902/1952 2133/901/1951 2174/942/1992 2175/943/1993
f 2133/901/1951 2135/900/1953 2176/941/1994 2174/942/1992
f 2135/900/1953 2136/899/1954 2177/940/1995 2176/941/1994
f 2136/899/1954 2137/898/1955 2178/939/1996 2177/940/1995
f 2137/898/1955 2138/897/1956 2179/938/1997 2178/939/1996
f 2138/897/1956 2139/896/1957 2180/937/1998 2179/938/1997
f 2139/896/1957 2140/895/1958 2181/936/1999 2180/937/1998
f 2140/895/1958 2141/894/1959 2182/935/2000 2181/936/1999
f 2141/894/1959 2142/893/1960 2183/934/2001 2182/935/2000
f 2142/893/1960 2143/892/1961 2184/933/2002 2183/934/2001
f 2143/892/1961 2144/891/1962 2185/932/2003 2184/933/2002
f 2144/891/1962 2145/890/1963 2186/931/2004 2185/932/2003
f 2145/890/1963 2146/889/1964 2187/930/2005 2186/931/2004
f 2146/889/1964 2147/888/1965 2188/929/2006 2187/930/2005
f 2147/888/1965 2148/887/1966 2189/928/2007 2188/929/2006
f 2148/887/1966 2149/886/1967 2190/927/2008 2189/928/2007
f 2149/886/1967 2150/885/1968 2191/926/2009 2190/927/2008
f 2150/885/1968 2151/884/1969 2192/925/2010 2191/926/2009
f 2151/884/1969 2152/883/1970 2193/924/2011 2192/925/2010
f 2152/883/1970 2153/882/1971 2194/923/2012 2193/924/2011
f 2153/882/1971 2154/881/1972 2195/922/2013 2194/923/2012
f 2154/881/1972 2155/880/1973 2196/921/2014 2195/922/2013
f 2155/880/1973 2156/879/1974 2197/920/2015 2196/921/2014
f 2156/879/1974 2157/878/1975 2198/919/2016 2197/920/2015
f 2157/878/1975 2158/877/1976 2199/918/2017 2198/919/2016
f 2158/877/1976 2159/876/1977 2200/917/2018 2199/918/2017
f 2159/876/1977 2160/875/1978 2201/916/2019 2200/917/2018
f 2160/875/1978 2161/874/1979 2202/915/2020 2201/916/2019
f 2161/874/1979 2162/873/1980 2203/914/2021 2202/915/2020
f 2162/873/1980 2163/872/1981 2204/913/2022 2203/914/2021
f 2163/872/1981 2164/871/1982 2205/912/2023 2204/913/2022
f 2164/871/1982 2165/870/1983 2206/911/2024 2205/912/2023
f 2165/870/1983 2166/869/1984 2207/910/2025 2206/911/2024
f 2166/869/1984 2167/868/1985 2208/909/2026 2207/910/2025
f 2167/868/1985 2168/867/1986 2209/908/2027 2208/909/2026
f 2168/867/1986 2169/866/1987 2210/907/2028 2209/908/2027
f 2169/866/1987 2170/865/1988 2211/906/2029 2210/907/2028
f 2170/865/1988 2171/864/1989 2212/905/2030 2211/906/2029
f 2171/864/1989 2172/863/1990 2213/904/2031 2212/905/2030
f 2172/863/1990 2173/862/1991 2214/903/2032 2213/904/2031
f 2175/943/1993 2174/942/1992 2215/983/2033 2216/984/2034
f 2174/942/1992 2176/941/1994 2217/982/2035 2215/983/2033
f 2176/941/1994 2177/940/1995 2218/981/2036 2217/982/2035
f 2177/940/1995 2178/939/1996 2219/980/2037 2218/981/2036
f 2178/939/1996 2179/938/1997 2220/979/2038 2219/980/2037
f 2179/938/1997 2180/937/1998 2221/978/2039 2220/979/2038
f 2180/937/1998 2181/936/1999 2222/977/2040 2221/978/2039
f 2181/936/1999 2182/935/2000 2223/976/2041 2222/977/2040
f 2182/935/2000 2183/934/2001 2224/975/2042 2223/976/2041
f 2183/934/2001 2184/933/2002 2225/974/2043 2224/975/2042
f 2184/933/2002 2185/932/2003 2226/973/2044 2225/974/2043
f 2185/932/2003 2186/931/2004 2227/972/2045 2226/973/2044
f 2186/931/2004 2187/930/2005 2228/971/2046 2227/972/2045
f 2187/930/2005 2188/929/2006 2229/970/2047 2228/971/2046
f 2188/929/2006 2189/928/2007 2230/969/2048 2229/970/2047
f 2189/928/2007 2190/927/2008 2231/968/2049 2230/969/2048
f 2190/927/2008 2191/926/2009 2232/967/2050 2231/968/2049
f 2191/926/2009 2192/925/2010 2233/966/2051 2232/967/2050
f 2192/925/2010 2193/924/2011 2234/965/2052 2233/966/2051
f 2193/924/2011 2194/923/2012 2235/964/2053 2234/965/2052
f 2194/923/2012 2195/922/2013 2236/963/2054 2235/964/2053
f 2195/922/2013 2196/921/2014 2237/962/2055 2236/963/2054
f 2196/921/2014 2197/920/2015 2238/961/2056 2237/962/2055
f 2197/920/2015 2198/919/2016 2239/960/2057 2238/961/2056
f 2198/919/2016 2199/918/2017 2240/959/2058 2239/960/2057
f 2199/918/2017 2200/917/2018 2241/958/2059 2240/959/2058
f 2200/917/2018 2201/916/2019 2242/957/2060 2241/958/2059
f 2201/916/2019 2202/915/2020 2243/956/2061 2242/957/2060
f 2202/915/2020 2203/914/2021 2244/955/2062 2243/956/2061
f 2203/914/2021 2204/913/2022 2245/954/2063 2244/955/2062
f 2204/913/2022 2205/912/2023 2246/953/2064 2245/954/2063
f 2205/912/2023 2206/911/2024 2247/952/2065 2246/953/2064
f 2206/911/2024 2207/910/2025 2248/951/2066 2247/952/2065
f 2207/910/2025 2208/909/2026 2249/950/2067 2248/951/2066
f 2208/909/2026 2209/908/2027 2250/949/2068 2249/950/2067
f 2209/908/2027 2210/907/2028 2251/948/2069 2250/949/2068
f 2210/907/2028 2211/906/2029 2252/947/2070 2251/948/2069
f 2211/906/2029 2212/905/2030 2253/946/2071 2252/947/2070
f 2212/905/2030 2213/904/2031 2254/945/2072 2253/946/2071
f 2213/904/2031 2214/903/2032 2255/944/2073 2254/945/2072
f 2216/984/2034 2215/983/2033 2256/1024/2074 2257/1025/2075
f 2215/983/2033 2217/982/2035 2258/1023/2076 2256/1024/2074
f 2217/982/2035 2218/981/2036 2259/1022/2077 2258/1023/2076
f 2218/981/2036 2219/980/2037 2260/1021/2078 2259/1022/2077
f 2219/980/2037 2220/979/2038 2261/1020/2079 2260/1021/2078
f 2220/979/2038 2221/978/2039 2262/1019/2080 2261/1020/2079
f 2221/978/2039 2222/977/2040 2263/1018/2081 2262/1019/2080
f 2222/977/2040 2223/976/2041 2264/1017/2082 2263/1018/2081
f 2223/976/2041 2224/975/2042 2265/1016/2083 2264/1017/2082
f 2224/975/2042 2225/974/2043 2266/1015/2084 2265/1016/2083
f 2225/974/2043 2226/973/2044 2267/1014/2085 2266/1015/2084
f 2226/973/2044 2227/972/2045 2268/1013/2086 2267/1014/2085
f 2227/972/2045 2228/971/2046 2269/1012/2087 2268/1013/2086
f 2228/971/2046 2229/970/2047 2270/1011/2088 2269/1012/2087
f 2229/970/2047 2230/969/2048 2271/1010/2089 2270/1011/2088
f 2230/969/2048 2231/968/2049 2272/1009/2090 2271/1010/2089
f 2231/968/2049 2232/967/2050 2273/1008/2091 2272/1009/2090
f 2232/967/2050 2233/966/2051 2274/1007/2092 2273/1008/2091
f 2233/966/2051 2234/965/2052 2275/1006/2093 2274/1007/2092
f 2234/965/2052 2235/964/2053 2276/1005/2094 2275/1006/2093
f 2235/964/2053 2236/963/2054 2277/1004/2095 2276/1005/2094
f 2236/963/2054 2237/962/2055 2278/1003/2096 2277/1004/2095
f 2237/962/2055 2238/961/2056 2279/1002/2097 2278/1003/2096
f 2238/961/2056 2239/960/2057 2280/1001/2098 2279/1002/2097
f 2239/960/2057 2240/959/2058 2281/1000/2099 2280/1001/2098
f 2240/959/2058 2241/958/2059 2282/999/2100 2281/1000/2099
f 2241/958/2059 2242/957/2060 2283/998/2101 2282/999/2100
f 2242/957/2060 2243/956/2061 2284/997/2102 2283/998/2101
f 2243/956/2061 2244/955/2062 2285/996/2103 2284/997/2102
f 2244/955/2062 2245/954/2063 2286/995/2104 2285/996/2103
f 2245/954/2063 2246/953/2064 2287/994/2105 2286/995/2104
f 2246/953/2064 2247/952/2065 2288/993/2106 2287/994/2105
f 2247/952/2065 2248/951/2066 2289/992/2107 2288/993/2106
f 2248/951/2066 2249/950/2067 2290/991/2108 2289/992/2107
f 2249/950/2067 2250/949/2068 2291/990/2109 2290/991/2108
f 2250/949/2068 2251/948/2069 2292/989/2110 2291/990/2109
f 2251/948/2069 2252/947/2070 2293/988/2111 2292/989/2110
f 2252/947/2070 2253/946/2071 2294/987/2112 2293/988/2111
f 2253/946/2071 2254/945/2072 2295/986/2113 2294/987/2112
f 2254/945/2072 2255/944/2073 2296/985/2114 2295/986/2113
f 2257/1025/2075 2256/1024/2074 2297/1065/2115 2298/1066/2116
f 2256/1024/2074 2258/1023/2076 2299/1064/2117 2297/1065/2115
f 2258/1023/2076 2259/1022/2077 2300/1063/2118 2299/1064/2117
f 2259/1022/2077 2260/1021/2078 2301/1062/2119 2300/1063/2118
f 2260/1021/2078 2261/1020/2079 2302/1061/2120 2301/1062/2119
f 2261/1020/2079 2262/1019/2080 2303/1060/2121 2302/1061/2120
f 2262/1019/2080 2263/1018/2081 2304/1059/2122 2303/1060/2121
f 2263/1018/2081 2264/1017/2082 2305/1058/2123 2304/1059/2122
f 2264/1017/2082 2265/1016/2083 2306/1057/2124 2305/1058/2123
f 2265/1016/2083 2266/1015/2084 2307/1056/2125 2306/1057/2124
f 2266/1015/2084 2267/1014/2085 2308/1055/2126 2307/1056/2125
f 2267/1014/2085 2268/1013/2086 2309/1054/2127 2308/1055/2126
f 2268/1013/2086 2269/1012/2087 2310/1053/2128 2309/1054/2127
f 2269/1012/2087 2270/1011/2088 2311/1052/2129 2310/1053/2128
f 2270/1011/2088 2271/1010/2089 2312/1051/2130 2311/1052/2129
f 2271/1010/2089 2272/1009/2090 2313/1050/2131 2312/1051/2130
f 2272/1009/2090 2273/1008/2091 2314/1049/2132 2313/1050/2131
f 2273/1008/2091 2274/1007/2092 2315/1048/2133 2314/1049/2132
f 2274/1007/2092 2275/1006/2093 2316/1047/2134 2315/1048/2133
f 2275/1006/2093 2276/1005/2094 2317/1046/2135 2316/1047/2134
f 2276/1005/2094 2277/1004/2095 2318/1045/2136 2317/1046/2135
f 2277/1004/2095 2278/1003/2096 2319/1044/2137 2318/1045/2136
f 2278/1003/2096 2279/1002/2097 2320/1043/2138 2319/1044/2137
f 2279/1002/2097 2280/1001/2098 2321/1042/2139 2320/1043/2138
f 2280/1001/2098 2281/1000/2099 2322/1041/2140 2321/1042/2139
f 2281/1000/2099 2282/999/2100 2323/1040/2141 2322/1041/2140
f 2282/999/2100 2283/998/2101 2324/1039/2142 2323/1040/2141
f 2283/998/2101 2284/997/2102 2325/1038/2143 2324/1039/2142
f 2284/997/2102 2285/996/2103 2326/1037/2144 2325/1038/2143
f 2285/996/2103 2286/995/2104 2327/1036/2145 2326/1037/2144
f 2286/995/2104 2287/994/2105 2328/1035/2146 2327/1036/2145
f 2287/994/2105 2288/993/2106 2329/1034/2147 2328/1035/2146
f 2288/993/2106 2289/992/2107 2330/1033/2148 2329/1034/2147
f 2289/992/2107 2290/991/2108 2331/1032/2149 2330/1033/2148
f 2290/991/2108 2291/990/2109 2332/1031/2150 2331/1032/2149
f 2291/990/2109 2292/989/2110 2333/1030/2151 2332/1031/2150
f 2292/989/2110 2293/988/2111 2334/1029/2152 2333/1030/2151
f 2293/988/2111 2294/987/2112 2335/1028/2153 2334/1029/2152
f 2294/987/2112 2295/986/2113 2336/1027/2154 2335/1028/2153
f 2295/986/2113 2296/985/2114 2337/1026/2155 2336/1027/2154
f 2298/1066/2116 2297/1065/2115 2338/1106/2156 2339/1107/2157
f 2297/1065/2115 2299/1064/2117 2340/1105/2158 2338/1106/2156
f 2299/1064/2117 2300/1063/2118 2341/1104/2159 2340/1105/2158
f 2300/1063/2118 2301/1062/2119 2342/1103/2160 2341/1104/2159
f 2301/1062/2119 2302/1061/2120 2343/1102/2161 2342/1103/2160
f 2302/1061/2120 2303/1060/2121 2344/1101/2162 2343/1102/2161
f 2303/1060/2121 2304/1059/2122 2345/1100/2163 2344/1101/2162
f 2304/1059/2122 2305/1058/2123 2346/1099/2164 2345/1100/2163
f 2305/1058/2123 2306/1057/2124 2347/1098/2165 2346/1099/2164
f 2306/1057/2124 2307/1056/2125 2348/1097/2166 2347/1098/2165
f 2307/1056/2125 2308/1055/2126 2349/1096/2167 2348/1097/2166
f 2308/1055/2126 2309/1054/2127 2350/1095/2168 2349/1096/2167
f 2309/1054/2127 2310/1053/2128 2351/1094/2169 2350/1095/2168
f 2310/1053/2128 2311/1052/2129 2352/1093/2170 2351/1094/2169
f 2311/1052/2129 2312/1051/2130 2353/1092/2171 2352/1093/2170
f 2312/1051/2130 2313/1050/2131 2354/1091/2172 2353/1092/2171
f 2313/1050/2131 2314/1049/2132 2355/1090/2173 2354/1091/2172
f 2314/1049/2132 2315/1048/2133 2356/1089/2174 2355/1090/2173
f 2315/1048/2133 2316/1047/2134 2357/1088/2175 2356/1089/2174
f 2316/1047/2134 2317/1046/2135 2358/1087/2176 2357/1088/2175
f 2317/1046/2135 2318/1045/2136 2359/1086/2177 2358/1087/2176
f 2318/1045/2136 2319/1044/2137 2360/1085/2178 2359/1086/2177
f 2319/1044/2137 2320/1043/2138 2361/1084/2179 2360/1085/2178
f 2320/1043/2138 2321/1042/2139 2362/1083/2180 2361/1084/2179
f 2321/1042/2139 2322/1041/2140 2363/1082/2181 2362/1083/2180
f 2322/1041/2140 2323/1040/2141 2364/1081/2182 2363/1082/2181
f 2323/1040/2141 2324/1039/2142 2365/1080/2183 2364/1081/2182
f 2324/1039/2142 2325/1038/2143 2366/1079/2184 2365/1080/2183
f 2325/1038/2143 2326/1037/2144 2367/1078/2185 2366/1079/2184
f 2326/1037/2144 2327/1036/2145 2368/1077/2186 2367/1078/2185
f 2327/1036/2145 2328/1035/2146 2369/1076/2187 2368/1077/2186
f 2328/1035/2146 2329/1034/2147 2370/1075/2188 2369/1076/2187
f 2329/1034/2147 2330/1033/2148 2371/1074/2189 2370/1075/2188
f 2330/1033/2148 2331/1032/2149 2372/1073/2190 2371/1074/2189
f 2331/1032/2149 2332/1031/2150 2373/1072/2191 2372/1073/2190
f 2332/1031/2150 2333/1030/2151 2374/1071/2192 2373/1072/2191
f 2333/1030/2151 2334/1029/2152 2375/1070/2193 2374/1071/2192
f 2334/1029/2152 2335/1028/2153 2376/1069/2194 2375/1070/2193
f 2335/1028/2153 2336/1027/2154 2377/1068/2195 2376/1069/2194
f 2336/1027/2154 2337/1026/2155 2378/1067/2196 2377/1068/2195
f 2339/1107/2157 2338/1106/2156 2379/1147/2197 2380/1148/2198
f 2338/1106/2156 2340/1105/2158 2381/1146/2199 2379/1147/2197
f 2340/1105/2158 2341/1104/2159 2382/1145/2200 2381/1146/2199
f 2341/1104/2159 2342/1103/2160 2383/1144/2201 2382/1145/2200
f 2342/1103/2160 2343/1102/2161 2384/1143/2202 2383/1144/2201
f 2343/1102/2161 2344/1101/2162 2385/1142/2203 2384/1143/2202
f 2344/1101/2162 2345/1100/2163 2386/1141/2204 2385/1142/2203
f 2345/1100/2163 2346/1099/2164 2387/1140/2205 2386/1141/2204
f 2346/1099/2164 2347/1098/2165 2388/1139/2206 2387/1140/2205
f 2347/1098/2165 2348/1097/2166 2389/1138/2207 2388/1139/2206
f 2348/1097/2166 2349/1096/2167 2390/1137/2208 2389/1138/2207
f 2349/1096/2167 2350/1095/2168 2391/1136/2209 2390/1137/2208
f 2350/1095/2168 2351/1094/2169 2392/1135/2210 2391/1136/2209
f 2351/1094/2169 2352/1093/2170 2393/1134/2211 2392/1135/2210
f 2352/1093/2170 2353/1092/2171 2394/1133/2212 2393/1134/2211
f 2353/1092/2171 2354/1091/2172 2395/1132/2213 2394/1133/2212
f 2354/1091/2172 2355/1090/2173 2396/1131/2214 2395/1132/2213
f 2355/1090/2173 2356/1089/2174 2397/1130/2215 2396/1131/2214
f 2356/1089/2174 2357/1088/2175 2398/1129/2216 2397/1130/2215
f 2357/1088/2175 2358/1087/2176 2399/1128/2217 2398/1129/2216
f 2358/1087/2176 2359/1086/2177 2400/1127/2218 2399/1128/2217
f 2359/1086/2177 2360/1085/2178 2401/1126/2219 2400/1127/2218
f 2360/1085/2178 2361/1084/2179 2402/1125/2220 2401/1126/2219
f 2361/1084/2179 2362/1083/2180 2403/1124/2221 2402/1125/2220
f 2362/1083/2180 2363/1082/2181 2404/1123/2222 2403/1124/2221
f 2363/1082/2181 2364/1081/2182 2405/1122/2223 2404/1123/2222
f 2364/1081/2182 2365/1080/2183 2406/1121/2224 2405/1122/2223
f 2365/1080/2183 2366/1079/2184 2407/1120/2225 2406/1121/2224
f 2366/1079/2184 2367/1078/2185 2408/1119/2226 2407/1120/2225
f 2367/1078/2185 2368/1077/2186 2409/1118/2227 2408/1119/2226
f 2368/1077/2186 2369/1076/2187 2410/1117/2228 2409/1118/2227
f 2369/1076/2187 2370/1075/2188 2411/1116/2229 2410/1117/2228
f 2370/1075/2188 2371/1074/2189 2412/1115/2230 2411/1116/2229
f 2371/1074/2189 2372/1073/2190 2413/1114/2231 2412/1115/2230
f 2372/1073/2190 2373/1072/2191 2414/1113/2232 2413/1114/2231
f 2373/1072/2191 2374/1071/2192 2415/1112/2233 2414/1113/2232
f 2374/1071/2192 2375/1070/2193 2416/1111/2234 2415/1112/2233
f 2375/1070/2193 2376/1069/2194 2417/1110/2235 2416/1111/2234
f 2376/1069/2194 2377/1068/2195 2418/1109/2236 2417/1110/2235
f 2377/1068/2195 2378/1067/2196 2419/1108/2237 2418/1109/2236
f 2380/1148/2198 2379/1147/2197 2420/1188/2238 2421/1189/2239
f 2379/1147/2197 2381/1146/2199 2422/1187/2240 2420/1188/2238
f 2381/1146/2199 2382/1145/2200 2423/1186/2241 2422/1187/2240
f 2382/1145/2200 2383/1144/2201 2424/1185/2242 2423/1186/2241
f 2383/1144/2201 2384/1143/2202 2425/1184/2243 2424/1185/2242
f 2384/1143/2202 2385/1142/2203 2426/1183/2244 2425/1184/2243
f 2385/1142/2203 2386/1141/2204 2427/1182/2245 2426/1183/2244
f 2386/1141/2204 2387/1140/2205 2428/1181/2246 2427/1182/2245
f 2387/1140/2205 2388/1139/2206 2429/1180/2247 2428/1181/2246
f 2388/1139/2206 2389/1138/2207 2430/1179/2248 2429/1180/2247
f 2389/1138/2207 2390/1137/2208 2431/1178/2249 2430/1179/2248
f 2390/1137/2208 2391/1136/2209 2432/1177/2250 2431/1178/2249
f 2391/1136/2209 2392/1135/2210 2433/1176/2251 2432/1177/2250
f 2392/1135/2210 2393/1134/2211 2434/1175/2252 2433/1176/2251
f 2393/1134/2211 2394/1133/2212 2435/1174/2253 2434/1175/2252
f 2394/1133/2212 2395/1132/2213 2436/1173/2254 2435/1174/2253
f 2395/1132/2213 2396/1131/2214 2437/1172/2255 2436/1173/2254
f 2396/1131/2214 2397/1130/2215 2438/1171/2256 2437/1172/2255
f 2397/1130/2215 2398/1129/2216 2439/1170/2257 2438/1171/2256
f 2398/1129/2216 2399/1128/2217 2440/1169/2258 2439/1170/2257
f 2399/1128/2217 2400/1127/2218 2441/1168/2259 2440/1169/2258
f 2400/1127/2218 2401/1126/2219 2442/1167/2260 2441/1168/2259
f 2401/1126/2219 2402/1125/2220 2443/1166/2261 2442/1167/2260
f 2402/1125/2220 2403/1124/2221 2444/1165/2262 2443/1166/2261
f 2403/1124/2221 2404/1123/2222 2445/1164/2263 2444/1165/2262
f 2404/1123/2222 2405/1122/2223 2446/1163/2264 2445/1164/2263
f 2405/1122/2223 2406/1121/2224 2447/1162/2265 2446/1163/2264
f 2406/1121/2224 2407/1120/2225 2448/1161/2266 2447/1162/2265
f 2407/1120/2225 2408/1119/2226 2449/1160/2267 2448/1161/2266
f 2408/1119/2226 2409/1118/2227 2450/1159/2268 2449/1160/2267
f 2409/1118/2227 2410/1117/2228 2451/1158/2269 2450/1159/2268
f 2410/1117/2228 2411/1116/2229 2452/1157/2270 2451/1158/2269
f 2411/1116/2229 2412/1115/2230 2453/1156/2271 2452/1157/2270
f 2412/1115/2230 2413/1114/2231 2454/1155/2272 2453/1156/2271
f 2413/1114/2231 2414/1113/2232 2455/1154/2273 2454/1155/2272
f 2414/1113/2232 2415/1112/2233 2456/1153/2274 2455/1154/2273
f 2415/1112/2233 2416/1111/2234 2457/1152/2275 2456/1153/2274
f 2416/1111/2234 2417/1110/2235 2458/1151/2276 2457/1152/2275
f 2417/1110/2235 2418/1109/2236 2459/1150/2277 2458/1151/2276
f 2418/1109/2236 2419/1108/2237 2460/1149/2278 2459/1150/2277
f 2421/1189/2239 2420/1188/2238 2461/1229/2279 2462/1230/2280
f 2420/1188/2238 2422/1187/2240 2463/1228/2281 2461/1229/2279
f 2422/1187/2240 2423/1186/2241 2464/1227/2282 2463/1228/2281
f 2423/1186/2241 2424/1185/2242 2465/1226/2283 2464/1227/2282
f 2424/1185/2242 2425/1184/2243 2466/1225/2284 2465/1226/2283
f 2425/1184/2243 2426/1183/2244 2467/1224/2285 2466/1225/2284
f 2426/1183/2244 2427/1182/2245 2468/1223/2286 2467/1224/2285
f 2427/1182/2245 2428/1181/2246 2469/1222/2287 2468/1223/2286
f 2428/1181/2246 2429/1180/2247 2470/1221/2288 2469/1222/2287
f 2429/1180/2247 2430/1179/2248 2471/1220/2289 2470/1221/2288
f 2430/1179/2248 2431/1178/2249 2472/1219/2290 2471/1220/2289
f 2431/1178/2249 2432/1177/2250 2473/1218/2291 2472/1219/2290
f 2432/1177/2250 2433/1176/2251 2474/1217/2292 2473/1218/2291
f 2433/1176/2251 2434/1175/2252 2475/1216/2293 2474/1217/2292
f 2434/1175/2252 2435/1174/2253 2476/1215/2294 2475/1216/2293
f 2435/1174/2253 2436/1173/2254 2477/1214/2295 2476/1215/2294
f 2436/1173/2254 2437/1172/2255 2478/1213/2296 2477/1214/2295
f 2437/1172/2255 2438/1171/2256 2479/1212/2297 2478/1213/2296
f 2438/1171/2256 2439/1170/2257 2480/1211/2298 2479/1212/2297
f 2439/1170/2257 2440/1169/2258 2481/1210/2299 2480/1211/2298
f 2440/1169/2258 2441/1168/2259 2482/1209/2300 2481/1210/2299
f 2441/1168/2259 2442/1167/2260 2483/1208/2301 2482/1209/2300
f 2442/1167/2260 2443/1166/2261 2484/1207/2302 2483/1208/2301
f 2443/1166/2261 2444/1165/2262 2485/1206/2303 2484/1207/2302
f 2444/1165/2262 2445/1164/2263 2486/1205/2304 2485/1206/2303
f 2445/1164/2263 2446/1163/2264 2487/1204/2305 2486/1205/2304
f 2446/1163/2264 2447/1162/2265 2488/1203/2306 2487/1204/2305
f 2447/1162/2265 2448/1161/2266 2489/1202/2307 2488/1203/2306
f 2448/1161/2266 2449/1160/2267 2490/1201/2308 2489/1202/2307
f 2449/1160/2267 2450/1159/2268 2491/1200/2309 2490/1201/2308
f 2450/1159/2268 2451/1158/2269 2492/1199/2310 2491/1200/2309
f 2451/1158/2269 2452/1157/2270 2493/1198/2311 2492/1199/2310
f 2452/1157/2270 2453/1156/2271 2494/1197/2312 2493/1198/2311
f 2453/1156/2271 2454/1155/2272 2495/1196/2313 2494/1197/2312
f 2454/1155/2272 2455/1154/2273 2496/1195/2314 2495/1196/2313
f 2455/1154/2273 2456/1153/2274 2497/1194/2315 2496/1195/2314
f 2456/1153/2274 2457/1152/2275 2498/1193/2316 2497/1194/2315
f 2457/1152/2275 2458/1151/2276 2499/1192/2317 2498/1193/2316
f 2458/1151/2276 2459/1150/2277 2500/1191/2318 2499/1192/2317
f 2459/1150/2277 2460/1149/2278 2501/1190/2319 2500/1191/2318
f 2462/1230/2280 2461/1229/2279 2502/1270/2320 2503/1271/2321
f 2461/1229/2279 2463/1228/2281 2504/1269/2322 2502/1270/2320
f 2463/1228/2281 2464/1227/2282 2505/1268/2323 2504/1269/2322
f 2464/1227/2282 2465/1226/2283 2506/1267/2324 2505/1268/2323
f 2465/1226/2283 2466/1225/2284 2507/1266/2325 2506/1267/2324
f 2466/1225/2284 2467/1224/2285 2508/1265/2326 2507/1266/2325
f 2467/1224/2285 2468/1223/2286 2509/1264/2327 2508/1265/2326
f 2468/1223/2286 2469/1222/2287 2510/1263/2328 2509/1264/2327
f 2469/1222/2287 2470/1221/2288 2511/1262/2329 2510/1263/2328
f 2470/1221/2288 2471/1220/2289 2512/1261/2330 2511/1262/2329
f 2471/1220/2289 2472/1219/2290 2513/1260/2331 2512/1261/2330
f 2472/1219/2290 2473/1218/2291 2514/1259/2332 2513/1260/2331
f 2473/1218/2291 2474/1217/2292 2515/1258/2333 2514/1259/2332
f 2474/1217/2292 2475/1216/2293 2516/1257/2334 2515/1258/2333
f 2475/1216/2293 2476/1215/2294 2517/1256/2335 2516/1257/2334
f 2476/1215/2294 2477/1214/2295 2518/1255/2336 2517/1256/2335
f 2477/1214/2295 2478/1213/2296 2519/1254/2337 2518/1255/2336
f 2478/1213/2296 2479/1212/2297 2520/1253/2338 2519/1254/2337
f 2479/1212/2297 2480/1211/2298 2521/1252/2339 2520/1253/2338
f 2480/1211/2298 2481/1210/2299 2522/1251/2340 2521/1252/2339
f 2481/1210/2299 2482/1209/2300 2523/1250/2341 2522/1251/2340
f 2482/1209/2300 2483/1208/2301 2524/1249/2342 2523/1250/2341
f 2483/1208/2301 2484/1207/2302 2525/1248/2343 2524/1249/2342
f 2484/1207/2302 2485/1206/2303 2526/1247/2344 2525/1248/2343
f 2485/1206/2303 2486/1205/2304 2527/1246/2345 2526/1247/2344
f 2486/1205/2304 2487/1204/2305 2528/1245/2346 2527/1246/2345
f 2487/1204/2305 2488/1203/2306 2529/1244/2347 2528/1245/2346
f 2488/1203/2306 2489/1202/2307 2530/1243/2348 2529/1244/2347
f 2489/1202/2307 2490/1201/2308 2531/1242/2349 2530/1243/2348
f 2490/1201/2308 2491/1200/2309 2532/1241/2350 2531/1242/2349
f 2491/1200/2309 2492/1199/2310 2533/1240/2351 2532/1241/2350
f 2492/1199/2310 2493/1198/2311 2534/1239/2352 2533/1240/2351
f 2493/1198/2311 2494/1197/2312 2535/1238/2353 2534/1239/2352
f 2494/1197/2312 2495/1196/2313 2536/1237/2354 2535/1238/2353
f 2495/1196/2313 2496/1195/2314 2537/1236/2355 2536/1237/2354
f 2496/1195/2314 2497/1194/2315 2538/1235/2356 2537/1236/2355
f 2497/1194/2315 2498/1193/2316 2539/1234/2357 2538/1235/2356
f 2498/1193/2316 2499/1192/2317 2540/1233/2358 2539/1234/2357
f 2499/1192/2317 2500/1191/2318 2541/1232/2359 2540/1233/2358
f 2500/1191/2318 2501/1190/2319 2542/1231/2360 2541/1232/2359
f 1/82/2361 4/80/2362 2543/286/2363 2544/287/2364
f 4/80/2362 6/78/2365 2545/285/2366 2543/286/2363
f 6/78/2365 8/76/2367 2546/284/2368 2545/285/2366
f 8/76/2367 10/74/2369 2547/283/2370 2546/284/2368
f 10/74/2369 12/72/2371 2548/282/2372 2547/283/2370
f 12/72/2371 14/70/2373 2549/281/2374 2548/282/2372
f 14/70/2373 16/68/2375 2550/280/2376 2549/281/2374
f 16/68/2375 18/66/2377 2551/279/2378 2550/280/2376
f 18/66/2377 20/64/2379 2552/278/2380 2551/279/2378
f 20/64/2379 22/62/2381 2553/277/2382 2552/278/2380
f 22/62/2381 24/60/2383 2554/276/2384 2553/277/2382
f 24/60/2383 26/58/2385 2555/275/2386 2554/276/2384
f 26/58/2385 28/56/2387 2556/274/2388 2555/275/2386
f 28/56/2387 30/54/2389 2557/273/2390 2556/274/2388
f 30/54/2389 32/52/2391 2558/272/2392 2557/273/2390
f 32/52/2391 34/50/2393 2559/271/2394 2558/272/2392
f 34/50/2393 36/48/2395 2560/270/2396 2559/271/2394
f 36/48/2395 38/46/2397 2561/269/2398 2560/270/2396
f 38/46/2397 40/44/2399 2562/268/2400 2561/269/2398
f 40/44/2399 42/42/2401 2563/267/2402 2562/268/2400
f 42/42/2401 44/40/2403 2564/266/2404 2563/267/2402
f 44/40/2403 46/38/2405 2565/265/2406 2564/266/2404
f 46/38/2405 48/36/2407 2566/264/2408 2565/265/2406
f 48/36/2407 50/34/2409 2567/263/2410 2566/264/2408
f 50/34/2409 52/32/2411 2568/262/2412 2567/263/2410
f 52/32/2411 54/30/2413 2569/261/2414 2568/262/2412
f 54/30/2413 56/28/2415 2570/260/2416 2569/261/2414
f 56/28/2415 58/26/2417 2571/259/2418 2570/260/2416
f 58/26/2417 60/24/2419 2572/258/2420 2571/259/2418
f 60/24/2419 62/22/2421 2573/257/2422 2572/258/2420
f 62/22/2421 64/20/2423 2574/256/2424 2573/257/2422
f 64/20/2423 66/18/2425 2575/255/2426 2574/256/2424
f 66/18/2425 68/16/2427 2576/254/2428 2575/255/2426
f 68/16/2427 70/14/2429 2577/253/2430 2576/254/2428
f 70/14/2429 72/12/2431 2578/252/2432 2577/253/2430
f 72/12/2431 74/10/2433 2579/251/2434 2578/252/2432
f 74/10/2433 76/8/2435 2580/250/2436 2579/251/2434
f 76/8/2435 78/6/2437 2581/249/2438 2580/250/2436
f 78/6/2437 80/4/2439 2582/248/2440 2581/249/2438
f 80/4/2439 82/1/2441 2583/247/2442 2582/248/2440
f 2544/287/2364 2543/286/2363 2584/532/2443 2585/533/2444
f 2543/286/2363 2545/285/2366 2586/531/2445 2584/532/2443
f 2545/285/2366 2546/284/2368 2587/530/2446 2586/531/2445
f 2546/284/2368 2547/283/2370 2588/529/2447 2587/530/2446
f 2547/283/2370 2548/282/2372 2589/528/2448 2588/529/2447
f 2548/282/2372 2549/281/2374 2590/527/2449 2589/528/2448
f 2549/281/2374 2550/280/2376 2591/526/2450 2590/527/2449
f 2550/280/2376 2551/279/2378 2592/525/2451 2591/526/2450
f 2551/279/2378 2552/278/2380 2593/524/2452 2592/525/2451
f 2552/278/2380 2553/277/2382 2594/523/2453 2593/524/2452
f 2553/277/2382 2554/276/2384 2595/522/2454 2594/523/2453
f 2554/276/2384 2555/275/2386 2596/521/2455 2595/522/2454
f 2555/275/2386 2556/274/2388 2597/520/2456 2596/521/2455
f 2556/274/2388 2557/273/2390 2598/519/2457 2597/520/2456
f 2557/273/2390 2558/272/2392 2599/518/2458 2598/519/2457
f 2558/272/2392 2559/271/2394 2600/517/2459 2599/518/2458
f 2559/271/2394 2560/270/2396 2601/516/2460 2600/517/2459
f 2560/270/2396 2561/269/2398 2602/515/2461 2601/516/2460
f 2561/269/2398 2562/268/2400 2603/514/2462 2602/515/2461
f 2562/268/2400 2563/267/2402 2604/513/2463 2603/514/2462
f 2563/267/2402 2564/266/2404 2605/512/2464 2604/513/2463
f 2564/266/2404 2565/265/2406 2606/511/2465 2605/512/2464
f 2565/265/2406 2566/264/2408 2607/510/2466 2606/511/2465
f 2566/264/2408 2567/263/2410 2608/509/2467 2607/510/2466
f 2567/263/2410 2568/262/2412 2609/508/2468 2608/509/2467
f 2568/262/2412 2569/261/2414 2610/507/2469 2609/508/2468
f 2569/261/2414 2570/260/2416 2611/506/2470 2610/507/2469
f 2570/260/2416 2571/259/2418 2612/505/2471 2611/506/2470
f 2571/259/2418 2572/258/2420 2613/504/2472 2612/505/2471
f 2572/258/2420 2573/257/2422 2614/503/2473 2613/504/2472
f 2573/257/2422 2574/256/2424 2615/502/2474 2614/503/2473
f 2574/256/2424 2575/255/2426 2616/501/2475 2615/502/2474
f 2575/255/2426 2576/254/2428 2617/500/2476 2616/501/2475
f 2576/254/2428 2577/253/2430 2618/499/2477 2617/500/2476
f 2577/253/2430 2578/252/2432 2619/498/2478 2618/499/2477
f 2578/252/2432 2579/251/2434 2620/497/2479 2619/498/2478
f 2579/251/2434 2580/250/2436 2621/496/2480 2620/497/2479
f 2580/250/2436 2581/249/2438 2622/495/2481 2621/496/2480
f 2581/249/2438 2582/248/2440 2623/494/2482 2622/495/2481
f 2582/248/2440 2583/247/2442 2624/493/2483 2623/494/2482
f 2585/533/2444 2584/532/2443 2625/778/2484 2626/779/2485
f 2584/532/2443 2586/531/2445 2627/777/2486 2625/778/2484
f 2586/531/2445 2587/530/2446 2628/776/2487 2627/777/2486
f 2587/530/2446 2588/529/2447 2629/775/2488 2628/776/2487
f 2588/529/2447 2589/528/2448 2630/774/2489 2629/775/2488
f 2589/528/2448 2590/527/2449 2631/773/2490 2630/774/2489
f 2590/527/2449 2591/526/2450 2632/772/2491 2631/773/2490
f 2591/526/2450 2592/525/2451 2633/771/2492 2632/772/2491
f 2592/525/2451 2593/524/2452 2634/770/2493 2633/771/2492
f 2593/524/2452 2594/523/2453 2635/769/2494 2634/770/2493
f 2594/523/2453 2595/522/2454 2636/768/2495 2635/769/2494
f 2595/522/2454 2596/521/2455 2637/767/2496 2636/768/2495
f 2596/521/2455 2597/520/2456 2638/766/2497 2637/767/2496
f 2597/520/2456 2598/519/2457 2639/765/2498 2638/766/2497
f 2598/519/2457 2599/518/2458 2640/764/2499 2639/765/2498
f 2599/518/2458 2600/517/2459 2641/763/2500 2640/764/2499
f 2600/517/2459 2601/516/2460 2642/762/2501 2641/763/2500
f 2601/516/2460 2602/515/2461 2643/761/2502 2642/762/2501
f 2602/515/2461 2603/514/2462 2644/760/2503 2643/761/2502
f 2603/514/2462 2604/513/2463 2645/759/2504 2644/760/2503
f 2604/513/2463 2605/512/2464 2646/758/2505 2645/759/2504
f 2605/512/2464 2606/511/2465 2647/757/2506 2646/758/2505
f 2606/511/2465 2607/510/2466 2648/756/2507 2647/757/2506
f 2607/510/2466 2608/509/2467 2649/755/2508 2648/756/2507
f 2608/509/2467 2609/508/2468 2650/754/2509 2649/755/2508
f 2609/508/2468 2610/507/2469 2651/753/2510 2650/754/2509
f 2610/507/2469 2611/506/2470 2652/752/2511 2651/753/2510
f 2611/506/2470 2612/505/2471 2653/751/2512 2652/752/2511
f 2612/505/2471 2613/504/2472 2654/750/2513 2653/751/2512
f 2613/504/2472 2614/503/2473 2655/749/2514 2654/750/2513
f 2614/503/2473 2615/502/2474 2656/748/2515 2655/749/2514
f 2615/502/2474 2616/501/2475 2657/747/2516 2656/748/2515
f 2616/501/2475 2617/500/2476 2658/746/2517 2657/747/2516
f 2617/500/2476 2618/499/2477 2659/745/2518 2658/746/2517
f 2618/499/2477 2619/498/2478 2660/744/2519 2659/745/2518
f 2619/498/2478 2620/497/2479 2661/743/2520 2660/744/2519
f 2620/497/2479 2621/496/2480 2662/742/2521 2661/743/2520
f 2621/496/2480 2622/495/2481 2663/741/2522 2662/742/2521
f 2622/495/2481 2623/494/2482 2664/740/2523 2663/741/2522
f 2623/494/2482 2624/493/2483 2665/739/2524 2664/740/2523
f 2626/779/2485 2625/778/2484 2666/1024/2525 2667/1025/2526
f 2625/778/2484 2627/777/2486 2668/1023/2527 2666/1024/2525
f 2627/777/2486 2628/776/2487 2669/1022/2528 2668/1023/2527
f 2628/776/2487 2629/775/2488 2670/1021/2529 2669/1022/2528
f 2629/775/2488 2630/774/2489 2671/1020/2530 2670/1021/2529
f 2630/774/2489 2631/773/2490 2672/1019/2531 2671/1020/2530
f 2631/773/2490 2632/772/2491 2673/1018/2532 2672/1019/2531
f 2632/772/2491 2633/771/2492 2674/1017/2533 2673/1018/2532
f 2633/771/2492 2634/770/2493 2675/1016/2534 2674/1017/2533
f 2634/770/2493 2635/769/2494 2676/1015/2535 2675/1016/2534
f 2635/769/2494 2636/768/2495 2677/1014/2536 2676/1015/2535
f 2636/768/2495 2637/767/2496 2678/1013/2537 2677/1014/2536
f 2637/767/2496 2638/766/2497 2679/1012/2538 2678/1013/2537
f 2638/766/2497 2639/765/2498 2680/1011/2539 2679/1012/2538
f 2639/765/2498 2640/764/2499 2681/1010/2540 2680/1011/2539
f 2640/764/2499 2641/763/2500 2682/1009/2541 2681/1010/2540
f 2641/763/2500 2642/762/2501 2683/1008/2542 2682/1009/2541
f 2642/762/2501 2643/761/2502 2684/1007/2543 2683/1008/2542
f 2643/761/2502 2644/760/2503 2685/1006/2544 2684/1007/2543
f 2644/760/2503 2645/759/2504 2686/1005/2545 2685/1006/2544
f 2645/759/2504 2646/758/2505 2687/1004/2546 2686/1005/2545
f 2646/758/2505 2647/757/2506 2688/1003/2547 2687/1004/2546
f 2647/757/2506 2648/756/2507 2689/1002/2548 2688/1003/2547
f 2648/756/2507 2649/755/2508 2690/1001/2549 2689/1002/2548
f 2649/755/2508 2650/754/2509 2691/1000/2550 2690/1001/2549
f 2650/754/2509 2651/753/2510 2692/999/2551 2691/1000/2550
f 2651/753/2510 2652/752/2511 2693/998/2552 2692/999/2551
f 2652/752/2511 2653/751/2512 2694/997/2553 2693/998/2552
f 2653/751/2512 2654/750/2513 2695/996/2554 2694/997/2553
f 2654/750/2513 2655/749/2514 2696/995/2555 2695/996/2554
f 2655/749/2514 2656/748/2515 2697/994/2556 2696/995/2555
f 2656/748/2515 2657/747/2516 2698/993/2557 2697/994/2556
f 2657/747/2516 2658/746/2517 2699/992/2558 2698/993/2557
f 2658/746/2517 2659/745/2518 2700/991/2559 2699/992/2558
f 2659/745/2518 2660/744/2519 2701/990/2560 2700/991/2559
f 2660/744/2519 2661/743/2520 2702/989/2561 2701/990/2560
f 2661/743/2520 2662/742/2521 2703/988/2562 2702/989/2561
f 2662/742/2521 2663/741/2522 2704/987/2563 2703/988/2562
f 2663/741/2522 2664/740/2523 2705/986/2564 2704/987/2563
f 2664/740/2523 2665/739/2524 2706/985/2565 2705/986/2564
f 2667/1025/2526 2666/1024/2525 1273/1270/2566 1272/1271/2567
f 2666/1024/2525 2668/1023/2527 1276/1269/2568 1273/1270/2566
f 2668/1023/2527 2669/1022/2528 1278/1268/2569 1276/1269/2568
f 2669/1022/2528 2670/1021/2529 1280/1267/2570 1278/1268/2569
f 2670/1021/2529 2671/1020/2530 1282/1266/2571 1280/1267/2570
f 2671/1020/2530 2672/1019/2531 1284/1265/2572 1282/1266/2571
f 2672/1019/2531 2673/1018/2532 1286/1264/2573 1284/1265/2572
f 2673/1018/2532 2674/1017/2533 1288/1263/2574 1286/1264/2573
f 2674/1017/2533 2675/1016/2534 1290/1262/2575 1288/1263/2574
f 2675/1016/2534 2676/1015/2535 1292/1261/2576 1290/1262/2575
f 2676/1015/2535 2677/1014/2536 1294/1260/2577 1292/1261/2576
f 2677/1014/2536 2678/1013/2537 1296/1259/2578 1294/1260/2577
f 2678/1013/2537 2679/1012/2538 1298/1258/2579 1296/1259/2578
f 2679/1012/2538 2680/1011/2539 1300/1257/2580 1298/1258/2579
f 2680/1011/2539 2681/1010/2540 1302/1256/2581 1300/1257/2580
f 2681/1010/2540 2682/1009/2541 1304/1255/2582 1302/1256/2581
f 2682/1009/2541 2683/1008/2542 1306/1254/2583 1304/1255/2582
f 2683/1008/2542 2684/1007/2543 1308/1253/2584 1306/1254/2583
f 2684/1007/2543 2685/1006/2544 1310/1252/2585 1308/1253/2584
f 2685/1006/2544 2686/1005/2545 1312/1251/2586 1310/1252/2585
f 2686/1005/2545 2687/1004/2546 1314/1250/2587 1312/1251/2586
f 2687/1004/2546 2688/1003/2547 1316/1249/2588 1314/1250/2587
f 2688/1003/2547 2689/1002/2548 1318/1248/2589 1316/1249/2588
f 2689/1002/2548 2690/1001/2549 1320/1247/2590 1318/1248/2589
f 2690/1001/2549 2691/1000/2550 1322/1246/2591 1320/1247/2590
f 2691/1000/2550 2692/999/2551 1324/1245/2592 1322/1246/2591
f 2692/999/2551 2693/998/2552 1326/1244/2593 1324/1245/2592
f 2693/998/2552 2694/997/2553 1328/1243/2594 1326/1244/2593
f 2694/997/2553 2695/996/2554 1330/1242/2595 1328/1243/2594
f 2695/996/2554 2696/995/2555 1332/1241/2596 1330/1242/2595
f 2696/995/2555 2697/994/2556 1334/1240/2597 1332/1241/2596
f 2697/994/2556 2698/993/2557 1336/1239/2598 1334/1240/2597
f 2698/993/2557 2699/992/2558 1338/1238/2599 1336/1239/2598
f 2699/992/2558 2700/991/2559 1340/1237/2600 1338/1238/2599
f 2700/991/2559 2701/990/2560 1342/1236/2601 1340/1237/2600
f 2701/990/2560 2702/989/2561 1344/1235/2602 1342/1236/2601
f 2702/989/2561 2703/988/2562 1346/1234/2603 1344/1235/2602
f 2703/988/2562 2704/987/2563 1348/1233/2604 1346/1234/2603
f 2704/987/2563 2705/986/2564 1350/1232/2605 1348/1233/2604
f 2705/986/2564 2706/985/2565 1352/1231/2606 1350/1232/2605
f 82/82/2607 81/1272/2608 2707/1273/2609 2583/287/2610
f 81/1272/2608 123/1274/2611 2708/1275/2612 2707/1273/2609
f 123/1274/2611 164/74/2613 2709/283/2614 2708/1275/2612
f 164/74/2613 205/1276/2615 2710/1277/2616 2709/283/2614
f 205/1276/2615 246/1278/2617 2711/1279/2618 2710/1277/2616
f 246/1278/2617 287/66/2619 2712/279/2620 2711/1279/2618
f 287/66/2619 328/1280/2621 2713/1281/2622 2712/279/2620
f 328/1280/2621 369/1282/2623 2714/1283/2624 2713/1281/2622
f 369/1282/2623 410/58/2625 2715/275/2626 2714/1283/2624
f 410/58/2625 451/1284/2627 2716/1285/2628 2715/275/2626
f 451/1284/2627 492/1286/2629 2717/1287/2630 2716/1285/2628
f 492/1286/2629 533/50/2631 2718/271/2632 2717/1287/2630
f 533/50/2631 574/1288/2633 2719/1289/2634 2718/271/2632
f 574/1288/2633 615/1290/2635 2720/1291/2636 2719/1289/2634
f 615/1290/2635 656/42/2637 2721/267/2638 2720/1291/2636
f 656/42/2637 697/1292/2639 2722/1293/2640 2721/267/2638
f 697/1292/2639 738/1294/2641 2723/1295/2642 2722/1293/2640
f 738/1294/2641 779/34/2643 2724/263/2644 2723/1295/2642
f 779/34/2643 820/1296/2645 2725/1297/2646 2724/263/2644
f 820/1296/2645 861/1298/2647 2726/1299/2648 2725/1297/2646
f 861/1298/2647 902/26/2649 2727/259/2650 2726/1299/2648
f 902/26/2649 943/1300/2651 2728/1301/2652 2727/259/2650
f 943/1300/2651 984/1302/2653 2729/1303/2654 2728/1301/2652
f 984/1302/2653 1025/18/2655 2730/255/2656 2729/1303/2654
f 1025/18/2655 1066/1304/2657 2731/1305/2658 2730/255/2656
f 1066/1304/2657 1107/1306/2659 2732/1307/2660 2731/1305/2658
f 1107/1306/2659 1148/10/2661 2733/251/2662 2732/1307/2660
f 1148/10/2661 1189/1308/2663 2734/1309/2664 2733/251/2662
f 1189/1308/2663 1230/1310/2665 2735/1311/2666 2734/1309/2664
f 1230/1310/2665 1271/1/2667 2736/247/2668 2735/1311/2666
f 2583/287/2610 2707/1273/2609 2737/1312/2669 2624/533/2670
f 2707/1273/2609 2708/1275/2612 2738/1313/2671 2737/1312/2669
f 2708/1275/2612 2709/283/2614 2739/529/2672 2738/1313/2671
f 2709/283/2614 2710/1277/2616 2740/1314/2673 2739/529/2672
f 2710/1277/2616 2711/1279/2618 2741/1315/2674 2740/1314/2673
f 2711/1279/2618 2712/279/2620 2742/525/2675 2741/1315/2674
f 2712/279/2620 2713/1281/2622 2743/1316/2676 2742/525/2675
f 2713/1281/2622 2714/1283/2624 2744/1317/2677 2743/1316/2676
f 2714/1283/2624 2715/275/2626 2745/521/2678 2744/1317/2677
f 2715/275/2626 2716/1285/2628 2746/1318/2679 2745/521/2678
f 2716/1285/2628 2717/1287/2630 2747/1319/2680 2746/1318/2679
f 2717/1287/2630 2718/271/2632 2748/517/2681 2747/1319/2680
f 2718/271/2632 2719/1289/2634 2749/1320/2682 2748/517/2681
f 2719/1289/2634 2720/1291/2636 2750/1321/2683 2749/1320/2682
f 2720/1291/2636 2721/267/2638 2751/513/2684 2750/1321/2683
f 2721/267/2638 2722/1293/2640 2752/1322/2685 2751/513/2684
f 2722/1293/2640 2723/1295/2642 2753/1323/2686 2752/1322/2685
f 2723/1295/2642 2724/263/2644 2754/509/2687 2753/1323/2686
f 2724/263/2644 2725/1297/2646 2755/1324/2688 2754/509/2687
f 2725/1297/2646 2726/1299/2648 2756/1325/2689 2755/1324/2688
f 2726/1299/2648 2727/259/2650 2757/505/2690 2756/1325/2689
f 2727/259/2650 2728/1301/2652 2758/1326/2691 2757/505/2690
f 2728/1301/2652 2729/1303/2654 2759/1327/2692 2758/1326/2691
f 2729/1303/2654 2730/255/2656 2760/501/2693 2759/1327/2692
f 2730/255/2656 2731/1305/2658 2761/1328/2694 2760/501/2693
f 2731/1305/2658 2732/1307/2660 2762/1329/2695 2761/1328/2694
f 2732/1307/2660 2733/251/2662 2763/497/2696 2762/1329/2695
f 2733/251/2662 2734/1309/2664 2764/1330/2697 2763/497/2696
f 2734/1309/2664 2735/1311/2666 2765/1331/2698 2764/1330/2697
f 2735/1311/2666 2736/247/2668 2766/493/2699 2765/1331/2698
f 2624/533/2670 2737/1312/2669 2767/1332/2700 2665/779/2701
f 2737/1312/2669 2738/1313/2671 2768/1333/2702 2767/1332/2700
f 2738/1313/2671 2739/529/2672 2769/775/2703 2768/1333/2702
f 2739/529/2672 2740/1314/2673 2770/1334/2704 2769/775/2703
f 2740/1314/2673 2741/1315/2674 2771/1335/2705 2770/1334/2704
f 2741/1315/2674 2742/525/2675 2772/771/2706 2771/1335/2705
f 2742/525/2675 2743/1316/2676 2773/1336/2707 2772/771/2706
f 2743/1316/2676 2744/1317/2677 2774/1337/2708 2773/1336/2707
f 2744/1317/2677 2745/521/2678 2775/767/2709 2774/1337/2708
f 2745/521/2678 2746/1318/2679 2776/1338/2710 2775/767/2709
f 2746/1318/2679 2747/1319/2680 2777/1339/2711 2776/1338/2710
f 2747/1319/2680 2748/517/2681 2778/763/2712 2777/1339/2711
f 2748/517/2681 2749/1320/2682 2779/1340/2713 2778/763/2712
f 2749/1320/2682 2750/1321/2683 2780/1341/2714 2779/1340/2713
f 2750/1321/2683 2751/513/2684 2781/759/2715 2780/1341/2714
f 2751/513/2684 2752/1322/2685 2782/1342/2716 2781/759/2715
f 2752/1322/2685 2753/1323/2686 2783/1343/2717 2782/1342/2716
f 2753/1323/2686 2754/509/2687 2784/755/2718 2783/1343/2717
f 2754/509/2687 2755/1324/2688 2785/1344/2719 2784/755/2718
f 2755/1324/2688 2756/1325/2689 2786/1345/2720 2785/1344/2719
f 2756/1325/2689 2757/505/2690 2787/751/2721 2786/1345/2720
f 2757/505/2690 2758/1326/2691 2788/1346/2722 2787/751/2721
f 2758/1326/2691 2759/1327/2692 2789/1347/2723 2788/1346/2722
f 2759/1327/2692 2760/501/2693 2790/747/2724 2789/1347/2723
f 2760/501/2693 2761/1328/2694 2791/1348/2725 2790/747/2724
f 2761/1328/2694 2762/1329/2695 2792/1349/2726 2791/1348/2725
f 2762/1329/2695 2763/497/2696 2793/743/2727 2792/1349/2726
f 2763/497/2696 2764/1330/2697 2794/1350/2728 2793/743/2727
f 2764/1330/2697 2765/1331/2698 2795/1351/2729 2794/1350/2728
f 2765/1331/2698 2766/493/2699 2796/739/2730 2795/1351/2729
f 2665/779/2701 2767/1332/2700 2797/1352/2731 2706/1025/2732
f 2767/1332/2700 2768/1333/2702 2798/1353/2733 2797/1352/2731
f 2768/1333/2702 2769/775/2703 2799/1021/2734 2798/1353/2733
f 2769/775/2703 2770/1334/2704 2800/1354/2735 2799/1021/2734
f 2770/1334/2704 2771/1335/2705 2801/1355/2736 2800/1354/2735
f 2771/1335/2705 2772/771/2706 2802/1017/2737 2801/1355/2736
f 2772/771/2706 2773/1336/2707 2803/1356/2738 2802/1017/2737
f 2773/1336/2707 2774/1337/2708 2804/1357/2739 2803/1356/2738
f 2774/1337/2708 2775/767/2709 2805/1013/2740 2804/1357/2739
f 2775/767/2709 2776/1338/2710 2806/1358/2741 2805/1013/2740
f 2776/1338/2710 2777/1339/2711 2807/1359/2742 2806/1358/2741
f 2777/1339/2711 2778/763/2712 2808/1009/2743 2807/1359/2742
f 2778/763/2712 2779/1340/2713 2809/1360/2744 2808/1009/2743
f 2779/1340/2713 2780/1341/2714 2810/1361/2745 2809/1360/2744
f 2780/1341/2714 2781/759/2715 2811/1005/2746 2810/1361/2745
f 2781/759/2715 2782/1342/2716 2812/1362/2747 2811/1005/2746
f 2782/1342/2716 2783/1343/2717 2813/1363/2748 2812/1362/2747
f 2783/1343/2717 2784/755/2718 2814/1001/2749 2813/1363/2748
f 2784/755/2718 2785/1344/2719 2815/1364/2750 2814/1001/2749
f 2785/1344/2719 2786/1345/2720 2816/1365/2751 2815/1364/2750
f 2786/1345/2720 2787/751/2721 2817/997/2752 2816/1365/2751
f 2787/751/2721 2788/1346/2722 2818/1366/2753 2817/997/2752
f 2788/1346/2722 2789/1347/2723 2819/1367/2754 2818/1366/2753
f 2789/1347/2723 2790/747/2724 2820/993/2755 2819/1367/2754
f 2790/747/2724 2791/1348/2725 2821/1368/2756 2820/993/2755
f 2791/1348/2725 2792/1349/2726 2822/1369/2757 2821/1368/2756
f 2792/1349/2726 2793/743/2727 2823/989/2758 2822/1369/2757
f 2793/743/2727 2794/1350/2728 2824/1370/2759 2823/989/2758
f 2794/1350/2728 2795/1351/2729 2825/1371/2760 2824/1370/2759
f 2795/1351/2729 2796/739/2730 2826/985/2761 2825/1371/2760
f 2706/1025/2732 2797/1352/2731 1353/1372/2762 1352/1271/2763
f 2797/1352/2731 2798/1353/2733 1394/1373/2764 1353/1372/2762
f 2798/1353/2733 2799/1021/2734 1435/1267/2765 1394/1373/2764
f 2799/1021/2734 2800/1354/2735 1476/1374/2766 1435/1267/2765
f 2800/1354/2735 2801/1355/2736 1517/1375/2767 1476/1374/2766
f 2801/1355/2736 2802/1017/2737 1558/1263/2768 1517/1375/2767
f 2802/1017/2737 2803/1356/2738 1599/1376/2769 1558/1263/2768
f 2803/1356/2738 2804/1357/2739 1640/1377/2770 1599/1376/2769
f 2804/1357/2739 2805/1013/2740 1681/1259/2771 1640/1377/2770
f 2805/1013/2740 2806/1358/2741 1722/1378/2772 1681/1259/2771
f 2806/1358/2741 2807/1359/2742 1763/1379/2773 1722/1378/2772
f 2807/1359/2742 2808/1009/2743 1804/1255/2774 1763/1379/2773
f 2808/1009/2743 2809/1360/2744 1845/1380/2775 1804/1255/2774
f 2809/1360/2744 2810/1361/2745 1886/1381/2776 1845/1380/2775
f 2810/1361/2745 2811/1005/2746 1927/1251/2777 1886/1381/2776
f 2811/1005/2746 2812/1362/2747 1968/1382/2778 1927/1251/2777
f 2812/1362/2747 2813/1363/2748 2009/1383/2779 1968/1382/2778
f 2813/1363/2748 2814/1001/2749 2050/1247/2780 2009/1383/2779
f 2814/1001/2749 2815/1364/2750 2091/1384/2781 2050/1247/2780
f 2815/1364/2750 2816/1365/2751 2132/1385/2782 2091/1384/2781
f 2816/1365/2751 2817/997/2752 2173/1243/2783 2132/1385/2782
f 2817/997/2752 2818/1366/2753 2214/1386/2784 2173/1243/2783
f 2818/1366/2753 2819/1367/2754 2255/1387/2785 2214/1386/2784
f 2819/1367/2754 2820/993/2755 2296/1239/2786 2255/1387/2785
f 2820/993/2755 2821/1368/2756 2337/1388/2787 2296/1239/2786
f 2821/1368/2756 2822/1369/2757 2378/1389/2788 2337/1388/2787
f 2822/1369/2757 2823/989/2758 2419/1235/2789 2378/1389/2788
f 2823/989/2758 2824/1370/2759 2460/1390/2790 2419/1235/2789
f 2824/1370/2759 2825/1371/2760 2501/1391/2791 2460/1390/2790
f 2825/1371/2760 2826/985/2761 2542/1231/2792 2501/1391/2791
f 1271/82/2793 1270/80/2794 2827/286/2795 2736/287/2796
f 1270/80/2794 1269/78/2797 2828/285/2798 2827/286/2795
f 1269/78/2797 1268/76/2799 2829/284/2800 2828/285/2798
f 1268/76/2799 1267/74/2801 2830/283/2802 2829/284/2800
f 1267/74/2801 1266/72/2803 2831/282/2804 2830/283/2802
f 1266/72/2803 1265/70/2805 2832/281/2806 2831/282/2804
f 1265/70/2805 1264/68/2807 2833/280/2808 2832/281/2806
f 1264/68/2807 1263/66/2809 2834/279/2810 2833/280/2808
f 1263/66/2809 1262/64/2811 2835/278/2812 2834/279/2810
f 1262/64/2811 1261/62/2813 2836/277/2814 2835/278/2812
f 1261/62/2813 1260/60/2815 2837/276/2816 2836/277/2814
f 1260/60/2815 1259/58/2817 2838/275/2818 2837/276/2816
f 1259/58/2817 1258/56/2819 2839/274/2820 2838/275/2818
f 1258/56/2819 1257/54/2821 2840/273/2822 2839/274/2820
f 1257/54/2821 1256/52/2823 2841/272/2824 2840/273/2822
f 1256/52/2823 1255/50/2825 2842/271/2826 2841/272/2824
f 1255/50/2825 1254/48/2827 2843/270/2828 2842/271/2826
f 1254/48/2827 1253/46/2829 2844/269/2830 2843/270/2828
f 1253/46/2829 1252/44/2831 2845/268/2832 2844/269/2830
f 1252/44/2831 1251/42/2833 2846/267/2834 2845/268/2832
f 1251/42/2833 1250/40/2835 2847/266/2836 2846/267/2834
f 1250/40/2835 1249/38/2837 2848/265/2838 2847/266/2836
f 1249/38/2837 1248/36/2839 2849/264/2840 2848/265/2838
f 1248/36/2839 1247/34/2841 2850/263/2842 2849/264/2840
f 1247/34/2841 1246/32/2843 2851/262/2844 2850/263/2842
f 1246/32/2843 1245/30/2845 2852/261/2846 2851/262/2844
f 1245/30/2845 1244/28/2847 2853/260/2848 2852/261/2846
f 1244/28/2847 1243/26/2849 2854/259/2850 2853/260/2848
f 1243/26/2849 1242/24/2851 2855/258/2852 2854/259/2850
f 1242/24/2851 1241/22/2853 2856/257/2854 2855/258/2852
f 1241/22/2853 1240/20/2855 2857/256/2856 2856/257/2854
f 1240/20/2855 1239/18/2857 2858/255/2858 2857/256/2856
f 1239/18/2857 1238/16/2859 2859/254/2860 2858/255/2858
f 1238/16/2859 1237/14/2861 2860/253/2862 2859/254/2860
f 1237/14/2861 1236/12/2863 2861/252/2864 2860/253/2862
f 1236/12/2863 1235/10/2865 2862/251/2866 2861/252/2864
f 1235/10/2865 1234/8/2867 2863/250/2868 2862/251/2866
f 1234/8/2867 1233/6/2869 2864/249/2870 2863/250/2868
f 1233/6/2869 1232/4/2871 2865/248/2872 2864/249/2870
f 1232/4/2871 1231/1/2873 2866/247/2874 2865/248/2872
f 2736/287/2796 2827/286/2795 2867/532/2875 2766/533/2876
f 2827/286/2795 2828/285/2798 2868/531/2877 2867/532/2875
f 2828/285/2798 2829/284/2800 2869/530/2878 2868/531/2877
f 2829/284/2800 2830/283/2802 2870/529/2879 2869/530/2878
f 2830/283/2802 2831/282/2804 2871/528/2880 2870/529/2879
f 2831/282/2804 2832/281/2806 2872/527/2881 2871/528/2880
f 2832/281/2806 2833/280/2808 2873/526/2882 2872/527/2881
f 2833/280/2808 2834/279/2810 2874/525/2883 2873/526/2882
f 2834/279/2810 2835/278/2812 2875/524/2884 2874/525/2883
f 2835/278/2812 2836/277/2814 2876/523/2885 2875/524/2884
f 2836/277/2814 2837/276/2816 2877/522/2886 2876/523/2885
f 2837/276/2816 2838/275/2818 2878/521/2887 2877/522/2886
f 2838/275/2818 2839/274/2820 2879/520/2888 2878/521/2887
f 2839/274/2820 2840/273/2822 2880/519/2889 2879/520/2888
f 2840/273/2822 2841/272/2824 2881/518/2890 2880/519/2889
f 2841/272/2824 2842/271/2826 2882/517/2891 2881/518/2890
f 2842/271/2826 2843/270/2828 2883/516/2892 2882/517/2891
f 2843/270/2828 2844/269/2830 2884/515/2893 2883/516/2892
f 2844/269/2830 2845/268/2832 2885/514/2894 2884/515/2893
f 2845/268/2832 2846/267/2834 2886/513/2895 2885/514/2894
f 2846/267/2834 2847/266/2836 2887/512/2896 2886/513/2895
f 2847/266/2836 2848/265/2838 2888/511/2897 2887/512/2896
f 2848/265/2838 2849/264/2840 2889/510/2898 2888/511/2897
f 2849/264/2840 2850/263/2842 2890/509/2899 2889/510/2898
f 2850/263/2842 2851/262/2844 2891/508/2900 2890/509/2899
f 2851/262/2844 2852/261/2846 2892/507/2901 2891/508/2900
f 2852/261/2846 2853/260/2848 2893/506/2902 2892/507/2901
f 2853/260/2848 2854/259/2850 2894/505/2903 2893/506/2902
f 2854/259/2850 2855/258/2852 2895/504/2904 2894/505/2903
f 2855/258/2852 2856/257/2854 2896/503/2905 2895/504/2904
f 2856/257/2854 2857/256/2856 2897/502/2906 2896/503/2905
f 2857/256/2856 2858/255/2858 2898/501/2907 2897/502/2906
f 2858/255/2858 2859/254/2860 2899/500/2908 2898/501/2907
f 2859/254/2860 2860/253/2862 2900/499/2909 2899/500/2908
f 2860/253/2862 2861/252/2864 2901/498/2910 2900/499/2909
f 2861/252/2864 2862/251/2866 2902/497/2911 2901/498/2910
f 2862/251/2866 2863/250/2868 2903/496/2912 2902/497/2911
f 2863/250/2868 2864/249/2870 2904/495/2913 2903/496/2912
f 2864/249/2870 2865/248/2872 2905/494/2914 2904/495/2913
f 2865/248/2872 2866/247/2874 2906/493/2915 2905/494/2914
f 2766/533/2876 2867/532/2875 2907/778/2916 2796/779/2917
f 2867/532/2875 2868/531/2877 2908/777/2918 2907/778/2916
f 2868/531/2877 2869/530/2878 2909/776/2919 2908/777/2918
f 2869/530/2878 2870/529/2879 2910/775/2920 2909/776/2919
f 2870/529/2879 2871/528/2880 2911/774/2921 2910/775/2920
f 2871/528/2880 2872/527/2881 2912/773/2922 2911/774/2921
f 2872/527/2881 2873/526/2882 2913/772/2923 2912/773/2922
f 2873/526/2882 2874/525/2883 2914/771/2924 2913/772/2923
f 2874/525/2883 2875/524/2884 2915/770/2925 2914/771/2924
f 2875/524/2884 2876/523/2885 2916/769/2926 2915/770/2925
f 2876/523/2885 2877/522/2886 2917/768/2927 2916/769/2926
f 2877/522/2886 2878/521/2887 2918/767/2928 2917/768/2927
f 2878/521/2887 2879/520/2888 2919/766/2929 2918/767/2928
f 2879/520/2888 2880/519/2889 2920/765/2930 2919/766/2929
f 2880/519/2889 2881/518/2890 2921/764/2931 2920/765/2930
f 2881/518/2890 2882/517/2891 2922/763/2932 2921/764/2931
f 2882/517/2891 2883/516/2892 2923/762/2933 2922/763/2932
f 2883/516/2892 2884/515/2893 2924/761/2934 2923/762/2933
f 2884/515/2893 2885/514/2894 2925/760/2935 2924/761/2934
f 2885/514/2894 2886/513/2895 2926/759/2936 2925/760/2935
f 2886/513/2895 2887/512/2896 2927/758/2937 2926/759/2936
f 2887/512/2896 2888/511/2897 2928/757/2938 2927/758/2937
f 2888/511/2897 2889/510/2898 2929/756/2939 2928/757/2938
f 2889/510/2898 2890/509/2899 2930/755/2940 2929/756/2939
f 2890/509/2899 2891/508/2900 2931/754/2941 2930/755/2940
f 2891/508/2900 2892/507/2901 2932/753/2942 2931/754/2941
f 2892/507/2901 2893/506/2902 2933/752/2943 2932/753/2942
f 2893/506/2902 2894/505/2903 2934/751/2944 2933/752/2943
f 2894/505/2903 2895/504/2904 2935/750/2945 2934/751/2944
f 2895/504/2904 2896/503/2905 2936/749/2946 2935/750/2945
f 2896/503/2905 2897/502/2906 2937/748/2947 2936/749/2946
f 2897/502/2906 2898/501/2907 2938/747/2948 2937/748/2947
f 2898/501/2907 2899/500/2908 2939/746/2949 2938/747/2948
f 2899/500/2908 2900/499/2909 2940/745/2950 2939/746/2949
f 2900/499/2909 2901/498/2910 2941/744/2951 2940/745/2950
f 2901/498/2910 2902/497/2911 2942/743/2952 2941/744/2951
f 2902/497/2911 2903/496/2912 2943/742/2953 2942/743/2952
f 2903/496/2912 2904/495/2913 2944/741/2954 2943/742/2953
f 2904/495/2913 2905/494/2914 2945/740/2955 2944/741/2954
f 2905/494/2914 2906/493/2915 2946/739/2956 2945/740/2955
f 2796/779/2917 2907/778/2916 2947/1024/2957 2826/1025/2958
f 2907/778/2916 2908/777/2918 2948/1023/2959 2947/1024/2957
f 2908/777/2918 2909/776/2919 2949/1022/2960 2948/1023/2959
f 2909/776/2919 2910/775/2920 2950/1021/2961 2949/1022/2960
f 2910/775/2920 2911/774/2921 2951/1020/2962 2950/1021/2961
f 2911/774/2921 2912/773/2922 2952/1019/2963 2951/1020/2962
f 2912/773/2922 2913/772/2923 2953/1018/2964 2952/1019/2963
f 2913/772/2923 2914/771/2924 2954/1017/2965 2953/1018/2964
f 2914/771/2924 2915/770/2925 2955/1016/2966 2954/1017/2965
f 2915/770/2925 2916/769/2926 2956/1015/2967 2955/1016/2966
f 2916/769/2926 2917/768/2927 2957/1014/2968 2956/1015/2967
f 2917/768/2927 2918/767/2928 2958/1013/2969 2957/1014/2968
f 2918/767/2928 2919/766/2929 2959/1012/2970 2958/1013/2969
f 2919/766/2929 2920/765/2930 2960/1011/2971 2959/1012/2970
f 2920/765/2930 2921/764/2931 2961/1010/2972 2960/1011/2971
f 2921/764/2931 2922/763/2932 2962/1009/2973 2961/1010/2972
f 2922/763/2932 2923/762/2933 2963/1008/2974 2962/1009/2973
f 2923/762/2933 2924/761/2934 2964/1007/2975 2963/1008/2974
f 2924/761/2934 2925/760/2935 2965/1006/2976 2964/1007/2975
f 2925/760/2935 2926/759/2936 2966/1005/2977 2965/1006/2976
f 2926/759/2936 2927/758/2937 2967/1004/2978 2966/1005/2977
f 2927/758/2937 2928/757/2938 2968/1003/2979 2967/1004/2978
f 2928/757/2938 2929/756/2939 2969/1002/2980 2968/1003/2979
f 2929/756/2939 2930/755/2940 2970/1001/2981 2969/1002/2980
f 2930/755/2940 2931/754/2941 2971/1000/2982 2970/1001/2981
f 2931/754/2941 2932/753/2942 2972/999/2983 2971/1000/2982
f 2932/753/2942 2933/752/2943 2973/998/2984 2972/999/2983
f 2933/752/2943 2934/751/2944 2974/997/2985 2973/998/2984
f 2934/751/2944 2935/750/2945 2975/996/2986 2974/997/2985
f 2935/750/2945 2936/749/2946 2976/995/2987 2975/996/2986
f 2936/749/2946 2937/748/2947 2977/994/2988 2976/995/2987
f 2937/748/2947 2938/747/2948 2978/993/2989 2977/994/2988
f 2938/747/2948 2939/746/2949 2979/992/2990 2978/993/2989
f 2939/746/2949 2940/745/2950 2980/991/2991 2979/992/2990
f 2940/745/2950 2941/744/2951 2981/990/2992 2980/991/2991
f 2941/744/2951 2942/743/2952 2982/989/2993 2981/990/2992
f 2942/743/2952 2943/742/2953 2983/988/2994 2982/989/2993
f 2943/742/2953 2944/741/2954 2984/987/2995 2983/988/2994
f 2944/741/2954 2945/740/2955 2985/986/2996 2984/987/2995
f 2945/740/2955 2946/739/2956 2986/985/2997 2985/986/2996
f 2826/1025/2958 2947/1024/2957 2541/1270/2998 2542/1271/2999
f 2947/1024/2957 2948/1023/2959 2540/1269/3000 2541/1270/2998
f 2948/1023/2959 2949/1022/2960 2539/1268/3001 2540/1269/3000
f 2949/1022/2960 2950/1021/2961 2538/1267/3002 2539/1268/3001
f 2950/1021/2961 2951/1020/2962 2537/1266/3003 2538/1267/3002
f 2951/1020/2962 2952/1019/2963 2536/1265/3004 2537/1266/3003
f 2952/1019/2963 2953/1018/2964 2535/1264/3005 2536/1265/3004
f 2953/1018/2964 2954/1017/2965 2534/1263/3006 2535/1264/3005
f 2954/1017/2965 2955/1016/2966 2533/1262/3007 2534/1263/3006
f 2955/1016/2966 2956/1015/2967 2532/1261/3008 2533/1262/3007
f 2956/1015/2967 2957/1014/2968 2531/1260/3009 2532/1261/3008
f 2957/1014/2968 2958/1013/2969 2530/1259/3010 2531/1260/3009
f 2958/1013/2969 2959/1012/2970 2529/1258/3011 2530/1259/3010
f 2959/1012/2970 2960/1011/2971 2528/1257/3012 2529/1258/3011
f 2960/1011/2971 2961/1010/2972 2527/1256/3013 2528/1257/3012
f 2961/1010/2972 2962/1009/2973 2526/1255/3014 2527/1256/3013
f 2962/1009/2973 2963/1008/2974 2525/1254/3015 2526/1255/3014
f 2963/1008/2974 2964/1007/2975 2524/1253/3016 2525/1254/3015
f 2964/1007/2975 2965/1006/2976 2523/1252/3017 2524/1253/3016
f 2965/1006/2976 2966/1005/2977 2522/1251/3018 2523/1252/3017
f 2966/1005/2977 2967/1004/2978 2521/1250/3019 2522/1251/3018
f 2967/1004/2978 2968/1003/2979 2520/1249/3020 2521/1250/3019
f 2968/1003/2979 2969/1002/2980 2519/1248/3021 2520/1249/3020
f 2969/1002/2980 2970/1001/2981 2518/1247/3022 2519/1248/3021
f 2970/1001/2981 2971/1000/2982 2517/1246/3023 2518/1247/3022
f 2971/1000/2982 2972/999/2983 2516/1245/3024 2517/1246/3023
f 2972/999/2983 2973/998/2984 2515/1244/3025 2516/1245/3024
f 2973/998/2984 2974/997/2985 2514/1243/3026 2515/1244/3025
f 2974/997/2985 2975/996/2986 2513/1242/3027 2514/1243/3026
f 2975/996/2986 2976/995/2987 2512/1241/3028 2513/1242/3027
f 2976/995/2987 2977/994/2988 2511/1240/3029 2512/1241/3028
f 2977/994/2988 2978/993/2989 2510/1239/3030 2511/1240/3029
f 2978/993/2989 2979/992/2990 2509/1238/3031 2510/1239/3030
f 2979/992/2990 2980/991/2991 2508/1237/3032 2509/1238/3031
f 2980/991/2991 2981/990/2992 2507/1236/3033 2508/1237/3032
f 2981/990/2992 2982/989/2993 2506/1235/3034 2507/1236/3033
f 2982/989/2993 2983/988/2994 2505/1234/3035 2506/1235/3034
f 2983/988/2994 2984/987/2995 2504/1233/3036 2505/1234/3035
f 2984/987/2995 2985/986/2996 2502/1232/3037 2504/1233/3036
f 2985/986/2996 2986/985/2997 2503/1231/3038 2502/1232/3037
f 1231/82/3039 1190/1272/3040 2987/1273/3041 2866/287/3042
f 1190/1272/3040 1149/1274/3043 2988/1275/3044 2987/1273/3041
f 1149/1274/3043 1108/74/3045 2989/283/3046 2988/1275/3044
f 1108/74/3045 1067/1276/3047 2990/1277/3048 2989/283/3046
f 1067/1276/3047 1026/1278/3049 2991/1279/3050 2990/1277/3048
f 1026/1278/3049 985/66/3051 2992/279/3052 2991/1279/3050
f 985/66/3051 944/1280/3053 2993/1281/3054 2992/279/3052
f 944/1280/3053 903/1282/3055 2994/1283/3056 2993/1281/3054
f 903/1282/3055 862/58/3057 2995/275/3058 2994/1283/3056
f 862/58/3057 821/1284/3059 2996/1285/3060 2995/275/3058
f 821/1284/3059 780/1286/3061 2997/1287/3062 2996/1285/3060
f 780/1286/3061 739/50/3063 2998/271/3064 2997/1287/3062
f 739/50/3063 698/1288/3065 2999/1289/3066 2998/271/3064
f 698/1288/3065 657/1290/3067 3000/1291/3068 2999/1289/3066
f 657/1290/3067 616/42/3069 3001/267/3070 3000/1291/3068
f 616/42/3069 575/1292/3071 3002/1293/3072 3001/267/3070
f 575/1292/3071 534/1294/3073 3003/1295/3074 3002/1293/3072
f 534/1294/3073 493/34/3075 3004/263/3076 3003/1295/3074
f 493/34/3075 452/1296/3077 3005/1297/3078 3004/263/3076
f 452/1296/3077 411/1298/3079 3006/1299/3080 3005/1297/3078
f 411/1298/3079 370/26/3081 3007/259/3082 3006/1299/3080
f 370/26/3081 329/1300/3083 3008/1301/3084 3007/259/3082
f 329/1300/3083 288/1302/3085 3009/1303/3086 3008/1301/3084
f 288/1302/3085 247/18/3087 3010/255/3088 3009/1303/3086
f 247/18/3087 206/1304/3089 3011/1305/3090 3010/255/3088
f 206/1304/3089 165/1306/3091 3012/1307/3092 3011/1305/3090
f 165/1306/3091 124/10/3093 3013/251/3094 3012/1307/3092
f 124/10/3093 83/1308/3095 3014/1309/3096 3013/251/3094
f 83/1308/3095 2/1310/3097 3015/1311/3098 3014/1309/3096
f 2/1310/3097 1/1/3099 2544/247/3100 3015/1311/3098
f 2866/287/3042 2987/1273/3041 3016/1312/3101 2906/533/3102
f 2987/1273/3041 2988/1275/3044 3017/1313/3103 3016/1312/3101
f 2988/1275/3044 2989/283/3046 3018/529/3104 3017/1313/3103
f 2989/283/3046 2990/1277/3048 3019/1314/3105 3018/529/3104
f 2990/1277/3048 2991/1279/3050 3020/1315/3106 3019/1314/3105
f 2991/1279/3050 2992/279/3052 3021/525/3107 3020/1315/3106
f 2992/279/3052 2993/1281/3054 3022/1316/3108 3021/525/3107
f 2993/1281/3054 2994/1283/3056 3023/1317/3109 3022/1316/3108
f 2994/1283/3056 2995/275/3058 3024/521/3110 3023/1317/3109
f 2995/275/3058 2996/1285/3060 3025/1318/3111 3024/521/3110
f 2996/1285/3060 2997/1287/3062 3026/1319/3112 3025/1318/3111
f 2997/1287/3062 2998/271/3064 3027/517/3113 3026/1319/3112
f 2998/271/3064 2999/1289/3066 3028/1320/3114 3027/517/3113
f 2999/1289/3066 3000/1291/3068 3029/1321/3115 3028/1320/3114
f 3000/1291/3068 3001/267/3070 3030/513/3116 3029/1321/3115
f 3001/267/3070 3002/1293/3072 3031/1322/3117 3030/513/3116
f 3002/1293/3072 3003/1295/3074 3032/1323/3118 3031/1322/3117
f 3003/1295/3074 3004/263/3076 3033/509/3119 3032/1323/3118
f 3004/263/3076 3005/1297/3078 3034/1324/3120 3033/509/3119
f 3005/1297/3078 3006/1299/3080 3035/1325/3121 3034/1324/3120
f 3006/1299/3080 3007/259/3082 3036/505/3122 3035/1325/3121
f 3007/259/3082 3008/1301/3084 3037/1326/3123 3036/505/3122
f 3008/1301/3084 3009/1303/3086 3038/1327/3124 3037/1326/3123
f 3009/1303/3086 3010/255/3088 3039/501/3125 3038/1327/3124
f 3010/255/3088 3011/1305/3090 3040/1328/3126 3039/501/3125
f 3011/1305/3090 3012/1307/3092 3041/1329/3127 3040/1328/3126
f 3012/1307/3092 3013/251/3094 3042/497/3128 3041/1329/3127
f 3013/251/3094 3014/1309/3096 3043/1330/3129 3042/497/3128
f 3014/1309/3096 3015/1311/3098 3044/1331/3130 3043/1330/3129
f 3015/1311/3098 2544/247/3100 2585/493/3131 3044/1331/3130
f 2906/533/3102 3016/1312/3101 3045/1332/3132 2946/779/3133
f 3016/1312/3101 3017/1313/3103 3046/1333/3134 3045/1332/3132
f 3017/1313/3103 3018/529/3104 3047/775/3135 3046/1333/3134
f 3018/529/3104 3019/1314/3105 3048/1334/3136 3047/775/3135
f 3019/1314/3105 3020/1315/3106 3049/1335/3137 3048/1334/3136
f 3020/1315/3106 3021/525/3107 3050/771/3138 3049/1335/3137
f 3021/525/3107 3022/1316/3108 3051/1336/3139 3050/771/3138
f 3022/1316/3108 3023/1317/3109 3052/1337/3140 3051/1336/3139
f 3023/1317/3109 3024/521/3110 3053/767/3141 3052/1337/3140
f 3024/521/3110 3025/1318/3111 3054/1338/3142 3053/767/3141
f 3025/1318/3111 3026/1319/3112 3055/1339/3143 3054/1338/3142
f 3026/1319/3112 3027/517/3113 3056/763/3144 3055/1339/3143
f 3027/517/3113 3028/1320/3114 3057/1340/3145 3056/763/3144
f 3028/1320/3114 3029/1321/3115 3058/1341/3146 3057/1340/3145
f 3029/1321/3115 3030/513/3116 3059/759/3147 3058/1341/3146
f 3030/513/3116 3031/1322/3117 3060/1342/3148 3059/759/3147
f 3031/1322/3117 3032/1323/3118 3061/1343/3149 3060/1342/3148
f 3032/1323/3118 3033/509/3119 3062/755/3150 3061/1343/3149
f 3033/509/3119 3034/1324/3120 3063/1344/3151 3062/755/3150
f 3034/1324/3120 3035/1325/3121 3064/1345/3152 3063/1344/3151
f 3035/1325/3121 3036/505/3122 3065/751/3153 3064/1345/3152
f 3036/505/3122 3037/1326/3123 3066/1346/3154 3065/751/3153
f 3037/1326/3123 3038/1327/3124 3067/1347/3155 3066/1346/3154
f 3038/1327/3124 3039/501/3125 3068/747/3156 3067/1347/3155
f 3039/501/3125 3040/1328/3126 3069/1348/3157 3068/747/3156
f 3040/1328/3126 3041/1329/3127 3070/1349/3158 3069/1348/3157
f 3041/1329/3127 3042/497/3128 3071/743/3159 3070/1349/3158
f 3042/497/3128 3043/1330/3129 3072/1350/3160 3071/743/3159
f 3043/1330/3129 3044/1331/3130 3073/1351/3161 3072/1350/3160
f 3044/1331/3130 2585/493/3131 2626/739/3162 3073/1351/3161
f 2946/779/3133 3045/1332/3132 3074/1352/3163 2986/1025/3164
f 3045/1332/3132 3046/1333/3134 3075/1353/3165 3074/1352/3163
f 3046/1333/3134 3047/775/3135 3076/1021/3166 3075/1353/3165
f 3047/775/3135 3048/1334/3136 3077/1354/3167 3076/1021/3166
f 3048/1334/3136 3049/1335/3137 3078/1355/3168 3077/1354/3167
f 3049/1335/3137 3050/771/3138 3079/1017/3169 3078/1355/3168
f 3050/771/3138 3051/1336/3139 3080/1356/3170 3079/1017/3169
f 3051/1336/3139 3052/1337/3140 3081/1357/3171 3080/1356/3170
f 3052/1337/3140 3053/767/3141 3082/1013/3172 3081/1357/3171
f 3053/767/3141 3054/1338/3142 3083/1358/3173 3082/1013/3172
f 3054/1338/3142 3055/1339/3143 3084/1359/3174 3083/1358/3173
f 3055/1339/3143 3056/763/3144 3085/1009/3175 3084/1359/3174
f 3056/763/3144 3057/1340/3145 3086/1360/3176 3085/1009/3175
f 3057/1340/3145 3058/1341/3146 3087/1361/3177 3086/1360/3176
f 3058/1341/3146 3059/759/3147 3088/1005/3178 3087/1361/3177
f 3059/759/3147 3060/1342/3148 3089/1362/3179 3088/1005/3178
f 3060/1342/3148 3061/1343/3149 3090/1363/3180 3089/1362/3179
f 3061/1343/3149 3062/755/3150 3091/1001/3181 3090/1363/3180
f 3062/755/3150 3063/1344/3151 3092/1364/3182 3091/1001/3181
f 3063/1344/3151 3064/1345/3152 3093/1365/3183 3092/1364/3182
f 3064/1345/3152 3065/751/3153 3094/997/3184 3093/1365/3183
f 3065/751/3153 3066/1346/3154 3095/1366/3185 3094/997/3184
f 3066/1346/3154 3067/1347/3155 3096/1367/3186 3095/1366/3185
f 3067/1347/3155 3068/747/3156 3097/993/3187 3096/1367/3186
f 3068/747/3156 3069/1348/3157 3098/1368/3188 3097/993/3187
f 3069/1348/3157 3070/1349/3158 3099/1369/3189 3098/1368/3188
f 3070/1349/3158 3071/743/3159 3100/989/3190 3099/1369/3189
f 3071/743/3159 3072/1350/3160 3101/1370/3191 3100/989/3190
f 3072/1350/3160 3073/1351/3161 3102/1371/3192 3101/1370/3191
f 3073/1351/3161 2626/739/3162 2667/985/3193 3102/1371/3192
f 2986/1025/3164 3074/1352/3163 2462/1372/3194 2503/1271/3195
f 3074/1352/3163 3075/1353/3165 2421/1373/3196 2462/1372/3194
f 3075/1353/3165 3076/1021/3166 2380/1267/3197 2421/1373/3196
f 3076/1021/3166 3077/1354/3167 2339/1374/3198 2380/1267/3197
f 3077/1354/3167 3078/1355/3168 2298/1375/3199 2339/1374/3198
f 3078/1355/3168 3079/1017/3169 2257/1263/3200 2298/1375/3199
f 3079/1017/3169 3080/1356/3170 2216/1376/3201 2257/1263/3200
f 3080/1356/3170 3081/1357/3171 2175/1377/3202 2216/1376/3201
f 3081/1357/3171 3082/1013/3172 2134/1259/3203 2175/1377/3202
f 3082/1013/3172 3083/1358/3173 2093/1378/3204 2134/1259/3203
f 3083/1358/3173 3084/1359/3174 2052/1379/3205 2093/1378/3204
f 3084/1359/3174 3085/1009/3175 2011/1255/3206 2052/1379/3205
f 3085/1009/3175 3086/1360/3176 1970/1380/3207 2011/1255/3206
f 3086/1360/3176 3087/1361/3177 1929/1381/3208 1970/1380/3207
f 3087/1361/3177 3088/1005/3178 1888/1251/3209 1929/1381/3208
f 3088/1005/3178 3089/1362/3179 1847/1382/3210 1888/1251/3209
f 3089/1362/3179 3090/1363/3180 1806/1383/3211 1847/1382/3210
f 3090/1363/3180 3091/1001/3181 1765/1247/3212 1806/1383/3211
f 3091/1001/3181 3092/1364/3182 1724/1384/3213 1765/1247/3212
f 3092/1364/3182 3093/1365/3183 1683/1385/3214 1724/1384/3213
f 3093/1365/3183 3094/997/3184 1642/1243/3215 1683/1385/3214
f 3094/997/3184 3095/1366/3185 1601/1386/3216 1642/1243/3215
f 3095/1366/3185 3096/1367/3186 1560/1387/3217 1601/1386/3216
f 3096/1367/3186 3097/993/3187 1519/1239/3218 1560/1387/3217
f 3097/993/3187 3098/1368/3188 1478/1388/3219 1519/1239/3218
f 3098/1368/3188 3099/1369/3189 1437/1389/3220 1478/1388/3219
f 3099/1369/3189 3100/989/3190 1396/1235/3221 1437/1389/3220
f 3100/989/3190 3101/1370/3191 1355/1390/3222 1396/1235/3221
f 3101/1370/3191 3102/1371/3192 1275/1391/3223 1355/1390/3222
f 3102/1371/3192 2667/985/3193 1272/1231/3224 1275/1391/3223
