v 0.419500 -0.056899 13.396500
v 0.424100 -0.060099 13.398100
v 0.420800 -0.060799 13.399700
v 0.415800 -0.056299 13.396900
v 0.434100 -0.065799 13.402900
v 0.430500 -0.066999 13.404900
v 0.417100 -0.060699 13.401400
v 0.411900 -0.055599 13.398200
v 0.426800 -0.067299 13.407100
v 0.450900 -0.074299 13.412100
v 0.475900 -0.086099 13.426800
v 0.471400 -0.087599 13.429100
v 0.446900 -0.075699 13.414300
v 0.466800 -0.088099 13.431600
v 0.442800 -0.076199 13.416700
v 0.458000 -0.086199 13.436900
v 0.435100 -0.074599 13.421700
v 0.438800 -0.075799 13.419200
v 0.462300 -0.087599 13.434200
v 0.419900 -0.065799 13.411900
v 0.423200 -0.066899 13.409400
v 0.410900 -0.059099 13.406000
v 0.406100 -0.053799 13.402700
v 0.408800 -0.054799 13.400300
v 0.413800 -0.060199 13.403600
v 0.423000 -0.044899 13.391700
v 0.431600 -0.048499 13.393400
v 0.429800 -0.051999 13.393900
v 0.421300 -0.048299 13.392200
v 0.444400 -0.053699 13.398100
v 0.442400 -0.057499 13.398600
v 0.427800 -0.055199 13.394900
v 0.419800 -0.051399 13.393200
v 0.439900 -0.060899 13.399700
v 0.463100 -0.061099 13.407000
v 0.489600 -0.071499 13.421400
v 0.487000 -0.076099 13.422100
v 0.460800 -0.065299 13.407600
v 0.483800 -0.080199 13.423300
v 0.458000 -0.068999 13.408700
v 0.454600 -0.071999 13.410200
v 0.480100 -0.083499 13.424800
v 0.437100 -0.063699 13.401100
v 0.419200 -0.054499 13.394800
v 0.426200 -0.058099 13.396400
v 0.424300 -0.041399 13.391600
v 0.432900 -0.044799 13.393300
v 0.425600 -0.037999 13.392100
v 0.434000 -0.041099 13.393800
v 0.445800 -0.049599 13.398000
v 0.446600 -0.045399 13.398400
v 0.427500 -0.035299 13.393200
v 0.429600 -0.033699 13.394700
v 0.435100 -0.034599 13.396100
v 0.435000 -0.037799 13.394800
v 0.446400 -0.037399 13.400700
v 0.446900 -0.041299 13.399300
v 0.491100 -0.050999 13.424000
v 0.492000 -0.055999 13.422600
v 0.465400 -0.047199 13.408200
v 0.464600 -0.042699 13.409600
v 0.492100 -0.061199 13.421700
v 0.465400 -0.051899 13.407300
v 0.491200 -0.066499 13.421300
v 0.464600 -0.056599 13.406900
v 0.426600 -0.031399 13.395000
v 0.433500 -0.031499 13.397400
v 0.423500 -0.028899 13.396100
v 0.430900 -0.028699 13.398900
v 0.444900 -0.033799 13.402300
v 0.442700 -0.030599 13.404200
v 0.421000 -0.026799 13.398100
v 0.418500 -0.025199 13.400500
v 0.425800 -0.024599 13.403300
v 0.428500 -0.026399 13.401000
v 0.437200 -0.025999 13.408800
v 0.440200 -0.027899 13.406400
v 0.479500 -0.036599 13.433000
v 0.483300 -0.039099 13.430400
v 0.457900 -0.031999 13.415800
v 0.454500 -0.029799 13.418200
v 0.486600 -0.042399 13.428000
v 0.460700 -0.034899 13.413400
v 0.489200 -0.046399 13.425800
v 0.463000 -0.038499 13.411300
v 0.415900 -0.024199 13.402900
v 0.422900 -0.023599 13.405800
v 0.413600 -0.023799 13.405400
v 0.420100 -0.023299 13.408200
v 0.433900 -0.024799 13.411300
v 0.430500 -0.024499 13.413700
v 0.412200 -0.024099 13.408100
v 0.412000 -0.024799 13.410200
v 0.415400 -0.024799 13.412700
v 0.417800 -0.023699 13.410600
v 0.423800 -0.026199 13.418200
v 0.427100 -0.024999 13.416100
v 0.461600 -0.036699 13.443100
v 0.466100 -0.035199 13.440800
v 0.442700 -0.028599 13.425700
v 0.438700 -0.029999 13.427900
v 0.470700 -0.034699 13.438300
v 0.446700 -0.028099 13.423300
v 0.475200 -0.035099 13.435700
v 0.450700 -0.028499 13.420800
v 0.408800 -0.025899 13.410200
v 0.412400 -0.026499 13.413900
v 0.405700 -0.027899 13.410500
v 0.409300 -0.028799 13.414700
v 0.420500 -0.028299 13.419800
v 0.417400 -0.030999 13.421100
v 0.403300 -0.030799 13.411100
v 0.401600 -0.034099 13.411500
v 0.405100 -0.035299 13.416000
v 0.406900 -0.031799 13.415500
v 0.412800 -0.038099 13.422600
v 0.414800 -0.034299 13.422100
v 0.447900 -0.051299 13.448500
v 0.450400 -0.046699 13.447800
v 0.428700 -0.038999 13.432400
v 0.426500 -0.043199 13.433000
v 0.453600 -0.042599 13.446700
v 0.431600 -0.035299 13.431300
v 0.457400 -0.039199 13.445100
v 0.435000 -0.032299 13.429800
v 0.401900 -0.047999 13.412000
v 0.404400 -0.050299 13.414600
v 0.403600 -0.046799 13.415500
v 0.400500 -0.044999 13.411700
v 0.411500 -0.054599 13.420400
v 0.410800 -0.050599 13.421600
v 0.403200 -0.042899 13.415800
v 0.399900 -0.041299 13.411600
v 0.410700 -0.046399 13.422300
v 0.425000 -0.061699 13.430400
v 0.446400 -0.071799 13.445900
v 0.445500 -0.066799 13.447200
v 0.424200 -0.057099 13.431700
v 0.445400 -0.061499 13.448200
v 0.424200 -0.052399 13.432600
v 0.424900 -0.047699 13.433000
v 0.446200 -0.056299 13.448600
v 0.411400 -0.042199 13.422700
v 0.400300 -0.037699 13.411600
v 0.403800 -0.038999 13.416000
v 0.408200 -0.057399 13.408400
v 0.403700 -0.052299 13.405100
v 0.417000 -0.063799 13.414300
v 0.406200 -0.055299 13.410700
v 0.402000 -0.050499 13.407500
v 0.414500 -0.061299 13.416600
v 0.454100 -0.083699 13.439500
v 0.431700 -0.072399 13.424200
v 0.450900 -0.080399 13.441900
v 0.428800 -0.069399 13.426500
v 0.426500 -0.065799 13.428600
v 0.448200 -0.076399 13.444100
v 0.412700 -0.058199 13.418700
v 0.401400 -0.048999 13.410000
v 0.405100 -0.052999 13.412900
v 0.407900 -0.025499 13.407000
v 0.408800 -0.025399 13.404100
v 0.404600 -0.027699 13.406900
v 0.405500 -0.027899 13.403800
v 0.413500 -0.026999 13.398900
v 0.410900 -0.025999 13.401400
v 0.410100 -0.029899 13.398300
v 0.407500 -0.028699 13.400900
v 0.406300 -0.037099 13.398600
v 0.403600 -0.035699 13.401400
v 0.405300 -0.031999 13.401000
v 0.407900 -0.033299 13.398300
v 0.401500 -0.034599 13.404400
v 0.403200 -0.031099 13.404000
v 0.400600 -0.033999 13.407700
v 0.402300 -0.030599 13.407300
v 1.110900 -0.232299 15.148200
v 1.114500 -0.229799 15.148500
v 1.114100 -0.230099 15.153300
v 1.109300 -0.233299 15.151400
v 1.118900 -0.225499 15.148400
v 1.119000 -0.225599 15.153800
v 1.112400 -0.230299 15.157500
v 1.106900 -0.233799 15.155200
v 1.118000 -0.225399 15.158200
v 1.123000 -0.219699 15.147900
v 1.126500 -0.212999 15.147300
v 1.127300 -0.212799 15.152800
v 1.123500 -0.219699 15.153500
v 1.127000 -0.212399 15.157400
v 1.123000 -0.219299 15.158000
v 1.124400 -0.210799 15.163100
v 1.120100 -0.217699 15.163800
v 1.121800 -0.218699 15.161500
v 1.126000 -0.211599 15.160900
v 1.114400 -0.223699 15.164000
v 1.116300 -0.224799 15.161700
v 1.108000 -0.228499 15.163200
v 1.101600 -0.231999 15.160800
v 1.104100 -0.233299 15.158400
v 1.110300 -0.229699 15.160800
v 0.868900 -0.210899 14.078500
v 0.863000 -0.212699 14.080800
v 0.843800 -0.210299 14.021300
v 0.850000 -0.208399 14.018800
v 0.856800 -0.213299 14.083200
v 0.837400 -0.210899 14.023900
v 0.821600 -0.206499 13.957000
v 0.828000 -0.204599 13.954500
v 0.815100 -0.207099 13.959800
v 0.850700 -0.212499 14.085800
v 0.844900 -0.210599 14.088400
v 0.825100 -0.208099 14.029500
v 0.831100 -0.210199 14.026700
v 0.802500 -0.204299 13.965600
v 0.808700 -0.206399 13.962700
v 0.749600 -0.192899 13.828900
v 0.755900 -0.194999 13.825900
v 0.783500 -0.201299 13.895300
v 0.777300 -0.199199 13.898300
v 0.762400 -0.195799 13.822900
v 0.790000 -0.201999 13.892300
v 0.769100 -0.195199 13.820000
v 0.775500 -0.193199 13.817300
v 0.803000 -0.199499 13.886800
v 0.796600 -0.201399 13.889400
v 0.886800 -0.192799 14.072900
v 0.883600 -0.198599 14.073700
v 0.865200 -0.195599 14.013700
v 0.868600 -0.189599 14.013000
v 0.879400 -0.203699 14.074900
v 0.860900 -0.200899 14.015000
v 0.843500 -0.191399 13.949200
v 0.846900 -0.185299 13.948400
v 0.839100 -0.196799 13.950500
v 0.874500 -0.207799 14.076500
v 0.855800 -0.205199 14.016700
v 0.833800 -0.201299 13.952300
v 0.781500 -0.189799 13.815000
v 0.809000 -0.196099 13.884600
v 0.786800 -0.185299 13.813100
v 0.814300 -0.191599 13.882700
v 0.791400 -0.179699 13.811800
v 0.794800 -0.173399 13.810900
v 0.822200 -0.179899 13.880500
v 0.818800 -0.186099 13.881400
v 0.870700 -0.182999 14.012700
v 0.888900 -0.186499 14.072700
v 0.849100 -0.178499 13.948200
v 0.871600 -0.176099 14.013100
v 0.889800 -0.179899 14.073000
v 0.850100 -0.171499 13.948500
v 0.797100 -0.166499 13.810700
v 0.824500 -0.172999 13.880300
v 0.798100 -0.159399 13.811100
v 0.825500 -0.165899 13.880700
v 0.796300 -0.145199 13.813600
v 0.823700 -0.151899 13.883100
v 0.825200 -0.158799 13.881700
v 0.797800 -0.152199 13.812100
v 0.848300 -0.157699 13.950800
v 0.849800 -0.164399 13.949400
v 0.869900 -0.162599 14.015300
v 0.888000 -0.166899 14.075000
v 0.889500 -0.173299 14.073800
v 0.871400 -0.169299 14.013900
v 0.867200 -0.156499 14.017100
v 0.885400 -0.160999 14.076700
v 0.845500 -0.151399 13.952700
v 0.863300 -0.151199 14.019300
v 0.881700 -0.155799 14.078700
v 0.841700 -0.145899 13.955000
v 0.793500 -0.138899 13.815600
v 0.820900 -0.145599 13.885100
v 0.789600 -0.133199 13.818000
v 0.817000 -0.139999 13.887400
v 0.779100 -0.125099 13.823600
v 0.806500 -0.131899 13.893000
v 0.812100 -0.135399 13.890100
v 0.784700 -0.128599 13.820700
v 0.831300 -0.137899 13.960400
v 0.836900 -0.141299 13.957600
v 0.853200 -0.143299 14.024400
v 0.871900 -0.148299 14.083500
v 0.877200 -0.151599 14.081000
v 0.858600 -0.146699 14.021700
v 0.847200 -0.141299 14.027100
v 0.866100 -0.146399 14.086100
v 0.825200 -0.135799 13.963300
v 0.840900 -0.140599 14.029900
v 0.860000 -0.145599 14.088600
v 0.818800 -0.135099 13.966200
v 0.772800 -0.122999 13.826600
v 0.800300 -0.129799 13.896000
v 0.766300 -0.122199 13.829700
v 0.793800 -0.128999 13.898900
v 0.753200 -0.124799 13.835200
v 0.780800 -0.131599 13.904400
v 0.787200 -0.129599 13.901800
v 0.759600 -0.122799 13.832600
v 0.805900 -0.137599 13.971500
v 0.812200 -0.135699 13.968900
v 0.828300 -0.142999 14.035000
v 0.847800 -0.147999 14.093400
v 0.853800 -0.146199 14.091100
v 0.834500 -0.141099 14.032600
v 0.822500 -0.146199 14.037100
v 0.842300 -0.151099 14.095400
v 0.800000 -0.140899 13.973700
v 0.817400 -0.150599 14.038800
v 0.837300 -0.155299 14.097000
v 0.794800 -0.145399 13.975500
v 0.747200 -0.128199 13.837500
v 0.774900 -0.134899 13.906700
v 0.741900 -0.132699 13.839400
v 0.769500 -0.139399 13.908500
v 0.733900 -0.144599 13.841600
v 0.761600 -0.151199 13.910700
v 0.765100 -0.144899 13.909900
v 0.737300 -0.138299 13.840800
v 0.786900 -0.156899 13.977600
v 0.790300 -0.150799 13.976800
v 0.809700 -0.161899 14.040900
v 0.830000 -0.166099 14.098900
v 0.833200 -0.160299 14.098200
v 0.813100 -0.155899 14.040100
v 0.828700 -0.191999 14.096800
v 0.827300 -0.185599 14.098100
v 0.806900 -0.182199 14.039900
v 0.808400 -0.188799 14.038600
v 0.827000 -0.178999 14.098800
v 0.806700 -0.175299 14.040800
v 0.784000 -0.177799 13.976600
v 0.785500 -0.184499 13.975200
v 0.783800 -0.170699 13.977500
v 0.827900 -0.172399 14.099100
v 0.807600 -0.168499 14.041100
v 0.784700 -0.163699 13.977800
v 0.731600 -0.151499 13.841800
v 0.759400 -0.157999 13.910900
v 0.730600 -0.158599 13.841400
v 0.758400 -0.165199 13.910500
v 0.730900 -0.165799 13.840500
v 0.732400 -0.172799 13.839000
v 0.760200 -0.179199 13.908100
v 0.758700 -0.172299 13.909600
v 0.839600 -0.207399 14.090900
v 0.819700 -0.204799 14.032100
v 0.835100 -0.203099 14.093100
v 0.815000 -0.200299 14.034600
v 0.797000 -0.200899 13.968400
v 0.792200 -0.196299 13.971000
v 0.831400 -0.197899 14.095200
v 0.811200 -0.194899 14.036800
v 0.788300 -0.190799 13.973300
v 0.735200 -0.179099 13.837000
v 0.763000 -0.185499 13.906200
v 0.739100 -0.184799 13.834600
v 0.766900 -0.191099 13.903800
v 0.744000 -0.189399 13.831900
v 0.771700 -0.195699 13.901100
v 0.912600 -0.208999 14.244300
v 0.908300 -0.210199 14.245500
v 0.901400 -0.211999 14.217500
v 0.906200 -0.210599 14.216000
v 0.903900 -0.210599 14.246900
v 0.896500 -0.212499 14.219200
v 0.891700 -0.213299 14.180000
v 0.896900 -0.211699 14.178200
v 0.886200 -0.213699 14.181900
v 0.899400 -0.209999 14.248300
v 0.895200 -0.208599 14.249700
v 0.886900 -0.210299 14.222500
v 0.891600 -0.211899 14.220900
v 0.875700 -0.211399 14.185900
v 0.880900 -0.213099 14.183900
v 0.867300 -0.213399 14.138600
v 0.861800 -0.211599 14.140900
v 0.873000 -0.214099 14.136300
v 0.884500 -0.211899 14.132000
v 0.878900 -0.213599 14.134000
v 0.925300 -0.196299 14.241000
v 0.923000 -0.200399 14.241500
v 0.917900 -0.200999 14.212700
v 0.920400 -0.196499 14.212100
v 0.920100 -0.203899 14.242200
v 0.914600 -0.204999 14.213500
v 0.909700 -0.201099 14.174300
v 0.912500 -0.196099 14.173700
v 0.906100 -0.205499 14.175300
v 0.916600 -0.206799 14.243100
v 0.910600 -0.208199 14.214600
v 0.901800 -0.209099 14.176600
v 0.889800 -0.208999 14.130200
v 0.894500 -0.205099 14.128700
v 0.901400 -0.194899 14.126900
v 0.898400 -0.200299 14.127600
v 0.922000 -0.191499 14.211900
v 0.926700 -0.191899 14.240800
v 0.914300 -0.190599 14.173500
v 0.922700 -0.186299 14.212100
v 0.927300 -0.187299 14.240900
v 0.915000 -0.184799 14.173700
v 0.903300 -0.188999 14.126700
v 0.904200 -0.182699 14.127000
v 0.902500 -0.170499 14.128700
v 0.903900 -0.176499 14.127600
v 0.913500 -0.173599 14.175200
v 0.914800 -0.179099 14.174300
v 0.921200 -0.176099 14.213300
v 0.925900 -0.178199 14.241800
v 0.927100 -0.182599 14.241200
v 0.922400 -0.181099 14.212500
v 0.919000 -0.171499 14.214300
v 0.924000 -0.173999 14.242700
v 0.911100 -0.168499 14.176500
v 0.916000 -0.167399 14.215600
v 0.921300 -0.170399 14.243700
v 0.907800 -0.163999 14.178000
v 0.900000 -0.164999 14.130200
v 0.896500 -0.160099 14.132000
v 0.887200 -0.152999 14.136300
v 0.892100 -0.156099 14.134100
v 0.899200 -0.157399 14.181700
v 0.903800 -0.160199 14.179800
v 0.908100 -0.161499 14.218700
v 0.914200 -0.165099 14.246200
v 0.918000 -0.167399 14.244900
v 0.912400 -0.163999 14.217100
v 0.903500 -0.159899 14.220400
v 0.910100 -0.163799 14.247600
v 0.894100 -0.155699 14.183700
v 0.898600 -0.159399 14.222000
v 0.905800 -0.163299 14.249000
v 0.888700 -0.155099 14.185700
v 0.881700 -0.151199 14.138600
v 0.875900 -0.150499 14.140900
v 0.864400 -0.152699 14.145200
v 0.870000 -0.150999 14.143100
v 0.878100 -0.157099 14.189400
v 0.883300 -0.155499 14.187600
v 0.889000 -0.161199 14.225200
v 0.897300 -0.165099 14.251600
v 0.901500 -0.163799 14.250300
v 0.893700 -0.159799 14.223700
v 0.884600 -0.163599 14.226500
v 0.893500 -0.167199 14.252700
v 0.873200 -0.159799 14.191000
v 0.880700 -0.166899 14.227600
v 0.890000 -0.170099 14.253600
v 0.868900 -0.163399 14.192300
v 0.859100 -0.155599 14.147000
v 0.854500 -0.159499 14.148400
v 0.847500 -0.169699 14.150200
v 0.850500 -0.164299 14.149500
v 0.862500 -0.172799 14.193900
v 0.865200 -0.167799 14.193200
v 0.874800 -0.175399 14.229000
v 0.884700 -0.177699 14.254800
v 0.887000 -0.173699 14.254300
v 0.877400 -0.170899 14.228500
v 0.883600 -0.195599 14.254100
v 0.882600 -0.191199 14.254700
v 0.872700 -0.190699 14.228700
v 0.873800 -0.195699 14.227900
v 0.882500 -0.186599 14.255000
v 0.872500 -0.185499 14.229100
v 0.860200 -0.189699 14.193300
v 0.861500 -0.195199 14.192400
v 0.859900 -0.183999 14.193900
v 0.883200 -0.181999 14.255000
v 0.873200 -0.180299 14.229200
v 0.860700 -0.178199 14.194100
v 0.845600 -0.175599 14.150400
v 0.844800 -0.181899 14.150200
v 0.846400 -0.194099 14.148400
v 0.845000 -0.188099 14.149500
v 0.891400 -0.206299 14.251000
v 0.882700 -0.207699 14.224100
v 0.888100 -0.203299 14.252200
v 0.879000 -0.204299 14.225600
v 0.871100 -0.208599 14.187800
v 0.867100 -0.204799 14.189600
v 0.885400 -0.199699 14.253300
v 0.876000 -0.200299 14.226900
v 0.863800 -0.200299 14.191100
v 0.849000 -0.199599 14.146900
v 0.852500 -0.204499 14.145100
v 0.856800 -0.208499 14.143100
v 0.719600 -0.185499 13.759100
v 0.725800 -0.187699 13.756000
v 0.687000 -0.176699 13.691300
v 0.693200 -0.178799 13.688200
v 0.732400 -0.188399 13.753000
v 0.699800 -0.179499 13.685100
v 0.651500 -0.165799 13.628100
v 0.613000 -0.152399 13.572000
v 0.618900 -0.154499 13.568900
v 0.657600 -0.167899 13.625000
v 0.625200 -0.155199 13.565900
v 0.664100 -0.168599 13.621900
v 0.637800 -0.152599 13.560400
v 0.677100 -0.165999 13.616300
v 0.670700 -0.167999 13.619000
v 0.631600 -0.154599 13.563000
v 0.712900 -0.176899 13.679500
v 0.706400 -0.178899 13.682200
v 0.745600 -0.185799 13.747400
v 0.739100 -0.187799 13.750000
v 0.751600 -0.182399 13.745000
v 0.718900 -0.173499 13.677200
v 0.757000 -0.177899 13.743100
v 0.724200 -0.168999 13.675300
v 0.643600 -0.149399 13.558100
v 0.683000 -0.162699 13.614000
v 0.648700 -0.144999 13.556300
v 0.688300 -0.158099 13.612100
v 0.656400 -0.133499 13.554100
v 0.696200 -0.146399 13.609900
v 0.692800 -0.152699 13.610800
v 0.653100 -0.139599 13.554900
v 0.732300 -0.157099 13.673100
v 0.728800 -0.163399 13.673900
v 0.765000 -0.165999 13.740900
v 0.761500 -0.172299 13.741700
v 0.767200 -0.158999 13.740700
v 0.734500 -0.150199 13.672800
v 0.768300 -0.151799 13.741100
v 0.735500 -0.142899 13.673200
v 0.658600 -0.126799 13.553900
v 0.698500 -0.139499 13.609700
v 0.659600 -0.119899 13.554300
v 0.699500 -0.132399 13.610100
v 0.657900 -0.106199 13.556700
v 0.697700 -0.118399 13.612600
v 0.699200 -0.125299 13.611100
v 0.659400 -0.112899 13.555200
v 0.733800 -0.128799 13.675700
v 0.735300 -0.135699 13.674200
v 0.766500 -0.137599 13.743600
v 0.768000 -0.144599 13.742100
v 0.763700 -0.131199 13.745600
v 0.731000 -0.122399 13.677800
v 0.759700 -0.125599 13.748000
v 0.727000 -0.116699 13.680200
v 0.655300 -0.100099 13.558700
v 0.695000 -0.112099 13.614600
v 0.651500 -0.094599 13.561200
v 0.691100 -0.106499 13.617100
v 0.641400 -0.086799 13.566800
v 0.680700 -0.098399 13.622800
v 0.686300 -0.101899 13.619800
v 0.646800 -0.090099 13.563900
v 0.716500 -0.108599 13.685900
v 0.722100 -0.112099 13.683000
v 0.749200 -0.117399 13.753700
v 0.754800 -0.120899 13.750800
v 0.742900 -0.115199 13.756800
v 0.710300 -0.106399 13.689000
v 0.736300 -0.114499 13.759900
v 0.703700 -0.105699 13.692100
v 0.635500 -0.084699 13.569900
v 0.674600 -0.096299 13.625900
v 0.629200 -0.083999 13.572900
v 0.668100 -0.095599 13.628900
v 0.616600 -0.086599 13.578400
v 0.655100 -0.098199 13.634500
v 0.661500 -0.096199 13.631900
v 0.622800 -0.084599 13.575800
v 0.690600 -0.108299 13.697700
v 0.697000 -0.106299 13.695000
v 0.723200 -0.117099 13.765500
v 0.729700 -0.115099 13.762800
v 0.717200 -0.120499 13.767800
v 0.684600 -0.111699 13.700100
v 0.711800 -0.125099 13.769700
v 0.679200 -0.116199 13.702000
v 0.610800 -0.089899 13.580700
v 0.649200 -0.101499 13.636900
v 0.605700 -0.094299 13.582600
v 0.643900 -0.106099 13.638800
v 0.598000 -0.105699 13.584800
v 0.636000 -0.117799 13.641000
v 0.639400 -0.111499 13.640100
v 0.601300 -0.099599 13.584000
v 0.671200 -0.128099 13.704200
v 0.674700 -0.121799 13.703400
v 0.703800 -0.136999 13.771900
v 0.707300 -0.130599 13.771100
v 0.701500 -0.143899 13.772100
v 0.668900 -0.135099 13.704400
v 0.700500 -0.151099 13.771800
v 0.667900 -0.142299 13.704000
v 0.595800 -0.112399 13.584900
v 0.633700 -0.124699 13.641200
v 0.594800 -0.119299 13.584500
v 0.632700 -0.131799 13.640800
v 0.596500 -0.132999 13.582100
v 0.634500 -0.145799 13.638300
v 0.633000 -0.138899 13.639800
v 0.595000 -0.126299 13.583600
v 0.669700 -0.156499 13.701500
v 0.668200 -0.149499 13.703100
v 0.702300 -0.165299 13.769300
v 0.700800 -0.158299 13.770800
v 0.705100 -0.171699 13.767300
v 0.672500 -0.162799 13.699500
v 0.709000 -0.177399 13.764800
v 0.676400 -0.168499 13.697000
v 0.599200 -0.139199 13.580000
v 0.637200 -0.152099 13.636200
v 0.602900 -0.144599 13.577600
v 0.641100 -0.157699 13.633800
v 0.645900 -0.162299 13.631000
v 0.607600 -0.149099 13.574900
v 0.681300 -0.173199 13.694300
v 0.713900 -0.181999 13.762100
v 0.917900 -0.214399 14.293500
v 0.913100 -0.216399 14.294700
v 0.913000 -0.213099 14.289800
v 0.917300 -0.211399 14.288700
v 0.908300 -0.217099 14.296000
v 0.908700 -0.213699 14.290900
v 0.913300 -0.209599 14.285600
v 0.917100 -0.208199 14.284600
v 0.909600 -0.210099 14.286600
v 0.904000 -0.216799 14.297200
v 0.900600 -0.215399 14.298200
v 0.901600 -0.212199 14.292900
v 0.904800 -0.213399 14.292000
v 0.903100 -0.208699 14.288400
v 0.906000 -0.209799 14.287600
v 0.905500 -0.203899 14.281800
v 0.908300 -0.204799 14.281000
v 0.907300 -0.206699 14.283900
v 0.904500 -0.205799 14.284700
v 0.911300 -0.205199 14.280100
v 0.910500 -0.207099 14.283000
v 0.914400 -0.204899 14.279300
v 0.917500 -0.203899 14.278500
v 0.917200 -0.205499 14.281300
v 0.913900 -0.206699 14.282100
v 0.932500 -0.195699 14.290200
v 0.929700 -0.201499 14.290800
v 0.927800 -0.200099 14.286300
v 0.930300 -0.195099 14.285800
v 0.926200 -0.206699 14.291500
v 0.924700 -0.204699 14.286900
v 0.926300 -0.198799 14.282500
v 0.928400 -0.194499 14.282100
v 0.923600 -0.202599 14.283100
v 0.922300 -0.211099 14.292400
v 0.921200 -0.208499 14.287700
v 0.920500 -0.205799 14.283800
v 0.920300 -0.202199 14.277800
v 0.920200 -0.203499 14.280500
v 0.922800 -0.199999 14.277200
v 0.922900 -0.200899 14.279900
v 0.924900 -0.197199 14.276700
v 0.926600 -0.194099 14.276300
v 0.927100 -0.194199 14.279000
v 0.925200 -0.197699 14.279400
v 0.927500 -0.180699 14.276700
v 0.928600 -0.179099 14.279200
v 0.929200 -0.182699 14.278900
v 0.928200 -0.183999 14.276300
v 0.930600 -0.176799 14.282200
v 0.931200 -0.180999 14.281800
v 0.929200 -0.186499 14.278700
v 0.928300 -0.187399 14.276200
v 0.931000 -0.185499 14.281700
v 0.933200 -0.174299 14.285800
v 0.936100 -0.172099 14.290100
v 0.936800 -0.177599 14.289800
v 0.933900 -0.179199 14.285400
v 0.936300 -0.183499 14.289700
v 0.933500 -0.184399 14.285300
v 0.932300 -0.189799 14.285400
v 0.934800 -0.189599 14.289900
v 0.930000 -0.189999 14.281800
v 0.927700 -0.190799 14.276200
v 0.928400 -0.190399 14.278800
v 0.919800 -0.171999 14.279100
v 0.920500 -0.169899 14.281800
v 0.922900 -0.170999 14.281100
v 0.922100 -0.173199 14.278500
v 0.921600 -0.166499 14.285000
v 0.924200 -0.167699 14.284300
v 0.925200 -0.173099 14.280400
v 0.924300 -0.175199 14.277800
v 0.926800 -0.169999 14.283500
v 0.923100 -0.162699 14.289000
v 0.924900 -0.159199 14.293800
v 0.928200 -0.160599 14.292800
v 0.926000 -0.163999 14.288100
v 0.931400 -0.163299 14.291800
v 0.929000 -0.166499 14.287200
v 0.931500 -0.169999 14.286400
v 0.934200 -0.167299 14.290900
v 0.929000 -0.173099 14.282700
v 0.926100 -0.177699 14.277200
v 0.927200 -0.175799 14.279700
v 0.915400 -0.167699 14.296000
v 0.917200 -0.164099 14.295600
v 0.916100 -0.166799 14.290700
v 0.914300 -0.169899 14.291100
v 0.919400 -0.161299 14.295200
v 0.918100 -0.164399 14.290300
v 0.915100 -0.169499 14.286700
v 0.913400 -0.171999 14.287100
v 0.917000 -0.167599 14.286200
v 0.921900 -0.159599 14.294600
v 0.920400 -0.162999 14.289700
v 0.919200 -0.166599 14.285700
v 0.917500 -0.171599 14.279800
v 0.918200 -0.169699 14.282400
v 0.915300 -0.171899 14.280400
v 0.916100 -0.170399 14.283000
v 0.913200 -0.172899 14.280900
v 0.911200 -0.174399 14.281400
v 0.912400 -0.173699 14.283900
v 0.914200 -0.171799 14.283400
v 0.909200 -0.185599 14.297000
v 0.911200 -0.180899 14.296700
v 0.910000 -0.181299 14.291900
v 0.908100 -0.185399 14.292200
v 0.912700 -0.176299 14.296400
v 0.911500 -0.177299 14.291600
v 0.908900 -0.181599 14.287900
v 0.907100 -0.185199 14.288300
v 0.910400 -0.178199 14.287600
v 0.914000 -0.171799 14.296200
v 0.912900 -0.173399 14.291400
v 0.911900 -0.174999 14.287400
v 0.909300 -0.176399 14.281900
v 0.910700 -0.176099 14.284200
v 0.907500 -0.178699 14.282300
v 0.909100 -0.178799 14.284600
v 0.905800 -0.181299 14.282700
v 0.904100 -0.183999 14.283000
v 0.905900 -0.184699 14.285200
v 0.907500 -0.181699 14.284900
v 0.899600 -0.195299 14.283800
v 0.900000 -0.196699 14.286400
v 0.900800 -0.193799 14.286300
v 0.900000 -0.192499 14.283800
v 0.899600 -0.198799 14.289800
v 0.900900 -0.195499 14.289600
v 0.902200 -0.190799 14.286000
v 0.901000 -0.189699 14.283700
v 0.902800 -0.192199 14.289200
v 0.899100 -0.200999 14.294000
v 0.898700 -0.203099 14.299100
v 0.900900 -0.198999 14.298700
v 0.900900 -0.197299 14.293700
v 0.903700 -0.194699 14.298100
v 0.903200 -0.193499 14.293200
v 0.905800 -0.189499 14.292700
v 0.906600 -0.190199 14.297500
v 0.905000 -0.188699 14.288700
v 0.902400 -0.186799 14.283400
v 0.904000 -0.187799 14.285600
v 0.902300 -0.204099 14.285400
v 0.903100 -0.202299 14.282500
v 0.900900 -0.206999 14.289100
v 0.900800 -0.201999 14.285900
v 0.901300 -0.200299 14.283100
v 0.899600 -0.204599 14.289500
v 0.898400 -0.213299 14.298800
v 0.899500 -0.210199 14.293600
v 0.897400 -0.210399 14.299200
v 0.898300 -0.207599 14.294000
v 0.898200 -0.204499 14.294100
v 0.897500 -0.206899 14.299300
v 0.899200 -0.201799 14.289800
v 0.900100 -0.197899 14.283600
v 0.900000 -0.199499 14.286300
v 0.905500 -0.203699 14.279600
v 0.908400 -0.204699 14.278800
v 0.904100 -0.204799 14.275400
v 0.907400 -0.205899 14.274500
v 0.911600 -0.205099 14.277900
v 0.910800 -0.206299 14.273500
v 0.900800 -0.206599 14.266400
v 0.904500 -0.207899 14.265200
v 0.908400 -0.208299 14.264100
v 0.916200 -0.206899 14.261800
v 0.912400 -0.207999 14.262900
v 0.917700 -0.205099 14.271600
v 0.914300 -0.206099 14.272500
v 0.917900 -0.203899 14.276200
v 0.914800 -0.204799 14.277000
v 0.920800 -0.202299 14.275400
v 0.920800 -0.203399 14.270700
v 0.923300 -0.200199 14.274800
v 0.923600 -0.201099 14.270000
v 0.919700 -0.205099 14.260900
v 0.922800 -0.202499 14.260100
v 0.927400 -0.195799 14.259100
v 0.925400 -0.199399 14.259500
v 0.927700 -0.195199 14.269100
v 0.925900 -0.198399 14.269500
v 0.927100 -0.194499 14.274000
v 0.925500 -0.197499 14.274300
v 0.928200 -0.191299 14.273800
v 0.928800 -0.191699 14.269000
v 0.928600 -0.187899 14.273800
v 0.929300 -0.188099 14.269000
v 0.928700 -0.191899 14.258900
v 0.929200 -0.187899 14.258900
v 0.927900 -0.179799 14.259700
v 0.928900 -0.183799 14.259200
v 0.928200 -0.180899 14.269600
v 0.929100 -0.184399 14.269200
v 0.927700 -0.181299 14.274400
v 0.928500 -0.184499 14.274000
v 0.926300 -0.178299 14.274900
v 0.926600 -0.177699 14.270200
v 0.924400 -0.175699 14.275500
v 0.924500 -0.174899 14.271000
v 0.926200 -0.176199 14.260400
v 0.923800 -0.172999 14.261300
v 0.917600 -0.168399 14.263300
v 0.920900 -0.170299 14.262200
v 0.919200 -0.170899 14.272700
v 0.922000 -0.172499 14.271800
v 0.919600 -0.172199 14.277000
v 0.922100 -0.173599 14.276300
v 0.914100 -0.167299 14.264400
v 0.910500 -0.166999 14.265500
v 0.916200 -0.169999 14.273500
v 0.913100 -0.169799 14.274400
v 0.903200 -0.168599 14.267600
v 0.906800 -0.167399 14.266600
v 0.907100 -0.171599 14.276100
v 0.910100 -0.170399 14.275300
v 0.912000 -0.172299 14.279100
v 0.909600 -0.173599 14.279800
v 0.914600 -0.171599 14.278500
v 0.917100 -0.171599 14.277800
v 0.903200 -0.180199 14.281300
v 0.901500 -0.182899 14.281700
v 0.905200 -0.177599 14.280800
v 0.899500 -0.178399 14.277900
v 0.897700 -0.181499 14.278300
v 0.901800 -0.175699 14.277400
v 0.907300 -0.175399 14.280300
v 0.904300 -0.173399 14.276800
v 0.899900 -0.170599 14.268500
v 0.896900 -0.173099 14.269300
v 0.892200 -0.179699 14.270300
v 0.894300 -0.176199 14.269900
v 0.890700 -0.183499 14.270500
v 0.889900 -0.187399 14.270600
v 0.896200 -0.184699 14.278600
v 0.895300 -0.188099 14.278700
v 0.890600 -0.195199 14.270000
v 0.889900 -0.191399 14.270400
v 0.895400 -0.194799 14.278400
v 0.894900 -0.191499 14.278700
v 0.898200 -0.191799 14.282200
v 0.898200 -0.194699 14.282100
v 0.898800 -0.188799 14.282200
v 0.900000 -0.185799 14.282000
v 0.899100 -0.197499 14.281700
v 0.896600 -0.197899 14.277900
v 0.900700 -0.199999 14.281100
v 0.898600 -0.200699 14.277200
v 0.892200 -0.198799 14.269300
v 0.894500 -0.201899 14.268500
v 0.897400 -0.204599 14.267500
v 0.901100 -0.202999 14.276400
v 0.902900 -0.202099 14.280400
v 0.928500 -0.221199 14.343400
v 0.922800 -0.223599 14.344900
v 0.918400 -0.222399 14.323400
v 0.924000 -0.219999 14.321900
v 0.917000 -0.224499 14.346600
v 0.912800 -0.223299 14.325000
v 0.915500 -0.220899 14.309300
v 0.920900 -0.218599 14.307900
v 0.910100 -0.221699 14.310800
v 0.911900 -0.223999 14.348100
v 0.907900 -0.222299 14.349200
v 0.903900 -0.221199 14.327600
v 0.907800 -0.222799 14.326400
v 0.901500 -0.219799 14.313300
v 0.905300 -0.221299 14.312200
v 0.904100 -0.219399 14.303200
v 0.900500 -0.217899 14.304300
v 0.908700 -0.219799 14.301900
v 0.919000 -0.216799 14.299100
v 0.913800 -0.218899 14.300500
v 0.946600 -0.197799 14.339700
v 0.943000 -0.205099 14.340300
v 0.938000 -0.204299 14.318800
v 0.941500 -0.197299 14.318200
v 0.938700 -0.211599 14.341100
v 0.933900 -0.210699 14.319600
v 0.934400 -0.203499 14.304900
v 0.937700 -0.196799 14.304200
v 0.930400 -0.209599 14.305700
v 0.933900 -0.217099 14.342200
v 0.929200 -0.215999 14.320600
v 0.925900 -0.214799 14.306700
v 0.923700 -0.213199 14.298000
v 0.928000 -0.208299 14.297000
v 0.934900 -0.196299 14.295700
v 0.931700 -0.202599 14.296300
v 0.944200 -0.189999 14.317700
v 0.949400 -0.190299 14.339200
v 0.940400 -0.189799 14.303800
v 0.946000 -0.182699 14.317400
v 0.951300 -0.182699 14.338900
v 0.942100 -0.182699 14.303500
v 0.937400 -0.189699 14.295200
v 0.939000 -0.182999 14.295000
v 0.938900 -0.170599 14.295500
v 0.939600 -0.176599 14.295100
v 0.942100 -0.169599 14.304000
v 0.942700 -0.175899 14.303600
v 0.946100 -0.168999 14.317900
v 0.951300 -0.168599 14.339300
v 0.952000 -0.175399 14.338900
v 0.946700 -0.175499 14.317500
v 0.926900 -0.156699 14.299500
v 0.930400 -0.158099 14.298500
v 0.929400 -0.154999 14.308300
v 0.933200 -0.156399 14.307200
v 0.933900 -0.161099 14.297300
v 0.936800 -0.159499 14.306000
v 0.933000 -0.153799 14.322400
v 0.937900 -0.152999 14.343800
v 0.941900 -0.154599 14.342700
v 0.936900 -0.155299 14.321200
v 0.945700 -0.157899 14.341400
v 0.940700 -0.158499 14.319900
v 0.943900 -0.163199 14.318800
v 0.949100 -0.162699 14.340200
v 0.940000 -0.163999 14.304900
v 0.936900 -0.165299 14.296300
v 0.926600 -0.163999 14.345900
v 0.928600 -0.159399 14.345700
v 0.924100 -0.159999 14.324200
v 0.922100 -0.164499 14.324500
v 0.931200 -0.155799 14.345300
v 0.926500 -0.156499 14.323800
v 0.920900 -0.160899 14.310200
v 0.919000 -0.165199 14.310500
v 0.923300 -0.157499 14.309800
v 0.934300 -0.153499 14.344700
v 0.929500 -0.154299 14.323200
v 0.926100 -0.155399 14.309100
v 0.923700 -0.157099 14.300300
v 0.921000 -0.159099 14.300900
v 0.916900 -0.166199 14.301700
v 0.918700 -0.162199 14.301400
v 0.920600 -0.186699 14.347100
v 0.922700 -0.180799 14.346700
v 0.918100 -0.180699 14.325200
v 0.916000 -0.186399 14.325600
v 0.924100 -0.174899 14.346400
v 0.919500 -0.174999 14.325000
v 0.914900 -0.180699 14.311200
v 0.912800 -0.186099 14.311600
v 0.916300 -0.175199 14.310900
v 0.925300 -0.169299 14.346200
v 0.920700 -0.169499 14.324700
v 0.917600 -0.169999 14.310700
v 0.915400 -0.170699 14.301900
v 0.914200 -0.175599 14.302100
v 0.910700 -0.185899 14.302700
v 0.912700 -0.180699 14.302400
v 0.912900 -0.191799 14.326200
v 0.917400 -0.192299 14.347700
v 0.909800 -0.191399 14.312100
v 0.909300 -0.197099 14.326900
v 0.913600 -0.197599 14.348300
v 0.906400 -0.196399 14.312800
v 0.907900 -0.190799 14.303300
v 0.904700 -0.195699 14.303900
v 0.899100 -0.204699 14.305000
v 0.901600 -0.200299 14.304500
v 0.900300 -0.205899 14.314000
v 0.903100 -0.201299 14.313400
v 0.902800 -0.206799 14.328100
v 0.906800 -0.207499 14.349600
v 0.909900 -0.202699 14.349000
v 0.905700 -0.201999 14.327500
v 0.901100 -0.211199 14.328500
v 0.905000 -0.212099 14.350000
v 0.898700 -0.210199 14.314300
v 0.900600 -0.215199 14.328500
v 0.904500 -0.216199 14.350100
v 0.898300 -0.214099 14.314300
v 0.897600 -0.208799 14.305300
v 0.897300 -0.212499 14.305300
v 0.898200 -0.215599 14.304900
v 0.899200 -0.217299 14.314000
v 0.905400 -0.219699 14.349900
v 0.901500 -0.218599 14.328300
v 1.130200 -0.188399 15.144600
v 1.130100 -0.185999 15.147600
v 1.131100 -0.191499 15.150200
v 1.130800 -0.192599 15.145500
v 1.129200 -0.183399 15.151000
v 1.130400 -0.189599 15.154100
v 1.131100 -0.198099 15.151500
v 1.130600 -0.198799 15.146200
v 1.130600 -0.196899 15.155900
v 1.127200 -0.181299 15.154100
v 1.124600 -0.180199 15.156500
v 1.126600 -0.186899 15.159600
v 1.128800 -0.187899 15.157300
v 1.127300 -0.194699 15.161500
v 1.129300 -0.195599 15.159200
v 1.128400 -0.203699 15.160200
v 1.126700 -0.202899 15.162500
v 1.129500 -0.204699 15.156800
v 1.129100 -0.205799 15.146800
v 1.129800 -0.205399 15.152300
v 1.114300 -0.185499 15.156000
v 1.114900 -0.189299 15.157200
v 1.118100 -0.188799 15.159800
v 1.116300 -0.183699 15.157500
v 1.115300 -0.194699 15.158000
v 1.118900 -0.194899 15.161100
v 1.121000 -0.187799 15.161100
v 1.118900 -0.181799 15.158300
v 1.122100 -0.194699 15.162600
v 1.115000 -0.200699 15.158300
v 1.113400 -0.206599 15.158500
v 1.116900 -0.207799 15.161900
v 1.118600 -0.201399 15.161500
v 1.119900 -0.208899 15.163700
v 1.121800 -0.201899 15.163300
v 1.124500 -0.202299 15.163600
v 1.122400 -0.209899 15.164100
v 1.124900 -0.194499 15.162700
v 1.121800 -0.180499 15.157900
v 1.123900 -0.186999 15.161000
v 1.118200 -0.216499 15.164800
v 1.116000 -0.214999 15.164400
v 1.112600 -0.222099 15.165000
v 1.110700 -0.220199 15.164700
v 1.110000 -0.211799 15.159200
v 1.113300 -0.213399 15.162500
v 1.105800 -0.216199 15.159800
v 1.108600 -0.218099 15.163000
v 1.098000 -0.222099 15.159100
v 1.098200 -0.224299 15.160900
v 1.103400 -0.221799 15.162600
v 1.101300 -0.219799 15.159800
v 1.098800 -0.227099 15.162100
v 1.104800 -0.224199 15.164100
v 1.099900 -0.229799 15.162000
v 1.106300 -0.226499 15.164300
v 1.105200 -0.235199 15.147300
v 1.108900 -0.233299 15.144400
v 1.101800 -0.235999 15.150800
v 1.100800 -0.236099 15.139700
v 1.105300 -0.233799 15.136800
v 1.096600 -0.236899 15.142900
v 1.095700 -0.233999 15.156400
v 1.098500 -0.235499 15.153900
v 1.089900 -0.234899 15.148400
v 1.092900 -0.236399 15.146000
v 1.075800 -0.234299 15.116300
v 1.079200 -0.235999 15.114100
v 1.086600 -0.236499 15.133200
v 1.083400 -0.234899 15.135600
v 1.083500 -0.236399 15.111200
v 1.090700 -0.236999 15.130200
v 1.088500 -0.235499 15.108300
v 1.093600 -0.233099 15.105600
v 1.100200 -0.233699 15.124200
v 1.095400 -0.236099 15.127100
v 1.111000 -0.209599 15.100400
v 1.117000 -0.210899 15.118900
v 1.113500 -0.217899 15.119600
v 1.107400 -0.216799 15.101100
v 1.121600 -0.211899 15.131800
v 1.118100 -0.218799 15.132500
v 1.109500 -0.224299 15.120600
v 1.103200 -0.223399 15.102100
v 1.114200 -0.224899 15.133500
v 1.124700 -0.212599 15.140800
v 1.121300 -0.219399 15.141400
v 1.117300 -0.225299 15.142200
v 1.113000 -0.229899 15.142900
v 1.109800 -0.229999 15.134800
v 1.098600 -0.228899 15.103600
v 1.105000 -0.229599 15.122100
v 1.129500 -0.192199 15.139900
v 1.129200 -0.186599 15.140700
v 1.129000 -0.198499 15.140000
v 1.126900 -0.190699 15.131600
v 1.126800 -0.184599 15.132800
v 1.126100 -0.197499 15.131300
v 1.127300 -0.205499 15.140300
v 1.124200 -0.204699 15.131400
v 1.113800 -0.202099 15.099900
v 1.119800 -0.203499 15.118400
v 1.115800 -0.194499 15.099800
v 1.121700 -0.196099 15.118400
v 1.116700 -0.187199 15.100200
v 1.116500 -0.180499 15.101400
v 1.122500 -0.182599 15.120100
v 1.122600 -0.188999 15.118900
v 1.105900 -0.165699 15.110800
v 1.112700 -0.168299 15.130100
v 1.115900 -0.169599 15.127700
v 1.109300 -0.167099 15.108500
v 1.118000 -0.171299 15.143200
v 1.121000 -0.172599 15.140700
v 1.118800 -0.172599 15.125000
v 1.112400 -0.170199 15.105900
v 1.123600 -0.175399 15.137900
v 1.121900 -0.175099 15.151500
v 1.124700 -0.176299 15.149000
v 1.127000 -0.178799 15.146100
v 1.128500 -0.182199 15.143000
v 1.125600 -0.179399 15.135100
v 1.114900 -0.174799 15.103400
v 1.121100 -0.176999 15.122300
v 1.113400 -0.179999 15.153400
v 1.111700 -0.183599 15.153000
v 1.115900 -0.177299 15.153700
v 1.109300 -0.177099 15.145900
v 1.107600 -0.181399 15.145900
v 1.111900 -0.173899 15.145700
v 1.118800 -0.175599 15.153000
v 1.114800 -0.171799 15.144800
v 1.102500 -0.166299 15.112300
v 1.109500 -0.168899 15.131700
v 1.099400 -0.168499 15.113200
v 1.106500 -0.171099 15.132700
v 1.096800 -0.172199 15.113700
v 1.094900 -0.176799 15.113800
v 1.102000 -0.179099 15.133200
v 1.103900 -0.174599 15.133200
v 1.090300 -0.200099 15.113700
v 1.097900 -0.201899 15.132800
v 1.099700 -0.196199 15.132600
v 1.092200 -0.194199 15.113400
v 1.104200 -0.203599 15.145600
v 1.105800 -0.197999 15.145400
v 1.100500 -0.190299 15.132700
v 1.093200 -0.188199 15.113500
v 1.106500 -0.192199 15.145500
v 1.109200 -0.205199 15.153600
v 1.110800 -0.199499 15.153500
v 1.111300 -0.193699 15.153400
v 1.111300 -0.188299 15.153100
v 1.106800 -0.186499 15.145700
v 1.093900 -0.182299 15.113700
v 1.101100 -0.184499 15.133000
v 1.097900 -0.218499 15.155700
v 1.094600 -0.221999 15.156200
v 1.102000 -0.214699 15.155200
v 1.093000 -0.217599 15.148300
v 1.089600 -0.221599 15.149200
v 1.097000 -0.213399 15.147300
v 1.106000 -0.210299 15.154300
v 1.101000 -0.208699 15.146300
v 1.087000 -0.205499 15.114400
v 1.094700 -0.207199 15.133500
v 1.083000 -0.210599 15.115400
v 1.090800 -0.211999 15.134600
v 1.079000 -0.215299 15.116500
v 1.075600 -0.219899 15.117400
v 1.083400 -0.220899 15.136700
v 1.086700 -0.216499 15.135700
v 1.081400 -0.232299 15.137000
v 1.073700 -0.231699 15.117600
v 1.088000 -0.232399 15.149800
v 1.080800 -0.228999 15.137500
v 1.073000 -0.228299 15.118200
v 1.087300 -0.229199 15.150300
v 1.094000 -0.231599 15.157700
v 1.093100 -0.228699 15.158000
v 1.093200 -0.225399 15.157200
v 1.087800 -0.225499 15.150000
v 1.073600 -0.224199 15.118000
v 1.081400 -0.225099 15.137400
v 0.958800 -0.224199 14.505000
v 0.952500 -0.226799 14.506400
v 0.944400 -0.226299 14.459000
v 0.950600 -0.223799 14.457600
v 0.946200 -0.227699 14.507800
v 0.938300 -0.227199 14.460500
v 0.936400 -0.225599 14.414900
v 0.942400 -0.223099 14.413500
v 0.930400 -0.226499 14.416500
v 0.940600 -0.227099 14.509000
v 0.936200 -0.225299 14.510000
v 0.928500 -0.224899 14.462900
v 0.932800 -0.226699 14.461900
v 0.920800 -0.224199 14.419000
v 0.925000 -0.225999 14.417900
v 0.917800 -0.225099 14.379300
v 0.913700 -0.223399 14.380400
v 0.923100 -0.225599 14.377800
v 0.934900 -0.222299 14.374700
v 0.928900 -0.224699 14.376200
v 0.978400 -0.198899 14.501700
v 0.974600 -0.206699 14.502300
v 0.966100 -0.206599 14.454800
v 0.969900 -0.198899 14.454200
v 0.969900 -0.213799 14.503000
v 0.961500 -0.213599 14.455600
v 0.957600 -0.206299 14.410500
v 0.961300 -0.198699 14.409900
v 0.953100 -0.213099 14.411300
v 0.964600 -0.219799 14.503900
v 0.956300 -0.219399 14.456500
v 0.948000 -0.218799 14.412300
v 0.940400 -0.217999 14.373400
v 0.945300 -0.212399 14.372400
v 0.953400 -0.198299 14.371000
v 0.949700 -0.205699 14.371600
v 0.972900 -0.190899 14.453600
v 0.981500 -0.190799 14.501100
v 0.964300 -0.190799 14.409300
v 0.974900 -0.182799 14.453200
v 0.983500 -0.182499 14.500600
v 0.966200 -0.182899 14.408900
v 0.956300 -0.190599 14.370400
v 0.958200 -0.182799 14.370100
v 0.958200 -0.168399 14.370400
v 0.958900 -0.175299 14.370100
v 0.966200 -0.168099 14.409200
v 0.966900 -0.175199 14.408900
v 0.974900 -0.167799 14.453300
v 0.983500 -0.167199 14.500600
v 0.984200 -0.174599 14.500400
v 0.975600 -0.174999 14.453000
v 0.944400 -0.152399 14.374900
v 0.948500 -0.153999 14.373700
v 0.952200 -0.151799 14.413400
v 0.956300 -0.153499 14.412300
v 0.952500 -0.157399 14.372500
v 0.960400 -0.156899 14.411100
v 0.960400 -0.151199 14.457200
v 0.968800 -0.150399 14.504100
v 0.973100 -0.152099 14.503200
v 0.964700 -0.152899 14.456200
v 0.977400 -0.155599 14.502200
v 0.968900 -0.156399 14.455000
v 0.972500 -0.161499 14.454000
v 0.981000 -0.160799 14.501200
v 0.963900 -0.161899 14.410000
v 0.955900 -0.162299 14.371300
v 0.956500 -0.162299 14.505700
v 0.958600 -0.157299 14.505500
v 0.950500 -0.157999 14.458700
v 0.948400 -0.162899 14.458900
v 0.961400 -0.153399 14.505200
v 0.953200 -0.154099 14.458300
v 0.942400 -0.158499 14.415000
v 0.940300 -0.163299 14.415300
v 0.945100 -0.154699 14.414600
v 0.964800 -0.150899 14.504800
v 0.956600 -0.151799 14.457900
v 0.948400 -0.152399 14.414100
v 0.940800 -0.152899 14.375700
v 0.937600 -0.155199 14.376200
v 0.932900 -0.163699 14.376900
v 0.934900 -0.158899 14.376600
v 0.926900 -0.186899 14.378100
v 0.929000 -0.180899 14.377700
v 0.934400 -0.187199 14.416600
v 0.936500 -0.180999 14.416200
v 0.930400 -0.174899 14.377400
v 0.937900 -0.174799 14.415800
v 0.942400 -0.187199 14.460400
v 0.950500 -0.186999 14.507400
v 0.952700 -0.180699 14.506900
v 0.944600 -0.180999 14.460000
v 0.954100 -0.174299 14.506400
v 0.946000 -0.174699 14.459600
v 0.947100 -0.168599 14.459200
v 0.955100 -0.167999 14.506100
v 0.939000 -0.168899 14.415500
v 0.931600 -0.169099 14.377100
v 0.935100 -0.209299 14.509600
v 0.938600 -0.204199 14.509100
v 0.930800 -0.204099 14.462200
v 0.927400 -0.209199 14.462800
v 0.942800 -0.198799 14.508500
v 0.934800 -0.198799 14.461600
v 0.923000 -0.203799 14.418500
v 0.919700 -0.208799 14.419000
v 0.927000 -0.198499 14.417800
v 0.947000 -0.192999 14.507900
v 0.939000 -0.193099 14.461000
v 0.931000 -0.192999 14.417200
v 0.923600 -0.192699 14.378700
v 0.919700 -0.198099 14.379400
v 0.912600 -0.208199 14.380600
v 0.915800 -0.203299 14.380000
v 0.911200 -0.220599 14.381000
v 0.918200 -0.221399 14.419600
v 0.910200 -0.217099 14.381200
v 0.917200 -0.217799 14.419700
v 0.933500 -0.222399 14.510400
v 0.925800 -0.221999 14.463400
v 0.932500 -0.218599 14.510400
v 0.924800 -0.218299 14.463500
v 0.925400 -0.213999 14.463200
v 0.933100 -0.214199 14.510100
v 0.917700 -0.213499 14.419500
v 0.910700 -0.212899 14.381000
v 1.028900 -0.229699 14.962100
v 1.013700 -0.228399 14.904600
v 1.018100 -0.230299 14.903700
v 1.033200 -0.231599 14.961000
v 0.998100 -0.227199 14.842700
v 1.002600 -0.229099 14.841900
v 1.023700 -0.230899 14.902500
v 1.038700 -0.232199 14.959500
v 1.008400 -0.229799 14.840800
v 0.983200 -0.226199 14.779400
v 0.970000 -0.225499 14.717800
v 0.974600 -0.227499 14.717200
v 0.987800 -0.228199 14.778700
v 0.980600 -0.228099 14.716100
v 0.993700 -0.228799 14.777700
v 0.993800 -0.224599 14.713900
v 1.006800 -0.225299 14.775400
v 1.000200 -0.227899 14.776500
v 0.987100 -0.227199 14.715000
v 1.021400 -0.226299 14.838400
v 1.014900 -0.228899 14.839600
v 1.036400 -0.227499 14.899800
v 1.050900 -0.228799 14.956400
v 1.044800 -0.231299 14.957900
v 1.030000 -0.230099 14.901100
v 1.014400 -0.198099 14.710900
v 1.027400 -0.198899 14.772500
v 1.023300 -0.207099 14.773100
v 1.010300 -0.206299 14.711600
v 1.041700 -0.200199 14.835400
v 1.037700 -0.208299 14.836000
v 1.018500 -0.214399 14.773700
v 1.005500 -0.213699 14.712200
v 1.032900 -0.215599 14.836700
v 1.056300 -0.201799 14.896600
v 1.070400 -0.203499 14.952900
v 1.066600 -0.211299 14.953600
v 1.052400 -0.209699 14.897200
v 1.061900 -0.218399 14.954300
v 1.047700 -0.216899 14.897900
v 1.042300 -0.222999 14.898700
v 1.056700 -0.224299 14.955200
v 1.027400 -0.221699 14.837400
v 0.999900 -0.219899 14.713000
v 1.013000 -0.220599 14.774500
v 1.075600 -0.171899 14.951900
v 1.076300 -0.179199 14.951700
v 1.062300 -0.176999 14.895100
v 1.061500 -0.169599 14.895200
v 1.075500 -0.187099 14.951800
v 1.061500 -0.185099 14.895400
v 1.047600 -0.175099 14.833800
v 1.046900 -0.167499 14.833800
v 1.046900 -0.183299 14.834100
v 1.073500 -0.195299 14.952300
v 1.059500 -0.193499 14.896000
v 1.044800 -0.191799 14.834700
v 1.017600 -0.189499 14.710200
v 1.030500 -0.190399 14.771800
v 1.019700 -0.180899 14.709600
v 1.032600 -0.181799 14.771200
v 1.020400 -0.172599 14.709200
v 1.019600 -0.164999 14.709200
v 1.032600 -0.165899 14.770700
v 1.033400 -0.173599 14.770800
v 1.061500 -0.155199 14.956200
v 1.065700 -0.156799 14.955100
v 1.051200 -0.154199 14.897700
v 1.046800 -0.152499 14.898600
v 1.069900 -0.160399 14.953900
v 1.055500 -0.157899 14.896700
v 1.036200 -0.151899 14.835900
v 1.031700 -0.150199 14.836600
v 1.040600 -0.155599 14.835000
v 1.073300 -0.165499 14.952700
v 1.059100 -0.163099 14.895800
v 1.044300 -0.160899 14.834200
v 1.017000 -0.158299 14.709600
v 1.030000 -0.159199 14.771100
v 1.013200 -0.152799 14.710200
v 1.026200 -0.153799 14.771800
v 1.008700 -0.149099 14.711000
v 1.004000 -0.147299 14.711700
v 1.017100 -0.148399 14.773300
v 1.021700 -0.150099 14.772600
v 1.049300 -0.167099 14.957800
v 1.051300 -0.162099 14.957600
v 1.036400 -0.159599 14.899700
v 1.034300 -0.164699 14.900000
v 1.054100 -0.158199 14.957300
v 1.039200 -0.155599 14.899500
v 1.021100 -0.157299 14.837600
v 1.019000 -0.162499 14.837800
v 1.024000 -0.153299 14.837400
v 1.057600 -0.155699 14.956900
v 1.042700 -0.153099 14.899200
v 1.027600 -0.150799 14.837100
v 0.999900 -0.147899 14.712100
v 1.013000 -0.148999 14.773700
v 0.996300 -0.150499 14.712400
v 1.009400 -0.151499 14.774000
v 0.993300 -0.154599 14.712600
v 0.991200 -0.159899 14.712800
v 1.004300 -0.160799 14.774400
v 1.006400 -0.155599 14.774200
v 0.985300 -0.185799 14.714900
v 0.998500 -0.186699 14.776400
v 1.000700 -0.180099 14.775900
v 0.987500 -0.179199 14.714300
v 1.013300 -0.188199 14.839700
v 1.015500 -0.181599 14.839200
v 1.002000 -0.173399 14.775300
v 0.988900 -0.172399 14.713800
v 1.016800 -0.174999 14.838700
v 1.028800 -0.189999 14.901700
v 1.043900 -0.192099 14.959300
v 1.046000 -0.185699 14.958800
v 1.030900 -0.183599 14.901200
v 1.047200 -0.179199 14.958400
v 1.032200 -0.176999 14.900700
v 1.033100 -0.170599 14.900300
v 1.048100 -0.172999 14.958100
v 1.017700 -0.168499 14.838200
v 0.989900 -0.165899 14.713200
v 1.003000 -0.166899 14.774800
v 1.028100 -0.213899 14.961600
v 1.031700 -0.208899 14.961000
v 1.016400 -0.207199 14.903300
v 1.012700 -0.212299 14.903800
v 1.036000 -0.203599 14.960400
v 1.020800 -0.201799 14.902700
v 1.000800 -0.205599 14.841200
v 0.997100 -0.210799 14.841700
v 1.005200 -0.200099 14.840700
v 1.040400 -0.197999 14.959800
v 1.025200 -0.196099 14.902200
v 1.009700 -0.194399 14.840200
v 0.981600 -0.192099 14.715400
v 0.994800 -0.192999 14.776900
v 0.977100 -0.197999 14.715800
v 0.990300 -0.198799 14.777400
v 0.972600 -0.203599 14.716300
v 0.968900 -0.208899 14.716800
v 0.982100 -0.209699 14.778300
v 0.985900 -0.204399 14.777800
v 0.980400 -0.223199 14.779600
v 0.967200 -0.222499 14.718000
v 0.995300 -0.224199 14.842900
v 0.979300 -0.219299 14.779300
v 0.966100 -0.218599 14.717800
v 0.994300 -0.220299 14.842700
v 1.026300 -0.226799 14.962500
v 1.011000 -0.225399 14.904900
v 1.025400 -0.223099 14.962500
v 1.010000 -0.221599 14.904800
v 1.010600 -0.217199 14.904300
v 1.026000 -0.218699 14.962100
v 0.994900 -0.215799 14.842200
v 0.966700 -0.213999 14.717300
v 0.979900 -0.214699 14.778900
v 1.079900 -0.234699 15.082100
v 1.085300 -0.232199 15.079600
v 1.074700 -0.235599 15.084700
v 1.069700 -0.233699 15.048300
v 1.075400 -0.231199 15.046200
v 1.064200 -0.234599 15.050600
v 1.066400 -0.233499 15.089300
v 1.070000 -0.235099 15.087300
v 1.055400 -0.232299 15.054500
v 1.059300 -0.234099 15.052800
v 1.047000 -0.232899 15.010700
v 1.042900 -0.231099 15.012100
v 1.052200 -0.233399 15.008900
v 1.064000 -0.229999 15.005200
v 1.058000 -0.232499 15.007000
v 1.083000 -0.205099 15.001300
v 1.079200 -0.212799 15.001900
v 1.093900 -0.206699 15.041800
v 1.090200 -0.214299 15.042500
v 1.074600 -0.219799 15.002700
v 1.085800 -0.221099 15.043300
v 1.103200 -0.208199 15.074700
v 1.099600 -0.215599 15.075400
v 1.095300 -0.222299 15.076400
v 1.090500 -0.227999 15.077800
v 1.080800 -0.226899 15.044600
v 1.069500 -0.225599 15.003800
v 1.109000 -0.185299 15.074400
v 1.108700 -0.178399 15.075400
v 1.108100 -0.192699 15.074100
v 1.099700 -0.183299 15.041100
v 1.099300 -0.176299 15.041800
v 1.098900 -0.190899 15.041000
v 1.106100 -0.200499 15.074200
v 1.096900 -0.198799 15.041200
v 1.086000 -0.197099 15.000700
v 1.088000 -0.188999 15.000300
v 1.088200 -0.174099 15.000700
v 1.088800 -0.181299 15.000300
v 1.074900 -0.157799 15.006300
v 1.079000 -0.159399 15.004900
v 1.086800 -0.160499 15.048800
v 1.090700 -0.161999 15.047100
v 1.082800 -0.162899 15.003300
v 1.094300 -0.165299 15.045100
v 1.097200 -0.163099 15.083600
v 1.100800 -0.164599 15.081600
v 1.104200 -0.167799 15.079300
v 1.107000 -0.172499 15.077100
v 1.097300 -0.170199 15.043300
v 1.086100 -0.167799 15.001900
v 1.087900 -0.169699 15.086300
v 1.085900 -0.174499 15.086400
v 1.090500 -0.165999 15.085800
v 1.077200 -0.167199 15.051000
v 1.075200 -0.171999 15.051200
v 1.079900 -0.163399 15.050600
v 1.093700 -0.163699 15.085000
v 1.083200 -0.160999 15.049900
v 1.071100 -0.158399 15.007200
v 1.067800 -0.160799 15.007800
v 1.063000 -0.169599 15.008300
v 1.065000 -0.164599 15.008100
v 1.057700 -0.194099 15.009400
v 1.059800 -0.187899 15.009000
v 1.070100 -0.196199 15.051900
v 1.072100 -0.189999 15.051500
v 1.060900 -0.181499 15.008700
v 1.073200 -0.183799 15.051300
v 1.081000 -0.198199 15.086700
v 1.082900 -0.192199 15.086400
v 1.084000 -0.185999 15.086300
v 1.084800 -0.179999 15.086400
v 1.074100 -0.177699 15.051300
v 1.061800 -0.175299 15.008400
v 1.069500 -0.213899 15.089300
v 1.066100 -0.218599 15.090100
v 1.073600 -0.208999 15.088300
v 1.058400 -0.212299 15.054200
v 1.054900 -0.217099 15.054900
v 1.062500 -0.207299 15.053300
v 1.077700 -0.203799 15.087400
v 1.066700 -0.201899 15.052500
v 1.054200 -0.199999 15.010000
v 1.050000 -0.205399 15.010600
v 1.042200 -0.215499 15.012000
v 1.045800 -0.210599 15.011400
v 1.040400 -0.228199 15.012800
v 1.053100 -0.229599 15.055400
v 1.039500 -0.224499 15.012900
v 1.052200 -0.225999 15.055700
v 1.064200 -0.230699 15.090400
v 1.063400 -0.227199 15.090800
v 1.064100 -0.223099 15.090700
v 1.052800 -0.221699 15.055500
v 1.040100 -0.220199 15.012600
v 0.976600 -0.226899 14.658100
v 0.983200 -0.224299 14.657000
v 0.970000 -0.227899 14.659300
v 0.967800 -0.226899 14.605000
v 0.974400 -0.224299 14.603800
v 0.961300 -0.227799 14.606200
v 0.959500 -0.225299 14.661100
v 0.964100 -0.227199 14.660300
v 0.950900 -0.225299 14.608100
v 0.955500 -0.227199 14.607300
v 0.947900 -0.227199 14.557200
v 0.943400 -0.225299 14.558100
v 0.953700 -0.227799 14.556000
v 0.966500 -0.224299 14.553400
v 0.960000 -0.226899 14.554700
v 0.986500 -0.198599 14.550200
v 0.982500 -0.206499 14.550900
v 0.994600 -0.198199 14.600700
v 0.990600 -0.206199 14.601300
v 0.977800 -0.213699 14.551600
v 0.985900 -0.213499 14.602000
v 1.003700 -0.197899 14.654000
v 0.999700 -0.206099 14.654600
v 0.994800 -0.213499 14.655300
v 0.989300 -0.219699 14.656000
v 0.980400 -0.219699 14.602800
v 0.972400 -0.219799 14.552400
v 1.009700 -0.172599 14.652300
v 1.008900 -0.164899 14.652300
v 1.009000 -0.180899 14.652700
v 1.000600 -0.173099 14.599200
v 0.999800 -0.165499 14.599200
v 0.999900 -0.181299 14.599500
v 1.006900 -0.189399 14.653300
v 0.997800 -0.189699 14.600000
v 0.989600 -0.190299 14.549600
v 0.991600 -0.181899 14.549100
v 0.991600 -0.166399 14.548900
v 0.992300 -0.173899 14.548800
v 0.976500 -0.149199 14.552100
v 0.981000 -0.150899 14.551300
v 0.984500 -0.148099 14.602000
v 0.989000 -0.149799 14.601300
v 0.985300 -0.154599 14.550300
v 0.993500 -0.153499 14.600400
v 0.993400 -0.147399 14.654900
v 0.998000 -0.149099 14.654200
v 1.002500 -0.152899 14.653400
v 1.006300 -0.158199 14.652700
v 0.997300 -0.158899 14.599700
v 0.989100 -0.159899 14.549500
v 0.982800 -0.154599 14.655900
v 0.980600 -0.159799 14.656200
v 0.985700 -0.150499 14.655700
v 0.974000 -0.155199 14.603100
v 0.971800 -0.160399 14.603400
v 0.976900 -0.151199 14.602900
v 0.989300 -0.147999 14.655400
v 0.980400 -0.148699 14.602500
v 0.972500 -0.149799 14.552700
v 0.969000 -0.152299 14.553000
v 0.964000 -0.161399 14.553600
v 0.966200 -0.156199 14.553300
v 0.958100 -0.186499 14.555300
v 0.960300 -0.180099 14.554800
v 0.965900 -0.185999 14.605300
v 0.968100 -0.179399 14.604700
v 0.961600 -0.173599 14.554400
v 0.969400 -0.172799 14.604200
v 0.974700 -0.185699 14.658100
v 0.976900 -0.179099 14.657600
v 0.978300 -0.172399 14.657000
v 0.979300 -0.165799 14.656600
v 0.970500 -0.166399 14.603800
v 0.962700 -0.167199 14.553900
v 0.962100 -0.203399 14.659600
v 0.958400 -0.208699 14.660100
v 0.966500 -0.197799 14.659100
v 0.953500 -0.203599 14.606800
v 0.949800 -0.208899 14.607300
v 0.957800 -0.197999 14.606300
v 0.971000 -0.191899 14.658600
v 0.962200 -0.192199 14.605800
v 0.954500 -0.192699 14.555900
v 0.950200 -0.198399 14.556400
v 0.942300 -0.209099 14.557500
v 0.945900 -0.203899 14.556900
v 0.940700 -0.222399 14.558400
v 0.948200 -0.222299 14.608400
v 0.939700 -0.218599 14.558300
v 0.947100 -0.218399 14.608200
v 0.956700 -0.222299 14.661200
v 0.955600 -0.218399 14.661100
v 0.956200 -0.213799 14.660600
v 0.947700 -0.213899 14.607800
v 0.940200 -0.214099 14.558000
v 0.510400 -0.101399 13.448200
v 0.505400 -0.102999 13.450600
v 0.551100 -0.118699 13.477100
v 0.545600 -0.120399 13.479600
v 0.500300 -0.103599 13.453200
v 0.540000 -0.120999 13.482300
v 0.594700 -0.136299 13.514300
v 0.588800 -0.138199 13.516800
v 0.582800 -0.138799 13.519600
v 0.571100 -0.136199 13.525500
v 0.576800 -0.138099 13.522600
v 0.529200 -0.118599 13.488100
v 0.534500 -0.120399 13.485200
v 0.490400 -0.101399 13.458700
v 0.495200 -0.102999 13.456000
v 0.525600 -0.085399 13.442600
v 0.522800 -0.090499 13.443300
v 0.567700 -0.101499 13.471200
v 0.564700 -0.106999 13.471900
v 0.519200 -0.094999 13.444500
v 0.560800 -0.111799 13.473200
v 0.612400 -0.117999 13.508100
v 0.609200 -0.123799 13.508900
v 0.605100 -0.128999 13.510200
v 0.600200 -0.133199 13.512000
v 0.556200 -0.115699 13.475000
v 0.515100 -0.098599 13.446200
v 0.615300 -0.098399 13.509300
v 0.613900 -0.091999 13.510700
v 0.615500 -0.104999 13.508300
v 0.570400 -0.083099 13.472400
v 0.569200 -0.077099 13.473800
v 0.570500 -0.089299 13.471400
v 0.614500 -0.111599 13.507900
v 0.569600 -0.095499 13.471000
v 0.527400 -0.079899 13.442400
v 0.528300 -0.074199 13.442800
v 0.527100 -0.062899 13.445200
v 0.528200 -0.068399 13.443800
v 0.603500 -0.076699 13.517800
v 0.598400 -0.073499 13.520600
v 0.607900 -0.080899 13.515100
v 0.559500 -0.062799 13.480700
v 0.554800 -0.059799 13.483500
v 0.563600 -0.066699 13.478100
v 0.611400 -0.086099 13.512700
v 0.566800 -0.071599 13.475700
v 0.525000 -0.057899 13.447000
v 0.522000 -0.053399 13.449300
v 0.514000 -0.046999 13.454500
v 0.518300 -0.049799 13.451800
v 0.580700 -0.071499 13.529400
v 0.574800 -0.073299 13.532000
v 0.586700 -0.070899 13.526600
v 0.538400 -0.057899 13.491900
v 0.532900 -0.059699 13.494400
v 0.544000 -0.057399 13.489200
v 0.592700 -0.071499 13.523600
v 0.549500 -0.057999 13.486300
v 0.509300 -0.045399 13.457300
v 0.504200 -0.044899 13.460000
v 0.494100 -0.047099 13.465100
v 0.499100 -0.045399 13.462700
v 0.560300 -0.085799 13.537300
v 0.557100 -0.091599 13.538100
v 0.564400 -0.080699 13.536000
v 0.519300 -0.071399 13.499600
v 0.516300 -0.076899 13.500300
v 0.523200 -0.066599 13.498300
v 0.569300 -0.076499 13.534200
v 0.527800 -0.062699 13.496600
v 0.489400 -0.049799 13.467100
v 0.485200 -0.053499 13.468800
v 0.478900 -0.062999 13.470700
v 0.481700 -0.057899 13.470000
v 0.477400 -0.085499 13.468100
v 0.476300 -0.079999 13.469500
v 0.514800 -0.101299 13.497700
v 0.513600 -0.095299 13.499100
v 0.476200 -0.074299 13.470400
v 0.513500 -0.089099 13.500100
v 0.555600 -0.117699 13.535400
v 0.554200 -0.111299 13.536900
v 0.554000 -0.104599 13.537900
v 0.555000 -0.097999 13.538300
v 0.514400 -0.082899 13.500500
v 0.477100 -0.068499 13.470800
v 0.486100 -0.098699 13.461400
v 0.524500 -0.115599 13.490800
v 0.482400 -0.094999 13.463900
v 0.520400 -0.111599 13.493400
v 0.566000 -0.132999 13.528400
v 0.561600 -0.128699 13.531100
v 0.558100 -0.123499 13.533500
v 0.517100 -0.106799 13.495700
v 0.479500 -0.090599 13.466200
v 0.422300 -0.032799 13.393200
v 0.419700 -0.035399 13.392100
v 0.418700 -0.030499 13.394400
v 0.415600 -0.033199 13.393400
v 0.416800 -0.042199 13.391800
v 0.418100 -0.038699 13.391700
v 0.412300 -0.040099 13.393300
v 0.413700 -0.036499 13.393200
v 0.410500 -0.034799 13.395500
v 0.409000 -0.038499 13.395700
v 0.412600 -0.031299 13.395600
v 0.415900 -0.028499 13.396400
v 0.413800 -0.052399 13.394700
v 0.409700 -0.051199 13.396000
v 0.413900 -0.048899 13.393200
v 0.409500 -0.047299 13.394500
v 0.403900 -0.049099 13.400600
v 0.406500 -0.050199 13.398100
v 0.403600 -0.044899 13.399400
v 0.406200 -0.046099 13.396800
v 0.407300 -0.042199 13.396100
v 0.404600 -0.040899 13.398800
v 0.410600 -0.043699 13.393700
v 0.415100 -0.045599 13.392300
v 0.402000 -0.039499 13.401600
v 0.401100 -0.043399 13.402100
v 0.400000 -0.038199 13.404500
v 0.399300 -0.042099 13.404900
v 0.401500 -0.047599 13.403100
v 0.399800 -0.046099 13.405700
v 0.399400 -0.045099 13.408500
v 0.398700 -0.041199 13.408000
v 0.399300 -0.037499 13.407800
v 0.302100 -0.020499 13.411500
v 0.297600 -0.022099 13.414800
v 0.299200 -0.018799 13.415500
v 0.304600 -0.017899 13.410800
v 0.289100 -0.026199 13.422900
v 0.290600 -0.022399 13.424000
v 0.301700 -0.015699 13.416100
v 0.307600 -0.014999 13.410800
v 0.292900 -0.018899 13.425100
v 0.276000 -0.033499 13.437600
v 0.257700 -0.044799 13.460300
v 0.259500 -0.039999 13.461500
v 0.277600 -0.029199 13.438800
v 0.262200 -0.035699 13.462700
v 0.280100 -0.025299 13.440000
v 0.269900 -0.028999 13.465000
v 0.286900 -0.019399 13.442500
v 0.283200 -0.021999 13.441300
v 0.265700 -0.031999 13.463900
v 0.299100 -0.013599 13.427600
v 0.295800 -0.015899 13.426400
v 0.307600 -0.010999 13.418500
v 0.313400 -0.010699 13.413200
v 0.310500 -0.012599 13.411800
v 0.304500 -0.013099 13.417200
v 0.308400 -0.030899 13.406000
v 0.301500 -0.035499 13.410500
v 0.299800 -0.031999 13.411100
v 0.306800 -0.027599 13.406500
v 0.292000 -0.042199 13.419300
v 0.290200 -0.038299 13.419900
v 0.298600 -0.028399 13.412000
v 0.305300 -0.024399 13.407500
v 0.289100 -0.034199 13.420700
v 0.278700 -0.051699 13.434100
v 0.260600 -0.064999 13.456700
v 0.258400 -0.060199 13.457300
v 0.276700 -0.047399 13.434700
v 0.257200 -0.055099 13.458200
v 0.275600 -0.042799 13.435500
v 0.275400 -0.038099 13.436500
v 0.256900 -0.049899 13.459200
v 0.288600 -0.030099 13.421800
v 0.303600 -0.021899 13.409400
v 0.297600 -0.025199 13.413400
v 0.310600 -0.033999 13.405700
v 0.303800 -0.038799 13.410200
v 0.312700 -0.036999 13.406000
v 0.306300 -0.041699 13.410400
v 0.294500 -0.045699 13.419000
v 0.297500 -0.048699 13.418900
v 0.314200 -0.039899 13.407200
v 0.314800 -0.042299 13.408800
v 0.311500 -0.045999 13.411900
v 0.308700 -0.044299 13.411100
v 0.304700 -0.052899 13.419700
v 0.300900 -0.051199 13.419200
v 0.276900 -0.077699 13.456300
v 0.272000 -0.075799 13.456000
v 0.289000 -0.061499 13.433700
v 0.293400 -0.063199 13.434000
v 0.267600 -0.072899 13.456000
v 0.285000 -0.058799 13.433600
v 0.263700 -0.069299 13.456200
v 0.281500 -0.055599 13.433700
v 0.318300 -0.041199 13.407900
v 0.315300 -0.046299 13.412200
v 0.322300 -0.039999 13.407800
v 0.319300 -0.045699 13.412400
v 0.308800 -0.053599 13.420300
v 0.313100 -0.053399 13.421000
v 0.325900 -0.038899 13.408600
v 0.329100 -0.037599 13.410000
v 0.326500 -0.043399 13.414600
v 0.323100 -0.044799 13.413400
v 0.321000 -0.050999 13.423100
v 0.317200 -0.052599 13.422000
v 0.297100 -0.075499 13.459400
v 0.292400 -0.077499 13.458400
v 0.307300 -0.063199 13.436300
v 0.311500 -0.061399 13.437400
v 0.287300 -0.078599 13.457500
v 0.302700 -0.064099 13.435400
v 0.282100 -0.078699 13.456800
v 0.298000 -0.064099 13.434600
v 0.332000 -0.035699 13.411400
v 0.329600 -0.041299 13.415900
v 0.334200 -0.033699 13.413100
v 0.332000 -0.038899 13.417400
v 0.324300 -0.048699 13.424400
v 0.327100 -0.045799 13.425700
v 0.335400 -0.032099 13.415300
v 0.335600 -0.031199 13.417400
v 0.334500 -0.033599 13.420600
v 0.333600 -0.036399 13.419200
v 0.330500 -0.038799 13.428400
v 0.329200 -0.042499 13.427100
v 0.309300 -0.059699 13.464100
v 0.307500 -0.064499 13.462900
v 0.320900 -0.051599 13.441100
v 0.322500 -0.047199 13.442300
v 0.304800 -0.068799 13.461700
v 0.318400 -0.055399 13.439900
v 0.301300 -0.072599 13.460500
v 0.315300 -0.058799 13.438600
v 0.336400 -0.027999 13.416700
v 0.335100 -0.030099 13.421200
v 0.336500 -0.024299 13.416400
v 0.335100 -0.026099 13.421500
v 0.331100 -0.034699 13.429300
v 0.331000 -0.030499 13.430200
v 0.335700 -0.020699 13.416700
v 0.334000 -0.017299 13.417200
v 0.332600 -0.018799 13.422600
v 0.334200 -0.022399 13.422100
v 0.328200 -0.022399 13.431400
v 0.330000 -0.026299 13.430900
v 0.306400 -0.039499 13.467700
v 0.308600 -0.044299 13.467000
v 0.321800 -0.033399 13.445200
v 0.319800 -0.029099 13.445800
v 0.309800 -0.049399 13.466200
v 0.322900 -0.037999 13.444400
v 0.310100 -0.054599 13.465200
v 0.323100 -0.042699 13.443400
v 0.322900 -0.009399 13.420000
v 0.320500 -0.009699 13.423500
v 0.324000 -0.010999 13.423500
v 0.325900 -0.009999 13.418800
v 0.314900 -0.012099 13.431600
v 0.318800 -0.013699 13.431900
v 0.327400 -0.012899 13.423100
v 0.329200 -0.011699 13.417900
v 0.322500 -0.015999 13.431900
v 0.305100 -0.017499 13.445900
v 0.290100 -0.026799 13.468000
v 0.295000 -0.028799 13.468300
v 0.309500 -0.019299 13.446200
v 0.299400 -0.031599 13.468300
v 0.313500 -0.021899 13.446300
v 0.317000 -0.025199 13.446200
v 0.303300 -0.035299 13.468100
v 0.325600 -0.018899 13.431800
v 0.331900 -0.014199 13.417500
v 0.330300 -0.015599 13.422900
v 0.311000 -0.009599 13.419700
v 0.316600 -0.009299 13.414600
v 0.302900 -0.012099 13.428800
v 0.314400 -0.008899 13.421000
v 0.319600 -0.008599 13.416100
v 0.306900 -0.011299 13.429800
v 0.274600 -0.026999 13.466000
v 0.291200 -0.017599 13.443600
v 0.279700 -0.025999 13.466800
v 0.295800 -0.016699 13.444500
v 0.300400 -0.016699 13.445300
v 0.284900 -0.025899 13.467500
v 0.311000 -0.011299 13.430800
v 0.321800 -0.008699 13.418100
v 0.317500 -0.008999 13.422500
v 0.336400 -0.027899 13.413300
v 0.335100 -0.029099 13.410800
v 0.336300 -0.023999 13.412600
v 0.334700 -0.024999 13.409900
v 0.329800 -0.032599 13.407400
v 0.332800 -0.030799 13.408900
v 0.329100 -0.028399 13.406300
v 0.332200 -0.026599 13.407900
v 0.325400 -0.021099 13.406700
v 0.328800 -0.019299 13.408400
v 0.330800 -0.022799 13.407900
v 0.327500 -0.024599 13.406200
v 0.331700 -0.017899 13.410500
v 0.333500 -0.021299 13.410000
v 0.333600 -0.017099 13.413300
v 0.335300 -0.020399 13.412800
v 0.297700 -0.235599 15.290600
v 0.297800 -0.239899 15.291400
v 0.299200 -0.238699 15.296000
v 0.298600 -0.233199 15.293400
v 0.299000 -0.245899 15.291900
v 0.300400 -0.245199 15.297000
v 0.301100 -0.236699 15.299500
v 0.300500 -0.230499 15.296300
v 0.302300 -0.243899 15.300900
v 0.301300 -0.252699 15.291600
v 0.304600 -0.259499 15.290900
v 0.305900 -0.259299 15.296400
v 0.302600 -0.252299 15.297000
v 0.307800 -0.258799 15.300600
v 0.304500 -0.251399 15.301200
v 0.312100 -0.256799 15.305000
v 0.308900 -0.249199 15.305600
v 0.306600 -0.250299 15.304000
v 0.309900 -0.257899 15.303500
v 0.307200 -0.241199 15.305100
v 0.304700 -0.242399 15.303600
v 0.306500 -0.233399 15.303400
v 0.306500 -0.226599 15.299900
v 0.303300 -0.228099 15.298600
v 0.303700 -0.234799 15.301900
v 0.136700 -0.199599 14.206100
v 0.139100 -0.193399 14.206900
v 0.134100 -0.187499 14.144800
v 0.131600 -0.193899 14.143900
v 0.142600 -0.187799 14.207600
v 0.137800 -0.181699 14.145700
v 0.130500 -0.180699 14.077200
v 0.128000 -0.187199 14.076200
v 0.134200 -0.174699 14.078100
v 0.147100 -0.182999 14.208300
v 0.152500 -0.179099 14.208800
v 0.148100 -0.172599 14.147100
v 0.142500 -0.176699 14.146500
v 0.144800 -0.165399 14.079700
v 0.139000 -0.169599 14.079000
v 0.142700 -0.148199 13.933800
v 0.136900 -0.152399 13.932900
v 0.137100 -0.161499 14.007300
v 0.142900 -0.157299 14.008100
v 0.131900 -0.157599 13.932000
v 0.132200 -0.166699 14.006400
v 0.128100 -0.163699 13.931000
v 0.125600 -0.170399 13.929900
v 0.125900 -0.179399 14.004400
v 0.128400 -0.172799 14.005400
v 0.140200 -0.225199 14.202900
v 0.137500 -0.219199 14.203600
v 0.132400 -0.214299 14.141200
v 0.135300 -0.220599 14.140500
v 0.135900 -0.212699 14.204400
v 0.130800 -0.207599 14.142100
v 0.128700 -0.208099 14.073400
v 0.131700 -0.214499 14.072600
v 0.127100 -0.201199 14.074300
v 0.135700 -0.206099 14.205300
v 0.130600 -0.200699 14.143000
v 0.126900 -0.194199 14.075200
v 0.124400 -0.177499 13.928800
v 0.124700 -0.186399 14.003400
v 0.124700 -0.184699 13.927800
v 0.125000 -0.193599 14.002400
v 0.126400 -0.191699 13.926900
v 0.129300 -0.198199 13.926100
v 0.129600 -0.207099 14.000600
v 0.126700 -0.200499 14.001400
v 0.139300 -0.226099 14.139800
v 0.144100 -0.230499 14.202300
v 0.135800 -0.220199 14.071900
v 0.144400 -0.230799 14.139300
v 0.149000 -0.234999 14.201800
v 0.141100 -0.224999 14.071400
v 0.133600 -0.204099 13.925400
v 0.133900 -0.212799 14.000000
v 0.138900 -0.208999 13.924900
v 0.139100 -0.217699 13.999500
v 0.151900 -0.215399 13.924500
v 0.152000 -0.224099 13.999000
v 0.145300 -0.221499 13.999200
v 0.145100 -0.212799 13.924600
v 0.153700 -0.231299 14.070900
v 0.147100 -0.228799 14.071100
v 0.156800 -0.236899 14.138800
v 0.160900 -0.240899 14.201100
v 0.154700 -0.238499 14.201400
v 0.150300 -0.234499 14.139000
v 0.163600 -0.237999 14.138800
v 0.167500 -0.241899 14.201100
v 0.160700 -0.232399 14.071000
v 0.170600 -0.237799 14.139000
v 0.174100 -0.241699 14.201200
v 0.167800 -0.232099 14.071200
v 0.159000 -0.216499 13.924600
v 0.159100 -0.225199 13.999100
v 0.166300 -0.216299 13.924900
v 0.166300 -0.224999 13.999400
v 0.180000 -0.211799 13.926100
v 0.179900 -0.220499 14.000500
v 0.173300 -0.223399 13.999900
v 0.173300 -0.214699 13.925400
v 0.181200 -0.227699 14.072200
v 0.174700 -0.230599 14.071600
v 0.183600 -0.233399 14.139800
v 0.186700 -0.237499 14.201800
v 0.180600 -0.240199 14.201400
v 0.177300 -0.236199 14.139300
v 0.189200 -0.229399 14.140400
v 0.192000 -0.233599 14.202300
v 0.186900 -0.223599 14.073000
v 0.193900 -0.224399 14.141200
v 0.196600 -0.228799 14.203000
v 0.191800 -0.218499 14.073800
v 0.185800 -0.207599 13.926900
v 0.185700 -0.216299 14.001300
v 0.190700 -0.202399 13.927900
v 0.190600 -0.211099 14.002200
v 0.197100 -0.189599 13.930000
v 0.196900 -0.198399 14.004300
v 0.194400 -0.205099 14.003200
v 0.194600 -0.196299 13.928900
v 0.198000 -0.205899 14.075700
v 0.195500 -0.212499 14.074800
v 0.200000 -0.212099 14.143000
v 0.202400 -0.216999 14.204500
v 0.200100 -0.223099 14.203700
v 0.197600 -0.218499 14.142100
v 0.201100 -0.205299 14.143900
v 0.203500 -0.210499 14.205400
v 0.199100 -0.198999 14.076700
v 0.200800 -0.198499 14.144800
v 0.203200 -0.203799 14.206200
v 0.198900 -0.191899 14.077700
v 0.198200 -0.182499 13.931100
v 0.198000 -0.191399 14.005300
v 0.198000 -0.175299 13.932100
v 0.197700 -0.184199 14.006300
v 0.193300 -0.161699 13.933800
v 0.193100 -0.170799 14.008000
v 0.196100 -0.177299 14.007200
v 0.196300 -0.168299 13.933000
v 0.194300 -0.178699 14.079400
v 0.197200 -0.185099 14.078600
v 0.196400 -0.185499 14.146400
v 0.199000 -0.191399 14.207700
v 0.201700 -0.197399 14.207000
v 0.199300 -0.191799 14.145700
v 0.178300 -0.175699 14.209500
v 0.184500 -0.177999 14.209200
v 0.181400 -0.171599 14.148000
v 0.174900 -0.169099 14.148100
v 0.190100 -0.181499 14.208900
v 0.187300 -0.175199 14.147600
v 0.178900 -0.164399 14.080900
v 0.172300 -0.161899 14.081000
v 0.184900 -0.168199 14.080600
v 0.195000 -0.185999 14.208300
v 0.192300 -0.179899 14.147100
v 0.190100 -0.172999 14.080100
v 0.189100 -0.155899 13.934500
v 0.188900 -0.164999 14.008700
v 0.183700 -0.150999 13.935000
v 0.183600 -0.160099 14.009200
v 0.177600 -0.147199 13.935300
v 0.170800 -0.144599 13.935400
v 0.170800 -0.153799 14.009600
v 0.177500 -0.156299 14.009500
v 0.158600 -0.176399 14.209200
v 0.154400 -0.169799 14.147600
v 0.165000 -0.174899 14.209500
v 0.161100 -0.168299 14.148000
v 0.151200 -0.162599 14.080300
v 0.158200 -0.160999 14.080700
v 0.171700 -0.174599 14.209600
v 0.168100 -0.168099 14.148100
v 0.165300 -0.160799 14.081000
v 0.163700 -0.143399 13.935300
v 0.163700 -0.152599 14.009600
v 0.156400 -0.143699 13.935000
v 0.156500 -0.152899 14.009300
v 0.149300 -0.145299 13.934500
v 0.149500 -0.154499 14.008800
v 0.162600 -0.213099 14.375000
v 0.164300 -0.208799 14.375200
v 0.158400 -0.205999 14.347100
v 0.156600 -0.210899 14.346700
v 0.166700 -0.204799 14.375400
v 0.161200 -0.201599 14.347300
v 0.151800 -0.202599 14.309000
v 0.149800 -0.207999 14.308500
v 0.154900 -0.197699 14.309400
v 0.169900 -0.201399 14.375400
v 0.173600 -0.198699 14.375300
v 0.168900 -0.194699 14.347600
v 0.164700 -0.197799 14.347500
v 0.163400 -0.190099 14.309900
v 0.158800 -0.193499 14.309700
v 0.152800 -0.188599 14.263000
v 0.157800 -0.184899 14.263400
v 0.148500 -0.193099 14.262500
v 0.143000 -0.204199 14.261300
v 0.145200 -0.198399 14.261900
v 0.165100 -0.231099 14.373400
v 0.163200 -0.226899 14.373900
v 0.157200 -0.226299 14.345300
v 0.159300 -0.230999 14.344700
v 0.162100 -0.222399 14.374300
v 0.156000 -0.221199 14.345800
v 0.150500 -0.224999 14.306700
v 0.152800 -0.230199 14.306100
v 0.149100 -0.219399 14.307300
v 0.161900 -0.217699 14.374700
v 0.155800 -0.215999 14.346300
v 0.148900 -0.213599 14.307900
v 0.142000 -0.210399 14.260600
v 0.142300 -0.216599 14.259800
v 0.146300 -0.228299 14.258400
v 0.143700 -0.222699 14.259100
v 0.162400 -0.235199 14.344200
v 0.167800 -0.234899 14.372900
v 0.156200 -0.234799 14.305500
v 0.166200 -0.238799 14.343700
v 0.171200 -0.237999 14.372400
v 0.160500 -0.238699 14.305000
v 0.149900 -0.233299 14.257800
v 0.154500 -0.237599 14.257300
v 0.165700 -0.243099 14.256600
v 0.159900 -0.240899 14.256900
v 0.170800 -0.243799 14.304200
v 0.165400 -0.241699 14.304500
v 0.175500 -0.243299 14.342800
v 0.179500 -0.241999 14.371500
v 0.175200 -0.240399 14.371900
v 0.170700 -0.241499 14.343200
v 0.180700 -0.244099 14.342500
v 0.184100 -0.242699 14.371100
v 0.176400 -0.244599 14.303900
v 0.185900 -0.243899 14.342200
v 0.188700 -0.242499 14.370800
v 0.182200 -0.244399 14.303800
v 0.171900 -0.243999 14.256400
v 0.178100 -0.243799 14.256400
v 0.189900 -0.239799 14.256800
v 0.184200 -0.242399 14.256500
v 0.193100 -0.240699 14.303800
v 0.187800 -0.243099 14.303700
v 0.195700 -0.240499 14.342000
v 0.197400 -0.239599 14.370400
v 0.193200 -0.241499 14.370600
v 0.191000 -0.242699 14.342100
v 0.199800 -0.237499 14.342100
v 0.201000 -0.236799 14.370400
v 0.197700 -0.237399 14.304100
v 0.203300 -0.233699 14.342300
v 0.204000 -0.233499 14.370400
v 0.201600 -0.233099 14.304400
v 0.195000 -0.236199 14.257200
v 0.199200 -0.231599 14.257700
v 0.204800 -0.220499 14.258900
v 0.202500 -0.226299 14.258300
v 0.206700 -0.222899 14.305300
v 0.204600 -0.228299 14.304800
v 0.207800 -0.224399 14.342900
v 0.207900 -0.225299 14.370800
v 0.206400 -0.229599 14.370600
v 0.206000 -0.229299 14.342600
v 0.208600 -0.219299 14.343400
v 0.208500 -0.220799 14.371200
v 0.207500 -0.217199 14.305900
v 0.208300 -0.214099 14.343800
v 0.208300 -0.216199 14.371500
v 0.207300 -0.211499 14.306500
v 0.205700 -0.214299 14.259600
v 0.205500 -0.208099 14.260400
v 0.201500 -0.196399 14.261700
v 0.204000 -0.202099 14.261100
v 0.203600 -0.200699 14.307700
v 0.206000 -0.205899 14.307100
v 0.205000 -0.204299 14.344900
v 0.205300 -0.207399 14.372400
v 0.207200 -0.211699 14.371900
v 0.207200 -0.208999 14.344400
v 0.191400 -0.196199 14.374300
v 0.195700 -0.197899 14.373800
v 0.193900 -0.193799 14.346400
v 0.189000 -0.191899 14.346800
v 0.199500 -0.200399 14.373400
v 0.198200 -0.196499 14.345900
v 0.191100 -0.189099 14.309300
v 0.185800 -0.187099 14.309600
v 0.196000 -0.192099 14.308800
v 0.202700 -0.203599 14.372900
v 0.202000 -0.200099 14.345400
v 0.200200 -0.195999 14.308300
v 0.197800 -0.191399 14.262300
v 0.193200 -0.187099 14.262900
v 0.182000 -0.181699 14.263600
v 0.187900 -0.183899 14.263300
v 0.177800 -0.196699 14.375200
v 0.173600 -0.192499 14.347500
v 0.182300 -0.195699 14.375000
v 0.178700 -0.191299 14.347400
v 0.168700 -0.187699 14.310000
v 0.174300 -0.186399 14.310000
v 0.186900 -0.195499 14.374600
v 0.183900 -0.191099 14.347100
v 0.180100 -0.186199 14.309900
v 0.175900 -0.180699 14.263700
v 0.169600 -0.180899 14.263800
v 0.163500 -0.182299 14.263600
v 0.144500 -0.137799 13.858100
v 0.138600 -0.141999 13.857300
v 0.149400 -0.125999 13.783400
v 0.143600 -0.130199 13.782600
v 0.133700 -0.147299 13.856300
v 0.138600 -0.135499 13.781600
v 0.158800 -0.112399 13.712000
v 0.173800 -0.096799 13.646100
v 0.168100 -0.100899 13.645200
v 0.153000 -0.116599 13.711100
v 0.163300 -0.105899 13.644200
v 0.148100 -0.121799 13.710100
v 0.157200 -0.118299 13.642000
v 0.141800 -0.134399 13.708000
v 0.144300 -0.127799 13.709100
v 0.159700 -0.111799 13.643100
v 0.132200 -0.148299 13.779400
v 0.134800 -0.141599 13.780500
v 0.127200 -0.160199 13.854200
v 0.129800 -0.153399 13.855200
v 0.126100 -0.167299 13.853100
v 0.131100 -0.155399 13.778300
v 0.126400 -0.174499 13.852000
v 0.131400 -0.162599 13.777300
v 0.156100 -0.125099 13.640900
v 0.140600 -0.141499 13.706900
v 0.156400 -0.131999 13.639900
v 0.140900 -0.148599 13.705800
v 0.160900 -0.145199 13.638100
v 0.145500 -0.162099 13.704000
v 0.142600 -0.155599 13.704900
v 0.158000 -0.138799 13.638900
v 0.136000 -0.176199 13.775500
v 0.133000 -0.169699 13.776300
v 0.131000 -0.188099 13.850300
v 0.128100 -0.181499 13.851100
v 0.135300 -0.193999 13.849600
v 0.140300 -0.182099 13.774800
v 0.140700 -0.198899 13.849100
v 0.145600 -0.186999 13.774400
v 0.165000 -0.150799 13.637500
v 0.149800 -0.167899 13.703400
v 0.170200 -0.155599 13.637000
v 0.155100 -0.172699 13.702900
v 0.182700 -0.161799 13.636700
v 0.167900 -0.179099 13.702600
v 0.161200 -0.176599 13.702600
v 0.176100 -0.159299 13.636800
v 0.158600 -0.193499 13.774000
v 0.151800 -0.190899 13.774100
v 0.153700 -0.205399 13.848700
v 0.146900 -0.202799 13.848800
v 0.160900 -0.206499 13.848900
v 0.165800 -0.194599 13.774100
v 0.168200 -0.206299 13.849200
v 0.173100 -0.194399 13.774500
v 0.189600 -0.162899 13.636900
v 0.175000 -0.180299 13.702700
v 0.196600 -0.162699 13.637300
v 0.182200 -0.180099 13.703100
v 0.209800 -0.158399 13.638700
v 0.195800 -0.175599 13.704400
v 0.189200 -0.178499 13.703700
v 0.203400 -0.161199 13.637900
v 0.186800 -0.189899 13.775700
v 0.180200 -0.192799 13.775000
v 0.181900 -0.201799 13.850400
v 0.175300 -0.204699 13.849700
v 0.187800 -0.197599 13.851300
v 0.192700 -0.185699 13.776600
v 0.192800 -0.192299 13.852200
v 0.197700 -0.180399 13.777600
v 0.215400 -0.154399 13.639600
v 0.201600 -0.171499 13.705300
v 0.220200 -0.149299 13.640700
v 0.206500 -0.166199 13.706300
v 0.226400 -0.136999 13.642900
v 0.212800 -0.153599 13.708500
v 0.210300 -0.160199 13.707400
v 0.223900 -0.143399 13.641800
v 0.204100 -0.167599 13.779800
v 0.201500 -0.174299 13.778700
v 0.199200 -0.179399 13.854400
v 0.196600 -0.186199 13.853300
v 0.200300 -0.172299 13.855500
v 0.205200 -0.160499 13.780900
v 0.200000 -0.165099 13.856500
v 0.204900 -0.153299 13.781900
v 0.227400 -0.130099 13.644000
v 0.213900 -0.146499 13.709600
v 0.227200 -0.123199 13.645000
v 0.213600 -0.139399 13.710600
v 0.222700 -0.110099 13.646800
v 0.209000 -0.125899 13.712400
v 0.212000 -0.132399 13.711600
v 0.225600 -0.116399 13.646000
v 0.200300 -0.139599 13.783700
v 0.203300 -0.146199 13.782900
v 0.195400 -0.151499 13.858300
v 0.198400 -0.158099 13.857500
v 0.191100 -0.145599 13.859000
v 0.196000 -0.133799 13.784400
v 0.185700 -0.140699 13.859500
v 0.190600 -0.128799 13.784900
v 0.218500 -0.104399 13.647400
v 0.204800 -0.120099 13.713100
v 0.213400 -0.099699 13.647800
v 0.199500 -0.115299 13.713600
v 0.200900 -0.093399 13.648100
v 0.186700 -0.108899 13.713900
v 0.193400 -0.111499 13.713800
v 0.207400 -0.095899 13.648100
v 0.177600 -0.122399 13.785200
v 0.184400 -0.124999 13.785200
v 0.172700 -0.134199 13.859800
v 0.179500 -0.136799 13.859800
v 0.165500 -0.133099 13.859700
v 0.170500 -0.121199 13.785100
v 0.158200 -0.133299 13.859400
v 0.163200 -0.121499 13.784700
v 0.194000 -0.092299 13.647900
v 0.179600 -0.107699 13.713700
v 0.187000 -0.092499 13.647500
v 0.172400 -0.107999 13.713300
v 0.165300 -0.109499 13.712800
v 0.180100 -0.093999 13.646900
v 0.156100 -0.123099 13.784200
v 0.151100 -0.134899 13.858800
v 0.169500 -0.207499 14.424000
v 0.170800 -0.202399 14.424200
v 0.172100 -0.204899 14.418900
v 0.170900 -0.209399 14.418800
v 0.173100 -0.197899 14.424200
v 0.174200 -0.200899 14.418900
v 0.173500 -0.207699 14.414500
v 0.172400 -0.211699 14.414400
v 0.175400 -0.204199 14.414500
v 0.176000 -0.194499 14.424100
v 0.179200 -0.192399 14.423900
v 0.179700 -0.195799 14.418600
v 0.176800 -0.197799 14.418800
v 0.180400 -0.199599 14.414300
v 0.177800 -0.201499 14.414400
v 0.181200 -0.205199 14.407900
v 0.178700 -0.206999 14.408000
v 0.178500 -0.204799 14.410800
v 0.181000 -0.202999 14.410700
v 0.176600 -0.209399 14.408100
v 0.176300 -0.207299 14.410900
v 0.174900 -0.212199 14.408100
v 0.173900 -0.215299 14.408000
v 0.173600 -0.213799 14.410800
v 0.174600 -0.210299 14.410900
v 0.175800 -0.230599 14.422000
v 0.172900 -0.224799 14.422700
v 0.173700 -0.224699 14.417600
v 0.176200 -0.229799 14.417100
v 0.170700 -0.218999 14.423200
v 0.171900 -0.219599 14.418100
v 0.174500 -0.224799 14.413400
v 0.176600 -0.229099 14.413000
v 0.173000 -0.220399 14.413800
v 0.169600 -0.213099 14.423700
v 0.170900 -0.214399 14.418500
v 0.172300 -0.215899 14.414200
v 0.173500 -0.218699 14.407800
v 0.173300 -0.217499 14.410600
v 0.173900 -0.222099 14.407600
v 0.173800 -0.221299 14.410400
v 0.174800 -0.225399 14.407300
v 0.176300 -0.228599 14.407000
v 0.176700 -0.228599 14.409600
v 0.175000 -0.224999 14.410000
v 0.186600 -0.237099 14.405400
v 0.188100 -0.238499 14.407800
v 0.184800 -0.236999 14.408300
v 0.183600 -0.235799 14.405800
v 0.189700 -0.241099 14.410800
v 0.185900 -0.239199 14.411400
v 0.181700 -0.234799 14.408700
v 0.180800 -0.233899 14.406200
v 0.182400 -0.236399 14.411900
v 0.191300 -0.244099 14.414600
v 0.192800 -0.247099 14.419200
v 0.188000 -0.244499 14.419900
v 0.187000 -0.241799 14.415200
v 0.183500 -0.240699 14.420600
v 0.183000 -0.238499 14.415800
v 0.179400 -0.234399 14.416500
v 0.179400 -0.235899 14.421300
v 0.179300 -0.232999 14.412400
v 0.178300 -0.231399 14.406600
v 0.179000 -0.231899 14.409200
v 0.198400 -0.235599 14.404300
v 0.200500 -0.236999 14.406600
v 0.198100 -0.238299 14.406800
v 0.196000 -0.236799 14.404400
v 0.203500 -0.239399 14.409500
v 0.200900 -0.240899 14.409700
v 0.195000 -0.239099 14.407100
v 0.193000 -0.237499 14.404700
v 0.197500 -0.241799 14.410000
v 0.206900 -0.242199 14.413100
v 0.210100 -0.244999 14.417500
v 0.207000 -0.246999 14.417700
v 0.204000 -0.243999 14.413300
v 0.202800 -0.248199 14.418100
v 0.200200 -0.244999 14.413600
v 0.195900 -0.245099 14.414000
v 0.197900 -0.248299 14.418600
v 0.193700 -0.241899 14.410400
v 0.189900 -0.237599 14.405000
v 0.191600 -0.239199 14.407400
v 0.208900 -0.232199 14.418300
v 0.210700 -0.235799 14.417900
v 0.207800 -0.233999 14.413400
v 0.206400 -0.230799 14.413700
v 0.211700 -0.239199 14.417700
v 0.208500 -0.237099 14.413200
v 0.205000 -0.232199 14.409700
v 0.204000 -0.229299 14.410000
v 0.205300 -0.234899 14.409500
v 0.211600 -0.242399 14.417500
v 0.208300 -0.239899 14.413000
v 0.204900 -0.237299 14.409400
v 0.200100 -0.233899 14.404200
v 0.202000 -0.235199 14.406600
v 0.201100 -0.231799 14.404200
v 0.202700 -0.232999 14.406600
v 0.201600 -0.229499 14.404300
v 0.201600 -0.226899 14.404500
v 0.202200 -0.227999 14.407000
v 0.202700 -0.230599 14.406800
v 0.198100 -0.216699 14.420400
v 0.200800 -0.221099 14.419900
v 0.199700 -0.220499 14.415100
v 0.197500 -0.216599 14.415600
v 0.203600 -0.224999 14.419300
v 0.202100 -0.224099 14.414600
v 0.198900 -0.219999 14.411100
v 0.197100 -0.216499 14.411500
v 0.200800 -0.223299 14.410700
v 0.206400 -0.228699 14.418800
v 0.204400 -0.227499 14.414200
v 0.202500 -0.226299 14.410300
v 0.201200 -0.224199 14.404700
v 0.201300 -0.225199 14.407200
v 0.200400 -0.221299 14.404900
v 0.200100 -0.222299 14.407500
v 0.199400 -0.218399 14.405200
v 0.198200 -0.215399 14.405500
v 0.197300 -0.216099 14.408200
v 0.198700 -0.219299 14.407900
v 0.191700 -0.205199 14.406800
v 0.191100 -0.204299 14.409600
v 0.193000 -0.206699 14.409200
v 0.193700 -0.207099 14.406500
v 0.190600 -0.202399 14.413000
v 0.192500 -0.205399 14.412700
v 0.194500 -0.209599 14.408900
v 0.195400 -0.209599 14.406200
v 0.194000 -0.208899 14.412300
v 0.190300 -0.200099 14.417200
v 0.190300 -0.197899 14.422300
v 0.192300 -0.202099 14.421900
v 0.192200 -0.203699 14.416800
v 0.194100 -0.206899 14.421400
v 0.193900 -0.207899 14.416400
v 0.195600 -0.212299 14.416000
v 0.196000 -0.211899 14.420900
v 0.195600 -0.212699 14.411900
v 0.196900 -0.212399 14.405800
v 0.195900 -0.212799 14.408600
v 0.183700 -0.202099 14.410500
v 0.183800 -0.204199 14.407700
v 0.183200 -0.198799 14.414000
v 0.186300 -0.201999 14.410200
v 0.186600 -0.203799 14.407400
v 0.185900 -0.199099 14.413700
v 0.182300 -0.191799 14.423600
v 0.182700 -0.195099 14.418400
v 0.185200 -0.192599 14.423200
v 0.185400 -0.195699 14.418000
v 0.188000 -0.197399 14.417600
v 0.187900 -0.194699 14.422800
v 0.188400 -0.200299 14.413400
v 0.189300 -0.204099 14.407100
v 0.188800 -0.202699 14.409900
v 0.180700 -0.205599 14.405800
v 0.178000 -0.207499 14.405900
v 0.179300 -0.204399 14.401600
v 0.176400 -0.206599 14.401700
v 0.175800 -0.209999 14.406000
v 0.174000 -0.209299 14.401800
v 0.177000 -0.201999 14.392400
v 0.173700 -0.204399 14.392500
v 0.171000 -0.207499 14.392600
v 0.167400 -0.214799 14.392400
v 0.168800 -0.210999 14.392500
v 0.170800 -0.215799 14.401700
v 0.172100 -0.212399 14.401800
v 0.173000 -0.215999 14.405900
v 0.174100 -0.212799 14.406000
v 0.172500 -0.219299 14.405800
v 0.170300 -0.219399 14.401500
v 0.172700 -0.222699 14.405500
v 0.170500 -0.222999 14.401300
v 0.166800 -0.218799 14.392100
v 0.166900 -0.222899 14.391800
v 0.169500 -0.230599 14.391100
v 0.167900 -0.226899 14.391500
v 0.172800 -0.229899 14.400600
v 0.171300 -0.226599 14.401000
v 0.175000 -0.229099 14.404900
v 0.173600 -0.225999 14.405300
v 0.177000 -0.231899 14.404500
v 0.175000 -0.232799 14.400200
v 0.179500 -0.234199 14.404200
v 0.177600 -0.235299 14.399800
v 0.172000 -0.233899 14.390600
v 0.175000 -0.236699 14.390200
v 0.182300 -0.240199 14.389300
v 0.178400 -0.238799 14.389700
v 0.184100 -0.238499 14.399000
v 0.180700 -0.237199 14.399400
v 0.185400 -0.237199 14.403400
v 0.182300 -0.235999 14.403800
v 0.188700 -0.237699 14.403000
v 0.187700 -0.238999 14.398600
v 0.192000 -0.237599 14.402700
v 0.191200 -0.238799 14.398200
v 0.186300 -0.240799 14.388900
v 0.190400 -0.240699 14.388500
v 0.197900 -0.238099 14.388100
v 0.194300 -0.239699 14.388300
v 0.197700 -0.236599 14.397800
v 0.194700 -0.237999 14.398000
v 0.197700 -0.235599 14.402200
v 0.195000 -0.236899 14.402400
v 0.200900 -0.235699 14.388000
v 0.203400 -0.232799 14.388000
v 0.200300 -0.234599 14.397600
v 0.202300 -0.232099 14.397600
v 0.206500 -0.225799 14.388200
v 0.205300 -0.229499 14.388100
v 0.204500 -0.225999 14.397800
v 0.203700 -0.229199 14.397700
v 0.202200 -0.229099 14.402200
v 0.202600 -0.226399 14.402300
v 0.201200 -0.231699 14.402100
v 0.199700 -0.233799 14.402100
v 0.201200 -0.217199 14.403000
v 0.200000 -0.214199 14.403300
v 0.202100 -0.220299 14.402700
v 0.203600 -0.215699 14.398600
v 0.202200 -0.212399 14.398900
v 0.204400 -0.219199 14.398300
v 0.202600 -0.223399 14.402500
v 0.204700 -0.222699 14.398000
v 0.207000 -0.221799 14.388500
v 0.206700 -0.217799 14.388800
v 0.204200 -0.210099 14.389500
v 0.205800 -0.213899 14.389100
v 0.202000 -0.206699 14.389900
v 0.199300 -0.203799 14.390400
v 0.200500 -0.209299 14.399300
v 0.198300 -0.206599 14.399700
v 0.192600 -0.199899 14.391200
v 0.196100 -0.201499 14.390800
v 0.192800 -0.202799 14.400400
v 0.195700 -0.204299 14.400000
v 0.194800 -0.206299 14.404400
v 0.192400 -0.204699 14.404700
v 0.196800 -0.208499 14.404000
v 0.198600 -0.211199 14.403700
v 0.189600 -0.203799 14.405000
v 0.189500 -0.202099 14.400800
v 0.186600 -0.203699 14.405300
v 0.186000 -0.202199 14.401100
v 0.188700 -0.199199 14.391600
v 0.184700 -0.199399 14.391900
v 0.180700 -0.200299 14.392200
v 0.182600 -0.202899 14.401400
v 0.183600 -0.204299 14.405600
v 0.172700 -0.205299 14.475400
v 0.174300 -0.199099 14.475600
v 0.171400 -0.199199 14.453800
v 0.169900 -0.205299 14.453500
v 0.177100 -0.193799 14.475700
v 0.174100 -0.193999 14.453900
v 0.170100 -0.199699 14.439400
v 0.168700 -0.205599 14.439200
v 0.172700 -0.194699 14.439500
v 0.180600 -0.189699 14.475700
v 0.184400 -0.187299 14.475400
v 0.181200 -0.187699 14.453600
v 0.177500 -0.190099 14.453800
v 0.179500 -0.188499 14.439200
v 0.176000 -0.190799 14.439400
v 0.175600 -0.192299 14.430200
v 0.179000 -0.189999 14.430000
v 0.172500 -0.195899 14.430300
v 0.168700 -0.206299 14.430000
v 0.170000 -0.200699 14.430300
v 0.180900 -0.233899 14.473100
v 0.177200 -0.226699 14.473900
v 0.174200 -0.226099 14.452000
v 0.177800 -0.232999 14.451200
v 0.174400 -0.219399 14.474500
v 0.171500 -0.218999 14.452600
v 0.172800 -0.225499 14.437600
v 0.176200 -0.232199 14.436900
v 0.170200 -0.218699 14.438300
v 0.172900 -0.212199 14.475000
v 0.170000 -0.211999 14.453100
v 0.168800 -0.211999 14.438800
v 0.168700 -0.212299 14.429700
v 0.170100 -0.218699 14.429200
v 0.175700 -0.231399 14.427900
v 0.172500 -0.225099 14.428600
v 0.182100 -0.239499 14.450400
v 0.185300 -0.240599 14.472200
v 0.180300 -0.238399 14.436100
v 0.186900 -0.245299 14.449400
v 0.190300 -0.246499 14.471200
v 0.185000 -0.243899 14.435200
v 0.179600 -0.237299 14.427100
v 0.184000 -0.242399 14.426300
v 0.194100 -0.249499 14.424800
v 0.188900 -0.246599 14.425500
v 0.195700 -0.251499 14.433600
v 0.190100 -0.248399 14.434400
v 0.198000 -0.253199 14.447700
v 0.201700 -0.254599 14.469400
v 0.195800 -0.251299 14.470300
v 0.192300 -0.249899 14.448500
v 0.212700 -0.247299 14.423100
v 0.209400 -0.249499 14.423300
v 0.215200 -0.249199 14.431900
v 0.211800 -0.251499 14.432100
v 0.204900 -0.250699 14.423700
v 0.207000 -0.252799 14.432400
v 0.218300 -0.250799 14.446000
v 0.222500 -0.252199 14.467600
v 0.218800 -0.254699 14.467800
v 0.214700 -0.253199 14.446200
v 0.213800 -0.256099 14.468200
v 0.209800 -0.254499 14.446600
v 0.204000 -0.254599 14.447100
v 0.207800 -0.256099 14.468700
v 0.201500 -0.252899 14.432900
v 0.199600 -0.250799 14.424200
v 0.220300 -0.236599 14.468200
v 0.222800 -0.240899 14.467800
v 0.218600 -0.239799 14.446300
v 0.216200 -0.235599 14.446700
v 0.224200 -0.245099 14.467500
v 0.220000 -0.243899 14.446000
v 0.215600 -0.238599 14.432300
v 0.213200 -0.234599 14.432700
v 0.216900 -0.242499 14.432000
v 0.224200 -0.248899 14.467500
v 0.220000 -0.247599 14.445900
v 0.216800 -0.246099 14.431800
v 0.214200 -0.244399 14.423100
v 0.214300 -0.240999 14.423200
v 0.211000 -0.233499 14.423900
v 0.213100 -0.237299 14.423500
v 0.205600 -0.218499 14.471200
v 0.209100 -0.223599 14.470500
v 0.205500 -0.222899 14.448900
v 0.202100 -0.217899 14.449600
v 0.213000 -0.228199 14.469700
v 0.209200 -0.227299 14.448100
v 0.203200 -0.222199 14.434700
v 0.200000 -0.217399 14.435300
v 0.206700 -0.226599 14.434000
v 0.216800 -0.232399 14.468900
v 0.212900 -0.231499 14.447400
v 0.210200 -0.230599 14.433300
v 0.208200 -0.229699 14.424500
v 0.205000 -0.225799 14.425100
v 0.198800 -0.216999 14.426300
v 0.201800 -0.221599 14.425700
v 0.199600 -0.212099 14.450100
v 0.203000 -0.212499 14.471800
v 0.197500 -0.211799 14.435900
v 0.197500 -0.206099 14.450600
v 0.200900 -0.206299 14.472200
v 0.195500 -0.206099 14.436300
v 0.196500 -0.211799 14.426800
v 0.194500 -0.206299 14.427300
v 0.190500 -0.196399 14.428300
v 0.192600 -0.201099 14.427800
v 0.191500 -0.195499 14.437300
v 0.193600 -0.200499 14.436800
v 0.193500 -0.195099 14.451500
v 0.196900 -0.194899 14.473100
v 0.199000 -0.200299 14.472600
v 0.195600 -0.200199 14.451000
v 0.190900 -0.190999 14.452100
v 0.194300 -0.190799 14.473700
v 0.189000 -0.191699 14.437800
v 0.188000 -0.188299 14.452700
v 0.191300 -0.187999 14.474300
v 0.186100 -0.189099 14.438300
v 0.188100 -0.192799 14.428800
v 0.185300 -0.190499 14.429200
v 0.182200 -0.189499 14.429700
v 0.182900 -0.187999 14.438800
v 0.188000 -0.186799 14.474900
v 0.184700 -0.187199 14.453200
v 0.321600 -0.276999 15.285600
v 0.324400 -0.277899 15.287900
v 0.320300 -0.275099 15.291600
v 0.318100 -0.274899 15.287200
v 0.328000 -0.278199 15.290500
v 0.323200 -0.275199 15.294800
v 0.315300 -0.271099 15.293900
v 0.313500 -0.270999 15.288800
v 0.317800 -0.270899 15.297700
v 0.331600 -0.277399 15.292600
v 0.334500 -0.275599 15.294000
v 0.329000 -0.272799 15.298600
v 0.326300 -0.274399 15.297100
v 0.322900 -0.268699 15.301800
v 0.320500 -0.270099 15.300300
v 0.314700 -0.264499 15.302300
v 0.317000 -0.263299 15.303800
v 0.312400 -0.265299 15.299500
v 0.308900 -0.265699 15.290000
v 0.310400 -0.265699 15.295400
v 0.335600 -0.264299 15.291600
v 0.332600 -0.262399 15.293400
v 0.332000 -0.264899 15.296700
v 0.336400 -0.266699 15.293200
v 0.328200 -0.259499 15.295200
v 0.327100 -0.261899 15.299100
v 0.331600 -0.267699 15.298500
v 0.336700 -0.269899 15.294400
v 0.326000 -0.264399 15.301300
v 0.323700 -0.255699 15.296300
v 0.319900 -0.250999 15.297000
v 0.318000 -0.252699 15.301300
v 0.322100 -0.257799 15.300500
v 0.316100 -0.254199 15.304000
v 0.320500 -0.259899 15.303100
v 0.318900 -0.261699 15.304100
v 0.314100 -0.255599 15.305200
v 0.324700 -0.266699 15.302200
v 0.336200 -0.272999 15.294600
v 0.330700 -0.270499 15.299100
v 0.311200 -0.248299 15.305800
v 0.313400 -0.247399 15.304600
v 0.309800 -0.240499 15.305400
v 0.312200 -0.240199 15.304300
v 0.317700 -0.245199 15.297600
v 0.315600 -0.246499 15.301900
v 0.316600 -0.239099 15.297700
v 0.314500 -0.239899 15.301700
v 0.315800 -0.229599 15.295800
v 0.314400 -0.228199 15.297800
v 0.314100 -0.233599 15.300500
v 0.316000 -0.233499 15.296900
v 0.312200 -0.226899 15.299600
v 0.311900 -0.233199 15.302700
v 0.309500 -0.226299 15.300300
v 0.309300 -0.232999 15.303700
v 0.298100 -0.229399 15.288600
v 0.296900 -0.233899 15.286600
v 0.300300 -0.225799 15.291100
v 0.297500 -0.226499 15.280300
v 0.296100 -0.231699 15.278400
v 0.300000 -0.222199 15.282400
v 0.306600 -0.221299 15.294400
v 0.303300 -0.222999 15.293100
v 0.306800 -0.217099 15.285400
v 0.303200 -0.218999 15.284200
v 0.305500 -0.210499 15.251000
v 0.301700 -0.212599 15.250000
v 0.302800 -0.215599 15.270300
v 0.306500 -0.213599 15.271400
v 0.298200 -0.216199 15.248600
v 0.299500 -0.219099 15.268700
v 0.295500 -0.221099 15.247000
v 0.294000 -0.226999 15.245500
v 0.295300 -0.229499 15.265100
v 0.296800 -0.223799 15.266800
v 0.302100 -0.255299 15.241600
v 0.303200 -0.256899 15.261100
v 0.299600 -0.249899 15.261900
v 0.298400 -0.248099 15.242400
v 0.303700 -0.258199 15.274800
v 0.300200 -0.251399 15.275500
v 0.297000 -0.242799 15.262700
v 0.295700 -0.240799 15.243300
v 0.297700 -0.244499 15.276300
v 0.304000 -0.258999 15.284200
v 0.300600 -0.252299 15.285000
v 0.298200 -0.245599 15.285500
v 0.296900 -0.239399 15.285800
v 0.296200 -0.237799 15.277200
v 0.294100 -0.233699 15.244300
v 0.295500 -0.235899 15.263800
v 0.317600 -0.274899 15.281500
v 0.322400 -0.277799 15.281300
v 0.312800 -0.270699 15.282500
v 0.317800 -0.274699 15.272700
v 0.323100 -0.277999 15.272800
v 0.312700 -0.270199 15.273200
v 0.308200 -0.265299 15.283400
v 0.307900 -0.264499 15.273900
v 0.306500 -0.261999 15.240800
v 0.307500 -0.263399 15.260200
v 0.311600 -0.267999 15.240000
v 0.312400 -0.269299 15.259500
v 0.317000 -0.272899 15.239600
v 0.322800 -0.276399 15.239500
v 0.323400 -0.277499 15.259300
v 0.317700 -0.273999 15.259200
v 0.342900 -0.275099 15.243200
v 0.342700 -0.276499 15.263800
v 0.339300 -0.278599 15.262700
v 0.339300 -0.277399 15.242200
v 0.341300 -0.277199 15.278100
v 0.338000 -0.279199 15.276900
v 0.334600 -0.279599 15.261300
v 0.334500 -0.278499 15.241100
v 0.333600 -0.280199 15.275300
v 0.338600 -0.276999 15.287700
v 0.335400 -0.278899 15.286300
v 0.331400 -0.279699 15.284600
v 0.327000 -0.279399 15.282600
v 0.328500 -0.279799 15.273800
v 0.328800 -0.278199 15.240100
v 0.329100 -0.279299 15.260100
v 0.339700 -0.267099 15.288000
v 0.337600 -0.263699 15.287700
v 0.340600 -0.270699 15.288500
v 0.342000 -0.266599 15.279300
v 0.339500 -0.262699 15.279400
v 0.343200 -0.270499 15.279200
v 0.340300 -0.274099 15.288400
v 0.343000 -0.274199 15.278900
v 0.344600 -0.271899 15.243800
v 0.344500 -0.273299 15.264600
v 0.344700 -0.267999 15.244200
v 0.344600 -0.269499 15.265000
v 0.343400 -0.263799 15.244500
v 0.340700 -0.259499 15.244800
v 0.340600 -0.261299 15.265500
v 0.343300 -0.265399 15.265300
v 0.324400 -0.242399 15.247100
v 0.324400 -0.244799 15.267600
v 0.328000 -0.249599 15.267000
v 0.328100 -0.247299 15.246400
v 0.323400 -0.247099 15.281700
v 0.327000 -0.251699 15.281100
v 0.332400 -0.253699 15.266400
v 0.332400 -0.251599 15.245800
v 0.331400 -0.255599 15.280500
v 0.321800 -0.249099 15.291000
v 0.325500 -0.253699 15.290400
v 0.329800 -0.257499 15.289500
v 0.334100 -0.260599 15.288400
v 0.335700 -0.259099 15.279900
v 0.336800 -0.255499 15.245300
v 0.336800 -0.257499 15.265900
v 0.317700 -0.231999 15.291900
v 0.316800 -0.227299 15.292100
v 0.318500 -0.237599 15.291900
v 0.318900 -0.229599 15.283400
v 0.317700 -0.224499 15.284000
v 0.319900 -0.235499 15.282900
v 0.319600 -0.243499 15.291600
v 0.321200 -0.241499 15.282300
v 0.322000 -0.236499 15.247700
v 0.322100 -0.239099 15.268300
v 0.320400 -0.230199 15.248400
v 0.320600 -0.232999 15.268900
v 0.319000 -0.223999 15.249000
v 0.317500 -0.218599 15.249700
v 0.318000 -0.221599 15.270300
v 0.319400 -0.226999 15.269600
v 0.310000 -0.213399 15.271800
v 0.309000 -0.210199 15.251300
v 0.310100 -0.216899 15.285800
v 0.313200 -0.214699 15.271600
v 0.312300 -0.211499 15.251000
v 0.313200 -0.218099 15.285600
v 0.309900 -0.220999 15.294800
v 0.312800 -0.221999 15.294400
v 0.315100 -0.224099 15.293200
v 0.315800 -0.220699 15.284900
v 0.315200 -0.214399 15.250500
v 0.315900 -0.217499 15.271100
v 0.200600 -0.205799 14.637400
v 0.202200 -0.199099 14.637400
v 0.193300 -0.199299 14.590200
v 0.191700 -0.205899 14.590200
v 0.205200 -0.193399 14.637200
v 0.196300 -0.193699 14.590100
v 0.185500 -0.199299 14.546100
v 0.183900 -0.205799 14.545900
v 0.188400 -0.193699 14.546000
v 0.209000 -0.188999 14.636700
v 0.213000 -0.186399 14.636100
v 0.204000 -0.186799 14.589300
v 0.200000 -0.189399 14.589800
v 0.196000 -0.186999 14.545400
v 0.192100 -0.189499 14.545800
v 0.185500 -0.189599 14.507100
v 0.189400 -0.187099 14.506700
v 0.181900 -0.193699 14.507200
v 0.177500 -0.205599 14.506900
v 0.179100 -0.199199 14.507100
v 0.209500 -0.236699 14.635700
v 0.205500 -0.228999 14.636500
v 0.196500 -0.228699 14.589000
v 0.200400 -0.236299 14.588300
v 0.202500 -0.221099 14.637000
v 0.193500 -0.220899 14.589600
v 0.188600 -0.228199 14.544600
v 0.192400 -0.235599 14.543900
v 0.185700 -0.220499 14.545200
v 0.200700 -0.213299 14.637300
v 0.191800 -0.213299 14.590000
v 0.184000 -0.212999 14.545700
v 0.177600 -0.212599 14.506600
v 0.179200 -0.219999 14.506100
v 0.185800 -0.234799 14.504700
v 0.182100 -0.227499 14.505500
v 0.205100 -0.243499 14.587300
v 0.214200 -0.243999 14.634700
v 0.197000 -0.242599 14.542900
v 0.210400 -0.249799 14.586100
v 0.219600 -0.250399 14.633500
v 0.202300 -0.248799 14.541800
v 0.190300 -0.241599 14.503800
v 0.195500 -0.247699 14.502800
v 0.207100 -0.256099 14.500800
v 0.201100 -0.252599 14.501800
v 0.214100 -0.257399 14.539700
v 0.208000 -0.253899 14.540700
v 0.222500 -0.258499 14.583900
v 0.231900 -0.259299 14.631000
v 0.225500 -0.255599 14.632200
v 0.216200 -0.254899 14.585000
v 0.228400 -0.253599 14.498700
v 0.224700 -0.256199 14.499000
v 0.235800 -0.254899 14.537300
v 0.232000 -0.257499 14.537700
v 0.219500 -0.257599 14.499500
v 0.226700 -0.258899 14.538200
v 0.244400 -0.255899 14.581000
v 0.254100 -0.256699 14.627700
v 0.250200 -0.259399 14.628300
v 0.240600 -0.258599 14.581500
v 0.244800 -0.260899 14.629000
v 0.235200 -0.259999 14.582100
v 0.229000 -0.260099 14.582900
v 0.238500 -0.260899 14.630000
v 0.220600 -0.258999 14.538900
v 0.213400 -0.257599 14.500100
v 0.251500 -0.239699 14.627700
v 0.254400 -0.244299 14.627300
v 0.244700 -0.243799 14.580700
v 0.241900 -0.239199 14.581200
v 0.255900 -0.248899 14.627100
v 0.246200 -0.248299 14.580600
v 0.236100 -0.242999 14.537200
v 0.233400 -0.238499 14.537700
v 0.237600 -0.247399 14.537000
v 0.256000 -0.253099 14.627300
v 0.246200 -0.252399 14.580700
v 0.237600 -0.251499 14.537000
v 0.230100 -0.250299 14.498600
v 0.230200 -0.246299 14.498600
v 0.226100 -0.237599 14.499300
v 0.228700 -0.241999 14.498800
v 0.210900 -0.219099 14.502500
v 0.214500 -0.224399 14.501700
v 0.217800 -0.219699 14.541100
v 0.221500 -0.225099 14.540300
v 0.218500 -0.228999 14.500800
v 0.225600 -0.229799 14.539300
v 0.226100 -0.220199 14.584800
v 0.235400 -0.220399 14.631500
v 0.239100 -0.225899 14.630700
v 0.229800 -0.225599 14.584000
v 0.243400 -0.230699 14.629600
v 0.234000 -0.230399 14.583000
v 0.238200 -0.234899 14.582000
v 0.247700 -0.235299 14.628600
v 0.229700 -0.234199 14.538400
v 0.222500 -0.233299 14.500000
v 0.226300 -0.194799 14.632900
v 0.228400 -0.200599 14.632600
v 0.219200 -0.200799 14.586000
v 0.217100 -0.195099 14.586400
v 0.230400 -0.207199 14.632300
v 0.221200 -0.207199 14.585700
v 0.211100 -0.200699 14.542300
v 0.209000 -0.195099 14.542700
v 0.213000 -0.206999 14.542000
v 0.232600 -0.213999 14.632000
v 0.223300 -0.213899 14.585300
v 0.215100 -0.213499 14.541600
v 0.208300 -0.213099 14.503000
v 0.206200 -0.206699 14.503400
v 0.202200 -0.194999 14.504200
v 0.204300 -0.200499 14.503800
v 0.193100 -0.186599 14.506200
v 0.199800 -0.186499 14.544800
v 0.196500 -0.187799 14.505500
v 0.203300 -0.187799 14.544100
v 0.216900 -0.185899 14.635300
v 0.207800 -0.186299 14.588600
v 0.220400 -0.187199 14.634400
v 0.211300 -0.187599 14.587800
v 0.214400 -0.190599 14.587000
v 0.223600 -0.190299 14.633600
v 0.206300 -0.190699 14.543400
v 0.199600 -0.190699 14.504900
v 0.289800 -0.196599 15.091100
v 0.282500 -0.192899 15.032200
v 0.278300 -0.195499 15.032900
v 0.285700 -0.199099 15.091600
v 0.274000 -0.189499 14.969000
v 0.269800 -0.192199 14.969800
v 0.274500 -0.199899 15.033300
v 0.281900 -0.203299 15.091800
v 0.265900 -0.196599 14.970500
v 0.264500 -0.186799 14.904700
v 0.254400 -0.184999 14.842600
v 0.250200 -0.187699 14.843500
v 0.260300 -0.189499 14.905600
v 0.246300 -0.192199 14.844300
v 0.256400 -0.193999 14.906400
v 0.241500 -0.205199 14.845200
v 0.251700 -0.206899 14.907300
v 0.253400 -0.199899 14.906900
v 0.243200 -0.198199 14.844900
v 0.261200 -0.209399 14.971200
v 0.262900 -0.202499 14.970900
v 0.269800 -0.212399 15.033700
v 0.277300 -0.215599 15.091600
v 0.279000 -0.208899 15.091800
v 0.271500 -0.205599 15.033600
v 0.251000 -0.237499 14.843900
v 0.261100 -0.239099 14.906000
v 0.256900 -0.230999 14.906700
v 0.246800 -0.229399 14.844700
v 0.270500 -0.241199 14.969800
v 0.266300 -0.233199 14.970600
v 0.253700 -0.222799 14.907200
v 0.243600 -0.221099 14.845100
v 0.263200 -0.225099 14.971000
v 0.279000 -0.243699 15.032100
v 0.286300 -0.246399 15.089700
v 0.282200 -0.238599 15.090500
v 0.274900 -0.235899 15.032900
v 0.279200 -0.230699 15.091000
v 0.271800 -0.227799 15.033400
v 0.270000 -0.219899 15.033600
v 0.277500 -0.222999 15.091400
v 0.261400 -0.216999 14.971200
v 0.241700 -0.212999 14.845300
v 0.251900 -0.214599 14.907300
v 0.308500 -0.268999 15.085200
v 0.302300 -0.265299 15.086300
v 0.295200 -0.262999 15.028400
v 0.301600 -0.266699 15.027100
v 0.296400 -0.260099 15.087500
v 0.289300 -0.257699 15.029800
v 0.287000 -0.260799 14.965900
v 0.293400 -0.264499 14.964500
v 0.280900 -0.255399 14.967400
v 0.291000 -0.253699 15.088700
v 0.283800 -0.251099 15.031100
v 0.275400 -0.248699 14.968700
v 0.256000 -0.245099 14.842800
v 0.266000 -0.246599 14.904800
v 0.261600 -0.251799 14.841400
v 0.271600 -0.253299 14.903500
v 0.267700 -0.257299 14.839900
v 0.274200 -0.261099 14.838500
v 0.284200 -0.262599 14.900500
v 0.277700 -0.258799 14.902000
v 0.330600 -0.266699 15.082700
v 0.326700 -0.269299 15.083100
v 0.320100 -0.266899 15.024300
v 0.324000 -0.264199 15.023700
v 0.321400 -0.270699 15.083600
v 0.314600 -0.268399 15.025100
v 0.312200 -0.264699 14.961100
v 0.316100 -0.261899 14.960300
v 0.306600 -0.266199 14.962100
v 0.315100 -0.270699 15.084300
v 0.308300 -0.268399 15.026000
v 0.300200 -0.266199 14.963200
v 0.281100 -0.262899 14.837000
v 0.291100 -0.264299 14.899100
v 0.287600 -0.262799 14.835800
v 0.297600 -0.264299 14.897900
v 0.293200 -0.261299 14.834700
v 0.297300 -0.258499 14.833800
v 0.307200 -0.259899 14.896000
v 0.303100 -0.262699 14.896800
v 0.327900 -0.249699 15.082800
v 0.330800 -0.254299 15.082300
v 0.324200 -0.251699 15.023000
v 0.321200 -0.246999 15.023400
v 0.332400 -0.258899 15.082300
v 0.325800 -0.256299 15.022900
v 0.316300 -0.249199 14.959400
v 0.313300 -0.244399 14.959900
v 0.317900 -0.253899 14.959400
v 0.332400 -0.263099 15.082400
v 0.325800 -0.260599 15.023200
v 0.318000 -0.258199 14.959700
v 0.299100 -0.254699 14.833100
v 0.309000 -0.256199 14.895300
v 0.299100 -0.250299 14.832800
v 0.309000 -0.251799 14.895000
v 0.297400 -0.245499 14.832800
v 0.294400 -0.240699 14.833300
v 0.304300 -0.242299 14.895500
v 0.307300 -0.247099 14.895000
v 0.277300 -0.220699 14.837700
v 0.287200 -0.222399 14.899900
v 0.291100 -0.227999 14.898900
v 0.281300 -0.226399 14.836800
v 0.296300 -0.224799 14.964200
v 0.300200 -0.230399 14.963300
v 0.295700 -0.233099 14.897700
v 0.285800 -0.231399 14.835500
v 0.304700 -0.235299 14.962100
v 0.304400 -0.227699 15.027600
v 0.311200 -0.230799 15.086700
v 0.315100 -0.236199 15.085800
v 0.308300 -0.233199 15.026700
v 0.319500 -0.240999 15.084700
v 0.312700 -0.238099 15.025500
v 0.317200 -0.242499 15.024300
v 0.324000 -0.245399 15.083600
v 0.309300 -0.239899 14.960900
v 0.290300 -0.236099 14.834300
v 0.300200 -0.237699 14.896500
v 0.302700 -0.205099 15.087900
v 0.304700 -0.210999 15.087600
v 0.297600 -0.207599 15.028300
v 0.295600 -0.201599 15.028600
v 0.306400 -0.217599 15.087400
v 0.299500 -0.214299 15.028200
v 0.289400 -0.204399 14.964900
v 0.287300 -0.198399 14.965200
v 0.291300 -0.211199 14.964800
v 0.308500 -0.224399 15.087100
v 0.301600 -0.221199 15.028000
v 0.293400 -0.218199 14.964700
v 0.274400 -0.213999 14.838200
v 0.284300 -0.215699 14.900300
v 0.272100 -0.206899 14.838300
v 0.282100 -0.208699 14.900400
v 0.270100 -0.199999 14.838400
v 0.268000 -0.193899 14.838700
v 0.278000 -0.195699 14.900800
v 0.280100 -0.201799 14.900500
v 0.268500 -0.186299 14.903600
v 0.258400 -0.184499 14.841500
v 0.277900 -0.188999 14.967900
v 0.272100 -0.187699 14.902500
v 0.262000 -0.185899 14.840400
v 0.281500 -0.190499 14.966900
v 0.293600 -0.196099 15.090400
v 0.286300 -0.192399 15.031300
v 0.297100 -0.197499 15.089500
v 0.289900 -0.193799 15.030300
v 0.293000 -0.196999 15.029300
v 0.300200 -0.200599 15.088600
v 0.284600 -0.193599 14.965900
v 0.265200 -0.189099 14.839400
v 0.275300 -0.190899 14.901500
v 0.293200 -0.218299 15.219700
v 0.291600 -0.224399 15.218500
v 0.296000 -0.213199 15.220900
v 0.289700 -0.215299 15.184700
v 0.288100 -0.221599 15.183900
v 0.292600 -0.209999 15.185600
v 0.303400 -0.207199 15.222600
v 0.299500 -0.209399 15.222000
v 0.300100 -0.203699 15.186500
v 0.296200 -0.205999 15.186200
v 0.291600 -0.202599 15.142700
v 0.295600 -0.200199 15.142600
v 0.287900 -0.206699 15.142500
v 0.283400 -0.218699 15.141600
v 0.285000 -0.212199 15.142100
v 0.292100 -0.248899 15.139200
v 0.288200 -0.241299 15.140000
v 0.296700 -0.251199 15.180900
v 0.292800 -0.243799 15.181700
v 0.285200 -0.233499 15.140600
v 0.289900 -0.236099 15.182400
v 0.300000 -0.253399 15.215000
v 0.296200 -0.245999 15.215800
v 0.293400 -0.238599 15.216600
v 0.291800 -0.231299 15.217500
v 0.288300 -0.228699 15.183100
v 0.283500 -0.225899 15.141200
v 0.315200 -0.271399 15.212600
v 0.321100 -0.274899 15.212400
v 0.309600 -0.266399 15.213200
v 0.312200 -0.269599 15.178200
v 0.318200 -0.273199 15.177700
v 0.306500 -0.264499 15.179000
v 0.304500 -0.260199 15.214100
v 0.301300 -0.258199 15.180000
v 0.296800 -0.255999 15.138200
v 0.302100 -0.262399 15.137200
v 0.314100 -0.271199 15.135300
v 0.307900 -0.267499 15.136100
v 0.335700 -0.269099 15.134300
v 0.331900 -0.271599 15.134400
v 0.339400 -0.271399 15.178300
v 0.335700 -0.273799 15.178000
v 0.326600 -0.272999 15.134500
v 0.330600 -0.275099 15.177700
v 0.341800 -0.273399 15.214700
v 0.338200 -0.275699 15.214000
v 0.333100 -0.276899 15.213200
v 0.327300 -0.276699 15.212600
v 0.324600 -0.274899 15.177500
v 0.320500 -0.272899 15.134800
v 0.342200 -0.261699 15.215600
v 0.339500 -0.257399 15.216000
v 0.343700 -0.266099 15.215400
v 0.339800 -0.259499 15.178900
v 0.337000 -0.254999 15.179200
v 0.341300 -0.263899 15.178700
v 0.343600 -0.270099 15.215100
v 0.341200 -0.267899 15.178500
v 0.337500 -0.265599 15.134200
v 0.337500 -0.261399 15.134200
v 0.333200 -0.252399 15.134800
v 0.336000 -0.256999 15.134400
v 0.316600 -0.233899 15.138300
v 0.320400 -0.239199 15.137500
v 0.320600 -0.236799 15.182300
v 0.324300 -0.241999 15.181500
v 0.324800 -0.243799 15.136500
v 0.328700 -0.246599 15.180700
v 0.323200 -0.239699 15.218600
v 0.326900 -0.244799 15.217900
v 0.331200 -0.249199 15.217200
v 0.335600 -0.253299 15.216500
v 0.333100 -0.250799 15.179900
v 0.329200 -0.248099 15.135500
v 0.317400 -0.220999 15.220400
v 0.315700 -0.215399 15.221000
v 0.318900 -0.227199 15.219800
v 0.314500 -0.217699 15.183800
v 0.312700 -0.212099 15.184300
v 0.316100 -0.224099 15.183300
v 0.320600 -0.233699 15.219200
v 0.318000 -0.230699 15.182900
v 0.313900 -0.227599 15.138800
v 0.312000 -0.220899 15.139100
v 0.308400 -0.208599 15.139900
v 0.310300 -0.214399 15.139500
v 0.299400 -0.199699 15.142100
v 0.303900 -0.203299 15.186300
v 0.302900 -0.201099 15.141400
v 0.307300 -0.204699 15.185700
v 0.307000 -0.206799 15.222700
v 0.310400 -0.208199 15.222300
v 0.313300 -0.211099 15.221700
v 0.310200 -0.207699 15.185000
v 0.305900 -0.204199 15.140600
v 0.232700 -0.197599 14.788000
v 0.231100 -0.204599 14.788300
v 0.235800 -0.191699 14.787400
v 0.222200 -0.197899 14.735200
v 0.220500 -0.204799 14.735400
v 0.225300 -0.191999 14.734700
v 0.243900 -0.184499 14.785800
v 0.239700 -0.187199 14.786700
v 0.233300 -0.184799 14.733200
v 0.229100 -0.187499 14.734100
v 0.218800 -0.188199 14.684400
v 0.222900 -0.185599 14.683700
v 0.215000 -0.192699 14.685000
v 0.210300 -0.205299 14.685500
v 0.212000 -0.198499 14.685300
v 0.219400 -0.236699 14.683900
v 0.215300 -0.228899 14.684700
v 0.229800 -0.236599 14.733900
v 0.225700 -0.228699 14.734700
v 0.212200 -0.220799 14.685200
v 0.222600 -0.220499 14.735200
v 0.240500 -0.236799 14.786900
v 0.236300 -0.228699 14.787700
v 0.233100 -0.220499 14.788200
v 0.231300 -0.212399 14.788400
v 0.220700 -0.212499 14.735400
v 0.210500 -0.212899 14.685400
v 0.257100 -0.256499 14.783000
v 0.263600 -0.260299 14.781600
v 0.251000 -0.251099 14.784500
v 0.246300 -0.256199 14.730200
v 0.252800 -0.259899 14.728800
v 0.240300 -0.250799 14.731600
v 0.245400 -0.244399 14.785800
v 0.234700 -0.244099 14.732900
v 0.224200 -0.244099 14.682800
v 0.229700 -0.250699 14.681600
v 0.242100 -0.259699 14.679000
v 0.235700 -0.255999 14.680300
v 0.264700 -0.256999 14.675100
v 0.260700 -0.259799 14.675800
v 0.275600 -0.257299 14.724500
v 0.271600 -0.259999 14.725300
v 0.255200 -0.261299 14.676700
v 0.266100 -0.261599 14.726300
v 0.286600 -0.257699 14.777000
v 0.282600 -0.260399 14.777900
v 0.277000 -0.261999 14.779000
v 0.270500 -0.261999 14.780200
v 0.259600 -0.261599 14.727500
v 0.248800 -0.261299 14.677800
v 0.286800 -0.244799 14.776200
v 0.283800 -0.239999 14.776600
v 0.288400 -0.249499 14.776100
v 0.275800 -0.244499 14.723800
v 0.272800 -0.239799 14.724300
v 0.277400 -0.249199 14.723700
v 0.288500 -0.253899 14.776400
v 0.277500 -0.253599 14.724000
v 0.266500 -0.253399 14.674700
v 0.266500 -0.249099 14.674500
v 0.262000 -0.239799 14.675000
v 0.264900 -0.244499 14.674600
v 0.245500 -0.220199 14.679000
v 0.249300 -0.225799 14.678100
v 0.256100 -0.219899 14.728500
v 0.260000 -0.225599 14.727500
v 0.253700 -0.230699 14.677000
v 0.264400 -0.230599 14.726400
v 0.266800 -0.219999 14.781000
v 0.270700 -0.225699 14.780000
v 0.275200 -0.230699 14.778800
v 0.279800 -0.235399 14.777600
v 0.268900 -0.235199 14.725200
v 0.258100 -0.235299 14.675900
v 0.259600 -0.199399 14.781700
v 0.257500 -0.193299 14.782000
v 0.261600 -0.206299 14.781600
v 0.249000 -0.199599 14.729300
v 0.246800 -0.193499 14.729600
v 0.251000 -0.206299 14.729100
v 0.263900 -0.213299 14.781400
v 0.253200 -0.213299 14.728900
v 0.242600 -0.213699 14.679500
v 0.240400 -0.206799 14.679800
v 0.236300 -0.194199 14.680300
v 0.238400 -0.200099 14.680000
v 0.226800 -0.184999 14.682800
v 0.237200 -0.184299 14.732200
v 0.230400 -0.186399 14.681900
v 0.240900 -0.185699 14.731200
v 0.247900 -0.183899 14.784700
v 0.251500 -0.185399 14.783700
v 0.254700 -0.188599 14.782700
v 0.244100 -0.188799 14.730300
v 0.233600 -0.189499 14.681000
v 0.233300 -0.060799 13.492500
v 0.235300 -0.055499 13.493700
v 0.206300 -0.079599 13.533800
v 0.208400 -0.073799 13.535000
v 0.238300 -0.050699 13.494800
v 0.211700 -0.068599 13.536100
v 0.179800 -0.099399 13.583800
v 0.182100 -0.093199 13.584900
v 0.185600 -0.087599 13.586000
v 0.195600 -0.078999 13.588000
v 0.190200 -0.082799 13.587100
v 0.221000 -0.060499 13.538200
v 0.216000 -0.064099 13.537200
v 0.246800 -0.043299 13.497000
v 0.242200 -0.046599 13.496000
v 0.236500 -0.082999 13.488800
v 0.234100 -0.077699 13.489500
v 0.209600 -0.103699 13.530100
v 0.207000 -0.097999 13.530800
v 0.232700 -0.072099 13.490400
v 0.205600 -0.091899 13.531700
v 0.183300 -0.124999 13.580000
v 0.180600 -0.118999 13.580800
v 0.179000 -0.112499 13.581700
v 0.178800 -0.105899 13.582700
v 0.205300 -0.085699 13.532700
v 0.232500 -0.066399 13.491400
v 0.197900 -0.138599 13.578700
v 0.204100 -0.140999 13.578800
v 0.192200 -0.134999 13.579000
v 0.223300 -0.116399 13.529000
v 0.229100 -0.118599 13.529100
v 0.217900 -0.112999 13.529100
v 0.187300 -0.130399 13.579400
v 0.213300 -0.108699 13.529500
v 0.239900 -0.087699 13.488300
v 0.244100 -0.091599 13.488000
v 0.254400 -0.096899 13.488100
v 0.249000 -0.094699 13.488000
v 0.223900 -0.140399 13.580100
v 0.230000 -0.137799 13.581000
v 0.217400 -0.141899 13.579500
v 0.247600 -0.118199 13.530700
v 0.253300 -0.115699 13.531600
v 0.241500 -0.119499 13.530000
v 0.210700 -0.142099 13.579000
v 0.235300 -0.119699 13.529400
v 0.260100 -0.097899 13.488500
v 0.265900 -0.097799 13.489200
v 0.276700 -0.094299 13.490900
v 0.271500 -0.096599 13.490000
v 0.243400 -0.123499 13.584100
v 0.245800 -0.117399 13.585200
v 0.239900 -0.129099 13.583000
v 0.265800 -0.102399 13.534800
v 0.268000 -0.096699 13.536000
v 0.262600 -0.107699 13.533700
v 0.235400 -0.133899 13.581900
v 0.258300 -0.112199 13.532600
v 0.281300 -0.090999 13.492000
v 0.285200 -0.086899 13.493100
v 0.290200 -0.076799 13.495400
v 0.288200 -0.082099 13.494300
v 0.245000 -0.097699 13.588300
v 0.242200 -0.091699 13.589100
v 0.246500 -0.104199 13.587400
v 0.267300 -0.078299 13.539000
v 0.264700 -0.072599 13.539700
v 0.268700 -0.084399 13.538100
v 0.246800 -0.110799 13.586300
v 0.269000 -0.090599 13.537100
v 0.291100 -0.071199 13.496600
v 0.290800 -0.065499 13.497600
v 0.287100 -0.054599 13.499100
v 0.289500 -0.059899 13.498400
v 0.269100 -0.040799 13.499800
v 0.274500 -0.042899 13.499900
v 0.245200 -0.057599 13.540600
v 0.251000 -0.059899 13.540700
v 0.279400 -0.045999 13.499900
v 0.256400 -0.063299 13.540600
v 0.221400 -0.075799 13.590200
v 0.227700 -0.078199 13.590200
v 0.233300 -0.081699 13.590100
v 0.238300 -0.086299 13.589700
v 0.261000 -0.067599 13.540300
v 0.283600 -0.049999 13.499600
v 0.252100 -0.041099 13.498000
v 0.226700 -0.058099 13.539100
v 0.257700 -0.039899 13.498700
v 0.232800 -0.056799 13.539800
v 0.201600 -0.076299 13.588800
v 0.208100 -0.074899 13.589500
v 0.214800 -0.074699 13.590000
v 0.239000 -0.056599 13.540300
v 0.263400 -0.039799 13.499400
v 0.318900 -0.037199 13.405300
v 0.317900 -0.033799 13.404000
v 0.323100 -0.035399 13.405000
v 0.322200 -0.031599 13.403800
v 0.313900 -0.027499 13.404000
v 0.316000 -0.030599 13.403700
v 0.318400 -0.024799 13.403800
v 0.320500 -0.028099 13.403500
v 0.324200 -0.026299 13.404600
v 0.322100 -0.022799 13.404900
v 0.325900 -0.029899 13.404700
v 0.326600 -0.034099 13.405900
v 0.308200 -0.018799 13.407500
v 0.311700 -0.015999 13.407400
v 0.310500 -0.021099 13.405500
v 0.314500 -0.018299 13.405300
v 0.317700 -0.011899 13.409900
v 0.314700 -0.013699 13.408400
v 0.320900 -0.014299 13.408000
v 0.317800 -0.016099 13.406400
v 0.320100 -0.019299 13.405400
v 0.323300 -0.017499 13.407100
v 0.316500 -0.021399 13.404300
v 0.312200 -0.024099 13.404500
v 0.326700 -0.015799 13.408800
v 0.324100 -0.012799 13.409600
v 0.329600 -0.014599 13.410800
v 0.327000 -0.011699 13.411500
v 0.320900 -0.010499 13.411400
v 0.323700 -0.009699 13.413100
v 0.325600 -0.009599 13.415500
v 0.328900 -0.011299 13.414200
v 0.331500 -0.013999 13.413600
v 0.375000 0.073501 13.397000
v 0.376000 0.078601 13.399500
v 0.378700 0.076001 13.399800
v 0.376400 0.070001 13.396400
v 0.377500 0.089101 13.406100
v 0.380700 0.086401 13.406600
v 0.380900 0.072601 13.400200
v 0.378100 0.066201 13.396500
v 0.383400 0.083201 13.407400
v 0.379300 0.105801 13.418600
v 0.381600 0.130101 13.438200
v 0.385700 0.126801 13.438700
v 0.383000 0.102901 13.419100
v 0.389100 0.122901 13.439500
v 0.386100 0.099501 13.420000
v 0.393300 0.113601 13.442000
v 0.390000 0.091301 13.422500
v 0.388500 0.095501 13.421100
v 0.391700 0.118401 13.440600
v 0.386900 0.075901 13.410100
v 0.385600 0.079601 13.408600
v 0.384000 0.065901 13.402800
v 0.380900 0.059701 13.399100
v 0.379700 0.062901 13.397500
v 0.382700 0.069301 13.401300
v 0.362100 0.070701 13.395700
v 0.361400 0.079401 13.399400
v 0.365300 0.079701 13.398700
v 0.365800 0.071001 13.395000
v 0.361100 0.091801 13.406900
v 0.365300 0.092101 13.406200
v 0.369200 0.079701 13.398400
v 0.369400 0.071301 13.394900
v 0.369600 0.091801 13.405800
v 0.361000 0.109601 13.419900
v 0.361400 0.134301 13.440000
v 0.366600 0.134701 13.439100
v 0.365700 0.109901 13.419100
v 0.371800 0.134001 13.438400
v 0.370500 0.109401 13.418600
v 0.375000 0.108001 13.418400
v 0.376900 0.132501 13.438200
v 0.373700 0.090801 13.405800
v 0.372700 0.072201 13.395700
v 0.372800 0.079601 13.398900
v 0.358500 0.069801 13.396600
v 0.357700 0.078501 13.400300
v 0.355300 0.069001 13.398000
v 0.354300 0.077201 13.401700
v 0.357000 0.090801 13.408000
v 0.353300 0.089101 13.409300
v 0.352500 0.068901 13.400200
v 0.350600 0.069501 13.402400
v 0.349200 0.074201 13.405400
v 0.351400 0.076101 13.403600
v 0.347500 0.084201 13.412700
v 0.350100 0.086901 13.411000
v 0.344600 0.124001 13.446400
v 0.347900 0.127701 13.444500
v 0.348800 0.103701 13.424100
v 0.345900 0.100401 13.425900
v 0.351900 0.130801 13.442800
v 0.352400 0.106401 13.422500
v 0.356400 0.133001 13.441300
v 0.356500 0.108401 13.421100
v 0.350200 0.065701 13.402100
v 0.347800 0.071001 13.406500
v 0.350000 0.061601 13.402700
v 0.347200 0.067101 13.407600
v 0.345700 0.080701 13.414300
v 0.344700 0.076801 13.416000
v 0.350100 0.058001 13.404100
v 0.350700 0.054701 13.405800
v 0.347600 0.059901 13.410900
v 0.347100 0.063401 13.409200
v 0.345000 0.069001 13.419300
v 0.344400 0.072901 13.417700
v 0.341100 0.105101 13.453500
v 0.340500 0.110001 13.451900
v 0.342200 0.087901 13.431300
v 0.342800 0.083501 13.433000
v 0.340900 0.114901 13.450100
v 0.342600 0.092301 13.429600
v 0.342300 0.119701 13.448200
v 0.343800 0.096501 13.427700
v 0.351900 0.051601 13.407400
v 0.348900 0.056501 13.412400
v 0.353400 0.049001 13.409100
v 0.350700 0.053601 13.413800
v 0.346400 0.065201 13.420800
v 0.348500 0.061801 13.422000
v 0.355100 0.047601 13.411000
v 0.356500 0.047401 13.412900
v 0.355600 0.049801 13.416200
v 0.352900 0.051501 13.415300
v 0.354500 0.056401 13.423800
v 0.351200 0.058901 13.423100
v 0.352800 0.088601 13.457300
v 0.348700 0.091901 13.456800
v 0.349800 0.071801 13.436400
v 0.353500 0.068901 13.437000
v 0.345300 0.095901 13.456000
v 0.346700 0.075301 13.435600
v 0.342700 0.100301 13.454900
v 0.344300 0.079301 13.434400
v 0.358900 0.045401 13.411700
v 0.358800 0.048001 13.416100
v 0.362200 0.043901 13.410600
v 0.362400 0.046601 13.415600
v 0.358300 0.054501 13.423900
v 0.362400 0.053201 13.423700
v 0.365800 0.043401 13.409900
v 0.369500 0.043701 13.409200
v 0.370200 0.046401 13.414300
v 0.366300 0.046101 13.415000
v 0.370900 0.053001 13.422500
v 0.366600 0.052701 13.423200
v 0.373000 0.084401 13.455500
v 0.367800 0.084001 13.456500
v 0.367100 0.064901 13.436400
v 0.371800 0.065201 13.435600
v 0.362600 0.084701 13.457100
v 0.362300 0.065401 13.437000
v 0.357500 0.086201 13.457400
v 0.357800 0.066801 13.437100
v 0.381000 0.051401 13.407500
v 0.382400 0.054201 13.410300
v 0.380200 0.051501 13.411400
v 0.379100 0.048701 13.407200
v 0.384400 0.061301 13.417200
v 0.381900 0.058401 13.418700
v 0.377300 0.049001 13.412300
v 0.376300 0.046201 13.407500
v 0.378600 0.055901 13.420100
v 0.386900 0.074401 13.429600
v 0.389800 0.094701 13.449100
v 0.386500 0.091001 13.451000
v 0.384000 0.071101 13.431300
v 0.382500 0.087901 13.452700
v 0.380400 0.068401 13.433000
v 0.376300 0.066401 13.434400
v 0.378000 0.085701 13.454200
v 0.374900 0.054101 13.421400
v 0.373000 0.044601 13.408300
v 0.373900 0.047301 13.413300
v 0.384500 0.062401 13.404500
v 0.381500 0.056401 13.400900
v 0.387500 0.072001 13.411700
v 0.384400 0.059101 13.406400
v 0.381600 0.053601 13.402800
v 0.387200 0.068101 13.413500
v 0.393900 0.108701 13.443600
v 0.390600 0.086901 13.424200
v 0.393500 0.103801 13.445400
v 0.390200 0.082501 13.425900
v 0.389000 0.078301 13.427800
v 0.392100 0.099001 13.447200
v 0.386200 0.064601 13.415300
v 0.381300 0.051901 13.405200
v 0.383800 0.056601 13.408500
v 0.358000 0.045001 13.408400
v 0.356600 0.046201 13.406000
v 0.361300 0.043501 13.406900
v 0.360200 0.044901 13.404200
v 0.354100 0.051901 13.402400
v 0.355300 0.048701 13.404100
v 0.357800 0.050801 13.400300
v 0.358900 0.047501 13.402100
v 0.365700 0.051501 13.398100
v 0.366800 0.048001 13.400100
v 0.362800 0.047501 13.400900
v 0.361700 0.050901 13.399000
v 0.367700 0.045201 13.402400
v 0.363900 0.044701 13.403200
v 0.368700 0.043501 13.405400
v 0.365000 0.043101 13.406100
v 0.732700 0.420201 15.221600
v 0.729000 0.421701 15.223400
v 0.731000 0.420701 15.227800
v 0.735300 0.418901 15.224000
v 0.723300 0.423001 15.225500
v 0.725100 0.422201 15.230500
v 0.733200 0.418701 15.231100
v 0.738100 0.416501 15.226600
v 0.726800 0.420401 15.234400
v 0.716500 0.423301 15.227300
v 0.709100 0.422701 15.229000
v 0.710400 0.422201 15.234400
v 0.718000 0.422701 15.232700
v 0.711500 0.420901 15.238700
v 0.719400 0.421301 15.236800
v 0.713200 0.416801 15.243400
v 0.721200 0.417001 15.241500
v 0.720500 0.419301 15.239800
v 0.712500 0.419001 15.241700
v 0.728900 0.415501 15.238900
v 0.728100 0.418101 15.237200
v 0.735600 0.413101 15.235300
v 0.740800 0.410101 15.230500
v 0.740000 0.413401 15.228800
v 0.734800 0.416001 15.233600
v 0.498900 0.402801 14.150000
v 0.504000 0.398501 14.149900
v 0.492700 0.392201 14.088800
v 0.487400 0.396701 14.088800
v 0.508100 0.393301 14.150200
v 0.497000 0.386801 14.089100
v 0.480200 0.383501 14.022400
v 0.474800 0.388101 14.022300
v 0.484700 0.378001 14.022800
v 0.511200 0.387401 14.150800
v 0.513200 0.381201 14.151700
v 0.502300 0.374201 14.090800
v 0.500300 0.380701 14.089800
v 0.490100 0.365101 14.024700
v 0.488000 0.371801 14.023600
v 0.463600 0.340201 13.882300
v 0.461500 0.347001 13.881100
v 0.474900 0.360601 13.953600
v 0.477100 0.353801 13.954800
v 0.458000 0.353301 13.880200
v 0.471500 0.366901 13.952700
v 0.453500 0.358901 13.879700
v 0.447900 0.363601 13.879600
v 0.461500 0.377101 13.952200
v 0.467000 0.372501 13.952200
v 0.473800 0.408701 14.153500
v 0.480300 0.409101 14.152200
v 0.468000 0.403201 14.091000
v 0.461300 0.402801 14.092300
v 0.486800 0.408201 14.151200
v 0.474800 0.402201 14.089900
v 0.454900 0.394701 14.024500
v 0.448000 0.394301 14.025900
v 0.461900 0.393801 14.023400
v 0.493100 0.406101 14.150400
v 0.481400 0.400101 14.089200
v 0.468600 0.391601 14.022700
v 0.441600 0.367101 13.879900
v 0.455200 0.380601 13.952500
v 0.434700 0.369401 13.880600
v 0.448400 0.382801 13.953200
v 0.427600 0.370301 13.881700
v 0.420500 0.369901 13.883100
v 0.434300 0.383401 13.955700
v 0.441300 0.383801 13.954300
v 0.454800 0.401001 14.093900
v 0.467600 0.407001 14.155100
v 0.441300 0.392501 14.027500
v 0.448800 0.398001 14.095700
v 0.461800 0.404101 14.156700
v 0.435200 0.389401 14.029400
v 0.413700 0.368001 13.884800
v 0.427600 0.381501 13.957300
v 0.407400 0.364901 13.886700
v 0.421300 0.378401 13.959200
v 0.397400 0.355301 13.890800
v 0.411400 0.368901 13.963200
v 0.415900 0.374101 13.961200
v 0.401900 0.360601 13.888700
v 0.425400 0.380001 14.033300
v 0.429800 0.385201 14.031300
v 0.439200 0.388801 14.099400
v 0.452500 0.395201 14.160300
v 0.456700 0.400101 14.158500
v 0.443500 0.393901 14.097500
v 0.436000 0.382901 14.101300
v 0.449500 0.389601 14.162000
v 0.422200 0.374001 14.035200
v 0.434100 0.376501 14.103000
v 0.447600 0.383401 14.163600
v 0.420200 0.367401 14.037100
v 0.394100 0.349201 13.892800
v 0.408100 0.362801 13.965300
v 0.392100 0.342501 13.894800
v 0.406100 0.356101 13.967200
v 0.392200 0.328401 13.898100
v 0.406200 0.342201 13.970400
v 0.405500 0.349201 13.968900
v 0.391500 0.335501 13.896500
v 0.420200 0.353601 14.040100
v 0.419500 0.360601 14.038700
v 0.434100 0.363001 14.105900
v 0.447600 0.370401 14.166200
v 0.447000 0.376901 14.165000
v 0.433400 0.369801 14.104600
v 0.436100 0.356501 14.106900
v 0.449500 0.364101 14.167100
v 0.422300 0.347001 14.041300
v 0.439400 0.350401 14.107600
v 0.452700 0.358201 14.167700
v 0.425700 0.340701 14.042000
v 0.394300 0.321601 13.899300
v 0.408300 0.335401 13.971600
v 0.397800 0.315301 13.900200
v 0.411700 0.329101 13.972400
v 0.407900 0.305001 13.900800
v 0.421700 0.318901 13.973000
v 0.416200 0.323501 13.972900
v 0.402300 0.309701 13.900700
v 0.435500 0.330601 14.042500
v 0.430100 0.335201 14.042500
v 0.449000 0.340501 14.108000
v 0.461900 0.348701 14.167800
v 0.456800 0.353001 14.167900
v 0.443700 0.345001 14.108000
v 0.455000 0.337101 14.107600
v 0.467700 0.345501 14.167400
v 0.441700 0.327201 14.042200
v 0.461600 0.335001 14.106800
v 0.473900 0.343401 14.166700
v 0.448400 0.325001 14.041400
v 0.414200 0.301501 13.900500
v 0.428000 0.315401 13.972600
v 0.421100 0.299201 13.899800
v 0.434800 0.313101 13.971900
v 0.435300 0.298701 13.897300
v 0.448900 0.312601 13.969500
v 0.441900 0.312201 13.970800
v 0.428200 0.298301 13.898700
v 0.462400 0.324401 14.039000
v 0.455400 0.324001 14.040400
v 0.475200 0.334401 14.104400
v 0.487000 0.342901 14.164300
v 0.480500 0.342501 14.165600
v 0.468400 0.334001 14.105800
v 0.508200 0.356301 14.157600
v 0.504100 0.351401 14.159400
v 0.492900 0.343301 14.099200
v 0.497200 0.348401 14.097300
v 0.499000 0.347501 14.161100
v 0.487600 0.339201 14.101100
v 0.480600 0.333601 14.033600
v 0.485000 0.338701 14.031600
v 0.475200 0.329401 14.035500
v 0.493200 0.344601 14.162800
v 0.481700 0.336201 14.102800
v 0.469000 0.326301 14.037400
v 0.442100 0.300601 13.895600
v 0.455700 0.314501 13.967800
v 0.448400 0.303701 13.893700
v 0.461900 0.317601 13.965900
v 0.453900 0.308001 13.891700
v 0.458400 0.313301 13.889700
v 0.471900 0.327101 13.961900
v 0.467400 0.321801 13.963900
v 0.513800 0.374601 14.152900
v 0.503000 0.367401 14.092200
v 0.513200 0.368201 14.154300
v 0.502300 0.360701 14.093700
v 0.490800 0.358201 14.026200
v 0.490200 0.351301 14.027800
v 0.511300 0.362001 14.155900
v 0.500400 0.354301 14.095500
v 0.488200 0.344701 14.029700
v 0.461700 0.319401 13.887600
v 0.475100 0.333201 13.959900
v 0.463700 0.326101 13.885700
v 0.477100 0.339801 13.958000
v 0.464400 0.333101 13.883900
v 0.477800 0.346801 13.956200
v 0.527900 0.407701 14.318900
v 0.531400 0.404601 14.318500
v 0.527500 0.405101 14.289900
v 0.523600 0.408501 14.290200
v 0.534200 0.400901 14.318300
v 0.530700 0.400901 14.289800
v 0.521500 0.404501 14.251500
v 0.517200 0.408301 14.251800
v 0.525100 0.399901 14.251600
v 0.536300 0.396801 14.318300
v 0.537600 0.392301 14.318600
v 0.534500 0.391301 14.290300
v 0.533100 0.396301 14.289900
v 0.529400 0.389301 14.252400
v 0.527700 0.394801 14.251900
v 0.520400 0.392001 14.205100
v 0.522200 0.386101 14.205900
v 0.517500 0.397501 14.204700
v 0.508900 0.406501 14.204700
v 0.513600 0.402401 14.204600
v 0.510400 0.411901 14.322000
v 0.515000 0.412101 14.321000
v 0.509100 0.413401 14.292500
v 0.504000 0.413101 14.293500
v 0.519500 0.411501 14.320200
v 0.514200 0.412701 14.291500
v 0.501100 0.413701 14.254100
v 0.495500 0.413401 14.255200
v 0.506800 0.412901 14.253100
v 0.523900 0.410001 14.319500
v 0.519100 0.411101 14.290800
v 0.512200 0.411101 14.252300
v 0.503500 0.409601 14.205200
v 0.497600 0.411601 14.206000
v 0.485300 0.412001 14.208200
v 0.491400 0.412401 14.207000
v 0.499000 0.411801 14.294700
v 0.506100 0.410701 14.323000
v 0.490000 0.411901 14.256500
v 0.494500 0.409501 14.295900
v 0.502000 0.408601 14.324100
v 0.485000 0.409401 14.257900
v 0.479400 0.410401 14.209600
v 0.474000 0.407701 14.211200
v 0.465300 0.399401 14.214300
v 0.469200 0.404001 14.212800
v 0.477000 0.401701 14.260700
v 0.480600 0.405901 14.259300
v 0.487200 0.402501 14.298200
v 0.495400 0.402401 14.326000
v 0.498400 0.405801 14.325100
v 0.490500 0.406401 14.297100
v 0.484700 0.398001 14.299300
v 0.493300 0.398401 14.326900
v 0.474300 0.396701 14.262000
v 0.483200 0.393101 14.300200
v 0.491900 0.394001 14.327600
v 0.472600 0.391301 14.263100
v 0.462400 0.394001 14.215800
v 0.460600 0.388201 14.217200
v 0.460500 0.375901 14.219500
v 0.460000 0.382101 14.218500
v 0.472500 0.380001 14.264900
v 0.472000 0.385701 14.264100
v 0.483000 0.382901 14.301600
v 0.491700 0.384901 14.328600
v 0.491300 0.389501 14.328200
v 0.482600 0.388001 14.301000
v 0.484500 0.377901 14.302000
v 0.492900 0.380601 14.328900
v 0.474100 0.374501 14.265500
v 0.486900 0.373301 14.302100
v 0.495000 0.376601 14.328900
v 0.476800 0.369401 14.265800
v 0.462300 0.370001 14.220200
v 0.465300 0.364501 14.220600
v 0.473900 0.355501 14.220600
v 0.469200 0.359601 14.220800
v 0.484700 0.361101 14.265500
v 0.480400 0.364901 14.265800
v 0.494000 0.365901 14.301700
v 0.501300 0.370101 14.328300
v 0.497900 0.373001 14.328700
v 0.490100 0.369301 14.302000
v 0.498500 0.363401 14.301100
v 0.505300 0.367901 14.327700
v 0.489700 0.358301 14.265000
v 0.503300 0.361701 14.300400
v 0.509600 0.366401 14.327000
v 0.495100 0.356501 14.264200
v 0.479300 0.352401 14.220200
v 0.485200 0.350501 14.219400
v 0.497500 0.350001 14.217100
v 0.491300 0.349601 14.218400
v 0.506400 0.356001 14.262100
v 0.500800 0.355701 14.263200
v 0.513500 0.361301 14.298400
v 0.518700 0.366001 14.325200
v 0.514100 0.365801 14.326100
v 0.508400 0.361001 14.299400
v 0.533800 0.374901 14.321200
v 0.530800 0.371601 14.322100
v 0.527000 0.367901 14.294800
v 0.530400 0.371701 14.293700
v 0.527200 0.369001 14.323100
v 0.523000 0.364801 14.296000
v 0.521300 0.363401 14.258000
v 0.524900 0.367701 14.256600
v 0.516800 0.360001 14.259400
v 0.523100 0.367101 14.324200
v 0.518500 0.362601 14.297200
v 0.511800 0.357501 14.260800
v 0.503300 0.351601 14.215700
v 0.508800 0.354301 14.214200
v 0.517500 0.362601 14.211000
v 0.513600 0.358001 14.212600
v 0.537900 0.387701 14.319000
v 0.534900 0.386101 14.290900
v 0.537400 0.383101 14.319600
v 0.534400 0.381001 14.291600
v 0.529900 0.383601 14.253200
v 0.529300 0.378001 14.254200
v 0.536000 0.378801 14.320300
v 0.532800 0.376101 14.292600
v 0.527600 0.372601 14.255300
v 0.520400 0.368001 14.209500
v 0.522200 0.373801 14.208100
v 0.522800 0.379901 14.206900
v 0.450300 0.324101 13.808900
v 0.448100 0.331001 13.807600
v 0.437500 0.304701 13.736700
v 0.435300 0.311601 13.735500
v 0.444600 0.337301 13.806700
v 0.431900 0.317901 13.734500
v 0.425800 0.281101 13.668300
v 0.415800 0.252401 13.606000
v 0.413700 0.258901 13.604700
v 0.423700 0.287901 13.667000
v 0.410400 0.265001 13.603800
v 0.420300 0.294201 13.666100
v 0.400600 0.275001 13.603000
v 0.410200 0.304401 13.665400
v 0.415700 0.299701 13.665600
v 0.406000 0.270501 13.603200
v 0.421700 0.328301 13.733900
v 0.427300 0.323601 13.734000
v 0.434500 0.347701 13.806100
v 0.440000 0.343001 13.806200
v 0.428100 0.351201 13.806400
v 0.415300 0.331801 13.734200
v 0.421200 0.353501 13.807100
v 0.408400 0.334001 13.734900
v 0.394400 0.278301 13.603300
v 0.403900 0.307801 13.665700
v 0.387800 0.280501 13.603900
v 0.397100 0.310101 13.666400
v 0.374000 0.281001 13.606200
v 0.383000 0.310601 13.668800
v 0.390000 0.311001 13.667400
v 0.380900 0.281401 13.604900
v 0.394100 0.334601 13.737300
v 0.401300 0.335001 13.735900
v 0.406900 0.354001 13.809500
v 0.414000 0.354401 13.808100
v 0.400000 0.352101 13.811200
v 0.387300 0.332701 13.739000
v 0.393700 0.349001 13.813100
v 0.381000 0.329501 13.740900
v 0.367400 0.279201 13.607900
v 0.376200 0.308701 13.670500
v 0.361300 0.276201 13.609700
v 0.370000 0.305601 13.672300
v 0.351700 0.266901 13.613800
v 0.360000 0.296101 13.676500
v 0.364500 0.301401 13.674400
v 0.356000 0.272001 13.611700
v 0.371000 0.319901 13.745100
v 0.375500 0.325201 13.743000
v 0.383700 0.339301 13.817300
v 0.388200 0.344601 13.815200
v 0.380400 0.333201 13.819300
v 0.367700 0.313801 13.747100
v 0.378400 0.326401 13.821300
v 0.365700 0.307101 13.749100
v 0.348500 0.261001 13.615800
v 0.356800 0.290101 13.678500
v 0.346600 0.254601 13.617800
v 0.354800 0.283401 13.680500
v 0.346700 0.241001 13.621200
v 0.354900 0.269501 13.684000
v 0.354100 0.276501 13.682400
v 0.345900 0.247801 13.619700
v 0.365700 0.293001 13.752500
v 0.365000 0.300001 13.751000
v 0.378400 0.312301 13.824700
v 0.377700 0.319401 13.823100
v 0.380600 0.305501 13.825900
v 0.367900 0.286101 13.753800
v 0.384100 0.299101 13.826800
v 0.371400 0.279801 13.754700
v 0.348800 0.234501 13.622500
v 0.357000 0.262701 13.685200
v 0.352100 0.228401 13.623500
v 0.360500 0.256501 13.686200
v 0.361900 0.218501 13.624300
v 0.370500 0.246301 13.686900
v 0.365000 0.250901 13.686700
v 0.356600 0.223001 13.624100
v 0.381500 0.269401 13.755400
v 0.376000 0.274101 13.755300
v 0.394200 0.288801 13.827500
v 0.388700 0.293501 13.827400
v 0.400600 0.285201 13.827200
v 0.387900 0.265901 13.755100
v 0.407500 0.283001 13.826500
v 0.394800 0.263701 13.754400
v 0.368100 0.215101 13.624000
v 0.376800 0.242801 13.686600
v 0.374700 0.212901 13.623400
v 0.383600 0.240601 13.685900
v 0.388500 0.212401 13.621100
v 0.397800 0.240001 13.683500
v 0.390700 0.239601 13.684900
v 0.381600 0.212001 13.622400
v 0.409100 0.263101 13.752000
v 0.401900 0.262701 13.753300
v 0.421800 0.282501 13.824000
v 0.414700 0.282001 13.825400
v 0.428600 0.284301 13.822300
v 0.415900 0.265001 13.750300
v 0.435000 0.287501 13.820400
v 0.422200 0.268201 13.748400
v 0.395100 0.214201 13.619400
v 0.404500 0.241901 13.681800
v 0.401200 0.217301 13.617600
v 0.410800 0.245001 13.679900
v 0.410800 0.226501 13.613500
v 0.420700 0.254501 13.675800
v 0.416200 0.249301 13.677900
v 0.406500 0.221401 13.615500
v 0.432300 0.277801 13.744200
v 0.427700 0.272501 13.746300
v 0.445000 0.297101 13.816300
v 0.440500 0.291801 13.818400
v 0.448300 0.303301 13.814200
v 0.435600 0.283901 13.742100
v 0.450300 0.310001 13.812200
v 0.437600 0.290601 13.740100
v 0.414000 0.232401 13.611400
v 0.423900 0.260601 13.673700
v 0.415900 0.238901 13.609400
v 0.425900 0.267201 13.671700
v 0.426600 0.274201 13.669900
v 0.416600 0.245601 13.607600
v 0.438200 0.297701 13.738300
v 0.451000 0.317001 13.810400
v 0.545100 0.406201 14.365600
v 0.549400 0.403101 14.364900
v 0.545200 0.402101 14.360800
v 0.541400 0.404901 14.361400
v 0.552700 0.399401 14.364500
v 0.548100 0.398701 14.360400
v 0.540900 0.401201 14.357600
v 0.537700 0.403701 14.358100
v 0.543400 0.398201 14.357300
v 0.554800 0.395401 14.364300
v 0.555700 0.391701 14.364400
v 0.550800 0.391701 14.360300
v 0.550000 0.395101 14.360300
v 0.545900 0.391801 14.357200
v 0.545100 0.395001 14.357100
v 0.538700 0.392401 14.352600
v 0.538000 0.395301 14.352500
v 0.540900 0.395101 14.354600
v 0.541600 0.392101 14.354700
v 0.536500 0.398101 14.352600
v 0.539400 0.398001 14.354800
v 0.534500 0.400701 14.352900
v 0.532000 0.402801 14.353300
v 0.534400 0.402901 14.355500
v 0.537100 0.400701 14.355100
v 0.521700 0.408601 14.370400
v 0.528000 0.409301 14.369000
v 0.526400 0.407801 14.364400
v 0.520900 0.407201 14.365600
v 0.534200 0.409201 14.367700
v 0.531800 0.407601 14.363300
v 0.524900 0.406501 14.360600
v 0.520200 0.406101 14.361600
v 0.529400 0.406301 14.359700
v 0.540000 0.408101 14.366600
v 0.536900 0.406701 14.362300
v 0.533800 0.405401 14.358900
v 0.529100 0.404301 14.353800
v 0.531000 0.404501 14.356100
v 0.525800 0.405301 14.354400
v 0.527400 0.405401 14.356800
v 0.522400 0.405601 14.355100
v 0.519000 0.405401 14.355800
v 0.519600 0.405301 14.358400
v 0.523500 0.405701 14.357600
v 0.507600 0.398801 14.358600
v 0.506500 0.398301 14.361600
v 0.509100 0.400901 14.360900
v 0.509800 0.401201 14.358000
v 0.504600 0.398201 14.365400
v 0.507600 0.401101 14.364600
v 0.512200 0.402901 14.360100
v 0.512600 0.403101 14.357300
v 0.511400 0.403301 14.363700
v 0.502400 0.398401 14.370000
v 0.500600 0.398701 14.375400
v 0.504700 0.402301 14.374300
v 0.506000 0.401601 14.369100
v 0.509800 0.405101 14.373100
v 0.510500 0.404101 14.368000
v 0.515500 0.406001 14.366800
v 0.515600 0.407201 14.371800
v 0.515600 0.405001 14.362700
v 0.515700 0.404501 14.356500
v 0.515800 0.404401 14.359300
v 0.504900 0.387301 14.360000
v 0.503600 0.386201 14.363000
v 0.503200 0.388901 14.362900
v 0.504600 0.390001 14.359900
v 0.501300 0.384701 14.367000
v 0.500800 0.387701 14.366900
v 0.503600 0.392101 14.362600
v 0.504900 0.392901 14.359600
v 0.501200 0.391201 14.366600
v 0.498800 0.383201 14.371800
v 0.496500 0.381901 14.377400
v 0.495700 0.385501 14.377300
v 0.498100 0.386401 14.371700
v 0.496100 0.389801 14.376900
v 0.498500 0.390401 14.371400
v 0.499900 0.394501 14.370800
v 0.497700 0.394401 14.376300
v 0.502500 0.394801 14.366100
v 0.505900 0.396001 14.359200
v 0.504700 0.395301 14.362200
v 0.508700 0.378401 14.375000
v 0.504700 0.377901 14.375900
v 0.505900 0.379301 14.370500
v 0.509400 0.379501 14.369800
v 0.501200 0.378301 14.376600
v 0.502900 0.379701 14.371100
v 0.507400 0.380701 14.366000
v 0.510400 0.380601 14.365300
v 0.504800 0.381401 14.366500
v 0.498400 0.379501 14.377100
v 0.500400 0.381001 14.371600
v 0.502700 0.382701 14.366800
v 0.505800 0.385101 14.359900
v 0.504700 0.384201 14.362900
v 0.507300 0.383401 14.359700
v 0.506500 0.382701 14.362700
v 0.509300 0.382101 14.359400
v 0.511700 0.381101 14.359000
v 0.511300 0.381301 14.361800
v 0.508700 0.381801 14.362300
v 0.526700 0.382801 14.371000
v 0.521800 0.381901 14.372100
v 0.521100 0.382001 14.367200
v 0.525500 0.382701 14.366200
v 0.517100 0.380601 14.373100
v 0.517000 0.381101 14.368100
v 0.520700 0.382001 14.363100
v 0.524600 0.382401 14.362300
v 0.517100 0.381401 14.363900
v 0.512800 0.379401 14.374100
v 0.513100 0.380201 14.368900
v 0.513600 0.380901 14.364600
v 0.514400 0.380601 14.358500
v 0.514200 0.381201 14.361200
v 0.517200 0.380301 14.357900
v 0.517200 0.381301 14.360500
v 0.520300 0.380201 14.357300
v 0.523500 0.380201 14.356600
v 0.523900 0.381701 14.359100
v 0.520500 0.381501 14.359800
v 0.535100 0.382501 14.354000
v 0.536900 0.383101 14.356300
v 0.534100 0.382301 14.356900
v 0.532600 0.381301 14.354600
v 0.539800 0.383301 14.359000
v 0.536400 0.382701 14.359800
v 0.530900 0.381901 14.357600
v 0.529800 0.380601 14.355300
v 0.532600 0.382501 14.360600
v 0.543200 0.383301 14.362400
v 0.546700 0.383301 14.366700
v 0.542100 0.382901 14.367700
v 0.539300 0.382901 14.363300
v 0.537100 0.383001 14.368800
v 0.534800 0.382801 14.364200
v 0.530200 0.382801 14.365200
v 0.531900 0.383001 14.369900
v 0.528600 0.382501 14.361400
v 0.526700 0.380301 14.355900
v 0.527400 0.381701 14.358400
v 0.541600 0.389301 14.354900
v 0.538800 0.389501 14.352800
v 0.545700 0.389001 14.357400
v 0.540700 0.386801 14.355200
v 0.538200 0.386801 14.353100
v 0.544500 0.386601 14.357800
v 0.555100 0.388601 14.364700
v 0.550400 0.388701 14.360600
v 0.553300 0.386101 14.365200
v 0.549000 0.386301 14.361000
v 0.546500 0.384501 14.361700
v 0.550500 0.384401 14.365900
v 0.542500 0.384701 14.358400
v 0.536900 0.384401 14.353500
v 0.539200 0.384701 14.355700
v 0.538000 0.392701 14.350600
v 0.537100 0.395801 14.350500
v 0.538200 0.392901 14.346000
v 0.537300 0.396401 14.346000
v 0.535600 0.398801 14.350600
v 0.535600 0.399601 14.346100
v 0.538400 0.392801 14.336200
v 0.537300 0.396701 14.336100
v 0.535500 0.400401 14.336200
v 0.530000 0.406401 14.336800
v 0.533000 0.403701 14.336400
v 0.530700 0.404901 14.346700
v 0.533400 0.402501 14.346300
v 0.531100 0.403601 14.351200
v 0.533600 0.401401 14.350900
v 0.528200 0.405201 14.351700
v 0.527600 0.406701 14.347200
v 0.525000 0.406201 14.352300
v 0.524200 0.407901 14.347800
v 0.526500 0.408401 14.337300
v 0.522600 0.409701 14.338000
v 0.514600 0.410101 14.339600
v 0.518600 0.410301 14.338800
v 0.517100 0.408101 14.349200
v 0.520600 0.408301 14.348500
v 0.518300 0.406401 14.353700
v 0.521700 0.406601 14.353000
v 0.515100 0.405601 14.354400
v 0.513600 0.407201 14.350000
v 0.512100 0.404101 14.355100
v 0.510400 0.405601 14.350800
v 0.510800 0.409001 14.340500
v 0.507200 0.407201 14.341400
v 0.501400 0.401701 14.343100
v 0.504000 0.404801 14.342300
v 0.505300 0.400701 14.352300
v 0.507600 0.403401 14.351600
v 0.507200 0.399701 14.356500
v 0.509400 0.402101 14.355800
v 0.505600 0.396801 14.357000
v 0.503500 0.397601 14.352900
v 0.504600 0.393701 14.357500
v 0.502400 0.394201 14.353400
v 0.499500 0.398201 14.343800
v 0.498200 0.394301 14.344400
v 0.498000 0.386401 14.345100
v 0.497700 0.390301 14.344800
v 0.502200 0.387301 14.353900
v 0.502000 0.390701 14.353700
v 0.504500 0.387601 14.357900
v 0.504200 0.390601 14.357800
v 0.499100 0.382701 14.345200
v 0.501000 0.379301 14.345200
v 0.503200 0.384301 14.354000
v 0.504800 0.381501 14.353800
v 0.506400 0.373901 14.344500
v 0.503400 0.376401 14.344900
v 0.509600 0.377201 14.353200
v 0.507000 0.379101 14.353600
v 0.508800 0.381101 14.357500
v 0.511300 0.379701 14.357100
v 0.506900 0.382901 14.357800
v 0.505400 0.385101 14.357900
v 0.520100 0.377701 14.355400
v 0.523400 0.377701 14.354700
v 0.517000 0.378001 14.356000
v 0.519400 0.374401 14.351400
v 0.523000 0.374401 14.350600
v 0.516000 0.374801 14.352100
v 0.514000 0.378701 14.356600
v 0.512600 0.375801 14.352700
v 0.509900 0.372101 14.344000
v 0.513700 0.370901 14.343300
v 0.521600 0.370401 14.341700
v 0.517600 0.370301 14.342500
v 0.525500 0.371201 14.340800
v 0.529100 0.372701 14.339900
v 0.526400 0.374901 14.349900
v 0.529700 0.376001 14.349100
v 0.535000 0.377601 14.338300
v 0.532400 0.374801 14.339100
v 0.535100 0.379801 14.347700
v 0.532600 0.377601 14.348400
v 0.532400 0.379801 14.352700
v 0.534800 0.381401 14.352100
v 0.529700 0.378701 14.353300
v 0.526600 0.378001 14.354000
v 0.536500 0.383701 14.351500
v 0.536900 0.382601 14.347100
v 0.537600 0.386501 14.351100
v 0.538000 0.385801 14.346600
v 0.537000 0.380901 14.337600
v 0.538300 0.384701 14.337000
v 0.538700 0.388701 14.336500
v 0.538500 0.389301 14.346300
v 0.538100 0.389501 14.350800
v 0.561100 0.409601 14.414500
v 0.566300 0.405901 14.413700
v 0.560700 0.405501 14.392400
v 0.555600 0.409101 14.393100
v 0.570300 0.401401 14.413200
v 0.564600 0.401101 14.391900
v 0.556500 0.404901 14.378500
v 0.551600 0.408301 14.379300
v 0.560200 0.400601 14.378100
v 0.572800 0.396601 14.413100
v 0.573700 0.392201 14.413200
v 0.568000 0.392201 14.391900
v 0.567000 0.396501 14.391800
v 0.563500 0.392101 14.378100
v 0.562600 0.396201 14.378000
v 0.558800 0.395801 14.369500
v 0.559700 0.391801 14.369600
v 0.556500 0.400001 14.369700
v 0.548300 0.407301 14.370800
v 0.552900 0.404001 14.370100
v 0.532100 0.412401 14.420600
v 0.540000 0.413201 14.418900
v 0.535100 0.412601 14.397300
v 0.527500 0.411801 14.399000
v 0.547600 0.413101 14.417200
v 0.542500 0.412501 14.395700
v 0.531800 0.411701 14.383300
v 0.524500 0.410901 14.384900
v 0.539000 0.411701 14.381800
v 0.554800 0.412001 14.415700
v 0.549500 0.411401 14.394300
v 0.545700 0.410601 14.380400
v 0.542700 0.409501 14.371900
v 0.536400 0.410501 14.373200
v 0.522800 0.409901 14.376100
v 0.529700 0.410601 14.374600
v 0.520000 0.410201 14.400700
v 0.524400 0.410701 14.422300
v 0.517400 0.409401 14.386500
v 0.513000 0.407701 14.402200
v 0.517200 0.408101 14.423900
v 0.510600 0.407001 14.388000
v 0.516000 0.408401 14.377600
v 0.509700 0.406101 14.379000
v 0.499600 0.399201 14.381500
v 0.504100 0.403101 14.380400
v 0.499900 0.399801 14.390700
v 0.504700 0.403801 14.389400
v 0.501900 0.400201 14.405000
v 0.505700 0.400401 14.426700
v 0.510800 0.404701 14.425400
v 0.506800 0.404401 14.403700
v 0.495200 0.381101 14.383800
v 0.494400 0.384901 14.383700
v 0.495300 0.380701 14.393100
v 0.494400 0.384701 14.393000
v 0.494800 0.389601 14.383300
v 0.494800 0.389701 14.392500
v 0.497000 0.380401 14.407600
v 0.500700 0.380101 14.429300
v 0.499700 0.384501 14.429200
v 0.496000 0.384601 14.407500
v 0.500200 0.389701 14.428700
v 0.496500 0.389701 14.406900
v 0.498400 0.395101 14.406100
v 0.502200 0.395201 14.427800
v 0.496700 0.394901 14.391700
v 0.496500 0.394601 14.382500
v 0.515700 0.376501 14.425800
v 0.510900 0.375701 14.427000
v 0.506900 0.376101 14.405400
v 0.511600 0.376901 14.404300
v 0.506600 0.375901 14.428000
v 0.502700 0.376301 14.406400
v 0.504800 0.376501 14.391200
v 0.509400 0.377201 14.390100
v 0.500800 0.376801 14.392100
v 0.503100 0.377301 14.428800
v 0.499300 0.377701 14.407200
v 0.497500 0.378101 14.392800
v 0.497300 0.378601 14.383500
v 0.500400 0.377301 14.382900
v 0.508500 0.377701 14.381100
v 0.504200 0.377101 14.382000
v 0.537600 0.383701 14.421200
v 0.531700 0.382301 14.422500
v 0.527100 0.382301 14.401000
v 0.532900 0.383601 14.399800
v 0.526100 0.380301 14.423600
v 0.521700 0.380501 14.402200
v 0.524300 0.382201 14.386900
v 0.529800 0.383401 14.385700
v 0.519000 0.380501 14.388000
v 0.520800 0.378201 14.424700
v 0.516500 0.378501 14.403300
v 0.514100 0.378701 14.389100
v 0.513000 0.378901 14.380100
v 0.517700 0.380501 14.379000
v 0.527900 0.383101 14.376800
v 0.522600 0.382001 14.377900
v 0.539000 0.383901 14.398400
v 0.543900 0.383901 14.419800
v 0.535800 0.383701 14.384400
v 0.545300 0.383701 14.397000
v 0.550300 0.383601 14.418300
v 0.541800 0.383501 14.383000
v 0.533600 0.383401 14.375600
v 0.539200 0.383201 14.374300
v 0.549700 0.383301 14.372100
v 0.544700 0.383101 14.373100
v 0.552800 0.383401 14.380600
v 0.547600 0.383301 14.381800
v 0.556800 0.383401 14.394400
v 0.562100 0.383201 14.415600
v 0.556500 0.383201 14.416900
v 0.551300 0.383301 14.395600
v 0.561400 0.384301 14.393500
v 0.566900 0.384101 14.414700
v 0.557200 0.384401 14.379700
v 0.564900 0.386101 14.392700
v 0.570500 0.385901 14.413900
v 0.560600 0.386101 14.378900
v 0.553800 0.384301 14.371200
v 0.557000 0.386101 14.370400
v 0.559000 0.388601 14.369900
v 0.562800 0.388701 14.378400
v 0.572900 0.388601 14.413500
v 0.567200 0.388701 14.392200
v 0.686300 0.412801 15.231800
v 0.685300 0.410901 15.234900
v 0.690100 0.414201 15.236700
v 0.689800 0.415501 15.232000
v 0.684600 0.408101 15.238300
v 0.690100 0.412001 15.240500
v 0.696000 0.417601 15.236900
v 0.695200 0.418501 15.231600
v 0.696600 0.415701 15.241000
v 0.684800 0.404801 15.240800
v 0.685900 0.401701 15.242400
v 0.691500 0.406301 15.244900
v 0.690500 0.409201 15.243300
v 0.698100 0.410901 15.245600
v 0.697200 0.413401 15.243900
v 0.704600 0.416901 15.243200
v 0.705400 0.414601 15.244900
v 0.703800 0.418901 15.240200
v 0.701800 0.421001 15.230500
v 0.702900 0.420401 15.235900
v 0.695000 0.396101 15.237900
v 0.698200 0.398501 15.238500
v 0.697100 0.400401 15.242100
v 0.693000 0.396501 15.240100
v 0.702800 0.401601 15.238500
v 0.702100 0.404101 15.242400
v 0.695200 0.402001 15.244300
v 0.690500 0.397501 15.242100
v 0.700900 0.406301 15.244900
v 0.707900 0.404501 15.237700
v 0.713600 0.406401 15.236400
v 0.714000 0.409401 15.240400
v 0.707800 0.407401 15.241700
v 0.714000 0.412101 15.242900
v 0.707200 0.409901 15.244200
v 0.706300 0.412301 15.245300
v 0.713700 0.414501 15.243800
v 0.699400 0.408601 15.245900
v 0.687900 0.399201 15.242800
v 0.693200 0.404001 15.245300
v 0.721400 0.414601 15.242000
v 0.721100 0.412101 15.241200
v 0.728700 0.413001 15.239600
v 0.727900 0.410501 15.239000
v 0.719700 0.406401 15.235100
v 0.720500 0.409301 15.238900
v 0.725600 0.405101 15.233500
v 0.726800 0.407901 15.237100
v 0.733800 0.402101 15.229400
v 0.736200 0.403101 15.230800
v 0.732100 0.405801 15.234500
v 0.730600 0.403501 15.231500
v 0.738600 0.404901 15.231600
v 0.733900 0.407901 15.235900
v 0.740200 0.407301 15.231500
v 0.735200 0.410401 15.236100
v 0.737600 0.417301 15.218500
v 0.733300 0.419701 15.217300
v 0.740900 0.414301 15.220500
v 0.738000 0.415501 15.209800
v 0.733100 0.418501 15.208900
v 0.741700 0.411901 15.211400
v 0.743900 0.407201 15.224200
v 0.743000 0.410701 15.222500
v 0.745000 0.404301 15.214700
v 0.744100 0.408001 15.213100
v 0.741300 0.398201 15.180400
v 0.740300 0.402301 15.179100
v 0.743100 0.405201 15.199200
v 0.744100 0.401301 15.200700
v 0.737700 0.406601 15.177800
v 0.740600 0.409401 15.197600
v 0.733700 0.410701 15.176700
v 0.728400 0.414101 15.176200
v 0.731500 0.416501 15.195600
v 0.736700 0.413301 15.196300
v 0.699200 0.416501 15.180800
v 0.703100 0.418801 15.199800
v 0.710800 0.419701 15.198100
v 0.707100 0.417401 15.179100
v 0.705800 0.420801 15.213100
v 0.713300 0.421601 15.211500
v 0.718300 0.419601 15.196700
v 0.714800 0.417301 15.177600
v 0.720500 0.421501 15.210100
v 0.707700 0.422101 15.222400
v 0.715000 0.422901 15.220800
v 0.722000 0.422701 15.219200
v 0.728100 0.421601 15.217800
v 0.727200 0.420501 15.209100
v 0.722000 0.416301 15.176600
v 0.725300 0.418601 15.195800
v 0.688300 0.415101 15.226500
v 0.684100 0.411801 15.228100
v 0.693800 0.418101 15.225400
v 0.685800 0.413701 15.218200
v 0.681100 0.410101 15.220300
v 0.691600 0.416801 15.216500
v 0.700400 0.420501 15.224000
v 0.698500 0.419201 15.214800
v 0.691500 0.414801 15.182500
v 0.695600 0.417201 15.201500
v 0.684300 0.412301 15.184300
v 0.688600 0.414801 15.203300
v 0.678000 0.409101 15.186300
v 0.673000 0.405101 15.188400
v 0.677600 0.407701 15.207500
v 0.682400 0.411601 15.205200
v 0.668800 0.386701 15.196300
v 0.673600 0.390201 15.216100
v 0.672400 0.394001 15.214600
v 0.667600 0.390601 15.195000
v 0.677600 0.393801 15.229400
v 0.676500 0.397401 15.227900
v 0.672700 0.398501 15.212500
v 0.667800 0.395301 15.193100
v 0.676600 0.401601 15.225600
v 0.681500 0.397501 15.237700
v 0.680400 0.400901 15.236200
v 0.680400 0.404701 15.233800
v 0.681500 0.408301 15.230800
v 0.678100 0.405901 15.222900
v 0.669600 0.400301 15.190800
v 0.674300 0.403201 15.210000
v 0.690100 0.392901 15.236100
v 0.693800 0.393501 15.234600
v 0.686800 0.393501 15.237600
v 0.687400 0.389301 15.228300
v 0.691700 0.390201 15.226900
v 0.683400 0.389701 15.229400
v 0.683800 0.395001 15.238200
v 0.680100 0.391201 15.229900
v 0.671300 0.383901 15.196600
v 0.676100 0.387501 15.216500
v 0.674900 0.382501 15.196100
v 0.679700 0.386101 15.216000
v 0.679300 0.382201 15.195100
v 0.684100 0.383101 15.193800
v 0.688600 0.386801 15.213800
v 0.683900 0.385801 15.215100
v 0.705400 0.392101 15.188300
v 0.709200 0.395901 15.208200
v 0.703500 0.394201 15.209600
v 0.699600 0.390401 15.189600
v 0.711600 0.399601 15.221900
v 0.706100 0.397901 15.223200
v 0.698300 0.391601 15.211000
v 0.694100 0.387901 15.191000
v 0.701000 0.395201 15.224500
v 0.712900 0.403101 15.230700
v 0.707500 0.401301 15.232000
v 0.702400 0.398601 15.233100
v 0.697900 0.395701 15.233800
v 0.696200 0.392401 15.225700
v 0.689000 0.385301 15.192400
v 0.693300 0.388901 15.212400
v 0.729900 0.400701 15.226800
v 0.734500 0.399801 15.225700
v 0.724700 0.402001 15.228200
v 0.729200 0.397501 15.218500
v 0.734400 0.396801 15.217700
v 0.723500 0.398701 15.219600
v 0.718800 0.403101 15.229500
v 0.717500 0.399601 15.220700
v 0.711600 0.392201 15.187000
v 0.715200 0.395901 15.207000
v 0.718000 0.391401 15.185800
v 0.721400 0.395101 15.205900
v 0.724200 0.390501 15.184800
v 0.729800 0.390001 15.183800
v 0.732900 0.393501 15.204100
v 0.727400 0.394101 15.205000
v 0.743300 0.398101 15.201800
v 0.740500 0.394901 15.181400
v 0.744200 0.401201 15.215900
v 0.741100 0.395601 15.202700
v 0.738200 0.392301 15.182300
v 0.742100 0.398801 15.216600
v 0.743200 0.404201 15.225200
v 0.741300 0.401901 15.225700
v 0.738300 0.400301 15.225600
v 0.738700 0.397201 15.217100
v 0.734500 0.390701 15.183000
v 0.737500 0.394001 15.203400
v 0.599200 0.406901 14.574400
v 0.604800 0.402901 14.573200
v 0.593600 0.404501 14.526600
v 0.588100 0.408501 14.527600
v 0.608900 0.398001 14.572400
v 0.597700 0.399701 14.525900
v 0.583200 0.405501 14.483000
v 0.577800 0.409401 14.483900
v 0.587300 0.400801 14.482400
v 0.611500 0.392901 14.571900
v 0.612400 0.388101 14.571700
v 0.601200 0.390001 14.525400
v 0.600300 0.394701 14.525500
v 0.590700 0.391201 14.482100
v 0.589800 0.395801 14.482100
v 0.580500 0.396501 14.443900
v 0.581400 0.391901 14.444000
v 0.578000 0.401301 14.444100
v 0.568600 0.409701 14.445500
v 0.574000 0.405901 14.444600
v 0.568000 0.409901 14.581800
v 0.576500 0.410801 14.579800
v 0.565800 0.412401 14.532800
v 0.557400 0.411401 14.534700
v 0.584800 0.410801 14.577800
v 0.573900 0.412301 14.530900
v 0.555800 0.413201 14.488800
v 0.547600 0.412301 14.490700
v 0.563700 0.413101 14.487000
v 0.592500 0.409501 14.576000
v 0.581400 0.411001 14.529100
v 0.571200 0.411901 14.485300
v 0.562200 0.412201 14.446800
v 0.554800 0.413401 14.448400
v 0.539000 0.412601 14.451900
v 0.547000 0.413401 14.450100
v 0.549200 0.409601 14.536400
v 0.559700 0.408101 14.583500
v 0.539500 0.410501 14.492400
v 0.541500 0.407001 14.538000
v 0.551800 0.405301 14.585100
v 0.531900 0.407901 14.494000
v 0.531100 0.410801 14.453600
v 0.523700 0.408201 14.455200
v 0.511900 0.400401 14.458000
v 0.517200 0.404801 14.456700
v 0.519800 0.399801 14.496700
v 0.525300 0.404301 14.495500
v 0.529100 0.398801 14.540700
v 0.539200 0.397001 14.587700
v 0.544900 0.401701 14.586500
v 0.534700 0.403301 14.539500
v 0.506700 0.379601 14.460400
v 0.505700 0.384001 14.460400
v 0.514500 0.378701 14.498900
v 0.513500 0.383201 14.499000
v 0.506200 0.389401 14.459900
v 0.514000 0.388601 14.498500
v 0.523600 0.377201 14.542500
v 0.533500 0.375201 14.589100
v 0.532500 0.379801 14.589400
v 0.522600 0.381801 14.542700
v 0.533100 0.385501 14.589200
v 0.523100 0.387401 14.542300
v 0.525300 0.393201 14.541700
v 0.535300 0.391401 14.588600
v 0.516100 0.394401 14.497800
v 0.508200 0.395001 14.459100
v 0.549600 0.371301 14.584800
v 0.544400 0.370301 14.586000
v 0.534400 0.372501 14.539600
v 0.539500 0.373401 14.538400
v 0.539800 0.370501 14.587300
v 0.529800 0.372701 14.540900
v 0.525100 0.374001 14.496200
v 0.530100 0.374901 14.495000
v 0.520600 0.374201 14.497400
v 0.536000 0.372101 14.588400
v 0.526100 0.374301 14.541900
v 0.516900 0.375801 14.498300
v 0.509100 0.376701 14.459900
v 0.512700 0.375301 14.459100
v 0.522100 0.375901 14.456800
v 0.517100 0.375001 14.458000
v 0.544400 0.383401 14.452100
v 0.538400 0.382001 14.453400
v 0.553000 0.382701 14.490400
v 0.546800 0.381201 14.491700
v 0.532600 0.379901 14.454600
v 0.540900 0.379001 14.492800
v 0.562800 0.381401 14.533800
v 0.573300 0.379501 14.580200
v 0.566900 0.378001 14.581500
v 0.556500 0.379901 14.535100
v 0.560800 0.375701 14.582600
v 0.550500 0.377701 14.536200
v 0.544900 0.375301 14.537300
v 0.555100 0.373201 14.583700
v 0.535400 0.376801 14.493900
v 0.527200 0.377701 14.455700
v 0.599700 0.378601 14.573700
v 0.593600 0.378701 14.575200
v 0.582800 0.380701 14.528900
v 0.588700 0.380601 14.527500
v 0.587000 0.379301 14.576900
v 0.576300 0.381301 14.530600
v 0.572700 0.382001 14.485700
v 0.578500 0.381901 14.484400
v 0.566300 0.382601 14.487300
v 0.580100 0.379801 14.578600
v 0.569500 0.381701 14.532200
v 0.559600 0.383001 14.488900
v 0.550900 0.383701 14.450700
v 0.557500 0.383301 14.449100
v 0.569500 0.382801 14.446300
v 0.563800 0.382801 14.447600
v 0.580600 0.388301 14.444200
v 0.589800 0.387501 14.482300
v 0.578100 0.385501 14.444700
v 0.587300 0.384701 14.482700
v 0.611400 0.384201 14.571700
v 0.600300 0.386201 14.525500
v 0.608800 0.381401 14.572000
v 0.597700 0.383401 14.525900
v 0.593800 0.381501 14.526500
v 0.604800 0.379501 14.572700
v 0.583500 0.382801 14.483400
v 0.574400 0.383701 14.445400
v 0.712000 0.385101 15.022400
v 0.700400 0.382201 14.964100
v 0.699500 0.387001 14.964300
v 0.711200 0.389801 15.022400
v 0.687600 0.379901 14.901500
v 0.686800 0.384801 14.902000
v 0.697000 0.392201 14.964900
v 0.708600 0.394901 15.022600
v 0.684200 0.390101 14.902700
v 0.674300 0.378601 14.837900
v 0.661000 0.378501 14.776400
v 0.660100 0.383501 14.776900
v 0.673500 0.383501 14.838400
v 0.657500 0.388801 14.777700
v 0.670900 0.388901 14.839200
v 0.647600 0.398201 14.780400
v 0.661000 0.398201 14.841800
v 0.666700 0.394001 14.840300
v 0.653300 0.394001 14.778900
v 0.674400 0.399301 14.905100
v 0.680000 0.395201 14.903700
v 0.687300 0.401201 14.966900
v 0.699000 0.403601 15.024200
v 0.704500 0.399701 15.023200
v 0.692800 0.397201 14.965700
v 0.615100 0.401201 14.788600
v 0.628600 0.401201 14.850000
v 0.637500 0.402201 14.848000
v 0.623900 0.402201 14.786500
v 0.642400 0.402301 14.913100
v 0.651100 0.403301 14.911100
v 0.646000 0.402101 14.845800
v 0.632600 0.402101 14.784400
v 0.659600 0.403201 14.908900
v 0.655700 0.404201 14.974600
v 0.667800 0.406501 15.031400
v 0.676300 0.407501 15.029400
v 0.664300 0.405201 14.972600
v 0.684500 0.407401 15.027500
v 0.672600 0.405101 14.970600
v 0.680400 0.403801 14.968600
v 0.692200 0.406201 15.025700
v 0.667500 0.401901 14.906900
v 0.640500 0.400801 14.782300
v 0.654000 0.400801 14.843700
v 0.639000 0.393801 15.037400
v 0.644600 0.398401 15.036100
v 0.632000 0.395901 14.979300
v 0.626300 0.391201 14.980400
v 0.651600 0.402001 15.034700
v 0.639100 0.399601 14.977900
v 0.618400 0.393901 14.917700
v 0.612500 0.389101 14.918700
v 0.625600 0.397601 14.916400
v 0.659400 0.404701 15.033100
v 0.647100 0.402301 14.976400
v 0.633700 0.400401 14.914900
v 0.606300 0.399301 14.790400
v 0.619900 0.399301 14.851800
v 0.598000 0.396501 14.792000
v 0.611700 0.396501 14.853400
v 0.590700 0.392701 14.793200
v 0.584800 0.387801 14.794200
v 0.598500 0.387901 14.855600
v 0.604400 0.392701 14.854600
v 0.633300 0.372401 15.039700
v 0.632300 0.377001 15.039800
v 0.619400 0.373901 14.982000
v 0.620300 0.369201 14.981800
v 0.632900 0.382501 15.039300
v 0.620000 0.379601 14.981800
v 0.605400 0.371501 14.919900
v 0.606400 0.366701 14.919500
v 0.606100 0.377301 14.919900
v 0.635100 0.388301 15.038500
v 0.622300 0.385601 14.981300
v 0.608400 0.383401 14.919500
v 0.580600 0.382001 14.794900
v 0.594300 0.382101 14.856300
v 0.578200 0.375801 14.795200
v 0.591900 0.375901 14.856600
v 0.577500 0.369901 14.795100
v 0.578500 0.365101 14.794600
v 0.592200 0.365201 14.856100
v 0.591200 0.370101 14.856600
v 0.649500 0.368501 15.035300
v 0.644300 0.367501 15.036600
v 0.631400 0.364301 14.978300
v 0.636700 0.365401 14.977000
v 0.639600 0.367801 15.037900
v 0.626700 0.364601 14.979700
v 0.617600 0.361801 14.915800
v 0.623000 0.362801 14.914500
v 0.612800 0.362001 14.917200
v 0.635900 0.369301 15.039000
v 0.622900 0.366101 14.980900
v 0.609000 0.363601 14.918500
v 0.581100 0.361901 14.793600
v 0.594800 0.362101 14.855000
v 0.585000 0.360301 14.792200
v 0.598700 0.360401 14.853700
v 0.589800 0.360001 14.790800
v 0.595300 0.361101 14.789500
v 0.608900 0.361301 14.851000
v 0.603500 0.360201 14.852300
v 0.620100 0.370001 14.785200
v 0.633600 0.370201 14.846700
v 0.626900 0.368601 14.848000
v 0.613400 0.368301 14.786500
v 0.647300 0.371801 14.910200
v 0.640800 0.370101 14.911500
v 0.620600 0.366101 14.849000
v 0.607000 0.365901 14.787500
v 0.634500 0.367601 14.912500
v 0.660700 0.374301 14.972600
v 0.673000 0.377401 15.030800
v 0.666600 0.375801 15.032100
v 0.654200 0.372601 14.973900
v 0.660600 0.373301 15.033200
v 0.648100 0.370201 14.975000
v 0.642200 0.367501 14.975900
v 0.654900 0.370701 15.034200
v 0.628600 0.365001 14.913500
v 0.601000 0.363201 14.788400
v 0.614600 0.363401 14.849900
v 0.699200 0.375901 15.024300
v 0.693200 0.376301 15.025700
v 0.681200 0.373201 14.967300
v 0.687300 0.372801 14.965700
v 0.686600 0.377001 15.027400
v 0.674500 0.373901 14.969100
v 0.668100 0.370701 14.904600
v 0.674300 0.370401 14.903100
v 0.661300 0.371501 14.906500
v 0.679800 0.377701 15.029200
v 0.667600 0.374501 14.971000
v 0.654300 0.372001 14.908500
v 0.627100 0.370301 14.783400
v 0.640600 0.370501 14.844900
v 0.634300 0.369701 14.781400
v 0.647700 0.369901 14.842900
v 0.641200 0.369001 14.779500
v 0.647400 0.368801 14.777900
v 0.660800 0.368901 14.839400
v 0.654600 0.369201 14.841000
v 0.673200 0.374601 14.837700
v 0.659800 0.374501 14.776200
v 0.686500 0.376001 14.901400
v 0.670400 0.371601 14.837800
v 0.657000 0.371501 14.776300
v 0.683800 0.373101 14.901500
v 0.711000 0.381301 15.022500
v 0.699300 0.378301 14.964000
v 0.708400 0.378501 15.022700
v 0.696600 0.375501 14.964200
v 0.692500 0.373601 14.964800
v 0.704300 0.376701 15.023300
v 0.679600 0.371201 14.902000
v 0.652800 0.369601 14.776800
v 0.666200 0.369801 14.838300
v 0.729000 0.408001 15.149700
v 0.723600 0.411501 15.149500
v 0.733100 0.403701 15.150300
v 0.722500 0.405201 15.115100
v 0.717100 0.408901 15.115300
v 0.726600 0.400701 15.115400
v 0.736600 0.394901 15.152300
v 0.735700 0.399201 15.151300
v 0.730200 0.391601 15.116600
v 0.729200 0.396001 15.115900
v 0.721100 0.392801 15.072900
v 0.722000 0.388201 15.073200
v 0.718500 0.397701 15.072800
v 0.708900 0.406201 15.073600
v 0.714400 0.402401 15.073000
v 0.678200 0.409001 15.080200
v 0.686500 0.409901 15.078300
v 0.686800 0.411501 15.121200
v 0.695000 0.412401 15.119400
v 0.694600 0.409901 15.076400
v 0.703000 0.412401 15.117700
v 0.693800 0.414101 15.154700
v 0.701900 0.415001 15.152900
v 0.709700 0.414901 15.151300
v 0.717100 0.413801 15.150100
v 0.710500 0.411201 15.116300
v 0.702200 0.408701 15.074800
v 0.672000 0.406401 15.160000
v 0.666900 0.402201 15.162000
v 0.678500 0.409801 15.158200
v 0.664500 0.403701 15.126400
v 0.659200 0.399401 15.128100
v 0.671200 0.407201 15.124700
v 0.685900 0.412301 15.156400
v 0.678700 0.409801 15.122900
v 0.669900 0.407201 15.081900
v 0.662200 0.404501 15.083600
v 0.649900 0.396601 15.086600
v 0.655400 0.401001 15.085100
v 0.644600 0.375801 15.090300
v 0.643600 0.380201 15.090000
v 0.654300 0.379401 15.133300
v 0.653200 0.383601 15.132700
v 0.644100 0.385601 15.089200
v 0.653600 0.388801 15.131400
v 0.662300 0.383001 15.168600
v 0.661200 0.387101 15.167700
v 0.661500 0.392101 15.166100
v 0.663400 0.397301 15.164100
v 0.655600 0.394201 15.129800
v 0.646200 0.391201 15.088000
v 0.673000 0.378501 15.167100
v 0.677900 0.379401 15.165800
v 0.668500 0.378701 15.168100
v 0.665100 0.374701 15.131200
v 0.670100 0.375701 15.129900
v 0.660600 0.375001 15.132300
v 0.664900 0.380201 15.168700
v 0.656900 0.376501 15.133100
v 0.647200 0.372801 15.089800
v 0.650900 0.371301 15.088900
v 0.660600 0.372001 15.086400
v 0.655500 0.371001 15.087700
v 0.683700 0.380901 15.081600
v 0.677400 0.379201 15.082900
v 0.692600 0.384501 15.124900
v 0.686500 0.382801 15.126200
v 0.671500 0.376801 15.084100
v 0.680700 0.380401 15.127400
v 0.699800 0.388201 15.160500
v 0.693900 0.386601 15.161800
v 0.688300 0.384101 15.163100
v 0.683000 0.381501 15.164500
v 0.675300 0.377801 15.128700
v 0.665900 0.374101 15.085200
v 0.719100 0.386901 15.156600
v 0.724800 0.386401 15.155500
v 0.712800 0.387701 15.157800
v 0.712200 0.383201 15.120600
v 0.718000 0.382801 15.119400
v 0.705800 0.384001 15.121900
v 0.706200 0.388401 15.159100
v 0.699100 0.384701 15.123400
v 0.690300 0.381101 15.080100
v 0.697000 0.380401 15.078400
v 0.709500 0.379301 15.075600
v 0.703500 0.379601 15.076900
v 0.721000 0.384501 15.073600
v 0.729300 0.388001 15.117200
v 0.718400 0.381801 15.074000
v 0.726800 0.385301 15.117800
v 0.735800 0.391401 15.153200
v 0.733400 0.388801 15.153900
v 0.729700 0.387101 15.154700
v 0.723000 0.383501 15.118500
v 0.714500 0.380001 15.074600
v 0.640500 0.395401 14.722500
v 0.634800 0.399601 14.724000
v 0.644700 0.390301 14.721400
v 0.628100 0.397801 14.670100
v 0.622500 0.401901 14.671500
v 0.632400 0.392701 14.669100
v 0.648100 0.380001 14.720100
v 0.647300 0.385001 14.720600
v 0.635800 0.382501 14.668000
v 0.635000 0.387401 14.668400
v 0.623100 0.390201 14.619200
v 0.623900 0.385401 14.618900
v 0.620500 0.395501 14.619800
v 0.610700 0.404501 14.622000
v 0.616300 0.400401 14.620700
v 0.579000 0.407601 14.629700
v 0.587600 0.408501 14.627700
v 0.590400 0.404901 14.679500
v 0.599100 0.405901 14.677400
v 0.596000 0.408401 14.625600
v 0.607600 0.405801 14.675300
v 0.602400 0.402701 14.732100
v 0.611200 0.403601 14.730000
v 0.619800 0.403601 14.727900
v 0.627800 0.402301 14.725800
v 0.615500 0.404601 14.673300
v 0.603800 0.407201 14.623700
v 0.578100 0.394101 14.736700
v 0.572200 0.389301 14.737700
v 0.585400 0.397901 14.735500
v 0.566400 0.396501 14.684100
v 0.560600 0.391701 14.685200
v 0.573600 0.400301 14.682800
v 0.593600 0.400801 14.733900
v 0.581800 0.403101 14.681300
v 0.570500 0.405701 14.631500
v 0.562500 0.402901 14.633000
v 0.549600 0.394501 14.635500
v 0.555400 0.399201 14.634400
v 0.543700 0.372301 14.636600
v 0.542700 0.377001 14.636900
v 0.554400 0.369201 14.685900
v 0.553500 0.374001 14.686400
v 0.543300 0.382701 14.636800
v 0.554100 0.379801 14.686300
v 0.566000 0.366601 14.738200
v 0.565000 0.371401 14.738700
v 0.565700 0.377301 14.738800
v 0.568100 0.383501 14.738400
v 0.556500 0.385901 14.685900
v 0.545600 0.388801 14.636300
v 0.577300 0.361601 14.734600
v 0.582700 0.362601 14.733200
v 0.572400 0.361801 14.736000
v 0.565700 0.364201 14.682400
v 0.571000 0.365201 14.681100
v 0.560900 0.364501 14.683800
v 0.568600 0.363401 14.737300
v 0.557000 0.366101 14.685000
v 0.546200 0.369201 14.635700
v 0.550100 0.367601 14.634600
v 0.560100 0.368301 14.632000
v 0.554800 0.367401 14.633300
v 0.584200 0.376801 14.627500
v 0.577700 0.375201 14.628800
v 0.595500 0.373901 14.676700
v 0.588900 0.372301 14.678000
v 0.571500 0.372901 14.629900
v 0.582600 0.369901 14.679000
v 0.607400 0.371401 14.728900
v 0.600700 0.369801 14.730200
v 0.594400 0.367301 14.731200
v 0.588400 0.364701 14.732200
v 0.576700 0.367301 14.680000
v 0.565600 0.370401 14.630900
v 0.628500 0.370501 14.723200
v 0.634700 0.370301 14.721700
v 0.621600 0.371201 14.725100
v 0.616400 0.373001 14.671200
v 0.622600 0.372801 14.669600
v 0.609600 0.373701 14.673000
v 0.614500 0.371701 14.727100
v 0.602500 0.374201 14.674900
v 0.591100 0.377101 14.625800
v 0.598100 0.376601 14.624000
v 0.610900 0.375801 14.620700
v 0.604800 0.376001 14.622200
v 0.622900 0.381501 14.618800
v 0.634800 0.378501 14.667800
v 0.620200 0.378601 14.619100
v 0.632000 0.375601 14.668000
v 0.647100 0.376001 14.719900
v 0.644300 0.373001 14.720000
v 0.640100 0.371101 14.720600
v 0.627900 0.373701 14.668600
v 0.616200 0.376701 14.619700
v 0.384400 0.162801 13.466600
v 0.388800 0.159201 13.467000
v 0.388200 0.200401 13.503500
v 0.393000 0.196501 13.503800
v 0.392600 0.154801 13.467700
v 0.397000 0.191701 13.504500
v 0.393400 0.239101 13.549000
v 0.398500 0.234801 13.549300
v 0.402800 0.229601 13.549900
v 0.408000 0.217601 13.552200
v 0.406000 0.223901 13.550900
v 0.401900 0.180501 13.506800
v 0.400000 0.186301 13.505500
v 0.397200 0.144601 13.470100
v 0.395400 0.149901 13.468800
v 0.362300 0.167601 13.468800
v 0.368000 0.168001 13.467700
v 0.364300 0.205701 13.506200
v 0.370400 0.206101 13.505000
v 0.373700 0.167301 13.467000
v 0.376600 0.205301 13.504100
v 0.368000 0.244801 13.552000
v 0.374600 0.245201 13.550700
v 0.381200 0.244301 13.549800
v 0.387500 0.242301 13.549200
v 0.382600 0.203401 13.503700
v 0.379300 0.165601 13.466600
v 0.350800 0.236201 13.557300
v 0.346700 0.231401 13.559300
v 0.355900 0.240201 13.555300
v 0.348200 0.197801 13.511200
v 0.344300 0.193201 13.513200
v 0.352900 0.201401 13.509300
v 0.361700 0.243101 13.553600
v 0.358400 0.204101 13.507600
v 0.356800 0.166201 13.470200
v 0.351800 0.163701 13.471800
v 0.343800 0.156201 13.475500
v 0.347400 0.160301 13.473600
v 0.341200 0.213201 13.565100
v 0.341900 0.206801 13.566700
v 0.341800 0.219601 13.563300
v 0.339200 0.176301 13.518900
v 0.339900 0.170301 13.520500
v 0.339800 0.182301 13.517100
v 0.343600 0.225801 13.561300
v 0.341500 0.188001 13.515200
v 0.341300 0.151401 13.477400
v 0.339700 0.146201 13.479300
v 0.339900 0.135201 13.482800
v 0.339200 0.140701 13.481100
v 0.351400 0.189601 13.569600
v 0.356600 0.185301 13.569900
v 0.347200 0.194801 13.569000
v 0.348900 0.154301 13.523600
v 0.353700 0.150301 13.523900
v 0.344900 0.159101 13.522900
v 0.344000 0.200601 13.568000
v 0.341800 0.164501 13.521900
v 0.341700 0.129901 13.484100
v 0.344500 0.125001 13.485200
v 0.352700 0.116901 13.486300
v 0.348200 0.120601 13.485900
v 0.375400 0.179201 13.568200
v 0.382000 0.179601 13.566900
v 0.368800 0.180101 13.569100
v 0.371400 0.144701 13.522400
v 0.377600 0.145001 13.521300
v 0.365200 0.145501 13.523300
v 0.362400 0.182101 13.569700
v 0.359200 0.147401 13.523800
v 0.357800 0.114201 13.486300
v 0.363300 0.112501 13.485900
v 0.374800 0.112101 13.484100
v 0.369100 0.111801 13.485200
v 0.393200 0.123601 13.477300
v 0.389600 0.119501 13.479300
v 0.397500 0.157501 13.514200
v 0.393600 0.153001 13.516200
v 0.385200 0.116101 13.481100
v 0.388900 0.149301 13.518000
v 0.403300 0.193001 13.559600
v 0.399100 0.188201 13.561600
v 0.394000 0.184201 13.563600
v 0.388300 0.181301 13.565400
v 0.383500 0.146601 13.519800
v 0.380200 0.113601 13.482700
v 0.397800 0.139101 13.471700
v 0.402600 0.174501 13.508400
v 0.397300 0.133601 13.473500
v 0.402000 0.168501 13.510200
v 0.408700 0.211201 13.553700
v 0.408100 0.204801 13.555600
v 0.406300 0.198601 13.557500
v 0.400300 0.162801 13.512200
v 0.395800 0.128401 13.475400
v 0.352900 0.063301 13.398900
v 0.355900 0.062801 13.396600
v 0.353100 0.058801 13.399200
v 0.356400 0.057901 13.396900
v 0.362800 0.064101 13.394300
v 0.359300 0.063301 13.395200
v 0.363700 0.059001 13.394600
v 0.360000 0.058301 13.395500
v 0.360800 0.054301 13.397000
v 0.364700 0.055001 13.396100
v 0.357000 0.054101 13.398300
v 0.353400 0.055101 13.400600
v 0.373500 0.066701 13.394300
v 0.374900 0.062401 13.394400
v 0.370200 0.065101 13.393500
v 0.371300 0.060401 13.393700
v 0.377400 0.055701 13.397300
v 0.376200 0.058901 13.395500
v 0.373700 0.053401 13.396800
v 0.372500 0.056701 13.394900
v 0.368700 0.055601 13.395200
v 0.369700 0.052201 13.397200
v 0.367600 0.059501 13.393900
v 0.366500 0.064501 13.393600
v 0.370700 0.048701 13.399200
v 0.374500 0.050101 13.398700
v 0.371500 0.045901 13.401500
v 0.375100 0.047301 13.401000
v 0.378100 0.052501 13.399100
v 0.378400 0.049801 13.401200
v 0.378600 0.048301 13.403900
v 0.375600 0.045801 13.403800
v 0.372300 0.044301 13.404500
v 0.340000 -0.073899 13.405400
v 0.339200 -0.078999 13.408000
v 0.337400 -0.075999 13.409400
v 0.339100 -0.070199 13.405300
v 0.338800 -0.089499 13.414700
v 0.336600 -0.086399 13.416500
v 0.336200 -0.072399 13.410700
v 0.338200 -0.066199 13.406100
v 0.335000 -0.082799 13.418400
v 0.339400 -0.106499 13.426900
v 0.341100 -0.131299 13.446000
v 0.338100 -0.127499 13.448000
v 0.336700 -0.103099 13.428900
v 0.336100 -0.123099 13.450100
v 0.334900 -0.099199 13.431000
v 0.334800 -0.113499 13.454100
v 0.333800 -0.090699 13.434900
v 0.333900 -0.095099 13.433000
v 0.334900 -0.118399 13.452200
v 0.334100 -0.075199 13.422100
v 0.334100 -0.079099 13.420300
v 0.335600 -0.065399 13.414300
v 0.337900 -0.059499 13.409600
v 0.337800 -0.062699 13.407700
v 0.335500 -0.068799 13.412400
v 0.351600 -0.073099 13.398900
v 0.352200 -0.081999 13.402000
v 0.348400 -0.081699 13.403000
v 0.348000 -0.072799 13.399800
v 0.353500 -0.094799 13.408800
v 0.349300 -0.094399 13.409900
v 0.344800 -0.080999 13.404400
v 0.344600 -0.072499 13.401200
v 0.345300 -0.093299 13.411200
v 0.355700 -0.113199 13.420800
v 0.359300 -0.138799 13.439500
v 0.354100 -0.138199 13.440700
v 0.351100 -0.112699 13.421900
v 0.349300 -0.136699 13.442200
v 0.346700 -0.111399 13.423400
v 0.342700 -0.109299 13.425100
v 0.344900 -0.134399 13.444000
v 0.341800 -0.091699 13.412900
v 0.341800 -0.072999 13.403200
v 0.341700 -0.080399 13.406200
v 0.355400 -0.072799 13.398300
v 0.356100 -0.081699 13.401400
v 0.359000 -0.072699 13.398300
v 0.359900 -0.081099 13.401300
v 0.357700 -0.094499 13.408200
v 0.361900 -0.093399 13.407900
v 0.362400 -0.073099 13.399100
v 0.364900 -0.074099 13.400400
v 0.366500 -0.079199 13.402500
v 0.363500 -0.080499 13.401800
v 0.369300 -0.089699 13.408600
v 0.365800 -0.091899 13.408100
v 0.378700 -0.131599 13.438400
v 0.374400 -0.134599 13.438000
v 0.369400 -0.109499 13.419700
v 0.373300 -0.106799 13.420100
v 0.369600 -0.136899 13.438100
v 0.365100 -0.111499 13.419700
v 0.364500 -0.138299 13.438600
v 0.360400 -0.112799 13.420100
v 0.365700 -0.070399 13.400000
v 0.368800 -0.076299 13.403100
v 0.366900 -0.066399 13.400300
v 0.370400 -0.072599 13.403800
v 0.372200 -0.086699 13.409400
v 0.374400 -0.083099 13.410400
v 0.367900 -0.062999 13.401600
v 0.368600 -0.059799 13.403400
v 0.372500 -0.065699 13.406900
v 0.371800 -0.069099 13.405100
v 0.376800 -0.075599 13.413600
v 0.375900 -0.079399 13.411900
v 0.387900 -0.113899 13.443400
v 0.387000 -0.118799 13.441700
v 0.380900 -0.095399 13.423500
v 0.381700 -0.091099 13.425200
v 0.385000 -0.123499 13.440300
v 0.379100 -0.099599 13.422100
v 0.382200 -0.127799 13.439100
v 0.376600 -0.103399 13.420900
v 0.368700 -0.056599 13.405400
v 0.372500 -0.062199 13.408700
v 0.368400 -0.053899 13.407500
v 0.372000 -0.059199 13.410800
v 0.376700 -0.071699 13.415500
v 0.375900 -0.068099 13.417400
v 0.367900 -0.052399 13.410000
v 0.367400 -0.052099 13.412300
v 0.369200 -0.054799 13.415000
v 0.370900 -0.056799 13.413000
v 0.372100 -0.061999 13.421400
v 0.374400 -0.064899 13.419500
v 0.381600 -0.096199 13.451600
v 0.384500 -0.099999 13.449500
v 0.378800 -0.078699 13.431200
v 0.376200 -0.075299 13.433100
v 0.386600 -0.104399 13.447400
v 0.380700 -0.082599 13.429100
v 0.387800 -0.109099 13.445300
v 0.381700 -0.086799 13.427100
v 0.365200 -0.049699 13.412100
v 0.366600 -0.052499 13.416200
v 0.362000 -0.047599 13.412400
v 0.363300 -0.050499 13.417100
v 0.369100 -0.059499 13.423100
v 0.365500 -0.057599 13.424500
v 0.358600 -0.046499 13.413300
v 0.354900 -0.046199 13.414200
v 0.355900 -0.048999 13.419100
v 0.359700 -0.049399 13.418100
v 0.357400 -0.055999 13.426900
v 0.361600 -0.056399 13.425800
v 0.363400 -0.088699 13.458100
v 0.368500 -0.089199 13.456800
v 0.364400 -0.069199 13.438100
v 0.359800 -0.068699 13.439300
v 0.373400 -0.090699 13.455300
v 0.368800 -0.070499 13.436700
v 0.377800 -0.092999 13.453500
v 0.372800 -0.072599 13.435000
v 0.342600 -0.051899 13.417200
v 0.341900 -0.054599 13.420400
v 0.344800 -0.052299 13.420500
v 0.344600 -0.049499 13.416200
v 0.341600 -0.061799 13.427500
v 0.345100 -0.059299 13.427900
v 0.348200 -0.050399 13.420100
v 0.347700 -0.047499 13.415300
v 0.349000 -0.057499 13.427900
v 0.342200 -0.075099 13.440000
v 0.344000 -0.095899 13.459100
v 0.348300 -0.092799 13.459400
v 0.346100 -0.072299 13.440400
v 0.353100 -0.090499 13.459400
v 0.350500 -0.070299 13.440400
v 0.355100 -0.069099 13.440000
v 0.358200 -0.089099 13.458900
v 0.353100 -0.056399 13.427500
v 0.351200 -0.046399 13.414700
v 0.352000 -0.049299 13.419700
v 0.336300 -0.061899 13.416000
v 0.338600 -0.056299 13.411400
v 0.334900 -0.071399 13.423800
v 0.337700 -0.058899 13.417700
v 0.339800 -0.053699 13.413300
v 0.336500 -0.067799 13.425300
v 0.335700 -0.108699 13.455800
v 0.334600 -0.086399 13.436600
v 0.337600 -0.103999 13.457200
v 0.336400 -0.082199 13.438000
v 0.339000 -0.078399 13.439100
v 0.340400 -0.099599 13.458300
v 0.338800 -0.064599 13.426600
v 0.341200 -0.052199 13.415400
v 0.339600 -0.056599 13.419300
v 0.364700 -0.049199 13.408800
v 0.364800 -0.050499 13.406000
v 0.361400 -0.047099 13.408800
v 0.361100 -0.048499 13.405800
v 0.364700 -0.056199 13.401700
v 0.364800 -0.052999 13.403800
v 0.360600 -0.054399 13.401300
v 0.360900 -0.051099 13.403400
v 0.352500 -0.053799 13.402500
v 0.353000 -0.050299 13.404700
v 0.357000 -0.050399 13.403900
v 0.356600 -0.053799 13.401700
v 0.353500 -0.047499 13.407300
v 0.357300 -0.047599 13.406400
v 0.354100 -0.045899 13.410300
v 0.357800 -0.046099 13.409400
v 0.690000 -0.476999 15.219900
v 0.693800 -0.479199 15.220000
v 0.693900 -0.478099 15.224800
v 0.688800 -0.475399 15.223100
v 0.699500 -0.481499 15.219600
v 0.700100 -0.480699 15.224900
v 0.693600 -0.475999 15.228700
v 0.687800 -0.472799 15.226600
v 0.700400 -0.478999 15.229100
v 0.706400 -0.482999 15.218500
v 0.713800 -0.483599 15.217000
v 0.714900 -0.483199 15.222500
v 0.707300 -0.482499 15.224000
v 0.715800 -0.482099 15.226800
v 0.707900 -0.481099 15.228300
v 0.716800 -0.478099 15.231900
v 0.708800 -0.476899 15.233400
v 0.708400 -0.479199 15.231500
v 0.716500 -0.480299 15.230000
v 0.701100 -0.474099 15.234100
v 0.700700 -0.476599 15.232200
v 0.694100 -0.470399 15.233500
v 0.688000 -0.466299 15.231200
v 0.687500 -0.469599 15.229400
v 0.693600 -0.473299 15.231700
v 0.474500 -0.427499 14.145400
v 0.470600 -0.422499 14.147400
v 0.457300 -0.414099 14.086900
v 0.461300 -0.419399 14.084800
v 0.467900 -0.416699 14.149300
v 0.454500 -0.408099 14.088900
v 0.443500 -0.403299 14.021100
v 0.447500 -0.408599 14.018900
v 0.440500 -0.397099 14.023300
v 0.466300 -0.410499 14.151100
v 0.465900 -0.404099 14.152700
v 0.452500 -0.394999 14.092600
v 0.452800 -0.401699 14.090900
v 0.438600 -0.383699 14.027200
v 0.438900 -0.390499 14.025300
v 0.409600 -0.354099 13.886100
v 0.409900 -0.361099 13.884200
v 0.424500 -0.376999 13.955900
v 0.424200 -0.370099 13.957900
v 0.411600 -0.367799 13.882000
v 0.426200 -0.383699 13.953800
v 0.414600 -0.373999 13.879700
v 0.418700 -0.379499 13.877400
v 0.433300 -0.395299 13.949300
v 0.429200 -0.389899 13.951600
v 0.497500 -0.437399 14.138500
v 0.491100 -0.436699 14.140000
v 0.478600 -0.428899 14.078900
v 0.485300 -0.429599 14.077400
v 0.484900 -0.434799 14.141700
v 0.472200 -0.426899 14.080700
v 0.465200 -0.418299 14.012800
v 0.472100 -0.419099 14.011300
v 0.458700 -0.416299 14.014700
v 0.479300 -0.431699 14.143500
v 0.466400 -0.423599 14.082700
v 0.452700 -0.412999 14.016700
v 0.424000 -0.383999 13.875100
v 0.438500 -0.399799 13.947100
v 0.430100 -0.387299 13.873000
v 0.444500 -0.403099 13.945000
v 0.436800 -0.389399 13.871100
v 0.443800 -0.390199 13.869500
v 0.458100 -0.405899 13.941500
v 0.451200 -0.405199 13.943100
v 0.492100 -0.428999 14.076200
v 0.504100 -0.436799 14.137400
v 0.479000 -0.418499 14.010100
v 0.498700 -0.427099 14.075400
v 0.510400 -0.434999 14.136500
v 0.485800 -0.416499 14.009200
v 0.450900 -0.389499 13.868300
v 0.465200 -0.405299 13.940300
v 0.457800 -0.387499 13.867400
v 0.472100 -0.403299 13.939500
v 0.470100 -0.379899 13.867100
v 0.484300 -0.395699 13.939100
v 0.478500 -0.400099 13.939000
v 0.464300 -0.384299 13.867000
v 0.497800 -0.408999 14.008800
v 0.492200 -0.413299 14.008800
v 0.510400 -0.419799 14.074900
v 0.521600 -0.427899 14.136000
v 0.516300 -0.431999 14.136100
v 0.504900 -0.423999 14.074900
v 0.515000 -0.414599 14.075300
v 0.526000 -0.422899 14.136300
v 0.502500 -0.403699 14.009200
v 0.518500 -0.408599 14.076100
v 0.529400 -0.417199 14.136900
v 0.506100 -0.397699 14.010100
v 0.474900 -0.374499 13.867600
v 0.489000 -0.390399 13.939500
v 0.478600 -0.368299 13.868500
v 0.492700 -0.384199 13.940400
v 0.482300 -0.354699 13.871500
v 0.496300 -0.370699 13.943300
v 0.495200 -0.377599 13.941700
v 0.481100 -0.361599 13.869800
v 0.509700 -0.384299 14.012900
v 0.508600 -0.391099 14.011300
v 0.521900 -0.395499 14.078600
v 0.532600 -0.404599 14.139200
v 0.531600 -0.410999 14.137900
v 0.520800 -0.402199 14.077200
v 0.521600 -0.388799 14.080400
v 0.532300 -0.398099 14.140800
v 0.509300 -0.377399 14.014700
v 0.520000 -0.382399 14.082300
v 0.530700 -0.391899 14.142600
v 0.507700 -0.370799 14.016800
v 0.482000 -0.347699 13.873500
v 0.496000 -0.363699 13.945300
v 0.480300 -0.340999 13.875600
v 0.494300 -0.357099 13.947400
v 0.473200 -0.329299 13.880200
v 0.487200 -0.345399 13.951900
v 0.491400 -0.350899 13.949600
v 0.477300 -0.334799 13.877900
v 0.500700 -0.359299 14.021100
v 0.504800 -0.364699 14.018900
v 0.513100 -0.371199 14.086500
v 0.524100 -0.381099 14.146500
v 0.527900 -0.386199 14.144500
v 0.517100 -0.376399 14.084400
v 0.508100 -0.366899 14.088600
v 0.519300 -0.376999 14.148400
v 0.495500 -0.354999 14.023300
v 0.502200 -0.363699 14.090500
v 0.513600 -0.373899 14.150200
v 0.489600 -0.351699 14.025300
v 0.467900 -0.324799 13.882500
v 0.482000 -0.340999 13.954100
v 0.461800 -0.321499 13.884600
v 0.476000 -0.337699 13.956200
v 0.448100 -0.318599 13.888200
v 0.462400 -0.334799 13.959700
v 0.469300 -0.335599 13.958100
v 0.455100 -0.319399 13.886500
v 0.476100 -0.348799 14.028800
v 0.483000 -0.349599 14.027200
v 0.489100 -0.360899 14.093800
v 0.501000 -0.371199 14.153400
v 0.507500 -0.371899 14.151900
v 0.495800 -0.361699 14.092300
v 0.476900 -0.380699 14.155900
v 0.482200 -0.376699 14.155800
v 0.469500 -0.366599 14.096300
v 0.464000 -0.370799 14.096300
v 0.488200 -0.373699 14.155400
v 0.475700 -0.363499 14.095800
v 0.456100 -0.354699 14.031300
v 0.450400 -0.358899 14.031300
v 0.462400 -0.351499 14.030800
v 0.494500 -0.371799 14.154500
v 0.482300 -0.361499 14.095000
v 0.469200 -0.349499 14.030000
v 0.441000 -0.319299 13.889400
v 0.455300 -0.335499 13.960900
v 0.434100 -0.321299 13.890200
v 0.448400 -0.337499 13.961800
v 0.427600 -0.324499 13.890600
v 0.421800 -0.328899 13.890600
v 0.436300 -0.344999 13.962200
v 0.442000 -0.340699 13.962200
v 0.466900 -0.397599 14.154000
v 0.453600 -0.388299 14.094100
v 0.469200 -0.391399 14.155000
v 0.455900 -0.381899 14.095200
v 0.439700 -0.376899 14.028700
v 0.442100 -0.370299 14.030000
v 0.472600 -0.385699 14.155600
v 0.459500 -0.375999 14.096000
v 0.445700 -0.364199 14.030800
v 0.417000 -0.334299 13.890100
v 0.431500 -0.350399 13.961700
v 0.413300 -0.340499 13.889100
v 0.427800 -0.356499 13.960800
v 0.410800 -0.347099 13.887800
v 0.425400 -0.363199 13.959500
v 0.515200 -0.438699 14.311600
v 0.512400 -0.435099 14.312600
v 0.504400 -0.434299 14.284900
v 0.507400 -0.438299 14.283600
v 0.510400 -0.430999 14.313600
v 0.502100 -0.429699 14.286100
v 0.494500 -0.432199 14.247400
v 0.497900 -0.436599 14.245900
v 0.492100 -0.427099 14.248900
v 0.509200 -0.426599 14.314400
v 0.508900 -0.421999 14.315100
v 0.500500 -0.419599 14.288000
v 0.500800 -0.424699 14.287100
v 0.490300 -0.416099 14.251300
v 0.490600 -0.421699 14.250200
v 0.479000 -0.417099 14.204500
v 0.478700 -0.410999 14.205900
v 0.480500 -0.422899 14.202900
v 0.486800 -0.433099 14.199500
v 0.483100 -0.428399 14.201300
v 0.531400 -0.445699 14.307400
v 0.526900 -0.445199 14.308300
v 0.520600 -0.445599 14.279800
v 0.525600 -0.446099 14.278700
v 0.522600 -0.443799 14.309400
v 0.515700 -0.443999 14.281000
v 0.512300 -0.444599 14.241500
v 0.517900 -0.445199 14.240300
v 0.507000 -0.442899 14.242900
v 0.518600 -0.441599 14.310500
v 0.511300 -0.441599 14.282300
v 0.502100 -0.440199 14.244400
v 0.491300 -0.436999 14.197700
v 0.496600 -0.439899 14.196100
v 0.508500 -0.442499 14.193200
v 0.502400 -0.441799 14.194500
v 0.530800 -0.445599 14.277700
v 0.536000 -0.445299 14.306500
v 0.523600 -0.444699 14.239200
v 0.535700 -0.444199 14.277000
v 0.540400 -0.443899 14.305800
v 0.529100 -0.442999 14.238400
v 0.514600 -0.441899 14.192100
v 0.520600 -0.440099 14.191300
v 0.531100 -0.433499 14.190600
v 0.526100 -0.437299 14.190800
v 0.538700 -0.436899 14.237700
v 0.534200 -0.440399 14.237900
v 0.544500 -0.438599 14.276200
v 0.548100 -0.438899 14.304900
v 0.544500 -0.441799 14.305300
v 0.540400 -0.441799 14.276500
v 0.547800 -0.434599 14.276100
v 0.551100 -0.435399 14.304800
v 0.542500 -0.432499 14.237700
v 0.550400 -0.430099 14.276300
v 0.553400 -0.431299 14.304900
v 0.545400 -0.427499 14.238100
v 0.535200 -0.428799 14.190800
v 0.538300 -0.423399 14.191300
v 0.541400 -0.411499 14.193200
v 0.540400 -0.417499 14.192100
v 0.548100 -0.416499 14.239700
v 0.547300 -0.422099 14.238800
v 0.552800 -0.420099 14.277500
v 0.555500 -0.422499 14.305700
v 0.554900 -0.426999 14.305200
v 0.552100 -0.425199 14.276800
v 0.552500 -0.414999 14.278400
v 0.555200 -0.417999 14.306400
v 0.547800 -0.410899 14.240800
v 0.551200 -0.410099 14.279400
v 0.554000 -0.413699 14.307200
v 0.546400 -0.405499 14.242100
v 0.541000 -0.405399 14.194600
v 0.539500 -0.399499 14.196200
v 0.533300 -0.389299 14.199600
v 0.536900 -0.394099 14.197900
v 0.540500 -0.396099 14.245100
v 0.543900 -0.400499 14.243600
v 0.545900 -0.401599 14.281900
v 0.549200 -0.406299 14.309200
v 0.552000 -0.409799 14.308200
v 0.549000 -0.405599 14.280600
v 0.542000 -0.398399 14.283200
v 0.545800 -0.403499 14.310300
v 0.536300 -0.392499 14.246600
v 0.537600 -0.395999 14.284500
v 0.541800 -0.401299 14.311400
v 0.531400 -0.389799 14.248100
v 0.528700 -0.385399 14.201400
v 0.523400 -0.382499 14.203100
v 0.511500 -0.379999 14.206000
v 0.517600 -0.380599 14.204600
v 0.520500 -0.387399 14.250700
v 0.526100 -0.388099 14.249500
v 0.527700 -0.393799 14.286800
v 0.533000 -0.399399 14.313400
v 0.537500 -0.399999 14.312400
v 0.532800 -0.394399 14.285700
v 0.516300 -0.405499 14.315900
v 0.519900 -0.402799 14.315500
v 0.513000 -0.397999 14.289000
v 0.508900 -0.401099 14.289300
v 0.524000 -0.400799 14.315000
v 0.517600 -0.395699 14.288500
v 0.504200 -0.392199 14.253000
v 0.499700 -0.395699 14.253300
v 0.509300 -0.389599 14.252500
v 0.528400 -0.399699 14.314300
v 0.522600 -0.394299 14.287700
v 0.514800 -0.387999 14.251700
v 0.505400 -0.380599 14.207000
v 0.499400 -0.382299 14.207900
v 0.488900 -0.388899 14.208500
v 0.493900 -0.385099 14.208400
v 0.509500 -0.417399 14.315600
v 0.501200 -0.414499 14.288700
v 0.511000 -0.412999 14.315900
v 0.502900 -0.409599 14.289200
v 0.491100 -0.410399 14.252200
v 0.493000 -0.404999 14.252800
v 0.513300 -0.408999 14.316000
v 0.505500 -0.405099 14.289400
v 0.495900 -0.399999 14.253200
v 0.484800 -0.393699 14.208300
v 0.481700 -0.399099 14.207800
v 0.479600 -0.404899 14.207000
v 0.395000 -0.335699 13.813500
v 0.395300 -0.342699 13.811500
v 0.380800 -0.313899 13.742300
v 0.381100 -0.320899 13.740300
v 0.397000 -0.349399 13.809300
v 0.382800 -0.327599 13.738100
v 0.367900 -0.288099 13.674900
v 0.356800 -0.257299 13.613800
v 0.357100 -0.263999 13.611800
v 0.368200 -0.294999 13.672900
v 0.358700 -0.270499 13.609600
v 0.369900 -0.301599 13.670700
v 0.365600 -0.281699 13.605000
v 0.376900 -0.313199 13.666000
v 0.372800 -0.307799 13.668400
v 0.361600 -0.276499 13.607300
v 0.390000 -0.339399 13.733400
v 0.385800 -0.333899 13.735700
v 0.404100 -0.361199 13.804600
v 0.399900 -0.355699 13.807000
v 0.409400 -0.365599 13.802400
v 0.395200 -0.343799 13.731100
v 0.415500 -0.368999 13.800200
v 0.401400 -0.347199 13.729000
v 0.370600 -0.285999 13.602700
v 0.382100 -0.317599 13.663800
v 0.376500 -0.289199 13.600600
v 0.388200 -0.320899 13.661600
v 0.389800 -0.291999 13.597200
v 0.401800 -0.323799 13.658100
v 0.394800 -0.322999 13.659700
v 0.383000 -0.291299 13.598700
v 0.415100 -0.350099 13.725400
v 0.408100 -0.349299 13.727000
v 0.429300 -0.371899 13.796700
v 0.422200 -0.371099 13.798300
v 0.436400 -0.371199 13.795400
v 0.422300 -0.349399 13.724200
v 0.443400 -0.369199 13.794600
v 0.429200 -0.347399 13.723300
v 0.396700 -0.291399 13.596000
v 0.408900 -0.323099 13.656900
v 0.403400 -0.289499 13.595200
v 0.415700 -0.321199 13.656100
v 0.415300 -0.282099 13.594900
v 0.428000 -0.313599 13.655800
v 0.422200 -0.317899 13.655700
v 0.409700 -0.286299 13.594800
v 0.441600 -0.339799 13.723000
v 0.435800 -0.344199 13.722900
v 0.455700 -0.361599 13.794300
v 0.449900 -0.365999 13.794200
v 0.460600 -0.356099 13.794800
v 0.446400 -0.334399 13.723500
v 0.464300 -0.349899 13.795700
v 0.450100 -0.328199 13.724500
v 0.420000 -0.276899 13.595500
v 0.432700 -0.308299 13.656300
v 0.423600 -0.270999 13.596500
v 0.436400 -0.302199 13.657300
v 0.427100 -0.257899 13.599600
v 0.440100 -0.288599 13.660400
v 0.438900 -0.295499 13.658700
v 0.426000 -0.264599 13.597900
v 0.453800 -0.314499 13.727600
v 0.452600 -0.321499 13.725900
v 0.468000 -0.336199 13.798800
v 0.466800 -0.343199 13.797100
v 0.467700 -0.329199 13.800800
v 0.453500 -0.307499 13.729600
v 0.466000 -0.322499 13.803000
v 0.451800 -0.300799 13.731800
v 0.426900 -0.251199 13.601600
v 0.439800 -0.281699 13.662400
v 0.425300 -0.244699 13.603800
v 0.438100 -0.275099 13.664600
v 0.418400 -0.233399 13.608500
v 0.431100 -0.263499 13.669300
v 0.435200 -0.268899 13.666900
v 0.422400 -0.238699 13.606100
v 0.444700 -0.288999 13.736500
v 0.448800 -0.294499 13.734100
v 0.458800 -0.310699 13.807600
v 0.463000 -0.316199 13.805300
v 0.453600 -0.306199 13.809900
v 0.439400 -0.284599 13.738800
v 0.447400 -0.302899 13.812100
v 0.433300 -0.281199 13.741000
v 0.413300 -0.229099 13.610700
v 0.425900 -0.259099 13.671600
v 0.407400 -0.225899 13.612800
v 0.419800 -0.255799 13.673700
v 0.394200 -0.223099 13.616300
v 0.406200 -0.252899 13.677300
v 0.413200 -0.253699 13.675600
v 0.401000 -0.223899 13.614700
v 0.419500 -0.278299 13.744500
v 0.426600 -0.279099 13.742900
v 0.433700 -0.299999 13.815600
v 0.440700 -0.300799 13.814000
v 0.426500 -0.300699 13.816900
v 0.412400 -0.278999 13.745700
v 0.419500 -0.302699 13.817700
v 0.405400 -0.280999 13.746600
v 0.387300 -0.223799 13.617500
v 0.399100 -0.253599 13.678500
v 0.380600 -0.225699 13.618200
v 0.392200 -0.255599 13.679300
v 0.368700 -0.232999 13.618500
v 0.380000 -0.263099 13.679600
v 0.385800 -0.258799 13.679600
v 0.374300 -0.228799 13.618600
v 0.393100 -0.288599 13.746900
v 0.398900 -0.284199 13.747000
v 0.407200 -0.310299 13.818000
v 0.413000 -0.305899 13.818100
v 0.402400 -0.315699 13.817500
v 0.388300 -0.293999 13.746300
v 0.398600 -0.321899 13.816500
v 0.384500 -0.300199 13.745400
v 0.364000 -0.238199 13.617900
v 0.375300 -0.268399 13.679000
v 0.360400 -0.244199 13.616900
v 0.371600 -0.274599 13.678000
v 0.369100 -0.281199 13.676600
v 0.357900 -0.250599 13.615500
v 0.382000 -0.306899 13.744000
v 0.396100 -0.328699 13.815200
v 0.518600 -0.437399 14.361300
v 0.515000 -0.433699 14.362300
v 0.517300 -0.433099 14.356900
v 0.520500 -0.436499 14.355900
v 0.512500 -0.429499 14.363300
v 0.515100 -0.429299 14.357700
v 0.520000 -0.432699 14.352200
v 0.522800 -0.435699 14.351400
v 0.518100 -0.429399 14.352900
v 0.511200 -0.425299 14.363900
v 0.511000 -0.421499 14.364300
v 0.513800 -0.421999 14.358700
v 0.513900 -0.425499 14.358300
v 0.516900 -0.422699 14.353800
v 0.517100 -0.425899 14.353500
v 0.521400 -0.423999 14.346700
v 0.521600 -0.426999 14.346300
v 0.519900 -0.426499 14.349500
v 0.519700 -0.423399 14.349800
v 0.522500 -0.430099 14.345900
v 0.520800 -0.429599 14.349000
v 0.524000 -0.432899 14.345300
v 0.526000 -0.435399 14.344600
v 0.524800 -0.435299 14.347600
v 0.522500 -0.432599 14.348400
v 0.541200 -0.443799 14.356200
v 0.534800 -0.443399 14.357500
v 0.534700 -0.441899 14.352600
v 0.540200 -0.442299 14.351400
v 0.528800 -0.442199 14.358800
v 0.529400 -0.440799 14.353700
v 0.534800 -0.440599 14.348500
v 0.539500 -0.440999 14.347500
v 0.530300 -0.439599 14.349500
v 0.523300 -0.440299 14.360100
v 0.524600 -0.438999 14.354900
v 0.526300 -0.437999 14.350500
v 0.528600 -0.437399 14.343900
v 0.527800 -0.437399 14.346800
v 0.531600 -0.438899 14.343200
v 0.531200 -0.438899 14.346000
v 0.534900 -0.439799 14.342400
v 0.538300 -0.440099 14.341700
v 0.538900 -0.440199 14.344300
v 0.534900 -0.439799 14.345100
v 0.550900 -0.435599 14.339600
v 0.553100 -0.435499 14.341900
v 0.550100 -0.437499 14.342300
v 0.548200 -0.437499 14.340000
v 0.556400 -0.435899 14.344600
v 0.552800 -0.438199 14.345100
v 0.546600 -0.438999 14.342900
v 0.545100 -0.438999 14.340400
v 0.548700 -0.439799 14.345800
v 0.560100 -0.436699 14.347900
v 0.563900 -0.437699 14.352100
v 0.559100 -0.440499 14.352800
v 0.556000 -0.439299 14.348500
v 0.553600 -0.442399 14.353800
v 0.551100 -0.440999 14.349400
v 0.545800 -0.441999 14.350300
v 0.547500 -0.443499 14.354900
v 0.544200 -0.440699 14.346600
v 0.541800 -0.439799 14.341000
v 0.542800 -0.439899 14.343600
v 0.555800 -0.424799 14.339700
v 0.558300 -0.424099 14.342000
v 0.558200 -0.426799 14.341700
v 0.555600 -0.427399 14.339500
v 0.562200 -0.423199 14.344700
v 0.562100 -0.426199 14.344400
v 0.557200 -0.429799 14.341600
v 0.554600 -0.430299 14.339400
v 0.561100 -0.429599 14.344300
v 0.566700 -0.422399 14.348000
v 0.571200 -0.421799 14.352200
v 0.571300 -0.425499 14.351900
v 0.566700 -0.425699 14.347700
v 0.570000 -0.429699 14.351700
v 0.565600 -0.429499 14.347500
v 0.563400 -0.433299 14.347600
v 0.567500 -0.433899 14.351800
v 0.559100 -0.432899 14.344300
v 0.553000 -0.433099 14.339400
v 0.555500 -0.432799 14.341700
v 0.559900 -0.416299 14.354900
v 0.563900 -0.416599 14.354100
v 0.560400 -0.417399 14.349700
v 0.556900 -0.416999 14.350500
v 0.567200 -0.417499 14.353400
v 0.563300 -0.418299 14.349100
v 0.557000 -0.418299 14.346200
v 0.554100 -0.417599 14.346800
v 0.559500 -0.419299 14.345600
v 0.569800 -0.419199 14.352700
v 0.565500 -0.419999 14.348500
v 0.561200 -0.420999 14.345100
v 0.555300 -0.422399 14.340000
v 0.557600 -0.421899 14.342300
v 0.554100 -0.420499 14.340500
v 0.556200 -0.420199 14.342800
v 0.552400 -0.418899 14.341000
v 0.550300 -0.417599 14.341500
v 0.551700 -0.417999 14.343900
v 0.554200 -0.418899 14.343300
v 0.541300 -0.417599 14.358600
v 0.546300 -0.417599 14.357600
v 0.544900 -0.417499 14.352900
v 0.540500 -0.417399 14.353800
v 0.551100 -0.417099 14.356700
v 0.549100 -0.417299 14.352000
v 0.543600 -0.417199 14.349000
v 0.539800 -0.416999 14.349800
v 0.547300 -0.417299 14.348200
v 0.555600 -0.416599 14.355800
v 0.553200 -0.416999 14.351200
v 0.550800 -0.417399 14.347500
v 0.547800 -0.416599 14.342200
v 0.548900 -0.417299 14.344500
v 0.545000 -0.415799 14.342800
v 0.545900 -0.416899 14.345200
v 0.542000 -0.415199 14.343500
v 0.538900 -0.414699 14.344100
v 0.539300 -0.416199 14.346600
v 0.542700 -0.416599 14.345900
v 0.527000 -0.414999 14.346500
v 0.526100 -0.415399 14.349300
v 0.529100 -0.415099 14.348800
v 0.529600 -0.414199 14.346100
v 0.524600 -0.415399 14.353000
v 0.528000 -0.415299 14.352300
v 0.532300 -0.415199 14.348100
v 0.532600 -0.413999 14.345500
v 0.531800 -0.415799 14.351500
v 0.522900 -0.415099 14.357500
v 0.521500 -0.414699 14.362800
v 0.526000 -0.415199 14.361900
v 0.526900 -0.415299 14.356700
v 0.531000 -0.416099 14.360800
v 0.531300 -0.415899 14.355700
v 0.535900 -0.416799 14.354700
v 0.536200 -0.416999 14.359700
v 0.535800 -0.416399 14.350600
v 0.535700 -0.414199 14.344800
v 0.535800 -0.415699 14.347400
v 0.520400 -0.420699 14.349900
v 0.522000 -0.421199 14.346900
v 0.517700 -0.419899 14.353900
v 0.521700 -0.418399 14.349900
v 0.523100 -0.418599 14.346900
v 0.519300 -0.417699 14.353800
v 0.512200 -0.418499 14.364400
v 0.514700 -0.419099 14.358700
v 0.514400 -0.416399 14.364100
v 0.516700 -0.416999 14.358500
v 0.519400 -0.415699 14.358100
v 0.517600 -0.415199 14.363600
v 0.521600 -0.416199 14.353500
v 0.524800 -0.416499 14.346800
v 0.523600 -0.416599 14.349700
v 0.521300 -0.424299 14.344600
v 0.521500 -0.427499 14.344200
v 0.519200 -0.424199 14.340500
v 0.519500 -0.427799 14.340100
v 0.522400 -0.430699 14.343700
v 0.520400 -0.431199 14.339500
v 0.515100 -0.423399 14.331700
v 0.515400 -0.427499 14.331100
v 0.516500 -0.431399 14.330400
v 0.520700 -0.438199 14.328800
v 0.518200 -0.434999 14.329700
v 0.524200 -0.437199 14.338100
v 0.522000 -0.434399 14.338800
v 0.525900 -0.436199 14.342400
v 0.523900 -0.433599 14.343100
v 0.528500 -0.438299 14.341700
v 0.526900 -0.439499 14.337300
v 0.531400 -0.439799 14.341000
v 0.530000 -0.441199 14.336500
v 0.523700 -0.440799 14.327900
v 0.527200 -0.442699 14.326900
v 0.535000 -0.444399 14.325200
v 0.531000 -0.443999 14.326000
v 0.537000 -0.442699 14.334900
v 0.533400 -0.442299 14.335700
v 0.537900 -0.441099 14.339500
v 0.534600 -0.440799 14.340200
v 0.541300 -0.440799 14.338900
v 0.540600 -0.442399 14.334300
v 0.544500 -0.439899 14.338300
v 0.544000 -0.441299 14.333700
v 0.539000 -0.443999 14.324400
v 0.542900 -0.442799 14.323800
v 0.549700 -0.438399 14.322900
v 0.546500 -0.440999 14.323300
v 0.550100 -0.437399 14.332900
v 0.547200 -0.439699 14.333200
v 0.550200 -0.436399 14.337500
v 0.547500 -0.438399 14.337800
v 0.552300 -0.433799 14.337400
v 0.552400 -0.434699 14.332700
v 0.553900 -0.430899 14.337300
v 0.554200 -0.431499 14.332700
v 0.552300 -0.435299 14.322800
v 0.554300 -0.431699 14.322800
v 0.556100 -0.423999 14.323300
v 0.555600 -0.427899 14.323000
v 0.555700 -0.424799 14.333100
v 0.555300 -0.428199 14.332800
v 0.555300 -0.424999 14.337700
v 0.554900 -0.427999 14.337400
v 0.555800 -0.420199 14.323900
v 0.554700 -0.416599 14.324500
v 0.555400 -0.421599 14.333500
v 0.554400 -0.418699 14.334000
v 0.550500 -0.410299 14.326200
v 0.552900 -0.413299 14.325300
v 0.550500 -0.413599 14.335400
v 0.552700 -0.415999 14.334700
v 0.552200 -0.417899 14.339000
v 0.550200 -0.416099 14.339600
v 0.553800 -0.419999 14.338500
v 0.554900 -0.422399 14.338000
v 0.541800 -0.412699 14.341600
v 0.538600 -0.412099 14.342300
v 0.544800 -0.413499 14.340900
v 0.541400 -0.409199 14.337700
v 0.537900 -0.408599 14.338400
v 0.544700 -0.410199 14.336900
v 0.547700 -0.414599 14.340300
v 0.547800 -0.411699 14.336100
v 0.547400 -0.407999 14.327000
v 0.543900 -0.406099 14.328000
v 0.536200 -0.404399 14.329700
v 0.540200 -0.404899 14.328900
v 0.532200 -0.404499 14.330500
v 0.528400 -0.405299 14.331200
v 0.534400 -0.408599 14.339100
v 0.531000 -0.408999 14.339800
v 0.521600 -0.409099 14.332100
v 0.524800 -0.406899 14.331700
v 0.525000 -0.411799 14.340700
v 0.527800 -0.410099 14.340300
v 0.529300 -0.412599 14.344200
v 0.526700 -0.413799 14.344600
v 0.532200 -0.411999 14.343600
v 0.535400 -0.411799 14.343000
v 0.524500 -0.415799 14.344800
v 0.522600 -0.414299 14.340900
v 0.522900 -0.418299 14.344900
v 0.520800 -0.417299 14.340900
v 0.518900 -0.412099 14.332200
v 0.516900 -0.415499 14.332200
v 0.515600 -0.419399 14.332000
v 0.519700 -0.420599 14.340800
v 0.521800 -0.421199 14.344800
v 0.523200 -0.441499 14.412400
v 0.518800 -0.436999 14.413800
v 0.515400 -0.436099 14.392000
v 0.519700 -0.440499 14.390700
v 0.515800 -0.431899 14.414900
v 0.512500 -0.431199 14.393200
v 0.513800 -0.435199 14.377700
v 0.517900 -0.439499 14.376400
v 0.510900 -0.430499 14.378800
v 0.514300 -0.426799 14.415800
v 0.514300 -0.422299 14.416300
v 0.510900 -0.421799 14.394500
v 0.511000 -0.426199 14.394000
v 0.509400 -0.421499 14.380000
v 0.509500 -0.425699 14.379600
v 0.509600 -0.425399 14.370300
v 0.509500 -0.421299 14.370700
v 0.511000 -0.429899 14.369600
v 0.517600 -0.438499 14.367300
v 0.513700 -0.434399 14.368500
v 0.551300 -0.449099 14.406300
v 0.543400 -0.448599 14.407900
v 0.539300 -0.447399 14.386200
v 0.546900 -0.447899 14.384700
v 0.535800 -0.447199 14.409500
v 0.531900 -0.446099 14.387800
v 0.536700 -0.446199 14.372100
v 0.544100 -0.446599 14.370600
v 0.529700 -0.444899 14.373600
v 0.529000 -0.444899 14.411000
v 0.525300 -0.443799 14.389300
v 0.523300 -0.442699 14.375000
v 0.522700 -0.441499 14.366000
v 0.528800 -0.443599 14.364600
v 0.542300 -0.445199 14.361800
v 0.535400 -0.444799 14.363200
v 0.554600 -0.447599 14.383100
v 0.559200 -0.448799 14.404700
v 0.551400 -0.446299 14.369100
v 0.561900 -0.446299 14.381700
v 0.566800 -0.447499 14.403200
v 0.558500 -0.445099 14.367700
v 0.549200 -0.444899 14.360400
v 0.555900 -0.443799 14.359200
v 0.567100 -0.438699 14.357400
v 0.561900 -0.441799 14.358100
v 0.570400 -0.439799 14.365800
v 0.564900 -0.442999 14.366600
v 0.574300 -0.440799 14.379700
v 0.579500 -0.441899 14.401100
v 0.573600 -0.445199 14.402000
v 0.568600 -0.444099 14.380500
v 0.575000 -0.421699 14.357600
v 0.575100 -0.425599 14.357100
v 0.578800 -0.421899 14.366100
v 0.578900 -0.425999 14.365600
v 0.573800 -0.430099 14.356900
v 0.577500 -0.430699 14.365400
v 0.583100 -0.422299 14.380000
v 0.588500 -0.422799 14.401300
v 0.588600 -0.427199 14.400900
v 0.583200 -0.426599 14.379500
v 0.587100 -0.432299 14.400600
v 0.581700 -0.431499 14.379300
v 0.578700 -0.436399 14.379300
v 0.584000 -0.437299 14.400700
v 0.574600 -0.435499 14.365400
v 0.571100 -0.434699 14.357000
v 0.574200 -0.416699 14.404300
v 0.579100 -0.416699 14.403400
v 0.574000 -0.416299 14.382100
v 0.569200 -0.416299 14.383000
v 0.583400 -0.417599 14.402600
v 0.578100 -0.417299 14.381300
v 0.570100 -0.416199 14.368200
v 0.565500 -0.416099 14.369100
v 0.574100 -0.417099 14.367400
v 0.586600 -0.419699 14.401900
v 0.581300 -0.419199 14.380600
v 0.577100 -0.418899 14.366700
v 0.573400 -0.418899 14.358100
v 0.570600 -0.417099 14.358800
v 0.562600 -0.415999 14.360400
v 0.566900 -0.416199 14.359600
v 0.551400 -0.419999 14.408900
v 0.557500 -0.419699 14.407700
v 0.553000 -0.418999 14.386200
v 0.547100 -0.419299 14.387400
v 0.563400 -0.418599 14.406500
v 0.558700 -0.418099 14.385000
v 0.549900 -0.418399 14.372100
v 0.544200 -0.418699 14.373300
v 0.555400 -0.417599 14.371000
v 0.568900 -0.417499 14.405300
v 0.564100 -0.416999 14.384000
v 0.560600 -0.416699 14.370000
v 0.558000 -0.416499 14.361300
v 0.553000 -0.417299 14.362300
v 0.542500 -0.418099 14.364400
v 0.547900 -0.417899 14.363300
v 0.540900 -0.418599 14.388700
v 0.545100 -0.419199 14.410200
v 0.538300 -0.417999 14.374500
v 0.534800 -0.417299 14.389900
v 0.538800 -0.417799 14.411400
v 0.532400 -0.416799 14.375700
v 0.536900 -0.417399 14.365600
v 0.531200 -0.416299 14.366700
v 0.520900 -0.414699 14.368900
v 0.525900 -0.415299 14.367900
v 0.521500 -0.414799 14.378000
v 0.526700 -0.415499 14.376900
v 0.523500 -0.415099 14.392200
v 0.527200 -0.415399 14.413800
v 0.532800 -0.416399 14.412600
v 0.528900 -0.415899 14.391100
v 0.518800 -0.415199 14.393200
v 0.522400 -0.415499 14.414800
v 0.517000 -0.414999 14.378900
v 0.515000 -0.416399 14.394000
v 0.518500 -0.416699 14.415700
v 0.513300 -0.416099 14.379600
v 0.516700 -0.414999 14.369800
v 0.513200 -0.416099 14.370400
v 0.510800 -0.418299 14.370700
v 0.510700 -0.418299 14.380000
v 0.515700 -0.418899 14.416200
v 0.512300 -0.418599 14.394400
v 0.737100 -0.477499 15.210300
v 0.739600 -0.476099 15.212700
v 0.735400 -0.478699 15.216400
v 0.733600 -0.479599 15.212000
v 0.742000 -0.473599 15.215500
v 0.737300 -0.476699 15.219800
v 0.729600 -0.481099 15.218900
v 0.728100 -0.481799 15.213800
v 0.731000 -0.479499 15.222900
v 0.743400 -0.470499 15.217900
v 0.743600 -0.467299 15.219800
v 0.738800 -0.471199 15.224400
v 0.738500 -0.474099 15.222500
v 0.732300 -0.474699 15.227700
v 0.732000 -0.477199 15.225800
v 0.724500 -0.479499 15.228200
v 0.724800 -0.477199 15.230100
v 0.723700 -0.481399 15.225100
v 0.721200 -0.483099 15.215500
v 0.722500 -0.482699 15.220900
v 0.734500 -0.460199 15.219400
v 0.731500 -0.461999 15.221300
v 0.733600 -0.464299 15.224100
v 0.737100 -0.460999 15.220600
v 0.726800 -0.464399 15.223100
v 0.728600 -0.467199 15.226400
v 0.735900 -0.466299 15.225400
v 0.740000 -0.462499 15.221300
v 0.730300 -0.469799 15.228200
v 0.721300 -0.466399 15.224400
v 0.715400 -0.467299 15.225600
v 0.716200 -0.470399 15.229400
v 0.722600 -0.469499 15.228100
v 0.716700 -0.473199 15.231700
v 0.723700 -0.472299 15.230200
v 0.724500 -0.474799 15.230800
v 0.716900 -0.475799 15.232500
v 0.731600 -0.472199 15.228500
v 0.742300 -0.464699 15.221000
v 0.737800 -0.468599 15.225400
v 0.709300 -0.474499 15.233900
v 0.709700 -0.471999 15.233000
v 0.702000 -0.471699 15.234600
v 0.702900 -0.469299 15.233800
v 0.709400 -0.466199 15.226800
v 0.709700 -0.469299 15.230700
v 0.703700 -0.463999 15.227800
v 0.703600 -0.466799 15.231500
v 0.695100 -0.459499 15.227400
v 0.693400 -0.460199 15.229500
v 0.698100 -0.463699 15.231300
v 0.698700 -0.461499 15.228000
v 0.691300 -0.461599 15.231300
v 0.696700 -0.465599 15.233400
v 0.689400 -0.463699 15.231800
v 0.695200 -0.467799 15.234100
v 0.684800 -0.473099 15.219000
v 0.687800 -0.476099 15.216100
v 0.683200 -0.469799 15.222200
v 0.681300 -0.470799 15.211200
v 0.684800 -0.474399 15.208400
v 0.679200 -0.466799 15.214100
v 0.683100 -0.462599 15.226700
v 0.682600 -0.466099 15.224800
v 0.678900 -0.458999 15.218500
v 0.678400 -0.462699 15.216700
v 0.669500 -0.451299 15.185600
v 0.669100 -0.455399 15.184000
v 0.674100 -0.459199 15.203500
v 0.674500 -0.455299 15.205300
v 0.670200 -0.459999 15.181700
v 0.675100 -0.463599 15.201100
v 0.672700 -0.464599 15.179200
v 0.676700 -0.468699 15.176600
v 0.681300 -0.471899 15.195600
v 0.677400 -0.467899 15.198300
v 0.704400 -0.475999 15.168900
v 0.708100 -0.478899 15.187900
v 0.700400 -0.478399 15.189500
v 0.696500 -0.475499 15.170600
v 0.710700 -0.481199 15.201200
v 0.703200 -0.480699 15.202800
v 0.693100 -0.477099 15.191300
v 0.689000 -0.474099 15.172400
v 0.696100 -0.479399 15.204400
v 0.712500 -0.482799 15.210400
v 0.705100 -0.482299 15.211900
v 0.698200 -0.480999 15.213300
v 0.692300 -0.478799 15.214500
v 0.689900 -0.477299 15.206200
v 0.682300 -0.471899 15.174400
v 0.686600 -0.474899 15.193300
v 0.732800 -0.479199 15.206300
v 0.737800 -0.476699 15.206000
v 0.726900 -0.481199 15.207500
v 0.732000 -0.477699 15.197700
v 0.737600 -0.474899 15.197700
v 0.725500 -0.479699 15.198500
v 0.719900 -0.482499 15.208900
v 0.718300 -0.480899 15.199700
v 0.712400 -0.475599 15.167400
v 0.715900 -0.478499 15.186400
v 0.720000 -0.474399 15.166100
v 0.723300 -0.477299 15.185200
v 0.727000 -0.472299 15.165300
v 0.733000 -0.469199 15.165200
v 0.736100 -0.472399 15.184500
v 0.730100 -0.475299 15.184500
v 0.743100 -0.452199 15.170600
v 0.746000 -0.456199 15.190700
v 0.745900 -0.460099 15.188900
v 0.743000 -0.456199 15.169000
v 0.747200 -0.459999 15.204600
v 0.747000 -0.463599 15.202700
v 0.744100 -0.464299 15.187100
v 0.741200 -0.460699 15.167400
v 0.745200 -0.467599 15.200700
v 0.746400 -0.463599 15.213700
v 0.746200 -0.467099 15.211900
v 0.744600 -0.470599 15.209700
v 0.741700 -0.473799 15.207400
v 0.742100 -0.471499 15.198900
v 0.737800 -0.465199 15.166000
v 0.740800 -0.468599 15.185500
v 0.738800 -0.457599 15.215700
v 0.734700 -0.457599 15.215800
v 0.742300 -0.458799 15.215700
v 0.738700 -0.454099 15.207500
v 0.734100 -0.454199 15.208000
v 0.742600 -0.455099 15.206900
v 0.744900 -0.460899 15.215000
v 0.745600 -0.457099 15.205900
v 0.741400 -0.449199 15.171900
v 0.744400 -0.453299 15.192100
v 0.738200 -0.447099 15.172900
v 0.741300 -0.451199 15.193100
v 0.733900 -0.446099 15.173800
v 0.728900 -0.446199 15.174500
v 0.732200 -0.450399 15.194600
v 0.737100 -0.450299 15.193900
v 0.706000 -0.451399 15.178200
v 0.709900 -0.455799 15.198000
v 0.715800 -0.455099 15.196900
v 0.712100 -0.450699 15.177100
v 0.712600 -0.459899 15.211400
v 0.718300 -0.459199 15.210400
v 0.721500 -0.453499 15.196000
v 0.717900 -0.449199 15.176100
v 0.723900 -0.457499 15.209500
v 0.714300 -0.463799 15.220100
v 0.720100 -0.462999 15.219000
v 0.725500 -0.461099 15.218000
v 0.730300 -0.458999 15.216700
v 0.729200 -0.455599 15.208700
v 0.723600 -0.447499 15.175300
v 0.727000 -0.451699 15.195300
v 0.697800 -0.458499 15.223400
v 0.693400 -0.456799 15.224200
v 0.702900 -0.460799 15.222600
v 0.695700 -0.454899 15.215500
v 0.690800 -0.453399 15.216800
v 0.701100 -0.457099 15.214200
v 0.708500 -0.462799 15.221400
v 0.706800 -0.458999 15.212700
v 0.699800 -0.450399 15.179600
v 0.704000 -0.454799 15.199300
v 0.693800 -0.448599 15.181100
v 0.698100 -0.452999 15.200800
v 0.687900 -0.446699 15.182600
v 0.682600 -0.445299 15.184000
v 0.687300 -0.449499 15.203800
v 0.692500 -0.450999 15.202400
v 0.676200 -0.452199 15.205900
v 0.671100 -0.448199 15.186200
v 0.680500 -0.456099 15.219200
v 0.679000 -0.450199 15.205800
v 0.674000 -0.446099 15.186000
v 0.683200 -0.454099 15.219000
v 0.684700 -0.459799 15.227400
v 0.687000 -0.457799 15.227000
v 0.689900 -0.456699 15.225700
v 0.686600 -0.453099 15.218100
v 0.677900 -0.445099 15.185200
v 0.682800 -0.449299 15.205000
v 0.553300 -0.443199 14.574100
v 0.548500 -0.438299 14.575200
v 0.539600 -0.438599 14.528000
v 0.544300 -0.443499 14.526800
v 0.545300 -0.432699 14.576100
v 0.536500 -0.433199 14.529100
v 0.531400 -0.438399 14.484000
v 0.536000 -0.443199 14.482700
v 0.528300 -0.433099 14.485100
v 0.543600 -0.427199 14.576700
v 0.543600 -0.422399 14.576900
v 0.534800 -0.422999 14.530000
v 0.534800 -0.427799 14.529700
v 0.526700 -0.423099 14.486200
v 0.526700 -0.427799 14.485800
v 0.519700 -0.427399 14.447100
v 0.519700 -0.422799 14.447500
v 0.521300 -0.432599 14.446300
v 0.528800 -0.442399 14.443800
v 0.524300 -0.437799 14.445200
v 0.583900 -0.451399 14.568200
v 0.575300 -0.450899 14.569800
v 0.565900 -0.451099 14.522500
v 0.574300 -0.451599 14.520800
v 0.567100 -0.449399 14.571400
v 0.557800 -0.449599 14.524000
v 0.557200 -0.450599 14.478200
v 0.565400 -0.451099 14.476600
v 0.549300 -0.449199 14.479800
v 0.559600 -0.446899 14.572800
v 0.550500 -0.447099 14.525500
v 0.542100 -0.446699 14.481300
v 0.534700 -0.445899 14.442400
v 0.541800 -0.448299 14.440900
v 0.557600 -0.450299 14.437700
v 0.549500 -0.449799 14.439300
v 0.582700 -0.451199 14.519100
v 0.592400 -0.451099 14.566400
v 0.573700 -0.450799 14.474900
v 0.590800 -0.449899 14.517400
v 0.600600 -0.449699 14.564600
v 0.581600 -0.449399 14.473300
v 0.565700 -0.449899 14.436100
v 0.573400 -0.448599 14.434500
v 0.586500 -0.442799 14.432200
v 0.580500 -0.446299 14.433200
v 0.594900 -0.443599 14.470800
v 0.588800 -0.447099 14.471900
v 0.604300 -0.443899 14.514800
v 0.614300 -0.443599 14.561800
v 0.608000 -0.447199 14.563100
v 0.598100 -0.447499 14.515900
v 0.595700 -0.423299 14.432200
v 0.595800 -0.427899 14.431800
v 0.604200 -0.423699 14.470600
v 0.604400 -0.428299 14.470200
v 0.594300 -0.432999 14.431600
v 0.602800 -0.433599 14.470100
v 0.613700 -0.423699 14.514100
v 0.623800 -0.422999 14.560700
v 0.624000 -0.427799 14.560600
v 0.613900 -0.428299 14.513900
v 0.622400 -0.433299 14.560600
v 0.612300 -0.433699 14.513800
v 0.609100 -0.439099 14.514100
v 0.619200 -0.438699 14.561000
v 0.599600 -0.438899 14.470300
v 0.591100 -0.438199 14.431700
v 0.608200 -0.416399 14.563300
v 0.613500 -0.416399 14.562300
v 0.603600 -0.417099 14.515800
v 0.598400 -0.417099 14.516800
v 0.618200 -0.417399 14.561600
v 0.608200 -0.418099 14.515100
v 0.594400 -0.417299 14.472400
v 0.589200 -0.417299 14.473300
v 0.598800 -0.418299 14.471600
v 0.621700 -0.419599 14.561100
v 0.611700 -0.420299 14.514500
v 0.602300 -0.420399 14.471000
v 0.593800 -0.420099 14.432800
v 0.590400 -0.417999 14.433400
v 0.581000 -0.416999 14.435100
v 0.586000 -0.416999 14.434200
v 0.557700 -0.420699 14.440000
v 0.563900 -0.420299 14.438700
v 0.565400 -0.421099 14.478400
v 0.571800 -0.420699 14.477100
v 0.569900 -0.419199 14.437400
v 0.577900 -0.419499 14.475700
v 0.574200 -0.421099 14.522100
v 0.583600 -0.420599 14.568800
v 0.590200 -0.420099 14.567300
v 0.580700 -0.420699 14.520700
v 0.596500 -0.418899 14.565900
v 0.586900 -0.419499 14.519300
v 0.592800 -0.418099 14.518000
v 0.602500 -0.417399 14.564500
v 0.583700 -0.418199 14.474500
v 0.575600 -0.417899 14.436200
v 0.557400 -0.415099 14.573500
v 0.563400 -0.416299 14.572400
v 0.554400 -0.416999 14.525700
v 0.548500 -0.415899 14.526800
v 0.570000 -0.417999 14.571200
v 0.560800 -0.418699 14.524600
v 0.545900 -0.417099 14.482100
v 0.540100 -0.415999 14.483300
v 0.552200 -0.418699 14.480900
v 0.576800 -0.419699 14.570000
v 0.567500 -0.420199 14.523300
v 0.558800 -0.420199 14.479700
v 0.551200 -0.419799 14.441300
v 0.544800 -0.418399 14.442500
v 0.532900 -0.415799 14.444800
v 0.538600 -0.416799 14.443700
v 0.521200 -0.419299 14.447400
v 0.528200 -0.419599 14.485900
v 0.524000 -0.416999 14.446800
v 0.531100 -0.417199 14.485300
v 0.545100 -0.418699 14.576500
v 0.536300 -0.419399 14.529700
v 0.548100 -0.416299 14.575700
v 0.539200 -0.417099 14.529000
v 0.543300 -0.415899 14.528000
v 0.552200 -0.415099 14.574600
v 0.535100 -0.415999 14.484400
v 0.528000 -0.415899 14.445900
v 0.634800 -0.432799 15.029200
v 0.622400 -0.427999 14.971200
v 0.622400 -0.432999 14.971100
v 0.634800 -0.437599 15.028900
v 0.609200 -0.423799 14.908800
v 0.609300 -0.428799 14.908900
v 0.624100 -0.438499 14.970600
v 0.636300 -0.442999 15.028100
v 0.611000 -0.434399 14.908500
v 0.596000 -0.420399 14.845300
v 0.583400 -0.418499 14.783600
v 0.583500 -0.423599 14.783800
v 0.596100 -0.425499 14.845400
v 0.585300 -0.429299 14.783500
v 0.597800 -0.431199 14.845100
v 0.593700 -0.440199 14.781900
v 0.606200 -0.442099 14.843500
v 0.601200 -0.436999 14.844400
v 0.588700 -0.435099 14.782800
v 0.619300 -0.445199 14.906800
v 0.614300 -0.440099 14.907800
v 0.632100 -0.448999 14.968500
v 0.644100 -0.453299 15.025600
v 0.639400 -0.448399 15.027000
v 0.627300 -0.444099 14.969700
v 0.625800 -0.448799 14.776300
v 0.638200 -0.450599 14.837900
v 0.629200 -0.450099 14.839600
v 0.616800 -0.448299 14.778000
v 0.650800 -0.453599 14.901100
v 0.642000 -0.453099 14.902800
v 0.620600 -0.448599 14.841100
v 0.608200 -0.446699 14.779500
v 0.633500 -0.451599 14.904300
v 0.663200 -0.457399 14.962800
v 0.674600 -0.461399 15.019600
v 0.666000 -0.460899 15.021300
v 0.654500 -0.456799 14.964400
v 0.657800 -0.459399 15.022800
v 0.646100 -0.455299 14.965900
v 0.638500 -0.452799 14.967300
v 0.650400 -0.456899 15.024200
v 0.625800 -0.448999 14.905600
v 0.600400 -0.444099 14.780800
v 0.612800 -0.445899 14.842400
v 0.705100 -0.453699 15.013300
v 0.698800 -0.457299 15.014500
v 0.687700 -0.453099 14.957400
v 0.694100 -0.449499 14.956000
v 0.691300 -0.459699 15.016000
v 0.680200 -0.455599 14.959100
v 0.675700 -0.449299 14.895600
v 0.682200 -0.445599 14.894100
v 0.668100 -0.451799 14.897300
v 0.683100 -0.460999 15.017800
v 0.671900 -0.456999 14.960900
v 0.659700 -0.453199 14.899300
v 0.634700 -0.448399 14.774400
v 0.647100 -0.450299 14.836000
v 0.643300 -0.446999 14.772400
v 0.655600 -0.448799 14.834100
v 0.651000 -0.444499 14.770600
v 0.657600 -0.440699 14.769000
v 0.669800 -0.442599 14.830700
v 0.663300 -0.446299 14.832200
v 0.714700 -0.433599 15.013100
v 0.714900 -0.438299 15.012800
v 0.704000 -0.433699 14.954700
v 0.703700 -0.428899 14.954800
v 0.713300 -0.443599 15.012600
v 0.702400 -0.439099 14.954800
v 0.692100 -0.429499 14.892200
v 0.691800 -0.424599 14.892200
v 0.690500 -0.435099 14.892500
v 0.710000 -0.448999 15.012700
v 0.699100 -0.444599 14.955200
v 0.687100 -0.440699 14.893100
v 0.662600 -0.435599 14.767900
v 0.674800 -0.437499 14.829600
v 0.665900 -0.429899 14.767200
v 0.678100 -0.431799 14.828900
v 0.667500 -0.424199 14.766800
v 0.667200 -0.419299 14.766700
v 0.679500 -0.421199 14.828500
v 0.679700 -0.426199 14.828600
v 0.699100 -0.427099 15.015600
v 0.704400 -0.426999 15.014700
v 0.693200 -0.422099 14.956100
v 0.687800 -0.422199 14.957100
v 0.709100 -0.427999 15.014000
v 0.698000 -0.423099 14.955500
v 0.681100 -0.417699 14.893400
v 0.675500 -0.417799 14.894400
v 0.685900 -0.418799 14.892800
v 0.712700 -0.430199 15.013500
v 0.701600 -0.425399 14.955100
v 0.689600 -0.420999 14.892400
v 0.665000 -0.415699 14.766800
v 0.677200 -0.417599 14.828600
v 0.661200 -0.413399 14.767200
v 0.673500 -0.415399 14.828900
v 0.656300 -0.412299 14.767900
v 0.650700 -0.412399 14.768900
v 0.663000 -0.414399 14.830600
v 0.668600 -0.414299 14.829600
v 0.625100 -0.417099 14.775000
v 0.637600 -0.419099 14.836700
v 0.644400 -0.418599 14.835200
v 0.632000 -0.416499 14.773500
v 0.650300 -0.422599 14.900400
v 0.657100 -0.421999 14.898900
v 0.650900 -0.417199 14.833500
v 0.638500 -0.415099 14.771800
v 0.663500 -0.420599 14.897300
v 0.662900 -0.426999 14.962900
v 0.674600 -0.431899 15.021100
v 0.681100 -0.431299 15.019700
v 0.669500 -0.426399 14.961400
v 0.687400 -0.429899 15.018200
v 0.675900 -0.424999 14.959900
v 0.682000 -0.423399 14.958400
v 0.693400 -0.428299 15.016800
v 0.669700 -0.418999 14.895700
v 0.644800 -0.413499 14.770200
v 0.657100 -0.415599 14.831900
v 0.648600 -0.425899 15.025700
v 0.654600 -0.427299 15.024600
v 0.642500 -0.422299 14.966300
v 0.636400 -0.420999 14.967300
v 0.661000 -0.429199 15.023500
v 0.649100 -0.424199 14.965200
v 0.629600 -0.417899 14.903700
v 0.623400 -0.416599 14.904800
v 0.636300 -0.419799 14.902700
v 0.667800 -0.430899 15.022300
v 0.656000 -0.425999 14.964100
v 0.643300 -0.421599 14.901600
v 0.618000 -0.416099 14.776200
v 0.630500 -0.418199 14.837900
v 0.610900 -0.414299 14.777300
v 0.623400 -0.416399 14.839000
v 0.604000 -0.412399 14.778300
v 0.597800 -0.411099 14.779400
v 0.610300 -0.413099 14.841100
v 0.616500 -0.414499 14.840000
v 0.597600 -0.416699 14.844600
v 0.585000 -0.414699 14.782900
v 0.610800 -0.419999 14.908200
v 0.600600 -0.414199 14.843500
v 0.588000 -0.412199 14.781900
v 0.613800 -0.417599 14.907200
v 0.636400 -0.429199 15.028800
v 0.624000 -0.424399 14.970700
v 0.639300 -0.426899 15.028000
v 0.627000 -0.421999 14.969700
v 0.631200 -0.420899 14.968600
v 0.643500 -0.425799 15.026900
v 0.618100 -0.416499 14.906000
v 0.592400 -0.410999 14.780700
v 0.604900 -0.412999 14.842300
v 0.666600 -0.460899 15.152500
v 0.670800 -0.465199 15.150200
v 0.663900 -0.456099 15.154800
v 0.659000 -0.456899 15.118300
v 0.663400 -0.461399 15.116300
v 0.656200 -0.451899 15.120200
v 0.663000 -0.446999 15.158000
v 0.662700 -0.451299 15.156700
v 0.655000 -0.442399 15.122700
v 0.654900 -0.446899 15.121700
v 0.645500 -0.442299 15.079100
v 0.645600 -0.437599 15.079700
v 0.647000 -0.447499 15.078000
v 0.654500 -0.457399 15.074800
v 0.650000 -0.452699 15.076500
v 0.684400 -0.465399 15.068400
v 0.675900 -0.464899 15.070100
v 0.692600 -0.469099 15.109400
v 0.684300 -0.468599 15.111100
v 0.667900 -0.463399 15.071700
v 0.676400 -0.467199 15.112800
v 0.699200 -0.472699 15.142900
v 0.691100 -0.472199 15.144500
v 0.683400 -0.470799 15.146300
v 0.676500 -0.468499 15.148100
v 0.669300 -0.464799 15.114500
v 0.660600 -0.460899 15.073300
v 0.722300 -0.468899 15.138900
v 0.728400 -0.465699 15.138600
v 0.715100 -0.471099 15.139900
v 0.716000 -0.465199 15.105100
v 0.722200 -0.461899 15.104500
v 0.708800 -0.467499 15.106200
v 0.707400 -0.472299 15.141200
v 0.700800 -0.468799 15.107700
v 0.692800 -0.464999 15.066700
v 0.700800 -0.463699 15.065000
v 0.714500 -0.457899 15.062800
v 0.708200 -0.461299 15.063700
v 0.724200 -0.438499 15.063900
v 0.724300 -0.442999 15.063200
v 0.732100 -0.443299 15.107100
v 0.732100 -0.447599 15.106100
v 0.722600 -0.448099 15.062700
v 0.730400 -0.452599 15.105200
v 0.738400 -0.447899 15.142700
v 0.738400 -0.452099 15.141400
v 0.736600 -0.456799 15.140100
v 0.733300 -0.461499 15.139100
v 0.727100 -0.457499 15.104600
v 0.719300 -0.453299 15.062500
v 0.729000 -0.441599 15.145600
v 0.723900 -0.441699 15.146400
v 0.733300 -0.442599 15.144800
v 0.722400 -0.436899 15.109600
v 0.717200 -0.436999 15.110400
v 0.726800 -0.437899 15.108800
v 0.736600 -0.444699 15.143800
v 0.730200 -0.439999 15.108000
v 0.722200 -0.435099 15.064500
v 0.718700 -0.432999 15.065200
v 0.708900 -0.431999 15.066800
v 0.714200 -0.431899 15.065900
v 0.684700 -0.436899 15.071800
v 0.691200 -0.436299 15.070500
v 0.693400 -0.441799 15.115000
v 0.699700 -0.441199 15.113700
v 0.697300 -0.434899 15.069100
v 0.705800 -0.439799 15.112500
v 0.700500 -0.446699 15.150500
v 0.706700 -0.446099 15.149300
v 0.712700 -0.444599 15.148200
v 0.718400 -0.442899 15.147300
v 0.711600 -0.438199 15.111400
v 0.703300 -0.433199 15.067900
v 0.681800 -0.442099 15.154700
v 0.676300 -0.440699 15.156100
v 0.687900 -0.443999 15.153300
v 0.674300 -0.437199 15.119000
v 0.668600 -0.435899 15.120300
v 0.680400 -0.439099 15.117700
v 0.694100 -0.445699 15.151900
v 0.686900 -0.440899 15.116300
v 0.678100 -0.435899 15.073100
v 0.671500 -0.434199 15.074300
v 0.659300 -0.430899 15.076800
v 0.665100 -0.432299 15.075600
v 0.647200 -0.434199 15.079600
v 0.656700 -0.438999 15.122900
v 0.650200 -0.431899 15.079000
v 0.659600 -0.436799 15.122400
v 0.664600 -0.443799 15.158400
v 0.667500 -0.441599 15.158100
v 0.671500 -0.440599 15.157300
v 0.663600 -0.435699 15.121500
v 0.654300 -0.430799 15.077900
v 0.577400 -0.434899 14.726100
v 0.582400 -0.439999 14.725100
v 0.574000 -0.429099 14.726800
v 0.567100 -0.435799 14.673200
v 0.572100 -0.440799 14.672200
v 0.563800 -0.430099 14.674000
v 0.572100 -0.418299 14.727000
v 0.572200 -0.423399 14.727100
v 0.561900 -0.419399 14.674300
v 0.562000 -0.424399 14.674400
v 0.552600 -0.425899 14.624600
v 0.552500 -0.420899 14.624600
v 0.554300 -0.431499 14.624100
v 0.562500 -0.442099 14.622200
v 0.557600 -0.437099 14.623300
v 0.593600 -0.450499 14.616400
v 0.584900 -0.449999 14.618100
v 0.603700 -0.449299 14.666500
v 0.594800 -0.448799 14.668200
v 0.576500 -0.448399 14.619600
v 0.586300 -0.447299 14.669700
v 0.614300 -0.448599 14.719500
v 0.605400 -0.448099 14.721200
v 0.596800 -0.446499 14.722700
v 0.589000 -0.443899 14.724000
v 0.578600 -0.444599 14.671100
v 0.568900 -0.445799 14.621000
v 0.639500 -0.444199 14.713900
v 0.646000 -0.440499 14.712300
v 0.631800 -0.446799 14.715700
v 0.628600 -0.444999 14.661000
v 0.635100 -0.441299 14.659600
v 0.620900 -0.447499 14.662800
v 0.623300 -0.448199 14.717600
v 0.612500 -0.448899 14.664600
v 0.602300 -0.450099 14.614600
v 0.610600 -0.448699 14.612800
v 0.624500 -0.442599 14.609700
v 0.618100 -0.446199 14.611100
v 0.634100 -0.421599 14.608200
v 0.634300 -0.426499 14.608200
v 0.644700 -0.420099 14.657700
v 0.644900 -0.424999 14.657700
v 0.632700 -0.431999 14.608300
v 0.643300 -0.430599 14.658000
v 0.655700 -0.419099 14.710200
v 0.655900 -0.424099 14.710200
v 0.654300 -0.429699 14.710600
v 0.651000 -0.435399 14.711300
v 0.640000 -0.436299 14.658600
v 0.629400 -0.437599 14.608800
v 0.644900 -0.412199 14.711400
v 0.639300 -0.412199 14.712300
v 0.649700 -0.413199 14.710700
v 0.634000 -0.413199 14.659000
v 0.628400 -0.413299 14.660000
v 0.638800 -0.414299 14.658300
v 0.653500 -0.415499 14.710300
v 0.642500 -0.416599 14.657900
v 0.632000 -0.418099 14.608500
v 0.628300 -0.415899 14.608900
v 0.618100 -0.414899 14.610600
v 0.623600 -0.414899 14.609700
v 0.593200 -0.419199 14.616400
v 0.599900 -0.418699 14.614900
v 0.603200 -0.417799 14.665900
v 0.609900 -0.417299 14.664400
v 0.606300 -0.417499 14.613400
v 0.616400 -0.415899 14.662800
v 0.613800 -0.416799 14.718400
v 0.620600 -0.416299 14.716900
v 0.627100 -0.414899 14.715300
v 0.633300 -0.413399 14.713700
v 0.622600 -0.414399 14.661300
v 0.612300 -0.415999 14.611900
v 0.592700 -0.412299 14.721800
v 0.586500 -0.410999 14.722900
v 0.599500 -0.414099 14.720800
v 0.582400 -0.413299 14.669300
v 0.576200 -0.411999 14.670400
v 0.589100 -0.415099 14.668300
v 0.606700 -0.415899 14.719700
v 0.596100 -0.416799 14.667100
v 0.586300 -0.418299 14.617600
v 0.579300 -0.416599 14.618800
v 0.566600 -0.413599 14.621000
v 0.572700 -0.414799 14.619900
v 0.554100 -0.417199 14.624100
v 0.563500 -0.415599 14.673700
v 0.557100 -0.414799 14.623300
v 0.566500 -0.413199 14.672800
v 0.573700 -0.414599 14.726300
v 0.576800 -0.412099 14.725300
v 0.581100 -0.410899 14.724100
v 0.570800 -0.411999 14.671600
v 0.561300 -0.413599 14.622200
v 0.344400 -0.164999 13.473200
v 0.341100 -0.160699 13.475300
v 0.349500 -0.203799 13.508700
v 0.345900 -0.199199 13.510900
v 0.338800 -0.155899 13.477500
v 0.343400 -0.193899 13.513100
v 0.356500 -0.243999 13.552500
v 0.352700 -0.238999 13.554800
v 0.349900 -0.233299 13.557100
v 0.348200 -0.220799 13.561200
v 0.348400 -0.227199 13.559200
v 0.341800 -0.182199 13.517200
v 0.342000 -0.188199 13.515200
v 0.337400 -0.145199 13.481500
v 0.337600 -0.150699 13.479600
v 0.364400 -0.173299 13.466300
v 0.358800 -0.172699 13.467600
v 0.371100 -0.212899 13.501400
v 0.365100 -0.212299 13.502800
v 0.353400 -0.171099 13.469200
v 0.359300 -0.210499 13.504600
v 0.379600 -0.253799 13.545000
v 0.373100 -0.253099 13.546500
v 0.366900 -0.251099 13.548300
v 0.361300 -0.248099 13.550400
v 0.354000 -0.207599 13.506500
v 0.348600 -0.168499 13.471100
v 0.398600 -0.248399 13.542800
v 0.404000 -0.244399 13.542900
v 0.392600 -0.251299 13.543100
v 0.389000 -0.207899 13.499400
v 0.394100 -0.204199 13.499600
v 0.383400 -0.210699 13.499700
v 0.386200 -0.253199 13.543800
v 0.377300 -0.212399 13.500300
v 0.370100 -0.172799 13.465300
v 0.375700 -0.171199 13.464700
v 0.385600 -0.165299 13.464800
v 0.380900 -0.168699 13.464600
v 0.414300 -0.227699 13.546000
v 0.415400 -0.221299 13.547700
v 0.411900 -0.233799 13.544600
v 0.403800 -0.188599 13.502800
v 0.404800 -0.182699 13.504500
v 0.401500 -0.194299 13.501400
v 0.408400 -0.239499 13.543600
v 0.398300 -0.199599 13.500300
v 0.389500 -0.161099 13.465600
v 0.392600 -0.156299 13.466600
v 0.395600 -0.145699 13.469800
v 0.394600 -0.151099 13.468100
v 0.410900 -0.203099 13.554100
v 0.407000 -0.198099 13.556400
v 0.413600 -0.208799 13.551900
v 0.400700 -0.165799 13.510800
v 0.397100 -0.161099 13.513000
v 0.403200 -0.171099 13.508600
v 0.415100 -0.214999 13.549700
v 0.404600 -0.176799 13.506500
v 0.395400 -0.140299 13.471700
v 0.394200 -0.134999 13.473800
v 0.388600 -0.125899 13.478100
v 0.391900 -0.130199 13.476000
v 0.390400 -0.189099 13.562500
v 0.383900 -0.188299 13.564000
v 0.396600 -0.190999 13.560700
v 0.381500 -0.152699 13.518900
v 0.375400 -0.151999 13.520300
v 0.387300 -0.154499 13.517100
v 0.402200 -0.193999 13.558600
v 0.392600 -0.157299 13.515200
v 0.384400 -0.122499 13.480200
v 0.379600 -0.119899 13.482100
v 0.368600 -0.117599 13.485000
v 0.374200 -0.118199 13.483700
v 0.347400 -0.125599 13.486400
v 0.352100 -0.122199 13.486700
v 0.352500 -0.160799 13.522000
v 0.357600 -0.156999 13.522200
v 0.357300 -0.119699 13.486500
v 0.363200 -0.154299 13.522000
v 0.359500 -0.197699 13.566000
v 0.364900 -0.193699 13.566100
v 0.370900 -0.190799 13.565800
v 0.377400 -0.188999 13.565100
v 0.369300 -0.152599 13.521300
v 0.362900 -0.118099 13.486000
v 0.338400 -0.139799 13.483200
v 0.342800 -0.176299 13.518900
v 0.340400 -0.134599 13.484600
v 0.345000 -0.170599 13.520300
v 0.349300 -0.214399 13.562900
v 0.351600 -0.208299 13.564300
v 0.355100 -0.202699 13.565300
v 0.348300 -0.165399 13.521300
v 0.343500 -0.129799 13.485700
v 0.362400 -0.067399 13.398100
v 0.358900 -0.066299 13.397200
v 0.363200 -0.062999 13.398400
v 0.359400 -0.061499 13.397700
v 0.351500 -0.066299 13.397900
v 0.355200 -0.066199 13.397300
v 0.351700 -0.061199 13.398500
v 0.355500 -0.061099 13.397900
v 0.356000 -0.057199 13.399500
v 0.352000 -0.057199 13.400200
v 0.360000 -0.057699 13.399200
v 0.364000 -0.059399 13.399800
v 0.341400 -0.067199 13.402300
v 0.341000 -0.062799 13.402900
v 0.344400 -0.066199 13.400100
v 0.344200 -0.061399 13.400700
v 0.341000 -0.055999 13.406500
v 0.340800 -0.059199 13.404500
v 0.344500 -0.054299 13.404500
v 0.344200 -0.057599 13.402400
v 0.348000 -0.057099 13.401100
v 0.348400 -0.053699 13.403300
v 0.347800 -0.061099 13.399400
v 0.347800 -0.066099 13.398800
v 0.349000 -0.050299 13.405500
v 0.345100 -0.050999 13.406600
v 0.349700 -0.047599 13.407900
v 0.346000 -0.048399 13.408900
v 0.341600 -0.052799 13.408400
v 0.342600 -0.050299 13.410500
v 0.343700 -0.048999 13.413000
v 0.346900 -0.046999 13.411700
v 0.350400 -0.046099 13.410900
v 0.422700 0.004001 13.375900
v 0.428100 0.005701 13.377300
v 0.426900 0.002301 13.378400
v 0.420100 0.001301 13.376100
v 0.438900 0.009901 13.381800
v 0.438000 0.006001 13.383300
v 0.424800 -0.000899 13.379800
v 0.417400 -0.001699 13.377200
v 0.436300 0.002401 13.385100
v 0.456300 0.017301 13.390800
v 0.481500 0.028801 13.405300
v 0.480400 0.023901 13.406900
v 0.455400 0.013001 13.392400
v 0.478400 0.019501 13.408900
v 0.453700 0.009001 13.394300
v 0.472300 0.012501 13.413700
v 0.448300 0.002801 13.398900
v 0.451300 0.005501 13.396500
v 0.475700 0.015601 13.411200
v 0.431600 -0.003099 13.389500
v 0.434200 -0.000599 13.387200
v 0.420500 -0.005799 13.384100
v 0.413100 -0.006199 13.381400
v 0.415200 -0.004199 13.379100
v 0.422700 -0.003599 13.381800
v 0.414500 0.014301 13.373500
v 0.422500 0.019001 13.375200
v 0.424400 0.015501 13.375000
v 0.416300 0.011001 13.373200
v 0.434500 0.025801 13.380000
v 0.436500 0.022001 13.379700
v 0.425900 0.012001 13.375300
v 0.418100 0.007901 13.373500
v 0.437900 0.017901 13.380000
v 0.452100 0.035501 13.389100
v 0.477000 0.048901 13.403700
v 0.479400 0.044201 13.403300
v 0.454300 0.031201 13.388800
v 0.481000 0.039101 13.403500
v 0.455700 0.026601 13.389000
v 0.456400 0.022001 13.389600
v 0.481700 0.033901 13.404200
v 0.438800 0.013901 13.380700
v 0.420400 0.005401 13.374500
v 0.427500 0.008801 13.376100
v 0.412400 0.017301 13.374100
v 0.420200 0.022201 13.375900
v 0.410400 0.020201 13.375200
v 0.417900 0.025001 13.377100
v 0.432000 0.029201 13.380700
v 0.429000 0.032201 13.381900
v 0.409400 0.023101 13.377000
v 0.409400 0.025401 13.378800
v 0.413500 0.029201 13.380600
v 0.415800 0.027501 13.378700
v 0.422600 0.036101 13.385500
v 0.426000 0.034501 13.383500
v 0.461500 0.061101 13.409800
v 0.466000 0.059301 13.407600
v 0.442200 0.044901 13.392800
v 0.438200 0.046501 13.394800
v 0.470200 0.056601 13.405900
v 0.445900 0.042401 13.391100
v 0.473900 0.053101 13.404500
v 0.449300 0.039301 13.389900
v 0.405900 0.024201 13.379300
v 0.410100 0.029301 13.382200
v 0.402100 0.022901 13.380600
v 0.406500 0.028601 13.383900
v 0.419000 0.036601 13.387500
v 0.415300 0.036301 13.389800
v 0.399200 0.021701 13.382700
v 0.396700 0.020201 13.385100
v 0.400700 0.026001 13.388600
v 0.403400 0.027501 13.386200
v 0.408800 0.033601 13.394600
v 0.411900 0.035301 13.392200
v 0.444000 0.058201 13.420100
v 0.447900 0.060401 13.417500
v 0.426200 0.046001 13.402100
v 0.422700 0.044001 13.404700
v 0.452300 0.061601 13.414800
v 0.430000 0.047101 13.399600
v 0.456900 0.061901 13.412200
v 0.434100 0.047301 13.397100
v 0.394600 0.018201 13.387400
v 0.398400 0.023801 13.390900
v 0.393200 0.016101 13.389800
v 0.396800 0.021301 13.393100
v 0.406200 0.031201 13.397000
v 0.404200 0.028201 13.399200
v 0.392900 0.014401 13.392200
v 0.393600 0.013501 13.394200
v 0.395700 0.015901 13.396800
v 0.396000 0.018801 13.395200
v 0.402200 0.021001 13.402700
v 0.402900 0.024801 13.401100
v 0.434700 0.041901 13.428500
v 0.435900 0.046801 13.426900
v 0.415600 0.033801 13.411300
v 0.414700 0.029501 13.412900
v 0.437800 0.051201 13.424900
v 0.417300 0.037801 13.409300
v 0.440600 0.055101 13.422600
v 0.419700 0.041301 13.407100
v 0.392600 0.010301 13.393700
v 0.395500 0.012301 13.397500
v 0.392500 0.006501 13.393400
v 0.395700 0.008401 13.397700
v 0.402100 0.016901 13.403700
v 0.402600 0.012701 13.404300
v 0.393500 0.003001 13.393300
v 0.395300 -0.000399 13.393000
v 0.398600 0.001101 13.397500
v 0.396800 0.004601 13.397700
v 0.405900 0.004701 13.404200
v 0.404000 0.008601 13.404400
v 0.439200 0.021801 13.430200
v 0.436900 0.026501 13.430600
v 0.416700 0.015601 13.414900
v 0.418900 0.011301 13.414600
v 0.435300 0.031601 13.430400
v 0.415300 0.020201 13.414700
v 0.434600 0.036801 13.429700
v 0.414600 0.024801 13.414000
v 0.406800 -0.007899 13.391200
v 0.410300 -0.007599 13.393600
v 0.407100 -0.006399 13.394900
v 0.403600 -0.007399 13.391200
v 0.418500 -0.005199 13.399000
v 0.414900 -0.003699 13.400800
v 0.403700 -0.004599 13.395900
v 0.400200 -0.005799 13.391700
v 0.411500 -0.001599 13.402300
v 0.432800 0.000301 13.408800
v 0.454800 0.009601 13.424000
v 0.450300 0.011401 13.426200
v 0.428800 0.001901 13.410800
v 0.446100 0.014101 13.427900
v 0.425100 0.004401 13.412500
v 0.421700 0.007601 13.413800
v 0.442400 0.017601 13.429300
v 0.408500 0.001301 13.403400
v 0.397400 -0.003399 13.392400
v 0.400900 -0.002099 13.396800
v 0.417800 -0.007399 13.386500
v 0.410600 -0.007699 13.383800
v 0.428600 -0.004799 13.392000
v 0.415100 -0.008199 13.389000
v 0.408500 -0.008499 13.386300
v 0.425200 -0.005799 13.394400
v 0.468400 0.010301 13.416400
v 0.444800 0.000801 13.401500
v 0.464000 0.009101 13.419000
v 0.441000 -0.000299 13.404000
v 0.436900 -0.000399 13.406500
v 0.459400 0.008801 13.421600
v 0.421900 -0.005899 13.396900
v 0.407100 -0.008499 13.389000
v 0.412800 -0.008199 13.391500
v 0.391400 0.010301 13.390500
v 0.391600 0.011501 13.387800
v 0.391300 0.006401 13.389800
v 0.391700 0.007501 13.386800
v 0.395200 0.015301 13.382800
v 0.393100 0.013401 13.385300
v 0.395500 0.011101 13.381400
v 0.393300 0.009201 13.384000
v 0.399200 0.003901 13.380100
v 0.396800 0.002001 13.382900
v 0.394700 0.005501 13.383400
v 0.397000 0.007401 13.380600
v 0.395000 0.000401 13.385900
v 0.393000 0.003801 13.386300
v 0.394300 -0.000499 13.389200
v 0.392400 0.002801 13.389500
v 1.123700 0.183101 15.123400
v 1.123800 0.187301 15.124400
v 1.124300 0.186001 15.129000
v 1.124000 0.180601 15.126200
v 1.122800 0.193301 15.125400
v 1.123400 0.192401 15.130600
v 1.123800 0.183901 15.132900
v 1.123400 0.177701 15.129600
v 1.123100 0.191001 15.135000
v 1.120400 0.200001 15.126200
v 1.116900 0.206701 15.127000
v 1.117700 0.206401 15.132600
v 1.121200 0.199501 15.131700
v 1.117600 0.205701 15.137100
v 1.121100 0.198501 15.136200
v 1.115300 0.203501 15.142800
v 1.118600 0.196001 15.141900
v 1.120100 0.197201 15.139600
v 1.116700 0.204701 15.140500
v 1.120200 0.188101 15.140600
v 1.122000 0.189401 15.138300
v 1.120400 0.180401 15.138500
v 1.119300 0.173601 15.135000
v 1.121700 0.175201 15.132700
v 1.122500 0.181901 15.136100
v 0.868800 0.173001 14.056500
v 0.867000 0.166801 14.057900
v 0.848600 0.162201 13.998400
v 0.850400 0.168701 13.996800
v 0.864200 0.161001 14.059800
v 0.845700 0.156301 14.000300
v 0.826900 0.156801 13.934100
v 0.828700 0.163401 13.932400
v 0.823900 0.150701 13.936200
v 0.860300 0.156001 14.061900
v 0.855600 0.152001 14.064300
v 0.836800 0.146901 14.005200
v 0.841700 0.151101 14.002700
v 0.814900 0.141101 13.941300
v 0.819800 0.145401 13.938600
v 0.762700 0.126701 13.804700
v 0.767700 0.131101 13.801800
v 0.795100 0.138801 13.871200
v 0.790100 0.134401 13.874000
v 0.771800 0.136501 13.799300
v 0.799100 0.144101 13.868700
v 0.774800 0.142701 13.797100
v 0.776600 0.149501 13.795300
v 0.804000 0.157101 13.864800
v 0.802100 0.150301 13.866500
v 0.863800 0.198501 14.055600
v 0.866700 0.192601 14.055100
v 0.848200 0.189101 13.995200
v 0.845200 0.195301 13.995700
v 0.868600 0.186201 14.055100
v 0.850100 0.182401 13.995200
v 0.826400 0.184301 13.930700
v 0.823300 0.190601 13.931200
v 0.828400 0.177501 13.930700
v 0.869300 0.179601 14.055500
v 0.850900 0.175601 13.995700
v 0.829200 0.170401 13.931300
v 0.777100 0.156601 13.794100
v 0.804500 0.164201 13.863600
v 0.776300 0.163801 13.793500
v 0.803700 0.171301 13.863000
v 0.774300 0.170801 13.793500
v 0.771100 0.177301 13.794000
v 0.798500 0.184601 13.863500
v 0.801600 0.178201 13.863000
v 0.841000 0.200701 13.996800
v 0.859800 0.203801 14.056600
v 0.819000 0.196201 13.932400
v 0.836000 0.205201 13.998400
v 0.855000 0.208101 14.058100
v 0.813900 0.200901 13.934000
v 0.766700 0.183001 13.795100
v 0.794200 0.190301 13.864700
v 0.761500 0.187701 13.796800
v 0.789000 0.195001 13.866300
v 0.749200 0.193701 13.801500
v 0.776700 0.200901 13.870900
v 0.783100 0.198601 13.868400
v 0.755600 0.191401 13.799000
v 0.801800 0.206701 13.938400
v 0.808100 0.204401 13.936000
v 0.824200 0.211001 14.002700
v 0.843600 0.213601 14.062100
v 0.849500 0.211401 14.060000
v 0.830300 0.208701 14.000400
v 0.817800 0.211801 14.005200
v 0.837400 0.214401 14.064600
v 0.795300 0.207601 13.941100
v 0.811500 0.211401 14.008000
v 0.831300 0.214001 14.067100
v 0.788800 0.207101 13.944000
v 0.742600 0.194601 13.804300
v 0.770200 0.201901 13.873700
v 0.736000 0.194201 13.807300
v 0.763600 0.201401 13.876600
v 0.723800 0.189201 13.813300
v 0.751500 0.196501 13.882600
v 0.757300 0.199601 13.879600
v 0.729600 0.192301 13.810300
v 0.776900 0.202301 13.949800
v 0.782600 0.205301 13.946900
v 0.799800 0.206601 14.013500
v 0.820000 0.209401 14.072300
v 0.825400 0.212301 14.069700
v 0.805400 0.209601 14.010800
v 0.794900 0.202401 14.016100
v 0.815300 0.205301 14.074600
v 0.771900 0.198001 13.952500
v 0.790900 0.197201 14.018400
v 0.811500 0.200301 14.076800
v 0.767900 0.192601 13.954900
v 0.718800 0.184801 13.816100
v 0.746500 0.192101 13.885300
v 0.714700 0.179401 13.818700
v 0.742500 0.186701 13.887800
v 0.709900 0.166401 13.822700
v 0.737600 0.173801 13.891700
v 0.739400 0.180501 13.890000
v 0.711700 0.173201 13.820900
v 0.763100 0.179901 13.958700
v 0.764900 0.186501 13.957000
v 0.786200 0.184701 14.021900
v 0.806900 0.188301 14.080100
v 0.808600 0.194601 14.078600
v 0.788000 0.191201 14.020400
v 0.785700 0.177901 14.023000
v 0.806400 0.181801 14.081000
v 0.762600 0.172901 13.959800
v 0.786500 0.171001 14.023500
v 0.807100 0.175101 14.081500
v 0.763400 0.165801 13.960400
v 0.709400 0.159201 13.823900
v 0.737100 0.166701 13.892900
v 0.710200 0.152001 13.824500
v 0.737900 0.159601 13.893500
v 0.715400 0.138601 13.824000
v 0.743100 0.146201 13.893000
v 0.739900 0.152601 13.893500
v 0.712200 0.145101 13.824500
v 0.768500 0.152701 13.959900
v 0.765400 0.159001 13.960400
v 0.791500 0.158201 14.023000
v 0.811900 0.162801 14.081000
v 0.808900 0.168701 14.081500
v 0.788400 0.164301 14.023500
v 0.832100 0.147701 14.074400
v 0.826100 0.149901 14.076600
v 0.806300 0.144701 14.018400
v 0.812400 0.142501 14.016100
v 0.820700 0.153201 14.078500
v 0.800600 0.148201 14.020400
v 0.783700 0.138901 13.955100
v 0.790000 0.136601 13.952700
v 0.777900 0.142501 13.957100
v 0.815800 0.157601 14.079900
v 0.795600 0.152701 14.021900
v 0.772800 0.147101 13.958700
v 0.719800 0.132901 13.822900
v 0.747400 0.140601 13.891900
v 0.725000 0.128201 13.821200
v 0.752600 0.135801 13.890200
v 0.730900 0.124501 13.819100
v 0.737300 0.122201 13.816600
v 0.764900 0.129901 13.885700
v 0.758500 0.132201 13.888100
v 0.850200 0.149101 14.066900
v 0.831200 0.143801 14.008000
v 0.844300 0.147401 14.069500
v 0.825100 0.142101 14.010800
v 0.809200 0.138001 13.944200
v 0.802900 0.136201 13.947100
v 0.838200 0.146901 14.072000
v 0.818800 0.141601 14.013500
v 0.796500 0.135701 13.950000
v 0.743900 0.121201 13.813700
v 0.771400 0.129001 13.882900
v 0.750500 0.121701 13.810700
v 0.778000 0.129501 13.879900
v 0.756900 0.123501 13.807700
v 0.784300 0.131301 13.876900
v 0.907500 0.182501 14.223200
v 0.906200 0.178101 14.223900
v 0.901200 0.176101 14.195500
v 0.902600 0.181001 14.194700
v 0.904100 0.174101 14.224800
v 0.898800 0.171501 14.196700
v 0.893100 0.173601 14.157600
v 0.894700 0.179001 14.156600
v 0.890600 0.168601 14.159000
v 0.901200 0.170501 14.225900
v 0.897800 0.167701 14.227200
v 0.891900 0.164401 14.199600
v 0.895700 0.167601 14.198000
v 0.883000 0.160701 14.162500
v 0.887200 0.164201 14.160700
v 0.875400 0.160401 14.114900
v 0.871000 0.156601 14.117100
v 0.879100 0.165101 14.113000
v 0.883500 0.176401 14.110100
v 0.881800 0.170501 14.111400
v 0.904300 0.200401 14.223200
v 0.906300 0.196201 14.222800
v 0.901200 0.196401 14.194000
v 0.898900 0.201101 14.194400
v 0.907600 0.191801 14.222700
v 0.902600 0.191401 14.193900
v 0.893000 0.196001 14.155700
v 0.890500 0.201201 14.156100
v 0.894600 0.190401 14.155600
v 0.908000 0.187101 14.222800
v 0.903100 0.186201 14.194100
v 0.895200 0.184701 14.155900
v 0.884000 0.182601 14.109300
v 0.883300 0.188801 14.108900
v 0.878800 0.200401 14.109500
v 0.881600 0.194801 14.109000
v 0.895800 0.205201 14.195200
v 0.901500 0.204101 14.223900
v 0.887000 0.205701 14.157000
v 0.891900 0.208601 14.196300
v 0.898000 0.207101 14.224800
v 0.882800 0.209501 14.158200
v 0.875100 0.205301 14.110400
v 0.870500 0.209401 14.111800
v 0.859800 0.214601 14.115400
v 0.865400 0.212501 14.113500
v 0.872900 0.214201 14.161500
v 0.878000 0.212301 14.159700
v 0.882900 0.212901 14.199100
v 0.889900 0.210901 14.227100
v 0.894100 0.209401 14.225900
v 0.887600 0.211201 14.197600
v 0.878000 0.213501 14.200700
v 0.885500 0.211401 14.228500
v 0.867500 0.214901 14.163400
v 0.873000 0.213101 14.202400
v 0.881100 0.211101 14.229900
v 0.862100 0.214501 14.165400
v 0.854000 0.215301 14.117600
v 0.848200 0.214901 14.119900
v 0.837500 0.210501 14.124500
v 0.842600 0.213301 14.122300
v 0.852100 0.210501 14.169400
v 0.856900 0.213001 14.167400
v 0.864000 0.209401 14.205800
v 0.873000 0.207901 14.232700
v 0.876900 0.209901 14.231400
v 0.868300 0.211701 14.204100
v 0.860200 0.206301 14.207300
v 0.869700 0.205001 14.234000
v 0.848000 0.206901 14.171200
v 0.857100 0.202301 14.208700
v 0.867000 0.201601 14.235000
v 0.844600 0.202601 14.172900
v 0.833000 0.206701 14.126700
v 0.829400 0.202001 14.128600
v 0.825000 0.190701 14.131500
v 0.826600 0.196601 14.130200
v 0.840500 0.192201 14.175300
v 0.842000 0.197601 14.174300
v 0.853400 0.192901 14.210700
v 0.863700 0.193301 14.236600
v 0.865000 0.197601 14.235900
v 0.854800 0.197801 14.209800
v 0.853000 0.187801 14.211200
v 0.863400 0.188701 14.237000
v 0.840000 0.186501 14.176000
v 0.853500 0.182601 14.211400
v 0.863800 0.184101 14.237100
v 0.840600 0.180701 14.176300
v 0.824500 0.184501 14.132300
v 0.825100 0.178301 14.132700
v 0.829600 0.166701 14.132200
v 0.826800 0.172301 14.132700
v 0.844700 0.170001 14.175700
v 0.842100 0.175201 14.176200
v 0.857200 0.172901 14.210800
v 0.867100 0.175501 14.236600
v 0.865100 0.179601 14.237000
v 0.854900 0.177601 14.211300
v 0.880900 0.164701 14.232800
v 0.876800 0.166201 14.234000
v 0.868300 0.162701 14.207700
v 0.873000 0.161001 14.206300
v 0.873100 0.168601 14.235100
v 0.864000 0.165301 14.209000
v 0.857100 0.158801 14.172200
v 0.862300 0.157001 14.170400
v 0.852300 0.161701 14.173700
v 0.869800 0.171701 14.235900
v 0.860300 0.168801 14.210100
v 0.848100 0.165501 14.174900
v 0.833300 0.161801 14.131200
v 0.837900 0.157701 14.129800
v 0.848600 0.152501 14.126200
v 0.843100 0.154601 14.128200
v 0.893900 0.165601 14.228600
v 0.887500 0.162101 14.201200
v 0.889600 0.164401 14.230000
v 0.882800 0.160701 14.202900
v 0.878200 0.158101 14.164500
v 0.873000 0.156701 14.166500
v 0.885300 0.164101 14.231400
v 0.877900 0.160301 14.204600
v 0.867600 0.156201 14.168500
v 0.854400 0.151801 14.124000
v 0.860300 0.152201 14.121700
v 0.865800 0.153801 14.119400
v 0.733000 0.117701 13.734800
v 0.738000 0.122101 13.732000
v 0.700800 0.107201 13.667100
v 0.705800 0.111601 13.664200
v 0.742100 0.127601 13.729400
v 0.709900 0.117001 13.661600
v 0.665700 0.094701 13.603900
v 0.627600 0.079901 13.547900
v 0.632400 0.084101 13.545100
v 0.670700 0.099001 13.601100
v 0.636300 0.089301 13.542500
v 0.674700 0.104401 13.598500
v 0.641000 0.101901 13.538600
v 0.679500 0.117301 13.594500
v 0.677700 0.110601 13.596200
v 0.639200 0.095301 13.540300
v 0.714800 0.130101 13.657600
v 0.712900 0.123301 13.659400
v 0.747000 0.140701 13.725400
v 0.745200 0.133801 13.727200
v 0.747500 0.147801 13.724200
v 0.715200 0.137201 13.656400
v 0.746700 0.155101 13.723600
v 0.714400 0.144501 13.655700
v 0.641400 0.108801 13.537300
v 0.680000 0.124401 13.593200
v 0.640600 0.115701 13.536700
v 0.679200 0.131501 13.592600
v 0.635500 0.128701 13.537100
v 0.673900 0.144901 13.593000
v 0.677100 0.138401 13.592500
v 0.638600 0.122501 13.536600
v 0.709100 0.158001 13.656200
v 0.712400 0.151501 13.655700
v 0.741400 0.168601 13.724000
v 0.744600 0.162101 13.723500
v 0.737000 0.174301 13.725200
v 0.704800 0.163701 13.657400
v 0.731800 0.179101 13.726900
v 0.699500 0.168401 13.659000
v 0.631300 0.134301 13.538200
v 0.669600 0.150501 13.594200
v 0.626200 0.138901 13.539900
v 0.664400 0.155301 13.595900
v 0.614400 0.144701 13.544500
v 0.652300 0.161201 13.600500
v 0.658600 0.158901 13.598000
v 0.620500 0.142401 13.542000
v 0.687200 0.174501 13.663700
v 0.693600 0.172101 13.661200
v 0.719400 0.185101 13.731600
v 0.725800 0.182701 13.729000
v 0.712800 0.186001 13.734400
v 0.680600 0.175401 13.666600
v 0.706200 0.185601 13.737400
v 0.673900 0.174901 13.669600
v 0.608000 0.145601 13.547300
v 0.645700 0.162101 13.603400
v 0.601700 0.145201 13.550200
v 0.639200 0.161701 13.606400
v 0.590000 0.140401 13.556300
v 0.627200 0.156801 13.612500
v 0.632900 0.159901 13.609500
v 0.595600 0.143401 13.553300
v 0.661800 0.170001 13.675800
v 0.667600 0.173101 13.672700
v 0.694000 0.180601 13.743600
v 0.699800 0.183701 13.740500
v 0.688900 0.176201 13.746400
v 0.656800 0.165601 13.678700
v 0.684800 0.170701 13.749000
v 0.652700 0.160101 13.681300
v 0.585200 0.136201 13.559200
v 0.622200 0.152401 13.615400
v 0.581300 0.130901 13.561700
v 0.618200 0.147001 13.618000
v 0.576700 0.118401 13.565700
v 0.613400 0.134101 13.622000
v 0.615200 0.140901 13.620200
v 0.578400 0.124901 13.563900
v 0.647800 0.147001 13.685300
v 0.649600 0.153901 13.683500
v 0.679900 0.157601 13.753000
v 0.681800 0.164501 13.751200
v 0.679500 0.150501 13.754200
v 0.647300 0.139901 13.686500
v 0.680300 0.143201 13.754900
v 0.648200 0.132701 13.687200
v 0.576300 0.111501 13.566900
v 0.613000 0.127101 13.623200
v 0.577100 0.104501 13.567600
v 0.613800 0.119901 13.623900
v 0.582200 0.091501 13.567200
v 0.619000 0.106601 13.623400
v 0.615800 0.113001 13.624000
v 0.579100 0.097801 13.567700
v 0.653400 0.119201 13.686700
v 0.650200 0.125701 13.687200
v 0.685600 0.129701 13.754400
v 0.682300 0.136201 13.754900
v 0.689900 0.124001 13.753200
v 0.657800 0.113401 13.685500
v 0.695200 0.119201 13.751500
v 0.663100 0.108701 13.683800
v 0.586400 0.086001 13.566000
v 0.623300 0.100901 13.622300
v 0.591400 0.081401 13.564400
v 0.628500 0.096201 13.620600
v 0.603300 0.075601 13.559800
v 0.640700 0.090201 13.615900
v 0.634400 0.092601 13.618500
v 0.597100 0.077901 13.562300
v 0.675400 0.102601 13.679100
v 0.669000 0.105001 13.681700
v 0.707500 0.113201 13.746900
v 0.701100 0.115501 13.749400
v 0.714200 0.112201 13.744000
v 0.682000 0.101701 13.676300
v 0.720800 0.112701 13.741000
v 0.688600 0.102201 13.673200
v 0.609600 0.074701 13.557000
v 0.647200 0.089301 13.613100
v 0.616000 0.075101 13.554000
v 0.653800 0.089801 13.610100
v 0.660000 0.091601 13.607000
v 0.622000 0.076901 13.550900
v 0.695000 0.104001 13.670100
v 0.727200 0.114601 13.737900
v 0.919600 0.175701 14.271100
v 0.918500 0.170501 14.271600
v 0.915300 0.173101 14.267300
v 0.916300 0.177701 14.266800
v 0.916500 0.166001 14.272300
v 0.913500 0.169101 14.267900
v 0.912300 0.175901 14.263800
v 0.913200 0.179901 14.263400
v 0.910700 0.172401 14.264400
v 0.913900 0.162501 14.273200
v 0.910900 0.160301 14.274100
v 0.908400 0.163801 14.269600
v 0.911100 0.165901 14.268700
v 0.906000 0.167601 14.265900
v 0.908500 0.169601 14.265100
v 0.902800 0.173401 14.260400
v 0.905100 0.175201 14.259600
v 0.906400 0.172901 14.262100
v 0.904000 0.171101 14.262900
v 0.907000 0.177701 14.259000
v 0.908400 0.175501 14.261500
v 0.908500 0.180501 14.258500
v 0.909400 0.183701 14.258100
v 0.910800 0.182101 14.260500
v 0.909900 0.178601 14.260900
v 0.912400 0.198601 14.272300
v 0.915500 0.192901 14.271600
v 0.912900 0.192901 14.267200
v 0.910200 0.197901 14.267800
v 0.917900 0.187101 14.271100
v 0.914900 0.187801 14.266800
v 0.910600 0.193001 14.263600
v 0.908400 0.197201 14.264100
v 0.912300 0.188601 14.263300
v 0.919300 0.181301 14.271000
v 0.916100 0.182701 14.266700
v 0.913200 0.184201 14.263200
v 0.909600 0.187001 14.257900
v 0.910800 0.185801 14.260400
v 0.909100 0.190401 14.257900
v 0.910200 0.189601 14.260400
v 0.908100 0.193801 14.258100
v 0.906500 0.196901 14.258400
v 0.907000 0.196801 14.261000
v 0.908900 0.193301 14.260600
v 0.896100 0.205101 14.261100
v 0.895600 0.206401 14.263900
v 0.898900 0.205001 14.263000
v 0.899100 0.203901 14.260200
v 0.895200 0.208801 14.267400
v 0.898900 0.207101 14.266400
v 0.902000 0.202801 14.262200
v 0.901900 0.202001 14.259500
v 0.902400 0.204401 14.265500
v 0.895000 0.211801 14.271500
v 0.895300 0.214601 14.276500
v 0.900100 0.212201 14.275200
v 0.899300 0.209601 14.270400
v 0.904600 0.208501 14.274100
v 0.903300 0.206401 14.269400
v 0.907000 0.202401 14.268500
v 0.908800 0.203901 14.273100
v 0.905600 0.201101 14.264700
v 0.904400 0.199701 14.258900
v 0.904700 0.200101 14.261600
v 0.884800 0.203201 14.264300
v 0.883700 0.204501 14.267400
v 0.886000 0.205901 14.266700
v 0.887100 0.204501 14.263600
v 0.881900 0.206701 14.271200
v 0.884400 0.208301 14.270500
v 0.888900 0.206801 14.265800
v 0.889900 0.205301 14.262800
v 0.887600 0.209301 14.269500
v 0.880100 0.209401 14.275900
v 0.878700 0.212001 14.281300
v 0.881600 0.214101 14.280400
v 0.882700 0.211201 14.275100
v 0.885600 0.215401 14.279200
v 0.886400 0.212401 14.274000
v 0.890600 0.212601 14.272800
v 0.890300 0.215601 14.277800
v 0.891300 0.209501 14.268500
v 0.892900 0.205501 14.261900
v 0.892200 0.207001 14.264900
v 0.880400 0.199201 14.281200
v 0.878500 0.202801 14.281600
v 0.879500 0.201201 14.276300
v 0.881000 0.198001 14.276000
v 0.877400 0.206201 14.281900
v 0.878700 0.204201 14.276400
v 0.880800 0.199501 14.271800
v 0.881900 0.196601 14.271600
v 0.880300 0.202201 14.271800
v 0.877400 0.209301 14.281800
v 0.878800 0.207001 14.276300
v 0.880700 0.204701 14.271600
v 0.883200 0.201501 14.264900
v 0.882300 0.202701 14.267800
v 0.882300 0.199401 14.265200
v 0.881700 0.200501 14.268100
v 0.882000 0.197001 14.265400
v 0.882100 0.194401 14.265500
v 0.882400 0.195401 14.268100
v 0.881800 0.198001 14.268100
v 0.891500 0.184101 14.278700
v 0.888700 0.188301 14.279300
v 0.887900 0.187901 14.274400
v 0.890300 0.184101 14.273900
v 0.885800 0.192201 14.280000
v 0.885500 0.191501 14.275000
v 0.887200 0.187501 14.270500
v 0.889100 0.184001 14.270100
v 0.885300 0.190701 14.270900
v 0.882900 0.195801 14.280600
v 0.883100 0.194801 14.275500
v 0.883400 0.193701 14.271300
v 0.882600 0.191701 14.265400
v 0.883400 0.192701 14.267900
v 0.883500 0.188901 14.265300
v 0.884700 0.189801 14.267600
v 0.884600 0.186001 14.265100
v 0.885900 0.183101 14.264800
v 0.887800 0.183701 14.267000
v 0.886200 0.186901 14.267300
v 0.892600 0.173101 14.263300
v 0.894200 0.172101 14.265600
v 0.892300 0.174401 14.266100
v 0.890600 0.174901 14.263800
v 0.896000 0.170101 14.268600
v 0.894100 0.173001 14.269000
v 0.890700 0.177301 14.266400
v 0.888800 0.177301 14.264200
v 0.892400 0.176501 14.269400
v 0.897900 0.167701 14.272300
v 0.899900 0.165501 14.276900
v 0.897800 0.169601 14.277400
v 0.895900 0.171301 14.272800
v 0.895800 0.174301 14.277800
v 0.894100 0.175401 14.273200
v 0.892300 0.179801 14.273500
v 0.893800 0.179301 14.278200
v 0.890800 0.180301 14.269700
v 0.887300 0.180101 14.264600
v 0.889200 0.180501 14.266700
v 0.901500 0.170101 14.263600
v 0.900300 0.172201 14.261200
v 0.903400 0.166801 14.266600
v 0.899000 0.169901 14.264400
v 0.897600 0.171701 14.261900
v 0.900800 0.166901 14.267400
v 0.907900 0.159601 14.275000
v 0.905600 0.163001 14.270400
v 0.905100 0.160301 14.275700
v 0.902800 0.163501 14.271100
v 0.900300 0.165101 14.271800
v 0.902400 0.162301 14.276400
v 0.898300 0.168101 14.268000
v 0.895000 0.172001 14.262700
v 0.896500 0.170601 14.265000
v 0.902500 0.173801 14.258300
v 0.904900 0.175801 14.257500
v 0.902200 0.172701 14.253900
v 0.904900 0.175001 14.253000
v 0.906900 0.178301 14.256800
v 0.907100 0.177701 14.252200
v 0.900900 0.170601 14.244400
v 0.904000 0.173101 14.243400
v 0.906500 0.176201 14.242400
v 0.909600 0.183701 14.241100
v 0.908400 0.179801 14.241700
v 0.909900 0.184301 14.251100
v 0.908800 0.180901 14.251600
v 0.909400 0.184401 14.255900
v 0.908500 0.181201 14.256300
v 0.909700 0.187701 14.255600
v 0.910200 0.188001 14.250900
v 0.909300 0.191101 14.255600
v 0.909900 0.191601 14.250800
v 0.910000 0.187701 14.240800
v 0.909600 0.191801 14.240700
v 0.906700 0.199401 14.241200
v 0.908500 0.195801 14.240800
v 0.907300 0.198401 14.251200
v 0.908900 0.195101 14.250900
v 0.906900 0.197501 14.256100
v 0.908400 0.194401 14.255700
v 0.904800 0.200201 14.256500
v 0.905100 0.201301 14.251800
v 0.902300 0.202401 14.257200
v 0.902400 0.203601 14.252400
v 0.904300 0.202701 14.241800
v 0.901200 0.205301 14.242600
v 0.894100 0.208701 14.244600
v 0.897800 0.207401 14.243500
v 0.896000 0.206601 14.254200
v 0.899300 0.205501 14.253300
v 0.896500 0.205301 14.258700
v 0.899500 0.204201 14.257900
v 0.893300 0.205701 14.259600
v 0.892500 0.207101 14.255200
v 0.890100 0.205501 14.260600
v 0.889100 0.206801 14.256200
v 0.890200 0.209101 14.245700
v 0.886300 0.208801 14.246900
v 0.879200 0.206001 14.249200
v 0.882500 0.207801 14.248100
v 0.883000 0.204401 14.258100
v 0.885800 0.205901 14.257200
v 0.884700 0.203301 14.262200
v 0.887200 0.204601 14.261400
v 0.876400 0.203601 14.250200
v 0.874100 0.200601 14.251100
v 0.880600 0.202301 14.258900
v 0.878800 0.199701 14.259500
v 0.871500 0.193401 14.252200
v 0.872400 0.197201 14.251700
v 0.876900 0.193601 14.260400
v 0.877600 0.196801 14.260000
v 0.880600 0.196701 14.263700
v 0.880400 0.193901 14.263900
v 0.881400 0.199201 14.263300
v 0.882800 0.201501 14.262800
v 0.882100 0.184801 14.263700
v 0.883400 0.181801 14.263500
v 0.881200 0.187901 14.263900
v 0.878300 0.183301 14.260400
v 0.879800 0.180001 14.260100
v 0.877300 0.186701 14.260500
v 0.880500 0.190901 14.263900
v 0.876900 0.190201 14.260500
v 0.871200 0.189501 14.252500
v 0.871700 0.185501 14.252600
v 0.874500 0.177901 14.252100
v 0.872800 0.181601 14.252400
v 0.876700 0.174501 14.251600
v 0.879500 0.171701 14.250900
v 0.881600 0.177001 14.259700
v 0.883800 0.174301 14.259200
v 0.886100 0.168001 14.249000
v 0.882600 0.169501 14.250000
v 0.889300 0.170701 14.257700
v 0.886400 0.172201 14.258500
v 0.888800 0.174101 14.262200
v 0.891200 0.172501 14.261600
v 0.886800 0.176201 14.262700
v 0.885000 0.178901 14.263100
v 0.894000 0.171701 14.260800
v 0.892500 0.170101 14.256800
v 0.896800 0.171701 14.260000
v 0.895800 0.170301 14.255800
v 0.889900 0.167401 14.247900
v 0.893700 0.167701 14.246700
v 0.897500 0.168801 14.245500
v 0.899100 0.171201 14.254800
v 0.899700 0.172401 14.259100
v 0.935800 0.172401 14.319900
v 0.934600 0.166101 14.320500
v 0.929100 0.166801 14.299200
v 0.930300 0.172901 14.298500
v 0.932200 0.160701 14.321400
v 0.926800 0.161501 14.300100
v 0.924900 0.167601 14.285300
v 0.926100 0.173501 14.284700
v 0.922700 0.162501 14.286200
v 0.929000 0.156601 14.322600
v 0.925400 0.154001 14.323700
v 0.920200 0.154901 14.302300
v 0.923700 0.157401 14.301200
v 0.916400 0.156101 14.288300
v 0.919700 0.158501 14.287300
v 0.916600 0.160101 14.278700
v 0.913400 0.157801 14.279700
v 0.919400 0.163901 14.277700
v 0.922700 0.174401 14.276300
v 0.921600 0.168701 14.276900
v 0.926800 0.200701 14.321600
v 0.930700 0.193701 14.320800
v 0.925300 0.193601 14.299300
v 0.921500 0.200401 14.300200
v 0.933600 0.186501 14.320100
v 0.928100 0.186601 14.298700
v 0.921200 0.193301 14.285500
v 0.917600 0.199901 14.286300
v 0.924000 0.186601 14.284900
v 0.935400 0.179301 14.319800
v 0.929900 0.179601 14.298400
v 0.925700 0.179901 14.284600
v 0.922300 0.180401 14.276200
v 0.920700 0.186801 14.276400
v 0.914800 0.199301 14.277700
v 0.918200 0.193101 14.277000
v 0.917100 0.206801 14.301200
v 0.922200 0.207301 14.322600
v 0.913400 0.206001 14.287200
v 0.912100 0.212401 14.302300
v 0.917100 0.213101 14.323800
v 0.908600 0.211401 14.288300
v 0.910700 0.205001 14.278600
v 0.906200 0.210101 14.279600
v 0.896100 0.216901 14.282200
v 0.901300 0.214201 14.280900
v 0.897900 0.218601 14.291000
v 0.903400 0.215701 14.289600
v 0.901000 0.219901 14.305100
v 0.905700 0.220901 14.326600
v 0.911500 0.217701 14.325100
v 0.906700 0.216901 14.303600
v 0.878300 0.214101 14.287500
v 0.881400 0.216401 14.286500
v 0.879200 0.215701 14.296700
v 0.882400 0.218101 14.295600
v 0.885700 0.217801 14.285200
v 0.886900 0.219601 14.294200
v 0.881600 0.217001 14.310900
v 0.885700 0.217901 14.332600
v 0.889100 0.220401 14.331500
v 0.884900 0.219501 14.309900
v 0.894000 0.222001 14.330000
v 0.889600 0.221001 14.308400
v 0.895100 0.221201 14.306700
v 0.899600 0.222201 14.328300
v 0.892300 0.219901 14.292600
v 0.890800 0.218001 14.283700
v 0.888400 0.202301 14.331900
v 0.885800 0.206501 14.332500
v 0.881600 0.205901 14.311000
v 0.884200 0.201801 14.310400
v 0.884300 0.210701 14.332900
v 0.880200 0.210001 14.311400
v 0.879200 0.205101 14.296800
v 0.881700 0.201201 14.296200
v 0.877900 0.209001 14.297100
v 0.884200 0.214501 14.333000
v 0.880100 0.213701 14.311400
v 0.877700 0.212601 14.297100
v 0.876900 0.211201 14.288000
v 0.877000 0.207801 14.288000
v 0.880500 0.200301 14.287200
v 0.878300 0.204101 14.287800
v 0.903500 0.184601 14.328700
v 0.899900 0.189601 14.329400
v 0.895200 0.189401 14.308000
v 0.898600 0.184501 14.307200
v 0.895900 0.194101 14.330200
v 0.891400 0.193801 14.308800
v 0.892000 0.189101 14.293900
v 0.895300 0.184401 14.293200
v 0.888400 0.193401 14.294700
v 0.891900 0.198201 14.331100
v 0.887600 0.197801 14.309600
v 0.884800 0.197301 14.295500
v 0.883400 0.196601 14.286600
v 0.886700 0.192801 14.285800
v 0.893000 0.184201 14.284400
v 0.890000 0.188701 14.285100
v 0.901400 0.178801 14.306600
v 0.906200 0.178701 14.328000
v 0.897900 0.178901 14.292600
v 0.903600 0.172901 14.306100
v 0.908500 0.172601 14.327500
v 0.900100 0.173201 14.292100
v 0.895500 0.179001 14.283900
v 0.897700 0.173601 14.283400
v 0.901900 0.163901 14.282500
v 0.899700 0.168401 14.283000
v 0.904400 0.162801 14.291200
v 0.902200 0.167701 14.291700
v 0.907900 0.162001 14.305100
v 0.912800 0.161301 14.326400
v 0.910600 0.166601 14.326900
v 0.905700 0.167101 14.305600
v 0.910600 0.158001 14.304600
v 0.915500 0.157201 14.325900
v 0.907000 0.159001 14.290600
v 0.913600 0.155401 14.304000
v 0.918600 0.154501 14.325300
v 0.910000 0.156501 14.290000
v 0.904500 0.160401 14.282000
v 0.907300 0.158101 14.281300
v 0.910300 0.157201 14.280500
v 0.913100 0.155501 14.289200
v 0.921900 0.153401 14.324600
v 0.916800 0.154301 14.303200
v 1.098700 0.223701 15.128900
v 1.097000 0.224501 15.132200
v 1.102300 0.221801 15.133900
v 1.102600 0.221701 15.129000
v 1.094700 0.224601 15.135900
v 1.100700 0.221701 15.138000
v 1.107800 0.217901 15.134100
v 1.107600 0.218001 15.128700
v 1.106900 0.217501 15.138500
v 1.092100 0.223701 15.139100
v 1.090000 0.221801 15.141400
v 1.096900 0.219101 15.143600
v 1.098800 0.220801 15.141300
v 1.103800 0.215101 15.144200
v 1.105500 0.216601 15.141900
v 1.111700 0.211201 15.141500
v 1.110200 0.209901 15.143700
v 1.112700 0.212101 15.138000
v 1.112500 0.212801 15.127900
v 1.113100 0.212701 15.133500
v 1.088300 0.210501 15.139300
v 1.091900 0.208701 15.139800
v 1.093500 0.211101 15.142800
v 1.088100 0.212901 15.141100
v 1.096600 0.205901 15.139800
v 1.099100 0.208201 15.143000
v 1.094500 0.213901 15.144400
v 1.088200 0.216001 15.142500
v 1.100900 0.210701 15.144800
v 1.101300 0.202201 15.139000
v 1.105200 0.197601 15.138100
v 1.108500 0.199301 15.141400
v 1.104300 0.204301 15.142300
v 1.111300 0.200801 15.143300
v 1.106700 0.206301 15.144200
v 1.108600 0.208201 15.144600
v 1.113500 0.202201 15.143700
v 1.102400 0.213101 15.145100
v 1.088700 0.219101 15.142600
v 1.095500 0.216701 15.144600
v 1.116600 0.195001 15.142900
v 1.114100 0.194101 15.142600
v 1.118000 0.187301 15.141700
v 1.115300 0.186901 15.141600
v 1.107600 0.191901 15.137600
v 1.111100 0.193101 15.140800
v 1.108800 0.185901 15.137100
v 1.112200 0.186601 15.140100
v 1.109000 0.176401 15.134700
v 1.111100 0.175001 15.136100
v 1.112300 0.180401 15.138700
v 1.109100 0.180301 15.136100
v 1.113800 0.173701 15.136900
v 1.115200 0.179901 15.139900
v 1.116600 0.173201 15.136500
v 1.117900 0.179801 15.139800
v 1.122800 0.176901 15.121500
v 1.123000 0.181401 15.119300
v 1.121800 0.173201 15.124500
v 1.120300 0.174101 15.113500
v 1.120700 0.179501 15.111400
v 1.118800 0.169701 15.116200
v 1.117200 0.168401 15.129900
v 1.119800 0.170201 15.127400
v 1.113800 0.164401 15.121400
v 1.116600 0.166401 15.119000
v 1.102300 0.158501 15.088800
v 1.105400 0.160701 15.086600
v 1.111900 0.163301 15.105900
v 1.108900 0.161201 15.108300
v 1.108000 0.164501 15.084100
v 1.114300 0.166901 15.103200
v 1.109800 0.169501 15.081800
v 1.110500 0.175501 15.080000
v 1.116600 0.177501 15.098700
v 1.116000 0.171701 15.100700
v 1.100900 0.203501 15.080200
v 1.107100 0.204701 15.098700
v 1.110900 0.197901 15.097900
v 1.104800 0.196501 15.079400
v 1.111700 0.205701 15.111600
v 1.115400 0.199001 15.110800
v 1.113800 0.190801 15.097500
v 1.107800 0.189201 15.078900
v 1.118200 0.192201 15.110400
v 1.115000 0.206401 15.120500
v 1.118500 0.199801 15.119800
v 1.121200 0.193101 15.119200
v 1.122600 0.186901 15.118800
v 1.120000 0.185601 15.110500
v 1.109800 0.182201 15.079100
v 1.115800 0.184001 15.097700
v 1.101000 0.221801 15.123500
v 1.096400 0.224601 15.125200
v 1.105900 0.217801 15.122500
v 1.097600 0.221901 15.115500
v 1.092600 0.225001 15.117600
v 1.102600 0.217501 15.113900
v 1.110600 0.212601 15.121500
v 1.107400 0.212001 15.112600
v 1.096300 0.210101 15.081300
v 1.102600 0.211101 15.099700
v 1.091300 0.215901 15.082600
v 1.097700 0.216801 15.101100
v 1.085900 0.220701 15.084400
v 1.080500 0.224001 15.086600
v 1.087300 0.224701 15.105200
v 1.092600 0.221401 15.102900
v 1.063200 0.222001 15.097500
v 1.071000 0.223001 15.116600
v 1.073700 0.225301 15.114300
v 1.066100 0.224401 15.095300
v 1.077700 0.223501 15.129300
v 1.080200 0.225601 15.127000
v 1.077600 0.226401 15.111300
v 1.070200 0.225701 15.092500
v 1.083800 0.226701 15.123900
v 1.083800 0.223201 15.137100
v 1.086200 0.225201 15.134800
v 1.089200 0.226201 15.131700
v 1.092600 0.226001 15.128200
v 1.087900 0.226501 15.120600
v 1.075100 0.225601 15.089500
v 1.082200 0.226301 15.108100
v 1.083100 0.213301 15.137600
v 1.085000 0.209901 15.136400
v 1.082400 0.216801 15.138500
v 1.077700 0.212801 15.130400
v 1.080200 0.209001 15.129400
v 1.076500 0.216701 15.130900
v 1.082600 0.220201 15.138300
v 1.076500 0.220401 15.130600
v 1.061900 0.218701 15.098600
v 1.069800 0.219801 15.117800
v 1.062100 0.214801 15.098900
v 1.069900 0.216001 15.118100
v 1.063500 0.210601 15.098500
v 1.066200 0.206401 15.097700
v 1.074000 0.207801 15.116900
v 1.071400 0.211901 15.117800
v 1.082600 0.189801 15.093200
v 1.090200 0.191901 15.112300
v 1.086500 0.196501 15.113200
v 1.078800 0.194601 15.094100
v 1.096300 0.193901 15.125100
v 1.092600 0.198401 15.126000
v 1.082200 0.200501 15.114400
v 1.074400 0.198801 15.095300
v 1.088300 0.202101 15.127200
v 1.101200 0.195801 15.133100
v 1.097500 0.200301 15.134100
v 1.093100 0.203901 15.135000
v 1.088600 0.207001 15.135700
v 1.083900 0.205601 15.128300
v 1.070100 0.202601 15.096500
v 1.077800 0.204101 15.115700
v 1.105700 0.178801 15.132000
v 1.106800 0.174201 15.131700
v 1.104900 0.184401 15.132400
v 1.101500 0.176601 15.124500
v 1.102900 0.171501 15.124400
v 1.100300 0.182401 15.124600
v 1.103600 0.190301 15.132700
v 1.098700 0.188301 15.124700
v 1.085200 0.184001 15.092700
v 1.092700 0.186201 15.111900
v 1.087100 0.177701 15.092500
v 1.094400 0.180101 15.111800
v 1.088700 0.171601 15.092500
v 1.090500 0.166201 15.092400
v 1.097600 0.168801 15.111800
v 1.095900 0.174101 15.111800
v 1.105900 0.160801 15.109900
v 1.099100 0.158001 15.090400
v 1.110900 0.164001 15.123100
v 1.102800 0.162001 15.110900
v 1.095900 0.159301 15.091400
v 1.107900 0.165201 15.124000
v 1.114400 0.168001 15.131400
v 1.111500 0.168901 15.132100
v 1.108800 0.170901 15.132000
v 1.105200 0.167701 15.124400
v 1.093000 0.162001 15.092100
v 1.100000 0.164801 15.111500
v 0.970500 0.168901 14.480500
v 0.969100 0.162101 14.480900
v 0.959800 0.163601 14.433900
v 0.961100 0.170201 14.433400
v 0.966400 0.156301 14.481600
v 0.957100 0.157801 14.434700
v 0.950500 0.164601 14.390000
v 0.951800 0.171201 14.389500
v 0.947900 0.159001 14.390900
v 0.962900 0.151901 14.482500
v 0.958900 0.149101 14.483400
v 0.949800 0.150701 14.436600
v 0.953700 0.153401 14.435600
v 0.940800 0.152001 14.393000
v 0.944600 0.154701 14.391900
v 0.936100 0.155701 14.353500
v 0.932500 0.153101 14.354600
v 0.939400 0.159901 14.352400
v 0.943200 0.171901 14.350900
v 0.941900 0.165501 14.351500
v 0.960900 0.199501 14.483200
v 0.965100 0.191901 14.482100
v 0.955700 0.192901 14.434800
v 0.951600 0.200301 14.435800
v 0.968300 0.184101 14.481300
v 0.958900 0.185201 14.434000
v 0.946500 0.193401 14.390700
v 0.942500 0.200801 14.391600
v 0.949600 0.185901 14.389900
v 0.970200 0.176401 14.480700
v 0.960700 0.177501 14.433500
v 0.951400 0.178401 14.389500
v 0.942800 0.178901 14.350800
v 0.941000 0.186301 14.351200
v 0.934000 0.200901 14.352800
v 0.937900 0.193701 14.351900
v 0.946800 0.207401 14.436800
v 0.956000 0.206701 14.484200
v 0.937700 0.207601 14.392600
v 0.941300 0.213501 14.437900
v 0.950400 0.213001 14.485300
v 0.932300 0.213701 14.393800
v 0.929300 0.207601 14.353900
v 0.924000 0.213501 14.355000
v 0.912300 0.221501 14.357800
v 0.918300 0.218301 14.356300
v 0.920300 0.221901 14.396500
v 0.926500 0.218601 14.395100
v 0.929000 0.221901 14.440600
v 0.937900 0.221401 14.487900
v 0.944300 0.218001 14.486500
v 0.935300 0.218501 14.439200
v 0.891800 0.218501 14.363700
v 0.895400 0.221101 14.362700
v 0.899400 0.218801 14.402200
v 0.903000 0.221501 14.401200
v 0.900300 0.222701 14.361200
v 0.908000 0.223101 14.399800
v 0.907600 0.218701 14.446000
v 0.916100 0.218201 14.493000
v 0.919800 0.221001 14.492100
v 0.911300 0.221401 14.445100
v 0.925100 0.222701 14.490900
v 0.916500 0.223101 14.443800
v 0.922600 0.223301 14.442200
v 0.931300 0.222901 14.489400
v 0.914000 0.223301 14.398200
v 0.906100 0.222901 14.359500
v 0.918900 0.201301 14.491600
v 0.916000 0.205901 14.492300
v 0.907600 0.206601 14.445500
v 0.910400 0.202101 14.444800
v 0.914400 0.210401 14.492900
v 0.906000 0.211001 14.446100
v 0.899300 0.206801 14.401900
v 0.902100 0.202401 14.401200
v 0.897800 0.211201 14.402400
v 0.914300 0.214601 14.493200
v 0.905900 0.215101 14.446300
v 0.897700 0.215301 14.402600
v 0.890200 0.215101 14.364100
v 0.890300 0.211101 14.364000
v 0.894600 0.202501 14.362800
v 0.891900 0.206801 14.363500
v 0.910200 0.184501 14.359600
v 0.906500 0.189601 14.360400
v 0.918200 0.184101 14.398000
v 0.914400 0.189401 14.398800
v 0.902300 0.194101 14.361200
v 0.910100 0.194001 14.399600
v 0.926900 0.183501 14.441700
v 0.935700 0.182501 14.488500
v 0.931800 0.187901 14.489200
v 0.923000 0.188801 14.442400
v 0.927300 0.192601 14.490000
v 0.918700 0.193501 14.443200
v 0.914300 0.197801 14.444000
v 0.922800 0.197001 14.490800
v 0.905900 0.198201 14.400400
v 0.898200 0.198301 14.362000
v 0.945300 0.157201 14.485600
v 0.943000 0.163001 14.486300
v 0.934100 0.164301 14.439600
v 0.936400 0.158601 14.439000
v 0.940900 0.169501 14.487000
v 0.932100 0.170701 14.440200
v 0.925400 0.165301 14.396100
v 0.927600 0.159701 14.395500
v 0.923300 0.171601 14.396700
v 0.938700 0.176201 14.487700
v 0.929800 0.177301 14.440900
v 0.921100 0.178001 14.397300
v 0.913000 0.178501 14.359000
v 0.915300 0.172201 14.358400
v 0.919500 0.160601 14.357300
v 0.917300 0.166001 14.357800
v 0.928900 0.152401 14.355500
v 0.937100 0.151401 14.393800
v 0.925400 0.153601 14.356200
v 0.933600 0.152601 14.394400
v 0.955000 0.148501 14.484100
v 0.946000 0.150101 14.437400
v 0.951400 0.149801 14.484600
v 0.942400 0.151301 14.438000
v 0.939200 0.154301 14.438500
v 0.948100 0.152701 14.485100
v 0.930400 0.155401 14.395000
v 0.922300 0.156401 14.356800
v 1.057500 0.148101 14.934300
v 1.042300 0.145801 14.876800
v 1.046300 0.148601 14.876000
v 1.061300 0.150801 14.933300
v 1.026700 0.144001 14.814900
v 1.030800 0.146701 14.814200
v 1.050000 0.153001 14.875100
v 1.064800 0.155101 14.932100
v 1.034500 0.151301 14.813500
v 1.011500 0.142701 14.751700
v 0.997700 0.142401 14.690300
v 1.001900 0.145301 14.689600
v 1.015700 0.145501 14.751100
v 1.005700 0.149901 14.689000
v 1.019500 0.150101 14.750400
v 1.010200 0.163001 14.688500
v 1.023900 0.163201 14.749900
v 1.022400 0.156201 14.750000
v 1.008600 0.156001 14.688600
v 1.038900 0.164201 14.812800
v 1.037400 0.157201 14.812900
v 1.054200 0.165701 14.874100
v 1.068800 0.167501 14.930700
v 1.067400 0.160801 14.931200
v 1.052700 0.158901 14.874400
v 1.000200 0.195001 14.691800
v 1.014000 0.195101 14.753100
v 1.018300 0.187101 14.752000
v 1.004600 0.187001 14.690700
v 1.029000 0.195701 14.815900
v 1.033300 0.187801 14.814800
v 1.021600 0.179001 14.751000
v 1.007900 0.178901 14.689700
v 1.036600 0.179801 14.813800
v 1.044400 0.196701 14.877000
v 1.059100 0.198001 14.933200
v 1.063300 0.190401 14.932100
v 1.048600 0.189001 14.875900
v 1.066400 0.182601 14.931300
v 1.051900 0.181101 14.875000
v 1.053800 0.173201 14.874300
v 1.068400 0.174901 14.930700
v 1.038500 0.171801 14.813100
v 1.009800 0.170801 14.688900
v 1.023600 0.170901 14.750300
v 1.036200 0.220001 14.937900
v 1.042500 0.216501 14.936500
v 1.027500 0.215501 14.880200
v 1.021000 0.219101 14.881400
v 1.048500 0.211501 14.935300
v 1.033700 0.210401 14.879000
v 1.011900 0.214801 14.819000
v 1.005300 0.218301 14.820200
v 1.018100 0.209501 14.817900
v 1.054100 0.205201 14.934200
v 1.039300 0.204001 14.878000
v 1.023900 0.203101 14.816900
v 0.995000 0.202501 14.692800
v 1.008800 0.202501 14.754200
v 0.989100 0.209101 14.693800
v 1.002900 0.209001 14.755200
v 0.982800 0.214401 14.694900
v 0.976000 0.218001 14.696100
v 0.989900 0.217901 14.757400
v 0.996600 0.214301 14.756200
v 1.014900 0.217101 14.943800
v 1.018600 0.219801 14.942800
v 1.002800 0.218801 14.885700
v 0.999000 0.216001 14.886500
v 1.023700 0.221401 14.941300
v 1.008100 0.220401 14.884400
v 0.986600 0.218001 14.824100
v 0.982700 0.215101 14.824700
v 0.992100 0.219601 14.823000
v 1.029800 0.221501 14.939600
v 1.014400 0.220601 14.882900
v 0.998500 0.219901 14.821600
v 0.969100 0.219501 14.697400
v 0.983000 0.219501 14.758700
v 0.962600 0.219301 14.698600
v 0.976500 0.219201 14.760000
v 0.957000 0.217601 14.699700
v 0.953000 0.214701 14.700300
v 0.967000 0.214601 14.761600
v 0.971000 0.217501 14.761000
v 1.017800 0.200201 14.942300
v 1.014800 0.204701 14.943200
v 0.998900 0.203401 14.885500
v 1.001900 0.198801 14.884700
v 1.013200 0.209201 14.943800
v 0.997200 0.208001 14.886200
v 0.982500 0.202401 14.823600
v 0.985600 0.197701 14.822800
v 0.980900 0.207001 14.824300
v 1.013200 0.213401 14.944100
v 0.997200 0.212301 14.886600
v 0.980900 0.211401 14.824800
v 0.951100 0.210901 14.700200
v 0.965100 0.210901 14.761600
v 0.951200 0.206501 14.699800
v 0.965200 0.206501 14.761200
v 0.952800 0.201801 14.699000
v 0.955900 0.197001 14.698200
v 0.969900 0.197101 14.759600
v 0.966800 0.201801 14.760400
v 0.973900 0.177501 14.695300
v 0.987900 0.177701 14.756700
v 0.983700 0.183201 14.757500
v 0.969700 0.183101 14.696100
v 1.003400 0.178601 14.819900
v 0.999300 0.184101 14.820600
v 0.978900 0.188101 14.758200
v 0.964900 0.188001 14.696800
v 0.994500 0.188901 14.821300
v 1.019500 0.180001 14.881700
v 1.035200 0.181701 14.939100
v 1.031100 0.187001 14.939900
v 1.015400 0.185401 14.882500
v 1.026500 0.191701 14.940700
v 1.010700 0.190101 14.883200
v 1.006000 0.194501 14.883900
v 1.021900 0.195901 14.941500
v 0.989800 0.193301 14.822000
v 0.960100 0.192501 14.697500
v 0.974100 0.192601 14.758900
v 1.044100 0.156401 14.936400
v 1.042000 0.162201 14.937000
v 1.026500 0.160101 14.879300
v 1.028600 0.154201 14.878600
v 1.040100 0.168701 14.937600
v 1.024600 0.166701 14.880000
v 1.010500 0.158401 14.817300
v 1.012700 0.152401 14.816600
v 1.008600 0.165101 14.818100
v 1.038000 0.175401 14.938400
v 1.022400 0.173601 14.880900
v 1.006400 0.172101 14.819000
v 0.976900 0.170901 14.694400
v 0.990900 0.171101 14.755800
v 0.979200 0.163901 14.693500
v 0.993100 0.164101 14.754900
v 0.981200 0.157101 14.692700
v 0.983500 0.151001 14.691900
v 0.997300 0.151301 14.753300
v 0.995100 0.157301 14.754100
v 1.007400 0.142101 14.752100
v 0.993600 0.141801 14.690700
v 1.022700 0.143301 14.815400
v 1.003600 0.143501 14.752500
v 0.989800 0.143201 14.691100
v 1.018900 0.144701 14.815700
v 1.053600 0.147601 14.935000
v 1.038400 0.145201 14.877400
v 1.050000 0.148901 14.935500
v 1.034700 0.146601 14.877800
v 1.031400 0.149601 14.878200
v 1.046800 0.151901 14.936000
v 1.015500 0.147801 14.816100
v 0.986400 0.146301 14.691400
v 1.000200 0.146601 14.752900
v 1.101800 0.167301 15.055400
v 1.102700 0.173501 15.053900
v 1.099800 0.162001 15.057500
v 1.092100 0.165101 15.021600
v 1.093100 0.171401 15.020400
v 1.089800 0.159701 15.023300
v 1.093700 0.155801 15.061600
v 1.097000 0.158101 15.059700
v 1.083300 0.153101 15.026800
v 1.086800 0.155601 15.025100
v 1.074900 0.153101 14.983000
v 1.071200 0.150601 14.984300
v 1.078100 0.157301 14.981500
v 1.081800 0.169501 14.979400
v 1.080600 0.162901 14.980300
v 1.072100 0.199401 14.981400
v 1.076200 0.191901 14.980400
v 1.083400 0.200801 15.021800
v 1.087400 0.193501 15.020900
v 1.079300 0.184301 14.979600
v 1.090500 0.185901 15.020200
v 1.093000 0.202201 15.054700
v 1.097000 0.195001 15.053800
v 1.100100 0.187601 15.053200
v 1.102000 0.180301 15.053200
v 1.092500 0.178501 15.020000
v 1.081300 0.176701 14.979200
v 1.077600 0.219701 15.058700
v 1.071900 0.223101 15.060800
v 1.083100 0.214901 15.057000
v 1.067600 0.218701 15.025600
v 1.061700 0.222101 15.027400
v 1.073300 0.213801 15.024100
v 1.088300 0.208901 15.055700
v 1.078600 0.207701 15.022800
v 1.067200 0.206401 14.982400
v 1.061700 0.212601 14.983500
v 1.049700 0.221101 14.986500
v 1.055900 0.217601 14.984900
v 1.029400 0.218301 14.993600
v 1.032900 0.221001 14.992300
v 1.042300 0.219601 15.035900
v 1.045600 0.222201 15.034300
v 1.037800 0.222501 14.990500
v 1.050200 0.223601 15.032100
v 1.053600 0.220901 15.070500
v 1.056700 0.223401 15.068600
v 1.061000 0.224701 15.066100
v 1.066200 0.224701 15.063400
v 1.055700 0.223701 15.029700
v 1.043500 0.222601 14.988500
v 1.053900 0.209201 15.071300
v 1.056600 0.204901 15.070400
v 1.052300 0.213501 15.071700
v 1.042400 0.207701 15.036200
v 1.045300 0.203301 15.035400
v 1.040900 0.212101 15.036700
v 1.052200 0.217501 15.071500
v 1.040800 0.216101 15.036600
v 1.027700 0.214701 14.994100
v 1.027800 0.210601 14.994000
v 1.032300 0.201701 14.992600
v 1.029400 0.206201 14.993400
v 1.049400 0.183601 14.989100
v 1.045400 0.188801 14.989900
v 1.062100 0.185601 15.031500
v 1.058200 0.190701 15.032400
v 1.040900 0.193401 14.990800
v 1.053700 0.195201 15.033400
v 1.073200 0.187701 15.066300
v 1.069300 0.192701 15.067100
v 1.064900 0.197001 15.068200
v 1.060500 0.201001 15.069400
v 1.049200 0.199201 15.034400
v 1.036300 0.197601 14.991700
v 1.079600 0.169101 15.065200
v 1.081500 0.163601 15.065000
v 1.077800 0.175401 15.065400
v 1.068700 0.166701 15.030100
v 1.070700 0.161101 15.029700
v 1.066900 0.173101 15.030400
v 1.075800 0.181701 15.065700
v 1.064800 0.179601 15.030900
v 1.052200 0.177401 14.988400
v 1.054300 0.170801 14.987800
v 1.058100 0.158701 14.986800
v 1.056100 0.164401 14.987300
v 1.067500 0.150001 14.985200
v 1.079800 0.152601 15.028000
v 1.064000 0.151301 14.985900
v 1.076400 0.153901 15.028800
v 1.090400 0.155301 15.063100
v 1.087100 0.156501 15.064000
v 1.084100 0.159401 15.064600
v 1.073300 0.156801 15.029300
v 1.060800 0.154201 14.986400
v 0.997100 0.156801 14.631900
v 0.998600 0.163901 14.631800
v 0.994200 0.150801 14.632400
v 0.987100 0.158401 14.579000
v 0.988600 0.165401 14.578800
v 0.984300 0.152401 14.579600
v 0.986200 0.143301 14.633700
v 0.990400 0.146201 14.633000
v 0.976400 0.145001 14.581000
v 0.980500 0.147801 14.580300
v 0.971600 0.149901 14.530400
v 0.967600 0.147101 14.531200
v 0.975200 0.154401 14.529600
v 0.979500 0.167201 14.528700
v 0.978000 0.160301 14.529000
v 0.969700 0.198301 14.531600
v 0.974000 0.190601 14.530500
v 0.978700 0.196901 14.581900
v 0.983100 0.189101 14.580800
v 0.977200 0.182601 14.529600
v 0.986300 0.181001 14.579800
v 0.988700 0.195701 14.635000
v 0.993000 0.187801 14.633900
v 0.996300 0.179701 14.632900
v 0.998300 0.171601 14.632200
v 0.988300 0.173001 14.579100
v 0.979100 0.174701 14.529000
v 0.971300 0.215001 14.638200
v 0.964600 0.218601 14.639300
v 0.977700 0.209701 14.637100
v 0.961600 0.216001 14.585100
v 0.955000 0.219601 14.586300
v 0.967900 0.210801 14.584000
v 0.983500 0.203201 14.636000
v 0.973600 0.204301 14.582900
v 0.964700 0.205601 14.532600
v 0.959000 0.212001 14.533700
v 0.946300 0.220601 14.536100
v 0.952800 0.217101 14.534900
v 0.924000 0.217301 14.540900
v 0.927900 0.220201 14.540200
v 0.932300 0.216301 14.590800
v 0.936200 0.219101 14.590200
v 0.933300 0.221801 14.539000
v 0.941700 0.220801 14.589100
v 0.941700 0.215301 14.643600
v 0.945700 0.218201 14.643000
v 0.951200 0.219901 14.642000
v 0.957700 0.220101 14.640700
v 0.948200 0.221101 14.587700
v 0.939600 0.222101 14.537600
v 0.941500 0.202501 14.642500
v 0.944600 0.197701 14.641700
v 0.939900 0.207101 14.643200
v 0.932200 0.203601 14.589800
v 0.935200 0.198901 14.589000
v 0.930500 0.208201 14.590500
v 0.939800 0.211501 14.643600
v 0.930500 0.212501 14.590900
v 0.922200 0.213701 14.541100
v 0.922300 0.209401 14.540700
v 0.926900 0.200201 14.539300
v 0.923900 0.204801 14.540100
v 0.944100 0.181001 14.536300
v 0.940100 0.186501 14.537100
v 0.952700 0.179501 14.586100
v 0.948600 0.185001 14.586800
v 0.935500 0.191301 14.537800
v 0.944000 0.189901 14.587600
v 0.962400 0.178201 14.638800
v 0.958300 0.183801 14.639500
v 0.953500 0.188701 14.640200
v 0.948800 0.193201 14.640900
v 0.939300 0.194401 14.588300
v 0.930900 0.195801 14.538600
v 0.969800 0.157901 14.636200
v 0.972000 0.151801 14.635400
v 0.967700 0.164701 14.637000
v 0.960100 0.159401 14.583600
v 0.962400 0.153401 14.582900
v 0.958000 0.166101 14.584400
v 0.965400 0.171601 14.637900
v 0.955700 0.173001 14.585200
v 0.947100 0.174601 14.535500
v 0.949400 0.167801 14.534700
v 0.953700 0.155301 14.533300
v 0.951400 0.161201 14.533900
v 0.963600 0.146501 14.531800
v 0.972400 0.144401 14.581500
v 0.959900 0.147801 14.532300
v 0.968700 0.145701 14.581900
v 0.982200 0.142701 14.634100
v 0.978400 0.144101 14.634500
v 0.974900 0.147201 14.634900
v 0.965300 0.148801 14.582400
v 0.956500 0.150801 14.532700
v 0.515800 0.044901 13.426600
v 0.514500 0.039501 13.428300
v 0.555900 0.063801 13.455400
v 0.554400 0.057901 13.457100
v 0.512300 0.034601 13.430300
v 0.551900 0.052601 13.459200
v 0.598700 0.083401 13.492500
v 0.597100 0.077101 13.494200
v 0.594400 0.071401 13.496400
v 0.586100 0.062401 13.501600
v 0.590700 0.066401 13.498900
v 0.544300 0.044201 13.464300
v 0.548500 0.047901 13.461700
v 0.505400 0.026901 13.435300
v 0.509200 0.030301 13.432700
v 0.511000 0.067101 13.425000
v 0.513600 0.061901 13.424600
v 0.550800 0.087801 13.453800
v 0.553700 0.082201 13.453400
v 0.515300 0.056301 13.424800
v 0.555500 0.076101 13.453500
v 0.593400 0.109001 13.491000
v 0.596400 0.103001 13.490500
v 0.598300 0.096601 13.490600
v 0.599100 0.090001 13.491300
v 0.556200 0.069901 13.454200
v 0.516100 0.050601 13.425400
v 0.579100 0.122101 13.495700
v 0.573300 0.124301 13.498100
v 0.584600 0.118701 13.493600
v 0.537500 0.100001 13.458300
v 0.532100 0.102101 13.460700
v 0.542600 0.096901 13.456400
v 0.589400 0.114301 13.492000
v 0.547100 0.092701 13.454900
v 0.507600 0.071601 13.425900
v 0.503400 0.075501 13.427400
v 0.493800 0.080401 13.431500
v 0.498800 0.078401 13.429200
v 0.555500 0.123101 13.506700
v 0.550200 0.120201 13.509700
v 0.561200 0.124801 13.503700
v 0.515500 0.101101 13.469000
v 0.510600 0.098401 13.471900
v 0.520900 0.102601 13.466100
v 0.567300 0.125201 13.500800
v 0.526500 0.103001 13.463300
v 0.488700 0.081201 13.434000
v 0.483600 0.080901 13.436700
v 0.474200 0.077001 13.442300
v 0.478700 0.079501 13.439500
v 0.539200 0.105501 13.517200
v 0.537600 0.099301 13.518900
v 0.542000 0.111201 13.515000
v 0.500500 0.084701 13.479200
v 0.499000 0.078801 13.480900
v 0.503000 0.090001 13.477100
v 0.545700 0.116201 13.512400
v 0.506400 0.094701 13.474600
v 0.470400 0.073601 13.444900
v 0.467300 0.069301 13.447300
v 0.463800 0.059001 13.451000
v 0.465100 0.064401 13.449300
v 0.540000 0.079601 13.520900
v 0.542900 0.073601 13.520400
v 0.538000 0.086101 13.520800
v 0.501300 0.060401 13.482900
v 0.504100 0.054801 13.482400
v 0.499500 0.066501 13.482700
v 0.537200 0.092701 13.520100
v 0.498700 0.072701 13.482100
v 0.463500 0.053401 13.452200
v 0.464300 0.047601 13.452800
v 0.468600 0.036901 13.452600
v 0.466000 0.042101 13.453000
v 0.485800 0.023601 13.446100
v 0.480800 0.025501 13.448300
v 0.522900 0.040501 13.475500
v 0.517400 0.042501 13.477900
v 0.476200 0.028501 13.450200
v 0.512400 0.045701 13.479900
v 0.563000 0.058401 13.513200
v 0.557200 0.060601 13.515600
v 0.551700 0.064001 13.517700
v 0.546900 0.068401 13.519300
v 0.507900 0.049901 13.481400
v 0.472000 0.032301 13.451600
v 0.500900 0.024501 13.438000
v 0.539400 0.041501 13.467200
v 0.496000 0.023101 13.440800
v 0.534100 0.040001 13.470100
v 0.580800 0.059601 13.504600
v 0.575100 0.057901 13.507600
v 0.569000 0.057501 13.510500
v 0.528500 0.039601 13.472900
v 0.490900 0.022801 13.443500
v 0.404400 0.020201 13.376900
v 0.404900 0.016901 13.375200
v 0.400500 0.018401 13.378200
v 0.400900 0.014601 13.376600
v 0.408700 0.010701 13.373600
v 0.406600 0.013801 13.374200
v 0.404600 0.008001 13.375000
v 0.402500 0.011201 13.375600
v 0.399500 0.009201 13.377900
v 0.401600 0.005801 13.377300
v 0.397900 0.012801 13.378800
v 0.397500 0.016801 13.380300
v 0.415600 0.002201 13.374400
v 0.412300 -0.000699 13.375500
v 0.412700 0.004401 13.373500
v 0.409000 0.001501 13.374700
v 0.407800 -0.005099 13.380000
v 0.409900 -0.003099 13.377500
v 0.404100 -0.002699 13.379500
v 0.406300 -0.000799 13.376900
v 0.403700 0.002301 13.376900
v 0.401400 0.000401 13.379700
v 0.406600 0.004601 13.374600
v 0.410600 0.007401 13.373300
v 0.399000 -0.001399 13.382400
v 0.401700 -0.004399 13.382100
v 0.397100 -0.002799 13.385300
v 0.399800 -0.005599 13.384900
v 0.405400 -0.006599 13.382500
v 0.403500 -0.007599 13.385100
v 0.402600 -0.007799 13.388000
v 0.399100 -0.006099 13.388100
v 0.396400 -0.003499 13.388600
vn -0.7219 -0.2155 -0.6576
vn -0.7391 -0.2919 -0.6071
vn -0.8455 -0.1931 -0.4978
vn -0.7772 -0.1219 -0.6173
vn -0.7504 -0.3689 -0.5484
vn -0.8648 -0.2723 -0.4218
vn -0.9210 -0.0767 -0.3819
vn -0.8477 0.0298 -0.5296
vn -0.9436 -0.1618 -0.2888
vn -0.7531 -0.4161 -0.5096
vn -0.7522 -0.4460 -0.4850
vn -0.8660 -0.3508 -0.3562
vn -0.8660 -0.3223 -0.3823
vn -0.9476 -0.2383 -0.2126
vn -0.9469 -0.2119 -0.2420
vn -0.9922 0.0383 0.1184
vn -0.9949 0.0570 0.0829
vn -0.9925 -0.0855 -0.0870
vn -0.9926 -0.1084 -0.0540
vn -0.9953 0.0955 0.0162
vn -0.9887 -0.0397 -0.1446
vn -0.9787 0.1736 -0.1095
vn -0.9057 0.2948 -0.3048
vn -0.8911 0.1794 -0.4167
vn -0.9668 0.0478 -0.2509
vn -0.1934 -0.2475 -0.9494
vn -0.1837 -0.4104 -0.8932
vn -0.3249 -0.4027 -0.8557
vn -0.3170 -0.2420 -0.9171
vn -0.1739 -0.5162 -0.8386
vn -0.3294 -0.5065 -0.7968
vn -0.4635 -0.3841 -0.7985
vn -0.4690 -0.2327 -0.8520
vn -0.4731 -0.4817 -0.7377
vn -0.1668 -0.5749 -0.8010
vn -0.1623 -0.6081 -0.7771
vn -0.3254 -0.5968 -0.7334
vn -0.3290 -0.5639 -0.7575
vn -0.4758 -0.5673 -0.6722
vn -0.4784 -0.5350 -0.6963
vn -0.6194 -0.4873 -0.6155
vn -0.6176 -0.5185 -0.5914
vn -0.6131 -0.4391 -0.6567
vn -0.6244 -0.2223 -0.7488
vn -0.6027 -0.3549 -0.7147
vn -0.0664 -0.2435 -0.9676
vn -0.0387 -0.4048 -0.9136
vn 0.0990 -0.2365 -0.9666
vn 0.1119 -0.3883 -0.9147
vn -0.0137 -0.5091 -0.8606
vn 0.1425 -0.4865 -0.8620
vn 0.2826 -0.2286 -0.9316
vn 0.4086 -0.2234 -0.8849
vn 0.4428 -0.3004 -0.8448
vn 0.2736 -0.3613 -0.8914
vn 0.4749 -0.3780 -0.7947
vn 0.3042 -0.4462 -0.8416
vn 0.4997 -0.4556 -0.7367
vn 0.3322 -0.5262 -0.7828
vn 0.3252 -0.4949 -0.8058
vn 0.4917 -0.4255 -0.7597
vn 0.1686 -0.5727 -0.8022
vn 0.1623 -0.5402 -0.8257
vn 0.0051 -0.5997 -0.8002
vn -0.0003 -0.5667 -0.8239
vn 0.4769 -0.1306 -0.8692
vn 0.5777 -0.2051 -0.7900
vn 0.5782 0.0196 -0.8156
vn 0.7089 -0.0854 -0.7002
vn 0.6314 -0.2832 -0.7219
vn 0.7570 -0.1742 -0.6298
vn 0.6639 0.1680 -0.7287
vn 0.7220 0.2823 -0.6317
vn 0.8629 0.1593 -0.4797
vn 0.7958 0.0346 -0.6045
vn 0.9255 0.0805 -0.3701
vn 0.8557 -0.0535 -0.5148
vn 0.9613 0.0230 -0.2747
vn 0.8932 -0.1227 -0.4327
vn 0.8806 -0.0995 -0.4632
vn 0.9504 0.0419 -0.3083
vn 0.7889 -0.2511 -0.5608
vn 0.7773 -0.2245 -0.5877
vn 0.6566 -0.3619 -0.6618
vn 0.6470 -0.3333 -0.6858
vn 0.7631 0.3917 -0.5140
vn 0.8993 0.2817 -0.3346
vn 0.7891 0.5186 -0.3293
vn 0.9023 0.4000 -0.1610
vn 0.9549 0.2159 -0.2041
vn 0.9400 0.3396 -0.0315
vn 0.7769 0.6250 -0.0758
vn 0.7372 0.6635 0.1273
vn 0.7655 0.6033 0.2237
vn 0.8610 0.5070 0.0389
vn 0.7742 0.5513 0.3110
vn 0.8803 0.4520 0.1442
vn 0.7659 0.5227 0.3745
vn 0.8772 0.4228 0.2274
vn 0.8796 0.4315 0.2003
vn 0.7708 0.5301 0.3534
vn 0.9499 0.3052 0.0679
vn 0.9480 0.3162 0.0355
vn 0.9800 0.1711 -0.1011
vn 0.9732 0.1855 -0.1357
vn 0.6342 0.7578 0.1538
vn 0.6327 0.6876 0.3562
vn 0.4438 0.8734 0.2005
vn 0.4727 0.7567 0.4516
vn 0.6354 0.6290 0.4480
vn 0.4828 0.6828 0.5484
vn 0.2377 0.9390 0.2486
vn 0.0652 0.9555 0.2876
vn 0.1204 0.8147 0.5673
vn 0.2980 0.7997 0.5212
vn 0.1403 0.7290 0.6700
vn 0.3188 0.7162 0.6208
vn 0.1478 0.6898 0.7087
vn 0.3213 0.6784 0.6607
vn 0.3231 0.6868 0.6511
vn 0.1461 0.6987 0.7004
vn 0.4802 0.6483 0.5909
vn 0.4843 0.6559 0.5789
vn 0.6284 0.5981 0.4974
vn 0.6337 0.6053 0.4817
vn -0.6209 0.6738 0.4006
vn -0.6104 0.6138 0.5006
vn -0.4359 0.6956 0.5711
vn -0.5141 0.7665 0.3849
vn -0.5856 0.5617 0.5844
vn -0.4037 0.6369 0.6568
vn -0.2504 0.7623 0.5969
vn -0.3191 0.8792 0.3538
vn -0.2234 0.6882 0.6902
vn -0.5666 0.5404 0.6220
vn -0.5540 0.5328 0.6397
vn -0.3787 0.6058 0.6997
vn -0.3896 0.6131 0.6873
vn -0.2052 0.6535 0.7285
vn -0.2135 0.6613 0.7191
vn -0.0362 0.6896 0.7233
vn -0.0312 0.6812 0.7314
vn -0.0436 0.7189 0.6937
vn -0.1091 0.9417 0.3184
vn -0.0616 0.8025 0.5935
vn -0.9543 0.2964 0.0386
vn -0.8964 0.4050 -0.1800
vn -0.9560 0.2310 0.1807
vn -0.8880 0.4142 0.1997
vn -0.8470 0.5316 0.0004
vn -0.8737 0.3539 0.3338
vn -0.9401 0.1864 0.2855
vn -0.9469 0.2009 0.2510
vn -0.8448 0.3194 0.4292
vn -0.8555 0.3305 0.3987
vn -0.7273 0.4440 0.5234
vn -0.7146 0.4352 0.5477
vn -0.7492 0.4646 0.4720
vn -0.7363 0.6366 0.2291
vn -0.7712 0.5197 0.3676
vn 0.6113 0.7740 -0.1649
vn 0.5641 0.6616 -0.4940
vn 0.3610 0.9094 -0.2065
vn 0.2551 0.7675 -0.5882
vn 0.4770 0.4179 -0.7732
vn 0.5088 0.5154 -0.6896
vn 0.1612 0.5162 -0.8412
vn 0.1824 0.5966 -0.7815
vn -0.1599 0.5529 -0.8178
vn -0.1506 0.6153 -0.7738
vn -0.0641 0.6166 -0.7847
vn -0.0782 0.5494 -0.8319
vn -0.1121 0.7999 -0.5895
vn -0.0012 0.7999 -0.6002
vn -0.0283 0.9834 -0.1791
vn 0.1200 0.9723 -0.2008
vn -0.5383 -0.8291 0.1512
vn -0.4285 -0.8951 0.1230
vn -0.4459 -0.8409 0.3068
vn -0.6000 -0.7521 0.2727
vn -0.2835 -0.9563 0.0721
vn -0.2869 -0.9170 0.2772
vn -0.4629 -0.7272 0.5070
vn -0.6545 -0.6106 0.4458
vn -0.2833 -0.8239 0.4908
vn -0.1460 -0.9891 0.0183
vn -0.0154 -0.9996 -0.0223
vn 0.0203 -0.9867 0.1615
vn -0.1323 -0.9675 0.2153
vn 0.0618 -0.9260 0.3724
vn -0.1135 -0.8951 0.4312
vn 0.1674 -0.4789 0.8618
vn 0.0124 -0.4484 0.8938
vn -0.0723 -0.7418 0.6667
vn 0.1121 -0.7805 0.6150
vn -0.1577 -0.3769 0.9127
vn -0.2514 -0.6570 0.7107
vn -0.3577 -0.2668 0.8949
vn -0.5894 -0.1172 0.7993
vn -0.6643 -0.4091 0.6256
vn -0.4466 -0.5441 0.7103
vn -0.7083 -0.7021 0.0735
vn -0.8276 -0.5486 0.1189
vn -0.8331 -0.5446 0.0966
vn -0.7145 -0.6980 0.0481
vn -0.9111 -0.3802 0.1593
vn -0.9157 -0.3766 0.1403
vn -0.8376 -0.5407 0.0781
vn -0.7197 -0.6938 0.0261
vn -0.9192 -0.3734 0.1251
vn -0.9607 -0.1977 0.1948
vn -0.9743 0.0004 0.2254
vn -0.9769 0.0028 0.2138
vn -0.9644 -0.1945 0.1794
vn -0.9784 0.0045 0.2065
vn -0.9669 -0.1920 0.1681
vn -0.9798 0.0058 0.2000
vn -0.9703 -0.1881 0.1520
vn -0.9688 -0.1899 0.1593
vn -0.9793 0.0054 0.2022
vn -0.9247 -0.3673 0.1000
vn -0.9221 -0.3702 0.1122
vn -0.8450 -0.5329 0.0447
vn -0.7289 -0.6845 -0.0146
vn -0.7244 -0.6894 0.0058
vn -0.8414 -0.5369 0.0611
vn -0.0286 -0.9942 -0.1038
vn -0.2215 -0.9732 -0.0622
vn -0.2282 -0.9692 -0.0931
vn -0.0348 -0.9902 -0.1351
vn -0.3983 -0.9170 -0.0189
vn -0.4053 -0.9129 -0.0486
vn -0.2341 -0.9647 -0.1208
vn -0.0404 -0.9857 -0.1634
vn -0.4112 -0.9085 -0.0750
vn -0.5608 -0.8275 0.0263
vn -0.5674 -0.8234 -0.0016
vn -0.5733 -0.8190 -0.0262
vn -0.5836 -0.8087 -0.0731
vn -0.5786 -0.8141 -0.0495
vn -0.4222 -0.8976 -0.1264
vn -0.4167 -0.9035 -0.1004
vn -0.2455 -0.9535 -0.1750
vn -0.0516 -0.9744 -0.2187
vn -0.0459 -0.9806 -0.1907
vn -0.2398 -0.9595 -0.1476
vn 0.1600 -0.9722 -0.1711
vn 0.1656 -0.9762 -0.1401
vn 0.1548 -0.9677 -0.1991
vn 0.3413 -0.9187 -0.1987
vn 0.3445 -0.9222 -0.1756
vn 0.3366 -0.9142 -0.2255
vn 0.1444 -0.9565 -0.2534
vn 0.1497 -0.9626 -0.2259
vn 0.3272 -0.9034 -0.2771
vn 0.3321 -0.9092 -0.2511
vn 0.6560 -0.6955 -0.2931
vn 0.6598 -0.7002 -0.2727
vn 0.5021 -0.8226 -0.2668
vn 0.4978 -0.8172 -0.2905
vn 0.6633 -0.7046 -0.2521
vn 0.5062 -0.8274 -0.2433
vn 0.6669 -0.7088 -0.2297
vn 0.6709 -0.7129 -0.2040
vn 0.5149 -0.8359 -0.1902
vn 0.5103 -0.8318 -0.2185
vn 0.7973 -0.5575 -0.2314
vn 0.8009 -0.5614 -0.2086
vn 0.7942 -0.5537 -0.2504
vn 0.8929 -0.3909 -0.2236
vn 0.8959 -0.3945 -0.2042
vn 0.8903 -0.3877 -0.2389
vn 0.7883 -0.5459 -0.2838
vn 0.7913 -0.5498 -0.2674
vn 0.8857 -0.3818 -0.2641
vn 0.8879 -0.3847 -0.2522
vn 0.9809 -0.0096 -0.1944
vn 0.9813 -0.0100 -0.1923
vn 0.9520 -0.2051 -0.2272
vn 0.9506 -0.2033 -0.2345
vn 0.9821 -0.0110 -0.1878
vn 0.9536 -0.2073 -0.2183
vn 0.9835 -0.0126 -0.1805
vn 0.9855 -0.0149 -0.1689
vn 0.9582 -0.2128 -0.1911
vn 0.9557 -0.2098 -0.2067
vn 0.9718 0.1850 -0.1463
vn 0.9732 0.1835 -0.1387
vn 0.9712 0.1858 -0.1495
vn 0.9238 0.3676 -0.1073
vn 0.9245 0.3668 -0.1034
vn 0.9239 0.3675 -0.1066
vn 0.9719 0.1847 -0.1462
vn 0.9712 0.1857 -0.1494
vn 0.9265 0.3642 -0.0944
vn 0.9249 0.3663 -0.1022
vn 0.7311 0.6820 0.0202
vn 0.7274 0.6862 0.0039
vn 0.8444 0.5333 -0.0513
vn 0.8470 0.5301 -0.0392
vn 0.7249 0.6888 -0.0078
vn 0.8426 0.5353 -0.0594
vn 0.7232 0.6905 -0.0153
vn 0.7227 0.6910 -0.0181
vn 0.8417 0.5361 -0.0634
vn 0.8416 0.5364 -0.0639
vn 0.5759 0.8168 0.0343
vn 0.5749 0.8177 0.0292
vn 0.5782 0.8147 0.0447
vn 0.4132 0.9070 0.0813
vn 0.4118 0.9083 0.0742
vn 0.4159 0.9046 0.0935
vn 0.5857 0.8067 0.0788
vn 0.5815 0.8114 0.0593
vn 0.4242 0.8959 0.1322
vn 0.4195 0.9011 0.1102
vn 0.0529 0.9730 0.2245
vn 0.0481 0.9785 0.2005
vn 0.2421 0.9574 0.1575
vn 0.2471 0.9520 0.1808
vn 0.0443 0.9823 0.1819
vn 0.2384 0.9611 0.1393
vn 0.0416 0.9849 0.1681
vn 0.0398 0.9864 0.1596
vn 0.2339 0.9651 0.1178
vn 0.2356 0.9637 0.1259
vn -0.6629 0.7018 0.2607
vn -0.5067 0.8261 0.2466
vn -0.5055 0.8252 0.2520
vn -0.6624 0.7013 0.2634
vn -0.3375 0.9141 0.2249
vn -0.3360 0.9129 0.2319
vn -0.5036 0.8232 0.2622
vn -0.6610 0.6997 0.2710
vn -0.3337 0.9105 0.2442
vn -0.1558 0.9681 0.1961
vn -0.1541 0.9667 0.2042
vn -0.1515 0.9642 0.2177
vn -0.1433 0.9551 0.2594
vn -0.1479 0.9605 0.2358
vn -0.3264 0.9019 0.2830
vn -0.3304 0.9070 0.2612
vn -0.4973 0.8153 0.2966
vn -0.6560 0.6930 0.2991
vn -0.6590 0.6970 0.2829
vn -0.5009 0.8200 0.2770
vn -0.9482 0.1985 0.2479
vn -0.9499 0.2002 0.2402
vn -0.8870 0.3811 0.2609
vn -0.8878 0.3818 0.2570
vn -0.9505 0.2008 0.2371
vn -0.8876 0.3816 0.2579
vn -0.7926 0.5490 0.2654
vn -0.7927 0.5490 0.2649
vn -0.7919 0.5481 0.2692
vn -0.7882 0.5430 0.2897
vn -0.7904 0.5460 0.2777
vn -0.8854 0.3783 0.2700
vn -0.8868 0.3805 0.2623
vn -0.9500 0.1997 0.2402
vn -0.9505 0.2007 0.2372
vn -0.6753 -0.7082 0.2059
vn -0.7951 -0.5554 0.2436
vn -0.8075 -0.5551 0.1994
vn -0.6871 -0.7085 0.1610
vn -0.8794 -0.3881 0.2758
vn -0.8923 -0.3870 0.2323
vn -0.8150 -0.5541 0.1696
vn -0.6947 -0.7076 0.1292
vn -0.8997 -0.3856 0.2043
vn -0.9306 -0.2064 0.3024
vn -0.9463 -0.0094 0.3231
vn -0.9596 -0.0062 0.2814
vn -0.9438 -0.2044 0.2597
vn -0.9662 -0.0041 0.2576
vn -0.9509 -0.2027 0.2338
vn -0.9561 -0.2007 0.2134
vn -0.9707 -0.0020 0.2402
vn -0.9056 -0.3834 0.1811
vn -0.7015 -0.7055 0.1010
vn -0.8214 -0.5519 0.1438
vn -0.0001 -0.9993 0.0365
vn -0.1905 -0.9781 0.0836
vn -0.2003 -0.9790 0.0375
vn -0.0085 -1.0000 -0.0029
vn -0.3663 -0.9222 0.1240
vn -0.3768 -0.9230 0.0781
vn -0.2077 -0.9782 0.0026
vn -0.0154 -0.9992 -0.0380
vn -0.3842 -0.9222 0.0440
vn -0.5279 -0.8331 0.1649
vn -0.5391 -0.8337 0.1193
vn -0.5466 -0.8329 0.0861
vn -0.5537 -0.8308 0.0562
vn -0.3913 -0.9202 0.0126
vn -0.0220 -0.9973 -0.0706
vn -0.2145 -0.9763 -0.0295
vn 0.1845 -0.9820 -0.0400
vn 0.1932 -0.9811 0.0064
vn 0.1778 -0.9812 -0.0748
vn 0.3637 -0.9288 -0.0709
vn 0.3718 -0.9280 -0.0247
vn 0.3575 -0.9280 -0.1052
vn 0.1718 -0.9793 -0.1073
vn 0.3518 -0.9260 -0.1368
vn 0.6753 -0.7163 -0.1760
vn 0.5198 -0.8392 -0.1598
vn 0.6798 -0.7184 -0.1474
vn 0.5249 -0.8413 -0.1294
vn 0.6850 -0.7194 -0.1151
vn 0.6916 -0.7190 -0.0693
vn 0.5380 -0.8415 -0.0498
vn 0.5307 -0.8421 -0.0960
vn 0.8131 -0.5682 -0.1265
vn 0.8186 -0.5686 -0.0812
vn 0.8087 -0.5668 -0.1571
vn 0.9066 -0.4016 -0.1298
vn 0.9111 -0.4033 -0.0849
vn 0.9027 -0.4000 -0.1584
vn 0.8047 -0.5647 -0.1834
vn 0.8993 -0.3976 -0.1820
vn 0.9879 -0.0174 -0.1539
vn 0.9611 -0.2156 -0.1724
vn 0.9905 -0.0193 -0.1359
vn 0.9642 -0.2179 -0.1515
vn 0.9936 -0.0207 -0.1114
vn 0.9975 -0.0217 -0.0666
vn 0.9717 -0.2221 -0.0807
vn 0.9675 -0.2197 -0.1248
vn 0.9796 0.1802 -0.0893
vn 0.9825 0.1814 -0.0428
vn 0.9772 0.1802 -0.1124
vn 0.9287 0.3657 -0.0606
vn 0.9296 0.3684 -0.0109
vn 0.9274 0.3647 -0.0828
vn 0.9751 0.1816 -0.1274
vn 0.9259 0.3654 -0.0954
vn 0.7231 0.6906 -0.0158
vn 0.8427 0.5352 -0.0583
vn 0.7235 0.6902 -0.0069
vn 0.8436 0.5349 -0.0476
vn 0.7233 0.6904 0.0145
vn 0.7216 0.6886 0.0715
vn 0.8425 0.5380 0.0275
vn 0.8438 0.5360 -0.0261
vn 0.5758 0.8156 0.0576
vn 0.5765 0.8088 0.1162
vn 0.5753 0.8171 0.0364
vn 0.4144 0.9046 0.0993
vn 0.4205 0.8934 0.1580
vn 0.4122 0.9077 0.0789
vn 0.4114 0.9085 0.0728
vn 0.0391 0.9869 0.1565
vn 0.2334 0.9655 0.1153
vn 0.0419 0.9861 0.1609
vn 0.2347 0.9646 0.1205
vn 0.0515 0.9825 0.1789
vn 0.0756 0.9698 0.2318
vn 0.2542 0.9470 0.1964
vn 0.2402 0.9606 0.1401
vn -0.6322 0.7025 0.3269
vn -0.4652 0.8297 0.3084
vn -0.4930 0.8282 0.2666
vn -0.6522 0.7023 0.2854
vn -0.2893 0.9131 0.2873
vn -0.3219 0.9152 0.2425
vn -0.5035 0.8266 0.2514
vn -0.6599 0.7014 0.2694
vn -0.3342 0.9147 0.2272
vn -0.1089 0.9588 0.2624
vn -0.1407 0.9667 0.2137
vn -0.1528 0.9684 0.1973
vn -0.1563 0.9686 0.1932
vn -0.3377 0.9144 0.2231
vn -0.6626 0.7015 0.2626
vn -0.5066 0.8262 0.2464
vn -0.9229 0.1882 0.3358
vn -0.9360 0.1925 0.2948
vn -0.8635 0.3722 0.3404
vn -0.8767 0.3763 0.2996
vn -0.9420 0.1948 0.2732
vn -0.8823 0.3782 0.2802
vn -0.7706 0.5444 0.3314
vn -0.7832 0.5465 0.2965
vn -0.7890 0.5473 0.2791
vn -0.7915 0.5482 0.2701
vn -0.8852 0.3796 0.2687
vn -0.9456 0.1967 0.2590
vn -0.9802 0.0060 0.1978
vn -0.9721 -0.1860 0.1426
vn -0.9811 0.0065 0.1935
vn -0.9750 -0.1824 0.1272
vn -0.9278 -0.3635 0.0842
vn -0.9323 -0.3568 0.0587
vn -0.9824 0.0076 0.1864
vn -0.9845 0.0096 0.1749
vn -0.9835 -0.1673 0.0689
vn -0.9787 -0.1767 0.1042
vn -0.9436 -0.3291 -0.0351
vn -0.9379 -0.3463 0.0209
vn -0.7568 -0.6091 -0.2374
vn -0.7500 -0.6446 -0.1480
vn -0.8623 -0.5025 -0.0632
vn -0.8683 -0.4766 -0.1374
vn -0.7417 -0.6654 -0.0851
vn -0.8553 -0.5179 -0.0120
vn -0.7343 -0.6775 -0.0421
vn -0.8493 -0.5274 0.0227
vn -0.5901 -0.8005 -0.1053
vn -0.5988 -0.7858 -0.1549
vn -0.4294 -0.8885 -0.1618
vn -0.4393 -0.8719 -0.2162
vn -0.6177 -0.7151 -0.3272
vn -0.6089 -0.7602 -0.2268
vn -0.4635 -0.7900 -0.4014
vn -0.4514 -0.8425 -0.2941
vn -0.1095 -0.8541 -0.5084
vn -0.0873 -0.9136 -0.3972
vn -0.2781 -0.8941 -0.3511
vn -0.2949 -0.8366 -0.4617
vn -0.0709 -0.9465 -0.3149
vn -0.2638 -0.9261 -0.2697
vn -0.0591 -0.9647 -0.2567
vn -0.2529 -0.9439 -0.2123
vn 0.1370 -0.9470 -0.2907
vn 0.1249 -0.9292 -0.3478
vn 0.3201 -0.8944 -0.3125
vn 0.3082 -0.8779 -0.3665
vn 0.0798 -0.8397 -0.5371
vn 0.1067 -0.8972 -0.4285
vn 0.2596 -0.7960 -0.5468
vn 0.2895 -0.8484 -0.4432
vn 0.5967 -0.6198 -0.5097
vn 0.6230 -0.6554 -0.4270
vn 0.4620 -0.7687 -0.4423
vn 0.4318 -0.7237 -0.5384
vn 0.6408 -0.6763 -0.3633
vn 0.4803 -0.7943 -0.3720
vn 0.6504 -0.6886 -0.3207
vn 0.4913 -0.8090 -0.3227
vn 0.7838 -0.5405 -0.3059
vn 0.7761 -0.5310 -0.3401
vn 0.8825 -0.3779 -0.2801
vn 0.8770 -0.3713 -0.3052
vn 0.7404 -0.4893 -0.4609
vn 0.7630 -0.5155 -0.3900
vn 0.8516 -0.3433 -0.3961
vn 0.8676 -0.3607 -0.3424
vn 0.9756 -0.0059 -0.2194
vn 0.9781 -0.0080 -0.2081
vn 0.9400 -0.1919 -0.2820
vn 0.9310 -0.1825 -0.3162
vn 0.9796 -0.0092 -0.2009
vn 0.9454 -0.1977 -0.2591
vn 0.9804 -0.0095 -0.1966
vn 0.9486 -0.2013 -0.2440
vn 0.9730 0.1827 -0.1412
vn 0.9744 0.1802 -0.1345
vn 0.9291 0.3605 -0.0829
vn 0.9325 0.3551 -0.0661
vn 0.9786 0.1719 -0.1132
vn 0.9762 0.1769 -0.1257
vn 0.9420 0.3354 -0.0075
vn 0.9368 0.3473 -0.0422
vn 0.7589 0.6198 0.1998
vn 0.7508 0.6480 0.1282
vn 0.8623 0.5046 0.0425
vn 0.8691 0.4850 0.0969
vn 0.7428 0.6649 0.0782
vn 0.8561 0.5168 0.0048
vn 0.7361 0.6754 0.0435
vn 0.8508 0.5250 -0.0216
vn 0.5917 0.7990 0.1068
vn 0.5998 0.7863 0.1486
vn 0.4308 0.8875 0.1635
vn 0.4398 0.8731 0.2103
vn 0.6190 0.7286 0.2932
vn 0.6092 0.7652 0.2082
vn 0.4632 0.8053 0.3701
vn 0.4509 0.8486 0.2768
vn 0.1034 0.8709 0.4805
vn 0.0840 0.9206 0.3813
vn 0.2764 0.9009 0.3346
vn 0.2921 0.8530 0.4325
vn 0.0698 0.9483 0.3096
vn 0.2636 0.9278 0.2641
vn 0.0598 0.9641 0.2587
vn 0.2538 0.9433 0.2141
vn -0.1368 0.9463 0.2929
vn -0.1268 0.9309 0.3425
vn -0.3205 0.8935 0.3145
vn -0.3110 0.8791 0.3612
vn -0.0894 0.8560 0.5092
vn -0.1119 0.9040 0.4126
vn -0.2721 0.8110 0.5179
vn -0.2961 0.8544 0.4269
vn -0.6133 0.6305 0.4758
vn -0.6270 0.6579 0.4171
vn -0.4698 0.7735 0.4254
vn -0.4468 0.7369 0.5073
vn -0.6447 0.6758 0.3574
vn -0.4837 0.7948 0.3665
vn -0.6518 0.6863 0.3227
vn -0.4922 0.8076 0.3247
vn -0.7851 0.5377 0.3076
vn -0.7798 0.5296 0.3338
vn -0.8834 0.3746 0.2816
vn -0.8801 0.3694 0.2984
vn -0.7567 0.4978 0.4239
vn -0.7711 0.5174 0.3711
vn -0.8665 0.3497 0.3561
vn -0.8749 0.3616 0.3223
vn -0.9461 0.1920 0.2610
vn -0.9435 0.1872 0.2735
vn -0.9478 0.1953 0.2519
vn -0.9490 0.1979 0.2453
vn -0.6461 -0.7065 -0.2888
vn -0.7932 -0.5254 -0.3079
vn -0.7688 -0.4714 -0.4322
vn -0.6446 -0.6567 -0.3914
vn -0.8860 -0.3332 -0.3226
vn -0.8390 -0.2863 -0.4627
vn -0.7579 -0.4370 -0.4844
vn -0.6516 -0.6265 -0.4277
vn -0.8112 -0.2565 -0.5255
vn -0.9362 -0.1147 -0.3322
vn -0.9270 0.1787 -0.3297
vn -0.8565 0.1589 -0.4910
vn -0.8703 -0.0892 -0.4844
vn -0.8129 0.1376 -0.5660
vn -0.8293 -0.0750 -0.5538
vn -0.9687 0.0793 -0.2351
vn -0.9689 -0.1407 -0.2037
vn -0.8482 -0.0810 -0.5234
vn -0.8316 0.1171 -0.5429
vn -0.9273 -0.3457 -0.1438
vn -0.8349 -0.2612 -0.4845
vn -0.8369 -0.5433 -0.0669
vn -0.6856 -0.7275 0.0250
vn -0.6807 -0.6437 -0.3498
vn -0.7854 -0.4471 -0.4280
vn -0.0614 -0.9621 -0.2659
vn -0.1764 -0.9514 -0.2525
vn -0.1909 -0.9370 -0.2925
vn -0.0685 -0.9511 -0.3012
vn -0.3103 -0.9161 -0.2539
vn -0.3284 -0.8926 -0.3089
vn -0.1993 -0.9420 -0.2701
vn -0.0631 -0.9596 -0.2741
vn -0.3463 -0.8881 -0.3022
vn -0.4686 -0.8419 -0.2676
vn -0.4834 -0.8047 -0.3448
vn -0.5022 -0.7864 -0.3597
vn -0.4936 -0.8618 0.1166
vn -0.5262 -0.8108 -0.2565
vn -0.3041 -0.9350 0.1826
vn -0.3566 -0.9175 -0.1763
vn -0.1297 -0.9683 0.2136
vn 0.0348 -0.9786 0.2030
vn -0.0341 -0.9909 -0.1303
vn -0.1914 -0.9729 -0.1295
vn 0.6393 -0.7326 -0.2335
vn 0.4979 -0.6479 -0.5765
vn 0.3819 -0.8166 -0.4328
vn 0.4927 -0.8663 -0.0827
vn 0.4425 -0.6249 -0.6432
vn 0.3213 -0.7899 -0.5223
vn 0.2501 -0.9224 -0.2945
vn 0.3406 -0.9389 0.0495
vn 0.1927 -0.8922 -0.4085
vn 0.4506 -0.6511 -0.6108
vn 0.4913 -0.6987 -0.5201
vn 0.3258 -0.8426 -0.4289
vn 0.3100 -0.8063 -0.5038
vn 0.1777 -0.9188 -0.3525
vn 0.1736 -0.8958 -0.4092
vn 0.0489 -0.9391 -0.3402
vn 0.0511 -0.9531 -0.2982
vn 0.0654 -0.9444 -0.3221
vn 0.1903 -0.9707 0.1465
vn 0.1123 -0.9756 -0.1887
vn 0.8333 0.1232 -0.5390
vn 0.5817 0.1779 -0.7937
vn 0.6118 -0.0694 -0.7880
vn 0.8426 -0.1491 -0.5174
vn 0.5436 0.2151 -0.8113
vn 0.5757 -0.0462 -0.8164
vn 0.6067 -0.2628 -0.7502
vn 0.8137 -0.3592 -0.4570
vn 0.5662 -0.2436 -0.7874
vn 0.6016 0.2520 -0.7580
vn 0.7154 0.2847 -0.6381
vn 0.7472 -0.0567 -0.6622
vn 0.6346 -0.0447 -0.7716
vn 0.7076 -0.2987 -0.6404
vn 0.6133 -0.2613 -0.7454
vn 0.5563 -0.4561 -0.6946
vn 0.6260 -0.5048 -0.5944
vn 0.5266 -0.4295 -0.7336
vn 0.7505 -0.5513 -0.3644
vn 0.5737 -0.4499 -0.6844
vn -0.0174 0.9958 -0.0903
vn 0.1204 0.9711 -0.2060
vn 0.1357 0.9357 -0.3257
vn 0.0172 0.9833 -0.1810
vn 0.3178 0.8780 -0.3579
vn 0.2982 0.8153 -0.4963
vn 0.1941 0.8942 -0.4035
vn 0.0957 0.9691 -0.2272
vn 0.3219 0.7451 -0.5842
vn 0.5514 0.6480 -0.5255
vn 0.4782 0.5780 -0.6612
vn 0.4539 0.5050 -0.7341
vn 0.7890 0.4014 -0.4652
vn 0.5188 0.4445 -0.7303
vn 0.7083 0.6475 -0.2813
vn 0.4291 0.6875 -0.5858
vn 0.5963 0.8024 -0.0228
vn 0.4748 0.8491 0.2314
vn 0.2528 0.9562 -0.1476
vn 0.3348 0.8620 -0.3806
vn 0.0706 0.9962 0.0503
vn -0.0398 0.9979 0.0504
vn -0.0026 0.9993 0.0380
vn 0.0940 0.9941 0.0545
vn -0.0953 0.9949 0.0323
vn -0.0506 0.9987 -0.0023
vn 0.0674 0.9921 0.1059
vn 0.1389 0.9803 0.1405
vn 0.0333 0.9989 0.0334
vn -0.0910 0.9958 -0.0111
vn -0.0466 0.9963 -0.0726
vn 0.0406 0.9962 -0.0777
vn 0.3749 0.8243 0.4242
vn 0.1943 0.9794 0.0550
vn 0.3085 0.7769 0.5488
vn 0.1691 0.9629 0.2103
vn 0.2695 0.7388 0.6177
vn 0.2473 0.7241 0.6439
vn 0.1999 0.9157 0.3486
vn 0.1734 0.9355 0.3080
vn -0.3676 0.8715 0.3245
vn -0.2833 0.9580 -0.0439
vn -0.0170 0.9853 0.1701
vn -0.0437 0.8548 0.5171
vn -0.1720 0.9772 -0.1248
vn 0.0466 0.9984 0.0326
vn 0.1357 0.9471 0.2908
vn 0.1250 0.7882 0.6026
vn 0.1540 0.9814 0.1146
vn -0.0853 0.9910 -0.1034
vn -0.0223 0.9986 -0.0478
vn 0.1316 0.9913 0.0074
vn 0.0954 0.9954 -0.0026
vn 0.1827 0.9826 0.0326
vn 0.1681 0.9848 0.0433
vn 0.1623 0.9851 0.0571
vn 0.1596 0.9862 0.0436
vn 0.1762 0.9738 0.1440
vn 0.2089 0.7404 0.6389
vn 0.1956 0.9190 0.3422
vn -0.7882 0.3257 -0.5222
vn -0.9300 0.3006 -0.2116
vn -0.7517 0.3772 -0.5409
vn -0.7062 0.5525 -0.4428
vn -0.8422 0.5265 -0.1160
vn -0.6290 0.6274 -0.4591
vn -0.7987 0.5238 -0.2961
vn -0.7664 0.4492 -0.4592
vn -0.5482 0.8058 -0.2239
vn -0.5830 0.7219 -0.3727
vn -0.3374 0.9096 -0.2424
vn -0.2650 0.9552 -0.1316
vn -0.4298 0.8472 -0.3123
vn -0.6613 0.7469 0.0695
vn -0.5480 0.7880 -0.2806
vn -0.9627 0.0077 0.2706
vn -0.9376 -0.2076 0.2788
vn -0.8981 -0.0171 0.4395
vn -0.8809 -0.2124 0.4230
vn -0.8664 -0.3990 0.3003
vn -0.8266 -0.3909 0.4049
vn -0.9226 -0.0150 0.3854
vn -0.9031 -0.2079 0.3757
vn -0.8564 -0.3893 0.3393
vn -0.6519 -0.7047 0.2799
vn -0.7725 -0.5549 0.3088
vn -0.6159 -0.7012 0.3591
vn -0.7387 -0.5539 0.3841
vn -0.6051 -0.7141 0.3521
vn -0.7553 -0.5683 0.3264
vn -0.4332 -0.8205 0.3730
vn -0.4673 -0.8195 0.3318
vn -0.2629 -0.8850 0.3842
vn -0.3079 -0.9015 0.3040
vn -0.5074 -0.8294 0.2339
vn -0.3471 -0.9173 0.1951
vn 0.0160 -0.9930 0.1174
vn -0.1730 -0.9724 0.1564
vn 0.0415 -0.9699 0.2401
vn -0.1387 -0.9517 0.2741
vn 0.0672 -0.9305 0.3600
vn -0.0972 -0.9193 0.3813
vn 0.2264 -0.9204 0.3187
vn 0.2209 -0.9539 0.2031
vn 0.3794 -0.8878 0.2604
vn 0.3888 -0.9062 0.1662
vn 0.2057 -0.9753 0.0807
vn 0.3819 -0.9229 0.0490
vn 0.6975 -0.7166 0.0019
vn 0.5460 -0.8375 0.0228
vn 0.6964 -0.7108 0.0989
vn 0.5474 -0.8266 0.1309
vn 0.6836 -0.7220 0.1069
vn 0.5319 -0.8257 0.1879
vn 0.8148 -0.5789 0.0307
vn 0.8206 -0.5666 0.0749
vn 0.9095 -0.4147 -0.0287
vn 0.9112 -0.4076 0.0606
vn 0.8227 -0.5684 -0.0115
vn 0.9138 -0.4058 -0.0163
vn 0.9997 -0.0226 0.0024
vn 0.9740 -0.2262 -0.0128
vn 0.9973 -0.0155 0.0722
vn 0.9719 -0.2284 0.0570
vn 0.9970 0.0271 -0.0726
vn 0.9725 -0.2223 -0.0689
vn 0.9822 0.1853 0.0313
vn 0.9241 0.3753 0.0719
vn 0.9725 0.2034 0.1133
vn 0.9005 0.3971 0.1773
vn 0.7103 0.6817 0.1753
vn 0.8320 0.5414 0.1214
vn 0.6693 0.6637 0.3341
vn 0.7948 0.5506 0.2552
vn 0.7243 0.6155 0.3106
vn 0.5869 0.6659 0.4605
vn 0.8591 0.4922 0.1401
vn 0.9591 0.2829 -0.0020
vn 0.3019 0.6631 0.6850
vn 0.2399 0.6711 0.7015
vn 0.3755 0.6680 0.6425
vn 0.3032 0.8136 0.4962
vn 0.1878 0.8346 0.5178
vn 0.4185 0.7843 0.4579
vn 0.4685 0.6749 0.5701
vn 0.5400 0.7386 0.4037
vn 0.5712 0.7887 0.2275
vn 0.4276 0.8617 0.2730
vn 0.1226 0.9324 0.3400
vn 0.2795 0.9085 0.3108
vn -0.0447 0.9316 0.3608
vn -0.2211 0.9000 0.3757
vn 0.0568 0.8500 0.5237
vn -0.1029 0.8484 0.5192
vn -0.5905 0.7008 0.4003
vn -0.4060 0.8275 0.3879
vn -0.5130 0.6973 0.5006
vn -0.2956 0.8084 0.5090
vn -0.1444 0.7712 0.6200
vn -0.4219 0.7262 0.5428
vn 0.0423 0.7418 0.6692
vn 0.1631 0.7001 0.6952
vn -0.6458 0.6170 0.4497
vn -0.6816 0.5455 0.4878
vn -0.8272 0.4380 0.3521
vn -0.8020 0.3683 0.4702
vn -0.7366 0.5406 0.4066
vn -0.8380 0.3653 0.4054
vn -0.8991 0.1810 0.3987
vn -0.8722 0.1810 0.4545
vn -0.9286 0.2301 0.2911
vn -0.6033 -0.7942 0.0729
vn -0.7772 -0.6198 0.1087
vn -0.7830 -0.6174 0.0750
vn -0.6098 -0.7915 0.0409
vn -0.8983 -0.4180 0.1357
vn -0.9036 -0.4164 0.1009
vn -0.7944 -0.6074 0.0017
vn -0.6225 -0.7822 -0.0249
vn -0.9130 -0.4074 0.0221
vn -0.9735 -0.1684 0.1550
vn -0.9686 0.1888 0.1619
vn -0.9736 0.1875 0.1305
vn -0.9784 -0.1681 0.1207
vn -0.9810 0.1874 0.0506
vn -0.9860 -0.1621 0.0386
vn -0.9816 -0.1436 -0.1261
vn -0.9755 0.1870 -0.1157
vn -0.9155 -0.3800 -0.1323
vn -0.6395 -0.7548 -0.1459
vn -0.8043 -0.5778 -0.1383
vn -0.0165 -0.9989 -0.0429
vn -0.1250 -0.9919 -0.0213
vn -0.1304 -0.9903 -0.0477
vn -0.0217 -0.9974 -0.0690
vn -0.2530 -0.9674 0.0041
vn -0.2590 -0.9656 -0.0236
vn -0.1409 -0.9854 -0.0958
vn -0.0313 -0.9927 -0.1161
vn -0.2706 -0.9598 -0.0751
vn -0.4114 -0.9108 0.0349
vn -0.4178 -0.9085 0.0054
vn -0.4304 -0.9011 -0.0519
vn -0.4505 -0.8795 -0.1533
vn -0.2898 -0.9433 -0.1617
vn -0.0465 -0.9804 -0.1917
vn -0.1580 -0.9720 -0.1739
vn 0.0875 -0.9919 -0.0917
vn 0.0925 -0.9936 -0.0651
vn 0.0786 -0.9870 -0.1402
vn 0.2181 -0.9685 -0.1204
vn 0.2230 -0.9705 -0.0921
vn 0.2094 -0.9624 -0.1727
vn 0.0643 -0.9736 -0.2191
vn 0.1941 -0.9459 -0.2601
vn 0.5397 -0.7474 -0.3875
vn 0.3525 -0.8803 -0.3175
vn 0.5696 -0.7768 -0.2687
vn 0.3723 -0.9027 -0.2157
vn 0.5813 -0.7884 -0.2014
vn 0.5851 -0.7930 -0.1700
vn 0.3860 -0.9138 -0.1265
vn 0.3817 -0.9109 -0.1570
vn 0.8317 0.2995 -0.4674
vn 0.8641 -0.0782 -0.4972
vn 0.8971 0.3006 -0.3239
vn 0.9313 -0.0965 -0.3512
vn 0.8064 -0.3418 -0.4826
vn 0.8637 -0.3710 -0.3412
vn 0.9212 0.2979 -0.2501
vn 0.9297 0.2955 -0.2197
vn 0.9651 -0.1109 -0.2374
vn 0.9562 -0.1061 -0.2728
vn 0.8919 -0.3908 -0.2275
vn 0.8847 -0.3844 -0.2638
vn 0.7612 -0.6026 -0.2397
vn 0.7665 -0.6089 -0.2043
vn 0.7449 -0.5888 -0.3136
vn 0.7010 -0.5564 -0.4462
vn -0.0694 0.9971 0.0300
vn 0.1111 0.9937 -0.0121
vn 0.1137 0.9934 -0.0150
vn -0.0609 0.9976 0.0318
vn 0.3664 0.9276 -0.0732
vn 0.3641 0.9276 -0.0832
vn 0.1174 0.9925 -0.0344
vn -0.0488 0.9985 0.0238
vn 0.3598 0.9253 -0.1197
vn 0.6892 0.7080 -0.1538
vn 0.6835 0.7088 -0.1745
vn 0.6690 0.7060 -0.2323
vn 0.6286 0.6902 -0.3585
vn 0.3469 0.9134 -0.2129
vn -0.0340 0.9994 -0.0114
vn 0.1208 0.9881 -0.0947
vn 0.0373 0.9991 0.0180
vn -0.1054 0.9934 0.0456
vn -0.0946 0.9940 0.0554
vn 0.0413 0.9987 0.0298
vn -0.1765 0.9826 0.0577
vn -0.1627 0.9845 0.0654
vn -0.0801 0.9946 0.0661
vn 0.0481 0.9978 0.0450
vn -0.1447 0.9869 0.0715
vn -0.1692 0.9841 0.0539
vn -0.1561 0.9860 0.0589
vn -0.1387 0.9886 0.0591
vn -0.1162 0.9922 0.0450
vn -0.1218 0.9903 0.0672
vn 0.0584 0.9966 0.0582
vn -0.0614 0.9956 0.0709
vn 0.1661 0.9861 0.0039
vn 0.1695 0.9855 -0.0095
vn 0.1635 0.9863 0.0220
vn 0.2136 0.9769 -0.0086
vn 0.2219 0.9749 -0.0175
vn 0.2052 0.9787 0.0091
vn 0.1621 0.9859 0.0411
vn 0.1959 0.9802 0.0283
vn 0.0203 0.9998 -0.0072
vn 0.1577 0.9874 0.0157
vn 0.0492 0.9987 0.0096
vn 0.1753 0.9845 0.0047
vn 0.0650 0.9979 0.0069
vn 0.0724 0.9973 -0.0104
vn 0.1974 0.9801 -0.0199
vn 0.1880 0.9821 -0.0086
vn -0.1564 0.9870 0.0367
vn -0.1479 0.9883 0.0383
vn -0.1746 0.9844 0.0215
vn -0.4622 0.8834 0.0765
vn -0.4564 0.8862 0.0798
vn -0.4804 0.8763 0.0368
vn -0.2112 0.9770 -0.0305
vn -0.5141 0.8553 -0.0650
vn -0.8144 0.5724 -0.0957
vn -0.8028 0.5942 0.0499
vn -0.7841 0.6049 0.1389
vn -0.7901 0.6020 0.1154
vn 0.5217 -0.8498 -0.0757
vn 0.6272 -0.7788 0.0100
vn 0.4974 -0.8617 0.1003
vn 0.4116 -0.9095 -0.0578
vn 0.7539 -0.6394 0.1510
vn 0.5962 -0.7521 0.2809
vn 0.3418 -0.9298 0.1366
vn 0.2627 -0.9638 -0.0460
vn 0.4231 -0.8414 0.3363
vn 0.8458 -0.4240 0.3238
vn 0.8450 -0.0987 0.5255
vn 0.6662 -0.2603 0.6989
vn 0.6701 -0.5619 0.4850
vn 0.4878 -0.3770 0.7873
vn 0.4862 -0.6717 0.5590
vn 0.3020 -0.7500 0.5884
vn 0.3233 -0.4501 0.8324
vn 0.2437 -0.9039 0.3516
vn 0.1189 -0.9921 -0.0388
vn 0.1783 -0.9732 0.1449
vn -0.0734 0.7987 0.5973
vn -0.1253 0.7755 0.6188
vn 0.0122 0.6762 0.7367
vn 0.0935 0.7485 0.6565
vn -0.1407 0.7715 0.6205
vn -0.0331 0.6589 0.7515
vn 0.2532 0.4661 0.8477
vn 0.3801 0.5864 0.7153
vn 0.1488 0.4250 0.8929
vn -0.0690 0.7936 0.6045
vn 0.1281 0.8134 0.5674
vn 0.1525 0.7076 0.6900
vn -0.0011 0.6833 0.7301
vn 0.1848 0.4667 0.8649
vn 0.1141 0.4437 0.8889
vn 0.2535 0.0083 0.9673
vn 0.1997 0.0071 0.9798
vn 0.3641 0.0327 0.9308
vn 0.6738 0.2828 0.6826
vn 0.5164 0.1192 0.8480
vn 0.1457 0.0096 0.9893
vn 0.2599 0.4495 0.8546
vn 0.0268 0.0297 0.9992
vn 0.2307 0.4321 0.8718
vn 0.3212 0.7910 0.5207
vn 0.3086 0.6861 0.6588
vn 0.3933 0.7693 0.5035
vn 0.3488 0.6645 0.6609
vn 0.3331 0.7971 0.5038
vn 0.1982 0.7509 0.6299
vn 0.3059 0.6811 0.6653
vn 0.3839 0.7734 0.5044
vn -0.0676 0.5803 0.8116
vn 0.1138 0.4679 0.8764
vn -0.3765 0.2542 0.8909
vn -0.1534 0.1053 0.9825
vn -0.7094 -0.6771 0.1956
vn -0.5758 -0.8128 0.0884
vn -0.7992 -0.5048 0.3263
vn -0.7619 -0.6367 0.1192
vn -0.6016 -0.7983 0.0279
vn -0.8714 -0.4411 0.2147
vn -0.7884 0.0416 0.6138
vn -0.8380 -0.2810 0.4677
vn -0.8920 0.1495 0.4265
vn -0.9275 -0.1973 0.3175
vn -0.9409 0.2061 0.2687
vn -0.9649 -0.1586 0.2095
vn -0.9568 -0.1656 0.2391
vn -0.9283 0.1941 0.3173
vn -0.8963 -0.4178 0.1489
vn -0.8924 -0.4208 0.1626
vn -0.7761 -0.6245 0.0874
vn -0.6041 -0.7966 0.0217
vn -0.6067 -0.7948 0.0120
vn -0.7759 -0.6247 0.0883
vn -0.0341 -0.9908 -0.1306
vn -0.0390 -0.9872 -0.1546
vn -0.1471 -0.9804 -0.1308
vn -0.1414 -0.9841 -0.1078
vn -0.0415 -0.9854 -0.1653
vn -0.1520 -0.9785 -0.1394
vn -0.2709 -0.9575 -0.0990
vn -0.2654 -0.9610 -0.0780
vn -0.2765 -0.9555 -0.1030
vn -0.0365 -0.9903 -0.1337
vn -0.1532 -0.9830 -0.1016
vn -0.2805 -0.9582 -0.0562
vn -0.4238 -0.9058 0.0036
vn -0.4254 -0.9037 -0.0496
vn -0.4174 -0.9080 -0.0369
vn -0.4220 -0.9050 -0.0538
vn 0.3655 -0.9168 -0.1606
vn 0.5346 -0.8328 -0.1436
vn 0.2152 -0.9635 -0.1590
vn 0.3506 -0.9135 -0.2062
vn 0.5395 -0.8167 -0.2047
vn 0.1968 -0.9603 -0.1979
vn 0.0833 -0.9851 -0.1505
vn 0.0698 -0.9805 -0.1837
vn 0.0737 -0.9859 -0.1506
vn 0.0696 -0.9823 -0.1740
vn 0.1988 -0.9651 -0.1705
vn 0.1949 -0.9619 -0.1915
vn 0.3538 -0.9156 -0.1911
vn 0.5487 -0.8092 -0.2098
vn 0.5432 -0.8104 -0.2195
vn 0.3492 -0.9137 -0.2080
vn 0.9545 0.2809 -0.0998
vn 0.9645 0.2594 -0.0493
vn 0.9779 -0.1505 -0.1455
vn 0.9753 -0.1344 -0.1755
vn 0.9771 0.2022 0.0664
vn 0.9794 -0.1925 -0.0616
vn 0.8785 -0.4361 -0.1951
vn 0.8810 -0.4249 -0.2081
vn 0.8745 -0.4641 -0.1411
vn 0.9570 0.0778 0.2794
vn 0.9513 -0.2872 0.1121
vn 0.8463 -0.5326 -0.0127
vn 0.7012 -0.7060 -0.0998
vn 0.7243 -0.6639 -0.1859
vn 0.7366 -0.6405 -0.2172
vn 0.7312 -0.6468 -0.2169
vn 0.1573 0.8559 0.4926
vn -0.0792 0.8687 0.4890
vn 0.4588 0.7396 0.4925
vn 0.1542 0.9344 0.3211
vn -0.0927 0.9342 0.3446
vn 0.4528 0.8459 0.2819
vn 0.7682 0.4757 0.4285
vn 0.7693 0.6067 0.2003
vn 0.7265 0.6872 0.0087
vn 0.7435 0.6650 0.0711
vn 0.4080 0.9077 0.0986
vn 0.4247 0.8909 0.1612
vn 0.1300 0.9790 0.1568
vn -0.0928 0.9764 0.1950
vn -0.0959 0.9634 0.2504
vn 0.1380 0.9667 0.2154
vn 0.0587 0.9819 0.1802
vn 0.0686 0.9677 0.2428
vn -0.1428 0.9508 0.2750
vn -0.1385 0.9671 0.2133
vn 0.0844 0.9385 0.3349
vn -0.1384 0.9201 0.3665
vn -0.2439 0.9285 0.2801
vn -0.2333 0.9466 0.2226
vn -0.2445 0.8964 0.3696
vn 0.1068 0.8830 0.4571
vn -0.1122 0.8645 0.4899
vn -0.2091 0.8418 0.4976
vn -0.2053 0.8444 0.4947
vn -0.2387 0.9016 0.3608
vn -0.2248 0.9501 0.2165
vn -0.2358 0.9332 0.2713
vn 0.4048 0.8378 0.3664
vn 0.2935 0.8642 0.4087
vn 0.4053 0.8356 0.3709
vn 0.3812 0.8939 0.2358
vn 0.2462 0.9290 0.2765
vn 0.3877 0.8890 0.2436
vn 0.3172 0.8589 0.4022
vn 0.2964 0.9131 0.2800
vn 0.2453 0.9598 0.1367
vn 0.2691 0.9435 0.1934
vn 0.3242 0.9394 0.1116
vn 0.3543 0.9210 0.1618
vn 0.3111 0.9440 0.1103
vn 0.1792 0.9735 0.1421
vn 0.2082 0.9592 0.1911
vn 0.3431 0.9261 0.1568
vn -0.7162 0.6008 0.3552
vn -0.7319 0.6156 0.2922
vn -0.6801 0.5508 0.4838
vn -0.3673 0.8727 0.3217
vn -0.3861 0.8857 0.2577
vn -0.3351 0.8304 0.4451
vn -0.5771 0.4306 0.6940
vn -0.2441 0.7262 0.6427
vn 0.0684 0.8559 0.5126
vn -0.0031 0.9342 0.3568
vn -0.0623 0.9783 0.1977
vn -0.0379 0.9664 0.2542
vn -0.5938 -0.7949 0.1244
vn -0.7701 -0.6187 0.1552
vn -0.7715 -0.6193 0.1457
vn -0.5960 -0.7951 0.1124
vn -0.8929 -0.4149 0.1751
vn -0.8938 -0.4158 0.1683
vn -0.7729 -0.6197 0.1365
vn -0.5979 -0.7951 0.1016
vn -0.8947 -0.4166 0.1611
vn -0.9690 -0.1640 0.1846
vn -0.9650 0.1938 0.1765
vn -0.9649 0.1929 0.1781
vn -0.9695 -0.1649 0.1813
vn -0.9652 0.1918 0.1776
vn -0.9702 -0.1662 0.1766
vn -0.9712 -0.1673 0.1694
vn -0.9663 0.1904 0.1733
vn -0.8959 -0.4175 0.1516
vn -0.6000 -0.7949 0.0896
vn -0.7744 -0.6201 0.1256
vn -0.0054 -0.9999 0.0125
vn -0.1134 -0.9930 0.0340
vn -0.1165 -0.9930 0.0197
vn -0.0083 -1.0000 -0.0018
vn -0.2416 -0.9686 0.0589
vn -0.2444 -0.9686 0.0450
vn -0.1190 -0.9929 0.0074
vn -0.0107 -0.9998 -0.0144
vn -0.2471 -0.9685 0.0325
vn -0.4017 -0.9121 0.0819
vn -0.4030 -0.9121 0.0755
vn -0.4053 -0.9119 0.0638
vn -0.4079 -0.9116 0.0515
vn -0.2497 -0.9681 0.0202
vn -0.0118 -0.9997 -0.0197
vn -0.1217 -0.9926 -0.0053
vn 0.1003 -0.9947 -0.0238
vn 0.1030 -0.9946 -0.0105
vn 0.0980 -0.9945 -0.0364
vn 0.2298 -0.9719 -0.0506
vn 0.2346 -0.9718 -0.0239
vn 0.2277 -0.9717 -0.0631
vn 0.0956 -0.9942 -0.0491
vn 0.2256 -0.9713 -0.0757
vn 0.5881 -0.7953 -0.1468
vn 0.3882 -0.9151 -0.1092
vn 0.5883 -0.7964 -0.1401
vn 0.3899 -0.9158 -0.0966
vn 0.5902 -0.7973 -0.1266
vn 0.5920 -0.7977 -0.1149
vn 0.3939 -0.9164 -0.0712
vn 0.3918 -0.9162 -0.0844
vn 0.9328 0.2941 -0.2083
vn 0.9684 -0.1134 -0.2223
vn 0.9338 0.2932 -0.2048
vn 0.9699 -0.1146 -0.2146
vn 0.8948 -0.3938 -0.2103
vn 0.8963 -0.3955 -0.2004
vn 0.9340 0.2926 -0.2051
vn 0.9340 0.2917 -0.2062
vn 0.9713 -0.1161 -0.2078
vn 0.9708 -0.1154 -0.2104
vn 0.8985 -0.3974 -0.1867
vn 0.8974 -0.3966 -0.1933
vn 0.7712 -0.6147 -0.1655
vn 0.7718 -0.6153 -0.1604
vn 0.7700 -0.6136 -0.1749
vn 0.7687 -0.6119 -0.1863
vn -0.0932 0.9956 -0.0035
vn 0.0982 0.9942 -0.0444
vn 0.1021 0.9943 -0.0313
vn -0.0877 0.9961 0.0092
vn 0.3618 0.9269 -0.0994
vn 0.3642 0.9273 -0.0870
vn 0.1054 0.9942 -0.0219
vn -0.0821 0.9964 0.0189
vn 0.3658 0.9274 -0.0785
vn 0.6895 0.7053 -0.1646
vn 0.6909 0.7060 -0.1556
vn 0.6915 0.7066 -0.1502
vn 0.6911 0.7073 -0.1486
vn 0.3666 0.9275 -0.0734
vn -0.0751 0.9967 0.0307
vn 0.1083 0.9940 -0.0152
vn 0.0320 0.9995 -0.0031
vn -0.1132 0.9928 0.0384
vn 0.0308 0.9995 -0.0059
vn -0.1195 0.9924 0.0297
vn -0.1863 0.9811 0.0521
vn -0.1942 0.9800 0.0442
vn 0.0289 0.9995 -0.0116
vn 0.0259 0.9994 -0.0240
vn -0.1308 0.9914 0.0062
vn -0.1252 0.9919 0.0193
vn -0.2079 0.9779 0.0218
vn -0.2012 0.9790 0.0343
vn -0.1938 0.9805 0.0322
vn -0.2007 0.9795 0.0197
vn -0.1870 0.9815 0.0418
vn -0.1798 0.9827 0.0447
vn 0.0887 0.9952 -0.0405
vn 0.2128 0.9750 -0.0633
vn 0.2115 0.9761 -0.0492
vn 0.0876 0.9958 -0.0261
vn 0.2324 0.9704 -0.0665
vn 0.2318 0.9714 -0.0524
vn 0.2089 0.9772 -0.0378
vn 0.0852 0.9963 -0.0150
vn 0.2300 0.9723 -0.0410
vn 0.1725 0.9835 -0.0546
vn 0.1733 0.9840 -0.0406
vn 0.1731 0.9845 -0.0293
vn 0.1709 0.9850 -0.0251
vn 0.2261 0.9735 -0.0334
vn 0.0799 0.9967 -0.0114
vn 0.2045 0.9785 -0.0279
vn -0.7815 0.6069 0.1451
vn -0.7804 0.6083 0.1446
vn -0.4514 0.8879 0.0887
vn -0.4497 0.8892 0.0839
vn -0.7812 0.6101 0.1326
vn -0.7804 0.6093 0.1403
vn -0.4500 0.8908 0.0637
vn -0.4493 0.8901 0.0757
vn -0.1389 0.9902 0.0165
vn -0.1386 0.9903 0.0028
vn -0.1402 0.9898 0.0269
vn -0.1430 0.9891 0.0342
vn -0.9525 0.2077 0.2226
vn -0.9538 0.2067 0.2181
vn -0.9688 -0.1540 0.1942
vn -0.9688 -0.1541 0.1942
vn -0.9552 0.2056 0.2129
vn -0.9688 -0.1546 0.1939
vn -0.8989 -0.4076 0.1608
vn -0.8989 -0.4088 0.1578
vn -0.8983 -0.4076 0.1642
vn -0.9569 0.2045 0.2061
vn -0.9591 0.2032 0.1970
vn -0.9687 -0.1566 0.1927
vn -0.9687 -0.1557 0.1934
vn -0.8959 -0.4090 0.1736
vn -0.8973 -0.4082 0.1681
vn -0.5991 -0.7935 0.1070
vn -0.6040 -0.7929 0.0807
vn -0.7774 -0.6143 0.1351
vn -0.7751 -0.6149 0.1456
vn -0.6019 -0.7935 0.0898
vn -0.7789 -0.6140 0.1274
vn -0.6046 -0.7932 0.0722
vn -0.6046 -0.7939 0.0645
vn -0.7794 -0.6158 0.1155
vn -0.7796 -0.6144 0.1211
vn -0.0108 -0.9998 -0.0148
vn -0.0138 -0.9995 -0.0300
vn -0.1213 -0.9925 -0.0137
vn -0.1175 -0.9930 0.0068
vn -0.0179 -0.9986 -0.0502
vn -0.1239 -0.9919 -0.0283
vn -0.2483 -0.9686 0.0131
vn -0.2452 -0.9689 0.0329
vn -0.2508 -0.9680 -0.0013
vn -0.0202 -0.9979 -0.0617
vn -0.0223 -0.9972 -0.0713
vn -0.1282 -0.9905 -0.0494
vn -0.1262 -0.9912 -0.0398
vn -0.2543 -0.9669 -0.0219
vn -0.2526 -0.9675 -0.0124
vn -0.4109 -0.9114 0.0240
vn -0.4116 -0.9113 0.0151
vn -0.4094 -0.9117 0.0344
vn -0.4043 -0.9122 0.0660
vn -0.4074 -0.9120 0.0474
vn 0.5726 -0.8016 -0.1721
vn 0.3723 -0.9171 -0.1426
vn 0.3756 -0.9170 -0.1343
vn 0.5765 -0.8002 -0.1652
vn 0.2116 -0.9705 -0.1154
vn 0.2139 -0.9711 -0.1062
vn 0.3789 -0.9171 -0.1241
vn 0.5799 -0.7994 -0.1568
vn 0.2166 -0.9716 -0.0953
vn 0.0840 -0.9922 -0.0921
vn 0.0860 -0.9929 -0.0826
vn 0.0884 -0.9936 -0.0710
vn 0.0963 -0.9947 -0.0362
vn 0.0917 -0.9942 -0.0564
vn 0.2250 -0.9724 -0.0618
vn 0.2201 -0.9721 -0.0812
vn 0.3872 -0.9173 -0.0934
vn 0.5873 -0.7986 -0.1317
vn 0.5832 -0.7990 -0.1463
vn 0.3824 -0.9173 -0.1114
vn 0.9435 0.2951 -0.1506
vn 0.9743 -0.1173 -0.1925
vn 0.9743 -0.1158 -0.1932
vn 0.9425 0.2954 -0.1563
vn 0.8929 -0.4027 -0.2012
vn 0.8947 -0.4001 -0.1985
vn 0.9742 -0.1151 -0.1940
vn 0.9413 0.2957 -0.1630
vn 0.8961 -0.3985 -0.1956
vn 0.7591 -0.6216 -0.1935
vn 0.7625 -0.6189 -0.1886
vn 0.7652 -0.6173 -0.1828
vn 0.7703 -0.6158 -0.1656
vn 0.7676 -0.6165 -0.1755
vn 0.8985 -0.3970 -0.1874
vn 0.8972 -0.3976 -0.1922
vn 0.9736 -0.1141 -0.1976
vn 0.9375 0.2959 -0.1832
vn 0.9397 0.2960 -0.1714
vn 0.9740 -0.1145 -0.1956
vn -0.0915 0.9900 0.1070
vn 0.1098 0.9916 0.0686
vn 0.1068 0.9927 0.0555
vn -0.0920 0.9913 0.0938
vn 0.3780 0.9257 0.0119
vn 0.3745 0.9272 -0.0007
vn 0.1046 0.9937 0.0406
vn -0.0926 0.9926 0.0792
vn 0.3715 0.9283 -0.0149
vn 0.7022 0.7077 -0.0783
vn 0.7018 0.7080 -0.0796
vn 0.6995 0.7088 -0.0916
vn 0.6937 0.7089 -0.1272
vn 0.6970 0.7091 -0.1065
vn 0.3653 0.9291 -0.0574
vn 0.3686 0.9290 -0.0329
vn 0.0992 0.9951 -0.0029
vn -0.0960 0.9947 0.0365
vn -0.0923 0.9935 0.0673
vn 0.1022 0.9945 0.0224
vn 0.0315 0.9994 0.0126
vn 0.0357 0.9987 0.0367
vn -0.1288 0.9893 0.0691
vn -0.1318 0.9903 0.0450
vn 0.0387 0.9978 0.0544
vn -0.1275 0.9880 0.0868
vn -0.2098 0.9741 0.0842
vn -0.2121 0.9754 0.0605
vn -0.2096 0.9725 0.1018
vn 0.0411 0.9968 0.0688
vn 0.0433 0.9957 0.0820
vn -0.1281 0.9851 0.1150
vn -0.1274 0.9866 0.1015
vn -0.2124 0.9686 0.1293
vn -0.2105 0.9707 0.1162
vn -0.2041 0.9722 0.1146
vn -0.2056 0.9703 0.1276
vn -0.2033 0.9740 0.1002
vn -0.2055 0.9769 0.0587
vn -0.2035 0.9756 0.0825
vn 0.1367 0.9887 0.0615
vn 0.2587 0.9653 0.0343
vn 0.2524 0.9674 0.0227
vn 0.1311 0.9901 0.0493
vn 0.2735 0.9614 0.0316
vn 0.2673 0.9634 0.0200
vn 0.2461 0.9692 0.0099
vn 0.1250 0.9915 0.0357
vn 0.2615 0.9652 0.0069
vn 0.2049 0.9776 0.0475
vn 0.2001 0.9791 0.0353
vn 0.1955 0.9805 0.0217
vn 0.1850 0.9826 -0.0187
vn 0.1900 0.9818 0.0023
vn 0.2490 0.9680 -0.0323
vn 0.2556 0.9667 -0.0094
vn 0.2323 0.9722 -0.0292
vn 0.1102 0.9939 -0.0049
vn 0.1200 0.9924 0.0268
vn 0.2395 0.9709 -0.0066
vn -0.7614 0.6217 0.1837
vn -0.7670 0.6200 0.1653
vn -0.7573 0.6228 0.1968
vn -0.4212 0.8983 0.1251
vn -0.4295 0.8973 0.1019
vn -0.4152 0.8986 0.1421
vn -0.7509 0.6238 0.2167
vn -0.7539 0.6234 0.2073
vn -0.4074 0.8977 0.1682
vn -0.4108 0.8983 0.1557
vn -0.0958 0.9907 0.0966
vn -0.0916 0.9898 0.1095
vn -0.1009 0.9915 0.0824
vn -0.1163 0.9924 0.0403
vn -0.1075 0.9921 0.0647
vn -0.7754 -0.6243 0.0951
vn -0.6020 -0.7977 0.0356
vn -0.8967 -0.4169 0.1490
vn -0.7764 -0.6219 0.1023
vn -0.6022 -0.7969 0.0468
vn -0.8975 -0.4144 0.1511
vn -0.9461 0.2086 0.2477
vn -0.9670 -0.1573 0.2003
vn -0.9491 0.2091 0.2356
vn -0.9681 -0.1561 0.1960
vn -0.9686 -0.1549 0.1944
vn -0.9511 0.2085 0.2278
vn -0.8984 -0.4114 0.1541
vn -0.6035 -0.7954 0.0561
vn -0.7780 -0.6187 0.1090
vn -0.0242 -0.9964 -0.0813
vn -0.1302 -0.9897 -0.0594
vn -0.0267 -0.9953 -0.0934
vn -0.1328 -0.9886 -0.0712
vn -0.2556 -0.9663 -0.0316
vn -0.2575 -0.9653 -0.0431
vn -0.0297 -0.9936 -0.1088
vn -0.1365 -0.9869 -0.0863
vn -0.2606 -0.9637 -0.0577
vn -0.4135 -0.9103 -0.0187
vn -0.4121 -0.9111 -0.0052
vn -0.4117 -0.9113 0.0058
vn 0.3589 -0.9171 -0.1736
vn 0.5550 -0.8082 -0.1969
vn 0.2027 -0.9676 -0.1505
vn 0.3637 -0.9175 -0.1611
vn 0.5614 -0.8061 -0.1872
vn 0.2060 -0.9691 -0.1360
vn 0.0773 -0.9886 -0.1291
vn 0.0799 -0.9903 -0.1139
vn 0.0821 -0.9914 -0.1020
vn 0.2089 -0.9699 -0.1249
vn 0.5686 -0.8038 -0.1750
vn 0.3683 -0.9173 -0.1512
vn 0.9447 0.2946 -0.1442
vn 0.9741 -0.1195 -0.1918
vn 0.9465 0.2931 -0.1353
vn 0.9742 -0.1228 -0.1895
vn 0.8903 -0.4070 -0.2041
vn 0.8874 -0.4123 -0.2064
vn 0.9495 0.2891 -0.1221
vn 0.9745 -0.1274 -0.1849
vn 0.8842 -0.4183 -0.2081
vn 0.7426 -0.6359 -0.2101
vn 0.7487 -0.6307 -0.2042
vn 0.7543 -0.6257 -0.1987
vn 0.1239 0.9848 0.1220
vn -0.0907 0.9828 0.1607
vn 0.3967 0.9157 0.0639
vn 0.1185 0.9880 0.0992
vn -0.0901 0.9863 0.1380
vn 0.3885 0.9205 0.0417
vn 0.7166 0.6971 -0.0230
vn 0.7104 0.7025 -0.0431
vn 0.7065 0.7054 -0.0576
vn 0.3824 0.9236 0.0252
vn -0.0906 0.9885 0.1209
vn 0.1136 0.9901 0.0824
vn 0.0456 0.9943 0.0964
vn -0.1290 0.9831 0.1295
vn 0.0485 0.9922 0.1148
vn -0.1308 0.9803 0.1481
vn -0.2145 0.9661 0.1438
vn -0.2182 0.9625 0.1614
vn 0.0524 0.9888 0.1400
vn -0.1340 0.9756 0.1737
vn -0.2242 0.9567 0.1857
vn -0.2160 0.9593 0.1820
vn -0.2104 0.9646 0.1590
vn -0.2074 0.9679 0.1417
vn 0.2893 0.9538 0.0810
vn 0.1607 0.9807 0.1112
vn 0.3033 0.9495 0.0800
vn 0.2752 0.9594 0.0616
vn 0.1493 0.9846 0.0904
vn 0.2895 0.9553 0.0594
vn 0.2287 0.9683 0.1006
vn 0.2178 0.9729 0.0776
vn 0.2103 0.9757 0.0608
vn 0.2803 0.9589 0.0441
vn 0.1421 0.9870 0.0746
vn 0.2657 0.9629 0.0467
vn -0.7479 0.6237 0.2272
vn -0.7442 0.6230 0.2409
vn -0.4043 0.8964 0.1817
vn -0.4009 0.8944 0.1986
vn -0.7395 0.6207 0.2606
vn -0.3957 0.8912 0.2218
vn -0.0761 0.9836 0.1634
vn -0.0836 0.9865 0.1407
vn -0.0883 0.9884 0.1234
vn -0.7725 -0.6156 0.1559
vn -0.5960 -0.7937 0.1221
vn -0.8944 -0.4102 0.1784
vn -0.7706 -0.6165 0.1617
vn -0.5938 -0.7939 0.1313
vn -0.8932 -0.4117 0.1810
vn -0.9617 0.2006 0.1870
vn -0.9687 -0.1584 0.1912
vn -0.9636 0.1981 0.1797
vn -0.9687 -0.1601 0.1895
vn -0.9689 -0.1620 0.1870
vn -0.9647 0.1958 0.1760
vn -0.8917 -0.4132 0.1845
vn -0.5936 -0.7944 0.1290
vn -0.7697 -0.6176 0.1617
vn -0.0034 -0.9998 0.0220
vn -0.1115 -0.9928 0.0434
vn -0.0040 -0.9998 0.0193
vn -0.1118 -0.9929 0.0407
vn -0.2396 -0.9685 0.0680
vn -0.2398 -0.9686 0.0655
vn -0.0066 -1.0000 0.0063
vn -0.1139 -0.9931 0.0278
vn -0.2418 -0.9689 0.0530
vn -0.4012 -0.9121 0.0843
vn -0.3992 -0.9119 0.0957
vn -0.3988 -0.9118 0.0977
vn 0.3918 -0.9170 -0.0752
vn 0.5909 -0.7982 -0.1170
vn 0.2299 -0.9723 -0.0418
vn 0.3947 -0.9165 -0.0643
vn 0.5931 -0.7979 -0.1080
vn 0.2330 -0.9720 -0.0297
vn 0.1010 -0.9948 -0.0155
vn 0.1040 -0.9946 -0.0027
vn 0.1038 -0.9946 -0.0064
vn 0.2351 -0.9718 -0.0201
vn 0.5948 -0.7978 -0.0987
vn 0.3955 -0.9164 -0.0623
vn 0.9330 0.2924 -0.2096
vn 0.9718 -0.1157 -0.2056
vn 0.9338 0.2933 -0.2050
vn 0.9724 -0.1152 -0.2031
vn 0.8994 -0.3972 -0.1822
vn 0.8997 -0.3971 -0.1812
vn 0.9353 0.2947 -0.1958
vn 0.9730 -0.1146 -0.2006
vn 0.8994 -0.3969 -0.1832
vn 0.7726 -0.6155 -0.1555
vn 0.7739 -0.6153 -0.1498
vn 0.7725 -0.6152 -0.1572
vn 0.0963 0.9949 -0.0289
vn -0.0985 0.9951 0.0112
vn 0.3622 0.9284 -0.0831
vn 0.0948 0.9944 -0.0463
vn -0.0994 0.9950 -0.0058
vn 0.3604 0.9274 -0.1003
vn 0.6909 0.7075 -0.1487
vn 0.6889 0.7061 -0.1637
vn 0.6882 0.7054 -0.1696
vn 0.3601 0.9268 -0.1063
vn -0.0977 0.9951 -0.0113
vn 0.0954 0.9941 -0.0522
vn 0.0247 0.9994 -0.0262
vn -0.1352 0.9908 -0.0017
vn 0.0226 0.9991 -0.0371
vn -0.1364 0.9906 0.0039
vn -0.2131 0.9769 0.0144
vn -0.2153 0.9763 0.0198
vn 0.0270 0.9996 -0.0122
vn -0.1350 0.9906 0.0202
vn -0.2148 0.9760 0.0361
vn -0.2079 0.9775 0.0343
vn -0.2083 0.9779 0.0178
vn -0.2054 0.9786 0.0161
vn 0.2250 0.9729 -0.0529
vn 0.1018 0.9944 -0.0292
vn 0.2427 0.9685 -0.0557
vn 0.2190 0.9733 -0.0681
vn 0.0953 0.9944 -0.0449
vn 0.2374 0.9688 -0.0711
vn 0.1794 0.9828 -0.0430
vn 0.1751 0.9828 -0.0586
vn 0.1726 0.9830 -0.0632
vn 0.2339 0.9693 -0.0754
vn 0.0906 0.9947 -0.0494
vn 0.2148 0.9740 -0.0722
vn -0.7806 0.6118 0.1282
vn -0.7778 0.6142 0.1333
vn -0.4491 0.8917 0.0566
vn -0.4451 0.8934 0.0620
vn -0.7732 0.6170 0.1465
vn -0.4384 0.8954 0.0780
vn -0.1255 0.9920 0.0155
vn -0.1327 0.9912 -0.0009
vn -0.1380 0.9904 -0.0114
vn -0.7525 -0.4765 -0.4546
vn -0.8666 -0.3770 -0.3269
vn -0.7558 -0.5165 -0.4024
vn -0.8690 -0.4082 -0.2795
vn -0.9477 -0.2598 -0.1853
vn -0.9481 -0.2825 -0.1459
vn -0.7585 -0.5617 -0.3304
vn -0.8706 -0.4420 -0.2161
vn -0.9473 -0.3057 -0.0956
vn -0.9866 0.0147 0.1627
vn -0.9877 -0.1535 0.0310
vn -0.9884 0.0203 0.1505
vn -0.9902 -0.1394 -0.0020
vn -0.9902 0.0274 0.1368
vn -0.9917 -0.1247 -0.0302
vn -0.1565 -0.6461 -0.7470
vn -0.3216 -0.6344 -0.7029
vn -0.1462 -0.7046 -0.6943
vn -0.3166 -0.6915 -0.6493
vn -0.4738 -0.6035 -0.6413
vn -0.4731 -0.6569 -0.5871
vn -0.1311 -0.7761 -0.6168
vn -0.3087 -0.7610 -0.5705
vn -0.4710 -0.7209 -0.5084
vn -0.6209 -0.6558 -0.4294
vn -0.6193 -0.6001 -0.5063
vn -0.6170 -0.5524 -0.5605
vn 0.3961 -0.6641 -0.6340
vn 0.5632 -0.5721 -0.5962
vn 0.2257 -0.7267 -0.6488
vn 0.3656 -0.6081 -0.7047
vn 0.5335 -0.5266 -0.6618
vn 0.1979 -0.6626 -0.7224
vn 0.0510 -0.7640 -0.6432
vn 0.0286 -0.6945 -0.7189
vn 0.0131 -0.6372 -0.7706
vn 0.1781 -0.6089 -0.7730
vn 0.5112 -0.4864 -0.7086
vn 0.3432 -0.5602 -0.7539
vn 0.9204 -0.1685 -0.3529
vn 0.9728 -0.0009 -0.2315
vn 0.8322 -0.3195 -0.4533
vn 0.9103 -0.1542 -0.3842
vn 0.9699 0.0049 -0.2436
vn 0.8140 -0.2958 -0.4999
vn 0.7127 -0.4542 -0.5346
vn 0.6876 -0.4201 -0.5922
vn 0.6626 -0.3889 -0.6401
vn 0.7989 -0.2729 -0.5360
vn 0.9664 0.0121 -0.2569
vn 0.9011 -0.1393 -0.4107
vn 0.8730 0.4622 0.1559
vn 0.7624 0.5853 0.2759
vn 0.9459 0.3230 0.0304
vn 0.8744 0.4417 0.2008
vn 0.7629 0.5539 0.3334
vn 0.9483 0.3119 0.0590
vn 0.9807 0.1683 -0.0991
vn 0.9820 0.1659 -0.0902
vn 0.9822 0.1655 -0.0886
vn 0.9497 0.3044 0.0743
vn 0.7632 0.5300 0.3696
vn 0.8754 0.4263 0.2279
vn 0.3050 0.7909 0.5305
vn 0.1225 0.8063 0.5786
vn 0.4711 0.7496 0.4649
vn 0.3131 0.7351 0.6014
vn 0.1362 0.7484 0.6490
vn 0.4747 0.6993 0.5344
vn 0.6237 0.6825 0.3811
vn 0.6247 0.6406 0.4465
vn 0.6253 0.6088 0.4882
vn 0.4772 0.6614 0.5787
vn 0.1449 0.7051 0.6941
vn 0.3182 0.6931 0.6468
vn -0.5534 0.5401 0.6341
vn -0.3793 0.6165 0.6900
vn -0.5665 0.5642 0.6006
vn -0.3942 0.6485 0.6512
vn -0.2067 0.6667 0.7161
vn -0.2211 0.7048 0.6741
vn -0.5878 0.5958 0.5473
vn -0.4178 0.6905 0.5904
vn -0.2438 0.7552 0.6084
vn -0.0646 0.7938 0.6048
vn -0.0456 0.7378 0.6735
vn -0.0335 0.6959 0.7174
vn -0.9373 0.1809 0.2978
vn -0.9378 0.1812 0.2962
vn -0.8422 0.3186 0.4350
vn -0.8468 0.3262 0.4202
vn -0.9401 0.1836 0.2874
vn -0.8555 0.3372 0.3929
vn -0.7378 0.4749 0.4798
vn -0.7221 0.4542 0.5218
vn -0.7127 0.4386 0.5474
vn 0.3228 -0.0689 -0.9440
vn 0.0998 -0.0282 -0.9946
vn 0.3867 0.1356 -0.9122
vn 0.1199 0.2259 -0.9668
vn -0.1972 -0.0164 -0.9802
vn -0.0902 -0.0149 -0.9958
vn -0.1881 0.2608 -0.9469
vn -0.0964 0.2592 -0.9610
vn -0.0849 0.4728 -0.8771
vn -0.1694 0.4768 -0.8625
vn 0.1486 0.4308 -0.8901
vn 0.4453 0.3164 -0.8376
vn -0.6635 -0.0622 -0.7456
vn -0.7068 0.1433 -0.6927
vn -0.4772 -0.0242 -0.8785
vn -0.4807 0.2299 -0.8462
vn -0.7322 0.4272 -0.5305
vn -0.7294 0.3251 -0.6019
vn -0.4655 0.5212 -0.7153
vn -0.4743 0.4354 -0.7652
vn -0.2531 0.4740 -0.8434
vn -0.2406 0.5507 -0.7992
vn -0.2786 0.2605 -0.9244
vn -0.3020 -0.0136 -0.9532
vn -0.2344 0.6179 -0.7505
vn -0.4608 0.6020 -0.6521
vn -0.2184 0.8016 -0.5565
vn -0.4509 0.7730 -0.4462
vn -0.7278 0.5254 -0.4408
vn -0.7011 0.6718 -0.2391
vn -0.6159 0.7835 0.0820
vn -0.3990 0.9154 -0.0537
vn -0.1735 0.9746 -0.1417
vn -0.7390 -0.2920 -0.6071
vn -0.7504 -0.3690 -0.5483
vn -0.8648 -0.2725 -0.4217
vn -0.9210 -0.0767 -0.3820
vn -0.8477 0.0297 -0.5296
vn -0.7531 -0.4162 -0.5095
vn -0.7522 -0.4460 -0.4851
vn -0.8660 -0.3509 -0.3562
vn -0.9476 -0.2383 -0.2125
vn -0.9469 -0.2119 -0.2419
vn -0.9922 0.0384 0.1184
vn -0.9949 0.0571 0.0829
vn -0.9925 -0.0854 -0.0871
vn -0.9953 0.0955 0.0161
vn -0.9057 0.2948 -0.3047
vn -0.8912 0.1794 -0.4167
vn -0.9669 0.0478 -0.2508
vn -0.1838 -0.4104 -0.8932
vn -0.3170 -0.2420 -0.9170
vn -0.1738 -0.5162 -0.8386
vn -0.4730 -0.4817 -0.7377
vn -0.3289 -0.5639 -0.7575
vn -0.6176 -0.5185 -0.5913
vn -0.0665 -0.2435 -0.9676
vn -0.0137 -0.5090 -0.8607
vn 0.4086 -0.2234 -0.8850
vn 0.4429 -0.3003 -0.8448
vn 0.4750 -0.3780 -0.7947
vn 0.3042 -0.4463 -0.8416
vn 0.4998 -0.4555 -0.7367
vn 0.3323 -0.5262 -0.7827
vn 0.3252 -0.4948 -0.8058
vn 0.1686 -0.5728 -0.8022
vn -0.0002 -0.5667 -0.8239
vn 0.5854 -0.2032 -0.7849
vn 0.5781 0.0197 -0.8157
vn 0.7013 -0.0884 -0.7073
vn 0.6314 -0.2831 -0.7219
vn 0.7569 -0.1742 -0.6299
vn 0.6639 0.1681 -0.7287
vn 0.7219 0.2823 -0.6318
vn 0.7958 0.0347 -0.6046
vn 0.9255 0.0805 -0.3700
vn 0.8556 -0.0535 -0.5148
vn 0.9613 0.0230 -0.2746
vn 0.8931 -0.1227 -0.4327
vn 0.8807 -0.0995 -0.4631
vn 0.9504 0.0418 -0.3082
vn 0.7889 -0.2511 -0.5609
vn 0.6566 -0.3619 -0.6617
vn 0.7632 0.3917 -0.5139
vn 0.8993 0.2817 -0.3345
vn 0.7891 0.5186 -0.3292
vn 0.9549 0.2158 -0.2042
vn 0.7770 0.6250 -0.0756
vn 0.7655 0.6034 0.2236
vn 0.8611 0.5070 0.0389
vn 0.7741 0.5513 0.3111
vn 0.8803 0.4520 0.1443
vn 0.7659 0.5227 0.3744
vn 0.8772 0.4228 0.2275
vn 0.7708 0.5301 0.3533
vn 0.9499 0.3051 0.0680
vn 0.9480 0.3162 0.0357
vn 0.9801 0.1711 -0.1011
vn 0.9732 0.1855 -0.1356
vn 0.6342 0.7577 0.1538
vn 0.6327 0.6876 0.3561
vn 0.4439 0.8734 0.2005
vn 0.6354 0.6290 0.4479
vn 0.4828 0.6828 0.5483
vn 0.0653 0.9555 0.2875
vn 0.3188 0.7163 0.6207
vn 0.1477 0.6898 0.7087
vn 0.3212 0.6784 0.6607
vn 0.1461 0.6986 0.7004
vn 0.4843 0.6560 0.5789
vn -0.6209 0.6739 0.4006
vn -0.6106 0.6138 0.5004
vn -0.4359 0.6957 0.5709
vn -0.5141 0.7665 0.3850
vn -0.4038 0.6369 0.6567
vn -0.2504 0.7622 0.5969
vn -0.3190 0.8792 0.3538
vn -0.5666 0.5404 0.6221
vn -0.5540 0.5327 0.6398
vn -0.3789 0.6058 0.6996
vn -0.2052 0.6535 0.7286
vn -0.2136 0.6613 0.7191
vn -0.0363 0.6896 0.7233
vn -0.0312 0.6811 0.7315
vn -0.9543 0.2965 0.0386
vn -0.8880 0.4142 0.1995
vn -0.8469 0.5317 0.0006
vn -0.8737 0.3540 0.3336
vn -0.9469 0.2009 0.2509
vn -0.8449 0.3194 0.4292
vn -0.8555 0.3305 0.3986
vn -0.7492 0.4647 0.4720
vn -0.7363 0.6367 0.2292
vn -0.7712 0.5197 0.3677
vn 0.6113 0.7740 -0.1650
vn 0.3610 0.9094 -0.2064
vn 0.2551 0.7674 -0.5882
vn 0.5088 0.5155 -0.6895
vn 0.1611 0.5162 -0.8412
vn -0.1599 0.5528 -0.8178
vn -0.0642 0.6165 -0.7847
vn -0.0013 0.7999 -0.6001
vn -0.0282 0.9834 -0.1790
vn -0.4286 -0.8951 0.1229
vn -0.2835 -0.9562 0.0721
vn -0.2869 -0.9169 0.2773
vn -0.4629 -0.7272 0.5069
vn -0.6546 -0.6106 0.4457
vn -0.1468 -0.9891 0.0140
vn -0.0154 -0.9996 -0.0224
vn 0.0203 -0.9866 0.1616
vn -0.1323 -0.9675 0.2154
vn 0.0124 -0.4483 0.8938
vn -0.0723 -0.7419 0.6666
vn 0.1123 -0.7805 0.6150
vn -0.2514 -0.6571 0.7107
vn -0.5894 -0.1173 0.7993
vn -0.8277 -0.5485 0.1189
vn -0.8376 -0.5407 0.0780
vn -0.7198 -0.6937 0.0262
vn -0.9192 -0.3733 0.1250
vn -0.9743 0.0005 0.2254
vn -0.9798 0.0059 0.1999
vn -0.9704 -0.1880 0.1519
vn -0.9688 -0.1898 0.1591
vn -0.9793 0.0055 0.2022
vn -0.9247 -0.3672 0.1001
vn -0.9222 -0.3702 0.1121
vn -0.8450 -0.5329 0.0446
vn -0.7289 -0.6845 -0.0147
vn -0.7244 -0.6893 0.0058
vn -0.8415 -0.5369 0.0610
vn -0.2216 -0.9732 -0.0622
vn -0.2282 -0.9692 -0.0932
vn -0.0349 -0.9902 -0.1351
vn -0.3984 -0.9170 -0.0190
vn -0.0405 -0.9857 -0.1634
vn -0.4112 -0.9084 -0.0751
vn -0.5675 -0.8234 -0.0017
vn -0.5733 -0.8189 -0.0262
vn -0.5837 -0.8087 -0.0731
vn -0.5786 -0.8141 -0.0496
vn -0.4223 -0.8976 -0.1266
vn -0.4168 -0.9034 -0.1005
vn -0.0516 -0.9744 -0.2186
vn -0.0460 -0.9806 -0.1906
vn -0.2398 -0.9596 -0.1475
vn 0.1599 -0.9722 -0.1710
vn 0.1656 -0.9762 -0.1399
vn 0.1548 -0.9677 -0.1990
vn 0.3412 -0.9188 -0.1986
vn 0.3464 -0.9228 -0.1686
vn 0.3366 -0.9143 -0.2255
vn 0.1444 -0.9565 -0.2533
vn 0.1497 -0.9626 -0.2258
vn 0.3271 -0.9034 -0.2772
vn 0.3320 -0.9092 -0.2511
vn 0.5021 -0.8226 -0.2669
vn 0.4978 -0.8172 -0.2906
vn 0.6633 -0.7046 -0.2519
vn 0.6710 -0.7129 -0.2038
vn 0.5149 -0.8359 -0.1901
vn 0.5103 -0.8318 -0.2184
vn 0.8008 -0.5614 -0.2086
vn 0.7942 -0.5537 -0.2503
vn 0.8929 -0.3910 -0.2234
vn 0.8903 -0.3877 -0.2390
vn 0.7883 -0.5460 -0.2838
vn 0.7913 -0.5499 -0.2674
vn 0.8857 -0.3818 -0.2642
vn 0.8880 -0.3847 -0.2520
vn 0.9813 -0.0101 -0.1922
vn 0.9520 -0.2052 -0.2271
vn 0.9506 -0.2034 -0.2344
vn 0.9822 -0.0110 -0.1877
vn 0.9855 -0.0150 -0.1689
vn 0.9718 0.1850 -0.1462
vn 0.9239 0.3674 -0.1065
vn 0.9718 0.1847 -0.1463
vn 0.9712 0.1856 -0.1492
vn 0.9265 0.3641 -0.0945
vn 0.9249 0.3662 -0.1021
vn 0.7311 0.6820 0.0201
vn 0.7275 0.6861 0.0041
vn 0.8444 0.5332 -0.0512
vn 0.7227 0.6909 -0.0179
vn 0.8418 0.5361 -0.0633
vn 0.8416 0.5363 -0.0637
vn 0.5760 0.8167 0.0343
vn 0.5749 0.8177 0.0291
vn 0.5782 0.8147 0.0446
vn 0.4133 0.9070 0.0813
vn 0.4118 0.9082 0.0743
vn 0.4195 0.9010 0.1102
vn 0.0530 0.9730 0.2244
vn 0.0482 0.9785 0.2007
vn 0.2422 0.9574 0.1574
vn 0.0444 0.9823 0.1819
vn 0.0416 0.9849 0.1680
vn 0.0398 0.9864 0.1595
vn 0.2339 0.9651 0.1176
vn -0.5066 0.8261 0.2466
vn -0.5055 0.8252 0.2519
vn -0.3374 0.9141 0.2249
vn -0.6610 0.6998 0.2710
vn -0.3336 0.9105 0.2441
vn -0.1557 0.9682 0.1961
vn -0.1540 0.9667 0.2043
vn -0.1514 0.9642 0.2176
vn -0.1433 0.9551 0.2593
vn -0.1478 0.9605 0.2359
vn -0.3263 0.9019 0.2830
vn -0.3304 0.9070 0.2611
vn -0.6560 0.6930 0.2992
vn -0.6589 0.6970 0.2829
vn -0.9483 0.1986 0.2477
vn -0.9499 0.2002 0.2401
vn -0.8870 0.3811 0.2608
vn -0.8877 0.3819 0.2570
vn -0.8876 0.3817 0.2577
vn -0.7926 0.5490 0.2653
vn -0.7927 0.5491 0.2649
vn -0.7918 0.5482 0.2692
vn -0.7904 0.5461 0.2775
vn -0.8854 0.3784 0.2700
vn -0.8868 0.3805 0.2622
vn -0.9499 0.1998 0.2402
vn -0.9505 0.2007 0.2373
vn -0.6753 -0.7082 0.2060
vn -0.6871 -0.7085 0.1608
vn -0.8794 -0.3880 0.2758
vn -0.8924 -0.3870 0.2321
vn -0.8150 -0.5541 0.1694
vn -0.8998 -0.3856 0.2042
vn -0.9306 -0.2064 0.3023
vn -0.9463 -0.0094 0.3232
vn -0.9596 -0.0061 0.2812
vn -0.9438 -0.2044 0.2596
vn -0.9663 -0.0041 0.2575
vn -0.9510 -0.2027 0.2336
vn -0.9562 -0.2006 0.2132
vn -0.9707 -0.0020 0.2401
vn -0.9057 -0.3834 0.1809
vn -0.7015 -0.7055 0.1009
vn -0.8214 -0.5519 0.1436
vn 0.0009 -0.9991 0.0434
vn -0.2004 -0.9790 0.0374
vn -0.3663 -0.9222 0.1239
vn -0.3768 -0.9230 0.0780
vn -0.2077 -0.9782 0.0027
vn -0.0155 -0.9992 -0.0380
vn -0.3843 -0.9222 0.0440
vn -0.5280 -0.8331 0.1648
vn -0.5392 -0.8337 0.1192
vn -0.5467 -0.8329 0.0861
vn -0.5537 -0.8308 0.0561
vn -0.3913 -0.9202 0.0125
vn -0.2146 -0.9763 -0.0296
vn 0.1844 -0.9820 -0.0401
vn 0.1778 -0.9812 -0.0747
vn 0.3637 -0.9288 -0.0708
vn 0.3718 -0.9280 -0.0246
vn 0.3574 -0.9280 -0.1052
vn 0.1717 -0.9793 -0.1073
vn 0.6753 -0.7163 -0.1758
vn 0.6798 -0.7184 -0.1473
vn 0.5249 -0.8413 -0.1293
vn 0.6915 -0.7190 -0.0692
vn 0.5307 -0.8421 -0.0958
vn 0.8131 -0.5682 -0.1264
vn 0.8186 -0.5687 -0.0811
vn 0.8087 -0.5669 -0.1571
vn 0.9066 -0.4016 -0.1296
vn 0.9111 -0.4034 -0.0848
vn 0.9027 -0.4000 -0.1583
vn 0.8046 -0.5647 -0.1834
vn 0.8993 -0.3977 -0.1820
vn 0.9879 -0.0175 -0.1538
vn 0.9611 -0.2157 -0.1724
vn 0.9906 -0.0194 -0.1357
vn 0.9642 -0.2179 -0.1514
vn 0.9936 -0.0207 -0.1112
vn 0.9975 -0.0218 -0.0665
vn 0.9717 -0.2222 -0.0806
vn 0.9675 -0.2198 -0.1247
vn 0.9796 0.1802 -0.0892
vn 0.9825 0.1813 -0.0427
vn 0.9772 0.1802 -0.1123
vn 0.9288 0.3657 -0.0606
vn 0.9751 0.1815 -0.1272
vn 0.9260 0.3654 -0.0954
vn 0.7231 0.6905 -0.0157
vn 0.8427 0.5352 -0.0582
vn 0.7236 0.6902 -0.0069
vn 0.8436 0.5348 -0.0476
vn 0.7233 0.6903 0.0145
vn 0.7216 0.6886 0.0717
vn 0.8425 0.5380 0.0276
vn 0.5754 0.8171 0.0363
vn 0.4145 0.9046 0.0993
vn 0.4206 0.8934 0.1580
vn 0.4123 0.9076 0.0789
vn 0.4115 0.9085 0.0728
vn 0.0392 0.9869 0.1565
vn 0.2334 0.9655 0.1152
vn 0.0419 0.9861 0.1610
vn 0.2348 0.9645 0.1205
vn 0.0516 0.9825 0.1789
vn 0.0756 0.9698 0.2317
vn 0.2402 0.9606 0.1402
vn -0.6321 0.7025 0.3270
vn -0.4652 0.8297 0.3085
vn -0.4929 0.8282 0.2666
vn -0.3218 0.9152 0.2426
vn -0.5035 0.8266 0.2512
vn -0.1089 0.9588 0.2623
vn -0.1406 0.9667 0.2137
vn -0.1562 0.9686 0.1932
vn -0.3377 0.9145 0.2229
vn -0.6625 0.7015 0.2625
vn -0.5066 0.8263 0.2463
vn -0.9229 0.1882 0.3360
vn -0.9360 0.1925 0.2947
vn -0.7678 0.5443 0.3379
vn -0.7890 0.5473 0.2790
vn -0.8852 0.3797 0.2687
vn -0.9457 0.1967 0.2589
vn -0.9802 0.0060 0.1977
vn -0.9722 -0.1860 0.1426
vn -0.9749 -0.1824 0.1273
vn -0.9278 -0.3634 0.0842
vn -0.9323 -0.3568 0.0588
vn -0.9835 -0.1673 0.0690
vn -0.9788 -0.1766 0.1041
vn -0.7568 -0.6090 -0.2375
vn -0.8623 -0.5025 -0.0631
vn -0.7417 -0.6653 -0.0852
vn -0.8553 -0.5179 -0.0119
vn -0.7343 -0.6775 -0.0422
vn -0.5901 -0.8005 -0.1052
vn -0.6089 -0.7602 -0.2267
vn -0.4636 -0.7900 -0.4013
vn -0.4514 -0.8424 -0.2942
vn -0.1095 -0.8542 -0.5084
vn -0.0874 -0.9135 -0.3973
vn -0.2638 -0.9261 -0.2696
vn -0.0592 -0.9647 -0.2567
vn 0.1369 -0.9470 -0.2907
vn 0.1248 -0.9292 -0.3478
vn 0.3200 -0.8944 -0.3125
vn 0.3082 -0.8778 -0.3667
vn 0.0799 -0.8397 -0.5372
vn 0.2597 -0.7959 -0.5469
vn 0.2894 -0.8484 -0.4432
vn 0.6245 -0.6556 -0.4244
vn 0.4620 -0.7688 -0.4422
vn 0.6408 -0.6764 -0.3631
vn 0.4913 -0.8090 -0.3226
vn 0.7838 -0.5405 -0.3058
vn 0.7761 -0.5310 -0.3402
vn 0.8825 -0.3779 -0.2800
vn 0.8769 -0.3713 -0.3052
vn 0.7630 -0.5155 -0.3899
vn 0.8516 -0.3433 -0.3962
vn 0.8675 -0.3608 -0.3423
vn 0.9756 -0.0060 -0.2196
vn 0.9781 -0.0081 -0.2080
vn 0.9400 -0.1920 -0.2820
vn 0.9310 -0.1825 -0.3161
vn 0.9796 -0.0092 -0.2008
vn 0.9454 -0.1978 -0.2592
vn 0.9804 -0.0096 -0.1966
vn 0.9487 -0.2014 -0.2438
vn 0.9291 0.3605 -0.0830
vn 0.9325 0.3551 -0.0660
vn 0.9786 0.1719 -0.1133
vn 0.9762 0.1768 -0.1255
vn 0.9420 0.3354 -0.0076
vn 0.9368 0.3473 -0.0421
vn 0.7589 0.6198 0.1999
vn 0.7508 0.6479 0.1283
vn 0.8624 0.5045 0.0425
vn 0.8692 0.4850 0.0968
vn 0.7429 0.6649 0.0781
vn 0.8509 0.5249 -0.0215
vn 0.5998 0.7863 0.1485
vn 0.4398 0.8732 0.2101
vn 0.6190 0.7286 0.2931
vn 0.6093 0.7651 0.2083
vn 0.4632 0.8053 0.3700
vn 0.4509 0.8486 0.2767
vn 0.1034 0.8709 0.4804
vn 0.2764 0.9009 0.3345
vn 0.0698 0.9484 0.3094
vn 0.2636 0.9278 0.2640
vn 0.2539 0.9432 0.2142
vn -0.1368 0.9463 0.2928
vn -0.3204 0.8935 0.3146
vn -0.0894 0.8560 0.5093
vn -0.2960 0.8544 0.4270
vn -0.6133 0.6305 0.4757
vn -0.6330 0.6588 0.4065
vn -0.6447 0.6758 0.3573
vn -0.4837 0.7948 0.3664
vn -0.4923 0.8077 0.3246
vn -0.7850 0.5377 0.3076
vn -0.7798 0.5297 0.3338
vn -0.8834 0.3747 0.2816
vn -0.7567 0.4978 0.4238
vn -0.9460 0.1920 0.2611
vn -0.9435 0.1872 0.2734
vn -0.9478 0.1954 0.2520
vn -0.9491 0.1979 0.2452
vn -0.8860 -0.3332 -0.3225
vn -0.7578 -0.4371 -0.4844
vn -0.9271 0.1787 -0.3295
vn -0.8566 0.1588 -0.4909
vn -0.8128 0.1376 -0.5660
vn -0.8292 -0.0751 -0.5538
vn -0.9273 -0.3456 -0.1439
vn -0.8348 -0.2612 -0.4846
vn -0.8371 -0.5433 -0.0641
vn -0.6857 -0.7275 0.0250
vn -0.7854 -0.4472 -0.4280
vn -0.0614 -0.9620 -0.2659
vn -0.1765 -0.9513 -0.2526
vn -0.0685 -0.9512 -0.3010
vn -0.3103 -0.9161 -0.2541
vn -0.3285 -0.8926 -0.3088
vn -0.3464 -0.8881 -0.3022
vn -0.4834 -0.8046 -0.3448
vn -0.5022 -0.7864 -0.3596
vn -0.4937 -0.8618 0.1164
vn -0.5262 -0.8107 -0.2566
vn -0.3041 -0.9350 0.1827
vn -0.3566 -0.9174 -0.1765
vn 0.0348 -0.9786 0.2029
vn -0.0342 -0.9909 -0.1304
vn 0.6393 -0.7326 -0.2334
vn 0.4979 -0.6479 -0.5766
vn 0.4425 -0.6249 -0.6431
vn 0.3212 -0.7899 -0.5224
vn 0.2500 -0.9224 -0.2945
vn 0.1926 -0.8922 -0.4085
vn 0.4912 -0.6987 -0.5201
vn 0.3258 -0.8425 -0.4290
vn 0.1777 -0.9188 -0.3526
vn 0.1736 -0.8958 -0.4091
vn 0.0510 -0.9531 -0.2983
vn 0.1903 -0.9707 0.1464
vn 0.1123 -0.9756 -0.1886
vn 0.8334 0.1232 -0.5388
vn 0.6118 -0.0694 -0.7879
vn 0.8426 -0.1492 -0.5174
vn 0.5435 0.2151 -0.8114
vn 0.5757 -0.0462 -0.8163
vn 0.6067 -0.2628 -0.7503
vn 0.6016 0.2521 -0.7580
vn 0.7153 0.2848 -0.6381
vn 0.7472 -0.0566 -0.6622
vn 0.6345 -0.0447 -0.7716
vn 0.7077 -0.2987 -0.6403
vn 0.5564 -0.4561 -0.6945
vn 0.6261 -0.5048 -0.5943
vn 0.5267 -0.4295 -0.7336
vn 0.5738 -0.4499 -0.6844
vn 0.1205 0.9711 -0.2060
vn 0.1357 0.9357 -0.3258
vn 0.2982 0.8153 -0.4964
vn 0.0958 0.9691 -0.2271
vn 0.5514 0.6479 -0.5255
vn 0.4538 0.5051 -0.7341
vn 0.5187 0.4445 -0.7303
vn 0.7083 0.6475 -0.2812
vn 0.5963 0.8024 -0.0227
vn 0.4748 0.8491 0.2312
vn 0.2522 0.9557 -0.1518
vn 0.3348 0.8621 -0.3805
vn 0.0706 0.9962 0.0504
vn -0.0028 0.9993 0.0368
vn 0.0940 0.9941 0.0546
vn -0.0952 0.9949 0.0324
vn -0.0505 0.9987 -0.0022
vn 0.0674 0.9921 0.1058
vn 0.1390 0.9803 0.1406
vn 0.0325 0.9991 0.0279
vn -0.0465 0.9963 -0.0726
vn 0.0406 0.9961 -0.0779
vn 0.3748 0.8243 0.4244
vn 0.1944 0.9794 0.0551
vn 0.3085 0.7770 0.5488
vn 0.1692 0.9629 0.2103
vn 0.2695 0.7387 0.6178
vn 0.2472 0.7241 0.6439
vn 0.2000 0.9156 0.3487
vn 0.1734 0.9355 0.3078
vn -0.3676 0.8716 0.3244
vn -0.2833 0.9580 -0.0438
vn -0.0170 0.9853 0.1700
vn -0.0437 0.8549 0.5170
vn -0.1719 0.9772 -0.1248
vn 0.0467 0.9984 0.0327
vn 0.1250 0.7882 0.6025
vn -0.0853 0.9910 -0.1035
vn 0.1316 0.9913 0.0075
vn 0.0963 0.9954 0.0024
vn 0.1827 0.9826 0.0327
vn 0.1681 0.9848 0.0432
vn 0.1624 0.9851 0.0571
vn 0.1597 0.9862 0.0436
vn 0.1763 0.9737 0.1440
vn 0.1956 0.9190 0.3423
vn -0.7882 0.3256 -0.5222
vn -0.7062 0.5524 -0.4428
vn -0.6290 0.6273 -0.4592
vn -0.7988 0.5238 -0.2961
vn -0.7664 0.4492 -0.4591
vn -0.5482 0.8058 -0.2240
vn -0.5830 0.7219 -0.3728
vn -0.2650 0.9552 -0.1317
vn -0.5480 0.7880 -0.2807
vn -0.9377 -0.2076 0.2788
vn -0.8981 -0.0171 0.4394
vn -0.8809 -0.2124 0.4229
vn -0.8664 -0.3989 0.3004
vn -0.8266 -0.3908 0.4050
vn -0.9226 -0.0149 0.3854
vn -0.9071 -0.2096 0.3649
vn -0.8564 -0.3892 0.3393
vn -0.6536 -0.7059 0.2729
vn -0.7725 -0.5548 0.3089
vn -0.6159 -0.7012 0.3592
vn -0.7387 -0.5538 0.3841
vn -0.6051 -0.7141 0.3520
vn -0.7554 -0.5682 0.3264
vn -0.4332 -0.8205 0.3731
vn -0.4674 -0.8195 0.3317
vn -0.2629 -0.8850 0.3841
vn -0.3079 -0.9016 0.3039
vn -0.1731 -0.9724 0.1565
vn 0.0414 -0.9699 0.2400
vn -0.1387 -0.9516 0.2741
vn 0.0673 -0.9305 0.3601
vn 0.2208 -0.9539 0.2031
vn 0.3888 -0.9062 0.1663
vn 0.3819 -0.9229 0.0491
vn 0.5459 -0.8375 0.0228
vn 0.6964 -0.7108 0.0991
vn 0.6836 -0.7220 0.1068
vn 0.5318 -0.8257 0.1880
vn 0.8206 -0.5666 0.0748
vn 0.9111 -0.4076 0.0606
vn 0.8227 -0.5684 -0.0113
vn 0.9997 -0.0226 0.0025
vn 0.9973 -0.0155 0.0723
vn 0.9719 -0.2285 0.0570
vn 0.9725 -0.2223 -0.0688
vn 0.9822 0.1853 0.0314
vn 0.9241 0.3752 0.0720
vn 0.9725 0.2033 0.1133
vn 0.9005 0.3970 0.1774
vn 0.8320 0.5414 0.1213
vn 0.6693 0.6636 0.3341
vn 0.7948 0.5507 0.2551
vn 0.7243 0.6155 0.3107
vn 0.9592 0.2829 -0.0020
vn 0.3019 0.6631 0.6849
vn 0.2398 0.6711 0.7015
vn 0.3032 0.8136 0.4961
vn 0.1877 0.8346 0.5179
vn 0.4684 0.6750 0.5701
vn 0.5400 0.7386 0.4036
vn 0.5712 0.7886 0.2275
vn 0.4276 0.8617 0.2731
vn 0.1227 0.9324 0.3401
vn 0.2795 0.9085 0.3106
vn -0.0446 0.9315 0.3609
vn -0.1029 0.8485 0.5191
vn -0.4060 0.8275 0.3878
vn -0.2956 0.8084 0.5091
vn -0.1445 0.7713 0.6199
vn 0.0423 0.7418 0.6693
vn 0.1630 0.7001 0.6952
vn -0.6815 0.5455 0.4879
vn -0.8272 0.4380 0.3520
vn -0.8020 0.3683 0.4703
vn -0.7365 0.5406 0.4066
vn -0.8380 0.3654 0.4053
vn -0.8990 0.1810 0.3987
vn -0.9286 0.2301 0.2910
vn -0.7772 -0.6198 0.1088
vn -0.7831 -0.6174 0.0750
vn -0.8983 -0.4179 0.1357
vn -0.9036 -0.4163 0.1008
vn -0.7944 -0.6074 0.0016
vn -0.6225 -0.7822 -0.0248
vn -0.9130 -0.4073 0.0221
vn -0.9735 -0.1684 0.1548
vn -0.9686 0.1889 0.1619
vn -0.9736 0.1876 0.1303
vn -0.9784 -0.1681 0.1206
vn -0.9810 0.1874 0.0505
vn -0.9860 -0.1621 0.0387
vn -0.6395 -0.7548 -0.1460
vn -0.8044 -0.5778 -0.1384
vn -0.1250 -0.9919 -0.0212
vn -0.1305 -0.9903 -0.0477
vn -0.0218 -0.9974 -0.0691
vn -0.2531 -0.9674 0.0041
vn -0.2591 -0.9656 -0.0236
vn -0.1409 -0.9854 -0.0957
vn -0.2706 -0.9598 -0.0750
vn -0.4114 -0.9108 0.0348
vn -0.4305 -0.9011 -0.0520
vn -0.2899 -0.9433 -0.1618
vn -0.0465 -0.9803 -0.1917
vn -0.1581 -0.9720 -0.1739
vn 0.0874 -0.9919 -0.0918
vn 0.0785 -0.9870 -0.1402
vn 0.2229 -0.9705 -0.0923
vn 0.2094 -0.9625 -0.1727
vn 0.1940 -0.9459 -0.2602
vn 0.5396 -0.7474 -0.3876
vn 0.3525 -0.8803 -0.3174
vn 0.5695 -0.7768 -0.2686
vn 0.3723 -0.9027 -0.2158
vn 0.5812 -0.7884 -0.2015
vn 0.5855 -0.7931 -0.1680
vn 0.3816 -0.9109 -0.1571
vn 0.8318 0.2995 -0.4673
vn 0.8971 0.3005 -0.3239
vn 0.8064 -0.3418 -0.4825
vn 0.8636 -0.3710 -0.3413
vn 0.9212 0.2979 -0.2502
vn 0.9298 0.2955 -0.2196
vn 0.9650 -0.1110 -0.2375
vn 0.9562 -0.1062 -0.2726
vn 0.8919 -0.3908 -0.2274
vn 0.8847 -0.3845 -0.2637
vn 0.7611 -0.6027 -0.2397
vn 0.7665 -0.6089 -0.2042
vn 0.7449 -0.5889 -0.3135
vn 0.7009 -0.5564 -0.4462
vn -0.0693 0.9971 0.0300
vn 0.1112 0.9937 -0.0120
vn 0.1124 0.9934 -0.0224
vn -0.0608 0.9976 0.0318
vn 0.3664 0.9276 -0.0731
vn 0.3642 0.9276 -0.0833
vn 0.1173 0.9925 -0.0351
vn 0.3599 0.9253 -0.1198
vn 0.6892 0.7080 -0.1539
vn 0.6835 0.7088 -0.1744
vn 0.6690 0.7060 -0.2325
vn 0.6286 0.6902 -0.3584
vn -0.0339 0.9994 -0.0113
vn 0.1208 0.9881 -0.0948
vn 0.0373 0.9991 0.0181
vn -0.1054 0.9934 0.0455
vn -0.0959 0.9943 0.0471
vn 0.0414 0.9987 0.0299
vn -0.1764 0.9826 0.0577
vn -0.1626 0.9845 0.0662
vn -0.0800 0.9946 0.0661
vn -0.1692 0.9841 0.0537
vn -0.1167 0.9923 0.0424
vn -0.1218 0.9903 0.0673
vn 0.0584 0.9966 0.0581
vn -0.0613 0.9956 0.0711
vn 0.1662 0.9861 0.0041
vn 0.1696 0.9855 -0.0094
vn 0.2137 0.9769 -0.0086
vn 0.2211 0.9750 -0.0219
vn 0.2053 0.9787 0.0089
vn 0.1621 0.9859 0.0409
vn 0.1959 0.9802 0.0284
vn 0.0212 0.9998 -0.0029
vn 0.1577 0.9874 0.0156
vn 0.1753 0.9845 0.0046
vn 0.0651 0.9979 0.0067
vn 0.0746 0.9972 0.0006
vn 0.1975 0.9801 -0.0200
vn 0.1892 0.9819 -0.0010
vn -0.1564 0.9870 0.0366
vn -0.1479 0.9883 0.0381
vn -0.1746 0.9844 0.0214
vn -0.4622 0.8835 0.0765
vn -0.4548 0.8862 0.0883
vn -0.4804 0.8763 0.0367
vn -0.2112 0.9770 -0.0306
vn -0.5140 0.8553 -0.0649
vn -0.8144 0.5724 -0.0958
vn -0.8027 0.5942 0.0500
vn -0.7841 0.6050 0.1387
vn 0.6272 -0.7788 0.0099
vn 0.4116 -0.9095 -0.0579
vn 0.5962 -0.7521 0.2808
vn 0.8451 -0.0986 0.5255
vn 0.6701 -0.5618 0.4850
vn 0.4862 -0.6717 0.5589
vn 0.3020 -0.7500 0.5885
vn 0.2437 -0.9038 0.3517
vn 0.1783 -0.9732 0.1450
vn -0.0735 0.7987 0.5972
vn 0.0121 0.6760 0.7368
vn -0.1408 0.7714 0.6205
vn 0.2532 0.4662 0.8477
vn 0.1488 0.4249 0.8929
vn 0.1524 0.7076 0.6899
vn -0.0012 0.6833 0.7301
vn 0.6738 0.2829 0.6827
vn 0.2308 0.4321 0.8718
vn 0.3086 0.6862 0.6588
vn 0.3933 0.7693 0.5034
vn 0.3331 0.7970 0.5037
vn 0.1982 0.7509 0.6300
vn 0.3057 0.6811 0.6653
vn 0.3839 0.7735 0.5044
vn 0.1138 0.4680 0.8764
vn -0.1534 0.1054 0.9825
vn -0.7095 -0.6771 0.1955
vn -0.5758 -0.8128 0.0885
vn -0.7620 -0.6366 0.1190
vn -0.6016 -0.7983 0.0280
vn -0.8380 -0.2810 0.4678
vn -0.8920 0.1496 0.4265
vn -0.9649 -0.1585 0.2095
vn -0.9568 -0.1656 0.2389
vn -0.9282 0.1941 0.3173
vn -0.8963 -0.4177 0.1489
vn -0.8925 -0.4208 0.1626
vn -0.6041 -0.7966 0.0216
vn -0.6068 -0.7948 0.0120
vn -0.0342 -0.9908 -0.1307
vn -0.0390 -0.9872 -0.1545
vn -0.1415 -0.9840 -0.1079
vn -0.0416 -0.9854 -0.1653
vn -0.2710 -0.9575 -0.0990
vn -0.2648 -0.9617 -0.0708
vn -0.2766 -0.9555 -0.1030
vn -0.0365 -0.9904 -0.1337
vn -0.1532 -0.9830 -0.1017
vn -0.4238 -0.9057 0.0036
vn -0.4174 -0.9080 -0.0368
vn -0.4221 -0.9050 -0.0539
vn 0.3655 -0.9169 -0.1605
vn 0.5346 -0.8328 -0.1438
vn 0.2151 -0.9636 -0.1590
vn 0.3506 -0.9136 -0.2062
vn 0.5395 -0.8168 -0.2046
vn 0.1967 -0.9603 -0.1979
vn 0.0832 -0.9851 -0.1506
vn 0.0736 -0.9859 -0.1505
vn 0.0696 -0.9823 -0.1739
vn 0.1987 -0.9651 -0.1705
vn 0.1948 -0.9620 -0.1916
vn 0.5487 -0.8093 -0.2098
vn 0.5431 -0.8105 -0.2195
vn 0.3491 -0.9137 -0.2081
vn 0.9546 0.2808 -0.0997
vn 0.9778 -0.1505 -0.1455
vn 0.9753 -0.1344 -0.1753
vn 0.9771 0.2022 0.0663
vn 0.9793 -0.1926 -0.0617
vn 0.8785 -0.4361 -0.1952
vn 0.8744 -0.4641 -0.1412
vn 0.9513 -0.2872 0.1120
vn 0.8463 -0.5326 -0.0128
vn 0.7011 -0.7060 -0.0998
vn 0.7311 -0.6469 -0.2169
vn 0.1573 0.8558 0.4927
vn 0.4588 0.7396 0.4924
vn 0.1543 0.9344 0.3212
vn -0.0926 0.9342 0.3446
vn 0.7682 0.4758 0.4284
vn 0.7693 0.6067 0.2002
vn 0.7265 0.6871 0.0087
vn 0.7435 0.6649 0.0712
vn 0.4080 0.9076 0.0986
vn 0.4247 0.8909 0.1611
vn 0.1301 0.9790 0.1568
vn -0.0927 0.9764 0.1951
vn -0.0959 0.9634 0.2503
vn 0.1380 0.9667 0.2155
vn 0.0587 0.9819 0.1801
vn 0.0686 0.9677 0.2427
vn -0.1427 0.9508 0.2750
vn -0.1384 0.9671 0.2133
vn -0.1383 0.9200 0.3666
vn -0.2439 0.9285 0.2800
vn -0.2332 0.9466 0.2225
vn -0.2445 0.8964 0.3697
vn 0.1068 0.8830 0.4570
vn -0.1123 0.8645 0.4899
vn -0.2090 0.8418 0.4977
vn -0.2053 0.8444 0.4948
vn -0.2387 0.9016 0.3607
vn -0.2247 0.9500 0.2166
vn -0.2358 0.9332 0.2712
vn 0.4048 0.8378 0.3663
vn 0.4053 0.8355 0.3710
vn 0.2462 0.9289 0.2765
vn 0.3878 0.8890 0.2435
vn 0.3172 0.8589 0.4021
vn 0.2964 0.9132 0.2798
vn 0.2453 0.9598 0.1366
vn 0.2691 0.9435 0.1933
vn 0.3243 0.9394 0.1116
vn 0.3543 0.9210 0.1619
vn 0.3108 0.9450 0.1016
vn 0.2083 0.9592 0.1912
vn -0.7319 0.6156 0.2921
vn -0.3861 0.8858 0.2576
vn -0.3351 0.8304 0.4452
vn -0.5770 0.4306 0.6940
vn -0.2442 0.7262 0.6426
vn -0.0031 0.9342 0.3567
vn -0.0622 0.9783 0.1978
vn -0.0378 0.9664 0.2541
vn -0.5939 -0.7949 0.1244
vn -0.5961 -0.7950 0.1124
vn -0.8929 -0.4148 0.1750
vn -0.8938 -0.4157 0.1682
vn -0.7729 -0.6197 0.1363
vn -0.5979 -0.7951 0.1015
vn -0.8947 -0.4166 0.1610
vn -0.9690 -0.1639 0.1846
vn -0.9649 0.1929 0.1782
vn -0.9695 -0.1649 0.1814
vn -0.9653 0.1918 0.1775
vn -0.9702 -0.1661 0.1767
vn -0.9713 -0.1673 0.1692
vn -0.9663 0.1905 0.1733
vn -0.8960 -0.4174 0.1515
vn -0.6000 -0.7949 0.0897
vn -0.7745 -0.6200 0.1255
vn -0.1135 -0.9930 0.0341
vn -0.1163 -0.9930 0.0210
vn -0.0083 -1.0000 -0.0017
vn -0.2416 -0.9686 0.0588
vn -0.2457 -0.9686 0.0385
vn -0.1183 -0.9929 0.0123
vn -0.0108 -0.9998 -0.0143
vn -0.2476 -0.9684 0.0295
vn -0.4004 -0.9120 0.0889
vn -0.4054 -0.9119 0.0637
vn -0.4079 -0.9116 0.0514
vn -0.0133 -0.9995 -0.0269
vn 0.1003 -0.9947 -0.0239
vn 0.1031 -0.9946 -0.0095
vn 0.2298 -0.9719 -0.0507
vn 0.2323 -0.9720 -0.0366
vn 0.2277 -0.9717 -0.0632
vn 0.0956 -0.9942 -0.0490
vn 0.5874 -0.7953 -0.1502
vn 0.5887 -0.7965 -0.1378
vn 0.3899 -0.9158 -0.0967
vn 0.5920 -0.7977 -0.1148
vn 0.3939 -0.9164 -0.0713
vn 0.3917 -0.9162 -0.0846
vn 0.9684 -0.1134 -0.2222
vn 0.9339 0.2932 -0.2048
vn 0.9699 -0.1147 -0.2146
vn 0.8948 -0.3939 -0.2103
vn 0.8963 -0.3956 -0.2005
vn 0.9340 0.2925 -0.2050
vn 0.9336 0.2917 -0.2081
vn 0.9708 -0.1155 -0.2105
vn 0.8984 -0.3974 -0.1868
vn 0.8974 -0.3967 -0.1933
vn 0.7726 -0.6154 -0.1560
vn 0.7700 -0.6136 -0.1750
vn -0.0932 0.9956 -0.0036
vn 0.0983 0.9942 -0.0444
vn 0.1028 0.9943 -0.0276
vn -0.0876 0.9961 0.0093
vn 0.3619 0.9269 -0.0993
vn 0.3642 0.9272 -0.0869
vn 0.1059 0.9942 -0.0191
vn -0.0821 0.9964 0.0190
vn 0.3644 0.9273 -0.0860
vn 0.6895 0.7053 -0.1648
vn 0.6909 0.7060 -0.1557
vn 0.3666 0.9275 -0.0735
vn -0.0760 0.9968 0.0259
vn 0.1084 0.9940 -0.0152
vn 0.0344 0.9994 0.0090
vn -0.1132 0.9928 0.0383
vn 0.0318 0.9995 -0.0007
vn -0.1862 0.9811 0.0521
vn 0.0290 0.9995 -0.0117
vn 0.0257 0.9993 -0.0254
vn -0.1307 0.9914 0.0063
vn -0.1251 0.9920 0.0193
vn -0.2078 0.9779 0.0219
vn -0.2011 0.9790 0.0344
vn -0.1938 0.9805 0.0323
vn -0.2006 0.9795 0.0197
vn -0.1869 0.9815 0.0418
vn -0.1789 0.9826 0.0493
vn 0.0888 0.9952 -0.0404
vn 0.2128 0.9750 -0.0634
vn 0.2130 0.9762 -0.0414
vn 0.2324 0.9703 -0.0665
vn 0.2314 0.9713 -0.0549
vn 0.2095 0.9772 -0.0346
vn 0.0852 0.9963 -0.0149
vn 0.2291 0.9723 -0.0464
vn 0.1725 0.9835 -0.0545
vn 0.1732 0.9844 -0.0293
vn 0.1721 0.9849 -0.0191
vn 0.2267 0.9735 -0.0309
vn 0.0810 0.9967 -0.0059
vn 0.2045 0.9785 -0.0280
vn -0.7814 0.6069 0.1451
vn -0.7804 0.6083 0.1445
vn -0.4513 0.8879 0.0887
vn -0.7811 0.6101 0.1326
vn -0.7807 0.6094 0.1386
vn -0.4499 0.8908 0.0638
vn -0.4493 0.8902 0.0758
vn -0.1388 0.9902 0.0166
vn -0.1385 0.9904 0.0028
vn -0.1402 0.9898 0.0267
vn -0.9525 0.2078 0.2225
vn -0.9538 0.2067 0.2182
vn -0.9688 -0.1540 0.1941
vn -0.9688 -0.1541 0.1941
vn -0.9572 0.2059 0.2033
vn -0.9688 -0.1546 0.1938
vn -0.8989 -0.4087 0.1578
vn -0.9569 0.2045 0.2062
vn -0.9567 0.2031 0.2087
vn -0.9687 -0.1566 0.1925
vn -0.9687 -0.1556 0.1934
vn -0.8959 -0.4089 0.1735
vn -0.8973 -0.4082 0.1682
vn -0.5991 -0.7934 0.1071
vn -0.6019 -0.7933 0.0920
vn -0.7762 -0.6148 0.1397
vn -0.6037 -0.7931 0.0809
vn -0.7790 -0.6140 0.1273
vn -0.6047 -0.7932 0.0722
vn -0.6046 -0.7939 0.0644
vn -0.7794 -0.6158 0.1154
vn -0.7797 -0.6144 0.1211
vn -0.0109 -0.9998 -0.0148
vn -0.0150 -0.9993 -0.0354
vn -0.1172 -0.9931 0.0091
vn -0.0180 -0.9986 -0.0502
vn -0.1240 -0.9919 -0.0285
vn -0.2484 -0.9686 0.0129
vn -0.2452 -0.9689 0.0330
vn -0.0203 -0.9979 -0.0617
vn -0.0223 -0.9972 -0.0714
vn -0.2527 -0.9675 -0.0123
vn -0.4109 -0.9113 0.0240
vn -0.4116 -0.9112 0.0150
vn -0.4095 -0.9117 0.0342
vn -0.4044 -0.9122 0.0658
vn -0.4074 -0.9120 0.0475
vn 0.5726 -0.8016 -0.1720
vn 0.3776 -0.9178 -0.1224
vn 0.5765 -0.8002 -0.1651
vn 0.2115 -0.9705 -0.1155
vn 0.2130 -0.9707 -0.1115
vn 0.3782 -0.9169 -0.1274
vn 0.5799 -0.7995 -0.1568
vn 0.2166 -0.9716 -0.0952
vn 0.0859 -0.9929 -0.0825
vn 0.0883 -0.9936 -0.0711
vn 0.0962 -0.9947 -0.0361
vn 0.0916 -0.9942 -0.0565
vn 0.2250 -0.9724 -0.0617
vn 0.2201 -0.9721 -0.0813
vn 0.3871 -0.9173 -0.0934
vn 0.5832 -0.7990 -0.1464
vn 0.3824 -0.9173 -0.1113
vn 0.9743 -0.1159 -0.1931
vn 0.8929 -0.4028 -0.2011
vn 0.8947 -0.4001 -0.1986
vn 0.9731 -0.1151 -0.1994
vn 0.7591 -0.6216 -0.1934
vn 0.7625 -0.6189 -0.1885
vn 0.7652 -0.6173 -0.1827
vn 0.7703 -0.6158 -0.1654
vn 0.7676 -0.6165 -0.1756
vn 0.8972 -0.3977 -0.1921
vn 0.9736 -0.1142 -0.1978
vn 0.9397 0.2959 -0.1715
vn 0.9740 -0.1146 -0.1954
vn 0.1069 0.9927 0.0554
vn -0.0919 0.9913 0.0937
vn 0.1046 0.9937 0.0408
vn -0.0925 0.9926 0.0791
vn 0.7040 0.7069 -0.0689
vn 0.7018 0.7079 -0.0795
vn 0.6995 0.7087 -0.0915
vn 0.6938 0.7089 -0.1270
vn 0.3653 0.9291 -0.0576
vn 0.0992 0.9951 -0.0028
vn -0.0960 0.9947 0.0364
vn -0.0936 0.9937 0.0610
vn 0.1022 0.9945 0.0222
vn 0.0315 0.9994 0.0128
vn 0.0358 0.9987 0.0368
vn -0.1287 0.9893 0.0691
vn -0.1301 0.9900 0.0540
vn 0.0388 0.9978 0.0545
vn -0.1274 0.9880 0.0868
vn -0.2095 0.9725 0.1018
vn 0.0412 0.9968 0.0689
vn -0.1281 0.9851 0.1149
vn -0.2123 0.9686 0.1294
vn -0.2088 0.9697 0.1265
vn 0.1367 0.9887 0.0614
vn 0.2588 0.9653 0.0345
vn 0.2735 0.9614 0.0315
vn 0.2674 0.9634 0.0200
vn 0.2461 0.9692 0.0098
vn 0.1251 0.9915 0.0356
vn 0.2049 0.9776 0.0476
vn 0.1955 0.9805 0.0216
vn 0.1850 0.9826 -0.0186
vn 0.1906 0.9817 0.0047
vn 0.2491 0.9679 -0.0323
vn 0.2556 0.9667 -0.0096
vn 0.1102 0.9939 -0.0048
vn 0.1184 0.9928 0.0188
vn 0.2396 0.9708 -0.0067
vn -0.7614 0.6217 0.1835
vn -0.7669 0.6200 0.1654
vn -0.7572 0.6228 0.1967
vn -0.4212 0.8983 0.1250
vn -0.4294 0.8973 0.1020
vn -0.4152 0.8986 0.1420
vn -0.7509 0.6238 0.2168
vn -0.7539 0.6234 0.2075
vn -0.4073 0.8977 0.1681
vn -0.4107 0.8984 0.1558
vn -0.0957 0.9907 0.0965
vn -0.0916 0.9898 0.1094
vn -0.7754 -0.6242 0.0950
vn -0.6020 -0.7977 0.0355
vn -0.8967 -0.4168 0.1488
vn -0.6023 -0.7969 0.0467
vn -0.8976 -0.4143 0.1509
vn -0.9461 0.2087 0.2476
vn -0.9671 -0.1572 0.2002
vn -0.9491 0.2091 0.2355
vn -0.9681 -0.1560 0.1959
vn -0.9511 0.2086 0.2278
vn -0.8984 -0.4113 0.1541
vn -0.6035 -0.7954 0.0562
vn -0.7781 -0.6187 0.1089
vn -0.0243 -0.9964 -0.0813
vn -0.1303 -0.9897 -0.0594
vn -0.1329 -0.9886 -0.0711
vn -0.2557 -0.9662 -0.0316
vn -0.2576 -0.9653 -0.0431
vn -0.0298 -0.9936 -0.1088
vn -0.2596 -0.9646 -0.0466
vn -0.4136 -0.9103 -0.0187
vn -0.4117 -0.9113 0.0057
vn 0.5550 -0.8082 -0.1967
vn 0.2026 -0.9676 -0.1504
vn 0.2059 -0.9691 -0.1361
vn 0.0799 -0.9903 -0.1138
vn 0.0821 -0.9914 -0.1021
vn 0.2088 -0.9700 -0.1249
vn 0.5675 -0.8037 -0.1791
vn 0.3683 -0.9174 -0.1511
vn 0.9741 -0.1196 -0.1917
vn 0.8874 -0.4123 -0.2063
vn 0.9495 0.2891 -0.1220
vn 0.8842 -0.4183 -0.2080
vn 0.7426 -0.6359 -0.2100
vn 0.7487 -0.6307 -0.2041
vn 0.1239 0.9848 0.1219
vn -0.0906 0.9828 0.1607
vn 0.3967 0.9157 0.0638
vn -0.0900 0.9863 0.1380
vn 0.3886 0.9205 0.0416
vn 0.3825 0.9236 0.0251
vn -0.0905 0.9885 0.1209
vn 0.1137 0.9901 0.0823
vn -0.1290 0.9832 0.1295
vn 0.0485 0.9922 0.1147
vn -0.1308 0.9803 0.1480
vn -0.2145 0.9661 0.1436
vn -0.2181 0.9625 0.1615
vn -0.1340 0.9756 0.1736
vn -0.2160 0.9593 0.1818
vn -0.2104 0.9646 0.1589
vn 0.1608 0.9807 0.1112
vn 0.3034 0.9495 0.0801
vn 0.1494 0.9846 0.0905
vn 0.2896 0.9553 0.0593
vn 0.2104 0.9757 0.0608
vn -0.7479 0.6237 0.2271
vn -0.4008 0.8944 0.1986
vn -0.7395 0.6207 0.2604
vn -0.3956 0.8912 0.2217
vn -0.0760 0.9836 0.1634
vn -0.0836 0.9865 0.1406
vn -0.0882 0.9884 0.1235
vn -0.7741 -0.6155 0.1480
vn -0.5960 -0.7936 0.1222
vn -0.8954 -0.4102 0.1732
vn -0.5938 -0.7938 0.1313
vn -0.8932 -0.4116 0.1809
vn -0.9616 0.2006 0.1871
vn -0.9687 -0.1583 0.1912
vn -0.9636 0.1981 0.1796
vn -0.9687 -0.1601 0.1896
vn -0.9688 -0.1620 0.1874
vn -0.9647 0.1958 0.1761
vn -0.8927 -0.4132 0.1798
vn -0.5930 -0.7943 0.1323
vn -0.7697 -0.6176 0.1618
vn -0.0035 -0.9998 0.0219
vn -0.1115 -0.9928 0.0435
vn -0.2396 -0.9685 0.0681
vn -0.2398 -0.9686 0.0656
vn -0.1152 -0.9931 0.0212
vn -0.2412 -0.9688 0.0562
vn -0.4012 -0.9121 0.0844
vn -0.3992 -0.9118 0.0957
vn -0.3988 -0.9118 0.0976
vn 0.5909 -0.7982 -0.1169
vn 0.3947 -0.9166 -0.0642
vn 0.5930 -0.7979 -0.1080
vn 0.2330 -0.9720 -0.0296
vn 0.1010 -0.9948 -0.0156
vn 0.1048 -0.9945 -0.0003
vn 0.2339 -0.9719 -0.0273
vn 0.5934 -0.7978 -0.1070
vn 0.3954 -0.9164 -0.0623
vn 0.9331 0.2924 -0.2095
vn 0.9717 -0.1157 -0.2057
vn 0.9338 0.2933 -0.2049
vn 0.9723 -0.1152 -0.2032
vn 0.8994 -0.3973 -0.1823
vn 0.8997 -0.3971 -0.1813
vn 0.9353 0.2946 -0.1958
vn 0.9730 -0.1147 -0.2005
vn 0.8992 -0.3970 -0.1839
vn 0.7739 -0.6154 -0.1498
vn 0.7739 -0.6154 -0.1496
vn 0.3623 0.9284 -0.0830
vn 0.0957 0.9945 -0.0423
vn -0.0993 0.9950 -0.0057
vn 0.3604 0.9274 -0.1005
vn 0.6889 0.7061 -0.1638
vn 0.6883 0.7053 -0.1696
vn 0.3601 0.9268 -0.1064
vn -0.0977 0.9952 -0.0113
vn 0.0235 0.9992 -0.0337
vn -0.1351 0.9908 -0.0016
vn 0.0241 0.9993 -0.0286
vn -0.1364 0.9907 0.0039
vn -0.2131 0.9769 0.0143
vn -0.1350 0.9906 0.0203
vn -0.2147 0.9760 0.0361
vn -0.2079 0.9776 0.0342
vn -0.2083 0.9779 0.0179
vn -0.2059 0.9785 0.0122
vn 0.2242 0.9729 -0.0572
vn 0.1019 0.9944 -0.0291
vn 0.2427 0.9685 -0.0558
vn 0.2192 0.9733 -0.0678
vn 0.2363 0.9686 -0.0767
vn 0.1751 0.9828 -0.0587
vn 0.1726 0.9829 -0.0634
vn 0.0907 0.9947 -0.0494
vn 0.2148 0.9740 -0.0723
vn -0.7805 0.6118 0.1283
vn -0.7778 0.6142 0.1335
vn -0.4490 0.8917 0.0567
vn -0.4450 0.8934 0.0621
vn -0.4383 0.8954 0.0781
vn -0.1254 0.9920 0.0156
vn -0.1326 0.9912 -0.0009
vn -0.1371 0.9905 -0.0058
vn -0.7525 -0.4766 -0.4545
vn -0.8667 -0.3770 -0.3267
vn -0.7558 -0.5165 -0.4025
vn -0.8691 -0.4083 -0.2794
vn -0.8706 -0.4419 -0.2162
vn -0.9866 0.0147 0.1626
vn -0.9884 0.0204 0.1503
vn -0.9902 -0.1394 -0.0021
vn -0.9902 0.0275 0.1367
vn -0.1565 -0.6462 -0.7470
vn -0.3215 -0.6344 -0.7030
vn -0.3166 -0.6915 -0.6492
vn -0.4738 -0.6035 -0.6414
vn -0.1309 -0.7762 -0.6168
vn -0.3087 -0.7610 -0.5706
vn -0.4710 -0.7210 -0.5083
vn -0.6209 -0.6559 -0.4294
vn -0.6193 -0.6000 -0.5064
vn 0.3961 -0.6641 -0.6341
vn 0.3656 -0.6080 -0.7047
vn 0.5337 -0.5266 -0.6617
vn 0.1980 -0.6625 -0.7224
vn 0.0287 -0.6945 -0.7189
vn 0.3433 -0.5602 -0.7539
vn 0.9204 -0.1685 -0.3528
vn 0.8322 -0.3195 -0.4532
vn 0.9103 -0.1542 -0.3841
vn 0.9699 0.0048 -0.2436
vn 0.8140 -0.2959 -0.4999
vn 0.7128 -0.4542 -0.5344
vn 0.6876 -0.4200 -0.5922
vn 0.6679 -0.3885 -0.6348
vn 0.7990 -0.2729 -0.5359
vn 0.9011 -0.1393 -0.4105
vn 0.8730 0.4622 0.1558
vn 0.9459 0.3229 0.0305
vn 0.9807 0.1683 -0.0992
vn 0.9820 0.1658 -0.0901
vn 0.9497 0.3043 0.0745
vn 0.8754 0.4262 0.2280
vn 0.3050 0.7910 0.5304
vn 0.1225 0.8064 0.5786
vn 0.4710 0.7497 0.4649
vn 0.3131 0.7351 0.6013
vn 0.1361 0.7484 0.6491
vn 0.4747 0.6994 0.5343
vn 0.6246 0.6407 0.4465
vn 0.4771 0.6614 0.5787
vn 0.1448 0.7051 0.6941
vn -0.5533 0.5400 0.6342
vn -0.3942 0.6485 0.6511
vn -0.2068 0.6667 0.7161
vn -0.2212 0.7048 0.6741
vn -0.4179 0.6905 0.5904
vn -0.2438 0.7552 0.6085
vn -0.9378 0.1812 0.2961
vn -0.9401 0.1836 0.2873
vn -0.7378 0.4749 0.4797
vn -0.7221 0.4542 0.5217
vn -0.7127 0.4386 0.5475
vn 0.0999 -0.0282 -0.9946
vn 0.3866 0.1356 -0.9122
vn 0.1199 0.2258 -0.9668
vn -0.0964 0.2591 -0.9610
vn -0.7069 0.1433 -0.6927
vn -0.7322 0.4271 -0.5305
vn -0.7294 0.3250 -0.6019
vn -0.4742 0.4353 -0.7652
vn -0.2406 0.5507 -0.7993
vn -0.2784 0.2605 -0.9244
vn -0.4609 0.6019 -0.6522
vn -0.6158 0.7836 0.0822
vn -0.3990 0.9154 -0.0536
vn -0.1735 0.9746 -0.1416
vn -0.7219 -0.2154 -0.6576
vn -0.7390 -0.2919 -0.6071
vn -0.8455 -0.1930 -0.4978
vn -0.7772 -0.1219 -0.6174
vn -0.8648 -0.2724 -0.4218
vn -0.7531 -0.4162 -0.5096
vn -0.8661 -0.3508 -0.3562
vn -0.8661 -0.3223 -0.3822
vn -0.9922 0.0383 0.1185
vn -0.9949 0.0570 0.0830
vn -0.9926 -0.1084 -0.0539
vn -0.9887 -0.0398 -0.1447
vn -0.9787 0.1736 -0.1094
vn -0.9668 0.0478 -0.2508
vn -0.3295 -0.5065 -0.7968
vn -0.4690 -0.2328 -0.8520
vn -0.3255 -0.5968 -0.7334
vn -0.4757 -0.5673 -0.6722
vn -0.6195 -0.4873 -0.6155
vn -0.6244 -0.2222 -0.7488
vn -0.6027 -0.3548 -0.7147
vn -0.0388 -0.4049 -0.9136
vn 0.4086 -0.2233 -0.8850
vn 0.4429 -0.3005 -0.8447
vn 0.2736 -0.3612 -0.8914
vn 0.3043 -0.4462 -0.8416
vn 0.4998 -0.4554 -0.7368
vn 0.3251 -0.4949 -0.8058
vn 0.4916 -0.4254 -0.7598
vn 0.5853 -0.2032 -0.7849
vn 0.5781 0.0196 -0.8157
vn 0.7014 -0.0883 -0.7073
vn 0.6315 -0.2831 -0.7219
vn 0.6640 0.1680 -0.7286
vn 0.8629 0.1593 -0.4796
vn 0.7958 0.0346 -0.6046
vn 0.9613 0.0230 -0.2745
vn 0.8807 -0.0995 -0.4632
vn 0.7888 -0.2511 -0.5610
vn 0.6567 -0.3619 -0.6617
vn 0.8993 0.2818 -0.3345
vn 0.7891 0.5187 -0.3291
vn 0.7769 0.6251 -0.0757
vn 0.7655 0.6034 0.2237
vn 0.7659 0.5226 0.3745
vn 0.8772 0.4228 0.2276
vn 0.8796 0.4315 0.2002
vn 0.7709 0.5300 0.3534
vn 0.9480 0.3162 0.0356
vn 0.6342 0.7577 0.1539
vn 0.6328 0.6876 0.3561
vn 0.4439 0.8733 0.2005
vn 0.4726 0.7567 0.4516
vn 0.2377 0.9390 0.2485
vn 0.0653 0.9555 0.2877
vn 0.1203 0.8147 0.5673
vn 0.1402 0.7290 0.6701
vn 0.3187 0.7162 0.6209
vn 0.3232 0.6867 0.6511
vn 0.4803 0.6482 0.5909
vn 0.4843 0.6559 0.5790
vn 0.6337 0.6054 0.4817
vn -0.6106 0.6139 0.5004
vn -0.4358 0.6957 0.5710
vn -0.5857 0.5617 0.5844
vn -0.2505 0.7623 0.5968
vn -0.3190 0.8792 0.3539
vn -0.2234 0.6882 0.6903
vn -0.5665 0.5403 0.6222
vn -0.3788 0.6058 0.6996
vn -0.3896 0.6131 0.6872
vn -0.2052 0.6534 0.7286
vn -0.2134 0.6613 0.7191
vn -0.0436 0.7189 0.6938
vn -0.1091 0.9416 0.3184
vn -0.0617 0.8025 0.5934
vn -0.8965 0.4049 -0.1799
vn -0.9560 0.2310 0.1806
vn -0.8881 0.4141 0.1996
vn -0.8470 0.5316 0.0006
vn -0.8737 0.3540 0.3337
vn -0.9470 0.2009 0.2509
vn -0.8449 0.3194 0.4291
vn -0.8555 0.3305 0.3985
vn -0.7272 0.4440 0.5234
vn -0.7146 0.4353 0.5476
vn -0.7491 0.4646 0.4721
vn -0.7364 0.6366 0.2290
vn -0.7713 0.5197 0.3675
vn 0.6113 0.7741 -0.1649
vn 0.2550 0.7675 -0.5882
vn 0.1825 0.5966 -0.7815
vn -0.1600 0.5528 -0.8178
vn -0.1507 0.6153 -0.7738
vn -0.0643 0.6166 -0.7847
vn -0.0781 0.5494 -0.8319
vn -0.1122 0.7999 -0.5896
vn -0.0282 0.9834 -0.1791
vn 0.1200 0.9722 -0.2008
vn -0.5382 -0.8291 0.1511
vn -0.4458 -0.8409 0.3068
vn -0.4628 -0.7272 0.5070
vn -0.6546 -0.6106 0.4458
vn -0.2833 -0.8239 0.4909
vn -0.1460 -0.9891 0.0182
vn 0.0618 -0.9259 0.3726
vn -0.0724 -0.7418 0.6667
vn -0.6642 -0.4092 0.6256
vn -0.4467 -0.5440 0.7103
vn -0.7082 -0.7021 0.0735
vn -0.8276 -0.5485 0.1189
vn -0.7197 -0.6938 0.0263
vn -0.9192 -0.3733 0.1251
vn -0.9607 -0.1978 0.1948
vn -0.9743 0.0004 0.2253
vn -0.9769 0.0027 0.2138
vn -0.9643 -0.1946 0.1794
vn -0.9784 0.0044 0.2065
vn -0.9798 0.0059 0.2000
vn -0.9688 -0.1898 0.1592
vn -0.9247 -0.3673 0.1002
vn -0.8450 -0.5330 0.0448
vn -0.0286 -0.9942 -0.1037
vn -0.2215 -0.9732 -0.0621
vn -0.2281 -0.9692 -0.0930
vn -0.3984 -0.9170 -0.0188
vn -0.5733 -0.8190 -0.0261
vn -0.4223 -0.8976 -0.1265
vn -0.0460 -0.9806 -0.1907
vn -0.2397 -0.9596 -0.1475
vn 0.1600 -0.9722 -0.1710
vn 0.1656 -0.9762 -0.1400
vn 0.3465 -0.9228 -0.1687
vn 0.1445 -0.9565 -0.2534
vn 0.3320 -0.9092 -0.2510
vn 0.6598 -0.7003 -0.2727
vn 0.6633 -0.7046 -0.2520
vn 0.6670 -0.7088 -0.2297
vn 0.6710 -0.7129 -0.2039
vn 0.5104 -0.8318 -0.2183
vn 0.7973 -0.5575 -0.2313
vn 0.8929 -0.3910 -0.2235
vn 0.8903 -0.3876 -0.2389
vn 0.7883 -0.5459 -0.2837
vn 0.8879 -0.3847 -0.2521
vn 0.9809 -0.0095 -0.1944
vn 0.9813 -0.0100 -0.1922
vn 0.9520 -0.2052 -0.2272
vn 0.9821 -0.0109 -0.1878
vn 0.9582 -0.2127 -0.1911
vn 0.9556 -0.2098 -0.2067
vn 0.9718 0.1851 -0.1464
vn 0.9712 0.1858 -0.1494
vn 0.9712 0.1856 -0.1493
vn 0.9265 0.3642 -0.0945
vn 0.9249 0.3662 -0.1022
vn 0.7310 0.6820 0.0200
vn 0.7275 0.6861 0.0040
vn 0.8444 0.5333 -0.0514
vn 0.8426 0.5353 -0.0595
vn 0.7231 0.6905 -0.0154
vn 0.7227 0.6909 -0.0180
vn 0.8416 0.5364 -0.0638
vn 0.5760 0.8167 0.0342
vn 0.5748 0.8177 0.0290
vn 0.4133 0.9069 0.0813
vn 0.4242 0.8959 0.1321
vn 0.4195 0.9010 0.1103
vn 0.0530 0.9730 0.2245
vn 0.0482 0.9785 0.2006
vn 0.2422 0.9574 0.1575
vn 0.2471 0.9520 0.1807
vn 0.2383 0.9612 0.1392
vn 0.2339 0.9651 0.1177
vn -0.6629 0.7019 0.2607
vn -0.5067 0.8261 0.2467
vn -0.5055 0.8252 0.2518
vn -0.6625 0.7013 0.2633
vn -0.3337 0.9105 0.2441
vn -0.1557 0.9681 0.1961
vn -0.1514 0.9642 0.2177
vn -0.1434 0.9551 0.2592
vn -0.3263 0.9019 0.2831
vn -0.4973 0.8153 0.2965
vn -0.5010 0.8200 0.2769
vn -0.9482 0.1986 0.2478
vn -0.8870 0.3810 0.2609
vn -0.9505 0.2007 0.2371
vn -0.8876 0.3816 0.2578
vn -0.7919 0.5482 0.2692
vn -0.7882 0.5429 0.2896
vn -0.7904 0.5461 0.2776
vn -0.8855 0.3784 0.2698
vn -0.8869 0.3804 0.2622
vn -0.6753 -0.7083 0.2058
vn -0.6871 -0.7085 0.1609
vn -0.8924 -0.3870 0.2322
vn -0.8150 -0.5541 0.1695
vn -0.9306 -0.2065 0.3023
vn -0.9596 -0.0061 0.2813
vn -0.9509 -0.2028 0.2337
vn -0.9562 -0.2007 0.2133
vn -0.9057 -0.3834 0.1810
vn -0.8214 -0.5519 0.1437
vn -0.2003 -0.9790 0.0374
vn -0.3767 -0.9230 0.0781
vn -0.5279 -0.8331 0.1648
vn -0.3912 -0.9202 0.0126
vn -0.2145 -0.9763 -0.0296
vn 0.1844 -0.9820 -0.0400
vn 0.1779 -0.9812 -0.0748
vn 0.6753 -0.7162 -0.1759
vn 0.5380 -0.8415 -0.0499
vn 0.5308 -0.8421 -0.0960
vn 0.9066 -0.4015 -0.1298
vn 0.9111 -0.4034 -0.0849
vn 0.9905 -0.0194 -0.1358
vn 0.9641 -0.2179 -0.1515
vn 0.9936 -0.0207 -0.1113
vn 0.9975 -0.0218 -0.0666
vn 0.9717 -0.2222 -0.0807
vn 0.9675 -0.2198 -0.1248
vn 0.9288 0.3657 -0.0607
vn 0.7236 0.6902 -0.0070
vn 0.8436 0.5348 -0.0478
vn 0.7233 0.6904 0.0144
vn 0.7216 0.6886 0.0716
vn 0.5765 0.8087 0.1163
vn 0.5754 0.8171 0.0364
vn 0.4145 0.9046 0.0994
vn 0.0516 0.9825 0.1790
vn 0.2541 0.9470 0.1964
vn -0.6321 0.7026 0.3269
vn -0.4653 0.8297 0.3084
vn -0.4930 0.8282 0.2665
vn -0.6523 0.7022 0.2853
vn -0.5036 0.8266 0.2512
vn -0.6599 0.7014 0.2693
vn -0.1529 0.9684 0.1973
vn -0.3377 0.9145 0.2230
vn -0.6626 0.7015 0.2625
vn -0.5067 0.8262 0.2463
vn -0.9360 0.1924 0.2946
vn -0.8768 0.3763 0.2995
vn -0.9420 0.1947 0.2733
vn -0.7832 0.5465 0.2966
vn -0.7916 0.5482 0.2701
vn -0.9457 0.1966 0.2589
vn -0.9802 0.0059 0.1978
vn -0.9721 -0.1861 0.1426
vn -0.9323 -0.3569 0.0588
vn -0.9835 -0.1673 0.0691
vn -0.9436 -0.3291 -0.0350
vn -0.7501 -0.6446 -0.1481
vn -0.8683 -0.4766 -0.1375
vn -0.7417 -0.6653 -0.0851
vn -0.8553 -0.5179 -0.0118
vn -0.8493 -0.5275 0.0228
vn -0.6089 -0.7601 -0.2268
vn -0.4515 -0.8424 -0.2942
vn -0.1095 -0.8542 -0.5083
vn -0.2530 -0.9439 -0.2123
vn 0.1248 -0.9292 -0.3479
vn 0.3082 -0.8779 -0.3666
vn 0.1067 -0.8971 -0.4287
vn 0.2596 -0.7960 -0.5469
vn 0.2894 -0.8484 -0.4433
vn 0.6245 -0.6556 -0.4245
vn 0.4589 -0.7716 -0.4405
vn 0.4318 -0.7236 -0.5384
vn 0.6408 -0.6763 -0.3632
vn 0.7761 -0.5311 -0.3400
vn 0.7403 -0.4894 -0.4609
vn 0.8676 -0.3608 -0.3423
vn 0.9756 -0.0060 -0.2195
vn 0.9781 -0.0080 -0.2080
vn 0.9310 -0.1825 -0.3160
vn 0.9796 -0.0091 -0.2009
vn 0.9487 -0.2013 -0.2439
vn 0.9729 0.1828 -0.1414
vn 0.9744 0.1802 -0.1346
vn 0.9290 0.3605 -0.0831
vn 0.9325 0.3551 -0.0662
vn 0.9762 0.1768 -0.1256
vn 0.9421 0.3354 -0.0076
vn 0.7589 0.6197 0.1999
vn 0.8692 0.4849 0.0968
vn 0.7429 0.6648 0.0782
vn 0.7361 0.6755 0.0433
vn 0.5917 0.7991 0.1066
vn 0.5998 0.7863 0.1484
vn 0.4308 0.8875 0.1634
vn 0.4398 0.8731 0.2102
vn 0.4631 0.8053 0.3701
vn 0.4509 0.8485 0.2769
vn 0.1033 0.8709 0.4805
vn 0.0840 0.9206 0.3814
vn 0.2764 0.9009 0.3347
vn 0.0698 0.9483 0.3095
vn -0.1268 0.9309 0.3426
vn -0.0894 0.8560 0.5091
vn -0.2711 0.8116 0.5175
vn -0.2960 0.8544 0.4271
vn -0.6331 0.6587 0.4066
vn -0.4698 0.7736 0.4253
vn -0.4468 0.7369 0.5074
vn -0.6518 0.6863 0.3225
vn -0.4923 0.8076 0.3247
vn -0.7851 0.5377 0.3075
vn -0.8834 0.3747 0.2815
vn -0.8801 0.3693 0.2984
vn -0.7712 0.5174 0.3709
vn -0.9435 0.1871 0.2733
vn -0.6461 -0.7064 -0.2889
vn -0.7932 -0.5254 -0.3080
vn -0.7688 -0.4713 -0.4322
vn -0.6446 -0.6568 -0.3913
vn -0.8391 -0.2862 -0.4627
vn -0.7578 -0.4370 -0.4845
vn -0.6516 -0.6265 -0.4276
vn -0.8112 -0.2564 -0.5255
vn -0.8566 0.1588 -0.4910
vn -0.8128 0.1377 -0.5660
vn -0.8293 -0.0751 -0.5538
vn -0.9687 0.0794 -0.2351
vn -0.9689 -0.1406 -0.2036
vn -0.8481 -0.0810 -0.5236
vn -0.8316 0.1172 -0.5429
vn -0.9273 -0.3456 -0.1438
vn -0.8369 -0.5432 -0.0669
vn -0.6856 -0.7275 0.0251
vn -0.6807 -0.6437 -0.3497
vn -0.7855 -0.4471 -0.4279
vn -0.1910 -0.9370 -0.2925
vn -0.0685 -0.9511 -0.3011
vn -0.3103 -0.9161 -0.2540
vn -0.3286 -0.8925 -0.3090
vn -0.1993 -0.9420 -0.2702
vn -0.0630 -0.9596 -0.2741
vn -0.4833 -0.8046 -0.3449
vn -0.5023 -0.7863 -0.3597
vn -0.4937 -0.8618 0.1165
vn -0.5262 -0.8107 -0.2567
vn -0.3567 -0.9174 -0.1764
vn -0.1297 -0.9683 0.2135
vn 0.0348 -0.9786 0.2028
vn 0.6394 -0.7326 -0.2334
vn 0.4978 -0.6478 -0.5767
vn 0.3818 -0.8166 -0.4328
vn 0.4927 -0.8662 -0.0827
vn 0.2500 -0.9224 -0.2944
vn 0.3406 -0.9389 0.0494
vn 0.4912 -0.6987 -0.5202
vn 0.3258 -0.8425 -0.4289
vn 0.3099 -0.8063 -0.5038
vn 0.0490 -0.9391 -0.3402
vn 0.0654 -0.9444 -0.3222
vn 0.1903 -0.9708 0.1463
vn 0.8333 0.1233 -0.5389
vn 0.5817 0.1778 -0.7937
vn 0.6117 -0.0695 -0.7880
vn 0.8425 -0.1492 -0.5176
vn 0.5435 0.2150 -0.8114
vn 0.5757 -0.0461 -0.8164
vn 0.6067 -0.2627 -0.7503
vn 0.5662 -0.2436 -0.7875
vn 0.7155 0.2846 -0.6380
vn 0.6345 -0.0446 -0.7716
vn 0.7077 -0.2988 -0.6403
vn 0.5564 -0.4560 -0.6946
vn 0.6261 -0.5047 -0.5944
vn 0.5267 -0.4294 -0.7336
vn 0.1194 0.9712 -0.2062
vn 0.1357 0.9356 -0.3258
vn 0.2983 0.8152 -0.4965
vn 0.1942 0.8941 -0.4036
vn 0.0958 0.9691 -0.2272
vn 0.3219 0.7450 -0.5842
vn 0.5513 0.6479 -0.5256
vn 0.4782 0.5780 -0.6613
vn 0.4539 0.5050 -0.7342
vn 0.7890 0.4013 -0.4653
vn 0.5189 0.4444 -0.7302
vn 0.4290 0.6875 -0.5858
vn 0.5962 0.8025 -0.0229
vn 0.3349 0.8620 -0.3806
vn -0.0399 0.9979 0.0504
vn -0.0953 0.9949 0.0324
vn 0.0333 0.9989 0.0333
vn -0.0910 0.9958 -0.0112
vn -0.0465 0.9963 -0.0725
vn 0.0406 0.9961 -0.0778
vn 0.3749 0.8243 0.4243
vn 0.1693 0.9628 0.2104
vn 0.2695 0.7386 0.6179
vn 0.2472 0.7240 0.6440
vn 0.2001 0.9156 0.3487
vn -0.3676 0.8716 0.3245
vn -0.1719 0.9772 -0.1247
vn 0.0467 0.9984 0.0326
vn 0.1539 0.9814 0.1146
vn -0.0224 0.9986 -0.0477
vn 0.1315 0.9913 0.0074
vn 0.1680 0.9848 0.0433
vn 0.1624 0.9851 0.0570
vn 0.1762 0.9738 0.1439
vn 0.2089 0.7403 0.6390
vn -0.7882 0.3255 -0.5223
vn -0.9300 0.3007 -0.2116
vn -0.7517 0.3772 -0.5410
vn -0.8422 0.5265 -0.1161
vn -0.6289 0.6274 -0.4592
vn -0.7987 0.5239 -0.2960
vn -0.3374 0.9096 -0.2425
vn -0.4297 0.8472 -0.3123
vn -0.5479 0.7880 -0.2807
vn -0.9627 0.0076 0.2705
vn -0.9377 -0.2077 0.2787
vn -0.8266 -0.3908 0.4049
vn -0.9226 -0.0149 0.3855
vn -0.9071 -0.2096 0.3650
vn -0.7725 -0.5548 0.3088
vn -0.6159 -0.7012 0.3593
vn -0.4673 -0.8194 0.3318
vn -0.3079 -0.9016 0.3040
vn -0.3471 -0.9173 0.1950
vn 0.0161 -0.9930 0.1174
vn 0.0672 -0.9305 0.3601
vn -0.0973 -0.9193 0.3814
vn 0.2265 -0.9204 0.3188
vn 0.3795 -0.8878 0.2605
vn 0.3888 -0.9062 0.1664
vn 0.6975 -0.7166 0.0018
vn 0.6964 -0.7108 0.0990
vn 0.6831 -0.7225 0.1067
vn 0.5318 -0.8257 0.1881
vn 0.9095 -0.4146 -0.0288
vn 0.9138 -0.4058 -0.0164
vn 0.9740 -0.2262 -0.0129
vn 0.9719 -0.2285 0.0572
vn 0.9970 0.0272 -0.0727
vn 0.9725 0.2033 0.1134
vn 0.7103 0.6817 0.1754
vn 0.8319 0.5414 0.1213
vn 0.6693 0.6636 0.3342
vn 0.7243 0.6155 0.3108
vn 0.5869 0.6659 0.4606
vn 0.3018 0.6631 0.6850
vn 0.3033 0.8135 0.4962
vn 0.1877 0.8346 0.5178
vn 0.4185 0.7843 0.4578
vn 0.4683 0.6750 0.5702
vn 0.5712 0.7886 0.2277
vn 0.4276 0.8618 0.2730
vn 0.1227 0.9323 0.3401
vn -0.0446 0.9315 0.3610
vn -0.2210 0.9000 0.3757
vn -0.5905 0.7007 0.4003
vn -0.5130 0.6972 0.5007
vn -0.6486 0.6125 0.4518
vn -0.6814 0.5455 0.4880
vn -0.8379 0.3654 0.4054
vn -0.6032 -0.7942 0.0729
vn -0.9036 -0.4163 0.1009
vn -0.6225 -0.7822 -0.0247
vn -0.9735 -0.1684 0.1549
vn -0.9783 -0.1682 0.1207
vn -0.9816 -0.1436 -0.1262
vn -0.9755 0.1870 -0.1158
vn -0.9155 -0.3800 -0.1324
vn -0.8044 -0.5777 -0.1384
vn -0.0165 -0.9989 -0.0428
vn -0.2530 -0.9675 0.0040
vn -0.0313 -0.9928 -0.1160
vn -0.2705 -0.9598 -0.0751
vn -0.4305 -0.9011 -0.0519
vn -0.4506 -0.8795 -0.1533
vn -0.1581 -0.9720 -0.1740
vn 0.0875 -0.9919 -0.0918
vn 0.2182 -0.9685 -0.1204
vn 0.2230 -0.9705 -0.0922
vn 0.2094 -0.9625 -0.1726
vn 0.5396 -0.7474 -0.3877
vn 0.5695 -0.7768 -0.2687
vn 0.5813 -0.7884 -0.2015
vn 0.3861 -0.9138 -0.1265
vn 0.8318 0.2996 -0.4674
vn 0.9562 -0.1062 -0.2727
vn 0.8847 -0.3844 -0.2636
vn 0.7611 -0.6027 -0.2398
vn 0.7666 -0.6089 -0.2042
vn -0.0609 0.9976 0.0317
vn 0.3663 0.9276 -0.0731
vn 0.3598 0.9253 -0.1196
vn 0.6892 0.7081 -0.1538
vn 0.6834 0.7089 -0.1744
vn 0.6286 0.6902 -0.3583
vn -0.0340 0.9994 -0.0112
vn 0.0372 0.9991 0.0180
vn -0.1765 0.9826 0.0578
vn -0.1628 0.9845 0.0654
vn 0.0480 0.9978 0.0450
vn -0.1448 0.9869 0.0715
vn -0.1692 0.9841 0.0538
vn -0.1562 0.9860 0.0589
vn -0.1168 0.9923 0.0423
vn 0.0583 0.9966 0.0581
vn -0.0614 0.9956 0.0710
vn 0.1661 0.9861 0.0040
vn 0.1695 0.9855 -0.0094
vn 0.1634 0.9863 0.0220
vn 0.2053 0.9787 0.0090
vn 0.1621 0.9859 0.0410
vn 0.0212 0.9998 -0.0030
vn 0.0650 0.9979 0.0068
vn 0.0745 0.9972 0.0005
vn 0.1880 0.9821 -0.0087
vn -0.1479 0.9883 0.0382
vn -0.2113 0.9770 -0.0305
vn -0.5140 0.8553 -0.0648
vn -0.8027 0.5942 0.0501
vn -0.7841 0.6049 0.1388
vn 0.6272 -0.7788 0.0098
vn 0.4974 -0.8617 0.1002
vn 0.7539 -0.6393 0.1511
vn 0.5961 -0.7521 0.2810
vn 0.2628 -0.9638 -0.0460
vn 0.8458 -0.4239 0.3238
vn 0.8450 -0.0986 0.5255
vn 0.3019 -0.7500 0.5885
vn 0.2436 -0.9038 0.3518
vn -0.0734 0.7987 0.5972
vn -0.1254 0.7754 0.6189
vn 0.0121 0.6761 0.7367
vn -0.1407 0.7715 0.6204
vn -0.0691 0.7936 0.6045
vn 0.1280 0.8134 0.5674
vn 0.1523 0.7076 0.6900
vn 0.6738 0.2828 0.6827
vn 0.2598 0.4495 0.8546
vn 0.3211 0.7911 0.5207
vn 0.3086 0.6862 0.6587
vn 0.3933 0.7694 0.5034
vn 0.3330 0.7971 0.5038
vn 0.3059 0.6811 0.6652
vn -0.0676 0.5804 0.8116
vn 0.1137 0.4680 0.8764
vn -0.7619 -0.6367 0.1191
vn -0.6015 -0.7984 0.0280
vn -0.8714 -0.4412 0.2147
vn -0.7884 0.0415 0.6138
vn -0.9409 0.2060 0.2686
vn -0.9568 -0.1656 0.2390
vn -0.7758 -0.6248 0.0883
vn -0.0341 -0.9908 -0.1307
vn -0.1471 -0.9804 -0.1309
vn -0.1415 -0.9841 -0.1078
vn -0.0416 -0.9854 -0.1654
vn -0.2765 -0.9555 -0.1029
vn -0.0364 -0.9904 -0.1336
vn -0.1531 -0.9830 -0.1015
vn -0.2805 -0.9582 -0.0563
vn -0.4253 -0.9037 -0.0494
vn -0.4220 -0.9050 -0.0539
vn 0.5346 -0.8328 -0.1437
vn 0.2151 -0.9636 -0.1591
vn 0.5395 -0.8167 -0.2046
vn 0.1968 -0.9603 -0.1978
vn 0.0699 -0.9805 -0.1837
vn 0.0737 -0.9859 -0.1505
vn 0.3539 -0.9156 -0.1910
vn 0.5432 -0.8104 -0.2194
vn 0.3491 -0.9137 -0.2080
vn 0.9546 0.2808 -0.0999
vn 0.9645 0.2594 -0.0495
vn 0.9778 -0.1504 -0.1456
vn 0.9753 -0.1344 -0.1754
vn 0.9793 -0.1926 -0.0618
vn 0.8811 -0.4248 -0.2080
vn 0.8462 -0.5326 -0.0127
vn 0.1574 0.8558 0.4927
vn -0.0791 0.8687 0.4890
vn -0.0926 0.9341 0.3447
vn 0.4529 0.8458 0.2820
vn 0.7682 0.4757 0.4284
vn 0.7435 0.6649 0.0711
vn 0.0586 0.9819 0.1802
vn 0.0687 0.9676 0.2428
vn -0.1427 0.9508 0.2751
vn -0.1384 0.9671 0.2134
vn -0.1384 0.9200 0.3666
vn -0.2440 0.9285 0.2801
vn -0.2052 0.8444 0.4948
vn -0.2248 0.9500 0.2165
vn 0.3812 0.8939 0.2359
vn 0.3878 0.8890 0.2436
vn 0.3171 0.8589 0.4022
vn 0.2453 0.9598 0.1365
vn 0.2691 0.9435 0.1932
vn 0.3243 0.9393 0.1116
vn 0.3111 0.9440 0.1102
vn 0.1792 0.9735 0.1420
vn 0.3432 0.9261 0.1567
vn -0.7162 0.6007 0.3552
vn -0.6801 0.5508 0.4839
vn -0.3861 0.8858 0.2575
vn -0.3351 0.8303 0.4453
vn -0.5771 0.4306 0.6939
vn -0.2442 0.7262 0.6427
vn 0.0684 0.8559 0.5125
vn -0.0377 0.9664 0.2542
vn -0.7701 -0.6187 0.1553
vn -0.7715 -0.6194 0.1457
vn -0.5960 -0.7951 0.1125
vn -0.8929 -0.4148 0.1751
vn -0.8938 -0.4157 0.1683
vn -0.7728 -0.6198 0.1364
vn -0.5978 -0.7951 0.1016
vn -0.9690 -0.1639 0.1847
vn -0.9695 -0.1650 0.1814
vn -0.9652 0.1918 0.1775
vn -0.9701 -0.1661 0.1767
vn -0.9713 -0.1673 0.1693
vn -0.9663 0.1905 0.1734
vn -0.6000 -0.7950 0.0897
vn -0.7744 -0.6201 0.1255
vn -0.0054 -0.9999 0.0126
vn -0.1164 -0.9930 0.0198
vn -0.2415 -0.9686 0.0589
vn -0.2445 -0.9686 0.0449
vn -0.1191 -0.9929 0.0073
vn -0.2471 -0.9684 0.0326
vn -0.4029 -0.9121 0.0756
vn -0.4053 -0.9120 0.0637
vn -0.0132 -0.9996 -0.0269
vn -0.1217 -0.9926 -0.0052
vn 0.2323 -0.9719 -0.0366
vn 0.2278 -0.9717 -0.0631
vn 0.5874 -0.7952 -0.1501
vn 0.5888 -0.7965 -0.1378
vn 0.3940 -0.9164 -0.0712
vn 0.3917 -0.9162 -0.0845
vn 0.9328 0.2942 -0.2083
vn 0.9684 -0.1133 -0.2222
vn 0.9699 -0.1147 -0.2147
vn 0.8963 -0.3955 -0.2005
vn 0.9340 0.2925 -0.2051
vn 0.9336 0.2918 -0.2082
vn 0.9708 -0.1155 -0.2104
vn 0.7726 -0.6154 -0.1561
vn 0.7687 -0.6118 -0.1863
vn 0.0982 0.9942 -0.0443
vn 0.1020 0.9943 -0.0312
vn -0.0877 0.9961 0.0093
vn 0.1054 0.9942 -0.0218
vn 0.6895 0.7053 -0.1647
vn 0.3665 0.9275 -0.0734
vn 0.0343 0.9994 0.0090
vn 0.0318 0.9995 -0.0006
vn -0.1943 0.9800 0.0442
vn 0.0256 0.9993 -0.0253
vn -0.1307 0.9914 0.0062
vn -0.2079 0.9779 0.0219
vn -0.1939 0.9805 0.0323
vn -0.1790 0.9826 0.0492
vn 0.0875 0.9958 -0.0262
vn 0.2324 0.9703 -0.0666
vn 0.2318 0.9713 -0.0525
vn 0.0851 0.9963 -0.0150
vn 0.1724 0.9835 -0.0545
vn 0.1732 0.9845 -0.0292
vn 0.2266 0.9735 -0.0309
vn 0.0809 0.9967 -0.0060
vn -0.4513 0.8880 0.0887
vn -0.4497 0.8892 0.0840
vn -0.7804 0.6094 0.1402
vn -0.4494 0.8901 0.0757
vn -0.1385 0.9904 0.0029
vn -0.1403 0.9897 0.0269
vn -0.9688 -0.1542 0.1941
vn -0.9552 0.2057 0.2129
vn -0.8989 -0.4087 0.1577
vn -0.9569 0.2044 0.2062
vn -0.9591 0.2031 0.1970
vn -0.9687 -0.1567 0.1926
vn -0.8959 -0.4090 0.1735
vn -0.5991 -0.7935 0.1071
vn -0.7774 -0.6144 0.1351
vn -0.6037 -0.7931 0.0810
vn -0.7789 -0.6141 0.1274
vn -0.7793 -0.6159 0.1155
vn -0.1176 -0.9930 0.0068
vn -0.1239 -0.9919 -0.0284
vn -0.2483 -0.9686 0.0130
vn -0.2451 -0.9689 0.0329
vn -0.2507 -0.9681 -0.0013
vn -0.0222 -0.9972 -0.0714
vn -0.1281 -0.9905 -0.0495
vn -0.2527 -0.9675 -0.0124
vn -0.4095 -0.9117 0.0343
vn -0.4043 -0.9122 0.0659
vn 0.5727 -0.8015 -0.1721
vn 0.3756 -0.9170 -0.1342
vn 0.5766 -0.8002 -0.1652
vn 0.3789 -0.9171 -0.1242
vn 0.5799 -0.7995 -0.1569
vn 0.2167 -0.9716 -0.0953
vn 0.0841 -0.9922 -0.0920
vn 0.5873 -0.7985 -0.1317
vn 0.5833 -0.7990 -0.1463
vn 0.9425 0.2955 -0.1563
vn 0.8929 -0.4028 -0.2012
vn 0.8947 -0.4000 -0.1986
vn 0.9412 0.2958 -0.1630
vn 0.7703 -0.6158 -0.1655
vn 0.8985 -0.3970 -0.1875
vn 0.8972 -0.3976 -0.1921
vn 0.9736 -0.1142 -0.1977
vn 0.9397 0.2959 -0.1714
vn 0.9740 -0.1146 -0.1955
vn 0.1069 0.9927 0.0555
vn -0.0919 0.9913 0.0938
vn 0.1045 0.9937 0.0407
vn 0.3714 0.9283 -0.0149
vn 0.7039 0.7069 -0.0690
vn 0.7017 0.7080 -0.0795
vn 0.6995 0.7088 -0.0915
vn 0.6937 0.7089 -0.1271
vn 0.3653 0.9291 -0.0575
vn 0.0991 0.9951 -0.0029
vn -0.0936 0.9937 0.0611
vn 0.1021 0.9945 0.0223
vn 0.0315 0.9994 0.0127
vn -0.1319 0.9903 0.0439
vn -0.1274 0.9880 0.0869
vn -0.2099 0.9741 0.0842
vn 0.0432 0.9957 0.0820
vn -0.1282 0.9851 0.1149
vn -0.1275 0.9866 0.1015
vn -0.2106 0.9707 0.1162
vn -0.2056 0.9703 0.1277
vn -0.2056 0.9769 0.0587
vn 0.2588 0.9653 0.0344
vn 0.2523 0.9674 0.0228
vn 0.1310 0.9902 0.0493
vn 0.1849 0.9826 -0.0187
vn 0.2556 0.9667 -0.0095
vn 0.2323 0.9722 -0.0293
vn 0.1101 0.9939 -0.0049
vn 0.1183 0.9928 0.0187
vn 0.2396 0.9709 -0.0066
vn -0.7615 0.6216 0.1836
vn -0.7670 0.6200 0.1654
vn -0.4213 0.8983 0.1251
vn -0.4153 0.8985 0.1421
vn -0.7539 0.6234 0.2074
vn -0.0957 0.9907 0.0966
vn -0.1163 0.9924 0.0404
vn -0.7754 -0.6243 0.0950
vn -0.8967 -0.4168 0.1489
vn -0.8975 -0.4144 0.1510
vn -0.7781 -0.6187 0.1090
vn -0.0243 -0.9964 -0.0814
vn -0.0266 -0.9953 -0.0934
vn -0.1328 -0.9886 -0.0711
vn -0.2556 -0.9663 -0.0315
vn -0.0298 -0.9936 -0.1089
vn -0.2606 -0.9637 -0.0576
vn -0.4120 -0.9112 -0.0051
vn -0.4116 -0.9113 0.0058
vn 0.5550 -0.8082 -0.1968
vn 0.2027 -0.9676 -0.1504
vn 0.5615 -0.8061 -0.1872
vn 0.5675 -0.8036 -0.1792
vn 0.9749 -0.1268 -0.1829
vn 0.7544 -0.6257 -0.1987
vn -0.0907 0.9828 0.1606
vn 0.1184 0.9880 0.0991
vn 0.3886 0.9205 0.0417
vn 0.7166 0.6971 -0.0232
vn 0.7064 0.7054 -0.0576
vn 0.3825 0.9236 0.0252
vn 0.1136 0.9901 0.0823
vn -0.1291 0.9832 0.1294
vn 0.0484 0.9922 0.1146
vn -0.1309 0.9803 0.1480
vn -0.2146 0.9661 0.1436
vn 0.0523 0.9888 0.1401
vn -0.2161 0.9593 0.1818
vn -0.2105 0.9646 0.1588
vn 0.2177 0.9729 0.0776
vn 0.1420 0.9871 0.0746
vn 0.2656 0.9629 0.0466
vn -0.7480 0.6237 0.2271
vn -0.7396 0.6207 0.2604
vn -0.7721 -0.6157 0.1577
vn -0.8943 -0.4102 0.1785
vn -0.5938 -0.7939 0.1312
vn -0.9617 0.2005 0.1871
vn -0.9687 -0.1602 0.1895
vn -0.9647 0.1957 0.1760
vn -0.8927 -0.4133 0.1799
vn -0.5929 -0.7943 0.1322
vn -0.0035 -0.9998 0.0220
vn -0.2395 -0.9685 0.0681
vn -0.1140 -0.9931 0.0278
vn -0.2418 -0.9689 0.0531
vn 0.2300 -0.9723 -0.0419
vn 0.1048 -0.9945 -0.0002
vn 0.2340 -0.9719 -0.0274
vn 0.5934 -0.7978 -0.1069
vn 0.3955 -0.9164 -0.0624
vn 0.9723 -0.1151 -0.2032
vn 0.7739 -0.6153 -0.1497
vn 0.0948 0.9944 -0.0464
vn -0.0994 0.9950 -0.0057
vn 0.3604 0.9274 -0.1004
vn 0.6909 0.7075 -0.1488
vn 0.6889 0.7062 -0.1638
vn 0.6883 0.7054 -0.1696
vn 0.0953 0.9941 -0.0521
vn 0.0234 0.9992 -0.0336
vn 0.0240 0.9993 -0.0285
vn -0.1364 0.9906 0.0038
vn -0.2153 0.9764 0.0198
vn -0.2079 0.9775 0.0342
vn -0.2059 0.9785 0.0123
vn 0.2250 0.9729 -0.0528
vn 0.2426 0.9685 -0.0558
vn 0.2191 0.9733 -0.0681
vn 0.0952 0.9944 -0.0449
vn 0.1793 0.9829 -0.0429
vn 0.1725 0.9830 -0.0633
vn -0.7778 0.6142 0.1334
vn -0.4490 0.8917 0.0566
vn -0.4450 0.8934 0.0620
vn -0.4384 0.8954 0.0781
vn -0.7525 -0.4766 -0.4546
vn -0.8666 -0.3770 -0.3268
vn -0.8691 -0.4082 -0.2795
vn -0.8706 -0.4419 -0.2163
vn -0.9884 0.0204 0.1504
vn -0.1564 -0.6461 -0.7470
vn -0.1461 -0.7046 -0.6944
vn -0.4737 -0.6035 -0.6414
vn -0.4732 -0.6568 -0.5871
vn -0.4711 -0.7209 -0.5084
vn -0.6209 -0.6559 -0.4293
vn 0.3961 -0.6640 -0.6341
vn 0.5631 -0.5722 -0.5962
vn 0.2258 -0.7267 -0.6488
vn 0.5336 -0.5267 -0.6618
vn 0.1979 -0.6624 -0.7225
vn 0.0511 -0.7641 -0.6431
vn 0.0285 -0.6945 -0.7190
vn 0.9728 -0.0008 -0.2315
vn 0.8321 -0.3194 -0.4533
vn 0.7127 -0.4543 -0.5346
vn 0.6876 -0.4202 -0.5922
vn 0.6678 -0.3886 -0.6348
vn 0.9664 0.0122 -0.2569
vn 0.9011 -0.1393 -0.4106
vn 0.7629 0.5539 0.3335
vn 0.9807 0.1684 -0.0993
vn 0.9497 0.3043 0.0744
vn 0.7633 0.5299 0.3696
vn 0.8755 0.4261 0.2281
vn 0.3049 0.7910 0.5304
vn 0.4712 0.7497 0.4648
vn 0.3132 0.7350 0.6014
vn 0.1363 0.7484 0.6491
vn 0.6247 0.6407 0.4464
vn 0.4772 0.6613 0.5787
vn 0.1449 0.7051 0.6942
vn 0.3181 0.6931 0.6469
vn -0.5532 0.5402 0.6341
vn -0.5664 0.5642 0.6006
vn -0.2211 0.7047 0.6742
vn -0.5877 0.5958 0.5474
vn -0.0706 0.7917 0.6069
vn -0.0335 0.6958 0.7175
vn -0.9374 0.1809 0.2978
vn -0.7377 0.4749 0.4798
vn -0.7220 0.4542 0.5219
vn -0.7126 0.4387 0.5475
vn 0.3866 0.1357 -0.9122
vn -0.0903 -0.0149 -0.9958
vn 0.1485 0.4308 -0.8901
vn 0.4454 0.3163 -0.8376
vn -0.6635 -0.0621 -0.7456
vn -0.7068 0.1433 -0.6928
vn -0.4773 -0.0241 -0.8784
vn -0.4807 0.2300 -0.8462
vn -0.4656 0.5211 -0.7153
vn -0.4742 0.4354 -0.7652
vn -0.2785 0.2605 -0.9244
vn -0.4607 0.6020 -0.6522
vn -0.2185 0.8016 -0.5564
vn -0.4508 0.7731 -0.4462
vn -0.7011 0.6718 -0.2392
vn -0.6159 0.7835 0.0822
vn -0.3990 0.9154 -0.0535
vn -0.7504 -0.3690 -0.5484
vn -0.1935 -0.2475 -0.9494
vn -0.3250 -0.4027 -0.8557
vn -0.3170 -0.2421 -0.9170
vn -0.1739 -0.5163 -0.8386
vn -0.1622 -0.6081 -0.7771
vn -0.4759 -0.5671 -0.6722
vn -0.0665 -0.2434 -0.9676
vn -0.0137 -0.5090 -0.8606
vn 0.4429 -0.3004 -0.8447
vn 0.4997 -0.4555 -0.7367
vn 0.3252 -0.4948 -0.8059
vn 0.4916 -0.4255 -0.7598
vn 0.5782 0.0196 -0.8157
vn 0.7569 -0.1742 -0.6298
vn 0.9256 0.0805 -0.3700
vn 0.8557 -0.0534 -0.5148
vn 0.9504 0.0418 -0.3083
vn 0.9549 0.2158 -0.2041
vn 0.7770 0.6250 -0.0757
vn 0.7657 0.6031 0.2236
vn 0.8804 0.4519 0.1441
vn 0.7658 0.5228 0.3745
vn 0.7708 0.5302 0.3533
vn 0.9499 0.3051 0.0681
vn 0.9480 0.3162 0.0359
vn 0.0653 0.9555 0.2876
vn -0.6208 0.6738 0.4006
vn -0.4359 0.6957 0.5710
vn -0.5665 0.5404 0.6221
vn -0.3788 0.6058 0.6997
vn -0.2053 0.6534 0.7287
vn -0.8965 0.4049 -0.1798
vn -0.9561 0.2310 0.1806
vn -0.8880 0.4142 0.1996
vn -0.8469 0.5317 0.0005
vn -0.7492 0.4647 0.4721
vn -0.7363 0.6367 0.2291
vn 0.5088 0.5154 -0.6895
vn -0.1505 0.6153 -0.7738
vn -0.0642 0.6166 -0.7847
vn -0.1121 0.7999 -0.5896
vn -0.5383 -0.8291 0.1510
vn -0.4459 -0.8409 0.3067
vn -0.2868 -0.9170 0.2773
vn 0.0618 -0.9260 0.3725
vn 0.1122 -0.7805 0.6150
vn -0.4466 -0.5440 0.7103
vn -0.8277 -0.5483 0.1192
vn -0.8378 -0.5405 0.0777
vn -0.7195 -0.6940 0.0259
vn -0.9193 -0.3732 0.1251
vn -0.9743 0.0005 0.2253
vn -0.9769 0.0029 0.2137
vn -0.9703 -0.1880 0.1519
vn -0.9688 -0.1897 0.1593
vn -0.0288 -0.9942 -0.1040
vn -0.0350 -0.9902 -0.1351
vn -0.3984 -0.9170 -0.0189
vn -0.4054 -0.9129 -0.0486
vn -0.5675 -0.8233 -0.0016
vn -0.0515 -0.9744 -0.2187
vn 0.1599 -0.9722 -0.1711
vn 0.3412 -0.9188 -0.1987
vn 0.3464 -0.9228 -0.1687
vn 0.3367 -0.9142 -0.2255
vn 0.1446 -0.9565 -0.2535
vn 0.3319 -0.9093 -0.2511
vn 0.6560 -0.6956 -0.2931
vn 0.5022 -0.8225 -0.2669
vn 0.4974 -0.8173 -0.2907
vn 0.6634 -0.7045 -0.2520
vn 0.7972 -0.5576 -0.2313
vn 0.8006 -0.5618 -0.2084
vn 0.7942 -0.5538 -0.2503
vn 0.7912 -0.5499 -0.2674
vn 0.8858 -0.3815 -0.2643
vn 0.8880 -0.3847 -0.2521
vn 0.9506 -0.2034 -0.2345
vn 0.9835 -0.0129 -0.1805
vn 0.9583 -0.2127 -0.1911
vn 0.9557 -0.2097 -0.2067
vn 0.9732 0.1833 -0.1385
vn 0.9237 0.3678 -0.1072
vn 0.9239 0.3674 -0.1066
vn 0.9712 0.1857 -0.1493
vn 0.9248 0.3664 -0.1021
vn 0.8444 0.5332 -0.0513
vn 0.8425 0.5354 -0.0595
vn 0.8417 0.5362 -0.0633
vn 0.8416 0.5363 -0.0638
vn 0.4119 0.9082 0.0741
vn 0.5814 0.8114 0.0593
vn 0.4196 0.9010 0.1104
vn 0.0530 0.9731 0.2243
vn 0.0478 0.9785 0.2004
vn 0.2472 0.9520 0.1808
vn 0.0445 0.9823 0.1819
vn 0.2385 0.9611 0.1393
vn -0.6630 0.7018 0.2607
vn -0.5066 0.8261 0.2467
vn -0.3360 0.9129 0.2320
vn -0.3336 0.9105 0.2442
vn -0.6562 0.6928 0.2991
vn -0.8876 0.3817 0.2578
vn -0.7926 0.5489 0.2654
vn -0.7918 0.5482 0.2694
vn -0.7904 0.5461 0.2777
vn -0.8854 0.3785 0.2699
vn -0.9504 0.2009 0.2374
vn -0.7950 -0.5555 0.2437
vn -0.6873 -0.7083 0.1611
vn -0.8998 -0.3857 0.2041
vn -0.9304 -0.2066 0.3027
vn -0.9662 -0.0041 0.2577
vn -0.9510 -0.2026 0.2334
vn -0.9562 -0.2006 0.2133
vn -0.1904 -0.9781 0.0836
vn -0.3662 -0.9222 0.1240
vn -0.3769 -0.9229 0.0782
vn -0.2077 -0.9782 0.0025
vn -0.3843 -0.9221 0.0440
vn -0.5279 -0.8332 0.1648
vn -0.0219 -0.9973 -0.0706
vn 0.3638 -0.9288 -0.0708
vn 0.6753 -0.7163 -0.1759
vn 0.6916 -0.7190 -0.0692
vn 0.5380 -0.8415 -0.0497
vn 0.5307 -0.8422 -0.0958
vn 0.8132 -0.5681 -0.1265
vn 0.8186 -0.5687 -0.0812
vn 0.9066 -0.4016 -0.1297
vn 0.9028 -0.3997 -0.1585
vn 0.8045 -0.5650 -0.1833
vn 0.9880 -0.0174 -0.1538
vn 0.9288 0.3656 -0.0607
vn 0.9297 0.3683 -0.0110
vn 0.9751 0.1815 -0.1273
vn 0.8426 0.5353 -0.0583
vn 0.7235 0.6903 -0.0069
vn 0.8437 0.5348 -0.0477
vn 0.5765 0.8088 0.1163
vn 0.5748 0.8178 0.0293
vn 0.0392 0.9869 0.1566
vn 0.2335 0.9655 0.1153
vn -0.6321 0.7025 0.3269
vn -0.4929 0.8283 0.2666
vn -0.5035 0.8266 0.2513
vn -0.1406 0.9667 0.2136
vn -0.1561 0.9686 0.1936
vn -0.3377 0.9144 0.2230
vn -0.6623 0.7016 0.2629
vn -0.5066 0.8262 0.2463
vn -0.9229 0.1882 0.3359
vn -0.9420 0.1948 0.2733
vn -0.8823 0.3783 0.2803
vn -0.7678 0.5443 0.3380
vn -0.7889 0.5474 0.2791
vn -0.9456 0.1968 0.2591
vn -0.9802 0.0058 0.1979
vn -0.9280 -0.3630 0.0843
vn -0.9845 0.0099 0.1749
vn -0.9835 -0.1672 0.0692
vn -0.7568 -0.6090 -0.2374
vn -0.7501 -0.6446 -0.1478
vn -0.8624 -0.5023 -0.0632
vn -0.8554 -0.5179 -0.0119
vn -0.8493 -0.5275 0.0227
vn -0.5900 -0.8005 -0.1052
vn -0.5989 -0.7857 -0.1549
vn -0.4298 -0.8883 -0.1619
vn -0.4394 -0.8719 -0.2162
vn -0.6178 -0.7150 -0.3272
vn -0.6088 -0.7602 -0.2268
vn -0.4636 -0.7899 -0.4014
vn -0.4516 -0.8424 -0.2941
vn -0.2948 -0.8366 -0.4618
vn -0.2639 -0.9261 -0.2697
vn 0.1250 -0.9292 -0.3478
vn 0.0798 -0.8397 -0.5372
vn 0.1067 -0.8972 -0.4286
vn 0.2596 -0.7959 -0.5469
vn 0.5969 -0.6198 -0.5095
vn 0.6242 -0.6558 -0.4246
vn 0.4621 -0.7687 -0.4423
vn 0.4317 -0.7238 -0.5384
vn 0.6408 -0.6764 -0.3632
vn 0.7761 -0.5311 -0.3401
vn 0.8825 -0.3778 -0.2800
vn 0.8514 -0.3435 -0.3964
vn 0.9400 -0.1922 -0.2817
vn 0.9311 -0.1824 -0.3158
vn 0.9454 -0.1978 -0.2591
vn 0.9486 -0.2015 -0.2439
vn 0.9730 0.1827 -0.1413
vn 0.9762 0.1767 -0.1257
vn 0.9421 0.3351 -0.0078
vn 0.9368 0.3474 -0.0420
vn 0.7509 0.6478 0.1283
vn 0.7362 0.6754 0.0434
vn 0.8510 0.5248 -0.0216
vn 0.5917 0.7991 0.1067
vn 0.4398 0.8732 0.2102
vn 0.4508 0.8486 0.2769
vn 0.1036 0.8709 0.4804
vn 0.0596 0.9641 0.2588
vn 0.2538 0.9432 0.2142
vn -0.1369 0.9463 0.2928
vn -0.3204 0.8936 0.3145
vn -0.2963 0.8544 0.4269
vn -0.6330 0.6588 0.4066
vn -0.4698 0.7735 0.4253
vn -0.4467 0.7369 0.5073
vn -0.4836 0.7949 0.3664
vn -0.6518 0.6863 0.3226
vn -0.4922 0.8077 0.3247
vn -0.7850 0.5377 0.3075
vn -0.8833 0.3747 0.2816
vn -0.8800 0.3694 0.2984
vn -0.7711 0.5174 0.3710
vn -0.8748 0.3616 0.3223
vn -0.9460 0.1920 0.2610
vn -0.6461 -0.7065 -0.2889
vn -0.7578 -0.4370 -0.4844
vn -0.9270 0.1787 -0.3296
vn -0.8703 -0.0891 -0.4844
vn -0.9688 0.0793 -0.2350
vn -0.9689 -0.1407 -0.2036
vn -0.8482 -0.0810 -0.5235
vn -0.3566 -0.9174 -0.1764
vn -0.1915 -0.9729 -0.1295
vn 0.4978 -0.6478 -0.5766
vn 0.3819 -0.8167 -0.4327
vn 0.8333 0.1232 -0.5389
vn 0.8426 -0.1492 -0.5175
vn 0.6066 -0.2628 -0.7503
vn 0.7076 -0.2987 -0.6403
vn 0.5564 -0.4561 -0.6946
vn 0.6260 -0.5048 -0.5943
vn 0.1941 0.8941 -0.4035
vn 0.4538 0.5050 -0.7342
vn 0.4291 0.6875 -0.5859
vn 0.4748 0.8491 0.2313
vn 0.3348 0.8620 -0.3805
vn -0.0910 0.9958 -0.0113
vn -0.0464 0.9963 -0.0725
vn 0.1692 0.9629 0.2104
vn 0.1734 0.9355 0.3079
vn -0.3675 0.8716 0.3245
vn 0.0468 0.9984 0.0326
vn 0.1357 0.9472 0.2907
vn 0.1763 0.9738 0.1440
vn -0.7517 0.3771 -0.5410
vn -0.6289 0.6273 -0.4592
vn -0.7987 0.5238 -0.2960
vn -0.3374 0.9096 -0.2423
vn -0.9377 -0.2076 0.2787
vn -0.8664 -0.3989 0.3003
vn -0.8564 -0.3892 0.3394
vn -0.6536 -0.7059 0.2730
vn -0.7553 -0.5682 0.3265
vn 0.0160 -0.9929 0.1175
vn 0.3820 -0.9229 0.0490
vn 0.8227 -0.5684 -0.0114
vn 0.9719 -0.2284 0.0572
vn 0.9241 0.3752 0.0719
vn 0.7948 0.5506 0.2551
vn 0.9591 0.2829 -0.0019
vn 0.3032 0.8135 0.4962
vn 0.4684 0.6749 0.5701
vn 0.5712 0.7886 0.2276
vn 0.4277 0.8617 0.2730
vn 0.2795 0.9085 0.3107
vn -0.5130 0.6973 0.5007
vn -0.6458 0.6170 0.4496
vn -0.8721 0.1810 0.4545
vn -0.9037 -0.4162 0.1009
vn -0.9736 0.1876 0.1304
vn -0.9815 -0.1437 -0.1262
vn -0.9755 0.1869 -0.1157
vn -0.8044 -0.5778 -0.1383
vn -0.1249 -0.9919 -0.0212
vn -0.0218 -0.9974 -0.0690
vn -0.2531 -0.9674 0.0040
vn -0.4113 -0.9108 0.0349
vn -0.0465 -0.9803 -0.1918
vn 0.0874 -0.9919 -0.0919
vn 0.0926 -0.9936 -0.0652
vn 0.0785 -0.9870 -0.1403
vn 0.2229 -0.9705 -0.0922
vn 0.2093 -0.9625 -0.1727
vn 0.3861 -0.9138 -0.1266
vn 0.3816 -0.9109 -0.1570
vn 0.8318 0.2995 -0.4674
vn 0.9313 -0.0965 -0.3513
vn 0.8636 -0.3711 -0.3413
vn 0.9213 0.2978 -0.2502
vn 0.9297 0.2956 -0.2197
vn 0.7449 -0.5889 -0.3136
vn -0.0693 0.9971 0.0299
vn -0.0608 0.9976 0.0317
vn 0.3642 0.9276 -0.0832
vn 0.3599 0.9253 -0.1197
vn -0.1054 0.9934 0.0457
vn -0.0945 0.9940 0.0555
vn -0.1764 0.9826 0.0579
vn -0.1627 0.9845 0.0653
vn -0.0799 0.9946 0.0661
vn -0.1167 0.9923 0.0422
vn -0.0613 0.9956 0.0710
vn 0.1662 0.9861 0.0040
vn 0.1635 0.9863 0.0219
vn 0.2210 0.9750 -0.0218
vn 0.1623 0.9859 0.0411
vn 0.1754 0.9845 0.0047
vn 0.0651 0.9979 0.0068
vn 0.0745 0.9972 0.0006
vn 0.1975 0.9801 -0.0198
vn -0.1478 0.9883 0.0382
vn 0.5216 -0.8498 -0.0757
vn 0.6663 -0.2603 0.6988
vn 0.4862 -0.6716 0.5590
vn 0.1783 -0.9732 0.1451
vn -0.1253 0.7754 0.6189
vn 0.0122 0.6761 0.7367
vn 0.1524 0.7076 0.6900
vn 0.3934 0.7693 0.5035
vn 0.3331 0.7970 0.5038
vn 0.3058 0.6811 0.6653
vn -0.7619 -0.6366 0.1191
vn -0.8919 0.1497 0.4267
vn -0.9275 -0.1975 0.3175
vn -0.9568 -0.1657 0.2389
vn -0.6068 -0.7947 0.0121
vn -0.1415 -0.9840 -0.1078
vn -0.0416 -0.9853 -0.1654
vn -0.2710 -0.9575 -0.0991
vn -0.4254 -0.9037 -0.0495
vn -0.4221 -0.9049 -0.0539
vn 0.2151 -0.9635 -0.1591
vn 0.0702 -0.9805 -0.1838
vn 0.0735 -0.9859 -0.1506
vn 0.3489 -0.9137 -0.2082
vn 0.9546 0.2808 -0.0998
vn 0.9645 0.2594 -0.0494
vn 0.8810 -0.4249 -0.2079
vn 0.8744 -0.4641 -0.1411
vn 0.9570 0.0778 0.2795
vn 0.7366 -0.6405 -0.2173
vn 0.1573 0.8559 0.4927
vn -0.0926 0.9342 0.3445
vn 0.0686 0.9676 0.2428
vn 0.0845 0.9384 0.3350
vn -0.2334 0.9466 0.2226
vn -0.2247 0.9501 0.2166
vn 0.2964 0.9131 0.2799
vn 0.3431 0.9261 0.1567
vn -0.0378 0.9664 0.2542
vn -0.5960 -0.7950 0.1125
vn -0.8937 -0.4159 0.1684
vn -0.7729 -0.6197 0.1364
vn -0.5978 -0.7953 0.1011
vn -0.8947 -0.4167 0.1610
vn -0.9650 0.1937 0.1766
vn -0.9663 0.1904 0.1734
vn -0.8960 -0.4173 0.1518
vn -0.5999 -0.7950 0.0897
vn -0.1135 -0.9929 0.0341
vn -0.1167 -0.9930 0.0199
vn -0.0108 -0.9998 -0.0144
vn -0.2471 -0.9684 0.0324
vn -0.4030 -0.9121 0.0756
vn -0.2500 -0.9680 0.0202
vn -0.0134 -0.9995 -0.0269
vn 0.0977 -0.9945 -0.0366
vn 0.2299 -0.9719 -0.0506
vn 0.2276 -0.9717 -0.0631
vn 0.2259 -0.9712 -0.0754
vn 0.3882 -0.9151 -0.1090
vn 0.3894 -0.9160 -0.0967
vn 0.5903 -0.7972 -0.1265
vn 0.5920 -0.7978 -0.1148
vn 0.3940 -0.9163 -0.0712
vn 0.3918 -0.9162 -0.0845
vn 0.9327 0.2942 -0.2084
vn 0.9683 -0.1137 -0.2225
vn 0.9341 0.2924 -0.2049
vn 0.9336 0.2917 -0.2082
vn 0.9712 -0.1162 -0.2078
vn 0.9708 -0.1156 -0.2104
vn 0.8985 -0.3973 -0.1868
vn 0.8974 -0.3967 -0.1931
vn 0.7712 -0.6148 -0.1655
vn 0.7725 -0.6156 -0.1561
vn 0.0981 0.9942 -0.0441
vn 0.1024 0.9942 -0.0316
vn 0.6910 0.7074 -0.1486
vn 0.3666 0.9275 -0.0732
vn -0.0759 0.9968 0.0259
vn -0.1198 0.9924 0.0294
vn -0.1306 0.9914 0.0062
vn -0.1868 0.9815 0.0418
vn -0.1788 0.9827 0.0492
vn 0.0877 0.9958 -0.0262
vn 0.2325 0.9703 -0.0667
vn 0.2091 0.9772 -0.0376
vn 0.1726 0.9835 -0.0546
vn 0.1722 0.9849 -0.0191
vn 0.2046 0.9784 -0.0280
vn -0.4498 0.8892 0.0840
vn -0.7811 0.6102 0.1328
vn -0.7805 0.6093 0.1402
vn -0.4494 0.8901 0.0758
vn -0.1390 0.9902 0.0166
vn -0.1402 0.9898 0.0268
vn -0.9525 0.2078 0.2226
vn -0.9689 -0.1539 0.1939
vn -0.9552 0.2058 0.2129
vn -0.9688 -0.1547 0.1939
vn -0.8991 -0.4084 0.1576
vn -0.8983 -0.4075 0.1642
vn -0.9569 0.2046 0.2062
vn -0.9687 -0.1566 0.1926
vn -0.9687 -0.1556 0.1932
vn -0.8958 -0.4092 0.1734
vn -0.5992 -0.7934 0.1071
vn -0.6019 -0.7932 0.0920
vn -0.7751 -0.6148 0.1456
vn -0.0151 -0.9993 -0.0354
vn -0.1240 -0.9919 -0.0284
vn -0.2451 -0.9689 0.0330
vn -0.0224 -0.9972 -0.0714
vn -0.1282 -0.9905 -0.0495
vn -0.2541 -0.9669 -0.0220
vn -0.4044 -0.9122 0.0659
vn 0.2116 -0.9705 -0.1155
vn 0.3784 -0.9173 -0.1239
vn 0.0841 -0.9922 -0.0921
vn 0.0860 -0.9929 -0.0825
vn 0.0884 -0.9935 -0.0712
vn 0.0961 -0.9947 -0.0362
vn 0.0915 -0.9942 -0.0564
vn 0.2249 -0.9724 -0.0615
vn 0.9434 0.2955 -0.1508
vn 0.8960 -0.3985 -0.1956
vn 0.7592 -0.6215 -0.1933
vn 0.7676 -0.6164 -0.1755
vn 0.9375 0.2960 -0.1832
vn -0.0916 0.9901 0.1068
vn 0.3742 0.9273 -0.0008
vn 0.1046 0.9937 0.0407
vn -0.0924 0.9926 0.0792
vn 0.6938 0.7089 -0.1271
vn 0.3685 0.9290 -0.0329
vn -0.0935 0.9937 0.0611
vn 0.1022 0.9945 0.0223
vn -0.1286 0.9893 0.0691
vn -0.1317 0.9903 0.0450
vn 0.0409 0.9968 0.0688
vn 0.1366 0.9887 0.0615
vn 0.2589 0.9653 0.0344
vn 0.2524 0.9674 0.0228
vn 0.2672 0.9634 0.0201
vn 0.1251 0.9915 0.0357
vn 0.2615 0.9652 0.0068
vn 0.2048 0.9776 0.0476
vn 0.1905 0.9817 0.0048
vn 0.2494 0.9679 -0.0323
vn 0.1184 0.9928 0.0187
vn -0.7614 0.6217 0.1836
vn -0.7669 0.6201 0.1654
vn -0.7572 0.6228 0.1968
vn -0.4294 0.8973 0.1019
vn -0.4073 0.8977 0.1682
vn -0.0915 0.9898 0.1095
vn -0.1076 0.9921 0.0647
vn -0.8968 -0.4167 0.1488
vn -0.7765 -0.6218 0.1023
vn -0.6023 -0.7969 0.0466
vn -0.8975 -0.4143 0.1510
vn -0.9681 -0.1560 0.1960
vn -0.0242 -0.9964 -0.0814
vn -0.1329 -0.9886 -0.0712
vn -0.0298 -0.9936 -0.1091
vn -0.4137 -0.9102 -0.0187
vn 0.5551 -0.8082 -0.1968
vn 0.2060 -0.9690 -0.1361
vn 0.5674 -0.8037 -0.1792
vn 0.9742 -0.1197 -0.1915
vn 0.9741 -0.1228 -0.1897
vn 0.9745 -0.1273 -0.1850
vn 0.8842 -0.4181 -0.2081
vn 0.7426 -0.6360 -0.2101
vn 0.1239 0.9848 0.1218
vn 0.7166 0.6971 -0.0231
vn 0.7103 0.7026 -0.0431
vn 0.1137 0.9901 0.0824
vn 0.0460 0.9943 0.0964
vn -0.1293 0.9831 0.1296
vn 0.0483 0.9922 0.1148
vn -0.1310 0.9802 0.1484
vn -0.2145 0.9661 0.1437
vn 0.0525 0.9887 0.1401
vn -0.2160 0.9593 0.1819
vn -0.2105 0.9646 0.1589
vn 0.3034 0.9495 0.0800
vn 0.2752 0.9594 0.0614
vn 0.2896 0.9553 0.0594
vn 0.2178 0.9729 0.0777
vn 0.2104 0.9757 0.0609
vn -0.4042 0.8964 0.1817
vn -0.4003 0.8946 0.1986
vn -0.7395 0.6207 0.2605
vn -0.3956 0.8913 0.2217
vn -0.0835 0.9865 0.1407
vn -0.0881 0.9884 0.1234
vn -0.7726 -0.6154 0.1559
vn -0.8944 -0.4102 0.1785
vn -0.8933 -0.4114 0.1810
vn -0.9688 -0.1620 0.1875
vn -0.8927 -0.4132 0.1799
vn -0.5929 -0.7943 0.1323
vn -0.1118 -0.9928 0.0432
vn -0.2421 -0.9688 0.0534
vn 0.3917 -0.9170 -0.0753
vn 0.5911 -0.7981 -0.1169
vn 0.2299 -0.9723 -0.0419
vn 0.1008 -0.9948 -0.0155
vn 0.2338 -0.9719 -0.0273
vn 0.9338 0.2932 -0.2050
vn 0.8993 -0.3969 -0.1835
vn 0.7739 -0.6154 -0.1497
vn 0.3624 0.9283 -0.0832
vn -0.0976 0.9952 -0.0113
vn -0.1350 0.9908 -0.0016
vn -0.2129 0.9770 0.0140
vn -0.2154 0.9763 0.0197
vn -0.2149 0.9760 0.0361
vn 0.2192 0.9733 -0.0680
vn 0.0953 0.9944 -0.0447
vn 0.2374 0.9688 -0.0710
vn 0.1795 0.9828 -0.0429
vn 0.1753 0.9828 -0.0587
vn 0.1726 0.9830 -0.0633
vn 0.2149 0.9740 -0.0723
vn -0.4382 0.8955 0.0780
vn -0.8666 -0.3771 -0.3269
vn -0.9866 0.0149 0.1628
vn -0.9885 0.0200 0.1501
vn -0.9902 0.0274 0.1367
vn -0.3216 -0.6344 -0.7030
vn -0.1463 -0.7046 -0.6943
vn -0.4738 -0.6034 -0.6414
vn -0.4731 -0.6568 -0.5871
vn -0.1310 -0.7762 -0.6167
vn -0.3086 -0.7610 -0.5706
vn -0.6194 -0.6000 -0.5064
vn 0.5336 -0.5266 -0.6618
vn 0.0510 -0.7640 -0.6431
vn 0.0286 -0.6945 -0.7190
vn 0.3431 -0.5602 -0.7539
vn 0.8321 -0.3195 -0.4533
vn 0.9103 -0.1540 -0.3842
vn 0.7128 -0.4542 -0.5345
vn 0.6678 -0.3885 -0.6348
vn 0.7989 -0.2729 -0.5359
vn 0.9664 0.0121 -0.2568
vn 0.7625 0.5853 0.2759
vn 0.7629 0.5538 0.3335
vn 0.9820 0.1658 -0.0902
vn 0.7633 0.5301 0.3693
vn 0.8754 0.4262 0.2278
vn 0.1224 0.8064 0.5786
vn 0.3132 0.7351 0.6013
vn 0.1362 0.7484 0.6491
vn 0.4746 0.6994 0.5344
vn 0.6238 0.6823 0.3812
vn 0.4769 0.6614 0.5789
vn -0.3792 0.6163 0.6902
vn -0.3943 0.6485 0.6512
vn -0.2068 0.6666 0.7162
vn -0.2211 0.7047 0.6741
vn -0.2437 0.7552 0.6085
vn -0.0335 0.6958 0.7174
vn -0.7378 0.4748 0.4798
vn -0.7221 0.4542 0.5219
vn -0.1972 -0.0163 -0.9802
vn -0.0902 -0.0150 -0.9958
vn -0.4772 -0.0242 -0.8784
vn -0.4655 0.5211 -0.7153
vn -0.4608 0.6019 -0.6522
vn -0.6159 0.7836 0.0821
vn -0.7219 -0.2156 -0.6576
vn -0.8455 -0.1932 -0.4977
vn -0.7772 -0.1220 -0.6174
vn -0.7504 -0.3691 -0.5483
vn -0.8478 0.0296 -0.5295
vn -0.8660 -0.3224 -0.3823
vn -0.9469 -0.2119 -0.2418
vn -0.9925 -0.0853 -0.0872
vn -0.9787 0.1737 -0.1094
vn -0.9056 0.2949 -0.3047
vn -0.8912 0.1793 -0.4166
vn -0.9669 0.0477 -0.2507
vn -0.1837 -0.4105 -0.8932
vn -0.4636 -0.3841 -0.7985
vn -0.4731 -0.4816 -0.7377
vn -0.1668 -0.5749 -0.8011
vn -0.1624 -0.6080 -0.7771
vn -0.4784 -0.5350 -0.6964
vn -0.6175 -0.5186 -0.5914
vn -0.6131 -0.4390 -0.6568
vn 0.4429 -0.3004 -0.8448
vn 0.4750 -0.3780 -0.7946
vn 0.3042 -0.4462 -0.8417
vn 0.3323 -0.5262 -0.7828
vn 0.3251 -0.4948 -0.8059
vn 0.1623 -0.5402 -0.8258
vn -0.0001 -0.5667 -0.8239
vn 0.4769 -0.1305 -0.8692
vn 0.5853 -0.2033 -0.7849
vn 0.5782 0.0195 -0.8157
vn 0.7013 -0.0883 -0.7073
vn 0.8630 0.1592 -0.4795
vn 0.7959 0.0346 -0.6045
vn 0.8932 -0.1228 -0.4326
vn 0.7773 -0.2244 -0.5877
vn 0.6567 -0.3618 -0.6617
vn 0.7633 0.3917 -0.5138
vn 0.9023 0.3999 -0.1610
vn 0.9548 0.2158 -0.2042
vn 0.9401 0.3395 -0.0314
vn 0.7373 0.6635 0.1274
vn 0.8611 0.5069 0.0389
vn 0.9732 0.1854 -0.1357
vn 0.4728 0.7566 0.4517
vn 0.6353 0.6289 0.4481
vn 0.0654 0.9555 0.2875
vn 0.1203 0.8146 0.5673
vn 0.2980 0.7997 0.5213
vn 0.3188 0.7163 0.6208
vn 0.1460 0.6987 0.7004
vn 0.6284 0.5980 0.4974
vn -0.6208 0.6739 0.4006
vn -0.6105 0.6140 0.5003
vn -0.4038 0.6369 0.6568
vn -0.2505 0.7622 0.5970
vn -0.2233 0.6882 0.6903
vn -0.5666 0.5403 0.6221
vn -0.0311 0.6811 0.7315
vn -0.0437 0.7190 0.6937
vn -0.1091 0.9417 0.3183
vn -0.0616 0.8024 0.5935
vn -0.9543 0.2965 0.0385
vn -0.8964 0.4051 -0.1799
vn -0.8880 0.4143 0.1996
vn -0.8470 0.5317 0.0004
vn -0.8737 0.3540 0.3338
vn -0.9401 0.1865 0.2855
vn -0.9469 0.2010 0.2509
vn -0.7147 0.4352 0.5475
vn -0.7491 0.4647 0.4721
vn -0.1120 0.7999 -0.5896
vn -0.0282 0.9834 -0.1792
vn -0.5383 -0.8291 0.1511
vn -0.4460 -0.8409 0.3067
vn -0.6000 -0.7521 0.2728
vn -0.2835 -0.9563 0.0722
vn -0.2869 -0.9169 0.2774
vn -0.6546 -0.6105 0.4459
vn -0.2834 -0.8239 0.4908
vn -0.1461 -0.9891 0.0181
vn -0.1324 -0.9675 0.2155
vn -0.1135 -0.8951 0.4311
vn 0.1674 -0.4789 0.8617
vn 0.0123 -0.4483 0.8938
vn -0.2515 -0.6570 0.7107
vn -0.3577 -0.2669 0.8949
vn -0.6643 -0.4090 0.6256
vn -0.7083 -0.7021 0.0736
vn -0.8331 -0.5446 0.0967
vn -0.9157 -0.3765 0.1404
vn -0.9192 -0.3733 0.1252
vn -0.9643 -0.1945 0.1795
vn -0.9798 0.0059 0.2001
vn -0.9703 -0.1881 0.1519
vn -0.9688 -0.1898 0.1593
vn -0.8415 -0.5368 0.0611
vn -0.0285 -0.9942 -0.1037
vn -0.2282 -0.9692 -0.0930
vn -0.4053 -0.9129 -0.0485
vn -0.2341 -0.9647 -0.1207
vn -0.4112 -0.9084 -0.0750
vn -0.5837 -0.8087 -0.0732
vn -0.0516 -0.9744 -0.2188
vn -0.0461 -0.9806 -0.1907
vn -0.2398 -0.9595 -0.1477
vn 0.3412 -0.9187 -0.1988
vn 0.3463 -0.9228 -0.1687
vn 0.3366 -0.9143 -0.2254
vn 0.1496 -0.9626 -0.2258
vn 0.3321 -0.9092 -0.2510
vn 0.6597 -0.7003 -0.2727
vn 0.6633 -0.7047 -0.2521
vn 0.6670 -0.7088 -0.2296
vn 0.6710 -0.7129 -0.2040
vn 0.5102 -0.8318 -0.2184
vn 0.8928 -0.3910 -0.2235
vn 0.8959 -0.3945 -0.2043
vn 0.7883 -0.5460 -0.2837
vn 0.7912 -0.5500 -0.2674
vn 0.8880 -0.3846 -0.2521
vn 0.9821 -0.0110 -0.1879
vn 0.9855 -0.0150 -0.1690
vn 0.9556 -0.2099 -0.2068
vn 0.9718 0.1851 -0.1463
vn 0.9238 0.3676 -0.1072
vn 0.9246 0.3667 -0.1034
vn 0.9240 0.3674 -0.1066
vn 0.9712 0.1855 -0.1494
vn 0.9266 0.3641 -0.0945
vn 0.9249 0.3662 -0.1023
vn 0.7275 0.6860 0.0040
vn 0.8445 0.5331 -0.0513
vn 0.7232 0.6904 -0.0153
vn 0.8418 0.5360 -0.0633
vn 0.5761 0.8167 0.0344
vn 0.4133 0.9070 0.0814
vn 0.4160 0.9046 0.0935
vn 0.5858 0.8066 0.0788
vn 0.5815 0.8114 0.0592
vn 0.4243 0.8958 0.1322
vn 0.2423 0.9573 0.1575
vn 0.0444 0.9823 0.1818
vn 0.2384 0.9611 0.1394
vn 0.0417 0.9849 0.1681
vn 0.0399 0.9864 0.1595
vn -0.5066 0.8262 0.2466
vn -0.6624 0.7014 0.2634
vn -0.5035 0.8232 0.2622
vn -0.6609 0.6998 0.2710
vn -0.3336 0.9106 0.2441
vn -0.1557 0.9682 0.1960
vn -0.1513 0.9642 0.2178
vn -0.3263 0.9019 0.2832
vn -0.3303 0.9070 0.2612
vn -0.4974 0.8153 0.2965
vn -0.6560 0.6930 0.2990
vn -0.8869 0.3811 0.2609
vn -0.8878 0.3819 0.2570
vn -0.9505 0.2008 0.2372
vn -0.7908 0.5494 0.2698
vn -0.7919 0.5482 0.2691
vn -0.7883 0.5429 0.2896
vn -0.7904 0.5460 0.2776
vn -0.8854 0.3784 0.2699
vn -0.6754 -0.7082 0.2059
vn -0.7951 -0.5553 0.2437
vn -0.8795 -0.3880 0.2757
vn -0.8998 -0.3856 0.2043
vn -0.9595 -0.0061 0.2815
vn -0.9663 -0.0041 0.2576
vn -0.9509 -0.2027 0.2337
vn -0.9707 -0.0021 0.2402
vn 0.0008 -0.9991 0.0434
vn -0.1905 -0.9781 0.0835
vn -0.0086 -1.0000 -0.0029
vn -0.0155 -0.9992 -0.0379
vn -0.5280 -0.8331 0.1649
vn -0.5392 -0.8337 0.1193
vn -0.3912 -0.9202 0.0127
vn -0.2146 -0.9763 -0.0295
vn 0.1933 -0.9811 0.0063
vn 0.3717 -0.9280 -0.0247
vn 0.1716 -0.9793 -0.1072
vn 0.3519 -0.9260 -0.1369
vn 0.6799 -0.7184 -0.1473
vn 0.5249 -0.8412 -0.1294
vn 0.6850 -0.7194 -0.1152
vn 0.5307 -0.8421 -0.0959
vn 0.8131 -0.5683 -0.1266
vn 0.8186 -0.5686 -0.0813
vn 0.9027 -0.4001 -0.1583
vn 0.8046 -0.5648 -0.1834
vn 0.8993 -0.3977 -0.1821
vn 0.9879 -0.0175 -0.1539
vn 0.9641 -0.2179 -0.1516
vn 0.9975 -0.0217 -0.0667
vn 0.9717 -0.2223 -0.0805
vn 0.9675 -0.2199 -0.1248
vn 0.9796 0.1801 -0.0892
vn 0.9825 0.1812 -0.0428
vn 0.9772 0.1803 -0.1123
vn 0.9288 0.3656 -0.0608
vn 0.9260 0.3653 -0.0954
vn 0.7231 0.6906 -0.0157
vn 0.7237 0.6901 -0.0069
vn 0.8425 0.5379 0.0277
vn 0.5758 0.8155 0.0576
vn 0.5764 0.8088 0.1162
vn 0.5754 0.8170 0.0364
vn 0.4144 0.9046 0.0994
vn 0.4207 0.8933 0.1580
vn 0.4124 0.9076 0.0790
vn 0.4115 0.9085 0.0727
vn 0.2348 0.9646 0.1205
vn 0.0517 0.9825 0.1791
vn 0.2542 0.9470 0.1963
vn -0.6521 0.7023 0.2854
vn -0.5035 0.8267 0.2512
vn -0.6599 0.7015 0.2693
vn -0.1090 0.9588 0.2623
vn -0.1406 0.9667 0.2138
vn -0.1562 0.9686 0.1933
vn -0.3378 0.9144 0.2230
vn -0.6625 0.7015 0.2627
vn -0.5067 0.8262 0.2462
vn -0.9229 0.1883 0.3359
vn -0.9360 0.1924 0.2947
vn -0.8635 0.3722 0.3403
vn -0.8767 0.3764 0.2996
vn -0.8823 0.3781 0.2802
vn -0.7891 0.5473 0.2790
vn -0.8852 0.3798 0.2686
vn -0.9456 0.1966 0.2590
vn -0.9802 0.0060 0.1979
vn -0.9721 -0.1861 0.1425
vn -0.9811 0.0065 0.1936
vn -0.9750 -0.1824 0.1273
vn -0.9278 -0.3634 0.0841
vn -0.9324 -0.3567 0.0587
vn -0.9825 0.0077 0.1863
vn -0.9788 -0.1766 0.1040
vn -0.9437 -0.3291 -0.0350
vn -0.9379 -0.3462 0.0209
vn -0.7568 -0.6090 -0.2373
vn -0.7501 -0.6446 -0.1480
vn -0.8623 -0.5025 -0.0630
vn -0.8684 -0.4765 -0.1374
vn -0.8493 -0.5273 0.0227
vn -0.5901 -0.8004 -0.1051
vn -0.5988 -0.7857 -0.1549
vn -0.4294 -0.8885 -0.1619
vn -0.4393 -0.8719 -0.2161
vn -0.6178 -0.7151 -0.3272
vn -0.2780 -0.8941 -0.3510
vn -0.0593 -0.9646 -0.2568
vn -0.2529 -0.9439 -0.2122
vn 0.1368 -0.9470 -0.2907
vn 0.1247 -0.9292 -0.3478
vn 0.3199 -0.8944 -0.3125
vn 0.3081 -0.8779 -0.3667
vn 0.0799 -0.8397 -0.5371
vn 0.2596 -0.7959 -0.5470
vn 0.2893 -0.8484 -0.4432
vn 0.5966 -0.6198 -0.5098
vn 0.4619 -0.7688 -0.4423
vn 0.4317 -0.7237 -0.5384
vn 0.4803 -0.7943 -0.3721
vn 0.6504 -0.6885 -0.3207
vn 0.7404 -0.4893 -0.4608
vn 0.7630 -0.5156 -0.3900
vn 0.8515 -0.3434 -0.3962
vn 0.8676 -0.3607 -0.3422
vn 0.9781 -0.0081 -0.2081
vn 0.9400 -0.1920 -0.2819
vn 0.9310 -0.1826 -0.3160
vn 0.9804 -0.0096 -0.1967
vn 0.9487 -0.2014 -0.2439
vn 0.9730 0.1828 -0.1412
vn 0.9291 0.3604 -0.0831
vn 0.9325 0.3550 -0.0660
vn 0.9786 0.1720 -0.1133
vn 0.9420 0.3354 -0.0077
vn 0.9368 0.3472 -0.0421
vn 0.7589 0.6198 0.1997
vn 0.7508 0.6479 0.1282
vn 0.8623 0.5046 0.0424
vn 0.8692 0.4849 0.0969
vn 0.7429 0.6648 0.0781
vn 0.8509 0.5249 -0.0216
vn 0.5918 0.7990 0.1067
vn 0.5999 0.7862 0.1485
vn 0.6191 0.7286 0.2931
vn 0.1033 0.8709 0.4804
vn 0.2765 0.9009 0.3345
vn 0.2920 0.8530 0.4325
vn 0.0598 0.9641 0.2588
vn 0.2539 0.9432 0.2141
vn -0.3110 0.8791 0.3611
vn -0.0895 0.8560 0.5091
vn -0.1119 0.9041 0.4125
vn -0.6447 0.6758 0.3572
vn -0.6518 0.6864 0.3225
vn -0.4923 0.8076 0.3246
vn -0.7850 0.5378 0.3074
vn -0.7798 0.5297 0.3337
vn -0.8800 0.3695 0.2985
vn -0.7711 0.5175 0.3710
vn -0.8768 0.3607 0.3179
vn -0.9435 0.1873 0.2734
vn -0.9478 0.1955 0.2520
vn -0.9490 0.1979 0.2452
vn -0.6462 -0.7064 -0.2889
vn -0.7687 -0.4715 -0.4322
vn -0.7579 -0.4371 -0.4844
vn -0.6516 -0.6264 -0.4278
vn -0.9362 -0.1146 -0.3323
vn -0.8566 0.1589 -0.4910
vn -0.8703 -0.0892 -0.4843
vn -0.9273 -0.3455 -0.1438
vn -0.6857 -0.7274 0.0250
vn -0.6807 -0.6436 -0.3498
vn -0.7854 -0.4471 -0.4281
vn -0.1765 -0.9513 -0.2527
vn -0.3104 -0.9161 -0.2540
vn -0.3286 -0.8925 -0.3089
vn -0.1993 -0.9420 -0.2700
vn -0.4687 -0.8418 -0.2676
vn -0.5023 -0.7863 -0.3598
vn -0.4937 -0.8618 0.1166
vn -0.5263 -0.8107 -0.2566
vn 0.6393 -0.7327 -0.2334
vn 0.4977 -0.6478 -0.5767
vn 0.3819 -0.8167 -0.4326
vn 0.4424 -0.6249 -0.6432
vn 0.3211 -0.7899 -0.5224
vn 0.4912 -0.6988 -0.5201
vn 0.3257 -0.8426 -0.4288
vn 0.3099 -0.8063 -0.5039
vn 0.0488 -0.9391 -0.3402
vn 0.0654 -0.9445 -0.3220
vn 0.1902 -0.9708 0.1463
vn 0.8333 0.1231 -0.5389
vn 0.8137 -0.3593 -0.4569
vn 0.5661 -0.2437 -0.7875
vn 0.6017 0.2521 -0.7579
vn 0.6345 -0.0448 -0.7716
vn 0.7077 -0.2986 -0.6403
vn 0.5737 -0.4499 -0.6845
vn -0.0174 0.9958 -0.0902
vn 0.1206 0.9711 -0.2061
vn 0.1358 0.9356 -0.3258
vn 0.3179 0.8780 -0.3578
vn 0.2983 0.8152 -0.4964
vn 0.1942 0.8942 -0.4035
vn 0.3219 0.7450 -0.5843
vn 0.4781 0.5780 -0.6612
vn 0.4538 0.5049 -0.7342
vn 0.5188 0.4445 -0.7302
vn 0.7083 0.6475 -0.2811
vn 0.2522 0.9557 -0.1517
vn -0.0399 0.9979 0.0503
vn -0.0027 0.9993 0.0380
vn 0.0939 0.9941 0.0545
vn -0.0951 0.9949 0.0325
vn 0.1390 0.9803 0.1407
vn 0.3749 0.8242 0.4243
vn 0.1943 0.9794 0.0551
vn 0.3085 0.7769 0.5489
vn 0.2696 0.7387 0.6178
vn -0.0436 0.8548 0.5171
vn 0.1357 0.9471 0.2907
vn 0.1541 0.9814 0.1147
vn 0.0955 0.9954 -0.0026
vn 0.1828 0.9826 0.0326
vn 0.2089 0.7404 0.6388
vn 0.1957 0.9190 0.3423
vn -0.8422 0.5266 -0.1160
vn -0.7988 0.5238 -0.2959
vn -0.5830 0.7219 -0.3729
vn -0.6613 0.7469 0.0696
vn -0.5479 0.7880 -0.2808
vn -0.8809 -0.2124 0.4231
vn -0.8266 -0.3907 0.4050
vn -0.9071 -0.2097 0.3650
vn -0.6051 -0.7140 0.3521
vn -0.4333 -0.8205 0.3730
vn -0.4674 -0.8194 0.3319
vn -0.5073 -0.8294 0.2338
vn -0.1388 -0.9516 0.2742
vn -0.0972 -0.9193 0.3814
vn 0.2263 -0.9204 0.3187
vn 0.3793 -0.8879 0.2605
vn 0.6974 -0.7166 0.0019
vn 0.5459 -0.8375 0.0229
vn 0.5473 -0.8266 0.1310
vn 0.9095 -0.4148 -0.0286
vn 0.9111 -0.4077 0.0606
vn 0.8226 -0.5684 -0.0115
vn 0.9740 -0.2263 -0.0127
vn 0.9973 -0.0155 0.0724
vn 0.9719 -0.2285 0.0571
vn 0.9725 -0.2223 -0.0690
vn 0.9822 0.1852 0.0314
vn 0.9242 0.3751 0.0719
vn 0.9725 0.2032 0.1134
vn 0.6694 0.6635 0.3342
vn 0.7244 0.6154 0.3107
vn 0.8592 0.4921 0.1402
vn 0.2397 0.6711 0.7015
vn 0.3756 0.6679 0.6425
vn 0.1877 0.8347 0.5178
vn 0.4185 0.7843 0.4580
vn 0.5399 0.7387 0.4036
vn 0.5713 0.7886 0.2276
vn -0.2211 0.9000 0.3756
vn -0.5904 0.7008 0.4003
vn -0.5129 0.6973 0.5007
vn 0.0424 0.7418 0.6693
vn -0.6458 0.6171 0.4497
vn -0.6814 0.5456 0.4878
vn -0.8019 0.3684 0.4703
vn -0.7365 0.5406 0.4065
vn -0.8990 0.1811 0.3987
vn -0.8722 0.1811 0.4544
vn -0.9287 0.2301 0.2909
vn -0.7831 -0.6174 0.0751
vn -0.9735 0.1876 0.1305
vn -0.9784 -0.1680 0.1206
vn -0.9860 -0.1620 0.0385
vn -0.9816 -0.1435 -0.1262
vn -0.1250 -0.9919 -0.0211
vn -0.1304 -0.9903 -0.0476
vn -0.0219 -0.9974 -0.0690
vn -0.2591 -0.9656 -0.0235
vn -0.0313 -0.9928 -0.1161
vn -0.4178 -0.9085 0.0055
vn -0.4306 -0.9011 -0.0520
vn -0.2900 -0.9433 -0.1618
vn -0.0465 -0.9804 -0.1916
vn -0.1582 -0.9720 -0.1740
vn 0.0924 -0.9936 -0.0651
vn 0.2181 -0.9685 -0.1203
vn 0.2093 -0.9625 -0.1728
vn 0.0644 -0.9736 -0.2190
vn 0.5396 -0.7474 -0.3875
vn 0.3524 -0.8804 -0.3174
vn 0.3860 -0.9138 -0.1264
vn 0.3815 -0.9109 -0.1570
vn 0.8318 0.2994 -0.4674
vn 0.8641 -0.0783 -0.4971
vn 0.9297 0.2955 -0.2196
vn 0.9650 -0.1111 -0.2375
vn 0.7674 -0.6088 -0.2012
vn 0.7010 -0.5564 -0.4461
vn -0.0706 0.9972 0.0242
vn 0.1111 0.9937 -0.0120
vn -0.0608 0.9977 0.0316
vn 0.1173 0.9925 -0.0344
vn -0.0489 0.9985 0.0237
vn 0.6889 0.7079 -0.1559
vn 0.6836 0.7087 -0.1744
vn 0.6690 0.7060 -0.2324
vn -0.0338 0.9994 -0.0113
vn 0.1209 0.9881 -0.0948
vn -0.0946 0.9940 0.0553
vn -0.1764 0.9826 0.0578
vn 0.0481 0.9978 0.0449
vn -0.1712 0.9842 0.0448
vn 0.2211 0.9750 -0.0218
vn 0.0213 0.9998 -0.0030
vn 0.1754 0.9845 0.0046
vn 0.0726 0.9973 -0.0091
vn 0.1976 0.9801 -0.0199
vn -0.4539 0.8861 0.0932
vn -0.8028 0.5942 0.0500
vn 0.6271 -0.7788 0.0100
vn 0.7539 -0.6395 0.1509
vn 0.3417 -0.9298 0.1367
vn 0.2627 -0.9638 -0.0459
vn 0.4231 -0.8414 0.3364
vn 0.8458 -0.4240 0.3239
vn 0.8450 -0.0986 0.5256
vn 0.6662 -0.2602 0.6989
vn 0.6702 -0.5619 0.4849
vn 0.4877 -0.3771 0.7874
vn -0.1253 0.7754 0.6190
vn 0.0935 0.7486 0.6565
vn -0.0332 0.6589 0.7515
vn 0.3801 0.5863 0.7154
vn 0.1489 0.4249 0.8929
vn -0.0689 0.7936 0.6046
vn -0.0013 0.6833 0.7301
vn 0.1847 0.4668 0.8649
vn 0.3640 0.0327 0.9308
vn 0.5165 0.1192 0.8480
vn 0.0269 0.0297 0.9992
vn 0.2307 0.4322 0.8718
vn 0.3212 0.7910 0.5208
vn 0.3085 0.6862 0.6587
vn 0.3932 0.7694 0.5034
vn 0.3330 0.7970 0.5038
vn 0.1983 0.7509 0.6299
vn 0.3839 0.7734 0.5045
vn -0.0675 0.5802 0.8116
vn -0.3764 0.2542 0.8909
vn -0.1535 0.1053 0.9825
vn -0.7095 -0.6770 0.1956
vn -0.7992 -0.5048 0.3264
vn -0.9275 -0.1972 0.3176
vn -0.9409 0.2061 0.2688
vn -0.9283 0.1941 0.3172
vn -0.8924 -0.4208 0.1627
vn -0.6067 -0.7948 0.0121
vn -0.7759 -0.6247 0.0882
vn -0.1472 -0.9804 -0.1309
vn -0.0417 -0.9853 -0.1654
vn -0.2710 -0.9575 -0.0992
vn -0.2654 -0.9610 -0.0779
vn -0.0366 -0.9903 -0.1338
vn -0.4238 -0.9058 0.0037
vn -0.4175 -0.9079 -0.0370
vn 0.3505 -0.9136 -0.2061
vn 0.0831 -0.9851 -0.1506
vn 0.0698 -0.9805 -0.1838
vn 0.0736 -0.9858 -0.1506
vn 0.1987 -0.9651 -0.1704
vn 0.1948 -0.9619 -0.1916
vn 0.3537 -0.9156 -0.1911
vn 0.5487 -0.8093 -0.2097
vn 0.5396 -0.8106 -0.2275
vn 0.3491 -0.9137 -0.2079
vn 0.9778 -0.1505 -0.1454
vn 0.9771 0.2021 0.0664
vn 0.9793 -0.1927 -0.0616
vn 0.8810 -0.4249 -0.2080
vn 0.8745 -0.4641 -0.1410
vn 0.9570 0.0777 0.2795
vn 0.7244 -0.6639 -0.1859
vn 0.1573 0.8558 0.4928
vn 0.4587 0.7396 0.4925
vn 0.1544 0.9344 0.3212
vn 0.7436 0.6648 0.0711
vn 0.4081 0.9076 0.0986
vn 0.1300 0.9790 0.1567
vn -0.0926 0.9764 0.1950
vn 0.0844 0.9385 0.3348
vn -0.1383 0.9201 0.3665
vn -0.2332 0.9466 0.2224
vn -0.2444 0.8965 0.3696
vn 0.1069 0.8830 0.4571
vn -0.2091 0.8418 0.4977
vn -0.2053 0.8445 0.4947
vn -0.2386 0.9016 0.3608
vn -0.2247 0.9501 0.2165
vn -0.2357 0.9332 0.2713
vn 0.2936 0.8641 0.4088
vn 0.4054 0.8355 0.3710
vn 0.2463 0.9290 0.2764
vn 0.2965 0.9131 0.2799
vn 0.2454 0.9598 0.1366
vn 0.3243 0.9393 0.1117
vn 0.3110 0.9440 0.1103
vn 0.1793 0.9735 0.1421
vn -0.7162 0.6008 0.3551
vn -0.6800 0.5509 0.4838
vn -0.3672 0.8727 0.3216
vn -0.3350 0.8304 0.4452
vn 0.0685 0.8559 0.5126
vn -0.0030 0.9342 0.3567
vn -0.0621 0.9783 0.1978
vn -0.5926 -0.7948 0.1312
vn -0.5961 -0.7950 0.1125
vn -0.8938 -0.4157 0.1684
vn -0.5979 -0.7951 0.1017
vn -0.9649 0.1930 0.1781
vn -0.9662 0.1905 0.1734
vn -0.8959 -0.4175 0.1517
vn -0.6000 -0.7950 0.0898
vn -0.7745 -0.6200 0.1256
vn -0.1165 -0.9930 0.0198
vn -0.2445 -0.9686 0.0450
vn -0.1191 -0.9929 0.0074
vn -0.0109 -0.9998 -0.0144
vn -0.2470 -0.9685 0.0326
vn -0.4004 -0.9120 0.0890
vn -0.4031 -0.9120 0.0755
vn -0.4080 -0.9116 0.0514
vn -0.2497 -0.9681 0.0203
vn -0.0133 -0.9996 -0.0268
vn -0.1217 -0.9926 -0.0051
vn 0.0980 -0.9945 -0.0363
vn 0.2322 -0.9720 -0.0367
vn 0.2277 -0.9717 -0.0630
vn 0.5883 -0.7952 -0.1465
vn 0.5894 -0.7965 -0.1345
vn 0.5902 -0.7973 -0.1265
vn 0.9328 0.2940 -0.2083
vn 0.9339 0.2931 -0.2049
vn 0.9699 -0.1148 -0.2147
vn 0.8948 -0.3939 -0.2102
vn 0.9340 0.2924 -0.2051
vn 0.9328 0.2916 -0.2120
vn 0.9713 -0.1160 -0.2078
vn 0.8984 -0.3975 -0.1868
vn 0.8973 -0.3967 -0.1934
vn 0.7712 -0.6147 -0.1654
vn 0.7726 -0.6154 -0.1562
vn 0.3619 0.9269 -0.0992
vn 0.1054 0.9942 -0.0217
vn 0.3657 0.9274 -0.0785
vn 0.6915 0.7066 -0.1501
vn 0.6901 0.7072 -0.1538
vn -0.0760 0.9968 0.0258
vn -0.1131 0.9928 0.0383
vn 0.0321 0.9995 0.0006
vn -0.1195 0.9924 0.0298
vn -0.1862 0.9811 0.0520
vn 0.0290 0.9995 -0.0116
vn 0.0256 0.9993 -0.0254
vn -0.1306 0.9914 0.0063
vn -0.2077 0.9779 0.0219
vn -0.1793 0.9827 0.0471
vn 0.2114 0.9762 -0.0492
vn 0.2325 0.9703 -0.0666
vn 0.2319 0.9713 -0.0525
vn 0.2300 0.9723 -0.0409
vn 0.1726 0.9835 -0.0545
vn 0.1732 0.9840 -0.0406
vn 0.1733 0.9844 -0.0292
vn 0.2263 0.9735 -0.0327
vn 0.0806 0.9967 -0.0083
vn -0.7805 0.6083 0.1445
vn -0.7804 0.6093 0.1402
vn -0.4498 0.8908 0.0638
vn -0.4493 0.8902 0.0757
vn -0.1388 0.9902 0.0165
vn -0.9688 -0.1539 0.1942
vn -0.9552 0.2057 0.2128
vn -0.8990 -0.4087 0.1578
vn -0.8983 -0.4076 0.1643
vn -0.9591 0.2033 0.1969
vn -0.9687 -0.1565 0.1926
vn -0.9687 -0.1556 0.1933
vn -0.8950 -0.4085 0.1793
vn -0.6019 -0.7932 0.0921
vn -0.6037 -0.7930 0.0810
vn -0.7793 -0.6158 0.1155
vn -0.0110 -0.9998 -0.0148
vn -0.0151 -0.9993 -0.0353
vn -0.1213 -0.9925 -0.0136
vn -0.2484 -0.9686 0.0131
vn -0.2453 -0.9689 0.0329
vn -0.2509 -0.9680 -0.0013
vn -0.0203 -0.9979 -0.0616
vn -0.1281 -0.9905 -0.0494
vn -0.1262 -0.9912 -0.0399
vn -0.4110 -0.9113 0.0241
vn -0.4117 -0.9112 0.0150
vn -0.4095 -0.9117 0.0344
vn -0.4049 -0.9125 0.0578
vn 0.5725 -0.8016 -0.1721
vn 0.3722 -0.9171 -0.1426
vn 0.2139 -0.9711 -0.1061
vn 0.5799 -0.7994 -0.1569
vn 0.0859 -0.9929 -0.0824
vn 0.0883 -0.9935 -0.0711
vn 0.0963 -0.9947 -0.0363
vn 0.0915 -0.9942 -0.0565
vn 0.2251 -0.9724 -0.0616
vn 0.5832 -0.7991 -0.1462
vn 0.3825 -0.9172 -0.1112
vn 0.9743 -0.1159 -0.1930
vn 0.9412 0.2958 -0.1631
vn 0.8960 -0.3986 -0.1956
vn 0.7592 -0.6215 -0.1930
vn 0.7652 -0.6173 -0.1829
vn 0.7675 -0.6165 -0.1755
vn 0.8994 -0.3977 -0.1813
vn 0.9375 0.2959 -0.1831
vn 0.9415 0.2955 -0.1622
vn 0.9740 -0.1146 -0.1956
vn -0.0914 0.9900 0.1070
vn 0.1098 0.9916 0.0685
vn 0.1070 0.9927 0.0555
vn 0.3745 0.9272 -0.0008
vn 0.7040 0.7069 -0.0691
vn 0.6996 0.7087 -0.0915
vn 0.6971 0.7091 -0.1065
vn -0.0959 0.9947 0.0364
vn 0.1021 0.9945 0.0222
vn 0.0357 0.9987 0.0369
vn -0.2098 0.9741 0.0841
vn -0.2094 0.9725 0.1018
vn 0.0413 0.9968 0.0689
vn 0.0433 0.9957 0.0819
vn -0.1282 0.9851 0.1148
vn -0.2105 0.9707 0.1161
vn -0.2041 0.9722 0.1145
vn -0.2057 0.9703 0.1276
vn -0.2033 0.9740 0.1001
vn 0.2525 0.9673 0.0228
vn 0.1311 0.9901 0.0492
vn 0.2460 0.9692 0.0099
vn 0.2001 0.9791 0.0352
vn 0.1954 0.9805 0.0216
vn 0.1906 0.9817 0.0046
vn 0.2491 0.9679 -0.0324
vn 0.2534 0.9672 -0.0179
vn 0.1102 0.9939 -0.0050
vn 0.1157 0.9933 0.0081
vn 0.2396 0.9708 -0.0066
vn -0.7572 0.6229 0.1967
vn -0.4072 0.8977 0.1682
vn -0.4107 0.8983 0.1558
vn -0.1009 0.9915 0.0823
vn -0.7754 -0.6242 0.0951
vn -0.8967 -0.4168 0.1490
vn -0.7764 -0.6219 0.1024
vn -0.8975 -0.4143 0.1511
vn -0.9491 0.2091 0.2354
vn -0.9681 -0.1560 0.1961
vn -0.9686 -0.1548 0.1945
vn -0.9511 0.2086 0.2279
vn -0.8984 -0.4113 0.1542
vn -0.0298 -0.9936 -0.1090
vn -0.4136 -0.9103 -0.0188
vn 0.3588 -0.9171 -0.1736
vn 0.5550 -0.8083 -0.1967
vn 0.3637 -0.9175 -0.1610
vn 0.5614 -0.8061 -0.1871
vn 0.2059 -0.9691 -0.1360
vn 0.0821 -0.9914 -0.1019
vn 0.2089 -0.9699 -0.1248
vn 0.3683 -0.9173 -0.1510
vn 0.9447 0.2946 -0.1443
vn 0.9741 -0.1197 -0.1918
vn 0.9465 0.2930 -0.1353
vn 0.8904 -0.4070 -0.2041
vn 0.8873 -0.4123 -0.2065
vn 0.9744 -0.1274 -0.1850
vn 0.7543 -0.6258 -0.1988
vn 0.3968 0.9157 0.0639
vn 0.1185 0.9880 0.0991
vn 0.7103 0.7025 -0.0431
vn -0.0905 0.9885 0.1208
vn 0.0455 0.9943 0.0964
vn -0.1307 0.9803 0.1481
vn 0.0524 0.9887 0.1401
vn -0.2073 0.9680 0.1416
vn 0.3034 0.9495 0.0799
vn 0.1495 0.9846 0.0905
vn 0.2286 0.9683 0.1006
vn 0.2105 0.9757 0.0609
vn -0.3956 0.8913 0.2216
vn -0.0882 0.9884 0.1234
vn -0.7725 -0.6155 0.1559
vn -0.5960 -0.7937 0.1222
vn -0.8944 -0.4101 0.1786
vn -0.7706 -0.6165 0.1616
vn -0.5938 -0.7938 0.1312
vn -0.9616 0.2005 0.1872
vn -0.9636 0.1982 0.1797
vn -0.9687 -0.1602 0.1894
vn -0.9647 0.1959 0.1760
vn -0.8927 -0.4131 0.1798
vn -0.0036 -0.9998 0.0220
vn -0.1115 -0.9928 0.0433
vn -0.1118 -0.9929 0.0406
vn -0.0066 -1.0000 0.0062
vn -0.1140 -0.9931 0.0277
vn -0.2419 -0.9689 0.0530
vn 0.5909 -0.7983 -0.1169
vn 0.2300 -0.9723 -0.0418
vn 0.2330 -0.9720 -0.0295
vn 0.1009 -0.9948 -0.0155
vn 0.5915 -0.7976 -0.1183
vn 0.9331 0.2924 -0.2094
vn 0.9718 -0.1157 -0.2057
vn 0.8994 -0.3974 -0.1823
vn 0.9353 0.2946 -0.1957
vn 0.9729 -0.1147 -0.2006
vn 0.8994 -0.3970 -0.1832
vn -0.0985 0.9951 0.0113
vn 0.3623 0.9283 -0.0831
vn 0.0949 0.9944 -0.0464
vn -0.0977 0.9952 -0.0112
vn 0.0242 0.9993 -0.0286
vn -0.2132 0.9769 0.0143
vn -0.2082 0.9779 0.0179
vn -0.2058 0.9785 0.0124
vn 0.2250 0.9729 -0.0527
vn 0.1019 0.9944 -0.0290
vn 0.2191 0.9733 -0.0682
vn 0.0953 0.9944 -0.0448
vn 0.1794 0.9828 -0.0428
vn -0.4383 0.8955 0.0780
vn -0.1254 0.9920 0.0157
vn -0.1325 0.9912 -0.0009
vn -0.1370 0.9906 -0.0057
vn -0.8666 -0.3771 -0.3268
vn -0.7558 -0.5165 -0.4026
vn -0.8690 -0.4082 -0.2796
vn -0.9481 -0.2824 -0.1459
vn -0.8706 -0.4418 -0.2162
vn -0.9473 -0.3056 -0.0956
vn -0.9884 0.0204 0.1505
vn -0.9902 -0.1394 -0.0022
vn -0.9902 0.0275 0.1368
vn -0.9917 -0.1246 -0.0303
vn -0.1566 -0.6461 -0.7471
vn -0.3216 -0.6343 -0.7030
vn -0.3165 -0.6915 -0.6493
vn -0.1309 -0.7762 -0.6167
vn -0.4710 -0.7210 -0.5084
vn -0.6194 -0.5999 -0.5064
vn -0.6170 -0.5525 -0.5604
vn 0.5632 -0.5722 -0.5962
vn 0.2256 -0.7267 -0.6489
vn 0.3655 -0.6081 -0.7047
vn 0.1978 -0.6625 -0.7224
vn 0.0509 -0.7641 -0.6431
vn 0.0130 -0.6371 -0.7706
vn 0.1780 -0.6089 -0.7730
vn 0.9204 -0.1686 -0.3528
vn 0.9103 -0.1543 -0.3842
vn 0.6877 -0.4201 -0.5922
vn 0.7990 -0.2730 -0.5358
vn 0.9664 0.0120 -0.2569
vn 0.9012 -0.1393 -0.4105
vn 0.8730 0.4621 0.1558
vn 0.9459 0.3229 0.0306
vn 0.8744 0.4417 0.2007
vn 0.9807 0.1684 -0.0992
vn 0.9820 0.1659 -0.0901
vn 0.9822 0.1654 -0.0886
vn 0.9497 0.3042 0.0744
vn 0.8754 0.4261 0.2281
vn 0.3050 0.7909 0.5306
vn 0.3130 0.7351 0.6013
vn 0.1362 0.7485 0.6490
vn 0.6237 0.6824 0.3812
vn 0.6246 0.6406 0.4466
vn -0.3941 0.6485 0.6513
vn -0.2066 0.6667 0.7161
vn -0.5876 0.5959 0.5474
vn -0.4179 0.6905 0.5905
vn -0.2436 0.7551 0.6086
vn -0.0647 0.7937 0.6048
vn -0.0457 0.7378 0.6734
vn -0.9373 0.1809 0.2979
vn -0.9378 0.1812 0.2963
vn -0.8422 0.3186 0.4349
vn -0.8556 0.3372 0.3928
vn 0.3867 0.1357 -0.9122
vn 0.4453 0.3165 -0.8376
vn -0.2405 0.5507 -0.7993
vn -0.2344 0.6178 -0.7505
vn -0.4607 0.6019 -0.6523
vn -0.2183 0.8016 -0.5566
vn -0.4509 0.7730 -0.4463
vn -0.7010 0.6718 -0.2393
vn -0.6158 0.7836 0.0820
vn -0.3989 0.9154 -0.0535
vn -0.1734 0.9746 -0.1418
vt 0.480200 0.882100
vt 0.483100 0.882800
vt 0.481700 0.884200
vt 0.478300 0.882600
vt 0.489000 0.883900
vt 0.487700 0.885700
vt 0.479700 0.885400
vt 0.476000 0.883500
vt 0.485900 0.887400
vt 0.499000 0.885200
vt 0.513900 0.886700
vt 0.512600 0.889100
vt 0.497700 0.887300
vt 0.510000 0.891400
vt 0.495500 0.889300
vt 0.492800 0.895800
vt 0.486900 0.893200
vt 0.491600 0.891300
vt 0.505000 0.893600
vt 0.481100 0.890700
vt 0.483600 0.889000
vt 0.475200 0.888200
vt 0.469300 0.885600
vt 0.473400 0.884500
vt 0.477500 0.886800
vt 0.479500 0.875500
vt 0.484200 0.875700
vt 0.484000 0.877600
vt 0.479300 0.877300
vt 0.491200 0.875900
vt 0.491000 0.878000
vt 0.483800 0.879400
vt 0.479300 0.879100
vt 0.490600 0.880000
vt 0.501600 0.876200
vt 0.516500 0.876700
vt 0.516300 0.879300
vt 0.501400 0.878500
vt 0.515800 0.881800
vt 0.500800 0.880800
vt 0.500100 0.883100
vt 0.515000 0.884300
vt 0.489900 0.882000
vt 0.479600 0.880800
vt 0.483600 0.881200
vt 0.479500 0.873700
vt 0.484200 0.873800
vt 0.479600 0.871900
vt 0.484100 0.871900
vt 0.491200 0.873800
vt 0.490900 0.871800
vt 0.480100 0.870300
vt 0.480800 0.869000
vt 0.483700 0.868500
vt 0.484100 0.870100
vt 0.489700 0.867800
vt 0.490400 0.869700
vt 0.514600 0.866500
vt 0.515500 0.869000
vt 0.500600 0.869300
vt 0.499700 0.867100
vt 0.516100 0.871500
vt 0.501200 0.871600
vt 0.516500 0.874100
vt 0.501500 0.873900
vt 0.479000 0.868300
vt 0.482400 0.867100
vt 0.476700 0.867300
vt 0.480600 0.865600
vt 0.488500 0.865900
vt 0.486900 0.864100
vt 0.474300 0.866100
vt 0.470400 0.864700
vt 0.476300 0.862600
vt 0.478500 0.864100
vt 0.482300 0.860500
vt 0.484700 0.862300
vt 0.494200 0.856300
vt 0.506200 0.859200
vt 0.492800 0.860600
vt 0.488200 0.858400
vt 0.511000 0.861700
vt 0.496500 0.862800
vt 0.513500 0.864100
vt 0.498600 0.864900
vt 0.980400 0.940300
vt 0.977800 0.941400
vt 0.974400 0.939300
vt 0.975400 0.937800
vt 0.976300 0.942600
vt 0.973500 0.940800
vt 0.969300 0.937200
vt 0.970300 0.935300
vt 0.968500 0.939000
vt 0.975100 0.943500
vt 0.974200 0.944000
vt 0.972400 0.943400
vt 0.972800 0.942100
vt 0.968100 0.942500
vt 0.968200 0.940800
vt 0.946900 0.940300
vt 0.946500 0.937900
vt 0.959800 0.939300
vt 0.960000 0.941400
vt 0.947200 0.935400
vt 0.960400 0.937200
vt 0.950100 0.933000
vt 0.960200 0.930300
vt 0.965300 0.932800
vt 0.962400 0.935000
vt 0.974800 0.945200
vt 0.972500 0.944900
vt 0.975300 0.946600
vt 0.972800 0.946500
vt 0.968200 0.944300
vt 0.968300 0.946100
vt 0.975500 0.948100
vt 0.975500 0.949600
vt 0.972900 0.949600
vt 0.972800 0.948000
vt 0.968400 0.949700
vt 0.968300 0.947900
vt 0.947700 0.950000
vt 0.947600 0.947600
vt 0.960400 0.947700
vt 0.960500 0.949800
vt 0.947400 0.945100
vt 0.960300 0.945600
vt 0.947200 0.942700
vt 0.960200 0.943500
vt 0.974200 0.955100
vt 0.972500 0.955800
vt 0.972600 0.954300
vt 0.974800 0.953900
vt 0.968300 0.956800
vt 0.968300 0.955000
vt 0.972800 0.952700
vt 0.975300 0.952500
vt 0.968300 0.953200
vt 0.960200 0.958200
vt 0.947200 0.959800
vt 0.947400 0.957400
vt 0.960300 0.956100
vt 0.947600 0.954900
vt 0.960400 0.954000
vt 0.960500 0.951900
vt 0.947700 0.952500
vt 0.968400 0.951500
vt 0.975500 0.951000
vt 0.972900 0.951100
vt 0.980300 0.958700
vt 0.975500 0.961300
vt 0.974500 0.959800
vt 0.977800 0.957600
vt 0.970600 0.964000
vt 0.969600 0.962100
vt 0.973600 0.958400
vt 0.976400 0.956500
vt 0.968800 0.960300
vt 0.965800 0.966600
vt 0.960900 0.969200
vt 0.950700 0.967000
vt 0.962900 0.964500
vt 0.947600 0.964600
vt 0.960700 0.962400
vt 0.960100 0.960300
vt 0.946900 0.962200
vt 0.968400 0.958600
vt 0.975200 0.955600
vt 0.972900 0.957100
vt 0.976600 0.944900
vt 0.978100 0.944300
vt 0.977300 0.946500
vt 0.979100 0.946100
vt 0.981300 0.942600
vt 0.979700 0.943500
vt 0.982200 0.944900
vt 0.980700 0.945500
vt 0.984100 0.949600
vt 0.981700 0.949500
vt 0.981400 0.947500
vt 0.983200 0.947200
vt 0.979700 0.949500
vt 0.979600 0.947800
vt 0.977700 0.949500
vt 0.977700 0.948000
vt 0.029600 0.946000
vt 0.029200 0.947900
vt 0.027000 0.947300
vt 0.028200 0.944900
vt 0.028900 0.950600
vt 0.026400 0.950200
vt 0.024900 0.946200
vt 0.026300 0.943300
vt 0.024200 0.949600
vt 0.028800 0.953700
vt 0.028900 0.956900
vt 0.026300 0.956900
vt 0.026200 0.953500
vt 0.024000 0.957000
vt 0.024000 0.953200
vt 0.019500 0.957000
vt 0.019800 0.952400
vt 0.021800 0.952800
vt 0.021800 0.957000
vt 0.020100 0.947800
vt 0.022100 0.948700
vt 0.020400 0.943200
vt 0.020700 0.938500
vt 0.024000 0.941400
vt 0.022700 0.944800
vt 0.889500 0.896100
vt 0.890000 0.899400
vt 0.860700 0.900000
vt 0.860400 0.896500
vt 0.891200 0.902800
vt 0.861600 0.903500
vt 0.828600 0.900200
vt 0.828400 0.896600
vt 0.829000 0.903800
vt 0.893900 0.906500
vt 0.901200 0.911100
vt 0.865800 0.911100
vt 0.863500 0.907300
vt 0.830500 0.911100
vt 0.829700 0.907400
vt 0.759900 0.911200
vt 0.759300 0.907000
vt 0.794900 0.907400
vt 0.795200 0.911100
vt 0.759100 0.903300
vt 0.794600 0.903700
vt 0.759100 0.899600
vt 0.759200 0.896000
vt 0.794300 0.896400
vt 0.794400 0.900000
vt 0.888800 0.883100
vt 0.888800 0.886400
vt 0.859900 0.886200
vt 0.859800 0.882800
vt 0.888900 0.889600
vt 0.860000 0.889700
vt 0.828000 0.886000
vt 0.828000 0.882500
vt 0.828100 0.889500
vt 0.889200 0.892900
vt 0.860100 0.893100
vt 0.828200 0.893100
vt 0.759200 0.892400
vt 0.794300 0.892800
vt 0.759300 0.888800
vt 0.794200 0.889200
vt 0.759400 0.885200
vt 0.759400 0.881600
vt 0.794300 0.882100
vt 0.794200 0.885600
vt 0.859900 0.879400
vt 0.888800 0.879900
vt 0.828100 0.879000
vt 0.860100 0.876100
vt 0.889000 0.876700
vt 0.828200 0.875500
vt 0.759500 0.878100
vt 0.794300 0.878500
vt 0.759500 0.874500
vt 0.794400 0.875000
vt 0.759700 0.867500
vt 0.794700 0.867900
vt 0.794600 0.871500
vt 0.759600 0.871000
vt 0.828700 0.868600
vt 0.828400 0.872000
vt 0.860600 0.869400
vt 0.889700 0.870400
vt 0.889300 0.873600
vt 0.860300 0.872700
vt 0.861000 0.866000
vt 0.890200 0.867200
vt 0.829000 0.865100
vt 0.862000 0.862600
vt 0.891400 0.863900
vt 0.829500 0.861600
vt 0.759700 0.863900
vt 0.794900 0.864400
vt 0.759800 0.860300
vt 0.795200 0.860900
vt 0.760800 0.852800
vt 0.796000 0.853600
vt 0.795600 0.857300
vt 0.760100 0.856700
vt 0.831200 0.854500
vt 0.830200 0.858000
vt 0.866300 0.855300
vt 0.901500 0.856200
vt 0.894200 0.860400
vt 0.863900 0.859000
vt 0.561800 0.927400
vt 0.595400 0.926700
vt 0.597100 0.930300
vt 0.568100 0.931400
vt 0.629000 0.926100
vt 0.629500 0.929500
vt 0.598500 0.933700
vt 0.570200 0.934800
vt 0.629800 0.933000
vt 0.662600 0.925500
vt 0.696200 0.924800
vt 0.697600 0.928300
vt 0.663000 0.928900
vt 0.698200 0.931800
vt 0.663200 0.932300
vt 0.698500 0.938800
vt 0.663300 0.939200
vt 0.663300 0.935800
vt 0.698400 0.935300
vt 0.629900 0.939700
vt 0.629900 0.936300
vt 0.598900 0.940300
vt 0.571000 0.941100
vt 0.570900 0.938000
vt 0.598900 0.937000
vt 0.598800 0.943600
vt 0.571000 0.944200
vt 0.629800 0.943100
vt 0.598800 0.946900
vt 0.571100 0.947300
vt 0.629800 0.946500
vt 0.698600 0.942300
vt 0.663300 0.942700
vt 0.698700 0.945800
vt 0.663300 0.946200
vt 0.698800 0.952900
vt 0.663400 0.953100
vt 0.663400 0.949600
vt 0.698700 0.949300
vt 0.629800 0.953300
vt 0.629800 0.949900
vt 0.598800 0.953500
vt 0.571100 0.953600
vt 0.571100 0.950400
vt 0.598800 0.950100
vt 0.571100 0.966200
vt 0.571100 0.963100
vt 0.599000 0.963400
vt 0.599000 0.966700
vt 0.571100 0.959900
vt 0.598900 0.960100
vt 0.630000 0.963500
vt 0.630100 0.967000
vt 0.629900 0.960100
vt 0.571100 0.956700
vt 0.598900 0.956800
vt 0.629900 0.956700
vt 0.698800 0.956400
vt 0.663400 0.956600
vt 0.698800 0.959900
vt 0.663400 0.960100
vt 0.698800 0.963500
vt 0.698800 0.967000
vt 0.663600 0.967000
vt 0.663500 0.963500
vt 0.562100 0.980200
vt 0.568400 0.976000
vt 0.597500 0.976800
vt 0.595800 0.980400
vt 0.570400 0.972600
vt 0.598700 0.973300
vt 0.629800 0.977200
vt 0.629400 0.980600
vt 0.630100 0.973700
vt 0.571100 0.969300
vt 0.599100 0.970000
vt 0.630200 0.970300
vt 0.698800 0.970500
vt 0.663600 0.970500
vt 0.698600 0.974000
vt 0.663600 0.973900
vt 0.698100 0.977500
vt 0.696600 0.981100
vt 0.663000 0.980800
vt 0.663300 0.977400
vt 0.965900 0.892000
vt 0.966700 0.894100
vt 0.953900 0.895500
vt 0.953200 0.893100
vt 0.968500 0.896100
vt 0.955400 0.897800
vt 0.936700 0.897000
vt 0.936100 0.894300
vt 0.937800 0.899700
vt 0.972200 0.898000
vt 0.981500 0.899400
vt 0.961400 0.902300
vt 0.958100 0.900100
vt 0.941300 0.905300
vt 0.939400 0.902500
vt 0.918600 0.904800
vt 0.921300 0.908200
vt 0.916500 0.901500
vt 0.914800 0.895300
vt 0.915400 0.898300
vt 0.964500 0.883900
vt 0.964600 0.885900
vt 0.952000 0.886100
vt 0.951900 0.883800
vt 0.964900 0.887900
vt 0.952200 0.888400
vt 0.935000 0.886200
vt 0.934900 0.883600
vt 0.935200 0.888900
vt 0.965300 0.889900
vt 0.952600 0.890700
vt 0.935600 0.891600
vt 0.914400 0.892300
vt 0.914100 0.889300
vt 0.913800 0.883400
vt 0.913900 0.886400
vt 0.952000 0.881400
vt 0.964600 0.881800
vt 0.935000 0.881000
vt 0.952200 0.879100
vt 0.964800 0.879800
vt 0.935200 0.878300
vt 0.913900 0.880500
vt 0.914100 0.877500
vt 0.914900 0.871700
vt 0.914400 0.874600
vt 0.936100 0.873100
vt 0.935600 0.875700
vt 0.953100 0.874500
vt 0.965800 0.875800
vt 0.965200 0.877800
vt 0.952600 0.876800
vt 0.953800 0.872200
vt 0.966500 0.873700
vt 0.936700 0.870400
vt 0.955200 0.869900
vt 0.968300 0.871700
vt 0.937700 0.867800
vt 0.915400 0.868700
vt 0.916600 0.865700
vt 0.921400 0.859300
vt 0.918700 0.862500
vt 0.941300 0.862400
vt 0.939400 0.865100
vt 0.961200 0.865500
vt 0.981100 0.868600
vt 0.971900 0.869900
vt 0.957900 0.867600
vt 0.484000 0.938600
vt 0.503400 0.935800
vt 0.506500 0.938000
vt 0.492900 0.940100
vt 0.522900 0.933000
vt 0.524500 0.935600
vt 0.509000 0.940200
vt 0.496300 0.941900
vt 0.525800 0.938300
vt 0.542400 0.930200
vt 0.544400 0.933300
vt 0.546100 0.936400
vt 0.547000 0.942200
vt 0.546800 0.939300
vt 0.526900 0.943400
vt 0.526500 0.940900
vt 0.510700 0.944700
vt 0.498600 0.945900
vt 0.498000 0.943900
vt 0.510200 0.942400
vt 0.511100 0.947000
vt 0.499100 0.947800
vt 0.527100 0.946000
vt 0.511400 0.949200
vt 0.499300 0.949800
vt 0.527300 0.948600
vt 0.547100 0.945100
vt 0.547200 0.947900
vt 0.547300 0.953700
vt 0.547300 0.950800
vt 0.527400 0.953700
vt 0.527400 0.951200
vt 0.511500 0.953800
vt 0.499600 0.953800
vt 0.499500 0.951800
vt 0.511500 0.951500
vt 0.498700 0.962000
vt 0.499100 0.959900
vt 0.511100 0.960700
vt 0.510800 0.963100
vt 0.499400 0.957900
vt 0.511400 0.958400
vt 0.527200 0.961600
vt 0.526900 0.964300
vt 0.527300 0.959000
vt 0.499500 0.955800
vt 0.511500 0.956100
vt 0.527400 0.956400
vt 0.547300 0.956600
vt 0.547200 0.959500
vt 0.547100 0.965300
vt 0.547200 0.962400
vt 0.484500 0.969600
vt 0.493300 0.968100
vt 0.506900 0.970000
vt 0.503900 0.972300
vt 0.496600 0.966100
vt 0.509200 0.967800
vt 0.524800 0.972200
vt 0.523300 0.974900
vt 0.526000 0.969500
vt 0.498200 0.964100
vt 0.510300 0.965500
vt 0.526600 0.966900
vt 0.546900 0.968300
vt 0.546300 0.971200
vt 0.542700 0.977500
vt 0.544700 0.974300
vt 0.723000 0.910000
vt 0.723100 0.906300
vt 0.686100 0.908800
vt 0.686900 0.905200
vt 0.723300 0.902600
vt 0.687600 0.901700
vt 0.649200 0.907600
vt 0.612200 0.906400
vt 0.616500 0.902600
vt 0.651000 0.904100
vt 0.618600 0.899200
vt 0.652500 0.900600
vt 0.621000 0.892700
vt 0.654300 0.893800
vt 0.653600 0.897200
vt 0.620000 0.895900
vt 0.688700 0.894700
vt 0.688200 0.898200
vt 0.723800 0.895400
vt 0.723600 0.899000
vt 0.724100 0.891900
vt 0.689100 0.891200
vt 0.724200 0.888300
vt 0.689400 0.887700
vt 0.621700 0.889400
vt 0.654900 0.890400
vt 0.622300 0.886100
vt 0.655300 0.887000
vt 0.622800 0.879500
vt 0.655800 0.880100
vt 0.655600 0.883600
vt 0.622600 0.882800
vt 0.689800 0.880700
vt 0.689600 0.884200
vt 0.724500 0.881200
vt 0.724400 0.884700
vt 0.724500 0.877600
vt 0.689800 0.877200
vt 0.724500 0.874100
vt 0.689700 0.873700
vt 0.622800 0.876200
vt 0.655800 0.876700
vt 0.622600 0.872800
vt 0.655600 0.873300
vt 0.621700 0.866300
vt 0.654900 0.866500
vt 0.655400 0.869900
vt 0.622200 0.869500
vt 0.689300 0.866700
vt 0.689600 0.870200
vt 0.724400 0.867000
vt 0.724500 0.870600
vt 0.724200 0.863500
vt 0.689000 0.863300
vt 0.724100 0.860000
vt 0.688500 0.859800
vt 0.620900 0.863000
vt 0.654400 0.863100
vt 0.619700 0.859700
vt 0.653500 0.859700
vt 0.613700 0.852800
vt 0.650500 0.852800
vt 0.652100 0.856200
vt 0.617700 0.856400
vt 0.687300 0.852800
vt 0.687900 0.856300
vt 0.724100 0.852800
vt 0.724100 0.856400
vt 0.732900 0.924300
vt 0.733600 0.927800
vt 0.769600 0.923700
vt 0.770000 0.927200
vt 0.734200 0.931300
vt 0.770400 0.930800
vt 0.806400 0.923100
vt 0.843100 0.922500
vt 0.840700 0.926900
vt 0.806200 0.926800
vt 0.840500 0.930600
vt 0.806200 0.930500
vt 0.841600 0.937500
vt 0.807200 0.937500
vt 0.806600 0.934000
vt 0.840900 0.934100
vt 0.771300 0.937800
vt 0.770900 0.934300
vt 0.734800 0.938300
vt 0.734600 0.934800
vt 0.735000 0.941800
vt 0.771600 0.941400
vt 0.735200 0.945400
vt 0.771900 0.945000
vt 0.842200 0.941000
vt 0.807600 0.941100
vt 0.842600 0.944500
vt 0.808000 0.944700
vt 0.843000 0.951600
vt 0.808300 0.952000
vt 0.808200 0.948300
vt 0.842900 0.948000
vt 0.772200 0.952300
vt 0.772100 0.948700
vt 0.735300 0.952600
vt 0.735300 0.949000
vt 0.735300 0.956200
vt 0.772200 0.956000
vt 0.735300 0.959800
vt 0.772100 0.959600
vt 0.843000 0.955200
vt 0.808300 0.955600
vt 0.842800 0.958700
vt 0.808200 0.959200
vt 0.842000 0.965700
vt 0.807500 0.966400
vt 0.807900 0.962800
vt 0.842500 0.962200
vt 0.771600 0.966800
vt 0.771900 0.963200
vt 0.735100 0.966900
vt 0.735200 0.963400
vt 0.734900 0.970500
vt 0.771300 0.970300
vt 0.734600 0.974000
vt 0.770900 0.973900
vt 0.841400 0.969100
vt 0.807100 0.969900
vt 0.841100 0.972700
vt 0.806700 0.973500
vt 0.844000 0.981100
vt 0.807100 0.981100
vt 0.806800 0.977200
vt 0.841400 0.976400
vt 0.770300 0.981100
vt 0.770600 0.977500
vt 0.733400 0.981100
vt 0.734100 0.977500
vt 0.440700 0.938900
vt 0.441100 0.936300
vt 0.443700 0.937800
vt 0.443300 0.940100
vt 0.441800 0.933700
vt 0.444300 0.935400
vt 0.446000 0.939500
vt 0.445500 0.941500
vt 0.446600 0.937600
vt 0.442600 0.930900
vt 0.444000 0.927400
vt 0.446100 0.930500
vt 0.445200 0.933000
vt 0.448200 0.933600
vt 0.447400 0.935600
vt 0.452300 0.939800
vt 0.451600 0.941000
vt 0.449500 0.938300
vt 0.450200 0.936700
vt 0.450900 0.942200
vt 0.448800 0.939900
vt 0.450200 0.943500
vt 0.449500 0.944700
vt 0.447600 0.943100
vt 0.448100 0.941500
vt 0.440400 0.950000
vt 0.440400 0.947200
vt 0.442800 0.947500
vt 0.442800 0.950000
vt 0.440400 0.944400
vt 0.442900 0.945000
vt 0.445000 0.947900
vt 0.445000 0.950000
vt 0.445100 0.945700
vt 0.440500 0.941600
vt 0.443000 0.942500
vt 0.445300 0.943600
vt 0.449300 0.946000
vt 0.447300 0.944800
vt 0.449100 0.947400
vt 0.447200 0.946500
vt 0.449000 0.948700
vt 0.448800 0.950100
vt 0.447000 0.950100
vt 0.447100 0.948300
vt 0.449500 0.955500
vt 0.447600 0.957000
vt 0.447300 0.955300
vt 0.449300 0.954200
vt 0.445600 0.958500
vt 0.445300 0.956400
vt 0.447200 0.953600
vt 0.449100 0.952800
vt 0.445100 0.954300
vt 0.443400 0.959900
vt 0.440900 0.961100
vt 0.440600 0.958400
vt 0.443100 0.957500
vt 0.440500 0.955600
vt 0.442900 0.955000
vt 0.442900 0.952500
vt 0.440400 0.952900
vt 0.445000 0.952200
vt 0.449000 0.951500
vt 0.447100 0.951800
vt 0.452100 0.960400
vt 0.450200 0.963300
vt 0.449500 0.961800
vt 0.451500 0.959200
vt 0.448300 0.966300
vt 0.447500 0.964300
vt 0.448800 0.960200
vt 0.450800 0.957900
vt 0.446700 0.962400
vt 0.446400 0.969300
vt 0.444500 0.972200
vt 0.443000 0.969000
vt 0.445400 0.966800
vt 0.442000 0.966200
vt 0.444500 0.964500
vt 0.443800 0.962200
vt 0.441300 0.963600
vt 0.446100 0.960500
vt 0.450100 0.956700
vt 0.448200 0.958600
vt 0.028900 0.892100
vt 0.028800 0.894000
vt 0.026400 0.892700
vt 0.026500 0.891100
vt 0.028600 0.895800
vt 0.026100 0.894400
vt 0.024300 0.891300
vt 0.024500 0.889900
vt 0.024000 0.892700
vt 0.028200 0.897800
vt 0.027300 0.900100
vt 0.025300 0.897700
vt 0.025800 0.896000
vt 0.023300 0.895200
vt 0.023700 0.894000
vt 0.019300 0.890300
vt 0.019700 0.889700
vt 0.021700 0.891800
vt 0.021300 0.892800
vt 0.020200 0.889000
vt 0.022000 0.890900
vt 0.020600 0.888300
vt 0.021000 0.887600
vt 0.022700 0.888700
vt 0.022400 0.889900
vt 0.029100 0.883200
vt 0.029100 0.885600
vt 0.026700 0.885300
vt 0.026700 0.883200
vt 0.029000 0.887900
vt 0.026700 0.887300
vt 0.024700 0.885000
vt 0.024700 0.883200
vt 0.024700 0.886700
vt 0.029000 0.890000
vt 0.026600 0.889300
vt 0.024600 0.888400
vt 0.021100 0.886500
vt 0.022800 0.887500
vt 0.021200 0.885400
vt 0.022900 0.886100
vt 0.021200 0.884300
vt 0.021300 0.883200
vt 0.022900 0.883200
vt 0.022900 0.884700
vt 0.021500 0.878600
vt 0.022900 0.877200
vt 0.023000 0.878600
vt 0.021400 0.879700
vt 0.024600 0.875900
vt 0.024800 0.877600
vt 0.023000 0.880100
vt 0.021400 0.880900
vt 0.024800 0.879400
vt 0.026700 0.874600
vt 0.029100 0.873600
vt 0.029200 0.875800
vt 0.026800 0.876600
vt 0.029200 0.878200
vt 0.026800 0.878800
vt 0.026800 0.881000
vt 0.029100 0.880700
vt 0.024800 0.881300
vt 0.021300 0.882000
vt 0.023000 0.881700
vt 0.018200 0.874800
vt 0.020600 0.872500
vt 0.021200 0.873600
vt 0.019000 0.875700
vt 0.022900 0.870200
vt 0.023500 0.871500
vt 0.021800 0.874800
vt 0.019800 0.876700
vt 0.023900 0.872900
vt 0.025300 0.867900
vt 0.027700 0.865600
vt 0.028400 0.867900
vt 0.025800 0.869500
vt 0.028800 0.869700
vt 0.026200 0.871200
vt 0.026500 0.872800
vt 0.029000 0.871600
vt 0.024400 0.874300
vt 0.020600 0.877600
vt 0.022400 0.875900
vt 0.986100 0.893700
vt 0.985000 0.895100
vt 0.984000 0.893800
vt 0.985300 0.892500
vt 0.983800 0.896500
vt 0.982200 0.895000
vt 0.983100 0.892400
vt 0.984400 0.891400
vt 0.980800 0.893500
vt 0.982700 0.898000
vt 0.979300 0.896300
vt 0.976500 0.894700
vt 0.974100 0.891100
vt 0.974900 0.892900
vt 0.978900 0.890300
vt 0.979700 0.891900
vt 0.981400 0.889700
vt 0.982600 0.889100
vt 0.983500 0.890300
vt 0.982200 0.891100
vt 0.980900 0.888300
vt 0.982200 0.887800
vt 0.978300 0.888700
vt 0.980400 0.886800
vt 0.981900 0.886500
vt 0.977900 0.887100
vt 0.973500 0.889300
vt 0.973100 0.887500
vt 0.972700 0.883900
vt 0.972800 0.885700
vt 0.977500 0.883900
vt 0.977600 0.885500
vt 0.979900 0.883900
vt 0.981100 0.883900
vt 0.981500 0.885200
vt 0.980100 0.885400
vt 0.980100 0.882500
vt 0.981400 0.882600
vt 0.977600 0.882300
vt 0.980300 0.881000
vt 0.981800 0.881200
vt 0.977800 0.880700
vt 0.972800 0.882100
vt 0.973000 0.880300
vt 0.974000 0.876800
vt 0.973400 0.878600
vt 0.978700 0.877500
vt 0.978200 0.879100
vt 0.981200 0.878100
vt 0.982400 0.878600
vt 0.982100 0.879900
vt 0.980700 0.879600
vt 0.981900 0.876800
vt 0.983300 0.877500
vt 0.979500 0.876000
vt 0.982800 0.875400
vt 0.984100 0.876400
vt 0.980500 0.874400
vt 0.974700 0.875000
vt 0.976200 0.873200
vt 0.982300 0.870000
vt 0.978900 0.871600
vt 0.983400 0.871400
vt 0.981900 0.872900
vt 0.984600 0.872800
vt 0.985700 0.874200
vt 0.984900 0.875300
vt 0.983700 0.874100
vt 0.486100 0.941800
vt 0.482900 0.940200
vt 0.488600 0.943400
vt 0.483100 0.943200
vt 0.481800 0.941800
vt 0.484300 0.944600
vt 0.490600 0.946800
vt 0.490000 0.945000
vt 0.485600 0.947500
vt 0.485100 0.946000
vt 0.481100 0.948300
vt 0.480700 0.947500
vt 0.482400 0.946800
vt 0.482800 0.948000
vt 0.480300 0.946600
vt 0.481800 0.945600
vt 0.479900 0.945800
vt 0.479600 0.944900
vt 0.480700 0.943300
vt 0.481300 0.944500
vt 0.480900 0.953600
vt 0.481000 0.952300
vt 0.483200 0.952200
vt 0.483200 0.953700
vt 0.481000 0.951000
vt 0.483100 0.950800
vt 0.486300 0.952200
vt 0.486400 0.953800
vt 0.486200 0.950600
vt 0.481000 0.949700
vt 0.483000 0.949400
vt 0.486000 0.949000
vt 0.491000 0.948500
vt 0.491300 0.950300
vt 0.491500 0.953800
vt 0.491500 0.952000
vt 0.491500 0.955600
vt 0.491400 0.957400
vt 0.486500 0.955400
vt 0.486500 0.957000
vt 0.490900 0.961100
vt 0.491200 0.959200
vt 0.486100 0.960300
vt 0.486400 0.958700
vt 0.482500 0.959200
vt 0.482100 0.957800
vt 0.483700 0.958200
vt 0.483600 0.959700
vt 0.481700 0.956400
vt 0.483600 0.956700
vt 0.481300 0.955000
vt 0.483400 0.955200
vt 0.483100 0.961200
vt 0.481800 0.960400
vt 0.485600 0.962000
vt 0.482400 0.962700
vt 0.481100 0.961700
vt 0.484800 0.963700
vt 0.490300 0.963000
vt 0.489000 0.964800
vt 0.483300 0.968300
vt 0.486500 0.966600
vt 0.482100 0.967000
vt 0.483500 0.965300
vt 0.480900 0.965600
vt 0.479600 0.964300
vt 0.480300 0.963000
vt 0.481700 0.964100
vt 0.417200 0.936500
vt 0.417300 0.933300
vt 0.427400 0.933700
vt 0.427200 0.936800
vt 0.418200 0.930100
vt 0.428200 0.930600
vt 0.434000 0.934300
vt 0.433800 0.937300
vt 0.434600 0.931400
vt 0.420900 0.927000
vt 0.428900 0.923600
vt 0.432700 0.924600
vt 0.430100 0.927600
vt 0.436500 0.925500
vt 0.435400 0.928500
vt 0.439500 0.929400
vt 0.440300 0.926500
vt 0.438800 0.932300
vt 0.437900 0.938000
vt 0.438300 0.935200
vt 0.417000 0.950300
vt 0.417000 0.946800
vt 0.427000 0.946800
vt 0.427000 0.950200
vt 0.417000 0.943300
vt 0.427000 0.943400
vt 0.433500 0.946800
vt 0.433500 0.950100
vt 0.433500 0.943600
vt 0.417100 0.939800
vt 0.427100 0.940000
vt 0.433600 0.940400
vt 0.437700 0.940900
vt 0.437700 0.943900
vt 0.437700 0.950000
vt 0.437600 0.947000
vt 0.427100 0.953600
vt 0.417100 0.953900
vt 0.433600 0.953300
vt 0.427100 0.957000
vt 0.417200 0.957400
vt 0.433600 0.956600
vt 0.437700 0.953100
vt 0.437700 0.956100
vt 0.438100 0.962000
vt 0.437900 0.959100
vt 0.434000 0.962800
vt 0.433800 0.959700
vt 0.427500 0.963500
vt 0.417500 0.964100
vt 0.417300 0.960800
vt 0.427300 0.960300
vt 0.440800 0.973300
vt 0.439900 0.970400
vt 0.437100 0.974300
vt 0.435900 0.971500
vt 0.439100 0.967600
vt 0.435000 0.968600
vt 0.433400 0.975400
vt 0.429700 0.976400
vt 0.421600 0.973400
vt 0.430800 0.972500
vt 0.418800 0.970400
vt 0.428700 0.969600
vt 0.427800 0.966600
vt 0.417700 0.967300
vt 0.434400 0.965700
vt 0.438500 0.964800
vt 0.053000 0.894600
vt 0.053000 0.897000
vt 0.042600 0.896400
vt 0.042700 0.894100
vt 0.052100 0.899200
vt 0.042000 0.898600
vt 0.035900 0.895700
vt 0.036000 0.893500
vt 0.035600 0.897800
vt 0.049500 0.901400
vt 0.041400 0.903600
vt 0.037900 0.902800
vt 0.040300 0.900700
vt 0.034400 0.901900
vt 0.035100 0.899900
vt 0.031200 0.899000
vt 0.030900 0.901000
vt 0.031500 0.896900
vt 0.031700 0.892900
vt 0.031600 0.894900
vt 0.053300 0.883500
vt 0.053200 0.886500
vt 0.042900 0.886300
vt 0.042900 0.883400
vt 0.053200 0.889300
vt 0.042800 0.889000
vt 0.036100 0.886100
vt 0.036200 0.883300
vt 0.036100 0.888700
vt 0.053100 0.892000
vt 0.042800 0.891600
vt 0.036000 0.891200
vt 0.031800 0.890700
vt 0.031800 0.888300
vt 0.031900 0.883200
vt 0.031900 0.885800
vt 0.043000 0.880400
vt 0.053300 0.880400
vt 0.036200 0.880400
vt 0.043000 0.877400
vt 0.053300 0.877300
vt 0.036200 0.877600
vt 0.031900 0.880500
vt 0.031900 0.877800
vt 0.031900 0.872800
vt 0.031900 0.875200
vt 0.036200 0.872200
vt 0.036200 0.874800
vt 0.042900 0.871800
vt 0.053300 0.871600
vt 0.053300 0.874300
vt 0.043000 0.874500
vt 0.042900 0.869500
vt 0.053300 0.869200
vt 0.036100 0.870000
vt 0.042400 0.867400
vt 0.052500 0.867000
vt 0.036000 0.868000
vt 0.031800 0.870700
vt 0.031700 0.868700
vt 0.031200 0.864900
vt 0.031500 0.866800
vt 0.034800 0.864200
vt 0.035500 0.866100
vt 0.038300 0.863500
vt 0.041900 0.862900
vt 0.049900 0.865000
vt 0.040600 0.865400
vt 0.030000 0.967800
vt 0.028700 0.968900
vt 0.027400 0.966600
vt 0.029600 0.965900
vt 0.026900 0.970600
vt 0.025400 0.967700
vt 0.026700 0.963600
vt 0.029200 0.963200
vt 0.024600 0.964400
vt 0.024800 0.972600
vt 0.021700 0.975500
vt 0.021100 0.970900
vt 0.023300 0.969200
vt 0.020600 0.966300
vt 0.022500 0.965300
vt 0.022000 0.961200
vt 0.020100 0.961700
vt 0.024100 0.960700
vt 0.029000 0.960200
vt 0.026400 0.960400
vt 0.444100 0.896600
vt 0.445100 0.895000
vt 0.446900 0.895600
vt 0.445000 0.897600
vt 0.446000 0.892700
vt 0.448200 0.893100
vt 0.448400 0.896700
vt 0.446100 0.899100
vt 0.450000 0.893800
vt 0.446700 0.890000
vt 0.446900 0.887100
vt 0.449300 0.887200
vt 0.449100 0.890200
vt 0.451400 0.887200
vt 0.451000 0.890600
vt 0.456500 0.887200
vt 0.454700 0.891400
vt 0.452900 0.891000
vt 0.453500 0.887200
vt 0.452900 0.895600
vt 0.451500 0.894600
vt 0.451100 0.899700
vt 0.449300 0.903900
vt 0.447400 0.901000
vt 0.449700 0.898200
vt 0.452800 0.883500
vt 0.454600 0.883100
vt 0.451000 0.883800
vt 0.451300 0.879900
vt 0.452700 0.879100
vt 0.449900 0.880600
vt 0.446700 0.884200
vt 0.449000 0.884000
vt 0.446000 0.881500
vt 0.448200 0.881100
vt 0.444000 0.877500
vt 0.444900 0.876500
vt 0.446800 0.878600
vt 0.445000 0.879100
vt 0.446000 0.875200
vt 0.448200 0.877600
vt 0.447100 0.873600
vt 0.448900 0.871000
vt 0.450800 0.875000
vt 0.449500 0.876400
vt 0.030300 0.943200
vt 0.031400 0.945300
vt 0.028700 0.941200
vt 0.034100 0.941900
vt 0.035100 0.944400
vt 0.032700 0.939500
vt 0.024600 0.936600
vt 0.026700 0.938900
vt 0.028500 0.934700
vt 0.030700 0.937100
vt 0.036400 0.930900
vt 0.044400 0.933900
vt 0.035800 0.935400
vt 0.032500 0.932800
vt 0.047700 0.936800
vt 0.038600 0.938000
vt 0.049500 0.939700
vt 0.050300 0.942800
vt 0.041200 0.943600
vt 0.040300 0.940700
vt 0.051400 0.956600
vt 0.042500 0.956800
vt 0.042400 0.953300
vt 0.051300 0.953000
vt 0.036200 0.956800
vt 0.036100 0.953500
vt 0.042200 0.949900
vt 0.051200 0.949500
vt 0.036000 0.950300
vt 0.031900 0.956900
vt 0.031900 0.953700
vt 0.031800 0.950600
vt 0.031800 0.947800
vt 0.035700 0.947300
vt 0.050800 0.946000
vt 0.041800 0.946700
vt 0.032200 0.966000
vt 0.031900 0.968500
vt 0.032100 0.963200
vt 0.036100 0.966400
vt 0.035600 0.969300
vt 0.036200 0.963400
vt 0.032000 0.960100
vt 0.036300 0.960100
vt 0.051500 0.960300
vt 0.042500 0.960200
vt 0.051400 0.963800
vt 0.042400 0.963600
vt 0.051200 0.967300
vt 0.050800 0.970600
vt 0.041700 0.970000
vt 0.042200 0.966900
vt 0.037500 0.982800
vt 0.033500 0.981000
vt 0.036700 0.978300
vt 0.045300 0.979500
vt 0.029600 0.979100
vt 0.031600 0.976700
vt 0.039400 0.975600
vt 0.048500 0.976500
vt 0.033400 0.974300
vt 0.025600 0.977300
vt 0.027600 0.975000
vt 0.029400 0.972700
vt 0.030900 0.970600
vt 0.034700 0.971900
vt 0.050100 0.973600
vt 0.040900 0.972900
vt 0.442500 0.898900
vt 0.442200 0.897000
vt 0.443200 0.900700
vt 0.438500 0.899700
vt 0.438300 0.897500
vt 0.439000 0.901700
vt 0.445100 0.904800
vt 0.444100 0.902700
vt 0.441000 0.905700
vt 0.439900 0.903700
vt 0.432800 0.907400
vt 0.425900 0.905100
vt 0.434600 0.904500
vt 0.436900 0.906500
vt 0.423500 0.902900
vt 0.432800 0.902400
vt 0.422600 0.900600
vt 0.422500 0.898200
vt 0.431900 0.897900
vt 0.432100 0.900200
vt 0.422900 0.887100
vt 0.432500 0.887100
vt 0.432400 0.890000
vt 0.422800 0.890000
vt 0.439200 0.887100
vt 0.439100 0.889900
vt 0.432200 0.892800
vt 0.422700 0.892900
vt 0.438800 0.892600
vt 0.443800 0.887100
vt 0.443600 0.889900
vt 0.443200 0.892600
vt 0.442500 0.894900
vt 0.438500 0.895200
vt 0.422500 0.895700
vt 0.432000 0.895400
vt 0.442500 0.879100
vt 0.442100 0.876900
vt 0.443100 0.881500
vt 0.438400 0.878700
vt 0.438200 0.876300
vt 0.438800 0.881400
vt 0.443600 0.884300
vt 0.439100 0.884200
vt 0.422800 0.884000
vt 0.432400 0.884100
vt 0.422700 0.880900
vt 0.432200 0.881200
vt 0.422500 0.878000
vt 0.422500 0.875400
vt 0.431900 0.875800
vt 0.432000 0.878400
vt 0.432700 0.867100
vt 0.436700 0.868100
vt 0.434500 0.869800
vt 0.425900 0.869100
vt 0.440800 0.869000
vt 0.439700 0.870700
vt 0.432700 0.871700
vt 0.423500 0.871000
vt 0.438900 0.872500
vt 0.444800 0.870000
vt 0.443900 0.871800
vt 0.443100 0.873600
vt 0.442400 0.875200
vt 0.438400 0.874300
vt 0.422600 0.873100
vt 0.432000 0.873600
vt 0.341500 0.936100
vt 0.341400 0.932600
vt 0.363700 0.932700
vt 0.363700 0.936100
vt 0.341300 0.929200
vt 0.363600 0.929300
vt 0.384400 0.932800
vt 0.384400 0.936200
vt 0.384500 0.929500
vt 0.341400 0.925900
vt 0.342100 0.922600
vt 0.363800 0.922900
vt 0.363700 0.926100
vt 0.385500 0.923100
vt 0.384900 0.926300
vt 0.404900 0.926600
vt 0.407200 0.923400
vt 0.403200 0.929700
vt 0.402600 0.936300
vt 0.402600 0.933000
vt 0.341500 0.951600
vt 0.341500 0.947600
vt 0.363800 0.947300
vt 0.363800 0.951200
vt 0.341500 0.943700
vt 0.363800 0.943500
vt 0.384400 0.947100
vt 0.384400 0.950900
vt 0.384400 0.943300
vt 0.341500 0.939800
vt 0.363800 0.939700
vt 0.384400 0.939700
vt 0.402500 0.939700
vt 0.402500 0.943300
vt 0.402500 0.950600
vt 0.402500 0.946900
vt 0.363900 0.955100
vt 0.341600 0.955600
vt 0.384500 0.954600
vt 0.364000 0.958900
vt 0.341800 0.959500
vt 0.384700 0.958400
vt 0.402600 0.954200
vt 0.402700 0.957800
vt 0.403000 0.964800
vt 0.402800 0.961400
vt 0.384900 0.965500
vt 0.384800 0.962000
vt 0.364300 0.966300
vt 0.342000 0.967100
vt 0.341900 0.963400
vt 0.364200 0.962700
vt 0.408100 0.977500
vt 0.405700 0.974400
vt 0.386400 0.978500
vt 0.385800 0.975300
vt 0.403900 0.971300
vt 0.385300 0.972200
vt 0.364800 0.979500
vt 0.343200 0.980500
vt 0.342400 0.977300
vt 0.364600 0.976300
vt 0.342200 0.974000
vt 0.364400 0.973100
vt 0.364300 0.969700
vt 0.342100 0.970600
vt 0.385000 0.968900
vt 0.403100 0.968100
vt 0.129800 0.896700
vt 0.129800 0.899300
vt 0.107400 0.898700
vt 0.107400 0.896100
vt 0.129800 0.901800
vt 0.107400 0.901200
vt 0.086400 0.898200
vt 0.086400 0.895600
vt 0.086200 0.900500
vt 0.129700 0.904200
vt 0.129100 0.906500
vt 0.107200 0.905800
vt 0.107300 0.903500
vt 0.085300 0.905100
vt 0.085800 0.902800
vt 0.065600 0.902100
vt 0.063400 0.904400
vt 0.067300 0.899900
vt 0.067900 0.895100
vt 0.067900 0.897600
vt 0.068200 0.883700
vt 0.068200 0.886700
vt 0.086700 0.883900
vt 0.086700 0.887000
vt 0.068100 0.889700
vt 0.086600 0.890100
vt 0.107700 0.884100
vt 0.130200 0.884400
vt 0.130100 0.887700
vt 0.107700 0.887400
vt 0.130000 0.890800
vt 0.107600 0.890400
vt 0.107400 0.893400
vt 0.129900 0.893800
vt 0.086500 0.892900
vt 0.068000 0.892500
vt 0.130100 0.871300
vt 0.130100 0.874300
vt 0.107700 0.874200
vt 0.107700 0.871300
vt 0.130200 0.877600
vt 0.107700 0.877500
vt 0.086700 0.874200
vt 0.086700 0.871300
vt 0.086700 0.877400
vt 0.130200 0.881000
vt 0.107700 0.880800
vt 0.086700 0.880600
vt 0.068200 0.880500
vt 0.068200 0.877300
vt 0.068200 0.871400
vt 0.068200 0.874200
vt 0.063900 0.862700
vt 0.066100 0.864700
vt 0.085800 0.862400
vt 0.086300 0.864400
vt 0.067700 0.866700
vt 0.086700 0.866500
vt 0.107700 0.862200
vt 0.129700 0.862000
vt 0.130200 0.864200
vt 0.107800 0.864300
vt 0.130300 0.866300
vt 0.107800 0.866400
vt 0.107700 0.868700
vt 0.130200 0.868700
vt 0.086700 0.868800
vt 0.068200 0.868900
vt 0.113600 0.926300
vt 0.147200 0.925200
vt 0.149100 0.928500
vt 0.120100 0.929600
vt 0.180800 0.924000
vt 0.181000 0.927500
vt 0.150600 0.931900
vt 0.122400 0.932800
vt 0.181100 0.930900
vt 0.214400 0.922900
vt 0.247900 0.921800
vt 0.243600 0.925800
vt 0.213100 0.926500
vt 0.242200 0.929500
vt 0.212200 0.930100
vt 0.241700 0.936900
vt 0.211900 0.937500
vt 0.211900 0.933700
vt 0.241800 0.933100
vt 0.181100 0.938200
vt 0.181200 0.934500
vt 0.151100 0.939000
vt 0.123300 0.939800
vt 0.123200 0.936200
vt 0.151100 0.935300
vt 0.241600 0.953400
vt 0.211700 0.953900
vt 0.211700 0.949700
vt 0.241600 0.949200
vt 0.181000 0.954500
vt 0.180900 0.950300
vt 0.211700 0.945500
vt 0.241600 0.944900
vt 0.181000 0.946100
vt 0.151000 0.955000
vt 0.123400 0.955400
vt 0.123400 0.951400
vt 0.151000 0.950800
vt 0.123400 0.947400
vt 0.151000 0.946800
vt 0.151100 0.942800
vt 0.123400 0.943500
vt 0.181100 0.942100
vt 0.241700 0.940800
vt 0.211800 0.941400
vt 0.123900 0.971100
vt 0.123800 0.967400
vt 0.151500 0.967200
vt 0.151700 0.971000
vt 0.123700 0.963500
vt 0.151300 0.963200
vt 0.181500 0.966900
vt 0.181700 0.970800
vt 0.181300 0.962800
vt 0.123500 0.959500
vt 0.151100 0.959100
vt 0.181100 0.958700
vt 0.241700 0.957700
vt 0.211800 0.958200
vt 0.241900 0.961900
vt 0.212000 0.962400
vt 0.242200 0.966000
vt 0.242400 0.969900
vt 0.212500 0.970400
vt 0.212300 0.966500
vt 0.114700 0.984900
vt 0.121100 0.981400
vt 0.150100 0.981500
vt 0.148300 0.984900
vt 0.123200 0.978100
vt 0.151400 0.978100
vt 0.182000 0.981400
vt 0.181900 0.984900
vt 0.182000 0.978000
vt 0.123900 0.974700
vt 0.151800 0.974600
vt 0.181900 0.974400
vt 0.242500 0.973700
vt 0.212700 0.974100
vt 0.243100 0.977300
vt 0.213100 0.977700
vt 0.244700 0.980900
vt 0.249200 0.984900
vt 0.215600 0.984900
vt 0.214200 0.981300
vt 0.347200 0.898900
vt 0.347300 0.901500
vt 0.319300 0.901500
vt 0.319300 0.898900
vt 0.348200 0.904000
vt 0.319900 0.904100
vt 0.289200 0.901500
vt 0.289200 0.898800
vt 0.289500 0.904100
vt 0.350500 0.906300
vt 0.357100 0.908800
vt 0.323700 0.908900
vt 0.321600 0.906500
vt 0.290300 0.909000
vt 0.289800 0.906500
vt 0.223400 0.909200
vt 0.227400 0.906400
vt 0.257800 0.906600
vt 0.256800 0.909100
vt 0.228600 0.903800
vt 0.258500 0.904000
vt 0.228900 0.901200
vt 0.228900 0.898400
vt 0.258600 0.898700
vt 0.258600 0.901400
vt 0.229500 0.885600
vt 0.259200 0.885900
vt 0.259100 0.889300
vt 0.229400 0.889000
vt 0.289900 0.886200
vt 0.289800 0.889600
vt 0.258900 0.892600
vt 0.229200 0.892300
vt 0.289600 0.892800
vt 0.319900 0.886400
vt 0.347800 0.886600
vt 0.347700 0.889900
vt 0.319800 0.889800
vt 0.347500 0.893100
vt 0.319600 0.893000
vt 0.319400 0.896000
vt 0.347300 0.896000
vt 0.289300 0.895900
vt 0.229000 0.895500
vt 0.258700 0.895700
vt 0.347300 0.873700
vt 0.347400 0.876600
vt 0.319500 0.876200
vt 0.319400 0.873200
vt 0.347600 0.879900
vt 0.319700 0.879500
vt 0.289500 0.875800
vt 0.289400 0.872700
vt 0.289600 0.879200
vt 0.347700 0.883200
vt 0.319800 0.883000
vt 0.289800 0.882700
vt 0.229500 0.882000
vt 0.259200 0.882300
vt 0.229300 0.878500
vt 0.259000 0.878800
vt 0.229200 0.875100
vt 0.229200 0.871900
vt 0.258800 0.872300
vt 0.258900 0.875400
vt 0.224000 0.862000
vt 0.257300 0.862700
vt 0.258200 0.864900
vt 0.227900 0.864400
vt 0.290700 0.863400
vt 0.290200 0.865500
vt 0.258800 0.867200
vt 0.229000 0.866800
vt 0.289800 0.867700
vt 0.324100 0.864100
vt 0.357400 0.864800
vt 0.350700 0.866700
vt 0.321900 0.866100
vt 0.348400 0.868800
vt 0.320200 0.868300
vt 0.319500 0.870600
vt 0.347400 0.871100
vt 0.289500 0.870100
vt 0.229300 0.869200
vt 0.258900 0.869600
vt 0.062300 0.938800
vt 0.063000 0.942000
vt 0.061000 0.935700
vt 0.078900 0.937900
vt 0.079400 0.941200
vt 0.078100 0.934700
vt 0.055700 0.929800
vt 0.058700 0.932700
vt 0.075000 0.928600
vt 0.076700 0.931600
vt 0.096600 0.930600
vt 0.094300 0.927500
vt 0.098400 0.933800
vt 0.099500 0.940500
vt 0.099200 0.937100
vt 0.099800 0.955800
vt 0.099700 0.951900
vt 0.080000 0.956200
vt 0.079900 0.952300
vt 0.099700 0.948000
vt 0.079800 0.948500
vt 0.063900 0.956400
vt 0.063800 0.952700
vt 0.063700 0.949000
vt 0.063400 0.945400
vt 0.079600 0.944800
vt 0.099600 0.944200
vt 0.063800 0.967500
vt 0.063500 0.970900
vt 0.064000 0.963900
vt 0.080100 0.967600
vt 0.079900 0.971100
vt 0.080100 0.963900
vt 0.064000 0.960200
vt 0.080000 0.960100
vt 0.099900 0.959800
vt 0.100000 0.963700
vt 0.100000 0.971200
vt 0.100000 0.967500
vt 0.095400 0.984300
vt 0.097500 0.981100
vt 0.076100 0.983800
vt 0.077600 0.980700
vt 0.099200 0.977900
vt 0.078900 0.977600
vt 0.056800 0.983300
vt 0.059600 0.980300
vt 0.061800 0.977200
vt 0.063000 0.974100
vt 0.079600 0.974500
vt 0.099900 0.974600
vt 0.409300 0.900900
vt 0.409200 0.898500
vt 0.410000 0.903300
vt 0.392300 0.901200
vt 0.392300 0.898700
vt 0.392800 0.903600
vt 0.413900 0.907800
vt 0.411700 0.905500
vt 0.394900 0.908100
vt 0.393700 0.905800
vt 0.373900 0.906100
vt 0.376000 0.908400
vt 0.372300 0.903800
vt 0.371600 0.898800
vt 0.371600 0.901400
vt 0.372100 0.886800
vt 0.372000 0.890000
vt 0.392700 0.886900
vt 0.392600 0.890100
vt 0.371800 0.893100
vt 0.392400 0.893100
vt 0.409600 0.887000
vt 0.409500 0.890100
vt 0.409400 0.893000
vt 0.409300 0.895800
vt 0.392300 0.896000
vt 0.371700 0.896000
vt 0.409300 0.877700
vt 0.409300 0.874900
vt 0.409400 0.880700
vt 0.392300 0.877400
vt 0.392300 0.874500
vt 0.392500 0.880400
vt 0.409500 0.883800
vt 0.392600 0.883700
vt 0.372000 0.883500
vt 0.371900 0.880200
vt 0.371700 0.874100
vt 0.371700 0.877000
vt 0.376300 0.865400
vt 0.374100 0.867300
vt 0.395100 0.866000
vt 0.393800 0.867900
vt 0.372400 0.869400
vt 0.392900 0.869900
vt 0.413900 0.866600
vt 0.411700 0.868500
vt 0.410000 0.870400
vt 0.409400 0.872600
vt 0.392400 0.872100
vt 0.371800 0.871600
vt 0.269200 0.932800
vt 0.269200 0.936500
vt 0.269400 0.929200
vt 0.294600 0.932600
vt 0.294600 0.936300
vt 0.294600 0.929100
vt 0.271500 0.922000
vt 0.270300 0.925600
vt 0.295000 0.922200
vt 0.294800 0.925600
vt 0.318500 0.925700
vt 0.318500 0.922400
vt 0.318400 0.929100
vt 0.318600 0.936200
vt 0.318500 0.932600
vt 0.318600 0.952000
vt 0.318600 0.947900
vt 0.294600 0.952500
vt 0.294600 0.948300
vt 0.318600 0.943900
vt 0.294600 0.944200
vt 0.269100 0.952900
vt 0.269100 0.948700
vt 0.269100 0.944500
vt 0.269100 0.940400
vt 0.294600 0.940200
vt 0.318600 0.940000
vt 0.269600 0.965400
vt 0.269800 0.969300
vt 0.269400 0.961300
vt 0.295100 0.964700
vt 0.295300 0.968600
vt 0.294900 0.960700
vt 0.269200 0.957200
vt 0.294800 0.956600
vt 0.318700 0.956100
vt 0.318900 0.960100
vt 0.319200 0.967800
vt 0.319100 0.964100
vt 0.319700 0.981600
vt 0.319500 0.978300
vt 0.296200 0.982700
vt 0.295800 0.979300
vt 0.319300 0.974900
vt 0.295500 0.975800
vt 0.272700 0.983800
vt 0.271400 0.980200
vt 0.270400 0.976600
vt 0.270000 0.973000
vt 0.295400 0.972300
vt 0.319300 0.971500
vt 0.201700 0.900800
vt 0.201700 0.898100
vt 0.201500 0.903400
vt 0.176500 0.900400
vt 0.176500 0.897700
vt 0.176500 0.902900
vt 0.199800 0.908500
vt 0.200800 0.906000
vt 0.176200 0.907800
vt 0.176400 0.905400
vt 0.152700 0.904800
vt 0.152700 0.907200
vt 0.152700 0.902400
vt 0.152700 0.897200
vt 0.152700 0.899900
vt 0.153100 0.884700
vt 0.153000 0.888000
vt 0.177000 0.885000
vt 0.176900 0.888400
vt 0.152900 0.891300
vt 0.176700 0.891700
vt 0.202300 0.885300
vt 0.202200 0.888700
vt 0.202000 0.892000
vt 0.201800 0.895200
vt 0.176600 0.894800
vt 0.152800 0.894300
vt 0.202000 0.874800
vt 0.202000 0.871700
vt 0.202100 0.878200
vt 0.176800 0.874600
vt 0.176800 0.871500
vt 0.176900 0.878000
vt 0.202200 0.881700
vt 0.177000 0.881500
vt 0.153100 0.881200
vt 0.153100 0.877800
vt 0.153000 0.871400
vt 0.153000 0.874400
vt 0.153300 0.862000
vt 0.153200 0.864100
vt 0.176800 0.862000
vt 0.176900 0.864200
vt 0.153200 0.866300
vt 0.176900 0.866400
vt 0.200400 0.862000
vt 0.201300 0.864200
vt 0.202000 0.866500
vt 0.202100 0.869000
vt 0.176900 0.868800
vt 0.153100 0.868700
vt 0.534600 0.888300
vt 0.533300 0.890900
vt 0.560100 0.889800
vt 0.558900 0.892700
vt 0.531100 0.893400
vt 0.557200 0.895500
vt 0.589200 0.891300
vt 0.588100 0.894400
vt 0.586700 0.897400
vt 0.582400 0.903700
vt 0.584700 0.900600
vt 0.552500 0.901100
vt 0.555000 0.898300
vt 0.522700 0.898400
vt 0.527300 0.895900
vt 0.537200 0.877300
vt 0.536900 0.880100
vt 0.562500 0.878000
vt 0.562200 0.881000
vt 0.536400 0.882900
vt 0.561800 0.884000
vt 0.591400 0.878800
vt 0.591200 0.881900
vt 0.590700 0.885100
vt 0.590100 0.888200
vt 0.561000 0.886900
vt 0.535600 0.885600
vt 0.590600 0.869200
vt 0.589900 0.866100
vt 0.591100 0.872400
vt 0.561600 0.869000
vt 0.560800 0.866100
vt 0.562100 0.872000
vt 0.591400 0.875600
vt 0.562400 0.875000
vt 0.537100 0.874500
vt 0.536800 0.871700
vt 0.535300 0.866200
vt 0.536200 0.868900
vt 0.585900 0.856800
vt 0.583800 0.853700
vt 0.587700 0.859900
vt 0.556300 0.857400
vt 0.553900 0.854500
vt 0.558300 0.860300
vt 0.589000 0.863000
vt 0.559800 0.863200
vt 0.534200 0.863500
vt 0.532200 0.860900
vt 0.524100 0.855400
vt 0.528500 0.858200
vt 0.873100 0.934600
vt 0.873800 0.937800
vt 0.872500 0.931300
vt 0.902100 0.935400
vt 0.902800 0.938400
vt 0.901600 0.932400
vt 0.872400 0.924500
vt 0.872400 0.927900
vt 0.901700 0.926400
vt 0.901500 0.929400
vt 0.928600 0.931100
vt 0.930900 0.928400
vt 0.927000 0.933800
vt 0.927500 0.939300
vt 0.926900 0.936500
vt 0.875100 0.947800
vt 0.875300 0.951200
vt 0.874800 0.944400
vt 0.904000 0.947600
vt 0.904100 0.950700
vt 0.903700 0.944500
vt 0.874400 0.941100
vt 0.903300 0.941500
vt 0.927900 0.942000
vt 0.928300 0.944800
vt 0.928600 0.950400
vt 0.928500 0.947600
vt 0.927800 0.961500
vt 0.928200 0.958700
vt 0.903200 0.963100
vt 0.903600 0.960100
vt 0.928400 0.955900
vt 0.903900 0.957000
vt 0.874200 0.964600
vt 0.874700 0.961300
vt 0.875100 0.957900
vt 0.875200 0.954500
vt 0.904100 0.953900
vt 0.928600 0.953100
vt 0.931700 0.972200
vt 0.929300 0.969500
vt 0.902400 0.975100
vt 0.902200 0.972100
vt 0.927600 0.966900
vt 0.902200 0.969100
vt 0.873200 0.978100
vt 0.873100 0.974600
vt 0.873100 0.971100
vt 0.873600 0.967800
vt 0.902600 0.966100
vt 0.927300 0.964200
vt 0.477000 0.869900
vt 0.476100 0.871600
vt 0.474500 0.869200
vt 0.473400 0.871200
vt 0.475800 0.875400
vt 0.475800 0.873500
vt 0.472800 0.875300
vt 0.473000 0.873200
vt 0.467800 0.875100
vt 0.468400 0.872500
vt 0.470600 0.872900
vt 0.470300 0.875200
vt 0.469100 0.869900
vt 0.471100 0.870500
vt 0.469700 0.867300
vt 0.472100 0.868300
vt 0.476500 0.880900
vt 0.473900 0.881500
vt 0.475800 0.879100
vt 0.473000 0.879400
vt 0.468900 0.883000
vt 0.471400 0.882200
vt 0.468600 0.880400
vt 0.470700 0.879900
vt 0.470400 0.877500
vt 0.468200 0.877700
vt 0.472800 0.877400
vt 0.475600 0.877300
vt 0.983100 0.951800
vt 0.981400 0.951500
vt 0.982200 0.954100
vt 0.980700 0.953500
vt 0.979600 0.951200
vt 0.979100 0.953000
vt 0.981300 0.956400
vt 0.979700 0.955500
vt 0.978100 0.954700
vt 0.976600 0.954100
vt 0.977300 0.952600
vt 0.977700 0.951100
s 1
f 1/1/1 2/2/2 3/3/3 4/4/4
f 2/2/2 5/5/5 6/6/6 3/3/3
f 4/4/4 3/3/3 7/7/7 8/8/8
f 3/3/3 6/6/6 9/9/9 7/7/7
f 10/10/10 11/11/11 12/12/12 13/13/13
f 13/13/13 12/12/12 14/14/14 15/15/15
f 5/5/5 10/10/10 13/13/13 6/6/6
f 6/6/6 13/13/13 15/15/15 9/9/9
f 16/16/16 17/17/17 18/18/18 19/19/19
f 17/17/17 20/20/20 21/21/21 18/18/18
f 19/19/19 18/18/18 15/15/15 14/14/14
f 18/18/18 21/21/21 9/9/9 15/15/15
f 22/22/22 23/23/23 24/24/24 25/25/25
f 25/25/25 24/24/24 8/8/8 7/7/7
f 20/20/20 22/22/22 25/25/25 21/21/21
f 21/21/21 25/25/25 7/7/7 9/9/9
f 26/26/26 27/27/27 28/28/28 29/29/29
f 27/27/27 30/30/30 31/31/31 28/28/28
f 29/29/29 28/28/28 32/32/32 33/33/33
f 28/28/28 31/31/31 34/34/34 32/32/32
f 35/35/35 36/36/36 37/37/37 38/38/38
f 38/38/38 37/37/37 39/39/39 40/40/40
f 30/30/30 35/35/35 38/38/38 31/31/31
f 31/31/31 38/38/38 40/40/40 34/34/34
f 11/11/11 10/10/10 41/41/41 42/42/42
f 10/10/10 5/5/5 43/43/43 41/41/41
f 42/42/42 41/41/41 40/40/40 39/39/39
f 41/41/41 43/43/43 34/34/34 40/40/40
f 2/2/2 1/1/1 44/44/44 45/45/45
f 45/45/45 44/44/44 33/33/33 32/32/32
f 5/5/5 2/2/2 45/45/45 43/43/43
f 43/43/43 45/45/45 32/32/32 34/34/34
f 26/26/26 46/46/46 47/47/47 27/27/27
f 46/46/46 48/48/48 49/49/49 47/47/47
f 27/27/27 47/47/47 50/50/50 30/30/30
f 47/47/47 49/49/49 51/51/51 50/50/50
f 52/52/52 53/53/53 54/54/54 55/55/55
f 55/55/55 54/54/54 56/56/56 57/57/57
f 48/48/48 52/52/52 55/55/55 49/49/49
f 49/49/49 55/55/55 57/57/57 51/51/51
f 58/58/58 59/59/59 60/60/60 61/61/61
f 59/59/59 62/62/62 63/63/63 60/60/60
f 61/61/61 60/60/60 57/57/57 56/56/56
f 60/60/60 63/63/63 51/51/51 57/57/57
f 64/64/64 36/36/36 35/35/35 65/65/65
f 65/65/65 35/35/35 30/30/30 50/50/50
f 62/62/62 64/64/64 65/65/65 63/63/63
f 63/63/63 65/65/65 50/50/50 51/51/51
f 53/53/53 66/66/66 67/67/67 54/54/54
f 66/66/66 68/68/68 69/69/69 67/67/67
f 54/54/54 67/67/67 70/70/70 56/56/56
f 67/67/67 69/69/69 71/71/71 70/70/70
f 72/72/72 73/73/73 74/74/74 75/75/75
f 75/75/75 74/74/74 76/76/76 77/77/77
f 68/68/68 72/72/72 75/75/75 69/69/69
f 69/69/69 75/75/75 77/77/77 71/71/71
f 78/78/78 79/79/79 80/80/80 81/81/81
f 79/79/79 82/82/82 83/83/83 80/80/80
f 81/81/81 80/80/80 77/77/77 76/76/76
f 80/80/80 83/83/83 71/71/71 77/77/77
f 84/84/84 58/58/58 61/61/61 85/85/85
f 85/85/85 61/61/61 56/56/56 70/70/70
f 82/82/82 84/84/84 85/85/85 83/83/83
f 83/83/83 85/85/85 70/70/70 71/71/71
f 73/86/73 86/87/86 87/88/87 74/89/74
f 86/87/86 88/90/88 89/91/89 87/88/87
f 74/89/74 87/88/87 90/92/90 76/93/76
f 87/88/87 89/91/89 91/94/91 90/92/90
f 92/95/92 93/96/93 94/97/94 95/98/95
f 95/98/95 94/97/94 96/99/96 97/100/97
f 88/90/88 92/95/92 95/98/95 89/91/89
f 89/91/89 95/98/95 97/100/97 91/94/91
f 98/101/98 99/102/99 100/103/100 101/104/101
f 99/102/99 102/105/102 103/106/103 100/103/100
f 101/104/101 100/103/100 97/100/97 96/99/96
f 100/103/100 103/106/103 91/94/91 97/100/97
f 104/107/104 78/108/78 81/109/81 105/110/105
f 105/110/105 81/109/81 76/93/76 90/92/90
f 102/105/102 104/107/104 105/110/105 103/106/103
f 103/106/103 105/110/105 90/92/90 91/94/91
f 93/96/93 106/111/106 107/112/107 94/97/94
f 106/111/106 108/113/108 109/114/109 107/112/107
f 94/97/94 107/112/107 110/115/110 96/99/96
f 107/112/107 109/114/109 111/116/111 110/115/110
f 112/117/112 113/118/113 114/119/114 115/120/115
f 115/120/115 114/119/114 116/121/116 117/122/117
f 108/113/108 112/117/112 115/120/115 109/114/109
f 109/114/109 115/120/115 117/122/117 111/116/111
f 118/123/118 119/124/119 120/125/120 121/126/121
f 119/124/119 122/127/122 123/128/123 120/125/120
f 121/126/121 120/125/120 117/122/117 116/121/116
f 120/125/120 123/128/123 111/116/111 117/122/117
f 124/129/124 98/101/98 101/104/101 125/130/125
f 125/130/125 101/104/101 96/99/96 110/115/110
f 122/127/122 124/129/124 125/130/125 123/128/123
f 123/128/123 125/130/125 110/115/110 111/116/111
f 126/131/126 127/132/127 128/133/128 129/134/129
f 127/132/127 130/135/130 131/136/131 128/133/128
f 129/134/129 128/133/128 132/137/132 133/138/133
f 128/133/128 131/136/131 134/139/134 132/137/132
f 135/140/135 136/141/136 137/142/137 138/143/138
f 138/143/138 137/142/137 139/144/139 140/145/140
f 130/135/130 135/140/135 138/143/138 131/136/131
f 131/136/131 138/143/138 140/145/140 134/139/134
f 118/123/118 121/126/121 141/146/141 142/147/142
f 121/126/121 116/121/116 143/148/143 141/146/141
f 142/147/142 141/146/141 140/145/140 139/144/139
f 141/146/141 143/148/143 134/139/134 140/145/140
f 114/119/114 113/118/113 144/149/144 145/150/145
f 145/150/145 144/149/144 133/138/133 132/137/132
f 116/121/116 114/119/114 145/150/145 143/148/143
f 143/148/143 145/150/145 132/137/132 134/139/134
f 23/151/23 22/152/22 146/153/146 147/154/147
f 22/152/22 20/155/20 148/156/148 146/153/146
f 147/154/147 146/153/146 149/157/149 150/158/150
f 146/153/146 148/156/148 151/159/151 149/157/149
f 17/160/17 16/161/16 152/162/152 153/163/153
f 153/163/153 152/162/152 154/164/154 155/165/155
f 20/155/20 17/160/17 153/163/153 148/156/148
f 148/156/148 153/163/153 155/165/155 151/159/151
f 136/141/136 135/140/135 156/166/156 157/167/157
f 135/140/135 130/135/130 158/168/158 156/166/156
f 157/167/157 156/166/156 155/165/155 154/164/154
f 156/166/156 158/168/158 151/159/151 155/165/155
f 127/132/127 126/131/126 159/169/159 160/170/160
f 160/170/160 159/169/159 150/158/150 149/157/149
f 130/135/130 127/132/127 160/170/160 158/168/158
f 158/168/158 160/170/160 149/157/149 151/159/151
f 93/96/93 92/95/92 161/171/161 106/111/106
f 92/95/92 88/90/88 162/172/162 161/171/161
f 106/111/106 161/171/161 163/173/163 108/113/108
f 161/171/161 162/172/162 164/174/164 163/173/163
f 86/87/86 73/86/73 165/175/165 166/176/166
f 166/176/166 165/175/165 167/177/167 168/178/168
f 88/90/88 86/87/86 166/176/166 162/172/162
f 162/172/162 166/176/166 168/178/168 164/174/164
f 169/179/169 170/180/170 171/181/171 172/182/172
f 170/180/170 173/183/173 174/184/174 171/181/171
f 172/182/172 171/181/171 168/178/168 167/177/167
f 171/181/171 174/184/174 164/174/164 168/178/168
f 175/185/175 113/118/113 112/117/112 176/186/176
f 176/186/176 112/117/112 108/113/108 163/173/163
f 173/183/173 175/185/175 176/186/176 174/184/174
f 174/184/174 176/186/176 163/173/163 164/174/164
f 177/187/177 178/188/178 179/189/179 180/190/180
f 178/188/178 181/191/181 182/192/182 179/189/179
f 180/190/180 179/189/179 183/193/183 184/194/184
f 179/189/179 182/192/182 185/195/185 183/193/183
f 186/196/186 187/197/187 188/198/188 189/199/189
f 189/199/189 188/198/188 190/200/190 191/201/191
f 181/191/181 186/196/186 189/199/189 182/192/182
f 182/192/182 189/199/189 191/201/191 185/195/185
f 192/202/192 193/203/193 194/204/194 195/205/195
f 193/203/193 196/206/196 197/207/197 194/204/194
f 195/205/195 194/204/194 191/201/191 190/200/190
f 194/204/194 197/207/197 185/195/185 191/201/191
f 198/208/198 199/209/199 200/210/200 201/211/201
f 201/211/201 200/210/200 184/194/184 183/193/183
f 196/206/196 198/208/198 201/211/201 197/207/197
f 197/207/197 201/211/201 183/193/183 185/195/185
f 202/212/202 203/213/203 204/214/204 205/215/205
f 203/213/203 206/216/206 207/217/207 204/214/204
f 205/215/205 204/214/204 208/218/208 209/219/209
f 204/214/204 207/217/207 210/220/210 208/218/208
f 211/221/211 212/222/212 213/223/213 214/224/214
f 214/224/214 213/223/213 215/225/215 216/226/216
f 206/216/206 211/221/211 214/224/214 207/217/207
f 207/217/207 214/224/214 216/226/216 210/220/210
f 217/227/217 218/228/218 219/229/219 220/230/220
f 218/228/218 221/231/221 222/232/222 219/229/219
f 220/230/220 219/229/219 216/226/216 215/225/215
f 219/229/219 222/232/222 210/220/210 216/226/216
f 223/233/223 224/234/224 225/235/225 226/236/226
f 226/236/226 225/235/225 209/219/209 208/218/208
f 221/231/221 223/233/223 226/236/226 222/232/222
f 222/232/222 226/236/226 208/218/208 210/220/210
f 227/237/227 228/238/228 229/239/229 230/240/230
f 228/238/228 231/241/231 232/242/232 229/239/229
f 230/240/230 229/239/229 233/243/233 234/244/234
f 229/239/229 232/242/232 235/245/235 233/243/233
f 236/246/236 202/212/202 205/215/205 237/247/237
f 237/247/237 205/215/205 209/219/209 238/248/238
f 231/241/231 236/246/236 237/247/237 232/242/232
f 232/242/232 237/247/237 238/248/238 235/245/235
f 224/234/224 239/249/239 240/250/240 225/235/225
f 239/249/239 241/251/241 242/252/242 240/250/240
f 225/235/225 240/250/240 238/248/238 209/219/209
f 240/250/240 242/252/242 235/245/235 238/248/238
f 243/253/243 244/254/244 245/255/245 246/256/246
f 246/256/246 245/255/245 234/244/234 233/243/233
f 241/251/241 243/253/243 246/256/246 242/252/242
f 242/252/242 246/256/246 233/243/233 235/245/235
f 227/237/227 230/240/230 247/257/247 248/258/248
f 230/240/230 234/244/234 249/259/249 247/257/247
f 248/258/248 247/257/247 250/260/250 251/261/251
f 247/257/247 249/259/249 252/262/252 250/260/250
f 245/255/245 244/254/244 253/263/253 254/264/254
f 254/264/254 253/263/253 255/265/255 256/266/256
f 234/244/234 245/255/245 254/264/254 249/259/249
f 249/259/249 254/264/254 256/266/256 252/262/252
f 257/267/257 258/268/258 259/269/259 260/270/260
f 258/268/258 261/271/261 262/272/262 259/269/259
f 260/270/260 259/269/259 256/266/256 255/265/255
f 259/269/259 262/272/262 252/262/252 256/266/256
f 263/273/263 264/274/264 265/275/265 266/276/266
f 266/276/266 265/275/265 251/261/251 250/260/250
f 261/271/261 263/273/263 266/276/266 262/272/262
f 262/272/262 266/276/266 250/260/250 252/262/252
f 264/274/264 263/273/263 267/277/267 268/278/268
f 263/273/263 261/271/261 269/279/269 267/277/267
f 268/278/268 267/277/267 270/280/270 271/281/271
f 267/277/267 269/279/269 272/282/272 270/280/270
f 258/268/258 257/267/257 273/283/273 274/284/274
f 274/284/274 273/283/273 275/285/275 276/286/276
f 261/271/261 258/268/258 274/284/274 269/279/269
f 269/279/269 274/284/274 276/286/276 272/282/272
f 277/287/277 278/288/278 279/289/279 280/290/280
f 278/288/278 281/291/281 282/292/282 279/289/279
f 280/290/280 279/289/279 276/286/276 275/285/275
f 279/289/279 282/292/282 272/282/272 276/286/276
f 283/293/283 284/294/284 285/295/285 286/296/286
f 286/296/286 285/295/285 271/281/271 270/280/270
f 281/291/281 283/293/283 286/296/286 282/292/282
f 282/292/282 286/296/286 270/280/270 272/282/272
f 284/297/284 283/298/283 287/299/287 288/300/288
f 283/298/283 281/301/281 289/302/289 287/299/287
f 288/300/288 287/299/287 290/303/290 291/304/291
f 287/299/287 289/302/289 292/305/292 290/303/290
f 278/306/278 277/307/277 293/308/293 294/309/294
f 294/309/294 293/308/293 295/310/295 296/311/296
f 281/301/281 278/306/278 294/309/294 289/302/289
f 289/302/289 294/309/294 296/311/296 292/305/292
f 297/312/297 298/313/298 299/314/299 300/315/300
f 298/313/298 301/316/301 302/317/302 299/314/299
f 300/315/300 299/314/299 296/311/296 295/310/295
f 299/314/299 302/317/302 292/305/292 296/311/296
f 303/318/303 304/319/304 305/320/305 306/321/306
f 306/321/306 305/320/305 291/304/291 290/303/290
f 301/316/301 303/318/303 306/321/306 302/317/302
f 302/317/302 306/321/306 290/303/290 292/305/292
f 304/319/304 303/318/303 307/322/307 308/323/308
f 303/318/303 301/316/301 309/324/309 307/322/307
f 308/323/308 307/322/307 310/325/310 311/326/311
f 307/322/307 309/324/309 312/327/312 310/325/310
f 298/313/298 297/312/297 313/328/313 314/329/314
f 314/329/314 313/328/313 315/330/315 316/331/316
f 301/316/301 298/313/298 314/329/314 309/324/309
f 309/324/309 314/329/314 316/331/316 312/327/312
f 317/332/317 318/333/318 319/334/319 320/335/320
f 318/333/318 321/336/321 322/337/322 319/334/319
f 320/335/320 319/334/319 316/331/316 315/330/315
f 319/334/319 322/337/322 312/327/312 316/331/316
f 323/338/323 324/339/324 325/340/325 326/341/326
f 326/341/326 325/340/325 311/326/311 310/325/310
f 321/336/321 323/338/323 326/341/326 322/337/322
f 322/337/322 326/341/326 310/325/310 312/327/312
f 327/342/327 328/343/328 329/344/329 330/345/330
f 328/343/328 331/346/331 332/347/332 329/344/329
f 330/345/330 329/344/329 333/348/333 334/349/334
f 329/344/329 332/347/332 335/350/335 333/348/333
f 336/351/336 324/339/324 323/338/323 337/352/337
f 337/352/337 323/338/323 321/336/321 338/353/338
f 331/346/331 336/351/336 337/352/337 332/347/332
f 332/347/332 337/352/337 338/353/338 335/350/335
f 317/332/317 339/354/339 340/355/340 318/333/318
f 339/354/339 341/356/341 342/357/342 340/355/340
f 318/333/318 340/355/340 338/353/338 321/336/321
f 340/355/340 342/357/342 335/350/335 338/353/338
f 343/358/343 344/359/344 345/360/345 346/361/346
f 346/361/346 345/360/345 334/349/334 333/348/333
f 341/356/341 343/358/343 346/361/346 342/357/342
f 342/357/342 346/361/346 333/348/333 335/350/335
f 212/362/212 347/363/347 348/364/348 213/365/213
f 347/363/347 349/366/349 350/367/350 348/364/348
f 213/365/213 348/364/348 351/368/351 215/369/215
f 348/364/348 350/367/350 352/370/352 351/368/351
f 353/371/353 327/342/327 330/345/330 354/372/354
f 354/372/354 330/345/330 334/349/334 355/373/355
f 349/366/349 353/371/353 354/372/354 350/367/350
f 350/367/350 354/372/354 355/373/355 352/370/352
f 344/359/344 356/374/356 357/375/357 345/360/345
f 356/374/356 358/376/358 359/377/359 357/375/357
f 345/360/345 357/375/357 355/373/355 334/349/334
f 357/375/357 359/377/359 352/370/352 355/373/355
f 360/378/360 217/379/217 220/380/220 361/381/361
f 361/381/361 220/380/220 215/369/215 351/368/351
f 358/376/358 360/378/360 361/381/361 359/377/359
f 359/377/359 361/381/361 351/368/351 352/370/352
f 362/382/362 363/383/363 364/384/364 365/385/365
f 363/383/363 366/386/366 367/387/367 364/384/364
f 365/385/365 364/384/364 368/388/368 369/389/369
f 364/384/364 367/387/367 370/390/370 368/388/368
f 371/391/371 372/392/372 373/393/373 374/394/374
f 374/394/374 373/393/373 375/395/375 376/396/376
f 366/386/366 371/391/371 374/394/374 367/387/367
f 367/387/367 374/394/374 376/396/376 370/390/370
f 212/222/212 211/221/211 377/397/377 378/398/378
f 211/221/211 206/216/206 379/399/379 377/397/377
f 378/398/378 377/397/377 376/396/376 375/395/375
f 377/397/377 379/399/379 370/390/370 376/396/376
f 203/213/203 202/212/202 380/400/380 381/401/381
f 381/401/381 380/400/380 369/389/369 368/388/368
f 206/216/206 203/213/203 381/401/381 379/399/379
f 379/399/379 381/401/381 368/388/368 370/390/370
f 382/402/382 383/403/383 384/404/384 385/405/385
f 383/403/383 386/406/386 387/407/387 384/404/384
f 385/405/385 384/404/384 388/408/388 389/409/389
f 384/404/384 387/407/387 390/410/390 388/408/388
f 391/411/391 362/382/362 365/385/365 392/412/392
f 392/412/392 365/385/365 369/389/369 393/413/393
f 386/406/386 391/411/391 392/412/392 387/407/387
f 387/407/387 392/412/392 393/413/393 390/410/390
f 202/212/202 236/246/236 394/414/394 380/400/380
f 236/246/236 231/241/231 395/415/395 394/414/394
f 380/400/380 394/414/394 393/413/393 369/389/369
f 394/414/394 395/415/395 390/410/390 393/413/393
f 228/238/228 227/237/227 396/416/396 397/417/397
f 397/417/397 396/416/396 389/409/389 388/408/388
f 231/241/231 228/238/228 397/417/397 395/415/395
f 395/415/395 397/417/397 388/408/388 390/410/390
f 382/402/382 385/405/385 398/418/398 399/419/399
f 385/405/385 389/409/389 400/420/400 398/418/398
f 399/419/399 398/418/398 401/421/401 402/422/402
f 398/418/398 400/420/400 403/423/403 401/421/401
f 396/416/396 227/237/227 248/258/248 404/424/404
f 404/424/404 248/258/248 251/261/251 405/425/405
f 389/409/389 396/416/396 404/424/404 400/420/400
f 400/420/400 404/424/404 405/425/405 403/423/403
f 264/274/264 406/426/406 407/427/407 265/275/265
f 406/426/406 408/428/408 409/429/409 407/427/407
f 265/275/265 407/427/407 405/425/405 251/261/251
f 407/427/407 409/429/409 403/423/403 405/425/405
f 410/430/410 411/431/411 412/432/412 413/433/413
f 413/433/413 412/432/412 402/422/402 401/421/401
f 408/428/408 410/430/410 413/433/413 409/429/409
f 409/429/409 413/433/413 401/421/401 403/423/403
f 411/431/411 410/430/410 414/434/414 415/435/415
f 410/430/410 408/428/408 416/436/416 414/434/414
f 415/435/415 414/434/414 417/437/417 418/438/418
f 414/434/414 416/436/416 419/439/419 417/437/417
f 406/426/406 264/274/264 268/278/268 420/440/420
f 420/440/420 268/278/268 271/281/271 421/441/421
f 408/428/408 406/426/406 420/440/420 416/436/416
f 416/436/416 420/440/420 421/441/421 419/439/419
f 284/294/284 422/442/422 423/443/423 285/295/285
f 422/442/422 424/444/424 425/445/425 423/443/423
f 285/295/285 423/443/423 421/441/421 271/281/271
f 423/443/423 425/445/425 419/439/419 421/441/421
f 426/446/426 427/447/427 428/448/428 429/449/429
f 429/449/429 428/448/428 418/438/418 417/437/417
f 424/444/424 426/446/426 429/449/429 425/445/425
f 425/445/425 429/449/429 417/437/417 419/439/419
f 427/450/427 426/451/426 430/452/430 431/453/431
f 426/451/426 424/454/424 432/455/432 430/452/430
f 431/453/431 430/452/430 433/456/433 434/457/434
f 430/452/430 432/455/432 435/458/435 433/456/433
f 422/459/422 284/297/284 288/300/288 436/460/436
f 436/460/436 288/300/288 291/304/291 437/461/437
f 424/454/424 422/459/422 436/460/436 432/455/432
f 432/455/432 436/460/436 437/461/437 435/458/435
f 304/319/304 438/462/438 439/463/439 305/320/305
f 438/462/438 440/464/440 441/465/441 439/463/439
f 305/320/305 439/463/439 437/461/437 291/304/291
f 439/463/439 441/465/441 435/458/435 437/461/437
f 442/466/442 443/467/443 444/468/444 445/469/445
f 445/469/445 444/468/444 434/457/434 433/456/433
f 440/464/440 442/466/442 445/469/445 441/465/441
f 441/465/441 445/469/445 433/456/433 435/458/435
f 443/467/443 442/466/442 446/470/446 447/471/447
f 442/466/442 440/464/440 448/472/448 446/470/446
f 447/471/447 446/470/446 449/473/449 450/474/450
f 446/470/446 448/472/448 451/475/451 449/473/449
f 438/462/438 304/319/304 308/323/308 452/476/308
f 452/476/308 308/323/308 311/326/311 453/477/452
f 440/464/440 438/462/438 452/476/308 448/472/448
f 448/472/448 452/476/308 453/477/452 451/475/451
f 324/339/324 454/478/453 455/479/454 325/340/325
f 454/478/453 456/480/455 457/481/456 455/479/454
f 325/340/325 455/479/454 453/477/452 311/326/311
f 455/479/454 457/481/456 451/475/451 453/477/452
f 458/482/457 459/483/458 460/484/459 461/485/460
f 461/485/460 460/484/459 450/474/450 449/473/449
f 456/480/455 458/482/457 461/485/460 457/481/456
f 457/481/456 461/485/460 449/473/449 451/475/451
f 462/486/461 463/487/462 464/488/463 465/489/464
f 463/487/462 466/490/465 467/491/466 464/488/463
f 465/489/464 464/488/463 468/492/467 469/493/468
f 464/488/463 467/491/466 470/494/469 468/492/467
f 471/495/470 459/483/458 458/482/457 472/496/471
f 472/496/471 458/482/457 456/480/455 473/497/472
f 466/490/465 471/495/470 472/496/471 467/491/466
f 467/491/466 472/496/471 473/497/472 470/494/469
f 324/339/324 336/351/336 474/498/473 454/478/453
f 336/351/336 331/346/331 475/499/474 474/498/473
f 454/478/453 474/498/473 473/497/472 456/480/455
f 474/498/473 475/499/474 470/494/469 473/497/472
f 328/343/328 327/342/327 476/500/475 477/501/476
f 477/501/476 476/500/475 469/493/468 468/492/467
f 331/346/331 328/343/328 477/501/476 475/499/474
f 475/499/474 477/501/476 468/492/467 470/494/469
f 372/502/372 478/503/477 479/504/478 373/505/373
f 478/503/477 480/506/479 481/507/480 479/504/478
f 373/505/373 479/504/478 482/508/481 375/509/375
f 479/504/478 481/507/480 483/510/482 482/508/481
f 484/511/483 462/486/461 465/489/464 485/512/484
f 485/512/484 465/489/464 469/493/468 486/513/485
f 480/506/479 484/511/483 485/512/484 481/507/480
f 481/507/480 485/512/484 486/513/485 483/510/482
f 327/342/327 353/371/353 487/514/486 476/500/475
f 353/371/353 349/366/349 488/515/487 487/514/486
f 476/500/475 487/514/486 486/513/485 469/493/468
f 487/514/486 488/515/487 483/510/482 486/513/485
f 347/363/347 212/362/212 378/516/378 489/517/488
f 489/517/488 378/516/378 375/509/375 482/508/481
f 349/366/349 347/363/347 489/517/488 488/515/487
f 488/515/487 489/517/488 482/508/481 483/510/482
f 217/227/217 490/518/489 491/519/490 218/228/218
f 490/518/489 492/520/491 493/521/492 491/519/490
f 218/228/218 491/519/490 494/522/493 221/231/221
f 491/519/490 493/521/492 495/523/494 494/522/493
f 496/524/495 497/525/496 498/526/497 499/527/498
f 499/527/498 498/526/497 500/528/499 501/529/500
f 492/520/491 496/524/495 499/527/498 493/521/492
f 493/521/492 499/527/498 501/529/500 495/523/494
f 502/530/501 503/531/502 504/532/503 505/533/504
f 503/531/502 506/534/505 507/535/506 504/532/503
f 505/533/504 504/532/503 501/529/500 500/528/499
f 504/532/503 507/535/506 495/523/494 501/529/500
f 508/536/507 224/234/224 223/233/223 509/537/508
f 509/537/508 223/233/223 221/231/221 494/522/493
f 506/534/505 508/536/507 509/537/508 507/535/506
f 507/535/506 509/537/508 494/522/493 495/523/494
f 224/234/224 508/536/507 510/538/509 239/249/239
f 508/536/507 506/534/505 511/539/510 510/538/509
f 239/249/239 510/538/509 512/540/511 241/251/241
f 510/538/509 511/539/510 513/541/512 512/540/511
f 503/531/502 502/530/501 514/542/513 515/543/514
f 515/543/514 514/542/513 516/544/515 517/545/516
f 506/534/505 503/531/502 515/543/514 511/539/510
f 511/539/510 515/543/514 517/545/516 513/541/512
f 518/546/517 519/547/518 520/548/519 521/549/520
f 519/547/518 522/550/521 523/551/522 520/548/519
f 521/549/520 520/548/519 517/545/516 516/544/515
f 520/548/519 523/551/522 513/541/512 517/545/516
f 524/552/523 244/254/244 243/253/243 525/553/524
f 525/553/524 243/253/243 241/251/241 512/540/511
f 522/550/521 524/552/523 525/553/524 523/551/522
f 523/551/522 525/553/524 512/540/511 513/541/512
f 244/254/244 524/552/523 526/554/525 253/263/253
f 524/552/523 522/550/521 527/555/526 526/554/525
f 253/263/253 526/554/525 528/556/527 255/265/255
f 526/554/525 527/555/526 529/557/528 528/556/527
f 519/547/518 518/546/517 530/558/529 531/559/530
f 531/559/530 530/558/529 532/560/531 533/561/532
f 522/550/521 519/547/518 531/559/530 527/555/526
f 527/555/526 531/559/530 533/561/532 529/557/528
f 534/562/533 535/563/534 536/564/535 537/565/536
f 535/563/534 538/566/537 539/567/538 536/564/535
f 537/565/536 536/564/535 533/561/532 532/560/531
f 536/564/535 539/567/538 529/557/528 533/561/532
f 540/568/539 257/267/257 260/270/260 541/569/540
f 541/569/540 260/270/260 255/265/255 528/556/527
f 538/566/537 540/568/539 541/569/540 539/567/538
f 539/567/538 541/569/540 528/556/527 529/557/528
f 257/267/257 540/568/539 542/570/541 273/283/273
f 540/568/539 538/566/537 543/571/542 542/570/541
f 273/283/273 542/570/541 544/572/543 275/285/275
f 542/570/541 543/571/542 545/573/544 544/572/543
f 535/563/534 534/562/533 546/574/545 547/575/546
f 547/575/546 546/574/545 548/576/547 549/577/548
f 538/566/537 535/563/534 547/575/546 543/571/542
f 543/571/542 547/575/546 549/577/548 545/573/544
f 550/578/549 551/579/550 552/580/551 553/581/552
f 551/579/550 554/582/553 555/583/554 552/580/551
f 553/581/552 552/580/551 549/577/548 548/576/547
f 552/580/551 555/583/554 545/573/544 549/577/548
f 556/584/555 277/287/277 280/290/280 557/585/556
f 557/585/556 280/290/280 275/285/275 544/572/543
f 554/582/553 556/584/555 557/585/556 555/583/554
f 555/583/554 557/585/556 544/572/543 545/573/544
f 277/307/277 556/586/555 558/587/557 293/308/293
f 556/586/555 554/588/553 559/589/558 558/587/557
f 293/308/293 558/587/557 560/590/559 295/310/295
f 558/587/557 559/589/558 561/591/560 560/590/559
f 551/592/550 550/593/549 562/594/561 563/595/562
f 563/595/562 562/594/561 564/596/563 565/597/564
f 554/588/553 551/592/550 563/595/562 559/589/558
f 559/589/558 563/595/562 565/597/564 561/591/560
f 566/598/565 567/599/566 568/600/567 569/601/568
f 567/599/566 570/602/569 571/603/570 568/600/567
f 569/601/568 568/600/567 565/597/564 564/596/563
f 568/600/567 571/603/570 561/591/560 565/597/564
f 572/604/571 297/312/297 300/315/300 573/605/572
f 573/605/572 300/315/300 295/310/295 560/590/559
f 570/602/569 572/604/571 573/605/572 571/603/570
f 571/603/570 573/605/572 560/590/559 561/591/560
f 297/312/297 572/604/571 574/606/573 313/328/313
f 572/604/571 570/602/569 575/607/574 574/606/573
f 313/328/313 574/606/573 576/608/575 315/330/315
f 574/606/573 575/607/574 577/609/576 576/608/575
f 567/599/566 566/598/565 578/610/577 579/611/578
f 579/611/578 578/610/577 580/612/579 581/613/580
f 570/602/569 567/599/566 579/611/578 575/607/574
f 575/607/574 579/611/578 581/613/580 577/609/576
f 582/614/581 583/615/582 584/616/583 585/617/584
f 583/615/582 586/618/585 587/619/586 584/616/583
f 585/617/584 584/616/583 581/613/580 580/612/579
f 584/616/583 587/619/586 577/609/576 581/613/580
f 588/620/587 317/332/317 320/335/320 589/621/588
f 589/621/588 320/335/320 315/330/315 576/608/575
f 586/618/585 588/620/587 589/621/588 587/619/586
f 587/619/586 589/621/588 576/608/575 577/609/576
f 317/332/317 588/620/587 590/622/589 339/354/339
f 588/620/587 586/618/585 591/623/590 590/622/589
f 339/354/339 590/622/589 592/624/591 341/356/341
f 590/622/589 591/623/590 593/625/592 592/624/591
f 583/615/582 582/614/581 594/626/593 595/627/594
f 595/627/594 594/626/593 596/628/595 597/629/596
f 586/618/585 583/615/582 595/627/594 591/623/590
f 591/623/590 595/627/594 597/629/596 593/625/592
f 598/630/597 599/631/598 600/632/599 601/633/600
f 599/631/598 602/634/601 603/635/602 600/632/599
f 601/633/600 600/632/599 597/629/596 596/628/595
f 600/632/599 603/635/602 593/625/592 597/629/596
f 604/636/603 344/359/344 343/358/343 605/637/604
f 605/637/604 343/358/343 341/356/341 592/624/591
f 602/634/601 604/636/603 605/637/604 603/635/602
f 603/635/602 605/637/604 592/624/591 593/625/592
f 344/359/344 604/636/603 606/638/605 356/374/356
f 604/636/603 602/634/601 607/639/606 606/638/605
f 356/374/356 606/638/605 608/640/607 358/376/358
f 606/638/605 607/639/606 609/641/608 608/640/607
f 599/631/598 598/630/597 610/642/609 611/643/610
f 611/643/610 610/642/609 612/644/611 613/645/612
f 602/634/601 599/631/598 611/643/610 607/639/606
f 607/639/606 611/643/610 613/645/612 609/641/608
f 497/646/496 496/647/495 614/648/613 615/649/614
f 496/647/495 492/650/491 616/651/615 614/648/613
f 615/649/614 614/648/613 613/645/612 612/644/611
f 614/648/613 616/651/615 609/641/608 613/645/612
f 490/652/489 217/379/217 360/378/360 617/653/616
f 617/653/616 360/378/360 358/376/358 608/640/607
f 492/650/491 490/652/489 617/653/616 616/651/615
f 616/651/615 617/653/616 608/640/607 609/641/608
f 618/654/617 619/655/618 620/656/619 621/657/620
f 619/655/618 622/658/621 623/659/622 620/656/619
f 621/657/620 620/656/619 624/660/623 625/661/624
f 620/656/619 623/659/622 626/662/625 624/660/623
f 627/663/626 628/664/627 629/665/628 630/666/629
f 630/666/629 629/665/628 631/667/630 632/668/631
f 622/658/621 627/663/626 630/666/629 623/659/622
f 623/659/622 630/666/629 632/668/631 626/662/625
f 633/669/632 634/670/633 635/671/634 636/672/635
f 634/670/633 637/673/636 638/674/637 635/671/634
f 636/672/635 635/671/634 632/668/631 631/667/630
f 635/671/634 638/674/637 626/662/625 632/668/631
f 639/675/638 640/676/639 641/677/640 642/678/641
f 642/678/641 641/677/640 625/661/624 624/660/623
f 637/673/636 639/675/638 642/678/641 638/674/637
f 638/674/637 642/678/641 624/660/623 626/662/625
f 643/679/642 644/680/643 645/681/644 646/682/645
f 644/680/643 647/683/646 648/684/647 645/681/644
f 646/682/645 645/681/644 649/685/648 650/686/649
f 645/681/644 648/684/647 651/687/650 649/685/648
f 652/688/651 618/654/617 621/657/620 653/689/652
f 653/689/652 621/657/620 625/661/624 654/690/653
f 647/683/646 652/688/651 653/689/652 648/684/647
f 648/684/647 653/689/652 654/690/653 651/687/650
f 640/676/639 655/691/654 656/692/655 641/677/640
f 655/691/654 657/693/656 658/694/657 656/692/655
f 641/677/640 656/692/655 654/690/653 625/661/624
f 656/692/655 658/694/657 651/687/650 654/690/653
f 659/695/658 660/696/659 661/697/660 662/698/661
f 662/698/661 661/697/660 650/686/649 649/685/648
f 657/693/656 659/695/658 662/698/661 658/694/657
f 658/694/657 662/698/661 649/685/648 651/687/650
f 663/699/662 664/700/663 665/701/664 666/702/665
f 664/700/663 667/703/666 668/704/667 665/701/664
f 666/702/665 665/701/664 669/705/668 670/706/669
f 665/701/664 668/704/667 671/707/670 669/705/668
f 672/708/671 673/709/672 674/710/673 675/711/674
f 675/711/674 674/710/673 676/712/675 677/713/676
f 667/703/666 672/708/671 675/711/674 668/704/667
f 668/704/667 675/711/674 677/713/676 671/707/670
f 643/679/642 646/682/645 678/714/677 679/715/678
f 646/682/645 650/686/649 680/716/679 678/714/677
f 679/715/678 678/714/677 677/713/676 676/712/675
f 678/714/677 680/716/679 671/707/670 677/713/676
f 661/697/660 660/696/659 681/717/680 682/718/681
f 682/718/681 681/717/680 670/706/669 669/705/668
f 650/686/649 661/697/660 682/718/681 680/716/679
f 680/716/679 682/718/681 669/705/668 671/707/670
f 683/719/682 684/720/683 685/721/684 686/722/685
f 684/720/683 687/723/686 688/724/687 685/721/684
f 686/722/685 685/721/684 689/725/688 690/726/689
f 685/721/684 688/724/687 691/727/690 689/725/688
f 692/728/691 693/729/692 694/730/693 695/731/694
f 695/731/694 694/730/693 696/732/695 697/733/696
f 687/723/686 692/728/691 695/731/694 688/724/687
f 688/724/687 695/731/694 697/733/696 691/727/690
f 673/709/672 672/708/671 698/734/697 699/735/698
f 672/708/671 667/703/666 700/736/699 698/734/697
f 699/735/698 698/734/697 697/733/696 696/732/695
f 698/734/697 700/736/699 691/727/690 697/733/696
f 664/700/663 663/699/662 701/737/700 702/738/701
f 702/738/701 701/737/700 690/726/689 689/725/688
f 667/703/666 664/700/663 702/738/701 700/736/699
f 700/736/699 702/738/701 689/725/688 691/727/690
f 703/739/702 704/740/703 705/741/704 706/742/705
f 704/740/703 707/743/706 708/744/707 705/741/704
f 706/742/705 705/741/704 709/745/708 710/746/709
f 705/741/704 708/744/707 711/747/710 709/745/708
f 712/748/711 693/749/692 692/750/691 713/751/712
f 713/751/712 692/750/691 687/752/686 714/753/713
f 707/743/706 712/748/711 713/751/712 708/744/707
f 708/744/707 713/751/712 714/753/713 711/747/710
f 683/754/682 715/755/714 716/756/715 684/757/683
f 715/755/714 717/758/716 718/759/717 716/756/715
f 684/757/683 716/756/715 714/753/713 687/752/686
f 716/756/715 718/759/717 711/747/710 714/753/713
f 719/760/718 720/761/719 721/762/720 722/763/721
f 722/763/721 721/762/720 710/746/709 709/745/708
f 717/758/716 719/760/718 722/763/721 718/759/717
f 718/759/717 722/763/721 709/745/708 711/747/710
f 723/764/722 724/765/723 725/766/724 726/767/725
f 724/765/723 727/768/726 728/769/727 725/766/724
f 726/767/725 725/766/724 729/770/728 730/771/729
f 725/766/724 728/769/727 731/772/730 729/770/728
f 732/773/731 703/739/702 706/742/705 733/774/732
f 733/774/732 706/742/705 710/746/709 734/775/733
f 727/768/726 732/773/731 733/774/732 728/769/727
f 728/769/727 733/774/732 734/775/733 731/772/730
f 720/761/719 735/776/734 736/777/735 721/762/720
f 735/776/734 737/778/736 738/779/737 736/777/735
f 721/762/720 736/777/735 734/775/733 710/746/709
f 736/777/735 738/779/737 731/772/730 734/775/733
f 739/780/738 740/781/739 741/782/740 742/783/741
f 742/783/741 741/782/740 730/771/729 729/770/728
f 737/778/736 739/780/738 742/783/741 738/779/737
f 738/779/737 742/783/741 729/770/728 731/772/730
f 743/784/742 744/785/743 745/786/744 746/787/745
f 744/785/743 747/788/746 748/789/747 745/786/744
f 746/787/745 745/786/744 749/790/748 750/791/749
f 745/786/744 748/789/747 751/792/750 749/790/748
f 752/793/751 753/794/752 754/795/753 755/796/754
f 755/796/754 754/795/753 756/797/755 757/798/756
f 747/788/746 752/793/751 755/796/754 748/789/747
f 748/789/747 755/796/754 757/798/756 751/792/750
f 723/764/722 726/767/725 758/799/757 759/800/758
f 726/767/725 730/771/729 760/801/759 758/799/757
f 759/800/758 758/799/757 757/798/756 756/797/755
f 758/799/757 760/801/759 751/792/750 757/798/756
f 741/782/740 740/781/739 761/802/760 762/803/761
f 762/803/761 761/802/760 750/791/749 749/790/748
f 730/771/729 741/782/740 762/803/761 760/801/759
f 760/801/759 762/803/761 749/790/748 751/792/750
f 633/804/632 636/805/635 763/806/762 764/807/763
f 636/805/635 631/808/630 765/809/764 763/806/762
f 764/807/763 763/806/762 766/810/765 767/811/766
f 763/806/762 765/809/764 768/812/767 766/810/765
f 629/813/628 628/814/627 769/815/768 770/816/769
f 770/816/769 769/815/768 771/817/770 772/818/771
f 631/808/630 629/813/628 770/816/769 765/809/764
f 765/809/764 770/816/769 772/818/771 768/812/767
f 753/794/752 752/793/751 773/819/772 774/820/773
f 752/793/751 747/788/746 775/821/774 773/819/772
f 774/820/773 773/819/772 772/818/771 771/817/770
f 773/819/772 775/821/774 768/812/767 772/818/771
f 744/785/743 743/784/742 776/822/775 777/823/776
f 777/823/776 776/822/775 767/811/766 766/810/765
f 747/788/746 744/785/743 777/823/776 775/821/774
f 775/821/774 777/823/776 766/810/765 768/812/767
f 633/824/632 778/825/777 779/826/778 634/827/633
f 778/825/777 780/828/779 781/829/780 779/826/778
f 634/827/633 779/826/778 782/830/781 637/831/636
f 779/826/778 781/829/780 783/832/782 782/830/781
f 784/833/783 372/392/372 371/391/371 785/834/784
f 785/834/784 371/391/371 366/386/366 786/835/785
f 780/828/779 784/833/783 785/834/784 781/829/780
f 781/829/780 785/834/784 786/835/785 783/832/782
f 362/382/362 787/836/786 788/837/787 363/383/363
f 787/836/786 789/838/788 790/839/789 788/837/787
f 363/383/363 788/837/787 786/835/785 366/386/366
f 788/837/787 790/839/789 783/832/782 786/835/785
f 791/840/790 640/841/639 639/842/638 792/843/791
f 792/843/791 639/842/638 637/831/636 782/830/781
f 789/838/788 791/840/790 792/843/791 790/839/789
f 790/839/789 792/843/791 782/830/781 783/832/782
f 640/841/639 791/840/790 793/844/792 655/845/654
f 791/840/790 789/838/788 794/846/793 793/844/792
f 655/845/654 793/844/792 795/847/794 657/848/656
f 793/844/792 794/846/793 796/849/795 795/847/794
f 787/836/786 362/382/362 391/411/391 797/850/796
f 797/850/796 391/411/391 386/406/386 798/851/797
f 789/838/788 787/836/786 797/850/796 794/846/793
f 794/846/793 797/850/796 798/851/797 796/849/795
f 382/402/382 799/852/798 800/853/799 383/403/383
f 799/852/798 801/854/800 802/855/801 800/853/799
f 383/403/383 800/853/799 798/851/797 386/406/386
f 800/853/799 802/855/801 796/849/795 798/851/797
f 803/856/802 660/857/659 659/858/658 804/859/803
f 804/859/803 659/858/658 657/848/656 795/847/794
f 801/854/800 803/856/802 804/859/803 802/855/801
f 802/855/801 804/859/803 795/847/794 796/849/795
f 660/857/659 803/856/802 805/860/804 681/861/680
f 803/856/802 801/854/800 806/862/805 805/860/804
f 681/861/680 805/860/804 807/863/806 670/864/669
f 805/860/804 806/862/805 808/865/807 807/863/806
f 799/852/798 382/402/382 399/419/399 809/866/808
f 809/866/808 399/419/399 402/422/402 810/867/809
f 801/854/800 799/852/798 809/866/808 806/862/805
f 806/862/805 809/866/808 810/867/809 808/865/807
f 411/431/411 811/868/810 812/869/811 412/432/412
f 811/868/810 813/870/812 814/871/813 812/869/811
f 412/432/412 812/869/811 810/867/809 402/422/402
f 812/869/811 814/871/813 808/865/807 810/867/809
f 815/872/814 663/873/662 666/874/665 816/875/815
f 816/875/815 666/874/665 670/864/669 807/863/806
f 813/870/812 815/872/814 816/875/815 814/871/813
f 814/871/813 816/875/815 807/863/806 808/865/807
f 663/873/662 815/872/814 817/876/816 701/877/700
f 815/872/814 813/870/812 818/878/817 817/876/816
f 701/877/700 817/876/816 819/879/818 690/880/689
f 817/876/816 818/878/817 820/881/819 819/879/818
f 811/868/810 411/431/411 415/435/415 821/882/820
f 821/882/820 415/435/415 418/438/418 822/883/821
f 813/870/812 811/868/810 821/882/820 818/878/817
f 818/878/817 821/882/820 822/883/821 820/881/819
f 427/447/427 823/884/822 824/885/823 428/448/428
f 823/884/822 825/886/824 826/887/825 824/885/823
f 428/448/428 824/885/823 822/883/821 418/438/418
f 824/885/823 826/887/825 820/881/819 822/883/821
f 827/888/826 683/889/682 686/890/685 828/891/827
f 828/891/827 686/890/685 690/880/689 819/879/818
f 825/886/824 827/888/826 828/891/827 826/887/825
f 826/887/825 828/891/827 819/879/818 820/881/819
f 427/450/427 431/453/431 829/892/828 823/893/822
f 431/453/431 434/457/434 830/894/829 829/892/828
f 823/893/822 829/892/828 831/895/830 825/896/824
f 829/892/828 830/894/829 832/897/831 831/895/830
f 444/468/444 443/467/443 833/898/832 834/899/833
f 834/899/833 833/898/832 835/900/834 836/901/835
f 434/457/434 444/468/444 834/899/833 830/894/829
f 830/894/829 834/899/833 836/901/835 832/897/831
f 720/902/719 719/903/718 837/904/836 838/905/837
f 719/903/718 717/906/716 839/907/838 837/904/836
f 838/905/837 837/904/836 836/901/835 835/900/834
f 837/904/836 839/907/838 832/897/831 836/901/835
f 715/908/714 683/909/682 827/910/826 840/911/839
f 840/911/839 827/910/826 825/896/824 831/895/830
f 717/906/716 715/908/714 840/911/839 839/907/838
f 839/907/838 840/911/839 831/895/830 832/897/831
f 740/912/739 739/913/738 841/914/840 842/915/841
f 739/913/738 737/916/736 843/917/842 841/914/840
f 842/915/841 841/914/840 844/918/843 845/919/844
f 841/914/840 843/917/842 846/920/845 844/918/843
f 735/921/734 720/902/719 838/905/837 847/922/846
f 847/922/846 838/905/837 835/900/834 848/923/847
f 737/916/736 735/921/734 847/922/846 843/917/842
f 843/917/842 847/922/846 848/923/847 846/920/845
f 443/467/443 447/471/447 849/924/848 833/898/832
f 447/471/447 450/474/450 850/925/849 849/924/848
f 833/898/832 849/924/848 848/923/847 835/900/834
f 849/924/848 850/925/849 846/920/845 848/923/847
f 460/484/459 459/483/458 851/926/850 852/927/851
f 852/927/851 851/926/850 845/919/844 844/918/843
f 450/474/450 460/484/459 852/927/851 850/925/849
f 850/925/849 852/927/851 844/918/843 846/920/845
f 459/483/458 471/495/470 853/928/852 851/926/850
f 471/495/470 466/490/465 854/929/853 853/928/852
f 851/926/850 853/928/852 855/930/854 845/919/844
f 853/928/852 854/929/853 856/931/855 855/930/854
f 463/487/462 462/486/461 857/932/856 858/933/857
f 858/933/857 857/932/856 859/934/858 860/935/859
f 466/490/465 463/487/462 858/933/857 854/929/853
f 854/929/853 858/933/857 860/935/859 856/931/855
f 743/936/742 746/937/745 861/938/860 862/939/861
f 746/937/745 750/940/749 863/941/862 861/938/860
f 862/939/861 861/938/860 860/935/859 859/934/858
f 861/938/860 863/941/862 856/931/855 860/935/859
f 761/942/760 740/912/739 842/915/841 864/943/863
f 864/943/863 842/915/841 845/919/844 855/930/854
f 750/940/749 761/942/760 864/943/863 863/941/862
f 863/941/862 864/943/863 855/930/854 856/931/855
f 743/936/742 862/939/861 865/944/864 776/945/775
f 862/939/861 859/934/858 866/946/865 865/944/864
f 776/945/775 865/944/864 867/947/866 767/948/766
f 865/944/864 866/946/865 868/949/867 867/947/866
f 857/932/856 462/486/461 484/511/483 869/950/868
f 869/950/868 484/511/483 480/506/479 870/951/869
f 859/934/858 857/932/856 869/950/868 866/946/865
f 866/946/865 869/950/868 870/951/869 868/949/867
f 372/502/372 784/952/783 871/953/870 478/503/477
f 784/952/783 780/954/779 872/955/871 871/953/870
f 478/503/477 871/953/870 870/951/869 480/506/479
f 871/953/870 872/955/871 868/949/867 870/951/869
f 778/956/777 633/957/632 764/958/763 873/959/872
f 873/959/872 764/958/763 767/948/766 867/947/866
f 780/954/779 778/956/777 873/959/872 872/955/871
f 872/955/871 873/959/872 867/947/866 868/949/867
f 874/960/873 875/961/874 876/962/875 877/963/876
f 875/961/874 878/964/877 879/965/878 876/962/875
f 877/963/876 876/962/875 880/966/879 881/967/880
f 876/962/875 879/965/878 882/968/881 880/966/879
f 883/969/882 884/970/883 885/971/884 886/972/885
f 886/972/885 885/971/884 887/973/886 888/974/887
f 878/964/877 883/969/882 886/972/885 879/965/878
f 879/965/878 886/972/885 888/974/887 882/968/881
f 628/664/627 627/663/626 889/975/888 890/976/889
f 627/663/626 622/658/621 891/977/890 889/975/888
f 890/976/889 889/975/888 888/974/887 887/973/886
f 889/975/888 891/977/890 882/968/881 888/974/887
f 619/655/618 618/654/617 892/978/891 893/979/892
f 893/979/892 892/978/891 881/967/880 880/966/879
f 622/658/621 619/655/618 893/979/892 891/977/890
f 891/977/890 893/979/892 880/966/879 882/968/881
f 894/980/893 895/981/894 896/982/895 897/983/896
f 895/981/894 898/984/897 899/985/898 896/982/895
f 897/983/896 896/982/895 900/986/899 901/987/900
f 896/982/895 899/985/898 902/988/901 900/986/899
f 903/989/902 874/960/873 877/963/876 904/990/903
f 904/990/903 877/963/876 881/967/880 905/991/904
f 898/984/897 903/989/902 904/990/903 899/985/898
f 899/985/898 904/990/903 905/991/904 902/988/901
f 618/654/617 652/688/651 906/992/905 892/978/891
f 652/688/651 647/683/646 907/993/906 906/992/905
f 892/978/891 906/992/905 905/991/904 881/967/880
f 906/992/905 907/993/906 902/988/901 905/991/904
f 644/680/643 643/679/642 908/994/907 909/995/908
f 909/995/908 908/994/907 901/987/900 900/986/899
f 647/683/646 644/680/643 909/995/908 907/993/906
f 907/993/906 909/995/908 900/986/899 902/988/901
f 894/980/893 897/983/896 910/996/909 911/997/910
f 897/983/896 901/987/900 912/998/911 910/996/909
f 911/997/910 910/996/909 913/999/912 914/1000/913
f 910/996/909 912/998/911 915/1001/914 913/999/912
f 908/994/907 643/679/642 679/715/678 916/1002/915
f 916/1002/915 679/715/678 676/712/675 917/1003/916
f 901/987/900 908/994/907 916/1002/915 912/998/911
f 912/998/911 916/1002/915 917/1003/916 915/1001/914
f 673/709/672 918/1004/917 919/1005/918 674/710/673
f 918/1004/917 920/1006/919 921/1007/920 919/1005/918
f 674/710/673 919/1005/918 917/1003/916 676/712/675
f 919/1005/918 921/1007/920 915/1001/914 917/1003/916
f 922/1008/921 923/1009/922 924/1010/923 925/1011/924
f 925/1011/924 924/1010/923 914/1000/913 913/999/912
f 920/1006/919 922/1008/921 925/1011/924 921/1007/920
f 921/1007/920 925/1011/924 913/999/912 915/1001/914
f 693/729/692 926/1012/925 927/1013/926 694/730/693
f 926/1012/925 928/1014/927 929/1015/928 927/1013/926
f 694/730/693 927/1013/926 930/1016/929 696/732/695
f 927/1013/926 929/1015/928 931/1017/930 930/1016/929
f 932/1018/931 933/1019/932 934/1020/933 935/1021/934
f 935/1021/934 934/1020/933 936/1022/935 937/1023/936
f 928/1014/927 932/1018/931 935/1021/934 929/1015/928
f 929/1015/928 935/1021/934 937/1023/936 931/1017/930
f 923/1009/922 922/1008/921 938/1024/937 939/1025/938
f 922/1008/921 920/1006/919 940/1026/939 938/1024/937
f 939/1025/938 938/1024/937 937/1023/936 936/1022/935
f 938/1024/937 940/1026/939 931/1017/930 937/1023/936
f 918/1004/917 673/709/672 699/735/698 941/1027/940
f 941/1027/940 699/735/698 696/732/695 930/1016/929
f 920/1006/919 918/1004/917 941/1027/940 940/1026/939
f 940/1026/939 941/1027/940 930/1016/929 931/1017/930
f 942/1028/941 943/1029/942 944/1030/943 945/1031/944
f 943/1029/942 946/1032/945 947/1033/946 944/1030/943
f 945/1031/944 944/1030/943 948/1034/947 949/1035/948
f 944/1030/943 947/1033/946 950/1036/949 948/1034/947
f 951/1037/950 933/1038/932 932/1039/931 952/1040/951
f 952/1040/951 932/1039/931 928/1041/927 953/1042/952
f 946/1032/945 951/1037/950 952/1040/951 947/1033/946
f 947/1033/946 952/1040/951 953/1042/952 950/1036/949
f 693/749/692 712/748/711 954/1043/953 926/1044/925
f 712/748/711 707/743/706 955/1045/954 954/1043/953
f 926/1044/925 954/1043/953 953/1042/952 928/1041/927
f 954/1043/953 955/1045/954 950/1036/949 953/1042/952
f 704/740/703 703/739/702 956/1046/955 957/1047/956
f 957/1047/956 956/1046/955 949/1035/948 948/1034/947
f 707/743/706 704/740/703 957/1047/956 955/1045/954
f 955/1045/954 957/1047/956 948/1034/947 950/1036/949
f 958/1048/957 959/1049/958 960/1050/959 961/1051/960
f 959/1049/958 962/1052/961 963/1053/962 960/1050/959
f 961/1051/960 960/1050/959 964/1054/963 965/1055/964
f 960/1050/959 963/1053/962 966/1056/965 964/1054/963
f 967/1057/966 942/1028/941 945/1031/944 968/1058/967
f 968/1058/967 945/1031/944 949/1035/948 969/1059/968
f 962/1052/961 967/1057/966 968/1058/967 963/1053/962
f 963/1053/962 968/1058/967 969/1059/968 966/1056/965
f 703/739/702 732/773/731 970/1060/969 956/1046/955
f 732/773/731 727/768/726 971/1061/970 970/1060/969
f 956/1046/955 970/1060/969 969/1059/968 949/1035/948
f 970/1060/969 971/1061/970 966/1056/965 969/1059/968
f 724/765/723 723/764/722 972/1062/971 973/1063/972
f 973/1063/972 972/1062/971 965/1055/964 964/1054/963
f 727/768/726 724/765/723 973/1063/972 971/1061/970
f 971/1061/970 973/1063/972 964/1054/963 966/1056/965
f 958/1048/957 961/1051/960 974/1064/973 975/1065/974
f 961/1051/960 965/1055/964 976/1066/975 974/1064/973
f 975/1065/974 974/1064/973 977/1067/976 978/1068/977
f 974/1064/973 976/1066/975 979/1069/978 977/1067/976
f 972/1062/971 723/764/722 759/800/758 980/1070/979
f 980/1070/979 759/800/758 756/797/755 981/1071/980
f 965/1055/964 972/1062/971 980/1070/979 976/1066/975
f 976/1066/975 980/1070/979 981/1071/980 979/1069/978
f 753/794/752 982/1072/981 983/1073/982 754/795/753
f 982/1072/981 984/1074/983 985/1075/984 983/1073/982
f 754/795/753 983/1073/982 981/1071/980 756/797/755
f 983/1073/982 985/1075/984 979/1069/978 981/1071/980
f 986/1076/985 987/1077/986 988/1078/987 989/1079/988
f 989/1079/988 988/1078/987 978/1068/977 977/1067/976
f 984/1074/983 986/1076/985 989/1079/988 985/1075/984
f 985/1075/984 989/1079/988 977/1067/976 979/1069/978
f 987/1077/986 986/1076/985 990/1080/989 991/1081/990
f 986/1076/985 984/1074/983 992/1082/991 990/1080/989
f 991/1081/990 990/1080/989 993/1083/992 994/1084/993
f 990/1080/989 992/1082/991 995/1085/994 993/1083/992
f 982/1072/981 753/794/752 774/820/773 996/1086/995
f 996/1086/995 774/820/773 771/817/770 997/1087/996
f 984/1074/983 982/1072/981 996/1086/995 992/1082/991
f 992/1082/991 996/1086/995 997/1087/996 995/1085/994
f 628/814/627 890/1088/889 998/1089/997 769/815/768
f 890/1088/889 887/1090/886 999/1091/998 998/1089/997
f 769/815/768 998/1089/997 997/1087/996 771/817/770
f 998/1089/997 999/1091/998 995/1085/994 997/1087/996
f 885/1092/884 884/1093/883 1000/1094/999 1001/1095/1000
f 1001/1095/1000 1000/1094/999 994/1084/993 993/1083/992
f 887/1090/886 885/1092/884 1001/1095/1000 999/1091/998
f 999/1091/998 1001/1095/1000 993/1083/992 995/1085/994
f 1002/1096/1001 1003/1097/1002 1004/1098/1003 1005/1099/1004
f 1003/1097/1002 1006/1100/1005 1007/1101/1006 1004/1098/1003
f 1005/1099/1004 1004/1098/1003 1008/1102/1007 1009/1103/1008
f 1004/1098/1003 1007/1101/1006 1010/1104/1009 1008/1102/1007
f 1011/1105/1010 1012/1106/1011 1013/1107/1012 1014/1108/1013
f 1014/1108/1013 1013/1107/1012 1015/1109/1014 1016/1110/1015
f 1006/1100/1005 1011/1105/1010 1014/1108/1013 1007/1101/1006
f 1007/1101/1006 1014/1108/1013 1016/1110/1015 1010/1104/1009
f 192/202/192 195/205/195 1017/1111/1016 1018/1112/1017
f 195/205/195 190/200/190 1019/1113/1018 1017/1111/1016
f 1018/1112/1017 1017/1111/1016 1016/1110/1015 1015/1109/1014
f 1017/1111/1016 1019/1113/1018 1010/1104/1009 1016/1110/1015
f 188/198/188 187/197/187 1020/1114/1019 1021/1115/1020
f 1021/1115/1020 1020/1114/1019 1009/1103/1008 1008/1102/1007
f 190/200/190 188/198/188 1021/1115/1020 1019/1113/1018
f 1019/1113/1018 1021/1115/1020 1008/1102/1007 1010/1104/1009
f 1022/1116/1021 1023/1117/1022 1024/1118/1023 1025/1119/1024
f 1023/1117/1022 1026/1120/1025 1027/1121/1026 1024/1118/1023
f 1025/1119/1024 1024/1118/1023 1028/1122/1027 1029/1123/1028
f 1024/1118/1023 1027/1121/1026 1030/1124/1029 1028/1122/1027
f 1031/1125/1030 1032/1126/1031 1033/1127/1032 1034/1128/1033
f 1034/1128/1033 1033/1127/1032 1035/1129/1034 1036/1130/1035
f 1026/1120/1025 1031/1125/1030 1034/1128/1033 1027/1121/1026
f 1027/1121/1026 1034/1128/1033 1036/1130/1035 1030/1124/1029
f 192/1131/192 1018/1132/1017 1037/1133/1036 1038/1134/1037
f 1018/1132/1017 1015/1135/1014 1039/1136/1038 1037/1133/1036
f 1038/1134/1037 1037/1133/1036 1036/1130/1035 1035/1129/1034
f 1037/1133/1036 1039/1136/1038 1030/1124/1029 1036/1130/1035
f 1013/1137/1012 1012/1138/1011 1040/1139/1039 1041/1140/1040
f 1041/1140/1040 1040/1139/1039 1029/1123/1028 1028/1122/1027
f 1015/1135/1014 1013/1137/1012 1041/1140/1040 1039/1136/1038
f 1039/1136/1038 1041/1140/1040 1028/1122/1027 1030/1124/1029
f 192/1131/192 1038/1134/1037 1042/1141/1041 193/1142/193
f 1038/1134/1037 1035/1129/1034 1043/1143/1042 1042/1141/1041
f 193/1142/193 1042/1141/1041 1044/1144/1043 196/1145/196
f 1042/1141/1041 1043/1143/1042 1045/1146/1044 1044/1144/1043
f 1033/1127/1032 1032/1126/1031 1046/1147/1045 1047/1148/1046
f 1047/1148/1046 1046/1147/1045 1048/1149/1047 1049/1150/1048
f 1035/1129/1034 1033/1127/1032 1047/1148/1046 1043/1143/1042
f 1043/1143/1042 1047/1148/1046 1049/1150/1048 1045/1146/1044
f 1050/1151/1049 1051/1152/1050 1052/1153/1051 1053/1154/1052
f 1051/1152/1050 1054/1155/1053 1055/1156/1054 1052/1153/1051
f 1053/1154/1052 1052/1153/1051 1049/1150/1048 1048/1149/1047
f 1052/1153/1051 1055/1156/1054 1045/1146/1044 1049/1150/1048
f 1056/1157/1055 199/1158/199 198/1159/198 1057/1160/1056
f 1057/1160/1056 198/1159/198 196/1145/196 1044/1144/1043
f 1054/1155/1053 1056/1157/1055 1057/1160/1056 1055/1156/1054
f 1055/1156/1054 1057/1160/1056 1044/1144/1043 1045/1146/1044
f 177/187/177 180/190/180 1058/1161/1057 1059/1162/1058
f 180/190/180 184/194/184 1060/1163/1059 1058/1161/1057
f 1059/1162/1058 1058/1161/1057 1061/1164/1060 1062/1165/1061
f 1058/1161/1057 1060/1163/1059 1063/1166/1062 1061/1164/1060
f 200/210/200 199/209/199 1064/1167/1063 1065/1168/1064
f 1065/1168/1064 1064/1167/1063 1066/1169/1065 1067/1170/1066
f 184/194/184 200/210/200 1065/1168/1064 1060/1163/1059
f 1060/1163/1059 1065/1168/1064 1067/1170/1066 1063/1166/1062
f 1068/1171/1067 1069/1172/1068 1070/1173/1069 1071/1174/1070
f 1069/1172/1068 1072/1175/1071 1073/1176/1072 1070/1173/1069
f 1071/1174/1070 1070/1173/1069 1067/1170/1066 1066/1169/1065
f 1070/1173/1069 1073/1176/1072 1063/1166/1062 1067/1170/1066
f 1074/1177/1073 1075/1178/1074 1076/1179/1075 1077/1180/1076
f 1077/1180/1076 1076/1179/1075 1062/1165/1061 1061/1164/1060
f 1072/1175/1071 1074/1177/1073 1077/1180/1076 1073/1176/1072
f 1073/1176/1072 1077/1180/1076 1061/1164/1060 1063/1166/1062
f 1078/1181/1077 1079/1182/1078 1080/1183/1079 1081/1184/1080
f 1079/1182/1078 1082/1185/1081 1083/1186/1082 1080/1183/1079
f 1081/1184/1080 1080/1183/1079 1084/1187/1083 1085/1188/1084
f 1080/1183/1079 1083/1186/1082 1086/1189/1085 1084/1187/1083
f 1087/1190/1086 187/197/187 186/196/186 1088/1191/1087
f 1088/1191/1087 186/196/186 181/191/181 1089/1192/1088
f 1082/1185/1081 1087/1190/1086 1088/1191/1087 1083/1186/1082
f 1083/1186/1082 1088/1191/1087 1089/1192/1088 1086/1189/1085
f 177/187/177 1059/1162/1058 1090/1193/1089 178/188/178
f 1059/1162/1058 1062/1165/1061 1091/1194/1090 1090/1193/1089
f 178/188/178 1090/1193/1089 1089/1192/1088 181/191/181
f 1090/1193/1089 1091/1194/1090 1086/1189/1085 1089/1192/1088
f 1076/1179/1075 1075/1178/1074 1092/1195/1091 1093/1196/1092
f 1093/1196/1092 1092/1195/1091 1085/1188/1084 1084/1187/1083
f 1062/1165/1061 1076/1179/1075 1093/1196/1092 1091/1194/1090
f 1091/1194/1090 1093/1196/1092 1084/1187/1083 1086/1189/1085
f 1002/1096/1001 1005/1099/1004 1094/1197/1093 1095/1198/1094
f 1005/1099/1004 1009/1103/1008 1096/1199/1095 1094/1197/1093
f 1095/1198/1094 1094/1197/1093 1097/1200/1096 1098/1201/1097
f 1094/1197/1093 1096/1199/1095 1099/1202/1098 1097/1200/1096
f 1020/1114/1019 187/197/187 1087/1190/1086 1100/1203/1099
f 1100/1203/1099 1087/1190/1086 1082/1185/1081 1101/1204/1100
f 1009/1103/1008 1020/1114/1019 1100/1203/1099 1096/1199/1095
f 1096/1199/1095 1100/1203/1099 1101/1204/1100 1099/1202/1098
f 1078/1181/1077 1102/1205/1101 1103/1206/1102 1079/1182/1078
f 1102/1205/1101 1104/1207/1103 1105/1208/1104 1103/1206/1102
f 1079/1182/1078 1103/1206/1102 1101/1204/1100 1082/1185/1081
f 1103/1206/1102 1105/1208/1104 1099/1202/1098 1101/1204/1100
f 1106/1209/1105 1107/1210/1106 1108/1211/1107 1109/1212/1108
f 1109/1212/1108 1108/1211/1107 1098/1201/1097 1097/1200/1096
f 1104/1207/1103 1106/1209/1105 1109/1212/1108 1105/1208/1104
f 1105/1208/1104 1109/1212/1108 1097/1200/1096 1099/1202/1098
f 1110/1213/1109 1111/1214/1110 1112/1215/1111 1113/1216/1112
f 1111/1214/1110 1114/1217/1113 1115/1218/1114 1112/1215/1111
f 1113/1216/1112 1112/1215/1111 1116/1219/1115 1117/1220/1116
f 1112/1215/1111 1115/1218/1114 1118/1221/1117 1116/1219/1115
f 1119/1222/1118 1012/1106/1011 1011/1105/1010 1120/1223/1119
f 1120/1223/1119 1011/1105/1010 1006/1100/1005 1121/1224/1120
f 1114/1217/1113 1119/1222/1118 1120/1223/1119 1115/1218/1114
f 1115/1218/1114 1120/1223/1119 1121/1224/1120 1118/1221/1117
f 1002/1096/1001 1095/1198/1094 1122/1225/1121 1003/1097/1002
f 1095/1198/1094 1098/1201/1097 1123/1226/1122 1122/1225/1121
f 1003/1097/1002 1122/1225/1121 1121/1224/1120 1006/1100/1005
f 1122/1225/1121 1123/1226/1122 1118/1221/1117 1121/1224/1120
f 1108/1211/1107 1107/1210/1106 1124/1227/1123 1125/1228/1124
f 1125/1228/1124 1124/1227/1123 1117/1220/1116 1116/1219/1115
f 1098/1201/1097 1108/1211/1107 1125/1228/1124 1123/1226/1122
f 1123/1226/1122 1125/1228/1124 1116/1219/1115 1118/1221/1117
f 1022/1116/1021 1025/1119/1024 1126/1229/1125 1127/1230/1126
f 1025/1119/1024 1029/1123/1028 1128/1231/1127 1126/1229/1125
f 1127/1230/1126 1126/1229/1125 1129/1232/1128 1130/1233/1129
f 1126/1229/1125 1128/1231/1127 1131/1234/1130 1129/1232/1128
f 1040/1139/1039 1012/1138/1011 1119/1235/1118 1132/1236/1131
f 1132/1236/1131 1119/1235/1118 1114/1237/1113 1133/1238/1132
f 1029/1123/1028 1040/1139/1039 1132/1236/1131 1128/1231/1127
f 1128/1231/1127 1132/1236/1131 1133/1238/1132 1131/1234/1130
f 1110/1239/1109 1134/1240/1133 1135/1241/1134 1111/1242/1110
f 1134/1240/1133 1136/1243/1135 1137/1244/1136 1135/1241/1134
f 1111/1242/1110 1135/1241/1134 1133/1238/1132 1114/1237/1113
f 1135/1241/1134 1137/1244/1136 1131/1234/1130 1133/1238/1132
f 1138/1245/1137 1139/1246/1138 1140/1247/1139 1141/1248/1140
f 1141/1248/1140 1140/1247/1139 1130/1233/1129 1129/1232/1128
f 1136/1243/1135 1138/1245/1137 1141/1248/1140 1137/1244/1136
f 1137/1244/1136 1141/1248/1140 1129/1232/1128 1131/1234/1130
f 1142/1249/1141 1143/1250/1142 1144/1251/1143 1145/1252/1144
f 1143/1250/1142 1146/1253/1145 1147/1254/1146 1144/1251/1143
f 1145/1252/1144 1144/1251/1143 1148/1255/1147 1149/1256/1148
f 1144/1251/1143 1147/1254/1146 1150/1257/1149 1148/1255/1147
f 1151/1258/1150 1032/1126/1031 1031/1125/1030 1152/1259/1151
f 1152/1259/1151 1031/1125/1030 1026/1120/1025 1153/1260/1152
f 1146/1253/1145 1151/1258/1150 1152/1259/1151 1147/1254/1146
f 1147/1254/1146 1152/1259/1151 1153/1260/1152 1150/1257/1149
f 1022/1116/1021 1127/1230/1126 1154/1261/1153 1023/1117/1022
f 1127/1230/1126 1130/1233/1129 1155/1262/1154 1154/1261/1153
f 1023/1117/1022 1154/1261/1153 1153/1260/1152 1026/1120/1025
f 1154/1261/1153 1155/1262/1154 1150/1257/1149 1153/1260/1152
f 1140/1247/1139 1139/1246/1138 1156/1263/1155 1157/1264/1156
f 1157/1264/1156 1156/1263/1155 1149/1256/1148 1148/1255/1147
f 1130/1233/1129 1140/1247/1139 1157/1264/1156 1155/1262/1154
f 1155/1262/1154 1157/1264/1156 1148/1255/1147 1150/1257/1149
f 1050/1151/1049 1053/1154/1052 1158/1265/1157 1159/1266/1158
f 1053/1154/1052 1048/1149/1047 1160/1267/1159 1158/1265/1157
f 1159/1266/1158 1158/1265/1157 1161/1268/1160 1162/1269/1161
f 1158/1265/1157 1160/1267/1159 1163/1270/1162 1161/1268/1160
f 1046/1147/1045 1032/1126/1031 1151/1258/1150 1164/1271/1163
f 1164/1271/1163 1151/1258/1150 1146/1253/1145 1165/1272/1164
f 1048/1149/1047 1046/1147/1045 1164/1271/1163 1160/1267/1159
f 1160/1267/1159 1164/1271/1163 1165/1272/1164 1163/1270/1162
f 1142/1249/1141 1166/1273/1165 1167/1274/1166 1143/1250/1142
f 1166/1273/1165 1168/1275/1167 1169/1276/1168 1167/1274/1166
f 1143/1250/1142 1167/1274/1166 1165/1272/1164 1146/1253/1145
f 1167/1274/1166 1169/1276/1168 1163/1270/1162 1165/1272/1164
f 1170/1277/1169 1171/1278/1170 1172/1279/1171 1173/1280/1172
f 1173/1280/1172 1172/1279/1171 1162/1269/1161 1161/1268/1160
f 1168/1275/1167 1170/1277/1169 1173/1280/1172 1169/1276/1168
f 1169/1276/1168 1173/1280/1172 1161/1268/1160 1163/1270/1162
f 1068/1281/1067 1071/1282/1070 1174/1283/1173 1175/1284/1174
f 1071/1282/1070 1066/1285/1065 1176/1286/1175 1174/1283/1173
f 1175/1284/1174 1174/1283/1173 1177/1287/1176 1178/1288/1177
f 1174/1283/1173 1176/1286/1175 1179/1289/1178 1177/1287/1176
f 1064/1290/1063 199/1158/199 1056/1157/1055 1180/1291/1179
f 1180/1291/1179 1056/1157/1055 1054/1155/1053 1181/1292/1180
f 1066/1285/1065 1064/1290/1063 1180/1291/1179 1176/1286/1175
f 1176/1286/1175 1180/1291/1179 1181/1292/1180 1179/1289/1178
f 1050/1151/1049 1159/1266/1158 1182/1293/1181 1051/1152/1050
f 1159/1266/1158 1162/1269/1161 1183/1294/1182 1182/1293/1181
f 1051/1152/1050 1182/1293/1181 1181/1292/1180 1054/1155/1053
f 1182/1293/1181 1183/1294/1182 1179/1289/1178 1181/1292/1180
f 1172/1279/1171 1171/1278/1170 1184/1295/1183 1185/1296/1184
f 1185/1296/1184 1184/1295/1183 1178/1288/1177 1177/1287/1176
f 1162/1269/1161 1172/1279/1171 1185/1296/1184 1183/1294/1182
f 1183/1294/1182 1185/1296/1184 1177/1287/1176 1179/1289/1178
f 1186/1297/1185 1187/1298/1186 1188/1299/1187 1189/1300/1188
f 1187/1298/1186 1190/1301/1189 1191/1302/1190 1188/1299/1187
f 1189/1300/1188 1188/1299/1187 1192/1303/1191 1193/1304/1192
f 1188/1299/1187 1191/1302/1190 1194/1305/1193 1192/1303/1191
f 1195/1306/1194 1196/1307/1195 1197/1308/1196 1198/1309/1197
f 1198/1309/1197 1197/1308/1196 1199/1310/1198 1200/1311/1199
f 1190/1301/1189 1195/1306/1194 1198/1309/1197 1191/1302/1190
f 1191/1302/1190 1198/1309/1197 1200/1311/1199 1194/1305/1193
f 884/970/883 883/969/882 1201/1312/1200 1202/1313/1201
f 883/969/882 878/964/877 1203/1314/1202 1201/1312/1200
f 1202/1313/1201 1201/1312/1200 1200/1311/1199 1199/1310/1198
f 1201/1312/1200 1203/1314/1202 1194/1305/1193 1200/1311/1199
f 875/961/874 874/960/873 1204/1315/1203 1205/1316/1204
f 1205/1316/1204 1204/1315/1203 1193/1304/1192 1192/1303/1191
f 878/964/877 875/961/874 1205/1316/1204 1203/1314/1202
f 1203/1314/1202 1205/1316/1204 1192/1303/1191 1194/1305/1193
f 1206/1317/1205 1207/1318/1206 1208/1319/1207 1209/1320/1208
f 1207/1318/1206 1210/1321/1209 1211/1322/1210 1208/1319/1207
f 1209/1320/1208 1208/1319/1207 1212/1323/1211 1213/1324/1212
f 1208/1319/1207 1211/1322/1210 1214/1325/1213 1212/1323/1211
f 1215/1326/1214 1186/1297/1185 1189/1300/1188 1216/1327/1215
f 1216/1327/1215 1189/1300/1188 1193/1304/1192 1217/1328/1216
f 1210/1321/1209 1215/1326/1214 1216/1327/1215 1211/1322/1210
f 1211/1322/1210 1216/1327/1215 1217/1328/1216 1214/1325/1213
f 874/960/873 903/989/902 1218/1329/1217 1204/1315/1203
f 903/989/902 898/984/897 1219/1330/1218 1218/1329/1217
f 1204/1315/1203 1218/1329/1217 1217/1328/1216 1193/1304/1192
f 1218/1329/1217 1219/1330/1218 1214/1325/1213 1217/1328/1216
f 895/981/894 894/980/893 1220/1331/1219 1221/1332/1220
f 1221/1332/1220 1220/1331/1219 1213/1324/1212 1212/1323/1211
f 898/984/897 895/981/894 1221/1332/1220 1219/1330/1218
f 1219/1330/1218 1221/1332/1220 1212/1323/1211 1214/1325/1213
f 1206/1317/1205 1209/1320/1208 1222/1333/1221 1223/1334/1222
f 1209/1320/1208 1213/1324/1212 1224/1335/1223 1222/1333/1221
f 1223/1334/1222 1222/1333/1221 1225/1336/1224 1226/1337/1225
f 1222/1333/1221 1224/1335/1223 1227/1338/1226 1225/1336/1224
f 1220/1331/1219 894/980/893 911/997/910 1228/1339/1227
f 1228/1339/1227 911/997/910 914/1000/913 1229/1340/1228
f 1213/1324/1212 1220/1331/1219 1228/1339/1227 1224/1335/1223
f 1224/1335/1223 1228/1339/1227 1229/1340/1228 1227/1338/1226
f 923/1009/922 1230/1341/1229 1231/1342/1230 924/1010/923
f 1230/1341/1229 1232/1343/1231 1233/1344/1232 1231/1342/1230
f 924/1010/923 1231/1342/1230 1229/1340/1228 914/1000/913
f 1231/1342/1230 1233/1344/1232 1227/1338/1226 1229/1340/1228
f 1234/1345/1233 1235/1346/1234 1236/1347/1235 1237/1348/1236
f 1237/1348/1236 1236/1347/1235 1226/1337/1225 1225/1336/1224
f 1232/1343/1231 1234/1345/1233 1237/1348/1236 1233/1344/1232
f 1233/1344/1232 1237/1348/1236 1225/1336/1224 1227/1338/1226
f 933/1019/932 1238/1349/1237 1239/1350/1238 934/1020/933
f 1238/1349/1237 1240/1351/1239 1241/1352/1240 1239/1350/1238
f 934/1020/933 1239/1350/1238 1242/1353/1241 936/1022/935
f 1239/1350/1238 1241/1352/1240 1243/1354/1242 1242/1353/1241
f 1244/1355/1243 1245/1356/1244 1246/1357/1245 1247/1358/1246
f 1247/1358/1246 1246/1357/1245 1248/1359/1247 1249/1360/1248
f 1240/1351/1239 1244/1355/1243 1247/1358/1246 1241/1352/1240
f 1241/1352/1240 1247/1358/1246 1249/1360/1248 1243/1354/1242
f 1235/1346/1234 1234/1345/1233 1250/1361/1249 1251/1362/1250
f 1234/1345/1233 1232/1343/1231 1252/1363/1251 1250/1361/1249
f 1251/1362/1250 1250/1361/1249 1249/1360/1248 1248/1359/1247
f 1250/1361/1249 1252/1363/1251 1243/1354/1242 1249/1360/1248
f 1230/1341/1229 923/1009/922 939/1025/938 1253/1364/1252
f 1253/1364/1252 939/1025/938 936/1022/935 1242/1353/1241
f 1232/1343/1231 1230/1341/1229 1253/1364/1252 1252/1363/1251
f 1252/1363/1251 1253/1364/1252 1242/1353/1241 1243/1354/1242
f 1254/1365/1253 1255/1366/1254 1256/1367/1255 1257/1368/1256
f 1255/1366/1254 1258/1369/1257 1259/1370/1258 1256/1367/1255
f 1257/1368/1256 1256/1367/1255 1260/1371/1259 1261/1372/1260
f 1256/1367/1255 1259/1370/1258 1262/1373/1261 1260/1371/1259
f 1263/1374/1262 1245/1375/1244 1244/1376/1243 1264/1377/1263
f 1264/1377/1263 1244/1376/1243 1240/1378/1239 1265/1379/1264
f 1258/1369/1257 1263/1374/1262 1264/1377/1263 1259/1370/1258
f 1259/1370/1258 1264/1377/1263 1265/1379/1264 1262/1373/1261
f 933/1038/932 951/1037/950 1266/1380/1265 1238/1381/1237
f 951/1037/950 946/1032/945 1267/1382/1266 1266/1380/1265
f 1238/1381/1237 1266/1380/1265 1265/1379/1264 1240/1378/1239
f 1266/1380/1265 1267/1382/1266 1262/1373/1261 1265/1379/1264
f 943/1029/942 942/1028/941 1268/1383/1267 1269/1384/1268
f 1269/1384/1268 1268/1383/1267 1261/1372/1260 1260/1371/1259
f 946/1032/945 943/1029/942 1269/1384/1268 1267/1382/1266
f 1267/1382/1266 1269/1384/1268 1260/1371/1259 1262/1373/1261
f 958/1048/957 1270/1385/1269 1271/1386/1270 959/1049/958
f 1270/1385/1269 1272/1387/1271 1273/1388/1272 1271/1386/1270
f 959/1049/958 1271/1386/1270 1274/1389/1273 962/1052/961
f 1271/1386/1270 1273/1388/1272 1275/1390/1274 1274/1389/1273
f 1276/1391/1275 1277/1392/1276 1278/1393/1277 1279/1394/1278
f 1279/1394/1278 1278/1393/1277 1280/1395/1279 1281/1396/1280
f 1272/1387/1271 1276/1391/1275 1279/1394/1278 1273/1388/1272
f 1273/1388/1272 1279/1394/1278 1281/1396/1280 1275/1390/1274
f 1254/1365/1253 1257/1368/1256 1282/1397/1281 1283/1398/1282
f 1257/1368/1256 1261/1372/1260 1284/1399/1283 1282/1397/1281
f 1283/1398/1282 1282/1397/1281 1281/1396/1280 1280/1395/1279
f 1282/1397/1281 1284/1399/1283 1275/1390/1274 1281/1396/1280
f 1268/1383/1267 942/1028/941 967/1057/966 1285/1400/1284
f 1285/1400/1284 967/1057/966 962/1052/961 1274/1389/1273
f 1261/1372/1260 1268/1383/1267 1285/1400/1284 1284/1399/1283
f 1284/1399/1283 1285/1400/1284 1274/1389/1273 1275/1390/1274
f 1286/1401/1285 1287/1402/1286 1288/1403/1287 1289/1404/1288
f 1287/1402/1286 1290/1405/1289 1291/1406/1290 1288/1403/1287
f 1289/1404/1288 1288/1403/1287 1292/1407/1291 1293/1408/1292
f 1288/1403/1287 1291/1406/1290 1294/1409/1293 1292/1407/1291
f 1295/1410/1294 1277/1392/1276 1276/1391/1275 1296/1411/1295
f 1296/1411/1295 1276/1391/1275 1272/1387/1271 1297/1412/1296
f 1290/1405/1289 1295/1410/1294 1296/1411/1295 1291/1406/1290
f 1291/1406/1290 1296/1411/1295 1297/1412/1296 1294/1409/1293
f 958/1048/957 975/1065/974 1298/1413/1297 1270/1385/1269
f 975/1065/974 978/1068/977 1299/1414/1298 1298/1413/1297
f 1270/1385/1269 1298/1413/1297 1297/1412/1296 1272/1387/1271
f 1298/1413/1297 1299/1414/1298 1294/1409/1293 1297/1412/1296
f 988/1078/987 987/1077/986 1300/1415/1299 1301/1416/1300
f 1301/1416/1300 1300/1415/1299 1293/1408/1292 1292/1407/1291
f 978/1068/977 988/1078/987 1301/1416/1300 1299/1414/1298
f 1299/1414/1298 1301/1416/1300 1292/1407/1291 1294/1409/1293
f 884/1093/883 1202/1417/1201 1302/1418/1301 1000/1094/999
f 1202/1417/1201 1199/1419/1198 1303/1420/1302 1302/1418/1301
f 1000/1094/999 1302/1418/1301 1304/1421/1303 994/1084/993
f 1302/1418/1301 1303/1420/1302 1305/1422/1304 1304/1421/1303
f 1197/1423/1196 1196/1424/1195 1306/1425/1305 1307/1426/1306
f 1307/1426/1306 1306/1425/1305 1308/1427/1307 1309/1428/1308
f 1199/1419/1198 1197/1423/1196 1307/1426/1306 1303/1420/1302
f 1303/1420/1302 1307/1426/1306 1309/1428/1308 1305/1422/1304
f 1286/1401/1285 1289/1404/1288 1310/1429/1309 1311/1430/1310
f 1289/1404/1288 1293/1408/1292 1312/1431/1311 1310/1429/1309
f 1311/1430/1310 1310/1429/1309 1309/1428/1308 1308/1427/1307
f 1310/1429/1309 1312/1431/1311 1305/1422/1304 1309/1428/1308
f 1300/1415/1299 987/1077/986 991/1081/990 1313/1432/1312
f 1313/1432/1312 991/1081/990 994/1084/993 1304/1421/1303
f 1293/1408/1292 1300/1415/1299 1313/1432/1312 1312/1431/1311
f 1312/1431/1311 1313/1432/1312 1304/1421/1303 1305/1422/1304
f 1314/1433/1313 1315/1434/1314 1316/1435/1315 1317/1436/1316
f 1315/1434/1314 1318/1437/1317 1319/1438/1318 1316/1435/1315
f 1317/1436/1316 1316/1435/1315 1320/1439/1319 1321/1440/1320
f 1316/1435/1315 1319/1438/1318 1322/1441/1321 1320/1439/1319
f 1323/1442/1322 1324/1443/1323 1325/1444/1324 1326/1445/1325
f 1326/1445/1325 1325/1444/1324 1327/1446/1326 1328/1447/1327
f 1318/1437/1317 1323/1442/1322 1326/1445/1325 1319/1438/1318
f 1319/1438/1318 1326/1445/1325 1328/1447/1327 1322/1441/1321
f 1329/1448/1328 1330/1449/1329 1331/1450/1330 1332/1451/1331
f 1330/1449/1329 1333/1452/1332 1334/1453/1333 1331/1450/1330
f 1332/1451/1331 1331/1450/1330 1328/1447/1327 1327/1446/1326
f 1331/1450/1330 1334/1453/1333 1322/1441/1321 1328/1447/1327
f 1335/1454/1334 1336/1455/1335 1337/1456/1336 1338/1457/1337
f 1338/1457/1337 1337/1456/1336 1321/1440/1320 1320/1439/1319
f 1333/1452/1332 1335/1454/1334 1338/1457/1337 1334/1453/1333
f 1334/1453/1333 1338/1457/1337 1320/1439/1319 1322/1441/1321
f 1339/1458/1338 1340/1459/1339 1341/1460/1340 1342/1461/1341
f 1340/1459/1339 1343/1462/1342 1344/1463/1343 1341/1460/1340
f 1342/1461/1341 1341/1460/1340 1345/1464/1344 1346/1465/1345
f 1341/1460/1340 1344/1463/1343 1347/1466/1346 1345/1464/1344
f 1348/1467/1347 1349/1468/1348 1350/1469/1349 1351/1470/1350
f 1351/1470/1350 1350/1469/1349 1352/1471/1351 1353/1472/1352
f 1343/1462/1342 1348/1467/1347 1351/1470/1350 1344/1463/1343
f 1344/1463/1343 1351/1470/1350 1353/1472/1352 1347/1466/1346
f 1336/1455/1335 1335/1454/1334 1354/1473/1353 1355/1474/1354
f 1335/1454/1334 1333/1452/1332 1356/1475/1355 1354/1473/1353
f 1355/1474/1354 1354/1473/1353 1353/1472/1352 1352/1471/1351
f 1354/1473/1353 1356/1475/1355 1347/1466/1346 1353/1472/1352
f 1330/1449/1329 1329/1448/1328 1357/1476/1356 1358/1477/1357
f 1358/1477/1357 1357/1476/1356 1346/1465/1345 1345/1464/1344
f 1333/1452/1332 1330/1449/1329 1358/1477/1357 1356/1475/1355
f 1356/1475/1355 1358/1477/1357 1345/1464/1344 1347/1466/1346
f 1359/1478/1358 1360/1479/1359 1361/1480/1360 1362/1481/1361
f 1360/1479/1359 1363/1482/1362 1364/1483/1363 1361/1480/1360
f 1362/1481/1361 1361/1480/1360 1365/1484/1364 1366/1485/1365
f 1361/1480/1360 1364/1483/1363 1367/1486/1366 1365/1484/1364
f 1368/1487/1367 1349/1468/1348 1348/1467/1347 1369/1488/1368
f 1369/1488/1368 1348/1467/1347 1343/1462/1342 1370/1489/1369
f 1363/1482/1362 1368/1487/1367 1369/1488/1368 1364/1483/1363
f 1364/1483/1363 1369/1488/1368 1370/1489/1369 1367/1486/1366
f 1339/1458/1338 1371/1490/1370 1372/1491/1371 1340/1459/1339
f 1371/1490/1370 1373/1492/1372 1374/1493/1373 1372/1491/1371
f 1340/1459/1339 1372/1491/1371 1370/1489/1369 1343/1462/1342
f 1372/1491/1371 1374/1493/1373 1367/1486/1366 1370/1489/1369
f 1375/1494/1374 1376/1495/1375 1377/1496/1376 1378/1497/1377
f 1378/1497/1377 1377/1496/1376 1366/1485/1365 1365/1484/1364
f 1373/1492/1372 1375/1494/1374 1378/1497/1377 1374/1493/1373
f 1374/1493/1373 1378/1497/1377 1365/1484/1364 1367/1486/1366
f 1379/1498/1378 1380/1499/1379 1381/1500/1380 1382/1501/1381
f 1380/1499/1379 1383/1502/1382 1384/1503/1383 1381/1500/1380
f 1382/1501/1381 1381/1500/1380 1385/1504/1384 1386/1505/1385
f 1381/1500/1380 1384/1503/1383 1387/1506/1386 1385/1504/1384
f 1388/1507/1387 1359/1478/1358 1362/1481/1361 1389/1508/1388
f 1389/1508/1388 1362/1481/1361 1366/1485/1365 1390/1509/1389
f 1383/1502/1382 1388/1507/1387 1389/1508/1388 1384/1503/1383
f 1384/1503/1383 1389/1508/1388 1390/1509/1389 1387/1506/1386
f 1376/1495/1375 1391/1510/1390 1392/1511/1391 1377/1496/1376
f 1391/1510/1390 1393/1512/1392 1394/1513/1393 1392/1511/1391
f 1377/1496/1376 1392/1511/1391 1390/1509/1389 1366/1485/1365
f 1392/1511/1391 1394/1513/1393 1387/1506/1386 1390/1509/1389
f 1395/1514/1394 1396/1515/1395 1397/1516/1396 1398/1517/1397
f 1398/1517/1397 1397/1516/1396 1386/1505/1385 1385/1504/1384
f 1393/1512/1392 1395/1514/1394 1398/1517/1397 1394/1513/1393
f 1394/1513/1393 1398/1517/1397 1385/1504/1384 1387/1506/1386
f 1399/1518/1398 1400/1519/1399 1401/1520/1400 1402/1521/1401
f 1400/1519/1399 1403/1522/1402 1404/1523/1403 1401/1520/1400
f 1402/1521/1401 1401/1520/1400 1405/1524/1404 1406/1525/1405
f 1401/1520/1400 1404/1523/1403 1407/1526/1406 1405/1524/1404
f 1408/1527/1407 1379/1528/1378 1382/1529/1381 1409/1530/1408
f 1409/1530/1408 1382/1529/1381 1386/1531/1385 1410/1532/1409
f 1403/1522/1402 1408/1527/1407 1409/1530/1408 1404/1523/1403
f 1404/1523/1403 1409/1530/1408 1410/1532/1409 1407/1526/1406
f 1396/1533/1395 1411/1534/1410 1412/1535/1411 1397/1536/1396
f 1411/1534/1410 1413/1537/1412 1414/1538/1413 1412/1535/1411
f 1397/1536/1396 1412/1535/1411 1410/1532/1409 1386/1531/1385
f 1412/1535/1411 1414/1538/1413 1407/1526/1406 1410/1532/1409
f 1415/1539/1414 1416/1540/1415 1417/1541/1416 1418/1542/1417
f 1418/1542/1417 1417/1541/1416 1406/1525/1405 1405/1524/1404
f 1413/1537/1412 1415/1539/1414 1418/1542/1417 1414/1538/1413
f 1414/1538/1413 1418/1542/1417 1405/1524/1404 1407/1526/1406
f 1419/1543/1418 1420/1544/1419 1421/1545/1420 1422/1546/1421
f 1420/1544/1419 1423/1547/1422 1424/1548/1423 1421/1545/1420
f 1422/1546/1421 1421/1545/1420 1425/1549/1424 1426/1550/1425
f 1421/1545/1420 1424/1548/1423 1427/1551/1426 1425/1549/1424
f 1428/1552/1427 1429/1553/1428 1430/1554/1429 1431/1555/1430
f 1431/1555/1430 1430/1554/1429 1432/1556/1431 1433/1557/1432
f 1423/1547/1422 1428/1552/1427 1431/1555/1430 1424/1548/1423
f 1424/1548/1423 1431/1555/1430 1433/1557/1432 1427/1551/1426
f 1399/1518/1398 1402/1521/1401 1434/1558/1433 1435/1559/1434
f 1402/1521/1401 1406/1525/1405 1436/1560/1435 1434/1558/1433
f 1435/1559/1434 1434/1558/1433 1433/1557/1432 1432/1556/1431
f 1434/1558/1433 1436/1560/1435 1427/1551/1426 1433/1557/1432
f 1417/1541/1416 1416/1540/1415 1437/1561/1436 1438/1562/1437
f 1438/1562/1437 1437/1561/1436 1426/1550/1425 1425/1549/1424
f 1406/1525/1405 1417/1541/1416 1438/1562/1437 1436/1560/1435
f 1436/1560/1435 1438/1562/1437 1425/1549/1424 1427/1551/1426
f 1439/1563/1438 1440/1564/1439 1441/1565/1440 1442/1566/1441
f 1440/1564/1439 1443/1567/1442 1444/1568/1443 1441/1565/1440
f 1442/1566/1441 1441/1565/1440 1445/1569/1444 1446/1570/1445
f 1441/1565/1440 1444/1568/1443 1447/1571/1446 1445/1569/1444
f 1448/1572/1447 1429/1553/1428 1428/1552/1427 1449/1573/1448
f 1449/1573/1448 1428/1552/1427 1423/1547/1422 1450/1574/1449
f 1443/1567/1442 1448/1572/1447 1449/1573/1448 1444/1568/1443
f 1444/1568/1443 1449/1573/1448 1450/1574/1449 1447/1571/1446
f 1419/1543/1418 1451/1575/1450 1452/1576/1451 1420/1544/1419
f 1451/1575/1450 1453/1577/1452 1454/1578/1453 1452/1576/1451
f 1420/1544/1419 1452/1576/1451 1450/1574/1449 1423/1547/1422
f 1452/1576/1451 1454/1578/1453 1447/1571/1446 1450/1574/1449
f 1455/1579/1454 1456/1580/1455 1457/1581/1456 1458/1582/1457
f 1458/1582/1457 1457/1581/1456 1446/1570/1445 1445/1569/1444
f 1453/1577/1452 1455/1579/1454 1458/1582/1457 1454/1578/1453
f 1454/1578/1453 1458/1582/1457 1445/1569/1444 1447/1571/1446
f 1324/1583/1323 1323/1584/1322 1459/1585/1458 1460/1586/1459
f 1323/1584/1322 1318/1587/1317 1461/1588/1460 1459/1585/1458
f 1460/1586/1459 1459/1585/1458 1462/1589/1461 1463/1590/1462
f 1459/1585/1458 1461/1588/1460 1464/1591/1463 1462/1589/1461
f 1315/1592/1314 1314/1593/1313 1465/1594/1464 1466/1595/1465
f 1466/1595/1465 1465/1594/1464 1467/1596/1466 1468/1597/1467
f 1318/1587/1317 1315/1592/1314 1466/1595/1465 1461/1588/1460
f 1461/1588/1460 1466/1595/1465 1468/1597/1467 1464/1591/1463
f 1439/1563/1438 1442/1566/1441 1469/1598/1468 1470/1599/1469
f 1442/1566/1441 1446/1570/1445 1471/1600/1470 1469/1598/1468
f 1470/1599/1469 1469/1598/1468 1468/1597/1467 1467/1596/1466
f 1469/1598/1468 1471/1600/1470 1464/1591/1463 1468/1597/1467
f 1457/1581/1456 1456/1580/1455 1472/1601/1471 1473/1602/1472
f 1473/1602/1472 1472/1601/1471 1463/1590/1462 1462/1589/1461
f 1446/1570/1445 1457/1581/1456 1473/1602/1472 1471/1600/1470
f 1471/1600/1470 1473/1602/1472 1462/1589/1461 1464/1591/1463
f 1075/1178/1074 1074/1177/1073 1474/1603/1473 1475/1604/1474
f 1074/1177/1073 1072/1175/1071 1476/1605/1475 1474/1603/1473
f 1475/1604/1474 1474/1603/1473 1477/1606/1476 1478/1607/1477
f 1474/1603/1473 1476/1605/1475 1479/1608/1478 1477/1606/1476
f 1069/1172/1068 1068/1171/1067 1480/1609/1479 1481/1610/1480
f 1481/1610/1480 1480/1609/1479 1482/1611/1481 1483/1612/1482
f 1072/1175/1071 1069/1172/1068 1481/1610/1480 1476/1605/1475
f 1476/1605/1475 1481/1610/1480 1483/1612/1482 1479/1608/1478
f 1314/1433/1313 1317/1436/1316 1484/1613/1483 1485/1614/1484
f 1317/1436/1316 1321/1440/1320 1486/1615/1485 1484/1613/1483
f 1485/1614/1484 1484/1613/1483 1483/1612/1482 1482/1611/1481
f 1484/1613/1483 1486/1615/1485 1479/1608/1478 1483/1612/1482
f 1337/1456/1336 1336/1455/1335 1487/1616/1486 1488/1617/1487
f 1488/1617/1487 1487/1616/1486 1478/1607/1477 1477/1606/1476
f 1321/1440/1320 1337/1456/1336 1488/1617/1487 1486/1615/1485
f 1486/1615/1485 1488/1617/1487 1477/1606/1476 1479/1608/1478
f 1349/1468/1348 1489/1618/1488 1490/1619/1489 1350/1469/1349
f 1489/1618/1488 1491/1620/1490 1492/1621/1491 1490/1619/1489
f 1350/1469/1349 1490/1619/1489 1493/1622/1492 1352/1471/1351
f 1490/1619/1489 1492/1621/1491 1494/1623/1493 1493/1622/1492
f 1495/1624/1494 1078/1181/1077 1081/1184/1080 1496/1625/1495
f 1496/1625/1495 1081/1184/1080 1085/1188/1084 1497/1626/1496
f 1491/1620/1490 1495/1624/1494 1496/1625/1495 1492/1621/1491
f 1492/1621/1491 1496/1625/1495 1497/1626/1496 1494/1623/1493
f 1075/1178/1074 1475/1604/1474 1498/1627/1497 1092/1195/1091
f 1475/1604/1474 1478/1607/1477 1499/1628/1498 1498/1627/1497
f 1092/1195/1091 1498/1627/1497 1497/1626/1496 1085/1188/1084
f 1498/1627/1497 1499/1628/1498 1494/1623/1493 1497/1626/1496
f 1487/1616/1486 1336/1455/1335 1355/1474/1354 1500/1629/1499
f 1500/1629/1499 1355/1474/1354 1352/1471/1351 1493/1622/1492
f 1478/1607/1477 1487/1616/1486 1500/1629/1499 1499/1628/1498
f 1499/1628/1498 1500/1629/1499 1493/1622/1492 1494/1623/1493
f 1107/1210/1106 1106/1209/1105 1501/1630/1500 1502/1631/1501
f 1106/1209/1105 1104/1207/1103 1503/1632/1502 1501/1630/1500
f 1502/1631/1501 1501/1630/1500 1504/1633/1503 1505/1634/1504
f 1501/1630/1500 1503/1632/1502 1506/1635/1505 1504/1633/1503
f 1102/1205/1101 1078/1181/1077 1495/1624/1494 1507/1636/1506
f 1507/1636/1506 1495/1624/1494 1491/1620/1490 1508/1637/1507
f 1104/1207/1103 1102/1205/1101 1507/1636/1506 1503/1632/1502
f 1503/1632/1502 1507/1636/1506 1508/1637/1507 1506/1635/1505
f 1349/1468/1348 1368/1487/1367 1509/1638/1508 1489/1618/1488
f 1368/1487/1367 1363/1482/1362 1510/1639/1509 1509/1638/1508
f 1489/1618/1488 1509/1638/1508 1508/1637/1507 1491/1620/1490
f 1509/1638/1508 1510/1639/1509 1506/1635/1505 1508/1637/1507
f 1360/1479/1359 1359/1478/1358 1511/1640/1510 1512/1641/1511
f 1512/1641/1511 1511/1640/1510 1505/1634/1504 1504/1633/1503
f 1363/1482/1362 1360/1479/1359 1512/1641/1511 1510/1639/1509
f 1510/1639/1509 1512/1641/1511 1504/1633/1503 1506/1635/1505
f 1379/1498/1378 1513/1642/1512 1514/1643/1513 1380/1499/1379
f 1513/1642/1512 1515/1644/1514 1516/1645/1515 1514/1643/1513
f 1380/1499/1379 1514/1643/1513 1517/1646/1516 1383/1502/1382
f 1514/1643/1513 1516/1645/1515 1518/1647/1517 1517/1646/1516
f 1519/1648/1518 1110/1213/1109 1113/1216/1112 1520/1649/1519
f 1520/1649/1519 1113/1216/1112 1117/1220/1116 1521/1650/1520
f 1515/1644/1514 1519/1648/1518 1520/1649/1519 1516/1645/1515
f 1516/1645/1515 1520/1649/1519 1521/1650/1520 1518/1647/1517
f 1107/1210/1106 1502/1631/1501 1522/1651/1521 1124/1227/1123
f 1502/1631/1501 1505/1634/1504 1523/1652/1522 1522/1651/1521
f 1124/1227/1123 1522/1651/1521 1521/1650/1520 1117/1220/1116
f 1522/1651/1521 1523/1652/1522 1518/1647/1517 1521/1650/1520
f 1511/1640/1510 1359/1478/1358 1388/1507/1387 1524/1653/1523
f 1524/1653/1523 1388/1507/1387 1383/1502/1382 1517/1646/1516
f 1505/1634/1504 1511/1640/1510 1524/1653/1523 1523/1652/1522
f 1523/1652/1522 1524/1653/1523 1517/1646/1516 1518/1647/1517
f 1139/1246/1138 1138/1245/1137 1525/1654/1524 1526/1655/1525
f 1138/1245/1137 1136/1243/1135 1527/1656/1526 1525/1654/1524
f 1526/1655/1525 1525/1654/1524 1528/1657/1527 1529/1658/1528
f 1525/1654/1524 1527/1656/1526 1530/1659/1529 1528/1657/1527
f 1134/1240/1133 1110/1239/1109 1519/1660/1518 1531/1661/1530
f 1531/1661/1530 1519/1660/1518 1515/1662/1514 1532/1663/1531
f 1136/1243/1135 1134/1240/1133 1531/1661/1530 1527/1656/1526
f 1527/1656/1526 1531/1661/1530 1532/1663/1531 1530/1659/1529
f 1379/1528/1378 1408/1527/1407 1533/1664/1532 1513/1665/1512
f 1408/1527/1407 1403/1522/1402 1534/1666/1533 1533/1664/1532
f 1513/1665/1512 1533/1664/1532 1532/1663/1531 1515/1662/1514
f 1533/1664/1532 1534/1666/1533 1530/1659/1529 1532/1663/1531
f 1400/1519/1399 1399/1518/1398 1535/1667/1534 1536/1668/1535
f 1536/1668/1535 1535/1667/1534 1529/1658/1528 1528/1657/1527
f 1403/1522/1402 1400/1519/1399 1536/1668/1535 1534/1666/1533
f 1534/1666/1533 1536/1668/1535 1528/1657/1527 1530/1659/1529
f 1429/1553/1428 1537/1669/1536 1538/1670/1537 1430/1554/1429
f 1537/1669/1536 1539/1671/1538 1540/1672/1539 1538/1670/1537
f 1430/1554/1429 1538/1670/1537 1541/1673/1540 1432/1556/1431
f 1538/1670/1537 1540/1672/1539 1542/1674/1541 1541/1673/1540
f 1543/1675/1542 1142/1249/1141 1145/1252/1144 1544/1676/1543
f 1544/1676/1543 1145/1252/1144 1149/1256/1148 1545/1677/1544
f 1539/1671/1538 1543/1675/1542 1544/1676/1543 1540/1672/1539
f 1540/1672/1539 1544/1676/1543 1545/1677/1544 1542/1674/1541
f 1139/1246/1138 1526/1655/1525 1546/1678/1545 1156/1263/1155
f 1526/1655/1525 1529/1658/1528 1547/1679/1546 1546/1678/1545
f 1156/1263/1155 1546/1678/1545 1545/1677/1544 1149/1256/1148
f 1546/1678/1545 1547/1679/1546 1542/1674/1541 1545/1677/1544
f 1535/1667/1534 1399/1518/1398 1435/1559/1434 1548/1680/1547
f 1548/1680/1547 1435/1559/1434 1432/1556/1431 1541/1673/1540
f 1529/1658/1528 1535/1667/1534 1548/1680/1547 1547/1679/1546
f 1547/1679/1546 1548/1680/1547 1541/1673/1540 1542/1674/1541
f 1171/1278/1170 1170/1277/1169 1549/1681/1548 1550/1682/1549
f 1170/1277/1169 1168/1275/1167 1551/1683/1550 1549/1681/1548
f 1550/1682/1549 1549/1681/1548 1552/1684/1551 1553/1685/1552
f 1549/1681/1548 1551/1683/1550 1554/1686/1553 1552/1684/1551
f 1166/1273/1165 1142/1249/1141 1543/1675/1542 1555/1687/1554
f 1555/1687/1554 1543/1675/1542 1539/1671/1538 1556/1688/1555
f 1168/1275/1167 1166/1273/1165 1555/1687/1554 1551/1683/1550
f 1551/1683/1550 1555/1687/1554 1556/1688/1555 1554/1686/1553
f 1429/1553/1428 1448/1572/1447 1557/1689/1556 1537/1669/1536
f 1448/1572/1447 1443/1567/1442 1558/1690/1557 1557/1689/1556
f 1537/1669/1536 1557/1689/1556 1556/1688/1555 1539/1671/1538
f 1557/1689/1556 1558/1690/1557 1554/1686/1553 1556/1688/1555
f 1440/1564/1439 1439/1563/1438 1559/1691/1558 1560/1692/1559
f 1560/1692/1559 1559/1691/1558 1553/1685/1552 1552/1684/1551
f 1443/1567/1442 1440/1564/1439 1560/1692/1559 1558/1690/1557
f 1558/1690/1557 1560/1692/1559 1552/1684/1551 1554/1686/1553
f 1314/1593/1313 1485/1693/1484 1561/1694/1560 1465/1594/1464
f 1485/1693/1484 1482/1695/1481 1562/1696/1561 1561/1694/1560
f 1465/1594/1464 1561/1694/1560 1563/1697/1562 1467/1596/1466
f 1561/1694/1560 1562/1696/1561 1564/1698/1563 1563/1697/1562
f 1480/1699/1479 1068/1281/1067 1175/1284/1174 1565/1700/1564
f 1565/1700/1564 1175/1284/1174 1178/1288/1177 1566/1701/1565
f 1482/1695/1481 1480/1699/1479 1565/1700/1564 1562/1696/1561
f 1562/1696/1561 1565/1700/1564 1566/1701/1565 1564/1698/1563
f 1171/1278/1170 1550/1682/1549 1567/1702/1566 1184/1295/1183
f 1550/1682/1549 1553/1685/1552 1568/1703/1567 1567/1702/1566
f 1184/1295/1183 1567/1702/1566 1566/1701/1565 1178/1288/1177
f 1567/1702/1566 1568/1703/1567 1564/1698/1563 1566/1701/1565
f 1559/1691/1558 1439/1563/1438 1470/1599/1469 1569/1704/1568
f 1569/1704/1568 1470/1599/1469 1467/1596/1466 1563/1697/1562
f 1553/1685/1552 1559/1691/1558 1569/1704/1568 1568/1703/1567
f 1568/1703/1567 1569/1704/1568 1563/1697/1562 1564/1698/1563
f 1329/1448/1328 1332/1451/1331 1570/1705/1569 1571/1706/1570
f 1332/1451/1331 1327/1446/1326 1572/1707/1571 1570/1705/1569
f 1571/1706/1570 1570/1705/1569 1573/1708/1572 1574/1709/1573
f 1570/1705/1569 1572/1707/1571 1575/1710/1574 1573/1708/1572
f 1325/1444/1324 1324/1443/1323 1576/1711/1575 1577/1712/1576
f 1577/1712/1576 1576/1711/1575 1578/1713/1577 1579/1714/1578
f 1327/1446/1326 1325/1444/1324 1577/1712/1576 1572/1707/1571
f 1572/1707/1571 1577/1712/1576 1579/1714/1578 1575/1710/1574
f 1196/1307/1195 1195/1306/1194 1580/1715/1579 1581/1716/1580
f 1195/1306/1194 1190/1301/1189 1582/1717/1581 1580/1715/1579
f 1581/1716/1580 1580/1715/1579 1579/1714/1578 1578/1713/1577
f 1580/1715/1579 1582/1717/1581 1575/1710/1574 1579/1714/1578
f 1187/1298/1186 1186/1297/1185 1583/1718/1582 1584/1719/1583
f 1584/1719/1583 1583/1718/1582 1574/1709/1573 1573/1708/1572
f 1190/1301/1189 1187/1298/1186 1584/1719/1583 1582/1717/1581
f 1582/1717/1581 1584/1719/1583 1573/1708/1572 1575/1710/1574
f 1206/1317/1205 1585/1720/1584 1586/1721/1585 1207/1318/1206
f 1585/1720/1584 1587/1722/1586 1588/1723/1587 1586/1721/1585
f 1207/1318/1206 1586/1721/1585 1589/1724/1588 1210/1321/1209
f 1586/1721/1585 1588/1723/1587 1590/1725/1589 1589/1724/1588
f 1591/1726/1590 1339/1458/1338 1342/1461/1341 1592/1727/1591
f 1592/1727/1591 1342/1461/1341 1346/1465/1345 1593/1728/1592
f 1587/1722/1586 1591/1726/1590 1592/1727/1591 1588/1723/1587
f 1588/1723/1587 1592/1727/1591 1593/1728/1592 1590/1725/1589
f 1329/1448/1328 1571/1706/1570 1594/1729/1593 1357/1476/1356
f 1571/1706/1570 1574/1709/1573 1595/1730/1594 1594/1729/1593
f 1357/1476/1356 1594/1729/1593 1593/1728/1592 1346/1465/1345
f 1594/1729/1593 1595/1730/1594 1590/1725/1589 1593/1728/1592
f 1583/1718/1582 1186/1297/1185 1215/1326/1214 1596/1731/1595
f 1596/1731/1595 1215/1326/1214 1210/1321/1209 1589/1724/1588
f 1574/1709/1573 1583/1718/1582 1596/1731/1595 1595/1730/1594
f 1595/1730/1594 1596/1731/1595 1589/1724/1588 1590/1725/1589
f 1376/1495/1375 1375/1494/1374 1597/1732/1596 1598/1733/1597
f 1375/1494/1374 1373/1492/1372 1599/1734/1598 1597/1732/1596
f 1598/1733/1597 1597/1732/1596 1600/1735/1599 1601/1736/1600
f 1597/1732/1596 1599/1734/1598 1602/1737/1601 1600/1735/1599
f 1371/1490/1370 1339/1458/1338 1591/1726/1590 1603/1738/1602
f 1603/1738/1602 1591/1726/1590 1587/1722/1586 1604/1739/1603
f 1373/1492/1372 1371/1490/1370 1603/1738/1602 1599/1734/1598
f 1599/1734/1598 1603/1738/1602 1604/1739/1603 1602/1737/1601
f 1206/1317/1205 1223/1334/1222 1605/1740/1604 1585/1720/1584
f 1223/1334/1222 1226/1337/1225 1606/1741/1605 1605/1740/1604
f 1585/1720/1584 1605/1740/1604 1604/1739/1603 1587/1722/1586
f 1605/1740/1604 1606/1741/1605 1602/1737/1601 1604/1739/1603
f 1236/1347/1235 1235/1346/1234 1607/1742/1606 1608/1743/1607
f 1608/1743/1607 1607/1742/1606 1601/1736/1600 1600/1735/1599
f 1226/1337/1225 1236/1347/1235 1608/1743/1607 1606/1741/1605
f 1606/1741/1605 1608/1743/1607 1600/1735/1599 1602/1737/1601
f 1245/1356/1244 1609/1744/1608 1610/1745/1609 1246/1357/1245
f 1609/1744/1608 1611/1746/1610 1612/1747/1611 1610/1745/1609
f 1246/1357/1245 1610/1745/1609 1613/1748/1612 1248/1359/1247
f 1610/1745/1609 1612/1747/1611 1614/1749/1613 1613/1748/1612
f 1615/1750/1614 1396/1515/1395 1395/1514/1394 1616/1751/1615
f 1616/1751/1615 1395/1514/1394 1393/1512/1392 1617/1752/1616
f 1611/1746/1610 1615/1750/1614 1616/1751/1615 1612/1747/1611
f 1612/1747/1611 1616/1751/1615 1617/1752/1616 1614/1749/1613
f 1376/1495/1375 1598/1733/1597 1618/1753/1617 1391/1510/1390
f 1598/1733/1597 1601/1736/1600 1619/1754/1618 1618/1753/1617
f 1391/1510/1390 1618/1753/1617 1617/1752/1616 1393/1512/1392
f 1618/1753/1617 1619/1754/1618 1614/1749/1613 1617/1752/1616
f 1607/1742/1606 1235/1346/1234 1251/1362/1250 1620/1755/1619
f 1620/1755/1619 1251/1362/1250 1248/1359/1247 1613/1748/1612
f 1601/1736/1600 1607/1742/1606 1620/1755/1619 1619/1754/1618
f 1619/1754/1618 1620/1755/1619 1613/1748/1612 1614/1749/1613
f 1416/1540/1415 1415/1539/1414 1621/1756/1620 1622/1757/1621
f 1415/1539/1414 1413/1537/1412 1623/1758/1622 1621/1756/1620
f 1622/1757/1621 1621/1756/1620 1624/1759/1623 1625/1760/1624
f 1621/1756/1620 1623/1758/1622 1626/1761/1625 1624/1759/1623
f 1411/1534/1410 1396/1533/1395 1615/1762/1614 1627/1763/1626
f 1627/1763/1626 1615/1762/1614 1611/1764/1610 1628/1765/1627
f 1413/1537/1412 1411/1534/1410 1627/1763/1626 1623/1758/1622
f 1623/1758/1622 1627/1763/1626 1628/1765/1627 1626/1761/1625
f 1245/1375/1244 1263/1374/1262 1629/1766/1628 1609/1767/1608
f 1263/1374/1262 1258/1369/1257 1630/1768/1629 1629/1766/1628
f 1609/1767/1608 1629/1766/1628 1628/1765/1627 1611/1764/1610
f 1629/1766/1628 1630/1768/1629 1626/1761/1625 1628/1765/1627
f 1255/1366/1254 1254/1365/1253 1631/1769/1630 1632/1770/1631
f 1632/1770/1631 1631/1769/1630 1625/1760/1624 1624/1759/1623
f 1258/1369/1257 1255/1366/1254 1632/1770/1631 1630/1768/1629
f 1630/1768/1629 1632/1770/1631 1624/1759/1623 1626/1761/1625
f 1277/1392/1276 1633/1771/1632 1634/1772/1633 1278/1393/1277
f 1633/1771/1632 1635/1773/1634 1636/1774/1635 1634/1772/1633
f 1278/1393/1277 1634/1772/1633 1637/1775/1636 1280/1395/1279
f 1634/1772/1633 1636/1774/1635 1638/1776/1637 1637/1775/1636
f 1639/1777/1638 1419/1543/1418 1422/1546/1421 1640/1778/1639
f 1640/1778/1639 1422/1546/1421 1426/1550/1425 1641/1779/1640
f 1635/1773/1634 1639/1777/1638 1640/1778/1639 1636/1774/1635
f 1636/1774/1635 1640/1778/1639 1641/1779/1640 1638/1776/1637
f 1416/1540/1415 1622/1757/1621 1642/1780/1641 1437/1561/1436
f 1622/1757/1621 1625/1760/1624 1643/1781/1642 1642/1780/1641
f 1437/1561/1436 1642/1780/1641 1641/1779/1640 1426/1550/1425
f 1642/1780/1641 1643/1781/1642 1638/1776/1637 1641/1779/1640
f 1631/1769/1630 1254/1365/1253 1283/1398/1282 1644/1782/1643
f 1644/1782/1643 1283/1398/1282 1280/1395/1279 1637/1775/1636
f 1625/1760/1624 1631/1769/1630 1644/1782/1643 1643/1781/1642
f 1643/1781/1642 1644/1782/1643 1637/1775/1636 1638/1776/1637
f 1456/1580/1455 1455/1579/1454 1645/1783/1644 1646/1784/1645
f 1455/1579/1454 1453/1577/1452 1647/1785/1646 1645/1783/1644
f 1646/1784/1645 1645/1783/1644 1648/1786/1647 1649/1787/1648
f 1645/1783/1644 1647/1785/1646 1650/1788/1649 1648/1786/1647
f 1451/1575/1450 1419/1543/1418 1639/1777/1638 1651/1789/1650
f 1651/1789/1650 1639/1777/1638 1635/1773/1634 1652/1790/1651
f 1453/1577/1452 1451/1575/1450 1651/1789/1650 1647/1785/1646
f 1647/1785/1646 1651/1789/1650 1652/1790/1651 1650/1788/1649
f 1277/1392/1276 1295/1410/1294 1653/1791/1652 1633/1771/1632
f 1295/1410/1294 1290/1405/1289 1654/1792/1653 1653/1791/1652
f 1633/1771/1632 1653/1791/1652 1652/1790/1651 1635/1773/1634
f 1653/1791/1652 1654/1792/1653 1650/1788/1649 1652/1790/1651
f 1287/1402/1286 1286/1401/1285 1655/1793/1654 1656/1794/1655
f 1656/1794/1655 1655/1793/1654 1649/1787/1648 1648/1786/1647
f 1290/1405/1289 1287/1402/1286 1656/1794/1655 1654/1792/1653
f 1654/1792/1653 1656/1794/1655 1648/1786/1647 1650/1788/1649
f 1196/1424/1195 1581/1795/1580 1657/1796/1656 1306/1425/1305
f 1581/1795/1580 1578/1797/1577 1658/1798/1657 1657/1796/1656
f 1306/1425/1305 1657/1796/1656 1659/1799/1658 1308/1427/1307
f 1657/1796/1656 1658/1798/1657 1660/1800/1659 1659/1799/1658
f 1576/1801/1575 1324/1583/1323 1460/1586/1459 1661/1802/1660
f 1661/1802/1660 1460/1586/1459 1463/1590/1462 1662/1803/1661
f 1578/1797/1577 1576/1801/1575 1661/1802/1660 1658/1798/1657
f 1658/1798/1657 1661/1802/1660 1662/1803/1661 1660/1800/1659
f 1456/1580/1455 1646/1784/1645 1663/1804/1662 1472/1601/1471
f 1646/1784/1645 1649/1787/1648 1664/1805/1663 1663/1804/1662
f 1472/1601/1471 1663/1804/1662 1662/1803/1661 1463/1590/1462
f 1663/1804/1662 1664/1805/1663 1660/1800/1659 1662/1803/1661
f 1655/1793/1654 1286/1401/1285 1311/1430/1310 1665/1806/1664
f 1665/1806/1664 1311/1430/1310 1308/1427/1307 1659/1799/1658
f 1649/1787/1648 1655/1793/1654 1665/1806/1664 1664/1805/1663
f 1664/1805/1663 1665/1806/1664 1659/1799/1658 1660/1800/1659
f 11/11/11 1666/1807/1665 1667/1808/1666 12/12/12
f 1666/1807/1665 1668/1809/1667 1669/1810/1668 1667/1808/1666
f 12/12/12 1667/1808/1666 1670/1811/1669 14/14/14
f 1667/1808/1666 1669/1810/1668 1671/1812/1670 1670/1811/1669
f 1672/1813/1671 502/530/501 505/533/504 1673/1814/1672
f 1673/1814/1672 505/533/504 500/528/499 1674/1815/1673
f 1668/1809/1667 1672/1813/1671 1673/1814/1672 1669/1810/1668
f 1669/1810/1668 1673/1814/1672 1674/1815/1673 1671/1812/1670
f 497/525/496 1675/1816/1674 1676/1817/1675 498/526/497
f 1675/1816/1674 1677/1818/1676 1678/1819/1677 1676/1817/1675
f 498/526/497 1676/1817/1675 1674/1815/1673 500/528/499
f 1676/1817/1675 1678/1819/1677 1671/1812/1670 1674/1815/1673
f 1679/1820/1678 16/16/16 19/19/19 1680/1821/1679
f 1680/1821/1679 19/19/19 14/14/14 1670/1811/1669
f 1677/1818/1676 1679/1820/1678 1680/1821/1679 1678/1819/1677
f 1678/1819/1677 1680/1821/1679 1670/1811/1669 1671/1812/1670
f 36/36/36 1681/1822/1680 1682/1823/1681 37/37/37
f 1681/1822/1680 1683/1824/1682 1684/1825/1683 1682/1823/1681
f 37/37/37 1682/1823/1681 1685/1826/1684 39/39/39
f 1682/1823/1681 1684/1825/1683 1686/1827/1685 1685/1826/1684
f 1687/1828/1686 518/546/517 521/549/520 1688/1829/1687
f 1688/1829/1687 521/549/520 516/544/515 1689/1830/1688
f 1683/1824/1682 1687/1828/1686 1688/1829/1687 1684/1825/1683
f 1684/1825/1683 1688/1829/1687 1689/1830/1688 1686/1827/1685
f 502/530/501 1672/1813/1671 1690/1831/1689 514/542/513
f 1672/1813/1671 1668/1809/1667 1691/1832/1690 1690/1831/1689
f 514/542/513 1690/1831/1689 1689/1830/1688 516/544/515
f 1690/1831/1689 1691/1832/1690 1686/1827/1685 1689/1830/1688
f 1666/1807/1665 11/11/11 42/42/42 1692/1833/1691
f 1692/1833/1691 42/42/42 39/39/39 1685/1826/1684
f 1668/1809/1667 1666/1807/1665 1692/1833/1691 1691/1832/1690
f 1691/1832/1690 1692/1833/1691 1685/1826/1684 1686/1827/1685
f 534/562/533 537/565/536 1693/1834/1692 1694/1835/1693
f 537/565/536 532/560/531 1695/1836/1694 1693/1834/1692
f 1694/1835/1693 1693/1834/1692 1696/1837/1695 1697/1838/1696
f 1693/1834/1692 1695/1836/1694 1698/1839/1697 1696/1837/1695
f 530/558/529 518/546/517 1687/1828/1686 1699/1840/1698
f 1699/1840/1698 1687/1828/1686 1683/1824/1682 1700/1841/1699
f 532/560/531 530/558/529 1699/1840/1698 1695/1836/1694
f 1695/1836/1694 1699/1840/1698 1700/1841/1699 1698/1839/1697
f 36/36/36 64/64/64 1701/1842/1700 1681/1822/1680
f 64/64/64 62/62/62 1702/1843/1701 1701/1842/1700
f 1681/1822/1680 1701/1842/1700 1700/1841/1699 1683/1824/1682
f 1701/1842/1700 1702/1843/1701 1698/1839/1697 1700/1841/1699
f 59/59/59 58/58/58 1703/1844/1702 1704/1845/1703
f 1704/1845/1703 1703/1844/1702 1697/1838/1696 1696/1837/1695
f 62/62/62 59/59/59 1704/1845/1703 1702/1843/1701
f 1702/1843/1701 1704/1845/1703 1696/1837/1695 1698/1839/1697
f 550/578/549 553/581/552 1705/1846/1704 1706/1847/1705
f 553/581/552 548/576/547 1707/1848/1706 1705/1846/1704
f 1706/1847/1705 1705/1846/1704 1708/1849/1707 1709/1850/1708
f 1705/1846/1704 1707/1848/1706 1710/1851/1709 1708/1849/1707
f 546/574/545 534/562/533 1694/1835/1693 1711/1852/1710
f 1711/1852/1710 1694/1835/1693 1697/1838/1696 1712/1853/1711
f 548/576/547 546/574/545 1711/1852/1710 1707/1848/1706
f 1707/1848/1706 1711/1852/1710 1712/1853/1711 1710/1851/1709
f 58/58/58 84/84/84 1713/1854/1712 1703/1844/1702
f 84/84/84 82/82/82 1714/1855/1713 1713/1854/1712
f 1703/1844/1702 1713/1854/1712 1712/1853/1711 1697/1838/1696
f 1713/1854/1712 1714/1855/1713 1710/1851/1709 1712/1853/1711
f 79/79/79 78/78/78 1715/1856/1714 1716/1857/1715
f 1716/1857/1715 1715/1856/1714 1709/1850/1708 1708/1849/1707
f 82/82/82 79/79/79 1716/1857/1715 1714/1855/1713
f 1714/1855/1713 1716/1857/1715 1708/1849/1707 1710/1851/1709
f 566/598/565 569/601/568 1717/1858/1716 1718/1859/1717
f 569/601/568 564/596/563 1719/1860/1718 1717/1858/1716
f 1718/1859/1717 1717/1858/1716 1720/1861/1719 1721/1862/1720
f 1717/1858/1716 1719/1860/1718 1722/1863/1721 1720/1861/1719
f 562/594/561 550/593/549 1706/1864/1705 1723/1865/1722
f 1723/1865/1722 1706/1864/1705 1709/1866/1708 1724/1867/1723
f 564/596/563 562/594/561 1723/1865/1722 1719/1860/1718
f 1719/1860/1718 1723/1865/1722 1724/1867/1723 1722/1863/1721
f 78/108/78 104/107/104 1725/1868/1724 1715/1869/1714
f 104/107/104 102/105/102 1726/1870/1725 1725/1868/1724
f 1715/1869/1714 1725/1868/1724 1724/1867/1723 1709/1866/1708
f 1725/1868/1724 1726/1870/1725 1722/1863/1721 1724/1867/1723
f 99/102/99 98/101/98 1727/1871/1726 1728/1872/1727
f 1728/1872/1727 1727/1871/1726 1721/1862/1720 1720/1861/1719
f 102/105/102 99/102/99 1728/1872/1727 1726/1870/1725
f 1726/1870/1725 1728/1872/1727 1720/1861/1719 1722/1863/1721
f 582/614/581 585/617/584 1729/1873/1728 1730/1874/1729
f 585/617/584 580/612/579 1731/1875/1730 1729/1873/1728
f 1730/1874/1729 1729/1873/1728 1732/1876/1731 1733/1877/1732
f 1729/1873/1728 1731/1875/1730 1734/1878/1733 1732/1876/1731
f 578/610/577 566/598/565 1718/1859/1717 1735/1879/1734
f 1735/1879/1734 1718/1859/1717 1721/1862/1720 1736/1880/1735
f 580/612/579 578/610/577 1735/1879/1734 1731/1875/1730
f 1731/1875/1730 1735/1879/1734 1736/1880/1735 1734/1878/1733
f 98/101/98 124/129/124 1737/1881/1736 1727/1871/1726
f 124/129/124 122/127/122 1738/1882/1737 1737/1881/1736
f 1727/1871/1726 1737/1881/1736 1736/1880/1735 1721/1862/1720
f 1737/1881/1736 1738/1882/1737 1734/1878/1733 1736/1880/1735
f 119/124/119 118/123/118 1739/1883/1738 1740/1884/1739
f 1740/1884/1739 1739/1883/1738 1733/1877/1732 1732/1876/1731
f 122/127/122 119/124/119 1740/1884/1739 1738/1882/1737
f 1738/1882/1737 1740/1884/1739 1732/1876/1731 1734/1878/1733
f 136/141/136 1741/1885/1740 1742/1886/1741 137/142/137
f 1741/1885/1740 1743/1887/1742 1744/1888/1743 1742/1886/1741
f 137/142/137 1742/1886/1741 1745/1889/1744 139/144/139
f 1742/1886/1741 1744/1888/1743 1746/1890/1745 1745/1889/1744
f 1747/1891/1746 598/630/597 601/633/600 1748/1892/1747
f 1748/1892/1747 601/633/600 596/628/595 1749/1893/1748
f 1743/1887/1742 1747/1891/1746 1748/1892/1747 1744/1888/1743
f 1744/1888/1743 1748/1892/1747 1749/1893/1748 1746/1890/1745
f 582/614/581 1730/1874/1729 1750/1894/1749 594/626/593
f 1730/1874/1729 1733/1877/1732 1751/1895/1750 1750/1894/1749
f 594/626/593 1750/1894/1749 1749/1893/1748 596/628/595
f 1750/1894/1749 1751/1895/1750 1746/1890/1745 1749/1893/1748
f 1739/1883/1738 118/123/118 142/147/142 1752/1896/1751
f 1752/1896/1751 142/147/142 139/144/139 1745/1889/1744
f 1733/1877/1732 1739/1883/1738 1752/1896/1751 1751/1895/1750
f 1751/1895/1750 1752/1896/1751 1745/1889/1744 1746/1890/1745
f 16/161/16 1679/1897/1678 1753/1898/1752 152/162/152
f 1679/1897/1678 1677/1899/1676 1754/1900/1753 1753/1898/1752
f 152/162/152 1753/1898/1752 1755/1901/1754 154/164/154
f 1753/1898/1752 1754/1900/1753 1756/1902/1755 1755/1901/1754
f 1675/1903/1674 497/646/496 615/649/614 1757/1904/1756
f 1757/1904/1756 615/649/614 612/644/611 1758/1905/1757
f 1677/1899/1676 1675/1903/1674 1757/1904/1756 1754/1900/1753
f 1754/1900/1753 1757/1904/1756 1758/1905/1757 1756/1902/1755
f 598/630/597 1747/1891/1746 1759/1906/1758 610/642/609
f 1747/1891/1746 1743/1887/1742 1760/1907/1759 1759/1906/1758
f 610/642/609 1759/1906/1758 1758/1905/1757 612/644/611
f 1759/1906/1758 1760/1907/1759 1756/1902/1755 1758/1905/1757
f 1741/1885/1740 136/141/136 157/167/157 1761/1908/1760
f 1761/1908/1760 157/167/157 154/164/154 1755/1901/1754
f 1743/1887/1742 1741/1885/1740 1761/1908/1760 1760/1907/1759
f 1760/1907/1759 1761/1908/1760 1755/1901/1754 1756/1902/1755
f 53/53/53 52/52/52 1762/1909/1761 66/66/66
f 52/52/52 48/48/48 1763/1910/1762 1762/1909/1761
f 66/66/66 1762/1909/1761 1764/1911/1763 68/68/68
f 1762/1909/1761 1763/1910/1762 1765/1912/1764 1764/1911/1763
f 46/46/46 26/26/26 1766/1913/1765 1767/1914/1766
f 1767/1914/1766 1766/1913/1765 1768/1915/1767 1769/1916/1768
f 48/48/48 46/46/46 1767/1914/1766 1763/1910/1762
f 1763/1910/1762 1767/1914/1766 1769/1916/1768 1765/1912/1764
f 169/1917/169 172/1918/172 1770/1919/1769 1771/1920/1770
f 172/1918/172 167/1921/167 1772/1922/1771 1770/1919/1769
f 1771/1920/1770 1770/1919/1769 1769/1916/1768 1768/1915/1767
f 1770/1919/1769 1772/1922/1771 1765/1912/1764 1769/1916/1768
f 165/1923/165 73/73/73 72/72/72 1773/1924/1772
f 1773/1924/1772 72/72/72 68/68/68 1764/1911/1763
f 167/1921/167 165/1923/165 1773/1924/1772 1772/1922/1771
f 1772/1922/1771 1773/1924/1772 1764/1911/1763 1765/1912/1764
f 1/1/1 4/4/4 1774/1925/1773 44/44/44
f 4/4/4 8/8/8 1775/1926/1774 1774/1925/1773
f 44/44/44 1774/1925/1773 1776/1927/1775 33/33/33
f 1774/1925/1773 1775/1926/1774 1777/1928/1776 1776/1927/1775
f 24/24/24 23/23/23 1778/1929/1777 1779/1930/1778
f 1779/1930/1778 1778/1929/1777 1780/1931/1779 1781/1932/1780
f 8/8/8 24/24/24 1779/1930/1778 1775/1926/1774
f 1775/1926/1774 1779/1930/1778 1781/1932/1780 1777/1928/1776
f 169/1917/169 1771/1920/1770 1782/1933/1781 1783/1934/1782
f 1771/1920/1770 1768/1915/1767 1784/1935/1783 1782/1933/1781
f 1783/1934/1782 1782/1933/1781 1781/1932/1780 1780/1931/1779
f 1782/1933/1781 1784/1935/1783 1777/1928/1776 1781/1932/1780
f 1766/1913/1765 26/26/26 29/29/29 1785/1936/1784
f 1785/1936/1784 29/29/29 33/33/33 1776/1927/1775
f 1768/1915/1767 1766/1913/1765 1785/1936/1784 1784/1935/1783
f 1784/1935/1783 1785/1936/1784 1776/1927/1775 1777/1928/1776
f 169/179/169 1783/1937/1782 1786/1938/1785 170/180/170
f 1783/1937/1782 1780/1939/1779 1787/1940/1786 1786/1938/1785
f 170/180/170 1786/1938/1785 1788/1941/1787 173/183/173
f 1786/1938/1785 1787/1940/1786 1789/1942/1788 1788/1941/1787
f 1778/1943/1777 23/151/23 147/154/147 1790/1944/1789
f 1790/1944/1789 147/154/147 150/158/150 1791/1945/1790
f 1780/1939/1779 1778/1943/1777 1790/1944/1789 1787/1940/1786
f 1787/1940/1786 1790/1944/1789 1791/1945/1790 1789/1942/1788
f 126/131/126 129/134/129 1792/1946/1791 159/169/159
f 129/134/129 133/138/133 1793/1947/1792 1792/1946/1791
f 159/169/159 1792/1946/1791 1791/1945/1790 150/158/150
f 1792/1946/1791 1793/1947/1792 1789/1942/1788 1791/1945/1790
f 144/149/144 113/118/113 175/185/175 1794/1948/1793
f 1794/1948/1793 175/185/175 173/183/173 1788/1941/1787
f 133/138/133 144/149/144 1794/1948/1793 1793/1947/1792
f 1793/1947/1792 1794/1948/1793 1788/1941/1787 1789/1942/1788
f 1795/1/1 1796/2/1794 1797/3/3 1798/4/4
f 1796/2/1794 1799/5/1795 1800/6/1796 1797/3/3
f 1798/4/4 1797/3/3 1801/7/1797 1802/8/1798
f 1797/3/3 1800/6/1796 1803/9/9 1801/7/1797
f 1804/10/1799 1805/11/1800 1806/12/1801 1807/13/13
f 1807/13/13 1806/12/1801 1808/14/1802 1809/15/1803
f 1799/5/1795 1804/10/1799 1807/13/13 1800/6/1796
f 1800/6/1796 1807/13/13 1809/15/1803 1803/9/9
f 1810/16/1804 1811/17/1805 1812/18/1806 1813/19/19
f 1811/17/1805 1814/20/1807 1815/21/21 1812/18/1806
f 1813/19/19 1812/18/1806 1809/15/1803 1808/14/1802
f 1812/18/1806 1815/21/21 1803/9/9 1809/15/1803
f 1816/22/22 1817/23/1808 1818/24/1809 1819/25/1810
f 1819/25/1810 1818/24/1809 1802/8/1798 1801/7/1797
f 1814/20/1807 1816/22/22 1819/25/1810 1815/21/21
f 1815/21/21 1819/25/1810 1801/7/1797 1803/9/9
f 1820/26/26 1821/27/1811 1822/28/28 1823/29/1812
f 1821/27/1811 1824/30/1813 1825/31/31 1822/28/28
f 1823/29/1812 1822/28/28 1826/32/32 1827/33/33
f 1822/28/28 1825/31/31 1828/34/1814 1826/32/32
f 1829/35/35 1830/36/36 1831/37/37 1832/38/1815
f 1832/38/1815 1831/37/37 1833/39/39 1834/40/40
f 1824/30/1813 1829/35/35 1832/38/1815 1825/31/31
f 1825/31/31 1832/38/1815 1834/40/40 1828/34/1814
f 1805/11/1800 1804/10/1799 1835/41/41 1836/42/1816
f 1804/10/1799 1799/5/1795 1837/43/43 1835/41/41
f 1836/42/1816 1835/41/41 1834/40/40 1833/39/39
f 1835/41/41 1837/43/43 1828/34/1814 1834/40/40
f 1796/2/1794 1795/1/1 1838/44/44 1839/45/45
f 1839/45/45 1838/44/44 1827/33/33 1826/32/32
f 1799/5/1795 1796/2/1794 1839/45/45 1837/43/43
f 1837/43/43 1839/45/45 1826/32/32 1828/34/1814
f 1820/26/26 1840/46/1817 1841/47/47 1821/27/1811
f 1840/46/1817 1842/48/48 1843/49/49 1841/47/47
f 1821/27/1811 1841/47/47 1844/50/1818 1824/30/1813
f 1841/47/47 1843/49/49 1845/51/51 1844/50/1818
f 1846/52/52 1847/53/1819 1848/54/1820 1849/55/55
f 1849/55/55 1848/54/1820 1850/56/1821 1851/57/1822
f 1842/48/48 1846/52/52 1849/55/55 1843/49/49
f 1843/49/49 1849/55/55 1851/57/1822 1845/51/51
f 1852/58/1823 1853/59/1824 1854/60/1825 1855/61/61
f 1853/59/1824 1856/62/1826 1857/63/63 1854/60/1825
f 1855/61/61 1854/60/1825 1851/57/1822 1850/56/1821
f 1854/60/1825 1857/63/63 1845/51/51 1851/57/1822
f 1858/64/64 1830/36/36 1829/35/35 1859/65/1827
f 1859/65/1827 1829/35/35 1824/30/1813 1844/50/1818
f 1856/62/1826 1858/64/64 1859/65/1827 1857/63/63
f 1857/63/63 1859/65/1827 1844/50/1818 1845/51/51
f 1847/53/1819 1860/66/66 1861/67/1828 1848/54/1820
f 1860/66/66 1862/68/1829 1863/69/1830 1861/67/1828
f 1848/54/1820 1861/67/1828 1864/70/1831 1850/56/1821
f 1861/67/1828 1863/69/1830 1865/71/1832 1864/70/1831
f 1866/72/1833 1867/73/1834 1868/74/74 1869/75/1835
f 1869/75/1835 1868/74/74 1870/76/1836 1871/77/1837
f 1862/68/1829 1866/72/1833 1869/75/1835 1863/69/1830
f 1863/69/1830 1869/75/1835 1871/77/1837 1865/71/1832
f 1872/78/1838 1873/79/1839 1874/80/1840 1875/81/1841
f 1873/79/1839 1876/82/1842 1877/83/83 1874/80/1840
f 1875/81/1841 1874/80/1840 1871/77/1837 1870/76/1836
f 1874/80/1840 1877/83/83 1865/71/1832 1871/77/1837
f 1878/84/1843 1852/58/1823 1855/61/61 1879/85/85
f 1879/85/85 1855/61/61 1850/56/1821 1864/70/1831
f 1876/82/1842 1878/84/1843 1879/85/85 1877/83/83
f 1877/83/83 1879/85/85 1864/70/1831 1865/71/1832
f 1867/86/1834 1880/87/1844 1881/88/1845 1868/89/74
f 1880/87/1844 1882/90/1846 1883/91/89 1881/88/1845
f 1868/89/74 1881/88/1845 1884/92/1847 1870/93/1836
f 1881/88/1845 1883/91/89 1885/94/91 1884/92/1847
f 1886/95/1848 1887/96/93 1888/97/1849 1889/98/1850
f 1889/98/1850 1888/97/1849 1890/99/1851 1891/100/1852
f 1882/90/1846 1886/95/1848 1889/98/1850 1883/91/89
f 1883/91/89 1889/98/1850 1891/100/1852 1885/94/91
f 1892/101/1853 1893/102/1854 1894/103/100 1895/104/1855
f 1893/102/1854 1896/105/1856 1897/106/1857 1894/103/100
f 1895/104/1855 1894/103/100 1891/100/1852 1890/99/1851
f 1894/103/100 1897/106/1857 1885/94/91 1891/100/1852
f 1898/107/1858 1872/108/1838 1875/109/1841 1899/110/1859
f 1899/110/1859 1875/109/1841 1870/93/1836 1884/92/1847
f 1896/105/1856 1898/107/1858 1899/110/1859 1897/106/1857
f 1897/106/1857 1899/110/1859 1884/92/1847 1885/94/91
f 1887/96/93 1900/111/1860 1901/112/1861 1888/97/1849
f 1900/111/1860 1902/113/1862 1903/114/109 1901/112/1861
f 1888/97/1849 1901/112/1861 1904/115/1863 1890/99/1851
f 1901/112/1861 1903/114/109 1905/116/1864 1904/115/1863
f 1906/117/112 1907/118/1865 1908/119/114 1909/120/115
f 1909/120/115 1908/119/114 1910/121/116 1911/122/1866
f 1902/113/1862 1906/117/112 1909/120/115 1903/114/109
f 1903/114/109 1909/120/115 1911/122/1866 1905/116/1864
f 1912/123/1867 1913/124/1868 1914/125/120 1915/126/1869
f 1913/124/1868 1916/127/122 1917/128/1870 1914/125/120
f 1915/126/1869 1914/125/120 1911/122/1866 1910/121/116
f 1914/125/120 1917/128/1870 1905/116/1864 1911/122/1866
f 1918/129/124 1892/101/1853 1895/104/1855 1919/130/125
f 1919/130/125 1895/104/1855 1890/99/1851 1904/115/1863
f 1916/127/122 1918/129/124 1919/130/125 1917/128/1870
f 1917/128/1870 1919/130/125 1904/115/1863 1905/116/1864
f 1920/131/1871 1921/132/1872 1922/133/1873 1923/134/1874
f 1921/132/1872 1924/135/130 1925/136/1875 1922/133/1873
f 1923/134/1874 1922/133/1873 1926/137/1876 1927/138/1877
f 1922/133/1873 1925/136/1875 1928/139/134 1926/137/1876
f 1929/140/1878 1930/141/1879 1931/142/1880 1932/143/138
f 1932/143/138 1931/142/1880 1933/144/1881 1934/145/1882
f 1924/135/130 1929/140/1878 1932/143/138 1925/136/1875
f 1925/136/1875 1932/143/138 1934/145/1882 1928/139/134
f 1912/123/1867 1915/126/1869 1935/146/1883 1936/147/1884
f 1915/126/1869 1910/121/116 1937/148/143 1935/146/1883
f 1936/147/1884 1935/146/1883 1934/145/1882 1933/144/1881
f 1935/146/1883 1937/148/143 1928/139/134 1934/145/1882
f 1908/119/114 1907/118/1865 1938/149/144 1939/150/145
f 1939/150/145 1938/149/144 1927/138/1877 1926/137/1876
f 1910/121/116 1908/119/114 1939/150/145 1937/148/143
f 1937/148/143 1939/150/145 1926/137/1876 1928/139/134
f 1817/151/1808 1816/152/22 1940/153/1885 1941/154/147
f 1816/152/22 1814/155/1807 1942/156/148 1940/153/1885
f 1941/154/147 1940/153/1885 1943/157/1886 1944/158/1887
f 1940/153/1885 1942/156/148 1945/159/1888 1943/157/1886
f 1811/160/1805 1810/161/1804 1946/162/152 1947/163/1889
f 1947/163/1889 1946/162/152 1948/164/1890 1949/165/1891
f 1814/155/1807 1811/160/1805 1947/163/1889 1942/156/148
f 1942/156/148 1947/163/1889 1949/165/1891 1945/159/1888
f 1930/141/1879 1929/140/1878 1950/166/156 1951/167/157
f 1929/140/1878 1924/135/130 1952/168/1892 1950/166/156
f 1951/167/157 1950/166/156 1949/165/1891 1948/164/1890
f 1950/166/156 1952/168/1892 1945/159/1888 1949/165/1891
f 1921/132/1872 1920/131/1871 1953/169/1893 1954/170/1894
f 1954/170/1894 1953/169/1893 1944/158/1887 1943/157/1886
f 1924/135/130 1921/132/1872 1954/170/1894 1952/168/1892
f 1952/168/1892 1954/170/1894 1943/157/1886 1945/159/1888
f 1887/96/93 1886/95/1848 1955/171/1895 1900/111/1860
f 1886/95/1848 1882/90/1846 1956/172/162 1955/171/1895
f 1900/111/1860 1955/171/1895 1957/173/1896 1902/113/1862
f 1955/171/1895 1956/172/162 1958/174/1897 1957/173/1896
f 1880/87/1844 1867/86/1834 1959/175/165 1960/176/1898
f 1960/176/1898 1959/175/165 1961/177/1899 1962/178/168
f 1882/90/1846 1880/87/1844 1960/176/1898 1956/172/162
f 1956/172/162 1960/176/1898 1962/178/168 1958/174/1897
f 1963/179/1900 1964/180/170 1965/181/1901 1966/182/172
f 1964/180/170 1967/183/173 1968/184/1902 1965/181/1901
f 1966/182/172 1965/181/1901 1962/178/168 1961/177/1899
f 1965/181/1901 1968/184/1902 1958/174/1897 1962/178/168
f 1969/185/1903 1907/118/1865 1906/117/112 1970/186/176
f 1970/186/176 1906/117/112 1902/113/1862 1957/173/1896
f 1967/183/173 1969/185/1903 1970/186/176 1968/184/1902
f 1968/184/1902 1970/186/176 1957/173/1896 1958/174/1897
f 1971/187/177 1972/188/1904 1973/189/179 1974/190/180
f 1972/188/1904 1975/191/1905 1976/192/1906 1973/189/179
f 1974/190/180 1973/189/179 1977/193/1907 1978/194/1908
f 1973/189/179 1976/192/1906 1979/195/185 1977/193/1907
f 1980/196/1909 1981/197/1910 1982/198/1911 1983/199/1912
f 1983/199/1912 1982/198/1911 1984/200/190 1985/201/191
f 1975/191/1905 1980/196/1909 1983/199/1912 1976/192/1906
f 1976/192/1906 1983/199/1912 1985/201/191 1979/195/185
f 1986/202/192 1987/203/1913 1988/204/1914 1989/205/1915
f 1987/203/1913 1990/206/196 1991/207/1916 1988/204/1914
f 1989/205/1915 1988/204/1914 1985/201/191 1984/200/190
f 1988/204/1914 1991/207/1916 1979/195/185 1985/201/191
f 1992/208/198 1993/209/1917 1994/210/200 1995/211/201
f 1995/211/201 1994/210/200 1978/194/1908 1977/193/1907
f 1990/206/196 1992/208/198 1995/211/201 1991/207/1916
f 1991/207/1916 1995/211/201 1977/193/1907 1979/195/185
f 1996/212/202 1997/213/1918 1998/214/204 1999/215/205
f 1997/213/1918 2000/216/206 2001/217/207 1998/214/204
f 1999/215/205 1998/214/204 2002/218/1919 2003/219/1920
f 1998/214/204 2001/217/207 2004/220/1921 2002/218/1919
f 2005/221/211 2006/222/1922 2007/223/213 2008/224/214
f 2008/224/214 2007/223/213 2009/225/215 2010/226/216
f 2000/216/206 2005/221/211 2008/224/214 2001/217/207
f 2001/217/207 2008/224/214 2010/226/216 2004/220/1921
f 2011/227/1923 2012/228/1924 2013/229/1925 2014/230/1926
f 2012/228/1924 2015/231/1927 2016/232/1928 2013/229/1925
f 2014/230/1926 2013/229/1925 2010/226/216 2009/225/215
f 2013/229/1925 2016/232/1928 2004/220/1921 2010/226/216
f 2017/233/1929 2018/234/1930 2019/235/1931 2020/236/1932
f 2020/236/1932 2019/235/1931 2003/219/1920 2002/218/1919
f 2015/231/1927 2017/233/1929 2020/236/1932 2016/232/1928
f 2016/232/1928 2020/236/1932 2002/218/1919 2004/220/1921
f 2021/237/227 2022/238/1933 2023/239/1934 2024/240/1935
f 2022/238/1933 2025/241/1936 2026/242/232 2023/239/1934
f 2024/240/1935 2023/239/1934 2027/243/233 2028/244/1937
f 2023/239/1934 2026/242/232 2029/245/1938 2027/243/233
f 2030/246/236 1996/212/202 1999/215/205 2031/247/1939
f 2031/247/1939 1999/215/205 2003/219/1920 2032/248/1940
f 2025/241/1936 2030/246/236 2031/247/1939 2026/242/232
f 2026/242/232 2031/247/1939 2032/248/1940 2029/245/1938
f 2018/234/1930 2033/249/1941 2034/250/1942 2019/235/1931
f 2033/249/1941 2035/251/1943 2036/252/1944 2034/250/1942
f 2019/235/1931 2034/250/1942 2032/248/1940 2003/219/1920
f 2034/250/1942 2036/252/1944 2029/245/1938 2032/248/1940
f 2037/253/243 2038/254/1945 2039/255/1946 2040/256/1947
f 2040/256/1947 2039/255/1946 2028/244/1937 2027/243/233
f 2035/251/1943 2037/253/243 2040/256/1947 2036/252/1944
f 2036/252/1944 2040/256/1947 2027/243/233 2029/245/1938
f 2021/237/227 2024/240/1935 2041/257/1948 2042/258/1949
f 2024/240/1935 2028/244/1937 2043/259/1950 2041/257/1948
f 2042/258/1949 2041/257/1948 2044/260/1951 2045/261/1952
f 2041/257/1948 2043/259/1950 2046/262/1953 2044/260/1951
f 2039/255/1946 2038/254/1945 2047/263/1954 2048/264/1955
f 2048/264/1955 2047/263/1954 2049/265/1956 2050/266/1957
f 2028/244/1937 2039/255/1946 2048/264/1955 2043/259/1950
f 2043/259/1950 2048/264/1955 2050/266/1957 2046/262/1953
f 2051/267/257 2052/268/258 2053/269/1958 2054/270/1959
f 2052/268/258 2055/271/1960 2056/272/262 2053/269/1958
f 2054/270/1959 2053/269/1958 2050/266/1957 2049/265/1956
f 2053/269/1958 2056/272/262 2046/262/1953 2050/266/1957
f 2057/273/263 2058/274/1961 2059/275/1962 2060/276/1963
f 2060/276/1963 2059/275/1962 2045/261/1952 2044/260/1951
f 2055/271/1960 2057/273/263 2060/276/1963 2056/272/262
f 2056/272/262 2060/276/1963 2044/260/1951 2046/262/1953
f 2058/274/1961 2057/273/263 2061/277/267 2062/278/1964
f 2057/273/263 2055/271/1960 2063/279/1965 2061/277/267
f 2062/278/1964 2061/277/267 2064/280/1966 2065/281/271
f 2061/277/267 2063/279/1965 2066/282/1967 2064/280/1966
f 2052/268/258 2051/267/257 2067/283/1968 2068/284/1969
f 2068/284/1969 2067/283/1968 2069/285/1970 2070/286/1971
f 2055/271/1960 2052/268/258 2068/284/1969 2063/279/1965
f 2063/279/1965 2068/284/1969 2070/286/1971 2066/282/1967
f 2071/287/277 2072/288/1972 2073/289/1973 2074/290/1974
f 2072/288/1972 2075/291/1975 2076/292/282 2073/289/1973
f 2074/290/1974 2073/289/1973 2070/286/1971 2069/285/1970
f 2073/289/1973 2076/292/282 2066/282/1967 2070/286/1971
f 2077/293/283 2078/294/1976 2079/295/285 2080/296/286
f 2080/296/286 2079/295/285 2065/281/271 2064/280/1966
f 2075/291/1975 2077/293/283 2080/296/286 2076/292/282
f 2076/292/282 2080/296/286 2064/280/1966 2066/282/1967
f 2078/297/1976 2077/298/283 2081/299/1977 2082/300/288
f 2077/298/283 2075/301/1975 2083/302/294 2081/299/1977
f 2082/300/288 2081/299/1977 2084/303/290 2085/304/291
f 2081/299/1977 2083/302/294 2086/305/1978 2084/303/290
f 2072/306/1972 2071/307/277 2087/308/1979 2088/309/1980
f 2088/309/1980 2087/308/1979 2089/310/1981 2090/311/1982
f 2075/301/1975 2072/306/1972 2088/309/1980 2083/302/294
f 2083/302/294 2088/309/1980 2090/311/1982 2086/305/1978
f 2091/312/1983 2092/313/1984 2093/314/1985 2094/315/300
f 2092/313/1984 2095/316/301 2096/317/302 2093/314/1985
f 2094/315/300 2093/314/1985 2090/311/1982 2089/310/1981
f 2093/314/1985 2096/317/302 2086/305/1978 2090/311/1982
f 2097/318/303 2098/319/1986 2099/320/1987 2100/321/1988
f 2100/321/1988 2099/320/1987 2085/304/291 2084/303/290
f 2095/316/301 2097/318/303 2100/321/1988 2096/317/302
f 2096/317/302 2100/321/1988 2084/303/290 2086/305/1978
f 2098/319/1986 2097/318/303 2101/322/1989 2102/323/1990
f 2097/318/303 2095/316/301 2103/324/1991 2101/322/1989
f 2102/323/1990 2101/322/1989 2104/325/1992 2105/326/1993
f 2101/322/1989 2103/324/1991 2106/327/312 2104/325/1992
f 2092/313/1984 2091/312/1983 2107/328/313 2108/329/314
f 2108/329/314 2107/328/313 2109/330/315 2110/331/1994
f 2095/316/301 2092/313/1984 2108/329/314 2103/324/1991
f 2103/324/1991 2108/329/314 2110/331/1994 2106/327/312
f 2111/332/1995 2112/333/1996 2113/334/1997 2114/335/320
f 2112/333/1996 2115/336/1998 2116/337/322 2113/334/1997
f 2114/335/320 2113/334/1997 2110/331/1994 2109/330/315
f 2113/334/1997 2116/337/322 2106/327/312 2110/331/1994
f 2117/338/1999 2118/339/2000 2119/340/2001 2120/341/326
f 2120/341/326 2119/340/2001 2105/326/1993 2104/325/1992
f 2115/336/1998 2117/338/1999 2120/341/326 2116/337/322
f 2116/337/322 2120/341/326 2104/325/1992 2106/327/312
f 2121/342/327 2122/343/2002 2123/344/2003 2124/345/330
f 2122/343/2002 2125/346/2004 2126/347/332 2123/344/2003
f 2124/345/330 2123/344/2003 2127/348/333 2128/349/2005
f 2123/344/2003 2126/347/332 2129/350/2006 2127/348/333
f 2130/351/2007 2118/339/2000 2117/338/1999 2131/352/2008
f 2131/352/2008 2117/338/1999 2115/336/1998 2132/353/2009
f 2125/346/2004 2130/351/2007 2131/352/2008 2126/347/332
f 2126/347/332 2131/352/2008 2132/353/2009 2129/350/2006
f 2111/332/1995 2133/354/2010 2134/355/2011 2112/333/1996
f 2133/354/2010 2135/356/2012 2136/357/2013 2134/355/2011
f 2112/333/1996 2134/355/2011 2132/353/2009 2115/336/1998
f 2134/355/2011 2136/357/2013 2129/350/2006 2132/353/2009
f 2137/358/343 2138/359/2014 2139/360/2015 2140/361/346
f 2140/361/346 2139/360/2015 2128/349/2005 2127/348/333
f 2135/356/2012 2137/358/343 2140/361/346 2136/357/2013
f 2136/357/2013 2140/361/346 2127/348/333 2129/350/2006
f 2006/362/1922 2141/363/2016 2142/364/2017 2007/365/213
f 2141/363/2016 2143/366/2018 2144/367/2019 2142/364/2017
f 2007/365/213 2142/364/2017 2145/368/351 2009/369/215
f 2142/364/2017 2144/367/2019 2146/370/2020 2145/368/351
f 2147/371/2021 2121/342/327 2124/345/330 2148/372/2022
f 2148/372/2022 2124/345/330 2128/349/2005 2149/373/2023
f 2143/366/2018 2147/371/2021 2148/372/2022 2144/367/2019
f 2144/367/2019 2148/372/2022 2149/373/2023 2146/370/2020
f 2138/359/2014 2150/374/356 2151/375/2024 2139/360/2015
f 2150/374/356 2152/376/2025 2153/377/2026 2151/375/2024
f 2139/360/2015 2151/375/2024 2149/373/2023 2128/349/2005
f 2151/375/2024 2153/377/2026 2146/370/2020 2149/373/2023
f 2154/378/2027 2011/379/1923 2014/380/1926 2155/381/2028
f 2155/381/2028 2014/380/1926 2009/369/215 2145/368/351
f 2152/376/2025 2154/378/2027 2155/381/2028 2153/377/2026
f 2153/377/2026 2155/381/2028 2145/368/351 2146/370/2020
f 2156/382/2029 2157/383/363 2158/384/364 2159/385/2030
f 2157/383/363 2160/386/2031 2161/387/2032 2158/384/364
f 2159/385/2030 2158/384/364 2162/388/2033 2163/389/369
f 2158/384/364 2161/387/2032 2164/390/2034 2162/388/2033
f 2165/391/2035 2166/392/2036 2167/393/2037 2168/394/2038
f 2168/394/2038 2167/393/2037 2169/395/2039 2170/396/2040
f 2160/386/2031 2165/391/2035 2168/394/2038 2161/387/2032
f 2161/387/2032 2168/394/2038 2170/396/2040 2164/390/2034
f 2006/222/1922 2005/221/211 2171/397/2041 2172/398/2042
f 2005/221/211 2000/216/206 2173/399/2043 2171/397/2041
f 2172/398/2042 2171/397/2041 2170/396/2040 2169/395/2039
f 2171/397/2041 2173/399/2043 2164/390/2034 2170/396/2040
f 1997/213/1918 1996/212/202 2174/400/2044 2175/401/2045
f 2175/401/2045 2174/400/2044 2163/389/369 2162/388/2033
f 2000/216/206 1997/213/1918 2175/401/2045 2173/399/2043
f 2173/399/2043 2175/401/2045 2162/388/2033 2164/390/2034
f 2176/402/2046 2177/403/383 2178/404/2047 2179/405/385
f 2177/403/383 2180/406/2048 2181/407/2049 2178/404/2047
f 2179/405/385 2178/404/2047 2182/408/2050 2183/409/2051
f 2178/404/2047 2181/407/2049 2184/410/2052 2182/408/2050
f 2185/411/2053 2156/382/2029 2159/385/2030 2186/412/2054
f 2186/412/2054 2159/385/2030 2163/389/369 2187/413/2055
f 2180/406/2048 2185/411/2053 2186/412/2054 2181/407/2049
f 2181/407/2049 2186/412/2054 2187/413/2055 2184/410/2052
f 1996/212/202 2030/246/236 2188/414/2056 2174/400/2044
f 2030/246/236 2025/241/1936 2189/415/2057 2188/414/2056
f 2174/400/2044 2188/414/2056 2187/413/2055 2163/389/369
f 2188/414/2056 2189/415/2057 2184/410/2052 2187/413/2055
f 2022/238/1933 2021/237/227 2190/416/396 2191/417/2058
f 2191/417/2058 2190/416/396 2183/409/2051 2182/408/2050
f 2025/241/1936 2022/238/1933 2191/417/2058 2189/415/2057
f 2189/415/2057 2191/417/2058 2182/408/2050 2184/410/2052
f 2176/402/2046 2179/405/385 2192/418/2059 2193/419/399
f 2179/405/385 2183/409/2051 2194/420/2060 2192/418/2059
f 2193/419/399 2192/418/2059 2195/421/2061 2196/422/2062
f 2192/418/2059 2194/420/2060 2197/423/2063 2195/421/2061
f 2190/416/396 2021/237/227 2042/258/1949 2198/424/2064
f 2198/424/2064 2042/258/1949 2045/261/1952 2199/425/405
f 2183/409/2051 2190/416/396 2198/424/2064 2194/420/2060
f 2194/420/2060 2198/424/2064 2199/425/405 2197/423/2063
f 2058/274/1961 2200/426/2065 2201/427/407 2059/275/1962
f 2200/426/2065 2202/428/2066 2203/429/2067 2201/427/407
f 2059/275/1962 2201/427/407 2199/425/405 2045/261/1952
f 2201/427/407 2203/429/2067 2197/423/2063 2199/425/405
f 2204/430/410 2205/431/2068 2206/432/412 2207/433/2069
f 2207/433/2069 2206/432/412 2196/422/2062 2195/421/2061
f 2202/428/2066 2204/430/410 2207/433/2069 2203/429/2067
f 2203/429/2067 2207/433/2069 2195/421/2061 2197/423/2063
f 2205/431/2068 2204/430/410 2208/434/2070 2209/435/2071
f 2204/430/410 2202/428/2066 2210/436/2072 2208/434/2070
f 2209/435/2071 2208/434/2070 2211/437/2073 2212/438/2074
f 2208/434/2070 2210/436/2072 2213/439/2075 2211/437/2073
f 2200/426/2065 2058/274/1961 2062/278/1964 2214/440/2076
f 2214/440/2076 2062/278/1964 2065/281/271 2215/441/2077
f 2202/428/2066 2200/426/2065 2214/440/2076 2210/436/2072
f 2210/436/2072 2214/440/2076 2215/441/2077 2213/439/2075
f 2078/294/1976 2216/442/2078 2217/443/2079 2079/295/285
f 2216/442/2078 2218/444/2080 2219/445/2081 2217/443/2079
f 2079/295/285 2217/443/2079 2215/441/2077 2065/281/271
f 2217/443/2079 2219/445/2081 2213/439/2075 2215/441/2077
f 2220/446/2082 2221/447/2083 2222/448/2084 2223/449/2085
f 2223/449/2085 2222/448/2084 2212/438/2074 2211/437/2073
f 2218/444/2080 2220/446/2082 2223/449/2085 2219/445/2081
f 2219/445/2081 2223/449/2085 2211/437/2073 2213/439/2075
f 2221/450/2083 2220/451/2082 2224/452/2086 2225/453/2087
f 2220/451/2082 2218/454/2080 2226/455/2088 2224/452/2086
f 2225/453/2087 2224/452/2086 2227/456/2089 2228/457/434
f 2224/452/2086 2226/455/2088 2229/458/435 2227/456/2089
f 2216/459/2078 2078/297/1976 2082/300/288 2230/460/2090
f 2230/460/2090 2082/300/288 2085/304/291 2231/461/2091
f 2218/454/2080 2216/459/2078 2230/460/2090 2226/455/2088
f 2226/455/2088 2230/460/2090 2231/461/2091 2229/458/435
f 2098/319/1986 2232/462/2092 2233/463/2093 2099/320/1987
f 2232/462/2092 2234/464/2094 2235/465/2095 2233/463/2093
f 2099/320/1987 2233/463/2093 2231/461/2091 2085/304/291
f 2233/463/2093 2235/465/2095 2229/458/435 2231/461/2091
f 2236/466/2096 2237/467/2097 2238/468/2098 2239/469/445
f 2239/469/445 2238/468/2098 2228/457/434 2227/456/2089
f 2234/464/2094 2236/466/2096 2239/469/445 2235/465/2095
f 2235/465/2095 2239/469/445 2227/456/2089 2229/458/435
f 2237/467/2097 2236/466/2096 2240/470/446 2241/471/447
f 2236/466/2096 2234/464/2094 2242/472/2099 2240/470/446
f 2241/471/447 2240/470/446 2243/473/2100 2244/474/2101
f 2240/470/446 2242/472/2099 2245/475/2102 2243/473/2100
f 2232/462/2092 2098/319/1986 2102/323/1990 2246/476/308
f 2246/476/308 2102/323/1990 2105/326/1993 2247/477/2103
f 2234/464/2094 2232/462/2092 2246/476/308 2242/472/2099
f 2242/472/2099 2246/476/308 2247/477/2103 2245/475/2102
f 2118/339/2000 2248/478/2104 2249/479/2105 2119/340/2001
f 2248/478/2104 2250/480/2106 2251/481/2107 2249/479/2105
f 2119/340/2001 2249/479/2105 2247/477/2103 2105/326/1993
f 2249/479/2105 2251/481/2107 2245/475/2102 2247/477/2103
f 2252/482/2108 2253/483/2109 2254/484/459 2255/485/2110
f 2255/485/2110 2254/484/459 2244/474/2101 2243/473/2100
f 2250/480/2106 2252/482/2108 2255/485/2110 2251/481/2107
f 2251/481/2107 2255/485/2110 2243/473/2100 2245/475/2102
f 2256/486/2111 2257/487/2112 2258/488/2113 2259/489/464
f 2257/487/2112 2260/490/465 2261/491/2114 2258/488/2113
f 2259/489/464 2258/488/2113 2262/492/2115 2263/493/468
f 2258/488/2113 2261/491/2114 2264/494/469 2262/492/2115
f 2265/495/2116 2253/483/2109 2252/482/2108 2266/496/2117
f 2266/496/2117 2252/482/2108 2250/480/2106 2267/497/472
f 2260/490/465 2265/495/2116 2266/496/2117 2261/491/2114
f 2261/491/2114 2266/496/2117 2267/497/472 2264/494/469
f 2118/339/2000 2130/351/2007 2268/498/2118 2248/478/2104
f 2130/351/2007 2125/346/2004 2269/499/2119 2268/498/2118
f 2248/478/2104 2268/498/2118 2267/497/472 2250/480/2106
f 2268/498/2118 2269/499/2119 2264/494/469 2267/497/472
f 2122/343/2002 2121/342/327 2270/500/2120 2271/501/2121
f 2271/501/2121 2270/500/2120 2263/493/468 2262/492/2115
f 2125/346/2004 2122/343/2002 2271/501/2121 2269/499/2119
f 2269/499/2119 2271/501/2121 2262/492/2115 2264/494/469
f 2166/502/2036 2272/503/2122 2273/504/2123 2167/505/2037
f 2272/503/2122 2274/506/479 2275/507/480 2273/504/2123
f 2167/505/2037 2273/504/2123 2276/508/481 2169/509/2039
f 2273/504/2123 2275/507/480 2277/510/482 2276/508/481
f 2278/511/2124 2256/486/2111 2259/489/464 2279/512/484
f 2279/512/484 2259/489/464 2263/493/468 2280/513/2125
f 2274/506/479 2278/511/2124 2279/512/484 2275/507/480
f 2275/507/480 2279/512/484 2280/513/2125 2277/510/482
f 2121/342/327 2147/371/2021 2281/514/486 2270/500/2120
f 2147/371/2021 2143/366/2018 2282/515/2126 2281/514/486
f 2270/500/2120 2281/514/486 2280/513/2125 2263/493/468
f 2281/514/486 2282/515/2126 2277/510/482 2280/513/2125
f 2141/363/2016 2006/362/1922 2172/516/2042 2283/517/2127
f 2283/517/2127 2172/516/2042 2169/509/2039 2276/508/481
f 2143/366/2018 2141/363/2016 2283/517/2127 2282/515/2126
f 2282/515/2126 2283/517/2127 2276/508/481 2277/510/482
f 2011/227/1923 2284/518/2128 2285/519/2129 2012/228/1924
f 2284/518/2128 2286/520/491 2287/521/2130 2285/519/2129
f 2012/228/1924 2285/519/2129 2288/522/2131 2015/231/1927
f 2285/519/2129 2287/521/2130 2289/523/2132 2288/522/2131
f 2290/524/495 2291/525/496 2292/526/2133 2293/527/2134
f 2293/527/2134 2292/526/2133 2294/528/499 2295/529/500
f 2286/520/491 2290/524/495 2293/527/2134 2287/521/2130
f 2287/521/2130 2293/527/2134 2295/529/500 2289/523/2132
f 2296/530/2135 2297/531/502 2298/532/2136 2299/533/504
f 2297/531/502 2300/534/2137 2301/535/2138 2298/532/2136
f 2299/533/504 2298/532/2136 2295/529/500 2294/528/499
f 2298/532/2136 2301/535/2138 2289/523/2132 2295/529/500
f 2302/536/2139 2018/234/1930 2017/233/1929 2303/537/508
f 2303/537/508 2017/233/1929 2015/231/1927 2288/522/2131
f 2300/534/2137 2302/536/2139 2303/537/508 2301/535/2138
f 2301/535/2138 2303/537/508 2288/522/2131 2289/523/2132
f 2018/234/1930 2302/536/2139 2304/538/2140 2033/249/1941
f 2302/536/2139 2300/534/2137 2305/539/510 2304/538/2140
f 2033/249/1941 2304/538/2140 2306/540/511 2035/251/1943
f 2304/538/2140 2305/539/510 2307/541/512 2306/540/511
f 2297/531/502 2296/530/2135 2308/542/513 2309/543/2141
f 2309/543/2141 2308/542/513 2310/544/2142 2311/545/2143
f 2300/534/2137 2297/531/502 2309/543/2141 2305/539/510
f 2305/539/510 2309/543/2141 2311/545/2143 2307/541/512
f 2312/546/2144 2313/547/2145 2314/548/519 2315/549/520
f 2313/547/2145 2316/550/521 2317/551/2146 2314/548/519
f 2315/549/520 2314/548/519 2311/545/2143 2310/544/2142
f 2314/548/519 2317/551/2146 2307/541/512 2311/545/2143
f 2318/552/2147 2038/254/1945 2037/253/243 2319/553/524
f 2319/553/524 2037/253/243 2035/251/1943 2306/540/511
f 2316/550/521 2318/552/2147 2319/553/524 2317/551/2146
f 2317/551/2146 2319/553/524 2306/540/511 2307/541/512
f 2038/254/1945 2318/552/2147 2320/554/2148 2047/263/1954
f 2318/552/2147 2316/550/521 2321/555/2149 2320/554/2148
f 2047/263/1954 2320/554/2148 2322/556/2150 2049/265/1956
f 2320/554/2148 2321/555/2149 2323/557/2151 2322/556/2150
f 2313/547/2145 2312/546/2144 2324/558/2152 2325/559/530
f 2325/559/530 2324/558/2152 2326/560/2153 2327/561/2154
f 2316/550/521 2313/547/2145 2325/559/530 2321/555/2149
f 2321/555/2149 2325/559/530 2327/561/2154 2323/557/2151
f 2328/562/533 2329/563/2155 2330/564/2156 2331/565/536
f 2329/563/2155 2332/566/2157 2333/567/538 2330/564/2156
f 2331/565/536 2330/564/2156 2327/561/2154 2326/560/2153
f 2330/564/2156 2333/567/538 2323/557/2151 2327/561/2154
f 2334/568/539 2051/267/257 2054/270/1959 2335/569/2158
f 2335/569/2158 2054/270/1959 2049/265/1956 2322/556/2150
f 2332/566/2157 2334/568/539 2335/569/2158 2333/567/538
f 2333/567/538 2335/569/2158 2322/556/2150 2323/557/2151
f 2051/267/257 2334/568/539 2336/570/2159 2067/283/1968
f 2334/568/539 2332/566/2157 2337/571/2160 2336/570/2159
f 2067/283/1968 2336/570/2159 2338/572/2161 2069/285/1970
f 2336/570/2159 2337/571/2160 2339/573/2162 2338/572/2161
f 2329/563/2155 2328/562/533 2340/574/545 2341/575/2163
f 2341/575/2163 2340/574/545 2342/576/2164 2343/577/2165
f 2332/566/2157 2329/563/2155 2341/575/2163 2337/571/2160
f 2337/571/2160 2341/575/2163 2343/577/2165 2339/573/2162
f 2344/578/2166 2345/579/2167 2346/580/2168 2347/581/2169
f 2345/579/2167 2348/582/2170 2349/583/2171 2346/580/2168
f 2347/581/2169 2346/580/2168 2343/577/2165 2342/576/2164
f 2346/580/2168 2349/583/2171 2339/573/2162 2343/577/2165
f 2350/584/2172 2071/287/277 2074/290/1974 2351/585/2173
f 2351/585/2173 2074/290/1974 2069/285/1970 2338/572/2161
f 2348/582/2170 2350/584/2172 2351/585/2173 2349/583/2171
f 2349/583/2171 2351/585/2173 2338/572/2161 2339/573/2162
f 2071/307/277 2350/586/2172 2352/587/557 2087/308/1979
f 2350/586/2172 2348/588/2170 2353/589/558 2352/587/557
f 2087/308/1979 2352/587/557 2354/590/2174 2089/310/1981
f 2352/587/557 2353/589/558 2355/591/2175 2354/590/2174
f 2345/592/2167 2344/593/2166 2356/594/2176 2357/595/2177
f 2357/595/2177 2356/594/2176 2358/596/2178 2359/597/2179
f 2348/588/2170 2345/592/2167 2357/595/2177 2353/589/558
f 2353/589/558 2357/595/2177 2359/597/2179 2355/591/2175
f 2360/598/2180 2361/599/2181 2362/600/2182 2363/601/2183
f 2361/599/2181 2364/602/2184 2365/603/570 2362/600/2182
f 2363/601/2183 2362/600/2182 2359/597/2179 2358/596/2178
f 2362/600/2182 2365/603/570 2355/591/2175 2359/597/2179
f 2366/604/571 2091/312/1983 2094/315/300 2367/605/2185
f 2367/605/2185 2094/315/300 2089/310/1981 2354/590/2174
f 2364/602/2184 2366/604/571 2367/605/2185 2365/603/570
f 2365/603/570 2367/605/2185 2354/590/2174 2355/591/2175
f 2091/312/1983 2366/604/571 2368/606/573 2107/328/313
f 2366/604/571 2364/602/2184 2369/607/2186 2368/606/573
f 2107/328/313 2368/606/573 2370/608/575 2109/330/315
f 2368/606/573 2369/607/2186 2371/609/2187 2370/608/575
f 2361/599/2181 2360/598/2180 2372/610/2188 2373/611/2189
f 2373/611/2189 2372/610/2188 2374/612/2190 2375/613/2191
f 2364/602/2184 2361/599/2181 2373/611/2189 2369/607/2186
f 2369/607/2186 2373/611/2189 2375/613/2191 2371/609/2187
f 2376/614/2192 2377/615/582 2378/616/2193 2379/617/584
f 2377/615/582 2380/618/2194 2381/619/2195 2378/616/2193
f 2379/617/584 2378/616/2193 2375/613/2191 2374/612/2190
f 2378/616/2193 2381/619/2195 2371/609/2187 2375/613/2191
f 2382/620/587 2111/332/1995 2114/335/320 2383/621/2196
f 2383/621/2196 2114/335/320 2109/330/315 2370/608/575
f 2380/618/2194 2382/620/587 2383/621/2196 2381/619/2195
f 2381/619/2195 2383/621/2196 2370/608/575 2371/609/2187
f 2111/332/1995 2382/620/587 2384/622/2197 2133/354/2010
f 2382/620/587 2380/618/2194 2385/623/590 2384/622/2197
f 2133/354/2010 2384/622/2197 2386/624/2198 2135/356/2012
f 2384/622/2197 2385/623/590 2387/625/592 2386/624/2198
f 2377/615/582 2376/614/2192 2388/626/2199 2389/627/594
f 2389/627/594 2388/626/2199 2390/628/595 2391/629/2200
f 2380/618/2194 2377/615/582 2389/627/594 2385/623/590
f 2385/623/590 2389/627/594 2391/629/2200 2387/625/592
f 2392/630/2201 2393/631/2202 2394/632/599 2395/633/600
f 2393/631/2202 2396/634/2203 2397/635/2204 2394/632/599
f 2395/633/600 2394/632/599 2391/629/2200 2390/628/595
f 2394/632/599 2397/635/2204 2387/625/592 2391/629/2200
f 2398/636/603 2138/359/2014 2137/358/343 2399/637/2205
f 2399/637/2205 2137/358/343 2135/356/2012 2386/624/2198
f 2396/634/2203 2398/636/603 2399/637/2205 2397/635/2204
f 2397/635/2204 2399/637/2205 2386/624/2198 2387/625/592
f 2138/359/2014 2398/636/603 2400/638/2206 2150/374/356
f 2398/636/603 2396/634/2203 2401/639/2207 2400/638/2206
f 2150/374/356 2400/638/2206 2402/640/2208 2152/376/2025
f 2400/638/2206 2401/639/2207 2403/641/608 2402/640/2208
f 2393/631/2202 2392/630/2201 2404/642/2209 2405/643/610
f 2405/643/610 2404/642/2209 2406/644/611 2407/645/612
f 2396/634/2203 2393/631/2202 2405/643/610 2401/639/2207
f 2401/639/2207 2405/643/610 2407/645/612 2403/641/608
f 2291/646/496 2290/647/495 2408/648/2210 2409/649/2211
f 2290/647/495 2286/650/491 2410/651/2212 2408/648/2210
f 2409/649/2211 2408/648/2210 2407/645/612 2406/644/611
f 2408/648/2210 2410/651/2212 2403/641/608 2407/645/612
f 2284/652/2128 2011/379/1923 2154/378/2027 2411/653/2213
f 2411/653/2213 2154/378/2027 2152/376/2025 2402/640/2208
f 2286/650/491 2284/652/2128 2411/653/2213 2410/651/2212
f 2410/651/2212 2411/653/2213 2402/640/2208 2403/641/608
f 2412/654/617 2413/655/618 2414/656/619 2415/657/620
f 2413/655/618 2416/658/2214 2417/659/622 2414/656/619
f 2415/657/620 2414/656/619 2418/660/2215 2419/661/624
f 2414/656/619 2417/659/622 2420/662/625 2418/660/2215
f 2421/663/626 2422/664/2216 2423/665/2217 2424/666/629
f 2424/666/629 2423/665/2217 2425/667/2218 2426/668/2219
f 2416/658/2214 2421/663/626 2424/666/629 2417/659/622
f 2417/659/622 2424/666/629 2426/668/2219 2420/662/625
f 2427/669/632 2428/670/633 2429/671/634 2430/672/635
f 2428/670/633 2431/673/2220 2432/674/2221 2429/671/634
f 2430/672/635 2429/671/634 2426/668/2219 2425/667/2218
f 2429/671/634 2432/674/2221 2420/662/625 2426/668/2219
f 2433/675/2222 2434/676/2223 2435/677/640 2436/678/2224
f 2436/678/2224 2435/677/640 2419/661/624 2418/660/2215
f 2431/673/2220 2433/675/2222 2436/678/2224 2432/674/2221
f 2432/674/2221 2436/678/2224 2418/660/2215 2420/662/625
f 2437/679/2225 2438/680/2226 2439/681/644 2440/682/2227
f 2438/680/2226 2441/683/2228 2442/684/2229 2439/681/644
f 2440/682/2227 2439/681/644 2443/685/648 2444/686/649
f 2439/681/644 2442/684/2229 2445/687/2230 2443/685/648
f 2446/688/651 2412/654/617 2415/657/620 2447/689/2231
f 2447/689/2231 2415/657/620 2419/661/624 2448/690/2232
f 2441/683/2228 2446/688/651 2447/689/2231 2442/684/2229
f 2442/684/2229 2447/689/2231 2448/690/2232 2445/687/2230
f 2434/676/2223 2449/691/2233 2450/692/2234 2435/677/640
f 2449/691/2233 2451/693/2235 2452/694/2236 2450/692/2234
f 2435/677/640 2450/692/2234 2448/690/2232 2419/661/624
f 2450/692/2234 2452/694/2236 2445/687/2230 2448/690/2232
f 2453/695/658 2454/696/2237 2455/697/2238 2456/698/661
f 2456/698/661 2455/697/2238 2444/686/649 2443/685/648
f 2451/693/2235 2453/695/658 2456/698/661 2452/694/2236
f 2452/694/2236 2456/698/661 2443/685/648 2445/687/2230
f 2457/699/2239 2458/700/2240 2459/701/664 2460/702/665
f 2458/700/2240 2461/703/2241 2462/704/2242 2459/701/664
f 2460/702/665 2459/701/664 2463/705/2243 2464/706/669
f 2459/701/664 2462/704/2242 2465/707/2244 2463/705/2243
f 2466/708/671 2467/709/2245 2468/710/2246 2469/711/674
f 2469/711/674 2468/710/2246 2470/712/2247 2471/713/2248
f 2461/703/2241 2466/708/671 2469/711/674 2462/704/2242
f 2462/704/2242 2469/711/674 2471/713/2248 2465/707/2244
f 2437/679/2225 2440/682/2227 2472/714/677 2473/715/2249
f 2440/682/2227 2444/686/649 2474/716/679 2472/714/677
f 2473/715/2249 2472/714/677 2471/713/2248 2470/712/2247
f 2472/714/677 2474/716/679 2465/707/2244 2471/713/2248
f 2455/697/2238 2454/696/2237 2475/717/2250 2476/718/2251
f 2476/718/2251 2475/717/2250 2464/706/669 2463/705/2243
f 2444/686/649 2455/697/2238 2476/718/2251 2474/716/679
f 2474/716/679 2476/718/2251 2463/705/2243 2465/707/2244
f 2477/719/2252 2478/720/683 2479/721/2253 2480/722/2254
f 2478/720/683 2481/723/2255 2482/724/2256 2479/721/2253
f 2480/722/2254 2479/721/2253 2483/725/2257 2484/726/689
f 2479/721/2253 2482/724/2256 2485/727/690 2483/725/2257
f 2486/728/2258 2487/729/2259 2488/730/2260 2489/731/2261
f 2489/731/2261 2488/730/2260 2490/732/2262 2491/733/696
f 2481/723/2255 2486/728/2258 2489/731/2261 2482/724/2256
f 2482/724/2256 2489/731/2261 2491/733/696 2485/727/690
f 2467/709/2245 2466/708/671 2492/734/2263 2493/735/2264
f 2466/708/671 2461/703/2241 2494/736/2265 2492/734/2263
f 2493/735/2264 2492/734/2263 2491/733/696 2490/732/2262
f 2492/734/2263 2494/736/2265 2485/727/690 2491/733/696
f 2458/700/2240 2457/699/2239 2495/737/700 2496/738/2266
f 2496/738/2266 2495/737/700 2484/726/689 2483/725/2257
f 2461/703/2241 2458/700/2240 2496/738/2266 2494/736/2265
f 2494/736/2265 2496/738/2266 2483/725/2257 2485/727/690
f 2497/739/702 2498/740/2267 2499/741/2268 2500/742/705
f 2498/740/2267 2501/743/706 2502/744/2269 2499/741/2268
f 2500/742/705 2499/741/2268 2503/745/708 2504/746/2270
f 2499/741/2268 2502/744/2269 2505/747/710 2503/745/708
f 2506/748/2271 2487/749/2259 2486/750/2258 2507/751/712
f 2507/751/712 2486/750/2258 2481/752/2255 2508/753/2272
f 2501/743/706 2506/748/2271 2507/751/712 2502/744/2269
f 2502/744/2269 2507/751/712 2508/753/2272 2505/747/710
f 2477/754/2252 2509/755/714 2510/756/2273 2478/757/683
f 2509/755/714 2511/758/2274 2512/759/717 2510/756/2273
f 2478/757/683 2510/756/2273 2508/753/2272 2481/752/2255
f 2510/756/2273 2512/759/717 2505/747/710 2508/753/2272
f 2513/760/2275 2514/761/2276 2515/762/2277 2516/763/2278
f 2516/763/2278 2515/762/2277 2504/746/2270 2503/745/708
f 2511/758/2274 2513/760/2275 2516/763/2278 2512/759/717
f 2512/759/717 2516/763/2278 2503/745/708 2505/747/710
f 2517/764/2279 2518/765/723 2519/766/2280 2520/767/2281
f 2518/765/723 2521/768/2282 2522/769/2283 2519/766/2280
f 2520/767/2281 2519/766/2280 2523/770/2284 2524/771/2285
f 2519/766/2280 2522/769/2283 2525/772/2286 2523/770/2284
f 2526/773/731 2497/739/702 2500/742/705 2527/774/2287
f 2527/774/2287 2500/742/705 2504/746/2270 2528/775/2288
f 2521/768/2282 2526/773/731 2527/774/2287 2522/769/2283
f 2522/769/2283 2527/774/2287 2528/775/2288 2525/772/2286
f 2514/761/2276 2529/776/2289 2530/777/2290 2515/762/2277
f 2529/776/2289 2531/778/2291 2532/779/2292 2530/777/2290
f 2515/762/2277 2530/777/2290 2528/775/2288 2504/746/2270
f 2530/777/2290 2532/779/2292 2525/772/2286 2528/775/2288
f 2533/780/2293 2534/781/2294 2535/782/2295 2536/783/2296
f 2536/783/2296 2535/782/2295 2524/771/2285 2523/770/2284
f 2531/778/2291 2533/780/2293 2536/783/2296 2532/779/2292
f 2532/779/2292 2536/783/2296 2523/770/2284 2525/772/2286
f 2537/784/2297 2538/785/2298 2539/786/2299 2540/787/2300
f 2538/785/2298 2541/788/2301 2542/789/2302 2539/786/2299
f 2540/787/2300 2539/786/2299 2543/790/748 2544/791/2303
f 2539/786/2299 2542/789/2302 2545/792/750 2543/790/748
f 2546/793/2304 2547/794/752 2548/795/2305 2549/796/2306
f 2549/796/2306 2548/795/2305 2550/797/2307 2551/798/2308
f 2541/788/2301 2546/793/2304 2549/796/2306 2542/789/2302
f 2542/789/2302 2549/796/2306 2551/798/2308 2545/792/750
f 2517/764/2279 2520/767/2281 2552/799/2309 2553/800/2310
f 2520/767/2281 2524/771/2285 2554/801/2311 2552/799/2309
f 2553/800/2310 2552/799/2309 2551/798/2308 2550/797/2307
f 2552/799/2309 2554/801/2311 2545/792/750 2551/798/2308
f 2535/782/2295 2534/781/2294 2555/802/760 2556/803/2312
f 2556/803/2312 2555/802/760 2544/791/2303 2543/790/748
f 2524/771/2285 2535/782/2295 2556/803/2312 2554/801/2311
f 2554/801/2311 2556/803/2312 2543/790/748 2545/792/750
f 2427/804/632 2430/805/635 2557/806/2313 2558/807/763
f 2430/805/635 2425/808/2218 2559/809/764 2557/806/2313
f 2558/807/763 2557/806/2313 2560/810/2314 2561/811/766
f 2557/806/2313 2559/809/764 2562/812/2315 2560/810/2314
f 2423/813/2217 2422/814/2216 2563/815/2316 2564/816/2317
f 2564/816/2317 2563/815/2316 2565/817/2318 2566/818/2319
f 2425/808/2218 2423/813/2217 2564/816/2317 2559/809/764
f 2559/809/764 2564/816/2317 2566/818/2319 2562/812/2315
f 2547/794/752 2546/793/2304 2567/819/772 2568/820/2320
f 2546/793/2304 2541/788/2301 2569/821/774 2567/819/772
f 2568/820/2320 2567/819/772 2566/818/2319 2565/817/2318
f 2567/819/772 2569/821/774 2562/812/2315 2566/818/2319
f 2538/785/2298 2537/784/2297 2570/822/775 2571/823/2321
f 2571/823/2321 2570/822/775 2561/811/766 2560/810/2314
f 2541/788/2301 2538/785/2298 2571/823/2321 2569/821/774
f 2569/821/774 2571/823/2321 2560/810/2314 2562/812/2315
f 2427/824/632 2572/825/777 2573/826/2322 2428/827/633
f 2572/825/777 2574/828/2323 2575/829/2324 2573/826/2322
f 2428/827/633 2573/826/2322 2576/830/2325 2431/831/2220
f 2573/826/2322 2575/829/2324 2577/832/2326 2576/830/2325
f 2578/833/2327 2166/392/2036 2165/391/2035 2579/834/2328
f 2579/834/2328 2165/391/2035 2160/386/2031 2580/835/2329
f 2574/828/2323 2578/833/2327 2579/834/2328 2575/829/2324
f 2575/829/2324 2579/834/2328 2580/835/2329 2577/832/2326
f 2156/382/2029 2581/836/2330 2582/837/2331 2157/383/363
f 2581/836/2330 2583/838/2332 2584/839/2333 2582/837/2331
f 2157/383/363 2582/837/2331 2580/835/2329 2160/386/2031
f 2582/837/2331 2584/839/2333 2577/832/2326 2580/835/2329
f 2585/840/2334 2434/841/2223 2433/842/2222 2586/843/2335
f 2586/843/2335 2433/842/2222 2431/831/2220 2576/830/2325
f 2583/838/2332 2585/840/2334 2586/843/2335 2584/839/2333
f 2584/839/2333 2586/843/2335 2576/830/2325 2577/832/2326
f 2434/841/2223 2585/840/2334 2587/844/2336 2449/845/2233
f 2585/840/2334 2583/838/2332 2588/846/2337 2587/844/2336
f 2449/845/2233 2587/844/2336 2589/847/2338 2451/848/2235
f 2587/844/2336 2588/846/2337 2590/849/2339 2589/847/2338
f 2581/836/2330 2156/382/2029 2185/411/2053 2591/850/796
f 2591/850/796 2185/411/2053 2180/406/2048 2592/851/797
f 2583/838/2332 2581/836/2330 2591/850/796 2588/846/2337
f 2588/846/2337 2591/850/796 2592/851/797 2590/849/2339
f 2176/402/2046 2593/852/798 2594/853/2340 2177/403/383
f 2593/852/798 2595/854/2341 2596/855/2342 2594/853/2340
f 2177/403/383 2594/853/2340 2592/851/797 2180/406/2048
f 2594/853/2340 2596/855/2342 2590/849/2339 2592/851/797
f 2597/856/2343 2454/857/2237 2453/858/658 2598/859/803
f 2598/859/803 2453/858/658 2451/848/2235 2589/847/2338
f 2595/854/2341 2597/856/2343 2598/859/803 2596/855/2342
f 2596/855/2342 2598/859/803 2589/847/2338 2590/849/2339
f 2454/857/2237 2597/856/2343 2599/860/804 2475/861/2250
f 2597/856/2343 2595/854/2341 2600/862/2344 2599/860/804
f 2475/861/2250 2599/860/804 2601/863/806 2464/864/669
f 2599/860/804 2600/862/2344 2602/865/2345 2601/863/806
f 2593/852/798 2176/402/2046 2193/419/399 2603/866/808
f 2603/866/808 2193/419/399 2196/422/2062 2604/867/2346
f 2595/854/2341 2593/852/798 2603/866/808 2600/862/2344
f 2600/862/2344 2603/866/808 2604/867/2346 2602/865/2345
f 2205/431/2068 2605/868/810 2606/869/2347 2206/432/412
f 2605/868/810 2607/870/2348 2608/871/813 2606/869/2347
f 2206/432/412 2606/869/2347 2604/867/2346 2196/422/2062
f 2606/869/2347 2608/871/813 2602/865/2345 2604/867/2346
f 2609/872/2349 2457/873/2239 2460/874/665 2610/875/2350
f 2610/875/2350 2460/874/665 2464/864/669 2601/863/806
f 2607/870/2348 2609/872/2349 2610/875/2350 2608/871/813
f 2608/871/813 2610/875/2350 2601/863/806 2602/865/2345
f 2457/873/2239 2609/872/2349 2611/876/816 2495/877/700
f 2609/872/2349 2607/870/2348 2612/878/2351 2611/876/816
f 2495/877/700 2611/876/816 2613/879/818 2484/880/689
f 2611/876/816 2612/878/2351 2614/881/2352 2613/879/818
f 2605/868/810 2205/431/2068 2209/435/2071 2615/882/2353
f 2615/882/2353 2209/435/2071 2212/438/2074 2616/883/821
f 2607/870/2348 2605/868/810 2615/882/2353 2612/878/2351
f 2612/878/2351 2615/882/2353 2616/883/821 2614/881/2352
f 2221/447/2083 2617/884/2354 2618/885/823 2222/448/2084
f 2617/884/2354 2619/886/2355 2620/887/2356 2618/885/823
f 2222/448/2084 2618/885/823 2616/883/821 2212/438/2074
f 2618/885/823 2620/887/2356 2614/881/2352 2616/883/821
f 2621/888/826 2477/889/2252 2480/890/2254 2622/891/2357
f 2622/891/2357 2480/890/2254 2484/880/689 2613/879/818
f 2619/886/2355 2621/888/826 2622/891/2357 2620/887/2356
f 2620/887/2356 2622/891/2357 2613/879/818 2614/881/2352
f 2221/450/2083 2225/453/2087 2623/892/2358 2617/893/2354
f 2225/453/2087 2228/457/434 2624/894/2359 2623/892/2358
f 2617/893/2354 2623/892/2358 2625/895/2360 2619/896/2355
f 2623/892/2358 2624/894/2359 2626/897/2361 2625/895/2360
f 2238/468/2098 2237/467/2097 2627/898/832 2628/899/2362
f 2628/899/2362 2627/898/832 2629/900/2363 2630/901/2364
f 2228/457/434 2238/468/2098 2628/899/2362 2624/894/2359
f 2624/894/2359 2628/899/2362 2630/901/2364 2626/897/2361
f 2514/902/2276 2513/903/2275 2631/904/2365 2632/905/837
f 2513/903/2275 2511/906/2274 2633/907/838 2631/904/2365
f 2632/905/837 2631/904/2365 2630/901/2364 2629/900/2363
f 2631/904/2365 2633/907/838 2626/897/2361 2630/901/2364
f 2509/908/714 2477/909/2252 2621/910/826 2634/911/2366
f 2634/911/2366 2621/910/826 2619/896/2355 2625/895/2360
f 2511/906/2274 2509/908/714 2634/911/2366 2633/907/838
f 2633/907/838 2634/911/2366 2625/895/2360 2626/897/2361
f 2534/912/2294 2533/913/2293 2635/914/2367 2636/915/2368
f 2533/913/2293 2531/916/2291 2637/917/842 2635/914/2367
f 2636/915/2368 2635/914/2367 2638/918/2369 2639/919/2370
f 2635/914/2367 2637/917/842 2640/920/845 2638/918/2369
f 2529/921/2289 2514/902/2276 2632/905/837 2641/922/2371
f 2641/922/2371 2632/905/837 2629/900/2363 2642/923/2372
f 2531/916/2291 2529/921/2289 2641/922/2371 2637/917/842
f 2637/917/842 2641/922/2371 2642/923/2372 2640/920/845
f 2237/467/2097 2241/471/447 2643/924/2373 2627/898/832
f 2241/471/447 2244/474/2101 2644/925/2374 2643/924/2373
f 2627/898/832 2643/924/2373 2642/923/2372 2629/900/2363
f 2643/924/2373 2644/925/2374 2640/920/845 2642/923/2372
f 2254/484/459 2253/483/2109 2645/926/2375 2646/927/2376
f 2646/927/2376 2645/926/2375 2639/919/2370 2638/918/2369
f 2244/474/2101 2254/484/459 2646/927/2376 2644/925/2374
f 2644/925/2374 2646/927/2376 2638/918/2369 2640/920/845
f 2253/483/2109 2265/495/2116 2647/928/2377 2645/926/2375
f 2265/495/2116 2260/490/465 2648/929/853 2647/928/2377
f 2645/926/2375 2647/928/2377 2649/930/854 2639/919/2370
f 2647/928/2377 2648/929/853 2650/931/2378 2649/930/854
f 2257/487/2112 2256/486/2111 2651/932/856 2652/933/2379
f 2652/933/2379 2651/932/856 2653/934/858 2654/935/2380
f 2260/490/465 2257/487/2112 2652/933/2379 2648/929/853
f 2648/929/853 2652/933/2379 2654/935/2380 2650/931/2378
f 2537/936/2297 2540/937/2300 2655/938/2381 2656/939/861
f 2540/937/2300 2544/940/2303 2657/941/2382 2655/938/2381
f 2656/939/861 2655/938/2381 2654/935/2380 2653/934/858
f 2655/938/2381 2657/941/2382 2650/931/2378 2654/935/2380
f 2555/942/760 2534/912/2294 2636/915/2368 2658/943/2383
f 2658/943/2383 2636/915/2368 2639/919/2370 2649/930/854
f 2544/940/2303 2555/942/760 2658/943/2383 2657/941/2382
f 2657/941/2382 2658/943/2383 2649/930/854 2650/931/2378
f 2537/936/2297 2656/939/861 2659/944/864 2570/945/775
f 2656/939/861 2653/934/858 2660/946/2384 2659/944/864
f 2570/945/775 2659/944/864 2661/947/2385 2561/948/766
f 2659/944/864 2660/946/2384 2662/949/2386 2661/947/2385
f 2651/932/856 2256/486/2111 2278/511/2124 2663/950/2387
f 2663/950/2387 2278/511/2124 2274/506/479 2664/951/2388
f 2653/934/858 2651/932/856 2663/950/2387 2660/946/2384
f 2660/946/2384 2663/950/2387 2664/951/2388 2662/949/2386
f 2166/502/2036 2578/952/2327 2665/953/2389 2272/503/2122
f 2578/952/2327 2574/954/2323 2666/955/871 2665/953/2389
f 2272/503/2122 2665/953/2389 2664/951/2388 2274/506/479
f 2665/953/2389 2666/955/871 2662/949/2386 2664/951/2388
f 2572/956/777 2427/957/632 2558/958/763 2667/959/2390
f 2667/959/2390 2558/958/763 2561/948/766 2661/947/2385
f 2574/954/2323 2572/956/777 2667/959/2390 2666/955/871
f 2666/955/871 2667/959/2390 2661/947/2385 2662/949/2386
f 2668/960/873 2669/961/2391 2670/962/2392 2671/963/876
f 2669/961/2391 2672/964/2393 2673/965/2394 2670/962/2392
f 2671/963/876 2670/962/2392 2674/966/2395 2675/967/2396
f 2670/962/2392 2673/965/2394 2676/968/2397 2674/966/2395
f 2677/969/2398 2678/970/2399 2679/971/2400 2680/972/2401
f 2680/972/2401 2679/971/2400 2681/973/2402 2682/974/2403
f 2672/964/2393 2677/969/2398 2680/972/2401 2673/965/2394
f 2673/965/2394 2680/972/2401 2682/974/2403 2676/968/2397
f 2422/664/2216 2421/663/626 2683/975/888 2684/976/889
f 2421/663/626 2416/658/2214 2685/977/890 2683/975/888
f 2684/976/889 2683/975/888 2682/974/2403 2681/973/2402
f 2683/975/888 2685/977/890 2676/968/2397 2682/974/2403
f 2413/655/618 2412/654/617 2686/978/2404 2687/979/2405
f 2687/979/2405 2686/978/2404 2675/967/2396 2674/966/2395
f 2416/658/2214 2413/655/618 2687/979/2405 2685/977/890
f 2685/977/890 2687/979/2405 2674/966/2395 2676/968/2397
f 2688/980/893 2689/981/2406 2690/982/2407 2691/983/2408
f 2689/981/2406 2692/984/2409 2693/985/2410 2690/982/2407
f 2691/983/2408 2690/982/2407 2694/986/2411 2695/987/900
f 2690/982/2407 2693/985/2410 2696/988/2412 2694/986/2411
f 2697/989/2413 2668/960/873 2671/963/876 2698/990/903
f 2698/990/903 2671/963/876 2675/967/2396 2699/991/2414
f 2692/984/2409 2697/989/2413 2698/990/903 2693/985/2410
f 2693/985/2410 2698/990/903 2699/991/2414 2696/988/2412
f 2412/654/617 2446/688/651 2700/992/905 2686/978/2404
f 2446/688/651 2441/683/2228 2701/993/2415 2700/992/905
f 2686/978/2404 2700/992/905 2699/991/2414 2675/967/2396
f 2700/992/905 2701/993/2415 2696/988/2412 2699/991/2414
f 2438/680/2226 2437/679/2225 2702/994/2416 2703/995/2417
f 2703/995/2417 2702/994/2416 2695/987/900 2694/986/2411
f 2441/683/2228 2438/680/2226 2703/995/2417 2701/993/2415
f 2701/993/2415 2703/995/2417 2694/986/2411 2696/988/2412
f 2688/980/893 2691/983/2408 2704/996/2418 2705/997/910
f 2691/983/2408 2695/987/900 2706/998/2419 2704/996/2418
f 2705/997/910 2704/996/2418 2707/999/912 2708/1000/2420
f 2704/996/2418 2706/998/2419 2709/1001/2421 2707/999/912
f 2702/994/2416 2437/679/2225 2473/715/2249 2710/1002/915
f 2710/1002/915 2473/715/2249 2470/712/2247 2711/1003/2422
f 2695/987/900 2702/994/2416 2710/1002/915 2706/998/2419
f 2706/998/2419 2710/1002/915 2711/1003/2422 2709/1001/2421
f 2467/709/2245 2712/1004/2423 2713/1005/2424 2468/710/2246
f 2712/1004/2423 2714/1006/2425 2715/1007/2426 2713/1005/2424
f 2468/710/2246 2713/1005/2424 2711/1003/2422 2470/712/2247
f 2713/1005/2424 2715/1007/2426 2709/1001/2421 2711/1003/2422
f 2716/1008/2427 2717/1009/2428 2718/1010/923 2719/1011/2429
f 2719/1011/2429 2718/1010/923 2708/1000/2420 2707/999/912
f 2714/1006/2425 2716/1008/2427 2719/1011/2429 2715/1007/2426
f 2715/1007/2426 2719/1011/2429 2707/999/912 2709/1001/2421
f 2487/729/2259 2720/1012/2430 2721/1013/926 2488/730/2260
f 2720/1012/2430 2722/1014/2431 2723/1015/928 2721/1013/926
f 2488/730/2260 2721/1013/926 2724/1016/2432 2490/732/2262
f 2721/1013/926 2723/1015/928 2725/1017/2433 2724/1016/2432
f 2726/1018/2434 2727/1019/2435 2728/1020/2436 2729/1021/2437
f 2729/1021/2437 2728/1020/2436 2730/1022/2438 2731/1023/2439
f 2722/1014/2431 2726/1018/2434 2729/1021/2437 2723/1015/928
f 2723/1015/928 2729/1021/2437 2731/1023/2439 2725/1017/2433
f 2717/1009/2428 2716/1008/2427 2732/1024/2440 2733/1025/2441
f 2716/1008/2427 2714/1006/2425 2734/1026/2442 2732/1024/2440
f 2733/1025/2441 2732/1024/2440 2731/1023/2439 2730/1022/2438
f 2732/1024/2440 2734/1026/2442 2725/1017/2433 2731/1023/2439
f 2712/1004/2423 2467/709/2245 2493/735/2264 2735/1027/2443
f 2735/1027/2443 2493/735/2264 2490/732/2262 2724/1016/2432
f 2714/1006/2425 2712/1004/2423 2735/1027/2443 2734/1026/2442
f 2734/1026/2442 2735/1027/2443 2724/1016/2432 2725/1017/2433
f 2736/1028/2444 2737/1029/2445 2738/1030/2446 2739/1031/2447
f 2737/1029/2445 2740/1032/2448 2741/1033/2449 2738/1030/2446
f 2739/1031/2447 2738/1030/2446 2742/1034/2450 2743/1035/948
f 2738/1030/2446 2741/1033/2449 2744/1036/2451 2742/1034/2450
f 2745/1037/2452 2727/1038/2435 2726/1039/2434 2746/1040/2453
f 2746/1040/2453 2726/1039/2434 2722/1041/2431 2747/1042/2454
f 2740/1032/2448 2745/1037/2452 2746/1040/2453 2741/1033/2449
f 2741/1033/2449 2746/1040/2453 2747/1042/2454 2744/1036/2451
f 2487/749/2259 2506/748/2271 2748/1043/2455 2720/1044/2430
f 2506/748/2271 2501/743/706 2749/1045/954 2748/1043/2455
f 2720/1044/2430 2748/1043/2455 2747/1042/2454 2722/1041/2431
f 2748/1043/2455 2749/1045/954 2744/1036/2451 2747/1042/2454
f 2498/740/2267 2497/739/702 2750/1046/2456 2751/1047/2457
f 2751/1047/2457 2750/1046/2456 2743/1035/948 2742/1034/2450
f 2501/743/706 2498/740/2267 2751/1047/2457 2749/1045/954
f 2749/1045/954 2751/1047/2457 2742/1034/2450 2744/1036/2451
f 2752/1048/2458 2753/1049/2459 2754/1050/2460 2755/1051/2461
f 2753/1049/2459 2756/1052/2462 2757/1053/2463 2754/1050/2460
f 2755/1051/2461 2754/1050/2460 2758/1054/2464 2759/1055/964
f 2754/1050/2460 2757/1053/2463 2760/1056/965 2758/1054/2464
f 2761/1057/2465 2736/1028/2444 2739/1031/2447 2762/1058/967
f 2762/1058/967 2739/1031/2447 2743/1035/948 2763/1059/968
f 2756/1052/2462 2761/1057/2465 2762/1058/967 2757/1053/2463
f 2757/1053/2463 2762/1058/967 2763/1059/968 2760/1056/965
f 2497/739/702 2526/773/731 2764/1060/2466 2750/1046/2456
f 2526/773/731 2521/768/2282 2765/1061/2467 2764/1060/2466
f 2750/1046/2456 2764/1060/2466 2763/1059/968 2743/1035/948
f 2764/1060/2466 2765/1061/2467 2760/1056/965 2763/1059/968
f 2518/765/723 2517/764/2279 2766/1062/2468 2767/1063/2469
f 2767/1063/2469 2766/1062/2468 2759/1055/964 2758/1054/2464
f 2521/768/2282 2518/765/723 2767/1063/2469 2765/1061/2467
f 2765/1061/2467 2767/1063/2469 2758/1054/2464 2760/1056/965
f 2752/1048/2458 2755/1051/2461 2768/1064/2470 2769/1065/2471
f 2755/1051/2461 2759/1055/964 2770/1066/975 2768/1064/2470
f 2769/1065/2471 2768/1064/2470 2771/1067/2472 2772/1068/2473
f 2768/1064/2470 2770/1066/975 2773/1069/2474 2771/1067/2472
f 2766/1062/2468 2517/764/2279 2553/800/2310 2774/1070/2475
f 2774/1070/2475 2553/800/2310 2550/797/2307 2775/1071/2476
f 2759/1055/964 2766/1062/2468 2774/1070/2475 2770/1066/975
f 2770/1066/975 2774/1070/2475 2775/1071/2476 2773/1069/2474
f 2547/794/752 2776/1072/2477 2777/1073/2478 2548/795/2305
f 2776/1072/2477 2778/1074/983 2779/1075/2479 2777/1073/2478
f 2548/795/2305 2777/1073/2478 2775/1071/2476 2550/797/2307
f 2777/1073/2478 2779/1075/2479 2773/1069/2474 2775/1071/2476
f 2780/1076/2480 2781/1077/2481 2782/1078/2482 2783/1079/2483
f 2783/1079/2483 2782/1078/2482 2772/1068/2473 2771/1067/2472
f 2778/1074/983 2780/1076/2480 2783/1079/2483 2779/1075/2479
f 2779/1075/2479 2783/1079/2483 2771/1067/2472 2773/1069/2474
f 2781/1077/2481 2780/1076/2480 2784/1080/2484 2785/1081/2485
f 2780/1076/2480 2778/1074/983 2786/1082/2486 2784/1080/2484
f 2785/1081/2485 2784/1080/2484 2787/1083/2487 2788/1084/2488
f 2784/1080/2484 2786/1082/2486 2789/1085/2489 2787/1083/2487
f 2776/1072/2477 2547/794/752 2568/820/2320 2790/1086/2490
f 2790/1086/2490 2568/820/2320 2565/817/2318 2791/1087/2491
f 2778/1074/983 2776/1072/2477 2790/1086/2490 2786/1082/2486
f 2786/1082/2486 2790/1086/2490 2791/1087/2491 2789/1085/2489
f 2422/814/2216 2684/1088/889 2792/1089/2492 2563/815/2316
f 2684/1088/889 2681/1090/2402 2793/1091/2493 2792/1089/2492
f 2563/815/2316 2792/1089/2492 2791/1087/2491 2565/817/2318
f 2792/1089/2492 2793/1091/2493 2789/1085/2489 2791/1087/2491
f 2679/1092/2400 2678/1093/2399 2794/1094/2494 2795/1095/1000
f 2795/1095/1000 2794/1094/2494 2788/1084/2488 2787/1083/2487
f 2681/1090/2402 2679/1092/2400 2795/1095/1000 2793/1091/2493
f 2793/1091/2493 2795/1095/1000 2787/1083/2487 2789/1085/2489
f 2796/1096/1001 2797/1097/2495 2798/1098/1003 2799/1099/2496
f 2797/1097/2495 2800/1100/1005 2801/1101/2497 2798/1098/1003
f 2799/1099/2496 2798/1098/1003 2802/1102/1007 2803/1103/1008
f 2798/1098/1003 2801/1101/2497 2804/1104/1009 2802/1102/1007
f 2805/1105/1010 2806/1106/2498 2807/1107/1012 2808/1108/2499
f 2808/1108/2499 2807/1107/1012 2809/1109/1014 2810/1110/2500
f 2800/1100/1005 2805/1105/1010 2808/1108/2499 2801/1101/2497
f 2801/1101/2497 2808/1108/2499 2810/1110/2500 2804/1104/1009
f 1986/202/192 1989/205/1915 2811/1111/2501 2812/1112/1017
f 1989/205/1915 1984/200/190 2813/1113/2502 2811/1111/2501
f 2812/1112/1017 2811/1111/2501 2810/1110/2500 2809/1109/1014
f 2811/1111/2501 2813/1113/2502 2804/1104/1009 2810/1110/2500
f 1982/198/1911 1981/197/1910 2814/1114/1019 2815/1115/2503
f 2815/1115/2503 2814/1114/1019 2803/1103/1008 2802/1102/1007
f 1984/200/190 1982/198/1911 2815/1115/2503 2813/1113/2502
f 2813/1113/2502 2815/1115/2503 2802/1102/1007 2804/1104/1009
f 2816/1116/2504 2817/1117/1022 2818/1118/2505 2819/1119/1024
f 2817/1117/1022 2820/1120/2506 2821/1121/1026 2818/1118/2505
f 2819/1119/1024 2818/1118/2505 2822/1122/2507 2823/1123/1028
f 2818/1118/2505 2821/1121/1026 2824/1124/2508 2822/1122/2507
f 2825/1125/1030 2826/1126/1031 2827/1127/2509 2828/1128/2510
f 2828/1128/2510 2827/1127/2509 2829/1129/1034 2830/1130/1035
f 2820/1120/2506 2825/1125/1030 2828/1128/2510 2821/1121/1026
f 2821/1121/1026 2828/1128/2510 2830/1130/1035 2824/1124/2508
f 1986/1131/192 2812/1132/1017 2831/1133/1036 2832/1134/1037
f 2812/1132/1017 2809/1135/1014 2833/1136/1038 2831/1133/1036
f 2832/1134/1037 2831/1133/1036 2830/1130/1035 2829/1129/1034
f 2831/1133/1036 2833/1136/1038 2824/1124/2508 2830/1130/1035
f 2807/1137/1012 2806/1138/2498 2834/1139/2511 2835/1140/1040
f 2835/1140/1040 2834/1139/2511 2823/1123/1028 2822/1122/2507
f 2809/1135/1014 2807/1137/1012 2835/1140/1040 2833/1136/1038
f 2833/1136/1038 2835/1140/1040 2822/1122/2507 2824/1124/2508
f 1986/1131/192 2832/1134/1037 2836/1141/1041 1987/1142/1913
f 2832/1134/1037 2829/1129/1034 2837/1143/1042 2836/1141/1041
f 1987/1142/1913 2836/1141/1041 2838/1144/1043 1990/1145/196
f 2836/1141/1041 2837/1143/1042 2839/1146/2512 2838/1144/1043
f 2827/1127/2509 2826/1126/1031 2840/1147/1045 2841/1148/2513
f 2841/1148/2513 2840/1147/1045 2842/1149/2514 2843/1150/1048
f 2829/1129/1034 2827/1127/2509 2841/1148/2513 2837/1143/1042
f 2837/1143/1042 2841/1148/2513 2843/1150/1048 2839/1146/2512
f 2844/1151/2515 2845/1152/2516 2846/1153/2517 2847/1154/2518
f 2845/1152/2516 2848/1155/1053 2849/1156/2519 2846/1153/2517
f 2847/1154/2518 2846/1153/2517 2843/1150/1048 2842/1149/2514
f 2846/1153/2517 2849/1156/2519 2839/1146/2512 2843/1150/1048
f 2850/1157/1055 1993/1158/1917 1992/1159/198 2851/1160/2520
f 2851/1160/2520 1992/1159/198 1990/1145/196 2838/1144/1043
f 2848/1155/1053 2850/1157/1055 2851/1160/2520 2849/1156/2519
f 2849/1156/2519 2851/1160/2520 2838/1144/1043 2839/1146/2512
f 1971/187/177 1974/190/180 2852/1161/2521 2853/1162/2522
f 1974/190/180 1978/194/1908 2854/1163/1059 2852/1161/2521
f 2853/1162/2522 2852/1161/2521 2855/1164/2523 2856/1165/2524
f 2852/1161/2521 2854/1163/1059 2857/1166/1062 2855/1164/2523
f 1994/210/200 1993/209/1917 2858/1167/1063 2859/1168/2525
f 2859/1168/2525 2858/1167/1063 2860/1169/2526 2861/1170/1066
f 1978/194/1908 1994/210/200 2859/1168/2525 2854/1163/1059
f 2854/1163/1059 2859/1168/2525 2861/1170/1066 2857/1166/1062
f 2862/1171/1067 2863/1172/2527 2864/1173/2528 2865/1174/2529
f 2863/1172/2527 2866/1175/2530 2867/1176/2531 2864/1173/2528
f 2865/1174/2529 2864/1173/2528 2861/1170/1066 2860/1169/2526
f 2864/1173/2528 2867/1176/2531 2857/1166/1062 2861/1170/1066
f 2868/1177/1073 2869/1178/2532 2870/1179/2533 2871/1180/1076
f 2871/1180/1076 2870/1179/2533 2856/1165/2524 2855/1164/2523
f 2866/1175/2530 2868/1177/1073 2871/1180/1076 2867/1176/2531
f 2867/1176/2531 2871/1180/1076 2855/1164/2523 2857/1166/1062
f 2872/1181/2534 2873/1182/2535 2874/1183/1079 2875/1184/2536
f 2873/1182/2535 2876/1185/2537 2877/1186/1082 2874/1183/1079
f 2875/1184/2536 2874/1183/1079 2878/1187/2538 2879/1188/2539
f 2874/1183/1079 2877/1186/1082 2880/1189/2540 2878/1187/2538
f 2881/1190/2541 1981/197/1910 1980/196/1909 2882/1191/2542
f 2882/1191/2542 1980/196/1909 1975/191/1905 2883/1192/1088
f 2876/1185/2537 2881/1190/2541 2882/1191/2542 2877/1186/1082
f 2877/1186/1082 2882/1191/2542 2883/1192/1088 2880/1189/2540
f 1971/187/177 2853/1162/2522 2884/1193/2543 1972/188/1904
f 2853/1162/2522 2856/1165/2524 2885/1194/1090 2884/1193/2543
f 1972/188/1904 2884/1193/2543 2883/1192/1088 1975/191/1905
f 2884/1193/2543 2885/1194/1090 2880/1189/2540 2883/1192/1088
f 2870/1179/2533 2869/1178/2532 2886/1195/2544 2887/1196/2545
f 2887/1196/2545 2886/1195/2544 2879/1188/2539 2878/1187/2538
f 2856/1165/2524 2870/1179/2533 2887/1196/2545 2885/1194/1090
f 2885/1194/1090 2887/1196/2545 2878/1187/2538 2880/1189/2540
f 2796/1096/1001 2799/1099/2496 2888/1197/2546 2889/1198/2547
f 2799/1099/2496 2803/1103/1008 2890/1199/2548 2888/1197/2546
f 2889/1198/2547 2888/1197/2546 2891/1200/2549 2892/1201/2550
f 2888/1197/2546 2890/1199/2548 2893/1202/2551 2891/1200/2549
f 2814/1114/1019 1981/197/1910 2881/1190/2541 2894/1203/2552
f 2894/1203/2552 2881/1190/2541 2876/1185/2537 2895/1204/1100
f 2803/1103/1008 2814/1114/1019 2894/1203/2552 2890/1199/2548
f 2890/1199/2548 2894/1203/2552 2895/1204/1100 2893/1202/2551
f 2872/1181/2534 2896/1205/2553 2897/1206/2554 2873/1182/2535
f 2896/1205/2553 2898/1207/2555 2899/1208/2556 2897/1206/2554
f 2873/1182/2535 2897/1206/2554 2895/1204/1100 2876/1185/2537
f 2897/1206/2554 2899/1208/2556 2893/1202/2551 2895/1204/1100
f 2900/1209/1105 2901/1210/2557 2902/1211/2558 2903/1212/2559
f 2903/1212/2559 2902/1211/2558 2892/1201/2550 2891/1200/2549
f 2898/1207/2555 2900/1209/1105 2903/1212/2559 2899/1208/2556
f 2899/1208/2556 2903/1212/2559 2891/1200/2549 2893/1202/2551
f 2904/1213/2560 2905/1214/1110 2906/1215/2561 2907/1216/2562
f 2905/1214/1110 2908/1217/2563 2909/1218/2564 2906/1215/2561
f 2907/1216/2562 2906/1215/2561 2910/1219/2565 2911/1220/1116
f 2906/1215/2561 2909/1218/2564 2912/1221/2566 2910/1219/2565
f 2913/1222/1118 2806/1106/2498 2805/1105/1010 2914/1223/2567
f 2914/1223/2567 2805/1105/1010 2800/1100/1005 2915/1224/2568
f 2908/1217/2563 2913/1222/1118 2914/1223/2567 2909/1218/2564
f 2909/1218/2564 2914/1223/2567 2915/1224/2568 2912/1221/2566
f 2796/1096/1001 2889/1198/2547 2916/1225/2569 2797/1097/2495
f 2889/1198/2547 2892/1201/2550 2917/1226/1122 2916/1225/2569
f 2797/1097/2495 2916/1225/2569 2915/1224/2568 2800/1100/1005
f 2916/1225/2569 2917/1226/1122 2912/1221/2566 2915/1224/2568
f 2902/1211/2558 2901/1210/2557 2918/1227/1123 2919/1228/2570
f 2919/1228/2570 2918/1227/1123 2911/1220/1116 2910/1219/2565
f 2892/1201/2550 2902/1211/2558 2919/1228/2570 2917/1226/1122
f 2917/1226/1122 2919/1228/2570 2910/1219/2565 2912/1221/2566
f 2816/1116/2504 2819/1119/1024 2920/1229/2571 2921/1230/1126
f 2819/1119/1024 2823/1123/1028 2922/1231/2572 2920/1229/2571
f 2921/1230/1126 2920/1229/2571 2923/1232/2573 2924/1233/2574
f 2920/1229/2571 2922/1231/2572 2925/1234/1130 2923/1232/2573
f 2834/1139/2511 2806/1138/2498 2913/1235/1118 2926/1236/2575
f 2926/1236/2575 2913/1235/1118 2908/1237/2563 2927/1238/2576
f 2823/1123/1028 2834/1139/2511 2926/1236/2575 2922/1231/2572
f 2922/1231/2572 2926/1236/2575 2927/1238/2576 2925/1234/1130
f 2904/1239/2560 2928/1240/2577 2929/1241/2578 2905/1242/1110
f 2928/1240/2577 2930/1243/2579 2931/1244/2580 2929/1241/2578
f 2905/1242/1110 2929/1241/2578 2927/1238/2576 2908/1237/2563
f 2929/1241/2578 2931/1244/2580 2925/1234/1130 2927/1238/2576
f 2932/1245/2581 2933/1246/2582 2934/1247/2583 2935/1248/2584
f 2935/1248/2584 2934/1247/2583 2924/1233/2574 2923/1232/2573
f 2930/1243/2579 2932/1245/2581 2935/1248/2584 2931/1244/2580
f 2931/1244/2580 2935/1248/2584 2923/1232/2573 2925/1234/1130
f 2936/1249/2585 2937/1250/2586 2938/1251/2587 2939/1252/2588
f 2937/1250/2586 2940/1253/1145 2941/1254/2589 2938/1251/2587
f 2939/1252/2588 2938/1251/2587 2942/1255/2590 2943/1256/2591
f 2938/1251/2587 2941/1254/2589 2944/1257/2592 2942/1255/2590
f 2945/1258/2593 2826/1126/1031 2825/1125/1030 2946/1259/2594
f 2946/1259/2594 2825/1125/1030 2820/1120/2506 2947/1260/2595
f 2940/1253/1145 2945/1258/2593 2946/1259/2594 2941/1254/2589
f 2941/1254/2589 2946/1259/2594 2947/1260/2595 2944/1257/2592
f 2816/1116/2504 2921/1230/1126 2948/1261/2596 2817/1117/1022
f 2921/1230/1126 2924/1233/2574 2949/1262/2597 2948/1261/2596
f 2817/1117/1022 2948/1261/2596 2947/1260/2595 2820/1120/2506
f 2948/1261/2596 2949/1262/2597 2944/1257/2592 2947/1260/2595
f 2934/1247/2583 2933/1246/2582 2950/1263/2598 2951/1264/2599
f 2951/1264/2599 2950/1263/2598 2943/1256/2591 2942/1255/2590
f 2924/1233/2574 2934/1247/2583 2951/1264/2599 2949/1262/2597
f 2949/1262/2597 2951/1264/2599 2942/1255/2590 2944/1257/2592
f 2844/1151/2515 2847/1154/2518 2952/1265/2600 2953/1266/1158
f 2847/1154/2518 2842/1149/2514 2954/1267/2601 2952/1265/2600
f 2953/1266/1158 2952/1265/2600 2955/1268/1160 2956/1269/2602
f 2952/1265/2600 2954/1267/2601 2957/1270/2603 2955/1268/1160
f 2840/1147/1045 2826/1126/1031 2945/1258/2593 2958/1271/2604
f 2958/1271/2604 2945/1258/2593 2940/1253/1145 2959/1272/2605
f 2842/1149/2514 2840/1147/1045 2958/1271/2604 2954/1267/2601
f 2954/1267/2601 2958/1271/2604 2959/1272/2605 2957/1270/2603
f 2936/1249/2585 2960/1273/2606 2961/1274/2607 2937/1250/2586
f 2960/1273/2606 2962/1275/2608 2963/1276/2609 2961/1274/2607
f 2937/1250/2586 2961/1274/2607 2959/1272/2605 2940/1253/1145
f 2961/1274/2607 2963/1276/2609 2957/1270/2603 2959/1272/2605
f 2964/1277/2610 2965/1278/1170 2966/1279/2611 2967/1280/1172
f 2967/1280/1172 2966/1279/2611 2956/1269/2602 2955/1268/1160
f 2962/1275/2608 2964/1277/2610 2967/1280/1172 2963/1276/2609
f 2963/1276/2609 2967/1280/1172 2955/1268/1160 2957/1270/2603
f 2862/1281/1067 2865/1282/2529 2968/1283/1173 2969/1284/2612
f 2865/1282/2529 2860/1285/2526 2970/1286/1175 2968/1283/1173
f 2969/1284/2612 2968/1283/1173 2971/1287/1176 2972/1288/2613
f 2968/1283/1173 2970/1286/1175 2973/1289/2614 2971/1287/1176
f 2858/1290/1063 1993/1158/1917 2850/1157/1055 2974/1291/2615
f 2974/1291/2615 2850/1157/1055 2848/1155/1053 2975/1292/2616
f 2860/1285/2526 2858/1290/1063 2974/1291/2615 2970/1286/1175
f 2970/1286/1175 2974/1291/2615 2975/1292/2616 2973/1289/2614
f 2844/1151/2515 2953/1266/1158 2976/1293/1181 2845/1152/2516
f 2953/1266/1158 2956/1269/2602 2977/1294/2617 2976/1293/1181
f 2845/1152/2516 2976/1293/1181 2975/1292/2616 2848/1155/1053
f 2976/1293/1181 2977/1294/2617 2973/1289/2614 2975/1292/2616
f 2966/1279/2611 2965/1278/1170 2978/1295/2618 2979/1296/2619
f 2979/1296/2619 2978/1295/2618 2972/1288/2613 2971/1287/1176
f 2956/1269/2602 2966/1279/2611 2979/1296/2619 2977/1294/2617
f 2977/1294/2617 2979/1296/2619 2971/1287/1176 2973/1289/2614
f 2980/1297/2620 2981/1298/1186 2982/1299/1187 2983/1300/2621
f 2981/1298/1186 2984/1301/2622 2985/1302/2623 2982/1299/1187
f 2983/1300/2621 2982/1299/1187 2986/1303/2624 2987/1304/2625
f 2982/1299/1187 2985/1302/2623 2988/1305/2626 2986/1303/2624
f 2989/1306/2627 2990/1307/1195 2991/1308/2628 2992/1309/2629
f 2992/1309/2629 2991/1308/2628 2993/1310/2630 2994/1311/2631
f 2984/1301/2622 2989/1306/2627 2992/1309/2629 2985/1302/2623
f 2985/1302/2623 2992/1309/2629 2994/1311/2631 2988/1305/2626
f 2678/970/2399 2677/969/2398 2995/1312/2632 2996/1313/2633
f 2677/969/2398 2672/964/2393 2997/1314/2634 2995/1312/2632
f 2996/1313/2633 2995/1312/2632 2994/1311/2631 2993/1310/2630
f 2995/1312/2632 2997/1314/2634 2988/1305/2626 2994/1311/2631
f 2669/961/2391 2668/960/873 2998/1315/2635 2999/1316/2636
f 2999/1316/2636 2998/1315/2635 2987/1304/2625 2986/1303/2624
f 2672/964/2393 2669/961/2391 2999/1316/2636 2997/1314/2634
f 2997/1314/2634 2999/1316/2636 2986/1303/2624 2988/1305/2626
f 3000/1317/1205 3001/1318/2637 3002/1319/2638 3003/1320/2639
f 3001/1318/2637 3004/1321/2640 3005/1322/2641 3002/1319/2638
f 3003/1320/2639 3002/1319/2638 3006/1323/2642 3007/1324/2643
f 3002/1319/2638 3005/1322/2641 3008/1325/2644 3006/1323/2642
f 3009/1326/2645 2980/1297/2620 2983/1300/2621 3010/1327/1215
f 3010/1327/1215 2983/1300/2621 2987/1304/2625 3011/1328/2646
f 3004/1321/2640 3009/1326/2645 3010/1327/1215 3005/1322/2641
f 3005/1322/2641 3010/1327/1215 3011/1328/2646 3008/1325/2644
f 2668/960/873 2697/989/2413 3012/1329/2647 2998/1315/2635
f 2697/989/2413 2692/984/2409 3013/1330/1218 3012/1329/2647
f 2998/1315/2635 3012/1329/2647 3011/1328/2646 2987/1304/2625
f 3012/1329/2647 3013/1330/1218 3008/1325/2644 3011/1328/2646
f 2689/981/2406 2688/980/893 3014/1331/2648 3015/1332/1220
f 3015/1332/1220 3014/1331/2648 3007/1324/2643 3006/1323/2642
f 2692/984/2409 2689/981/2406 3015/1332/1220 3013/1330/1218
f 3013/1330/1218 3015/1332/1220 3006/1323/2642 3008/1325/2644
f 3000/1317/1205 3003/1320/2639 3016/1333/2649 3017/1334/2650
f 3003/1320/2639 3007/1324/2643 3018/1335/1223 3016/1333/2649
f 3017/1334/2650 3016/1333/2649 3019/1336/2651 3020/1337/2652
f 3016/1333/2649 3018/1335/1223 3021/1338/2653 3019/1336/2651
f 3014/1331/2648 2688/980/893 2705/997/910 3022/1339/2654
f 3022/1339/2654 2705/997/910 2708/1000/2420 3023/1340/1228
f 3007/1324/2643 3014/1331/2648 3022/1339/2654 3018/1335/1223
f 3018/1335/1223 3022/1339/2654 3023/1340/1228 3021/1338/2653
f 2717/1009/2428 3024/1341/2655 3025/1342/1230 2718/1010/923
f 3024/1341/2655 3026/1343/2656 3027/1344/2657 3025/1342/1230
f 2718/1010/923 3025/1342/1230 3023/1340/1228 2708/1000/2420
f 3025/1342/1230 3027/1344/2657 3021/1338/2653 3023/1340/1228
f 3028/1345/1233 3029/1346/2658 3030/1347/2659 3031/1348/2660
f 3031/1348/2660 3030/1347/2659 3020/1337/2652 3019/1336/2651
f 3026/1343/2656 3028/1345/1233 3031/1348/2660 3027/1344/2657
f 3027/1344/2657 3031/1348/2660 3019/1336/2651 3021/1338/2653
f 2727/1019/2435 3032/1349/1237 3033/1350/2661 2728/1020/2436
f 3032/1349/1237 3034/1351/2662 3035/1352/2663 3033/1350/2661
f 2728/1020/2436 3033/1350/2661 3036/1353/2664 2730/1022/2438
f 3033/1350/2661 3035/1352/2663 3037/1354/2665 3036/1353/2664
f 3038/1355/2666 3039/1356/2667 3040/1357/1245 3041/1358/2668
f 3041/1358/2668 3040/1357/1245 3042/1359/2669 3043/1360/2670
f 3034/1351/2662 3038/1355/2666 3041/1358/2668 3035/1352/2663
f 3035/1352/2663 3041/1358/2668 3043/1360/2670 3037/1354/2665
f 3029/1346/2658 3028/1345/1233 3044/1361/1249 3045/1362/2671
f 3028/1345/1233 3026/1343/2656 3046/1363/2672 3044/1361/1249
f 3045/1362/2671 3044/1361/1249 3043/1360/2670 3042/1359/2669
f 3044/1361/1249 3046/1363/2672 3037/1354/2665 3043/1360/2670
f 3024/1341/2655 2717/1009/2428 2733/1025/2441 3047/1364/1252
f 3047/1364/1252 2733/1025/2441 2730/1022/2438 3036/1353/2664
f 3026/1343/2656 3024/1341/2655 3047/1364/1252 3046/1363/2672
f 3046/1363/2672 3047/1364/1252 3036/1353/2664 3037/1354/2665
f 3048/1365/2673 3049/1366/2674 3050/1367/2675 3051/1368/2676
f 3049/1366/2674 3052/1369/2677 3053/1370/2678 3050/1367/2675
f 3051/1368/2676 3050/1367/2675 3054/1371/2679 3055/1372/2680
f 3050/1367/2675 3053/1370/2678 3056/1373/2681 3054/1371/2679
f 3057/1374/2682 3039/1375/2667 3038/1376/2666 3058/1377/2683
f 3058/1377/2683 3038/1376/2666 3034/1378/2662 3059/1379/1264
f 3052/1369/2677 3057/1374/2682 3058/1377/2683 3053/1370/2678
f 3053/1370/2678 3058/1377/2683 3059/1379/1264 3056/1373/2681
f 2727/1038/2435 2745/1037/2452 3060/1380/1265 3032/1381/1237
f 2745/1037/2452 2740/1032/2448 3061/1382/2684 3060/1380/1265
f 3032/1381/1237 3060/1380/1265 3059/1379/1264 3034/1378/2662
f 3060/1380/1265 3061/1382/2684 3056/1373/2681 3059/1379/1264
f 2737/1029/2445 2736/1028/2444 3062/1383/2685 3063/1384/2686
f 3063/1384/2686 3062/1383/2685 3055/1372/2680 3054/1371/2679
f 2740/1032/2448 2737/1029/2445 3063/1384/2686 3061/1382/2684
f 3061/1382/2684 3063/1384/2686 3054/1371/2679 3056/1373/2681
f 2752/1048/2458 3064/1385/2687 3065/1386/2688 2753/1049/2459
f 3064/1385/2687 3066/1387/2689 3067/1388/1272 3065/1386/2688
f 2753/1049/2459 3065/1386/2688 3068/1389/2690 2756/1052/2462
f 3065/1386/2688 3067/1388/1272 3069/1390/1274 3068/1389/2690
f 3070/1391/2691 3071/1392/2692 3072/1393/2693 3073/1394/2694
f 3073/1394/2694 3072/1393/2693 3074/1395/2695 3075/1396/2696
f 3066/1387/2689 3070/1391/2691 3073/1394/2694 3067/1388/1272
f 3067/1388/1272 3073/1394/2694 3075/1396/2696 3069/1390/1274
f 3048/1365/2673 3051/1368/2676 3076/1397/2697 3077/1398/2698
f 3051/1368/2676 3055/1372/2680 3078/1399/2699 3076/1397/2697
f 3077/1398/2698 3076/1397/2697 3075/1396/2696 3074/1395/2695
f 3076/1397/2697 3078/1399/2699 3069/1390/1274 3075/1396/2696
f 3062/1383/2685 2736/1028/2444 2761/1057/2465 3079/1400/2700
f 3079/1400/2700 2761/1057/2465 2756/1052/2462 3068/1389/2690
f 3055/1372/2680 3062/1383/2685 3079/1400/2700 3078/1399/2699
f 3078/1399/2699 3079/1400/2700 3068/1389/2690 3069/1390/1274
f 3080/1401/2701 3081/1402/2702 3082/1403/2703 3083/1404/1288
f 3081/1402/2702 3084/1405/2704 3085/1406/2705 3082/1403/2703
f 3083/1404/1288 3082/1403/2703 3086/1407/2706 3087/1408/2707
f 3082/1403/2703 3085/1406/2705 3088/1409/2708 3086/1407/2706
f 3089/1410/2709 3071/1392/2692 3070/1391/2691 3090/1411/1295
f 3090/1411/1295 3070/1391/2691 3066/1387/2689 3091/1412/2710
f 3084/1405/2704 3089/1410/2709 3090/1411/1295 3085/1406/2705
f 3085/1406/2705 3090/1411/1295 3091/1412/2710 3088/1409/2708
f 2752/1048/2458 2769/1065/2471 3092/1413/2711 3064/1385/2687
f 2769/1065/2471 2772/1068/2473 3093/1414/2712 3092/1413/2711
f 3064/1385/2687 3092/1413/2711 3091/1412/2710 3066/1387/2689
f 3092/1413/2711 3093/1414/2712 3088/1409/2708 3091/1412/2710
f 2782/1078/2482 2781/1077/2481 3094/1415/2713 3095/1416/2714
f 3095/1416/2714 3094/1415/2713 3087/1408/2707 3086/1407/2706
f 2772/1068/2473 2782/1078/2482 3095/1416/2714 3093/1414/2712
f 3093/1414/2712 3095/1416/2714 3086/1407/2706 3088/1409/2708
f 2678/1093/2399 2996/1417/2633 3096/1418/2715 2794/1094/2494
f 2996/1417/2633 2993/1419/2630 3097/1420/2716 3096/1418/2715
f 2794/1094/2494 3096/1418/2715 3098/1421/2717 2788/1084/2488
f 3096/1418/2715 3097/1420/2716 3099/1422/1304 3098/1421/2717
f 2991/1423/2628 2990/1424/1195 3100/1425/2718 3101/1426/2719
f 3101/1426/2719 3100/1425/2718 3102/1427/2720 3103/1428/2721
f 2993/1419/2630 2991/1423/2628 3101/1426/2719 3097/1420/2716
f 3097/1420/2716 3101/1426/2719 3103/1428/2721 3099/1422/1304
f 3080/1401/2701 3083/1404/1288 3104/1429/2722 3105/1430/2723
f 3083/1404/1288 3087/1408/2707 3106/1431/2724 3104/1429/2722
f 3105/1430/2723 3104/1429/2722 3103/1428/2721 3102/1427/2720
f 3104/1429/2722 3106/1431/2724 3099/1422/1304 3103/1428/2721
f 3094/1415/2713 2781/1077/2481 2785/1081/2485 3107/1432/1312
f 3107/1432/1312 2785/1081/2485 2788/1084/2488 3098/1421/2717
f 3087/1408/2707 3094/1415/2713 3107/1432/1312 3106/1431/2724
f 3106/1431/2724 3107/1432/1312 3098/1421/2717 3099/1422/1304
f 3108/1433/2725 3109/1434/2726 3110/1435/2727 3111/1436/2728
f 3109/1434/2726 3112/1437/2729 3113/1438/2730 3110/1435/2727
f 3111/1436/2728 3110/1435/2727 3114/1439/1319 3115/1440/2731
f 3110/1435/2727 3113/1438/2730 3116/1441/1321 3114/1439/1319
f 3117/1442/2732 3118/1443/2733 3119/1444/2734 3120/1445/2735
f 3120/1445/2735 3119/1444/2734 3121/1446/2736 3122/1447/2737
f 3112/1437/2729 3117/1442/2732 3120/1445/2735 3113/1438/2730
f 3113/1438/2730 3120/1445/2735 3122/1447/2737 3116/1441/1321
f 3123/1448/2738 3124/1449/2739 3125/1450/1330 3126/1451/2740
f 3124/1449/2739 3127/1452/2741 3128/1453/2742 3125/1450/1330
f 3126/1451/2740 3125/1450/1330 3122/1447/2737 3121/1446/2736
f 3125/1450/1330 3128/1453/2742 3116/1441/1321 3122/1447/2737
f 3129/1454/2743 3130/1455/2744 3131/1456/2745 3132/1457/2746
f 3132/1457/2746 3131/1456/2745 3115/1440/2731 3114/1439/1319
f 3127/1452/2741 3129/1454/2743 3132/1457/2746 3128/1453/2742
f 3128/1453/2742 3132/1457/2746 3114/1439/1319 3116/1441/1321
f 3133/1458/2747 3134/1459/2748 3135/1460/1340 3136/1461/2749
f 3134/1459/2748 3137/1462/2750 3138/1463/2751 3135/1460/1340
f 3136/1461/2749 3135/1460/1340 3139/1464/2752 3140/1465/2753
f 3135/1460/1340 3138/1463/2751 3141/1466/1346 3139/1464/2752
f 3142/1467/2754 3143/1468/2755 3144/1469/1349 3145/1470/1350
f 3145/1470/1350 3144/1469/1349 3146/1471/1351 3147/1472/2756
f 3137/1462/2750 3142/1467/2754 3145/1470/1350 3138/1463/2751
f 3138/1463/2751 3145/1470/1350 3147/1472/2756 3141/1466/1346
f 3130/1455/2744 3129/1454/2743 3148/1473/2757 3149/1474/2758
f 3129/1454/2743 3127/1452/2741 3150/1475/2759 3148/1473/2757
f 3149/1474/2758 3148/1473/2757 3147/1472/2756 3146/1471/1351
f 3148/1473/2757 3150/1475/2759 3141/1466/1346 3147/1472/2756
f 3124/1449/2739 3123/1448/2738 3151/1476/2760 3152/1477/2761
f 3152/1477/2761 3151/1476/2760 3140/1465/2753 3139/1464/2752
f 3127/1452/2741 3124/1449/2739 3152/1477/2761 3150/1475/2759
f 3150/1475/2759 3152/1477/2761 3139/1464/2752 3141/1466/1346
f 3153/1478/2762 3154/1479/1359 3155/1480/2763 3156/1481/2764
f 3154/1479/1359 3157/1482/2765 3158/1483/2766 3155/1480/2763
f 3156/1481/2764 3155/1480/2763 3159/1484/2767 3160/1485/2768
f 3155/1480/2763 3158/1483/2766 3161/1486/2769 3159/1484/2767
f 3162/1487/1367 3143/1468/2755 3142/1467/2754 3163/1488/2770
f 3163/1488/2770 3142/1467/2754 3137/1462/2750 3164/1489/2771
f 3157/1482/2765 3162/1487/1367 3163/1488/2770 3158/1483/2766
f 3158/1483/2766 3163/1488/2770 3164/1489/2771 3161/1486/2769
f 3133/1458/2747 3165/1490/2772 3166/1491/2773 3134/1459/2748
f 3165/1490/2772 3167/1492/2774 3168/1493/2775 3166/1491/2773
f 3134/1459/2748 3166/1491/2773 3164/1489/2771 3137/1462/2750
f 3166/1491/2773 3168/1493/2775 3161/1486/2769 3164/1489/2771
f 3169/1494/2776 3170/1495/1375 3171/1496/2777 3172/1497/2778
f 3172/1497/2778 3171/1496/2777 3160/1485/2768 3159/1484/2767
f 3167/1492/2774 3169/1494/2776 3172/1497/2778 3168/1493/2775
f 3168/1493/2775 3172/1497/2778 3159/1484/2767 3161/1486/2769
f 3173/1498/1378 3174/1499/1379 3175/1500/2779 3176/1501/1381
f 3174/1499/1379 3177/1502/2780 3178/1503/2781 3175/1500/2779
f 3176/1501/1381 3175/1500/2779 3179/1504/2782 3180/1505/1385
f 3175/1500/2779 3178/1503/2781 3181/1506/1386 3179/1504/2782
f 3182/1507/2783 3153/1478/2762 3156/1481/2764 3183/1508/2784
f 3183/1508/2784 3156/1481/2764 3160/1485/2768 3184/1509/2785
f 3177/1502/2780 3182/1507/2783 3183/1508/2784 3178/1503/2781
f 3178/1503/2781 3183/1508/2784 3184/1509/2785 3181/1506/1386
f 3170/1495/1375 3185/1510/2786 3186/1511/2787 3171/1496/2777
f 3185/1510/2786 3187/1512/1392 3188/1513/2788 3186/1511/2787
f 3171/1496/2777 3186/1511/2787 3184/1509/2785 3160/1485/2768
f 3186/1511/2787 3188/1513/2788 3181/1506/1386 3184/1509/2785
f 3189/1514/2789 3190/1515/1395 3191/1516/2790 3192/1517/2791
f 3192/1517/2791 3191/1516/2790 3180/1505/1385 3179/1504/2782
f 3187/1512/1392 3189/1514/2789 3192/1517/2791 3188/1513/2788
f 3188/1513/2788 3192/1517/2791 3179/1504/2782 3181/1506/1386
f 3193/1518/1398 3194/1519/1399 3195/1520/2792 3196/1521/2793
f 3194/1519/1399 3197/1522/1402 3198/1523/1403 3195/1520/2792
f 3196/1521/2793 3195/1520/2792 3199/1524/2794 3200/1525/2795
f 3195/1520/2792 3198/1523/1403 3201/1526/1406 3199/1524/2794
f 3202/1527/2796 3173/1528/1378 3176/1529/1381 3203/1530/2797
f 3203/1530/2797 3176/1529/1381 3180/1531/1385 3204/1532/2798
f 3197/1522/1402 3202/1527/2796 3203/1530/2797 3198/1523/1403
f 3198/1523/1403 3203/1530/2797 3204/1532/2798 3201/1526/1406
f 3190/1533/1395 3205/1534/2799 3206/1535/1411 3191/1536/2790
f 3205/1534/2799 3207/1537/2800 3208/1538/1413 3206/1535/1411
f 3191/1536/2790 3206/1535/1411 3204/1532/2798 3180/1531/1385
f 3206/1535/1411 3208/1538/1413 3201/1526/1406 3204/1532/2798
f 3209/1539/2801 3210/1540/2802 3211/1541/2803 3212/1542/2804
f 3212/1542/2804 3211/1541/2803 3200/1525/2795 3199/1524/2794
f 3207/1537/2800 3209/1539/2801 3212/1542/2804 3208/1538/1413
f 3208/1538/1413 3212/1542/2804 3199/1524/2794 3201/1526/1406
f 3213/1543/2805 3214/1544/2806 3215/1545/2807 3216/1546/2808
f 3214/1544/2806 3217/1547/2809 3218/1548/2810 3215/1545/2807
f 3216/1546/2808 3215/1545/2807 3219/1549/1424 3220/1550/1425
f 3215/1545/2807 3218/1548/2810 3221/1551/2811 3219/1549/1424
f 3222/1552/2812 3223/1553/1428 3224/1554/2813 3225/1555/1430
f 3225/1555/1430 3224/1554/2813 3226/1556/2814 3227/1557/2815
f 3217/1547/2809 3222/1552/2812 3225/1555/1430 3218/1548/2810
f 3218/1548/2810 3225/1555/1430 3227/1557/2815 3221/1551/2811
f 3193/1518/1398 3196/1521/2793 3228/1558/1433 3229/1559/1434
f 3196/1521/2793 3200/1525/2795 3230/1560/1435 3228/1558/1433
f 3229/1559/1434 3228/1558/1433 3227/1557/2815 3226/1556/2814
f 3228/1558/1433 3230/1560/1435 3221/1551/2811 3227/1557/2815
f 3211/1541/2803 3210/1540/2802 3231/1561/1436 3232/1562/1437
f 3232/1562/1437 3231/1561/1436 3220/1550/1425 3219/1549/1424
f 3200/1525/2795 3211/1541/2803 3232/1562/1437 3230/1560/1435
f 3230/1560/1435 3232/1562/1437 3219/1549/1424 3221/1551/2811
f 3233/1563/2816 3234/1564/2817 3235/1565/1440 3236/1566/1441
f 3234/1564/2817 3237/1567/2818 3238/1568/2819 3235/1565/1440
f 3236/1566/1441 3235/1565/1440 3239/1569/2820 3240/1570/2821
f 3235/1565/1440 3238/1568/2819 3241/1571/1446 3239/1569/2820
f 3242/1572/2822 3223/1553/1428 3222/1552/2812 3243/1573/1448
f 3243/1573/1448 3222/1552/2812 3217/1547/2809 3244/1574/2823
f 3237/1567/2818 3242/1572/2822 3243/1573/1448 3238/1568/2819
f 3238/1568/2819 3243/1573/1448 3244/1574/2823 3241/1571/1446
f 3213/1543/2805 3245/1575/2824 3246/1576/2825 3214/1544/2806
f 3245/1575/2824 3247/1577/2826 3248/1578/2827 3246/1576/2825
f 3214/1544/2806 3246/1576/2825 3244/1574/2823 3217/1547/2809
f 3246/1576/2825 3248/1578/2827 3241/1571/1446 3244/1574/2823
f 3249/1579/1454 3250/1580/2828 3251/1581/2829 3252/1582/2830
f 3252/1582/2830 3251/1581/2829 3240/1570/2821 3239/1569/2820
f 3247/1577/2826 3249/1579/1454 3252/1582/2830 3248/1578/2827
f 3248/1578/2827 3252/1582/2830 3239/1569/2820 3241/1571/1446
f 3118/1583/2733 3117/1584/2732 3253/1585/2831 3254/1586/2832
f 3117/1584/2732 3112/1587/2729 3255/1588/2833 3253/1585/2831
f 3254/1586/2832 3253/1585/2831 3256/1589/2834 3257/1590/2835
f 3253/1585/2831 3255/1588/2833 3258/1591/2836 3256/1589/2834
f 3109/1592/2726 3108/1593/2725 3259/1594/2837 3260/1595/2838
f 3260/1595/2838 3259/1594/2837 3261/1596/2839 3262/1597/2840
f 3112/1587/2729 3109/1592/2726 3260/1595/2838 3255/1588/2833
f 3255/1588/2833 3260/1595/2838 3262/1597/2840 3258/1591/2836
f 3233/1563/2816 3236/1566/1441 3263/1598/2841 3264/1599/2842
f 3236/1566/1441 3240/1570/2821 3265/1600/1470 3263/1598/2841
f 3264/1599/2842 3263/1598/2841 3262/1597/2840 3261/1596/2839
f 3263/1598/2841 3265/1600/1470 3258/1591/2836 3262/1597/2840
f 3251/1581/2829 3250/1580/2828 3266/1601/1471 3267/1602/1472
f 3267/1602/1472 3266/1601/1471 3257/1590/2835 3256/1589/2834
f 3240/1570/2821 3251/1581/2829 3267/1602/1472 3265/1600/1470
f 3265/1600/1470 3267/1602/1472 3256/1589/2834 3258/1591/2836
f 2869/1178/2532 2868/1177/1073 3268/1603/2843 3269/1604/2844
f 2868/1177/1073 2866/1175/2530 3270/1605/2845 3268/1603/2843
f 3269/1604/2844 3268/1603/2843 3271/1606/1476 3272/1607/2846
f 3268/1603/2843 3270/1605/2845 3273/1608/2847 3271/1606/1476
f 2863/1172/2527 2862/1171/1067 3274/1609/2848 3275/1610/2849
f 3275/1610/2849 3274/1609/2848 3276/1611/2850 3277/1612/2851
f 2866/1175/2530 2863/1172/2527 3275/1610/2849 3270/1605/2845
f 3270/1605/2845 3275/1610/2849 3277/1612/2851 3273/1608/2847
f 3108/1433/2725 3111/1436/2728 3278/1613/1483 3279/1614/2852
f 3111/1436/2728 3115/1440/2731 3280/1615/2853 3278/1613/1483
f 3279/1614/2852 3278/1613/1483 3277/1612/2851 3276/1611/2850
f 3278/1613/1483 3280/1615/2853 3273/1608/2847 3277/1612/2851
f 3131/1456/2745 3130/1455/2744 3281/1616/2854 3282/1617/2855
f 3282/1617/2855 3281/1616/2854 3272/1607/2846 3271/1606/1476
f 3115/1440/2731 3131/1456/2745 3282/1617/2855 3280/1615/2853
f 3280/1615/2853 3282/1617/2855 3271/1606/1476 3273/1608/2847
f 3143/1468/2755 3283/1618/2856 3284/1619/2857 3144/1469/1349
f 3283/1618/2856 3285/1620/1490 3286/1621/2858 3284/1619/2857
f 3144/1469/1349 3284/1619/2857 3287/1622/2859 3146/1471/1351
f 3284/1619/2857 3286/1621/2858 3288/1623/2860 3287/1622/2859
f 3289/1624/2861 2872/1181/2534 2875/1184/2536 3290/1625/1495
f 3290/1625/1495 2875/1184/2536 2879/1188/2539 3291/1626/2862
f 3285/1620/1490 3289/1624/2861 3290/1625/1495 3286/1621/2858
f 3286/1621/2858 3290/1625/1495 3291/1626/2862 3288/1623/2860
f 2869/1178/2532 3269/1604/2844 3292/1627/2863 2886/1195/2544
f 3269/1604/2844 3272/1607/2846 3293/1628/1498 3292/1627/2863
f 2886/1195/2544 3292/1627/2863 3291/1626/2862 2879/1188/2539
f 3292/1627/2863 3293/1628/1498 3288/1623/2860 3291/1626/2862
f 3281/1616/2854 3130/1455/2744 3149/1474/2758 3294/1629/2864
f 3294/1629/2864 3149/1474/2758 3146/1471/1351 3287/1622/2859
f 3272/1607/2846 3281/1616/2854 3294/1629/2864 3293/1628/1498
f 3293/1628/1498 3294/1629/2864 3287/1622/2859 3288/1623/2860
f 2901/1210/2557 2900/1209/1105 3295/1630/1500 3296/1631/2865
f 2900/1209/1105 2898/1207/2555 3297/1632/2866 3295/1630/1500
f 3296/1631/2865 3295/1630/1500 3298/1633/1503 3299/1634/1504
f 3295/1630/1500 3297/1632/2866 3300/1635/2867 3298/1633/1503
f 2896/1205/2553 2872/1181/2534 3289/1624/2861 3301/1636/1506
f 3301/1636/1506 3289/1624/2861 3285/1620/1490 3302/1637/2868
f 2898/1207/2555 2896/1205/2553 3301/1636/1506 3297/1632/2866
f 3297/1632/2866 3301/1636/1506 3302/1637/2868 3300/1635/2867
f 3143/1468/2755 3162/1487/1367 3303/1638/2869 3283/1618/2856
f 3162/1487/1367 3157/1482/2765 3304/1639/2870 3303/1638/2869
f 3283/1618/2856 3303/1638/2869 3302/1637/2868 3285/1620/1490
f 3303/1638/2869 3304/1639/2870 3300/1635/2867 3302/1637/2868
f 3154/1479/1359 3153/1478/2762 3305/1640/2871 3306/1641/2872
f 3306/1641/2872 3305/1640/2871 3299/1634/1504 3298/1633/1503
f 3157/1482/2765 3154/1479/1359 3306/1641/2872 3304/1639/2870
f 3304/1639/2870 3306/1641/2872 3298/1633/1503 3300/1635/2867
f 3173/1498/1378 3307/1642/1512 3308/1643/2873 3174/1499/1379
f 3307/1642/1512 3309/1644/1514 3310/1645/1515 3308/1643/2873
f 3174/1499/1379 3308/1643/2873 3311/1646/1516 3177/1502/2780
f 3308/1643/2873 3310/1645/1515 3312/1647/2874 3311/1646/1516
f 3313/1648/2875 2904/1213/2560 2907/1216/2562 3314/1649/1519
f 3314/1649/1519 2907/1216/2562 2911/1220/1116 3315/1650/2876
f 3309/1644/1514 3313/1648/2875 3314/1649/1519 3310/1645/1515
f 3310/1645/1515 3314/1649/1519 3315/1650/2876 3312/1647/2874
f 2901/1210/2557 3296/1631/2865 3316/1651/2877 2918/1227/1123
f 3296/1631/2865 3299/1634/1504 3317/1652/2878 3316/1651/2877
f 2918/1227/1123 3316/1651/2877 3315/1650/2876 2911/1220/1116
f 3316/1651/2877 3317/1652/2878 3312/1647/2874 3315/1650/2876
f 3305/1640/2871 3153/1478/2762 3182/1507/2783 3318/1653/1523
f 3318/1653/1523 3182/1507/2783 3177/1502/2780 3311/1646/1516
f 3299/1634/1504 3305/1640/2871 3318/1653/1523 3317/1652/2878
f 3317/1652/2878 3318/1653/1523 3311/1646/1516 3312/1647/2874
f 2933/1246/2582 2932/1245/2581 3319/1654/2879 3320/1655/2880
f 2932/1245/2581 2930/1243/2579 3321/1656/2881 3319/1654/2879
f 3320/1655/2880 3319/1654/2879 3322/1657/1527 3323/1658/2882
f 3319/1654/2879 3321/1656/2881 3324/1659/2883 3322/1657/1527
f 2928/1240/2577 2904/1239/2560 3313/1660/2875 3325/1661/1530
f 3325/1661/1530 3313/1660/2875 3309/1662/1514 3326/1663/1531
f 2930/1243/2579 2928/1240/2577 3325/1661/1530 3321/1656/2881
f 3321/1656/2881 3325/1661/1530 3326/1663/1531 3324/1659/2883
f 3173/1528/1378 3202/1527/2796 3327/1664/1532 3307/1665/1512
f 3202/1527/2796 3197/1522/1402 3328/1666/2884 3327/1664/1532
f 3307/1665/1512 3327/1664/1532 3326/1663/1531 3309/1662/1514
f 3327/1664/1532 3328/1666/2884 3324/1659/2883 3326/1663/1531
f 3194/1519/1399 3193/1518/1398 3329/1667/2885 3330/1668/2886
f 3330/1668/2886 3329/1667/2885 3323/1658/2882 3322/1657/1527
f 3197/1522/1402 3194/1519/1399 3330/1668/2886 3328/1666/2884
f 3328/1666/2884 3330/1668/2886 3322/1657/1527 3324/1659/2883
f 3223/1553/1428 3331/1669/1536 3332/1670/2887 3224/1554/2813
f 3331/1669/1536 3333/1671/2888 3334/1672/2889 3332/1670/2887
f 3224/1554/2813 3332/1670/2887 3335/1673/2890 3226/1556/2814
f 3332/1670/2887 3334/1672/2889 3336/1674/2891 3335/1673/2890
f 3337/1675/1542 2936/1249/2585 2939/1252/2588 3338/1676/2892
f 3338/1676/2892 2939/1252/2588 2943/1256/2591 3339/1677/1544
f 3333/1671/2888 3337/1675/1542 3338/1676/2892 3334/1672/2889
f 3334/1672/2889 3338/1676/2892 3339/1677/1544 3336/1674/2891
f 2933/1246/2582 3320/1655/2880 3340/1678/2893 2950/1263/2598
f 3320/1655/2880 3323/1658/2882 3341/1679/2894 3340/1678/2893
f 2950/1263/2598 3340/1678/2893 3339/1677/1544 2943/1256/2591
f 3340/1678/2893 3341/1679/2894 3336/1674/2891 3339/1677/1544
f 3329/1667/2885 3193/1518/1398 3229/1559/1434 3342/1680/1547
f 3342/1680/1547 3229/1559/1434 3226/1556/2814 3335/1673/2890
f 3323/1658/2882 3329/1667/2885 3342/1680/1547 3341/1679/2894
f 3341/1679/2894 3342/1680/1547 3335/1673/2890 3336/1674/2891
f 2965/1278/1170 2964/1277/2610 3343/1681/1548 3344/1682/2895
f 2964/1277/2610 2962/1275/2608 3345/1683/2896 3343/1681/1548
f 3344/1682/2895 3343/1681/1548 3346/1684/1551 3347/1685/2897
f 3343/1681/1548 3345/1683/2896 3348/1686/2898 3346/1684/1551
f 2960/1273/2606 2936/1249/2585 3337/1675/1542 3349/1687/1554
f 3349/1687/1554 3337/1675/1542 3333/1671/2888 3350/1688/1555
f 2962/1275/2608 2960/1273/2606 3349/1687/1554 3345/1683/2896
f 3345/1683/2896 3349/1687/1554 3350/1688/1555 3348/1686/2898
f 3223/1553/1428 3242/1572/2822 3351/1689/2899 3331/1669/1536
f 3242/1572/2822 3237/1567/2818 3352/1690/1557 3351/1689/2899
f 3331/1669/1536 3351/1689/2899 3350/1688/1555 3333/1671/2888
f 3351/1689/2899 3352/1690/1557 3348/1686/2898 3350/1688/1555
f 3234/1564/2817 3233/1563/2816 3353/1691/1558 3354/1692/1559
f 3354/1692/1559 3353/1691/1558 3347/1685/2897 3346/1684/1551
f 3237/1567/2818 3234/1564/2817 3354/1692/1559 3352/1690/1557
f 3352/1690/1557 3354/1692/1559 3346/1684/1551 3348/1686/2898
f 3108/1593/2725 3279/1693/2852 3355/1694/2900 3259/1594/2837
f 3279/1693/2852 3276/1695/2850 3356/1696/1561 3355/1694/2900
f 3259/1594/2837 3355/1694/2900 3357/1697/1562 3261/1596/2839
f 3355/1694/2900 3356/1696/1561 3358/1698/2901 3357/1697/1562
f 3274/1699/2848 2862/1281/1067 2969/1284/2612 3359/1700/2902
f 3359/1700/2902 2969/1284/2612 2972/1288/2613 3360/1701/2903
f 3276/1695/2850 3274/1699/2848 3359/1700/2902 3356/1696/1561
f 3356/1696/1561 3359/1700/2902 3360/1701/2903 3358/1698/2901
f 2965/1278/1170 3344/1682/2895 3361/1702/2904 2978/1295/2618
f 3344/1682/2895 3347/1685/2897 3362/1703/2905 3361/1702/2904
f 2978/1295/2618 3361/1702/2904 3360/1701/2903 2972/1288/2613
f 3361/1702/2904 3362/1703/2905 3358/1698/2901 3360/1701/2903
f 3353/1691/1558 3233/1563/2816 3264/1599/2842 3363/1704/2906
f 3363/1704/2906 3264/1599/2842 3261/1596/2839 3357/1697/1562
f 3347/1685/2897 3353/1691/1558 3363/1704/2906 3362/1703/2905
f 3362/1703/2905 3363/1704/2906 3357/1697/1562 3358/1698/2901
f 3123/1448/2738 3126/1451/2740 3364/1705/2907 3365/1706/2908
f 3126/1451/2740 3121/1446/2736 3366/1707/2909 3364/1705/2907
f 3365/1706/2908 3364/1705/2907 3367/1708/1572 3368/1709/2910
f 3364/1705/2907 3366/1707/2909 3369/1710/2911 3367/1708/1572
f 3119/1444/2734 3118/1443/2733 3370/1711/2912 3371/1712/2913
f 3371/1712/2913 3370/1711/2912 3372/1713/2914 3373/1714/2915
f 3121/1446/2736 3119/1444/2734 3371/1712/2913 3366/1707/2909
f 3366/1707/2909 3371/1712/2913 3373/1714/2915 3369/1710/2911
f 2990/1307/1195 2989/1306/2627 3374/1715/2916 3375/1716/2917
f 2989/1306/2627 2984/1301/2622 3376/1717/2918 3374/1715/2916
f 3375/1716/2917 3374/1715/2916 3373/1714/2915 3372/1713/2914
f 3374/1715/2916 3376/1717/2918 3369/1710/2911 3373/1714/2915
f 2981/1298/1186 2980/1297/2620 3377/1718/2919 3378/1719/2920
f 3378/1719/2920 3377/1718/2919 3368/1709/2910 3367/1708/1572
f 2984/1301/2622 2981/1298/1186 3378/1719/2920 3376/1717/2918
f 3376/1717/2918 3378/1719/2920 3367/1708/1572 3369/1710/2911
f 3000/1317/1205 3379/1720/2921 3380/1721/2922 3001/1318/2637
f 3379/1720/2921 3381/1722/1586 3382/1723/1587 3380/1721/2922
f 3001/1318/2637 3380/1721/2922 3383/1724/2923 3004/1321/2640
f 3380/1721/2922 3382/1723/1587 3384/1725/2924 3383/1724/2923
f 3385/1726/1590 3133/1458/2747 3136/1461/2749 3386/1727/2925
f 3386/1727/2925 3136/1461/2749 3140/1465/2753 3387/1728/2926
f 3381/1722/1586 3385/1726/1590 3386/1727/2925 3382/1723/1587
f 3382/1723/1587 3386/1727/2925 3387/1728/2926 3384/1725/2924
f 3123/1448/2738 3365/1706/2908 3388/1729/2927 3151/1476/2760
f 3365/1706/2908 3368/1709/2910 3389/1730/2928 3388/1729/2927
f 3151/1476/2760 3388/1729/2927 3387/1728/2926 3140/1465/2753
f 3388/1729/2927 3389/1730/2928 3384/1725/2924 3387/1728/2926
f 3377/1718/2919 2980/1297/2620 3009/1326/2645 3390/1731/2929
f 3390/1731/2929 3009/1326/2645 3004/1321/2640 3383/1724/2923
f 3368/1709/2910 3377/1718/2919 3390/1731/2929 3389/1730/2928
f 3389/1730/2928 3390/1731/2929 3383/1724/2923 3384/1725/2924
f 3170/1495/1375 3169/1494/2776 3391/1732/1596 3392/1733/2930
f 3169/1494/2776 3167/1492/2774 3393/1734/1598 3391/1732/1596
f 3392/1733/2930 3391/1732/1596 3394/1735/2931 3395/1736/2932
f 3391/1732/1596 3393/1734/1598 3396/1737/2933 3394/1735/2931
f 3165/1490/2772 3133/1458/2747 3385/1726/1590 3397/1738/2934
f 3397/1738/2934 3385/1726/1590 3381/1722/1586 3398/1739/1603
f 3167/1492/2774 3165/1490/2772 3397/1738/2934 3393/1734/1598
f 3393/1734/1598 3397/1738/2934 3398/1739/1603 3396/1737/2933
f 3000/1317/1205 3017/1334/2650 3399/1740/2935 3379/1720/2921
f 3017/1334/2650 3020/1337/2652 3400/1741/2936 3399/1740/2935
f 3379/1720/2921 3399/1740/2935 3398/1739/1603 3381/1722/1586
f 3399/1740/2935 3400/1741/2936 3396/1737/2933 3398/1739/1603
f 3030/1347/2659 3029/1346/2658 3401/1742/2937 3402/1743/2938
f 3402/1743/2938 3401/1742/2937 3395/1736/2932 3394/1735/2931
f 3020/1337/2652 3030/1347/2659 3402/1743/2938 3400/1741/2936
f 3400/1741/2936 3402/1743/2938 3394/1735/2931 3396/1737/2933
f 3039/1356/2667 3403/1744/2939 3404/1745/2940 3040/1357/1245
f 3403/1744/2939 3405/1746/2941 3406/1747/2942 3404/1745/2940
f 3040/1357/1245 3404/1745/2940 3407/1748/2943 3042/1359/2669
f 3404/1745/2940 3406/1747/2942 3408/1749/2944 3407/1748/2943
f 3409/1750/2945 3190/1515/1395 3189/1514/2789 3410/1751/2946
f 3410/1751/2946 3189/1514/2789 3187/1512/1392 3411/1752/2947
f 3405/1746/2941 3409/1750/2945 3410/1751/2946 3406/1747/2942
f 3406/1747/2942 3410/1751/2946 3411/1752/2947 3408/1749/2944
f 3170/1495/1375 3392/1733/2930 3412/1753/1617 3185/1510/2786
f 3392/1733/2930 3395/1736/2932 3413/1754/2948 3412/1753/1617
f 3185/1510/2786 3412/1753/1617 3411/1752/2947 3187/1512/1392
f 3412/1753/1617 3413/1754/2948 3408/1749/2944 3411/1752/2947
f 3401/1742/2937 3029/1346/2658 3045/1362/2671 3414/1755/2949
f 3414/1755/2949 3045/1362/2671 3042/1359/2669 3407/1748/2943
f 3395/1736/2932 3401/1742/2937 3414/1755/2949 3413/1754/2948
f 3413/1754/2948 3414/1755/2949 3407/1748/2943 3408/1749/2944
f 3210/1540/2802 3209/1539/2801 3415/1756/1620 3416/1757/1621
f 3209/1539/2801 3207/1537/2800 3417/1758/2950 3415/1756/1620
f 3416/1757/1621 3415/1756/1620 3418/1759/2951 3419/1760/2952
f 3415/1756/1620 3417/1758/2950 3420/1761/2953 3418/1759/2951
f 3205/1534/2799 3190/1533/1395 3409/1762/2945 3421/1763/1626
f 3421/1763/1626 3409/1762/2945 3405/1764/2941 3422/1765/2954
f 3207/1537/2800 3205/1534/2799 3421/1763/1626 3417/1758/2950
f 3417/1758/2950 3421/1763/1626 3422/1765/2954 3420/1761/2953
f 3039/1375/2667 3057/1374/2682 3423/1766/2955 3403/1767/2939
f 3057/1374/2682 3052/1369/2677 3424/1768/2956 3423/1766/2955
f 3403/1767/2939 3423/1766/2955 3422/1765/2954 3405/1764/2941
f 3423/1766/2955 3424/1768/2956 3420/1761/2953 3422/1765/2954
f 3049/1366/2674 3048/1365/2673 3425/1769/2957 3426/1770/1631
f 3426/1770/1631 3425/1769/2957 3419/1760/2952 3418/1759/2951
f 3052/1369/2677 3049/1366/2674 3426/1770/1631 3424/1768/2956
f 3424/1768/2956 3426/1770/1631 3418/1759/2951 3420/1761/2953
f 3071/1392/2692 3427/1771/2958 3428/1772/2959 3072/1393/2693
f 3427/1771/2958 3429/1773/2960 3430/1774/2961 3428/1772/2959
f 3072/1393/2693 3428/1772/2959 3431/1775/2962 3074/1395/2695
f 3428/1772/2959 3430/1774/2961 3432/1776/1637 3431/1775/2962
f 3433/1777/1638 3213/1543/2805 3216/1546/2808 3434/1778/2963
f 3434/1778/2963 3216/1546/2808 3220/1550/1425 3435/1779/2964
f 3429/1773/2960 3433/1777/1638 3434/1778/2963 3430/1774/2961
f 3430/1774/2961 3434/1778/2963 3435/1779/2964 3432/1776/1637
f 3210/1540/2802 3416/1757/1621 3436/1780/2965 3231/1561/1436
f 3416/1757/1621 3419/1760/2952 3437/1781/2966 3436/1780/2965
f 3231/1561/1436 3436/1780/2965 3435/1779/2964 3220/1550/1425
f 3436/1780/2965 3437/1781/2966 3432/1776/1637 3435/1779/2964
f 3425/1769/2957 3048/1365/2673 3077/1398/2698 3438/1782/2967
f 3438/1782/2967 3077/1398/2698 3074/1395/2695 3431/1775/2962
f 3419/1760/2952 3425/1769/2957 3438/1782/2967 3437/1781/2966
f 3437/1781/2966 3438/1782/2967 3431/1775/2962 3432/1776/1637
f 3250/1580/2828 3249/1579/1454 3439/1783/2968 3440/1784/2969
f 3249/1579/1454 3247/1577/2826 3441/1785/2970 3439/1783/2968
f 3440/1784/2969 3439/1783/2968 3442/1786/2971 3443/1787/1648
f 3439/1783/2968 3441/1785/2970 3444/1788/2972 3442/1786/2971
f 3245/1575/2824 3213/1543/2805 3433/1777/1638 3445/1789/1650
f 3445/1789/1650 3433/1777/1638 3429/1773/2960 3446/1790/2973
f 3247/1577/2826 3245/1575/2824 3445/1789/1650 3441/1785/2970
f 3441/1785/2970 3445/1789/1650 3446/1790/2973 3444/1788/2972
f 3071/1392/2692 3089/1410/2709 3447/1791/2974 3427/1771/2958
f 3089/1410/2709 3084/1405/2704 3448/1792/1653 3447/1791/2974
f 3427/1771/2958 3447/1791/2974 3446/1790/2973 3429/1773/2960
f 3447/1791/2974 3448/1792/1653 3444/1788/2972 3446/1790/2973
f 3081/1402/2702 3080/1401/2701 3449/1793/2975 3450/1794/2976
f 3450/1794/2976 3449/1793/2975 3443/1787/1648 3442/1786/2971
f 3084/1405/2704 3081/1402/2702 3450/1794/2976 3448/1792/1653
f 3448/1792/1653 3450/1794/2976 3442/1786/2971 3444/1788/2972
f 2990/1424/1195 3375/1795/2917 3451/1796/2977 3100/1425/2718
f 3375/1795/2917 3372/1797/2914 3452/1798/2978 3451/1796/2977
f 3100/1425/2718 3451/1796/2977 3453/1799/2979 3102/1427/2720
f 3451/1796/2977 3452/1798/2978 3454/1800/2980 3453/1799/2979
f 3370/1801/2912 3118/1583/2733 3254/1586/2832 3455/1802/1660
f 3455/1802/1660 3254/1586/2832 3257/1590/2835 3456/1803/2981
f 3372/1797/2914 3370/1801/2912 3455/1802/1660 3452/1798/2978
f 3452/1798/2978 3455/1802/1660 3456/1803/2981 3454/1800/2980
f 3250/1580/2828 3440/1784/2969 3457/1804/2982 3266/1601/1471
f 3440/1784/2969 3443/1787/1648 3458/1805/2983 3457/1804/2982
f 3266/1601/1471 3457/1804/2982 3456/1803/2981 3257/1590/2835
f 3457/1804/2982 3458/1805/2983 3454/1800/2980 3456/1803/2981
f 3449/1793/2975 3080/1401/2701 3105/1430/2723 3459/1806/2984
f 3459/1806/2984 3105/1430/2723 3102/1427/2720 3453/1799/2979
f 3443/1787/1648 3449/1793/2975 3459/1806/2984 3458/1805/2983
f 3458/1805/2983 3459/1806/2984 3453/1799/2979 3454/1800/2980
f 1805/11/1800 3460/1807/2985 3461/1808/2986 1806/12/1801
f 3460/1807/2985 3462/1809/2987 3463/1810/2988 3461/1808/2986
f 1806/12/1801 3461/1808/2986 3464/1811/1669 1808/14/1802
f 3461/1808/2986 3463/1810/2988 3465/1812/1670 3464/1811/1669
f 3466/1813/1671 2296/530/2135 2299/533/504 3467/1814/2989
f 3467/1814/2989 2299/533/504 2294/528/499 3468/1815/1673
f 3462/1809/2987 3466/1813/1671 3467/1814/2989 3463/1810/2988
f 3463/1810/2988 3467/1814/2989 3468/1815/1673 3465/1812/1670
f 2291/525/496 3469/1816/2990 3470/1817/1675 2292/526/2133
f 3469/1816/2990 3471/1818/2991 3472/1819/2992 3470/1817/1675
f 2292/526/2133 3470/1817/1675 3468/1815/1673 2294/528/499
f 3470/1817/1675 3472/1819/2992 3465/1812/1670 3468/1815/1673
f 3473/1820/2993 1810/16/1804 1813/19/19 3474/1821/1679
f 3474/1821/1679 1813/19/19 1808/14/1802 3464/1811/1669
f 3471/1818/2991 3473/1820/2993 3474/1821/1679 3472/1819/2992
f 3472/1819/2992 3474/1821/1679 3464/1811/1669 3465/1812/1670
f 1830/36/36 3475/1822/2994 3476/1823/2995 1831/37/37
f 3475/1822/2994 3477/1824/1682 3478/1825/2996 3476/1823/2995
f 1831/37/37 3476/1823/2995 3479/1826/2997 1833/39/39
f 3476/1823/2995 3478/1825/2996 3480/1827/1685 3479/1826/2997
f 3481/1828/2998 2312/546/2144 2315/549/520 3482/1829/2999
f 3482/1829/2999 2315/549/520 2310/544/2142 3483/1830/3000
f 3477/1824/1682 3481/1828/2998 3482/1829/2999 3478/1825/2996
f 3478/1825/2996 3482/1829/2999 3483/1830/3000 3480/1827/1685
f 2296/530/2135 3466/1813/1671 3484/1831/3001 2308/542/513
f 3466/1813/1671 3462/1809/2987 3485/1832/3002 3484/1831/3001
f 2308/542/513 3484/1831/3001 3483/1830/3000 2310/544/2142
f 3484/1831/3001 3485/1832/3002 3480/1827/1685 3483/1830/3000
f 3460/1807/2985 1805/11/1800 1836/42/1816 3486/1833/1691
f 3486/1833/1691 1836/42/1816 1833/39/39 3479/1826/2997
f 3462/1809/2987 3460/1807/2985 3486/1833/1691 3485/1832/3002
f 3485/1832/3002 3486/1833/1691 3479/1826/2997 3480/1827/1685
f 2328/562/533 2331/565/536 3487/1834/3003 3488/1835/1693
f 2331/565/536 2326/560/2153 3489/1836/1694 3487/1834/3003
f 3488/1835/1693 3487/1834/3003 3490/1837/3004 3491/1838/3005
f 3487/1834/3003 3489/1836/1694 3492/1839/3006 3490/1837/3004
f 2324/558/2152 2312/546/2144 3481/1828/2998 3493/1840/1698
f 3493/1840/1698 3481/1828/2998 3477/1824/1682 3494/1841/3007
f 2326/560/2153 2324/558/2152 3493/1840/1698 3489/1836/1694
f 3489/1836/1694 3493/1840/1698 3494/1841/3007 3492/1839/3006
f 1830/36/36 1858/64/64 3495/1842/1700 3475/1822/2994
f 1858/64/64 1856/62/1826 3496/1843/1701 3495/1842/1700
f 3475/1822/2994 3495/1842/1700 3494/1841/3007 3477/1824/1682
f 3495/1842/1700 3496/1843/1701 3492/1839/3006 3494/1841/3007
f 1853/59/1824 1852/58/1823 3497/1844/1702 3498/1845/3008
f 3498/1845/3008 3497/1844/1702 3491/1838/3005 3490/1837/3004
f 1856/62/1826 1853/59/1824 3498/1845/3008 3496/1843/1701
f 3496/1843/1701 3498/1845/3008 3490/1837/3004 3492/1839/3006
f 2344/578/2166 2347/581/2169 3499/1846/3009 3500/1847/1705
f 2347/581/2169 2342/576/2164 3501/1848/3010 3499/1846/3009
f 3500/1847/1705 3499/1846/3009 3502/1849/3011 3503/1850/3012
f 3499/1846/3009 3501/1848/3010 3504/1851/3013 3502/1849/3011
f 2340/574/545 2328/562/533 3488/1835/1693 3505/1852/3014
f 3505/1852/3014 3488/1835/1693 3491/1838/3005 3506/1853/3015
f 2342/576/2164 2340/574/545 3505/1852/3014 3501/1848/3010
f 3501/1848/3010 3505/1852/3014 3506/1853/3015 3504/1851/3013
f 1852/58/1823 1878/84/1843 3507/1854/3016 3497/1844/1702
f 1878/84/1843 1876/82/1842 3508/1855/3017 3507/1854/3016
f 3497/1844/1702 3507/1854/3016 3506/1853/3015 3491/1838/3005
f 3507/1854/3016 3508/1855/3017 3504/1851/3013 3506/1853/3015
f 1873/79/1839 1872/78/1838 3509/1856/1714 3510/1857/3018
f 3510/1857/3018 3509/1856/1714 3503/1850/3012 3502/1849/3011
f 1876/82/1842 1873/79/1839 3510/1857/3018 3508/1855/3017
f 3508/1855/3017 3510/1857/3018 3502/1849/3011 3504/1851/3013
f 2360/598/2180 2363/601/2183 3511/1858/3019 3512/1859/1717
f 2363/601/2183 2358/596/2178 3513/1860/3020 3511/1858/3019
f 3512/1859/1717 3511/1858/3019 3514/1861/1719 3515/1862/1720
f 3511/1858/3019 3513/1860/3020 3516/1863/1721 3514/1861/1719
f 2356/594/2176 2344/593/2166 3500/1864/1705 3517/1865/3021
f 3517/1865/3021 3500/1864/1705 3503/1866/3012 3518/1867/3022
f 2358/596/2178 2356/594/2176 3517/1865/3021 3513/1860/3020
f 3513/1860/3020 3517/1865/3021 3518/1867/3022 3516/1863/1721
f 1872/108/1838 1898/107/1858 3519/1868/1724 3509/1869/1714
f 1898/107/1858 1896/105/1856 3520/1870/3023 3519/1868/1724
f 3509/1869/1714 3519/1868/1724 3518/1867/3022 3503/1866/3012
f 3519/1868/1724 3520/1870/3023 3516/1863/1721 3518/1867/3022
f 1893/102/1854 1892/101/1853 3521/1871/1726 3522/1872/3024
f 3522/1872/3024 3521/1871/1726 3515/1862/1720 3514/1861/1719
f 1896/105/1856 1893/102/1854 3522/1872/3024 3520/1870/3023
f 3520/1870/3023 3522/1872/3024 3514/1861/1719 3516/1863/1721
f 2376/614/2192 2379/617/584 3523/1873/3025 3524/1874/3026
f 2379/617/584 2374/612/2190 3525/1875/3027 3523/1873/3025
f 3524/1874/3026 3523/1873/3025 3526/1876/3028 3527/1877/3029
f 3523/1873/3025 3525/1875/3027 3528/1878/3030 3526/1876/3028
f 2372/610/2188 2360/598/2180 3512/1859/1717 3529/1879/1734
f 3529/1879/1734 3512/1859/1717 3515/1862/1720 3530/1880/3031
f 2374/612/2190 2372/610/2188 3529/1879/1734 3525/1875/3027
f 3525/1875/3027 3529/1879/1734 3530/1880/3031 3528/1878/3030
f 1892/101/1853 1918/129/124 3531/1881/1736 3521/1871/1726
f 1918/129/124 1916/127/122 3532/1882/3032 3531/1881/1736
f 3521/1871/1726 3531/1881/1736 3530/1880/3031 3515/1862/1720
f 3531/1881/1736 3532/1882/3032 3528/1878/3030 3530/1880/3031
f 1913/124/1868 1912/123/1867 3533/1883/3033 3534/1884/1739
f 3534/1884/1739 3533/1883/3033 3527/1877/3029 3526/1876/3028
f 1916/127/122 1913/124/1868 3534/1884/1739 3532/1882/3032
f 3532/1882/3032 3534/1884/1739 3526/1876/3028 3528/1878/3030
f 1930/141/1879 3535/1885/3034 3536/1886/1741 1931/142/1880
f 3535/1885/3034 3537/1887/1742 3538/1888/3035 3536/1886/1741
f 1931/142/1880 3536/1886/1741 3539/1889/3036 1933/144/1881
f 3536/1886/1741 3538/1888/3035 3540/1890/3037 3539/1889/3036
f 3541/1891/1746 2392/630/2201 2395/633/600 3542/1892/3038
f 3542/1892/3038 2395/633/600 2390/628/595 3543/1893/3039
f 3537/1887/1742 3541/1891/1746 3542/1892/3038 3538/1888/3035
f 3538/1888/3035 3542/1892/3038 3543/1893/3039 3540/1890/3037
f 2376/614/2192 3524/1874/3026 3544/1894/1749 2388/626/2199
f 3524/1874/3026 3527/1877/3029 3545/1895/1750 3544/1894/1749
f 2388/626/2199 3544/1894/1749 3543/1893/3039 2390/628/595
f 3544/1894/1749 3545/1895/1750 3540/1890/3037 3543/1893/3039
f 3533/1883/3033 1912/123/1867 1936/147/1884 3546/1896/1751
f 3546/1896/1751 1936/147/1884 1933/144/1881 3539/1889/3036
f 3527/1877/3029 3533/1883/3033 3546/1896/1751 3545/1895/1750
f 3545/1895/1750 3546/1896/1751 3539/1889/3036 3540/1890/3037
f 1810/161/1804 3473/1897/2993 3547/1898/1752 1946/162/152
f 3473/1897/2993 3471/1899/2991 3548/1900/3040 3547/1898/1752
f 1946/162/152 3547/1898/1752 3549/1901/1754 1948/164/1890
f 3547/1898/1752 3548/1900/3040 3550/1902/1755 3549/1901/1754
f 3469/1903/2990 2291/646/496 2409/649/2211 3551/1904/3041
f 3551/1904/3041 2409/649/2211 2406/644/611 3552/1905/1757
f 3471/1899/2991 3469/1903/2990 3551/1904/3041 3548/1900/3040
f 3548/1900/3040 3551/1904/3041 3552/1905/1757 3550/1902/1755
f 2392/630/2201 3541/1891/1746 3553/1906/3042 2404/642/2209
f 3541/1891/1746 3537/1887/1742 3554/1907/3043 3553/1906/3042
f 2404/642/2209 3553/1906/3042 3552/1905/1757 2406/644/611
f 3553/1906/3042 3554/1907/3043 3550/1902/1755 3552/1905/1757
f 3535/1885/3034 1930/141/1879 1951/167/157 3555/1908/3044
f 3555/1908/3044 1951/167/157 1948/164/1890 3549/1901/1754
f 3537/1887/1742 3535/1885/3034 3555/1908/3044 3554/1907/3043
f 3554/1907/3043 3555/1908/3044 3549/1901/1754 3550/1902/1755
f 1847/53/1819 1846/52/52 3556/1909/1761 1860/66/66
f 1846/52/52 1842/48/48 3557/1910/3045 3556/1909/1761
f 1860/66/66 3556/1909/1761 3558/1911/3046 1862/68/1829
f 3556/1909/1761 3557/1910/3045 3559/1912/3047 3558/1911/3046
f 1840/46/1817 1820/26/26 3560/1913/1765 3561/1914/1766
f 3561/1914/1766 3560/1913/1765 3562/1915/1767 3563/1916/3048
f 1842/48/48 1840/46/1817 3561/1914/1766 3557/1910/3045
f 3557/1910/3045 3561/1914/1766 3563/1916/3048 3559/1912/3047
f 1963/1917/1900 1966/1918/172 3564/1919/1769 3565/1920/1770
f 1966/1918/172 1961/1921/1899 3566/1922/1771 3564/1919/1769
f 3565/1920/1770 3564/1919/1769 3563/1916/3048 3562/1915/1767
f 3564/1919/1769 3566/1922/1771 3559/1912/3047 3563/1916/3048
f 1959/1923/165 1867/73/1834 1866/72/1833 3567/1924/1772
f 3567/1924/1772 1866/72/1833 1862/68/1829 3558/1911/3046
f 1961/1921/1899 1959/1923/165 3567/1924/1772 3566/1922/1771
f 3566/1922/1771 3567/1924/1772 3558/1911/3046 3559/1912/3047
f 1795/1/1 1798/4/4 3568/1925/1773 1838/44/44
f 1798/4/4 1802/8/1798 3569/1926/3049 3568/1925/1773
f 1838/44/44 3568/1925/1773 3570/1927/1775 1827/33/33
f 3568/1925/1773 3569/1926/3049 3571/1928/1776 3570/1927/1775
f 1818/24/1809 1817/23/1808 3572/1929/3050 3573/1930/3051
f 3573/1930/3051 3572/1929/3050 3574/1931/1779 3575/1932/3052
f 1802/8/1798 1818/24/1809 3573/1930/3051 3569/1926/3049
f 3569/1926/3049 3573/1930/3051 3575/1932/3052 3571/1928/1776
f 1963/1917/1900 3565/1920/1770 3576/1933/1781 3577/1934/3053
f 3565/1920/1770 3562/1915/1767 3578/1935/3054 3576/1933/1781
f 3577/1934/3053 3576/1933/1781 3575/1932/3052 3574/1931/1779
f 3576/1933/1781 3578/1935/3054 3571/1928/1776 3575/1932/3052
f 3560/1913/1765 1820/26/26 1823/29/1812 3579/1936/1784
f 3579/1936/1784 1823/29/1812 1827/33/33 3570/1927/1775
f 3562/1915/1767 3560/1913/1765 3579/1936/1784 3578/1935/3054
f 3578/1935/3054 3579/1936/1784 3570/1927/1775 3571/1928/1776
f 1963/179/1900 3577/1937/3053 3580/1938/1785 1964/180/170
f 3577/1937/3053 3574/1939/1779 3581/1940/3055 3580/1938/1785
f 1964/180/170 3580/1938/1785 3582/1941/1787 1967/183/173
f 3580/1938/1785 3581/1940/3055 3583/1942/1788 3582/1941/1787
f 3572/1943/3050 1817/151/1808 1941/154/147 3584/1944/1789
f 3584/1944/1789 1941/154/147 1944/158/1887 3585/1945/1790
f 3574/1939/1779 3572/1943/3050 3584/1944/1789 3581/1940/3055
f 3581/1940/3055 3584/1944/1789 3585/1945/1790 3583/1942/1788
f 1920/131/1871 1923/134/1874 3586/1946/3056 1953/169/1893
f 1923/134/1874 1927/138/1877 3587/1947/3057 3586/1946/3056
f 1953/169/1893 3586/1946/3056 3585/1945/1790 1944/158/1887
f 3586/1946/3056 3587/1947/3057 3583/1942/1788 3585/1945/1790
f 1938/149/144 1907/118/1865 1969/185/1903 3588/1948/3058
f 3588/1948/3058 1969/185/1903 1967/183/173 3582/1941/1787
f 1927/138/1877 1938/149/144 3588/1948/3058 3587/1947/3057
f 3587/1947/3057 3588/1948/3058 3582/1941/1787 3583/1942/1788
f 3589/1/3059 3590/2/3060 3591/3/3061 3592/4/3062
f 3590/2/3060 3593/5/5 3594/6/3063 3591/3/3061
f 3592/4/3062 3591/3/3061 3595/7/7 3596/8/8
f 3591/3/3061 3594/6/3063 3597/9/9 3595/7/7
f 3598/10/3064 3599/11/1800 3600/12/3065 3601/13/3066
f 3601/13/3066 3600/12/3065 3602/14/14 3603/15/15
f 3593/5/5 3598/10/3064 3601/13/3066 3594/6/3063
f 3594/6/3063 3601/13/3066 3603/15/15 3597/9/9
f 3604/16/3067 3605/17/3068 3606/18/1806 3607/19/3069
f 3605/17/3068 3608/20/20 3609/21/3070 3606/18/1806
f 3607/19/3069 3606/18/1806 3603/15/15 3602/14/14
f 3606/18/1806 3609/21/3070 3597/9/9 3603/15/15
f 3610/22/3071 3611/23/1808 3612/24/1809 3613/25/3072
f 3613/25/3072 3612/24/1809 3596/8/8 3595/7/7
f 3608/20/20 3610/22/3071 3613/25/3072 3609/21/3070
f 3609/21/3070 3613/25/3072 3595/7/7 3597/9/9
f 3614/26/26 3615/27/27 3616/28/28 3617/29/1812
f 3615/27/27 3618/30/30 3619/31/3073 3616/28/28
f 3617/29/1812 3616/28/28 3620/32/32 3621/33/3074
f 3616/28/28 3619/31/3073 3622/34/1814 3620/32/32
f 3623/35/35 3624/36/36 3625/37/3075 3626/38/38
f 3626/38/38 3625/37/3075 3627/39/3076 3628/40/40
f 3618/30/30 3623/35/35 3626/38/38 3619/31/3073
f 3619/31/3073 3626/38/38 3628/40/40 3622/34/1814
f 3599/11/1800 3598/10/3064 3629/41/3077 3630/42/42
f 3598/10/3064 3593/5/5 3631/43/43 3629/41/3077
f 3630/42/42 3629/41/3077 3628/40/40 3627/39/3076
f 3629/41/3077 3631/43/43 3622/34/1814 3628/40/40
f 3590/2/3060 3589/1/3059 3632/44/3078 3633/45/3079
f 3633/45/3079 3632/44/3078 3621/33/3074 3620/32/32
f 3593/5/5 3590/2/3060 3633/45/3079 3631/43/43
f 3631/43/43 3633/45/3079 3620/32/32 3622/34/1814
f 3614/26/26 3634/46/46 3635/47/3080 3615/27/27
f 3634/46/46 3636/48/48 3637/49/49 3635/47/3080
f 3615/27/27 3635/47/3080 3638/50/1818 3618/30/30
f 3635/47/3080 3637/49/49 3639/51/51 3638/50/1818
f 3640/52/52 3641/53/3081 3642/54/3082 3643/55/3083
f 3643/55/3083 3642/54/3082 3644/56/56 3645/57/3084
f 3636/48/48 3640/52/52 3643/55/3083 3637/49/49
f 3637/49/49 3643/55/3083 3645/57/3084 3639/51/51
f 3646/58/3085 3647/59/59 3648/60/3086 3649/61/3087
f 3647/59/59 3650/62/1826 3651/63/63 3648/60/3086
f 3649/61/3087 3648/60/3086 3645/57/3084 3644/56/56
f 3648/60/3086 3651/63/63 3639/51/51 3645/57/3084
f 3652/64/64 3624/36/36 3623/35/35 3653/65/65
f 3653/65/65 3623/35/35 3618/30/30 3638/50/1818
f 3650/62/1826 3652/64/64 3653/65/65 3651/63/63
f 3651/63/63 3653/65/65 3638/50/1818 3639/51/51
f 3641/53/3081 3654/66/66 3655/67/3088 3642/54/3082
f 3654/66/66 3656/68/3089 3657/69/3090 3655/67/3088
f 3642/54/3082 3655/67/3088 3658/70/3091 3644/56/56
f 3655/67/3088 3657/69/3090 3659/71/1832 3658/70/3091
f 3660/72/3092 3661/73/73 3662/74/3093 3663/75/3094
f 3663/75/3094 3662/74/3093 3664/76/1836 3665/77/77
f 3656/68/3089 3660/72/3092 3663/75/3094 3657/69/3090
f 3657/69/3090 3663/75/3094 3665/77/77 3659/71/1832
f 3666/78/3095 3667/79/1839 3668/80/3096 3669/81/1841
f 3667/79/1839 3670/82/3097 3671/83/83 3668/80/3096
f 3669/81/1841 3668/80/3096 3665/77/77 3664/76/1836
f 3668/80/3096 3671/83/83 3659/71/1832 3665/77/77
f 3672/84/3098 3646/58/3085 3649/61/3087 3673/85/85
f 3673/85/85 3649/61/3087 3644/56/56 3658/70/3091
f 3670/82/3097 3672/84/3098 3673/85/85 3671/83/83
f 3671/83/83 3673/85/85 3658/70/3091 3659/71/1832
f 3661/86/73 3674/87/86 3675/88/3099 3662/89/3093
f 3674/87/86 3676/90/3100 3677/91/89 3675/88/3099
f 3662/89/3093 3675/88/3099 3678/92/90 3664/93/1836
f 3675/88/3099 3677/91/89 3679/94/91 3678/92/90
f 3680/95/3101 3681/96/93 3682/97/3102 3683/98/1850
f 3683/98/1850 3682/97/3102 3684/99/96 3685/100/97
f 3676/90/3100 3680/95/3101 3683/98/1850 3677/91/89
f 3677/91/89 3683/98/1850 3685/100/97 3679/94/91
f 3686/101/3103 3687/102/3104 3688/103/3105 3689/104/3106
f 3687/102/3104 3690/105/1856 3691/106/3107 3688/103/3105
f 3689/104/3106 3688/103/3105 3685/100/97 3684/99/96
f 3688/103/3105 3691/106/3107 3679/94/91 3685/100/97
f 3692/107/104 3666/108/3095 3669/109/1841 3693/110/105
f 3693/110/105 3669/109/1841 3664/93/1836 3678/92/90
f 3690/105/1856 3692/107/104 3693/110/105 3691/106/3107
f 3691/106/3107 3693/110/105 3678/92/90 3679/94/91
f 3681/96/93 3694/111/3108 3695/112/3109 3682/97/3102
f 3694/111/3108 3696/113/3110 3697/114/3111 3695/112/3109
f 3682/97/3102 3695/112/3109 3698/115/1863 3684/99/96
f 3695/112/3109 3697/114/3111 3699/116/1864 3698/115/1863
f 3700/117/3112 3701/118/3113 3702/119/3114 3703/120/115
f 3703/120/115 3702/119/3114 3704/121/3115 3705/122/3116
f 3696/113/3110 3700/117/3112 3703/120/115 3697/114/3111
f 3697/114/3111 3703/120/115 3705/122/3116 3699/116/1864
f 3706/123/1867 3707/124/119 3708/125/3117 3709/126/1869
f 3707/124/119 3710/127/3118 3711/128/3119 3708/125/3117
f 3709/126/1869 3708/125/3117 3705/122/3116 3704/121/3115
f 3708/125/3117 3711/128/3119 3699/116/1864 3705/122/3116
f 3712/129/124 3686/101/3103 3689/104/3106 3713/130/3120
f 3713/130/3120 3689/104/3106 3684/99/96 3698/115/1863
f 3710/127/3118 3712/129/124 3713/130/3120 3711/128/3119
f 3711/128/3119 3713/130/3120 3698/115/1863 3699/116/1864
f 3714/131/126 3715/132/3121 3716/133/3122 3717/134/1874
f 3715/132/3121 3718/135/3123 3719/136/131 3716/133/3122
f 3717/134/1874 3716/133/3122 3720/137/3124 3721/138/3125
f 3716/133/3122 3719/136/131 3722/139/3126 3720/137/3124
f 3723/140/3127 3724/141/136 3725/142/3128 3726/143/3129
f 3726/143/3129 3725/142/3128 3727/144/3130 3728/145/3131
f 3718/135/3123 3723/140/3127 3726/143/3129 3719/136/131
f 3719/136/131 3726/143/3129 3728/145/3131 3722/139/3126
f 3706/123/1867 3709/126/1869 3729/146/141 3730/147/1884
f 3709/126/1869 3704/121/3115 3731/148/3132 3729/146/141
f 3730/147/1884 3729/146/141 3728/145/3131 3727/144/3130
f 3729/146/141 3731/148/3132 3722/139/3126 3728/145/3131
f 3702/119/3114 3701/118/3113 3732/149/3133 3733/150/3134
f 3733/150/3134 3732/149/3133 3721/138/3125 3720/137/3124
f 3704/121/3115 3702/119/3114 3733/150/3134 3731/148/3132
f 3731/148/3132 3733/150/3134 3720/137/3124 3722/139/3126
f 3611/151/1808 3610/152/3071 3734/153/1885 3735/154/3135
f 3610/152/3071 3608/155/20 3736/156/3136 3734/153/1885
f 3735/154/3135 3734/153/1885 3737/157/3137 3738/158/3138
f 3734/153/1885 3736/156/3136 3739/159/3139 3737/157/3137
f 3605/160/3068 3604/161/3067 3740/162/152 3741/163/3140
f 3741/163/3140 3740/162/152 3742/164/3141 3743/165/3142
f 3608/155/20 3605/160/3068 3741/163/3140 3736/156/3136
f 3736/156/3136 3741/163/3140 3743/165/3142 3739/159/3139
f 3724/141/136 3723/140/3127 3744/166/3143 3745/167/3144
f 3723/140/3127 3718/135/3123 3746/168/3145 3744/166/3143
f 3745/167/3144 3744/166/3143 3743/165/3142 3742/164/3141
f 3744/166/3143 3746/168/3145 3739/159/3139 3743/165/3142
f 3715/132/3121 3714/131/126 3747/169/3146 3748/170/3147
f 3748/170/3147 3747/169/3146 3738/158/3138 3737/157/3137
f 3718/135/3123 3715/132/3121 3748/170/3147 3746/168/3145
f 3746/168/3145 3748/170/3147 3737/157/3137 3739/159/3139
f 3681/96/93 3680/95/3101 3749/171/3148 3694/111/3108
f 3680/95/3101 3676/90/3100 3750/172/162 3749/171/3148
f 3694/111/3108 3749/171/3148 3751/173/163 3696/113/3110
f 3749/171/3148 3750/172/162 3752/174/3149 3751/173/163
f 3674/87/86 3661/86/73 3753/175/165 3754/176/1898
f 3754/176/1898 3753/175/165 3755/177/167 3756/178/3150
f 3676/90/3100 3674/87/86 3754/176/1898 3750/172/162
f 3750/172/162 3754/176/1898 3756/178/3150 3752/174/3149
f 3757/179/3151 3758/180/3152 3759/181/3153 3760/182/3154
f 3758/180/3152 3761/183/3155 3762/184/1902 3759/181/3153
f 3760/182/3154 3759/181/3153 3756/178/3150 3755/177/167
f 3759/181/3153 3762/184/1902 3752/174/3149 3756/178/3150
f 3763/185/3156 3701/118/3113 3700/117/3112 3764/186/3157
f 3764/186/3157 3700/117/3112 3696/113/3110 3751/173/163
f 3761/183/3155 3763/185/3156 3764/186/3157 3762/184/1902
f 3762/184/1902 3764/186/3157 3751/173/163 3752/174/3149
f 3765/187/3158 3766/188/1904 3767/189/3159 3768/190/180
f 3766/188/1904 3769/191/181 3770/192/1906 3767/189/3159
f 3768/190/180 3767/189/3159 3771/193/3160 3772/194/3161
f 3767/189/3159 3770/192/1906 3773/195/3162 3771/193/3160
f 3774/196/3163 3775/197/1910 3776/198/188 3777/199/1912
f 3777/199/1912 3776/198/188 3778/200/3164 3779/201/191
f 3769/191/181 3774/196/3163 3777/199/1912 3770/192/1906
f 3770/192/1906 3777/199/1912 3779/201/191 3773/195/3162
f 3780/202/192 3781/203/1913 3782/204/3165 3783/205/1915
f 3781/203/1913 3784/206/196 3785/207/197 3782/204/3165
f 3783/205/1915 3782/204/3165 3779/201/191 3778/200/3164
f 3782/204/3165 3785/207/197 3773/195/3162 3779/201/191
f 3786/208/198 3787/209/1917 3788/210/3166 3789/211/3167
f 3789/211/3167 3788/210/3166 3772/194/3161 3771/193/3160
f 3784/206/196 3786/208/198 3789/211/3167 3785/207/197
f 3785/207/197 3789/211/3167 3771/193/3160 3773/195/3162
f 3790/212/3168 3791/213/3169 3792/214/204 3793/215/205
f 3791/213/3169 3794/216/206 3795/217/207 3792/214/204
f 3793/215/205 3792/214/204 3796/218/1919 3797/219/3170
f 3792/214/204 3795/217/207 3798/220/3171 3796/218/1919
f 3799/221/3172 3800/222/3173 3801/223/3174 3802/224/3175
f 3802/224/3175 3801/223/3174 3803/225/3176 3804/226/216
f 3794/216/206 3799/221/3172 3802/224/3175 3795/217/207
f 3795/217/207 3802/224/3175 3804/226/216 3798/220/3171
f 3805/227/3177 3806/228/1924 3807/229/3178 3808/230/1926
f 3806/228/1924 3809/231/3179 3810/232/222 3807/229/3178
f 3808/230/1926 3807/229/3178 3804/226/216 3803/225/3176
f 3807/229/3178 3810/232/222 3798/220/3171 3804/226/216
f 3811/233/3180 3812/234/224 3813/235/225 3814/236/226
f 3814/236/226 3813/235/225 3797/219/3170 3796/218/1919
f 3809/231/3179 3811/233/3180 3814/236/226 3810/232/222
f 3810/232/222 3814/236/226 3796/218/1919 3798/220/3171
f 3815/237/3181 3816/238/3182 3817/239/3183 3818/240/1935
f 3816/238/3182 3819/241/3184 3820/242/232 3817/239/3183
f 3818/240/1935 3817/239/3183 3821/243/233 3822/244/1937
f 3817/239/3183 3820/242/232 3823/245/1938 3821/243/233
f 3824/246/236 3790/212/3168 3793/215/205 3825/247/237
f 3825/247/237 3793/215/205 3797/219/3170 3826/248/3185
f 3819/241/3184 3824/246/236 3825/247/237 3820/242/232
f 3820/242/232 3825/247/237 3826/248/3185 3823/245/1938
f 3812/234/224 3827/249/1941 3828/250/240 3813/235/225
f 3827/249/1941 3829/251/3186 3830/252/1944 3828/250/240
f 3813/235/225 3828/250/240 3826/248/3185 3797/219/3170
f 3828/250/240 3830/252/1944 3823/245/1938 3826/248/3185
f 3831/253/243 3832/254/244 3833/255/3187 3834/256/3188
f 3834/256/3188 3833/255/3187 3822/244/1937 3821/243/233
f 3829/251/3186 3831/253/243 3834/256/3188 3830/252/1944
f 3830/252/1944 3834/256/3188 3821/243/233 3823/245/1938
f 3815/237/3181 3818/240/1935 3835/257/3189 3836/258/3190
f 3818/240/1935 3822/244/1937 3837/259/1950 3835/257/3189
f 3836/258/3190 3835/257/3189 3838/260/250 3839/261/3191
f 3835/257/3189 3837/259/1950 3840/262/1953 3838/260/250
f 3833/255/3187 3832/254/244 3841/263/3192 3842/264/254
f 3842/264/254 3841/263/3192 3843/265/1956 3844/266/3193
f 3822/244/1937 3833/255/3187 3842/264/254 3837/259/1950
f 3837/259/1950 3842/264/254 3844/266/3193 3840/262/1953
f 3845/267/257 3846/268/3194 3847/269/1958 3848/270/260
f 3846/268/3194 3849/271/3195 3850/272/262 3847/269/1958
f 3848/270/260 3847/269/1958 3844/266/3193 3843/265/1956
f 3847/269/1958 3850/272/262 3840/262/1953 3844/266/3193
f 3851/273/3196 3852/274/3197 3853/275/1962 3854/276/3198
f 3854/276/3198 3853/275/1962 3839/261/3191 3838/260/250
f 3849/271/3195 3851/273/3196 3854/276/3198 3850/272/262
f 3850/272/262 3854/276/3198 3838/260/250 3840/262/1953
f 3852/274/3197 3851/273/3196 3855/277/3199 3856/278/1964
f 3851/273/3196 3849/271/3195 3857/279/1965 3855/277/3199
f 3856/278/1964 3855/277/3199 3858/280/3200 3859/281/271
f 3855/277/3199 3857/279/1965 3860/282/3201 3858/280/3200
f 3846/268/3194 3845/267/257 3861/283/3202 3862/284/1969
f 3862/284/1969 3861/283/3202 3863/285/275 3864/286/3203
f 3849/271/3195 3846/268/3194 3862/284/1969 3857/279/1965
f 3857/279/1965 3862/284/1969 3864/286/3203 3860/282/3201
f 3865/287/3204 3866/288/3205 3867/289/3206 3868/290/280
f 3866/288/3205 3869/291/3207 3870/292/282 3867/289/3206
f 3868/290/280 3867/289/3206 3864/286/3203 3863/285/275
f 3867/289/3206 3870/292/282 3860/282/3201 3864/286/3203
f 3871/293/283 3872/294/284 3873/295/3208 3874/296/3209
f 3874/296/3209 3873/295/3208 3859/281/271 3858/280/3200
f 3869/291/3207 3871/293/283 3874/296/3209 3870/292/282
f 3870/292/282 3874/296/3209 3858/280/3200 3860/282/3201
f 3872/297/284 3871/298/283 3875/299/3210 3876/300/288
f 3871/298/283 3869/301/3207 3877/302/3211 3875/299/3210
f 3876/300/288 3875/299/3210 3878/303/290 3879/304/291
f 3875/299/3210 3877/302/3211 3880/305/292 3878/303/290
f 3866/306/3205 3865/307/3204 3881/308/1979 3882/309/3212
f 3882/309/3212 3881/308/1979 3883/310/3213 3884/311/3214
f 3869/301/3207 3866/306/3205 3882/309/3212 3877/302/3211
f 3877/302/3211 3882/309/3212 3884/311/3214 3880/305/292
f 3885/312/3215 3886/313/3216 3887/314/3217 3888/315/300
f 3886/313/3216 3889/316/301 3890/317/3218 3887/314/3217
f 3888/315/300 3887/314/3217 3884/311/3214 3883/310/3213
f 3887/314/3217 3890/317/3218 3880/305/292 3884/311/3214
f 3891/318/3219 3892/319/3220 3893/320/1987 3894/321/3221
f 3894/321/3221 3893/320/1987 3879/304/291 3878/303/290
f 3889/316/301 3891/318/3219 3894/321/3221 3890/317/3218
f 3890/317/3218 3894/321/3221 3878/303/290 3880/305/292
f 3892/319/3220 3891/318/3219 3895/322/3222 3896/323/3223
f 3891/318/3219 3889/316/301 3897/324/1991 3895/322/3222
f 3896/323/3223 3895/322/3222 3898/325/3224 3899/326/1993
f 3895/322/3222 3897/324/1991 3900/327/312 3898/325/3224
f 3886/313/3216 3885/312/3215 3901/328/313 3902/329/314
f 3902/329/314 3901/328/313 3903/330/3225 3904/331/3226
f 3889/316/301 3886/313/3216 3902/329/314 3897/324/1991
f 3897/324/1991 3902/329/314 3904/331/3226 3900/327/312
f 3905/332/3227 3906/333/3228 3907/334/3229 3908/335/3230
f 3906/333/3228 3909/336/1998 3910/337/3231 3907/334/3229
f 3908/335/3230 3907/334/3229 3904/331/3226 3903/330/3225
f 3907/334/3229 3910/337/3231 3900/327/312 3904/331/3226
f 3911/338/323 3912/339/2000 3913/340/3232 3914/341/326
f 3914/341/326 3913/340/3232 3899/326/1993 3898/325/3224
f 3909/336/1998 3911/338/323 3914/341/326 3910/337/3231
f 3910/337/3231 3914/341/326 3898/325/3224 3900/327/312
f 3915/342/3233 3916/343/3234 3917/344/3235 3918/345/3236
f 3916/343/3234 3919/346/2004 3920/347/332 3917/344/3235
f 3918/345/3236 3917/344/3235 3921/348/333 3922/349/334
f 3917/344/3235 3920/347/332 3923/350/3237 3921/348/333
f 3924/351/3238 3912/339/2000 3911/338/323 3925/352/2008
f 3925/352/2008 3911/338/323 3909/336/1998 3926/353/3239
f 3919/346/2004 3924/351/3238 3925/352/2008 3920/347/332
f 3920/347/332 3925/352/2008 3926/353/3239 3923/350/3237
f 3905/332/3227 3927/354/3240 3928/355/2011 3906/333/3228
f 3927/354/3240 3929/356/3241 3930/357/342 3928/355/2011
f 3906/333/3228 3928/355/2011 3926/353/3239 3909/336/1998
f 3928/355/2011 3930/357/342 3923/350/3237 3926/353/3239
f 3931/358/3242 3932/359/344 3933/360/2015 3934/361/3243
f 3934/361/3243 3933/360/2015 3922/349/334 3921/348/333
f 3929/356/3241 3931/358/3242 3934/361/3243 3930/357/342
f 3930/357/342 3934/361/3243 3921/348/333 3923/350/3237
f 3800/362/3173 3935/363/3244 3936/364/348 3801/365/3174
f 3935/363/3244 3937/366/3245 3938/367/350 3936/364/348
f 3801/365/3174 3936/364/348 3939/368/3246 3803/369/3176
f 3936/364/348 3938/367/350 3940/370/3247 3939/368/3246
f 3941/371/353 3915/342/3233 3918/345/3236 3942/372/2022
f 3942/372/2022 3918/345/3236 3922/349/334 3943/373/3248
f 3937/366/3245 3941/371/353 3942/372/2022 3938/367/350
f 3938/367/350 3942/372/2022 3943/373/3248 3940/370/3247
f 3932/359/344 3944/374/3249 3945/375/3250 3933/360/2015
f 3944/374/3249 3946/376/3251 3947/377/3252 3945/375/3250
f 3933/360/2015 3945/375/3250 3943/373/3248 3922/349/334
f 3945/375/3250 3947/377/3252 3940/370/3247 3943/373/3248
f 3948/378/2027 3805/379/3177 3808/380/1926 3949/381/361
f 3949/381/361 3808/380/1926 3803/369/3176 3939/368/3246
f 3946/376/3251 3948/378/2027 3949/381/361 3947/377/3252
f 3947/377/3252 3949/381/361 3939/368/3246 3940/370/3247
f 3950/382/3253 3951/383/363 3952/384/364 3953/385/3254
f 3951/383/363 3954/386/2031 3955/387/3255 3952/384/364
f 3953/385/3254 3952/384/364 3956/388/3256 3957/389/369
f 3952/384/364 3955/387/3255 3958/390/2034 3956/388/3256
f 3959/391/3257 3960/392/2036 3961/393/3258 3962/394/2038
f 3962/394/2038 3961/393/3258 3963/395/375 3964/396/3259
f 3954/386/2031 3959/391/3257 3962/394/2038 3955/387/3255
f 3955/387/3255 3962/394/2038 3964/396/3259 3958/390/2034
f 3800/222/3173 3799/221/3172 3965/397/3260 3966/398/378
f 3799/221/3172 3794/216/206 3967/399/3261 3965/397/3260
f 3966/398/378 3965/397/3260 3964/396/3259 3963/395/375
f 3965/397/3260 3967/399/3261 3958/390/2034 3964/396/3259
f 3791/213/3169 3790/212/3168 3968/400/380 3969/401/3262
f 3969/401/3262 3968/400/380 3957/389/369 3956/388/3256
f 3794/216/206 3791/213/3169 3969/401/3262 3967/399/3261
f 3967/399/3261 3969/401/3262 3956/388/3256 3958/390/2034
f 3970/402/2046 3971/403/383 3972/404/3263 3973/405/385
f 3971/403/383 3974/406/386 3975/407/3264 3972/404/3263
f 3973/405/385 3972/404/3263 3976/408/2050 3977/409/389
f 3972/404/3263 3975/407/3264 3978/410/390 3976/408/2050
f 3979/411/3265 3950/382/3253 3953/385/3254 3980/412/2054
f 3980/412/2054 3953/385/3254 3957/389/369 3981/413/2055
f 3974/406/386 3979/411/3265 3980/412/2054 3975/407/3264
f 3975/407/3264 3980/412/2054 3981/413/2055 3978/410/390
f 3790/212/3168 3824/246/236 3982/414/2056 3968/400/380
f 3824/246/236 3819/241/3184 3983/415/3266 3982/414/2056
f 3968/400/380 3982/414/2056 3981/413/2055 3957/389/369
f 3982/414/2056 3983/415/3266 3978/410/390 3981/413/2055
f 3816/238/3182 3815/237/3181 3984/416/396 3985/417/3267
f 3985/417/3267 3984/416/396 3977/409/389 3976/408/2050
f 3819/241/3184 3816/238/3182 3985/417/3267 3983/415/3266
f 3983/415/3266 3985/417/3267 3976/408/2050 3978/410/390
f 3970/402/2046 3973/405/385 3986/418/3268 3987/419/399
f 3973/405/385 3977/409/389 3988/420/3269 3986/418/3268
f 3987/419/399 3986/418/3268 3989/421/2061 3990/422/402
f 3986/418/3268 3988/420/3269 3991/423/403 3989/421/2061
f 3984/416/396 3815/237/3181 3836/258/3190 3992/424/404
f 3992/424/404 3836/258/3190 3839/261/3191 3993/425/405
f 3977/409/389 3984/416/396 3992/424/404 3988/420/3269
f 3988/420/3269 3992/424/404 3993/425/405 3991/423/403
f 3852/274/3197 3994/426/3270 3995/427/407 3853/275/1962
f 3994/426/3270 3996/428/2066 3997/429/409 3995/427/407
f 3853/275/1962 3995/427/407 3993/425/405 3839/261/3191
f 3995/427/407 3997/429/409 3991/423/403 3993/425/405
f 3998/430/410 3999/431/2068 4000/432/3271 4001/433/3272
f 4001/433/3272 4000/432/3271 3990/422/402 3989/421/2061
f 3996/428/2066 3998/430/410 4001/433/3272 3997/429/409
f 3997/429/409 4001/433/3272 3989/421/2061 3991/423/403
f 3999/431/2068 3998/430/410 4002/434/414 4003/435/415
f 3998/430/410 3996/428/2066 4004/436/2072 4002/434/414
f 4003/435/415 4002/434/414 4005/437/3273 4006/438/3274
f 4002/434/414 4004/436/2072 4007/439/2075 4005/437/3273
f 3994/426/3270 3852/274/3197 3856/278/1964 4008/440/2076
f 4008/440/2076 3856/278/1964 3859/281/271 4009/441/421
f 3996/428/2066 3994/426/3270 4008/440/2076 4004/436/2072
f 4004/436/2072 4008/440/2076 4009/441/421 4007/439/2075
f 3872/294/284 4010/442/422 4011/443/423 3873/295/3208
f 4010/442/422 4012/444/3275 4013/445/3276 4011/443/423
f 3873/295/3208 4011/443/423 4009/441/421 3859/281/271
f 4011/443/423 4013/445/3276 4007/439/2075 4009/441/421
f 4014/446/3277 4015/447/3278 4016/448/3279 4017/449/3280
f 4017/449/3280 4016/448/3279 4006/438/3274 4005/437/3273
f 4012/444/3275 4014/446/3277 4017/449/3280 4013/445/3276
f 4013/445/3276 4017/449/3280 4005/437/3273 4007/439/2075
f 4015/450/3278 4014/451/3277 4018/452/430 4019/453/2087
f 4014/451/3277 4012/454/3275 4020/455/432 4018/452/430
f 4019/453/2087 4018/452/430 4021/456/3281 4022/457/434
f 4018/452/430 4020/455/432 4023/458/435 4021/456/3281
f 4010/459/422 3872/297/284 3876/300/288 4024/460/436
f 4024/460/436 3876/300/288 3879/304/291 4025/461/2091
f 4012/454/3275 4010/459/422 4024/460/436 4020/455/432
f 4020/455/432 4024/460/436 4025/461/2091 4023/458/435
f 3892/319/3220 4026/462/2092 4027/463/439 3893/320/1987
f 4026/462/2092 4028/464/3282 4029/465/3283 4027/463/439
f 3893/320/1987 4027/463/439 4025/461/2091 3879/304/291
f 4027/463/439 4029/465/3283 4023/458/435 4025/461/2091
f 4030/466/3284 4031/467/3285 4032/468/2098 4033/469/445
f 4033/469/445 4032/468/2098 4022/457/434 4021/456/3281
f 4028/464/3282 4030/466/3284 4033/469/445 4029/465/3283
f 4029/465/3283 4033/469/445 4021/456/3281 4023/458/435
f 4031/467/3285 4030/466/3284 4034/470/446 4035/471/3286
f 4030/466/3284 4028/464/3282 4036/472/3287 4034/470/446
f 4035/471/3286 4034/470/446 4037/473/3288 4038/474/2101
f 4034/470/446 4036/472/3287 4039/475/2102 4037/473/3288
f 4026/462/2092 3892/319/3220 3896/323/3223 4040/476/1990
f 4040/476/1990 3896/323/3223 3899/326/1993 4041/477/2103
f 4028/464/3282 4026/462/2092 4040/476/1990 4036/472/3287
f 4036/472/3287 4040/476/1990 4041/477/2103 4039/475/2102
f 3912/339/2000 4042/478/453 4043/479/2105 3913/340/3232
f 4042/478/453 4044/480/2106 4045/481/2107 4043/479/2105
f 3913/340/3232 4043/479/2105 4041/477/2103 3899/326/1993
f 4043/479/2105 4045/481/2107 4039/475/2102 4041/477/2103
f 4046/482/3289 4047/483/458 4048/484/3290 4049/485/460
f 4049/485/460 4048/484/3290 4038/474/2101 4037/473/3288
f 4044/480/2106 4046/482/3289 4049/485/460 4045/481/2107
f 4045/481/2107 4049/485/460 4037/473/3288 4039/475/2102
f 4050/486/3291 4051/487/3292 4052/488/3293 4053/489/3294
f 4051/487/3292 4054/490/465 4055/491/2114 4052/488/3293
f 4053/489/3294 4052/488/3293 4056/492/3295 4057/493/3296
f 4052/488/3293 4055/491/2114 4058/494/469 4056/492/3295
f 4059/495/470 4047/483/458 4046/482/3289 4060/496/2117
f 4060/496/2117 4046/482/3289 4044/480/2106 4061/497/3297
f 4054/490/465 4059/495/470 4060/496/2117 4055/491/2114
f 4055/491/2114 4060/496/2117 4061/497/3297 4058/494/469
f 3912/339/2000 3924/351/3238 4062/498/2118 4042/478/453
f 3924/351/3238 3919/346/2004 4063/499/3298 4062/498/2118
f 4042/478/453 4062/498/2118 4061/497/3297 4044/480/2106
f 4062/498/2118 4063/499/3298 4058/494/469 4061/497/3297
f 3916/343/3234 3915/342/3233 4064/500/3299 4065/501/3300
f 4065/501/3300 4064/500/3299 4057/493/3296 4056/492/3295
f 3919/346/2004 3916/343/3234 4065/501/3300 4063/499/3298
f 4063/499/3298 4065/501/3300 4056/492/3295 4058/494/469
f 3960/502/2036 4066/503/477 4067/504/3301 3961/505/3258
f 4066/503/477 4068/506/479 4069/507/3302 4067/504/3301
f 3961/505/3258 4067/504/3301 4070/508/3303 3963/509/375
f 4067/504/3301 4069/507/3302 4071/510/482 4070/508/3303
f 4072/511/2124 4050/486/3291 4053/489/3294 4073/512/3304
f 4073/512/3304 4053/489/3294 4057/493/3296 4074/513/485
f 4068/506/479 4072/511/2124 4073/512/3304 4069/507/3302
f 4069/507/3302 4073/512/3304 4074/513/485 4071/510/482
f 3915/342/3233 3941/371/353 4075/514/3305 4064/500/3299
f 3941/371/353 3937/366/3245 4076/515/2126 4075/514/3305
f 4064/500/3299 4075/514/3305 4074/513/485 4057/493/3296
f 4075/514/3305 4076/515/2126 4071/510/482 4074/513/485
f 3935/363/3244 3800/362/3173 3966/516/378 4077/517/3306
f 4077/517/3306 3966/516/378 3963/509/375 4070/508/3303
f 3937/366/3245 3935/363/3244 4077/517/3306 4076/515/2126
f 4076/515/2126 4077/517/3306 4070/508/3303 4071/510/482
f 3805/227/3177 4078/518/3307 4079/519/3308 3806/228/1924
f 4078/518/3307 4080/520/491 4081/521/2130 4079/519/3308
f 3806/228/1924 4079/519/3308 4082/522/2131 3809/231/3179
f 4079/519/3308 4081/521/2130 4083/523/3309 4082/522/2131
f 4084/524/495 4085/525/496 4086/526/3310 4087/527/2134
f 4087/527/2134 4086/526/3310 4088/528/3311 4089/529/500
f 4080/520/491 4084/524/495 4087/527/2134 4081/521/2130
f 4081/521/2130 4087/527/2134 4089/529/500 4083/523/3309
f 4090/530/2135 4091/531/3312 4092/532/2136 4093/533/3313
f 4091/531/3312 4094/534/3314 4095/535/3315 4092/532/2136
f 4093/533/3313 4092/532/2136 4089/529/500 4088/528/3311
f 4092/532/2136 4095/535/3315 4083/523/3309 4089/529/500
f 4096/536/507 3812/234/224 3811/233/3180 4097/537/3316
f 4097/537/3316 3811/233/3180 3809/231/3179 4082/522/2131
f 4094/534/3314 4096/536/507 4097/537/3316 4095/535/3315
f 4095/535/3315 4097/537/3316 4082/522/2131 4083/523/3309
f 3812/234/224 4096/536/507 4098/538/2140 3827/249/1941
f 4096/536/507 4094/534/3314 4099/539/510 4098/538/2140
f 3827/249/1941 4098/538/2140 4100/540/511 3829/251/3186
f 4098/538/2140 4099/539/510 4101/541/512 4100/540/511
f 4091/531/3312 4090/530/2135 4102/542/513 4103/543/3317
f 4103/543/3317 4102/542/513 4104/544/515 4105/545/3318
f 4094/534/3314 4091/531/3312 4103/543/3317 4099/539/510
f 4099/539/510 4103/543/3317 4105/545/3318 4101/541/512
f 4106/546/3319 4107/547/2145 4108/548/519 4109/549/520
f 4107/547/2145 4110/550/521 4111/551/522 4108/548/519
f 4109/549/520 4108/548/519 4105/545/3318 4104/544/515
f 4108/548/519 4111/551/522 4101/541/512 4105/545/3318
f 4112/552/2147 3832/254/244 3831/253/243 4113/553/3320
f 4113/553/3320 3831/253/243 3829/251/3186 4100/540/511
f 4110/550/521 4112/552/2147 4113/553/3320 4111/551/522
f 4111/551/522 4113/553/3320 4100/540/511 4101/541/512
f 3832/254/244 4112/552/2147 4114/554/2148 3841/263/3192
f 4112/552/2147 4110/550/521 4115/555/3321 4114/554/2148
f 3841/263/3192 4114/554/2148 4116/556/2150 3843/265/1956
f 4114/554/2148 4115/555/3321 4117/557/3322 4116/556/2150
f 4107/547/2145 4106/546/3319 4118/558/529 4119/559/3323
f 4119/559/3323 4118/558/529 4120/560/3324 4121/561/3325
f 4110/550/521 4107/547/2145 4119/559/3323 4115/555/3321
f 4115/555/3321 4119/559/3323 4121/561/3325 4117/557/3322
f 4122/562/533 4123/563/3326 4124/564/3327 4125/565/3328
f 4123/563/3326 4126/566/3329 4127/567/538 4124/564/3327
f 4125/565/3328 4124/564/3327 4121/561/3325 4120/560/3324
f 4124/564/3327 4127/567/538 4117/557/3322 4121/561/3325
f 4128/568/539 3845/267/257 3848/270/260 4129/569/540
f 4129/569/540 3848/270/260 3843/265/1956 4116/556/2150
f 4126/566/3329 4128/568/539 4129/569/540 4127/567/538
f 4127/567/538 4129/569/540 4116/556/2150 4117/557/3322
f 3845/267/257 4128/568/539 4130/570/2159 3861/283/3202
f 4128/568/539 4126/566/3329 4131/571/3330 4130/570/2159
f 3861/283/3202 4130/570/2159 4132/572/2161 3863/285/275
f 4130/570/2159 4131/571/3330 4133/573/2162 4132/572/2161
f 4123/563/3326 4122/562/533 4134/574/3331 4135/575/546
f 4135/575/546 4134/574/3331 4136/576/2164 4137/577/3332
f 4126/566/3329 4123/563/3326 4135/575/546 4131/571/3330
f 4131/571/3330 4135/575/546 4137/577/3332 4133/573/2162
f 4138/578/3333 4139/579/3334 4140/580/551 4141/581/3335
f 4139/579/3334 4142/582/3336 4143/583/554 4140/580/551
f 4141/581/3335 4140/580/551 4137/577/3332 4136/576/2164
f 4140/580/551 4143/583/554 4133/573/2162 4137/577/3332
f 4144/584/2172 3865/287/3204 3868/290/280 4145/585/3337
f 4145/585/3337 3868/290/280 3863/285/275 4132/572/2161
f 4142/582/3336 4144/584/2172 4145/585/3337 4143/583/554
f 4143/583/554 4145/585/3337 4132/572/2161 4133/573/2162
f 3865/307/3204 4144/586/2172 4146/587/3338 3881/308/1979
f 4144/586/2172 4142/588/3336 4147/589/3339 4146/587/3338
f 3881/308/1979 4146/587/3338 4148/590/3340 3883/310/3213
f 4146/587/3338 4147/589/3339 4149/591/3341 4148/590/3340
f 4139/592/3334 4138/593/3333 4150/594/2176 4151/595/3342
f 4151/595/3342 4150/594/2176 4152/596/3343 4153/597/2179
f 4142/588/3336 4139/592/3334 4151/595/3342 4147/589/3339
f 4147/589/3339 4151/595/3342 4153/597/2179 4149/591/3341
f 4154/598/3344 4155/599/2181 4156/600/567 4157/601/3345
f 4155/599/2181 4158/602/3346 4159/603/570 4156/600/567
f 4157/601/3345 4156/600/567 4153/597/2179 4152/596/3343
f 4156/600/567 4159/603/570 4149/591/3341 4153/597/2179
f 4160/604/3347 3885/312/3215 3888/315/300 4161/605/2185
f 4161/605/2185 3888/315/300 3883/310/3213 4148/590/3340
f 4158/602/3346 4160/604/3347 4161/605/2185 4159/603/570
f 4159/603/570 4161/605/2185 4148/590/3340 4149/591/3341
f 3885/312/3215 4160/604/3347 4162/606/3348 3901/328/313
f 4160/604/3347 4158/602/3346 4163/607/3349 4162/606/3348
f 3901/328/313 4162/606/3348 4164/608/3350 3903/330/3225
f 4162/606/3348 4163/607/3349 4165/609/3351 4164/608/3350
f 4155/599/2181 4154/598/3344 4166/610/2188 4167/611/2189
f 4167/611/2189 4166/610/2188 4168/612/3352 4169/613/3353
f 4158/602/3346 4155/599/2181 4167/611/2189 4163/607/3349
f 4163/607/3349 4167/611/2189 4169/613/3353 4165/609/3351
f 4170/614/3354 4171/615/3355 4172/616/3356 4173/617/584
f 4171/615/3355 4174/618/3357 4175/619/586 4172/616/3356
f 4173/617/584 4172/616/3356 4169/613/3353 4168/612/3352
f 4172/616/3356 4175/619/586 4165/609/3351 4169/613/3353
f 4176/620/587 3905/332/3227 3908/335/3230 4177/621/2196
f 4177/621/2196 3908/335/3230 3903/330/3225 4164/608/3350
f 4174/618/3357 4176/620/587 4177/621/2196 4175/619/586
f 4175/619/586 4177/621/2196 4164/608/3350 4165/609/3351
f 3905/332/3227 4176/620/587 4178/622/589 3927/354/3240
f 4176/620/587 4174/618/3357 4179/623/3358 4178/622/589
f 3927/354/3240 4178/622/589 4180/624/591 3929/356/3241
f 4178/622/589 4179/623/3358 4181/625/592 4180/624/591
f 4171/615/3355 4170/614/3354 4182/626/3359 4183/627/594
f 4183/627/594 4182/626/3359 4184/628/3360 4185/629/3361
f 4174/618/3357 4171/615/3355 4183/627/594 4179/623/3358
f 4179/623/3358 4183/627/594 4185/629/3361 4181/625/592
f 4186/630/2201 4187/631/3362 4188/632/3363 4189/633/3364
f 4187/631/3362 4190/634/601 4191/635/2204 4188/632/3363
f 4189/633/3364 4188/632/3363 4185/629/3361 4184/628/3360
f 4188/632/3363 4191/635/2204 4181/625/592 4185/629/3361
f 4192/636/3365 3932/359/344 3931/358/3242 4193/637/3366
f 4193/637/3366 3931/358/3242 3929/356/3241 4180/624/591
f 4190/634/601 4192/636/3365 4193/637/3366 4191/635/2204
f 4191/635/2204 4193/637/3366 4180/624/591 4181/625/592
f 3932/359/344 4192/636/3365 4194/638/3367 3944/374/3249
f 4192/636/3365 4190/634/601 4195/639/2207 4194/638/3367
f 3944/374/3249 4194/638/3367 4196/640/3368 3946/376/3251
f 4194/638/3367 4195/639/2207 4197/641/3369 4196/640/3368
f 4187/631/3362 4186/630/2201 4198/642/2209 4199/643/3370
f 4199/643/3370 4198/642/2209 4200/644/611 4201/645/612
f 4190/634/601 4187/631/3362 4199/643/3370 4195/639/2207
f 4195/639/2207 4199/643/3370 4201/645/612 4197/641/3369
f 4085/646/496 4084/647/495 4202/648/613 4203/649/3371
f 4084/647/495 4080/650/491 4204/651/2212 4202/648/613
f 4203/649/3371 4202/648/613 4201/645/612 4200/644/611
f 4202/648/613 4204/651/2212 4197/641/3369 4201/645/612
f 4078/652/3307 3805/379/3177 3948/378/2027 4205/653/2213
f 4205/653/2213 3948/378/2027 3946/376/3251 4196/640/3368
f 4080/650/491 4078/652/3307 4205/653/2213 4204/651/2212
f 4204/651/2212 4205/653/2213 4196/640/3368 4197/641/3369
f 4206/654/3372 4207/655/3373 4208/656/3374 4209/657/3375
f 4207/655/3373 4210/658/621 4211/659/3376 4208/656/3374
f 4209/657/3375 4208/656/3374 4212/660/3377 4213/661/3378
f 4208/656/3374 4211/659/3376 4214/662/3379 4212/660/3377
f 4215/663/626 4216/664/627 4217/665/3380 4218/666/629
f 4218/666/629 4217/665/3380 4219/667/3381 4220/668/3382
f 4210/658/621 4215/663/626 4218/666/629 4211/659/3376
f 4211/659/3376 4218/666/629 4220/668/3382 4214/662/3379
f 4221/669/3383 4222/670/3384 4223/671/3385 4224/672/3386
f 4222/670/3384 4225/673/3387 4226/674/2221 4223/671/3385
f 4224/672/3386 4223/671/3385 4220/668/3382 4219/667/3381
f 4223/671/3385 4226/674/2221 4214/662/3379 4220/668/3382
f 4227/675/3388 4228/676/3389 4229/677/3390 4230/678/3391
f 4230/678/3391 4229/677/3390 4213/661/3378 4212/660/3377
f 4225/673/3387 4227/675/3388 4230/678/3391 4226/674/2221
f 4226/674/2221 4230/678/3391 4212/660/3377 4214/662/3379
f 4231/679/2225 4232/680/2226 4233/681/3392 4234/682/3393
f 4232/680/2226 4235/683/3394 4236/684/3395 4233/681/3392
f 4234/682/3393 4233/681/3392 4237/685/3396 4238/686/3397
f 4233/681/3392 4236/684/3395 4239/687/2230 4237/685/3396
f 4240/688/651 4206/654/3372 4209/657/3375 4241/689/3398
f 4241/689/3398 4209/657/3375 4213/661/3378 4242/690/3399
f 4235/683/3394 4240/688/651 4241/689/3398 4236/684/3395
f 4236/684/3395 4241/689/3398 4242/690/3399 4239/687/2230
f 4228/676/3389 4243/691/3400 4244/692/3401 4229/677/3390
f 4243/691/3400 4245/693/656 4246/694/3402 4244/692/3401
f 4229/677/3390 4244/692/3401 4242/690/3399 4213/661/3378
f 4244/692/3401 4246/694/3402 4239/687/2230 4242/690/3399
f 4247/695/3403 4248/696/3404 4249/697/2238 4250/698/661
f 4250/698/661 4249/697/2238 4238/686/3397 4237/685/3396
f 4245/693/656 4247/695/3403 4250/698/661 4246/694/3402
f 4246/694/3402 4250/698/661 4237/685/3396 4239/687/2230
f 4251/699/3405 4252/700/3406 4253/701/3407 4254/702/3408
f 4252/700/3406 4255/703/2241 4256/704/2242 4253/701/3407
f 4254/702/3408 4253/701/3407 4257/705/3409 4258/706/3410
f 4253/701/3407 4256/704/2242 4259/707/2244 4257/705/3409
f 4260/708/671 4261/709/3411 4262/710/3412 4263/711/3413
f 4263/711/3413 4262/710/3412 4264/712/675 4265/713/2248
f 4255/703/2241 4260/708/671 4263/711/3413 4256/704/2242
f 4256/704/2242 4263/711/3413 4265/713/2248 4259/707/2244
f 4231/679/2225 4234/682/3393 4266/714/3414 4267/715/2249
f 4234/682/3393 4238/686/3397 4268/716/3415 4266/714/3414
f 4267/715/2249 4266/714/3414 4265/713/2248 4264/712/675
f 4266/714/3414 4268/716/3415 4259/707/2244 4265/713/2248
f 4249/697/2238 4248/696/3404 4269/717/3416 4270/718/681
f 4270/718/681 4269/717/3416 4258/706/3410 4257/705/3409
f 4238/686/3397 4249/697/2238 4270/718/681 4268/716/3415
f 4268/716/3415 4270/718/681 4257/705/3409 4259/707/2244
f 4271/719/3417 4272/720/3418 4273/721/3419 4274/722/3420
f 4272/720/3418 4275/723/3421 4276/724/3422 4273/721/3419
f 4274/722/3420 4273/721/3419 4277/725/3423 4278/726/689
f 4273/721/3419 4276/724/3422 4279/727/3424 4277/725/3423
f 4280/728/2258 4281/729/3425 4282/730/2260 4283/731/3426
f 4283/731/3426 4282/730/2260 4284/732/3427 4285/733/696
f 4275/723/3421 4280/728/2258 4283/731/3426 4276/724/3422
f 4276/724/3422 4283/731/3426 4285/733/696 4279/727/3424
f 4261/709/3411 4260/708/671 4286/734/3428 4287/735/3429
f 4260/708/671 4255/703/2241 4288/736/3430 4286/734/3428
f 4287/735/3429 4286/734/3428 4285/733/696 4284/732/3427
f 4286/734/3428 4288/736/3430 4279/727/3424 4285/733/696
f 4252/700/3406 4251/699/3405 4289/737/700 4290/738/2266
f 4290/738/2266 4289/737/700 4278/726/689 4277/725/3423
f 4255/703/2241 4252/700/3406 4290/738/2266 4288/736/3430
f 4288/736/3430 4290/738/2266 4277/725/3423 4279/727/3424
f 4291/739/702 4292/740/3431 4293/741/3432 4294/742/705
f 4292/740/3431 4295/743/706 4296/744/3433 4293/741/3432
f 4294/742/705 4293/741/3432 4297/745/3434 4298/746/3435
f 4293/741/3432 4296/744/3433 4299/747/3436 4297/745/3434
f 4300/748/3437 4281/749/3425 4280/750/2258 4301/751/3438
f 4301/751/3438 4280/750/2258 4275/752/3421 4302/753/3439
f 4295/743/706 4300/748/3437 4301/751/3438 4296/744/3433
f 4296/744/3433 4301/751/3438 4302/753/3439 4299/747/3436
f 4271/754/3417 4303/755/3440 4304/756/3441 4272/757/3418
f 4303/755/3440 4305/758/2274 4306/759/3442 4304/756/3441
f 4272/757/3418 4304/756/3441 4302/753/3439 4275/752/3421
f 4304/756/3441 4306/759/3442 4299/747/3436 4302/753/3439
f 4307/760/3443 4308/761/719 4309/762/2277 4310/763/3444
f 4310/763/3444 4309/762/2277 4298/746/3435 4297/745/3434
f 4305/758/2274 4307/760/3443 4310/763/3444 4306/759/3442
f 4306/759/3442 4310/763/3444 4297/745/3434 4299/747/3436
f 4311/764/722 4312/765/3445 4313/766/724 4314/767/2281
f 4312/765/3445 4315/768/3446 4316/769/2283 4313/766/724
f 4314/767/2281 4313/766/724 4317/770/728 4318/771/2285
f 4313/766/724 4316/769/2283 4319/772/3447 4317/770/728
f 4320/773/3448 4291/739/702 4294/742/705 4321/774/3449
f 4321/774/3449 4294/742/705 4298/746/3435 4322/775/3450
f 4315/768/3446 4320/773/3448 4321/774/3449 4316/769/2283
f 4316/769/2283 4321/774/3449 4322/775/3450 4319/772/3447
f 4308/761/719 4323/776/3451 4324/777/2290 4309/762/2277
f 4323/776/3451 4325/778/736 4326/779/3452 4324/777/2290
f 4309/762/2277 4324/777/2290 4322/775/3450 4298/746/3435
f 4324/777/2290 4326/779/3452 4319/772/3447 4322/775/3450
f 4327/780/3453 4328/781/3454 4329/782/3455 4330/783/741
f 4330/783/741 4329/782/3455 4318/771/2285 4317/770/728
f 4325/778/736 4327/780/3453 4330/783/741 4326/779/3452
f 4326/779/3452 4330/783/741 4317/770/728 4319/772/3447
f 4331/784/3456 4332/785/743 4333/786/2299 4334/787/745
f 4332/785/743 4335/788/3457 4336/789/3458 4333/786/2299
f 4334/787/745 4333/786/2299 4337/790/748 4338/791/2303
f 4333/786/2299 4336/789/3458 4339/792/3459 4337/790/748
f 4340/793/2304 4341/794/3460 4342/795/3461 4343/796/754
f 4343/796/754 4342/795/3461 4344/797/755 4345/798/3462
f 4335/788/3457 4340/793/2304 4343/796/754 4336/789/3458
f 4336/789/3458 4343/796/754 4345/798/3462 4339/792/3459
f 4311/764/722 4314/767/2281 4346/799/3463 4347/800/2310
f 4314/767/2281 4318/771/2285 4348/801/3464 4346/799/3463
f 4347/800/2310 4346/799/3463 4345/798/3462 4344/797/755
f 4346/799/3463 4348/801/3464 4339/792/3459 4345/798/3462
f 4329/782/3455 4328/781/3454 4349/802/3465 4350/803/2312
f 4350/803/2312 4349/802/3465 4338/791/2303 4337/790/748
f 4318/771/2285 4329/782/3455 4350/803/2312 4348/801/3464
f 4348/801/3464 4350/803/2312 4337/790/748 4339/792/3459
f 4221/804/3383 4224/805/3386 4351/806/3466 4352/807/3467
f 4224/805/3386 4219/808/3381 4353/809/3468 4351/806/3466
f 4352/807/3467 4351/806/3466 4354/810/2314 4355/811/3469
f 4351/806/3466 4353/809/3468 4356/812/3470 4354/810/2314
f 4217/813/3380 4216/814/627 4357/815/3471 4358/816/769
f 4358/816/769 4357/815/3471 4359/817/2318 4360/818/2319
f 4219/808/3381 4217/813/3380 4358/816/769 4353/809/3468
f 4353/809/3468 4358/816/769 4360/818/2319 4356/812/3470
f 4341/794/3460 4340/793/2304 4361/819/3472 4362/820/773
f 4340/793/2304 4335/788/3457 4363/821/3473 4361/819/3472
f 4362/820/773 4361/819/3472 4360/818/2319 4359/817/2318
f 4361/819/3472 4363/821/3473 4356/812/3470 4360/818/2319
f 4332/785/743 4331/784/3456 4364/822/775 4365/823/3474
f 4365/823/3474 4364/822/775 4355/811/3469 4354/810/2314
f 4335/788/3457 4332/785/743 4365/823/3474 4363/821/3473
f 4363/821/3473 4365/823/3474 4354/810/2314 4356/812/3470
f 4221/824/3383 4366/825/3475 4367/826/3476 4222/827/3384
f 4366/825/3475 4368/828/779 4369/829/780 4367/826/3476
f 4222/827/3384 4367/826/3476 4370/830/781 4225/831/3387
f 4367/826/3476 4369/829/780 4371/832/3477 4370/830/781
f 4372/833/3478 3960/392/2036 3959/391/3257 4373/834/3479
f 4373/834/3479 3959/391/3257 3954/386/2031 4374/835/2329
f 4368/828/779 4372/833/3478 4373/834/3479 4369/829/780
f 4369/829/780 4373/834/3479 4374/835/2329 4371/832/3477
f 3950/382/3253 4375/836/2330 4376/837/3480 3951/383/363
f 4375/836/2330 4377/838/3481 4378/839/2333 4376/837/3480
f 3951/383/363 4376/837/3480 4374/835/2329 3954/386/2031
f 4376/837/3480 4378/839/2333 4371/832/3477 4374/835/2329
f 4379/840/790 4228/841/3389 4227/842/3388 4380/843/791
f 4380/843/791 4227/842/3388 4225/831/3387 4370/830/781
f 4377/838/3481 4379/840/790 4380/843/791 4378/839/2333
f 4378/839/2333 4380/843/791 4370/830/781 4371/832/3477
f 4228/841/3389 4379/840/790 4381/844/792 4243/845/3400
f 4379/840/790 4377/838/3481 4382/846/3482 4381/844/792
f 4243/845/3400 4381/844/792 4383/847/794 4245/848/656
f 4381/844/792 4382/846/3482 4384/849/3483 4383/847/794
f 4375/836/2330 3950/382/3253 3979/411/3265 4385/850/796
f 4385/850/796 3979/411/3265 3974/406/386 4386/851/3484
f 4377/838/3481 4375/836/2330 4385/850/796 4382/846/3482
f 4382/846/3482 4385/850/796 4386/851/3484 4384/849/3483
f 3970/402/2046 4387/852/3485 4388/853/2340 3971/403/383
f 4387/852/3485 4389/854/2341 4390/855/801 4388/853/2340
f 3971/403/383 4388/853/2340 4386/851/3484 3974/406/386
f 4388/853/2340 4390/855/801 4384/849/3483 4386/851/3484
f 4391/856/3486 4248/857/3404 4247/858/3403 4392/859/3487
f 4392/859/3487 4247/858/3403 4245/848/656 4383/847/794
f 4389/854/2341 4391/856/3486 4392/859/3487 4390/855/801
f 4390/855/801 4392/859/3487 4383/847/794 4384/849/3483
f 4248/857/3404 4391/856/3486 4393/860/3488 4269/861/3416
f 4391/856/3486 4389/854/2341 4394/862/805 4393/860/3488
f 4269/861/3416 4393/860/3488 4395/863/3489 4258/864/3410
f 4393/860/3488 4394/862/805 4396/865/3490 4395/863/3489
f 4387/852/3485 3970/402/2046 3987/419/399 4397/866/808
f 4397/866/808 3987/419/399 3990/422/402 4398/867/2346
f 4389/854/2341 4387/852/3485 4397/866/808 4394/862/805
f 4394/862/805 4397/866/808 4398/867/2346 4396/865/3490
f 3999/431/2068 4399/868/3491 4400/869/2347 4000/432/3271
f 4399/868/3491 4401/870/3492 4402/871/813 4400/869/2347
f 4000/432/3271 4400/869/2347 4398/867/2346 3990/422/402
f 4400/869/2347 4402/871/813 4396/865/3490 4398/867/2346
f 4403/872/3493 4251/873/3405 4254/874/3408 4404/875/3494
f 4404/875/3494 4254/874/3408 4258/864/3410 4395/863/3489
f 4401/870/3492 4403/872/3493 4404/875/3494 4402/871/813
f 4402/871/813 4404/875/3494 4395/863/3489 4396/865/3490
f 4251/873/3405 4403/872/3493 4405/876/816 4289/877/700
f 4403/872/3493 4401/870/3492 4406/878/817 4405/876/816
f 4289/877/700 4405/876/816 4407/879/3495 4278/880/689
f 4405/876/816 4406/878/817 4408/881/819 4407/879/3495
f 4399/868/3491 3999/431/2068 4003/435/415 4409/882/820
f 4409/882/820 4003/435/415 4006/438/3274 4410/883/3496
f 4401/870/3492 4399/868/3491 4409/882/820 4406/878/817
f 4406/878/817 4409/882/820 4410/883/3496 4408/881/819
f 4015/447/3278 4411/884/2354 4412/885/3497 4016/448/3279
f 4411/884/2354 4413/886/2355 4414/887/3498 4412/885/3497
f 4016/448/3279 4412/885/3497 4410/883/3496 4006/438/3274
f 4412/885/3497 4414/887/3498 4408/881/819 4410/883/3496
f 4415/888/3499 4271/889/3417 4274/890/3420 4416/891/827
f 4416/891/827 4274/890/3420 4278/880/689 4407/879/3495
f 4413/886/2355 4415/888/3499 4416/891/827 4414/887/3498
f 4414/887/3498 4416/891/827 4407/879/3495 4408/881/819
f 4015/450/3278 4019/453/2087 4417/892/2358 4411/893/2354
f 4019/453/2087 4022/457/434 4418/894/2359 4417/892/2358
f 4411/893/2354 4417/892/2358 4419/895/3500 4413/896/2355
f 4417/892/2358 4418/894/2359 4420/897/2361 4419/895/3500
f 4032/468/2098 4031/467/3285 4421/898/3501 4422/899/3502
f 4422/899/3502 4421/898/3501 4423/900/3503 4424/901/835
f 4022/457/434 4032/468/2098 4422/899/3502 4418/894/2359
f 4418/894/2359 4422/899/3502 4424/901/835 4420/897/2361
f 4308/902/719 4307/903/3443 4425/904/3504 4426/905/3505
f 4307/903/3443 4305/906/2274 4427/907/838 4425/904/3504
f 4426/905/3505 4425/904/3504 4424/901/835 4423/900/3503
f 4425/904/3504 4427/907/838 4420/897/2361 4424/901/835
f 4303/908/3440 4271/909/3417 4415/910/3499 4428/911/839
f 4428/911/839 4415/910/3499 4413/896/2355 4419/895/3500
f 4305/906/2274 4303/908/3440 4428/911/839 4427/907/838
f 4427/907/838 4428/911/839 4419/895/3500 4420/897/2361
f 4328/912/3454 4327/913/3453 4429/914/3506 4430/915/2368
f 4327/913/3453 4325/916/736 4431/917/842 4429/914/3506
f 4430/915/2368 4429/914/3506 4432/918/3507 4433/919/3508
f 4429/914/3506 4431/917/842 4434/920/3509 4432/918/3507
f 4323/921/3451 4308/902/719 4426/905/3505 4435/922/3510
f 4435/922/3510 4426/905/3505 4423/900/3503 4436/923/2372
f 4325/916/736 4323/921/3451 4435/922/3510 4431/917/842
f 4431/917/842 4435/922/3510 4436/923/2372 4434/920/3509
f 4031/467/3285 4035/471/3286 4437/924/3511 4421/898/3501
f 4035/471/3286 4038/474/2101 4438/925/3512 4437/924/3511
f 4421/898/3501 4437/924/3511 4436/923/2372 4423/900/3503
f 4437/924/3511 4438/925/3512 4434/920/3509 4436/923/2372
f 4048/484/3290 4047/483/458 4439/926/3513 4440/927/851
f 4440/927/851 4439/926/3513 4433/919/3508 4432/918/3507
f 4038/474/2101 4048/484/3290 4440/927/851 4438/925/3512
f 4438/925/3512 4440/927/851 4432/918/3507 4434/920/3509
f 4047/483/458 4059/495/470 4441/928/3514 4439/926/3513
f 4059/495/470 4054/490/465 4442/929/3515 4441/928/3514
f 4439/926/3513 4441/928/3514 4443/930/854 4433/919/3508
f 4441/928/3514 4442/929/3515 4444/931/855 4443/930/854
f 4051/487/3292 4050/486/3291 4445/932/3516 4446/933/2379
f 4446/933/2379 4445/932/3516 4447/934/3517 4448/935/859
f 4054/490/465 4051/487/3292 4446/933/2379 4442/929/3515
f 4442/929/3515 4446/933/2379 4448/935/859 4444/931/855
f 4331/936/3456 4334/937/745 4449/938/860 4450/939/861
f 4334/937/745 4338/940/2303 4451/941/2382 4449/938/860
f 4450/939/861 4449/938/860 4448/935/859 4447/934/3517
f 4449/938/860 4451/941/2382 4444/931/855 4448/935/859
f 4349/942/3465 4328/912/3454 4430/915/2368 4452/943/2383
f 4452/943/2383 4430/915/2368 4433/919/3508 4443/930/854
f 4338/940/2303 4349/942/3465 4452/943/2383 4451/941/2382
f 4451/941/2382 4452/943/2383 4443/930/854 4444/931/855
f 4331/936/3456 4450/939/861 4453/944/3518 4364/945/775
f 4450/939/861 4447/934/3517 4454/946/3519 4453/944/3518
f 4364/945/775 4453/944/3518 4455/947/2385 4355/948/3469
f 4453/944/3518 4454/946/3519 4456/949/2386 4455/947/2385
f 4445/932/3516 4050/486/3291 4072/511/2124 4457/950/2387
f 4457/950/2387 4072/511/2124 4068/506/479 4458/951/3520
f 4447/934/3517 4445/932/3516 4457/950/2387 4454/946/3519
f 4454/946/3519 4457/950/2387 4458/951/3520 4456/949/2386
f 3960/502/2036 4372/952/3478 4459/953/2389 4066/503/477
f 4372/952/3478 4368/954/779 4460/955/871 4459/953/2389
f 4066/503/477 4459/953/2389 4458/951/3520 4068/506/479
f 4459/953/2389 4460/955/871 4456/949/2386 4458/951/3520
f 4366/956/3475 4221/957/3383 4352/958/3467 4461/959/2390
f 4461/959/2390 4352/958/3467 4355/948/3469 4455/947/2385
f 4368/954/779 4366/956/3475 4461/959/2390 4460/955/871
f 4460/955/871 4461/959/2390 4455/947/2385 4456/949/2386
f 4462/960/3521 4463/961/2391 4464/962/2392 4465/963/876
f 4463/961/2391 4466/964/2393 4467/965/3522 4464/962/2392
f 4465/963/876 4464/962/2392 4468/966/2395 4469/967/3523
f 4464/962/2392 4467/965/3522 4470/968/2397 4468/966/2395
f 4471/969/3524 4472/970/2399 4473/971/884 4474/972/3525
f 4474/972/3525 4473/971/884 4475/973/2402 4476/974/887
f 4466/964/2393 4471/969/3524 4474/972/3525 4467/965/3522
f 4467/965/3522 4474/972/3525 4476/974/887 4470/968/2397
f 4216/664/627 4215/663/626 4477/975/3526 4478/976/3527
f 4215/663/626 4210/658/621 4479/977/3528 4477/975/3526
f 4478/976/3527 4477/975/3526 4476/974/887 4475/973/2402
f 4477/975/3526 4479/977/3528 4470/968/2397 4476/974/887
f 4207/655/3373 4206/654/3372 4480/978/2404 4481/979/3529
f 4481/979/3529 4480/978/2404 4469/967/3523 4468/966/2395
f 4210/658/621 4207/655/3373 4481/979/3529 4479/977/3528
f 4479/977/3528 4481/979/3529 4468/966/2395 4470/968/2397
f 4482/980/3530 4483/981/2406 4484/982/895 4485/983/896
f 4483/981/2406 4486/984/3531 4487/985/2410 4484/982/895
f 4485/983/896 4484/982/895 4488/986/2411 4489/987/3532
f 4484/982/895 4487/985/2410 4490/988/3533 4488/986/2411
f 4491/989/902 4462/960/3521 4465/963/876 4492/990/903
f 4492/990/903 4465/963/876 4469/967/3523 4493/991/3534
f 4486/984/3531 4491/989/902 4492/990/903 4487/985/2410
f 4487/985/2410 4492/990/903 4493/991/3534 4490/988/3533
f 4206/654/3372 4240/688/651 4494/992/3535 4480/978/2404
f 4240/688/651 4235/683/3394 4495/993/2415 4494/992/3535
f 4480/978/2404 4494/992/3535 4493/991/3534 4469/967/3523
f 4494/992/3535 4495/993/2415 4490/988/3533 4493/991/3534
f 4232/680/2226 4231/679/2225 4496/994/907 4497/995/3536
f 4497/995/3536 4496/994/907 4489/987/3532 4488/986/2411
f 4235/683/3394 4232/680/2226 4497/995/3536 4495/993/2415
f 4495/993/2415 4497/995/3536 4488/986/2411 4490/988/3533
f 4482/980/3530 4485/983/896 4498/996/3537 4499/997/910
f 4485/983/896 4489/987/3532 4500/998/2419 4498/996/3537
f 4499/997/910 4498/996/3537 4501/999/3538 4502/1000/3539
f 4498/996/3537 4500/998/2419 4503/1001/3540 4501/999/3538
f 4496/994/907 4231/679/2225 4267/715/2249 4504/1002/915
f 4504/1002/915 4267/715/2249 4264/712/675 4505/1003/2422
f 4489/987/3532 4496/994/907 4504/1002/915 4500/998/2419
f 4500/998/2419 4504/1002/915 4505/1003/2422 4503/1001/3540
f 4261/709/3411 4506/1004/3541 4507/1005/2424 4262/710/3412
f 4506/1004/3541 4508/1006/3542 4509/1007/2426 4507/1005/2424
f 4262/710/3412 4507/1005/2424 4505/1003/2422 4264/712/675
f 4507/1005/2424 4509/1007/2426 4503/1001/3540 4505/1003/2422
f 4510/1008/3543 4511/1009/2428 4512/1010/3544 4513/1011/924
f 4513/1011/924 4512/1010/3544 4502/1000/3539 4501/999/3538
f 4508/1006/3542 4510/1008/3543 4513/1011/924 4509/1007/2426
f 4509/1007/2426 4513/1011/924 4501/999/3538 4503/1001/3540
f 4281/729/3425 4514/1012/3545 4515/1013/926 4282/730/2260
f 4514/1012/3545 4516/1014/2431 4517/1015/928 4515/1013/926
f 4282/730/2260 4515/1013/926 4518/1016/929 4284/732/3427
f 4515/1013/926 4517/1015/928 4519/1017/2433 4518/1016/929
f 4520/1018/2434 4521/1019/932 4522/1020/2436 4523/1021/3546
f 4523/1021/3546 4522/1020/2436 4524/1022/935 4525/1023/3547
f 4516/1014/2431 4520/1018/2434 4523/1021/3546 4517/1015/928
f 4517/1015/928 4523/1021/3546 4525/1023/3547 4519/1017/2433
f 4511/1009/2428 4510/1008/3543 4526/1024/3548 4527/1025/3549
f 4510/1008/3543 4508/1006/3542 4528/1026/2442 4526/1024/3548
f 4527/1025/3549 4526/1024/3548 4525/1023/3547 4524/1022/935
f 4526/1024/3548 4528/1026/2442 4519/1017/2433 4525/1023/3547
f 4506/1004/3541 4261/709/3411 4287/735/3429 4529/1027/2443
f 4529/1027/2443 4287/735/3429 4284/732/3427 4518/1016/929
f 4508/1006/3542 4506/1004/3541 4529/1027/2443 4528/1026/2442
f 4528/1026/2442 4529/1027/2443 4518/1016/929 4519/1017/2433
f 4530/1028/941 4531/1029/2445 4532/1030/943 4533/1031/3550
f 4531/1029/2445 4534/1032/3551 4535/1033/946 4532/1030/943
f 4533/1031/3550 4532/1030/943 4536/1034/947 4537/1035/948
f 4532/1030/943 4535/1033/946 4538/1036/3552 4536/1034/947
f 4539/1037/3553 4521/1038/932 4520/1039/2434 4540/1040/3554
f 4540/1040/3554 4520/1039/2434 4516/1041/2431 4541/1042/952
f 4534/1032/3551 4539/1037/3553 4540/1040/3554 4535/1033/946
f 4535/1033/946 4540/1040/3554 4541/1042/952 4538/1036/3552
f 4281/749/3425 4300/748/3437 4542/1043/3555 4514/1044/3545
f 4300/748/3437 4295/743/706 4543/1045/954 4542/1043/3555
f 4514/1044/3545 4542/1043/3555 4541/1042/952 4516/1041/2431
f 4542/1043/3555 4543/1045/954 4538/1036/3552 4541/1042/952
f 4292/740/3431 4291/739/702 4544/1046/3556 4545/1047/2457
f 4545/1047/2457 4544/1046/3556 4537/1035/948 4536/1034/947
f 4295/743/706 4292/740/3431 4545/1047/2457 4543/1045/954
f 4543/1045/954 4545/1047/2457 4536/1034/947 4538/1036/3552
f 4546/1048/3557 4547/1049/958 4548/1050/959 4549/1051/2461
f 4547/1049/958 4550/1052/3558 4551/1053/3559 4548/1050/959
f 4549/1051/2461 4548/1050/959 4552/1054/963 4553/1055/3560
f 4548/1050/959 4551/1053/3559 4554/1056/3561 4552/1054/963
f 4555/1057/3562 4530/1028/941 4533/1031/3550 4556/1058/3563
f 4556/1058/3563 4533/1031/3550 4537/1035/948 4557/1059/968
f 4550/1052/3558 4555/1057/3562 4556/1058/3563 4551/1053/3559
f 4551/1053/3559 4556/1058/3563 4557/1059/968 4554/1056/3561
f 4291/739/702 4320/773/3448 4558/1060/3564 4544/1046/3556
f 4320/773/3448 4315/768/3446 4559/1061/970 4558/1060/3564
f 4544/1046/3556 4558/1060/3564 4557/1059/968 4537/1035/948
f 4558/1060/3564 4559/1061/970 4554/1056/3561 4557/1059/968
f 4312/765/3445 4311/764/722 4560/1062/3565 4561/1063/3566
f 4561/1063/3566 4560/1062/3565 4553/1055/3560 4552/1054/963
f 4315/768/3446 4312/765/3445 4561/1063/3566 4559/1061/970
f 4559/1061/970 4561/1063/3566 4552/1054/963 4554/1056/3561
f 4546/1048/3557 4549/1051/2461 4562/1064/3567 4563/1065/3568
f 4549/1051/2461 4553/1055/3560 4564/1066/3569 4562/1064/3567
f 4563/1065/3568 4562/1064/3567 4565/1067/2472 4566/1068/2473
f 4562/1064/3567 4564/1066/3569 4567/1069/3570 4565/1067/2472
f 4560/1062/3565 4311/764/722 4347/800/2310 4568/1070/3571
f 4568/1070/3571 4347/800/2310 4344/797/755 4569/1071/980
f 4553/1055/3560 4560/1062/3565 4568/1070/3571 4564/1066/3569
f 4564/1066/3569 4568/1070/3571 4569/1071/980 4567/1069/3570
f 4341/794/3460 4570/1072/3572 4571/1073/2478 4342/795/3461
f 4570/1072/3572 4572/1074/983 4573/1075/984 4571/1073/2478
f 4342/795/3461 4571/1073/2478 4569/1071/980 4344/797/755
f 4571/1073/2478 4573/1075/984 4567/1069/3570 4569/1071/980
f 4574/1076/3573 4575/1077/3574 4576/1078/987 4577/1079/3575
f 4577/1079/3575 4576/1078/987 4566/1068/2473 4565/1067/2472
f 4572/1074/983 4574/1076/3573 4577/1079/3575 4573/1075/984
f 4573/1075/984 4577/1079/3575 4565/1067/2472 4567/1069/3570
f 4575/1077/3574 4574/1076/3573 4578/1080/2484 4579/1081/3576
f 4574/1076/3573 4572/1074/983 4580/1082/991 4578/1080/2484
f 4579/1081/3576 4578/1080/2484 4581/1083/992 4582/1084/2488
f 4578/1080/2484 4580/1082/991 4583/1085/994 4581/1083/992
f 4570/1072/3572 4341/794/3460 4362/820/773 4584/1086/3577
f 4584/1086/3577 4362/820/773 4359/817/2318 4585/1087/3578
f 4572/1074/983 4570/1072/3572 4584/1086/3577 4580/1082/991
f 4580/1082/991 4584/1086/3577 4585/1087/3578 4583/1085/994
f 4216/814/627 4478/1088/3527 4586/1089/997 4357/815/3471
f 4478/1088/3527 4475/1090/2402 4587/1091/3579 4586/1089/997
f 4357/815/3471 4586/1089/997 4585/1087/3578 4359/817/2318
f 4586/1089/997 4587/1091/3579 4583/1085/994 4585/1087/3578
f 4473/1092/884 4472/1093/2399 4588/1094/3580 4589/1095/1000
f 4589/1095/1000 4588/1094/3580 4582/1084/2488 4581/1083/992
f 4475/1090/2402 4473/1092/884 4589/1095/1000 4587/1091/3579
f 4587/1091/3579 4589/1095/1000 4581/1083/992 4583/1085/994
f 4590/1096/1001 4591/1097/3581 4592/1098/3582 4593/1099/1004
f 4591/1097/3581 4594/1100/3583 4595/1101/3584 4592/1098/3582
f 4593/1099/1004 4592/1098/3582 4596/1102/1007 4597/1103/3585
f 4592/1098/3582 4595/1101/3584 4598/1104/1009 4596/1102/1007
f 4599/1105/3586 4600/1106/3587 4601/1107/1012 4602/1108/1013
f 4602/1108/1013 4601/1107/1012 4603/1109/1014 4604/1110/1015
f 4594/1100/3583 4599/1105/3586 4602/1108/1013 4595/1101/3584
f 4595/1101/3584 4602/1108/1013 4604/1110/1015 4598/1104/1009
f 3780/202/192 3783/205/1915 4605/1111/3588 4606/1112/1017
f 3783/205/1915 3778/200/3164 4607/1113/3589 4605/1111/3588
f 4606/1112/1017 4605/1111/3588 4604/1110/1015 4603/1109/1014
f 4605/1111/3588 4607/1113/3589 4598/1104/1009 4604/1110/1015
f 3776/198/188 3775/197/1910 4608/1114/1019 4609/1115/2503
f 4609/1115/2503 4608/1114/1019 4597/1103/3585 4596/1102/1007
f 3778/200/3164 3776/198/188 4609/1115/2503 4607/1113/3589
f 4607/1113/3589 4609/1115/2503 4596/1102/1007 4598/1104/1009
f 4610/1116/3590 4611/1117/3591 4612/1118/3592 4613/1119/1024
f 4611/1117/3591 4614/1120/3593 4615/1121/1026 4612/1118/3592
f 4613/1119/1024 4612/1118/3592 4616/1122/2507 4617/1123/1028
f 4612/1118/3592 4615/1121/1026 4618/1124/2508 4616/1122/2507
f 4619/1125/3594 4620/1126/3595 4621/1127/3596 4622/1128/2510
f 4622/1128/2510 4621/1127/3596 4623/1129/1034 4624/1130/1035
f 4614/1120/3593 4619/1125/3594 4622/1128/2510 4615/1121/1026
f 4615/1121/1026 4622/1128/2510 4624/1130/1035 4618/1124/2508
f 3780/1131/192 4606/1132/1017 4625/1133/1036 4626/1134/1037
f 4606/1132/1017 4603/1135/1014 4627/1136/1038 4625/1133/1036
f 4626/1134/1037 4625/1133/1036 4624/1130/1035 4623/1129/1034
f 4625/1133/1036 4627/1136/1038 4618/1124/2508 4624/1130/1035
f 4601/1137/1012 4600/1138/3587 4628/1139/3597 4629/1140/1040
f 4629/1140/1040 4628/1139/3597 4617/1123/1028 4616/1122/2507
f 4603/1135/1014 4601/1137/1012 4629/1140/1040 4627/1136/1038
f 4627/1136/1038 4629/1140/1040 4616/1122/2507 4618/1124/2508
f 3780/1131/192 4626/1134/1037 4630/1141/1041 3781/1142/1913
f 4626/1134/1037 4623/1129/1034 4631/1143/3598 4630/1141/1041
f 3781/1142/1913 4630/1141/1041 4632/1144/1043 3784/1145/196
f 4630/1141/1041 4631/1143/3598 4633/1146/1044 4632/1144/1043
f 4621/1127/3596 4620/1126/3595 4634/1147/3599 4635/1148/3600
f 4635/1148/3600 4634/1147/3599 4636/1149/3601 4637/1150/1048
f 4623/1129/1034 4621/1127/3596 4635/1148/3600 4631/1143/3598
f 4631/1143/3598 4635/1148/3600 4637/1150/1048 4633/1146/1044
f 4638/1151/3602 4639/1152/2516 4640/1153/3603 4641/1154/1052
f 4639/1152/2516 4642/1155/3604 4643/1156/3605 4640/1153/3603
f 4641/1154/1052 4640/1153/3603 4637/1150/1048 4636/1149/3601
f 4640/1153/3603 4643/1156/3605 4633/1146/1044 4637/1150/1048
f 4644/1157/1055 3787/1158/1917 3786/1159/198 4645/1160/2520
f 4645/1160/2520 3786/1159/198 3784/1145/196 4632/1144/1043
f 4642/1155/3604 4644/1157/1055 4645/1160/2520 4643/1156/3605
f 4643/1156/3605 4645/1160/2520 4632/1144/1043 4633/1146/1044
f 3765/187/3158 3768/190/180 4646/1161/2521 4647/1162/2522
f 3768/190/180 3772/194/3161 4648/1163/1059 4646/1161/2521
f 4647/1162/2522 4646/1161/2521 4649/1164/3606 4650/1165/3607
f 4646/1161/2521 4648/1163/1059 4651/1166/3608 4649/1164/3606
f 3788/210/3166 3787/209/1917 4652/1167/3609 4653/1168/2525
f 4653/1168/2525 4652/1167/3609 4654/1169/2526 4655/1170/1066
f 3772/194/3161 3788/210/3166 4653/1168/2525 4648/1163/1059
f 4648/1163/1059 4653/1168/2525 4655/1170/1066 4651/1166/3608
f 4656/1171/3610 4657/1172/1068 4658/1173/3611 4659/1174/1070
f 4657/1172/1068 4660/1175/2530 4661/1176/1072 4658/1173/3611
f 4659/1174/1070 4658/1173/3611 4655/1170/1066 4654/1169/2526
f 4658/1173/3611 4661/1176/1072 4651/1166/3608 4655/1170/1066
f 4662/1177/1073 4663/1178/1074 4664/1179/2533 4665/1180/3612
f 4665/1180/3612 4664/1179/2533 4650/1165/3607 4649/1164/3606
f 4660/1175/2530 4662/1177/1073 4665/1180/3612 4661/1176/1072
f 4661/1176/1072 4665/1180/3612 4649/1164/3606 4651/1166/3608
f 4666/1181/3613 4667/1182/2535 4668/1183/3614 4669/1184/3615
f 4667/1182/2535 4670/1185/3616 4671/1186/1082 4668/1183/3614
f 4669/1184/3615 4668/1183/3614 4672/1187/2538 4673/1188/1084
f 4668/1183/3614 4671/1186/1082 4674/1189/3617 4672/1187/2538
f 4675/1190/3618 3775/197/1910 3774/196/3163 4676/1191/3619
f 4676/1191/3619 3774/196/3163 3769/191/181 4677/1192/3620
f 4670/1185/3616 4675/1190/3618 4676/1191/3619 4671/1186/1082
f 4671/1186/1082 4676/1191/3619 4677/1192/3620 4674/1189/3617
f 3765/187/3158 4647/1162/2522 4678/1193/2543 3766/188/1904
f 4647/1162/2522 4650/1165/3607 4679/1194/3621 4678/1193/2543
f 3766/188/1904 4678/1193/2543 4677/1192/3620 3769/191/181
f 4678/1193/2543 4679/1194/3621 4674/1189/3617 4677/1192/3620
f 4664/1179/2533 4663/1178/1074 4680/1195/1091 4681/1196/3622
f 4681/1196/3622 4680/1195/1091 4673/1188/1084 4672/1187/2538
f 4650/1165/3607 4664/1179/2533 4681/1196/3622 4679/1194/3621
f 4679/1194/3621 4681/1196/3622 4672/1187/2538 4674/1189/3617
f 4590/1096/1001 4593/1099/1004 4682/1197/2546 4683/1198/3623
f 4593/1099/1004 4597/1103/3585 4684/1199/3624 4682/1197/2546
f 4683/1198/3623 4682/1197/2546 4685/1200/2549 4686/1201/3625
f 4682/1197/2546 4684/1199/3624 4687/1202/3626 4685/1200/2549
f 4608/1114/1019 3775/197/1910 4675/1190/3618 4688/1203/1099
f 4688/1203/1099 4675/1190/3618 4670/1185/3616 4689/1204/3627
f 4597/1103/3585 4608/1114/1019 4688/1203/1099 4684/1199/3624
f 4684/1199/3624 4688/1203/1099 4689/1204/3627 4687/1202/3626
f 4666/1181/3613 4690/1205/3628 4691/1206/2554 4667/1182/2535
f 4690/1205/3628 4692/1207/2555 4693/1208/2556 4691/1206/2554
f 4667/1182/2535 4691/1206/2554 4689/1204/3627 4670/1185/3616
f 4691/1206/2554 4693/1208/2556 4687/1202/3626 4689/1204/3627
f 4694/1209/3629 4695/1210/2557 4696/1211/3630 4697/1212/3631
f 4697/1212/3631 4696/1211/3630 4686/1201/3625 4685/1200/2549
f 4692/1207/2555 4694/1209/3629 4697/1212/3631 4693/1208/2556
f 4693/1208/2556 4697/1212/3631 4685/1200/2549 4687/1202/3626
f 4698/1213/3632 4699/1214/3633 4700/1215/3634 4701/1216/3635
f 4699/1214/3633 4702/1217/2563 4703/1218/3636 4700/1215/3634
f 4701/1216/3635 4700/1215/3634 4704/1219/1115 4705/1220/3637
f 4700/1215/3634 4703/1218/3636 4706/1221/1117 4704/1219/1115
f 4707/1222/1118 4600/1106/3587 4599/1105/3586 4708/1223/1119
f 4708/1223/1119 4599/1105/3586 4594/1100/3583 4709/1224/3638
f 4702/1217/2563 4707/1222/1118 4708/1223/1119 4703/1218/3636
f 4703/1218/3636 4708/1223/1119 4709/1224/3638 4706/1221/1117
f 4590/1096/1001 4683/1198/3623 4710/1225/2569 4591/1097/3581
f 4683/1198/3623 4686/1201/3625 4711/1226/1122 4710/1225/2569
f 4591/1097/3581 4710/1225/2569 4709/1224/3638 4594/1100/3583
f 4710/1225/2569 4711/1226/1122 4706/1221/1117 4709/1224/3638
f 4696/1211/3630 4695/1210/2557 4712/1227/1123 4713/1228/1124
f 4713/1228/1124 4712/1227/1123 4705/1220/3637 4704/1219/1115
f 4686/1201/3625 4696/1211/3630 4713/1228/1124 4711/1226/1122
f 4711/1226/1122 4713/1228/1124 4704/1219/1115 4706/1221/1117
f 4610/1116/3590 4613/1119/1024 4714/1229/3639 4715/1230/3640
f 4613/1119/1024 4617/1123/1028 4716/1231/1127 4714/1229/3639
f 4715/1230/3640 4714/1229/3639 4717/1232/2573 4718/1233/3641
f 4714/1229/3639 4716/1231/1127 4719/1234/3642 4717/1232/2573
f 4628/1139/3597 4600/1138/3587 4707/1235/1118 4720/1236/3643
f 4720/1236/3643 4707/1235/1118 4702/1237/2563 4721/1238/1132
f 4617/1123/1028 4628/1139/3597 4720/1236/3643 4716/1231/1127
f 4716/1231/1127 4720/1236/3643 4721/1238/1132 4719/1234/3642
f 4698/1239/3632 4722/1240/2577 4723/1241/3644 4699/1242/3633
f 4722/1240/2577 4724/1243/2579 4725/1244/1136 4723/1241/3644
f 4699/1242/3633 4723/1241/3644 4721/1238/1132 4702/1237/2563
f 4723/1241/3644 4725/1244/1136 4719/1234/3642 4721/1238/1132
f 4726/1245/2581 4727/1246/2582 4728/1247/2583 4729/1248/2584
f 4729/1248/2584 4728/1247/2583 4718/1233/3641 4717/1232/2573
f 4724/1243/2579 4726/1245/2581 4729/1248/2584 4725/1244/1136
f 4725/1244/1136 4729/1248/2584 4717/1232/2573 4719/1234/3642
f 4730/1249/3645 4731/1250/3646 4732/1251/3647 4733/1252/3648
f 4731/1250/3646 4734/1253/1145 4735/1254/3649 4732/1251/3647
f 4733/1252/3648 4732/1251/3647 4736/1255/3650 4737/1256/2591
f 4732/1251/3647 4735/1254/3649 4738/1257/1149 4736/1255/3650
f 4739/1258/1150 4620/1126/3595 4619/1125/3594 4740/1259/2594
f 4740/1259/2594 4619/1125/3594 4614/1120/3593 4741/1260/2595
f 4734/1253/1145 4739/1258/1150 4740/1259/2594 4735/1254/3649
f 4735/1254/3649 4740/1259/2594 4741/1260/2595 4738/1257/1149
f 4610/1116/3590 4715/1230/3640 4742/1261/3651 4611/1117/3591
f 4715/1230/3640 4718/1233/3641 4743/1262/2597 4742/1261/3651
f 4611/1117/3591 4742/1261/3651 4741/1260/2595 4614/1120/3593
f 4742/1261/3651 4743/1262/2597 4738/1257/1149 4741/1260/2595
f 4728/1247/2583 4727/1246/2582 4744/1263/3652 4745/1264/1156
f 4745/1264/1156 4744/1263/3652 4737/1256/2591 4736/1255/3650
f 4718/1233/3641 4728/1247/2583 4745/1264/1156 4743/1262/2597
f 4743/1262/2597 4745/1264/1156 4736/1255/3650 4738/1257/1149
f 4638/1151/3602 4641/1154/1052 4746/1265/1157 4747/1266/1158
f 4641/1154/1052 4636/1149/3601 4748/1267/2601 4746/1265/1157
f 4747/1266/1158 4746/1265/1157 4749/1268/3653 4750/1269/2602
f 4746/1265/1157 4748/1267/2601 4751/1270/3654 4749/1268/3653
f 4634/1147/3599 4620/1126/3595 4739/1258/1150 4752/1271/3655
f 4752/1271/3655 4739/1258/1150 4734/1253/1145 4753/1272/1164
f 4636/1149/3601 4634/1147/3599 4752/1271/3655 4748/1267/2601
f 4748/1267/2601 4752/1271/3655 4753/1272/1164 4751/1270/3654
f 4730/1249/3645 4754/1273/3656 4755/1274/3657 4731/1250/3646
f 4754/1273/3656 4756/1275/3658 4757/1276/1168 4755/1274/3657
f 4731/1250/3646 4755/1274/3657 4753/1272/1164 4734/1253/1145
f 4755/1274/3657 4757/1276/1168 4751/1270/3654 4753/1272/1164
f 4758/1277/3659 4759/1278/3660 4760/1279/2611 4761/1280/3661
f 4761/1280/3661 4760/1279/2611 4750/1269/2602 4749/1268/3653
f 4756/1275/3658 4758/1277/3659 4761/1280/3661 4757/1276/1168
f 4757/1276/1168 4761/1280/3661 4749/1268/3653 4751/1270/3654
f 4656/1281/3610 4659/1282/1070 4762/1283/3662 4763/1284/2612
f 4659/1282/1070 4654/1285/2526 4764/1286/3663 4762/1283/3662
f 4763/1284/2612 4762/1283/3662 4765/1287/1176 4766/1288/3664
f 4762/1283/3662 4764/1286/3663 4767/1289/3665 4765/1287/1176
f 4652/1290/3609 3787/1158/1917 4644/1157/1055 4768/1291/3666
f 4768/1291/3666 4644/1157/1055 4642/1155/3604 4769/1292/3667
f 4654/1285/2526 4652/1290/3609 4768/1291/3666 4764/1286/3663
f 4764/1286/3663 4768/1291/3666 4769/1292/3667 4767/1289/3665
f 4638/1151/3602 4747/1266/1158 4770/1293/3668 4639/1152/2516
f 4747/1266/1158 4750/1269/2602 4771/1294/2617 4770/1293/3668
f 4639/1152/2516 4770/1293/3668 4769/1292/3667 4642/1155/3604
f 4770/1293/3668 4771/1294/2617 4767/1289/3665 4769/1292/3667
f 4760/1279/2611 4759/1278/3660 4772/1295/2618 4773/1296/3669
f 4773/1296/3669 4772/1295/2618 4766/1288/3664 4765/1287/1176
f 4750/1269/2602 4760/1279/2611 4773/1296/3669 4771/1294/2617
f 4771/1294/2617 4773/1296/3669 4765/1287/1176 4767/1289/3665
f 4774/1297/2620 4775/1298/3670 4776/1299/3671 4777/1300/3672
f 4775/1298/3670 4778/1301/3673 4779/1302/3674 4776/1299/3671
f 4777/1300/3672 4776/1299/3671 4780/1303/3675 4781/1304/3676
f 4776/1299/3671 4779/1302/3674 4782/1305/2626 4780/1303/3675
f 4783/1306/3677 4784/1307/1195 4785/1308/1196 4786/1309/3678
f 4786/1309/3678 4785/1308/1196 4787/1310/3679 4788/1311/3680
f 4778/1301/3673 4783/1306/3677 4786/1309/3678 4779/1302/3674
f 4779/1302/3674 4786/1309/3678 4788/1311/3680 4782/1305/2626
f 4472/970/2399 4471/969/3524 4789/1312/3681 4790/1313/3682
f 4471/969/3524 4466/964/2393 4791/1314/1202 4789/1312/3681
f 4790/1313/3682 4789/1312/3681 4788/1311/3680 4787/1310/3679
f 4789/1312/3681 4791/1314/1202 4782/1305/2626 4788/1311/3680
f 4463/961/2391 4462/960/3521 4792/1315/3683 4793/1316/3684
f 4793/1316/3684 4792/1315/3683 4781/1304/3676 4780/1303/3675
f 4466/964/2393 4463/961/2391 4793/1316/3684 4791/1314/1202
f 4791/1314/1202 4793/1316/3684 4780/1303/3675 4782/1305/2626
f 4794/1317/3685 4795/1318/2637 4796/1319/3686 4797/1320/1208
f 4795/1318/2637 4798/1321/3687 4799/1322/3688 4796/1319/3686
f 4797/1320/1208 4796/1319/3686 4800/1323/3689 4801/1324/1212
f 4796/1319/3686 4799/1322/3688 4802/1325/3690 4800/1323/3689
f 4803/1326/2645 4774/1297/2620 4777/1300/3672 4804/1327/3691
f 4804/1327/3691 4777/1300/3672 4781/1304/3676 4805/1328/3692
f 4798/1321/3687 4803/1326/2645 4804/1327/3691 4799/1322/3688
f 4799/1322/3688 4804/1327/3691 4805/1328/3692 4802/1325/3690
f 4462/960/3521 4491/989/902 4806/1329/2647 4792/1315/3683
f 4491/989/902 4486/984/3531 4807/1330/1218 4806/1329/2647
f 4792/1315/3683 4806/1329/2647 4805/1328/3692 4781/1304/3676
f 4806/1329/2647 4807/1330/1218 4802/1325/3690 4805/1328/3692
f 4483/981/2406 4482/980/3530 4808/1331/3693 4809/1332/3694
f 4809/1332/3694 4808/1331/3693 4801/1324/1212 4800/1323/3689
f 4486/984/3531 4483/981/2406 4809/1332/3694 4807/1330/1218
f 4807/1330/1218 4809/1332/3694 4800/1323/3689 4802/1325/3690
f 4794/1317/3685 4797/1320/1208 4810/1333/2649 4811/1334/2650
f 4797/1320/1208 4801/1324/1212 4812/1335/1223 4810/1333/2649
f 4811/1334/2650 4810/1333/2649 4813/1336/1224 4814/1337/3695
f 4810/1333/2649 4812/1335/1223 4815/1338/3696 4813/1336/1224
f 4808/1331/3693 4482/980/3530 4499/997/910 4816/1339/2654
f 4816/1339/2654 4499/997/910 4502/1000/3539 4817/1340/1228
f 4801/1324/1212 4808/1331/3693 4816/1339/2654 4812/1335/1223
f 4812/1335/1223 4816/1339/2654 4817/1340/1228 4815/1338/3696
f 4511/1009/2428 4818/1341/3697 4819/1342/1230 4512/1010/3544
f 4818/1341/3697 4820/1343/3698 4821/1344/1232 4819/1342/1230
f 4512/1010/3544 4819/1342/1230 4817/1340/1228 4502/1000/3539
f 4819/1342/1230 4821/1344/1232 4815/1338/3696 4817/1340/1228
f 4822/1345/1233 4823/1346/2658 4824/1347/3699 4825/1348/3700
f 4825/1348/3700 4824/1347/3699 4814/1337/3695 4813/1336/1224
f 4820/1343/3698 4822/1345/1233 4825/1348/3700 4821/1344/1232
f 4821/1344/1232 4825/1348/3700 4813/1336/1224 4815/1338/3696
f 4521/1019/932 4826/1349/3701 4827/1350/3702 4522/1020/2436
f 4826/1349/3701 4828/1351/2662 4829/1352/3703 4827/1350/3702
f 4522/1020/2436 4827/1350/3702 4830/1353/2664 4524/1022/935
f 4827/1350/3702 4829/1352/3703 4831/1354/3704 4830/1353/2664
f 4832/1355/3705 4833/1356/3706 4834/1357/1245 4835/1358/3707
f 4835/1358/3707 4834/1357/1245 4836/1359/2669 4837/1360/2670
f 4828/1351/2662 4832/1355/3705 4835/1358/3707 4829/1352/3703
f 4829/1352/3703 4835/1358/3707 4837/1360/2670 4831/1354/3704
f 4823/1346/2658 4822/1345/1233 4838/1361/1249 4839/1362/3708
f 4822/1345/1233 4820/1343/3698 4840/1363/2672 4838/1361/1249
f 4839/1362/3708 4838/1361/1249 4837/1360/2670 4836/1359/2669
f 4838/1361/1249 4840/1363/2672 4831/1354/3704 4837/1360/2670
f 4818/1341/3697 4511/1009/2428 4527/1025/3549 4841/1364/3709
f 4841/1364/3709 4527/1025/3549 4524/1022/935 4830/1353/2664
f 4820/1343/3698 4818/1341/3697 4841/1364/3709 4840/1363/2672
f 4840/1363/2672 4841/1364/3709 4830/1353/2664 4831/1354/3704
f 4842/1365/2673 4843/1366/3710 4844/1367/3711 4845/1368/3712
f 4843/1366/3710 4846/1369/2677 4847/1370/1258 4844/1367/3711
f 4845/1368/3712 4844/1367/3711 4848/1371/3713 4849/1372/1260
f 4844/1367/3711 4847/1370/1258 4850/1373/1261 4848/1371/3713
f 4851/1374/3714 4833/1375/3706 4832/1376/3705 4852/1377/2683
f 4852/1377/2683 4832/1376/3705 4828/1378/2662 4853/1379/1264
f 4846/1369/2677 4851/1374/3714 4852/1377/2683 4847/1370/1258
f 4847/1370/1258 4852/1377/2683 4853/1379/1264 4850/1373/1261
f 4521/1038/932 4539/1037/3553 4854/1380/1265 4826/1381/3701
f 4539/1037/3553 4534/1032/3551 4855/1382/3715 4854/1380/1265
f 4826/1381/3701 4854/1380/1265 4853/1379/1264 4828/1378/2662
f 4854/1380/1265 4855/1382/3715 4850/1373/1261 4853/1379/1264
f 4531/1029/2445 4530/1028/941 4856/1383/2685 4857/1384/2686
f 4857/1384/2686 4856/1383/2685 4849/1372/1260 4848/1371/3713
f 4534/1032/3551 4531/1029/2445 4857/1384/2686 4855/1382/3715
f 4855/1382/3715 4857/1384/2686 4848/1371/3713 4850/1373/1261
f 4546/1048/3557 4858/1385/3716 4859/1386/2688 4547/1049/958
f 4858/1385/3716 4860/1387/3717 4861/1388/1272 4859/1386/2688
f 4547/1049/958 4859/1386/2688 4862/1389/2690 4550/1052/3558
f 4859/1386/2688 4861/1388/1272 4863/1390/3718 4862/1389/2690
f 4864/1391/2691 4865/1392/3719 4866/1393/3720 4867/1394/1278
f 4867/1394/1278 4866/1393/3720 4868/1395/3721 4869/1396/2696
f 4860/1387/3717 4864/1391/2691 4867/1394/1278 4861/1388/1272
f 4861/1388/1272 4867/1394/1278 4869/1396/2696 4863/1390/3718
f 4842/1365/2673 4845/1368/3712 4870/1397/3722 4871/1398/2698
f 4845/1368/3712 4849/1372/1260 4872/1399/1283 4870/1397/3722
f 4871/1398/2698 4870/1397/3722 4869/1396/2696 4868/1395/3721
f 4870/1397/3722 4872/1399/1283 4863/1390/3718 4869/1396/2696
f 4856/1383/2685 4530/1028/941 4555/1057/3562 4873/1400/3723
f 4873/1400/3723 4555/1057/3562 4550/1052/3558 4862/1389/2690
f 4849/1372/1260 4856/1383/2685 4873/1400/3723 4872/1399/1283
f 4872/1399/1283 4873/1400/3723 4862/1389/2690 4863/1390/3718
f 4874/1401/2701 4875/1402/2702 4876/1403/1287 4877/1404/3724
f 4875/1402/2702 4878/1405/3725 4879/1406/3726 4876/1403/1287
f 4877/1404/3724 4876/1403/1287 4880/1407/1291 4881/1408/3727
f 4876/1403/1287 4879/1406/3726 4882/1409/1293 4880/1407/1291
f 4883/1410/3728 4865/1392/3719 4864/1391/2691 4884/1411/1295
f 4884/1411/1295 4864/1391/2691 4860/1387/3717 4885/1412/3729
f 4878/1405/3725 4883/1410/3728 4884/1411/1295 4879/1406/3726
f 4879/1406/3726 4884/1411/1295 4885/1412/3729 4882/1409/1293
f 4546/1048/3557 4563/1065/3568 4886/1413/2711 4858/1385/3716
f 4563/1065/3568 4566/1068/2473 4887/1414/3730 4886/1413/2711
f 4858/1385/3716 4886/1413/2711 4885/1412/3729 4860/1387/3717
f 4886/1413/2711 4887/1414/3730 4882/1409/1293 4885/1412/3729
f 4576/1078/987 4575/1077/3574 4888/1415/3731 4889/1416/1300
f 4889/1416/1300 4888/1415/3731 4881/1408/3727 4880/1407/1291
f 4566/1068/2473 4576/1078/987 4889/1416/1300 4887/1414/3730
f 4887/1414/3730 4889/1416/1300 4880/1407/1291 4882/1409/1293
f 4472/1093/2399 4790/1417/3682 4890/1418/2715 4588/1094/3580
f 4790/1417/3682 4787/1419/3679 4891/1420/2716 4890/1418/2715
f 4588/1094/3580 4890/1418/2715 4892/1421/3732 4582/1084/2488
f 4890/1418/2715 4891/1420/2716 4893/1422/3733 4892/1421/3732
f 4785/1423/1196 4784/1424/1195 4894/1425/1305 4895/1426/3734
f 4895/1426/3734 4894/1425/1305 4896/1427/2720 4897/1428/3735
f 4787/1419/3679 4785/1423/1196 4895/1426/3734 4891/1420/2716
f 4891/1420/2716 4895/1426/3734 4897/1428/3735 4893/1422/3733
f 4874/1401/2701 4877/1404/3724 4898/1429/1309 4899/1430/3736
f 4877/1404/3724 4881/1408/3727 4900/1431/3737 4898/1429/1309
f 4899/1430/3736 4898/1429/1309 4897/1428/3735 4896/1427/2720
f 4898/1429/1309 4900/1431/3737 4893/1422/3733 4897/1428/3735
f 4888/1415/3731 4575/1077/3574 4579/1081/3576 4901/1432/1312
f 4901/1432/1312 4579/1081/3576 4582/1084/2488 4892/1421/3732
f 4881/1408/3727 4888/1415/3731 4901/1432/1312 4900/1431/3737
f 4900/1431/3737 4901/1432/1312 4892/1421/3732 4893/1422/3733
f 4902/1433/1313 4903/1434/1314 4904/1435/1315 4905/1436/3738
f 4903/1434/1314 4906/1437/3739 4907/1438/1318 4904/1435/1315
f 4905/1436/3738 4904/1435/1315 4908/1439/1319 4909/1440/3740
f 4904/1435/1315 4907/1438/1318 4910/1441/1321 4908/1439/1319
f 4911/1442/3741 4912/1443/3742 4913/1444/3743 4914/1445/1325
f 4914/1445/1325 4913/1444/3743 4915/1446/3744 4916/1447/1327
f 4906/1437/3739 4911/1442/3741 4914/1445/1325 4907/1438/1318
f 4907/1438/1318 4914/1445/1325 4916/1447/1327 4910/1441/1321
f 4917/1448/3745 4918/1449/2739 4919/1450/3746 4920/1451/1331
f 4918/1449/2739 4921/1452/3747 4922/1453/3748 4919/1450/3746
f 4920/1451/1331 4919/1450/3746 4916/1447/1327 4915/1446/3744
f 4919/1450/3746 4922/1453/3748 4910/1441/1321 4916/1447/1327
f 4923/1454/1334 4924/1455/1335 4925/1456/3749 4926/1457/1337
f 4926/1457/1337 4925/1456/3749 4909/1440/3740 4908/1439/1319
f 4921/1452/3747 4923/1454/1334 4926/1457/1337 4922/1453/3748
f 4922/1453/3748 4926/1457/1337 4908/1439/1319 4910/1441/1321
f 4927/1458/1338 4928/1459/2748 4929/1460/1340 4930/1461/3750
f 4928/1459/2748 4931/1462/1342 4932/1463/3751 4929/1460/1340
f 4930/1461/3750 4929/1460/1340 4933/1464/3752 4934/1465/3753
f 4929/1460/1340 4932/1463/3751 4935/1466/3754 4933/1464/3752
f 4936/1467/2754 4937/1468/3755 4938/1469/3756 4939/1470/1350
f 4939/1470/1350 4938/1469/3756 4940/1471/1351 4941/1472/3757
f 4931/1462/1342 4936/1467/2754 4939/1470/1350 4932/1463/3751
f 4932/1463/3751 4939/1470/1350 4941/1472/3757 4935/1466/3754
f 4924/1455/1335 4923/1454/1334 4942/1473/1353 4943/1474/2758
f 4923/1454/1334 4921/1452/3747 4944/1475/3758 4942/1473/1353
f 4943/1474/2758 4942/1473/1353 4941/1472/3757 4940/1471/1351
f 4942/1473/1353 4944/1475/3758 4935/1466/3754 4941/1472/3757
f 4918/1449/2739 4917/1448/3745 4945/1476/3759 4946/1477/2761
f 4946/1477/2761 4945/1476/3759 4934/1465/3753 4933/1464/3752
f 4921/1452/3747 4918/1449/2739 4946/1477/2761 4944/1475/3758
f 4944/1475/3758 4946/1477/2761 4933/1464/3752 4935/1466/3754
f 4947/1478/3760 4948/1479/1359 4949/1480/3761 4950/1481/3762
f 4948/1479/1359 4951/1482/2765 4952/1483/1363 4949/1480/3761
f 4950/1481/3762 4949/1480/3761 4953/1484/3763 4954/1485/3764
f 4949/1480/3761 4952/1483/1363 4955/1486/3765 4953/1484/3763
f 4956/1487/3766 4937/1468/3755 4936/1467/2754 4957/1488/2770
f 4957/1488/2770 4936/1467/2754 4931/1462/1342 4958/1489/2771
f 4951/1482/2765 4956/1487/3766 4957/1488/2770 4952/1483/1363
f 4952/1483/1363 4957/1488/2770 4958/1489/2771 4955/1486/3765
f 4927/1458/1338 4959/1490/1370 4960/1491/2773 4928/1459/2748
f 4959/1490/1370 4961/1492/2774 4962/1493/2775 4960/1491/2773
f 4928/1459/2748 4960/1491/2773 4958/1489/2771 4931/1462/1342
f 4960/1491/2773 4962/1493/2775 4955/1486/3765 4958/1489/2771
f 4963/1494/1374 4964/1495/3767 4965/1496/3768 4966/1497/2778
f 4966/1497/2778 4965/1496/3768 4954/1485/3764 4953/1484/3763
f 4961/1492/2774 4963/1494/1374 4966/1497/2778 4962/1493/2775
f 4962/1493/2775 4966/1497/2778 4953/1484/3763 4955/1486/3765
f 4967/1498/1378 4968/1499/1379 4969/1500/2779 4970/1501/3769
f 4968/1499/1379 4971/1502/3770 4972/1503/3771 4969/1500/2779
f 4970/1501/3769 4969/1500/2779 4973/1504/1384 4974/1505/3772
f 4969/1500/2779 4972/1503/3771 4975/1506/1386 4973/1504/1384
f 4976/1507/2783 4947/1478/3760 4950/1481/3762 4977/1508/1388
f 4977/1508/1388 4950/1481/3762 4954/1485/3764 4978/1509/1389
f 4971/1502/3770 4976/1507/2783 4977/1508/1388 4972/1503/3771
f 4972/1503/3771 4977/1508/1388 4978/1509/1389 4975/1506/1386
f 4964/1495/3767 4979/1510/3773 4980/1511/1391 4965/1496/3768
f 4979/1510/3773 4981/1512/3774 4982/1513/3775 4980/1511/1391
f 4965/1496/3768 4980/1511/1391 4978/1509/1389 4954/1485/3764
f 4980/1511/1391 4982/1513/3775 4975/1506/1386 4978/1509/1389
f 4983/1514/3776 4984/1515/1395 4985/1516/3777 4986/1517/3778
f 4986/1517/3778 4985/1516/3777 4974/1505/3772 4973/1504/1384
f 4981/1512/3774 4983/1514/3776 4986/1517/3778 4982/1513/3775
f 4982/1513/3775 4986/1517/3778 4973/1504/1384 4975/1506/1386
f 4987/1518/1398 4988/1519/1399 4989/1520/3779 4990/1521/3780
f 4988/1519/1399 4991/1522/1402 4992/1523/1403 4989/1520/3779
f 4990/1521/3780 4989/1520/3779 4993/1524/3781 4994/1525/1405
f 4989/1520/3779 4992/1523/1403 4995/1526/3782 4993/1524/3781
f 4996/1527/3783 4967/1528/1378 4970/1529/3769 4997/1530/3784
f 4997/1530/3784 4970/1529/3769 4974/1531/3772 4998/1532/3785
f 4991/1522/1402 4996/1527/3783 4997/1530/3784 4992/1523/1403
f 4992/1523/1403 4997/1530/3784 4998/1532/3785 4995/1526/3782
f 4984/1533/1395 4999/1534/3786 5000/1535/1411 4985/1536/3777
f 4999/1534/3786 5001/1537/3787 5002/1538/1413 5000/1535/1411
f 4985/1536/3777 5000/1535/1411 4998/1532/3785 4974/1531/3772
f 5000/1535/1411 5002/1538/1413 4995/1526/3782 4998/1532/3785
f 5003/1539/3788 5004/1540/2802 5005/1541/3789 5006/1542/3790
f 5006/1542/3790 5005/1541/3789 4994/1525/1405 4993/1524/3781
f 5001/1537/3787 5003/1539/3788 5006/1542/3790 5002/1538/1413
f 5002/1538/1413 5006/1542/3790 4993/1524/3781 4995/1526/3782
f 5007/1543/3791 5008/1544/2806 5009/1545/1420 5010/1546/3792
f 5008/1544/2806 5011/1547/2809 5012/1548/3793 5009/1545/1420
f 5010/1546/3792 5009/1545/1420 5013/1549/3794 5014/1550/1425
f 5009/1545/1420 5012/1548/3793 5015/1551/1426 5013/1549/3794
f 5016/1552/2812 5017/1553/3795 5018/1554/3796 5019/1555/3797
f 5019/1555/3797 5018/1554/3796 5020/1556/2814 5021/1557/3798
f 5011/1547/2809 5016/1552/2812 5019/1555/3797 5012/1548/3793
f 5012/1548/3793 5019/1555/3797 5021/1557/3798 5015/1551/1426
f 4987/1518/1398 4990/1521/3780 5022/1558/1433 5023/1559/3799
f 4990/1521/3780 4994/1525/1405 5024/1560/1435 5022/1558/1433
f 5023/1559/3799 5022/1558/1433 5021/1557/3798 5020/1556/2814
f 5022/1558/1433 5024/1560/1435 5015/1551/1426 5021/1557/3798
f 5005/1541/3789 5004/1540/2802 5025/1561/3800 5026/1562/1437
f 5026/1562/1437 5025/1561/3800 5014/1550/1425 5013/1549/3794
f 4994/1525/1405 5005/1541/3789 5026/1562/1437 5024/1560/1435
f 5024/1560/1435 5026/1562/1437 5013/1549/3794 5015/1551/1426
f 5027/1563/1438 5028/1564/3801 5029/1565/3802 5030/1566/3803
f 5028/1564/3801 5031/1567/1442 5032/1568/1443 5029/1565/3802
f 5030/1566/3803 5029/1565/3802 5033/1569/1444 5034/1570/1445
f 5029/1565/3802 5032/1568/1443 5035/1571/1446 5033/1569/1444
f 5036/1572/1447 5017/1553/3795 5016/1552/2812 5037/1573/1448
f 5037/1573/1448 5016/1552/2812 5011/1547/2809 5038/1574/1449
f 5031/1567/1442 5036/1572/1447 5037/1573/1448 5032/1568/1443
f 5032/1568/1443 5037/1573/1448 5038/1574/1449 5035/1571/1446
f 5007/1543/3791 5039/1575/3804 5040/1576/2825 5008/1544/2806
f 5039/1575/3804 5041/1577/2826 5042/1578/3805 5040/1576/2825
f 5008/1544/2806 5040/1576/2825 5038/1574/1449 5011/1547/2809
f 5040/1576/2825 5042/1578/3805 5035/1571/1446 5038/1574/1449
f 5043/1579/3806 5044/1580/3807 5045/1581/3808 5046/1582/3809
f 5046/1582/3809 5045/1581/3808 5034/1570/1445 5033/1569/1444
f 5041/1577/2826 5043/1579/3806 5046/1582/3809 5042/1578/3805
f 5042/1578/3805 5046/1582/3809 5033/1569/1444 5035/1571/1446
f 4912/1583/3742 4911/1584/3741 5047/1585/3810 5048/1586/3811
f 4911/1584/3741 4906/1587/3739 5049/1588/1460 5047/1585/3810
f 5048/1586/3811 5047/1585/3810 5050/1589/3812 5051/1590/1462
f 5047/1585/3810 5049/1588/1460 5052/1591/3813 5050/1589/3812
f 4903/1592/1314 4902/1593/1313 5053/1594/2837 5054/1595/3814
f 5054/1595/3814 5053/1594/2837 5055/1596/1466 5056/1597/2840
f 4906/1587/3739 4903/1592/1314 5054/1595/3814 5049/1588/1460
f 5049/1588/1460 5054/1595/3814 5056/1597/2840 5052/1591/3813
f 5027/1563/1438 5030/1566/3803 5057/1598/3815 5058/1599/1469
f 5030/1566/3803 5034/1570/1445 5059/1600/1470 5057/1598/3815
f 5058/1599/1469 5057/1598/3815 5056/1597/2840 5055/1596/1466
f 5057/1598/3815 5059/1600/1470 5052/1591/3813 5056/1597/2840
f 5045/1581/3808 5044/1580/3807 5060/1601/3816 5061/1602/1472
f 5061/1602/1472 5060/1601/3816 5051/1590/1462 5050/1589/3812
f 5034/1570/1445 5045/1581/3808 5061/1602/1472 5059/1600/1470
f 5059/1600/1470 5061/1602/1472 5050/1589/3812 5052/1591/3813
f 4663/1178/1074 4662/1177/1073 5062/1603/3817 5063/1604/1474
f 4662/1177/1073 4660/1175/2530 5064/1605/3818 5062/1603/3817
f 5063/1604/1474 5062/1603/3817 5065/1606/1476 5066/1607/2846
f 5062/1603/3817 5064/1605/3818 5067/1608/3819 5065/1606/1476
f 4657/1172/1068 4656/1171/3610 5068/1609/2848 5069/1610/2849
f 5069/1610/2849 5068/1609/2848 5070/1611/2850 5071/1612/1482
f 4660/1175/2530 4657/1172/1068 5069/1610/2849 5064/1605/3818
f 5064/1605/3818 5069/1610/2849 5071/1612/1482 5067/1608/3819
f 4902/1433/1313 4905/1436/3738 5072/1613/1483 5073/1614/2852
f 4905/1436/3738 4909/1440/3740 5074/1615/2853 5072/1613/1483
f 5073/1614/2852 5072/1613/1483 5071/1612/1482 5070/1611/2850
f 5072/1613/1483 5074/1615/2853 5067/1608/3819 5071/1612/1482
f 4925/1456/3749 4924/1455/1335 5075/1616/2854 5076/1617/3820
f 5076/1617/3820 5075/1616/2854 5066/1607/2846 5065/1606/1476
f 4909/1440/3740 4925/1456/3749 5076/1617/3820 5074/1615/2853
f 5074/1615/2853 5076/1617/3820 5065/1606/1476 5067/1608/3819
f 4937/1468/3755 5077/1618/3821 5078/1619/1489 4938/1469/3756
f 5077/1618/3821 5079/1620/3822 5080/1621/3823 5078/1619/1489
f 4938/1469/3756 5078/1619/1489 5081/1622/3824 4940/1471/1351
f 5078/1619/1489 5080/1621/3823 5082/1623/2860 5081/1622/3824
f 5083/1624/3825 4666/1181/3613 4669/1184/3615 5084/1625/1495
f 5084/1625/1495 4669/1184/3615 4673/1188/1084 5085/1626/3826
f 5079/1620/3822 5083/1624/3825 5084/1625/1495 5080/1621/3823
f 5080/1621/3823 5084/1625/1495 5085/1626/3826 5082/1623/2860
f 4663/1178/1074 5063/1604/1474 5086/1627/2863 4680/1195/1091
f 5063/1604/1474 5066/1607/2846 5087/1628/3827 5086/1627/2863
f 4680/1195/1091 5086/1627/2863 5085/1626/3826 4673/1188/1084
f 5086/1627/2863 5087/1628/3827 5082/1623/2860 5085/1626/3826
f 5075/1616/2854 4924/1455/1335 4943/1474/2758 5088/1629/3828
f 5088/1629/3828 4943/1474/2758 4940/1471/1351 5081/1622/3824
f 5066/1607/2846 5075/1616/2854 5088/1629/3828 5087/1628/3827
f 5087/1628/3827 5088/1629/3828 5081/1622/3824 5082/1623/2860
f 4695/1210/2557 4694/1209/3629 5089/1630/1500 5090/1631/3829
f 4694/1209/3629 4692/1207/2555 5091/1632/3830 5089/1630/1500
f 5090/1631/3829 5089/1630/1500 5092/1633/1503 5093/1634/3831
f 5089/1630/1500 5091/1632/3830 5094/1635/2867 5092/1633/1503
f 4690/1205/3628 4666/1181/3613 5083/1624/3825 5095/1636/1506
f 5095/1636/1506 5083/1624/3825 5079/1620/3822 5096/1637/1507
f 4692/1207/2555 4690/1205/3628 5095/1636/1506 5091/1632/3830
f 5091/1632/3830 5095/1636/1506 5096/1637/1507 5094/1635/2867
f 4937/1468/3755 4956/1487/3766 5097/1638/1508 5077/1618/3821
f 4956/1487/3766 4951/1482/2765 5098/1639/1509 5097/1638/1508
f 5077/1618/3821 5097/1638/1508 5096/1637/1507 5079/1620/3822
f 5097/1638/1508 5098/1639/1509 5094/1635/2867 5096/1637/1507
f 4948/1479/1359 4947/1478/3760 5099/1640/3832 5100/1641/2872
f 5100/1641/2872 5099/1640/3832 5093/1634/3831 5092/1633/1503
f 4951/1482/2765 4948/1479/1359 5100/1641/2872 5098/1639/1509
f 5098/1639/1509 5100/1641/2872 5092/1633/1503 5094/1635/2867
f 4967/1498/1378 5101/1642/1512 5102/1643/2873 4968/1499/1379
f 5101/1642/1512 5103/1644/1514 5104/1645/1515 5102/1643/2873
f 4968/1499/1379 5102/1643/2873 5105/1646/1516 4971/1502/3770
f 5102/1643/2873 5104/1645/1515 5106/1647/1517 5105/1646/1516
f 5107/1648/2875 4698/1213/3632 4701/1216/3635 5108/1649/3833
f 5108/1649/3833 4701/1216/3635 4705/1220/3637 5109/1650/2876
f 5103/1644/1514 5107/1648/2875 5108/1649/3833 5104/1645/1515
f 5104/1645/1515 5108/1649/3833 5109/1650/2876 5106/1647/1517
f 4695/1210/2557 5090/1631/3829 5110/1651/1521 4712/1227/1123
f 5090/1631/3829 5093/1634/3831 5111/1652/2878 5110/1651/1521
f 4712/1227/1123 5110/1651/1521 5109/1650/2876 4705/1220/3637
f 5110/1651/1521 5111/1652/2878 5106/1647/1517 5109/1650/2876
f 5099/1640/3832 4947/1478/3760 4976/1507/2783 5112/1653/3834
f 5112/1653/3834 4976/1507/2783 4971/1502/3770 5105/1646/1516
f 5093/1634/3831 5099/1640/3832 5112/1653/3834 5111/1652/2878
f 5111/1652/2878 5112/1653/3834 5105/1646/1516 5106/1647/1517
f 4727/1246/2582 4726/1245/2581 5113/1654/2879 5114/1655/3835
f 4726/1245/2581 4724/1243/2579 5115/1656/2881 5113/1654/2879
f 5114/1655/3835 5113/1654/2879 5116/1657/3836 5117/1658/2882
f 5113/1654/2879 5115/1656/2881 5118/1659/3837 5116/1657/3836
f 4722/1240/2577 4698/1239/3632 5107/1660/2875 5119/1661/3838
f 5119/1661/3838 5107/1660/2875 5103/1662/1514 5120/1663/1531
f 4724/1243/2579 4722/1240/2577 5119/1661/3838 5115/1656/2881
f 5115/1656/2881 5119/1661/3838 5120/1663/1531 5118/1659/3837
f 4967/1528/1378 4996/1527/3783 5121/1664/3839 5101/1665/1512
f 4996/1527/3783 4991/1522/1402 5122/1666/3840 5121/1664/3839
f 5101/1665/1512 5121/1664/3839 5120/1663/1531 5103/1662/1514
f 5121/1664/3839 5122/1666/3840 5118/1659/3837 5120/1663/1531
f 4988/1519/1399 4987/1518/1398 5123/1667/2885 5124/1668/3841
f 5124/1668/3841 5123/1667/2885 5117/1658/2882 5116/1657/3836
f 4991/1522/1402 4988/1519/1399 5124/1668/3841 5122/1666/3840
f 5122/1666/3840 5124/1668/3841 5116/1657/3836 5118/1659/3837
f 5017/1553/3795 5125/1669/1536 5126/1670/3842 5018/1554/3796
f 5125/1669/1536 5127/1671/3843 5128/1672/3844 5126/1670/3842
f 5018/1554/3796 5126/1670/3842 5129/1673/3845 5020/1556/2814
f 5126/1670/3842 5128/1672/3844 5130/1674/2891 5129/1673/3845
f 5131/1675/3846 4730/1249/3645 4733/1252/3648 5132/1676/1543
f 5132/1676/1543 4733/1252/3648 4737/1256/2591 5133/1677/1544
f 5127/1671/3843 5131/1675/3846 5132/1676/1543 5128/1672/3844
f 5128/1672/3844 5132/1676/1543 5133/1677/1544 5130/1674/2891
f 4727/1246/2582 5114/1655/3835 5134/1678/3847 4744/1263/3652
f 5114/1655/3835 5117/1658/2882 5135/1679/3848 5134/1678/3847
f 4744/1263/3652 5134/1678/3847 5133/1677/1544 4737/1256/2591
f 5134/1678/3847 5135/1679/3848 5130/1674/2891 5133/1677/1544
f 5123/1667/2885 4987/1518/1398 5023/1559/3799 5136/1680/1547
f 5136/1680/1547 5023/1559/3799 5020/1556/2814 5129/1673/3845
f 5117/1658/2882 5123/1667/2885 5136/1680/1547 5135/1679/3848
f 5135/1679/3848 5136/1680/1547 5129/1673/3845 5130/1674/2891
f 4759/1278/3660 4758/1277/3659 5137/1681/1548 5138/1682/2895
f 4758/1277/3659 4756/1275/3658 5139/1683/1550 5137/1681/1548
f 5138/1682/2895 5137/1681/1548 5140/1684/1551 5141/1685/2897
f 5137/1681/1548 5139/1683/1550 5142/1686/1553 5140/1684/1551
f 4754/1273/3656 4730/1249/3645 5131/1675/3846 5143/1687/1554
f 5143/1687/1554 5131/1675/3846 5127/1671/3843 5144/1688/3849
f 4756/1275/3658 4754/1273/3656 5143/1687/1554 5139/1683/1550
f 5139/1683/1550 5143/1687/1554 5144/1688/3849 5142/1686/1553
f 5017/1553/3795 5036/1572/1447 5145/1689/1556 5125/1669/1536
f 5036/1572/1447 5031/1567/1442 5146/1690/1557 5145/1689/1556
f 5125/1669/1536 5145/1689/1556 5144/1688/3849 5127/1671/3843
f 5145/1689/1556 5146/1690/1557 5142/1686/1553 5144/1688/3849
f 5028/1564/3801 5027/1563/1438 5147/1691/3850 5148/1692/3851
f 5148/1692/3851 5147/1691/3850 5141/1685/2897 5140/1684/1551
f 5031/1567/1442 5028/1564/3801 5148/1692/3851 5146/1690/1557
f 5146/1690/1557 5148/1692/3851 5140/1684/1551 5142/1686/1553
f 4902/1593/1313 5073/1693/2852 5149/1694/3852 5053/1594/2837
f 5073/1693/2852 5070/1695/2850 5150/1696/1561 5149/1694/3852
f 5053/1594/2837 5149/1694/3852 5151/1697/1562 5055/1596/1466
f 5149/1694/3852 5150/1696/1561 5152/1698/2901 5151/1697/1562
f 5068/1699/2848 4656/1281/3610 4763/1284/2612 5153/1700/3853
f 5153/1700/3853 4763/1284/2612 4766/1288/3664 5154/1701/2903
f 5070/1695/2850 5068/1699/2848 5153/1700/3853 5150/1696/1561
f 5150/1696/1561 5153/1700/3853 5154/1701/2903 5152/1698/2901
f 4759/1278/3660 5138/1682/2895 5155/1702/2904 4772/1295/2618
f 5138/1682/2895 5141/1685/2897 5156/1703/1567 5155/1702/2904
f 4772/1295/2618 5155/1702/2904 5154/1701/2903 4766/1288/3664
f 5155/1702/2904 5156/1703/1567 5152/1698/2901 5154/1701/2903
f 5147/1691/3850 5027/1563/1438 5058/1599/1469 5157/1704/2906
f 5157/1704/2906 5058/1599/1469 5055/1596/1466 5151/1697/1562
f 5141/1685/2897 5147/1691/3850 5157/1704/2906 5156/1703/1567
f 5156/1703/1567 5157/1704/2906 5151/1697/1562 5152/1698/2901
f 4917/1448/3745 4920/1451/1331 5158/1705/3854 5159/1706/2908
f 4920/1451/1331 4915/1446/3744 5160/1707/3855 5158/1705/3854
f 5159/1706/2908 5158/1705/3854 5161/1708/1572 5162/1709/3856
f 5158/1705/3854 5160/1707/3855 5163/1710/2911 5161/1708/1572
f 4913/1444/3743 4912/1443/3742 5164/1711/3857 5165/1712/2913
f 5165/1712/2913 5164/1711/3857 5166/1713/1577 5167/1714/3858
f 4915/1446/3744 4913/1444/3743 5165/1712/2913 5160/1707/3855
f 5160/1707/3855 5165/1712/2913 5167/1714/3858 5163/1710/2911
f 4784/1307/1195 4783/1306/3677 5168/1715/2916 5169/1716/3859
f 4783/1306/3677 4778/1301/3673 5170/1717/3860 5168/1715/2916
f 5169/1716/3859 5168/1715/2916 5167/1714/3858 5166/1713/1577
f 5168/1715/2916 5170/1717/3860 5163/1710/2911 5167/1714/3858
f 4775/1298/3670 4774/1297/2620 5171/1718/3861 5172/1719/2920
f 5172/1719/2920 5171/1718/3861 5162/1709/3856 5161/1708/1572
f 4778/1301/3673 4775/1298/3670 5172/1719/2920 5170/1717/3860
f 5170/1717/3860 5172/1719/2920 5161/1708/1572 5163/1710/2911
f 4794/1317/3685 5173/1720/3862 5174/1721/1585 4795/1318/2637
f 5173/1720/3862 5175/1722/1586 5176/1723/1587 5174/1721/1585
f 4795/1318/2637 5174/1721/1585 5177/1724/3863 4798/1321/3687
f 5174/1721/1585 5176/1723/1587 5178/1725/2924 5177/1724/3863
f 5179/1726/1590 4927/1458/1338 4930/1461/3750 5180/1727/3864
f 5180/1727/3864 4930/1461/3750 4934/1465/3753 5181/1728/3865
f 5175/1722/1586 5179/1726/1590 5180/1727/3864 5176/1723/1587
f 5176/1723/1587 5180/1727/3864 5181/1728/3865 5178/1725/2924
f 4917/1448/3745 5159/1706/2908 5182/1729/2927 4945/1476/3759
f 5159/1706/2908 5162/1709/3856 5183/1730/1594 5182/1729/2927
f 4945/1476/3759 5182/1729/2927 5181/1728/3865 4934/1465/3753
f 5182/1729/2927 5183/1730/1594 5178/1725/2924 5181/1728/3865
f 5171/1718/3861 4774/1297/2620 4803/1326/2645 5184/1731/1595
f 5184/1731/1595 4803/1326/2645 4798/1321/3687 5177/1724/3863
f 5162/1709/3856 5171/1718/3861 5184/1731/1595 5183/1730/1594
f 5183/1730/1594 5184/1731/1595 5177/1724/3863 5178/1725/2924
f 4964/1495/3767 4963/1494/1374 5185/1732/1596 5186/1733/2930
f 4963/1494/1374 4961/1492/2774 5187/1734/3866 5185/1732/1596
f 5186/1733/2930 5185/1732/1596 5188/1735/2931 5189/1736/2932
f 5185/1732/1596 5187/1734/3866 5190/1737/2933 5188/1735/2931
f 4959/1490/1370 4927/1458/1338 5179/1726/1590 5191/1738/1602
f 5191/1738/1602 5179/1726/1590 5175/1722/1586 5192/1739/1603
f 4961/1492/2774 4959/1490/1370 5191/1738/1602 5187/1734/3866
f 5187/1734/3866 5191/1738/1602 5192/1739/1603 5190/1737/2933
f 4794/1317/3685 4811/1334/2650 5193/1740/3867 5173/1720/3862
f 4811/1334/2650 4814/1337/3695 5194/1741/3868 5193/1740/3867
f 5173/1720/3862 5193/1740/3867 5192/1739/1603 5175/1722/1586
f 5193/1740/3867 5194/1741/3868 5190/1737/2933 5192/1739/1603
f 4824/1347/3699 4823/1346/2658 5195/1742/3869 5196/1743/3870
f 5196/1743/3870 5195/1742/3869 5189/1736/2932 5188/1735/2931
f 4814/1337/3695 4824/1347/3699 5196/1743/3870 5194/1741/3868
f 5194/1741/3868 5196/1743/3870 5188/1735/2931 5190/1737/2933
f 4833/1356/3706 5197/1744/2939 5198/1745/2940 4834/1357/1245
f 5197/1744/2939 5199/1746/1610 5200/1747/3871 5198/1745/2940
f 4834/1357/1245 5198/1745/2940 5201/1748/2943 4836/1359/2669
f 5198/1745/2940 5200/1747/3871 5202/1749/2944 5201/1748/2943
f 5203/1750/1614 4984/1515/1395 4983/1514/3776 5204/1751/2946
f 5204/1751/2946 4983/1514/3776 4981/1512/3774 5205/1752/1616
f 5199/1746/1610 5203/1750/1614 5204/1751/2946 5200/1747/3871
f 5200/1747/3871 5204/1751/2946 5205/1752/1616 5202/1749/2944
f 4964/1495/3767 5186/1733/2930 5206/1753/1617 4979/1510/3773
f 5186/1733/2930 5189/1736/2932 5207/1754/1618 5206/1753/1617
f 4979/1510/3773 5206/1753/1617 5205/1752/1616 4981/1512/3774
f 5206/1753/1617 5207/1754/1618 5202/1749/2944 5205/1752/1616
f 5195/1742/3869 4823/1346/2658 4839/1362/3708 5208/1755/3872
f 5208/1755/3872 4839/1362/3708 4836/1359/2669 5201/1748/2943
f 5189/1736/2932 5195/1742/3869 5208/1755/3872 5207/1754/1618
f 5207/1754/1618 5208/1755/3872 5201/1748/2943 5202/1749/2944
f 5004/1540/2802 5003/1539/3788 5209/1756/1620 5210/1757/1621
f 5003/1539/3788 5001/1537/3787 5211/1758/1622 5209/1756/1620
f 5210/1757/1621 5209/1756/1620 5212/1759/3873 5213/1760/3874
f 5209/1756/1620 5211/1758/1622 5214/1761/3875 5212/1759/3873
f 4999/1534/3786 4984/1533/1395 5203/1762/1614 5215/1763/3876
f 5215/1763/3876 5203/1762/1614 5199/1764/1610 5216/1765/3877
f 5001/1537/3787 4999/1534/3786 5215/1763/3876 5211/1758/1622
f 5211/1758/1622 5215/1763/3876 5216/1765/3877 5214/1761/3875
f 4833/1375/3706 4851/1374/3714 5217/1766/3878 5197/1767/2939
f 4851/1374/3714 4846/1369/2677 5218/1768/1629 5217/1766/3878
f 5197/1767/2939 5217/1766/3878 5216/1765/3877 5199/1764/1610
f 5217/1766/3878 5218/1768/1629 5214/1761/3875 5216/1765/3877
f 4843/1366/3710 4842/1365/2673 5219/1769/1630 5220/1770/3879
f 5220/1770/3879 5219/1769/1630 5213/1760/3874 5212/1759/3873
f 4846/1369/2677 4843/1366/3710 5220/1770/3879 5218/1768/1629
f 5218/1768/1629 5220/1770/3879 5212/1759/3873 5214/1761/3875
f 4865/1392/3719 5221/1771/3880 5222/1772/2959 4866/1393/3720
f 5221/1771/3880 5223/1773/3881 5224/1774/3882 5222/1772/2959
f 4866/1393/3720 5222/1772/2959 5225/1775/2962 4868/1395/3721
f 5222/1772/2959 5224/1774/3882 5226/1776/3883 5225/1775/2962
f 5227/1777/1638 5007/1543/3791 5010/1546/3792 5228/1778/2963
f 5228/1778/2963 5010/1546/3792 5014/1550/1425 5229/1779/2964
f 5223/1773/3881 5227/1777/1638 5228/1778/2963 5224/1774/3882
f 5224/1774/3882 5228/1778/2963 5229/1779/2964 5226/1776/3883
f 5004/1540/2802 5210/1757/1621 5230/1780/3884 5025/1561/3800
f 5210/1757/1621 5213/1760/3874 5231/1781/1642 5230/1780/3884
f 5025/1561/3800 5230/1780/3884 5229/1779/2964 5014/1550/1425
f 5230/1780/3884 5231/1781/1642 5226/1776/3883 5229/1779/2964
f 5219/1769/1630 4842/1365/2673 4871/1398/2698 5232/1782/3885
f 5232/1782/3885 4871/1398/2698 4868/1395/3721 5225/1775/2962
f 5213/1760/3874 5219/1769/1630 5232/1782/3885 5231/1781/1642
f 5231/1781/1642 5232/1782/3885 5225/1775/2962 5226/1776/3883
f 5044/1580/3807 5043/1579/3806 5233/1783/3886 5234/1784/2969
f 5043/1579/3806 5041/1577/2826 5235/1785/3887 5233/1783/3886
f 5234/1784/2969 5233/1783/3886 5236/1786/3888 5237/1787/3889
f 5233/1783/3886 5235/1785/3887 5238/1788/1649 5236/1786/3888
f 5039/1575/3804 5007/1543/3791 5227/1777/1638 5239/1789/3890
f 5239/1789/3890 5227/1777/1638 5223/1773/3881 5240/1790/2973
f 5041/1577/2826 5039/1575/3804 5239/1789/3890 5235/1785/3887
f 5235/1785/3887 5239/1789/3890 5240/1790/2973 5238/1788/1649
f 4865/1392/3719 4883/1410/3728 5241/1791/3891 5221/1771/3880
f 4883/1410/3728 4878/1405/3725 5242/1792/1653 5241/1791/3891
f 5221/1771/3880 5241/1791/3891 5240/1790/2973 5223/1773/3881
f 5241/1791/3891 5242/1792/1653 5238/1788/1649 5240/1790/2973
f 4875/1402/2702 4874/1401/2701 5243/1793/2975 5244/1794/2976
f 5244/1794/2976 5243/1793/2975 5237/1787/3889 5236/1786/3888
f 4878/1405/3725 4875/1402/2702 5244/1794/2976 5242/1792/1653
f 5242/1792/1653 5244/1794/2976 5236/1786/3888 5238/1788/1649
f 4784/1424/1195 5169/1795/3859 5245/1796/2977 4894/1425/1305
f 5169/1795/3859 5166/1797/1577 5246/1798/3892 5245/1796/2977
f 4894/1425/1305 5245/1796/2977 5247/1799/3893 4896/1427/2720
f 5245/1796/2977 5246/1798/3892 5248/1800/3894 5247/1799/3893
f 5164/1801/3857 4912/1583/3742 5048/1586/3811 5249/1802/1660
f 5249/1802/1660 5048/1586/3811 5051/1590/1462 5250/1803/3895
f 5166/1797/1577 5164/1801/3857 5249/1802/1660 5246/1798/3892
f 5246/1798/3892 5249/1802/1660 5250/1803/3895 5248/1800/3894
f 5044/1580/3807 5234/1784/2969 5251/1804/2982 5060/1601/3816
f 5234/1784/2969 5237/1787/3889 5252/1805/2983 5251/1804/2982
f 5060/1601/3816 5251/1804/2982 5250/1803/3895 5051/1590/1462
f 5251/1804/2982 5252/1805/2983 5248/1800/3894 5250/1803/3895
f 5243/1793/2975 4874/1401/2701 4899/1430/3736 5253/1806/2984
f 5253/1806/2984 4899/1430/3736 4896/1427/2720 5247/1799/3893
f 5237/1787/3889 5243/1793/2975 5253/1806/2984 5252/1805/2983
f 5252/1805/2983 5253/1806/2984 5247/1799/3893 5248/1800/3894
f 3599/11/1800 5254/1807/3896 5255/1808/3897 3600/12/3065
f 5254/1807/3896 5256/1809/1667 5257/1810/3898 5255/1808/3897
f 3600/12/3065 5255/1808/3897 5258/1811/1669 3602/14/14
f 5255/1808/3897 5257/1810/3898 5259/1812/1670 5258/1811/1669
f 5260/1813/1671 4090/530/2135 4093/533/3313 5261/1814/3899
f 5261/1814/3899 4093/533/3313 4088/528/3311 5262/1815/1673
f 5256/1809/1667 5260/1813/1671 5261/1814/3899 5257/1810/3898
f 5257/1810/3898 5261/1814/3899 5262/1815/1673 5259/1812/1670
f 4085/525/496 5263/1816/1674 5264/1817/1675 4086/526/3310
f 5263/1816/1674 5265/1818/3900 5266/1819/2992 5264/1817/1675
f 4086/526/3310 5264/1817/1675 5262/1815/1673 4088/528/3311
f 5264/1817/1675 5266/1819/2992 5259/1812/1670 5262/1815/1673
f 5267/1820/1678 3604/16/3067 3607/19/3069 5268/1821/1679
f 5268/1821/1679 3607/19/3069 3602/14/14 5258/1811/1669
f 5265/1818/3900 5267/1820/1678 5268/1821/1679 5266/1819/2992
f 5266/1819/2992 5268/1821/1679 5258/1811/1669 5259/1812/1670
f 3624/36/36 5269/1822/3901 5270/1823/2995 3625/37/3075
f 5269/1822/3901 5271/1824/3902 5272/1825/1683 5270/1823/2995
f 3625/37/3075 5270/1823/2995 5273/1826/3903 3627/39/3076
f 5270/1823/2995 5272/1825/1683 5274/1827/3904 5273/1826/3903
f 5275/1828/2998 4106/546/3319 4109/549/520 5276/1829/2999
f 5276/1829/2999 4109/549/520 4104/544/515 5277/1830/3905
f 5271/1824/3902 5275/1828/2998 5276/1829/2999 5272/1825/1683
f 5272/1825/1683 5276/1829/2999 5277/1830/3905 5274/1827/3904
f 4090/530/2135 5260/1813/1671 5278/1831/3906 4102/542/513
f 5260/1813/1671 5256/1809/1667 5279/1832/3002 5278/1831/3906
f 4102/542/513 5278/1831/3906 5277/1830/3905 4104/544/515
f 5278/1831/3906 5279/1832/3002 5274/1827/3904 5277/1830/3905
f 5254/1807/3896 3599/11/1800 3630/42/42 5280/1833/1691
f 5280/1833/1691 3630/42/42 3627/39/3076 5273/1826/3903
f 5256/1809/1667 5254/1807/3896 5280/1833/1691 5279/1832/3002
f 5279/1832/3002 5280/1833/1691 5273/1826/3903 5274/1827/3904
f 4122/562/533 4125/565/3328 5281/1834/3907 5282/1835/3908
f 4125/565/3328 4120/560/3324 5283/1836/3909 5281/1834/3907
f 5282/1835/3908 5281/1834/3907 5284/1837/3004 5285/1838/3910
f 5281/1834/3907 5283/1836/3909 5286/1839/3911 5284/1837/3004
f 4118/558/529 4106/546/3319 5275/1828/2998 5287/1840/3912
f 5287/1840/3912 5275/1828/2998 5271/1824/3902 5288/1841/3913
f 4120/560/3324 4118/558/529 5287/1840/3912 5283/1836/3909
f 5283/1836/3909 5287/1840/3912 5288/1841/3913 5286/1839/3911
f 3624/36/36 3652/64/64 5289/1842/1700 5269/1822/3901
f 3652/64/64 3650/62/1826 5290/1843/1701 5289/1842/1700
f 5269/1822/3901 5289/1842/1700 5288/1841/3913 5271/1824/3902
f 5289/1842/1700 5290/1843/1701 5286/1839/3911 5288/1841/3913
f 3647/59/59 3646/58/3085 5291/1844/1702 5292/1845/1703
f 5292/1845/1703 5291/1844/1702 5285/1838/3910 5284/1837/3004
f 3650/62/1826 3647/59/59 5292/1845/1703 5290/1843/1701
f 5290/1843/1701 5292/1845/1703 5284/1837/3004 5286/1839/3911
f 4138/578/3333 4141/581/3335 5293/1846/3009 5294/1847/3914
f 4141/581/3335 4136/576/2164 5295/1848/3915 5293/1846/3009
f 5294/1847/3914 5293/1846/3009 5296/1849/1707 5297/1850/3012
f 5293/1846/3009 5295/1848/3915 5298/1851/3013 5296/1849/1707
f 4134/574/3331 4122/562/533 5282/1835/3908 5299/1852/3916
f 5299/1852/3916 5282/1835/3908 5285/1838/3910 5300/1853/3917
f 4136/576/2164 4134/574/3331 5299/1852/3916 5295/1848/3915
f 5295/1848/3915 5299/1852/3916 5300/1853/3917 5298/1851/3013
f 3646/58/3085 3672/84/3098 5301/1854/3918 5291/1844/1702
f 3672/84/3098 3670/82/3097 5302/1855/1713 5301/1854/3918
f 5291/1844/1702 5301/1854/3918 5300/1853/3917 5285/1838/3910
f 5301/1854/3918 5302/1855/1713 5298/1851/3013 5300/1853/3917
f 3667/79/1839 3666/78/3095 5303/1856/3919 5304/1857/3920
f 5304/1857/3920 5303/1856/3919 5297/1850/3012 5296/1849/1707
f 3670/82/3097 3667/79/1839 5304/1857/3920 5302/1855/1713
f 5302/1855/1713 5304/1857/3920 5296/1849/1707 5298/1851/3013
f 4154/598/3344 4157/601/3345 5305/1858/3019 5306/1859/1717
f 4157/601/3345 4152/596/3343 5307/1860/3020 5305/1858/3019
f 5306/1859/1717 5305/1858/3019 5308/1861/1719 5309/1862/3921
f 5305/1858/3019 5307/1860/3020 5310/1863/1721 5308/1861/1719
f 4150/594/2176 4138/593/3333 5294/1864/3914 5311/1865/3922
f 5311/1865/3922 5294/1864/3914 5297/1866/3012 5312/1867/3022
f 4152/596/3343 4150/594/2176 5311/1865/3922 5307/1860/3020
f 5307/1860/3020 5311/1865/3922 5312/1867/3022 5310/1863/1721
f 3666/108/3095 3692/107/104 5313/1868/1724 5303/1869/3919
f 3692/107/104 3690/105/1856 5314/1870/3923 5313/1868/1724
f 5303/1869/3919 5313/1868/1724 5312/1867/3022 5297/1866/3012
f 5313/1868/1724 5314/1870/3923 5310/1863/1721 5312/1867/3022
f 3687/102/3104 3686/101/3103 5315/1871/3924 5316/1872/3925
f 5316/1872/3925 5315/1871/3924 5309/1862/3921 5308/1861/1719
f 3690/105/1856 3687/102/3104 5316/1872/3925 5314/1870/3923
f 5314/1870/3923 5316/1872/3925 5308/1861/1719 5310/1863/1721
f 4170/614/3354 4173/617/584 5317/1873/3926 5318/1874/3026
f 4173/617/584 4168/612/3352 5319/1875/3927 5317/1873/3926
f 5318/1874/3026 5317/1873/3926 5320/1876/3928 5321/1877/3929
f 5317/1873/3926 5319/1875/3927 5322/1878/3030 5320/1876/3928
f 4166/610/2188 4154/598/3344 5306/1859/1717 5323/1879/1734
f 5323/1879/1734 5306/1859/1717 5309/1862/3921 5324/1880/3930
f 4168/612/3352 4166/610/2188 5323/1879/1734 5319/1875/3927
f 5319/1875/3927 5323/1879/1734 5324/1880/3930 5322/1878/3030
f 3686/101/3103 3712/129/124 5325/1881/1736 5315/1871/3924
f 3712/129/124 3710/127/3118 5326/1882/3931 5325/1881/1736
f 5315/1871/3924 5325/1881/1736 5324/1880/3930 5309/1862/3921
f 5325/1881/1736 5326/1882/3931 5322/1878/3030 5324/1880/3930
f 3707/124/119 3706/123/1867 5327/1883/3932 5328/1884/3933
f 5328/1884/3933 5327/1883/3932 5321/1877/3929 5320/1876/3928
f 3710/127/3118 3707/124/119 5328/1884/3933 5326/1882/3931
f 5326/1882/3931 5328/1884/3933 5320/1876/3928 5322/1878/3030
f 3724/141/136 5329/1885/3934 5330/1886/1741 3725/142/3128
f 5329/1885/3934 5331/1887/3935 5332/1888/1743 5330/1886/1741
f 3725/142/3128 5330/1886/1741 5333/1889/1744 3727/144/3130
f 5330/1886/1741 5332/1888/1743 5334/1890/3936 5333/1889/1744
f 5335/1891/3937 4186/630/2201 4189/633/3364 5336/1892/1747
f 5336/1892/1747 4189/633/3364 4184/628/3360 5337/1893/3039
f 5331/1887/3935 5335/1891/3937 5336/1892/1747 5332/1888/1743
f 5332/1888/1743 5336/1892/1747 5337/1893/3039 5334/1890/3936
f 4170/614/3354 5318/1874/3026 5338/1894/3938 4182/626/3359
f 5318/1874/3026 5321/1877/3929 5339/1895/1750 5338/1894/3938
f 4182/626/3359 5338/1894/3938 5337/1893/3039 4184/628/3360
f 5338/1894/3938 5339/1895/1750 5334/1890/3936 5337/1893/3039
f 5327/1883/3932 3706/123/1867 3730/147/1884 5340/1896/3939
f 5340/1896/3939 3730/147/1884 3727/144/3130 5333/1889/1744
f 5321/1877/3929 5327/1883/3932 5340/1896/3939 5339/1895/1750
f 5339/1895/1750 5340/1896/3939 5333/1889/1744 5334/1890/3936
f 3604/161/3067 5267/1897/1678 5341/1898/3940 3740/162/152
f 5267/1897/1678 5265/1899/3900 5342/1900/1753 5341/1898/3940
f 3740/162/152 5341/1898/3940 5343/1901/1754 3742/164/3141
f 5341/1898/3940 5342/1900/1753 5344/1902/1755 5343/1901/1754
f 5263/1903/1674 4085/646/496 4203/649/3371 5345/1904/3041
f 5345/1904/3041 4203/649/3371 4200/644/611 5346/1905/1757
f 5265/1899/3900 5263/1903/1674 5345/1904/3041 5342/1900/1753
f 5342/1900/1753 5345/1904/3041 5346/1905/1757 5344/1902/1755
f 4186/630/2201 5335/1891/3937 5347/1906/3941 4198/642/2209
f 5335/1891/3937 5331/1887/3935 5348/1907/3942 5347/1906/3941
f 4198/642/2209 5347/1906/3941 5346/1905/1757 4200/644/611
f 5347/1906/3941 5348/1907/3942 5344/1902/1755 5346/1905/1757
f 5329/1885/3934 3724/141/136 3745/167/3144 5349/1908/3943
f 5349/1908/3943 3745/167/3144 3742/164/3141 5343/1901/1754
f 5331/1887/3935 5329/1885/3934 5349/1908/3943 5348/1907/3942
f 5348/1907/3942 5349/1908/3943 5343/1901/1754 5344/1902/1755
f 3641/53/3081 3640/52/52 5350/1909/1761 3654/66/66
f 3640/52/52 3636/48/48 5351/1910/3045 5350/1909/1761
f 3654/66/66 5350/1909/1761 5352/1911/3944 3656/68/3089
f 5350/1909/1761 5351/1910/3045 5353/1912/1764 5352/1911/3944
f 3634/46/46 3614/26/26 5354/1913/1765 5355/1914/3945
f 5355/1914/3945 5354/1913/1765 5356/1915/1767 5357/1916/1768
f 3636/48/48 3634/46/46 5355/1914/3945 5351/1910/3045
f 5351/1910/3045 5355/1914/3945 5357/1916/1768 5353/1912/1764
f 3757/1917/3151 3760/1918/3154 5358/1919/1769 5359/1920/1770
f 3760/1918/3154 3755/1921/167 5360/1922/3946 5358/1919/1769
f 5359/1920/1770 5358/1919/1769 5357/1916/1768 5356/1915/1767
f 5358/1919/1769 5360/1922/3946 5353/1912/1764 5357/1916/1768
f 3753/1923/165 3661/73/73 3660/72/3092 5361/1924/3947
f 5361/1924/3947 3660/72/3092 3656/68/3089 5352/1911/3944
f 3755/1921/167 3753/1923/165 5361/1924/3947 5360/1922/3946
f 5360/1922/3946 5361/1924/3947 5352/1911/3944 5353/1912/1764
f 3589/1/3059 3592/4/3062 5362/1925/3948 3632/44/3078
f 3592/4/3062 3596/8/8 5363/1926/3949 5362/1925/3948
f 3632/44/3078 5362/1925/3948 5364/1927/3950 3621/33/3074
f 5362/1925/3948 5363/1926/3949 5365/1928/3951 5364/1927/3950
f 3612/24/1809 3611/23/1808 5366/1929/3050 5367/1930/1778
f 5367/1930/1778 5366/1929/3050 5368/1931/3952 5369/1932/3953
f 3596/8/8 3612/24/1809 5367/1930/1778 5363/1926/3949
f 5363/1926/3949 5367/1930/1778 5369/1932/3953 5365/1928/3951
f 3757/1917/3151 5359/1920/1770 5370/1933/1781 5371/1934/3053
f 5359/1920/1770 5356/1915/1767 5372/1935/3954 5370/1933/1781
f 5371/1934/3053 5370/1933/1781 5369/1932/3953 5368/1931/3952
f 5370/1933/1781 5372/1935/3954 5365/1928/3951 5369/1932/3953
f 5354/1913/1765 3614/26/26 3617/29/1812 5373/1936/1784
f 5373/1936/1784 3617/29/1812 3621/33/3074 5364/1927/3950
f 5356/1915/1767 5354/1913/1765 5373/1936/1784 5372/1935/3954
f 5372/1935/3954 5373/1936/1784 5364/1927/3950 5365/1928/3951
f 3757/179/3151 5371/1937/3053 5374/1938/1785 3758/180/3152
f 5371/1937/3053 5368/1939/3952 5375/1940/3955 5374/1938/1785
f 3758/180/3152 5374/1938/1785 5376/1941/3956 3761/183/3155
f 5374/1938/1785 5375/1940/3955 5377/1942/3957 5376/1941/3956
f 5366/1943/3050 3611/151/1808 3735/154/3135 5378/1944/1789
f 5378/1944/1789 3735/154/3135 3738/158/3138 5379/1945/3958
f 5368/1939/3952 5366/1943/3050 5378/1944/1789 5375/1940/3955
f 5375/1940/3955 5378/1944/1789 5379/1945/3958 5377/1942/3957
f 3714/131/126 3717/134/1874 5380/1946/3959 3747/169/3146
f 3717/134/1874 3721/138/3125 5381/1947/3960 5380/1946/3959
f 3747/169/3146 5380/1946/3959 5379/1945/3958 3738/158/3138
f 5380/1946/3959 5381/1947/3960 5377/1942/3957 5379/1945/3958
f 3732/149/3133 3701/118/3113 3763/185/3156 5382/1948/3058
f 5382/1948/3058 3763/185/3156 3761/183/3155 5376/1941/3956
f 3721/138/3125 3732/149/3133 5382/1948/3058 5381/1947/3960
f 5381/1947/3960 5382/1948/3058 5376/1941/3956 5377/1942/3957
f 5383/1/1 5384/2/2 5385/3/3 5386/4/3062
f 5384/2/2 5387/5/3961 5388/6/3063 5385/3/3
f 5386/4/3062 5385/3/3 5389/7/1797 5390/8/1798
f 5385/3/3 5388/6/3063 5391/9/9 5389/7/1797
f 5392/10/3064 5393/11/1800 5394/12/1801 5395/13/13
f 5395/13/13 5394/12/1801 5396/14/14 5397/15/1803
f 5387/5/3961 5392/10/3064 5395/13/13 5388/6/3063
f 5388/6/3063 5395/13/13 5397/15/1803 5391/9/9
f 5398/16/1804 5399/17/1805 5400/18/1806 5401/19/3069
f 5399/17/1805 5402/20/20 5403/21/21 5400/18/1806
f 5401/19/3069 5400/18/1806 5397/15/1803 5396/14/14
f 5400/18/1806 5403/21/21 5391/9/9 5397/15/1803
f 5404/22/3071 5405/23/1808 5406/24/1809 5407/25/1810
f 5407/25/1810 5406/24/1809 5390/8/1798 5389/7/1797
f 5402/20/20 5404/22/3071 5407/25/1810 5403/21/21
f 5403/21/21 5407/25/1810 5389/7/1797 5391/9/9
f 5408/26/3962 5409/27/27 5410/28/3963 5411/29/3964
f 5409/27/27 5412/30/3965 5413/31/31 5410/28/3963
f 5411/29/3964 5410/28/3963 5414/32/32 5415/33/33
f 5410/28/3963 5413/31/31 5416/34/34 5414/32/32
f 5417/35/35 5418/36/3966 5419/37/37 5420/38/1815
f 5420/38/1815 5419/37/37 5421/39/3967 5422/40/40
f 5412/30/3965 5417/35/35 5420/38/1815 5413/31/31
f 5413/31/31 5420/38/1815 5422/40/40 5416/34/34
f 5393/11/1800 5392/10/3064 5423/41/41 5424/42/42
f 5392/10/3064 5387/5/3961 5425/43/43 5423/41/41
f 5424/42/42 5423/41/41 5422/40/40 5421/39/3967
f 5423/41/41 5425/43/43 5416/34/34 5422/40/40
f 5384/2/2 5383/1/1 5426/44/44 5427/45/45
f 5427/45/45 5426/44/44 5415/33/33 5414/32/32
f 5387/5/3961 5384/2/2 5427/45/45 5425/43/43
f 5425/43/43 5427/45/45 5414/32/32 5416/34/34
f 5408/26/3962 5428/46/3968 5429/47/47 5409/27/27
f 5428/46/3968 5430/48/48 5431/49/49 5429/47/47
f 5409/27/27 5429/47/47 5432/50/3969 5412/30/3965
f 5429/47/47 5431/49/49 5433/51/51 5432/50/3969
f 5434/52/52 5435/53/1819 5436/54/3970 5437/55/55
f 5437/55/55 5436/54/3970 5438/56/1821 5439/57/57
f 5430/48/48 5434/52/52 5437/55/55 5431/49/49
f 5431/49/49 5437/55/55 5439/57/57 5433/51/51
f 5440/58/3971 5441/59/1824 5442/60/3972 5443/61/3973
f 5441/59/1824 5444/62/1826 5445/63/63 5442/60/3972
f 5443/61/3973 5442/60/3972 5439/57/57 5438/56/1821
f 5442/60/3972 5445/63/63 5433/51/51 5439/57/57
f 5446/64/64 5418/36/3966 5417/35/35 5447/65/1827
f 5447/65/1827 5417/35/35 5412/30/3965 5432/50/3969
f 5444/62/1826 5446/64/64 5447/65/1827 5445/63/63
f 5445/63/63 5447/65/1827 5432/50/3969 5433/51/51
f 5435/53/1819 5448/66/66 5449/67/3088 5436/54/3970
f 5448/66/66 5450/68/3974 5451/69/1830 5449/67/3088
f 5436/54/3970 5449/67/3088 5452/70/70 5438/56/1821
f 5449/67/3088 5451/69/1830 5453/71/3975 5452/70/70
f 5454/72/72 5455/73/73 5456/74/3093 5457/75/75
f 5457/75/75 5456/74/3093 5458/76/3976 5459/77/3977
f 5450/68/3974 5454/72/72 5457/75/75 5451/69/1830
f 5451/69/1830 5457/75/75 5459/77/3977 5453/71/3975
f 5460/78/1838 5461/79/79 5462/80/3096 5463/81/3978
f 5461/79/79 5464/82/1842 5465/83/83 5462/80/3096
f 5463/81/3978 5462/80/3096 5459/77/3977 5458/76/3976
f 5462/80/3096 5465/83/83 5453/71/3975 5459/77/3977
f 5466/84/1843 5440/58/3971 5443/61/3973 5467/85/85
f 5467/85/85 5443/61/3973 5438/56/1821 5452/70/70
f 5464/82/1842 5466/84/1843 5467/85/85 5465/83/83
f 5465/83/83 5467/85/85 5452/70/70 5453/71/3975
f 5455/86/73 5468/87/1844 5469/88/1845 5456/89/3093
f 5468/87/1844 5470/90/1846 5471/91/89 5469/88/1845
f 5456/89/3093 5469/88/1845 5472/92/3979 5458/93/3976
f 5469/88/1845 5471/91/89 5473/94/91 5472/92/3979
f 5474/95/3980 5475/96/93 5476/97/3981 5477/98/1850
f 5477/98/1850 5476/97/3981 5478/99/96 5479/100/3982
f 5470/90/1846 5474/95/3980 5477/98/1850 5471/91/89
f 5471/91/89 5477/98/1850 5479/100/3982 5473/94/91
f 5480/101/3983 5481/102/1854 5482/103/3105 5483/104/3984
f 5481/102/1854 5484/105/3985 5485/106/3986 5482/103/3105
f 5483/104/3984 5482/103/3105 5479/100/3982 5478/99/96
f 5482/103/3105 5485/106/3986 5473/94/91 5479/100/3982
f 5486/107/1858 5460/108/1838 5463/109/3978 5487/110/105
f 5487/110/105 5463/109/3978 5458/93/3976 5472/92/3979
f 5484/105/3985 5486/107/1858 5487/110/105 5485/106/3986
f 5485/106/3986 5487/110/105 5472/92/3979 5473/94/91
f 5475/96/93 5488/111/3108 5489/112/1861 5476/97/3981
f 5488/111/3108 5490/113/1862 5491/114/109 5489/112/1861
f 5476/97/3981 5489/112/1861 5492/115/110 5478/99/96
f 5489/112/1861 5491/114/109 5493/116/111 5492/115/110
f 5494/117/112 5495/118/3987 5496/119/114 5497/120/115
f 5497/120/115 5496/119/114 5498/121/116 5499/122/117
f 5490/113/1862 5494/117/112 5497/120/115 5491/114/109
f 5491/114/109 5497/120/115 5499/122/117 5493/116/111
f 5500/123/1867 5501/124/119 5502/125/120 5503/126/1869
f 5501/124/119 5504/127/122 5505/128/1870 5502/125/120
f 5503/126/1869 5502/125/120 5499/122/117 5498/121/116
f 5502/125/120 5505/128/1870 5493/116/111 5499/122/117
f 5506/129/124 5480/101/3983 5483/104/3984 5507/130/125
f 5507/130/125 5483/104/3984 5478/99/96 5492/115/110
f 5504/127/122 5506/129/124 5507/130/125 5505/128/1870
f 5505/128/1870 5507/130/125 5492/115/110 5493/116/111
f 5508/131/3988 5509/132/3121 5510/133/3989 5511/134/1874
f 5509/132/3121 5512/135/130 5513/136/131 5510/133/3989
f 5511/134/1874 5510/133/3989 5514/137/1876 5515/138/3125
f 5510/133/3989 5513/136/131 5516/139/3126 5514/137/1876
f 5517/140/3990 5518/141/136 5519/142/3991 5520/143/138
f 5520/143/138 5519/142/3991 5521/144/3992 5522/145/140
f 5512/135/130 5517/140/3990 5520/143/138 5513/136/131
f 5513/136/131 5520/143/138 5522/145/140 5516/139/3126
f 5500/123/1867 5503/126/1869 5523/146/1883 5524/147/1884
f 5503/126/1869 5498/121/116 5525/148/143 5523/146/1883
f 5524/147/1884 5523/146/1883 5522/145/140 5521/144/3992
f 5523/146/1883 5525/148/143 5516/139/3126 5522/145/140
f 5496/119/114 5495/118/3987 5526/149/144 5527/150/145
f 5527/150/145 5526/149/144 5515/138/3125 5514/137/1876
f 5498/121/116 5496/119/114 5527/150/145 5525/148/143
f 5525/148/143 5527/150/145 5514/137/1876 5516/139/3126
f 5405/151/1808 5404/152/3071 5528/153/1885 5529/154/3993
f 5404/152/3071 5402/155/20 5530/156/3994 5528/153/1885
f 5529/154/3993 5528/153/1885 5531/157/3995 5532/158/3996
f 5528/153/1885 5530/156/3994 5533/159/3139 5531/157/3995
f 5399/160/1805 5398/161/1804 5534/162/152 5535/163/1889
f 5535/163/1889 5534/162/152 5536/164/1890 5537/165/1891
f 5402/155/20 5399/160/1805 5535/163/1889 5530/156/3994
f 5530/156/3994 5535/163/1889 5537/165/1891 5533/159/3139
f 5518/141/136 5517/140/3990 5538/166/156 5539/167/3144
f 5517/140/3990 5512/135/130 5540/168/3997 5538/166/156
f 5539/167/3144 5538/166/156 5537/165/1891 5536/164/1890
f 5538/166/156 5540/168/3997 5533/159/3139 5537/165/1891
f 5509/132/3121 5508/131/3988 5541/169/3998 5542/170/160
f 5542/170/160 5541/169/3998 5532/158/3996 5531/157/3995
f 5512/135/130 5509/132/3121 5542/170/160 5540/168/3997
f 5540/168/3997 5542/170/160 5531/157/3995 5533/159/3139
f 5475/96/93 5474/95/3980 5543/171/1895 5488/111/3108
f 5474/95/3980 5470/90/1846 5544/172/162 5543/171/1895
f 5488/111/3108 5543/171/1895 5545/173/163 5490/113/1862
f 5543/171/1895 5544/172/162 5546/174/1897 5545/173/163
f 5468/87/1844 5455/86/73 5547/175/165 5548/176/3999
f 5548/176/3999 5547/175/165 5549/177/167 5550/178/168
f 5470/90/1846 5468/87/1844 5548/176/3999 5544/172/162
f 5544/172/162 5548/176/3999 5550/178/168 5546/174/1897
f 5551/179/169 5552/180/4000 5553/181/4001 5554/182/172
f 5552/180/4000 5555/183/4002 5556/184/1902 5553/181/4001
f 5554/182/172 5553/181/4001 5550/178/168 5549/177/167
f 5553/181/4001 5556/184/1902 5546/174/1897 5550/178/168
f 5557/185/3156 5495/118/3987 5494/117/112 5558/186/176
f 5558/186/176 5494/117/112 5490/113/1862 5545/173/163
f 5555/183/4002 5557/185/3156 5558/186/176 5556/184/1902
f 5556/184/1902 5558/186/176 5545/173/163 5546/174/1897
f 5559/187/4003 5560/188/1904 5561/189/4004 5562/190/180
f 5560/188/1904 5563/191/181 5564/192/4005 5561/189/4004
f 5562/190/180 5561/189/4004 5565/193/1907 5566/194/3161
f 5561/189/4004 5564/192/4005 5567/195/185 5565/193/1907
f 5568/196/3163 5569/197/1910 5570/198/1911 5571/199/1912
f 5571/199/1912 5570/198/1911 5572/200/4006 5573/201/191
f 5563/191/181 5568/196/3163 5571/199/1912 5564/192/4005
f 5564/192/4005 5571/199/1912 5573/201/191 5567/195/185
f 5574/202/192 5575/203/1913 5576/204/194 5577/205/4007
f 5575/203/1913 5578/206/196 5579/207/197 5576/204/194
f 5577/205/4007 5576/204/194 5573/201/191 5572/200/4006
f 5576/204/194 5579/207/197 5567/195/185 5573/201/191
f 5580/208/198 5581/209/1917 5582/210/200 5583/211/4008
f 5583/211/4008 5582/210/200 5566/194/3161 5565/193/1907
f 5578/206/196 5580/208/198 5583/211/4008 5579/207/197
f 5579/207/197 5583/211/4008 5565/193/1907 5567/195/185
f 5584/212/202 5585/213/4009 5586/214/204 5587/215/205
f 5585/213/4009 5588/216/206 5589/217/207 5586/214/204
f 5587/215/205 5586/214/204 5590/218/4010 5591/219/4011
f 5586/214/204 5589/217/207 5592/220/4012 5590/218/4010
f 5593/221/211 5594/222/4013 5595/223/4014 5596/224/3175
f 5596/224/3175 5595/223/4014 5597/225/215 5598/226/216
f 5588/216/206 5593/221/211 5596/224/3175 5589/217/207
f 5589/217/207 5596/224/3175 5598/226/216 5592/220/4012
f 5599/227/3177 5600/228/4015 5601/229/4016 5602/230/1926
f 5600/228/4015 5603/231/1927 5604/232/1928 5601/229/4016
f 5602/230/1926 5601/229/4016 5598/226/216 5597/225/215
f 5601/229/4016 5604/232/1928 5592/220/4012 5598/226/216
f 5605/233/223 5606/234/224 5607/235/1931 5608/236/226
f 5608/236/226 5607/235/1931 5591/219/4011 5590/218/4010
f 5603/231/1927 5605/233/223 5608/236/226 5604/232/1928
f 5604/232/1928 5608/236/226 5590/218/4010 5592/220/4012
f 5609/237/4017 5610/238/1933 5611/239/229 5612/240/4018
f 5610/238/1933 5613/241/4019 5614/242/4020 5611/239/229
f 5612/240/4018 5611/239/229 5615/243/233 5616/244/1937
f 5611/239/229 5614/242/4020 5617/245/1938 5615/243/233
f 5618/246/236 5584/212/202 5587/215/205 5619/247/4021
f 5619/247/4021 5587/215/205 5591/219/4011 5620/248/1940
f 5613/241/4019 5618/246/236 5619/247/4021 5614/242/4020
f 5614/242/4020 5619/247/4021 5620/248/1940 5617/245/1938
f 5606/234/224 5621/249/1941 5622/250/240 5607/235/1931
f 5621/249/1941 5623/251/3186 5624/252/1944 5622/250/240
f 5607/235/1931 5622/250/240 5620/248/1940 5591/219/4011
f 5622/250/240 5624/252/1944 5617/245/1938 5620/248/1940
f 5625/253/243 5626/254/4022 5627/255/3187 5628/256/246
f 5628/256/246 5627/255/3187 5616/244/1937 5615/243/233
f 5623/251/3186 5625/253/243 5628/256/246 5624/252/1944
f 5624/252/1944 5628/256/246 5615/243/233 5617/245/1938
f 5609/237/4017 5612/240/4018 5629/257/4023 5630/258/3190
f 5612/240/4018 5616/244/1937 5631/259/1950 5629/257/4023
f 5630/258/3190 5629/257/4023 5632/260/4024 5633/261/4025
f 5629/257/4023 5631/259/1950 5634/262/4026 5632/260/4024
f 5627/255/3187 5626/254/4022 5635/263/4027 5636/264/254
f 5636/264/254 5635/263/4027 5637/265/1956 5638/266/4028
f 5616/244/1937 5627/255/3187 5636/264/254 5631/259/1950
f 5631/259/1950 5636/264/254 5638/266/4028 5634/262/4026
f 5639/267/4029 5640/268/258 5641/269/4030 5642/270/4031
f 5640/268/258 5643/271/4032 5644/272/262 5641/269/4030
f 5642/270/4031 5641/269/4030 5638/266/4028 5637/265/1956
f 5641/269/4030 5644/272/262 5634/262/4026 5638/266/4028
f 5645/273/263 5646/274/264 5647/275/1962 5648/276/1963
f 5648/276/1963 5647/275/1962 5633/261/4025 5632/260/4024
f 5643/271/4032 5645/273/263 5648/276/1963 5644/272/262
f 5644/272/262 5648/276/1963 5632/260/4024 5634/262/4026
f 5646/274/264 5645/273/263 5649/277/4033 5650/278/4034
f 5645/273/263 5643/271/4032 5651/279/4035 5649/277/4033
f 5650/278/4034 5649/277/4033 5652/280/3200 5653/281/271
f 5649/277/4033 5651/279/4035 5654/282/272 5652/280/3200
f 5640/268/258 5639/267/4029 5655/283/273 5656/284/4036
f 5656/284/4036 5655/283/273 5657/285/4037 5658/286/4038
f 5643/271/4032 5640/268/258 5656/284/4036 5651/279/4035
f 5651/279/4035 5656/284/4036 5658/286/4038 5654/282/272
f 5659/287/277 5660/288/3205 5661/289/3206 5662/290/4039
f 5660/288/3205 5663/291/281 5664/292/282 5661/289/3206
f 5662/290/4039 5661/289/3206 5658/286/4038 5657/285/4037
f 5661/289/3206 5664/292/282 5654/282/272 5658/286/4038
f 5665/293/4040 5666/294/1976 5667/295/4041 5668/296/4042
f 5668/296/4042 5667/295/4041 5653/281/271 5652/280/3200
f 5663/291/281 5665/293/4040 5668/296/4042 5664/292/282
f 5664/292/282 5668/296/4042 5652/280/3200 5654/282/272
f 5666/297/1976 5665/298/4040 5669/299/287 5670/300/4043
f 5665/298/4040 5663/301/281 5671/302/3211 5669/299/287
f 5670/300/4043 5669/299/287 5672/303/4044 5673/304/291
f 5669/299/287 5671/302/3211 5674/305/4045 5672/303/4044
f 5660/306/3205 5659/307/277 5675/308/1979 5676/309/4046
f 5676/309/4046 5675/308/1979 5677/310/3213 5678/311/4047
f 5663/301/281 5660/306/3205 5676/309/4046 5671/302/3211
f 5671/302/3211 5676/309/4046 5678/311/4047 5674/305/4045
f 5679/312/1983 5680/313/3216 5681/314/4048 5682/315/300
f 5680/313/3216 5683/316/301 5684/317/4049 5681/314/4048
f 5682/315/300 5681/314/4048 5678/311/4047 5677/310/3213
f 5681/314/4048 5684/317/4049 5674/305/4045 5678/311/4047
f 5685/318/303 5686/319/3220 5687/320/4050 5688/321/4051
f 5688/321/4051 5687/320/4050 5673/304/291 5672/303/4044
f 5683/316/301 5685/318/303 5688/321/4051 5684/317/4049
f 5684/317/4049 5688/321/4051 5672/303/4044 5674/305/4045
f 5686/319/3220 5685/318/303 5689/322/1989 5690/323/1990
f 5685/318/303 5683/316/301 5691/324/1991 5689/322/1989
f 5690/323/1990 5689/322/1989 5692/325/1992 5693/326/4052
f 5689/322/1989 5691/324/1991 5694/327/312 5692/325/1992
f 5680/313/3216 5679/312/1983 5695/328/313 5696/329/4053
f 5696/329/4053 5695/328/313 5697/330/315 5698/331/4054
f 5683/316/301 5680/313/3216 5696/329/4053 5691/324/1991
f 5691/324/1991 5696/329/4053 5698/331/4054 5694/327/312
f 5699/332/4055 5700/333/4056 5701/334/3229 5702/335/4057
f 5700/333/4056 5703/336/4058 5704/337/4059 5701/334/3229
f 5702/335/4057 5701/334/3229 5698/331/4054 5697/330/315
f 5701/334/3229 5704/337/4059 5694/327/312 5698/331/4054
f 5705/338/323 5706/339/2000 5707/340/3232 5708/341/326
f 5708/341/326 5707/340/3232 5693/326/4052 5692/325/1992
f 5703/336/4058 5705/338/323 5708/341/326 5704/337/4059
f 5704/337/4059 5708/341/326 5692/325/1992 5694/327/312
f 5709/342/4060 5710/343/4061 5711/344/2003 5712/345/330
f 5710/343/4061 5713/346/331 5714/347/4062 5711/344/2003
f 5712/345/330 5711/344/2003 5715/348/333 5716/349/2005
f 5711/344/2003 5714/347/4062 5717/350/4063 5715/348/333
f 5718/351/336 5706/339/2000 5705/338/323 5719/352/2008
f 5719/352/2008 5705/338/323 5703/336/4058 5720/353/3239
f 5713/346/331 5718/351/336 5719/352/2008 5714/347/4062
f 5714/347/4062 5719/352/2008 5720/353/3239 5717/350/4063
f 5699/332/4055 5721/354/2010 5722/355/2011 5700/333/4056
f 5721/354/2010 5723/356/3241 5724/357/342 5722/355/2011
f 5700/333/4056 5722/355/2011 5720/353/3239 5703/336/4058
f 5722/355/2011 5724/357/342 5717/350/4063 5720/353/3239
f 5725/358/343 5726/359/4064 5727/360/2015 5728/361/346
f 5728/361/346 5727/360/2015 5716/349/2005 5715/348/333
f 5723/356/3241 5725/358/343 5728/361/346 5724/357/342
f 5724/357/342 5728/361/346 5715/348/333 5717/350/4063
f 5594/362/4013 5729/363/3244 5730/364/348 5595/365/4014
f 5729/363/3244 5731/366/349 5732/367/2019 5730/364/348
f 5595/365/4014 5730/364/348 5733/368/351 5597/369/215
f 5730/364/348 5732/367/2019 5734/370/4065 5733/368/351
f 5735/371/4066 5709/342/4060 5712/345/330 5736/372/2022
f 5736/372/2022 5712/345/330 5716/349/2005 5737/373/4067
f 5731/366/349 5735/371/4066 5736/372/2022 5732/367/2019
f 5732/367/2019 5736/372/2022 5737/373/4067 5734/370/4065
f 5726/359/4064 5738/374/3249 5739/375/4068 5727/360/2015
f 5738/374/3249 5740/376/4069 5741/377/2026 5739/375/4068
f 5727/360/2015 5739/375/4068 5737/373/4067 5716/349/2005
f 5739/375/4068 5741/377/2026 5734/370/4065 5737/373/4067
f 5742/378/2027 5599/379/3177 5602/380/1926 5743/381/4070
f 5743/381/4070 5602/380/1926 5597/369/215 5733/368/351
f 5740/376/4069 5742/378/2027 5743/381/4070 5741/377/2026
f 5741/377/2026 5743/381/4070 5733/368/351 5734/370/4065
f 5744/382/362 5745/383/4071 5746/384/364 5747/385/4072
f 5745/383/4071 5748/386/2031 5749/387/3255 5746/384/364
f 5747/385/4072 5746/384/364 5750/388/2033 5751/389/369
f 5746/384/364 5749/387/3255 5752/390/4073 5750/388/2033
f 5753/391/4074 5754/392/2036 5755/393/3258 5756/394/2038
f 5756/394/2038 5755/393/3258 5757/395/4075 5758/396/4076
f 5748/386/2031 5753/391/4074 5756/394/2038 5749/387/3255
f 5749/387/3255 5756/394/2038 5758/396/4076 5752/390/4073
f 5594/222/4013 5593/221/211 5759/397/4077 5760/398/378
f 5593/221/211 5588/216/206 5761/399/3261 5759/397/4077
f 5760/398/378 5759/397/4077 5758/396/4076 5757/395/4075
f 5759/397/4077 5761/399/3261 5752/390/4073 5758/396/4076
f 5585/213/4009 5584/212/202 5762/400/380 5763/401/3262
f 5763/401/3262 5762/400/380 5751/389/369 5750/388/2033
f 5588/216/206 5585/213/4009 5763/401/3262 5761/399/3261
f 5761/399/3261 5763/401/3262 5750/388/2033 5752/390/4073
f 5764/402/2046 5765/403/4078 5766/404/3263 5767/405/385
f 5765/403/4078 5768/406/4079 5769/407/4080 5766/404/3263
f 5767/405/385 5766/404/3263 5770/408/4081 5771/409/2051
f 5766/404/3263 5769/407/4080 5772/410/4082 5770/408/4081
f 5773/411/4083 5744/382/362 5747/385/4072 5774/412/2054
f 5774/412/2054 5747/385/4072 5751/389/369 5775/413/2055
f 5768/406/4079 5773/411/4083 5774/412/2054 5769/407/4080
f 5769/407/4080 5774/412/2054 5775/413/2055 5772/410/4082
f 5584/212/202 5618/246/236 5776/414/2056 5762/400/380
f 5618/246/236 5613/241/4019 5777/415/395 5776/414/2056
f 5762/400/380 5776/414/2056 5775/413/2055 5751/389/369
f 5776/414/2056 5777/415/395 5772/410/4082 5775/413/2055
f 5610/238/1933 5609/237/4017 5778/416/4084 5779/417/2058
f 5779/417/2058 5778/416/4084 5771/409/2051 5770/408/4081
f 5613/241/4019 5610/238/1933 5779/417/2058 5777/415/395
f 5777/415/395 5779/417/2058 5770/408/4081 5772/410/4082
f 5764/402/2046 5767/405/385 5780/418/3268 5781/419/399
f 5767/405/385 5771/409/2051 5782/420/400 5780/418/3268
f 5781/419/399 5780/418/3268 5783/421/4085 5784/422/2062
f 5780/418/3268 5782/420/400 5785/423/2063 5783/421/4085
f 5778/416/4084 5609/237/4017 5630/258/3190 5786/424/2064
f 5786/424/2064 5630/258/3190 5633/261/4025 5787/425/405
f 5771/409/2051 5778/416/4084 5786/424/2064 5782/420/400
f 5782/420/400 5786/424/2064 5787/425/405 5785/423/2063
f 5646/274/264 5788/426/4086 5789/427/407 5647/275/1962
f 5788/426/4086 5790/428/2066 5791/429/409 5789/427/407
f 5647/275/1962 5789/427/407 5787/425/405 5633/261/4025
f 5789/427/407 5791/429/409 5785/423/2063 5787/425/405
f 5792/430/410 5793/431/4087 5794/432/4088 5795/433/4089
f 5795/433/4089 5794/432/4088 5784/422/2062 5783/421/4085
f 5790/428/2066 5792/430/410 5795/433/4089 5791/429/409
f 5791/429/409 5795/433/4089 5783/421/4085 5785/423/2063
f 5793/431/4087 5792/430/410 5796/434/4090 5797/435/4091
f 5792/430/410 5790/428/2066 5798/436/2072 5796/434/4090
f 5797/435/4091 5796/434/4090 5799/437/4092 5800/438/3274
f 5796/434/4090 5798/436/2072 5801/439/4093 5799/437/4092
f 5788/426/4086 5646/274/264 5650/278/4034 5802/440/4094
f 5802/440/4094 5650/278/4034 5653/281/271 5803/441/2077
f 5790/428/2066 5788/426/4086 5802/440/4094 5798/436/2072
f 5798/436/2072 5802/440/4094 5803/441/2077 5801/439/4093
f 5666/294/1976 5804/442/4095 5805/443/2079 5667/295/4041
f 5804/442/4095 5806/444/3275 5807/445/425 5805/443/2079
f 5667/295/4041 5805/443/2079 5803/441/2077 5653/281/271
f 5805/443/2079 5807/445/425 5801/439/4093 5803/441/2077
f 5808/446/3277 5809/447/3278 5810/448/2084 5811/449/3280
f 5811/449/3280 5810/448/2084 5800/438/3274 5799/437/4092
f 5806/444/3275 5808/446/3277 5811/449/3280 5807/445/425
f 5807/445/425 5811/449/3280 5799/437/4092 5801/439/4093
f 5809/450/3278 5808/451/3277 5812/452/430 5813/453/2087
f 5808/451/3277 5806/454/3275 5814/455/2088 5812/452/430
f 5813/453/2087 5812/452/430 5815/456/4096 5816/457/4097
f 5812/452/430 5814/455/2088 5817/458/435 5815/456/4096
f 5804/459/4095 5666/297/1976 5670/300/4043 5818/460/4098
f 5818/460/4098 5670/300/4043 5673/304/291 5819/461/2091
f 5806/454/3275 5804/459/4095 5818/460/4098 5814/455/2088
f 5814/455/2088 5818/460/4098 5819/461/2091 5817/458/435
f 5686/319/3220 5820/462/2092 5821/463/4099 5687/320/4050
f 5820/462/2092 5822/464/4100 5823/465/4101 5821/463/4099
f 5687/320/4050 5821/463/4099 5819/461/2091 5673/304/291
f 5821/463/4099 5823/465/4101 5817/458/435 5819/461/2091
f 5824/466/2096 5825/467/3285 5826/468/2098 5827/469/445
f 5827/469/445 5826/468/2098 5816/457/4097 5815/456/4096
f 5822/464/4100 5824/466/2096 5827/469/445 5823/465/4101
f 5823/465/4101 5827/469/445 5815/456/4096 5817/458/435
f 5825/467/3285 5824/466/2096 5828/470/446 5829/471/4102
f 5824/466/2096 5822/464/4100 5830/472/3287 5828/470/446
f 5829/471/4102 5828/470/446 5831/473/3288 5832/474/2101
f 5828/470/446 5830/472/3287 5833/475/2102 5831/473/3288
f 5820/462/2092 5686/319/3220 5690/323/1990 5834/476/4103
f 5834/476/4103 5690/323/1990 5693/326/4052 5835/477/2103
f 5822/464/4100 5820/462/2092 5834/476/4103 5830/472/3287
f 5830/472/3287 5834/476/4103 5835/477/2103 5833/475/2102
f 5706/339/2000 5836/478/4104 5837/479/4105 5707/340/3232
f 5836/478/4104 5838/480/2106 5839/481/2107 5837/479/4105
f 5707/340/3232 5837/479/4105 5835/477/2103 5693/326/4052
f 5837/479/4105 5839/481/2107 5833/475/2102 5835/477/2103
f 5840/482/3289 5841/483/458 5842/484/459 5843/485/460
f 5843/485/460 5842/484/459 5832/474/2101 5831/473/3288
f 5838/480/2106 5840/482/3289 5843/485/460 5839/481/2107
f 5839/481/2107 5843/485/460 5831/473/3288 5833/475/2102
f 5844/486/4106 5845/487/462 5846/488/4107 5847/489/464
f 5845/487/462 5848/490/465 5849/491/2114 5846/488/4107
f 5847/489/464 5846/488/4107 5850/492/4108 5851/493/468
f 5846/488/4107 5849/491/2114 5852/494/469 5850/492/4108
f 5853/495/470 5841/483/458 5840/482/3289 5854/496/4109
f 5854/496/4109 5840/482/3289 5838/480/2106 5855/497/472
f 5848/490/465 5853/495/470 5854/496/4109 5849/491/2114
f 5849/491/2114 5854/496/4109 5855/497/472 5852/494/469
f 5706/339/2000 5718/351/336 5856/498/4110 5836/478/4104
f 5718/351/336 5713/346/331 5857/499/4111 5856/498/4110
f 5836/478/4104 5856/498/4110 5855/497/472 5838/480/2106
f 5856/498/4110 5857/499/4111 5852/494/469 5855/497/472
f 5710/343/4061 5709/342/4060 5858/500/4112 5859/501/4113
f 5859/501/4113 5858/500/4112 5851/493/468 5850/492/4108
f 5713/346/331 5710/343/4061 5859/501/4113 5857/499/4111
f 5857/499/4111 5859/501/4113 5850/492/4108 5852/494/469
f 5754/502/2036 5860/503/4114 5861/504/2123 5755/505/3258
f 5860/503/4114 5862/506/479 5863/507/480 5861/504/2123
f 5755/505/3258 5861/504/2123 5864/508/4115 5757/509/4075
f 5861/504/2123 5863/507/480 5865/510/4116 5864/508/4115
f 5866/511/4117 5844/486/4106 5847/489/464 5867/512/3304
f 5867/512/3304 5847/489/464 5851/493/468 5868/513/4118
f 5862/506/479 5866/511/4117 5867/512/3304 5863/507/480
f 5863/507/480 5867/512/3304 5868/513/4118 5865/510/4116
f 5709/342/4060 5735/371/4066 5869/514/3305 5858/500/4112
f 5735/371/4066 5731/366/349 5870/515/2126 5869/514/3305
f 5858/500/4112 5869/514/3305 5868/513/4118 5851/493/468
f 5869/514/3305 5870/515/2126 5865/510/4116 5868/513/4118
f 5729/363/3244 5594/362/4013 5760/516/378 5871/517/4119
f 5871/517/4119 5760/516/378 5757/509/4075 5864/508/4115
f 5731/366/349 5729/363/3244 5871/517/4119 5870/515/2126
f 5870/515/2126 5871/517/4119 5864/508/4115 5865/510/4116
f 5599/227/3177 5872/518/4120 5873/519/490 5600/228/4015
f 5872/518/4120 5874/520/491 5875/521/2130 5873/519/490
f 5600/228/4015 5873/519/490 5876/522/4121 5603/231/1927
f 5873/519/490 5875/521/2130 5877/523/2132 5876/522/4121
f 5878/524/495 5879/525/4122 5880/526/4123 5881/527/2134
f 5881/527/2134 5880/526/4123 5882/528/499 5883/529/500
f 5874/520/491 5878/524/495 5881/527/2134 5875/521/2130
f 5875/521/2130 5881/527/2134 5883/529/500 5877/523/2132
f 5884/530/4124 5885/531/4125 5886/532/4126 5887/533/504
f 5885/531/4125 5888/534/2137 5889/535/4127 5886/532/4126
f 5887/533/504 5886/532/4126 5883/529/500 5882/528/499
f 5886/532/4126 5889/535/4127 5877/523/2132 5883/529/500
f 5890/536/507 5606/234/224 5605/233/223 5891/537/4128
f 5891/537/4128 5605/233/223 5603/231/1927 5876/522/4121
f 5888/534/2137 5890/536/507 5891/537/4128 5889/535/4127
f 5889/535/4127 5891/537/4128 5876/522/4121 5877/523/2132
f 5606/234/224 5890/536/507 5892/538/4129 5621/249/1941
f 5890/536/507 5888/534/2137 5893/539/4130 5892/538/4129
f 5621/249/1941 5892/538/4129 5894/540/4131 5623/251/3186
f 5892/538/4129 5893/539/4130 5895/541/4132 5894/540/4131
f 5885/531/4125 5884/530/4124 5896/542/4133 5897/543/4134
f 5897/543/4134 5896/542/4133 5898/544/4135 5899/545/4136
f 5888/534/2137 5885/531/4125 5897/543/4134 5893/539/4130
f 5893/539/4130 5897/543/4134 5899/545/4136 5895/541/4132
f 5900/546/517 5901/547/2145 5902/548/519 5903/549/4137
f 5901/547/2145 5904/550/521 5905/551/4138 5902/548/519
f 5903/549/4137 5902/548/519 5899/545/4136 5898/544/4135
f 5902/548/519 5905/551/4138 5895/541/4132 5899/545/4136
f 5906/552/523 5626/254/4022 5625/253/243 5907/553/524
f 5907/553/524 5625/253/243 5623/251/3186 5894/540/4131
f 5904/550/521 5906/552/523 5907/553/524 5905/551/4138
f 5905/551/4138 5907/553/524 5894/540/4131 5895/541/4132
f 5626/254/4022 5906/552/523 5908/554/2148 5635/263/4027
f 5906/552/523 5904/550/521 5909/555/4139 5908/554/2148
f 5635/263/4027 5908/554/2148 5910/556/2150 5637/265/1956
f 5908/554/2148 5909/555/4139 5911/557/3322 5910/556/2150
f 5901/547/2145 5900/546/517 5912/558/4140 5913/559/4141
f 5913/559/4141 5912/558/4140 5914/560/4142 5915/561/2154
f 5904/550/521 5901/547/2145 5913/559/4141 5909/555/4139
f 5909/555/4139 5913/559/4141 5915/561/2154 5911/557/3322
f 5916/562/4143 5917/563/4144 5918/564/4145 5919/565/4146
f 5917/563/4144 5920/566/4147 5921/567/538 5918/564/4145
f 5919/565/4146 5918/564/4145 5915/561/2154 5914/560/4142
f 5918/564/4145 5921/567/538 5911/557/3322 5915/561/2154
f 5922/568/539 5639/267/4029 5642/270/4031 5923/569/540
f 5923/569/540 5642/270/4031 5637/265/1956 5910/556/2150
f 5920/566/4147 5922/568/539 5923/569/540 5921/567/538
f 5921/567/538 5923/569/540 5910/556/2150 5911/557/3322
f 5639/267/4029 5922/568/539 5924/570/2159 5655/283/273
f 5922/568/539 5920/566/4147 5925/571/4148 5924/570/2159
f 5655/283/273 5924/570/2159 5926/572/4149 5657/285/4037
f 5924/570/2159 5925/571/4148 5927/573/2162 5926/572/4149
f 5917/563/4144 5916/562/4143 5928/574/545 5929/575/546
f 5929/575/546 5928/574/545 5930/576/4150 5931/577/3332
f 5920/566/4147 5917/563/4144 5929/575/546 5925/571/4148
f 5925/571/4148 5929/575/546 5931/577/3332 5927/573/2162
f 5932/578/3333 5933/579/2167 5934/580/4151 5935/581/4152
f 5933/579/2167 5936/582/553 5937/583/4153 5934/580/4151
f 5935/581/4152 5934/580/4151 5931/577/3332 5930/576/4150
f 5934/580/4151 5937/583/4153 5927/573/2162 5931/577/3332
f 5938/584/2172 5659/287/277 5662/290/4039 5939/585/4154
f 5939/585/4154 5662/290/4039 5657/285/4037 5926/572/4149
f 5936/582/553 5938/584/2172 5939/585/4154 5937/583/4153
f 5937/583/4153 5939/585/4154 5926/572/4149 5927/573/2162
f 5659/307/277 5938/586/2172 5940/587/4155 5675/308/1979
f 5938/586/2172 5936/588/553 5941/589/3339 5940/587/4155
f 5675/308/1979 5940/587/4155 5942/590/2174 5677/310/3213
f 5940/587/4155 5941/589/3339 5943/591/560 5942/590/2174
f 5933/592/2167 5932/593/3333 5944/594/2176 5945/595/4156
f 5945/595/4156 5944/594/2176 5946/596/4157 5947/597/4158
f 5936/588/553 5933/592/2167 5945/595/4156 5941/589/3339
f 5941/589/3339 5945/595/4156 5947/597/4158 5943/591/560
f 5948/598/565 5949/599/4159 5950/600/2182 5951/601/2183
f 5949/599/4159 5952/602/3346 5953/603/570 5950/600/2182
f 5951/601/2183 5950/600/2182 5947/597/4158 5946/596/4157
f 5950/600/2182 5953/603/570 5943/591/560 5947/597/4158
f 5954/604/4160 5679/312/1983 5682/315/300 5955/605/4161
f 5955/605/4161 5682/315/300 5677/310/3213 5942/590/2174
f 5952/602/3346 5954/604/4160 5955/605/4161 5953/603/570
f 5953/603/570 5955/605/4161 5942/590/2174 5943/591/560
f 5679/312/1983 5954/604/4160 5956/606/4162 5695/328/313
f 5954/604/4160 5952/602/3346 5957/607/2186 5956/606/4162
f 5695/328/313 5956/606/4162 5958/608/3350 5697/330/315
f 5956/606/4162 5957/607/2186 5959/609/4163 5958/608/3350
f 5949/599/4159 5948/598/565 5960/610/2188 5961/611/2189
f 5961/611/2189 5960/610/2188 5962/612/2190 5963/613/4164
f 5952/602/3346 5949/599/4159 5961/611/2189 5957/607/2186
f 5957/607/2186 5961/611/2189 5963/613/4164 5959/609/4163
f 5964/614/4165 5965/615/3355 5966/616/583 5967/617/584
f 5965/615/3355 5968/618/3357 5969/619/2195 5966/616/583
f 5967/617/584 5966/616/583 5963/613/4164 5962/612/2190
f 5966/616/583 5969/619/2195 5959/609/4163 5963/613/4164
f 5970/620/4166 5699/332/4055 5702/335/4057 5971/621/4167
f 5971/621/4167 5702/335/4057 5697/330/315 5958/608/3350
f 5968/618/3357 5970/620/4166 5971/621/4167 5969/619/2195
f 5969/619/2195 5971/621/4167 5958/608/3350 5959/609/4163
f 5699/332/4055 5970/620/4166 5972/622/4168 5721/354/2010
f 5970/620/4166 5968/618/3357 5973/623/590 5972/622/4168
f 5721/354/2010 5972/622/4168 5974/624/4169 5723/356/3241
f 5972/622/4168 5973/623/590 5975/625/592 5974/624/4169
f 5965/615/3355 5964/614/4165 5976/626/593 5977/627/594
f 5977/627/594 5976/626/593 5978/628/595 5979/629/4170
f 5968/618/3357 5965/615/3355 5977/627/594 5973/623/590
f 5973/623/590 5977/627/594 5979/629/4170 5975/625/592
f 5980/630/2201 5981/631/4171 5982/632/4172 5983/633/4173
f 5981/631/4171 5984/634/2203 5985/635/4174 5982/632/4172
f 5983/633/4173 5982/632/4172 5979/629/4170 5978/628/595
f 5982/632/4172 5985/635/4174 5975/625/592 5979/629/4170
f 5986/636/4175 5726/359/4064 5725/358/343 5987/637/4176
f 5987/637/4176 5725/358/343 5723/356/3241 5974/624/4169
f 5984/634/2203 5986/636/4175 5987/637/4176 5985/635/4174
f 5985/635/4174 5987/637/4176 5974/624/4169 5975/625/592
f 5726/359/4064 5986/636/4175 5988/638/4177 5738/374/3249
f 5986/636/4175 5984/634/2203 5989/639/606 5988/638/4177
f 5738/374/3249 5988/638/4177 5990/640/4178 5740/376/4069
f 5988/638/4177 5989/639/606 5991/641/4179 5990/640/4178
f 5981/631/4171 5980/630/2201 5992/642/2209 5993/643/4180
f 5993/643/4180 5992/642/2209 5994/644/611 5995/645/4181
f 5984/634/2203 5981/631/4171 5993/643/4180 5989/639/606
f 5989/639/606 5993/643/4180 5995/645/4181 5991/641/4179
f 5879/646/4122 5878/647/495 5996/648/4182 5997/649/2211
f 5878/647/495 5874/650/491 5998/651/2212 5996/648/4182
f 5997/649/2211 5996/648/4182 5995/645/4181 5994/644/611
f 5996/648/4182 5998/651/2212 5991/641/4179 5995/645/4181
f 5872/652/4120 5599/379/3177 5742/378/2027 5999/653/2213
f 5999/653/2213 5742/378/2027 5740/376/4069 5990/640/4178
f 5874/650/491 5872/652/4120 5999/653/2213 5998/651/2212
f 5998/651/2212 5999/653/2213 5990/640/4178 5991/641/4179
f 6000/654/4183 6001/655/618 6002/656/619 6003/657/620
f 6001/655/618 6004/658/621 6005/659/622 6002/656/619
f 6003/657/620 6002/656/619 6006/660/4184 6007/661/624
f 6002/656/619 6005/659/622 6008/662/625 6006/660/4184
f 6009/663/626 6010/664/4185 6011/665/3380 6012/666/4186
f 6012/666/4186 6011/665/3380 6013/667/2218 6014/668/3382
f 6004/658/621 6009/663/626 6012/666/4186 6005/659/622
f 6005/659/622 6012/666/4186 6014/668/3382 6008/662/625
f 6015/669/4187 6016/670/4188 6017/671/4189 6018/672/635
f 6016/670/4188 6019/673/3387 6020/674/2221 6017/671/4189
f 6018/672/635 6017/671/4189 6014/668/3382 6013/667/2218
f 6017/671/4189 6020/674/2221 6008/662/625 6014/668/3382
f 6021/675/3388 6022/676/2223 6023/677/640 6024/678/641
f 6024/678/641 6023/677/640 6007/661/624 6006/660/4184
f 6019/673/3387 6021/675/3388 6024/678/641 6020/674/2221
f 6020/674/2221 6024/678/641 6006/660/4184 6008/662/625
f 6025/679/2225 6026/680/2226 6027/681/644 6028/682/3393
f 6026/680/2226 6029/683/3394 6030/684/647 6027/681/644
f 6028/682/3393 6027/681/644 6031/685/648 6032/686/649
f 6027/681/644 6030/684/647 6033/687/2230 6031/685/648
f 6034/688/651 6000/654/4183 6003/657/620 6035/689/652
f 6035/689/652 6003/657/620 6007/661/624 6036/690/653
f 6029/683/3394 6034/688/651 6035/689/652 6030/684/647
f 6030/684/647 6035/689/652 6036/690/653 6033/687/2230
f 6022/676/2223 6037/691/3400 6038/692/2234 6023/677/640
f 6037/691/3400 6039/693/656 6040/694/4190 6038/692/2234
f 6023/677/640 6038/692/2234 6036/690/653 6007/661/624
f 6038/692/2234 6040/694/4190 6033/687/2230 6036/690/653
f 6041/695/658 6042/696/2237 6043/697/2238 6044/698/4191
f 6044/698/4191 6043/697/2238 6032/686/649 6031/685/648
f 6039/693/656 6041/695/658 6044/698/4191 6040/694/4190
f 6040/694/4190 6044/698/4191 6031/685/648 6033/687/2230
f 6045/699/2239 6046/700/4192 6047/701/4193 6048/702/665
f 6046/700/4192 6049/703/666 6050/704/2242 6047/701/4193
f 6048/702/665 6047/701/4193 6051/705/2243 6052/706/669
f 6047/701/4193 6050/704/2242 6053/707/2244 6051/705/2243
f 6054/708/671 6055/709/2245 6056/710/673 6057/711/674
f 6057/711/674 6056/710/673 6058/712/675 6059/713/2248
f 6049/703/666 6054/708/671 6057/711/674 6050/704/2242
f 6050/704/2242 6057/711/674 6059/713/2248 6053/707/2244
f 6025/679/2225 6028/682/3393 6060/714/677 6061/715/2249
f 6028/682/3393 6032/686/649 6062/716/679 6060/714/677
f 6061/715/2249 6060/714/677 6059/713/2248 6058/712/675
f 6060/714/677 6062/716/679 6053/707/2244 6059/713/2248
f 6043/697/2238 6042/696/2237 6063/717/2250 6064/718/681
f 6064/718/681 6063/717/2250 6052/706/669 6051/705/2243
f 6032/686/649 6043/697/2238 6064/718/681 6062/716/679
f 6062/716/679 6064/718/681 6051/705/2243 6053/707/2244
f 6065/719/4194 6066/720/683 6067/721/684 6068/722/4195
f 6066/720/683 6069/723/2255 6070/724/687 6067/721/684
f 6068/722/4195 6067/721/684 6071/725/4196 6072/726/689
f 6067/721/684 6070/724/687 6073/727/3424 6071/725/4196
f 6074/728/691 6075/729/692 6076/730/693 6077/731/2261
f 6077/731/2261 6076/730/693 6078/732/4197 6079/733/696
f 6069/723/2255 6074/728/691 6077/731/2261 6070/724/687
f 6070/724/687 6077/731/2261 6079/733/696 6073/727/3424
f 6055/709/2245 6054/708/671 6080/734/4198 6081/735/4199
f 6054/708/671 6049/703/666 6082/736/699 6080/734/4198
f 6081/735/4199 6080/734/4198 6079/733/696 6078/732/4197
f 6080/734/4198 6082/736/699 6073/727/3424 6079/733/696
f 6046/700/4192 6045/699/2239 6083/737/700 6084/738/701
f 6084/738/701 6083/737/700 6072/726/689 6071/725/4196
f 6049/703/666 6046/700/4192 6084/738/701 6082/736/699
f 6082/736/699 6084/738/701 6071/725/4196 6073/727/3424
f 6085/739/702 6086/740/2267 6087/741/3432 6088/742/705
f 6086/740/2267 6089/743/706 6090/744/2269 6087/741/3432
f 6088/742/705 6087/741/3432 6091/745/4200 6092/746/3435
f 6087/741/3432 6090/744/2269 6093/747/3436 6091/745/4200
f 6094/748/2271 6075/749/692 6074/750/691 6095/751/3438
f 6095/751/3438 6074/750/691 6069/752/2255 6096/753/4201
f 6089/743/706 6094/748/2271 6095/751/3438 6090/744/2269
f 6090/744/2269 6095/751/3438 6096/753/4201 6093/747/3436
f 6065/754/4194 6097/755/714 6098/756/715 6066/757/683
f 6097/755/714 6099/758/2274 6100/759/4202 6098/756/715
f 6066/757/683 6098/756/715 6096/753/4201 6069/752/2255
f 6098/756/715 6100/759/4202 6093/747/3436 6096/753/4201
f 6101/760/718 6102/761/4203 6103/762/2277 6104/763/4204
f 6104/763/4204 6103/762/2277 6092/746/3435 6091/745/4200
f 6099/758/2274 6101/760/718 6104/763/4204 6100/759/4202
f 6100/759/4202 6104/763/4204 6091/745/4200 6093/747/3436
f 6105/764/722 6106/765/723 6107/766/724 6108/767/2281
f 6106/765/723 6109/768/2282 6110/769/2283 6107/766/724
f 6108/767/2281 6107/766/724 6111/770/728 6112/771/2285
f 6107/766/724 6110/769/2283 6113/772/3447 6111/770/728
f 6114/773/4205 6085/739/702 6088/742/705 6115/774/4206
f 6115/774/4206 6088/742/705 6092/746/3435 6116/775/3450
f 6109/768/2282 6114/773/4205 6115/774/4206 6110/769/2283
f 6110/769/2283 6115/774/4206 6116/775/3450 6113/772/3447
f 6102/761/4203 6117/776/3451 6118/777/2290 6103/762/2277
f 6117/776/3451 6119/778/736 6120/779/4207 6118/777/2290
f 6103/762/2277 6118/777/2290 6116/775/3450 6092/746/3435
f 6118/777/2290 6120/779/4207 6113/772/3447 6116/775/3450
f 6121/780/2293 6122/781/2294 6123/782/2295 6124/783/4208
f 6124/783/4208 6123/782/2295 6112/771/2285 6111/770/728
f 6119/778/736 6121/780/2293 6124/783/4208 6120/779/4207
f 6120/779/4207 6124/783/4208 6111/770/728 6113/772/3447
f 6125/784/4209 6126/785/2298 6127/786/2299 6128/787/745
f 6126/785/2298 6129/788/2301 6130/789/4210 6127/786/2299
f 6128/787/745 6127/786/2299 6131/790/4211 6132/791/749
f 6127/786/2299 6130/789/4210 6133/792/750 6131/790/4211
f 6134/793/2304 6135/794/752 6136/795/753 6137/796/754
f 6137/796/754 6136/795/753 6138/797/755 6139/798/2308
f 6129/788/2301 6134/793/2304 6137/796/754 6130/789/4210
f 6130/789/4210 6137/796/754 6139/798/2308 6133/792/750
f 6105/764/722 6108/767/2281 6140/799/3463 6141/800/2310
f 6108/767/2281 6112/771/2285 6142/801/4212 6140/799/3463
f 6141/800/2310 6140/799/3463 6139/798/2308 6138/797/755
f 6140/799/3463 6142/801/4212 6133/792/750 6139/798/2308
f 6123/782/2295 6122/781/2294 6143/802/760 6144/803/2312
f 6144/803/2312 6143/802/760 6132/791/749 6131/790/4211
f 6112/771/2285 6123/782/2295 6144/803/2312 6142/801/4212
f 6142/801/4212 6144/803/2312 6131/790/4211 6133/792/750
f 6015/804/4187 6018/805/635 6145/806/2313 6146/807/763
f 6018/805/635 6013/808/2218 6147/809/4213 6145/806/2313
f 6146/807/763 6145/806/2313 6148/810/765 6149/811/3469
f 6145/806/2313 6147/809/4213 6150/812/4214 6148/810/765
f 6011/813/3380 6010/814/4185 6151/815/4215 6152/816/769
f 6152/816/769 6151/815/4215 6153/817/2318 6154/818/2319
f 6013/808/2218 6011/813/3380 6152/816/769 6147/809/4213
f 6147/809/4213 6152/816/769 6154/818/2319 6150/812/4214
f 6135/794/752 6134/793/2304 6155/819/4216 6156/820/2320
f 6134/793/2304 6129/788/2301 6157/821/774 6155/819/4216
f 6156/820/2320 6155/819/4216 6154/818/2319 6153/817/2318
f 6155/819/4216 6157/821/774 6150/812/4214 6154/818/2319
f 6126/785/2298 6125/784/4209 6158/822/775 6159/823/2321
f 6159/823/2321 6158/822/775 6149/811/3469 6148/810/765
f 6129/788/2301 6126/785/2298 6159/823/2321 6157/821/774
f 6157/821/774 6159/823/2321 6148/810/765 6150/812/4214
f 6015/824/4187 6160/825/777 6161/826/4217 6016/827/4188
f 6160/825/777 6162/828/2323 6163/829/780 6161/826/4217
f 6016/827/4188 6161/826/4217 6164/830/4218 6019/831/3387
f 6161/826/4217 6163/829/780 6165/832/2326 6164/830/4218
f 6166/833/2327 5754/392/2036 5753/391/4074 6167/834/3479
f 6167/834/3479 5753/391/4074 5748/386/2031 6168/835/4219
f 6162/828/2323 6166/833/2327 6167/834/3479 6163/829/780
f 6163/829/780 6167/834/3479 6168/835/4219 6165/832/2326
f 5744/382/362 6169/836/4220 6170/837/2331 5745/383/4071
f 6169/836/4220 6171/838/2332 6172/839/2333 6170/837/2331
f 5745/383/4071 6170/837/2331 6168/835/4219 5748/386/2031
f 6170/837/2331 6172/839/2333 6165/832/2326 6168/835/4219
f 6173/840/790 6022/841/2223 6021/842/3388 6174/843/4221
f 6174/843/4221 6021/842/3388 6019/831/3387 6164/830/4218
f 6171/838/2332 6173/840/790 6174/843/4221 6172/839/2333
f 6172/839/2333 6174/843/4221 6164/830/4218 6165/832/2326
f 6022/841/2223 6173/840/790 6175/844/792 6037/845/3400
f 6173/840/790 6171/838/2332 6176/846/3482 6175/844/792
f 6037/845/3400 6175/844/792 6177/847/794 6039/848/656
f 6175/844/792 6176/846/3482 6178/849/795 6177/847/794
f 6169/836/4220 5744/382/362 5773/411/4083 6179/850/796
f 6179/850/796 5773/411/4083 5768/406/4079 6180/851/797
f 6171/838/2332 6169/836/4220 6179/850/796 6176/846/3482
f 6176/846/3482 6179/850/796 6180/851/797 6178/849/795
f 5764/402/2046 6181/852/4222 6182/853/2340 5765/403/4078
f 6181/852/4222 6183/854/800 6184/855/2342 6182/853/2340
f 5765/403/4078 6182/853/2340 6180/851/797 5768/406/4079
f 6182/853/2340 6184/855/2342 6178/849/795 6180/851/797
f 6185/856/802 6042/857/2237 6041/858/658 6186/859/803
f 6186/859/803 6041/858/658 6039/848/656 6177/847/794
f 6183/854/800 6185/856/802 6186/859/803 6184/855/2342
f 6184/855/2342 6186/859/803 6177/847/794 6178/849/795
f 6042/857/2237 6185/856/802 6187/860/804 6063/861/2250
f 6185/856/802 6183/854/800 6188/862/2344 6187/860/804
f 6063/861/2250 6187/860/804 6189/863/806 6052/864/669
f 6187/860/804 6188/862/2344 6190/865/2345 6189/863/806
f 6181/852/4222 5764/402/2046 5781/419/399 6191/866/808
f 6191/866/808 5781/419/399 5784/422/2062 6192/867/4223
f 6183/854/800 6181/852/4222 6191/866/808 6188/862/2344
f 6188/862/2344 6191/866/808 6192/867/4223 6190/865/2345
f 5793/431/4087 6193/868/810 6194/869/2347 5794/432/4088
f 6193/868/810 6195/870/3492 6196/871/813 6194/869/2347
f 5794/432/4088 6194/869/2347 6192/867/4223 5784/422/2062
f 6194/869/2347 6196/871/813 6190/865/2345 6192/867/4223
f 6197/872/814 6045/873/2239 6048/874/665 6198/875/2350
f 6198/875/2350 6048/874/665 6052/864/669 6189/863/806
f 6195/870/3492 6197/872/814 6198/875/2350 6196/871/813
f 6196/871/813 6198/875/2350 6189/863/806 6190/865/2345
f 6045/873/2239 6197/872/814 6199/876/816 6083/877/700
f 6197/872/814 6195/870/3492 6200/878/817 6199/876/816
f 6083/877/700 6199/876/816 6201/879/818 6072/880/689
f 6199/876/816 6200/878/817 6202/881/2352 6201/879/818
f 6193/868/810 5793/431/4087 5797/435/4091 6203/882/4224
f 6203/882/4224 5797/435/4091 5800/438/3274 6204/883/821
f 6195/870/3492 6193/868/810 6203/882/4224 6200/878/817
f 6200/878/817 6203/882/4224 6204/883/821 6202/881/2352
f 5809/447/3278 6205/884/2354 6206/885/823 5810/448/2084
f 6205/884/2354 6207/886/2355 6208/887/4225 6206/885/823
f 5810/448/2084 6206/885/823 6204/883/821 5800/438/3274
f 6206/885/823 6208/887/4225 6202/881/2352 6204/883/821
f 6209/888/826 6065/889/4194 6068/890/4195 6210/891/827
f 6210/891/827 6068/890/4195 6072/880/689 6201/879/818
f 6207/886/2355 6209/888/826 6210/891/827 6208/887/4225
f 6208/887/4225 6210/891/827 6201/879/818 6202/881/2352
f 5809/450/3278 5813/453/2087 6211/892/2358 6205/893/2354
f 5813/453/2087 5816/457/4097 6212/894/4226 6211/892/2358
f 6205/893/2354 6211/892/2358 6213/895/3500 6207/896/2355
f 6211/892/2358 6212/894/4226 6214/897/2361 6213/895/3500
f 5826/468/2098 5825/467/3285 6215/898/3501 6216/899/2362
f 6216/899/2362 6215/898/3501 6217/900/3503 6218/901/4227
f 5816/457/4097 5826/468/2098 6216/899/2362 6212/894/4226
f 6212/894/4226 6216/899/2362 6218/901/4227 6214/897/2361
f 6102/902/4203 6101/903/718 6219/904/2365 6220/905/3505
f 6101/903/718 6099/906/2274 6221/907/838 6219/904/2365
f 6220/905/3505 6219/904/2365 6218/901/4227 6217/900/3503
f 6219/904/2365 6221/907/838 6214/897/2361 6218/901/4227
f 6097/908/714 6065/909/4194 6209/910/826 6222/911/4228
f 6222/911/4228 6209/910/826 6207/896/2355 6213/895/3500
f 6099/906/2274 6097/908/714 6222/911/4228 6221/907/838
f 6221/907/838 6222/911/4228 6213/895/3500 6214/897/2361
f 6122/912/2294 6121/913/2293 6223/914/840 6224/915/2368
f 6121/913/2293 6119/916/736 6225/917/842 6223/914/840
f 6224/915/2368 6223/914/840 6226/918/4229 6227/919/844
f 6223/914/840 6225/917/842 6228/920/845 6226/918/4229
f 6117/921/3451 6102/902/4203 6220/905/3505 6229/922/4230
f 6229/922/4230 6220/905/3505 6217/900/3503 6230/923/2372
f 6119/916/736 6117/921/3451 6229/922/4230 6225/917/842
f 6225/917/842 6229/922/4230 6230/923/2372 6228/920/845
f 5825/467/3285 5829/471/4102 6231/924/4231 6215/898/3501
f 5829/471/4102 5832/474/2101 6232/925/4232 6231/924/4231
f 6215/898/3501 6231/924/4231 6230/923/2372 6217/900/3503
f 6231/924/4231 6232/925/4232 6228/920/845 6230/923/2372
f 5842/484/459 5841/483/458 6233/926/2375 6234/927/4233
f 6234/927/4233 6233/926/2375 6227/919/844 6226/918/4229
f 5832/474/2101 5842/484/459 6234/927/4233 6232/925/4232
f 6232/925/4232 6234/927/4233 6226/918/4229 6228/920/845
f 5841/483/458 5853/495/470 6235/928/2377 6233/926/2375
f 5853/495/470 5848/490/465 6236/929/853 6235/928/2377
f 6233/926/2375 6235/928/2377 6237/930/854 6227/919/844
f 6235/928/2377 6236/929/853 6238/931/855 6237/930/854
f 5845/487/462 5844/486/4106 6239/932/856 6240/933/2379
f 6240/933/2379 6239/932/856 6241/934/4234 6242/935/859
f 5848/490/465 5845/487/462 6240/933/2379 6236/929/853
f 6236/929/853 6240/933/2379 6242/935/859 6238/931/855
f 6125/936/4209 6128/937/745 6243/938/860 6244/939/861
f 6128/937/745 6132/940/749 6245/941/2382 6243/938/860
f 6244/939/861 6243/938/860 6242/935/859 6241/934/4234
f 6243/938/860 6245/941/2382 6238/931/855 6242/935/859
f 6143/942/760 6122/912/2294 6224/915/2368 6246/943/2383
f 6246/943/2383 6224/915/2368 6227/919/844 6237/930/854
f 6132/940/749 6143/942/760 6246/943/2383 6245/941/2382
f 6245/941/2382 6246/943/2383 6237/930/854 6238/931/855
f 6125/936/4209 6244/939/861 6247/944/4235 6158/945/775
f 6244/939/861 6241/934/4234 6248/946/2384 6247/944/4235
f 6158/945/775 6247/944/4235 6249/947/2385 6149/948/3469
f 6247/944/4235 6248/946/2384 6250/949/2386 6249/947/2385
f 6239/932/856 5844/486/4106 5866/511/4117 6251/950/2387
f 6251/950/2387 5866/511/4117 5862/506/479 6252/951/869
f 6241/934/4234 6239/932/856 6251/950/2387 6248/946/2384
f 6248/946/2384 6251/950/2387 6252/951/869 6250/949/2386
f 5754/502/2036 6166/952/2327 6253/953/870 5860/503/4114
f 6166/952/2327 6162/954/2323 6254/955/4236 6253/953/870
f 5860/503/4114 6253/953/870 6252/951/869 5862/506/479
f 6253/953/870 6254/955/4236 6250/949/2386 6252/951/869
f 6160/956/777 6015/957/4187 6146/958/763 6255/959/2390
f 6255/959/2390 6146/958/763 6149/948/3469 6249/947/2385
f 6162/954/2323 6160/956/777 6255/959/2390 6254/955/4236
f 6254/955/4236 6255/959/2390 6249/947/2385 6250/949/2386
f 6256/960/873 6257/961/2391 6258/962/2392 6259/963/876
f 6257/961/2391 6260/964/2393 6261/965/4237 6258/962/2392
f 6259/963/876 6258/962/2392 6262/966/2395 6263/967/2396
f 6258/962/2392 6261/965/4237 6264/968/2397 6262/966/2395
f 6265/969/3524 6266/970/883 6267/971/4238 6268/972/2401
f 6268/972/2401 6267/971/4238 6269/973/2402 6270/974/887
f 6260/964/2393 6265/969/3524 6268/972/2401 6261/965/4237
f 6261/965/4237 6268/972/2401 6270/974/887 6264/968/2397
f 6010/664/4185 6009/663/626 6271/975/4239 6272/976/4240
f 6009/663/626 6004/658/621 6273/977/890 6271/975/4239
f 6272/976/4240 6271/975/4239 6270/974/887 6269/973/2402
f 6271/975/4239 6273/977/890 6264/968/2397 6270/974/887
f 6001/655/618 6000/654/4183 6274/978/2404 6275/979/4241
f 6275/979/4241 6274/978/2404 6263/967/2396 6262/966/2395
f 6004/658/621 6001/655/618 6275/979/4241 6273/977/890
f 6273/977/890 6275/979/4241 6262/966/2395 6264/968/2397
f 6276/980/3530 6277/981/4242 6278/982/2407 6279/983/4243
f 6277/981/4242 6280/984/4244 6281/985/2410 6278/982/2407
f 6279/983/4243 6278/982/2407 6282/986/2411 6283/987/900
f 6278/982/2407 6281/985/2410 6284/988/901 6282/986/2411
f 6285/989/4245 6256/960/873 6259/963/876 6286/990/903
f 6286/990/903 6259/963/876 6263/967/2396 6287/991/2414
f 6280/984/4244 6285/989/4245 6286/990/903 6281/985/2410
f 6281/985/2410 6286/990/903 6287/991/2414 6284/988/901
f 6000/654/4183 6034/688/651 6288/992/905 6274/978/2404
f 6034/688/651 6029/683/3394 6289/993/2415 6288/992/905
f 6274/978/2404 6288/992/905 6287/991/2414 6263/967/2396
f 6288/992/905 6289/993/2415 6284/988/901 6287/991/2414
f 6026/680/2226 6025/679/2225 6290/994/4246 6291/995/3536
f 6291/995/3536 6290/994/4246 6283/987/900 6282/986/2411
f 6029/683/3394 6026/680/2226 6291/995/3536 6289/993/2415
f 6289/993/2415 6291/995/3536 6282/986/2411 6284/988/901
f 6276/980/3530 6279/983/4243 6292/996/4247 6293/997/4248
f 6279/983/4243 6283/987/900 6294/998/4249 6292/996/4247
f 6293/997/4248 6292/996/4247 6295/999/912 6296/1000/4250
f 6292/996/4247 6294/998/4249 6297/1001/4251 6295/999/912
f 6290/994/4246 6025/679/2225 6061/715/2249 6298/1002/915
f 6298/1002/915 6061/715/2249 6058/712/675 6299/1003/2422
f 6283/987/900 6290/994/4246 6298/1002/915 6294/998/4249
f 6294/998/4249 6298/1002/915 6299/1003/2422 6297/1001/4251
f 6055/709/2245 6300/1004/2423 6301/1005/2424 6056/710/673
f 6300/1004/2423 6302/1006/3542 6303/1007/2426 6301/1005/2424
f 6056/710/673 6301/1005/2424 6299/1003/2422 6058/712/675
f 6301/1005/2424 6303/1007/2426 6297/1001/4251 6299/1003/2422
f 6304/1008/2427 6305/1009/2428 6306/1010/4252 6307/1011/4253
f 6307/1011/4253 6306/1010/4252 6296/1000/4250 6295/999/912
f 6302/1006/3542 6304/1008/2427 6307/1011/4253 6303/1007/2426
f 6303/1007/2426 6307/1011/4253 6295/999/912 6297/1001/4251
f 6075/729/692 6308/1012/4254 6309/1013/926 6076/730/693
f 6308/1012/4254 6310/1014/2431 6311/1015/4255 6309/1013/926
f 6076/730/693 6309/1013/926 6312/1016/929 6078/732/4197
f 6309/1013/926 6311/1015/4255 6313/1017/4256 6312/1016/929
f 6314/1018/4257 6315/1019/4258 6316/1020/2436 6317/1021/3546
f 6317/1021/3546 6316/1020/2436 6318/1022/935 6319/1023/2439
f 6310/1014/2431 6314/1018/4257 6317/1021/3546 6311/1015/4255
f 6311/1015/4255 6317/1021/3546 6319/1023/2439 6313/1017/4256
f 6305/1009/2428 6304/1008/2427 6320/1024/3548 6321/1025/2441
f 6304/1008/2427 6302/1006/3542 6322/1026/4259 6320/1024/3548
f 6321/1025/2441 6320/1024/3548 6319/1023/2439 6318/1022/935
f 6320/1024/3548 6322/1026/4259 6313/1017/4256 6319/1023/2439
f 6300/1004/2423 6055/709/2245 6081/735/4199 6323/1027/2443
f 6323/1027/2443 6081/735/4199 6078/732/4197 6312/1016/929
f 6302/1006/3542 6300/1004/2423 6323/1027/2443 6322/1026/4259
f 6322/1026/4259 6323/1027/2443 6312/1016/929 6313/1017/4256
f 6324/1028/4260 6325/1029/2445 6326/1030/943 6327/1031/4261
f 6325/1029/2445 6328/1032/2448 6329/1033/4262 6326/1030/943
f 6327/1031/4261 6326/1030/943 6330/1034/947 6331/1035/948
f 6326/1030/943 6329/1033/4262 6332/1036/4263 6330/1034/947
f 6333/1037/3553 6315/1038/4258 6314/1039/4257 6334/1040/951
f 6334/1040/951 6314/1039/4257 6310/1041/2431 6335/1042/2454
f 6328/1032/2448 6333/1037/3553 6334/1040/951 6329/1033/4262
f 6329/1033/4262 6334/1040/951 6335/1042/2454 6332/1036/4263
f 6075/749/692 6094/748/2271 6336/1043/2455 6308/1044/4254
f 6094/748/2271 6089/743/706 6337/1045/954 6336/1043/2455
f 6308/1044/4254 6336/1043/2455 6335/1042/2454 6310/1041/2431
f 6336/1043/2455 6337/1045/954 6332/1036/4263 6335/1042/2454
f 6086/740/2267 6085/739/702 6338/1046/2456 6339/1047/2457
f 6339/1047/2457 6338/1046/2456 6331/1035/948 6330/1034/947
f 6089/743/706 6086/740/2267 6339/1047/2457 6337/1045/954
f 6337/1045/954 6339/1047/2457 6330/1034/947 6332/1036/4263
f 6340/1048/957 6341/1049/4264 6342/1050/4265 6343/1051/2461
f 6341/1049/4264 6344/1052/4266 6345/1053/4267 6342/1050/4265
f 6343/1051/2461 6342/1050/4265 6346/1054/4268 6347/1055/964
f 6342/1050/4265 6345/1053/4267 6348/1056/965 6346/1054/4268
f 6349/1057/3562 6324/1028/4260 6327/1031/4261 6350/1058/967
f 6350/1058/967 6327/1031/4261 6331/1035/948 6351/1059/968
f 6344/1052/4266 6349/1057/3562 6350/1058/967 6345/1053/4267
f 6345/1053/4267 6350/1058/967 6351/1059/968 6348/1056/965
f 6085/739/702 6114/773/4205 6352/1060/4269 6338/1046/2456
f 6114/773/4205 6109/768/2282 6353/1061/970 6352/1060/4269
f 6338/1046/2456 6352/1060/4269 6351/1059/968 6331/1035/948
f 6352/1060/4269 6353/1061/970 6348/1056/965 6351/1059/968
f 6106/765/723 6105/764/722 6354/1062/2468 6355/1063/4270
f 6355/1063/4270 6354/1062/2468 6347/1055/964 6346/1054/4268
f 6109/768/2282 6106/765/723 6355/1063/4270 6353/1061/970
f 6353/1061/970 6355/1063/4270 6346/1054/4268 6348/1056/965
f 6340/1048/957 6343/1051/2461 6356/1064/4271 6357/1065/3568
f 6343/1051/2461 6347/1055/964 6358/1066/4272 6356/1064/4271
f 6357/1065/3568 6356/1064/4271 6359/1067/2472 6360/1068/4273
f 6356/1064/4271 6358/1066/4272 6361/1069/3570 6359/1067/2472
f 6354/1062/2468 6105/764/722 6141/800/2310 6362/1070/4274
f 6362/1070/4274 6141/800/2310 6138/797/755 6363/1071/980
f 6347/1055/964 6354/1062/2468 6362/1070/4274 6358/1066/4272
f 6358/1066/4272 6362/1070/4274 6363/1071/980 6361/1069/3570
f 6135/794/752 6364/1072/3572 6365/1073/2478 6136/795/753
f 6364/1072/3572 6366/1074/983 6367/1075/4275 6365/1073/2478
f 6136/795/753 6365/1073/2478 6363/1071/980 6138/797/755
f 6365/1073/2478 6367/1075/4275 6361/1069/3570 6363/1071/980
f 6368/1076/4276 6369/1077/4277 6370/1078/4278 6371/1079/3575
f 6371/1079/3575 6370/1078/4278 6360/1068/4273 6359/1067/2472
f 6366/1074/983 6368/1076/4276 6371/1079/3575 6367/1075/4275
f 6367/1075/4275 6371/1079/3575 6359/1067/2472 6361/1069/3570
f 6369/1077/4277 6368/1076/4276 6372/1080/2484 6373/1081/4279
f 6368/1076/4276 6366/1074/983 6374/1082/991 6372/1080/2484
f 6373/1081/4279 6372/1080/2484 6375/1083/2487 6376/1084/2488
f 6372/1080/2484 6374/1082/991 6377/1085/2489 6375/1083/2487
f 6364/1072/3572 6135/794/752 6156/820/2320 6378/1086/2490
f 6378/1086/2490 6156/820/2320 6153/817/2318 6379/1087/3578
f 6366/1074/983 6364/1072/3572 6378/1086/2490 6374/1082/991
f 6374/1082/991 6378/1086/2490 6379/1087/3578 6377/1085/2489
f 6010/814/4185 6272/1088/4240 6380/1089/997 6151/815/4215
f 6272/1088/4240 6269/1090/2402 6381/1091/2493 6380/1089/997
f 6151/815/4215 6380/1089/997 6379/1087/3578 6153/817/2318
f 6380/1089/997 6381/1091/2493 6377/1085/2489 6379/1087/3578
f 6267/1092/4238 6266/1093/883 6382/1094/3580 6383/1095/1000
f 6383/1095/1000 6382/1094/3580 6376/1084/2488 6375/1083/2487
f 6269/1090/2402 6267/1092/4238 6383/1095/1000 6381/1091/2493
f 6381/1091/2493 6383/1095/1000 6375/1083/2487 6377/1085/2489
f 6384/1096/4280 6385/1097/2495 6386/1098/3582 6387/1099/1004
f 6385/1097/2495 6388/1100/1005 6389/1101/1006 6386/1098/3582
f 6387/1099/1004 6386/1098/3582 6390/1102/1007 6391/1103/1008
f 6386/1098/3582 6389/1101/1006 6392/1104/1009 6390/1102/1007
f 6393/1105/1010 6394/1106/3587 6395/1107/4281 6396/1108/1013
f 6396/1108/1013 6395/1107/4281 6397/1109/1014 6398/1110/4282
f 6388/1100/1005 6393/1105/1010 6396/1108/1013 6389/1101/1006
f 6389/1101/1006 6396/1108/1013 6398/1110/4282 6392/1104/1009
f 5574/202/192 5577/205/4007 6399/1111/2501 6400/1112/1017
f 5577/205/4007 5572/200/4006 6401/1113/2502 6399/1111/2501
f 6400/1112/1017 6399/1111/2501 6398/1110/4282 6397/1109/1014
f 6399/1111/2501 6401/1113/2502 6392/1104/1009 6398/1110/4282
f 5570/198/1911 5569/197/1910 6402/1114/1019 6403/1115/4283
f 6403/1115/4283 6402/1114/1019 6391/1103/1008 6390/1102/1007
f 5572/200/4006 5570/198/1911 6403/1115/4283 6401/1113/2502
f 6401/1113/2502 6403/1115/4283 6390/1102/1007 6392/1104/1009
f 6404/1116/2504 6405/1117/4284 6406/1118/4285 6407/1119/1024
f 6405/1117/4284 6408/1120/1025 6409/1121/1026 6406/1118/4285
f 6407/1119/1024 6406/1118/4285 6410/1122/2507 6411/1123/1028
f 6406/1118/4285 6409/1121/1026 6412/1124/2508 6410/1122/2507
f 6413/1125/1030 6414/1126/1031 6415/1127/4286 6416/1128/2510
f 6416/1128/2510 6415/1127/4286 6417/1129/1034 6418/1130/1035
f 6408/1120/1025 6413/1125/1030 6416/1128/2510 6409/1121/1026
f 6409/1121/1026 6416/1128/2510 6418/1130/1035 6412/1124/2508
f 5574/1131/192 6400/1132/1017 6419/1133/1036 6420/1134/1037
f 6400/1132/1017 6397/1135/1014 6421/1136/1038 6419/1133/1036
f 6420/1134/1037 6419/1133/1036 6418/1130/1035 6417/1129/1034
f 6419/1133/1036 6421/1136/1038 6412/1124/2508 6418/1130/1035
f 6395/1137/4281 6394/1138/3587 6422/1139/1039 6423/1140/1040
f 6423/1140/1040 6422/1139/1039 6411/1123/1028 6410/1122/2507
f 6397/1135/1014 6395/1137/4281 6423/1140/1040 6421/1136/1038
f 6421/1136/1038 6423/1140/1040 6410/1122/2507 6412/1124/2508
f 5574/1131/192 6420/1134/1037 6424/1141/1041 5575/1142/1913
f 6420/1134/1037 6417/1129/1034 6425/1143/1042 6424/1141/1041
f 5575/1142/1913 6424/1141/1041 6426/1144/1043 5578/1145/196
f 6424/1141/1041 6425/1143/1042 6427/1146/1044 6426/1144/1043
f 6415/1127/4286 6414/1126/1031 6428/1147/1045 6429/1148/2513
f 6429/1148/2513 6428/1147/1045 6430/1149/4287 6431/1150/1048
f 6417/1129/1034 6415/1127/4286 6429/1148/2513 6425/1143/1042
f 6425/1143/1042 6429/1148/2513 6431/1150/1048 6427/1146/1044
f 6432/1151/4288 6433/1152/1050 6434/1153/4289 6435/1154/1052
f 6433/1152/1050 6436/1155/1053 6437/1156/2519 6434/1153/4289
f 6435/1154/1052 6434/1153/4289 6431/1150/1048 6430/1149/4287
f 6434/1153/4289 6437/1156/2519 6427/1146/1044 6431/1150/1048
f 6438/1157/1055 5581/1158/1917 5580/1159/198 6439/1160/1056
f 6439/1160/1056 5580/1159/198 5578/1145/196 6426/1144/1043
f 6436/1155/1053 6438/1157/1055 6439/1160/1056 6437/1156/2519
f 6437/1156/2519 6439/1160/1056 6426/1144/1043 6427/1146/1044
f 5559/187/4003 5562/190/180 6440/1161/2521 6441/1162/2522
f 5562/190/180 5566/194/3161 6442/1163/1059 6440/1161/2521
f 6441/1162/2522 6440/1161/2521 6443/1164/4290 6444/1165/2524
f 6440/1161/2521 6442/1163/1059 6445/1166/1062 6443/1164/4290
f 5582/210/200 5581/209/1917 6446/1167/1063 6447/1168/2525
f 6447/1168/2525 6446/1167/1063 6448/1169/4291 6449/1170/4292
f 5566/194/3161 5582/210/200 6447/1168/2525 6442/1163/1059
f 6442/1163/1059 6447/1168/2525 6449/1170/4292 6445/1166/1062
f 6450/1171/1067 6451/1172/2527 6452/1173/4293 6453/1174/1070
f 6451/1172/2527 6454/1175/1071 6455/1176/2531 6452/1173/4293
f 6453/1174/1070 6452/1173/4293 6449/1170/4292 6448/1169/4291
f 6452/1173/4293 6455/1176/2531 6445/1166/1062 6449/1170/4292
f 6456/1177/1073 6457/1178/1074 6458/1179/4294 6459/1180/1076
f 6459/1180/1076 6458/1179/4294 6444/1165/2524 6443/1164/4290
f 6454/1175/1071 6456/1177/1073 6459/1180/1076 6455/1176/2531
f 6455/1176/2531 6459/1180/1076 6443/1164/4290 6445/1166/1062
f 6460/1181/2534 6461/1182/1078 6462/1183/3614 6463/1184/4295
f 6461/1182/1078 6464/1185/4296 6465/1186/1082 6462/1183/3614
f 6463/1184/4295 6462/1183/3614 6466/1187/4297 6467/1188/1084
f 6462/1183/3614 6465/1186/1082 6468/1189/3617 6466/1187/4297
f 6469/1190/1086 5569/197/1910 5568/196/3163 6470/1191/1087
f 6470/1191/1087 5568/196/3163 5563/191/181 6471/1192/3620
f 6464/1185/4296 6469/1190/1086 6470/1191/1087 6465/1186/1082
f 6465/1186/1082 6470/1191/1087 6471/1192/3620 6468/1189/3617
f 5559/187/4003 6441/1162/2522 6472/1193/2543 5560/188/1904
f 6441/1162/2522 6444/1165/2524 6473/1194/4298 6472/1193/2543
f 5560/188/1904 6472/1193/2543 6471/1192/3620 5563/191/181
f 6472/1193/2543 6473/1194/4298 6468/1189/3617 6471/1192/3620
f 6458/1179/4294 6457/1178/1074 6474/1195/1091 6475/1196/4299
f 6475/1196/4299 6474/1195/1091 6467/1188/1084 6466/1187/4297
f 6444/1165/2524 6458/1179/4294 6475/1196/4299 6473/1194/4298
f 6473/1194/4298 6475/1196/4299 6466/1187/4297 6468/1189/3617
f 6384/1096/4280 6387/1099/1004 6476/1197/2546 6477/1198/3623
f 6387/1099/1004 6391/1103/1008 6478/1199/4300 6476/1197/2546
f 6477/1198/3623 6476/1197/2546 6479/1200/2549 6480/1201/2550
f 6476/1197/2546 6478/1199/4300 6481/1202/1098 6479/1200/2549
f 6402/1114/1019 5569/197/1910 6469/1190/1086 6482/1203/2552
f 6482/1203/2552 6469/1190/1086 6464/1185/4296 6483/1204/4301
f 6391/1103/1008 6402/1114/1019 6482/1203/2552 6478/1199/4300
f 6478/1199/4300 6482/1203/2552 6483/1204/4301 6481/1202/1098
f 6460/1181/2534 6484/1205/4302 6485/1206/2554 6461/1182/1078
f 6484/1205/4302 6486/1207/2555 6487/1208/2556 6485/1206/2554
f 6461/1182/1078 6485/1206/2554 6483/1204/4301 6464/1185/4296
f 6485/1206/2554 6487/1208/2556 6481/1202/1098 6483/1204/4301
f 6488/1209/1105 6489/1210/2557 6490/1211/2558 6491/1212/4303
f 6491/1212/4303 6490/1211/2558 6480/1201/2550 6479/1200/2549
f 6486/1207/2555 6488/1209/1105 6491/1212/4303 6487/1208/2556
f 6487/1208/2556 6491/1212/4303 6479/1200/2549 6481/1202/1098
f 6492/1213/4304 6493/1214/4305 6494/1215/2561 6495/1216/3635
f 6493/1214/4305 6496/1217/2563 6497/1218/2564 6494/1215/2561
f 6495/1216/3635 6494/1215/2561 6498/1219/1115 6499/1220/4306
f 6494/1215/2561 6497/1218/2564 6500/1221/4307 6498/1219/1115
f 6501/1222/4308 6394/1106/3587 6393/1105/1010 6502/1223/2567
f 6502/1223/2567 6393/1105/1010 6388/1100/1005 6503/1224/3638
f 6496/1217/2563 6501/1222/4308 6502/1223/2567 6497/1218/2564
f 6497/1218/2564 6502/1223/2567 6503/1224/3638 6500/1221/4307
f 6384/1096/4280 6477/1198/3623 6504/1225/2569 6385/1097/2495
f 6477/1198/3623 6480/1201/2550 6505/1226/1122 6504/1225/2569
f 6385/1097/2495 6504/1225/2569 6503/1224/3638 6388/1100/1005
f 6504/1225/2569 6505/1226/1122 6500/1221/4307 6503/1224/3638
f 6490/1211/2558 6489/1210/2557 6506/1227/4309 6507/1228/1124
f 6507/1228/1124 6506/1227/4309 6499/1220/4306 6498/1219/1115
f 6480/1201/2550 6490/1211/2558 6507/1228/1124 6505/1226/1122
f 6505/1226/1122 6507/1228/1124 6498/1219/1115 6500/1221/4307
f 6404/1116/2504 6407/1119/1024 6508/1229/4310 6509/1230/1126
f 6407/1119/1024 6411/1123/1028 6510/1231/1127 6508/1229/4310
f 6509/1230/1126 6508/1229/4310 6511/1232/2573 6512/1233/4311
f 6508/1229/4310 6510/1231/1127 6513/1234/1130 6511/1232/2573
f 6422/1139/1039 6394/1138/3587 6501/1235/4308 6514/1236/3643
f 6514/1236/3643 6501/1235/4308 6496/1237/2563 6515/1238/2576
f 6411/1123/1028 6422/1139/1039 6514/1236/3643 6510/1231/1127
f 6510/1231/1127 6514/1236/3643 6515/1238/2576 6513/1234/1130
f 6492/1239/4304 6516/1240/2577 6517/1241/3644 6493/1242/4305
f 6516/1240/2577 6518/1243/2579 6519/1244/1136 6517/1241/3644
f 6493/1242/4305 6517/1241/3644 6515/1238/2576 6496/1237/2563
f 6517/1241/3644 6519/1244/1136 6513/1234/1130 6515/1238/2576
f 6520/1245/2581 6521/1246/2582 6522/1247/1139 6523/1248/2584
f 6523/1248/2584 6522/1247/1139 6512/1233/4311 6511/1232/2573
f 6518/1243/2579 6520/1245/2581 6523/1248/2584 6519/1244/1136
f 6519/1244/1136 6523/1248/2584 6511/1232/2573 6513/1234/1130
f 6524/1249/1141 6525/1250/4312 6526/1251/3647 6527/1252/3648
f 6525/1250/4312 6528/1253/4313 6529/1254/2589 6526/1251/3647
f 6527/1252/3648 6526/1251/3647 6530/1255/1147 6531/1256/4314
f 6526/1251/3647 6529/1254/2589 6532/1257/1149 6530/1255/1147
f 6533/1258/1150 6414/1126/1031 6413/1125/1030 6534/1259/1151
f 6534/1259/1151 6413/1125/1030 6408/1120/1025 6535/1260/2595
f 6528/1253/4313 6533/1258/1150 6534/1259/1151 6529/1254/2589
f 6529/1254/2589 6534/1259/1151 6535/1260/2595 6532/1257/1149
f 6404/1116/2504 6509/1230/1126 6536/1261/2596 6405/1117/4284
f 6509/1230/1126 6512/1233/4311 6537/1262/2597 6536/1261/2596
f 6405/1117/4284 6536/1261/2596 6535/1260/2595 6408/1120/1025
f 6536/1261/2596 6537/1262/2597 6532/1257/1149 6535/1260/2595
f 6522/1247/1139 6521/1246/2582 6538/1263/4315 6539/1264/1156
f 6539/1264/1156 6538/1263/4315 6531/1256/4314 6530/1255/1147
f 6512/1233/4311 6522/1247/1139 6539/1264/1156 6537/1262/2597
f 6537/1262/2597 6539/1264/1156 6530/1255/1147 6532/1257/1149
f 6432/1151/4288 6435/1154/1052 6540/1265/1157 6541/1266/1158
f 6435/1154/1052 6430/1149/4287 6542/1267/2601 6540/1265/1157
f 6541/1266/1158 6540/1265/1157 6543/1268/1160 6544/1269/2602
f 6540/1265/1157 6542/1267/2601 6545/1270/3654 6543/1268/1160
f 6428/1147/1045 6414/1126/1031 6533/1258/1150 6546/1271/2604
f 6546/1271/2604 6533/1258/1150 6528/1253/4313 6547/1272/4316
f 6430/1149/4287 6428/1147/1045 6546/1271/2604 6542/1267/2601
f 6542/1267/2601 6546/1271/2604 6547/1272/4316 6545/1270/3654
f 6524/1249/1141 6548/1273/2606 6549/1274/2607 6525/1250/4312
f 6548/1273/2606 6550/1275/2608 6551/1276/1168 6549/1274/2607
f 6525/1250/4312 6549/1274/2607 6547/1272/4316 6528/1253/4313
f 6549/1274/2607 6551/1276/1168 6545/1270/3654 6547/1272/4316
f 6552/1277/1169 6553/1278/1170 6554/1279/2611 6555/1280/4317
f 6555/1280/4317 6554/1279/2611 6544/1269/2602 6543/1268/1160
f 6550/1275/2608 6552/1277/1169 6555/1280/4317 6551/1276/1168
f 6551/1276/1168 6555/1280/4317 6543/1268/1160 6545/1270/3654
f 6450/1281/1067 6453/1282/1070 6556/1283/1173 6557/1284/1174
f 6453/1282/1070 6448/1285/4291 6558/1286/1175 6556/1283/1173
f 6557/1284/1174 6556/1283/1173 6559/1287/1176 6560/1288/2613
f 6556/1283/1173 6558/1286/1175 6561/1289/2614 6559/1287/1176
f 6446/1290/1063 5581/1158/1917 6438/1157/1055 6562/1291/2615
f 6562/1291/2615 6438/1157/1055 6436/1155/1053 6563/1292/3667
f 6448/1285/4291 6446/1290/1063 6562/1291/2615 6558/1286/1175
f 6558/1286/1175 6562/1291/2615 6563/1292/3667 6561/1289/2614
f 6432/1151/4288 6541/1266/1158 6564/1293/1181 6433/1152/1050
f 6541/1266/1158 6544/1269/2602 6565/1294/2617 6564/1293/1181
f 6433/1152/1050 6564/1293/1181 6563/1292/3667 6436/1155/1053
f 6564/1293/1181 6565/1294/2617 6561/1289/2614 6563/1292/3667
f 6554/1279/2611 6553/1278/1170 6566/1295/2618 6567/1296/4318
f 6567/1296/4318 6566/1295/2618 6560/1288/2613 6559/1287/1176
f 6544/1269/2602 6554/1279/2611 6567/1296/4318 6565/1294/2617
f 6565/1294/2617 6567/1296/4318 6559/1287/1176 6561/1289/2614
f 6568/1297/2620 6569/1298/3670 6570/1299/1187 6571/1300/4319
f 6569/1298/3670 6572/1301/3673 6573/1302/4320 6570/1299/1187
f 6571/1300/4319 6570/1299/1187 6574/1303/4321 6575/1304/4322
f 6570/1299/1187 6573/1302/4320 6576/1305/4323 6574/1303/4321
f 6577/1306/3677 6578/1307/4324 6579/1308/1196 6580/1309/2629
f 6580/1309/2629 6579/1308/1196 6581/1310/3679 6582/1311/3680
f 6572/1301/3673 6577/1306/3677 6580/1309/2629 6573/1302/4320
f 6573/1302/4320 6580/1309/2629 6582/1311/3680 6576/1305/4323
f 6266/970/883 6265/969/3524 6583/1312/3681 6584/1313/4325
f 6265/969/3524 6260/964/2393 6585/1314/4326 6583/1312/3681
f 6584/1313/4325 6583/1312/3681 6582/1311/3680 6581/1310/3679
f 6583/1312/3681 6585/1314/4326 6576/1305/4323 6582/1311/3680
f 6257/961/2391 6256/960/873 6586/1315/4327 6587/1316/2636
f 6587/1316/2636 6586/1315/4327 6575/1304/4322 6574/1303/4321
f 6260/964/2393 6257/961/2391 6587/1316/2636 6585/1314/4326
f 6585/1314/4326 6587/1316/2636 6574/1303/4321 6576/1305/4323
f 6588/1317/3685 6589/1318/4328 6590/1319/4329 6591/1320/1208
f 6589/1318/4328 6592/1321/3687 6593/1322/3688 6590/1319/4329
f 6591/1320/1208 6590/1319/4329 6594/1323/3689 6595/1324/4330
f 6590/1319/4329 6593/1322/3688 6596/1325/4331 6594/1323/3689
f 6597/1326/2645 6568/1297/2620 6571/1300/4319 6598/1327/4332
f 6598/1327/4332 6571/1300/4319 6575/1304/4322 6599/1328/2646
f 6592/1321/3687 6597/1326/2645 6598/1327/4332 6593/1322/3688
f 6593/1322/3688 6598/1327/4332 6599/1328/2646 6596/1325/4331
f 6256/960/873 6285/989/4245 6600/1329/2647 6586/1315/4327
f 6285/989/4245 6280/984/4244 6601/1330/4333 6600/1329/2647
f 6586/1315/4327 6600/1329/2647 6599/1328/2646 6575/1304/4322
f 6600/1329/2647 6601/1330/4333 6596/1325/4331 6599/1328/2646
f 6277/981/4242 6276/980/3530 6602/1331/4334 6603/1332/3694
f 6603/1332/3694 6602/1331/4334 6595/1324/4330 6594/1323/3689
f 6280/984/4244 6277/981/4242 6603/1332/3694 6601/1330/4333
f 6601/1330/4333 6603/1332/3694 6594/1323/3689 6596/1325/4331
f 6588/1317/3685 6591/1320/1208 6604/1333/2649 6605/1334/2650
f 6591/1320/1208 6595/1324/4330 6606/1335/4335 6604/1333/2649
f 6605/1334/2650 6604/1333/2649 6607/1336/4336 6608/1337/3695
f 6604/1333/2649 6606/1335/4335 6609/1338/4337 6607/1336/4336
f 6602/1331/4334 6276/980/3530 6293/997/4248 6610/1339/2654
f 6610/1339/2654 6293/997/4248 6296/1000/4250 6611/1340/4338
f 6595/1324/4330 6602/1331/4334 6610/1339/2654 6606/1335/4335
f 6606/1335/4335 6610/1339/2654 6611/1340/4338 6609/1338/4337
f 6305/1009/2428 6612/1341/3697 6613/1342/4339 6306/1010/4252
f 6612/1341/3697 6614/1343/2656 6615/1344/4340 6613/1342/4339
f 6306/1010/4252 6613/1342/4339 6611/1340/4338 6296/1000/4250
f 6613/1342/4339 6615/1344/4340 6609/1338/4337 6611/1340/4338
f 6616/1345/4341 6617/1346/4342 6618/1347/4343 6619/1348/4344
f 6619/1348/4344 6618/1347/4343 6608/1337/3695 6607/1336/4336
f 6614/1343/2656 6616/1345/4341 6619/1348/4344 6615/1344/4340
f 6615/1344/4340 6619/1348/4344 6607/1336/4336 6609/1338/4337
f 6315/1019/4258 6620/1349/4345 6621/1350/4346 6316/1020/2436
f 6620/1349/4345 6622/1351/2662 6623/1352/3703 6621/1350/4346
f 6316/1020/2436 6621/1350/4346 6624/1353/2664 6318/1022/935
f 6621/1350/4346 6623/1352/3703 6625/1354/2665 6624/1353/2664
f 6626/1355/4347 6627/1356/4348 6628/1357/4349 6629/1358/4350
f 6629/1358/4350 6628/1357/4349 6630/1359/4351 6631/1360/4352
f 6622/1351/2662 6626/1355/4347 6629/1358/4350 6623/1352/3703
f 6623/1352/3703 6629/1358/4350 6631/1360/4352 6625/1354/2665
f 6617/1346/4342 6616/1345/4341 6632/1361/4353 6633/1362/4354
f 6616/1345/4341 6614/1343/2656 6634/1363/2672 6632/1361/4353
f 6633/1362/4354 6632/1361/4353 6631/1360/4352 6630/1359/4351
f 6632/1361/4353 6634/1363/2672 6625/1354/2665 6631/1360/4352
f 6612/1341/3697 6305/1009/2428 6321/1025/2441 6635/1364/1252
f 6635/1364/1252 6321/1025/2441 6318/1022/935 6624/1353/2664
f 6614/1343/2656 6612/1341/3697 6635/1364/1252 6634/1363/2672
f 6634/1363/2672 6635/1364/1252 6624/1353/2664 6625/1354/2665
f 6636/1365/2673 6637/1366/4355 6638/1367/4356 6639/1368/2676
f 6637/1366/4355 6640/1369/2677 6641/1370/1258 6638/1367/4356
f 6639/1368/2676 6638/1367/4356 6642/1371/3713 6643/1372/1260
f 6638/1367/4356 6641/1370/1258 6644/1373/1261 6642/1371/3713
f 6645/1374/3714 6627/1375/4348 6626/1376/4347 6646/1377/2683
f 6646/1377/2683 6626/1376/4347 6622/1378/2662 6647/1379/1264
f 6640/1369/2677 6645/1374/3714 6646/1377/2683 6641/1370/1258
f 6641/1370/1258 6646/1377/2683 6647/1379/1264 6644/1373/1261
f 6315/1038/4258 6333/1037/3553 6648/1380/4357 6620/1381/4345
f 6333/1037/3553 6328/1032/2448 6649/1382/4358 6648/1380/4357
f 6620/1381/4345 6648/1380/4357 6647/1379/1264 6622/1378/2662
f 6648/1380/4357 6649/1382/4358 6644/1373/1261 6647/1379/1264
f 6325/1029/2445 6324/1028/4260 6650/1383/4359 6651/1384/2686
f 6651/1384/2686 6650/1383/4359 6643/1372/1260 6642/1371/3713
f 6328/1032/2448 6325/1029/2445 6651/1384/2686 6649/1382/4358
f 6649/1382/4358 6651/1384/2686 6642/1371/3713 6644/1373/1261
f 6340/1048/957 6652/1385/2687 6653/1386/2688 6341/1049/4264
f 6652/1385/2687 6654/1387/3717 6655/1388/4360 6653/1386/2688
f 6341/1049/4264 6653/1386/2688 6656/1389/2690 6344/1052/4266
f 6653/1386/2688 6655/1388/4360 6657/1390/3718 6656/1389/2690
f 6658/1391/2691 6659/1392/2692 6660/1393/4361 6661/1394/2694
f 6661/1394/2694 6660/1393/4361 6662/1395/1279 6663/1396/2696
f 6654/1387/3717 6658/1391/2691 6661/1394/2694 6655/1388/4360
f 6655/1388/4360 6661/1394/2694 6663/1396/2696 6657/1390/3718
f 6636/1365/2673 6639/1368/2676 6664/1397/3722 6665/1398/2698
f 6639/1368/2676 6643/1372/1260 6666/1399/4362 6664/1397/3722
f 6665/1398/2698 6664/1397/3722 6663/1396/2696 6662/1395/1279
f 6664/1397/3722 6666/1399/4362 6657/1390/3718 6663/1396/2696
f 6650/1383/4359 6324/1028/4260 6349/1057/3562 6667/1400/4363
f 6667/1400/4363 6349/1057/3562 6344/1052/4266 6656/1389/2690
f 6643/1372/1260 6650/1383/4359 6667/1400/4363 6666/1399/4362
f 6666/1399/4362 6667/1400/4363 6656/1389/2690 6657/1390/3718
f 6668/1401/2701 6669/1402/2702 6670/1403/1287 6671/1404/4364
f 6669/1402/2702 6672/1405/4365 6673/1406/3726 6670/1403/1287
f 6671/1404/4364 6670/1403/1287 6674/1407/4366 6675/1408/3727
f 6670/1403/1287 6673/1406/3726 6676/1409/1293 6674/1407/4366
f 6677/1410/4367 6659/1392/2692 6658/1391/2691 6678/1411/1295
f 6678/1411/1295 6658/1391/2691 6654/1387/3717 6679/1412/3729
f 6672/1405/4365 6677/1410/4367 6678/1411/1295 6673/1406/3726
f 6673/1406/3726 6678/1411/1295 6679/1412/3729 6676/1409/1293
f 6340/1048/957 6357/1065/3568 6680/1413/4368 6652/1385/2687
f 6357/1065/3568 6360/1068/4273 6681/1414/3730 6680/1413/4368
f 6652/1385/2687 6680/1413/4368 6679/1412/3729 6654/1387/3717
f 6680/1413/4368 6681/1414/3730 6676/1409/1293 6679/1412/3729
f 6370/1078/4278 6369/1077/4277 6682/1415/3731 6683/1416/4369
f 6683/1416/4369 6682/1415/3731 6675/1408/3727 6674/1407/4366
f 6360/1068/4273 6370/1078/4278 6683/1416/4369 6681/1414/3730
f 6681/1414/3730 6683/1416/4369 6674/1407/4366 6676/1409/1293
f 6266/1093/883 6584/1417/4325 6684/1418/2715 6382/1094/3580
f 6584/1417/4325 6581/1419/3679 6685/1420/2716 6684/1418/2715
f 6382/1094/3580 6684/1418/2715 6686/1421/2717 6376/1084/2488
f 6684/1418/2715 6685/1420/2716 6687/1422/4370 6686/1421/2717
f 6579/1423/1196 6578/1424/4324 6688/1425/4371 6689/1426/4372
f 6689/1426/4372 6688/1425/4371 6690/1427/2720 6691/1428/4373
f 6581/1419/3679 6579/1423/1196 6689/1426/4372 6685/1420/2716
f 6685/1420/2716 6689/1426/4372 6691/1428/4373 6687/1422/4370
f 6668/1401/2701 6671/1404/4364 6692/1429/4374 6693/1430/2723
f 6671/1404/4364 6675/1408/3727 6694/1431/4375 6692/1429/4374
f 6693/1430/2723 6692/1429/4374 6691/1428/4373 6690/1427/2720
f 6692/1429/4374 6694/1431/4375 6687/1422/4370 6691/1428/4373
f 6682/1415/3731 6369/1077/4277 6373/1081/4279 6695/1432/1312
f 6695/1432/1312 6373/1081/4279 6376/1084/2488 6686/1421/2717
f 6675/1408/3727 6682/1415/3731 6695/1432/1312 6694/1431/4375
f 6694/1431/4375 6695/1432/1312 6686/1421/2717 6687/1422/4370
f 6696/1433/4376 6697/1434/1314 6698/1435/1315 6699/1436/4377
f 6697/1434/1314 6700/1437/4378 6701/1438/4379 6698/1435/1315
f 6699/1436/4377 6698/1435/1315 6702/1439/1319 6703/1440/4380
f 6698/1435/1315 6701/1438/4379 6704/1441/4381 6702/1439/1319
f 6705/1442/4382 6706/1443/1323 6707/1444/4383 6708/1445/4384
f 6708/1445/4384 6707/1444/4383 6709/1446/4385 6710/1447/1327
f 6700/1437/4378 6705/1442/4382 6708/1445/4384 6701/1438/4379
f 6701/1438/4379 6708/1445/4384 6710/1447/1327 6704/1441/4381
f 6711/1448/4386 6712/1449/4387 6713/1450/1330 6714/1451/4388
f 6712/1449/4387 6715/1452/3747 6716/1453/3748 6713/1450/1330
f 6714/1451/4388 6713/1450/1330 6710/1447/1327 6709/1446/4385
f 6713/1450/1330 6716/1453/3748 6704/1441/4381 6710/1447/1327
f 6717/1454/2743 6718/1455/1335 6719/1456/1336 6720/1457/2746
f 6720/1457/2746 6719/1456/1336 6703/1440/4380 6702/1439/1319
f 6715/1452/3747 6717/1454/2743 6720/1457/2746 6716/1453/3748
f 6716/1453/3748 6720/1457/2746 6702/1439/1319 6704/1441/4381
f 6721/1458/2747 6722/1459/4389 6723/1460/1340 6724/1461/3750
f 6722/1459/4389 6725/1462/2750 6726/1463/4390 6723/1460/1340
f 6724/1461/3750 6723/1460/1340 6727/1464/3752 6728/1465/4391
f 6723/1460/1340 6726/1463/4390 6729/1466/1346 6727/1464/3752
f 6730/1467/2754 6731/1468/4392 6732/1469/4393 6733/1470/1350
f 6733/1470/1350 6732/1469/4393 6734/1471/4394 6735/1472/3757
f 6725/1462/2750 6730/1467/2754 6733/1470/1350 6726/1463/4390
f 6726/1463/4390 6733/1470/1350 6735/1472/3757 6729/1466/1346
f 6718/1455/1335 6717/1454/2743 6736/1473/2757 6737/1474/2758
f 6717/1454/2743 6715/1452/3747 6738/1475/3758 6736/1473/2757
f 6737/1474/2758 6736/1473/2757 6735/1472/3757 6734/1471/4394
f 6736/1473/2757 6738/1475/3758 6729/1466/1346 6735/1472/3757
f 6712/1449/4387 6711/1448/4386 6739/1476/4395 6740/1477/2761
f 6740/1477/2761 6739/1476/4395 6728/1465/4391 6727/1464/3752
f 6715/1452/3747 6712/1449/4387 6740/1477/2761 6738/1475/3758
f 6738/1475/3758 6740/1477/2761 6727/1464/3752 6729/1466/1346
f 6741/1478/1358 6742/1479/1359 6743/1480/3761 6744/1481/1361
f 6742/1479/1359 6745/1482/4396 6746/1483/1363 6743/1480/3761
f 6744/1481/1361 6743/1480/3761 6747/1484/4397 6748/1485/3764
f 6743/1480/3761 6746/1483/1363 6749/1486/1366 6747/1484/4397
f 6750/1487/4398 6731/1468/4392 6730/1467/2754 6751/1488/4399
f 6751/1488/4399 6730/1467/2754 6725/1462/2750 6752/1489/4400
f 6745/1482/4396 6750/1487/4398 6751/1488/4399 6746/1483/1363
f 6746/1483/1363 6751/1488/4399 6752/1489/4400 6749/1486/1366
f 6721/1458/2747 6753/1490/4401 6754/1491/4402 6722/1459/4389
f 6753/1490/4401 6755/1492/4403 6756/1493/2775 6754/1491/4402
f 6722/1459/4389 6754/1491/4402 6752/1489/4400 6725/1462/2750
f 6754/1491/4402 6756/1493/2775 6749/1486/1366 6752/1489/4400
f 6757/1494/2776 6758/1495/1375 6759/1496/1376 6760/1497/2778
f 6760/1497/2778 6759/1496/1376 6748/1485/3764 6747/1484/4397
f 6755/1492/4403 6757/1494/2776 6760/1497/2778 6756/1493/2775
f 6756/1493/2775 6760/1497/2778 6747/1484/4397 6749/1486/1366
f 6761/1498/4404 6762/1499/1379 6763/1500/2779 6764/1501/1381
f 6762/1499/1379 6765/1502/3770 6766/1503/2781 6763/1500/2779
f 6764/1501/1381 6763/1500/2779 6767/1504/1384 6768/1505/1385
f 6763/1500/2779 6766/1503/2781 6769/1506/4405 6767/1504/1384
f 6770/1507/4406 6741/1478/1358 6744/1481/1361 6771/1508/1388
f 6771/1508/1388 6744/1481/1361 6748/1485/3764 6772/1509/1389
f 6765/1502/3770 6770/1507/4406 6771/1508/1388 6766/1503/2781
f 6766/1503/2781 6771/1508/1388 6772/1509/1389 6769/1506/4405
f 6758/1495/1375 6773/1510/3773 6774/1511/4407 6759/1496/1376
f 6773/1510/3773 6775/1512/3774 6776/1513/2788 6774/1511/4407
f 6759/1496/1376 6774/1511/4407 6772/1509/1389 6748/1485/3764
f 6774/1511/4407 6776/1513/2788 6769/1506/4405 6772/1509/1389
f 6777/1514/3776 6778/1515/4408 6779/1516/3777 6780/1517/3778
f 6780/1517/3778 6779/1516/3777 6768/1505/1385 6767/1504/1384
f 6775/1512/3774 6777/1514/3776 6780/1517/3778 6776/1513/2788
f 6776/1513/2788 6780/1517/3778 6767/1504/1384 6769/1506/4405
f 6781/1518/4409 6782/1519/1399 6783/1520/3779 6784/1521/3780
f 6782/1519/1399 6785/1522/1402 6786/1523/4410 6783/1520/3779
f 6784/1521/3780 6783/1520/3779 6787/1524/4411 6788/1525/4412
f 6783/1520/3779 6786/1523/4410 6789/1526/1406 6787/1524/4411
f 6790/1527/3783 6761/1528/4404 6764/1529/1381 6791/1530/2797
f 6791/1530/2797 6764/1529/1381 6768/1531/1385 6792/1532/2798
f 6785/1522/1402 6790/1527/3783 6791/1530/2797 6786/1523/4410
f 6786/1523/4410 6791/1530/2797 6792/1532/2798 6789/1526/1406
f 6778/1533/4408 6793/1534/4413 6794/1535/1411 6779/1536/3777
f 6793/1534/4413 6795/1537/3787 6796/1538/4414 6794/1535/1411
f 6779/1536/3777 6794/1535/1411 6792/1532/2798 6768/1531/1385
f 6794/1535/1411 6796/1538/4414 6789/1526/1406 6792/1532/2798
f 6797/1539/1414 6798/1540/2802 6799/1541/4415 6800/1542/4416
f 6800/1542/4416 6799/1541/4415 6788/1525/4412 6787/1524/4411
f 6795/1537/3787 6797/1539/1414 6800/1542/4416 6796/1538/4414
f 6796/1538/4414 6800/1542/4416 6787/1524/4411 6789/1526/1406
f 6801/1543/3791 6802/1544/2806 6803/1545/4417 6804/1546/4418
f 6802/1544/2806 6805/1547/2809 6806/1548/3793 6803/1545/4417
f 6804/1546/4418 6803/1545/4417 6807/1549/1424 6808/1550/1425
f 6803/1545/4417 6806/1548/3793 6809/1551/2811 6807/1549/1424
f 6810/1552/4419 6811/1553/1428 6812/1554/2813 6813/1555/1430
f 6813/1555/1430 6812/1554/2813 6814/1556/2814 6815/1557/1432
f 6805/1547/2809 6810/1552/4419 6813/1555/1430 6806/1548/3793
f 6806/1548/3793 6813/1555/1430 6815/1557/1432 6809/1551/2811
f 6781/1518/4409 6784/1521/3780 6816/1558/1433 6817/1559/3799
f 6784/1521/3780 6788/1525/4412 6818/1560/1435 6816/1558/1433
f 6817/1559/3799 6816/1558/1433 6815/1557/1432 6814/1556/2814
f 6816/1558/1433 6818/1560/1435 6809/1551/2811 6815/1557/1432
f 6799/1541/4415 6798/1540/2802 6819/1561/1436 6820/1562/1437
f 6820/1562/1437 6819/1561/1436 6808/1550/1425 6807/1549/1424
f 6788/1525/4412 6799/1541/4415 6820/1562/1437 6818/1560/1435
f 6818/1560/1435 6820/1562/1437 6807/1549/1424 6809/1551/2811
f 6821/1563/4420 6822/1564/4421 6823/1565/4422 6824/1566/1441
f 6822/1564/4421 6825/1567/1442 6826/1568/4423 6823/1565/4422
f 6824/1566/1441 6823/1565/4422 6827/1569/1444 6828/1570/4424
f 6823/1565/4422 6826/1568/4423 6829/1571/4425 6827/1569/1444
f 6830/1572/4426 6811/1553/1428 6810/1552/4419 6831/1573/1448
f 6831/1573/1448 6810/1552/4419 6805/1547/2809 6832/1574/1449
f 6825/1567/1442 6830/1572/4426 6831/1573/1448 6826/1568/4423
f 6826/1568/4423 6831/1573/1448 6832/1574/1449 6829/1571/4425
f 6801/1543/3791 6833/1575/1450 6834/1576/4427 6802/1544/2806
f 6833/1575/1450 6835/1577/4428 6836/1578/2827 6834/1576/4427
f 6802/1544/2806 6834/1576/4427 6832/1574/1449 6805/1547/2809
f 6834/1576/4427 6836/1578/2827 6829/1571/4425 6832/1574/1449
f 6837/1579/3806 6838/1580/1455 6839/1581/4429 6840/1582/3809
f 6840/1582/3809 6839/1581/4429 6828/1570/4424 6827/1569/1444
f 6835/1577/4428 6837/1579/3806 6840/1582/3809 6836/1578/2827
f 6836/1578/2827 6840/1582/3809 6827/1569/1444 6829/1571/4425
f 6706/1583/1323 6705/1584/4382 6841/1585/4430 6842/1586/4431
f 6705/1584/4382 6700/1587/4378 6843/1588/4432 6841/1585/4430
f 6842/1586/4431 6841/1585/4430 6844/1589/1461 6845/1590/4433
f 6841/1585/4430 6843/1588/4432 6846/1591/1463 6844/1589/1461
f 6697/1592/1314 6696/1593/4376 6847/1594/2837 6848/1595/3814
f 6848/1595/3814 6847/1594/2837 6849/1596/4434 6850/1597/2840
f 6700/1587/4378 6697/1592/1314 6848/1595/3814 6843/1588/4432
f 6843/1588/4432 6848/1595/3814 6850/1597/2840 6846/1591/1463
f 6821/1563/4420 6824/1566/1441 6851/1598/3815 6852/1599/4435
f 6824/1566/1441 6828/1570/4424 6853/1600/1470 6851/1598/3815
f 6852/1599/4435 6851/1598/3815 6850/1597/2840 6849/1596/4434
f 6851/1598/3815 6853/1600/1470 6846/1591/1463 6850/1597/2840
f 6839/1581/4429 6838/1580/1455 6854/1601/3816 6855/1602/4436
f 6855/1602/4436 6854/1601/3816 6845/1590/4433 6844/1589/1461
f 6828/1570/4424 6839/1581/4429 6855/1602/4436 6853/1600/1470
f 6853/1600/1470 6855/1602/4436 6844/1589/1461 6846/1591/1463
f 6457/1178/1074 6456/1177/1073 6856/1603/3817 6857/1604/1474
f 6456/1177/1073 6454/1175/1071 6858/1605/4437 6856/1603/3817
f 6857/1604/1474 6856/1603/3817 6859/1606/4438 6860/1607/4439
f 6856/1603/3817 6858/1605/4437 6861/1608/4440 6859/1606/4438
f 6451/1172/2527 6450/1171/1067 6862/1609/2848 6863/1610/2849
f 6863/1610/2849 6862/1609/2848 6864/1611/2850 6865/1612/4441
f 6454/1175/1071 6451/1172/2527 6863/1610/2849 6858/1605/4437
f 6858/1605/4437 6863/1610/2849 6865/1612/4441 6861/1608/4440
f 6696/1433/4376 6699/1436/4377 6866/1613/1483 6867/1614/2852
f 6699/1436/4377 6703/1440/4380 6868/1615/2853 6866/1613/1483
f 6867/1614/2852 6866/1613/1483 6865/1612/4441 6864/1611/2850
f 6866/1613/1483 6868/1615/2853 6861/1608/4440 6865/1612/4441
f 6719/1456/1336 6718/1455/1335 6869/1616/2854 6870/1617/1487
f 6870/1617/1487 6869/1616/2854 6860/1607/4439 6859/1606/4438
f 6703/1440/4380 6719/1456/1336 6870/1617/1487 6868/1615/2853
f 6868/1615/2853 6870/1617/1487 6859/1606/4438 6861/1608/4440
f 6731/1468/4392 6871/1618/4442 6872/1619/1489 6732/1469/4393
f 6871/1618/4442 6873/1620/1490 6874/1621/4443 6872/1619/1489
f 6732/1469/4393 6872/1619/1489 6875/1622/2859 6734/1471/4394
f 6872/1619/1489 6874/1621/4443 6876/1623/2860 6875/1622/2859
f 6877/1624/4444 6460/1181/2534 6463/1184/4295 6878/1625/1495
f 6878/1625/1495 6463/1184/4295 6467/1188/1084 6879/1626/3826
f 6873/1620/1490 6877/1624/4444 6878/1625/1495 6874/1621/4443
f 6874/1621/4443 6878/1625/1495 6879/1626/3826 6876/1623/2860
f 6457/1178/1074 6857/1604/1474 6880/1627/4445 6474/1195/1091
f 6857/1604/1474 6860/1607/4439 6881/1628/1498 6880/1627/4445
f 6474/1195/1091 6880/1627/4445 6879/1626/3826 6467/1188/1084
f 6880/1627/4445 6881/1628/1498 6876/1623/2860 6879/1626/3826
f 6869/1616/2854 6718/1455/1335 6737/1474/2758 6882/1629/2864
f 6882/1629/2864 6737/1474/2758 6734/1471/4394 6875/1622/2859
f 6860/1607/4439 6869/1616/2854 6882/1629/2864 6881/1628/1498
f 6881/1628/1498 6882/1629/2864 6875/1622/2859 6876/1623/2860
f 6489/1210/2557 6488/1209/1105 6883/1630/1500 6884/1631/4446
f 6488/1209/1105 6486/1207/2555 6885/1632/2866 6883/1630/1500
f 6884/1631/4446 6883/1630/1500 6886/1633/1503 6887/1634/1504
f 6883/1630/1500 6885/1632/2866 6888/1635/4447 6886/1633/1503
f 6484/1205/4302 6460/1181/2534 6877/1624/4444 6889/1636/1506
f 6889/1636/1506 6877/1624/4444 6873/1620/1490 6890/1637/1507
f 6486/1207/2555 6484/1205/4302 6889/1636/1506 6885/1632/2866
f 6885/1632/2866 6889/1636/1506 6890/1637/1507 6888/1635/4447
f 6731/1468/4392 6750/1487/4398 6891/1638/1508 6871/1618/4442
f 6750/1487/4398 6745/1482/4396 6892/1639/2870 6891/1638/1508
f 6871/1618/4442 6891/1638/1508 6890/1637/1507 6873/1620/1490
f 6891/1638/1508 6892/1639/2870 6888/1635/4447 6890/1637/1507
f 6742/1479/1359 6741/1478/1358 6893/1640/4448 6894/1641/2872
f 6894/1641/2872 6893/1640/4448 6887/1634/1504 6886/1633/1503
f 6745/1482/4396 6742/1479/1359 6894/1641/2872 6892/1639/2870
f 6892/1639/2870 6894/1641/2872 6886/1633/1503 6888/1635/4447
f 6761/1498/4404 6895/1642/1512 6896/1643/4449 6762/1499/1379
f 6895/1642/1512 6897/1644/1514 6898/1645/4450 6896/1643/4449
f 6762/1499/1379 6896/1643/4449 6899/1646/1516 6765/1502/3770
f 6896/1643/4449 6898/1645/4450 6900/1647/1517 6899/1646/1516
f 6901/1648/1518 6492/1213/4304 6495/1216/3635 6902/1649/4451
f 6902/1649/4451 6495/1216/3635 6499/1220/4306 6903/1650/4452
f 6897/1644/1514 6901/1648/1518 6902/1649/4451 6898/1645/4450
f 6898/1645/4450 6902/1649/4451 6903/1650/4452 6900/1647/1517
f 6489/1210/2557 6884/1631/4446 6904/1651/4453 6506/1227/4309
f 6884/1631/4446 6887/1634/1504 6905/1652/2878 6904/1651/4453
f 6506/1227/4309 6904/1651/4453 6903/1650/4452 6499/1220/4306
f 6904/1651/4453 6905/1652/2878 6900/1647/1517 6903/1650/4452
f 6893/1640/4448 6741/1478/1358 6770/1507/4406 6906/1653/1523
f 6906/1653/1523 6770/1507/4406 6765/1502/3770 6899/1646/1516
f 6887/1634/1504 6893/1640/4448 6906/1653/1523 6905/1652/2878
f 6905/1652/2878 6906/1653/1523 6899/1646/1516 6900/1647/1517
f 6521/1246/2582 6520/1245/2581 6907/1654/4454 6908/1655/1525
f 6520/1245/2581 6518/1243/2579 6909/1656/1526 6907/1654/4454
f 6908/1655/1525 6907/1654/4454 6910/1657/1527 6911/1658/2882
f 6907/1654/4454 6909/1656/1526 6912/1659/1529 6910/1657/1527
f 6516/1240/2577 6492/1239/4304 6901/1660/1518 6913/1661/4455
f 6913/1661/4455 6901/1660/1518 6897/1662/1514 6914/1663/4456
f 6518/1243/2579 6516/1240/2577 6913/1661/4455 6909/1656/1526
f 6909/1656/1526 6913/1661/4455 6914/1663/4456 6912/1659/1529
f 6761/1528/4404 6790/1527/3783 6915/1664/1532 6895/1665/1512
f 6790/1527/3783 6785/1522/1402 6916/1666/3840 6915/1664/1532
f 6895/1665/1512 6915/1664/1532 6914/1663/4456 6897/1662/1514
f 6915/1664/1532 6916/1666/3840 6912/1659/1529 6914/1663/4456
f 6782/1519/1399 6781/1518/4409 6917/1667/2885 6918/1668/4457
f 6918/1668/4457 6917/1667/2885 6911/1658/2882 6910/1657/1527
f 6785/1522/1402 6782/1519/1399 6918/1668/4457 6916/1666/3840
f 6916/1666/3840 6918/1668/4457 6910/1657/1527 6912/1659/1529
f 6811/1553/1428 6919/1669/4458 6920/1670/4459 6812/1554/2813
f 6919/1669/4458 6921/1671/4460 6922/1672/4461 6920/1670/4459
f 6812/1554/2813 6920/1670/4459 6923/1673/4462 6814/1556/2814
f 6920/1670/4459 6922/1672/4461 6924/1674/2891 6923/1673/4462
f 6925/1675/4463 6524/1249/1141 6527/1252/3648 6926/1676/1543
f 6926/1676/1543 6527/1252/3648 6531/1256/4314 6927/1677/1544
f 6921/1671/4460 6925/1675/4463 6926/1676/1543 6922/1672/4461
f 6922/1672/4461 6926/1676/1543 6927/1677/1544 6924/1674/2891
f 6521/1246/2582 6908/1655/1525 6928/1678/4464 6538/1263/4315
f 6908/1655/1525 6911/1658/2882 6929/1679/4465 6928/1678/4464
f 6538/1263/4315 6928/1678/4464 6927/1677/1544 6531/1256/4314
f 6928/1678/4464 6929/1679/4465 6924/1674/2891 6927/1677/1544
f 6917/1667/2885 6781/1518/4409 6817/1559/3799 6930/1680/1547
f 6930/1680/1547 6817/1559/3799 6814/1556/2814 6923/1673/4462
f 6911/1658/2882 6917/1667/2885 6930/1680/1547 6929/1679/4465
f 6929/1679/4465 6930/1680/1547 6923/1673/4462 6924/1674/2891
f 6553/1278/1170 6552/1277/1169 6931/1681/1548 6932/1682/2895
f 6552/1277/1169 6550/1275/2608 6933/1683/4466 6931/1681/1548
f 6932/1682/2895 6931/1681/1548 6934/1684/4467 6935/1685/2897
f 6931/1681/1548 6933/1683/4466 6936/1686/4468 6934/1684/4467
f 6548/1273/2606 6524/1249/1141 6925/1675/4463 6937/1687/1554
f 6937/1687/1554 6925/1675/4463 6921/1671/4460 6938/1688/4469
f 6550/1275/2608 6548/1273/2606 6937/1687/1554 6933/1683/4466
f 6933/1683/4466 6937/1687/1554 6938/1688/4469 6936/1686/4468
f 6811/1553/1428 6830/1572/4426 6939/1689/4470 6919/1669/4458
f 6830/1572/4426 6825/1567/1442 6940/1690/1557 6939/1689/4470
f 6919/1669/4458 6939/1689/4470 6938/1688/4469 6921/1671/4460
f 6939/1689/4470 6940/1690/1557 6936/1686/4468 6938/1688/4469
f 6822/1564/4421 6821/1563/4420 6941/1691/1558 6942/1692/1559
f 6942/1692/1559 6941/1691/1558 6935/1685/2897 6934/1684/4467
f 6825/1567/1442 6822/1564/4421 6942/1692/1559 6940/1690/1557
f 6940/1690/1557 6942/1692/1559 6934/1684/4467 6936/1686/4468
f 6696/1593/4376 6867/1693/2852 6943/1694/1560 6847/1594/2837
f 6867/1693/2852 6864/1695/2850 6944/1696/1561 6943/1694/1560
f 6847/1594/2837 6943/1694/1560 6945/1697/4471 6849/1596/4434
f 6943/1694/1560 6944/1696/1561 6946/1698/4472 6945/1697/4471
f 6862/1699/2848 6450/1281/1067 6557/1284/1174 6947/1700/4473
f 6947/1700/4473 6557/1284/1174 6560/1288/2613 6948/1701/4474
f 6864/1695/2850 6862/1699/2848 6947/1700/4473 6944/1696/1561
f 6944/1696/1561 6947/1700/4473 6948/1701/4474 6946/1698/4472
f 6553/1278/1170 6932/1682/2895 6949/1702/2904 6566/1295/2618
f 6932/1682/2895 6935/1685/2897 6950/1703/4475 6949/1702/2904
f 6566/1295/2618 6949/1702/2904 6948/1701/4474 6560/1288/2613
f 6949/1702/2904 6950/1703/4475 6946/1698/4472 6948/1701/4474
f 6941/1691/1558 6821/1563/4420 6852/1599/4435 6951/1704/4476
f 6951/1704/4476 6852/1599/4435 6849/1596/4434 6945/1697/4471
f 6935/1685/2897 6941/1691/1558 6951/1704/4476 6950/1703/4475
f 6950/1703/4475 6951/1704/4476 6945/1697/4471 6946/1698/4472
f 6711/1448/4386 6714/1451/4388 6952/1705/4477 6953/1706/2908
f 6714/1451/4388 6709/1446/4385 6954/1707/4478 6952/1705/4477
f 6953/1706/2908 6952/1705/4477 6955/1708/1572 6956/1709/3856
f 6952/1705/4477 6954/1707/4478 6957/1710/4479 6955/1708/1572
f 6707/1444/4383 6706/1443/1323 6958/1711/2912 6959/1712/2913
f 6959/1712/2913 6958/1711/2912 6960/1713/1577 6961/1714/3858
f 6709/1446/4385 6707/1444/4383 6959/1712/2913 6954/1707/4478
f 6954/1707/4478 6959/1712/2913 6961/1714/3858 6957/1710/4479
f 6578/1307/4324 6577/1306/3677 6962/1715/4480 6963/1716/1580
f 6577/1306/3677 6572/1301/3673 6964/1717/4481 6962/1715/4480
f 6963/1716/1580 6962/1715/4480 6961/1714/3858 6960/1713/1577
f 6962/1715/4480 6964/1717/4481 6957/1710/4479 6961/1714/3858
f 6569/1298/3670 6568/1297/2620 6965/1718/4482 6966/1719/2920
f 6966/1719/2920 6965/1718/4482 6956/1709/3856 6955/1708/1572
f 6572/1301/3673 6569/1298/3670 6966/1719/2920 6964/1717/4481
f 6964/1717/4481 6966/1719/2920 6955/1708/1572 6957/1710/4479
f 6588/1317/3685 6967/1720/3862 6968/1721/4483 6589/1318/4328
f 6967/1720/3862 6969/1722/1586 6970/1723/1587 6968/1721/4483
f 6589/1318/4328 6968/1721/4483 6971/1724/3863 6592/1321/3687
f 6968/1721/4483 6970/1723/1587 6972/1725/2924 6971/1724/3863
f 6973/1726/1590 6721/1458/2747 6724/1461/3750 6974/1727/3864
f 6974/1727/3864 6724/1461/3750 6728/1465/4391 6975/1728/4484
f 6969/1722/1586 6973/1726/1590 6974/1727/3864 6970/1723/1587
f 6970/1723/1587 6974/1727/3864 6975/1728/4484 6972/1725/2924
f 6711/1448/4386 6953/1706/2908 6976/1729/2927 6739/1476/4395
f 6953/1706/2908 6956/1709/3856 6977/1730/2928 6976/1729/2927
f 6739/1476/4395 6976/1729/2927 6975/1728/4484 6728/1465/4391
f 6976/1729/2927 6977/1730/2928 6972/1725/2924 6975/1728/4484
f 6965/1718/4482 6568/1297/2620 6597/1326/2645 6978/1731/1595
f 6978/1731/1595 6597/1326/2645 6592/1321/3687 6971/1724/3863
f 6956/1709/3856 6965/1718/4482 6978/1731/1595 6977/1730/2928
f 6977/1730/2928 6978/1731/1595 6971/1724/3863 6972/1725/2924
f 6758/1495/1375 6757/1494/2776 6979/1732/4485 6980/1733/4486
f 6757/1494/2776 6755/1492/4403 6981/1734/4487 6979/1732/4485
f 6980/1733/4486 6979/1732/4485 6982/1735/2931 6983/1736/1600
f 6979/1732/4485 6981/1734/4487 6984/1737/2933 6982/1735/2931
f 6753/1490/4401 6721/1458/2747 6973/1726/1590 6985/1738/4488
f 6985/1738/4488 6973/1726/1590 6969/1722/1586 6986/1739/1603
f 6755/1492/4403 6753/1490/4401 6985/1738/4488 6981/1734/4487
f 6981/1734/4487 6985/1738/4488 6986/1739/1603 6984/1737/2933
f 6588/1317/3685 6605/1334/2650 6987/1740/3867 6967/1720/3862
f 6605/1334/2650 6608/1337/3695 6988/1741/4489 6987/1740/3867
f 6967/1720/3862 6987/1740/3867 6986/1739/1603 6969/1722/1586
f 6987/1740/3867 6988/1741/4489 6984/1737/2933 6986/1739/1603
f 6618/1347/4343 6617/1346/4342 6989/1742/3869 6990/1743/2938
f 6990/1743/2938 6989/1742/3869 6983/1736/1600 6982/1735/2931
f 6608/1337/3695 6618/1347/4343 6990/1743/2938 6988/1741/4489
f 6988/1741/4489 6990/1743/2938 6982/1735/2931 6984/1737/2933
f 6627/1356/4348 6991/1744/2939 6992/1745/2940 6628/1357/4349
f 6991/1744/2939 6993/1746/4490 6994/1747/2942 6992/1745/2940
f 6628/1357/4349 6992/1745/2940 6995/1748/2943 6630/1359/4351
f 6992/1745/2940 6994/1747/2942 6996/1749/2944 6995/1748/2943
f 6997/1750/1614 6778/1515/4408 6777/1514/3776 6998/1751/2946
f 6998/1751/2946 6777/1514/3776 6775/1512/3774 6999/1752/4491
f 6993/1746/4490 6997/1750/1614 6998/1751/2946 6994/1747/2942
f 6994/1747/2942 6998/1751/2946 6999/1752/4491 6996/1749/2944
f 6758/1495/1375 6980/1733/4486 7000/1753/1617 6773/1510/3773
f 6980/1733/4486 6983/1736/1600 7001/1754/2948 7000/1753/1617
f 6773/1510/3773 7000/1753/1617 6999/1752/4491 6775/1512/3774
f 7000/1753/1617 7001/1754/2948 6996/1749/2944 6999/1752/4491
f 6989/1742/3869 6617/1346/4342 6633/1362/4354 7002/1755/4492
f 7002/1755/4492 6633/1362/4354 6630/1359/4351 6995/1748/2943
f 6983/1736/1600 6989/1742/3869 7002/1755/4492 7001/1754/2948
f 7001/1754/2948 7002/1755/4492 6995/1748/2943 6996/1749/2944
f 6798/1540/2802 6797/1539/1414 7003/1756/1620 7004/1757/1621
f 6797/1539/1414 6795/1537/3787 7005/1758/4493 7003/1756/1620
f 7004/1757/1621 7003/1756/1620 7006/1759/3873 7007/1760/3874
f 7003/1756/1620 7005/1758/4493 7008/1761/3875 7006/1759/3873
f 6793/1534/4413 6778/1533/4408 6997/1762/1614 7009/1763/3876
f 7009/1763/3876 6997/1762/1614 6993/1764/4490 7010/1765/2954
f 6795/1537/3787 6793/1534/4413 7009/1763/3876 7005/1758/4493
f 7005/1758/4493 7009/1763/3876 7010/1765/2954 7008/1761/3875
f 6627/1375/4348 6645/1374/3714 7011/1766/3878 6991/1767/2939
f 6645/1374/3714 6640/1369/2677 7012/1768/2956 7011/1766/3878
f 6991/1767/2939 7011/1766/3878 7010/1765/2954 6993/1764/4490
f 7011/1766/3878 7012/1768/2956 7008/1761/3875 7010/1765/2954
f 6637/1366/4355 6636/1365/2673 7013/1769/4494 7014/1770/3879
f 7014/1770/3879 7013/1769/4494 7007/1760/3874 7006/1759/3873
f 6640/1369/2677 6637/1366/4355 7014/1770/3879 7012/1768/2956
f 7012/1768/2956 7014/1770/3879 7006/1759/3873 7008/1761/3875
f 6659/1392/2692 7015/1771/2958 7016/1772/4495 6660/1393/4361
f 7015/1771/2958 7017/1773/2960 7018/1774/3882 7016/1772/4495
f 6660/1393/4361 7016/1772/4495 7019/1775/4496 6662/1395/1279
f 7016/1772/4495 7018/1774/3882 7020/1776/4497 7019/1775/4496
f 7021/1777/1638 6801/1543/3791 6804/1546/4418 7022/1778/2963
f 7022/1778/2963 6804/1546/4418 6808/1550/1425 7023/1779/4498
f 7017/1773/2960 7021/1777/1638 7022/1778/2963 7018/1774/3882
f 7018/1774/3882 7022/1778/2963 7023/1779/4498 7020/1776/4497
f 6798/1540/2802 7004/1757/1621 7024/1780/2965 6819/1561/1436
f 7004/1757/1621 7007/1760/3874 7025/1781/1642 7024/1780/2965
f 6819/1561/1436 7024/1780/2965 7023/1779/4498 6808/1550/1425
f 7024/1780/2965 7025/1781/1642 7020/1776/4497 7023/1779/4498
f 7013/1769/4494 6636/1365/2673 6665/1398/2698 7026/1782/3885
f 7026/1782/3885 6665/1398/2698 6662/1395/1279 7019/1775/4496
f 7007/1760/3874 7013/1769/4494 7026/1782/3885 7025/1781/1642
f 7025/1781/1642 7026/1782/3885 7019/1775/4496 7020/1776/4497
f 6838/1580/1455 6837/1579/3806 7027/1783/3886 7028/1784/2969
f 6837/1579/3806 6835/1577/4428 7029/1785/2970 7027/1783/3886
f 7028/1784/2969 7027/1783/3886 7030/1786/4499 7031/1787/4500
f 7027/1783/3886 7029/1785/2970 7032/1788/4501 7030/1786/4499
f 6833/1575/1450 6801/1543/3791 7021/1777/1638 7033/1789/4502
f 7033/1789/4502 7021/1777/1638 7017/1773/2960 7034/1790/4503
f 6835/1577/4428 6833/1575/1450 7033/1789/4502 7029/1785/2970
f 7029/1785/2970 7033/1789/4502 7034/1790/4503 7032/1788/4501
f 6659/1392/2692 6677/1410/4367 7035/1791/4504 7015/1771/2958
f 6677/1410/4367 6672/1405/4365 7036/1792/1653 7035/1791/4504
f 7015/1771/2958 7035/1791/4504 7034/1790/4503 7017/1773/2960
f 7035/1791/4504 7036/1792/1653 7032/1788/4501 7034/1790/4503
f 6669/1402/2702 6668/1401/2701 7037/1793/2975 7038/1794/4505
f 7038/1794/4505 7037/1793/2975 7031/1787/4500 7030/1786/4499
f 6672/1405/4365 6669/1402/2702 7038/1794/4505 7036/1792/1653
f 7036/1792/1653 7038/1794/4505 7030/1786/4499 7032/1788/4501
f 6578/1424/4324 6963/1795/1580 7039/1796/2977 6688/1425/4371
f 6963/1795/1580 6960/1797/1577 7040/1798/3892 7039/1796/2977
f 6688/1425/4371 7039/1796/2977 7041/1799/3893 6690/1427/2720
f 7039/1796/2977 7040/1798/3892 7042/1800/3894 7041/1799/3893
f 6958/1801/2912 6706/1583/1323 6842/1586/4431 7043/1802/1660
f 7043/1802/1660 6842/1586/4431 6845/1590/4433 7044/1803/4506
f 6960/1797/1577 6958/1801/2912 7043/1802/1660 7040/1798/3892
f 7040/1798/3892 7043/1802/1660 7044/1803/4506 7042/1800/3894
f 6838/1580/1455 7028/1784/2969 7045/1804/2982 6854/1601/3816
f 7028/1784/2969 7031/1787/4500 7046/1805/2983 7045/1804/2982
f 6854/1601/3816 7045/1804/2982 7044/1803/4506 6845/1590/4433
f 7045/1804/2982 7046/1805/2983 7042/1800/3894 7044/1803/4506
f 7037/1793/2975 6668/1401/2701 6693/1430/2723 7047/1806/2984
f 7047/1806/2984 6693/1430/2723 6690/1427/2720 7041/1799/3893
f 7031/1787/4500 7037/1793/2975 7047/1806/2984 7046/1805/2983
f 7046/1805/2983 7047/1806/2984 7041/1799/3893 7042/1800/3894
f 5393/11/1800 7048/1807/3896 7049/1808/4507 5394/12/1801
f 7048/1807/3896 7050/1809/2987 7051/1810/1668 7049/1808/4507
f 5394/12/1801 7049/1808/4507 7052/1811/1669 5396/14/14
f 7049/1808/4507 7051/1810/1668 7053/1812/1670 7052/1811/1669
f 7054/1813/1671 5884/530/4124 5887/533/504 7055/1814/2989
f 7055/1814/2989 5887/533/504 5882/528/499 7056/1815/1673
f 7050/1809/2987 7054/1813/1671 7055/1814/2989 7051/1810/1668
f 7051/1810/1668 7055/1814/2989 7056/1815/1673 7053/1812/1670
f 5879/525/4122 7057/1816/4508 7058/1817/1675 5880/526/4123
f 7057/1816/4508 7059/1818/4509 7060/1819/2992 7058/1817/1675
f 5880/526/4123 7058/1817/1675 7056/1815/1673 5882/528/499
f 7058/1817/1675 7060/1819/2992 7053/1812/1670 7056/1815/1673
f 7061/1820/4510 5398/16/1804 5401/19/3069 7062/1821/1679
f 7062/1821/1679 5401/19/3069 5396/14/14 7052/1811/1669
f 7059/1818/4509 7061/1820/4510 7062/1821/1679 7060/1819/2992
f 7060/1819/2992 7062/1821/1679 7052/1811/1669 7053/1812/1670
f 5418/36/3966 7063/1822/1680 7064/1823/4511 5419/37/37
f 7063/1822/1680 7065/1824/4512 7066/1825/1683 7064/1823/4511
f 5419/37/37 7064/1823/4511 7067/1826/4513 5421/39/3967
f 7064/1823/4511 7066/1825/1683 7068/1827/4514 7067/1826/4513
f 7069/1828/4515 5900/546/517 5903/549/4137 7070/1829/4516
f 7070/1829/4516 5903/549/4137 5898/544/4135 7071/1830/1688
f 7065/1824/4512 7069/1828/4515 7070/1829/4516 7066/1825/1683
f 7066/1825/1683 7070/1829/4516 7071/1830/1688 7068/1827/4514
f 5884/530/4124 7054/1813/1671 7072/1831/1689 5896/542/4133
f 7054/1813/1671 7050/1809/2987 7073/1832/4517 7072/1831/1689
f 5896/542/4133 7072/1831/1689 7071/1830/1688 5898/544/4135
f 7072/1831/1689 7073/1832/4517 7068/1827/4514 7071/1830/1688
f 7048/1807/3896 5393/11/1800 5424/42/42 7074/1833/1691
f 7074/1833/1691 5424/42/42 5421/39/3967 7067/1826/4513
f 7050/1809/2987 7048/1807/3896 7074/1833/1691 7073/1832/4517
f 7073/1832/4517 7074/1833/1691 7067/1826/4513 7068/1827/4514
f 5916/562/4143 5919/565/4146 7075/1834/3003 7076/1835/1693
f 5919/565/4146 5914/560/4142 7077/1836/1694 7075/1834/3003
f 7076/1835/1693 7075/1834/3003 7078/1837/3004 7079/1838/4518
f 7075/1834/3003 7077/1836/1694 7080/1839/3006 7078/1837/3004
f 5912/558/4140 5900/546/517 7069/1828/4515 7081/1840/4519
f 7081/1840/4519 7069/1828/4515 7065/1824/4512 7082/1841/4520
f 5914/560/4142 5912/558/4140 7081/1840/4519 7077/1836/1694
f 7077/1836/1694 7081/1840/4519 7082/1841/4520 7080/1839/3006
f 5418/36/3966 5446/64/64 7083/1842/1700 7063/1822/1680
f 5446/64/64 5444/62/1826 7084/1843/1701 7083/1842/1700
f 7063/1822/1680 7083/1842/1700 7082/1841/4520 7065/1824/4512
f 7083/1842/1700 7084/1843/1701 7080/1839/3006 7082/1841/4520
f 5441/59/1824 5440/58/3971 7085/1844/1702 7086/1845/4521
f 7086/1845/4521 7085/1844/1702 7079/1838/4518 7078/1837/3004
f 5444/62/1826 5441/59/1824 7086/1845/4521 7084/1843/1701
f 7084/1843/1701 7086/1845/4521 7078/1837/3004 7080/1839/3006
f 5932/578/3333 5935/581/4152 7087/1846/3009 7088/1847/1705
f 5935/581/4152 5930/576/4150 7089/1848/4522 7087/1846/3009
f 7088/1847/1705 7087/1846/3009 7090/1849/4523 7091/1850/3012
f 7087/1846/3009 7089/1848/4522 7092/1851/3013 7090/1849/4523
f 5928/574/545 5916/562/4143 7076/1835/1693 7093/1852/4524
f 7093/1852/4524 7076/1835/1693 7079/1838/4518 7094/1853/1711
f 5930/576/4150 5928/574/545 7093/1852/4524 7089/1848/4522
f 7089/1848/4522 7093/1852/4524 7094/1853/1711 7092/1851/3013
f 5440/58/3971 5466/84/1843 7095/1854/4525 7085/1844/1702
f 5466/84/1843 5464/82/1842 7096/1855/4526 7095/1854/4525
f 7085/1844/1702 7095/1854/4525 7094/1853/1711 7079/1838/4518
f 7095/1854/4525 7096/1855/4526 7092/1851/3013 7094/1853/1711
f 5461/79/79 5460/78/1838 7097/1856/4527 7098/1857/3920
f 7098/1857/3920 7097/1856/4527 7091/1850/3012 7090/1849/4523
f 5464/82/1842 5461/79/79 7098/1857/3920 7096/1855/4526
f 7096/1855/4526 7098/1857/3920 7090/1849/4523 7092/1851/3013
f 5948/598/565 5951/601/2183 7099/1858/3019 7100/1859/4528
f 5951/601/2183 5946/596/4157 7101/1860/3020 7099/1858/3019
f 7100/1859/4528 7099/1858/3019 7102/1861/1719 7103/1862/4529
f 7099/1858/3019 7101/1860/3020 7104/1863/1721 7102/1861/1719
f 5944/594/2176 5932/593/3333 7088/1864/1705 7105/1865/3021
f 7105/1865/3021 7088/1864/1705 7091/1866/3012 7106/1867/4530
f 5946/596/4157 5944/594/2176 7105/1865/3021 7101/1860/3020
f 7101/1860/3020 7105/1865/3021 7106/1867/4530 7104/1863/1721
f 5460/108/1838 5486/107/1858 7107/1868/1724 7097/1869/4527
f 5486/107/1858 5484/105/3985 7108/1870/3923 7107/1868/1724
f 7097/1869/4527 7107/1868/1724 7106/1867/4530 7091/1866/3012
f 7107/1868/1724 7108/1870/3923 7104/1863/1721 7106/1867/4530
f 5481/102/1854 5480/101/3983 7109/1871/4531 7110/1872/4532
f 7110/1872/4532 7109/1871/4531 7103/1862/4529 7102/1861/1719
f 5484/105/3985 5481/102/1854 7110/1872/4532 7108/1870/3923
f 7108/1870/3923 7110/1872/4532 7102/1861/1719 7104/1863/1721
f 5964/614/4165 5967/617/584 7111/1873/1728 7112/1874/4533
f 5967/617/584 5962/612/2190 7113/1875/3027 7111/1873/1728
f 7112/1874/4533 7111/1873/1728 7114/1876/4534 7115/1877/4535
f 7111/1873/1728 7113/1875/3027 7116/1878/4536 7114/1876/4534
f 5960/610/2188 5948/598/565 7100/1859/4528 7117/1879/4537
f 7117/1879/4537 7100/1859/4528 7103/1862/4529 7118/1880/3031
f 5962/612/2190 5960/610/2188 7117/1879/4537 7113/1875/3027
f 7113/1875/3027 7117/1879/4537 7118/1880/3031 7116/1878/4536
f 5480/101/3983 5506/129/124 7119/1881/1736 7109/1871/4531
f 5506/129/124 5504/127/122 7120/1882/4538 7119/1881/1736
f 7109/1871/4531 7119/1881/1736 7118/1880/3031 7103/1862/4529
f 7119/1881/1736 7120/1882/4538 7116/1878/4536 7118/1880/3031
f 5501/124/119 5500/123/1867 7121/1883/3932 7122/1884/3933
f 7122/1884/3933 7121/1883/3932 7115/1877/4535 7114/1876/4534
f 5504/127/122 5501/124/119 7122/1884/3933 7120/1882/4538
f 7120/1882/4538 7122/1884/3933 7114/1876/4534 7116/1878/4536
f 5518/141/136 7123/1885/1740 7124/1886/4539 5519/142/3991
f 7123/1885/1740 7125/1887/1742 7126/1888/4540 7124/1886/4539
f 5519/142/3991 7124/1886/4539 7127/1889/4541 5521/144/3992
f 7124/1886/4539 7126/1888/4540 7128/1890/4542 7127/1889/4541
f 7129/1891/1746 5980/630/2201 5983/633/4173 7130/1892/1747
f 7130/1892/1747 5983/633/4173 5978/628/595 7131/1893/4543
f 7125/1887/1742 7129/1891/1746 7130/1892/1747 7126/1888/4540
f 7126/1888/4540 7130/1892/1747 7131/1893/4543 7128/1890/4542
f 5964/614/4165 7112/1874/4533 7132/1894/1749 5976/626/593
f 7112/1874/4533 7115/1877/4535 7133/1895/1750 7132/1894/1749
f 5976/626/593 7132/1894/1749 7131/1893/4543 5978/628/595
f 7132/1894/1749 7133/1895/1750 7128/1890/4542 7131/1893/4543
f 7121/1883/3932 5500/123/1867 5524/147/1884 7134/1896/4544
f 7134/1896/4544 5524/147/1884 5521/144/3992 7127/1889/4541
f 7115/1877/4535 7121/1883/3932 7134/1896/4544 7133/1895/1750
f 7133/1895/1750 7134/1896/4544 7127/1889/4541 7128/1890/4542
f 5398/161/1804 7061/1897/4510 7135/1898/1752 5534/162/152
f 7061/1897/4510 7059/1899/4509 7136/1900/1753 7135/1898/1752
f 5534/162/152 7135/1898/1752 7137/1901/1754 5536/164/1890
f 7135/1898/1752 7136/1900/1753 7138/1902/1755 7137/1901/1754
f 7057/1903/4508 5879/646/4122 5997/649/2211 7139/1904/3041
f 7139/1904/3041 5997/649/2211 5994/644/611 7140/1905/1757
f 7059/1899/4509 7057/1903/4508 7139/1904/3041 7136/1900/1753
f 7136/1900/1753 7139/1904/3041 7140/1905/1757 7138/1902/1755
f 5980/630/2201 7129/1891/1746 7141/1906/4545 5992/642/2209
f 7129/1891/1746 7125/1887/1742 7142/1907/4546 7141/1906/4545
f 5992/642/2209 7141/1906/4545 7140/1905/1757 5994/644/611
f 7141/1906/4545 7142/1907/4546 7138/1902/1755 7140/1905/1757
f 7123/1885/1740 5518/141/136 5539/167/3144 7143/1908/1760
f 7143/1908/1760 5539/167/3144 5536/164/1890 7137/1901/1754
f 7125/1887/1742 7123/1885/1740 7143/1908/1760 7142/1907/4546
f 7142/1907/4546 7143/1908/1760 7137/1901/1754 7138/1902/1755
f 5435/53/1819 5434/52/52 7144/1909/1761 5448/66/66
f 5434/52/52 5430/48/48 7145/1910/3045 7144/1909/1761
f 5448/66/66 7144/1909/1761 7146/1911/1763 5450/68/3974
f 7144/1909/1761 7145/1910/3045 7147/1912/3047 7146/1911/1763
f 5428/46/3968 5408/26/3962 7148/1913/4547 7149/1914/4548
f 7149/1914/4548 7148/1913/4547 7150/1915/1767 7151/1916/1768
f 5430/48/48 5428/46/3968 7149/1914/4548 7145/1910/3045
f 7145/1910/3045 7149/1914/4548 7151/1916/1768 7147/1912/3047
f 5551/1917/169 5554/1918/172 7152/1919/1769 7153/1920/1770
f 5554/1918/172 5549/1921/167 7154/1922/1771 7152/1919/1769
f 7153/1920/1770 7152/1919/1769 7151/1916/1768 7150/1915/1767
f 7152/1919/1769 7154/1922/1771 7147/1912/3047 7151/1916/1768
f 5547/1923/165 5455/73/73 5454/72/72 7155/1924/1772
f 7155/1924/1772 5454/72/72 5450/68/3974 7146/1911/1763
f 5549/1921/167 5547/1923/165 7155/1924/1772 7154/1922/1771
f 7154/1922/1771 7155/1924/1772 7146/1911/1763 7147/1912/3047
f 5383/1/1 5386/4/3062 7156/1925/1773 5426/44/44
f 5386/4/3062 5390/8/1798 7157/1926/1774 7156/1925/1773
f 5426/44/44 7156/1925/1773 7158/1927/4549 5415/33/33
f 7156/1925/1773 7157/1926/1774 7159/1928/1776 7158/1927/4549
f 5406/24/1809 5405/23/1808 7160/1929/1777 7161/1930/3051
f 7161/1930/3051 7160/1929/1777 7162/1931/4550 7163/1932/3953
f 5390/8/1798 5406/24/1809 7161/1930/3051 7157/1926/1774
f 7157/1926/1774 7161/1930/3051 7163/1932/3953 7159/1928/1776
f 5551/1917/169 7153/1920/1770 7164/1933/1781 7165/1934/3053
f 7153/1920/1770 7150/1915/1767 7166/1935/3954 7164/1933/1781
f 7165/1934/3053 7164/1933/1781 7163/1932/3953 7162/1931/4550
f 7164/1933/1781 7166/1935/3954 7159/1928/1776 7163/1932/3953
f 7148/1913/4547 5408/26/3962 5411/29/3964 7167/1936/1784
f 7167/1936/1784 5411/29/3964 5415/33/33 7158/1927/4549
f 7150/1915/1767 7148/1913/4547 7167/1936/1784 7166/1935/3954
f 7166/1935/3954 7167/1936/1784 7158/1927/4549 7159/1928/1776
f 5551/179/169 7165/1937/3053 7168/1938/1785 5552/180/4000
f 7165/1937/3053 7162/1939/4550 7169/1940/4551 7168/1938/1785
f 5552/180/4000 7168/1938/1785 7170/1941/1787 5555/183/4002
f 7168/1938/1785 7169/1940/4551 7171/1942/1788 7170/1941/1787
f 7160/1943/1777 5405/151/1808 5529/154/3993 7172/1944/1789
f 7172/1944/1789 5529/154/3993 5532/158/3996 7173/1945/3958
f 7162/1939/4550 7160/1943/1777 7172/1944/1789 7169/1940/4551
f 7169/1940/4551 7172/1944/1789 7173/1945/3958 7171/1942/1788
f 5508/131/3988 5511/134/1874 7174/1946/4552 5541/169/3998
f 5511/134/1874 5515/138/3125 7175/1947/3057 7174/1946/4552
f 5541/169/3998 7174/1946/4552 7173/1945/3958 5532/158/3996
f 7174/1946/4552 7175/1947/3057 7171/1942/1788 7173/1945/3958
f 5526/149/144 5495/118/3987 5557/185/3156 7176/1948/1793
f 7176/1948/1793 5557/185/3156 5555/183/4002 7170/1941/1787
f 5515/138/3125 5526/149/144 7176/1948/1793 7175/1947/3057
f 7175/1947/3057 7176/1948/1793 7170/1941/1787 7171/1942/1788
f 7177/1/4553 7178/2/3060 7179/3/4554 7180/4/4555
f 7178/2/3060 7181/5/4556 7182/6/3063 7179/3/4554
f 7180/4/4555 7179/3/4554 7183/7/1797 7184/8/4557
f 7179/3/4554 7182/6/3063 7185/9/9 7183/7/1797
f 7186/10/10 7187/11/1800 7188/12/3065 7189/13/4558
f 7189/13/4558 7188/12/3065 7190/14/14 7191/15/4559
f 7181/5/4556 7186/10/10 7189/13/4558 7182/6/3063
f 7182/6/3063 7189/13/4558 7191/15/4559 7185/9/9
f 7192/16/1804 7193/17/1805 7194/18/4560 7195/19/19
f 7193/17/1805 7196/20/1807 7197/21/21 7194/18/4560
f 7195/19/19 7194/18/4560 7191/15/4559 7190/14/14
f 7194/18/4560 7197/21/21 7185/9/9 7191/15/4559
f 7198/22/4561 7199/23/4562 7200/24/4563 7201/25/4564
f 7201/25/4564 7200/24/4563 7184/8/4557 7183/7/1797
f 7196/20/1807 7198/22/4561 7201/25/4564 7197/21/21
f 7197/21/21 7201/25/4564 7183/7/1797 7185/9/9
f 7202/26/26 7203/27/4565 7204/28/3963 7205/29/1812
f 7203/27/4565 7206/30/1813 7207/31/31 7204/28/3963
f 7205/29/1812 7204/28/3963 7208/32/4566 7209/33/33
f 7204/28/3963 7207/31/31 7210/34/4567 7208/32/4566
f 7211/35/4568 7212/36/4569 7213/37/37 7214/38/1815
f 7214/38/1815 7213/37/37 7215/39/39 7216/40/4570
f 7206/30/1813 7211/35/4568 7214/38/1815 7207/31/31
f 7207/31/31 7214/38/1815 7216/40/4570 7210/34/4567
f 7187/11/1800 7186/10/10 7217/41/41 7218/42/4571
f 7186/10/10 7181/5/4556 7219/43/4572 7217/41/41
f 7218/42/4571 7217/41/41 7216/40/4570 7215/39/39
f 7217/41/41 7219/43/4572 7210/34/4567 7216/40/4570
f 7178/2/3060 7177/1/4553 7220/44/44 7221/45/3079
f 7221/45/3079 7220/44/44 7209/33/33 7208/32/4566
f 7181/5/4556 7178/2/3060 7221/45/3079 7219/43/4572
f 7219/43/4572 7221/45/3079 7208/32/4566 7210/34/4567
f 7202/26/26 7222/46/46 7223/47/47 7203/27/4565
f 7222/46/46 7224/48/48 7225/49/49 7223/47/47
f 7203/27/4565 7223/47/47 7226/50/3969 7206/30/1813
f 7223/47/47 7225/49/49 7227/51/51 7226/50/3969
f 7228/52/52 7229/53/1819 7230/54/4573 7231/55/55
f 7231/55/55 7230/54/4573 7232/56/4574 7233/57/4575
f 7224/48/48 7228/52/52 7231/55/55 7225/49/49
f 7225/49/49 7231/55/55 7233/57/4575 7227/51/51
f 7234/58/1823 7235/59/4576 7236/60/4577 7237/61/61
f 7235/59/4576 7238/62/62 7239/63/4578 7236/60/4577
f 7237/61/61 7236/60/4577 7233/57/4575 7232/56/4574
f 7236/60/4577 7239/63/4578 7227/51/51 7233/57/4575
f 7240/64/64 7212/36/4569 7211/35/4568 7241/65/4579
f 7241/65/4579 7211/35/4568 7206/30/1813 7226/50/3969
f 7238/62/62 7240/64/64 7241/65/4579 7239/63/4578
f 7239/63/4578 7241/65/4579 7226/50/3969 7227/51/51
f 7229/53/1819 7242/66/4580 7243/67/4581 7230/54/4573
f 7242/66/4580 7244/68/4582 7245/69/4583 7243/67/4581
f 7230/54/4573 7243/67/4581 7246/70/70 7232/56/4574
f 7243/67/4581 7245/69/4583 7247/71/3975 7246/70/70
f 7248/72/72 7249/73/73 7250/74/4584 7251/75/4585
f 7251/75/4585 7250/74/4584 7252/76/1836 7253/77/77
f 7244/68/4582 7248/72/72 7251/75/4585 7245/69/4583
f 7245/69/4583 7251/75/4585 7253/77/77 7247/71/3975
f 7254/78/1838 7255/79/4586 7256/80/1840 7257/81/3978
f 7255/79/4586 7258/82/1842 7259/83/4587 7256/80/1840
f 7257/81/3978 7256/80/1840 7253/77/77 7252/76/1836
f 7256/80/1840 7259/83/4587 7247/71/3975 7253/77/77
f 7260/84/4588 7234/58/1823 7237/61/61 7261/85/85
f 7261/85/85 7237/61/61 7232/56/4574 7246/70/70
f 7258/82/1842 7260/84/4588 7261/85/85 7259/83/4587
f 7259/83/4587 7261/85/85 7246/70/70 7247/71/3975
f 7249/86/73 7262/87/4589 7263/88/87 7250/89/4584
f 7262/87/4589 7264/90/88 7265/91/4590 7263/88/87
f 7250/89/4584 7263/88/87 7266/92/4591 7252/93/1836
f 7263/88/87 7265/91/4590 7267/94/4592 7266/92/4591
f 7268/95/3980 7269/96/4593 7270/97/1849 7271/98/4594
f 7271/98/4594 7270/97/1849 7272/99/96 7273/100/97
f 7264/90/88 7268/95/3980 7271/98/4594 7265/91/4590
f 7265/91/4590 7271/98/4594 7273/100/97 7267/94/4592
f 7274/101/98 7275/102/1854 7276/103/3105 7277/104/1855
f 7275/102/1854 7278/105/1856 7279/106/3107 7276/103/3105
f 7277/104/1855 7276/103/3105 7273/100/97 7272/99/96
f 7276/103/3105 7279/106/3107 7267/94/4592 7273/100/97
f 7280/107/1858 7254/108/1838 7257/109/3978 7281/110/4595
f 7281/110/4595 7257/109/3978 7252/93/1836 7266/92/4591
f 7278/105/1856 7280/107/1858 7281/110/4595 7279/106/3107
f 7279/106/3107 7281/110/4595 7266/92/4591 7267/94/4592
f 7269/96/4593 7282/111/1860 7283/112/107 7270/97/1849
f 7282/111/1860 7284/113/1862 7285/114/4596 7283/112/107
f 7270/97/1849 7283/112/107 7286/115/4597 7272/99/96
f 7283/112/107 7285/114/4596 7287/116/111 7286/115/4597
f 7288/117/3112 7289/118/4598 7290/119/4599 7291/120/4600
f 7291/120/4600 7290/119/4599 7292/121/116 7293/122/4601
f 7284/113/1862 7288/117/3112 7291/120/4600 7285/114/4596
f 7285/114/4596 7291/120/4600 7293/122/4601 7287/116/111
f 7294/123/1867 7295/124/119 7296/125/120 7297/126/4602
f 7295/124/119 7298/127/3118 7299/128/1870 7296/125/120
f 7297/126/4602 7296/125/120 7293/122/4601 7292/121/116
f 7296/125/120 7299/128/1870 7287/116/111 7293/122/4601
f 7300/129/4603 7274/101/98 7277/104/1855 7301/130/125
f 7301/130/125 7277/104/1855 7272/99/96 7286/115/4597
f 7298/127/3118 7300/129/4603 7301/130/125 7299/128/1870
f 7299/128/1870 7301/130/125 7286/115/4597 7287/116/111
f 7302/131/4604 7303/132/4605 7304/133/3989 7305/134/1874
f 7303/132/4605 7306/135/130 7307/136/4606 7304/133/3989
f 7305/134/1874 7304/133/3989 7308/137/4607 7309/138/1877
f 7304/133/3989 7307/136/4606 7310/139/4608 7308/137/4607
f 7311/140/4609 7312/141/136 7313/142/3991 7314/143/138
f 7314/143/138 7313/142/3991 7315/144/1881 7316/145/140
f 7306/135/130 7311/140/4609 7314/143/138 7307/136/4606
f 7307/136/4606 7314/143/138 7316/145/140 7310/139/4608
f 7294/123/1867 7297/126/4602 7317/146/1883 7318/147/4610
f 7297/126/4602 7292/121/116 7319/148/4611 7317/146/1883
f 7318/147/4610 7317/146/1883 7316/145/140 7315/144/1881
f 7317/146/1883 7319/148/4611 7310/139/4608 7316/145/140
f 7290/119/4599 7289/118/4598 7320/149/4612 7321/150/4613
f 7321/150/4613 7320/149/4612 7309/138/1877 7308/137/4607
f 7292/121/116 7290/119/4599 7321/150/4613 7319/148/4611
f 7319/148/4611 7321/150/4613 7308/137/4607 7310/139/4608
f 7199/151/4562 7198/152/4561 7322/153/4614 7323/154/4615
f 7198/152/4561 7196/155/1807 7324/156/3136 7322/153/4614
f 7323/154/4615 7322/153/4614 7325/157/4616 7326/158/4617
f 7322/153/4614 7324/156/3136 7327/159/4618 7325/157/4616
f 7193/160/1805 7192/161/1804 7328/162/4619 7329/163/4620
f 7329/163/4620 7328/162/4619 7330/164/1890 7331/165/1891
f 7196/155/1807 7193/160/1805 7329/163/4620 7324/156/3136
f 7324/156/3136 7329/163/4620 7331/165/1891 7327/159/4618
f 7312/141/136 7311/140/4609 7332/166/3143 7333/167/4621
f 7311/140/4609 7306/135/130 7334/168/4622 7332/166/3143
f 7333/167/4621 7332/166/3143 7331/165/1891 7330/164/1890
f 7332/166/3143 7334/168/4622 7327/159/4618 7331/165/1891
f 7303/132/4605 7302/131/4604 7335/169/1893 7336/170/160
f 7336/170/160 7335/169/1893 7326/158/4617 7325/157/4616
f 7306/135/130 7303/132/4605 7336/170/160 7334/168/4622
f 7334/168/4622 7336/170/160 7325/157/4616 7327/159/4618
f 7269/96/4593 7268/95/3980 7337/171/1895 7282/111/1860
f 7268/95/3980 7264/90/88 7338/172/162 7337/171/1895
f 7282/111/1860 7337/171/1895 7339/173/163 7284/113/1862
f 7337/171/1895 7338/172/162 7340/174/3149 7339/173/163
f 7262/87/4589 7249/86/73 7341/175/165 7342/176/1898
f 7342/176/1898 7341/175/165 7343/177/1899 7344/178/168
f 7264/90/88 7262/87/4589 7342/176/1898 7338/172/162
f 7338/172/162 7342/176/1898 7344/178/168 7340/174/3149
f 7345/179/1900 7346/180/3152 7347/181/1901 7348/182/172
f 7346/180/3152 7349/183/4623 7350/184/1902 7347/181/1901
f 7348/182/172 7347/181/1901 7344/178/168 7343/177/1899
f 7347/181/1901 7350/184/1902 7340/174/3149 7344/178/168
f 7351/185/4624 7289/118/4598 7288/117/3112 7352/186/176
f 7352/186/176 7288/117/3112 7284/113/1862 7339/173/163
f 7349/183/4623 7351/185/4624 7352/186/176 7350/184/1902
f 7350/184/1902 7352/186/176 7339/173/163 7340/174/3149
f 7353/187/4625 7354/188/178 7355/189/4626 7356/190/4627
f 7354/188/178 7357/191/4628 7358/192/4629 7355/189/4626
f 7356/190/4627 7355/189/4626 7359/193/1907 7360/194/4630
f 7355/189/4626 7358/192/4629 7361/195/4631 7359/193/1907
f 7362/196/4632 7363/197/1910 7364/198/188 7365/199/4633
f 7365/199/4633 7364/198/188 7366/200/4006 7367/201/4634
f 7357/191/4628 7362/196/4632 7365/199/4633 7358/192/4629
f 7358/192/4629 7365/199/4633 7367/201/4634 7361/195/4631
f 7368/202/4635 7369/203/4636 7370/204/194 7371/205/4007
f 7369/203/4636 7372/206/196 7373/207/4637 7370/204/194
f 7371/205/4007 7370/204/194 7367/201/4634 7366/200/4006
f 7370/204/194 7373/207/4637 7361/195/4631 7367/201/4634
f 7374/208/4638 7375/209/1917 7376/210/4639 7377/211/4008
f 7377/211/4008 7376/210/4639 7360/194/4630 7359/193/1907
f 7372/206/196 7374/208/4638 7377/211/4008 7373/207/4637
f 7373/207/4637 7377/211/4008 7359/193/1907 7361/195/4631
f 7378/212/4640 7379/213/1918 7380/214/4641 7381/215/205
f 7379/213/1918 7382/216/206 7383/217/4642 7380/214/4641
f 7381/215/205 7380/214/4641 7384/218/1919 7385/219/1920
f 7380/214/4641 7383/217/4642 7386/220/4643 7384/218/1919
f 7387/221/211 7388/222/4013 7389/223/213 7390/224/4644
f 7390/224/4644 7389/223/213 7391/225/215 7392/226/216
f 7382/216/206 7387/221/211 7390/224/4644 7383/217/4642
f 7383/217/4642 7390/224/4644 7392/226/216 7386/220/4643
f 7393/227/4645 7394/228/4646 7395/229/4647 7396/230/1926
f 7394/228/4646 7397/231/221 7398/232/1928 7395/229/4647
f 7396/230/1926 7395/229/4647 7392/226/216 7391/225/215
f 7395/229/4647 7398/232/1928 7386/220/4643 7392/226/216
f 7399/233/223 7400/234/224 7401/235/1931 7402/236/4648
f 7402/236/4648 7401/235/1931 7385/219/1920 7384/218/1919
f 7397/231/221 7399/233/223 7402/236/4648 7398/232/1928
f 7398/232/1928 7402/236/4648 7384/218/1919 7386/220/4643
f 7403/237/4649 7404/238/228 7405/239/4650 7406/240/1935
f 7404/238/228 7407/241/4019 7408/242/4651 7405/239/4650
f 7406/240/1935 7405/239/4650 7409/243/4652 7410/244/1937
f 7405/239/4650 7408/242/4651 7411/245/4653 7409/243/4652
f 7412/246/236 7378/212/4640 7381/215/205 7413/247/1939
f 7413/247/1939 7381/215/205 7385/219/1920 7414/248/1940
f 7407/241/4019 7412/246/236 7413/247/1939 7408/242/4651
f 7408/242/4651 7413/247/1939 7414/248/1940 7411/245/4653
f 7400/234/224 7415/249/4654 7416/250/240 7401/235/1931
f 7415/249/4654 7417/251/1943 7418/252/1944 7416/250/240
f 7401/235/1931 7416/250/240 7414/248/1940 7385/219/1920
f 7416/250/240 7418/252/1944 7411/245/4653 7414/248/1940
f 7419/253/243 7420/254/4655 7421/255/4656 7422/256/4657
f 7422/256/4657 7421/255/4656 7410/244/1937 7409/243/4652
f 7417/251/1943 7419/253/243 7422/256/4657 7418/252/1944
f 7418/252/1944 7422/256/4657 7409/243/4652 7411/245/4653
f 7403/237/4649 7406/240/1935 7423/257/4023 7424/258/3190
f 7406/240/1935 7410/244/1937 7425/259/249 7423/257/4023
f 7424/258/3190 7423/257/4023 7426/260/4658 7427/261/4659
f 7423/257/4023 7425/259/249 7428/262/4660 7426/260/4658
f 7421/255/4656 7420/254/4655 7429/263/253 7430/264/4661
f 7430/264/4661 7429/263/253 7431/265/1956 7432/266/4662
f 7410/244/1937 7421/255/4656 7430/264/4661 7425/259/249
f 7425/259/249 7430/264/4661 7432/266/4662 7428/262/4660
f 7433/267/257 7434/268/4663 7435/269/1958 7436/270/260
f 7434/268/4663 7437/271/4664 7438/272/262 7435/269/1958
f 7436/270/260 7435/269/1958 7432/266/4662 7431/265/1956
f 7435/269/1958 7438/272/262 7428/262/4660 7432/266/4662
f 7439/273/4665 7440/274/4666 7441/275/1962 7442/276/4667
f 7442/276/4667 7441/275/1962 7427/261/4659 7426/260/4658
f 7437/271/4664 7439/273/4665 7442/276/4667 7438/272/262
f 7438/272/262 7442/276/4667 7426/260/4658 7428/262/4660
f 7440/274/4666 7439/273/4665 7443/277/3199 7444/278/1964
f 7439/273/4665 7437/271/4664 7445/279/1965 7443/277/3199
f 7444/278/1964 7443/277/3199 7446/280/4668 7447/281/4669
f 7443/277/3199 7445/279/1965 7448/282/3201 7446/280/4668
f 7434/268/4663 7433/267/257 7449/283/4670 7450/284/4671
f 7450/284/4671 7449/283/4670 7451/285/1970 7452/286/4672
f 7437/271/4664 7434/268/4663 7450/284/4671 7445/279/1965
f 7445/279/1965 7450/284/4671 7452/286/4672 7448/282/3201
f 7453/287/277 7454/288/1972 7455/289/3206 7456/290/280
f 7454/288/1972 7457/291/4673 7458/292/282 7455/289/3206
f 7456/290/280 7455/289/3206 7452/286/4672 7451/285/1970
f 7455/289/3206 7458/292/282 7448/282/3201 7452/286/4672
f 7459/293/283 7460/294/4674 7461/295/285 7462/296/4675
f 7462/296/4675 7461/295/285 7447/281/4669 7446/280/4668
f 7457/291/4673 7459/293/283 7462/296/4675 7458/292/282
f 7458/292/282 7462/296/4675 7446/280/4668 7448/282/3201
f 7460/297/4674 7459/298/283 7463/299/4676 7464/300/288
f 7459/298/283 7457/301/4673 7465/302/4046 7463/299/4676
f 7464/300/288 7463/299/4676 7466/303/4677 7467/304/4678
f 7463/299/4676 7465/302/4046 7468/305/4679 7466/303/4677
f 7454/306/1972 7453/307/277 7469/308/293 7470/309/4680
f 7470/309/4680 7469/308/293 7471/310/4681 7472/311/4682
f 7457/301/4673 7454/306/1972 7470/309/4680 7465/302/4046
f 7465/302/4046 7470/309/4680 7472/311/4682 7468/305/4679
f 7473/312/297 7474/313/4683 7475/314/4684 7476/315/300
f 7474/313/4683 7477/316/301 7478/317/302 7475/314/4684
f 7476/315/300 7475/314/4684 7472/311/4682 7471/310/4681
f 7475/314/4684 7478/317/302 7468/305/4679 7472/311/4682
f 7479/318/4685 7480/319/3220 7481/320/4686 7482/321/4051
f 7482/321/4051 7481/320/4686 7467/304/4678 7466/303/4677
f 7477/316/301 7479/318/4685 7482/321/4051 7478/317/302
f 7478/317/302 7482/321/4051 7466/303/4677 7468/305/4679
f 7480/319/3220 7479/318/4685 7483/322/4687 7484/323/1990
f 7479/318/4685 7477/316/301 7485/324/1991 7483/322/4687
f 7484/323/1990 7483/322/4687 7486/325/4688 7487/326/1993
f 7483/322/4687 7485/324/1991 7488/327/4689 7486/325/4688
f 7474/313/4683 7473/312/297 7489/328/4690 7490/329/4691
f 7490/329/4691 7489/328/4690 7491/330/4692 7492/331/1994
f 7477/316/301 7474/313/4683 7490/329/4691 7485/324/1991
f 7485/324/1991 7490/329/4691 7492/331/1994 7488/327/4689
f 7493/332/3227 7494/333/318 7495/334/4693 7496/335/320
f 7494/333/318 7497/336/4694 7498/337/4695 7495/334/4693
f 7496/335/320 7495/334/4693 7492/331/1994 7491/330/4692
f 7495/334/4693 7498/337/4695 7488/327/4689 7492/331/1994
f 7499/338/4696 7500/339/4697 7501/340/325 7502/341/326
f 7502/341/326 7501/340/325 7487/326/1993 7486/325/4688
f 7497/336/4694 7499/338/4696 7502/341/326 7498/337/4695
f 7498/337/4695 7502/341/326 7486/325/4688 7488/327/4689
f 7503/342/327 7504/343/4698 7505/344/2003 7506/345/4699
f 7504/343/4698 7507/346/2004 7508/347/4062 7505/344/2003
f 7506/345/4699 7505/344/2003 7509/348/4700 7510/349/4701
f 7505/344/2003 7508/347/4062 7511/350/4702 7509/348/4700
f 7512/351/4703 7500/339/4697 7499/338/4696 7513/352/2008
f 7513/352/2008 7499/338/4696 7497/336/4694 7514/353/4704
f 7507/346/2004 7512/351/4703 7513/352/2008 7508/347/4062
f 7508/347/4062 7513/352/2008 7514/353/4704 7511/350/4702
f 7493/332/3227 7515/354/2010 7516/355/2011 7494/333/318
f 7515/354/2010 7517/356/4705 7518/357/4706 7516/355/2011
f 7494/333/318 7516/355/2011 7514/353/4704 7497/336/4694
f 7516/355/2011 7518/357/4706 7511/350/4702 7514/353/4704
f 7519/358/4707 7520/359/4708 7521/360/2015 7522/361/346
f 7522/361/346 7521/360/2015 7510/349/4701 7509/348/4700
f 7517/356/4705 7519/358/4707 7522/361/346 7518/357/4706
f 7518/357/4706 7522/361/346 7509/348/4700 7511/350/4702
f 7388/362/4013 7523/363/3244 7524/364/348 7389/365/213
f 7523/363/3244 7525/366/4709 7526/367/4710 7524/364/348
f 7389/365/213 7524/364/348 7527/368/4711 7391/369/215
f 7524/364/348 7526/367/4710 7528/370/4065 7527/368/4711
f 7529/371/4712 7503/342/327 7506/345/4699 7530/372/2022
f 7530/372/2022 7506/345/4699 7510/349/4701 7531/373/4713
f 7525/366/4709 7529/371/4712 7530/372/2022 7526/367/4710
f 7526/367/4710 7530/372/2022 7531/373/4713 7528/370/4065
f 7520/359/4708 7532/374/4714 7533/375/4715 7521/360/2015
f 7532/374/4714 7534/376/4716 7535/377/2026 7533/375/4715
f 7521/360/2015 7533/375/4715 7531/373/4713 7510/349/4701
f 7533/375/4715 7535/377/2026 7528/370/4065 7531/373/4713
f 7536/378/360 7393/379/4645 7396/380/1926 7537/381/4711
f 7537/381/4711 7396/380/1926 7391/369/215 7527/368/4711
f 7534/376/4716 7536/378/360 7537/381/4711 7535/377/2026
f 7535/377/2026 7537/381/4711 7527/368/4711 7528/370/4065
f 7538/382/4717 7539/383/4718 7540/384/364 7541/385/3254
f 7539/383/4718 7542/386/4719 7543/387/3255 7540/384/364
f 7541/385/3254 7540/384/364 7544/388/368 7545/389/369
f 7540/384/364 7543/387/3255 7546/390/4720 7544/388/368
f 7547/391/2035 7548/392/372 7549/393/4721 7550/394/2038
f 7550/394/2038 7549/393/4721 7551/395/4722 7552/396/4723
f 7542/386/4719 7547/391/2035 7550/394/2038 7543/387/3255
f 7543/387/3255 7550/394/2038 7552/396/4723 7546/390/4720
f 7388/222/4013 7387/221/211 7553/397/4077 7554/398/4724
f 7387/221/211 7382/216/206 7555/399/3261 7553/397/4077
f 7554/398/4724 7553/397/4077 7552/396/4723 7551/395/4722
f 7553/397/4077 7555/399/3261 7546/390/4720 7552/396/4723
f 7379/213/1918 7378/212/4640 7556/400/380 7557/401/381
f 7557/401/381 7556/400/380 7545/389/369 7544/388/368
f 7382/216/206 7379/213/1918 7557/401/381 7555/399/3261
f 7555/399/3261 7557/401/381 7544/388/368 7546/390/4720
f 7558/402/4725 7559/403/4726 7560/404/2047 7561/405/4727
f 7559/403/4726 7562/406/2048 7563/407/387 7560/404/2047
f 7561/405/4727 7560/404/2047 7564/408/2050 7565/409/4728
f 7560/404/2047 7563/407/387 7566/410/390 7564/408/2050
f 7567/411/4729 7538/382/4717 7541/385/3254 7568/412/4730
f 7568/412/4730 7541/385/3254 7545/389/369 7569/413/2055
f 7562/406/2048 7567/411/4729 7568/412/4730 7563/407/387
f 7563/407/387 7568/412/4730 7569/413/2055 7566/410/390
f 7378/212/4640 7412/246/236 7570/414/394 7556/400/380
f 7412/246/236 7407/241/4019 7571/415/4731 7570/414/394
f 7556/400/380 7570/414/394 7569/413/2055 7545/389/369
f 7570/414/394 7571/415/4731 7566/410/390 7569/413/2055
f 7404/238/228 7403/237/4649 7572/416/4084 7573/417/4732
f 7573/417/4732 7572/416/4084 7565/409/4728 7564/408/2050
f 7407/241/4019 7404/238/228 7573/417/4732 7571/415/4731
f 7571/415/4731 7573/417/4732 7564/408/2050 7566/410/390
f 7558/402/4725 7561/405/4727 7574/418/3268 7575/419/4733
f 7561/405/4727 7565/409/4728 7576/420/3269 7574/418/3268
f 7575/419/4733 7574/418/3268 7577/421/401 7578/422/4734
f 7574/418/3268 7576/420/3269 7579/423/2063 7577/421/401
f 7572/416/4084 7403/237/4649 7424/258/3190 7580/424/4735
f 7580/424/4735 7424/258/3190 7427/261/4659 7581/425/4736
f 7565/409/4728 7572/416/4084 7580/424/4735 7576/420/3269
f 7576/420/3269 7580/424/4735 7581/425/4736 7579/423/2063
f 7440/274/4666 7582/426/4086 7583/427/407 7441/275/1962
f 7582/426/4086 7584/428/4737 7585/429/4738 7583/427/407
f 7441/275/1962 7583/427/407 7581/425/4736 7427/261/4659
f 7583/427/407 7585/429/4738 7579/423/2063 7581/425/4736
f 7586/430/4739 7587/431/2068 7588/432/412 7589/433/4740
f 7589/433/4740 7588/432/412 7578/422/4734 7577/421/401
f 7584/428/4737 7586/430/4739 7589/433/4740 7585/429/4738
f 7585/429/4738 7589/433/4740 7577/421/401 7579/423/2063
f 7587/431/2068 7586/430/4739 7590/434/4741 7591/435/4742
f 7586/430/4739 7584/428/4737 7592/436/2072 7590/434/4741
f 7591/435/4742 7590/434/4741 7593/437/4092 7594/438/418
f 7590/434/4741 7592/436/2072 7595/439/4743 7593/437/4092
f 7582/426/4086 7440/274/4666 7444/278/1964 7596/440/4744
f 7596/440/4744 7444/278/1964 7447/281/4669 7597/441/4745
f 7584/428/4737 7582/426/4086 7596/440/4744 7592/436/2072
f 7592/436/2072 7596/440/4744 7597/441/4745 7595/439/4743
f 7460/294/4674 7598/442/4746 7599/443/2079 7461/295/285
f 7598/442/4746 7600/444/3275 7601/445/4747 7599/443/2079
f 7461/295/285 7599/443/2079 7597/441/4745 7447/281/4669
f 7599/443/2079 7601/445/4747 7595/439/4743 7597/441/4745
f 7602/446/3277 7603/447/4748 7604/448/4749 7605/449/4750
f 7605/449/4750 7604/448/4749 7594/438/418 7593/437/4092
f 7600/444/3275 7602/446/3277 7605/449/4750 7601/445/4747
f 7601/445/4747 7605/449/4750 7593/437/4092 7595/439/4743
f 7603/450/4748 7602/451/3277 7606/452/4751 7607/453/4752
f 7602/451/3277 7600/454/3275 7608/455/4753 7606/452/4751
f 7607/453/4752 7606/452/4751 7609/456/4754 7610/457/434
f 7606/452/4751 7608/455/4753 7611/458/435 7609/456/4754
f 7598/459/4746 7460/297/4674 7464/300/288 7612/460/4098
f 7612/460/4098 7464/300/288 7467/304/4678 7613/461/4755
f 7600/454/3275 7598/459/4746 7612/460/4098 7608/455/4753
f 7608/455/4753 7612/460/4098 7613/461/4755 7611/458/435
f 7480/319/3220 7614/462/4756 7615/463/2093 7481/320/4686
f 7614/462/4756 7616/464/4757 7617/465/4101 7615/463/2093
f 7481/320/4686 7615/463/2093 7613/461/4755 7467/304/4678
f 7615/463/2093 7617/465/4101 7611/458/435 7613/461/4755
f 7618/466/442 7619/467/443 7620/468/4758 7621/469/445
f 7621/469/445 7620/468/4758 7610/457/434 7609/456/4754
f 7616/464/4757 7618/466/442 7621/469/445 7617/465/4101
f 7617/465/4101 7621/469/445 7609/456/4754 7611/458/435
f 7619/467/443 7618/466/442 7622/470/4759 7623/471/4760
f 7618/466/442 7616/464/4757 7624/472/4761 7622/470/4759
f 7623/471/4760 7622/470/4759 7625/473/4762 7626/474/4763
f 7622/470/4759 7624/472/4761 7627/475/4764 7625/473/4762
f 7614/462/4756 7480/319/3220 7484/323/1990 7628/476/1990
f 7628/476/1990 7484/323/1990 7487/326/1993 7629/477/4765
f 7616/464/4757 7614/462/4756 7628/476/1990 7624/472/4761
f 7624/472/4761 7628/476/1990 7629/477/4765 7627/475/4764
f 7500/339/4697 7630/478/2104 7631/479/454 7501/340/325
f 7630/478/2104 7632/480/2106 7633/481/4766 7631/479/454
f 7501/340/325 7631/479/454 7629/477/4765 7487/326/1993
f 7631/479/454 7633/481/4766 7627/475/4764 7629/477/4765
f 7634/482/4767 7635/483/458 7636/484/4768 7637/485/460
f 7637/485/460 7636/484/4768 7626/474/4763 7625/473/4762
f 7632/480/2106 7634/482/4767 7637/485/460 7633/481/4766
f 7633/481/4766 7637/485/460 7625/473/4762 7627/475/4764
f 7638/486/3291 7639/487/2112 7640/488/2113 7641/489/4769
f 7639/487/2112 7642/490/465 7643/491/2114 7640/488/2113
f 7641/489/4769 7640/488/2113 7644/492/4770 7645/493/4771
f 7640/488/2113 7643/491/2114 7646/494/469 7644/492/4770
f 7647/495/4772 7635/483/458 7634/482/4767 7648/496/4773
f 7648/496/4773 7634/482/4767 7632/480/2106 7649/497/472
f 7642/490/465 7647/495/4772 7648/496/4773 7643/491/2114
f 7643/491/2114 7648/496/4773 7649/497/472 7646/494/469
f 7500/339/4697 7512/351/4703 7650/498/4774 7630/478/2104
f 7512/351/4703 7507/346/2004 7651/499/4775 7650/498/4774
f 7630/478/2104 7650/498/4774 7649/497/472 7632/480/2106
f 7650/498/4774 7651/499/4775 7646/494/469 7649/497/472
f 7504/343/4698 7503/342/327 7652/500/4776 7653/501/4777
f 7653/501/4777 7652/500/4776 7645/493/4771 7644/492/4770
f 7507/346/2004 7504/343/4698 7653/501/4777 7651/499/4775
f 7651/499/4775 7653/501/4777 7644/492/4770 7646/494/469
f 7548/502/372 7654/503/4778 7655/504/4779 7549/505/4721
f 7654/503/4778 7656/506/4780 7657/507/4781 7655/504/4779
f 7549/505/4721 7655/504/4779 7658/508/4115 7551/509/4722
f 7655/504/4779 7657/507/4781 7659/510/4782 7658/508/4115
f 7660/511/2124 7638/486/3291 7641/489/4769 7661/512/3304
f 7661/512/3304 7641/489/4769 7645/493/4771 7662/513/4783
f 7656/506/4780 7660/511/2124 7661/512/3304 7657/507/4781
f 7657/507/4781 7661/512/3304 7662/513/4783 7659/510/4782
f 7503/342/327 7529/371/4712 7663/514/486 7652/500/4776
f 7529/371/4712 7525/366/4709 7664/515/4784 7663/514/486
f 7652/500/4776 7663/514/486 7662/513/4783 7645/493/4771
f 7663/514/486 7664/515/4784 7659/510/4782 7662/513/4783
f 7523/363/3244 7388/362/4013 7554/516/4724 7665/517/4785
f 7665/517/4785 7554/516/4724 7551/509/4722 7658/508/4115
f 7525/366/4709 7523/363/3244 7665/517/4785 7664/515/4784
f 7664/515/4784 7665/517/4785 7658/508/4115 7659/510/4782
f 7393/227/4645 7666/518/4786 7667/519/4787 7394/228/4646
f 7666/518/4786 7668/520/4788 7669/521/4789 7667/519/4787
f 7394/228/4646 7667/519/4787 7670/522/4790 7397/231/221
f 7667/519/4787 7669/521/4789 7671/523/4791 7670/522/4790
f 7672/524/4792 7673/525/496 7674/526/2133 7675/527/4793
f 7675/527/4793 7674/526/2133 7676/528/4794 7677/529/4795
f 7668/520/4788 7672/524/4792 7675/527/4793 7669/521/4789
f 7669/521/4789 7675/527/4793 7677/529/4795 7671/523/4791
f 7678/530/4796 7679/531/4797 7680/532/4798 7681/533/4799
f 7679/531/4797 7682/534/3314 7683/535/4127 7680/532/4798
f 7681/533/4799 7680/532/4798 7677/529/4795 7676/528/4794
f 7680/532/4798 7683/535/4127 7671/523/4791 7677/529/4795
f 7684/536/507 7400/234/224 7399/233/223 7685/537/4800
f 7685/537/4800 7399/233/223 7397/231/221 7670/522/4790
f 7682/534/3314 7684/536/507 7685/537/4800 7683/535/4127
f 7683/535/4127 7685/537/4800 7670/522/4790 7671/523/4791
f 7400/234/224 7684/536/507 7686/538/4801 7415/249/4654
f 7684/536/507 7682/534/3314 7687/539/4802 7686/538/4801
f 7415/249/4654 7686/538/4801 7688/540/4803 7417/251/1943
f 7686/538/4801 7687/539/4802 7689/541/4804 7688/540/4803
f 7679/531/4797 7678/530/4796 7690/542/4805 7691/543/3317
f 7691/543/3317 7690/542/4805 7692/544/515 7693/545/2143
f 7682/534/3314 7679/531/4797 7691/543/3317 7687/539/4802
f 7687/539/4802 7691/543/3317 7693/545/2143 7689/541/4804
f 7694/546/517 7695/547/2145 7696/548/4806 7697/549/520
f 7695/547/2145 7698/550/521 7699/551/2146 7696/548/4806
f 7697/549/520 7696/548/4806 7693/545/2143 7692/544/515
f 7696/548/4806 7699/551/2146 7689/541/4804 7693/545/2143
f 7700/552/4807 7420/254/4655 7419/253/243 7701/553/4808
f 7701/553/4808 7419/253/243 7417/251/1943 7688/540/4803
f 7698/550/521 7700/552/4807 7701/553/4808 7699/551/2146
f 7699/551/2146 7701/553/4808 7688/540/4803 7689/541/4804
f 7420/254/4655 7700/552/4807 7702/554/4809 7429/263/253
f 7700/552/4807 7698/550/521 7703/555/4810 7702/554/4809
f 7429/263/253 7702/554/4809 7704/556/4811 7431/265/1956
f 7702/554/4809 7703/555/4810 7705/557/4812 7704/556/4811
f 7695/547/2145 7694/546/517 7706/558/4813 7707/559/4141
f 7707/559/4141 7706/558/4813 7708/560/4814 7709/561/4815
f 7698/550/521 7695/547/2145 7707/559/4141 7703/555/4810
f 7703/555/4810 7707/559/4141 7709/561/4815 7705/557/4812
f 7710/562/4816 7711/563/2155 7712/564/4817 7713/565/4818
f 7711/563/2155 7714/566/2157 7715/567/4819 7712/564/4817
f 7713/565/4818 7712/564/4817 7709/561/4815 7708/560/4814
f 7712/564/4817 7715/567/4819 7705/557/4812 7709/561/4815
f 7716/568/4820 7433/267/257 7436/270/260 7717/569/540
f 7717/569/540 7436/270/260 7431/265/1956 7704/556/4811
f 7714/566/2157 7716/568/4820 7717/569/540 7715/567/4819
f 7715/567/4819 7717/569/540 7704/556/4811 7705/557/4812
f 7433/267/257 7716/568/4820 7718/570/2159 7449/283/4670
f 7716/568/4820 7714/566/2157 7719/571/3330 7718/570/2159
f 7449/283/4670 7718/570/2159 7720/572/2161 7451/285/1970
f 7718/570/2159 7719/571/3330 7721/573/2162 7720/572/2161
f 7711/563/2155 7710/562/4816 7722/574/4821 7723/575/4822
f 7723/575/4822 7722/574/4821 7724/576/4823 7725/577/4824
f 7714/566/2157 7711/563/2155 7723/575/4822 7719/571/3330
f 7719/571/3330 7723/575/4822 7725/577/4824 7721/573/2162
f 7726/578/3333 7727/579/4825 7728/580/4826 7729/581/4827
f 7727/579/4825 7730/582/553 7731/583/4153 7728/580/4826
f 7729/581/4827 7728/580/4826 7725/577/4824 7724/576/4823
f 7728/580/4826 7731/583/4153 7721/573/2162 7725/577/4824
f 7732/584/4828 7453/287/277 7456/290/280 7733/585/4829
f 7733/585/4829 7456/290/280 7451/285/1970 7720/572/2161
f 7730/582/553 7732/584/4828 7733/585/4829 7731/583/4153
f 7731/583/4153 7733/585/4829 7720/572/2161 7721/573/2162
f 7453/307/277 7732/586/4828 7734/587/4830 7469/308/293
f 7732/586/4828 7730/588/553 7735/589/558 7734/587/4830
f 7469/308/293 7734/587/4830 7736/590/4831 7471/310/4681
f 7734/587/4830 7735/589/558 7737/591/4832 7736/590/4831
f 7727/592/4825 7726/593/3333 7738/594/4833 7739/595/3342
f 7739/595/3342 7738/594/4833 7740/596/4834 7741/597/4835
f 7730/588/553 7727/592/4825 7739/595/3342 7735/589/558
f 7735/589/558 7739/595/3342 7741/597/4835 7737/591/4832
f 7742/598/4836 7743/599/4837 7744/600/4838 7745/601/4839
f 7743/599/4837 7746/602/4840 7747/603/570 7744/600/4838
f 7745/601/4839 7744/600/4838 7741/597/4835 7740/596/4834
f 7744/600/4838 7747/603/570 7737/591/4832 7741/597/4835
f 7748/604/4160 7473/312/297 7476/315/300 7749/605/4841
f 7749/605/4841 7476/315/300 7471/310/4681 7736/590/4831
f 7746/602/4840 7748/604/4160 7749/605/4841 7747/603/570
f 7747/603/570 7749/605/4841 7736/590/4831 7737/591/4832
f 7473/312/297 7748/604/4160 7750/606/4842 7489/328/4690
f 7748/604/4160 7746/602/4840 7751/607/4843 7750/606/4842
f 7489/328/4690 7750/606/4842 7752/608/3350 7491/330/4692
f 7750/606/4842 7751/607/4843 7753/609/3351 7752/608/3350
f 7743/599/4837 7742/598/4836 7754/610/4844 7755/611/2189
f 7755/611/2189 7754/610/4844 7756/612/2190 7757/613/2191
f 7746/602/4840 7743/599/4837 7755/611/2189 7751/607/4843
f 7751/607/4843 7755/611/2189 7757/613/2191 7753/609/3351
f 7758/614/4845 7759/615/582 7760/616/4846 7761/617/4847
f 7759/615/582 7762/618/3357 7763/619/2195 7760/616/4846
f 7761/617/4847 7760/616/4846 7757/613/2191 7756/612/2190
f 7760/616/4846 7763/619/2195 7753/609/3351 7757/613/2191
f 7764/620/4848 7493/332/3227 7496/335/320 7765/621/4849
f 7765/621/4849 7496/335/320 7491/330/4692 7752/608/3350
f 7762/618/3357 7764/620/4848 7765/621/4849 7763/619/2195
f 7763/619/2195 7765/621/4849 7752/608/3350 7753/609/3351
f 7493/332/3227 7764/620/4848 7766/622/2197 7515/354/2010
f 7764/620/4848 7762/618/3357 7767/623/590 7766/622/2197
f 7515/354/2010 7766/622/2197 7768/624/4169 7517/356/4705
f 7766/622/2197 7767/623/590 7769/625/4850 7768/624/4169
f 7759/615/582 7758/614/4845 7770/626/4851 7771/627/4852
f 7771/627/4852 7770/626/4851 7772/628/595 7773/629/3361
f 7762/618/3357 7759/615/582 7771/627/4852 7767/623/590
f 7767/623/590 7771/627/4852 7773/629/3361 7769/625/4850
f 7774/630/2201 7775/631/2202 7776/632/3363 7777/633/600
f 7775/631/2202 7778/634/4853 7779/635/602 7776/632/3363
f 7777/633/600 7776/632/3363 7773/629/3361 7772/628/595
f 7776/632/3363 7779/635/602 7769/625/4850 7773/629/3361
f 7780/636/4854 7520/359/4708 7519/358/4707 7781/637/4855
f 7781/637/4855 7519/358/4707 7517/356/4705 7768/624/4169
f 7778/634/4853 7780/636/4854 7781/637/4855 7779/635/602
f 7779/635/602 7781/637/4855 7768/624/4169 7769/625/4850
f 7520/359/4708 7780/636/4854 7782/638/4856 7532/374/4714
f 7780/636/4854 7778/634/4853 7783/639/4857 7782/638/4856
f 7532/374/4714 7782/638/4856 7784/640/4178 7534/376/4716
f 7782/638/4856 7783/639/4857 7785/641/4858 7784/640/4178
f 7775/631/2202 7774/630/2201 7786/642/2209 7787/643/4859
f 7787/643/4859 7786/642/2209 7788/644/611 7789/645/4860
f 7778/634/4853 7775/631/2202 7787/643/4859 7783/639/4857
f 7783/639/4857 7787/643/4859 7789/645/4860 7785/641/4858
f 7673/646/496 7672/647/4792 7790/648/613 7791/649/4861
f 7672/647/4792 7668/650/4788 7792/651/4862 7790/648/613
f 7791/649/4861 7790/648/613 7789/645/4860 7788/644/611
f 7790/648/613 7792/651/4862 7785/641/4858 7789/645/4860
f 7666/652/4786 7393/379/4645 7536/378/360 7793/653/4863
f 7793/653/4863 7536/378/360 7534/376/4716 7784/640/4178
f 7668/650/4788 7666/652/4786 7793/653/4863 7792/651/4862
f 7792/651/4862 7793/653/4863 7784/640/4178 7785/641/4858
f 7794/654/4864 7795/655/3373 7796/656/4865 7797/657/620
f 7795/655/3373 7798/658/2214 7799/659/622 7796/656/4865
f 7797/657/620 7796/656/4865 7800/660/4866 7801/661/4867
f 7796/656/4865 7799/659/622 7802/662/625 7800/660/4866
f 7803/663/4868 7804/664/2216 7805/665/4869 7806/666/4870
f 7806/666/4870 7805/665/4869 7807/667/2218 7808/668/3382
f 7798/658/2214 7803/663/4868 7806/666/4870 7799/659/622
f 7799/659/622 7806/666/4870 7808/668/3382 7802/662/625
f 7809/669/632 7810/670/4188 7811/671/4189 7812/672/635
f 7810/670/4188 7813/673/4871 7814/674/2221 7811/671/4189
f 7812/672/635 7811/671/4189 7808/668/3382 7807/667/2218
f 7811/671/4189 7814/674/2221 7802/662/625 7808/668/3382
f 7815/675/3388 7816/676/4872 7817/677/4873 7818/678/4874
f 7818/678/4874 7817/677/4873 7801/661/4867 7800/660/4866
f 7813/673/4871 7815/675/3388 7818/678/4874 7814/674/2221
f 7814/674/2221 7818/678/4874 7800/660/4866 7802/662/625
f 7819/679/2225 7820/680/4875 7821/681/644 7822/682/3393
f 7820/680/4875 7823/683/4876 7824/684/4877 7821/681/644
f 7822/682/3393 7821/681/644 7825/685/4878 7826/686/649
f 7821/681/644 7824/684/4877 7827/687/2230 7825/685/4878
f 7828/688/4879 7794/654/4864 7797/657/620 7829/689/2231
f 7829/689/2231 7797/657/620 7801/661/4867 7830/690/4880
f 7823/683/4876 7828/688/4879 7829/689/2231 7824/684/4877
f 7824/684/4877 7829/689/2231 7830/690/4880 7827/687/2230
f 7816/676/4872 7831/691/4881 7832/692/4882 7817/677/4873
f 7831/691/4881 7833/693/2235 7834/694/3402 7832/692/4882
f 7817/677/4873 7832/692/4882 7830/690/4880 7801/661/4867
f 7832/692/4882 7834/694/3402 7827/687/2230 7830/690/4880
f 7835/695/658 7836/696/2237 7837/697/2238 7838/698/661
f 7838/698/661 7837/697/2238 7826/686/649 7825/685/4878
f 7833/693/2235 7835/695/658 7838/698/661 7834/694/3402
f 7834/694/3402 7838/698/661 7825/685/4878 7827/687/2230
f 7839/699/4883 7840/700/4884 7841/701/4885 7842/702/665
f 7840/700/4884 7843/703/4886 7844/704/4887 7841/701/4885
f 7842/702/665 7841/701/4885 7845/705/3409 7846/706/3410
f 7841/701/4885 7844/704/4887 7847/707/2244 7845/705/3409
f 7848/708/671 7849/709/4888 7850/710/4889 7851/711/4890
f 7851/711/4890 7850/710/4889 7852/712/675 7853/713/2248
f 7843/703/4886 7848/708/671 7851/711/4890 7844/704/4887
f 7844/704/4887 7851/711/4890 7853/713/2248 7847/707/2244
f 7819/679/2225 7822/682/3393 7854/714/4891 7855/715/678
f 7822/682/3393 7826/686/649 7856/716/4892 7854/714/4891
f 7855/715/678 7854/714/4891 7853/713/2248 7852/712/675
f 7854/714/4891 7856/716/4892 7847/707/2244 7853/713/2248
f 7837/697/2238 7836/696/2237 7857/717/4893 7858/718/2251
f 7858/718/2251 7857/717/4893 7846/706/3410 7845/705/3409
f 7826/686/649 7837/697/2238 7858/718/2251 7856/716/4892
f 7856/716/4892 7858/718/2251 7845/705/3409 7847/707/2244
f 7859/719/4894 7860/720/3418 7861/721/2253 7862/722/2254
f 7860/720/3418 7863/723/2255 7864/724/3422 7861/721/2253
f 7862/722/2254 7861/721/2253 7865/725/4196 7866/726/4895
f 7861/721/2253 7864/724/3422 7867/727/4896 7865/725/4196
f 7868/728/4897 7869/729/692 7870/730/2260 7871/731/4898
f 7871/731/4898 7870/730/2260 7872/732/4899 7873/733/696
f 7863/723/2255 7868/728/4897 7871/731/4898 7864/724/3422
f 7864/724/3422 7871/731/4898 7873/733/696 7867/727/4896
f 7849/709/4888 7848/708/671 7874/734/697 7875/735/2264
f 7848/708/671 7843/703/4886 7876/736/699 7874/734/697
f 7875/735/2264 7874/734/697 7873/733/696 7872/732/4899
f 7874/734/697 7876/736/699 7867/727/4896 7873/733/696
f 7840/700/4884 7839/699/4883 7877/737/700 7878/738/4900
f 7878/738/4900 7877/737/700 7866/726/4895 7865/725/4196
f 7843/703/4886 7840/700/4884 7878/738/4900 7876/736/699
f 7876/736/699 7878/738/4900 7865/725/4196 7867/727/4896
f 7879/739/4901 7880/740/4902 7881/741/4903 7882/742/705
f 7880/740/4902 7883/743/4904 7884/744/4905 7881/741/4903
f 7882/742/705 7881/741/4903 7885/745/4906 7886/746/3435
f 7881/741/4903 7884/744/4905 7887/747/4907 7885/745/4906
f 7888/748/2271 7869/749/692 7868/750/4897 7889/751/4908
f 7889/751/4908 7868/750/4897 7863/752/2255 7890/753/4909
f 7883/743/4904 7888/748/2271 7889/751/4908 7884/744/4905
f 7884/744/4905 7889/751/4908 7890/753/4909 7887/747/4907
f 7859/754/4894 7891/755/3440 7892/756/4910 7860/757/3418
f 7891/755/3440 7893/758/4911 7894/759/4202 7892/756/4910
f 7860/757/3418 7892/756/4910 7890/753/4909 7863/752/2255
f 7892/756/4910 7894/759/4202 7887/747/4907 7890/753/4909
f 7895/760/718 7896/761/4203 7897/762/4912 7898/763/4204
f 7898/763/4204 7897/762/4912 7886/746/3435 7885/745/4906
f 7893/758/4911 7895/760/718 7898/763/4204 7894/759/4202
f 7894/759/4202 7898/763/4204 7885/745/4906 7887/747/4907
f 7899/764/722 7900/765/4913 7901/766/4914 7902/767/4915
f 7900/765/4913 7903/768/4916 7904/769/2283 7901/766/4914
f 7902/767/4915 7901/766/4914 7905/770/2284 7906/771/4917
f 7901/766/4914 7904/769/2283 7907/772/3447 7905/770/2284
f 7908/773/731 7879/739/4901 7882/742/705 7909/774/3449
f 7909/774/3449 7882/742/705 7886/746/3435 7910/775/3450
f 7903/768/4916 7908/773/731 7909/774/3449 7904/769/2283
f 7904/769/2283 7909/774/3449 7910/775/3450 7907/772/3447
f 7896/761/4203 7911/776/4918 7912/777/4919 7897/762/4912
f 7911/776/4918 7913/778/4920 7914/779/2292 7912/777/4919
f 7897/762/4912 7912/777/4919 7910/775/3450 7886/746/3435
f 7912/777/4919 7914/779/2292 7907/772/3447 7910/775/3450
f 7915/780/4921 7916/781/2294 7917/782/3455 7918/783/2296
f 7918/783/2296 7917/782/3455 7906/771/4917 7905/770/2284
f 7913/778/4920 7915/780/4921 7918/783/2296 7914/779/2292
f 7914/779/2292 7918/783/2296 7905/770/2284 7907/772/3447
f 7919/784/742 7920/785/2298 7921/786/2299 7922/787/4922
f 7920/785/2298 7923/788/2301 7924/789/2302 7921/786/2299
f 7922/787/4922 7921/786/2299 7925/790/4923 7926/791/2303
f 7921/786/2299 7924/789/2302 7927/792/4924 7925/790/4923
f 7928/793/751 7929/794/752 7930/795/3461 7931/796/4925
f 7931/796/4925 7930/795/3461 7932/797/4926 7933/798/756
f 7923/788/2301 7928/793/751 7931/796/4925 7924/789/2302
f 7924/789/2302 7931/796/4925 7933/798/756 7927/792/4924
f 7899/764/722 7902/767/4915 7934/799/3463 7935/800/2310
f 7902/767/4915 7906/771/4917 7936/801/3464 7934/799/3463
f 7935/800/2310 7934/799/3463 7933/798/756 7932/797/4926
f 7934/799/3463 7936/801/3464 7927/792/4924 7933/798/756
f 7917/782/3455 7916/781/2294 7937/802/4927 7938/803/4928
f 7938/803/4928 7937/802/4927 7926/791/2303 7925/790/4923
f 7906/771/4917 7917/782/3455 7938/803/4928 7936/801/3464
f 7936/801/3464 7938/803/4928 7925/790/4923 7927/792/4924
f 7809/804/632 7812/805/635 7939/806/2313 7940/807/3467
f 7812/805/635 7807/808/2218 7941/809/3468 7939/806/2313
f 7940/807/3467 7939/806/2313 7942/810/765 7943/811/4929
f 7939/806/2313 7941/809/3468 7944/812/2315 7942/810/765
f 7805/813/4869 7804/814/2216 7945/815/4930 7946/816/769
f 7946/816/769 7945/815/4930 7947/817/770 7948/818/4931
f 7807/808/2218 7805/813/4869 7946/816/769 7941/809/3468
f 7941/809/3468 7946/816/769 7948/818/4931 7944/812/2315
f 7929/794/752 7928/793/751 7949/819/4216 7950/820/2320
f 7928/793/751 7923/788/2301 7951/821/774 7949/819/4216
f 7950/820/2320 7949/819/4216 7948/818/4931 7947/817/770
f 7949/819/4216 7951/821/774 7944/812/2315 7948/818/4931
f 7920/785/2298 7919/784/742 7952/822/4932 7953/823/4933
f 7953/823/4933 7952/822/4932 7943/811/4929 7942/810/765
f 7923/788/2301 7920/785/2298 7953/823/4933 7951/821/774
f 7951/821/774 7953/823/4933 7942/810/765 7944/812/2315
f 7809/824/632 7954/825/777 7955/826/4217 7810/827/4188
f 7954/825/777 7956/828/2323 7957/829/4934 7955/826/4217
f 7810/827/4188 7955/826/4217 7958/830/2325 7813/831/4871
f 7955/826/4217 7957/829/4934 7959/832/4935 7958/830/2325
f 7960/833/2327 7548/392/372 7547/391/2035 7961/834/4936
f 7961/834/4936 7547/391/2035 7542/386/4719 7962/835/2329
f 7956/828/2323 7960/833/2327 7961/834/4936 7957/829/4934
f 7957/829/4934 7961/834/4936 7962/835/2329 7959/832/4935
f 7538/382/4717 7963/836/2330 7964/837/2331 7539/383/4718
f 7963/836/2330 7965/838/788 7966/839/2333 7964/837/2331
f 7539/383/4718 7964/837/2331 7962/835/2329 7542/386/4719
f 7964/837/2331 7966/839/2333 7959/832/4935 7962/835/2329
f 7967/840/4937 7816/841/4872 7815/842/3388 7968/843/791
f 7968/843/791 7815/842/3388 7813/831/4871 7958/830/2325
f 7965/838/788 7967/840/4937 7968/843/791 7966/839/2333
f 7966/839/2333 7968/843/791 7958/830/2325 7959/832/4935
f 7816/841/4872 7967/840/4937 7969/844/4938 7831/845/4881
f 7967/840/4937 7965/838/788 7970/846/4939 7969/844/4938
f 7831/845/4881 7969/844/4938 7971/847/794 7833/848/2235
f 7969/844/4938 7970/846/4939 7972/849/795 7971/847/794
f 7963/836/2330 7538/382/4717 7567/411/4729 7973/850/4940
f 7973/850/4940 7567/411/4729 7562/406/2048 7974/851/797
f 7965/838/788 7963/836/2330 7973/850/4940 7970/846/4939
f 7970/846/4939 7973/850/4940 7974/851/797 7972/849/795
f 7558/402/4725 7975/852/798 7976/853/2340 7559/403/4726
f 7975/852/798 7977/854/2341 7978/855/4941 7976/853/2340
f 7559/403/4726 7976/853/2340 7974/851/797 7562/406/2048
f 7976/853/2340 7978/855/4941 7972/849/795 7974/851/797
f 7979/856/802 7836/857/2237 7835/858/658 7980/859/4942
f 7980/859/4942 7835/858/658 7833/848/2235 7971/847/794
f 7977/854/2341 7979/856/802 7980/859/4942 7978/855/4941
f 7978/855/4941 7980/859/4942 7971/847/794 7972/849/795
f 7836/857/2237 7979/856/802 7981/860/4943 7857/861/4893
f 7979/856/802 7977/854/2341 7982/862/2344 7981/860/4943
f 7857/861/4893 7981/860/4943 7983/863/4944 7846/864/3410
f 7981/860/4943 7982/862/2344 7984/865/3490 7983/863/4944
f 7975/852/798 7558/402/4725 7575/419/4733 7985/866/808
f 7985/866/808 7575/419/4733 7578/422/4734 7986/867/2346
f 7977/854/2341 7975/852/798 7985/866/808 7982/862/2344
f 7982/862/2344 7985/866/808 7986/867/2346 7984/865/3490
f 7587/431/2068 7987/868/4945 7988/869/4946 7588/432/412
f 7987/868/4945 7989/870/3492 7990/871/4947 7988/869/4946
f 7588/432/412 7988/869/4946 7986/867/2346 7578/422/4734
f 7988/869/4946 7990/871/4947 7984/865/3490 7986/867/2346
f 7991/872/814 7839/873/4883 7842/874/665 7992/875/2350
f 7992/875/2350 7842/874/665 7846/864/3410 7983/863/4944
f 7989/870/3492 7991/872/814 7992/875/2350 7990/871/4947
f 7990/871/4947 7992/875/2350 7983/863/4944 7984/865/3490
f 7839/873/4883 7991/872/814 7993/876/816 7877/877/700
f 7991/872/814 7989/870/3492 7994/878/817 7993/876/816
f 7877/877/700 7993/876/816 7995/879/4948 7866/880/4895
f 7993/876/816 7994/878/817 7996/881/4949 7995/879/4948
f 7987/868/4945 7587/431/2068 7591/435/4742 7997/882/4950
f 7997/882/4950 7591/435/4742 7594/438/418 7998/883/821
f 7989/870/3492 7987/868/4945 7997/882/4950 7994/878/817
f 7994/878/817 7997/882/4950 7998/883/821 7996/881/4949
f 7603/447/4748 7999/884/822 8000/885/4951 7604/448/4749
f 7999/884/822 8001/886/4952 8002/887/4953 8000/885/4951
f 7604/448/4749 8000/885/4951 7998/883/821 7594/438/418
f 8000/885/4951 8002/887/4953 7996/881/4949 7998/883/821
f 8003/888/826 7859/889/4894 7862/890/2254 8004/891/4954
f 8004/891/4954 7862/890/2254 7866/880/4895 7995/879/4948
f 8001/886/4952 8003/888/826 8004/891/4954 8002/887/4953
f 8002/887/4953 8004/891/4954 7995/879/4948 7996/881/4949
f 7603/450/4748 7607/453/4752 8005/892/4955 7999/893/822
f 7607/453/4752 7610/457/434 8006/894/4956 8005/892/4955
f 7999/893/822 8005/892/4955 8007/895/4957 8001/896/4952
f 8005/892/4955 8006/894/4956 8008/897/2361 8007/895/4957
f 7620/468/4758 7619/467/443 8009/898/832 8010/899/833
f 8010/899/833 8009/898/832 8011/900/4958 8012/901/2364
f 7610/457/434 7620/468/4758 8010/899/833 8006/894/4956
f 8006/894/4956 8010/899/833 8012/901/2364 8008/897/2361
f 7896/902/4203 7895/903/718 8013/904/4959 8014/905/3505
f 7895/903/718 7893/906/4911 8015/907/4960 8013/904/4959
f 8014/905/3505 8013/904/4959 8012/901/2364 8011/900/4958
f 8013/904/4959 8015/907/4960 8008/897/2361 8012/901/2364
f 7891/908/3440 7859/909/4894 8003/910/826 8016/911/4228
f 8016/911/4228 8003/910/826 8001/896/4952 8007/895/4957
f 7893/906/4911 7891/908/3440 8016/911/4228 8015/907/4960
f 8015/907/4960 8016/911/4228 8007/895/4957 8008/897/2361
f 7916/912/2294 7915/913/4921 8017/914/840 8018/915/4961
f 7915/913/4921 7913/916/4920 8019/917/4962 8017/914/840
f 8018/915/4961 8017/914/840 8020/918/4229 8021/919/4963
f 8017/914/840 8019/917/4962 8022/920/4964 8020/918/4229
f 7911/921/4918 7896/902/4203 8014/905/3505 8023/922/4230
f 8023/922/4230 8014/905/3505 8011/900/4958 8024/923/4965
f 7913/916/4920 7911/921/4918 8023/922/4230 8019/917/4962
f 8019/917/4962 8023/922/4230 8024/923/4965 8022/920/4964
f 7619/467/443 7623/471/4760 8025/924/4966 8009/898/832
f 7623/471/4760 7626/474/4763 8026/925/849 8025/924/4966
f 8009/898/832 8025/924/4966 8024/923/4965 8011/900/4958
f 8025/924/4966 8026/925/849 8022/920/4964 8024/923/4965
f 7636/484/4768 7635/483/458 8027/926/2375 8028/927/4233
f 8028/927/4233 8027/926/2375 8021/919/4963 8020/918/4229
f 7626/474/4763 7636/484/4768 8028/927/4233 8026/925/849
f 8026/925/849 8028/927/4233 8020/918/4229 8022/920/4964
f 7635/483/458 7647/495/4772 8029/928/2377 8027/926/2375
f 7647/495/4772 7642/490/465 8030/929/4967 8029/928/2377
f 8027/926/2375 8029/928/2377 8031/930/854 8021/919/4963
f 8029/928/2377 8030/929/4967 8032/931/855 8031/930/854
f 7639/487/2112 7638/486/3291 8033/932/4968 8034/933/2379
f 8034/933/2379 8033/932/4968 8035/934/4969 8036/935/2380
f 7642/490/465 7639/487/2112 8034/933/2379 8030/929/4967
f 8030/929/4967 8034/933/2379 8036/935/2380 8032/931/855
f 7919/936/742 7922/937/4922 8037/938/860 8038/939/861
f 7922/937/4922 7926/940/2303 8039/941/4970 8037/938/860
f 8038/939/861 8037/938/860 8036/935/2380 8035/934/4969
f 8037/938/860 8039/941/4970 8032/931/855 8036/935/2380
f 7937/942/4927 7916/912/2294 8018/915/4961 8040/943/2383
f 8040/943/2383 8018/915/4961 8021/919/4963 8031/930/854
f 7926/940/2303 7937/942/4927 8040/943/2383 8039/941/4970
f 8039/941/4970 8040/943/2383 8031/930/854 8032/931/855
f 7919/936/742 8038/939/861 8041/944/4971 7952/945/4932
f 8038/939/861 8035/934/4969 8042/946/4972 8041/944/4971
f 7952/945/4932 8041/944/4971 8043/947/2385 7943/948/4929
f 8041/944/4971 8042/946/4972 8044/949/4973 8043/947/2385
f 8033/932/4968 7638/486/3291 7660/511/2124 8045/950/4974
f 8045/950/4974 7660/511/2124 7656/506/4780 8046/951/2388
f 8035/934/4969 8033/932/4968 8045/950/4974 8042/946/4972
f 8042/946/4972 8045/950/4974 8046/951/2388 8044/949/4973
f 7548/502/372 7960/952/2327 8047/953/4975 7654/503/4778
f 7960/952/2327 7956/954/2323 8048/955/4976 8047/953/4975
f 7654/503/4778 8047/953/4975 8046/951/2388 7656/506/4780
f 8047/953/4975 8048/955/4976 8044/949/4973 8046/951/2388
f 7954/956/777 7809/957/632 7940/958/3467 8049/959/4977
f 8049/959/4977 7940/958/3467 7943/948/4929 8043/947/2385
f 7956/954/2323 7954/956/777 8049/959/4977 8048/955/4976
f 8048/955/4976 8049/959/4977 8043/947/2385 8044/949/4973
f 8050/960/873 8051/961/2391 8052/962/4978 8053/963/876
f 8051/961/2391 8054/964/2393 8055/965/3522 8052/962/4978
f 8053/963/876 8052/962/4978 8056/966/879 8057/967/2396
f 8052/962/4978 8055/965/3522 8058/968/2397 8056/966/879
f 8059/969/3524 8060/970/2399 8061/971/4979 8062/972/4980
f 8062/972/4980 8061/971/4979 8063/973/2402 8064/974/4981
f 8054/964/2393 8059/969/3524 8062/972/4980 8055/965/3522
f 8055/965/3522 8062/972/4980 8064/974/4981 8058/968/2397
f 7804/664/2216 7803/663/4868 8065/975/4982 8066/976/889
f 7803/663/4868 7798/658/2214 8067/977/890 8065/975/4982
f 8066/976/889 8065/975/4982 8064/974/4981 8063/973/2402
f 8065/975/4982 8067/977/890 8058/968/2397 8064/974/4981
f 7795/655/3373 7794/654/4864 8068/978/2404 8069/979/4241
f 8069/979/4241 8068/978/2404 8057/967/2396 8056/966/879
f 7798/658/2214 7795/655/3373 8069/979/4241 8067/977/890
f 8067/977/890 8069/979/4241 8056/966/879 8058/968/2397
f 8070/980/3530 8071/981/4983 8072/982/4984 8073/983/4985
f 8071/981/4983 8074/984/4244 8075/985/4986 8072/982/4984
f 8073/983/4985 8072/982/4984 8076/986/2411 8077/987/4987
f 8072/982/4984 8075/985/4986 8078/988/901 8076/986/2411
f 8079/989/902 8050/960/873 8053/963/876 8080/990/4988
f 8080/990/4988 8053/963/876 8057/967/2396 8081/991/4989
f 8074/984/4244 8079/989/902 8080/990/4988 8075/985/4986
f 8075/985/4986 8080/990/4988 8081/991/4989 8078/988/901
f 7794/654/4864 7828/688/4879 8082/992/905 8068/978/2404
f 7828/688/4879 7823/683/4876 8083/993/4990 8082/992/905
f 8068/978/2404 8082/992/905 8081/991/4989 8057/967/2396
f 8082/992/905 8083/993/4990 8078/988/901 8081/991/4989
f 7820/680/4875 7819/679/2225 8084/994/4991 8085/995/4992
f 8085/995/4992 8084/994/4991 8077/987/4987 8076/986/2411
f 7823/683/4876 7820/680/4875 8085/995/4992 8083/993/4990
f 8083/993/4990 8085/995/4992 8076/986/2411 8078/988/901
f 8070/980/3530 8073/983/4985 8086/996/909 8087/997/4993
f 8073/983/4985 8077/987/4987 8088/998/2419 8086/996/909
f 8087/997/4993 8086/996/909 8089/999/4994 8090/1000/4250
f 8086/996/909 8088/998/2419 8091/1001/4995 8089/999/4994
f 8084/994/4991 7819/679/2225 7855/715/678 8092/1002/4996
f 8092/1002/4996 7855/715/678 7852/712/675 8093/1003/916
f 8077/987/4987 8084/994/4991 8092/1002/4996 8088/998/2419
f 8088/998/2419 8092/1002/4996 8093/1003/916 8091/1001/4995
f 7849/709/4888 8094/1004/4997 8095/1005/4998 7850/710/4889
f 8094/1004/4997 8096/1006/3542 8097/1007/2426 8095/1005/4998
f 7850/710/4889 8095/1005/4998 8093/1003/916 7852/712/675
f 8095/1005/4998 8097/1007/2426 8091/1001/4995 8093/1003/916
f 8098/1008/2427 8099/1009/2428 8100/1010/4999 8101/1011/5000
f 8101/1011/5000 8100/1010/4999 8090/1000/4250 8089/999/4994
f 8096/1006/3542 8098/1008/2427 8101/1011/5000 8097/1007/2426
f 8097/1007/2426 8101/1011/5000 8089/999/4994 8091/1001/4995
f 7869/729/692 8102/1012/5001 8103/1013/5002 7870/730/2260
f 8102/1012/5001 8104/1014/2431 8105/1015/4255 8103/1013/5002
f 7870/730/2260 8103/1013/5002 8106/1016/2432 7872/732/4899
f 8103/1013/5002 8105/1015/4255 8107/1017/4256 8106/1016/2432
f 8108/1018/931 8109/1019/5003 8110/1020/5004 8111/1021/3546
f 8111/1021/3546 8110/1020/5004 8112/1022/935 8113/1023/2439
f 8104/1014/2431 8108/1018/931 8111/1021/3546 8105/1015/4255
f 8105/1015/4255 8111/1021/3546 8113/1023/2439 8107/1017/4256
f 8099/1009/2428 8098/1008/2427 8114/1024/3548 8115/1025/5005
f 8098/1008/2427 8096/1006/3542 8116/1026/4259 8114/1024/3548
f 8115/1025/5005 8114/1024/3548 8113/1023/2439 8112/1022/935
f 8114/1024/3548 8116/1026/4259 8107/1017/4256 8113/1023/2439
f 8094/1004/4997 7849/709/4888 7875/735/2264 8117/1027/5006
f 8117/1027/5006 7875/735/2264 7872/732/4899 8106/1016/2432
f 8096/1006/3542 8094/1004/4997 8117/1027/5006 8116/1026/4259
f 8116/1026/4259 8117/1027/5006 8106/1016/2432 8107/1017/4256
f 8118/1028/5007 8119/1029/5008 8120/1030/943 8121/1031/5009
f 8119/1029/5008 8122/1032/2448 8123/1033/4262 8120/1030/943
f 8121/1031/5009 8120/1030/943 8124/1034/5010 8125/1035/5011
f 8120/1030/943 8123/1033/4262 8126/1036/4263 8124/1034/5010
f 8127/1037/5012 8109/1038/5003 8108/1039/931 8128/1040/5013
f 8128/1040/5013 8108/1039/931 8104/1041/2431 8129/1042/5014
f 8122/1032/2448 8127/1037/5012 8128/1040/5013 8123/1033/4262
f 8123/1033/4262 8128/1040/5013 8129/1042/5014 8126/1036/4263
f 7869/749/692 7888/748/2271 8130/1043/2455 8102/1044/5001
f 7888/748/2271 7883/743/4904 8131/1045/954 8130/1043/2455
f 8102/1044/5001 8130/1043/2455 8129/1042/5014 8104/1041/2431
f 8130/1043/2455 8131/1045/954 8126/1036/4263 8129/1042/5014
f 7880/740/4902 7879/739/4901 8132/1046/5015 8133/1047/5016
f 8133/1047/5016 8132/1046/5015 8125/1035/5011 8124/1034/5010
f 7883/743/4904 7880/740/4902 8133/1047/5016 8131/1045/954
f 8131/1045/954 8133/1047/5016 8124/1034/5010 8126/1036/4263
f 8134/1048/957 8135/1049/2459 8136/1050/5017 8137/1051/2461
f 8135/1049/2459 8138/1052/5018 8139/1053/4267 8136/1050/5017
f 8137/1051/2461 8136/1050/5017 8140/1054/963 8141/1055/5019
f 8136/1050/5017 8139/1053/4267 8142/1056/965 8140/1054/963
f 8143/1057/5020 8118/1028/5007 8121/1031/5009 8144/1058/967
f 8144/1058/967 8121/1031/5009 8125/1035/5011 8145/1059/968
f 8138/1052/5018 8143/1057/5020 8144/1058/967 8139/1053/4267
f 8139/1053/4267 8144/1058/967 8145/1059/968 8142/1056/965
f 7879/739/4901 7908/773/731 8146/1060/4269 8132/1046/5015
f 7908/773/731 7903/768/4916 8147/1061/970 8146/1060/4269
f 8132/1046/5015 8146/1060/4269 8145/1059/968 8125/1035/5011
f 8146/1060/4269 8147/1061/970 8142/1056/965 8145/1059/968
f 7900/765/4913 7899/764/722 8148/1062/2468 8149/1063/3566
f 8149/1063/3566 8148/1062/2468 8141/1055/5019 8140/1054/963
f 7903/768/4916 7900/765/4913 8149/1063/3566 8147/1061/970
f 8147/1061/970 8149/1063/3566 8140/1054/963 8142/1056/965
f 8134/1048/957 8137/1051/2461 8150/1064/4271 8151/1065/3568
f 8137/1051/2461 8141/1055/5019 8152/1066/975 8150/1064/4271
f 8151/1065/3568 8150/1064/4271 8153/1067/2472 8154/1068/5021
f 8150/1064/4271 8152/1066/975 8155/1069/3570 8153/1067/2472
f 8148/1062/2468 7899/764/722 7935/800/2310 8156/1070/3571
f 8156/1070/3571 7935/800/2310 7932/797/4926 8157/1071/2476
f 8141/1055/5019 8148/1062/2468 8156/1070/3571 8152/1066/975
f 8152/1066/975 8156/1070/3571 8157/1071/2476 8155/1069/3570
f 7929/794/752 8158/1072/5022 8159/1073/2478 7930/795/3461
f 8158/1072/5022 8160/1074/983 8161/1075/5023 8159/1073/2478
f 7930/795/3461 8159/1073/2478 8157/1071/2476 7932/797/4926
f 8159/1073/2478 8161/1075/5023 8155/1069/3570 8157/1071/2476
f 8162/1076/4276 8163/1077/5024 8164/1078/5025 8165/1079/3575
f 8165/1079/3575 8164/1078/5025 8154/1068/5021 8153/1067/2472
f 8160/1074/983 8162/1076/4276 8165/1079/3575 8161/1075/5023
f 8161/1075/5023 8165/1079/3575 8153/1067/2472 8155/1069/3570
f 8163/1077/5024 8162/1076/4276 8166/1080/989 8167/1081/3576
f 8162/1076/4276 8160/1074/983 8168/1082/2486 8166/1080/989
f 8167/1081/3576 8166/1080/989 8169/1083/2487 8170/1084/5026
f 8166/1080/989 8168/1082/2486 8171/1085/2489 8169/1083/2487
f 8158/1072/5022 7929/794/752 7950/820/2320 8172/1086/2490
f 8172/1086/2490 7950/820/2320 7947/817/770 8173/1087/3578
f 8160/1074/983 8158/1072/5022 8172/1086/2490 8168/1082/2486
f 8168/1082/2486 8172/1086/2490 8173/1087/3578 8171/1085/2489
f 7804/814/2216 8066/1088/889 8174/1089/997 7945/815/4930
f 8066/1088/889 8063/1090/2402 8175/1091/5027 8174/1089/997
f 7945/815/4930 8174/1089/997 8173/1087/3578 7947/817/770
f 8174/1089/997 8175/1091/5027 8171/1085/2489 8173/1087/3578
f 8061/1092/4979 8060/1093/2399 8176/1094/3580 8177/1095/1000
f 8177/1095/1000 8176/1094/3580 8170/1084/5026 8169/1083/2487
f 8063/1090/2402 8061/1092/4979 8177/1095/1000 8175/1091/5027
f 8175/1091/5027 8177/1095/1000 8169/1083/2487 8171/1085/2489
f 8178/1096/4280 8179/1097/5028 8180/1098/3582 8181/1099/1004
f 8179/1097/5028 8182/1100/5029 8183/1101/1006 8180/1098/3582
f 8181/1099/1004 8180/1098/3582 8184/1102/5030 8185/1103/5031
f 8180/1098/3582 8183/1101/1006 8186/1104/5032 8184/1102/5030
f 8187/1105/5033 8188/1106/5034 8189/1107/5035 8190/1108/5036
f 8190/1108/5036 8189/1107/5035 8191/1109/5037 8192/1110/1015
f 8182/1100/5029 8187/1105/5033 8190/1108/5036 8183/1101/1006
f 8183/1101/1006 8190/1108/5036 8192/1110/1015 8186/1104/5032
f 7368/202/4635 7371/205/4007 8193/1111/1016 8194/1112/1017
f 7371/205/4007 7366/200/4006 8195/1113/2502 8193/1111/1016
f 8194/1112/1017 8193/1111/1016 8192/1110/1015 8191/1109/5037
f 8193/1111/1016 8195/1113/2502 8186/1104/5032 8192/1110/1015
f 7364/198/188 7363/197/1910 8196/1114/1019 8197/1115/1020
f 8197/1115/1020 8196/1114/1019 8185/1103/5031 8184/1102/5030
f 7366/200/4006 7364/198/188 8197/1115/1020 8195/1113/2502
f 8195/1113/2502 8197/1115/1020 8184/1102/5030 8186/1104/5032
f 8198/1116/2504 8199/1117/5038 8200/1118/4285 8201/1119/5039
f 8199/1117/5038 8202/1120/1025 8203/1121/5040 8200/1118/4285
f 8201/1119/5039 8200/1118/4285 8204/1122/2507 8205/1123/5041
f 8200/1118/4285 8203/1121/5040 8206/1124/5042 8204/1122/2507
f 8207/1125/5043 8208/1126/1031 8209/1127/3596 8210/1128/5044
f 8210/1128/5044 8209/1127/3596 8211/1129/5045 8212/1130/1035
f 8202/1120/1025 8207/1125/5043 8210/1128/5044 8203/1121/5040
f 8203/1121/5040 8210/1128/5044 8212/1130/1035 8206/1124/5042
f 7368/1131/4635 8194/1132/1017 8213/1133/1036 8214/1134/1037
f 8194/1132/1017 8191/1135/5037 8215/1136/5046 8213/1133/1036
f 8214/1134/1037 8213/1133/1036 8212/1130/1035 8211/1129/5045
f 8213/1133/1036 8215/1136/5046 8206/1124/5042 8212/1130/1035
f 8189/1137/5035 8188/1138/5034 8216/1139/3597 8217/1140/5047
f 8217/1140/5047 8216/1139/3597 8205/1123/5041 8204/1122/2507
f 8191/1135/5037 8189/1137/5035 8217/1140/5047 8215/1136/5046
f 8215/1136/5046 8217/1140/5047 8204/1122/2507 8206/1124/5042
f 7368/1131/4635 8214/1134/1037 8218/1141/1041 7369/1142/4636
f 8214/1134/1037 8211/1129/5045 8219/1143/1042 8218/1141/1041
f 7369/1142/4636 8218/1141/1041 8220/1144/5048 7372/1145/196
f 8218/1141/1041 8219/1143/1042 8221/1146/5049 8220/1144/5048
f 8209/1127/3596 8208/1126/1031 8222/1147/5050 8223/1148/5051
f 8223/1148/5051 8222/1147/5050 8224/1149/5052 8225/1150/1048
f 8211/1129/5045 8209/1127/3596 8223/1148/5051 8219/1143/1042
f 8219/1143/1042 8223/1148/5051 8225/1150/1048 8221/1146/5049
f 8226/1151/5053 8227/1152/5054 8228/1153/4289 8229/1154/5055
f 8227/1152/5054 8230/1155/5056 8231/1156/2519 8228/1153/4289
f 8229/1154/5055 8228/1153/4289 8225/1150/1048 8224/1149/5052
f 8228/1153/4289 8231/1156/2519 8221/1146/5049 8225/1150/1048
f 8232/1157/5057 7375/1158/1917 7374/1159/4638 8233/1160/5058
f 8233/1160/5058 7374/1159/4638 7372/1145/196 8220/1144/5048
f 8230/1155/5056 8232/1157/5057 8233/1160/5058 8231/1156/2519
f 8231/1156/2519 8233/1160/5058 8220/1144/5048 8221/1146/5049
f 7353/187/4625 7356/190/4627 8234/1161/5059 8235/1162/2522
f 7356/190/4627 7360/194/4630 8236/1163/5060 8234/1161/5059
f 8235/1162/2522 8234/1161/5059 8237/1164/4290 8238/1165/1061
f 8234/1161/5059 8236/1163/5060 8239/1166/1062 8237/1164/4290
f 7376/210/4639 7375/209/1917 8240/1167/1063 8241/1168/2525
f 8241/1168/2525 8240/1167/1063 8242/1169/2526 8243/1170/5061
f 7360/194/4630 7376/210/4639 8241/1168/2525 8236/1163/5060
f 8236/1163/5060 8241/1168/2525 8243/1170/5061 8239/1166/1062
f 8244/1171/5062 8245/1172/2527 8246/1173/3611 8247/1174/5063
f 8245/1172/2527 8248/1175/2530 8249/1176/5064 8246/1173/3611
f 8247/1174/5063 8246/1173/3611 8243/1170/5061 8242/1169/2526
f 8246/1173/3611 8249/1176/5064 8239/1166/1062 8243/1170/5061
f 8250/1177/1073 8251/1178/1074 8252/1179/5065 8253/1180/5066
f 8253/1180/5066 8252/1179/5065 8238/1165/1061 8237/1164/4290
f 8248/1175/2530 8250/1177/1073 8253/1180/5066 8249/1176/5064
f 8249/1176/5064 8253/1180/5066 8237/1164/4290 8239/1166/1062
f 8254/1181/3613 8255/1182/2535 8256/1183/5067 8257/1184/4295
f 8255/1182/2535 8258/1185/5068 8259/1186/1082 8256/1183/5067
f 8257/1184/4295 8256/1183/5067 8260/1187/5069 8261/1188/5070
f 8256/1183/5067 8259/1186/1082 8262/1189/2540 8260/1187/5069
f 8263/1190/5071 7363/197/1910 7362/196/4632 8264/1191/3619
f 8264/1191/3619 7362/196/4632 7357/191/4628 8265/1192/3620
f 8258/1185/5068 8263/1190/5071 8264/1191/3619 8259/1186/1082
f 8259/1186/1082 8264/1191/3619 8265/1192/3620 8262/1189/2540
f 7353/187/4625 8235/1162/2522 8266/1193/5072 7354/188/178
f 8235/1162/2522 8238/1165/1061 8267/1194/4298 8266/1193/5072
f 7354/188/178 8266/1193/5072 8265/1192/3620 7357/191/4628
f 8266/1193/5072 8267/1194/4298 8262/1189/2540 8265/1192/3620
f 8252/1179/5065 8251/1178/1074 8268/1195/5073 8269/1196/3622
f 8269/1196/3622 8268/1195/5073 8261/1188/5070 8260/1187/5069
f 8238/1165/1061 8252/1179/5065 8269/1196/3622 8267/1194/4298
f 8267/1194/4298 8269/1196/3622 8260/1187/5069 8262/1189/2540
f 8178/1096/4280 8181/1099/1004 8270/1197/2546 8271/1198/1094
f 8181/1099/1004 8185/1103/5031 8272/1199/2548 8270/1197/2546
f 8271/1198/1094 8270/1197/2546 8273/1200/5074 8274/1201/2550
f 8270/1197/2546 8272/1199/2548 8275/1202/3626 8273/1200/5074
f 8196/1114/1019 7363/197/1910 8263/1190/5071 8276/1203/5075
f 8276/1203/5075 8263/1190/5071 8258/1185/5068 8277/1204/5076
f 8185/1103/5031 8196/1114/1019 8276/1203/5075 8272/1199/2548
f 8272/1199/2548 8276/1203/5075 8277/1204/5076 8275/1202/3626
f 8254/1181/3613 8278/1205/5077 8279/1206/2554 8255/1182/2535
f 8278/1205/5077 8280/1207/5078 8281/1208/5079 8279/1206/2554
f 8255/1182/2535 8279/1206/2554 8277/1204/5076 8258/1185/5068
f 8279/1206/2554 8281/1208/5079 8275/1202/3626 8277/1204/5076
f 8282/1209/5080 8283/1210/5081 8284/1211/5082 8285/1212/5083
f 8285/1212/5083 8284/1211/5082 8274/1201/2550 8273/1200/5074
f 8280/1207/5078 8282/1209/5080 8285/1212/5083 8281/1208/5079
f 8281/1208/5079 8285/1212/5083 8273/1200/5074 8275/1202/3626
f 8286/1213/4304 8287/1214/4305 8288/1215/5084 8289/1216/3635
f 8287/1214/4305 8290/1217/5085 8291/1218/5086 8288/1215/5084
f 8289/1216/3635 8288/1215/5084 8292/1219/2565 8293/1220/5087
f 8288/1215/5084 8291/1218/5086 8294/1221/5088 8292/1219/2565
f 8295/1222/5089 8188/1106/5034 8187/1105/5033 8296/1223/2567
f 8296/1223/2567 8187/1105/5033 8182/1100/5029 8297/1224/1120
f 8290/1217/5085 8295/1222/5089 8296/1223/2567 8291/1218/5086
f 8291/1218/5086 8296/1223/2567 8297/1224/1120 8294/1221/5088
f 8178/1096/4280 8271/1198/1094 8298/1225/1121 8179/1097/5028
f 8271/1198/1094 8274/1201/2550 8299/1226/5090 8298/1225/1121
f 8179/1097/5028 8298/1225/1121 8297/1224/1120 8182/1100/5029
f 8298/1225/1121 8299/1226/5090 8294/1221/5088 8297/1224/1120
f 8284/1211/5082 8283/1210/5081 8300/1227/4309 8301/1228/2570
f 8301/1228/2570 8300/1227/4309 8293/1220/5087 8292/1219/2565
f 8274/1201/2550 8284/1211/5082 8301/1228/2570 8299/1226/5090
f 8299/1226/5090 8301/1228/2570 8292/1219/2565 8294/1221/5088
f 8198/1116/2504 8201/1119/5039 8302/1229/5091 8303/1230/3640
f 8201/1119/5039 8205/1123/5041 8304/1231/5092 8302/1229/5091
f 8303/1230/3640 8302/1229/5091 8305/1232/5093 8306/1233/2574
f 8302/1229/5091 8304/1231/5092 8307/1234/1130 8305/1232/5093
f 8216/1139/3597 8188/1138/5034 8295/1235/5089 8308/1236/2575
f 8308/1236/2575 8295/1235/5089 8290/1237/5085 8309/1238/2576
f 8205/1123/5041 8216/1139/3597 8308/1236/2575 8304/1231/5092
f 8304/1231/5092 8308/1236/2575 8309/1238/2576 8307/1234/1130
f 8286/1239/4304 8310/1240/2577 8311/1241/5094 8287/1242/4305
f 8310/1240/2577 8312/1243/5095 8313/1244/1136 8311/1241/5094
f 8287/1242/4305 8311/1241/5094 8309/1238/2576 8290/1237/5085
f 8311/1241/5094 8313/1244/1136 8307/1234/1130 8309/1238/2576
f 8314/1245/5096 8315/1246/5097 8316/1247/1139 8317/1248/2584
f 8317/1248/2584 8316/1247/1139 8306/1233/2574 8305/1232/5093
f 8312/1243/5095 8314/1245/5096 8317/1248/2584 8313/1244/1136
f 8313/1244/1136 8317/1248/2584 8305/1232/5093 8307/1234/1130
f 8318/1249/1141 8319/1250/1142 8320/1251/2587 8321/1252/2588
f 8319/1250/1142 8322/1253/5098 8323/1254/5099 8320/1251/2587
f 8321/1252/2588 8320/1251/2587 8324/1255/2590 8325/1256/5100
f 8320/1251/2587 8323/1254/5099 8326/1257/5101 8324/1255/2590
f 8327/1258/5102 8208/1126/1031 8207/1125/5043 8328/1259/1151
f 8328/1259/1151 8207/1125/5043 8202/1120/1025 8329/1260/5103
f 8322/1253/5098 8327/1258/5102 8328/1259/1151 8323/1254/5099
f 8323/1254/5099 8328/1259/1151 8329/1260/5103 8326/1257/5101
f 8198/1116/2504 8303/1230/3640 8330/1261/5104 8199/1117/5038
f 8303/1230/3640 8306/1233/2574 8331/1262/5105 8330/1261/5104
f 8199/1117/5038 8330/1261/5104 8329/1260/5103 8202/1120/1025
f 8330/1261/5104 8331/1262/5105 8326/1257/5101 8329/1260/5103
f 8316/1247/1139 8315/1246/5097 8332/1263/5106 8333/1264/5107
f 8333/1264/5107 8332/1263/5106 8325/1256/5100 8324/1255/2590
f 8306/1233/2574 8316/1247/1139 8333/1264/5107 8331/1262/5105
f 8331/1262/5105 8333/1264/5107 8324/1255/2590 8326/1257/5101
f 8226/1151/5053 8229/1154/5055 8334/1265/2600 8335/1266/5108
f 8229/1154/5055 8224/1149/5052 8336/1267/5109 8334/1265/2600
f 8335/1266/5108 8334/1265/2600 8337/1268/1160 8338/1269/5110
f 8334/1265/2600 8336/1267/5109 8339/1270/3654 8337/1268/1160
f 8222/1147/5050 8208/1126/1031 8327/1258/5102 8340/1271/2604
f 8340/1271/2604 8327/1258/5102 8322/1253/5098 8341/1272/5111
f 8224/1149/5052 8222/1147/5050 8340/1271/2604 8336/1267/5109
f 8336/1267/5109 8340/1271/2604 8341/1272/5111 8339/1270/3654
f 8318/1249/1141 8342/1273/5112 8343/1274/3657 8319/1250/1142
f 8342/1273/5112 8344/1275/5113 8345/1276/2609 8343/1274/3657
f 8319/1250/1142 8343/1274/3657 8341/1272/5111 8322/1253/5098
f 8343/1274/3657 8345/1276/2609 8339/1270/3654 8341/1272/5111
f 8346/1277/5114 8347/1278/5115 8348/1279/2611 8349/1280/1172
f 8349/1280/1172 8348/1279/2611 8338/1269/5110 8337/1268/1160
f 8344/1275/5113 8346/1277/5114 8349/1280/1172 8345/1276/2609
f 8345/1276/2609 8349/1280/1172 8337/1268/1160 8339/1270/3654
f 8244/1281/5062 8247/1282/5063 8350/1283/5116 8351/1284/1174
f 8247/1282/5063 8242/1285/2526 8352/1286/5117 8350/1283/5116
f 8351/1284/1174 8350/1283/5116 8353/1287/5118 8354/1288/3664
f 8350/1283/5116 8352/1286/5117 8355/1289/5119 8353/1287/5118
f 8240/1290/1063 7375/1158/1917 8232/1157/5057 8356/1291/2615
f 8356/1291/2615 8232/1157/5057 8230/1155/5056 8357/1292/3667
f 8242/1285/2526 8240/1290/1063 8356/1291/2615 8352/1286/5117
f 8352/1286/5117 8356/1291/2615 8357/1292/3667 8355/1289/5119
f 8226/1151/5053 8335/1266/5108 8358/1293/5120 8227/1152/5054
f 8335/1266/5108 8338/1269/5110 8359/1294/5121 8358/1293/5120
f 8227/1152/5054 8358/1293/5120 8357/1292/3667 8230/1155/5056
f 8358/1293/5120 8359/1294/5121 8355/1289/5119 8357/1292/3667
f 8348/1279/2611 8347/1278/5115 8360/1295/5122 8361/1296/2619
f 8361/1296/2619 8360/1295/5122 8354/1288/3664 8353/1287/5118
f 8338/1269/5110 8348/1279/2611 8361/1296/2619 8359/1294/5121
f 8359/1294/5121 8361/1296/2619 8353/1287/5118 8355/1289/5119
f 8362/1297/5123 8363/1298/3670 8364/1299/1187 8365/1300/5124
f 8363/1298/3670 8366/1301/3673 8367/1302/5125 8364/1299/1187
f 8365/1300/5124 8364/1299/1187 8368/1303/2624 8369/1304/5126
f 8364/1299/1187 8367/1302/5125 8370/1305/2626 8368/1303/2624
f 8371/1306/3677 8372/1307/1195 8373/1308/5127 8374/1309/2629
f 8374/1309/2629 8373/1308/5127 8375/1310/3679 8376/1311/3680
f 8366/1301/3673 8371/1306/3677 8374/1309/2629 8367/1302/5125
f 8367/1302/5125 8374/1309/2629 8376/1311/3680 8370/1305/2626
f 8060/970/2399 8059/969/3524 8377/1312/3681 8378/1313/5128
f 8059/969/3524 8054/964/2393 8379/1314/5129 8377/1312/3681
f 8378/1313/5128 8377/1312/3681 8376/1311/3680 8375/1310/3679
f 8377/1312/3681 8379/1314/5129 8370/1305/2626 8376/1311/3680
f 8051/961/2391 8050/960/873 8380/1315/5130 8381/1316/5131
f 8381/1316/5131 8380/1315/5130 8369/1304/5126 8368/1303/2624
f 8054/964/2393 8051/961/2391 8381/1316/5131 8379/1314/5129
f 8379/1314/5129 8381/1316/5131 8368/1303/2624 8370/1305/2626
f 8382/1317/1205 8383/1318/1206 8384/1319/5132 8385/1320/2639
f 8383/1318/1206 8386/1321/1209 8387/1322/5133 8384/1319/5132
f 8385/1320/2639 8384/1319/5132 8388/1323/5134 8389/1324/5135
f 8384/1319/5132 8387/1322/5133 8390/1325/5136 8388/1323/5134
f 8391/1326/5137 8362/1297/5123 8365/1300/5124 8392/1327/5138
f 8392/1327/5138 8365/1300/5124 8369/1304/5126 8393/1328/2646
f 8386/1321/1209 8391/1326/5137 8392/1327/5138 8387/1322/5133
f 8387/1322/5133 8392/1327/5138 8393/1328/2646 8390/1325/5136
f 8050/960/873 8079/989/902 8394/1329/5139 8380/1315/5130
f 8079/989/902 8074/984/4244 8395/1330/5140 8394/1329/5139
f 8380/1315/5130 8394/1329/5139 8393/1328/2646 8369/1304/5126
f 8394/1329/5139 8395/1330/5140 8390/1325/5136 8393/1328/2646
f 8071/981/4983 8070/980/3530 8396/1331/5141 8397/1332/5142
f 8397/1332/5142 8396/1331/5141 8389/1324/5135 8388/1323/5134
f 8074/984/4244 8071/981/4983 8397/1332/5142 8395/1330/5140
f 8395/1330/5140 8397/1332/5142 8388/1323/5134 8390/1325/5136
f 8382/1317/1205 8385/1320/2639 8398/1333/2649 8399/1334/2650
f 8385/1320/2639 8389/1324/5135 8400/1335/5143 8398/1333/2649
f 8399/1334/2650 8398/1333/2649 8401/1336/1224 8402/1337/5144
f 8398/1333/2649 8400/1335/5143 8403/1338/5145 8401/1336/1224
f 8396/1331/5141 8070/980/3530 8087/997/4993 8404/1339/2654
f 8404/1339/2654 8087/997/4993 8090/1000/4250 8405/1340/1228
f 8389/1324/5135 8396/1331/5141 8404/1339/2654 8400/1335/5143
f 8400/1335/5143 8404/1339/2654 8405/1340/1228 8403/1338/5145
f 8099/1009/2428 8406/1341/5146 8407/1342/1230 8100/1010/4999
f 8406/1341/5146 8408/1343/5147 8409/1344/1232 8407/1342/1230
f 8100/1010/4999 8407/1342/1230 8405/1340/1228 8090/1000/4250
f 8407/1342/1230 8409/1344/1232 8403/1338/5145 8405/1340/1228
f 8410/1345/5148 8411/1346/2658 8412/1347/1235 8413/1348/2660
f 8413/1348/2660 8412/1347/1235 8402/1337/5144 8401/1336/1224
f 8408/1343/5147 8410/1345/5148 8413/1348/2660 8409/1344/1232
f 8409/1344/1232 8413/1348/2660 8401/1336/1224 8403/1338/5145
f 8109/1019/5003 8414/1349/5149 8415/1350/2661 8110/1020/5004
f 8414/1349/5149 8416/1351/5150 8417/1352/5151 8415/1350/2661
f 8110/1020/5004 8415/1350/2661 8418/1353/5152 8112/1022/935
f 8415/1350/2661 8417/1352/5151 8419/1354/2665 8418/1353/5152
f 8420/1355/5153 8421/1356/5154 8422/1357/5155 8423/1358/4350
f 8423/1358/4350 8422/1357/5155 8424/1359/5156 8425/1360/5157
f 8416/1351/5150 8420/1355/5153 8423/1358/4350 8417/1352/5151
f 8417/1352/5151 8423/1358/4350 8425/1360/5157 8419/1354/2665
f 8411/1346/2658 8410/1345/5148 8426/1361/5158 8427/1362/5159
f 8410/1345/5148 8408/1343/5147 8428/1363/2672 8426/1361/5158
f 8427/1362/5159 8426/1361/5158 8425/1360/5157 8424/1359/5156
f 8426/1361/5158 8428/1363/2672 8419/1354/2665 8425/1360/5157
f 8406/1341/5146 8099/1009/2428 8115/1025/5005 8429/1364/1252
f 8429/1364/1252 8115/1025/5005 8112/1022/935 8418/1353/5152
f 8408/1343/5147 8406/1341/5146 8429/1364/1252 8428/1363/2672
f 8428/1363/2672 8429/1364/1252 8418/1353/5152 8419/1354/2665
f 8430/1365/2673 8431/1366/2674 8432/1367/1255 8433/1368/2676
f 8431/1366/2674 8434/1369/5160 8435/1370/2678 8432/1367/1255
f 8433/1368/2676 8432/1367/1255 8436/1371/5161 8437/1372/1260
f 8432/1367/1255 8435/1370/2678 8438/1373/5162 8436/1371/5161
f 8439/1374/1262 8421/1375/5154 8420/1376/5153 8440/1377/2683
f 8440/1377/2683 8420/1376/5153 8416/1378/5150 8441/1379/5163
f 8434/1369/5160 8439/1374/1262 8440/1377/2683 8435/1370/2678
f 8435/1370/2678 8440/1377/2683 8441/1379/5163 8438/1373/5162
f 8109/1038/5003 8127/1037/5012 8442/1380/5164 8414/1381/5149
f 8127/1037/5012 8122/1032/2448 8443/1382/3715 8442/1380/5164
f 8414/1381/5149 8442/1380/5164 8441/1379/5163 8416/1378/5150
f 8442/1380/5164 8443/1382/3715 8438/1373/5162 8441/1379/5163
f 8119/1029/5008 8118/1028/5007 8444/1383/5165 8445/1384/2686
f 8445/1384/2686 8444/1383/5165 8437/1372/1260 8436/1371/5161
f 8122/1032/2448 8119/1029/5008 8445/1384/2686 8443/1382/3715
f 8443/1382/3715 8445/1384/2686 8436/1371/5161 8438/1373/5162
f 8134/1048/957 8446/1385/2687 8447/1386/5166 8135/1049/2459
f 8446/1385/2687 8448/1387/5167 8449/1388/5168 8447/1386/5166
f 8135/1049/2459 8447/1386/5166 8450/1389/5169 8138/1052/5018
f 8447/1386/5166 8449/1388/5168 8451/1390/3718 8450/1389/5169
f 8452/1391/5170 8453/1392/5171 8454/1393/5172 8455/1394/2694
f 8455/1394/2694 8454/1393/5172 8456/1395/5173 8457/1396/2696
f 8448/1387/5167 8452/1391/5170 8455/1394/2694 8449/1388/5168
f 8449/1388/5168 8455/1394/2694 8457/1396/2696 8451/1390/3718
f 8430/1365/2673 8433/1368/2676 8458/1397/3722 8459/1398/2698
f 8433/1368/2676 8437/1372/1260 8460/1399/2699 8458/1397/3722
f 8459/1398/2698 8458/1397/3722 8457/1396/2696 8456/1395/5173
f 8458/1397/3722 8460/1399/2699 8451/1390/3718 8457/1396/2696
f 8444/1383/5165 8118/1028/5007 8143/1057/5020 8461/1400/5174
f 8461/1400/5174 8143/1057/5020 8138/1052/5018 8450/1389/5169
f 8437/1372/1260 8444/1383/5165 8461/1400/5174 8460/1399/2699
f 8460/1399/2699 8461/1400/5174 8450/1389/5169 8451/1390/3718
f 8462/1401/2701 8463/1402/1286 8464/1403/5175 8465/1404/4364
f 8463/1402/1286 8466/1405/5176 8467/1406/5177 8464/1403/5175
f 8465/1404/4364 8464/1403/5175 8468/1407/1291 8469/1408/2707
f 8464/1403/5175 8467/1406/5177 8470/1409/5178 8468/1407/1291
f 8471/1410/5179 8453/1392/5171 8452/1391/5170 8472/1411/5180
f 8472/1411/5180 8452/1391/5170 8448/1387/5167 8473/1412/5181
f 8466/1405/5176 8471/1410/5179 8472/1411/5180 8467/1406/5177
f 8467/1406/5177 8472/1411/5180 8473/1412/5181 8470/1409/5178
f 8134/1048/957 8151/1065/3568 8474/1413/4368 8446/1385/2687
f 8151/1065/3568 8154/1068/5021 8475/1414/5182 8474/1413/4368
f 8446/1385/2687 8474/1413/4368 8473/1412/5181 8448/1387/5167
f 8474/1413/4368 8475/1414/5182 8470/1409/5178 8473/1412/5181
f 8164/1078/5025 8163/1077/5024 8476/1415/5183 8477/1416/1300
f 8477/1416/1300 8476/1415/5183 8469/1408/2707 8468/1407/1291
f 8154/1068/5021 8164/1078/5025 8477/1416/1300 8475/1414/5182
f 8475/1414/5182 8477/1416/1300 8468/1407/1291 8470/1409/5178
f 8060/1093/2399 8378/1417/5128 8478/1418/2715 8176/1094/3580
f 8378/1417/5128 8375/1419/3679 8479/1420/5184 8478/1418/2715
f 8176/1094/3580 8478/1418/2715 8480/1421/2717 8170/1084/5026
f 8478/1418/2715 8479/1420/5184 8481/1422/3733 8480/1421/2717
f 8373/1423/5127 8372/1424/1195 8482/1425/2718 8483/1426/5185
f 8483/1426/5185 8482/1425/2718 8484/1427/5186 8485/1428/5187
f 8375/1419/3679 8373/1423/5127 8483/1426/5185 8479/1420/5184
f 8479/1420/5184 8483/1426/5185 8485/1428/5187 8481/1422/3733
f 8462/1401/2701 8465/1404/4364 8486/1429/5188 8487/1430/3736
f 8465/1404/4364 8469/1408/2707 8488/1431/4375 8486/1429/5188
f 8487/1430/3736 8486/1429/5188 8485/1428/5187 8484/1427/5186
f 8486/1429/5188 8488/1431/4375 8481/1422/3733 8485/1428/5187
f 8476/1415/5183 8163/1077/5024 8167/1081/3576 8489/1432/1312
f 8489/1432/1312 8167/1081/3576 8170/1084/5026 8480/1421/2717
f 8469/1408/2707 8476/1415/5183 8489/1432/1312 8488/1431/4375
f 8488/1431/4375 8489/1432/1312 8480/1421/2717 8481/1422/3733
f 8490/1433/4376 8491/1434/1314 8492/1435/5189 8493/1436/1315
f 8491/1434/1314 8494/1437/5190 8495/1438/1318 8492/1435/5189
f 8493/1436/1315 8492/1435/5189 8496/1439/1319 8497/1440/5191
f 8492/1435/5189 8495/1438/1318 8498/1441/5192 8496/1439/1319
f 8499/1442/2732 8500/1443/5193 8501/1444/5194 8502/1445/5195
f 8502/1445/5195 8501/1444/5194 8503/1446/2736 8504/1447/5196
f 8494/1437/5190 8499/1442/2732 8502/1445/5195 8495/1438/1318
f 8495/1438/1318 8502/1445/5195 8504/1447/5196 8498/1441/5192
f 8505/1448/3745 8506/1449/5197 8507/1450/1330 8508/1451/4388
f 8506/1449/5197 8509/1452/5198 8510/1453/1333 8507/1450/1330
f 8508/1451/4388 8507/1450/1330 8504/1447/5196 8503/1446/2736
f 8507/1450/1330 8510/1453/1333 8498/1441/5192 8504/1447/5196
f 8511/1454/1334 8512/1455/1335 8513/1456/5199 8514/1457/1337
f 8514/1457/1337 8513/1456/5199 8497/1440/5191 8496/1439/1319
f 8509/1452/5198 8511/1454/1334 8514/1457/1337 8510/1453/1333
f 8510/1453/1333 8514/1457/1337 8496/1439/1319 8498/1441/5192
f 8515/1458/5200 8516/1459/5201 8517/1460/5202 8518/1461/3750
f 8516/1459/5201 8519/1462/2750 8520/1463/1343 8517/1460/5202
f 8518/1461/3750 8517/1460/5202 8521/1464/5203 8522/1465/5204
f 8517/1460/5202 8520/1463/1343 8523/1466/5205 8521/1464/5203
f 8524/1467/5206 8525/1468/1348 8526/1469/5207 8527/1470/5208
f 8527/1470/5208 8526/1469/5207 8528/1471/1351 8529/1472/2756
f 8519/1462/2750 8524/1467/5206 8527/1470/5208 8520/1463/1343
f 8520/1463/1343 8527/1470/5208 8529/1472/2756 8523/1466/5205
f 8512/1455/1335 8511/1454/1334 8530/1473/5209 8531/1474/5210
f 8511/1454/1334 8509/1452/5198 8532/1475/5211 8530/1473/5209
f 8531/1474/5210 8530/1473/5209 8529/1472/2756 8528/1471/1351
f 8530/1473/5209 8532/1475/5211 8523/1466/5205 8529/1472/2756
f 8506/1449/5197 8505/1448/3745 8533/1476/4395 8534/1477/5212
f 8534/1477/5212 8533/1476/4395 8522/1465/5204 8521/1464/5203
f 8509/1452/5198 8506/1449/5197 8534/1477/5212 8532/1475/5211
f 8532/1475/5211 8534/1477/5212 8521/1464/5203 8523/1466/5205
f 8535/1478/5213 8536/1479/5214 8537/1480/3761 8538/1481/1361
f 8536/1479/5214 8539/1482/2765 8540/1483/5215 8537/1480/3761
f 8538/1481/1361 8537/1480/3761 8541/1484/1364 8542/1485/5216
f 8537/1480/3761 8540/1483/5215 8543/1486/2769 8541/1484/1364
f 8544/1487/1367 8525/1468/1348 8524/1467/5206 8545/1488/5217
f 8545/1488/5217 8524/1467/5206 8519/1462/2750 8546/1489/5218
f 8539/1482/2765 8544/1487/1367 8545/1488/5217 8540/1483/5215
f 8540/1483/5215 8545/1488/5217 8546/1489/5218 8543/1486/2769
f 8515/1458/5200 8547/1490/5219 8548/1491/5220 8516/1459/5201
f 8547/1490/5219 8549/1492/5221 8550/1493/2775 8548/1491/5220
f 8516/1459/5201 8548/1491/5220 8546/1489/5218 8519/1462/2750
f 8548/1491/5220 8550/1493/2775 8543/1486/2769 8546/1489/5218
f 8551/1494/2776 8552/1495/1375 8553/1496/5222 8554/1497/5223
f 8554/1497/5223 8553/1496/5222 8542/1485/5216 8541/1484/1364
f 8549/1492/5221 8551/1494/2776 8554/1497/5223 8550/1493/2775
f 8550/1493/2775 8554/1497/5223 8541/1484/1364 8543/1486/2769
f 8555/1498/1378 8556/1499/1379 8557/1500/5224 8558/1501/1381
f 8556/1499/1379 8559/1502/3770 8560/1503/2781 8557/1500/5224
f 8558/1501/1381 8557/1500/5224 8561/1504/1384 8562/1505/5225
f 8557/1500/5224 8560/1503/2781 8563/1506/5226 8561/1504/1384
f 8564/1507/5227 8535/1478/5213 8538/1481/1361 8565/1508/2784
f 8565/1508/2784 8538/1481/1361 8542/1485/5216 8566/1509/5228
f 8559/1502/3770 8564/1507/5227 8565/1508/2784 8560/1503/2781
f 8560/1503/2781 8565/1508/2784 8566/1509/5228 8563/1506/5226
f 8552/1495/1375 8567/1510/1390 8568/1511/5229 8553/1496/5222
f 8567/1510/1390 8569/1512/3774 8570/1513/5230 8568/1511/5229
f 8553/1496/5222 8568/1511/5229 8566/1509/5228 8542/1485/5216
f 8568/1511/5229 8570/1513/5230 8563/1506/5226 8566/1509/5228
f 8571/1514/3776 8572/1515/5231 8573/1516/5232 8574/1517/5233
f 8574/1517/5233 8573/1516/5232 8562/1505/5225 8561/1504/1384
f 8569/1512/3774 8571/1514/3776 8574/1517/5233 8570/1513/5230
f 8570/1513/5230 8574/1517/5233 8561/1504/1384 8563/1506/5226
f 8575/1518/5234 8576/1519/5235 8577/1520/5236 8578/1521/3780
f 8576/1519/5235 8579/1522/1402 8580/1523/5237 8577/1520/5236
f 8578/1521/3780 8577/1520/5236 8581/1524/4411 8582/1525/2795
f 8577/1520/5236 8580/1523/5237 8583/1526/1406 8581/1524/4411
f 8584/1527/5238 8555/1528/1378 8558/1529/1381 8585/1530/2797
f 8585/1530/2797 8558/1529/1381 8562/1531/5225 8586/1532/5239
f 8579/1522/1402 8584/1527/5238 8585/1530/2797 8580/1523/5237
f 8580/1523/5237 8585/1530/2797 8586/1532/5239 8583/1526/1406
f 8572/1533/5231 8587/1534/4413 8588/1535/5240 8573/1536/5232
f 8587/1534/4413 8589/1537/3787 8590/1538/1413 8588/1535/5240
f 8573/1536/5232 8588/1535/5240 8586/1532/5239 8562/1531/5225
f 8588/1535/5240 8590/1538/1413 8583/1526/1406 8586/1532/5239
f 8591/1539/1414 8592/1540/5241 8593/1541/2803 8594/1542/5242
f 8594/1542/5242 8593/1541/2803 8582/1525/2795 8581/1524/4411
f 8589/1537/3787 8591/1539/1414 8594/1542/5242 8590/1538/1413
f 8590/1538/1413 8594/1542/5242 8581/1524/4411 8583/1526/1406
f 8595/1543/3791 8596/1544/5243 8597/1545/1420 8598/1546/4418
f 8596/1544/5243 8599/1547/1422 8600/1548/2810 8597/1545/1420
f 8598/1546/4418 8597/1545/1420 8601/1549/5244 8602/1550/1425
f 8597/1545/1420 8600/1548/2810 8603/1551/5245 8601/1549/5244
f 8604/1552/5246 8605/1553/5247 8606/1554/5248 8607/1555/1430
f 8607/1555/1430 8606/1554/5248 8608/1556/2814 8609/1557/5249
f 8599/1547/1422 8604/1552/5246 8607/1555/1430 8600/1548/2810
f 8600/1548/2810 8607/1555/1430 8609/1557/5249 8603/1551/5245
f 8575/1518/5234 8578/1521/3780 8610/1558/5250 8611/1559/5251
f 8578/1521/3780 8582/1525/2795 8612/1560/5252 8610/1558/5250
f 8611/1559/5251 8610/1558/5250 8609/1557/5249 8608/1556/2814
f 8610/1558/5250 8612/1560/5252 8603/1551/5245 8609/1557/5249
f 8593/1541/2803 8592/1540/5241 8613/1561/3800 8614/1562/1437
f 8614/1562/1437 8613/1561/3800 8602/1550/1425 8601/1549/5244
f 8582/1525/2795 8593/1541/2803 8614/1562/1437 8612/1560/5252
f 8612/1560/5252 8614/1562/1437 8601/1549/5244 8603/1551/5245
f 8615/1563/1438 8616/1564/3801 8617/1565/5253 8618/1566/5254
f 8616/1564/3801 8619/1567/1442 8620/1568/2819 8617/1565/5253
f 8618/1566/5254 8617/1565/5253 8621/1569/5255 8622/1570/1445
f 8617/1565/5253 8620/1568/2819 8623/1571/1446 8621/1569/5255
f 8624/1572/1447 8605/1553/5247 8604/1552/5246 8625/1573/5256
f 8625/1573/5256 8604/1552/5246 8599/1547/1422 8626/1574/5257
f 8619/1567/1442 8624/1572/1447 8625/1573/5256 8620/1568/2819
f 8620/1568/2819 8625/1573/5256 8626/1574/5257 8623/1571/1446
f 8595/1543/3791 8627/1575/1450 8628/1576/5258 8596/1544/5243
f 8627/1575/1450 8629/1577/5259 8630/1578/5260 8628/1576/5258
f 8596/1544/5243 8628/1576/5258 8626/1574/5257 8599/1547/1422
f 8628/1576/5258 8630/1578/5260 8623/1571/1446 8626/1574/5257
f 8631/1579/3806 8632/1580/5261 8633/1581/5262 8634/1582/5263
f 8634/1582/5263 8633/1581/5262 8622/1570/1445 8621/1569/5255
f 8629/1577/5259 8631/1579/3806 8634/1582/5263 8630/1578/5260
f 8630/1578/5260 8634/1582/5263 8621/1569/5255 8623/1571/1446
f 8500/1583/5193 8499/1584/2732 8635/1585/1458 8636/1586/4431
f 8499/1584/2732 8494/1587/5190 8637/1588/5264 8635/1585/1458
f 8636/1586/4431 8635/1585/1458 8638/1589/1461 8639/1590/1462
f 8635/1585/1458 8637/1588/5264 8640/1591/1463 8638/1589/1461
f 8491/1592/1314 8490/1593/4376 8641/1594/1464 8642/1595/3814
f 8642/1595/3814 8641/1594/1464 8643/1596/5265 8644/1597/5266
f 8494/1587/5190 8491/1592/1314 8642/1595/3814 8637/1588/5264
f 8637/1588/5264 8642/1595/3814 8644/1597/5266 8640/1591/1463
f 8615/1563/1438 8618/1566/5254 8645/1598/2841 8646/1599/1469
f 8618/1566/5254 8622/1570/1445 8647/1600/5267 8645/1598/2841
f 8646/1599/1469 8645/1598/2841 8644/1597/5266 8643/1596/5265
f 8645/1598/2841 8647/1600/5267 8640/1591/1463 8644/1597/5266
f 8633/1581/5262 8632/1580/5261 8648/1601/1471 8649/1602/1472
f 8649/1602/1472 8648/1601/1471 8639/1590/1462 8638/1589/1461
f 8622/1570/1445 8633/1581/5262 8649/1602/1472 8647/1600/5267
f 8647/1600/5267 8649/1602/1472 8638/1589/1461 8640/1591/1463
f 8251/1178/1074 8250/1177/1073 8650/1603/5268 8651/1604/1474
f 8250/1177/1073 8248/1175/2530 8652/1605/5269 8650/1603/5268
f 8651/1604/1474 8650/1603/5268 8653/1606/5270 8654/1607/4439
f 8650/1603/5268 8652/1605/5269 8655/1608/5271 8653/1606/5270
f 8245/1172/2527 8244/1171/5062 8656/1609/2848 8657/1610/2849
f 8657/1610/2849 8656/1609/2848 8658/1611/5272 8659/1612/5273
f 8248/1175/2530 8245/1172/2527 8657/1610/2849 8652/1605/5269
f 8652/1605/5269 8657/1610/2849 8659/1612/5273 8655/1608/5271
f 8490/1433/4376 8493/1436/1315 8660/1613/5274 8661/1614/5275
f 8493/1436/1315 8497/1440/5191 8662/1615/5276 8660/1613/5274
f 8661/1614/5275 8660/1613/5274 8659/1612/5273 8658/1611/5272
f 8660/1613/5274 8662/1615/5276 8655/1608/5271 8659/1612/5273
f 8513/1456/5199 8512/1455/1335 8663/1616/2854 8664/1617/1487
f 8664/1617/1487 8663/1616/2854 8654/1607/4439 8653/1606/5270
f 8497/1440/5191 8513/1456/5199 8664/1617/1487 8662/1615/5276
f 8662/1615/5276 8664/1617/1487 8653/1606/5270 8655/1608/5271
f 8525/1468/1348 8665/1618/3821 8666/1619/2857 8526/1469/5207
f 8665/1618/3821 8667/1620/1490 8668/1621/4443 8666/1619/2857
f 8526/1469/5207 8666/1619/2857 8669/1622/2859 8528/1471/1351
f 8666/1619/2857 8668/1621/4443 8670/1623/2860 8669/1622/2859
f 8671/1624/5277 8254/1181/3613 8257/1184/4295 8672/1625/1495
f 8672/1625/1495 8257/1184/4295 8261/1188/5070 8673/1626/3826
f 8667/1620/1490 8671/1624/5277 8672/1625/1495 8668/1621/4443
f 8668/1621/4443 8672/1625/1495 8673/1626/3826 8670/1623/2860
f 8251/1178/1074 8651/1604/1474 8674/1627/5278 8268/1195/5073
f 8651/1604/1474 8654/1607/4439 8675/1628/1498 8674/1627/5278
f 8268/1195/5073 8674/1627/5278 8673/1626/3826 8261/1188/5070
f 8674/1627/5278 8675/1628/1498 8670/1623/2860 8673/1626/3826
f 8663/1616/2854 8512/1455/1335 8531/1474/5210 8676/1629/1499
f 8676/1629/1499 8531/1474/5210 8528/1471/1351 8669/1622/2859
f 8654/1607/4439 8663/1616/2854 8676/1629/1499 8675/1628/1498
f 8675/1628/1498 8676/1629/1499 8669/1622/2859 8670/1623/2860
f 8283/1210/5081 8282/1209/5080 8677/1630/5279 8678/1631/5280
f 8282/1209/5080 8280/1207/5078 8679/1632/2866 8677/1630/5279
f 8678/1631/5280 8677/1630/5279 8680/1633/5281 8681/1634/5282
f 8677/1630/5279 8679/1632/2866 8682/1635/5283 8680/1633/5281
f 8278/1205/5077 8254/1181/3613 8671/1624/5277 8683/1636/1506
f 8683/1636/1506 8671/1624/5277 8667/1620/1490 8684/1637/1507
f 8280/1207/5078 8278/1205/5077 8683/1636/1506 8679/1632/2866
f 8679/1632/2866 8683/1636/1506 8684/1637/1507 8682/1635/5283
f 8525/1468/1348 8544/1487/1367 8685/1638/5284 8665/1618/3821
f 8544/1487/1367 8539/1482/2765 8686/1639/5285 8685/1638/5284
f 8665/1618/3821 8685/1638/5284 8684/1637/1507 8667/1620/1490
f 8685/1638/5284 8686/1639/5285 8682/1635/5283 8684/1637/1507
f 8536/1479/5214 8535/1478/5213 8687/1640/4448 8688/1641/5286
f 8688/1641/5286 8687/1640/4448 8681/1634/5282 8680/1633/5281
f 8539/1482/2765 8536/1479/5214 8688/1641/5286 8686/1639/5285
f 8686/1639/5285 8688/1641/5286 8680/1633/5281 8682/1635/5283
f 8555/1498/1378 8689/1642/5287 8690/1643/5288 8556/1499/1379
f 8689/1642/5287 8691/1644/5289 8692/1645/1515 8690/1643/5288
f 8556/1499/1379 8690/1643/5288 8693/1646/5290 8559/1502/3770
f 8690/1643/5288 8692/1645/1515 8694/1647/5291 8693/1646/5290
f 8695/1648/2875 8286/1213/4304 8289/1216/3635 8696/1649/5292
f 8696/1649/5292 8289/1216/3635 8293/1220/5087 8697/1650/2876
f 8691/1644/5289 8695/1648/2875 8696/1649/5292 8692/1645/1515
f 8692/1645/1515 8696/1649/5292 8697/1650/2876 8694/1647/5291
f 8283/1210/5081 8678/1631/5280 8698/1651/1521 8300/1227/4309
f 8678/1631/5280 8681/1634/5282 8699/1652/2878 8698/1651/1521
f 8300/1227/4309 8698/1651/1521 8697/1650/2876 8293/1220/5087
f 8698/1651/1521 8699/1652/2878 8694/1647/5291 8697/1650/2876
f 8687/1640/4448 8535/1478/5213 8564/1507/5227 8700/1653/5293
f 8700/1653/5293 8564/1507/5227 8559/1502/3770 8693/1646/5290
f 8681/1634/5282 8687/1640/4448 8700/1653/5293 8699/1652/2878
f 8699/1652/2878 8700/1653/5293 8693/1646/5290 8694/1647/5291
f 8315/1246/5097 8314/1245/5096 8701/1654/2879 8702/1655/2880
f 8314/1245/5096 8312/1243/5095 8703/1656/5294 8701/1654/2879
f 8702/1655/2880 8701/1654/2879 8704/1657/5295 8705/1658/2882
f 8701/1654/2879 8703/1656/5294 8706/1659/2883 8704/1657/5295
f 8310/1240/2577 8286/1239/4304 8695/1660/2875 8707/1661/4455
f 8707/1661/4455 8695/1660/2875 8691/1662/5289 8708/1663/5296
f 8312/1243/5095 8310/1240/2577 8707/1661/4455 8703/1656/5294
f 8703/1656/5294 8707/1661/4455 8708/1663/5296 8706/1659/2883
f 8555/1528/1378 8584/1527/5238 8709/1664/1532 8689/1665/5287
f 8584/1527/5238 8579/1522/1402 8710/1666/3840 8709/1664/1532
f 8689/1665/5287 8709/1664/1532 8708/1663/5296 8691/1662/5289
f 8709/1664/1532 8710/1666/3840 8706/1659/2883 8708/1663/5296
f 8576/1519/5235 8575/1518/5234 8711/1667/5297 8712/1668/2886
f 8712/1668/2886 8711/1667/5297 8705/1658/2882 8704/1657/5295
f 8579/1522/1402 8576/1519/5235 8712/1668/2886 8710/1666/3840
f 8710/1666/3840 8712/1668/2886 8704/1657/5295 8706/1659/2883
f 8605/1553/5247 8713/1669/5298 8714/1670/1537 8606/1554/5248
f 8713/1669/5298 8715/1671/2888 8716/1672/5299 8714/1670/1537
f 8606/1554/5248 8714/1670/1537 8717/1673/4462 8608/1556/2814
f 8714/1670/1537 8716/1672/5299 8718/1674/2891 8717/1673/4462
f 8719/1675/5300 8318/1249/1141 8321/1252/2588 8720/1676/2892
f 8720/1676/2892 8321/1252/2588 8325/1256/5100 8721/1677/1544
f 8715/1671/2888 8719/1675/5300 8720/1676/2892 8716/1672/5299
f 8716/1672/5299 8720/1676/2892 8721/1677/1544 8718/1674/2891
f 8315/1246/5097 8702/1655/2880 8722/1678/2893 8332/1263/5106
f 8702/1655/2880 8705/1658/2882 8723/1679/2894 8722/1678/2893
f 8332/1263/5106 8722/1678/2893 8721/1677/1544 8325/1256/5100
f 8722/1678/2893 8723/1679/2894 8718/1674/2891 8721/1677/1544
f 8711/1667/5297 8575/1518/5234 8611/1559/5251 8724/1680/5301
f 8724/1680/5301 8611/1559/5251 8608/1556/2814 8717/1673/4462
f 8705/1658/2882 8711/1667/5297 8724/1680/5301 8723/1679/2894
f 8723/1679/2894 8724/1680/5301 8717/1673/4462 8718/1674/2891
f 8347/1278/5115 8346/1277/5114 8725/1681/1548 8726/1682/2895
f 8346/1277/5114 8344/1275/5113 8727/1683/5302 8725/1681/1548
f 8726/1682/2895 8725/1681/1548 8728/1684/1551 8729/1685/5303
f 8725/1681/1548 8727/1683/5302 8730/1686/4468 8728/1684/1551
f 8342/1273/5112 8318/1249/1141 8719/1675/5300 8731/1687/5304
f 8731/1687/5304 8719/1675/5300 8715/1671/2888 8732/1688/1555
f 8344/1275/5113 8342/1273/5112 8731/1687/5304 8727/1683/5302
f 8727/1683/5302 8731/1687/5304 8732/1688/1555 8730/1686/4468
f 8605/1553/5247 8624/1572/1447 8733/1689/5305 8713/1669/5298
f 8624/1572/1447 8619/1567/1442 8734/1690/1557 8733/1689/5305
f 8713/1669/5298 8733/1689/5305 8732/1688/1555 8715/1671/2888
f 8733/1689/5305 8734/1690/1557 8730/1686/4468 8732/1688/1555
f 8616/1564/3801 8615/1563/1438 8735/1691/1558 8736/1692/1559
f 8736/1692/1559 8735/1691/1558 8729/1685/5303 8728/1684/1551
f 8619/1567/1442 8616/1564/3801 8736/1692/1559 8734/1690/1557
f 8734/1690/1557 8736/1692/1559 8728/1684/1551 8730/1686/4468
f 8490/1593/4376 8661/1693/5275 8737/1694/2900 8641/1594/1464
f 8661/1693/5275 8658/1695/5272 8738/1696/1561 8737/1694/2900
f 8641/1594/1464 8737/1694/2900 8739/1697/4471 8643/1596/5265
f 8737/1694/2900 8738/1696/1561 8740/1698/2901 8739/1697/4471
f 8656/1699/2848 8244/1281/5062 8351/1284/1174 8741/1700/4473
f 8741/1700/4473 8351/1284/1174 8354/1288/3664 8742/1701/5306
f 8658/1695/5272 8656/1699/2848 8741/1700/4473 8738/1696/1561
f 8738/1696/1561 8741/1700/4473 8742/1701/5306 8740/1698/2901
f 8347/1278/5115 8726/1682/2895 8743/1702/2904 8360/1295/5122
f 8726/1682/2895 8729/1685/5303 8744/1703/1567 8743/1702/2904
f 8360/1295/5122 8743/1702/2904 8742/1701/5306 8354/1288/3664
f 8743/1702/2904 8744/1703/1567 8740/1698/2901 8742/1701/5306
f 8735/1691/1558 8615/1563/1438 8646/1599/1469 8745/1704/5307
f 8745/1704/5307 8646/1599/1469 8643/1596/5265 8739/1697/4471
f 8729/1685/5303 8735/1691/1558 8745/1704/5307 8744/1703/1567
f 8744/1703/1567 8745/1704/5307 8739/1697/4471 8740/1698/2901
f 8505/1448/3745 8508/1451/4388 8746/1705/5308 8747/1706/5309
f 8508/1451/4388 8503/1446/2736 8748/1707/5310 8746/1705/5308
f 8747/1706/5309 8746/1705/5308 8749/1708/5311 8750/1709/5312
f 8746/1705/5308 8748/1707/5310 8751/1710/2911 8749/1708/5311
f 8501/1444/5194 8500/1443/5193 8752/1711/5313 8753/1712/2913
f 8753/1712/2913 8752/1711/5313 8754/1713/5314 8755/1714/5315
f 8503/1446/2736 8501/1444/5194 8753/1712/2913 8748/1707/5310
f 8748/1707/5310 8753/1712/2913 8755/1714/5315 8751/1710/2911
f 8372/1307/1195 8371/1306/3677 8756/1715/2916 8757/1716/5316
f 8371/1306/3677 8366/1301/3673 8758/1717/5317 8756/1715/2916
f 8757/1716/5316 8756/1715/2916 8755/1714/5315 8754/1713/5314
f 8756/1715/2916 8758/1717/5317 8751/1710/2911 8755/1714/5315
f 8363/1298/3670 8362/1297/5123 8759/1718/4482 8760/1719/2920
f 8760/1719/2920 8759/1718/4482 8750/1709/5312 8749/1708/5311
f 8366/1301/3673 8363/1298/3670 8760/1719/2920 8758/1717/5317
f 8758/1717/5317 8760/1719/2920 8749/1708/5311 8751/1710/2911
f 8382/1317/1205 8761/1720/5318 8762/1721/5319 8383/1318/1206
f 8761/1720/5318 8763/1722/1586 8764/1723/5320 8762/1721/5319
f 8383/1318/1206 8762/1721/5319 8765/1724/2923 8386/1321/1209
f 8762/1721/5319 8764/1723/5320 8766/1725/1589 8765/1724/2923
f 8767/1726/5321 8515/1458/5200 8518/1461/3750 8768/1727/5322
f 8768/1727/5322 8518/1461/3750 8522/1465/5204 8769/1728/5323
f 8763/1722/1586 8767/1726/5321 8768/1727/5322 8764/1723/5320
f 8764/1723/5320 8768/1727/5322 8769/1728/5323 8766/1725/1589
f 8505/1448/3745 8747/1706/5309 8770/1729/2927 8533/1476/4395
f 8747/1706/5309 8750/1709/5312 8771/1730/2928 8770/1729/2927
f 8533/1476/4395 8770/1729/2927 8769/1728/5323 8522/1465/5204
f 8770/1729/2927 8771/1730/2928 8766/1725/1589 8769/1728/5323
f 8759/1718/4482 8362/1297/5123 8391/1326/5137 8772/1731/1595
f 8772/1731/1595 8391/1326/5137 8386/1321/1209 8765/1724/2923
f 8750/1709/5312 8759/1718/4482 8772/1731/1595 8771/1730/2928
f 8771/1730/2928 8772/1731/1595 8765/1724/2923 8766/1725/1589
f 8552/1495/1375 8551/1494/2776 8773/1732/1596 8774/1733/5324
f 8551/1494/2776 8549/1492/5221 8775/1734/5325 8773/1732/1596
f 8774/1733/5324 8773/1732/1596 8776/1735/2931 8777/1736/1600
f 8773/1732/1596 8775/1734/5325 8778/1737/5326 8776/1735/2931
f 8547/1490/5219 8515/1458/5200 8767/1726/5321 8779/1738/5327
f 8779/1738/5327 8767/1726/5321 8763/1722/1586 8780/1739/1603
f 8549/1492/5221 8547/1490/5219 8779/1738/5327 8775/1734/5325
f 8775/1734/5325 8779/1738/5327 8780/1739/1603 8778/1737/5326
f 8382/1317/1205 8399/1334/2650 8781/1740/2935 8761/1720/5318
f 8399/1334/2650 8402/1337/5144 8782/1741/2936 8781/1740/2935
f 8761/1720/5318 8781/1740/2935 8780/1739/1603 8763/1722/1586
f 8781/1740/2935 8782/1741/2936 8778/1737/5326 8780/1739/1603
f 8412/1347/1235 8411/1346/2658 8783/1742/5328 8784/1743/2938
f 8784/1743/2938 8783/1742/5328 8777/1736/1600 8776/1735/2931
f 8402/1337/5144 8412/1347/1235 8784/1743/2938 8782/1741/2936
f 8782/1741/2936 8784/1743/2938 8776/1735/2931 8778/1737/5326
f 8421/1356/5154 8785/1744/5329 8786/1745/5330 8422/1357/5155
f 8785/1744/5329 8787/1746/1610 8788/1747/2942 8786/1745/5330
f 8422/1357/5155 8786/1745/5330 8789/1748/5331 8424/1359/5156
f 8786/1745/5330 8788/1747/2942 8790/1749/1613 8789/1748/5331
f 8791/1750/5332 8572/1515/5231 8571/1514/3776 8792/1751/5333
f 8792/1751/5333 8571/1514/3776 8569/1512/3774 8793/1752/5334
f 8787/1746/1610 8791/1750/5332 8792/1751/5333 8788/1747/2942
f 8788/1747/2942 8792/1751/5333 8793/1752/5334 8790/1749/1613
f 8552/1495/1375 8774/1733/5324 8794/1753/1617 8567/1510/1390
f 8774/1733/5324 8777/1736/1600 8795/1754/1618 8794/1753/1617
f 8567/1510/1390 8794/1753/1617 8793/1752/5334 8569/1512/3774
f 8794/1753/1617 8795/1754/1618 8790/1749/1613 8793/1752/5334
f 8783/1742/5328 8411/1346/2658 8427/1362/5159 8796/1755/4492
f 8796/1755/4492 8427/1362/5159 8424/1359/5156 8789/1748/5331
f 8777/1736/1600 8783/1742/5328 8796/1755/4492 8795/1754/1618
f 8795/1754/1618 8796/1755/4492 8789/1748/5331 8790/1749/1613
f 8592/1540/5241 8591/1539/1414 8797/1756/1620 8798/1757/5335
f 8591/1539/1414 8589/1537/3787 8799/1758/5336 8797/1756/1620
f 8798/1757/5335 8797/1756/1620 8800/1759/5337 8801/1760/2952
f 8797/1756/1620 8799/1758/5336 8802/1761/3875 8800/1759/5337
f 8587/1534/4413 8572/1533/5231 8791/1762/5332 8803/1763/3876
f 8803/1763/3876 8791/1762/5332 8787/1764/1610 8804/1765/2954
f 8589/1537/3787 8587/1534/4413 8803/1763/3876 8799/1758/5336
f 8799/1758/5336 8803/1763/3876 8804/1765/2954 8802/1761/3875
f 8421/1375/5154 8439/1374/1262 8805/1766/1628 8785/1767/5329
f 8439/1374/1262 8434/1369/5160 8806/1768/2956 8805/1766/1628
f 8785/1767/5329 8805/1766/1628 8804/1765/2954 8787/1764/1610
f 8805/1766/1628 8806/1768/2956 8802/1761/3875 8804/1765/2954
f 8431/1366/2674 8430/1365/2673 8807/1769/5338 8808/1770/1631
f 8808/1770/1631 8807/1769/5338 8801/1760/2952 8800/1759/5337
f 8434/1369/5160 8431/1366/2674 8808/1770/1631 8806/1768/2956
f 8806/1768/2956 8808/1770/1631 8800/1759/5337 8802/1761/3875
f 8453/1392/5171 8809/1771/2958 8810/1772/2959 8454/1393/5172
f 8809/1771/2958 8811/1773/5339 8812/1774/1635 8810/1772/2959
f 8454/1393/5172 8810/1772/2959 8813/1775/5340 8456/1395/5173
f 8810/1772/2959 8812/1774/1635 8814/1776/1637 8813/1775/5340
f 8815/1777/1638 8595/1543/3791 8598/1546/4418 8816/1778/1639
f 8816/1778/1639 8598/1546/4418 8602/1550/1425 8817/1779/2964
f 8811/1773/5339 8815/1777/1638 8816/1778/1639 8812/1774/1635
f 8812/1774/1635 8816/1778/1639 8817/1779/2964 8814/1776/1637
f 8592/1540/5241 8798/1757/5335 8818/1780/1641 8613/1561/3800
f 8798/1757/5335 8801/1760/2952 8819/1781/5341 8818/1780/1641
f 8613/1561/3800 8818/1780/1641 8817/1779/2964 8602/1550/1425
f 8818/1780/1641 8819/1781/5341 8814/1776/1637 8817/1779/2964
f 8807/1769/5338 8430/1365/2673 8459/1398/2698 8820/1782/5342
f 8820/1782/5342 8459/1398/2698 8456/1395/5173 8813/1775/5340
f 8801/1760/2952 8807/1769/5338 8820/1782/5342 8819/1781/5341
f 8819/1781/5341 8820/1782/5342 8813/1775/5340 8814/1776/1637
f 8632/1580/5261 8631/1579/3806 8821/1783/5343 8822/1784/5344
f 8631/1579/3806 8629/1577/5259 8823/1785/3887 8821/1783/5343
f 8822/1784/5344 8821/1783/5343 8824/1786/5345 8825/1787/5346
f 8821/1783/5343 8823/1785/3887 8826/1788/1649 8824/1786/5345
f 8627/1575/1450 8595/1543/3791 8815/1777/1638 8827/1789/5347
f 8827/1789/5347 8815/1777/1638 8811/1773/5339 8828/1790/2973
f 8629/1577/5259 8627/1575/1450 8827/1789/5347 8823/1785/3887
f 8823/1785/3887 8827/1789/5347 8828/1790/2973 8826/1788/1649
f 8453/1392/5171 8471/1410/5179 8829/1791/4504 8809/1771/2958
f 8471/1410/5179 8466/1405/5176 8830/1792/1653 8829/1791/4504
f 8809/1771/2958 8829/1791/4504 8828/1790/2973 8811/1773/5339
f 8829/1791/4504 8830/1792/1653 8826/1788/1649 8828/1790/2973
f 8463/1402/1286 8462/1401/2701 8831/1793/1654 8832/1794/1655
f 8832/1794/1655 8831/1793/1654 8825/1787/5346 8824/1786/5345
f 8466/1405/5176 8463/1402/1286 8832/1794/1655 8830/1792/1653
f 8830/1792/1653 8832/1794/1655 8824/1786/5345 8826/1788/1649
f 8372/1424/1195 8757/1795/5316 8833/1796/2977 8482/1425/2718
f 8757/1795/5316 8754/1797/5314 8834/1798/3892 8833/1796/2977
f 8482/1425/2718 8833/1796/2977 8835/1799/2979 8484/1427/5186
f 8833/1796/2977 8834/1798/3892 8836/1800/2980 8835/1799/2979
f 8752/1801/5313 8500/1583/5193 8636/1586/4431 8837/1802/1660
f 8837/1802/1660 8636/1586/4431 8639/1590/1462 8838/1803/5348
f 8754/1797/5314 8752/1801/5313 8837/1802/1660 8834/1798/3892
f 8834/1798/3892 8837/1802/1660 8838/1803/5348 8836/1800/2980
f 8632/1580/5261 8822/1784/5344 8839/1804/5349 8648/1601/1471
f 8822/1784/5344 8825/1787/5346 8840/1805/5350 8839/1804/5349
f 8648/1601/1471 8839/1804/5349 8838/1803/5348 8639/1590/1462
f 8839/1804/5349 8840/1805/5350 8836/1800/2980 8838/1803/5348
f 8831/1793/1654 8462/1401/2701 8487/1430/3736 8841/1806/5351
f 8841/1806/5351 8487/1430/3736 8484/1427/5186 8835/1799/2979
f 8825/1787/5346 8831/1793/1654 8841/1806/5351 8840/1805/5350
f 8840/1805/5350 8841/1806/5351 8835/1799/2979 8836/1800/2980
f 7187/11/1800 8842/1807/3896 8843/1808/5352 7188/12/3065
f 8842/1807/3896 8844/1809/5353 8845/1810/5354 8843/1808/5352
f 7188/12/3065 8843/1808/5352 8846/1811/1669 7190/14/14
f 8843/1808/5352 8845/1810/5354 8847/1812/5355 8846/1811/1669
f 8848/1813/1671 7678/530/4796 7681/533/4799 8849/1814/5356
f 8849/1814/5356 7681/533/4799 7676/528/4794 8850/1815/5357
f 8844/1809/5353 8848/1813/1671 8849/1814/5356 8845/1810/5354
f 8845/1810/5354 8849/1814/5356 8850/1815/5357 8847/1812/5355
f 7673/525/496 8851/1816/1674 8852/1817/1675 7674/526/2133
f 8851/1816/1674 8853/1818/5358 8854/1819/5359 8852/1817/1675
f 7674/526/2133 8852/1817/1675 8850/1815/5357 7676/528/4794
f 8852/1817/1675 8854/1819/5359 8847/1812/5355 8850/1815/5357
f 8855/1820/5360 7192/16/1804 7195/19/19 8856/1821/5361
f 8856/1821/5361 7195/19/19 7190/14/14 8846/1811/1669
f 8853/1818/5358 8855/1820/5360 8856/1821/5361 8854/1819/5359
f 8854/1819/5359 8856/1821/5361 8846/1811/1669 8847/1812/5355
f 7212/36/4569 8857/1822/5362 8858/1823/5363 7213/37/37
f 8857/1822/5362 8859/1824/1682 8860/1825/5364 8858/1823/5363
f 7213/37/37 8858/1823/5363 8861/1826/4513 7215/39/39
f 8858/1823/5363 8860/1825/5364 8862/1827/3904 8861/1826/4513
f 8863/1828/5365 7694/546/517 7697/549/520 8864/1829/2999
f 8864/1829/2999 7697/549/520 7692/544/515 8865/1830/5366
f 8859/1824/1682 8863/1828/5365 8864/1829/2999 8860/1825/5364
f 8860/1825/5364 8864/1829/2999 8865/1830/5366 8862/1827/3904
f 7678/530/4796 8848/1813/1671 8866/1831/1689 7690/542/4805
f 8848/1813/1671 8844/1809/5353 8867/1832/5367 8866/1831/1689
f 7690/542/4805 8866/1831/1689 8865/1830/5366 7692/544/515
f 8866/1831/1689 8867/1832/5367 8862/1827/3904 8865/1830/5366
f 8842/1807/3896 7187/11/1800 7218/42/4571 8868/1833/5368
f 8868/1833/5368 7218/42/4571 7215/39/39 8861/1826/4513
f 8844/1809/5353 8842/1807/3896 8868/1833/5368 8867/1832/5367
f 8867/1832/5367 8868/1833/5368 8861/1826/4513 8862/1827/3904
f 7710/562/4816 7713/565/4818 8869/1834/3003 8870/1835/5369
f 7713/565/4818 7708/560/4814 8871/1836/5370 8869/1834/3003
f 8870/1835/5369 8869/1834/3003 8872/1837/5371 8873/1838/4518
f 8869/1834/3003 8871/1836/5370 8874/1839/5372 8872/1837/5371
f 7706/558/4813 7694/546/517 8863/1828/5365 8875/1840/5373
f 8875/1840/5373 8863/1828/5365 8859/1824/1682 8876/1841/3007
f 7708/560/4814 7706/558/4813 8875/1840/5373 8871/1836/5370
f 8871/1836/5370 8875/1840/5373 8876/1841/3007 8874/1839/5372
f 7212/36/4569 7240/64/64 8877/1842/5374 8857/1822/5362
f 7240/64/64 7238/62/62 8878/1843/5375 8877/1842/5374
f 8857/1822/5362 8877/1842/5374 8876/1841/3007 8859/1824/1682
f 8877/1842/5374 8878/1843/5375 8874/1839/5372 8876/1841/3007
f 7235/59/4576 7234/58/1823 8879/1844/1702 8880/1845/4521
f 8880/1845/4521 8879/1844/1702 8873/1838/4518 8872/1837/5371
f 7238/62/62 7235/59/4576 8880/1845/4521 8878/1843/5375
f 8878/1843/5375 8880/1845/4521 8872/1837/5371 8874/1839/5372
f 7726/578/3333 7729/581/4827 8881/1846/5376 8882/1847/1705
f 7729/581/4827 7724/576/4823 8883/1848/4522 8881/1846/5376
f 8882/1847/1705 8881/1846/5376 8884/1849/5377 8885/1850/3012
f 8881/1846/5376 8883/1848/4522 8886/1851/3013 8884/1849/5377
f 7722/574/4821 7710/562/4816 8870/1835/5369 8887/1852/4524
f 8887/1852/4524 8870/1835/5369 8873/1838/4518 8888/1853/5378
f 7724/576/4823 7722/574/4821 8887/1852/4524 8883/1848/4522
f 8883/1848/4522 8887/1852/4524 8888/1853/5378 8886/1851/3013
f 7234/58/1823 7260/84/4588 8889/1854/3016 8879/1844/1702
f 7260/84/4588 7258/82/1842 8890/1855/5379 8889/1854/3016
f 8879/1844/1702 8889/1854/3016 8888/1853/5378 8873/1838/4518
f 8889/1854/3016 8890/1855/5379 8886/1851/3013 8888/1853/5378
f 7255/79/4586 7254/78/1838 8891/1856/5380 8892/1857/5381
f 8892/1857/5381 8891/1856/5380 8885/1850/3012 8884/1849/5377
f 7258/82/1842 7255/79/4586 8892/1857/5381 8890/1855/5379
f 8890/1855/5379 8892/1857/5381 8884/1849/5377 8886/1851/3013
f 7742/598/4836 7745/601/4839 8893/1858/5382 8894/1859/1717
f 7745/601/4839 7740/596/4834 8895/1860/5383 8893/1858/5382
f 8894/1859/1717 8893/1858/5382 8896/1861/5384 8897/1862/3921
f 8893/1858/5382 8895/1860/5383 8898/1863/1721 8896/1861/5384
f 7738/594/4833 7726/593/3333 8882/1864/1705 8899/1865/5385
f 8899/1865/5385 8882/1864/1705 8885/1866/3012 8900/1867/5386
f 7740/596/4834 7738/594/4833 8899/1865/5385 8895/1860/5383
f 8895/1860/5383 8899/1865/5385 8900/1867/5386 8898/1863/1721
f 7254/108/1838 7280/107/1858 8901/1868/5387 8891/1869/5380
f 7280/107/1858 7278/105/1856 8902/1870/5388 8901/1868/5387
f 8891/1869/5380 8901/1868/5387 8900/1867/5386 8885/1866/3012
f 8901/1868/5387 8902/1870/5388 8898/1863/1721 8900/1867/5386
f 7275/102/1854 7274/101/98 8903/1871/1726 8904/1872/5389
f 8904/1872/5389 8903/1871/1726 8897/1862/3921 8896/1861/5384
f 7278/105/1856 7275/102/1854 8904/1872/5389 8902/1870/5388
f 8902/1870/5388 8904/1872/5389 8896/1861/5384 8898/1863/1721
f 7758/614/4845 7761/617/4847 8905/1873/5390 8906/1874/3026
f 7761/617/4847 7756/612/2190 8907/1875/3027 8905/1873/5390
f 8906/1874/3026 8905/1873/5390 8908/1876/5391 8909/1877/5392
f 8905/1873/5390 8907/1875/3027 8910/1878/3030 8908/1876/5391
f 7754/610/4844 7742/598/4836 8894/1859/1717 8911/1879/5393
f 8911/1879/5393 8894/1859/1717 8897/1862/3921 8912/1880/5394
f 7756/612/2190 7754/610/4844 8911/1879/5393 8907/1875/3027
f 8907/1875/3027 8911/1879/5393 8912/1880/5394 8910/1878/3030
f 7274/101/98 7300/129/4603 8913/1881/1736 8903/1871/1726
f 7300/129/4603 7298/127/3118 8914/1882/3032 8913/1881/1736
f 8903/1871/1726 8913/1881/1736 8912/1880/5394 8897/1862/3921
f 8913/1881/1736 8914/1882/3032 8910/1878/3030 8912/1880/5394
f 7295/124/119 7294/123/1867 8915/1883/3932 8916/1884/1739
f 8916/1884/1739 8915/1883/3932 8909/1877/5392 8908/1876/5391
f 7298/127/3118 7295/124/119 8916/1884/1739 8914/1882/3032
f 8914/1882/3032 8916/1884/1739 8908/1876/5391 8910/1878/3030
f 7312/141/136 8917/1885/1740 8918/1886/1741 7313/142/3991
f 8917/1885/1740 8919/1887/1742 8920/1888/5395 8918/1886/1741
f 7313/142/3991 8918/1886/1741 8921/1889/5396 7315/144/1881
f 8918/1886/1741 8920/1888/5395 8922/1890/1745 8921/1889/5396
f 8923/1891/5397 7774/630/2201 7777/633/600 8924/1892/5398
f 8924/1892/5398 7777/633/600 7772/628/595 8925/1893/5399
f 8919/1887/1742 8923/1891/5397 8924/1892/5398 8920/1888/5395
f 8920/1888/5395 8924/1892/5398 8925/1893/5399 8922/1890/1745
f 7758/614/4845 8906/1874/3026 8926/1894/5400 7770/626/4851
f 8906/1874/3026 8909/1877/5392 8927/1895/5401 8926/1894/5400
f 7770/626/4851 8926/1894/5400 8925/1893/5399 7772/628/595
f 8926/1894/5400 8927/1895/5401 8922/1890/1745 8925/1893/5399
f 8915/1883/3932 7294/123/1867 7318/147/4610 8928/1896/4544
f 8928/1896/4544 7318/147/4610 7315/144/1881 8921/1889/5396
f 8909/1877/5392 8915/1883/3932 8928/1896/4544 8927/1895/5401
f 8927/1895/5401 8928/1896/4544 8921/1889/5396 8922/1890/1745
f 7192/161/1804 8855/1897/5360 8929/1898/5402 7328/162/4619
f 8855/1897/5360 8853/1899/5358 8930/1900/5403 8929/1898/5402
f 7328/162/4619 8929/1898/5402 8931/1901/5404 7330/164/1890
f 8929/1898/5402 8930/1900/5403 8932/1902/1755 8931/1901/5404
f 8851/1903/1674 7673/646/496 7791/649/4861 8933/1904/3041
f 8933/1904/3041 7791/649/4861 7788/644/611 8934/1905/5405
f 8853/1899/5358 8851/1903/1674 8933/1904/3041 8930/1900/5403
f 8930/1900/5403 8933/1904/3041 8934/1905/5405 8932/1902/1755
f 7774/630/2201 8923/1891/5397 8935/1906/3042 7786/642/2209
f 8923/1891/5397 8919/1887/1742 8936/1907/1759 8935/1906/3042
f 7786/642/2209 8935/1906/3042 8934/1905/5405 7788/644/611
f 8935/1906/3042 8936/1907/1759 8932/1902/1755 8934/1905/5405
f 8917/1885/1740 7312/141/136 7333/167/4621 8937/1908/1760
f 8937/1908/1760 7333/167/4621 7330/164/1890 8931/1901/5404
f 8919/1887/1742 8917/1885/1740 8937/1908/1760 8936/1907/1759
f 8936/1907/1759 8937/1908/1760 8931/1901/5404 8932/1902/1755
f 7229/53/1819 7228/52/52 8938/1909/1761 7242/66/4580
f 7228/52/52 7224/48/48 8939/1910/3045 8938/1909/1761
f 7242/66/4580 8938/1909/1761 8940/1911/5406 7244/68/4582
f 8938/1909/1761 8939/1910/3045 8941/1912/3047 8940/1911/5406
f 7222/46/46 7202/26/26 8942/1913/1765 8943/1914/1766
f 8943/1914/1766 8942/1913/1765 8944/1915/1767 8945/1916/1768
f 7224/48/48 7222/46/46 8943/1914/1766 8939/1910/3045
f 8939/1910/3045 8943/1914/1766 8945/1916/1768 8941/1912/3047
f 7345/1917/1900 7348/1918/172 8946/1919/1769 8947/1920/1770
f 7348/1918/172 7343/1921/1899 8948/1922/1771 8946/1919/1769
f 8947/1920/1770 8946/1919/1769 8945/1916/1768 8944/1915/1767
f 8946/1919/1769 8948/1922/1771 8941/1912/3047 8945/1916/1768
f 7341/1923/165 7249/73/73 7248/72/72 8949/1924/5407
f 8949/1924/5407 7248/72/72 7244/68/4582 8940/1911/5406
f 7343/1921/1899 7341/1923/165 8949/1924/5407 8948/1922/1771
f 8948/1922/1771 8949/1924/5407 8940/1911/5406 8941/1912/3047
f 7177/1/4553 7180/4/4555 8950/1925/1773 7220/44/44
f 7180/4/4555 7184/8/4557 8951/1926/3949 8950/1925/1773
f 7220/44/44 8950/1925/1773 8952/1927/4549 7209/33/33
f 8950/1925/1773 8951/1926/3949 8953/1928/1776 8952/1927/4549
f 7200/24/4563 7199/23/4562 8954/1929/1777 8955/1930/3051
f 8955/1930/3051 8954/1929/1777 8956/1931/4550 8957/1932/3953
f 7184/8/4557 7200/24/4563 8955/1930/3051 8951/1926/3949
f 8951/1926/3949 8955/1930/3051 8957/1932/3953 8953/1928/1776
f 7345/1917/1900 8947/1920/1770 8958/1933/1781 8959/1934/5408
f 8947/1920/1770 8944/1915/1767 8960/1935/1783 8958/1933/1781
f 8959/1934/5408 8958/1933/1781 8957/1932/3953 8956/1931/4550
f 8958/1933/1781 8960/1935/1783 8953/1928/1776 8957/1932/3953
f 8942/1913/1765 7202/26/26 7205/29/1812 8961/1936/1784
f 8961/1936/1784 7205/29/1812 7209/33/33 8952/1927/4549
f 8944/1915/1767 8942/1913/1765 8961/1936/1784 8960/1935/1783
f 8960/1935/1783 8961/1936/1784 8952/1927/4549 8953/1928/1776
f 7345/179/1900 8959/1937/5408 8962/1938/5409 7346/180/3152
f 8959/1937/5408 8956/1939/4550 8963/1940/5410 8962/1938/5409
f 7346/180/3152 8962/1938/5409 8964/1941/5411 7349/183/4623
f 8962/1938/5409 8963/1940/5410 8965/1942/5412 8964/1941/5411
f 8954/1943/1777 7199/151/4562 7323/154/4615 8966/1944/1789
f 8966/1944/1789 7323/154/4615 7326/158/4617 8967/1945/5413
f 8956/1939/4550 8954/1943/1777 8966/1944/1789 8963/1940/5410
f 8963/1940/5410 8966/1944/1789 8967/1945/5413 8965/1942/5412
f 7302/131/4604 7305/134/1874 8968/1946/5414 7335/169/1893
f 7305/134/1874 7309/138/1877 8969/1947/5415 8968/1946/5414
f 7335/169/1893 8968/1946/5414 8967/1945/5413 7326/158/4617
f 8968/1946/5414 8969/1947/5415 8965/1942/5412 8967/1945/5413
f 7320/149/4612 7289/118/4598 7351/185/4624 8970/1948/5416
f 8970/1948/5416 7351/185/4624 7349/183/4623 8964/1941/5411
f 7309/138/1877 7320/149/4612 8970/1948/5416 8969/1947/5415
f 8969/1947/5415 8970/1948/5416 8964/1941/5411 8965/1942/5412
