v -0.048258 0.040380 -0.186198
v -0.048258 0.054797 -0.184418
v -0.040811 0.040380 -0.186015
v -0.040899 0.054797 -0.184238
v -0.033383 0.040380 -0.185467
v -0.033558 0.054797 -0.183696
v -0.025991 0.040380 -0.184556
v -0.026252 0.054797 -0.182795
v -0.018653 0.040380 -0.183282
v -0.019000 0.054797 -0.181537
v -0.011385 0.040380 -0.181650
v -0.011818 0.054797 -0.179924
v -0.004207 0.040380 -0.179664
v -0.004723 0.054797 -0.177961
v 0.002866 0.040380 -0.177327
v 0.002266 0.054797 -0.175652
v 0.009815 0.040380 -0.174647
v 0.009134 0.054797 -0.173002
v 0.016624 0.040380 -0.171628
v 0.015863 0.054797 -0.170020
v 0.023277 0.040380 -0.168280
v 0.022438 0.054797 -0.166710
v 0.029758 0.040380 -0.164608
v 0.028843 0.054797 -0.163082
v 0.036050 0.040380 -0.160624
v 0.035061 0.054797 -0.159144
v 0.042140 0.040380 -0.156335
v 0.041080 0.054797 -0.154905
v 0.048012 0.040380 -0.151752
v 0.046883 0.054797 -0.150377
v 0.053652 0.040380 -0.146887
v 0.052456 0.054797 -0.145569
v 0.059046 0.040380 -0.141751
v 0.057787 0.054797 -0.140493
v 0.064182 0.040380 -0.136357
v 0.062863 0.054797 -0.135162
v 0.069047 0.040380 -0.130717
v 0.067671 0.054797 -0.129588
v 0.073629 0.040380 -0.124845
v 0.072200 0.054797 -0.123785
v 0.077918 0.040380 -0.118756
v 0.076438 0.054797 -0.117767
v 0.081903 0.040380 -0.112463
v 0.080376 0.054797 -0.111548
v 0.085574 0.040380 -0.105982
v 0.084004 0.054797 -0.105143
v 0.088923 0.040380 -0.099330
v 0.087314 0.054797 -0.098569
v 0.091941 0.040380 -0.092520
v 0.090297 0.054797 -0.091839
v 0.094622 0.040380 -0.085571
v 0.092946 0.054797 -0.084971
v 0.096958 0.040380 -0.078499
v 0.095255 0.054797 -0.077982
v 0.098945 0.040380 -0.071320
v 0.097218 0.054797 -0.070888
v 0.100577 0.040380 -0.064053
v 0.098831 0.054797 -0.063706
v 0.101850 0.040380 -0.056714
v 0.100090 0.054797 -0.056453
v 0.102762 0.040380 -0.049322
v 0.100991 0.054797 -0.049148
v 0.103310 0.040380 -0.041894
v 0.101532 0.054797 -0.041807
v 0.103492 0.040380 -0.034448
v 0.101713 0.054797 -0.034448
v 0.103310 0.040380 -0.027002
v 0.101532 0.054797 -0.027089
v 0.102762 0.040380 -0.019574
v 0.100991 0.054797 -0.019748
v 0.101850 0.040380 -0.012182
v 0.100089 0.054797 -0.012443
v 0.100577 0.040380 -0.004843
v 0.098831 0.054797 -0.005190
v 0.098945 0.040380 0.002424
v 0.097218 0.054797 0.001992
v 0.096958 0.040380 0.009603
v 0.095255 0.054797 0.009086
v 0.094622 0.040380 0.016675
v 0.092946 0.054797 0.016075
v 0.091941 0.040380 0.023624
v 0.090297 0.054797 0.022943
v 0.088923 0.040380 0.030433
v 0.087314 0.054797 0.029673
v 0.085574 0.040380 0.037086
v 0.084004 0.054797 0.036247
v 0.081903 0.040380 0.043567
v 0.080376 0.054797 0.042652
v 0.077918 0.040380 0.049860
v 0.076438 0.054797 0.048871
v 0.073629 0.040380 0.055949
v 0.072200 0.054797 0.054889
v 0.069047 0.040380 0.061821
v 0.067671 0.054797 0.060692
v 0.064182 0.040380 0.067461
v 0.062863 0.054797 0.066266
v 0.059046 0.040380 0.072855
v 0.057787 0.054797 0.071597
v 0.053652 0.040380 0.077991
v 0.052456 0.054797 0.076673
v 0.048012 0.040380 0.082856
v 0.046883 0.054797 0.081480
v 0.042140 0.040380 0.087439
v 0.041080 0.054797 0.086009
v 0.036050 0.040380 0.091727
v 0.035062 0.054797 0.090248
v 0.029758 0.040380 0.095712
v 0.028843 0.054797 0.094186
v 0.023277 0.040380 0.099383
v 0.022438 0.054797 0.097814
v 0.016624 0.040380 0.102732
v 0.015863 0.054797 0.101123
v 0.009815 0.040380 0.105751
v 0.009134 0.054797 0.104106
v 0.002866 0.040380 0.108431
v 0.002266 0.054797 0.106755
v -0.004207 0.040380 0.110768
v -0.004723 0.054797 0.109064
v -0.011385 0.040380 0.112754
v -0.011818 0.054797 0.111028
v -0.018652 0.040380 0.114386
v -0.019000 0.054797 0.112640
v -0.025991 0.040380 0.115659
v -0.026252 0.054797 0.113899
v -0.033383 0.040380 0.116571
v -0.033558 0.054797 0.114800
v -0.040811 0.040380 0.117119
v -0.040899 0.054797 0.115341
v -0.048257 0.040380 0.117302
v -0.048257 0.054797 0.115522
v -0.055703 0.040380 0.117119
v -0.055616 0.054797 0.115342
v -0.063131 0.040380 0.116571
v -0.062957 0.054797 0.114800
v -0.070524 0.040380 0.115660
v -0.070262 0.054797 0.113899
v -0.077862 0.040380 0.114386
v -0.077515 0.054797 0.112641
v -0.085129 0.040380 0.112754
v -0.084697 0.054797 0.111028
v -0.092308 0.040380 0.110768
v -0.091791 0.054797 0.109065
v -0.099380 0.040380 0.108431
v -0.098781 0.054797 0.106756
v -0.106329 0.040380 0.105751
v -0.105648 0.054797 0.104106
v -0.113139 0.040380 0.102732
v -0.112378 0.054797 0.101124
v -0.119792 0.040380 0.099384
v -0.118953 0.054797 0.097814
v -0.126272 0.040380 0.095712
v -0.125357 0.054797 0.094186
v -0.132565 0.040380 0.091728
v -0.131576 0.054797 0.090248
v -0.138655 0.040380 0.087439
v -0.137594 0.054797 0.086009
v -0.144526 0.040380 0.082857
v -0.143397 0.054797 0.081481
v -0.150166 0.040380 0.077992
v -0.148971 0.054797 0.076673
v -0.155561 0.040380 0.072856
v -0.154302 0.054797 0.071597
v -0.160696 0.040380 0.067461
v -0.159378 0.054797 0.066266
v -0.165562 0.040380 0.061822
v -0.164186 0.054797 0.060692
v -0.170144 0.040380 0.055950
v -0.168714 0.054797 0.054889
v -0.174433 0.040380 0.049860
v -0.172953 0.054797 0.048871
v -0.178418 0.040380 0.043567
v -0.176891 0.054797 0.042652
v -0.182089 0.040380 0.037087
v -0.180519 0.054797 0.036248
v -0.185438 0.040380 0.030434
v -0.183829 0.054797 0.029673
v -0.188456 0.040380 0.023625
v -0.186812 0.054797 0.022943
v -0.191137 0.040380 0.016675
v -0.189461 0.054797 0.016076
v -0.193473 0.040380 0.009603
v -0.191770 0.054797 0.009086
v -0.195460 0.040380 0.002425
v -0.193733 0.054797 0.001992
v -0.197092 0.040380 -0.004843
v -0.195346 0.054797 -0.005190
v -0.198365 0.040380 -0.012181
v -0.196604 0.054797 -0.012443
v -0.199277 0.040380 -0.019574
v -0.197506 0.054797 -0.019748
v -0.199825 0.040380 -0.027002
v -0.198047 0.054797 -0.027089
v -0.200007 0.040380 -0.034448
v -0.198228 0.054797 -0.034448
v -0.199825 0.040380 -0.041894
v -0.198047 0.054797 -0.041807
v -0.199277 0.040380 -0.049322
v -0.197506 0.054797 -0.049148
v -0.198365 0.040380 -0.056714
v -0.196605 0.054797 -0.056453
v -0.197092 0.040380 -0.064053
v -0.195346 0.054797 -0.063706
v -0.195460 0.040380 -0.071320
v -0.193733 0.054797 -0.070888
v -0.193473 0.040380 -0.078499
v -0.191770 0.054797 -0.077982
v -0.191137 0.040380 -0.085571
v -0.189461 0.054797 -0.084971
v -0.188456 0.040380 -0.092520
v -0.186812 0.054797 -0.091839
v -0.185438 0.040380 -0.099330
v -0.183829 0.054797 -0.098569
v -0.182089 0.040380 -0.105982
v -0.180519 0.054797 -0.105144
v -0.178418 0.040380 -0.112463
v -0.176891 0.054797 -0.111548
v -0.174433 0.040380 -0.118756
v -0.172953 0.054797 -0.117767
v -0.170144 0.040380 -0.124845
v -0.168715 0.054797 -0.123785
v -0.165562 0.040380 -0.130717
v -0.164186 0.054797 -0.129588
v -0.160697 0.040380 -0.136357
v -0.159378 0.054797 -0.135162
v -0.155561 0.040380 -0.141752
v -0.154302 0.054797 -0.140493
v -0.150166 0.040380 -0.146887
v -0.148971 0.054797 -0.145569
v -0.144527 0.040380 -0.151752
v -0.143397 0.054797 -0.150377
v -0.138655 0.040380 -0.156335
v -0.137595 0.054797 -0.154905
v -0.132565 0.040380 -0.160624
v -0.131576 0.054797 -0.159144
v -0.126272 0.040380 -0.164608
v -0.125357 0.054797 -0.163082
v -0.119792 0.040380 -0.168280
v -0.118953 0.054797 -0.166710
v -0.113139 0.040380 -0.171629
v -0.112378 0.054797 -0.170020
v -0.106329 0.040380 -0.174647
v -0.105648 0.054797 -0.173003
v -0.099380 0.040380 -0.177327
v -0.098781 0.054797 -0.175652
v -0.092308 0.040380 -0.179664
v -0.091791 0.054797 -0.177961
v -0.085129 0.040380 -0.181650
v -0.084697 0.054797 -0.179924
v -0.077862 0.040380 -0.183282
v -0.077515 0.054797 -0.181537
v -0.070523 0.040380 -0.184556
v -0.070262 0.054797 -0.182795
v -0.063131 0.040380 -0.185467
v -0.062957 0.054797 -0.183696
v -0.055703 0.040380 -0.186015
v -0.055616 0.054797 -0.184238
v -0.040899 0.057917 -0.184238
v -0.048258 0.057917 -0.184418
v -0.033558 0.057917 -0.183696
v -0.026252 0.057917 -0.182795
v -0.019000 0.057917 -0.181537
v -0.011818 0.057917 -0.179924
v -0.004723 0.057917 -0.177961
v 0.002266 0.057917 -0.175652
v 0.009134 0.057917 -0.173002
v 0.015863 0.057917 -0.170020
v 0.022438 0.057917 -0.166710
v 0.028843 0.057917 -0.163082
v 0.035061 0.057917 -0.159144
v 0.041080 0.057917 -0.154905
v 0.046883 0.057917 -0.150377
v 0.052456 0.057917 -0.145569
v 0.057787 0.057917 -0.140493
v 0.062863 0.057917 -0.135162
v 0.067671 0.057917 -0.129588
v 0.072200 0.057917 -0.123785
v 0.076438 0.057917 -0.117767
v 0.080376 0.057917 -0.111548
v 0.084004 0.057917 -0.105143
v 0.087314 0.057917 -0.098569
v 0.090297 0.057917 -0.091839
v 0.092946 0.057917 -0.084971
v 0.095255 0.057917 -0.077982
v 0.097218 0.057917 -0.070888
v 0.098831 0.057917 -0.063706
v 0.100090 0.057917 -0.056453
v 0.100991 0.057917 -0.049148
v 0.101532 0.057917 -0.041807
v 0.101713 0.057917 -0.034448
v 0.101532 0.057917 -0.027089
v 0.100991 0.057917 -0.019748
v 0.100089 0.057917 -0.012443
v 0.098831 0.057917 -0.005190
v 0.097218 0.057917 0.001992
v 0.095255 0.057917 0.009086
v 0.092946 0.057917 0.016075
v 0.090297 0.057917 0.022943
v 0.087314 0.057917 0.029673
v 0.084004 0.057917 0.036247
v 0.080376 0.057917 0.042652
v 0.076438 0.057917 0.048871
v 0.072200 0.057917 0.054889
v 0.067671 0.057917 0.060692
v 0.062863 0.057917 0.066266
v 0.057787 0.057917 0.071597
v 0.052456 0.057917 0.076673
v 0.046883 0.057917 0.081480
v 0.041080 0.057917 0.086009
v 0.035062 0.057917 0.090248
v 0.028843 0.057917 0.094186
v 0.022438 0.057917 0.097814
v 0.015863 0.057917 0.101123
v 0.009134 0.057917 0.104106
v 0.002266 0.057917 0.106755
v -0.004723 0.057917 0.109064
v -0.011818 0.057917 0.111028
v -0.019000 0.057917 0.112640
v -0.026252 0.057917 0.113899
v -0.033558 0.057917 0.114800
v -0.040899 0.057917 0.115341
v -0.048257 0.057917 0.115522
v -0.055616 0.057917 0.115342
v -0.062957 0.057917 0.114800
v -0.070262 0.057917 0.113899
v -0.077515 0.057917 0.112641
v -0.084697 0.057917 0.111028
v -0.091791 0.057917 0.109065
v -0.098781 0.057917 0.106756
v -0.105648 0.057917 0.104106
v -0.112378 0.057917 0.101124
v -0.118953 0.057917 0.097814
v -0.125357 0.057917 0.094186
v -0.131576 0.057917 0.090248
v -0.137594 0.057917 0.086009
v -0.143397 0.057917 0.081481
v -0.148971 0.057917 0.076673
v -0.154302 0.057917 0.071597
v -0.159378 0.057917 0.066266
v -0.164186 0.057917 0.060692
v -0.168714 0.057917 0.054889
v -0.172953 0.057917 0.048871
v -0.176891 0.057917 0.042652
v -0.180519 0.057917 0.036248
v -0.183829 0.057917 0.029673
v -0.186812 0.057917 0.022943
v -0.189461 0.057917 0.016076
v -0.191770 0.057917 0.009086
v -0.193733 0.057917 0.001992
v -0.195346 0.057917 -0.005190
v -0.196604 0.057917 -0.012443
v -0.197506 0.057917 -0.019748
v -0.198047 0.057917 -0.027089
v -0.198228 0.057917 -0.034448
v -0.198047 0.057917 -0.041807
v -0.197506 0.057917 -0.049148
v -0.196605 0.057917 -0.056453
v -0.195346 0.057917 -0.063706
v -0.193733 0.057917 -0.070888
v -0.191770 0.057917 -0.077982
v -0.189461 0.057917 -0.084971
v -0.186812 0.057917 -0.091839
v -0.183829 0.057917 -0.098569
v -0.180519 0.057917 -0.105144
v -0.176891 0.057917 -0.111548
v -0.172953 0.057917 -0.117767
v -0.168715 0.057917 -0.123785
v -0.164186 0.057917 -0.129588
v -0.159378 0.057917 -0.135162
v -0.154302 0.057917 -0.140493
v -0.148971 0.057917 -0.145569
v -0.143397 0.057917 -0.150377
v -0.137595 0.057917 -0.154905
v -0.131576 0.057917 -0.159144
v -0.125357 0.057917 -0.163082
v -0.118953 0.057917 -0.166710
v -0.112378 0.057917 -0.170020
v -0.105648 0.057917 -0.173003
v -0.098781 0.057917 -0.175652
v -0.091791 0.057917 -0.177961
v -0.084697 0.057917 -0.179924
v -0.077515 0.057917 -0.181537
v -0.070262 0.057917 -0.182795
v -0.062957 0.057917 -0.183696
v -0.055616 0.057917 -0.184238
v -0.040836 0.054797 -0.185512
v -0.040811 0.054293 -0.186015
v -0.048258 0.054293 -0.186198
v -0.048258 0.054797 -0.185694
v -0.033433 0.054797 -0.184966
v -0.033383 0.054293 -0.185467
v -0.026065 0.054797 -0.184057
v -0.025991 0.054293 -0.184556
v -0.018751 0.054797 -0.182788
v -0.018653 0.054293 -0.183282
v -0.011508 0.054797 -0.181161
v -0.011385 0.054293 -0.181650
v -0.004353 0.054797 -0.179181
v -0.004207 0.054293 -0.179664
v 0.002696 0.054797 -0.176853
v 0.002866 0.054293 -0.177327
v 0.009622 0.054797 -0.174181
v 0.009815 0.054293 -0.174647
v 0.016408 0.054797 -0.171173
v 0.016624 0.054293 -0.171628
v 0.023039 0.054797 -0.167835
v 0.023277 0.054293 -0.168280
v 0.029498 0.054797 -0.164176
v 0.029758 0.054293 -0.164608
v 0.035770 0.054797 -0.160204
v 0.036050 0.054293 -0.160624
v 0.041840 0.054797 -0.155930
v 0.042140 0.054293 -0.156335
v 0.047692 0.054797 -0.151363
v 0.048012 0.054293 -0.151752
v 0.053313 0.054797 -0.146514
v 0.053652 0.054293 -0.146887
v 0.058690 0.054797 -0.141395
v 0.059046 0.054293 -0.141751
v 0.063808 0.054797 -0.136019
v 0.064182 0.054293 -0.136357
v 0.068657 0.054797 -0.130397
v 0.069047 0.054293 -0.130717
v 0.073224 0.054797 -0.124545
v 0.073629 0.054293 -0.124845
v 0.077499 0.054797 -0.118476
v 0.077918 0.054293 -0.118756
v 0.081470 0.054797 -0.112204
v 0.081903 0.054293 -0.112463
v 0.085129 0.054797 -0.105745
v 0.085574 0.054293 -0.105982
v 0.088467 0.054797 -0.099114
v 0.088923 0.054293 -0.099330
v 0.091476 0.054797 -0.092327
v 0.091941 0.054293 -0.092520
v 0.094147 0.054797 -0.085401
v 0.094622 0.054293 -0.085571
v 0.096476 0.054797 -0.078352
v 0.096958 0.054293 -0.078499
v 0.098456 0.054797 -0.071198
v 0.098945 0.054293 -0.071320
v 0.100082 0.054797 -0.063955
v 0.100577 0.054293 -0.064053
v 0.101351 0.054797 -0.056640
v 0.101850 0.054293 -0.056714
v 0.102260 0.054797 -0.049273
v 0.102762 0.054293 -0.049322
v 0.102806 0.054797 -0.041869
v 0.103310 0.054293 -0.041894
v 0.102988 0.054797 -0.034448
v 0.103492 0.054293 -0.034448
v 0.102806 0.054797 -0.027027
v 0.103310 0.054293 -0.027002
v 0.102260 0.054797 -0.019623
v 0.102762 0.054293 -0.019574
v 0.101351 0.054797 -0.012256
v 0.101850 0.054293 -0.012182
v 0.100082 0.054797 -0.004941
v 0.100577 0.054293 -0.004843
v 0.098456 0.054797 0.002302
v 0.098945 0.054293 0.002424
v 0.096476 0.054797 0.009456
v 0.096958 0.054293 0.009603
v 0.094147 0.054797 0.016505
v 0.094622 0.054293 0.016675
v 0.091475 0.054797 0.023431
v 0.091941 0.054293 0.023624
v 0.088467 0.054797 0.030218
v 0.088923 0.054293 0.030433
v 0.085129 0.054797 0.036849
v 0.085574 0.054293 0.037086
v 0.081470 0.054797 0.043308
v 0.081903 0.054293 0.043567
v 0.077499 0.054797 0.049580
v 0.077918 0.054293 0.049860
v 0.073224 0.054797 0.055649
v 0.073629 0.054293 0.055949
v 0.068657 0.054797 0.061501
v 0.069047 0.054293 0.061821
v 0.063808 0.054797 0.067122
v 0.064182 0.054293 0.067461
v 0.058690 0.054797 0.072499
v 0.059046 0.054293 0.072855
v 0.053313 0.054797 0.077618
v 0.053652 0.054293 0.077991
v 0.047692 0.054797 0.082467
v 0.048012 0.054293 0.082856
v 0.041840 0.054797 0.087034
v 0.042140 0.054293 0.087439
v 0.035770 0.054797 0.091308
v 0.036050 0.054293 0.091727
v 0.029499 0.054797 0.095280
v 0.029758 0.054293 0.095712
v 0.023039 0.054797 0.098939
v 0.023277 0.054293 0.099383
v 0.016409 0.054797 0.102277
v 0.016624 0.054293 0.102732
v 0.009622 0.054797 0.105285
v 0.009815 0.054293 0.105751
v 0.002696 0.054797 0.107957
v 0.002866 0.054293 0.108431
v -0.004353 0.054797 0.110285
v -0.004207 0.054293 0.110768
v -0.011508 0.054797 0.112265
v -0.011385 0.054293 0.112754
v -0.018751 0.054797 0.113892
v -0.018652 0.054293 0.114386
v -0.026065 0.054797 0.115161
v -0.025991 0.054293 0.115659
v -0.033433 0.054797 0.116070
v -0.033383 0.054293 0.116571
v -0.040836 0.054797 0.116616
v -0.040811 0.054293 0.117119
v -0.048257 0.054797 0.116798
v -0.048257 0.054293 0.117302
v -0.055679 0.054797 0.116616
v -0.055703 0.054293 0.117119
v -0.063082 0.054797 0.116070
v -0.063131 0.054293 0.116571
v -0.070450 0.054797 0.115161
v -0.070524 0.054293 0.115660
v -0.077764 0.054797 0.113892
v -0.077862 0.054293 0.114386
v -0.085007 0.054797 0.112265
v -0.085129 0.054293 0.112754
v -0.092162 0.054797 0.110285
v -0.092308 0.054293 0.110768
v -0.099210 0.054797 0.107957
v -0.099380 0.054293 0.108431
v -0.106136 0.054797 0.105285
v -0.106329 0.054293 0.105751
v -0.112923 0.054797 0.102277
v -0.113139 0.054293 0.102732
v -0.119554 0.054797 0.098939
v -0.119792 0.054293 0.099384
v -0.126013 0.054797 0.095280
v -0.126272 0.054293 0.095712
v -0.132285 0.054797 0.091309
v -0.132565 0.054293 0.091728
v -0.138354 0.054797 0.087034
v -0.138655 0.054293 0.087439
v -0.144207 0.054797 0.082467
v -0.144526 0.054293 0.082857
v -0.149828 0.054797 0.077618
v -0.150166 0.054293 0.077992
v -0.155204 0.054797 0.072499
v -0.155561 0.054293 0.072856
v -0.160323 0.054797 0.067123
v -0.160696 0.054293 0.067461
v -0.165172 0.054797 0.061502
v -0.165562 0.054293 0.061822
v -0.169739 0.054797 0.055649
v -0.170144 0.054293 0.055950
v -0.174014 0.054797 0.049580
v -0.174433 0.054293 0.049860
v -0.177985 0.054797 0.043308
v -0.178418 0.054293 0.043567
v -0.181644 0.054797 0.036849
v -0.182089 0.054293 0.037087
v -0.184982 0.054797 0.030218
v -0.185438 0.054293 0.030434
v -0.187990 0.054797 0.023432
v -0.188456 0.054293 0.023625
v -0.190662 0.054797 0.016505
v -0.191137 0.054293 0.016675
v -0.192991 0.054797 0.009457
v -0.193473 0.054293 0.009603
v -0.194971 0.054797 0.002302
v -0.195460 0.054293 0.002425
v -0.196597 0.054797 -0.004941
v -0.197092 0.054293 -0.004843
v -0.197866 0.054797 -0.012255
v -0.198365 0.054293 -0.012181
v -0.198775 0.054797 -0.019623
v -0.199277 0.054293 -0.019574
v -0.199321 0.054797 -0.027027
v -0.199825 0.054293 -0.027002
v -0.199503 0.054797 -0.034448
v -0.200007 0.054293 -0.034448
v -0.199321 0.054797 -0.041869
v -0.199825 0.054293 -0.041894
v -0.198775 0.054797 -0.049273
v -0.199277 0.054293 -0.049322
v -0.197866 0.054797 -0.056640
v -0.198365 0.054293 -0.056714
v -0.196597 0.054797 -0.063955
v -0.197092 0.054293 -0.064053
v -0.194971 0.054797 -0.071198
v -0.195460 0.054293 -0.071320
v -0.192991 0.054797 -0.078352
v -0.193473 0.054293 -0.078499
v -0.190662 0.054797 -0.085401
v -0.191137 0.054293 -0.085571
v -0.187991 0.054797 -0.092327
v -0.188456 0.054293 -0.092520
v -0.184982 0.054797 -0.099114
v -0.185438 0.054293 -0.099330
v -0.181644 0.054797 -0.105745
v -0.182089 0.054293 -0.105982
v -0.177985 0.054797 -0.112204
v -0.178418 0.054293 -0.112463
v -0.174014 0.054797 -0.118476
v -0.174433 0.054293 -0.118756
v -0.169739 0.054797 -0.124545
v -0.170144 0.054293 -0.124845
v -0.165172 0.054797 -0.130397
v -0.165562 0.054293 -0.130717
v -0.160323 0.054797 -0.136019
v -0.160697 0.054293 -0.136357
v -0.155204 0.054797 -0.141395
v -0.155561 0.054293 -0.141752
v -0.149828 0.054797 -0.146514
v -0.150166 0.054293 -0.146887
v -0.144207 0.054797 -0.151363
v -0.144527 0.054293 -0.151752
v -0.138354 0.054797 -0.155930
v -0.138655 0.054293 -0.156335
v -0.132285 0.054797 -0.160205
v -0.132565 0.054293 -0.160624
v -0.126013 0.054797 -0.164176
v -0.126272 0.054293 -0.164608
v -0.119554 0.054797 -0.167835
v -0.119792 0.054293 -0.168280
v -0.112923 0.054797 -0.171173
v -0.113139 0.054293 -0.171629
v -0.106137 0.054797 -0.174181
v -0.106329 0.054293 -0.174647
v -0.099210 0.054797 -0.176853
v -0.099380 0.054293 -0.177327
v -0.092162 0.054797 -0.179181
v -0.092308 0.054293 -0.179664
v -0.085007 0.054797 -0.181161
v -0.085129 0.054293 -0.181650
v -0.077764 0.054797 -0.182788
v -0.077862 0.054293 -0.183282
v -0.070450 0.054797 -0.184057
v -0.070523 0.054293 -0.184556
v -0.063082 0.054797 -0.184966
v -0.063131 0.054293 -0.185467
v -0.055678 0.054797 -0.185512
v -0.055703 0.054293 -0.186015
v -0.048257 0.057917 -0.034448
v -0.050275 0.065146 -0.032430
v -0.050275 0.065146 -0.036466
v -0.046240 0.065146 -0.032430
v -0.046240 0.065146 -0.036466
v -0.050729 0.063128 -0.031977
v -0.050578 0.064330 -0.032128
v -0.050578 0.065449 -0.033247
v -0.050729 0.065600 -0.034448
v -0.050578 0.065449 -0.035650
v -0.050578 0.064330 -0.036769
v -0.050729 0.063128 -0.036919
v -0.049459 0.065449 -0.036769
v -0.048258 0.065600 -0.036919
v -0.047056 0.065449 -0.036769
v -0.045937 0.064330 -0.036769
v -0.045786 0.063128 -0.036919
v -0.045937 0.065449 -0.035650
v -0.045786 0.065600 -0.034448
v -0.045937 0.065449 -0.033247
v -0.045937 0.064330 -0.032128
v -0.045786 0.063128 -0.031977
v -0.047056 0.065449 -0.032128
v -0.048258 0.065600 -0.031977
v -0.049459 0.065449 -0.032128
v -0.051473 0.063128 -0.033078
v -0.051237 0.064420 -0.033156
v -0.051752 0.063128 -0.034448
v -0.051473 0.064498 -0.034448
v -0.051473 0.063128 -0.035818
v -0.051237 0.064420 -0.035740
v -0.049627 0.063128 -0.037663
v -0.049549 0.064420 -0.037427
v -0.048258 0.063128 -0.037943
v -0.048258 0.064498 -0.037663
v -0.046888 0.063128 -0.037663
v -0.046966 0.064420 -0.037427
v -0.045042 0.063128 -0.035818
v -0.045278 0.064420 -0.035740
v -0.044763 0.063128 -0.034448
v -0.045042 0.064498 -0.034448
v -0.045042 0.063128 -0.033078
v -0.045278 0.064420 -0.033156
v -0.046888 0.063128 -0.031233
v -0.046966 0.064420 -0.031469
v -0.048258 0.063128 -0.030953
v -0.048258 0.064498 -0.031233
v -0.049627 0.063128 -0.031233
v -0.049549 0.064420 -0.031469
v -0.046966 0.066107 -0.035740
v -0.048258 0.066343 -0.035818
v -0.049549 0.066107 -0.035740
v -0.046888 0.066343 -0.034448
v -0.048258 0.066623 -0.034448
v -0.049627 0.066343 -0.034448
v -0.046966 0.066107 -0.033156
v -0.048258 0.066343 -0.033078
v -0.049549 0.066107 -0.033156
v -0.050729 0.057772 -0.031977
v -0.050729 0.057772 -0.036919
v -0.045786 0.057772 -0.036919
v -0.045786 0.057772 -0.031977
v -0.051473 0.057772 -0.033078
v -0.051752 0.057772 -0.034448
v -0.051473 0.057772 -0.035818
v -0.049627 0.057772 -0.037663
v -0.048258 0.057772 -0.037943
v -0.046888 0.057772 -0.037663
v -0.045042 0.057772 -0.035818
v -0.044763 0.057772 -0.034448
v -0.045042 0.057772 -0.033078
v -0.046888 0.057772 -0.031233
v -0.048258 0.057772 -0.030953
v -0.049627 0.057772 -0.031233
vn -0.0000 -0.0000 -1.0000
vn -0.0000 0.7127 -0.7015
vn 0.0491 -0.0000 -0.9988
vn 0.0344 0.7127 -0.7006
vn 0.0980 -0.0000 -0.9952
vn 0.0688 0.7127 -0.6981
vn 0.1467 -0.0000 -0.9892
vn 0.1029 0.7127 -0.6939
vn 0.1951 -0.0000 -0.9808
vn 0.1369 0.7127 -0.6880
vn 0.2430 -0.0000 -0.9700
vn 0.1704 0.7127 -0.6805
vn 0.2903 -0.0000 -0.9569
vn 0.2036 0.7127 -0.6713
vn 0.3369 -0.0000 -0.9415
vn 0.2363 0.7127 -0.6605
vn 0.3827 -0.0000 -0.9239
vn 0.2684 0.7127 -0.6481
vn 0.4276 -0.0000 -0.9040
vn 0.2999 0.7127 -0.6341
vn 0.4714 -0.0000 -0.8819
vn 0.3307 0.7127 -0.6187
vn 0.5141 -0.0000 -0.8577
vn 0.3606 0.7127 -0.6017
vn 0.5556 -0.0000 -0.8315
vn 0.3897 0.7127 -0.5833
vn 0.5957 -0.0000 -0.8032
vn 0.4179 0.7127 -0.5634
vn 0.6344 -0.0000 -0.7730
vn 0.4450 0.7127 -0.5423
vn 0.6716 -0.0000 -0.7410
vn 0.4711 0.7127 -0.5198
vn 0.7071 -0.0000 -0.7071
vn 0.4960 0.7127 -0.4960
vn 0.7410 -0.0000 -0.6716
vn 0.5198 0.7127 -0.4711
vn 0.7730 -0.0000 -0.6344
vn 0.5423 0.7127 -0.4450
vn 0.8032 -0.0000 -0.5957
vn 0.5634 0.7127 -0.4179
vn 0.8315 -0.0000 -0.5556
vn 0.5833 0.7127 -0.3897
vn 0.8577 -0.0000 -0.5141
vn 0.6017 0.7127 -0.3606
vn 0.8819 -0.0000 -0.4714
vn 0.6187 0.7127 -0.3307
vn 0.9040 -0.0000 -0.4276
vn 0.6341 0.7127 -0.2999
vn 0.9239 -0.0000 -0.3827
vn 0.6481 0.7127 -0.2684
vn 0.9415 -0.0000 -0.3369
vn 0.6605 0.7127 -0.2363
vn 0.9569 -0.0000 -0.2903
vn 0.6713 0.7127 -0.2036
vn 0.9700 -0.0000 -0.2430
vn 0.6805 0.7127 -0.1704
vn 0.9808 -0.0000 -0.1951
vn 0.6880 0.7127 -0.1369
vn 0.9892 -0.0000 -0.1467
vn 0.6939 0.7127 -0.1029
vn 0.9952 -0.0000 -0.0980
vn 0.6981 0.7127 -0.0688
vn 0.9988 -0.0000 -0.0491
vn 0.7006 0.7127 -0.0344
vn 1.0000 -0.0000 -0.0000
vn 0.7015 0.7127 -0.0000
vn 0.9988 -0.0000 0.0491
vn 0.7006 0.7127 0.0344
vn 0.9952 -0.0000 0.0980
vn 0.6981 0.7127 0.0688
vn 0.9892 -0.0000 0.1467
vn 0.6939 0.7127 0.1029
vn 0.9808 -0.0000 0.1951
vn 0.6880 0.7127 0.1369
vn 0.9700 -0.0000 0.2430
vn 0.6805 0.7127 0.1704
vn 0.9569 -0.0000 0.2903
vn 0.6713 0.7127 0.2036
vn 0.9415 -0.0000 0.3369
vn 0.6605 0.7127 0.2363
vn 0.9239 -0.0000 0.3827
vn 0.6481 0.7127 0.2684
vn 0.9040 -0.0000 0.4276
vn 0.6341 0.7127 0.2999
vn 0.8819 -0.0000 0.4714
vn 0.6187 0.7127 0.3307
vn 0.8577 -0.0000 0.5141
vn 0.6017 0.7127 0.3606
vn 0.8315 -0.0000 0.5556
vn 0.5833 0.7127 0.3897
vn 0.8032 -0.0000 0.5957
vn 0.5634 0.7127 0.4179
vn 0.7730 -0.0000 0.6344
vn 0.5423 0.7127 0.4450
vn 0.7410 -0.0000 0.6716
vn 0.5198 0.7127 0.4711
vn 0.7071 -0.0000 0.7071
vn 0.4960 0.7127 0.4960
vn 0.6716 -0.0000 0.7410
vn 0.4711 0.7127 0.5198
vn 0.6344 -0.0000 0.7730
vn 0.4450 0.7127 0.5423
vn 0.5957 -0.0000 0.8032
vn 0.4179 0.7127 0.5634
vn 0.5556 -0.0000 0.8315
vn 0.3897 0.7127 0.5833
vn 0.5141 -0.0000 0.8577
vn 0.3606 0.7127 0.6017
vn 0.4714 -0.0000 0.8819
vn 0.3307 0.7127 0.6187
vn 0.4276 -0.0000 0.9040
vn 0.2999 0.7127 0.6341
vn 0.3827 -0.0000 0.9239
vn 0.2685 0.7127 0.6481
vn 0.3369 -0.0000 0.9415
vn 0.2363 0.7127 0.6605
vn 0.2903 -0.0000 0.9569
vn 0.2036 0.7127 0.6713
vn 0.2430 -0.0000 0.9700
vn 0.1704 0.7127 0.6805
vn 0.1951 -0.0000 0.9808
vn 0.1369 0.7127 0.6880
vn 0.1467 -0.0000 0.9892
vn 0.1029 0.7127 0.6939
vn 0.0980 -0.0000 0.9952
vn 0.0688 0.7127 0.6981
vn 0.0491 -0.0000 0.9988
vn 0.0344 0.7127 0.7006
vn -0.0000 -0.0000 1.0000
vn -0.0000 0.7127 0.7015
vn -0.0491 -0.0000 0.9988
vn -0.0344 0.7127 0.7006
vn -0.0980 -0.0000 0.9952
vn -0.0688 0.7127 0.6981
vn -0.1467 -0.0000 0.9892
vn -0.1029 0.7127 0.6939
vn -0.1951 -0.0000 0.9808
vn -0.1369 0.7127 0.6880
vn -0.2430 -0.0000 0.9700
vn -0.1704 0.7127 0.6805
vn -0.2903 -0.0000 0.9569
vn -0.2036 0.7127 0.6713
vn -0.3369 -0.0000 0.9415
vn -0.2363 0.7127 0.6605
vn -0.3827 -0.0000 0.9239
vn -0.2684 0.7127 0.6481
vn -0.4276 -0.0000 0.9040
vn -0.2999 0.7127 0.6341
vn -0.4714 -0.0000 0.8819
vn -0.3307 0.7127 0.6187
vn -0.5141 -0.0000 0.8577
vn -0.3606 0.7127 0.6017
vn -0.5556 -0.0000 0.8315
vn -0.3897 0.7127 0.5833
vn -0.5957 -0.0000 0.8032
vn -0.4179 0.7127 0.5634
vn -0.6344 -0.0000 0.7730
vn -0.4450 0.7127 0.5423
vn -0.6716 -0.0000 0.7410
vn -0.4711 0.7127 0.5198
vn -0.7071 -0.0000 0.7071
vn -0.4960 0.7127 0.4960
vn -0.7409 -0.0000 0.6716
vn -0.5198 0.7127 0.4711
vn -0.7730 -0.0000 0.6344
vn -0.5423 0.7127 0.4450
vn -0.8032 -0.0000 0.5957
vn -0.5634 0.7127 0.4179
vn -0.8315 -0.0000 0.5556
vn -0.5833 0.7127 0.3897
vn -0.8577 -0.0000 0.5141
vn -0.6017 0.7127 0.3606
vn -0.8819 -0.0000 0.4714
vn -0.6187 0.7127 0.3307
vn -0.9040 -0.0000 0.4276
vn -0.6341 0.7127 0.2999
vn -0.9239 -0.0000 0.3827
vn -0.6481 0.7127 0.2685
vn -0.9415 -0.0000 0.3369
vn -0.6605 0.7127 0.2363
vn -0.9569 -0.0000 0.2903
vn -0.6713 0.7127 0.2036
vn -0.9700 -0.0000 0.2430
vn -0.6805 0.7127 0.1704
vn -0.9808 -0.0000 0.1951
vn -0.6880 0.7127 0.1369
vn -0.9892 -0.0000 0.1467
vn -0.6939 0.7127 0.1029
vn -0.9952 -0.0000 0.0980
vn -0.6981 0.7127 0.0688
vn -0.9988 -0.0000 0.0491
vn -0.7006 0.7127 0.0344
vn -1.0000 -0.0000 -0.0000
vn -0.7015 0.7127 -0.0000
vn -0.9988 -0.0000 -0.0491
vn -0.7006 0.7127 -0.0344
vn -0.9952 -0.0000 -0.0980
vn -0.6981 0.7127 -0.0688
vn -0.9892 -0.0000 -0.1467
vn -0.6939 0.7127 -0.1029
vn -0.9808 -0.0000 -0.1951
vn -0.6880 0.7127 -0.1369
vn -0.9700 -0.0000 -0.2430
vn -0.6805 0.7127 -0.1704
vn -0.9569 -0.0000 -0.2903
vn -0.6713 0.7127 -0.2036
vn -0.9415 -0.0000 -0.3369
vn -0.6605 0.7127 -0.2363
vn -0.9239 -0.0000 -0.3827
vn -0.6481 0.7127 -0.2684
vn -0.9040 -0.0000 -0.4276
vn -0.6341 0.7127 -0.2999
vn -0.8819 -0.0000 -0.4714
vn -0.6187 0.7127 -0.3307
vn -0.8577 -0.0000 -0.5141
vn -0.6017 0.7127 -0.3606
vn -0.8315 -0.0000 -0.5556
vn -0.5833 0.7127 -0.3897
vn -0.8032 -0.0000 -0.5957
vn -0.5634 0.7127 -0.4179
vn -0.7730 -0.0000 -0.6344
vn -0.5423 0.7127 -0.4450
vn -0.7410 -0.0000 -0.6716
vn -0.5198 0.7127 -0.4711
vn -0.7071 -0.0000 -0.7071
vn -0.4960 0.7127 -0.4960
vn -0.6716 -0.0000 -0.7410
vn -0.4711 0.7127 -0.5198
vn -0.6344 -0.0000 -0.7730
vn -0.4450 0.7127 -0.5423
vn -0.5957 -0.0000 -0.8032
vn -0.4179 0.7127 -0.5634
vn -0.5556 -0.0000 -0.8315
vn -0.3897 0.7127 -0.5833
vn -0.5141 -0.0000 -0.8577
vn -0.3606 0.7127 -0.6017
vn -0.4714 -0.0000 -0.8819
vn -0.3307 0.7127 -0.6187
vn -0.4276 -0.0000 -0.9040
vn -0.2999 0.7127 -0.6341
vn -0.3827 -0.0000 -0.9239
vn -0.2684 0.7127 -0.6481
vn -0.3369 -0.0000 -0.9415
vn -0.2363 0.7127 -0.6605
vn -0.2903 -0.0000 -0.9569
vn -0.2036 0.7127 -0.6713
vn -0.2430 -0.0000 -0.9700
vn -0.1704 0.7127 -0.6805
vn -0.1951 -0.0000 -0.9808
vn -0.1369 0.7127 -0.6880
vn -0.1467 -0.0000 -0.9892
vn -0.1029 0.7127 -0.6939
vn -0.0980 -0.0000 -0.9952
vn -0.0688 0.7127 -0.6981
vn -0.0491 -0.0000 -0.9988
vn -0.0344 0.7127 -0.7006
vn 0.0350 0.7016 -0.7117
vn -0.0000 0.7016 -0.7125
vn 0.0698 0.7016 -0.7091
vn 0.1046 0.7016 -0.7048
vn 0.1390 0.7016 -0.6988
vn 0.1731 0.7016 -0.6912
vn 0.2068 0.7016 -0.6819
vn 0.2400 0.7016 -0.6709
vn 0.2727 0.7016 -0.6583
vn 0.3046 0.7016 -0.6441
vn 0.3359 0.7016 -0.6284
vn 0.3663 0.7016 -0.6112
vn 0.3959 0.7016 -0.5924
vn 0.4245 0.7016 -0.5723
vn 0.4520 0.7016 -0.5508
vn 0.4785 0.7016 -0.5280
vn 0.5038 0.7016 -0.5038
vn 0.5280 0.7016 -0.4785
vn 0.5508 0.7016 -0.4520
vn 0.5723 0.7016 -0.4245
vn 0.5924 0.7016 -0.3959
vn 0.6112 0.7016 -0.3663
vn 0.6284 0.7016 -0.3359
vn 0.6441 0.7016 -0.3046
vn 0.6583 0.7016 -0.2727
vn 0.6709 0.7016 -0.2400
vn 0.6819 0.7016 -0.2068
vn 0.6912 0.7016 -0.1731
vn 0.6988 0.7016 -0.1390
vn 0.7048 0.7016 -0.1045
vn 0.7091 0.7016 -0.0698
vn 0.7117 0.7016 -0.0350
vn 0.7125 0.7016 -0.0000
vn 0.7117 0.7016 0.0350
vn 0.7091 0.7016 0.0698
vn 0.7048 0.7016 0.1046
vn 0.6988 0.7016 0.1390
vn 0.6912 0.7016 0.1731
vn 0.6819 0.7016 0.2068
vn 0.6709 0.7016 0.2400
vn 0.6583 0.7016 0.2727
vn 0.6441 0.7016 0.3046
vn 0.6284 0.7016 0.3359
vn 0.6112 0.7016 0.3663
vn 0.5924 0.7016 0.3959
vn 0.5723 0.7016 0.4245
vn 0.5508 0.7016 0.4520
vn 0.5280 0.7016 0.4785
vn 0.5038 0.7016 0.5038
vn 0.4785 0.7016 0.5280
vn 0.4520 0.7016 0.5508
vn 0.4245 0.7016 0.5723
vn 0.3959 0.7016 0.5924
vn 0.3663 0.7016 0.6112
vn 0.3359 0.7016 0.6284
vn 0.3046 0.7016 0.6441
vn 0.2727 0.7016 0.6583
vn 0.2400 0.7016 0.6709
vn 0.2068 0.7016 0.6819
vn 0.1731 0.7016 0.6912
vn 0.1390 0.7016 0.6988
vn 0.1046 0.7016 0.7048
vn 0.0698 0.7016 0.7091
vn 0.0350 0.7016 0.7117
vn -0.0000 0.7016 0.7125
vn -0.0350 0.7016 0.7117
vn -0.0698 0.7016 0.7091
vn -0.1045 0.7016 0.7048
vn -0.1390 0.7016 0.6988
vn -0.1731 0.7016 0.6912
vn -0.2068 0.7016 0.6819
vn -0.2400 0.7016 0.6709
vn -0.2727 0.7016 0.6583
vn -0.3046 0.7016 0.6441
vn -0.3359 0.7016 0.6284
vn -0.3663 0.7016 0.6112
vn -0.3959 0.7016 0.5924
vn -0.4245 0.7016 0.5723
vn -0.4520 0.7016 0.5508
vn -0.4785 0.7016 0.5280
vn -0.5038 0.7016 0.5038
vn -0.5280 0.7016 0.4785
vn -0.5508 0.7016 0.4520
vn -0.5723 0.7016 0.4245
vn -0.5924 0.7016 0.3959
vn -0.6112 0.7016 0.3663
vn -0.6284 0.7016 0.3359
vn -0.6441 0.7016 0.3046
vn -0.6583 0.7016 0.2727
vn -0.6709 0.7016 0.2400
vn -0.6819 0.7016 0.2068
vn -0.6912 0.7016 0.1731
vn -0.6988 0.7016 0.1390
vn -0.7048 0.7016 0.1045
vn -0.7091 0.7016 0.0698
vn -0.7117 0.7016 0.0350
vn -0.7125 0.7016 -0.0000
vn -0.7117 0.7016 -0.0350
vn -0.7091 0.7016 -0.0698
vn -0.7048 0.7016 -0.1045
vn -0.6988 0.7016 -0.1390
vn -0.6912 0.7016 -0.1731
vn -0.6819 0.7016 -0.2068
vn -0.6709 0.7016 -0.2400
vn -0.6583 0.7016 -0.2727
vn -0.6441 0.7016 -0.3046
vn -0.6284 0.7016 -0.3359
vn -0.6112 0.7016 -0.3663
vn -0.5924 0.7016 -0.3959
vn -0.5723 0.7016 -0.4245
vn -0.5508 0.7016 -0.4520
vn -0.5280 0.7016 -0.4785
vn -0.5038 0.7016 -0.5038
vn -0.4785 0.7016 -0.5280
vn -0.4520 0.7016 -0.5508
vn -0.4245 0.7016 -0.5723
vn -0.3959 0.7016 -0.5925
vn -0.3663 0.7016 -0.6112
vn -0.3359 0.7016 -0.6284
vn -0.3046 0.7016 -0.6441
vn -0.2727 0.7016 -0.6583
vn -0.2400 0.7016 -0.6709
vn -0.2068 0.7016 -0.6819
vn -0.1731 0.7016 -0.6912
vn -0.1390 0.7016 -0.6988
vn -0.1045 0.7016 -0.7048
vn -0.0698 0.7016 -0.7091
vn -0.0350 0.7016 -0.7117
vn 0.0190 0.9218 -0.3872
vn 0.0454 0.3807 -0.9236
vn -0.0000 0.3807 -0.9247
vn -0.0000 0.9218 -0.3877
vn 0.0380 0.9218 -0.3858
vn 0.0906 0.3807 -0.9203
vn 0.0569 0.9218 -0.3835
vn 0.1357 0.3807 -0.9147
vn 0.0756 0.9218 -0.3803
vn 0.1804 0.3807 -0.9070
vn 0.0942 0.9218 -0.3761
vn 0.2247 0.3807 -0.8970
vn 0.1125 0.9218 -0.3710
vn 0.2684 0.3807 -0.8849
vn 0.1306 0.9218 -0.3650
vn 0.3115 0.3807 -0.8707
vn 0.1484 0.9218 -0.3582
vn 0.3539 0.3807 -0.8543
vn 0.1658 0.9218 -0.3505
vn 0.3954 0.3807 -0.8359
vn 0.1828 0.9218 -0.3419
vn 0.4359 0.3807 -0.8155
vn 0.1993 0.9218 -0.3325
vn 0.4754 0.3807 -0.7932
vn 0.2154 0.9218 -0.3224
vn 0.5137 0.3807 -0.7689
vn 0.2309 0.9218 -0.3114
vn 0.5509 0.3807 -0.7427
vn 0.2460 0.9218 -0.2997
vn 0.5866 0.3807 -0.7148
vn 0.2604 0.9218 -0.2873
vn 0.6210 0.3807 -0.6852
vn 0.2741 0.9218 -0.2741
vn 0.6539 0.3807 -0.6539
vn 0.2873 0.9218 -0.2604
vn 0.6852 0.3807 -0.6210
vn 0.2997 0.9218 -0.2459
vn 0.7148 0.3807 -0.5866
vn 0.3114 0.9218 -0.2309
vn 0.7427 0.3807 -0.5509
vn 0.3224 0.9218 -0.2154
vn 0.7689 0.3807 -0.5137
vn 0.3325 0.9218 -0.1993
vn 0.7932 0.3807 -0.4754
vn 0.3419 0.9218 -0.1828
vn 0.8155 0.3807 -0.4359
vn 0.3505 0.9218 -0.1658
vn 0.8359 0.3807 -0.3954
vn 0.3582 0.9218 -0.1484
vn 0.8543 0.3807 -0.3539
vn 0.3650 0.9218 -0.1306
vn 0.8707 0.3807 -0.3115
vn 0.3710 0.9218 -0.1125
vn 0.8849 0.3807 -0.2684
vn 0.3761 0.9218 -0.0942
vn 0.8970 0.3807 -0.2247
vn 0.3802 0.9218 -0.0756
vn 0.9069 0.3807 -0.1804
vn 0.3835 0.9218 -0.0569
vn 0.9147 0.3807 -0.1357
vn 0.3858 0.9218 -0.0380
vn 0.9203 0.3807 -0.0906
vn 0.3872 0.9218 -0.0190
vn 0.9236 0.3807 -0.0454
vn 0.3877 0.9218 -0.0000
vn 0.9247 0.3807 -0.0000
vn 0.3872 0.9218 0.0190
vn 0.9236 0.3807 0.0454
vn 0.3858 0.9218 0.0380
vn 0.9203 0.3807 0.0906
vn 0.3835 0.9218 0.0569
vn 0.9147 0.3807 0.1357
vn 0.3802 0.9218 0.0756
vn 0.9069 0.3807 0.1804
vn 0.3761 0.9218 0.0942
vn 0.8970 0.3807 0.2247
vn 0.3710 0.9218 0.1125
vn 0.8849 0.3807 0.2684
vn 0.3650 0.9218 0.1306
vn 0.8707 0.3807 0.3115
vn 0.3582 0.9218 0.1484
vn 0.8543 0.3807 0.3539
vn 0.3505 0.9218 0.1658
vn 0.8359 0.3807 0.3954
vn 0.3419 0.9218 0.1828
vn 0.8155 0.3807 0.4359
vn 0.3325 0.9218 0.1993
vn 0.7932 0.3807 0.4754
vn 0.3224 0.9218 0.2154
vn 0.7689 0.3807 0.5137
vn 0.3114 0.9218 0.2309
vn 0.7427 0.3807 0.5509
vn 0.2997 0.9218 0.2460
vn 0.7148 0.3807 0.5866
vn 0.2873 0.9218 0.2604
vn 0.6852 0.3807 0.6210
vn 0.2741 0.9218 0.2741
vn 0.6539 0.3807 0.6539
vn 0.2604 0.9218 0.2873
vn 0.6210 0.3807 0.6852
vn 0.2460 0.9218 0.2997
vn 0.5866 0.3807 0.7148
vn 0.2309 0.9218 0.3114
vn 0.5509 0.3807 0.7427
vn 0.2154 0.9218 0.3224
vn 0.5137 0.3807 0.7689
vn 0.1993 0.9218 0.3325
vn 0.4754 0.3807 0.7932
vn 0.1828 0.9218 0.3419
vn 0.4359 0.3807 0.8155
vn 0.1658 0.9218 0.3505
vn 0.3954 0.3807 0.8359
vn 0.1484 0.9218 0.3582
vn 0.3539 0.3807 0.8543
vn 0.1306 0.9218 0.3650
vn 0.3115 0.3807 0.8707
vn 0.1125 0.9218 0.3710
vn 0.2684 0.3807 0.8849
vn 0.0942 0.9218 0.3761
vn 0.2247 0.3807 0.8970
vn 0.0756 0.9218 0.3803
vn 0.1804 0.3807 0.9069
vn 0.0569 0.9218 0.3835
vn 0.1357 0.3807 0.9147
vn 0.0380 0.9218 0.3858
vn 0.0906 0.3807 0.9203
vn 0.0190 0.9218 0.3872
vn 0.0454 0.3807 0.9236
vn -0.0000 0.9218 0.3877
vn -0.0000 0.3807 0.9247
vn -0.0190 0.9218 0.3872
vn -0.0454 0.3807 0.9236
vn -0.0380 0.9218 0.3858
vn -0.0906 0.3807 0.9203
vn -0.0569 0.9218 0.3835
vn -0.1357 0.3807 0.9147
vn -0.0756 0.9218 0.3803
vn -0.1804 0.3806 0.9070
vn -0.0942 0.9218 0.3761
vn -0.2247 0.3807 0.8970
vn -0.1125 0.9218 0.3710
vn -0.2684 0.3807 0.8849
vn -0.1306 0.9218 0.3650
vn -0.3115 0.3807 0.8707
vn -0.1484 0.9218 0.3582
vn -0.3539 0.3806 0.8543
vn -0.1658 0.9218 0.3505
vn -0.3954 0.3807 0.8359
vn -0.1827 0.9218 0.3419
vn -0.4359 0.3807 0.8155
vn -0.1993 0.9218 0.3325
vn -0.4754 0.3807 0.7932
vn -0.2154 0.9218 0.3224
vn -0.5137 0.3807 0.7689
vn -0.2309 0.9218 0.3114
vn -0.5508 0.3807 0.7427
vn -0.2460 0.9218 0.2997
vn -0.5866 0.3807 0.7148
vn -0.2604 0.9218 0.2873
vn -0.6210 0.3807 0.6852
vn -0.2741 0.9218 0.2741
vn -0.6539 0.3807 0.6539
vn -0.2873 0.9218 0.2604
vn -0.6852 0.3807 0.6210
vn -0.2997 0.9218 0.2460
vn -0.7148 0.3807 0.5866
vn -0.3114 0.9218 0.2310
vn -0.7427 0.3807 0.5509
vn -0.3224 0.9218 0.2154
vn -0.7689 0.3807 0.5137
vn -0.3325 0.9218 0.1993
vn -0.7932 0.3807 0.4754
vn -0.3419 0.9218 0.1828
vn -0.8155 0.3807 0.4359
vn -0.3505 0.9218 0.1658
vn -0.8359 0.3807 0.3954
vn -0.3582 0.9218 0.1484
vn -0.8543 0.3807 0.3539
vn -0.3650 0.9218 0.1306
vn -0.8707 0.3807 0.3115
vn -0.3710 0.9218 0.1125
vn -0.8849 0.3807 0.2684
vn -0.3761 0.9218 0.0942
vn -0.8970 0.3807 0.2247
vn -0.3802 0.9218 0.0756
vn -0.9069 0.3807 0.1804
vn -0.3835 0.9218 0.0569
vn -0.9147 0.3807 0.1357
vn -0.3858 0.9218 0.0380
vn -0.9203 0.3807 0.0906
vn -0.3872 0.9218 0.0190
vn -0.9236 0.3807 0.0454
vn -0.3877 0.9218 -0.0000
vn -0.9247 0.3807 -0.0000
vn -0.3872 0.9218 -0.0190
vn -0.9236 0.3807 -0.0454
vn -0.3858 0.9218 -0.0380
vn -0.9203 0.3807 -0.0906
vn -0.3835 0.9218 -0.0569
vn -0.9147 0.3807 -0.1357
vn -0.3802 0.9218 -0.0756
vn -0.9069 0.3807 -0.1804
vn -0.3761 0.9218 -0.0942
vn -0.8970 0.3807 -0.2247
vn -0.3710 0.9218 -0.1125
vn -0.8849 0.3807 -0.2684
vn -0.3650 0.9218 -0.1306
vn -0.8707 0.3807 -0.3115
vn -0.3582 0.9218 -0.1484
vn -0.8543 0.3807 -0.3539
vn -0.3505 0.9218 -0.1658
vn -0.8359 0.3807 -0.3954
vn -0.3419 0.9218 -0.1828
vn -0.8155 0.3807 -0.4359
vn -0.3325 0.9218 -0.1993
vn -0.7932 0.3807 -0.4754
vn -0.3223 0.9218 -0.2154
vn -0.7689 0.3807 -0.5137
vn -0.3114 0.9218 -0.2309
vn -0.7427 0.3807 -0.5509
vn -0.2997 0.9218 -0.2459
vn -0.7148 0.3807 -0.5866
vn -0.2873 0.9218 -0.2604
vn -0.6852 0.3807 -0.6210
vn -0.2741 0.9218 -0.2741
vn -0.6539 0.3807 -0.6539
vn -0.2604 0.9218 -0.2873
vn -0.6210 0.3807 -0.6852
vn -0.2460 0.9218 -0.2997
vn -0.5866 0.3807 -0.7148
vn -0.2309 0.9218 -0.3114
vn -0.5509 0.3807 -0.7427
vn -0.2154 0.9218 -0.3224
vn -0.5137 0.3807 -0.7689
vn -0.1993 0.9218 -0.3325
vn -0.4754 0.3807 -0.7932
vn -0.1828 0.9218 -0.3419
vn -0.4359 0.3806 -0.8155
vn -0.1658 0.9218 -0.3505
vn -0.3954 0.3807 -0.8359
vn -0.1484 0.9218 -0.3582
vn -0.3539 0.3807 -0.8543
vn -0.1306 0.9218 -0.3650
vn -0.3115 0.3806 -0.8707
vn -0.1125 0.9218 -0.3710
vn -0.2684 0.3807 -0.8849
vn -0.0942 0.9218 -0.3761
vn -0.2247 0.3807 -0.8970
vn -0.0756 0.9218 -0.3802
vn -0.1804 0.3807 -0.9069
vn -0.0569 0.9218 -0.3835
vn -0.1357 0.3807 -0.9147
vn -0.0380 0.9218 -0.3858
vn -0.0906 0.3807 -0.9203
vn -0.0190 0.9218 -0.3872
vn -0.0454 0.3807 -0.9236
vn -0.0000 1.0000 -0.0000
vn -0.5774 0.5774 0.5774
vn -0.5774 0.5774 -0.5774
vn 0.5774 0.5774 0.5774
vn 0.5773 0.5774 -0.5774
vn -0.7044 0.0867 0.7044
vn -0.6714 0.3138 0.6714
vn -0.6714 0.6714 0.3138
vn -0.7071 0.7071 -0.0000
vn -0.6714 0.6714 -0.3138
vn -0.6714 0.3138 -0.6714
vn -0.7044 0.0867 -0.7044
vn -0.3138 0.6714 -0.6714
vn -0.0000 0.7071 -0.7071
vn 0.3138 0.6714 -0.6714
vn 0.6714 0.3138 -0.6714
vn 0.7044 0.0867 -0.7044
vn 0.6714 0.6714 -0.3138
vn 0.7071 0.7071 -0.0000
vn 0.6714 0.6714 0.3138
vn 0.6714 0.3138 0.6714
vn 0.7044 0.0867 0.7044
vn 0.3138 0.6714 0.6714
vn -0.0000 0.7071 0.7071
vn -0.3138 0.6714 0.6714
vn -0.9188 0.0922 0.3837
vn -0.8648 0.3550 0.3550
vn -0.9953 0.0971 -0.0000
vn -0.9236 0.3833 -0.0000
vn -0.9188 0.0922 -0.3837
vn -0.8648 0.3550 -0.3550
vn -0.3837 0.0922 -0.9188
vn -0.3550 0.3550 -0.8648
vn -0.0000 0.0971 -0.9953
vn -0.0000 0.3833 -0.9236
vn 0.3837 0.0922 -0.9188
vn 0.3550 0.3550 -0.8648
vn 0.9188 0.0922 -0.3837
vn 0.8648 0.3550 -0.3550
vn 0.9953 0.0971 -0.0000
vn 0.9236 0.3833 -0.0000
vn 0.9188 0.0922 0.3837
vn 0.8648 0.3550 0.3550
vn 0.3837 0.0922 0.9188
vn 0.3550 0.3550 0.8648
vn -0.0000 0.0971 0.9953
vn -0.0000 0.3833 0.9236
vn -0.3837 0.0922 0.9188
vn -0.3550 0.3550 0.8648
vn 0.3550 0.8648 -0.3550
vn -0.0000 0.9236 -0.3833
vn -0.3550 0.8648 -0.3550
vn 0.3833 0.9236 -0.0000
vn -0.3833 0.9236 -0.0000
vn 0.3550 0.8648 0.3550
vn -0.0000 0.9236 0.3833
vn -0.3550 0.8648 0.3550
vn -0.9219 -0.0000 0.3874
vn -0.9219 -0.0000 -0.3873
vn -0.3874 -0.0000 -0.9219
vn 0.3873 -0.0000 -0.9219
vn 0.9219 -0.0000 -0.3874
vn 0.9219 -0.0000 0.3873
vn 0.3874 -0.0000 0.9219
vn -0.3873 -0.0000 0.9219
vt 0.008568 0.604734
vt 0.014785 0.616347
vt 0.008568 0.616347
vt 0.507909 0.584877
vt 0.503688 0.580254
vt 0.508581 0.584051
vt 0.498034 0.577568
vt 0.503055 0.581110
vt 0.493409 0.573349
vt 0.498627 0.576684
vt 0.487533 0.571188
vt 0.492856 0.574259
vt 0.482544 0.567407
vt 0.488044 0.570254
vt 0.482076 0.568364
vt 0.476920 0.564814
vt 0.470805 0.563474
vt 0.476496 0.565791
vt 0.465014 0.561418
vt 0.471183 0.562479
vt 0.459135 0.559629
vt 0.465347 0.560407
vt 0.453421 0.557070
vt 0.459422 0.558603
vt 0.447164 0.556859
vt 0.453181 0.558108
vt 0.441096 0.555885
vt 0.447357 0.555812
vt 0.435087 0.554128
vt 0.441241 0.554830
vt 0.434991 0.555188
vt 0.428908 0.553706
vt 0.422716 0.554629
vt 0.428860 0.554769
vt 0.416524 0.553705
vt 0.422716 0.553564
vt 0.410441 0.555187
vt 0.416572 0.554768
vt 0.404336 0.555883
vt 0.410345 0.554126
vt 0.398076 0.555809
vt 0.404191 0.554828
vt 0.398268 0.556856
vt 0.392011 0.557067
vt 0.392251 0.558104
vt 0.386010 0.558599
vt 0.380418 0.561413
vt 0.386297 0.559624
vt 0.374248 0.562473
vt 0.380085 0.560402
vt 0.374626 0.563468
vt 0.368511 0.564807
vt 0.363354 0.568356
vt 0.368935 0.565784
vt 0.357897 0.571180
vt 0.362887 0.567400
vt 0.352021 0.573340
vt 0.357386 0.570246
vt 0.347396 0.577558
vt 0.352573 0.574250
vt 0.342374 0.581100
vt 0.346802 0.576675
vt 0.336848 0.584040
vt 0.341741 0.580244
vt 0.332841 0.588851
vt 0.337519 0.584866
vt 0.763894 0.233173
vt 0.758505 0.229982
vt 0.759216 0.229189
vt 0.768748 0.236939
vt 0.763222 0.233999
vt 0.773770 0.240480
vt 0.768115 0.237795
vt 0.778947 0.243789
vt 0.773176 0.241364
vt 0.784271 0.246858
vt 0.778395 0.244699
vt 0.789728 0.249682
vt 0.783760 0.247793
vt 0.794885 0.253232
vt 0.789260 0.250639
vt 0.801000 0.254571
vt 0.795308 0.252255
vt 0.806791 0.256626
vt 0.800621 0.255566
vt 0.812670 0.258415
vt 0.806458 0.257637
vt 0.818624 0.259936
vt 0.812383 0.259441
vt 0.824641 0.261184
vt 0.818384 0.260973
vt 0.830708 0.262157
vt 0.824448 0.262231
vt 0.836717 0.263914
vt 0.830564 0.263212
vt 0.842945 0.263273
vt 0.836814 0.262854
vt 0.849089 0.263413
vt 0.842897 0.264336
vt 0.855281 0.264337
vt 0.849089 0.264477
vt 0.861363 0.262855
vt 0.855232 0.263273
vt 0.867469 0.262158
vt 0.861460 0.263915
vt 0.873729 0.262232
vt 0.867614 0.263213
vt 0.879554 0.259937
vt 0.873537 0.261185
vt 0.885508 0.258417
vt 0.879794 0.260974
vt 0.891387 0.256627
vt 0.885795 0.259442
vt 0.897557 0.255568
vt 0.891720 0.257639
vt 0.897179 0.254573
vt 0.903294 0.253233
vt 0.908451 0.249684
vt 0.902870 0.252257
vt 0.914419 0.247794
vt 0.908919 0.250640
vt 0.913909 0.246860
vt 0.919785 0.244700
vt 0.924410 0.240482
vt 0.919232 0.243790
vt 0.930065 0.237796
vt 0.925004 0.241365
vt 0.934287 0.233173
vt 0.929432 0.236940
vt 0.939676 0.229982
vt 0.934959 0.233999
vt 0.748021 0.204936
vt 0.742633 0.201745
vt 0.743343 0.200951
vt 0.752243 0.209559
vt 0.747350 0.205762
vt 0.757897 0.212245
vt 0.752876 0.208703
vt 0.763075 0.215554
vt 0.757304 0.213129
vt 0.768398 0.218624
vt 0.762522 0.216464
vt 0.773387 0.222405
vt 0.767887 0.219558
vt 0.773855 0.221448
vt 0.779012 0.224998
vt 0.779435 0.224021
vt 0.784748 0.227332
vt 0.790918 0.228392
vt 0.785127 0.226337
vt 0.796797 0.230182
vt 0.790585 0.229404
vt 0.802751 0.231703
vt 0.796510 0.231207
vt 0.808767 0.232951
vt 0.802511 0.232740
vt 0.814835 0.233924
vt 0.808575 0.233998
vt 0.820941 0.234621
vt 0.814690 0.234979
vt 0.827072 0.235040
vt 0.820844 0.235682
vt 0.833215 0.236244
vt 0.827023 0.236104
vt 0.833215 0.235180
vt 0.839407 0.236104
vt 0.839359 0.235040
vt 0.845587 0.235682
vt 0.851596 0.233925
vt 0.845490 0.234622
vt 0.857663 0.232951
vt 0.851740 0.234980
vt 0.863680 0.231703
vt 0.857856 0.233999
vt 0.869634 0.230183
vt 0.863920 0.232741
vt 0.875513 0.228393
vt 0.869921 0.231208
vt 0.881683 0.227333
vt 0.875846 0.229405
vt 0.881304 0.226339
vt 0.887420 0.224999
vt 0.892577 0.221449
vt 0.886996 0.224022
vt 0.898545 0.219559
vt 0.893044 0.222406
vt 0.898034 0.218625
vt 0.903910 0.216465
vt 0.908535 0.212246
vt 0.903357 0.215555
vt 0.914190 0.209560
vt 0.909129 0.213130
vt 0.918411 0.204938
vt 0.913556 0.208705
vt 0.923800 0.201746
vt 0.919083 0.205764
vt 0.391127 0.219042
vt 0.385739 0.215851
vt 0.386450 0.215057
vt 0.395982 0.222809
vt 0.390456 0.219868
vt 0.400410 0.227235
vt 0.395349 0.223665
vt 0.406181 0.229660
vt 0.401003 0.226351
vt 0.410993 0.233664
vt 0.405628 0.230570
vt 0.411504 0.232730
vt 0.416493 0.236511
vt 0.422541 0.238127
vt 0.416961 0.235554
vt 0.428233 0.240444
vt 0.422118 0.239104
vt 0.434024 0.242499
vt 0.427854 0.241439
vt 0.439903 0.244289
vt 0.433691 0.243510
vt 0.445617 0.246846
vt 0.439616 0.245314
vt 0.451874 0.247057
vt 0.445857 0.245809
vt 0.457941 0.248031
vt 0.451681 0.248105
vt 0.463950 0.249788
vt 0.457797 0.249086
vt 0.464047 0.248728
vt 0.470130 0.250210
vt 0.476322 0.249286
vt 0.470178 0.249147
vt 0.482465 0.249147
vt 0.476322 0.250351
vt 0.488693 0.249789
vt 0.482514 0.250210
vt 0.494702 0.248032
vt 0.488597 0.248728
vt 0.500962 0.248105
vt 0.494847 0.249086
vt 0.506787 0.245810
vt 0.500770 0.247058
vt 0.512741 0.244290
vt 0.507027 0.246847
vt 0.518620 0.242500
vt 0.513028 0.245315
vt 0.524790 0.241440
vt 0.518953 0.243511
vt 0.524411 0.240445
vt 0.530527 0.239106
vt 0.535684 0.235556
vt 0.530103 0.238129
vt 0.541141 0.232732
vt 0.536151 0.236513
vt 0.546464 0.229662
vt 0.541652 0.233666
vt 0.551642 0.226353
vt 0.547017 0.230572
vt 0.557297 0.223668
vt 0.552236 0.227237
vt 0.632063 0.634665
vt 0.629459 0.628522
vt 0.632063 0.628522
vt 0.556663 0.222812
vt 0.562190 0.219871
vt 0.566196 0.215060
vt 0.561518 0.219045
vt 0.002352 0.604734
vt 0.002352 0.616347
vt 0.343010 0.515079
vt 0.331398 0.521295
vt 0.331398 0.515079
vt 0.021001 0.604734
vt 0.027218 0.616347
vt 0.021001 0.616347
vt 0.027218 0.604734
vt 0.033434 0.616347
vt 0.033434 0.604734
vt 0.039651 0.616347
vt 0.039651 0.604734
vt 0.045867 0.616347
vt 0.045867 0.604734
vt 0.052084 0.616347
vt 0.052084 0.604734
vt 0.058300 0.616347
vt 0.058300 0.604734
vt 0.064517 0.616347
vt 0.064517 0.604734
vt 0.070733 0.616347
vt 0.070733 0.604734
vt 0.076950 0.616347
vt 0.076950 0.604734
vt 0.083166 0.616347
vt 0.083166 0.604734
vt 0.089383 0.616347
vt 0.089383 0.604734
vt 0.095599 0.616347
vt 0.095599 0.604734
vt 0.101816 0.616347
vt 0.101816 0.604734
vt 0.108032 0.616347
vt 0.108032 0.604734
vt 0.114249 0.616347
vt 0.114249 0.604734
vt 0.120465 0.616347
vt 0.120465 0.604734
vt 0.126682 0.616347
vt 0.126682 0.604734
vt 0.132898 0.616347
vt 0.132898 0.604734
vt 0.139115 0.616347
vt 0.139115 0.604734
vt 0.145331 0.616347
vt 0.145331 0.604734
vt 0.151548 0.616347
vt 0.151548 0.604734
vt 0.157764 0.616347
vt 0.157764 0.604734
vt 0.163981 0.616347
vt 0.163981 0.604734
vt 0.170197 0.616347
vt 0.170197 0.604734
vt 0.176414 0.616347
vt 0.176414 0.604734
vt 0.182630 0.616347
vt 0.182630 0.604734
vt 0.188847 0.616347
vt 0.188847 0.604734
vt 0.195063 0.616347
vt 0.195063 0.604734
vt 0.201280 0.616347
vt 0.963795 0.013963
vt 0.957579 0.002351
vt 0.963795 0.002351
vt 0.957579 0.013963
vt 0.951362 0.002351
vt 0.951362 0.013963
vt 0.945146 0.002351
vt 0.945146 0.013963
vt 0.938929 0.002351
vt 0.938929 0.013963
vt 0.932713 0.002351
vt 0.932713 0.013963
vt 0.926496 0.002351
vt 0.926496 0.013963
vt 0.920280 0.002351
vt 0.920280 0.013963
vt 0.914063 0.002351
vt 0.914063 0.013963
vt 0.907847 0.002351
vt 0.907847 0.013963
vt 0.901630 0.002351
vt 0.901630 0.013963
vt 0.895414 0.002351
vt 0.895414 0.013963
vt 0.889197 0.002351
vt 0.889197 0.013963
vt 0.882981 0.002351
vt 0.882981 0.013963
vt 0.876765 0.002351
vt 0.876765 0.013963
vt 0.870548 0.002351
vt 0.870548 0.013963
vt 0.864332 0.002351
vt 0.864332 0.013963
vt 0.858115 0.002351
vt 0.858115 0.013963
vt 0.851899 0.002351
vt 0.851899 0.013963
vt 0.845682 0.002351
vt 0.845682 0.013963
vt 0.839466 0.002351
vt 0.839466 0.013963
vt 0.833249 0.002351
vt 0.833249 0.013963
vt 0.827033 0.002351
vt 0.827033 0.013963
vt 0.820816 0.002351
vt 0.820816 0.013963
vt 0.814600 0.002351
vt 0.814600 0.013963
vt 0.808383 0.002351
vt 0.808383 0.013963
vt 0.802167 0.002351
vt 0.802167 0.013963
vt 0.795950 0.002351
vt 0.795950 0.013963
vt 0.789734 0.002351
vt 0.789734 0.013963
vt 0.783517 0.002351
vt 0.783517 0.013963
vt 0.777301 0.002351
vt 0.777301 0.013963
vt 0.771084 0.002351
vt 0.771084 0.013963
vt 0.764868 0.002351
vt 0.764868 0.013963
vt 0.771084 0.025575
vt 0.764868 0.025575
vt 0.771084 0.013963
vt 0.777301 0.025575
vt 0.777301 0.013963
vt 0.783517 0.025575
vt 0.783517 0.013963
vt 0.789734 0.025575
vt 0.789734 0.013963
vt 0.795950 0.025575
vt 0.795950 0.013963
vt 0.802167 0.025575
vt 0.802167 0.013963
vt 0.808383 0.025575
vt 0.808383 0.013963
vt 0.814600 0.025575
vt 0.814600 0.013963
vt 0.820816 0.025575
vt 0.820816 0.013963
vt 0.827033 0.025575
vt 0.827033 0.013963
vt 0.833249 0.025575
vt 0.833249 0.013963
vt 0.839466 0.025575
vt 0.839466 0.013963
vt 0.845682 0.025575
vt 0.845682 0.013963
vt 0.851898 0.025575
vt 0.851898 0.013963
vt 0.858115 0.025575
vt 0.858115 0.013963
vt 0.864331 0.025575
vt 0.864331 0.013963
vt 0.870548 0.025575
vt 0.870548 0.013963
vt 0.876765 0.025575
vt 0.876765 0.013963
vt 0.882981 0.025575
vt 0.882981 0.013963
vt 0.889198 0.025575
vt 0.889198 0.013963
vt 0.895414 0.025575
vt 0.895414 0.013963
vt 0.901631 0.025575
vt 0.901631 0.013963
vt 0.907847 0.025575
vt 0.907847 0.013963
vt 0.914064 0.025575
vt 0.914064 0.013963
vt 0.920280 0.025575
vt 0.920280 0.013963
vt 0.926497 0.025575
vt 0.926497 0.013963
vt 0.932713 0.025575
vt 0.932713 0.013963
vt 0.938930 0.025575
vt 0.938930 0.013963
vt 0.945146 0.025575
vt 0.945146 0.013963
vt 0.951363 0.025575
vt 0.951363 0.013963
vt 0.957579 0.025575
vt 0.957579 0.013963
vt 0.963796 0.025575
vt 0.343010 0.322367
vt 0.331398 0.328584
vt 0.331398 0.322367
vt 0.343010 0.328584
vt 0.331398 0.334800
vt 0.343010 0.334800
vt 0.331398 0.341017
vt 0.343010 0.341017
vt 0.331398 0.347233
vt 0.343010 0.347233
vt 0.331398 0.353450
vt 0.343010 0.353450
vt 0.331398 0.359666
vt 0.343010 0.359666
vt 0.331398 0.365883
vt 0.343010 0.365883
vt 0.331398 0.372099
vt 0.343010 0.372099
vt 0.331398 0.378316
vt 0.343010 0.378316
vt 0.331398 0.384532
vt 0.343010 0.384532
vt 0.331398 0.390749
vt 0.343010 0.390749
vt 0.331398 0.396965
vt 0.343010 0.396965
vt 0.331398 0.403182
vt 0.343010 0.403182
vt 0.331398 0.409398
vt 0.343010 0.409398
vt 0.331398 0.415615
vt 0.343010 0.415615
vt 0.331398 0.421831
vt 0.343010 0.421831
vt 0.331398 0.428048
vt 0.343010 0.428048
vt 0.331398 0.434265
vt 0.343010 0.434265
vt 0.331398 0.440481
vt 0.343010 0.440481
vt 0.331398 0.446698
vt 0.343010 0.446698
vt 0.331398 0.452914
vt 0.343010 0.452914
vt 0.331398 0.459131
vt 0.343010 0.459131
vt 0.331398 0.465347
vt 0.343010 0.465347
vt 0.331398 0.471564
vt 0.343010 0.471564
vt 0.331398 0.477780
vt 0.343010 0.477780
vt 0.331398 0.483997
vt 0.343010 0.483997
vt 0.331398 0.490213
vt 0.343010 0.490213
vt 0.331398 0.496430
vt 0.343010 0.496430
vt 0.331398 0.502646
vt 0.343010 0.502646
vt 0.331398 0.508863
vt 0.343010 0.508863
vt 0.014785 0.604734
vt 0.500760 0.786982
vt 0.496011 0.790880
vt 0.418994 0.692212
vt 0.626855 0.579373
vt 0.629459 0.585516
vt 0.626855 0.585516
vt 0.629459 0.622378
vt 0.632063 0.622378
vt 0.629459 0.591660
vt 0.626855 0.591660
vt 0.629459 0.616234
vt 0.632063 0.616234
vt 0.629459 0.597804
vt 0.626855 0.597804
vt 0.629459 0.610091
vt 0.632063 0.610091
vt 0.629459 0.603947
vt 0.626855 0.603947
vt 0.632063 0.603947
vt 0.629459 0.610091
vt 0.626855 0.610091
vt 0.629459 0.597803
vt 0.632063 0.597803
vt 0.629459 0.616234
vt 0.626855 0.616234
vt 0.629459 0.591660
vt 0.632063 0.591660
vt 0.626855 0.622378
vt 0.632063 0.585516
vt 0.629459 0.628521
vt 0.626855 0.628521
vt 0.629459 0.579373
vt 0.632063 0.579373
vt 0.629459 0.634665
vt 0.626855 0.634665
vt 0.629459 0.573229
vt 0.632063 0.573229
vt 0.629459 0.640809
vt 0.626855 0.640809
vt 0.629459 0.567086
vt 0.632063 0.567086
vt 0.629459 0.646952
vt 0.626855 0.646952
vt 0.797896 0.708272
vt 0.800500 0.714416
vt 0.797896 0.714416
vt 0.629459 0.653096
vt 0.626855 0.653096
vt 0.800500 0.720559
vt 0.797896 0.720559
vt 0.629459 0.659239
vt 0.626855 0.659239
vt 0.800500 0.726703
vt 0.797896 0.726703
vt 0.629459 0.665383
vt 0.626855 0.665383
vt 0.800500 0.732847
vt 0.797896 0.732847
vt 0.629459 0.671526
vt 0.626855 0.671526
vt 0.800500 0.738990
vt 0.797896 0.738990
vt 0.629459 0.677670
vt 0.626855 0.677670
vt 0.800500 0.745134
vt 0.797896 0.745134
vt 0.629459 0.683814
vt 0.626855 0.683814
vt 0.800500 0.751277
vt 0.797896 0.751277
vt 0.629459 0.689957
vt 0.626855 0.689957
vt 0.002356 0.795584
vt 0.008500 0.792980
vt 0.008500 0.795584
vt 0.800500 0.757421
vt 0.797896 0.757421
vt 0.629459 0.696101
vt 0.626855 0.696101
vt 0.014644 0.792980
vt 0.014644 0.795584
vt 0.800500 0.763565
vt 0.797896 0.763565
vt 0.629459 0.702244
vt 0.626855 0.702244
vt 0.020787 0.792980
vt 0.020787 0.795584
vt 0.800500 0.769708
vt 0.797896 0.769708
vt 0.629459 0.708388
vt 0.626855 0.708388
vt 0.026931 0.792980
vt 0.026931 0.795584
vt 0.800500 0.775852
vt 0.797896 0.775852
vt 0.629459 0.714531
vt 0.626855 0.714531
vt 0.033074 0.792980
vt 0.033074 0.795584
vt 0.800500 0.781995
vt 0.797896 0.781995
vt 0.629459 0.720675
vt 0.626855 0.720675
vt 0.039218 0.792980
vt 0.039218 0.795584
vt 0.800500 0.788139
vt 0.797896 0.788139
vt 0.629459 0.726819
vt 0.626855 0.726819
vt 0.045362 0.792980
vt 0.045362 0.795584
vt 0.800500 0.794283
vt 0.797896 0.794283
vt 0.629459 0.732962
vt 0.626855 0.732962
vt 0.051505 0.792980
vt 0.051505 0.795584
vt 0.800500 0.800426
vt 0.797896 0.800426
vt 0.629459 0.739106
vt 0.626855 0.739106
vt 0.057649 0.792980
vt 0.057649 0.795584
vt 0.800500 0.806570
vt 0.797896 0.806570
vt 0.629459 0.745249
vt 0.626855 0.745249
vt 0.063792 0.792980
vt 0.063792 0.795584
vt 0.800500 0.812714
vt 0.797896 0.812714
vt 0.629459 0.751393
vt 0.626855 0.751393
vt 0.069936 0.792980
vt 0.069936 0.795584
vt 0.800500 0.818857
vt 0.797896 0.818857
vt 0.629459 0.757536
vt 0.626855 0.757536
vt 0.076080 0.792980
vt 0.076080 0.795584
vt 0.800500 0.825001
vt 0.797896 0.825001
vt 0.629459 0.763680
vt 0.626855 0.763680
vt 0.082223 0.792980
vt 0.082223 0.795584
vt 0.800500 0.831144
vt 0.797896 0.831144
vt 0.632063 0.763680
vt 0.629459 0.757537
vt 0.632063 0.757537
vt 0.088367 0.792980
vt 0.088367 0.795584
vt 0.800500 0.837288
vt 0.797896 0.837288
vt 0.629459 0.751393
vt 0.632063 0.751393
vt 0.094510 0.792980
vt 0.094510 0.795584
vt 0.800500 0.843431
vt 0.797896 0.843431
vt 0.629459 0.745250
vt 0.632063 0.745250
vt 0.100654 0.792980
vt 0.100654 0.795584
vt 0.800500 0.849575
vt 0.797896 0.849575
vt 0.629459 0.739106
vt 0.632063 0.739106
vt 0.106798 0.792980
vt 0.106798 0.795584
vt 0.800500 0.855719
vt 0.797896 0.855719
vt 0.629459 0.732963
vt 0.632063 0.732963
vt 0.112941 0.792980
vt 0.112941 0.795584
vt 0.800500 0.861862
vt 0.797896 0.861862
vt 0.629459 0.726819
vt 0.632063 0.726819
vt 0.119085 0.792980
vt 0.119085 0.795584
vt 0.800500 0.868006
vt 0.797896 0.868006
vt 0.629459 0.720675
vt 0.632063 0.720675
vt 0.125228 0.792980
vt 0.125228 0.795584
vt 0.800500 0.874149
vt 0.797896 0.874149
vt 0.629459 0.714532
vt 0.632063 0.714532
vt 0.131372 0.792980
vt 0.131372 0.795584
vt 0.800500 0.880293
vt 0.797896 0.880293
vt 0.629459 0.708388
vt 0.632063 0.708388
vt 0.137515 0.792980
vt 0.137515 0.795584
vt 0.800500 0.886437
vt 0.797896 0.886437
vt 0.629459 0.702245
vt 0.632063 0.702245
vt 0.143659 0.792980
vt 0.143659 0.795584
vt 0.800500 0.892580
vt 0.797896 0.892580
vt 0.629459 0.696101
vt 0.632063 0.696101
vt 0.149803 0.792980
vt 0.149803 0.795584
vt 0.800500 0.898724
vt 0.797896 0.898724
vt 0.629459 0.689957
vt 0.632063 0.689957
vt 0.155946 0.792980
vt 0.155946 0.795584
vt 0.800500 0.904867
vt 0.797896 0.904867
vt 0.629459 0.683814
vt 0.632063 0.683814
vt 0.162090 0.792980
vt 0.162090 0.795584
vt 0.629459 0.677670
vt 0.632063 0.677670
vt 0.168233 0.792980
vt 0.168233 0.795584
vt 0.629459 0.671527
vt 0.632063 0.671527
vt 0.174377 0.792980
vt 0.174377 0.795584
vt 0.629459 0.665383
vt 0.632063 0.665383
vt 0.180520 0.792980
vt 0.180520 0.795584
vt 0.629459 0.659240
vt 0.632063 0.659240
vt 0.186664 0.792980
vt 0.186664 0.795584
vt 0.629459 0.653096
vt 0.632063 0.653096
vt 0.192808 0.792980
vt 0.192808 0.795584
vt 0.629459 0.646952
vt 0.632063 0.646952
vt 0.198951 0.792980
vt 0.198951 0.795584
vt 0.629459 0.640809
vt 0.632063 0.640809
vt 0.626855 0.567086
vt 0.626855 0.573229
vt 0.629459 0.634665
vt 0.513691 0.587623
vt 0.508957 0.583590
vt 0.504042 0.579776
vt 0.498959 0.576190
vt 0.493718 0.572840
vt 0.488330 0.569732
vt 0.482805 0.566873
vt 0.477157 0.564268
vt 0.471395 0.561923
vt 0.465533 0.559842
vt 0.459582 0.558030
vt 0.453555 0.556491
vt 0.447464 0.555227
vt 0.441322 0.554241
vt 0.435142 0.553535
vt 0.428935 0.553111
vt 0.422716 0.552969
vt 0.416497 0.553110
vt 0.410291 0.553534
vt 0.404110 0.554239
vt 0.397968 0.555224
vt 0.391877 0.556487
vt 0.385850 0.558026
vt 0.379899 0.559837
vt 0.374036 0.561917
vt 0.368274 0.564261
vt 0.362625 0.566865
vt 0.357101 0.569724
vt 0.351712 0.572831
vt 0.346470 0.576181
vt 0.341387 0.579766
vt 0.336472 0.583579
vt 0.332131 0.588058
vt 0.331737 0.587611
vt 0.758112 0.230428
vt 0.762847 0.234461
vt 0.767761 0.238273
vt 0.772845 0.241858
vt 0.778086 0.245207
vt 0.783475 0.248315
vt 0.788999 0.251173
vt 0.794648 0.253777
vt 0.800409 0.256122
vt 0.806272 0.258202
vt 0.812223 0.260014
vt 0.818250 0.261553
vt 0.824341 0.262816
vt 0.830483 0.263802
vt 0.836663 0.264507
vt 0.842869 0.264931
vt 0.849089 0.265072
vt 0.855308 0.264931
vt 0.861514 0.264507
vt 0.867695 0.263802
vt 0.873837 0.262817
vt 0.879928 0.261554
vt 0.885955 0.260015
vt 0.891906 0.258204
vt 0.897769 0.256124
vt 0.903531 0.253779
vt 0.909180 0.251175
vt 0.914705 0.248316
vt 0.920094 0.245209
vt 0.925335 0.241859
vt 0.930419 0.238274
vt 0.935334 0.234461
vt 0.940070 0.230429
vt 0.742239 0.202191
vt 0.746974 0.206224
vt 0.751889 0.210037
vt 0.756972 0.213623
vt 0.762213 0.216972
vt 0.767602 0.220080
vt 0.773126 0.222939
vt 0.778775 0.225544
vt 0.784536 0.227888
vt 0.790399 0.229969
vt 0.796349 0.231780
vt 0.802377 0.233320
vt 0.808467 0.234583
vt 0.814609 0.235569
vt 0.820790 0.236274
vt 0.826996 0.236698
vt 0.833215 0.236839
vt 0.839434 0.236698
vt 0.845641 0.236274
vt 0.851821 0.235569
vt 0.857963 0.234584
vt 0.864054 0.233320
vt 0.870082 0.231781
vt 0.876032 0.229970
vt 0.881895 0.227890
vt 0.887657 0.225545
vt 0.893306 0.222940
vt 0.898830 0.220081
vt 0.904219 0.216974
vt 0.909460 0.213624
vt 0.914544 0.210039
vt 0.919459 0.206225
vt 0.924194 0.202193
vt 0.385346 0.216297
vt 0.390080 0.220330
vt 0.394995 0.224143
vt 0.400078 0.227729
vt 0.405319 0.231079
vt 0.410708 0.234186
vt 0.416232 0.237045
vt 0.421881 0.239650
vt 0.427642 0.241995
vt 0.433505 0.244075
vt 0.439456 0.245887
vt 0.445483 0.247426
vt 0.451574 0.248690
vt 0.457716 0.249675
vt 0.463896 0.250381
vt 0.470103 0.250805
vt 0.476322 0.250946
vt 0.482541 0.250805
vt 0.488747 0.250381
vt 0.494928 0.249676
vt 0.501070 0.248691
vt 0.507161 0.247427
vt 0.513188 0.245888
vt 0.519139 0.244077
vt 0.525002 0.241996
vt 0.530763 0.239652
vt 0.536413 0.237047
vt 0.541937 0.234188
vt 0.547326 0.231081
vt 0.552567 0.227731
vt 0.557651 0.224146
vt 0.562565 0.220332
vt 0.566907 0.215854
vt 0.567300 0.216300
vt 0.513297 0.588069
vt 0.512587 0.588863
vt 0.324223 0.773978
vt 0.320325 0.769230
vt 0.517662 0.615194
vt 0.521323 0.620128
vt 0.328332 0.605912
vt 0.332675 0.601567
vt 0.346910 0.589883
vt 0.352018 0.586469
vt 0.357287 0.583310
vt 0.362705 0.580414
vt 0.368258 0.577786
vt 0.373934 0.575435
vt 0.379718 0.573364
vt 0.385597 0.571581
vt 0.391556 0.570087
vt 0.397582 0.568888
vt 0.403659 0.567986
vt 0.409773 0.567383
vt 0.415909 0.567081
vt 0.422053 0.567080
vt 0.428189 0.567381
vt 0.434303 0.567983
vt 0.440380 0.568884
vt 0.446406 0.570081
vt 0.452366 0.571574
vt 0.458245 0.573356
vt 0.464029 0.575426
vt 0.469706 0.577776
vt 0.475260 0.580402
vt 0.480678 0.583298
vt 0.485948 0.586456
vt 0.491057 0.589868
vt 0.495992 0.593528
vt 0.500741 0.597425
vt 0.505293 0.601550
vt 0.509638 0.605894
vt 0.513764 0.610445
vt 0.337227 0.597441
vt 0.341976 0.593543
vt 0.316665 0.764295
vt 0.313251 0.759188
vt 0.310092 0.753918
vt 0.307196 0.748500
vt 0.304568 0.742947
vt 0.302217 0.737271
vt 0.300146 0.731487
vt 0.298363 0.725608
vt 0.296869 0.719649
vt 0.295670 0.713623
vt 0.294768 0.707546
vt 0.294165 0.701432
vt 0.293863 0.695296
vt 0.293862 0.689153
vt 0.294163 0.683017
vt 0.294765 0.676902
vt 0.295666 0.670825
vt 0.296863 0.664800
vt 0.298356 0.658840
vt 0.300138 0.652961
vt 0.302208 0.647176
vt 0.304558 0.641500
vt 0.307184 0.635946
vt 0.310080 0.630527
vt 0.313238 0.625258
vt 0.316650 0.620149
vt 0.320310 0.615214
vt 0.324206 0.610465
vt 0.491077 0.794541
vt 0.524736 0.625236
vt 0.527895 0.630506
vt 0.530792 0.635923
vt 0.533419 0.641477
vt 0.535771 0.647153
vt 0.537841 0.652937
vt 0.539625 0.658816
vt 0.541118 0.664775
vt 0.542317 0.670801
vt 0.543220 0.676878
vt 0.543822 0.682992
vt 0.544124 0.689128
vt 0.544125 0.695271
vt 0.543824 0.701408
vt 0.543223 0.707522
vt 0.542322 0.713599
vt 0.541124 0.719625
vt 0.539632 0.725584
vt 0.537849 0.731463
vt 0.535780 0.737248
vt 0.533429 0.742924
vt 0.530803 0.748478
vt 0.527907 0.753896
vt 0.524750 0.759166
vt 0.521337 0.764275
vt 0.517677 0.769210
vt 0.513781 0.773959
vt 0.509655 0.778512
vt 0.505311 0.782856
vt 0.485969 0.797954
vt 0.480700 0.801113
vt 0.475282 0.804010
vt 0.469729 0.806637
vt 0.464053 0.808989
vt 0.458269 0.811059
vt 0.452390 0.812843
vt 0.446431 0.814336
vt 0.440405 0.815535
vt 0.434328 0.816437
vt 0.428214 0.817040
vt 0.422078 0.817342
vt 0.415935 0.817343
vt 0.409798 0.817042
vt 0.403684 0.816441
vt 0.397607 0.815540
vt 0.391582 0.814342
vt 0.385622 0.812850
vt 0.379743 0.811067
vt 0.373958 0.808998
vt 0.368282 0.806647
vt 0.362728 0.804021
vt 0.357310 0.801126
vt 0.352040 0.797968
vt 0.346931 0.794555
vt 0.341996 0.790896
vt 0.337247 0.786999
vt 0.332694 0.782874
vt 0.328350 0.778530
vt 0.077880 0.986539
vt 0.076867 0.985593
vt 0.077908 0.985557
vt 0.075996 0.986660
vt 0.075836 0.985705
vt 0.078872 0.986610
vt 0.078953 0.985566
vt 0.078651 0.987426
vt 0.077852 0.987443
vt 0.076930 0.986573
vt 0.076122 0.987527
vt 0.075399 0.987611
vt 0.075056 0.986870
vt 0.074814 0.985868
vt 0.074497 0.988211
vt 0.073499 0.989057
vt 0.073584 0.988076
vt 0.074409 0.989998
vt 0.073487 0.990041
vt 0.074677 0.987304
vt 0.073715 0.987102
vt 0.075331 0.988323
vt 0.074428 0.989103
vt 0.075251 0.989968
vt 0.075249 0.990687
vt 0.074498 0.990919
vt 0.073520 0.991025
vt 0.075756 0.991703
vt 0.076530 0.992866
vt 0.075500 0.992651
vt 0.077646 0.992010
vt 0.077579 0.993005
vt 0.074829 0.991399
vt 0.074485 0.992386
vt 0.075967 0.990842
vt 0.076689 0.991882
vt 0.077702 0.991092
vt 0.078514 0.991185
vt 0.078657 0.992035
vt 0.078636 0.993098
vt 0.079829 0.990549
vt 0.081254 0.989368
vt 0.081148 0.990806
vt 0.079891 0.988131
vt 0.081193 0.987939
vt 0.079461 0.991814
vt 0.080914 0.992284
vt 0.078726 0.990312
vt 0.079938 0.989337
vt 0.078795 0.988293
vt 0.079595 0.986883
vt 0.081007 0.986493
vt 0.076061 0.990018
vt 0.076942 0.989215
vt 0.076903 0.990106
vt 0.076139 0.988349
vt 0.076100 0.989181
vt 0.077791 0.990189
vt 0.077864 0.988337
vt 0.077860 0.989261
vt 0.075279 0.989144
vt 0.076980 0.988338
vt 0.078824 0.989301
vt 0.076817 0.990980
vt 0.087231 0.987785
vt 0.069632 0.988865
vt 0.076569 0.981513
vt 0.076921 0.997141
vt 0.087286 0.992620
vt 0.069587 0.989898
vt 0.073699 0.996566
vt 0.075480 0.981601
vt 0.087291 0.991034
vt 0.069753 0.986849
vt 0.074736 0.996762
vt 0.078699 0.981375
vt 0.069690 0.987832
vt 0.077659 0.981438
vt 0.087275 0.989400
vt 0.075827 0.996957
vt 0.938965 0.229189
vt 0.923090 0.200953
vt 0.343010 0.521295
vt 0.201280 0.604734
vt 0.963796 0.013963
vt 0.800500 0.708272
vt 0.002356 0.792980
vt 0.629459 0.763680
vt 0.076972 0.987471
vt 0.087172 0.986256
vt 0.077965 0.997307
vt 0.069552 0.990882
vt 0.074444 0.981693
s 1
f 386/1/386 5/2/5 3/3/3
f 4/4/4 389/5/389 385/6/385
f 8/7/8 389/5/389 6/8/6
f 8/7/8 393/9/393 391/10/391
f 12/11/12 393/9/393 10/12/10
f 12/11/12 397/13/397 395/14/395
f 14/15/14 399/16/399 397/13/397
f 18/17/18 399/16/399 16/18/16
f 20/19/20 401/20/401 18/17/18
f 22/21/22 403/22/403 20/19/20
f 22/21/22 407/23/407 405/24/405
f 26/25/26 407/23/407 24/26/24
f 28/27/28 409/28/409 26/25/26
f 28/27/28 413/29/413 411/30/411
f 30/31/30 415/32/415 413/29/413
f 34/33/34 415/32/415 32/34/32
f 34/33/34 419/35/419 417/36/417
f 38/37/38 419/35/419 36/38/36
f 40/39/40 421/40/421 38/37/38
f 40/39/40 425/41/425 423/42/423
f 42/43/42 427/44/427 425/41/425
f 44/45/44 429/46/429 427/44/427
f 48/47/48 429/46/429 46/48/46
f 48/47/48 433/49/433 431/50/431
f 50/51/50 435/52/435 433/49/433
f 54/53/54 435/52/435 52/54/52
f 56/55/56 437/56/437 54/53/54
f 56/55/56 441/57/441 439/58/439
f 60/59/60 441/57/441 58/60/58
f 62/61/62 443/62/443 60/59/60
f 62/61/62 447/63/447 445/64/445
f 66/65/66 447/63/447 64/66/64
f 68/67/68 449/68/449 66/69/66
f 70/70/70 451/71/451 68/67/68
f 72/72/72 453/73/453 70/70/70
f 74/74/74 455/75/455 72/72/72
f 76/76/76 457/77/457 74/74/74
f 78/78/78 459/79/459 76/76/76
f 78/78/78 463/80/463 461/81/461
f 82/82/82 463/80/463 80/83/80
f 84/84/84 465/85/465 82/82/82
f 86/86/86 467/87/467 84/84/84
f 88/88/88 469/89/469 86/86/86
f 90/90/90 471/91/471 88/88/88
f 92/92/92 473/93/473 90/90/90
f 92/92/92 477/94/477 475/95/475
f 96/96/96 477/94/477 94/97/94
f 98/98/98 479/99/479 96/96/96
f 98/98/98 483/100/483 481/101/481
f 102/102/102 483/100/483 100/103/100
f 104/104/104 485/105/485 102/102/102
f 104/104/104 489/106/489 487/107/487
f 108/108/108 489/106/489 106/109/106
f 110/110/110 491/111/491 108/108/108
f 112/112/112 493/113/493 110/110/110
f 112/112/112 497/114/497 495/115/495
f 114/116/114 499/117/499 497/114/497
f 118/118/118 499/117/499 116/119/116
f 118/118/118 503/120/503 501/121/501
f 120/122/120 505/123/505 503/120/503
f 124/124/124 505/123/505 122/125/122
f 124/124/124 509/126/509 507/127/507
f 128/128/128 509/126/509 126/129/126
f 128/128/128 513/130/513 511/131/511
f 132/132/132 513/133/513 130/134/130
f 132/132/132 517/135/517 515/136/515
f 136/137/136 517/135/517 134/138/134
f 138/139/138 519/140/519 136/137/136
f 140/141/140 521/142/521 138/139/138
f 140/141/140 525/143/525 523/144/523
f 142/145/142 527/146/527 525/143/525
f 144/147/144 529/148/529 527/146/527
f 148/149/148 529/148/529 146/150/146
f 150/151/150 531/152/531 148/149/148
f 152/153/152 533/154/533 150/151/150
f 154/155/154 535/156/535 152/153/152
f 156/157/156 537/158/537 154/155/154
f 158/159/158 539/160/539 156/157/156
f 160/161/160 541/162/541 158/159/158
f 160/161/160 545/163/545 543/164/543
f 162/165/162 547/166/547 545/163/545
f 164/167/164 549/168/549 547/166/547
f 168/169/168 549/168/549 166/170/166
f 170/171/170 551/172/551 168/169/168
f 172/173/172 553/174/553 170/171/170
f 174/175/174 555/176/555 172/173/172
f 176/177/176 557/178/557 174/175/174
f 176/177/176 561/179/561 559/180/559
f 178/181/178 563/182/563 561/179/561
f 182/183/182 563/182/563 180/184/180
f 182/183/182 567/185/567 565/186/565
f 184/187/184 569/188/569 567/185/567
f 188/189/188 569/188/569 186/190/186
f 188/189/188 573/191/573 571/192/571
f 192/193/192 573/191/573 190/194/190
f 192/193/192 577/195/577 575/196/575
f 196/197/196 577/198/577 194/199/194
f 198/200/198 579/201/579 196/197/196
f 198/200/198 583/202/583 581/203/581
f 202/204/202 583/202/583 200/205/200
f 202/204/202 587/206/587 585/207/585
f 204/208/204 589/209/589 587/206/587
f 208/210/208 589/209/589 206/211/206
f 210/212/210 591/213/591 208/210/208
f 212/214/212 593/215/593 210/212/210
f 214/216/214 595/217/595 212/214/212
f 214/216/214 599/218/599 597/219/597
f 218/220/218 599/218/599 216/221/216
f 220/222/220 601/223/601 218/220/218
f 220/222/220 605/224/605 603/225/603
f 222/226/222 607/227/607 605/224/605
f 226/228/226 607/227/607 224/229/224
f 228/230/228 609/231/609 226/228/226
f 228/230/228 613/232/613 611/233/611
f 232/234/232 613/232/613 230/235/230
f 232/234/232 617/236/617 615/237/615
f 236/238/236 617/236/617 234/239/234
f 238/240/238 619/241/619 236/238/236
f 240/242/240 621/243/621 238/240/238
f 240/242/240 625/244/625 623/245/623
f 242/246/242 627/247/627 625/244/625
f 246/248/246 627/247/627 244/249/244
f 248/250/248 629/251/629 246/248/246
f 250/252/250 631/253/631 248/250/248
f 252/254/252 633/255/633 250/252/250
f 252/254/252 637/256/637 635/257/635
f 172/258/172 343/259/343 174/260/174
f 254/261/254 639/262/639 637/256/637
f 2/263/2 639/262/639 256/264/256
f 387/265/387 3/3/3 1/266/1
f 640/267/640 1/268/1 255/269/255
f 392/270/392 9/271/9 7/272/7
f 394/273/394 11/274/11 9/271/9
f 396/275/396 13/276/13 11/274/11
f 398/277/398 15/278/15 13/276/13
f 400/279/400 17/280/17 15/278/15
f 402/281/402 19/282/19 17/280/17
f 404/283/404 21/284/21 19/282/19
f 406/285/406 23/286/23 21/284/21
f 408/287/408 25/288/25 23/286/23
f 410/289/410 27/290/27 25/288/25
f 412/291/412 29/292/29 27/290/27
f 414/293/414 31/294/31 29/292/29
f 416/295/416 33/296/33 31/294/31
f 418/297/418 35/298/35 33/296/33
f 420/299/420 37/300/37 35/298/35
f 422/301/422 39/302/39 37/300/37
f 424/303/424 41/304/41 39/302/39
f 426/305/426 43/306/43 41/304/41
f 428/307/428 45/308/45 43/306/43
f 430/309/430 47/310/47 45/308/45
f 432/311/432 49/312/49 47/310/47
f 434/313/434 51/314/51 49/312/49
f 436/315/436 53/316/53 51/314/51
f 438/317/438 55/318/55 53/316/53
f 440/319/440 57/320/57 55/318/55
f 442/321/442 59/322/59 57/320/57
f 444/323/444 61/324/61 59/322/59
f 446/325/446 63/326/63 61/324/61
f 448/327/448 65/328/65 63/326/63
f 450/329/450 67/330/67 65/331/65
f 452/332/452 69/333/69 67/330/67
f 454/334/454 71/335/71 69/333/69
f 456/336/456 73/337/73 71/335/71
f 458/338/458 75/339/75 73/337/73
f 460/340/460 77/341/77 75/339/75
f 462/342/462 79/343/79 77/341/77
f 464/344/464 81/345/81 79/343/79
f 466/346/466 83/347/83 81/345/81
f 468/348/468 85/349/85 83/347/83
f 470/350/470 87/351/87 85/349/85
f 472/352/472 89/353/89 87/351/87
f 474/354/474 91/355/91 89/353/89
f 476/356/476 93/357/93 91/355/91
f 478/358/478 95/359/95 93/357/93
f 480/360/480 97/361/97 95/359/95
f 482/362/482 99/363/99 97/361/97
f 484/364/484 101/365/101 99/363/99
f 486/366/486 103/367/103 101/365/101
f 488/368/488 105/369/105 103/367/103
f 490/370/490 107/371/107 105/369/105
f 492/372/492 109/373/109 107/371/107
f 494/374/494 111/375/111 109/373/109
f 496/376/496 113/377/113 111/375/111
f 498/378/498 115/379/115 113/377/113
f 500/380/500 117/381/117 115/379/115
f 502/382/502 119/383/119 117/381/117
f 504/384/504 121/385/121 119/383/119
f 506/386/506 123/387/123 121/385/121
f 508/388/508 125/389/125 123/387/123
f 510/390/510 127/391/127 125/389/125
f 512/392/512 129/393/129 127/391/127
f 514/394/514 131/395/131 129/396/129
f 516/397/516 133/398/133 131/395/131
f 518/399/518 135/400/135 133/398/133
f 520/401/520 137/402/137 135/400/135
f 522/403/522 139/404/139 137/402/137
f 524/405/524 141/406/141 139/404/139
f 526/407/526 143/408/143 141/406/141
f 528/409/528 145/410/145 143/408/143
f 530/411/530 147/412/147 145/410/145
f 532/413/532 149/414/149 147/412/147
f 534/415/534 151/416/151 149/414/149
f 536/417/536 153/418/153 151/416/151
f 538/419/538 155/420/155 153/418/153
f 540/421/540 157/422/157 155/420/155
f 542/423/542 159/424/159 157/422/157
f 544/425/544 161/426/161 159/424/159
f 546/427/546 163/428/163 161/426/161
f 548/429/548 165/430/165 163/428/163
f 550/431/550 167/432/167 165/430/165
f 552/433/552 169/434/169 167/432/167
f 554/435/554 171/436/171 169/434/169
f 556/437/556 173/438/173 171/436/171
f 558/439/558 175/440/175 173/438/173
f 560/441/560 177/442/177 175/440/175
f 562/443/562 179/444/179 177/442/177
f 564/445/564 181/446/181 179/444/179
f 566/447/566 183/448/183 181/446/181
f 568/449/568 185/450/185 183/448/183
f 570/451/570 187/452/187 185/450/185
f 572/453/572 189/454/189 187/452/187
f 574/455/574 191/456/191 189/454/189
f 576/457/576 193/458/193 191/456/191
f 578/459/578 195/460/195 193/461/193
f 580/462/580 197/463/197 195/460/195
f 582/464/582 199/465/199 197/463/197
f 584/466/584 201/467/201 199/465/199
f 586/468/586 203/469/203 201/467/201
f 588/470/588 205/471/205 203/469/203
f 590/472/590 207/473/207 205/471/205
f 592/474/592 209/475/209 207/473/207
f 594/476/594 211/477/211 209/475/209
f 596/478/596 213/479/213 211/477/211
f 598/480/598 215/481/215 213/479/213
f 600/482/600 217/483/217 215/481/215
f 602/484/602 219/485/219 217/483/217
f 604/486/604 221/487/221 219/485/219
f 606/488/606 223/489/223 221/487/221
f 608/490/608 225/491/225 223/489/223
f 610/492/610 227/493/227 225/491/225
f 612/494/612 229/495/229 227/493/227
f 614/496/614 231/497/231 229/495/229
f 616/498/616 233/499/233 231/497/231
f 618/500/618 235/501/235 233/499/233
f 620/502/620 237/503/237 235/501/235
f 622/504/622 239/505/239 237/503/237
f 624/506/624 241/507/241 239/505/239
f 626/508/626 243/509/243 241/507/241
f 628/510/628 245/511/245 243/509/243
f 630/512/630 247/513/247 245/511/245
f 632/514/632 249/515/249 247/513/247
f 634/516/634 251/517/251 249/515/249
f 636/518/636 253/519/253 251/517/251
f 638/520/638 255/269/255 253/519/253
f 390/521/390 7/272/7 5/2/5
f 323/522/323 322/523/322 641/524/641
f 70/525/70 292/526/292 72/527/72
f 174/260/174 344/528/344 176/529/176
f 72/527/72 293/530/293 74/531/74
f 176/529/176 345/532/345 178/533/178
f 74/531/74 294/534/294 76/535/76
f 178/533/178 346/536/346 180/537/180
f 76/535/76 295/538/295 78/539/78
f 180/537/180 347/538/347 182/540/182
f 78/539/78 296/541/296 80/542/80
f 182/540/182 348/543/348 184/544/184
f 80/542/80 297/545/297 82/546/82
f 184/544/184 349/547/349 186/548/186
f 82/546/82 298/528/298 84/549/84
f 186/548/186 350/526/350 188/550/188
f 84/549/84 299/551/299 86/552/86
f 188/550/188 351/553/351 190/554/190
f 86/552/86 300/555/300 88/556/88
f 190/554/190 352/557/352 192/558/192
f 88/556/88 301/559/301 90/560/90
f 192/558/192 353/561/353 194/562/194
f 90/560/90 302/563/302 92/564/92
f 194/565/194 354/566/354 196/567/196
f 92/564/92 303/568/303 94/569/94
f 196/567/196 355/570/355 198/571/198
f 94/569/94 304/572/304 96/573/96
f 198/571/198 356/574/356 200/575/200
f 96/573/96 305/576/305 98/577/98
f 200/575/200 357/578/357 202/579/202
f 98/577/98 306/580/306 100/581/100
f 202/579/202 358/582/358 204/583/204
f 100/581/100 307/584/307 102/585/102
f 204/583/204 359/586/359 206/587/206
f 102/585/102 308/588/308 104/589/104
f 206/587/206 360/590/360 208/591/208
f 104/589/104 309/592/309 106/593/106
f 2/594/2 257/595/257 4/596/4
f 208/591/208 361/597/361 210/598/210
f 106/593/106 310/599/310 108/600/108
f 4/596/4 259/601/259 6/602/6
f 210/598/210 362/603/362 212/604/212
f 108/600/108 311/605/311 110/606/110
f 6/602/6 260/607/260 8/608/8
f 212/604/212 363/609/363 214/610/214
f 110/606/110 312/611/312 112/612/112
f 8/608/8 261/613/261 10/614/10
f 214/610/214 364/615/364 216/616/216
f 112/612/112 313/617/313 114/618/114
f 10/614/10 262/619/262 12/620/12
f 216/616/216 365/621/365 218/622/218
f 114/618/114 314/623/314 116/624/116
f 12/620/12 263/625/263 14/626/14
f 218/622/218 366/627/366 220/628/220
f 116/624/116 315/629/315 118/630/118
f 14/626/14 264/631/264 16/632/16
f 220/628/220 367/633/367 222/634/222
f 118/630/118 316/635/316 120/636/120
f 16/632/16 265/637/265 18/638/18
f 222/634/222 368/639/368 224/640/224
f 120/636/120 317/641/317 122/642/122
f 18/638/18 266/643/266 20/644/20
f 224/640/224 369/645/369 226/646/226
f 122/642/122 318/647/318 124/648/124
f 20/644/20 267/649/267 22/650/22
f 226/646/226 370/651/370 228/652/228
f 124/648/124 319/653/319 126/654/126
f 22/650/22 268/655/268 24/656/24
f 228/652/228 371/657/371 230/658/230
f 126/654/126 320/659/320 128/660/128
f 24/656/24 269/661/269 26/662/26
f 230/658/230 372/663/372 232/664/232
f 128/660/128 321/665/321 130/666/130
f 26/662/26 270/667/270 28/668/28
f 232/664/232 373/669/373 234/670/234
f 130/671/130 322/672/322 132/673/132
f 28/668/28 271/674/271 30/675/30
f 234/670/234 374/676/374 236/677/236
f 132/673/132 323/678/323 134/679/134
f 30/675/30 272/680/272 32/681/32
f 236/677/236 375/682/375 238/683/238
f 134/679/134 324/684/324 136/685/136
f 32/681/32 273/686/273 34/687/34
f 238/683/238 376/688/376 240/689/240
f 136/685/136 325/690/325 138/691/138
f 34/687/34 274/692/274 36/693/36
f 240/689/240 377/694/377 242/695/242
f 138/691/138 326/696/326 140/697/140
f 36/693/36 275/698/275 38/699/38
f 242/695/242 378/700/378 244/701/244
f 140/697/140 327/702/327 142/703/142
f 38/699/38 276/704/276 40/705/40
f 244/701/244 379/706/379 246/707/246
f 142/703/142 328/708/328 144/709/144
f 40/705/40 277/710/277 42/711/42
f 246/707/246 380/712/380 248/713/248
f 144/709/144 329/714/329 146/715/146
f 42/711/42 278/716/278 44/717/44
f 248/713/248 381/718/381 250/719/250
f 146/715/146 330/720/330 148/721/148
f 44/717/44 279/722/279 46/723/46
f 250/719/250 382/724/382 252/725/252
f 148/721/148 331/726/331 150/727/150
f 46/723/46 280/728/280 48/729/48
f 252/725/252 383/730/383 254/731/254
f 150/727/150 332/732/332 152/733/152
f 48/729/48 281/734/281 50/735/50
f 254/731/254 384/736/384 256/737/256
f 152/733/152 333/738/333 154/739/154
f 50/735/50 282/740/282 52/741/52
f 256/737/256 258/742/258 2/743/2
f 154/739/154 334/744/334 156/745/156
f 52/741/52 283/746/283 54/747/54
f 156/745/156 335/748/335 158/749/158
f 54/747/54 284/750/284 56/751/56
f 158/749/158 336/752/336 160/753/160
f 56/751/56 285/754/285 58/755/58
f 160/753/160 337/756/337 162/757/162
f 58/755/58 286/758/286 60/759/60
f 162/757/162 338/760/338 164/761/164
f 60/759/60 287/762/287 62/763/62
f 164/761/164 339/764/339 166/765/166
f 62/763/62 288/766/288 64/767/64
f 166/765/166 340/768/340 168/769/168
f 64/767/64 289/770/289 66/771/66
f 168/769/168 341/772/341 170/773/170
f 66/774/66 290/557/290 68/775/68
f 170/773/170 342/776/342 172/258/172
f 68/775/68 291/553/291 70/525/70
f 387/777/387 385/6/385 386/778/386
f 386/778/386 389/5/389 390/779/390
f 390/779/390 391/10/391 392/780/392
f 394/781/394 391/10/391 393/9/393
f 394/781/394 395/14/395 396/782/396
f 396/782/396 397/13/397 398/783/398
f 398/783/398 399/16/399 400/784/400
f 402/785/402 399/16/399 401/20/401
f 402/785/402 403/22/403 404/786/404
f 406/787/406 403/22/403 405/24/405
f 408/788/408 405/24/405 407/23/407
f 408/788/408 409/28/409 410/789/410
f 410/789/410 411/30/411 412/790/412
f 412/790/412 413/29/413 414/791/414
f 414/791/414 415/32/415 416/792/416
f 416/792/416 417/36/417 418/793/418
f 420/794/420 417/36/417 419/35/419
f 422/795/422 419/35/419 421/40/421
f 424/796/424 421/40/421 423/42/423
f 424/796/424 425/41/425 426/797/426
f 426/797/426 427/44/427 428/798/428
f 428/798/428 429/46/429 430/799/430
f 430/799/430 431/50/431 432/800/432
f 432/800/432 433/49/433 434/801/434
f 436/802/436 433/49/433 435/52/435
f 438/803/438 435/52/435 437/56/437
f 440/804/440 437/56/437 439/58/439
f 442/805/442 439/58/439 441/57/441
f 444/806/444 441/57/441 443/62/443
f 444/806/444 445/64/445 446/807/446
f 448/808/448 445/64/445 447/63/447
f 448/808/448 449/809/449 450/810/450
f 450/811/450 451/71/451 452/812/452
f 454/813/454 451/71/451 453/73/453
f 456/814/456 453/73/453 455/75/455
f 456/814/456 457/77/457 458/815/458
f 458/815/458 459/79/459 460/816/460
f 462/817/462 459/79/459 461/81/461
f 462/817/462 463/80/463 464/818/464
f 464/818/464 465/85/465 466/819/466
f 468/820/468 465/85/465 467/87/467
f 468/820/468 469/89/469 470/821/470
f 470/821/470 471/91/471 472/822/472
f 472/822/472 473/93/473 474/823/474
f 476/824/476 473/93/473 475/95/475
f 476/824/476 477/94/477 478/825/478
f 478/825/478 479/99/479 480/826/480
f 482/827/482 479/99/479 481/101/481
f 482/827/482 483/100/483 484/828/484
f 486/829/486 483/100/483 485/105/485
f 488/830/488 485/105/485 487/107/487
f 490/831/490 487/107/487 489/106/489
f 490/831/490 491/111/491 492/832/492
f 494/833/494 491/111/491 493/113/493
f 496/834/496 493/113/493 495/115/495
f 496/834/496 497/114/497 498/835/498
f 498/835/498 499/117/499 500/836/500
f 500/836/500 501/121/501 502/837/502
f 502/837/502 503/120/503 504/838/504
f 506/839/506 503/120/503 505/123/505
f 506/839/506 507/127/507 508/840/508
f 508/840/508 509/126/509 510/841/510
f 510/841/510 511/131/511 512/842/512
f 514/843/514 511/131/511 513/130/513
f 514/844/514 515/136/515 516/845/516
f 518/846/518 515/136/515 517/135/517
f 518/846/518 519/140/519 520/847/520
f 520/847/520 521/142/521 522/848/522
f 524/849/524 521/142/521 523/144/523
f 526/850/526 523/144/523 525/143/525
f 526/850/526 527/146/527 528/851/528
f 530/852/530 527/146/527 529/148/529
f 530/852/530 531/152/531 532/853/532
f 534/854/534 531/152/531 533/154/533
f 534/854/534 535/156/535 536/855/536
f 538/856/538 535/156/535 537/158/537
f 540/857/540 537/158/537 539/160/539
f 540/857/540 541/162/541 542/858/542
f 544/859/544 541/162/541 543/164/543
f 544/859/544 545/163/545 546/860/546
f 546/860/546 547/166/547 548/861/548
f 548/861/548 549/168/549 550/862/550
f 550/862/550 551/172/551 552/863/552
f 554/864/554 551/172/551 553/174/553
f 554/864/554 555/176/555 556/865/556
f 556/865/556 557/178/557 558/866/558
f 560/867/560 557/178/557 559/180/559
f 560/867/560 561/179/561 562/868/562
f 562/868/562 563/182/563 564/869/564
f 564/869/564 565/186/565 566/870/566
f 566/870/566 567/185/567 568/871/568
f 568/871/568 569/188/569 570/872/570
f 570/872/570 571/192/571 572/873/572
f 572/873/572 573/191/573 574/874/574
f 574/874/574 575/196/575 576/875/576
f 576/875/576 577/195/577 578/876/578
f 578/877/578 579/201/579 580/878/580
f 582/879/582 579/201/579 581/203/581
f 584/880/584 581/203/581 583/202/583
f 586/881/586 583/202/583 585/207/585
f 586/881/586 587/206/587 588/882/588
f 588/882/588 589/209/589 590/883/590
f 590/883/590 591/213/591 592/884/592
f 594/885/594 591/213/591 593/215/593
f 594/885/594 595/217/595 596/886/596
f 596/886/596 597/219/597 598/887/598
f 600/888/600 597/219/597 599/218/599
f 602/889/602 599/218/599 601/223/601
f 602/889/602 603/225/603 604/890/604
f 604/890/604 605/224/605 606/891/606
f 606/891/606 607/227/607 608/892/608
f 608/892/608 609/231/609 610/893/610
f 610/893/610 611/233/611 612/894/612
f 614/895/614 611/233/611 613/232/613
f 614/895/614 615/237/615 616/896/616
f 616/896/616 617/236/617 618/897/618
f 618/897/618 619/241/619 620/898/620
f 620/898/620 621/243/621 622/899/622
f 622/899/622 623/245/623 624/900/624
f 626/901/626 623/245/623 625/244/625
f 628/902/628 625/244/625 627/247/627
f 630/903/630 627/247/627 629/251/629
f 630/903/630 631/253/631 632/904/632
f 632/904/632 633/255/633 634/905/634
f 634/905/634 635/257/635 636/906/636
f 636/906/636 637/256/637 638/907/638
f 640/908/640 637/256/637 639/262/639
f 640/908/640 388/909/388 387/910/387
f 4/4/4 388/911/388 2/912/2
f 291/913/291 290/914/290 641/524/641
f 354/915/354 353/916/353 641/524/641
f 261/917/261 260/918/260 641/524/641
f 641/524/641 258/919/258 384/920/384
f 384/920/384 383/921/383 641/524/641
f 383/921/383 382/922/382 641/524/641
f 382/922/382 381/923/381 641/524/641
f 381/923/381 380/924/380 641/524/641
f 380/924/380 379/925/379 641/524/641
f 379/925/379 378/926/378 641/524/641
f 378/926/378 377/927/377 641/524/641
f 377/927/377 376/928/376 641/524/641
f 376/928/376 375/929/375 641/524/641
f 375/929/375 374/930/374 641/524/641
f 374/930/374 373/931/373 641/524/641
f 373/931/373 372/932/372 641/524/641
f 372/932/372 371/933/371 641/524/641
f 371/933/371 370/934/370 641/524/641
f 370/934/370 369/935/369 641/524/641
f 369/935/369 368/936/368 641/524/641
f 368/936/368 367/937/367 641/524/641
f 367/937/367 366/938/366 641/524/641
f 366/938/366 365/939/365 641/524/641
f 365/939/365 364/940/364 641/524/641
f 364/940/364 363/941/363 641/524/641
f 363/941/363 362/942/362 641/524/641
f 362/942/362 361/943/361 641/524/641
f 361/943/361 360/944/360 641/524/641
f 360/944/360 359/945/359 641/524/641
f 359/945/359 358/946/358 641/524/641
f 358/946/358 357/947/357 641/524/641
f 357/947/357 356/948/356 641/524/641
f 356/948/356 355/949/355 641/524/641
f 355/949/355 354/915/354 641/524/641
f 259/950/259 257/951/257 641/524/641
f 257/951/257 258/919/258 641/524/641
f 641/524/641 289/952/289 288/953/288
f 259/950/259 641/524/641 260/918/260
f 288/953/288 287/954/287 641/524/641
f 287/954/287 286/955/286 641/524/641
f 286/955/286 285/956/285 641/524/641
f 285/956/285 284/957/284 641/524/641
f 284/957/284 283/958/283 641/524/641
f 283/958/283 282/959/282 641/524/641
f 282/959/282 281/960/281 641/524/641
f 281/960/281 280/961/280 641/524/641
f 280/961/280 279/962/279 641/524/641
f 279/962/279 278/963/278 641/524/641
f 278/963/278 277/964/277 641/524/641
f 277/964/277 276/965/276 641/524/641
f 276/965/276 275/966/275 641/524/641
f 275/966/275 274/967/274 641/524/641
f 274/967/274 273/968/273 641/524/641
f 273/968/273 272/969/272 641/524/641
f 272/969/272 271/970/271 641/524/641
f 271/970/271 270/971/270 641/524/641
f 270/971/270 269/972/269 641/524/641
f 269/972/269 268/973/268 641/524/641
f 268/973/268 267/974/267 641/524/641
f 267/974/267 266/975/266 641/524/641
f 266/975/266 265/976/265 641/524/641
f 265/976/265 264/977/264 641/524/641
f 264/977/264 263/978/263 641/524/641
f 263/978/263 262/979/262 641/524/641
f 262/979/262 261/917/261 641/524/641
f 321/980/321 641/524/641 322/523/322
f 641/524/641 353/916/353 352/981/352
f 351/982/351 641/524/641 352/981/352
f 351/982/351 350/983/350 641/524/641
f 350/983/350 349/984/349 641/524/641
f 349/984/349 348/985/348 641/524/641
f 348/985/348 347/986/347 641/524/641
f 347/986/347 346/987/346 641/524/641
f 346/987/346 345/988/345 641/524/641
f 345/988/345 344/989/344 641/524/641
f 344/989/344 343/990/343 641/524/641
f 343/990/343 342/991/342 641/524/641
f 342/991/342 341/992/341 641/524/641
f 341/992/341 340/993/340 641/524/641
f 340/993/340 339/994/339 641/524/641
f 339/994/339 338/995/338 641/524/641
f 338/995/338 337/996/337 641/524/641
f 337/996/337 336/997/336 641/524/641
f 336/997/336 335/998/335 641/524/641
f 335/998/335 334/999/334 641/524/641
f 334/999/334 333/1000/333 641/524/641
f 333/1000/333 332/1001/332 641/524/641
f 332/1001/332 331/1002/331 641/524/641
f 331/1002/331 330/1003/330 641/524/641
f 330/1003/330 329/1004/329 641/524/641
f 329/1004/329 328/1005/328 641/524/641
f 328/1005/328 327/1006/327 641/524/641
f 327/1006/327 326/1007/326 641/524/641
f 326/1007/326 325/1008/325 641/524/641
f 325/1008/325 324/1009/324 641/524/641
f 324/1009/324 323/522/323 641/524/641
f 290/914/290 289/952/289 641/524/641
f 641/524/641 321/980/321 320/1010/320
f 320/1010/320 319/1011/319 641/524/641
f 319/1011/319 318/1012/318 641/524/641
f 318/1012/318 317/1013/317 641/524/641
f 317/1013/317 316/1014/316 641/524/641
f 316/1014/316 315/1015/315 641/524/641
f 315/1015/315 314/1016/314 641/524/641
f 314/1016/314 313/1017/313 641/524/641
f 313/1017/313 312/1018/312 641/524/641
f 312/1018/312 311/1019/311 641/524/641
f 311/1019/311 310/1020/310 641/524/641
f 310/1020/310 309/1021/309 641/524/641
f 309/1021/309 308/1022/308 641/524/641
f 308/1022/308 307/1023/307 641/524/641
f 307/1023/307 306/1024/306 641/524/641
f 306/1024/306 305/1025/305 641/524/641
f 305/1025/305 304/1026/304 641/524/641
f 304/1026/304 303/1027/303 641/524/641
f 303/1027/303 302/1028/302 641/524/641
f 302/1028/302 301/1029/301 641/524/641
f 301/1029/301 300/1030/300 641/524/641
f 300/1030/300 299/1031/299 641/524/641
f 299/1031/299 298/1032/298 641/524/641
f 298/1032/298 297/1033/297 641/524/641
f 297/1033/297 296/1034/296 641/524/641
f 296/1034/296 295/1035/295 641/524/641
f 295/1035/295 294/1036/294 641/524/641
f 294/1036/294 293/1037/293 641/524/641
f 293/1037/293 292/1038/292 641/524/641
f 292/1038/292 291/913/291 641/524/641
f 667/1039/667 668/1040/668 666/1041/666
f 668/1040/668 671/1042/671 670/1043/670
f 647/1044/647 666/1041/666 646/1045/646
f 642/1046/642 667/1039/667 647/1044/647
f 648/1047/648 669/1048/669 667/1039/667
f 669/1048/669 650/1049/650 671/1042/671
f 671/1042/671 643/1050/643 651/1051/651
f 670/1043/670 651/1051/651 652/1052/652
f 673/1053/673 674/1054/674 672/1055/672
f 674/1054/674 677/1056/677 676/1057/676
f 651/1058/651 672/1055/672 652/1059/652
f 643/1050/643 673/1053/673 651/1058/651
f 653/1060/653 675/1061/675 673/1053/673
f 675/1061/675 655/1062/655 677/1056/677
f 677/1056/677 645/1063/645 656/1064/656
f 676/1057/676 656/1064/656 657/1065/657
f 679/1066/679 680/1067/680 678/1068/678
f 680/1067/680 683/1069/683 682/1070/682
f 656/1071/656 678/1068/678 657/1072/657
f 645/1063/645 679/1066/679 656/1071/656
f 658/1073/658 681/1074/681 679/1066/679
f 681/1074/681 660/1075/660 683/1069/683
f 683/1069/683 644/1076/644 661/1077/661
f 682/1070/682 661/1077/661 662/1078/662
f 685/1079/685 686/1080/686 684/1081/684
f 686/1080/686 689/1082/689 688/1083/688
f 661/1084/661 684/1081/684 662/1085/662
f 644/1076/644 685/1079/685 661/1084/661
f 663/1086/663 687/1087/687 685/1079/685
f 687/1087/687 665/1088/665 689/1082/689
f 689/1082/689 642/1046/642 647/1089/647
f 688/1083/688 647/1089/647 646/1090/646
f 690/1091/690 694/1092/641 693/1093/693
f 692/1094/692 694/1092/641 691/1095/691
f 694/1092/641 696/1096/695 693/1093/693
f 694/1092/641 698/1097/697 697/1098/696
f 645/1063/645 690/1091/690 658/1073/658
f 655/1062/655 691/1095/691 690/1091/690
f 653/1060/653 691/1095/691 654/1099/654
f 643/1050/643 692/1094/692 653/1060/653
f 650/1049/650 695/1100/694 692/1094/692
f 695/1100/694 648/1047/648 698/1097/697
f 698/1097/697 642/1046/642 665/1088/665
f 697/1098/696 665/1088/665 664/1101/664
f 697/1098/696 663/1086/663 696/1096/695
f 696/1096/695 644/1076/644 660/1075/660
f 693/1093/693 660/1075/660 659/1102/659
f 658/1073/658 693/1093/693 659/1102/659
f 646/1090/646 714/1103/705 688/1083/688
f 676/1057/676 707/1104/1 674/1054/674
f 670/1043/670 704/1105/193 668/1040/668
f 662/1078/662 711/1106/703 682/1070/682
f 684/1081/684 702/1107/97 662/1085/662
f 657/1065/657 708/1108/701 676/1057/676
f 678/1068/678 701/1109/33 657/1072/657
f 652/1052/652 705/1110/699 670/1043/670
f 686/1080/686 712/1111/704 684/1081/684
f 672/1055/672 700/1112/225 652/1059/652
f 680/1067/680 709/1113/702 678/1068/678
f 666/1041/666 699/1114/161 646/1045/646
f 674/1054/674 706/1115/700 672/1055/672
f 668/1040/668 703/1116/698 666/1041/666
f 688/1083/688 713/1117/129 686/1080/686
f 682/1070/682 710/1118/65 680/1067/680
f 386/1/386 390/521/390 5/2/5
f 4/4/4 6/8/6 389/5/389
f 8/7/8 391/10/391 389/5/389
f 8/7/8 10/12/10 393/9/393
f 12/11/12 395/14/395 393/9/393
f 12/11/12 14/15/14 397/13/397
f 14/15/14 16/18/16 399/16/399
f 18/17/18 401/20/401 399/16/399
f 20/19/20 403/22/403 401/20/401
f 22/21/22 405/24/405 403/22/403
f 22/21/22 24/26/24 407/23/407
f 26/25/26 409/28/409 407/23/407
f 28/27/28 411/30/411 409/28/409
f 28/27/28 30/31/30 413/29/413
f 30/31/30 32/34/32 415/32/415
f 34/33/34 417/36/417 415/32/415
f 34/33/34 36/38/36 419/35/419
f 38/37/38 421/40/421 419/35/419
f 40/39/40 423/42/423 421/40/421
f 40/39/40 42/43/42 425/41/425
f 42/43/42 44/45/44 427/44/427
f 44/45/44 46/48/46 429/46/429
f 48/47/48 431/50/431 429/46/429
f 48/47/48 50/51/50 433/49/433
f 50/51/50 52/54/52 435/52/435
f 54/53/54 437/56/437 435/52/435
f 56/55/56 439/58/439 437/56/437
f 56/55/56 58/60/58 441/57/441
f 60/59/60 443/62/443 441/57/441
f 62/61/62 445/64/445 443/62/443
f 62/61/62 64/66/64 447/63/447
f 66/65/66 449/809/449 447/63/447
f 68/67/68 451/71/451 449/68/449
f 70/70/70 453/73/453 451/71/451
f 72/72/72 455/75/455 453/73/453
f 74/74/74 457/77/457 455/75/455
f 76/76/76 459/79/459 457/77/457
f 78/78/78 461/81/461 459/79/459
f 78/78/78 80/83/80 463/80/463
f 82/82/82 465/85/465 463/80/463
f 84/84/84 467/87/467 465/85/465
f 86/86/86 469/89/469 467/87/467
f 88/88/88 471/91/471 469/89/469
f 90/90/90 473/93/473 471/91/471
f 92/92/92 475/95/475 473/93/473
f 92/92/92 94/97/94 477/94/477
f 96/96/96 479/99/479 477/94/477
f 98/98/98 481/101/481 479/99/479
f 98/98/98 100/103/100 483/100/483
f 102/102/102 485/105/485 483/100/483
f 104/104/104 487/107/487 485/105/485
f 104/104/104 106/109/106 489/106/489
f 108/108/108 491/111/491 489/106/489
f 110/110/110 493/113/493 491/111/491
f 112/112/112 495/115/495 493/113/493
f 112/112/112 114/116/114 497/114/497
f 114/116/114 116/119/116 499/117/499
f 118/118/118 501/121/501 499/117/499
f 118/118/118 120/122/120 503/120/503
f 120/122/120 122/125/122 505/123/505
f 124/124/124 507/127/507 505/123/505
f 124/124/124 126/129/126 509/126/509
f 128/128/128 511/131/511 509/126/509
f 128/128/128 130/1119/130 513/130/513
f 132/132/132 515/136/515 513/133/513
f 132/132/132 134/138/134 517/135/517
f 136/137/136 519/140/519 517/135/517
f 138/139/138 521/142/521 519/140/519
f 140/141/140 523/144/523 521/142/521
f 140/141/140 142/145/142 525/143/525
f 142/145/142 144/147/144 527/146/527
f 144/147/144 146/150/146 529/148/529
f 148/149/148 531/152/531 529/148/529
f 150/151/150 533/154/533 531/152/531
f 152/153/152 535/156/535 533/154/533
f 154/155/154 537/158/537 535/156/535
f 156/157/156 539/160/539 537/158/537
f 158/159/158 541/162/541 539/160/539
f 160/161/160 543/164/543 541/162/541
f 160/161/160 162/165/162 545/163/545
f 162/165/162 164/167/164 547/166/547
f 164/167/164 166/170/166 549/168/549
f 168/169/168 551/172/551 549/168/549
f 170/171/170 553/174/553 551/172/551
f 172/173/172 555/176/555 553/174/553
f 174/175/174 557/178/557 555/176/555
f 176/177/176 559/180/559 557/178/557
f 176/177/176 178/181/178 561/179/561
f 178/181/178 180/184/180 563/182/563
f 182/183/182 565/186/565 563/182/563
f 182/183/182 184/187/184 567/185/567
f 184/187/184 186/190/186 569/188/569
f 188/189/188 571/192/571 569/188/569
f 188/189/188 190/194/190 573/191/573
f 192/193/192 575/196/575 573/191/573
f 192/193/192 194/1120/194 577/195/577
f 196/197/196 579/201/579 577/198/577
f 198/200/198 581/203/581 579/201/579
f 198/200/198 200/205/200 583/202/583
f 202/204/202 585/207/585 583/202/583
f 202/204/202 204/208/204 587/206/587
f 204/208/204 206/211/206 589/209/589
f 208/210/208 591/213/591 589/209/589
f 210/212/210 593/215/593 591/213/591
f 212/214/212 595/217/595 593/215/593
f 214/216/214 597/219/597 595/217/595
f 214/216/214 216/221/216 599/218/599
f 218/220/218 601/223/601 599/218/599
f 220/222/220 603/225/603 601/223/601
f 220/222/220 222/226/222 605/224/605
f 222/226/222 224/229/224 607/227/607
f 226/228/226 609/231/609 607/227/607
f 228/230/228 611/233/611 609/231/609
f 228/230/228 230/235/230 613/232/613
f 232/234/232 615/237/615 613/232/613
f 232/234/232 234/239/234 617/236/617
f 236/238/236 619/241/619 617/236/617
f 238/240/238 621/243/621 619/241/619
f 240/242/240 623/245/623 621/243/621
f 240/242/240 242/246/242 625/244/625
f 242/246/242 244/249/244 627/247/627
f 246/248/246 629/251/629 627/247/627
f 248/250/248 631/253/631 629/251/629
f 250/252/250 633/255/633 631/253/631
f 252/254/252 635/257/635 633/255/633
f 252/254/252 254/261/254 637/256/637
f 172/258/172 342/776/342 343/259/343
f 254/261/254 256/264/256 639/262/639
f 2/263/2 388/909/388 639/262/639
f 387/265/387 386/1/386 3/3/3
f 640/267/640 387/1121/387 1/268/1
f 392/270/392 394/273/394 9/271/9
f 394/273/394 396/275/396 11/274/11
f 396/275/396 398/277/398 13/276/13
f 398/277/398 400/279/400 15/278/15
f 400/279/400 402/281/402 17/280/17
f 402/281/402 404/283/404 19/282/19
f 404/283/404 406/285/406 21/284/21
f 406/285/406 408/287/408 23/286/23
f 408/287/408 410/289/410 25/288/25
f 410/289/410 412/291/412 27/290/27
f 412/291/412 414/293/414 29/292/29
f 414/293/414 416/295/416 31/294/31
f 416/295/416 418/297/418 33/296/33
f 418/297/418 420/299/420 35/298/35
f 420/299/420 422/301/422 37/300/37
f 422/301/422 424/303/424 39/302/39
f 424/303/424 426/305/426 41/304/41
f 426/305/426 428/307/428 43/306/43
f 428/307/428 430/309/430 45/308/45
f 430/309/430 432/311/432 47/310/47
f 432/311/432 434/313/434 49/312/49
f 434/313/434 436/315/436 51/314/51
f 436/315/436 438/317/438 53/316/53
f 438/317/438 440/319/440 55/318/55
f 440/319/440 442/321/442 57/320/57
f 442/321/442 444/323/444 59/322/59
f 444/323/444 446/325/446 61/324/61
f 446/325/446 448/327/448 63/326/63
f 448/327/448 450/1122/450 65/328/65
f 450/329/450 452/332/452 67/330/67
f 452/332/452 454/334/454 69/333/69
f 454/334/454 456/336/456 71/335/71
f 456/336/456 458/338/458 73/337/73
f 458/338/458 460/340/460 75/339/75
f 460/340/460 462/342/462 77/341/77
f 462/342/462 464/344/464 79/343/79
f 464/344/464 466/346/466 81/345/81
f 466/346/466 468/348/468 83/347/83
f 468/348/468 470/350/470 85/349/85
f 470/350/470 472/352/472 87/351/87
f 472/352/472 474/354/474 89/353/89
f 474/354/474 476/356/476 91/355/91
f 476/356/476 478/358/478 93/357/93
f 478/358/478 480/360/480 95/359/95
f 480/360/480 482/362/482 97/361/97
f 482/362/482 484/364/484 99/363/99
f 484/364/484 486/366/486 101/365/101
f 486/366/486 488/368/488 103/367/103
f 488/368/488 490/370/490 105/369/105
f 490/370/490 492/372/492 107/371/107
f 492/372/492 494/374/494 109/373/109
f 494/374/494 496/376/496 111/375/111
f 496/376/496 498/378/498 113/377/113
f 498/378/498 500/380/500 115/379/115
f 500/380/500 502/382/502 117/381/117
f 502/382/502 504/384/504 119/383/119
f 504/384/504 506/386/506 121/385/121
f 506/386/506 508/388/508 123/387/123
f 508/388/508 510/390/510 125/389/125
f 510/390/510 512/392/512 127/391/127
f 512/392/512 514/394/514 129/393/129
f 514/394/514 516/397/516 131/395/131
f 516/397/516 518/399/518 133/398/133
f 518/399/518 520/401/520 135/400/135
f 520/401/520 522/403/522 137/402/137
f 522/403/522 524/405/524 139/404/139
f 524/405/524 526/407/526 141/406/141
f 526/407/526 528/409/528 143/408/143
f 528/409/528 530/411/530 145/410/145
f 530/411/530 532/413/532 147/412/147
f 532/413/532 534/415/534 149/414/149
f 534/415/534 536/417/536 151/416/151
f 536/417/536 538/419/538 153/418/153
f 538/419/538 540/421/540 155/420/155
f 540/421/540 542/423/542 157/422/157
f 542/423/542 544/425/544 159/424/159
f 544/425/544 546/427/546 161/426/161
f 546/427/546 548/429/548 163/428/163
f 548/429/548 550/431/550 165/430/165
f 550/431/550 552/433/552 167/432/167
f 552/433/552 554/435/554 169/434/169
f 554/435/554 556/437/556 171/436/171
f 556/437/556 558/439/558 173/438/173
f 558/439/558 560/441/560 175/440/175
f 560/441/560 562/443/562 177/442/177
f 562/443/562 564/445/564 179/444/179
f 564/445/564 566/447/566 181/446/181
f 566/447/566 568/449/568 183/448/183
f 568/449/568 570/451/570 185/450/185
f 570/451/570 572/453/572 187/452/187
f 572/453/572 574/455/574 189/454/189
f 574/455/574 576/457/576 191/456/191
f 576/457/576 578/1123/578 193/458/193
f 578/459/578 580/462/580 195/460/195
f 580/462/580 582/464/582 197/463/197
f 582/464/582 584/466/584 199/465/199
f 584/466/584 586/468/586 201/467/201
f 586/468/586 588/470/588 203/469/203
f 588/470/588 590/472/590 205/471/205
f 590/472/590 592/474/592 207/473/207
f 592/474/592 594/476/594 209/475/209
f 594/476/594 596/478/596 211/477/211
f 596/478/596 598/480/598 213/479/213
f 598/480/598 600/482/600 215/481/215
f 600/482/600 602/484/602 217/483/217
f 602/484/602 604/486/604 219/485/219
f 604/486/604 606/488/606 221/487/221
f 606/488/606 608/490/608 223/489/223
f 608/490/608 610/492/610 225/491/225
f 610/492/610 612/494/612 227/493/227
f 612/494/612 614/496/614 229/495/229
f 614/496/614 616/498/616 231/497/231
f 616/498/616 618/500/618 233/499/233
f 618/500/618 620/502/620 235/501/235
f 620/502/620 622/504/622 237/503/237
f 622/504/622 624/506/624 239/505/239
f 624/506/624 626/508/626 241/507/241
f 626/508/626 628/510/628 243/509/243
f 628/510/628 630/512/630 245/511/245
f 630/512/630 632/514/632 247/513/247
f 632/514/632 634/516/634 249/515/249
f 634/516/634 636/518/636 251/517/251
f 636/518/636 638/520/638 253/519/253
f 638/520/638 640/267/640 255/269/255
f 390/521/390 392/270/392 7/272/7
f 70/525/70 291/553/291 292/526/292
f 174/260/174 343/259/343 344/528/344
f 72/527/72 292/526/292 293/530/293
f 176/529/176 344/528/344 345/532/345
f 74/531/74 293/530/293 294/534/294
f 178/533/178 345/532/345 346/536/346
f 76/535/76 294/534/294 295/538/295
f 180/537/180 346/536/346 347/538/347
f 78/539/78 295/538/295 296/541/296
f 182/540/182 347/538/347 348/543/348
f 80/542/80 296/541/296 297/545/297
f 184/544/184 348/543/348 349/547/349
f 82/546/82 297/545/297 298/528/298
f 186/548/186 349/547/349 350/526/350
f 84/549/84 298/528/298 299/551/299
f 188/550/188 350/526/350 351/553/351
f 86/552/86 299/551/299 300/555/300
f 190/554/190 351/553/351 352/557/352
f 88/556/88 300/555/300 301/559/301
f 192/558/192 352/557/352 353/561/353
f 90/560/90 301/559/301 302/563/302
f 194/565/194 353/1124/353 354/566/354
f 92/564/92 302/563/302 303/568/303
f 196/567/196 354/566/354 355/570/355
f 94/569/94 303/568/303 304/572/304
f 198/571/198 355/570/355 356/574/356
f 96/573/96 304/572/304 305/576/305
f 200/575/200 356/574/356 357/578/357
f 98/577/98 305/576/305 306/580/306
f 202/579/202 357/578/357 358/582/358
f 100/581/100 306/580/306 307/584/307
f 204/583/204 358/582/358 359/586/359
f 102/585/102 307/584/307 308/588/308
f 206/587/206 359/586/359 360/590/360
f 104/589/104 308/588/308 309/592/309
f 2/594/2 258/1125/258 257/595/257
f 208/591/208 360/590/360 361/597/361
f 106/593/106 309/592/309 310/599/310
f 4/596/4 257/595/257 259/601/259
f 210/598/210 361/597/361 362/603/362
f 108/600/108 310/599/310 311/605/311
f 6/602/6 259/601/259 260/607/260
f 212/604/212 362/603/362 363/609/363
f 110/606/110 311/605/311 312/611/312
f 8/608/8 260/607/260 261/613/261
f 214/610/214 363/609/363 364/615/364
f 112/612/112 312/611/312 313/617/313
f 10/614/10 261/613/261 262/619/262
f 216/616/216 364/615/364 365/621/365
f 114/618/114 313/617/313 314/623/314
f 12/620/12 262/619/262 263/625/263
f 218/622/218 365/621/365 366/627/366
f 116/624/116 314/623/314 315/629/315
f 14/626/14 263/625/263 264/631/264
f 220/628/220 366/627/366 367/633/367
f 118/630/118 315/629/315 316/635/316
f 16/632/16 264/631/264 265/637/265
f 222/634/222 367/633/367 368/639/368
f 120/636/120 316/635/316 317/641/317
f 18/638/18 265/637/265 266/643/266
f 224/640/224 368/639/368 369/645/369
f 122/642/122 317/641/317 318/647/318
f 20/644/20 266/643/266 267/649/267
f 226/646/226 369/645/369 370/651/370
f 124/648/124 318/647/318 319/653/319
f 22/650/22 267/649/267 268/655/268
f 228/652/228 370/651/370 371/657/371
f 126/654/126 319/653/319 320/659/320
f 24/656/24 268/655/268 269/661/269
f 230/658/230 371/657/371 372/663/372
f 128/660/128 320/659/320 321/665/321
f 26/662/26 269/661/269 270/667/270
f 232/664/232 372/663/372 373/669/373
f 130/671/130 321/1126/321 322/672/322
f 28/668/28 270/667/270 271/674/271
f 234/670/234 373/669/373 374/676/374
f 132/673/132 322/672/322 323/678/323
f 30/675/30 271/674/271 272/680/272
f 236/677/236 374/676/374 375/682/375
f 134/679/134 323/678/323 324/684/324
f 32/681/32 272/680/272 273/686/273
f 238/683/238 375/682/375 376/688/376
f 136/685/136 324/684/324 325/690/325
f 34/687/34 273/686/273 274/692/274
f 240/689/240 376/688/376 377/694/377
f 138/691/138 325/690/325 326/696/326
f 36/693/36 274/692/274 275/698/275
f 242/695/242 377/694/377 378/700/378
f 140/697/140 326/696/326 327/702/327
f 38/699/38 275/698/275 276/704/276
f 244/701/244 378/700/378 379/706/379
f 142/703/142 327/702/327 328/708/328
f 40/705/40 276/704/276 277/710/277
f 246/707/246 379/706/379 380/712/380
f 144/709/144 328/708/328 329/714/329
f 42/711/42 277/710/277 278/716/278
f 248/713/248 380/712/380 381/718/381
f 146/715/146 329/714/329 330/720/330
f 44/717/44 278/716/278 279/722/279
f 250/719/250 381/718/381 382/724/382
f 148/721/148 330/720/330 331/726/331
f 46/723/46 279/722/279 280/728/280
f 252/725/252 382/724/382 383/730/383
f 150/727/150 331/726/331 332/732/332
f 48/729/48 280/728/280 281/734/281
f 254/731/254 383/730/383 384/736/384
f 152/733/152 332/732/332 333/738/333
f 50/735/50 281/734/281 282/740/282
f 256/737/256 384/736/384 258/742/258
f 154/739/154 333/738/333 334/744/334
f 52/741/52 282/740/282 283/746/283
f 156/745/156 334/744/334 335/748/335
f 54/747/54 283/746/283 284/750/284
f 158/749/158 335/748/335 336/752/336
f 56/751/56 284/750/284 285/754/285
f 160/753/160 336/752/336 337/756/337
f 58/755/58 285/754/285 286/758/286
f 162/757/162 337/756/337 338/760/338
f 60/759/60 286/758/286 287/762/287
f 164/761/164 338/760/338 339/764/339
f 62/763/62 287/762/287 288/766/288
f 166/765/166 339/764/339 340/768/340
f 64/767/64 288/766/288 289/770/289
f 168/769/168 340/768/340 341/772/341
f 66/774/66 289/561/289 290/557/290
f 170/773/170 341/772/341 342/776/342
f 68/775/68 290/557/290 291/553/291
f 387/777/387 388/911/388 385/6/385
f 386/778/386 385/6/385 389/5/389
f 390/779/390 389/5/389 391/10/391
f 394/781/394 392/780/392 391/10/391
f 394/781/394 393/9/393 395/14/395
f 396/782/396 395/14/395 397/13/397
f 398/783/398 397/13/397 399/16/399
f 402/785/402 400/784/400 399/16/399
f 402/785/402 401/20/401 403/22/403
f 406/787/406 404/786/404 403/22/403
f 408/788/408 406/787/406 405/24/405
f 408/788/408 407/23/407 409/28/409
f 410/789/410 409/28/409 411/30/411
f 412/790/412 411/30/411 413/29/413
f 414/791/414 413/29/413 415/32/415
f 416/792/416 415/32/415 417/36/417
f 420/794/420 418/793/418 417/36/417
f 422/795/422 420/794/420 419/35/419
f 424/796/424 422/795/422 421/40/421
f 424/796/424 423/42/423 425/41/425
f 426/797/426 425/41/425 427/44/427
f 428/798/428 427/44/427 429/46/429
f 430/799/430 429/46/429 431/50/431
f 432/800/432 431/50/431 433/49/433
f 436/802/436 434/801/434 433/49/433
f 438/803/438 436/802/436 435/52/435
f 440/804/440 438/803/438 437/56/437
f 442/805/442 440/804/440 439/58/439
f 444/806/444 442/805/442 441/57/441
f 444/806/444 443/62/443 445/64/445
f 448/808/448 446/807/446 445/64/445
f 448/808/448 447/63/447 449/809/449
f 450/811/450 449/68/449 451/71/451
f 454/813/454 452/812/452 451/71/451
f 456/814/456 454/813/454 453/73/453
f 456/814/456 455/75/455 457/77/457
f 458/815/458 457/77/457 459/79/459
f 462/817/462 460/816/460 459/79/459
f 462/817/462 461/81/461 463/80/463
f 464/818/464 463/80/463 465/85/465
f 468/820/468 466/819/466 465/85/465
f 468/820/468 467/87/467 469/89/469
f 470/821/470 469/89/469 471/91/471
f 472/822/472 471/91/471 473/93/473
f 476/824/476 474/823/474 473/93/473
f 476/824/476 475/95/475 477/94/477
f 478/825/478 477/94/477 479/99/479
f 482/827/482 480/826/480 479/99/479
f 482/827/482 481/101/481 483/100/483
f 486/829/486 484/828/484 483/100/483
f 488/830/488 486/829/486 485/105/485
f 490/831/490 488/830/488 487/107/487
f 490/831/490 489/106/489 491/111/491
f 494/833/494 492/832/492 491/111/491
f 496/834/496 494/833/494 493/113/493
f 496/834/496 495/115/495 497/114/497
f 498/835/498 497/114/497 499/117/499
f 500/836/500 499/117/499 501/121/501
f 502/837/502 501/121/501 503/120/503
f 506/839/506 504/838/504 503/120/503
f 506/839/506 505/123/505 507/127/507
f 508/840/508 507/127/507 509/126/509
f 510/841/510 509/126/509 511/131/511
f 514/843/514 512/842/512 511/131/511
f 514/844/514 513/133/513 515/136/515
f 518/846/518 516/845/516 515/136/515
f 518/846/518 517/135/517 519/140/519
f 520/847/520 519/140/519 521/142/521
f 524/849/524 522/848/522 521/142/521
f 526/850/526 524/849/524 523/144/523
f 526/850/526 525/143/525 527/146/527
f 530/852/530 528/851/528 527/146/527
f 530/852/530 529/148/529 531/152/531
f 534/854/534 532/853/532 531/152/531
f 534/854/534 533/154/533 535/156/535
f 538/856/538 536/855/536 535/156/535
f 540/857/540 538/856/538 537/158/537
f 540/857/540 539/160/539 541/162/541
f 544/859/544 542/858/542 541/162/541
f 544/859/544 543/164/543 545/163/545
f 546/860/546 545/163/545 547/166/547
f 548/861/548 547/166/547 549/168/549
f 550/862/550 549/168/549 551/172/551
f 554/864/554 552/863/552 551/172/551
f 554/864/554 553/174/553 555/176/555
f 556/865/556 555/176/555 557/178/557
f 560/867/560 558/866/558 557/178/557
f 560/867/560 559/180/559 561/179/561
f 562/868/562 561/179/561 563/182/563
f 564/869/564 563/182/563 565/186/565
f 566/870/566 565/186/565 567/185/567
f 568/871/568 567/185/567 569/188/569
f 570/872/570 569/188/569 571/192/571
f 572/873/572 571/192/571 573/191/573
f 574/874/574 573/191/573 575/196/575
f 576/875/576 575/196/575 577/195/577
f 578/877/578 577/198/577 579/201/579
f 582/879/582 580/878/580 579/201/579
f 584/880/584 582/879/582 581/203/581
f 586/881/586 584/880/584 583/202/583
f 586/881/586 585/207/585 587/206/587
f 588/882/588 587/206/587 589/209/589
f 590/883/590 589/209/589 591/213/591
f 594/885/594 592/884/592 591/213/591
f 594/885/594 593/215/593 595/217/595
f 596/886/596 595/217/595 597/219/597
f 600/888/600 598/887/598 597/219/597
f 602/889/602 600/888/600 599/218/599
f 602/889/602 601/223/601 603/225/603
f 604/890/604 603/225/603 605/224/605
f 606/891/606 605/224/605 607/227/607
f 608/892/608 607/227/607 609/231/609
f 610/893/610 609/231/609 611/233/611
f 614/895/614 612/894/612 611/233/611
f 614/895/614 613/232/613 615/237/615
f 616/896/616 615/237/615 617/236/617
f 618/897/618 617/236/617 619/241/619
f 620/898/620 619/241/619 621/243/621
f 622/899/622 621/243/621 623/245/623
f 626/901/626 624/900/624 623/245/623
f 628/902/628 626/901/626 625/244/625
f 630/903/630 628/902/628 627/247/627
f 630/903/630 629/251/629 631/253/631
f 632/904/632 631/253/631 633/255/633
f 634/905/634 633/255/633 635/257/635
f 636/906/636 635/257/635 637/256/637
f 640/908/640 638/907/638 637/256/637
f 640/908/640 639/262/639 388/909/388
f 4/4/4 385/6/385 388/911/388
f 667/1039/667 669/1048/669 668/1040/668
f 668/1040/668 669/1048/669 671/1042/671
f 647/1044/647 667/1039/667 666/1041/666
f 642/1046/642 648/1047/648 667/1039/667
f 648/1047/648 649/1127/649 669/1048/669
f 669/1048/669 649/1127/649 650/1049/650
f 671/1042/671 650/1049/650 643/1050/643
f 670/1043/670 671/1042/671 651/1051/651
f 673/1053/673 675/1061/675 674/1054/674
f 674/1054/674 675/1061/675 677/1056/677
f 651/1058/651 673/1053/673 672/1055/672
f 643/1050/643 653/1060/653 673/1053/673
f 653/1060/653 654/1099/654 675/1061/675
f 675/1061/675 654/1099/654 655/1062/655
f 677/1056/677 655/1062/655 645/1063/645
f 676/1057/676 677/1056/677 656/1064/656
f 679/1066/679 681/1074/681 680/1067/680
f 680/1067/680 681/1074/681 683/1069/683
f 656/1071/656 679/1066/679 678/1068/678
f 645/1063/645 658/1073/658 679/1066/679
f 658/1073/658 659/1102/659 681/1074/681
f 681/1074/681 659/1102/659 660/1075/660
f 683/1069/683 660/1075/660 644/1076/644
f 682/1070/682 683/1069/683 661/1077/661
f 685/1079/685 687/1087/687 686/1080/686
f 686/1080/686 687/1087/687 689/1082/689
f 661/1084/661 685/1079/685 684/1081/684
f 644/1076/644 663/1086/663 685/1079/685
f 663/1086/663 664/1101/664 687/1087/687
f 687/1087/687 664/1101/664 665/1088/665
f 689/1082/689 665/1088/665 642/1046/642
f 688/1083/688 689/1082/689 647/1089/647
f 690/1091/690 691/1095/691 694/1092/641
f 692/1094/692 695/1100/694 694/1092/641
f 694/1092/641 697/1098/696 696/1096/695
f 694/1092/641 695/1100/694 698/1097/697
f 645/1063/645 655/1062/655 690/1091/690
f 655/1062/655 654/1099/654 691/1095/691
f 653/1060/653 692/1094/692 691/1095/691
f 643/1050/643 650/1049/650 692/1094/692
f 650/1049/650 649/1127/649 695/1100/694
f 695/1100/694 649/1127/649 648/1047/648
f 698/1097/697 648/1047/648 642/1046/642
f 697/1098/696 698/1097/697 665/1088/665
f 697/1098/696 664/1101/664 663/1086/663
f 696/1096/695 663/1086/663 644/1076/644
f 693/1093/693 696/1096/695 660/1075/660
f 658/1073/658 690/1091/690 693/1093/693
f 646/1090/646 699/1128/161 714/1103/705
f 676/1057/676 708/1108/701 707/1104/1
f 670/1043/670 705/1110/699 704/1105/193
f 662/1078/662 702/1129/97 711/1106/703
f 684/1081/684 712/1111/704 702/1107/97
f 657/1065/657 701/1130/33 708/1108/701
f 678/1068/678 709/1113/702 701/1109/33
f 652/1052/652 700/1131/225 705/1110/699
f 686/1080/686 713/1117/129 712/1111/704
f 672/1055/672 706/1115/700 700/1112/225
f 680/1067/680 710/1118/65 709/1113/702
f 666/1041/666 703/1116/698 699/1114/161
f 674/1054/674 707/1104/1 706/1115/700
f 668/1040/668 704/1105/193 703/1116/698
f 688/1083/688 714/1103/705 713/1117/129
f 682/1070/682 711/1106/703 710/1118/65
