v 0.594564 1.643581 -0.323474
v 0.609404 1.640308 -0.293973
v 0.602343 1.642611 -0.327707
v 0.578326 1.646793 -0.352206
v 0.586784 1.644120 -0.319242
v 0.601430 1.640958 -0.290127
v 0.617378 1.639275 -0.297820
v 0.585893 1.645899 -0.356815
v 0.570759 1.647225 -0.347598
v 0.521540 1.653266 -0.433035
v 0.541783 1.651863 -0.407062
v 0.528365 1.652554 -0.438701
v 0.500025 1.653694 -0.457937
v 0.514716 1.653601 -0.427368
v 0.534694 1.652187 -0.401735
v 0.548872 1.651103 -0.412388
v 0.506568 1.653027 -0.463929
v 0.493482 1.654073 -0.451945
v 0.625683 1.637682 -0.340405
v 0.641300 1.634500 -0.309360
v 0.633463 1.635610 -0.344638
v 0.608595 1.640982 -0.370641
v 0.617903 1.639594 -0.336172
v 0.633326 1.636307 -0.305513
v 0.649274 1.632563 -0.313207
v 0.616163 1.638858 -0.375249
v 0.601028 1.642923 -0.366032
v 0.548838 1.648798 -0.455700
v 0.570140 1.646773 -0.428367
v 0.555662 1.647214 -0.461366
v 0.526197 1.650006 -0.481905
v 0.542013 1.650257 -0.450033
v 0.563051 1.648490 -0.423041
v 0.577229 1.644892 -0.433694
v 0.532739 1.648815 -0.487897
v 0.519654 1.651128 -0.475913
v 0.563444 1.643075 -0.306544
v 0.571224 1.643684 -0.310777
v 0.548056 1.645749 -0.333772
v 0.555664 1.642762 -0.302311
v 0.577508 1.640435 -0.278587
v 0.585482 1.640864 -0.282434
v 0.555624 1.646501 -0.338381
v 0.540489 1.645341 -0.329163
v 0.569534 1.640255 -0.274740
v 0.531782 1.647032 -0.289318
v 0.540105 1.644703 -0.293846
v 0.517259 1.649877 -0.315016
v 0.522375 1.649811 -0.284200
v 0.545055 1.644292 -0.262932
v 0.553585 1.642150 -0.267047
v 0.525354 1.647362 -0.319946
v 0.508108 1.652905 -0.309443
v 0.535413 1.646814 -0.258281
v 0.494243 1.652259 -0.410370
v 0.501067 1.652889 -0.416036
v 0.473854 1.653279 -0.433969
v 0.487419 1.652089 -0.404703
v 0.513426 1.650529 -0.385756
v 0.520515 1.651304 -0.391083
v 0.480397 1.653669 -0.439961
v 0.467311 1.653389 -0.427977
v 0.506337 1.650176 -0.380430
v 0.466470 1.658259 -0.387309
v 0.473770 1.655054 -0.393371
v 0.447226 1.660516 -0.409582
v 0.458217 1.662064 -0.380458
v 0.484575 1.655613 -0.364079
v 0.492158 1.652676 -0.369777
v 0.454225 1.656984 -0.415992
v 0.439315 1.664643 -0.402337
v 0.476002 1.659141 -0.357638
v 0.611454 1.634334 -0.191057
v 0.601542 1.635943 -0.220772
v 0.603011 1.634460 -0.188419
v 0.619923 1.633250 -0.160898
v 0.619897 1.634307 -0.193695
v 0.609848 1.636037 -0.223820
v 0.593236 1.635997 -0.217724
v 0.611363 1.633421 -0.158677
v 0.628483 1.633128 -0.163120
v 0.636374 1.633773 -0.068477
v 0.632412 1.632960 -0.099537
v 0.627587 1.633952 -0.067531
v 0.638773 1.635149 -0.037259
v 0.645161 1.633480 -0.069422
v 0.641145 1.632707 -0.100911
v 0.623680 1.633157 -0.098163
v 0.629953 1.635291 -0.036744
v 0.647593 1.634831 -0.037773
v 0.577094 1.637385 -0.180321
v 0.567739 1.639382 -0.208366
v 0.566885 1.639041 -0.177131
v 0.585087 1.635834 -0.151857
v 0.586126 1.635954 -0.183143
v 0.576625 1.637688 -0.211627
v 0.557696 1.641341 -0.204680
v 0.574737 1.637185 -0.149171
v 0.594244 1.634677 -0.154234
v 0.600614 1.634733 -0.064629
v 0.596875 1.634500 -0.093944
v 0.589988 1.635216 -0.063485
v 0.602878 1.635449 -0.035165
v 0.610013 1.634374 -0.065640
v 0.606216 1.633876 -0.095414
v 0.586316 1.635269 -0.092282
v 0.592213 1.635621 -0.034543
v 0.612314 1.635373 -0.035715
v 0.645225 1.632787 -0.201609
v 0.636782 1.633610 -0.198971
v 0.654162 1.631423 -0.169785
v 0.653668 1.631760 -0.204247
v 0.634766 1.634747 -0.232965
v 0.626460 1.635543 -0.229917
v 0.645602 1.632264 -0.167563
v 0.662721 1.630432 -0.172007
v 0.643072 1.633687 -0.236014
v 0.678996 1.628216 -0.212161
v 0.670553 1.629428 -0.209523
v 0.688400 1.627389 -0.178671
v 0.687439 1.626986 -0.214799
v 0.667989 1.629645 -0.245159
v 0.659683 1.631084 -0.242110
v 0.679841 1.628374 -0.176450
v 0.696960 1.626423 -0.180893
v 0.676295 1.628151 -0.248207
v 0.671521 1.631161 -0.072259
v 0.662734 1.632154 -0.071313
v 0.674053 1.632241 -0.039316
v 0.680308 1.630132 -0.073204
v 0.667341 1.630623 -0.105034
v 0.658609 1.631541 -0.103660
v 0.665233 1.633338 -0.038802
v 0.682873 1.631127 -0.039831
v 0.676073 1.629642 -0.106409
v 0.706668 1.628032 -0.076041
v 0.697882 1.628529 -0.075095
v 0.709333 1.629055 -0.041374
v 0.715455 1.627658 -0.076986
v 0.702269 1.627361 -0.110532
v 0.693537 1.627973 -0.109158
v 0.700513 1.629491 -0.040860
v 0.718153 1.628772 -0.041889
v 0.711002 1.626837 -0.111906
v -0.645193 1.656965 -0.189597
v -0.634729 1.659072 -0.221148
v -0.653636 1.655790 -0.192077
v -0.654135 1.654901 -0.157606
v -0.636751 1.657596 -0.187116
v -0.626423 1.659551 -0.218254
v -0.643034 1.658026 -0.224041
v -0.662694 1.653600 -0.159668
v -0.645576 1.655689 -0.155544
v -0.671511 1.647969 -0.059756
v -0.667325 1.650407 -0.092610
v -0.680297 1.646590 -0.060538
v -0.674048 1.645559 -0.026767
v -0.662724 1.648976 -0.058974
v -0.658593 1.651396 -0.091398
v -0.676057 1.648993 -0.093822
v -0.682868 1.644262 -0.027117
v -0.665228 1.646536 -0.026416
v -0.678963 1.651076 -0.199520
v -0.667951 1.653441 -0.232723
v -0.687405 1.649387 -0.202001
v -0.688372 1.648788 -0.165855
v -0.670520 1.652721 -0.197039
v -0.659645 1.655087 -0.229829
v -0.676256 1.651725 -0.235616
v -0.696932 1.647139 -0.167917
v -0.679813 1.650419 -0.163793
v -0.706657 1.642291 -0.062884
v -0.702253 1.644376 -0.097457
v -0.715444 1.640982 -0.063666
v -0.709327 1.640358 -0.028168
v -0.697871 1.643647 -0.062102
v -0.693521 1.645863 -0.096245
v -0.710985 1.642920 -0.098669
v -0.718147 1.639203 -0.028518
v -0.700508 1.641568 -0.027817
v -0.611424 1.654418 -0.179673
v -0.619866 1.656323 -0.182154
v -0.619898 1.653039 -0.149357
v -0.602982 1.651968 -0.177192
v -0.601507 1.655910 -0.209573
v -0.609813 1.657963 -0.212467
v -0.628457 1.654768 -0.151419
v -0.611338 1.650759 -0.147295
v -0.593202 1.653324 -0.206679
v -0.577066 1.643505 -0.169577
v -0.586097 1.646338 -0.172230
v -0.585064 1.642704 -0.140964
v -0.566857 1.640818 -0.166577
v -0.567706 1.644544 -0.197796
v -0.576591 1.647467 -0.200892
v -0.594220 1.645420 -0.143170
v -0.574713 1.640117 -0.138470
v -0.557663 1.641782 -0.194297
v -0.636364 1.647858 -0.056629
v -0.645150 1.648947 -0.057410
v -0.638768 1.645774 -0.025366
v -0.627577 1.646291 -0.055847
v -0.632397 1.649819 -0.087763
v -0.641129 1.651126 -0.088974
v -0.647588 1.646668 -0.025716
v -0.629948 1.644461 -0.025015
v -0.623665 1.647990 -0.086551
v -0.600604 1.640447 -0.053446
v -0.610004 1.642439 -0.054283
v -0.602874 1.639603 -0.023940
v -0.589979 1.638559 -0.052501
v -0.596861 1.641246 -0.082831
v -0.606202 1.643547 -0.084127
v -0.612309 1.641239 -0.024315
v -0.592209 1.638092 -0.023517
v -0.586302 1.639048 -0.081366
v -0.563395 1.662498 -0.296054
v -0.577463 1.660042 -0.267835
v -0.555616 1.659689 -0.291966
v -0.548003 1.664705 -0.323569
v -0.571175 1.664760 -0.300142
v -0.585437 1.662274 -0.271533
v -0.569490 1.657273 -0.264137
v -0.540437 1.661899 -0.319101
v -0.555570 1.666956 -0.328036
v -0.494177 1.666447 -0.401168
v -0.513364 1.666833 -0.376198
v -0.487354 1.663998 -0.395629
v -0.473785 1.665196 -0.425147
v -0.501001 1.668449 -0.406708
v -0.520453 1.668954 -0.381392
v -0.506276 1.664204 -0.371003
v -0.467243 1.662985 -0.419277
v -0.480326 1.667044 -0.431018
v -0.531736 1.650080 -0.279418
v -0.545014 1.647911 -0.252785
v -0.522329 1.647007 -0.274475
v -0.517209 1.652172 -0.305386
v -0.540058 1.653304 -0.283791
v -0.553543 1.651032 -0.256741
v -0.535372 1.644954 -0.248313
v -0.508059 1.649013 -0.299984
v -0.525303 1.655461 -0.310166
v -0.466408 1.655341 -0.378625
v -0.484517 1.654917 -0.355058
v -0.458157 1.652407 -0.371927
v -0.447161 1.655229 -0.401257
v -0.473707 1.658322 -0.384551
v -0.492099 1.658100 -0.360615
v -0.475945 1.651810 -0.348777
v -0.439250 1.652571 -0.394158
v -0.454159 1.657907 -0.407536
v -0.594512 1.666460 -0.312405
v -0.586733 1.666755 -0.308317
v -0.578270 1.668678 -0.341440
v -0.602291 1.665557 -0.316493
v -0.609357 1.663913 -0.282628
v -0.601384 1.664225 -0.278930
v -0.570703 1.668955 -0.336972
v -0.585836 1.667799 -0.345907
v -0.617330 1.663000 -0.286326
v -0.625629 1.660977 -0.328757
v -0.617850 1.662692 -0.324669
v -0.608536 1.663272 -0.359311
v -0.633408 1.659149 -0.332844
v -0.641251 1.658465 -0.297421
v -0.633277 1.660153 -0.293723
v -0.600970 1.664973 -0.354843
v -0.616103 1.661454 -0.363778
v -0.649224 1.656672 -0.301119
v -0.521471 1.670623 -0.423325
v -0.514648 1.670543 -0.417786
v -0.499952 1.669533 -0.448628
v -0.528294 1.670229 -0.428864
v -0.541718 1.670885 -0.396975
v -0.534630 1.670987 -0.391781
v -0.493410 1.669219 -0.442758
v -0.506494 1.669457 -0.454499
v -0.548806 1.670245 -0.402170
v -0.548765 1.667414 -0.445482
v -0.541941 1.668533 -0.439943
v -0.526119 1.667781 -0.472109
v -0.555588 1.666186 -0.451021
v -0.570071 1.666558 -0.417753
v -0.562983 1.667976 -0.412559
v -0.519578 1.668508 -0.466239
v -0.532661 1.666952 -0.477980
v -0.577160 1.665028 -0.422948
v 0.645194 1.643500 0.189596
v 0.634729 1.644107 0.221147
v 0.653636 1.640876 0.192077
v 0.654135 1.642768 0.157606
v 0.636751 1.645973 0.187115
v 0.626424 1.646803 0.218254
v 0.643035 1.641211 0.224041
v 0.662695 1.640414 0.159668
v 0.645576 1.645006 0.155543
v 0.671511 1.637923 0.059756
v 0.667325 1.639971 0.092610
v 0.680297 1.636313 0.060538
v 0.674048 1.635781 0.026767
v 0.662724 1.639496 0.058974
v 0.658593 1.641751 0.091398
v 0.676057 1.638132 0.093821
v 0.682868 1.634373 0.027117
v 0.665228 1.637169 0.026416
v 0.678963 1.634943 0.199520
v 0.667951 1.634345 0.232722
v 0.687405 1.633645 0.202001
v 0.688373 1.635325 0.165855
v 0.670521 1.636496 0.197039
v 0.659645 1.636218 0.229829
v 0.676256 1.632722 0.235616
v 0.696932 1.634301 0.167917
v 0.679813 1.636601 0.163792
v 0.706657 1.633294 0.062884
v 0.702253 1.634508 0.097457
v 0.715444 1.632873 0.063666
v 0.709327 1.631835 0.028168
v 0.697871 1.633934 0.062102
v 0.693521 1.635327 0.096245
v 0.710985 1.633922 0.098669
v 0.718147 1.631526 0.028518
v 0.700508 1.632345 0.027817
v 0.611424 1.649552 0.179673
v 0.619867 1.649147 0.182154
v 0.619898 1.648273 0.149357
v 0.602982 1.649213 0.177192
v 0.601507 1.650597 0.209573
v 0.609813 1.650198 0.212466
v 0.628457 1.647898 0.151419
v 0.611339 1.647972 0.147294
v 0.593202 1.650195 0.206679
v 0.577066 1.644289 0.169576
v 0.586097 1.646446 0.172230
v 0.585064 1.643505 0.140964
v 0.566857 1.641934 0.166576
v 0.567707 1.644895 0.197796
v 0.576591 1.647188 0.200891
v 0.594220 1.645467 0.143170
v 0.574714 1.641350 0.138470
v 0.557664 1.642428 0.194297
v 0.636364 1.641907 0.056628
v 0.645150 1.641585 0.057410
v 0.638768 1.639368 0.025366
v 0.627577 1.641810 0.055846
v 0.632397 1.644403 0.087762
v 0.641129 1.644080 0.088974
v 0.647588 1.639040 0.025716
v 0.629948 1.639365 0.025015
v 0.623665 1.644215 0.086551
v 0.600604 1.639540 0.053446
v 0.610004 1.640535 0.054283
v 0.602874 1.637977 0.023940
v 0.589979 1.638488 0.052501
v 0.596861 1.641089 0.082831
v 0.606202 1.642459 0.084127
v 0.612309 1.638585 0.024315
v 0.592209 1.637372 0.023517
v 0.586302 1.639604 0.081365
v 0.563396 1.653544 0.296054
v 0.577463 1.652594 0.267835
v 0.555616 1.652574 0.291966
v 0.548003 1.654254 0.323569
v 0.571175 1.653611 0.300142
v 0.585437 1.652431 0.271533
v 0.569490 1.651876 0.264137
v 0.540437 1.653012 0.319101
v 0.555570 1.654586 0.328036
v 0.494177 1.653716 0.401168
v 0.513365 1.654337 0.376198
v 0.487354 1.651788 0.395629
v 0.473785 1.652868 0.425147
v 0.501001 1.654782 0.406708
v 0.520453 1.655184 0.381392
v 0.506276 1.652603 0.371003
v 0.467243 1.650774 0.419277
v 0.480327 1.654126 0.431017
v 0.531736 1.646245 0.279418
v 0.545014 1.645883 0.252784
v 0.522330 1.643922 0.274474
v 0.517209 1.646393 0.305386
v 0.540058 1.648674 0.283790
v 0.553543 1.648305 0.256741
v 0.535372 1.643442 0.248313
v 0.508059 1.644228 0.299984
v 0.525303 1.648794 0.310165
v 0.466408 1.644774 0.378625
v 0.484517 1.645656 0.355058
v 0.458157 1.643133 0.371927
v 0.447161 1.643685 0.401257
v 0.473707 1.646965 0.384551
v 0.492099 1.647924 0.360614
v 0.475945 1.643854 0.348777
v 0.439250 1.642158 0.394158
v 0.454159 1.645821 0.407536
v 0.594512 1.647125 0.312405
v 0.586733 1.650294 0.308317
v 0.578270 1.648281 0.341439
v 0.602291 1.643485 0.316493
v 0.609357 1.645905 0.282628
v 0.601384 1.648957 0.278930
v 0.570703 1.651518 0.336972
v 0.585837 1.644462 0.345907
v 0.617331 1.642489 0.286326
v 0.625629 1.633266 0.328756
v 0.617850 1.636396 0.324669
v 0.608536 1.633172 0.359310
v 0.633408 1.630302 0.332844
v 0.641251 1.633434 0.297420
v 0.633277 1.636112 0.293722
v 0.600970 1.636731 0.354843
v 0.616103 1.629736 0.363778
v 0.649224 1.630960 0.301119
v 0.521471 1.649592 0.423325
v 0.514648 1.652712 0.417786
v 0.499952 1.649381 0.448628
v 0.528295 1.645641 0.428864
v 0.541718 1.649559 0.396975
v 0.534630 1.652765 0.391781
v 0.493410 1.652393 0.442758
v 0.506494 1.645490 0.454498
v 0.548806 1.645587 0.402170
v 0.548765 1.632584 0.445482
v 0.541941 1.636928 0.439943
v 0.526119 1.632283 0.472109
v 0.555588 1.628243 0.451021
v 0.570072 1.632857 0.417753
v 0.562983 1.637034 0.412559
v 0.519578 1.636727 0.466239
v 0.532661 1.627813 0.477980
v 0.577160 1.628719 0.422947
v -0.317878 1.649630 -0.591604
v -0.288239 1.646795 -0.606723
v -0.322037 1.651471 -0.599345
v -0.346761 1.652514 -0.575095
v -0.313718 1.648154 -0.583863
v -0.284467 1.645560 -0.598784
v -0.292010 1.648456 -0.614662
v -0.351299 1.654408 -0.582620
v -0.342224 1.650909 -0.567570
v -0.428119 1.662078 -0.517543
v -0.401957 1.658810 -0.538032
v -0.433721 1.663243 -0.524315
v -0.453223 1.665112 -0.495791
v -0.422517 1.660868 -0.510771
v -0.396698 1.657351 -0.530992
v -0.407217 1.660348 -0.545072
v -0.459153 1.665847 -0.502278
v -0.447292 1.664206 -0.489304
v -0.334516 1.658174 -0.622569
v -0.303325 1.655065 -0.638479
v -0.338675 1.660605 -0.630310
v -0.364911 1.660814 -0.605195
v -0.330356 1.655816 -0.614828
v -0.299554 1.652669 -0.630540
v -0.307097 1.657577 -0.646418
v -0.369448 1.663040 -0.612720
v -0.360373 1.658622 -0.597670
v -0.450527 1.666193 -0.544631
v -0.422996 1.664812 -0.566192
v -0.456129 1.667027 -0.551403
v -0.476944 1.667153 -0.521741
v -0.444925 1.665303 -0.537859
v -0.417736 1.663377 -0.559152
v -0.428255 1.666215 -0.573233
v -0.482875 1.667387 -0.528228
v -0.471014 1.666844 -0.515253
v -0.301240 1.646780 -0.560640
v -0.305400 1.646738 -0.568381
v -0.328612 1.648713 -0.544994
v -0.297081 1.647154 -0.552899
v -0.273152 1.645155 -0.574968
v -0.276924 1.644763 -0.582906
v -0.333149 1.649006 -0.552519
v -0.324074 1.648720 -0.537469
v -0.269381 1.645885 -0.567029
v -0.284312 1.649028 -0.529135
v -0.288762 1.648388 -0.537416
v -0.310146 1.649505 -0.514369
v -0.279283 1.649557 -0.519775
v -0.257803 1.648723 -0.542658
v -0.261838 1.647788 -0.551151
v -0.315000 1.649211 -0.522419
v -0.304659 1.649718 -0.505270
v -0.253242 1.649518 -0.533058
v -0.405711 1.657256 -0.490455
v -0.411313 1.658443 -0.497227
v -0.429501 1.660401 -0.469841
v -0.400109 1.656076 -0.483683
v -0.380919 1.654045 -0.509871
v -0.386178 1.654955 -0.516912
v -0.435431 1.661839 -0.476329
v -0.423571 1.658835 -0.463354
v -0.375659 1.653268 -0.502831
v -0.382913 1.652505 -0.462894
v -0.388906 1.653710 -0.470139
v -0.405366 1.653685 -0.443439
v -0.376139 1.651271 -0.454705
v -0.359514 1.651295 -0.481220
v -0.365140 1.651936 -0.488751
v -0.411710 1.655450 -0.450379
v -0.398194 1.651902 -0.435595
v -0.353154 1.650612 -0.472707
v -0.185307 1.640981 -0.609740
v -0.215114 1.642282 -0.599548
v -0.182749 1.642760 -0.601321
v -0.155071 1.639881 -0.618493
v -0.187866 1.639470 -0.618159
v -0.218085 1.641150 -0.607826
v -0.212144 1.643714 -0.591270
v -0.152930 1.641999 -0.609954
v -0.157212 1.637995 -0.627033
v -0.062498 1.638596 -0.635814
v -0.093595 1.638611 -0.631561
v -0.061635 1.641654 -0.627035
v -0.031259 1.639086 -0.638507
v -0.063361 1.635707 -0.644593
v -0.094887 1.636029 -0.640281
v -0.092302 1.641377 -0.622841
v -0.030828 1.642400 -0.629691
v -0.031691 1.635931 -0.647324
v -0.174894 1.648233 -0.575477
v -0.203026 1.648316 -0.565857
v -0.171800 1.649761 -0.565296
v -0.146357 1.648361 -0.583738
v -0.177631 1.646503 -0.584483
v -0.206204 1.646852 -0.574713
v -0.199435 1.649592 -0.555847
v -0.143768 1.650161 -0.573412
v -0.148647 1.646351 -0.592874
v -0.058986 1.650890 -0.600086
v -0.088335 1.649647 -0.596071
v -0.057943 1.653669 -0.589470
v -0.029503 1.652520 -0.602627
v -0.059910 1.647897 -0.609477
v -0.089718 1.646995 -0.605400
v -0.086772 1.652084 -0.585526
v -0.028981 1.655609 -0.591967
v -0.029964 1.649211 -0.612059
v -0.195542 1.637897 -0.643417
v -0.192983 1.637864 -0.634998
v -0.163635 1.635061 -0.652653
v -0.198101 1.638454 -0.651836
v -0.226995 1.640900 -0.632662
v -0.224025 1.640408 -0.624383
v -0.161494 1.635510 -0.644113
v -0.165777 1.635145 -0.661193
v -0.229966 1.641895 -0.640940
v -0.205777 1.642914 -0.677093
v -0.203218 1.641034 -0.668674
v -0.172200 1.638497 -0.686813
v -0.208335 1.645029 -0.685512
v -0.238876 1.647321 -0.665775
v -0.235906 1.645182 -0.657497
v -0.170059 1.636928 -0.678273
v -0.174341 1.640335 -0.695353
v -0.241846 1.649657 -0.674053
v -0.065950 1.629004 -0.670931
v -0.065087 1.630821 -0.662152
v -0.032986 1.628171 -0.673773
v -0.066813 1.627718 -0.679710
v -0.098764 1.630492 -0.666442
v -0.097472 1.631881 -0.657722
v -0.032554 1.630382 -0.664956
v -0.033417 1.626482 -0.682589
v -0.100056 1.629639 -0.675163
v -0.069402 1.627639 -0.706047
v -0.068539 1.627081 -0.697268
v -0.034712 1.625351 -0.709038
v -0.070265 1.628548 -0.714826
v -0.103933 1.630671 -0.701324
v -0.102641 1.629781 -0.692603
v -0.034280 1.625110 -0.700221
v -0.035144 1.625964 -0.717854
v -0.105225 1.631889 -0.710044
v 0.317878 1.647834 0.591604
v 0.288239 1.647781 0.606723
v 0.322038 1.644145 0.599345
v 0.346761 1.647867 0.575095
v 0.313719 1.650611 0.583863
v 0.284467 1.650621 0.598784
v 0.292011 1.644060 0.614662
v 0.351299 1.644215 0.582620
v 0.342224 1.650583 0.567569
v 0.428119 1.648391 0.517543
v 0.401957 1.648128 0.538032
v 0.433721 1.644708 0.524315
v 0.453223 1.648707 0.495791
v 0.422517 1.651120 0.510771
v 0.396698 1.650812 0.530992
v 0.407217 1.644484 0.545072
v 0.459153 1.644963 0.502278
v 0.447292 1.651510 0.489304
v 0.334516 1.631115 0.622569
v 0.303325 1.631067 0.638479
v 0.338675 1.626586 0.630310
v 0.364911 1.631178 0.605195
v 0.330356 1.635575 0.614828
v 0.299554 1.635498 0.630540
v 0.307097 1.626575 0.646418
v 0.369448 1.626622 0.612720
v 0.360373 1.635655 0.597670
v 0.450527 1.631548 0.544631
v 0.422996 1.631388 0.566192
v 0.456129 1.626949 0.551403
v 0.476944 1.631748 0.521741
v 0.444925 1.636067 0.537859
v 0.417736 1.635896 0.559152
v 0.428255 1.626795 0.573232
v 0.482875 1.627163 0.528228
v 0.471014 1.636266 0.515253
v 0.301240 1.650382 0.560640
v 0.305400 1.651881 0.568381
v 0.328612 1.650019 0.544994
v 0.297081 1.647984 0.552898
v 0.273153 1.650800 0.574967
v 0.276924 1.652142 0.582906
v 0.333149 1.651642 0.552519
v 0.324074 1.647525 0.537469
v 0.269381 1.648533 0.567028
v 0.284313 1.639252 0.529135
v 0.288762 1.642067 0.537416
v 0.310146 1.638911 0.514369
v 0.279283 1.636949 0.519774
v 0.257803 1.639722 0.542658
v 0.261838 1.642650 0.551150
v 0.315000 1.641611 0.522419
v 0.304659 1.636774 0.505269
v 0.253242 1.637244 0.533058
v 0.405712 1.650471 0.490454
v 0.411313 1.652125 0.497227
v 0.429501 1.651134 0.469841
v 0.400110 1.648003 0.483682
v 0.380919 1.650024 0.509871
v 0.386179 1.651727 0.516911
v 0.435431 1.652692 0.476329
v 0.423571 1.648767 0.463354
v 0.375659 1.647493 0.502831
v 0.382913 1.640195 0.462894
v 0.388906 1.642496 0.470138
v 0.405366 1.641282 0.443439
v 0.376139 1.638554 0.454705
v 0.359514 1.639353 0.481220
v 0.365140 1.641791 0.488751
v 0.411710 1.643473 0.450379
v 0.398195 1.639755 0.435594
v 0.353154 1.637555 0.472707
v 0.185308 1.651215 0.609740
v 0.215115 1.651245 0.599548
v 0.182749 1.649414 0.601321
v 0.155071 1.651128 0.618493
v 0.187866 1.652026 0.618159
v 0.218085 1.652230 0.607826
v 0.212144 1.649288 0.591270
v 0.152930 1.649472 0.609953
v 0.157212 1.651782 0.627033
v 0.062498 1.651213 0.635814
v 0.093595 1.651121 0.631561
v 0.061636 1.649836 0.627035
v 0.031259 1.651271 0.638507
v 0.063361 1.651576 0.644593
v 0.094887 1.651545 0.640281
v 0.092302 1.649682 0.622840
v 0.030828 1.649925 0.629691
v 0.031691 1.651615 0.647323
v 0.174894 1.640325 0.575477
v 0.203026 1.640306 0.565857
v 0.171800 1.637219 0.565296
v 0.146357 1.640284 0.583738
v 0.177632 1.643663 0.584483
v 0.206204 1.643498 0.574713
v 0.199435 1.637420 0.555847
v 0.143768 1.636973 0.573411
v 0.148647 1.643758 0.592873
v 0.058986 1.640554 0.600085
v 0.088335 1.640382 0.596071
v 0.057943 1.636915 0.589470
v 0.029503 1.640729 0.602627
v 0.059910 1.644241 0.609477
v 0.089718 1.644042 0.605399
v 0.086772 1.636791 0.585526
v 0.028981 1.637111 0.591966
v 0.029964 1.644392 0.612058
v 0.195542 1.647000 0.643417
v 0.192984 1.649860 0.634998
v 0.163635 1.646657 0.652653
v 0.198101 1.643385 0.651836
v 0.226995 1.647355 0.632661
v 0.224025 1.650242 0.624383
v 0.161494 1.649474 0.644113
v 0.165777 1.643126 0.661193
v 0.229966 1.643670 0.640940
v 0.205777 1.630945 0.677093
v 0.203218 1.635183 0.668674
v 0.172200 1.630950 0.686813
v 0.208335 1.626653 0.685512
v 0.238876 1.630977 0.665775
v 0.235906 1.635294 0.657496
v 0.170059 1.635110 0.678273
v 0.174341 1.626730 0.695353
v 0.241847 1.626607 0.674053
v 0.065950 1.646375 0.670931
v 0.065087 1.649065 0.662152
v 0.032986 1.646496 0.673772
v 0.066813 1.643042 0.679710
v 0.098764 1.646329 0.666442
v 0.097472 1.649058 0.657722
v 0.032554 1.649137 0.664956
v 0.033417 1.643214 0.682589
v 0.100056 1.642943 0.675163
v 0.069402 1.631345 0.706047
v 0.068539 1.635388 0.697268
v 0.034712 1.631564 0.709037
v 0.070265 1.627215 0.714826
v 0.103933 1.631152 0.701324
v 0.102641 1.635210 0.692603
v 0.034280 1.635612 0.700221
v 0.035144 1.627416 0.717854
v 0.105226 1.627018 0.710044
v 0.195646 1.633879 -0.647058
v 0.227098 1.634267 -0.636889
v 0.198206 1.631384 -0.655525
v 0.163741 1.633446 -0.655701
v 0.193086 1.636913 -0.638592
v 0.224126 1.637009 -0.628555
v 0.230069 1.632093 -0.645222
v 0.165883 1.630711 -0.664281
v 0.161598 1.636688 -0.647121
v 0.066059 1.630087 -0.672160
v 0.098872 1.631499 -0.668282
v 0.066923 1.627433 -0.680955
v 0.033094 1.628836 -0.674388
v 0.065194 1.633222 -0.663365
v 0.097578 1.634793 -0.659538
v 0.100165 1.628679 -0.677027
v 0.033527 1.626445 -0.683212
v 0.032661 1.631720 -0.665563
v 0.205886 1.628689 -0.680925
v 0.238984 1.630392 -0.670223
v 0.208446 1.629039 -0.689392
v 0.172311 1.627193 -0.690020
v 0.203326 1.628808 -0.672459
v 0.236012 1.630181 -0.661890
v 0.241956 1.631070 -0.678557
v 0.174454 1.627253 -0.698600
v 0.170168 1.627596 -0.681440
v 0.069516 1.623790 -0.707340
v 0.104046 1.624657 -0.703260
v 0.070381 1.623705 -0.716136
v 0.034827 1.623475 -0.709685
v 0.068652 1.624299 -0.698545
v 0.102753 1.625268 -0.694515
v 0.105340 1.624485 -0.712004
v 0.035260 1.623570 -0.718509
v 0.034394 1.623786 -0.700861
v 0.185406 1.647549 -0.613191
v 0.187966 1.643808 -0.621658
v 0.155171 1.647640 -0.621382
v 0.182846 1.651592 -0.604725
v 0.215211 1.647099 -0.603554
v 0.218183 1.643466 -0.611888
v 0.157313 1.643859 -0.629961
v 0.153028 1.651629 -0.612802
v 0.212240 1.651138 -0.595220
v 0.174987 1.665877 -0.578734
v 0.177726 1.660897 -0.587791
v 0.146451 1.665069 -0.586464
v 0.171892 1.670591 -0.568496
v 0.203118 1.666206 -0.569638
v 0.206297 1.660841 -0.578553
v 0.148743 1.660474 -0.595642
v 0.143860 1.669352 -0.576089
v 0.199525 1.671380 -0.559561
v 0.062601 1.643854 -0.636979
v 0.063466 1.640197 -0.645774
v 0.031362 1.641869 -0.639090
v 0.061737 1.647621 -0.628184
v 0.093697 1.645729 -0.633304
v 0.094990 1.641998 -0.642049
v 0.031795 1.638329 -0.647915
v 0.030929 1.645534 -0.630266
v 0.092403 1.649573 -0.624560
v 0.059083 1.659377 -0.601185
v 0.060008 1.655485 -0.610593
v 0.029600 1.656892 -0.603178
v 0.058038 1.662971 -0.590549
v 0.088432 1.661732 -0.597717
v 0.089815 1.657684 -0.607071
v 0.030063 1.653143 -0.612617
v 0.029076 1.660376 -0.592507
v 0.086867 1.665456 -0.587143
v 0.301331 1.646010 -0.566249
v 0.273246 1.646131 -0.580054
v 0.297170 1.649419 -0.558431
v 0.328700 1.646323 -0.551113
v 0.305492 1.643274 -0.574068
v 0.277019 1.643003 -0.588063
v 0.269473 1.649861 -0.572045
v 0.324162 1.649325 -0.543504
v 0.333239 1.644040 -0.558723
v 0.405791 1.650696 -0.498009
v 0.381002 1.648824 -0.516964
v 0.400188 1.652162 -0.491132
v 0.429577 1.652369 -0.477838
v 0.411394 1.649897 -0.504885
v 0.386263 1.647533 -0.524102
v 0.375741 1.650828 -0.509826
v 0.423646 1.653317 -0.471241
v 0.435509 1.652029 -0.484436
v 0.284398 1.665129 -0.534430
v 0.257891 1.665720 -0.547459
v 0.279367 1.671313 -0.524975
v 0.310229 1.664508 -0.520144
v 0.288849 1.659106 -0.542793
v 0.261927 1.659798 -0.556026
v 0.253329 1.671672 -0.537774
v 0.304741 1.670780 -0.510942
v 0.315084 1.658525 -0.528284
v 0.382988 1.663582 -0.470024
v 0.359592 1.663786 -0.487914
v 0.376213 1.669052 -0.461709
v 0.405438 1.663139 -0.450987
v 0.388982 1.658640 -0.477380
v 0.365220 1.658369 -0.495550
v 0.353231 1.669681 -0.479282
v 0.398265 1.668126 -0.443009
v 0.411783 1.658714 -0.458045
v 0.317974 1.637333 -0.597523
v 0.313813 1.638973 -0.589705
v 0.346854 1.639312 -0.581551
v 0.322135 1.636216 -0.605342
v 0.288337 1.635857 -0.612091
v 0.284564 1.637875 -0.604081
v 0.342316 1.640602 -0.573942
v 0.351393 1.638476 -0.589161
v 0.292110 1.634405 -0.620100
v 0.334617 1.637033 -0.628798
v 0.330456 1.636097 -0.620979
v 0.365009 1.639638 -0.611990
v 0.338777 1.638368 -0.636616
v 0.303429 1.634578 -0.644127
v 0.299656 1.633798 -0.636118
v 0.360470 1.638665 -0.604380
v 0.369547 1.640963 -0.619599
v 0.307202 1.635791 -0.652137
v 0.428203 1.648132 -0.525514
v 0.422600 1.648758 -0.518638
v 0.453303 1.650974 -0.504230
v 0.433806 1.647604 -0.532390
v 0.402045 1.644928 -0.545516
v 0.396784 1.645705 -0.538378
v 0.447372 1.651495 -0.497632
v 0.459235 1.650410 -0.510828
v 0.407306 1.644386 -0.552654
v 0.450615 1.647432 -0.553019
v 0.445012 1.647241 -0.546143
v 0.477029 1.649264 -0.530621
v 0.456218 1.647773 -0.559896
v 0.423088 1.645020 -0.574068
v 0.417827 1.644434 -0.566930
v 0.471098 1.649526 -0.524023
v 0.482961 1.649074 -0.537219
v 0.428348 1.645831 -0.581207
v -0.594563 1.636997 0.323474
v -0.609404 1.636202 0.293973
v -0.602343 1.635290 0.327707
v -0.578326 1.637745 0.352206
v -0.586784 1.638369 0.319242
v -0.601430 1.637352 0.290127
v -0.617378 1.634736 0.297820
v -0.585893 1.635775 0.356815
v -0.570758 1.639365 0.347598
v -0.521540 1.637852 0.433035
v -0.541783 1.638190 0.407062
v -0.528365 1.634965 0.438701
v -0.500025 1.637398 0.457937
v -0.514716 1.640385 0.427368
v -0.534694 1.640398 0.401735
v -0.548872 1.635623 0.412388
v -0.506568 1.634197 0.463929
v -0.493482 1.640252 0.451945
v -0.625683 1.629686 0.340405
v -0.641300 1.629861 0.309360
v -0.633463 1.627824 0.344638
v -0.608595 1.629411 0.370641
v -0.617903 1.631550 0.336172
v -0.633326 1.631486 0.305513
v -0.649274 1.628236 0.313207
v -0.616163 1.627312 0.375249
v -0.601028 1.631518 0.366032
v -0.548838 1.626327 0.455699
v -0.570140 1.627729 0.428367
v -0.555662 1.623622 0.461366
v -0.526197 1.624836 0.481905
v -0.542013 1.629097 0.450033
v -0.563051 1.630292 0.423041
v -0.577229 1.625206 0.433694
v -0.532739 1.621956 0.487897
v -0.519654 1.627806 0.475913
v -0.563444 1.639212 0.306544
v -0.571224 1.639427 0.310776
v -0.548056 1.640738 0.333772
v -0.555664 1.638859 0.302311
v -0.577507 1.637748 0.278587
v -0.585482 1.638071 0.282433
v -0.555624 1.640821 0.338381
v -0.540489 1.640468 0.329163
v -0.569533 1.637325 0.274740
v -0.531782 1.639472 0.289318
v -0.540105 1.638812 0.293846
v -0.517259 1.640981 0.315016
v -0.522375 1.640701 0.284200
v -0.545055 1.637964 0.262932
v -0.553585 1.637249 0.267047
v -0.525354 1.640424 0.319946
v -0.508108 1.642012 0.309443
v -0.535413 1.639321 0.258281
v -0.494243 1.643890 0.410370
v -0.501067 1.643418 0.416036
v -0.473854 1.644541 0.433969
v -0.487419 1.643950 0.404703
v -0.513426 1.643121 0.385756
v -0.520515 1.642855 0.391083
v -0.480397 1.643861 0.439961
v -0.467311 1.644722 0.427977
v -0.506337 1.643062 0.380430
v -0.466470 1.643653 0.387309
v -0.473770 1.643696 0.393371
v -0.447226 1.644035 0.409582
v -0.458217 1.643743 0.380458
v -0.484575 1.643111 0.364079
v -0.492158 1.642913 0.369777
v -0.454226 1.644338 0.415992
v -0.439315 1.643755 0.402337
v -0.476002 1.643559 0.357638
v -0.611454 1.635650 0.191057
v -0.601542 1.635859 0.220772
v -0.603011 1.635089 0.188419
v -0.619923 1.635934 0.160898
v -0.619897 1.636174 0.193695
v -0.609848 1.636334 0.223820
v -0.593236 1.635337 0.217724
v -0.611363 1.635333 0.158677
v -0.628483 1.636491 0.163120
v -0.636374 1.639642 0.068477
v -0.632413 1.637985 0.099537
v -0.627587 1.638843 0.067531
v -0.638773 1.641568 0.037259
v -0.645161 1.640249 0.069422
v -0.641145 1.638575 0.100911
v -0.623680 1.637274 0.098162
v -0.629954 1.640646 0.036744
v -0.647593 1.642220 0.037773
v -0.577094 1.635397 0.180321
v -0.567739 1.635835 0.208366
v -0.566885 1.636679 0.177131
v -0.585087 1.635327 0.151857
v -0.586126 1.634786 0.183143
v -0.576625 1.635139 0.211627
v -0.557696 1.637224 0.204680
v -0.574737 1.636410 0.149170
v -0.594244 1.634864 0.154233
v -0.600614 1.636901 0.064629
v -0.596875 1.636140 0.093944
v -0.589989 1.636811 0.063485
v -0.602879 1.637787 0.035165
v -0.610013 1.637338 0.065640
v -0.606216 1.636208 0.095414
v -0.586316 1.636520 0.092282
v -0.592213 1.637199 0.034543
v -0.612314 1.638626 0.035715
v -0.645225 1.635557 0.201609
v -0.636782 1.636182 0.198971
v -0.654162 1.636087 0.169785
v -0.653668 1.634675 0.204247
v -0.634766 1.635382 0.232965
v -0.626460 1.636152 0.229917
v -0.645602 1.636618 0.167563
v -0.662721 1.635315 0.172006
v -0.643072 1.634336 0.236014
v -0.678996 1.631589 0.212161
v -0.670553 1.632628 0.209523
v -0.688400 1.632589 0.178671
v -0.687439 1.630544 0.214799
v -0.667989 1.630749 0.245159
v -0.659683 1.631951 0.242110
v -0.679841 1.633507 0.176450
v -0.696960 1.631667 0.180893
v -0.676295 1.629541 0.248207
v -0.671521 1.639557 0.072259
v -0.662735 1.640217 0.071313
v -0.674053 1.641290 0.039316
v -0.680308 1.638664 0.073204
v -0.667341 1.638106 0.105034
v -0.658609 1.638661 0.103660
v -0.665233 1.642075 0.038802
v -0.682873 1.640256 0.039831
v -0.676073 1.637322 0.106409
v -0.706669 1.635890 0.076041
v -0.697882 1.636765 0.075095
v -0.709333 1.637163 0.041374
v -0.715455 1.635046 0.076986
v -0.702270 1.634747 0.110532
v -0.693537 1.635582 0.109157
v -0.700513 1.638119 0.040860
v -0.718153 1.636253 0.041889
v -0.711002 1.633925 0.111906
v -0.195646 1.644172 0.647058
v -0.227098 1.642942 0.636888
v -0.198206 1.641005 0.655525
v -0.163741 1.645270 0.655701
v -0.193086 1.646679 0.638591
v -0.224126 1.645627 0.628555
v -0.230069 1.639638 0.645222
v -0.165884 1.642196 0.664280
v -0.161599 1.647652 0.647121
v -0.066059 1.646776 0.672159
v -0.098872 1.646589 0.668282
v -0.066923 1.643688 0.680955
v -0.033095 1.646764 0.674387
v -0.065194 1.649174 0.663364
v -0.097578 1.648923 0.659537
v -0.100165 1.643549 0.677026
v -0.033528 1.643609 0.683212
v -0.032662 1.649252 0.665563
v -0.205886 1.629269 0.680925
v -0.238984 1.627837 0.670223
v -0.208447 1.624967 0.689392
v -0.172311 1.630502 0.690020
v -0.203326 1.633424 0.672458
v -0.236013 1.631960 0.661889
v -0.241956 1.623600 0.678557
v -0.174454 1.626156 0.698600
v -0.170169 1.634680 0.681440
v -0.069516 1.632059 0.707340
v -0.104047 1.631905 0.703260
v -0.070381 1.627764 0.716135
v -0.034827 1.631985 0.709685
v -0.068652 1.636197 0.698545
v -0.102753 1.636073 0.694515
v -0.105340 1.627564 0.712004
v -0.035260 1.627747 0.718509
v -0.034394 1.636087 0.700860
v -0.185406 1.648692 0.613191
v -0.187966 1.648967 0.621658
v -0.155171 1.649158 0.621381
v -0.182846 1.647639 0.604724
v -0.215212 1.648326 0.603554
v -0.218183 1.648359 0.611887
v -0.157313 1.649619 0.629961
v -0.153028 1.647909 0.612801
v -0.212240 1.647517 0.595220
v -0.174988 1.641291 0.578734
v -0.177726 1.643713 0.587791
v -0.146451 1.640968 0.586464
v -0.171892 1.638995 0.568496
v -0.203118 1.641786 0.569638
v -0.206297 1.644035 0.578553
v -0.148743 1.643576 0.595642
v -0.143860 1.638525 0.576089
v -0.199525 1.639608 0.559561
v -0.062601 1.650632 0.636979
v -0.063466 1.651153 0.645774
v -0.031362 1.650995 0.639090
v -0.061737 1.649217 0.628183
v -0.093697 1.650176 0.633304
v -0.094991 1.650752 0.642048
v -0.031795 1.651435 0.647914
v -0.030929 1.649616 0.630266
v -0.092403 1.648751 0.624560
v -0.059084 1.640803 0.601185
v -0.060008 1.644046 0.610593
v -0.029600 1.640852 0.603177
v -0.058038 1.637692 0.590549
v -0.088432 1.640765 0.597716
v -0.089816 1.643792 0.607071
v -0.030063 1.644286 0.612617
v -0.029076 1.637510 0.592507
v -0.086867 1.637901 0.587142
v -0.301331 1.648182 0.566249
v -0.273246 1.648111 0.580054
v -0.297171 1.648187 0.558430
v -0.328700 1.648195 0.551113
v -0.305492 1.647364 0.574067
v -0.277019 1.647570 0.588063
v -0.269473 1.647852 0.572044
v -0.324162 1.648422 0.543503
v -0.333239 1.647148 0.558723
v -0.405791 1.646800 0.498009
v -0.381002 1.647513 0.516964
v -0.400188 1.647246 0.491132
v -0.429578 1.645991 0.477838
v -0.411394 1.645627 0.504885
v -0.386263 1.646284 0.524102
v -0.375741 1.647964 0.509826
v -0.423646 1.646378 0.471241
v -0.435509 1.644942 0.484436
v -0.284398 1.644304 0.534429
v -0.257891 1.643368 0.547458
v -0.279367 1.642388 0.524975
v -0.310230 1.645108 0.520144
v -0.288849 1.646079 0.542793
v -0.261927 1.645299 0.556026
v -0.253329 1.641368 0.537773
v -0.304741 1.643297 0.510942
v -0.315085 1.646723 0.528284
v -0.382988 1.645353 0.470024
v -0.359592 1.645643 0.487914
v -0.376213 1.644110 0.461709
v -0.405438 1.644889 0.450987
v -0.388982 1.646391 0.477380
v -0.365220 1.646893 0.495550
v -0.353231 1.644162 0.479282
v -0.398266 1.643929 0.443009
v -0.411783 1.645698 0.458045
v -0.317974 1.639555 0.597523
v -0.313813 1.642964 0.589705
v -0.346855 1.638683 0.581551
v -0.322135 1.635679 0.605342
v -0.288337 1.640566 0.612090
v -0.284564 1.643727 0.604081
v -0.342316 1.642293 0.573942
v -0.351393 1.634651 0.589161
v -0.292110 1.636887 0.620100
v -0.334617 1.623522 0.628797
v -0.330456 1.627541 0.620979
v -0.365009 1.622457 0.611990
v -0.338777 1.619524 0.636616
v -0.303429 1.624849 0.644127
v -0.299656 1.628906 0.636118
v -0.360470 1.626416 0.604380
v -0.369548 1.618560 0.619599
v -0.307202 1.620765 0.652136
v -0.428203 1.637054 0.525514
v -0.422600 1.640658 0.518638
v -0.453303 1.636915 0.504230
v -0.433806 1.633102 0.532390
v -0.402045 1.637412 0.545516
v -0.396784 1.641129 0.538378
v -0.447372 1.640324 0.497632
v -0.459235 1.633165 0.510827
v -0.407306 1.633333 0.552654
v -0.450616 1.621793 0.553019
v -0.445013 1.625354 0.546143
v -0.477029 1.622444 0.530621
v -0.456219 1.618359 0.559896
v -0.423088 1.621554 0.574068
v -0.417827 1.625285 0.566930
v -0.471098 1.625813 0.524023
v -0.482961 1.619199 0.537219
v -0.428349 1.617941 0.581206
v -0.223479 1.646845 -0.415918
v -0.202642 1.647520 -0.426548
v -0.232280 1.647786 -0.432297
v -0.243785 1.646118 -0.404312
v -0.214678 1.645744 -0.399539
v -0.194662 1.646314 -0.409750
v -0.210622 1.648514 -0.443345
v -0.253385 1.647022 -0.420234
v -0.234185 1.645104 -0.388390
v -0.300982 1.642478 -0.363850
v -0.282590 1.643932 -0.378255
v -0.312835 1.643565 -0.378179
v -0.318631 1.640982 -0.348558
v -0.289130 1.641464 -0.349522
v -0.271461 1.642964 -0.363359
v -0.293718 1.644907 -0.393151
v -0.331179 1.642204 -0.362285
v -0.306083 1.639889 -0.334832
v -0.258392 1.649673 -0.480895
v -0.234299 1.650226 -0.493185
v -0.266323 1.649908 -0.495654
v -0.281870 1.649136 -0.467475
v -0.249881 1.649215 -0.465056
v -0.226582 1.649881 -0.476941
v -0.241491 1.650301 -0.508321
v -0.290521 1.649555 -0.481822
v -0.272586 1.648546 -0.452078
v -0.348003 1.647323 -0.420693
v -0.326737 1.647966 -0.437348
v -0.358684 1.648667 -0.433605
v -0.368409 1.646673 -0.403012
v -0.336541 1.646000 -0.406836
v -0.315976 1.646938 -0.422943
v -0.336765 1.648949 -0.450771
v -0.379716 1.648370 -0.415381
v -0.356275 1.645061 -0.389738
v -0.188276 1.641603 -0.350402
v -0.197077 1.643032 -0.366781
v -0.205383 1.641477 -0.340623
v -0.179475 1.640376 -0.334023
v -0.170721 1.641593 -0.359357
v -0.178701 1.643252 -0.376154
v -0.214984 1.642702 -0.356545
v -0.195783 1.640469 -0.324701
v -0.162741 1.640115 -0.342559
v -0.153224 1.639359 -0.285193
v -0.161874 1.639285 -0.301265
v -0.167139 1.640043 -0.277226
v -0.144877 1.639515 -0.269735
v -0.138945 1.638348 -0.292486
v -0.146781 1.638503 -0.308964
v -0.176582 1.639799 -0.292857
v -0.158008 1.640314 -0.262177
v -0.131398 1.638329 -0.276647
v -0.253571 1.638848 -0.306536
v -0.265424 1.639605 -0.320865
v -0.268440 1.637396 -0.293653
v -0.241718 1.638338 -0.292207
v -0.238076 1.640113 -0.318671
v -0.249204 1.640998 -0.333567
v -0.280987 1.638065 -0.307379
v -0.255892 1.636983 -0.279926
v -0.226947 1.639465 -0.303776
v -0.206335 1.638915 -0.249453
v -0.218012 1.638451 -0.263550
v -0.218433 1.637658 -0.238959
v -0.195008 1.639306 -0.235818
v -0.193729 1.639825 -0.259339
v -0.204690 1.639393 -0.273984
v -0.230796 1.637198 -0.252473
v -0.206440 1.638032 -0.225870
v -0.183105 1.640206 -0.245198
v -0.115818 1.642386 -0.381090
v -0.134447 1.641878 -0.374720
v -0.110404 1.639930 -0.363276
v -0.096920 1.643187 -0.386561
v -0.121232 1.644888 -0.398904
v -0.140732 1.644077 -0.392236
v -0.128163 1.639779 -0.357204
v -0.092389 1.640366 -0.368491
v -0.101450 1.646002 -0.404630
v -0.039062 1.647409 -0.397386
v -0.058497 1.645817 -0.394728
v -0.037236 1.643617 -0.378811
v -0.019537 1.648821 -0.399069
v -0.040888 1.651136 -0.415962
v -0.061231 1.649256 -0.413179
v -0.055763 1.642310 -0.376277
v -0.018624 1.644805 -0.380415
v -0.020450 1.652802 -0.417723
v -0.094274 1.634841 -0.310160
v -0.109434 1.635935 -0.304985
v -0.089194 1.633870 -0.293318
v -0.078894 1.634032 -0.314600
v -0.099577 1.636098 -0.327649
v -0.115594 1.636773 -0.322172
v -0.103524 1.635338 -0.288453
v -0.074651 1.632687 -0.297481
v -0.083329 1.635705 -0.332353
v -0.031799 1.634526 -0.323373
v -0.047620 1.633902 -0.321221
v -0.030095 1.632462 -0.305663
v -0.015905 1.635329 -0.324735
v -0.033584 1.637046 -0.341660
v -0.050294 1.636233 -0.339375
v -0.045066 1.631982 -0.303662
v -0.015053 1.633233 -0.306927
v -0.016797 1.637925 -0.343107
v -0.137473 1.650561 -0.452344
v -0.132059 1.649090 -0.434531
v -0.115041 1.652175 -0.458838
v -0.142887 1.651622 -0.470158
v -0.159586 1.649281 -0.444783
v -0.153301 1.647887 -0.427267
v -0.110511 1.650617 -0.440769
v -0.119572 1.653241 -0.476907
v -0.165870 1.650338 -0.462299
v -0.158949 1.652403 -0.523012
v -0.153714 1.652535 -0.505785
v -0.133014 1.653588 -0.530520
v -0.163828 1.651891 -0.539064
v -0.184517 1.651520 -0.514269
v -0.178439 1.651460 -0.497331
v -0.128633 1.653930 -0.513046
v -0.137096 1.652827 -0.546802
v -0.190180 1.651234 -0.530053
v -0.046365 1.659185 -0.471688
v -0.044539 1.657190 -0.453112
v -0.023190 1.661636 -0.473686
v -0.048191 1.660455 -0.490263
v -0.069434 1.656603 -0.468532
v -0.066700 1.654796 -0.450081
v -0.022277 1.659395 -0.455032
v -0.024103 1.663096 -0.492340
v -0.072169 1.657756 -0.486983
v -0.053609 1.659745 -0.545377
v -0.051843 1.660702 -0.527414
v -0.026813 1.662390 -0.547687
v -0.055254 1.658191 -0.562115
v -0.080282 1.657287 -0.541728
v -0.077638 1.658067 -0.523885
v -0.025930 1.663447 -0.529648
v -0.027636 1.660657 -0.564496
v -0.082746 1.655982 -0.558355
v 0.223479 1.642031 0.415918
v 0.202642 1.641539 0.426547
v 0.232280 1.640165 0.432297
v 0.243785 1.642676 0.404311
v 0.214679 1.644010 0.399539
v 0.194662 1.643791 0.409750
v 0.210622 1.639527 0.443345
v 0.253386 1.640918 0.420233
v 0.234185 1.644421 0.388389
v 0.300983 1.647168 0.363850
v 0.282590 1.645283 0.378255
v 0.312835 1.645514 0.378179
v 0.318631 1.649053 0.348558
v 0.289130 1.648474 0.349522
v 0.271461 1.646684 0.363359
v 0.293719 1.643630 0.393151
v 0.331179 1.647363 0.362285
v 0.306083 1.650332 0.334832
v 0.258392 1.635664 0.480895
v 0.234300 1.635277 0.493184
v 0.266323 1.635122 0.495654
v 0.281870 1.636130 0.467475
v 0.249882 1.636849 0.465055
v 0.226582 1.636284 0.476940
v 0.241491 1.634962 0.508321
v 0.290521 1.635374 0.481822
v 0.272586 1.637490 0.452077
v 0.348003 1.639681 0.420693
v 0.326737 1.638152 0.437348
v 0.358684 1.638331 0.433604
v 0.368409 1.641240 0.403011
v 0.336541 1.641554 0.406836
v 0.315976 1.639866 0.422943
v 0.336766 1.636979 0.450771
v 0.379716 1.639771 0.415381
v 0.356275 1.643225 0.389737
v 0.188276 1.650214 0.350402
v 0.197077 1.648223 0.366781
v 0.205383 1.649106 0.340623
v 0.179475 1.651833 0.334023
v 0.170721 1.651566 0.359357
v 0.178701 1.648957 0.376154
v 0.214984 1.647733 0.356545
v 0.195783 1.650072 0.324701
v 0.162741 1.653806 0.342559
v 0.153224 1.652586 0.285192
v 0.161874 1.653057 0.301264
v 0.167139 1.649234 0.277226
v 0.144877 1.651587 0.269735
v 0.138945 1.655853 0.292485
v 0.146781 1.656023 0.308963
v 0.176582 1.650136 0.292857
v 0.158008 1.647927 0.262176
v 0.131398 1.655023 0.276647
v 0.253571 1.649404 0.306536
v 0.265424 1.649662 0.320864
v 0.268440 1.650597 0.293652
v 0.241718 1.648520 0.292207
v 0.238076 1.648651 0.318671
v 0.249204 1.648440 0.333567
v 0.280987 1.651181 0.307379
v 0.255892 1.649294 0.279926
v 0.226947 1.648325 0.303775
v 0.206335 1.642031 0.249452
v 0.218012 1.644704 0.263550
v 0.218433 1.641127 0.238959
v 0.195008 1.639255 0.235818
v 0.193729 1.643735 0.259339
v 0.204690 1.645780 0.273983
v 0.230796 1.644392 0.252473
v 0.206440 1.637814 0.225869
v 0.183105 1.641503 0.245198
v 0.115818 1.654907 0.381090
v 0.134447 1.653961 0.374720
v 0.110404 1.658625 0.363276
v 0.096920 1.655900 0.386560
v 0.121232 1.650646 0.398903
v 0.140732 1.650209 0.392235
v 0.128163 1.657255 0.357204
v 0.092389 1.660000 0.368491
v 0.101450 1.651164 0.404630
v 0.039062 1.660334 0.397386
v 0.058497 1.658673 0.394728
v 0.037236 1.665444 0.378811
v 0.019537 1.661807 0.399069
v 0.040888 1.654366 0.415961
v 0.061231 1.653067 0.413179
v 0.055763 1.663474 0.376276
v 0.018624 1.667157 0.380415
v 0.020450 1.655577 0.417723
v 0.094274 1.662180 0.310159
v 0.109434 1.660670 0.304984
v 0.089194 1.660838 0.293318
v 0.078894 1.663523 0.314600
v 0.099576 1.662405 0.327649
v 0.115593 1.660734 0.322172
v 0.103524 1.659649 0.288453
v 0.074651 1.661797 0.297481
v 0.083329 1.663971 0.332352
v 0.031799 1.669150 0.323373
v 0.047620 1.667010 0.321221
v 0.030095 1.666503 0.305663
v 0.015905 1.671120 0.324735
v 0.033584 1.670069 0.341660
v 0.050294 1.667839 0.339374
v 0.045066 1.664588 0.303662
v 0.015053 1.668358 0.306927
v 0.016797 1.672050 0.343107
v 0.137473 1.639243 0.452344
v 0.132059 1.642527 0.434531
v 0.115041 1.638438 0.458838
v 0.142887 1.636568 0.470158
v 0.159586 1.640156 0.444783
v 0.153301 1.643070 0.427267
v 0.110511 1.642095 0.440768
v 0.119572 1.635498 0.476907
v 0.165870 1.637733 0.462299
v 0.158950 1.632872 0.523011
v 0.153714 1.633311 0.505785
v 0.133014 1.631876 0.530519
v 0.163828 1.633327 0.539063
v 0.184517 1.633895 0.514269
v 0.178439 1.634521 0.497330
v 0.128633 1.632153 0.513046
v 0.137096 1.632568 0.546802
v 0.190180 1.634087 0.530053
v 0.046365 1.638272 0.471687
v 0.044539 1.642882 0.453112
v 0.023190 1.638862 0.473685
v 0.048191 1.634616 0.490263
v 0.069434 1.637920 0.468532
v 0.066700 1.642266 0.450081
v 0.022277 1.643636 0.455031
v 0.024103 1.635080 0.492339
v 0.072169 1.634467 0.486983
v 0.053609 1.630670 0.545377
v 0.051843 1.630770 0.527413
v 0.026813 1.630934 0.547687
v 0.055254 1.631701 0.562115
v 0.080282 1.630706 0.541728
v 0.077638 1.630810 0.523885
v 0.025930 1.631077 0.529647
v 0.027636 1.631937 0.564496
v 0.082746 1.631697 0.558355
v 0.137546 1.673983 -0.454905
v 0.159658 1.677254 -0.447755
v 0.142963 1.677472 -0.472819
v 0.115116 1.671035 -0.460981
v 0.132129 1.669598 -0.436990
v 0.153370 1.672869 -0.430122
v 0.165945 1.680640 -0.465388
v 0.119649 1.674508 -0.479134
v 0.110582 1.666744 -0.442827
v 0.046442 1.666034 -0.472552
v 0.069510 1.667125 -0.469826
v 0.048270 1.668617 -0.491161
v 0.023267 1.665011 -0.474118
v 0.044613 1.662669 -0.453942
v 0.066773 1.663362 -0.451324
v 0.072248 1.670122 -0.488328
v 0.024183 1.667152 -0.492789
v 0.022350 1.662065 -0.455447
v 0.159034 1.679749 -0.525972
v 0.184600 1.681983 -0.517705
v 0.163915 1.677779 -0.542115
v 0.133099 1.677324 -0.532997
v 0.153796 1.680448 -0.508648
v 0.178520 1.683087 -0.500654
v 0.190266 1.679553 -0.533594
v 0.137185 1.675701 -0.549356
v 0.128716 1.677748 -0.515442
v 0.053697 1.670021 -0.546376
v 0.080369 1.672422 -0.543224
v 0.055345 1.668453 -0.563145
v 0.026901 1.667583 -0.548187
v 0.051928 1.670649 -0.528380
v 0.077722 1.672837 -0.525332
v 0.082836 1.670978 -0.559896
v 0.027727 1.665868 -0.565012
v 0.026015 1.668450 -0.530131
v 0.115880 1.654331 -0.383247
v 0.121296 1.659451 -0.401161
v 0.096982 1.652087 -0.388366
v 0.110463 1.649596 -0.365332
v 0.134508 1.657048 -0.377223
v 0.140795 1.662431 -0.394856
v 0.101516 1.656965 -0.406519
v 0.092449 1.647612 -0.370212
v 0.128221 1.652008 -0.359591
v 0.094324 1.640451 -0.311915
v 0.099630 1.642538 -0.329503
v 0.078945 1.639178 -0.316069
v 0.089242 1.639227 -0.294979
v 0.109483 1.641935 -0.307022
v 0.115646 1.644312 -0.324325
v 0.083382 1.641054 -0.333905
v 0.074699 1.638115 -0.298871
v 0.103570 1.640462 -0.290381
v 0.039126 1.649942 -0.398114
v 0.040955 1.654372 -0.416723
v 0.019602 1.650015 -0.399434
v 0.037297 1.645729 -0.379505
v 0.058561 1.649983 -0.395818
v 0.061298 1.654521 -0.414320
v 0.020518 1.654338 -0.418105
v 0.018685 1.645805 -0.380763
v 0.055823 1.645759 -0.377315
v 0.031851 1.637045 -0.323966
v 0.033639 1.639171 -0.342286
v 0.015957 1.636621 -0.325032
v 0.030144 1.635574 -0.306224
v 0.047672 1.637515 -0.322108
v 0.050349 1.639426 -0.340311
v 0.016853 1.638987 -0.343421
v 0.015102 1.634856 -0.307208
v 0.045115 1.636314 -0.304501
v 0.188333 1.665608 -0.353908
v 0.170779 1.662949 -0.362536
v 0.179530 1.659726 -0.337365
v 0.205439 1.667697 -0.344448
v 0.197136 1.671651 -0.370451
v 0.178762 1.668827 -0.379482
v 0.162797 1.657289 -0.345589
v 0.195836 1.661731 -0.328347
v 0.215042 1.673786 -0.360548
v 0.253621 1.668203 -0.311257
v 0.238127 1.669029 -0.323104
v 0.241766 1.663295 -0.296708
v 0.268487 1.666668 -0.298651
v 0.265476 1.673349 -0.325807
v 0.249258 1.674667 -0.338207
v 0.226996 1.663551 -0.308001
v 0.255937 1.662465 -0.284691
v 0.281038 1.671209 -0.312611
v 0.153271 1.647028 -0.288046
v 0.138992 1.645279 -0.295073
v 0.144921 1.644786 -0.272433
v 0.167183 1.648765 -0.280338
v 0.161923 1.650235 -0.304279
v 0.146831 1.648268 -0.311697
v 0.131443 1.643250 -0.279094
v 0.158051 1.646411 -0.265119
v 0.176630 1.652061 -0.296145
v 0.206375 1.653450 -0.253294
v 0.193772 1.652015 -0.262947
v 0.195047 1.651711 -0.239449
v 0.218472 1.654716 -0.243026
v 0.218055 1.655820 -0.267609
v 0.204734 1.654891 -0.277795
v 0.183145 1.649913 -0.248608
v 0.206477 1.653442 -0.229713
v 0.230837 1.656457 -0.256771
v 0.223547 1.686401 -0.420080
v 0.214743 1.682425 -0.403537
v 0.243851 1.688230 -0.408851
v 0.232350 1.689027 -0.436623
v 0.202711 1.683750 -0.430321
v 0.194728 1.679592 -0.413375
v 0.234248 1.684440 -0.392750
v 0.253454 1.690592 -0.424952
v 0.210694 1.686668 -0.447267
v 0.258470 1.686332 -0.485706
v 0.249957 1.688997 -0.469709
v 0.281946 1.686736 -0.472723
v 0.266403 1.682298 -0.500614
v 0.234380 1.685368 -0.497548
v 0.226660 1.687511 -0.481160
v 0.272660 1.689824 -0.457153
v 0.290600 1.682303 -0.487232
v 0.241573 1.681848 -0.512818
v 0.301042 1.686186 -0.369455
v 0.289187 1.682726 -0.354905
v 0.318688 1.683335 -0.354491
v 0.312897 1.688342 -0.384004
v 0.282651 1.688140 -0.383517
v 0.271520 1.684615 -0.368414
v 0.306138 1.679920 -0.340531
v 0.331238 1.685582 -0.368451
v 0.293782 1.690261 -0.398620
v 0.348072 1.684127 -0.427173
v 0.336607 1.687289 -0.413103
v 0.368475 1.682050 -0.409871
v 0.358755 1.679759 -0.440283
v 0.326808 1.685635 -0.443432
v 0.316044 1.688972 -0.428826
v 0.356338 1.684935 -0.396371
v 0.379784 1.678010 -0.422451
v 0.336839 1.681039 -0.457041
v -0.417999 1.668248 0.227414
v -0.428432 1.669054 0.206673
v -0.434460 1.662667 0.236369
v -0.406583 1.666263 0.247613
v -0.401538 1.673586 0.218458
v -0.411560 1.674442 0.198534
v -0.445304 1.663292 0.214812
v -0.422595 1.661084 0.257364
v -0.390572 1.671332 0.237862
v -0.366661 1.654497 0.304438
v -0.380892 1.659095 0.286178
v -0.381100 1.651384 0.316427
v -0.351535 1.649889 0.321946
v -0.352222 1.657882 0.292449
v -0.365892 1.663135 0.274909
v -0.395892 1.655208 0.297448
v -0.365379 1.647544 0.334624
v -0.337691 1.652615 0.309267
v -0.483300 1.648540 0.262941
v -0.495363 1.648104 0.238961
v -0.498134 1.645202 0.271011
v -0.470101 1.648575 0.286296
v -0.467382 1.652576 0.254281
v -0.479048 1.652546 0.231090
v -0.510567 1.644373 0.246295
v -0.484530 1.645763 0.295083
v -0.454618 1.652048 0.276867
v -0.423942 1.645447 0.351999
v -0.440397 1.646955 0.330887
v -0.436954 1.644556 0.362802
v -0.406453 1.643832 0.372241
v -0.409979 1.646809 0.340405
v -0.425891 1.649041 0.319988
v -0.453913 1.645408 0.341042
v -0.418928 1.643559 0.383666
v -0.393066 1.644510 0.359981
v -0.352154 1.683988 0.191591
v -0.368616 1.681716 0.200547
v -0.342537 1.682046 0.208609
v -0.335693 1.684970 0.182635
v -0.360944 1.684092 0.174118
v -0.377816 1.682201 0.182257
v -0.358549 1.679496 0.218360
v -0.326526 1.683398 0.198857
v -0.344072 1.684652 0.165979
v -0.286619 1.680141 0.155922
v -0.302771 1.682789 0.164724
v -0.278783 1.679657 0.169763
v -0.271084 1.677235 0.147429
v -0.293778 1.678869 0.141709
v -0.310328 1.681757 0.149701
v -0.294503 1.681979 0.179355
v -0.263649 1.677037 0.160491
v -0.277869 1.675782 0.134013
v -0.308904 1.667476 0.256482
v -0.323343 1.664623 0.268471
v -0.296160 1.661577 0.271232
v -0.294464 1.669592 0.244493
v -0.320893 1.673340 0.241099
v -0.335893 1.670523 0.252369
v -0.310004 1.658693 0.283910
v -0.282317 1.663903 0.258553
v -0.305893 1.675245 0.229829
v -0.251379 1.669340 0.208704
v -0.265585 1.670435 0.220515
v -0.241000 1.664881 0.220705
v -0.237639 1.667862 0.197248
v -0.261147 1.673815 0.196190
v -0.275894 1.675343 0.207289
v -0.254629 1.665522 0.233197
v -0.227798 1.663815 0.208588
v -0.246907 1.671931 0.185431
v -0.382161 1.672364 0.119411
v -0.375966 1.678100 0.137983
v -0.364297 1.671454 0.113829
v -0.387454 1.665514 0.100562
v -0.400025 1.672183 0.124993
v -0.393540 1.677288 0.144433
v -0.358392 1.677682 0.131533
v -0.369343 1.664185 0.095861
v -0.405565 1.665929 0.105263
v -0.397736 1.643493 0.042798
v -0.395260 1.650604 0.062211
v -0.379144 1.641832 0.040797
v -0.399235 1.637166 0.023286
v -0.416327 1.644862 0.044798
v -0.413736 1.651817 0.065119
v -0.376784 1.648890 0.059303
v -0.380574 1.635672 0.022198
v -0.417897 1.638560 0.024375
v -0.311031 1.664267 0.097198
v -0.305999 1.670667 0.112312
v -0.294143 1.661546 0.091960
v -0.315327 1.657171 0.081858
v -0.328570 1.667104 0.102666
v -0.323244 1.673659 0.118634
v -0.289412 1.667667 0.106245
v -0.298169 1.654849 0.077454
v -0.333121 1.659727 0.086460
v -0.323658 1.637590 0.034839
v -0.321654 1.643400 0.050642
v -0.305932 1.636917 0.032969
v -0.324870 1.632814 0.018956
v -0.341961 1.638699 0.036796
v -0.339832 1.645062 0.053487
v -0.304072 1.642139 0.047923
v -0.307055 1.632704 0.017936
v -0.343250 1.633362 0.020021
v -0.453616 1.663823 0.141738
v -0.435752 1.667799 0.136156
v -0.459898 1.659937 0.119365
v -0.471479 1.659211 0.147320
v -0.446262 1.666779 0.163783
v -0.428688 1.671463 0.157333
v -0.441787 1.663077 0.114664
v -0.478009 1.656136 0.124065
v -0.463836 1.661517 0.170233
v -0.524482 1.645459 0.163881
v -0.507207 1.649731 0.158483
v -0.531746 1.644218 0.138012
v -0.540579 1.641739 0.168911
v -0.515979 1.646510 0.189370
v -0.498985 1.651080 0.183132
v -0.514232 1.647997 0.133467
v -0.548066 1.640896 0.142248
v -0.531816 1.642576 0.195182
v -0.472103 1.644995 0.050800
v -0.453511 1.645658 0.048800
v -0.473883 1.640067 0.027641
v -0.490694 1.643859 0.052801
v -0.469164 1.650217 0.073843
v -0.450688 1.651642 0.070935
v -0.455221 1.640074 0.026552
v -0.492545 1.639707 0.028729
v -0.487640 1.648217 0.076751
v -0.545857 1.639369 0.058737
v -0.527878 1.640875 0.056802
v -0.547915 1.637703 0.031959
v -0.562610 1.638078 0.060539
v -0.542459 1.641107 0.085379
v -0.524592 1.643449 0.082567
v -0.529868 1.638395 0.030906
v -0.564731 1.637178 0.032940
v -0.559108 1.639046 0.087999
v -0.137546 1.640482 0.454904
v -0.159658 1.639784 0.447755
v -0.142963 1.638351 0.472819
v -0.115116 1.641030 0.460980
v -0.132130 1.643481 0.436990
v -0.153370 1.642447 0.430122
v -0.165945 1.638010 0.465388
v -0.119649 1.638548 0.479134
v -0.110582 1.644363 0.442827
v -0.046442 1.640833 0.472551
v -0.069510 1.641217 0.469825
v -0.048271 1.637374 0.491161
v -0.023267 1.640251 0.474118
v -0.044613 1.645222 0.453942
v -0.066773 1.645264 0.451323
v -0.072248 1.638054 0.488327
v -0.024183 1.636569 0.492789
v -0.022350 1.644908 0.455447
v -0.159034 1.635725 0.525971
v -0.184600 1.636205 0.517705
v -0.163915 1.636080 0.542114
v -0.133100 1.635222 0.532997
v -0.153796 1.636025 0.508648
v -0.178520 1.636298 0.500653
v -0.190266 1.636690 0.533594
v -0.137185 1.635509 0.549355
v -0.128716 1.635672 0.515441
v -0.053697 1.633003 0.546376
v -0.080369 1.633851 0.543224
v -0.055345 1.633573 0.563145
v -0.026901 1.632172 0.548187
v -0.051928 1.633439 0.528379
v -0.077722 1.634363 0.525331
v -0.082836 1.634256 0.559896
v -0.027727 1.632923 0.565011
v -0.026015 1.632502 0.530131
v -0.115880 1.658482 0.383247
v -0.121296 1.652744 0.401161
v -0.096982 1.659797 0.388365
v -0.110463 1.664037 0.365332
v -0.134508 1.656970 0.377223
v -0.140795 1.651276 0.394856
v -0.101516 1.654041 0.406519
v -0.092449 1.665225 0.370212
v -0.128221 1.662611 0.359590
v -0.094324 1.673298 0.311915
v -0.099630 1.671826 0.329503
v -0.078945 1.673204 0.316069
v -0.089242 1.673055 0.294979
v -0.109483 1.672959 0.307022
v -0.115646 1.671010 0.324325
v -0.083382 1.672281 0.333904
v -0.074699 1.672388 0.298871
v -0.103570 1.673231 0.290381
v -0.039126 1.662749 0.398114
v -0.040955 1.656593 0.416723
v -0.019602 1.663076 0.399433
v -0.037297 1.668182 0.379505
v -0.058561 1.661990 0.395817
v -0.061298 1.656023 0.414319
v -0.020518 1.656767 0.418105
v -0.018685 1.668571 0.380762
v -0.055823 1.667349 0.377315
v -0.031851 1.673342 0.323966
v -0.033639 1.673763 0.342286
v -0.015957 1.673239 0.325032
v -0.030144 1.671056 0.306224
v -0.047672 1.673183 0.322108
v -0.050349 1.673248 0.340311
v -0.016853 1.673924 0.343420
v -0.015102 1.670657 0.307208
v -0.045115 1.671304 0.304501
v -0.188333 1.651234 0.353907
v -0.170780 1.653204 0.362536
v -0.179530 1.656261 0.337364
v -0.205439 1.649639 0.344447
v -0.197137 1.646359 0.370450
v -0.178763 1.647936 0.379482
v -0.162797 1.658591 0.345589
v -0.195836 1.654222 0.328347
v -0.215042 1.645202 0.360548
v -0.253621 1.650114 0.311257
v -0.238128 1.648867 0.323104
v -0.241766 1.653362 0.296708
v -0.268488 1.652581 0.298651
v -0.265476 1.646779 0.325806
v -0.249259 1.645231 0.338207
v -0.226997 1.652528 0.308001
v -0.255937 1.655462 0.284691
v -0.281038 1.649476 0.312611
v -0.153271 1.666575 0.288046
v -0.138993 1.669519 0.295073
v -0.144921 1.667490 0.272433
v -0.167184 1.663515 0.280338
v -0.161923 1.664308 0.304279
v -0.146831 1.667153 0.311697
v -0.131443 1.670388 0.279094
v -0.158051 1.664348 0.265119
v -0.176630 1.661494 0.296145
v -0.206376 1.658521 0.253294
v -0.193772 1.659144 0.262946
v -0.195047 1.658605 0.239449
v -0.218472 1.659160 0.243026
v -0.218055 1.657722 0.267609
v -0.204735 1.657888 0.277795
v -0.183145 1.659540 0.248608
v -0.206477 1.658888 0.229713
v -0.230837 1.658843 0.256770
v -0.223547 1.637930 0.420079
v -0.214743 1.639524 0.403536
v -0.243851 1.637781 0.408851
v -0.232350 1.637217 0.436623
v -0.202711 1.638391 0.430321
v -0.194728 1.640334 0.413374
v -0.234248 1.639099 0.392750
v -0.253454 1.637309 0.424951
v -0.210694 1.637351 0.447267
v -0.258470 1.638110 0.485706
v -0.249957 1.637433 0.469708
v -0.281946 1.638833 0.472723
v -0.266403 1.639162 0.500613
v -0.234380 1.637390 0.497547
v -0.226660 1.636966 0.481160
v -0.272660 1.637964 0.457153
v -0.290600 1.640029 0.487232
v -0.241573 1.638252 0.512818
v -0.301042 1.640381 0.369454
v -0.289187 1.641727 0.354905
v -0.318688 1.642637 0.354491
v -0.312897 1.639694 0.384004
v -0.282652 1.638893 0.383517
v -0.271521 1.640067 0.368414
v -0.306138 1.644304 0.340531
v -0.331238 1.641544 0.368451
v -0.293783 1.638452 0.398620
v -0.348072 1.640626 0.427172
v -0.336608 1.639910 0.413103
v -0.368475 1.641356 0.409871
v -0.358755 1.641625 0.440283
v -0.326809 1.640053 0.443431
v -0.316045 1.639145 0.428826
v -0.356338 1.640970 0.396371
v -0.379784 1.642048 0.422451
v -0.336839 1.641240 0.457041
v 0.417999 1.655803 -0.227414
v 0.428432 1.652344 -0.206674
v 0.434460 1.657807 -0.236369
v 0.406583 1.659652 -0.247613
v 0.401538 1.653545 -0.218458
v 0.411560 1.650529 -0.198535
v 0.445304 1.654001 -0.214812
v 0.422595 1.661907 -0.257364
v 0.390572 1.657034 -0.237862
v 0.366661 1.672053 -0.304438
v 0.380892 1.667906 -0.286179
v 0.381100 1.674543 -0.316427
v 0.351535 1.676076 -0.321946
v 0.352221 1.668823 -0.292449
v 0.365892 1.664811 -0.274909
v 0.395892 1.670393 -0.297448
v 0.365379 1.678516 -0.334624
v 0.337691 1.672758 -0.309267
v 0.483300 1.657470 -0.262941
v 0.495363 1.653624 -0.238961
v 0.498134 1.655345 -0.271011
v 0.470101 1.661424 -0.286297
v 0.467382 1.658780 -0.254281
v 0.479048 1.654779 -0.231090
v 0.510567 1.651753 -0.246295
v 0.484529 1.659030 -0.295084
v 0.454618 1.662925 -0.276867
v 0.423942 1.672973 -0.351999
v 0.440397 1.669272 -0.330887
v 0.436954 1.669831 -0.362803
v 0.406453 1.676400 -0.372241
v 0.409979 1.675077 -0.340405
v 0.425891 1.671174 -0.319988
v 0.453913 1.666368 -0.341042
v 0.418928 1.673002 -0.383666
v 0.393066 1.678726 -0.359981
v 0.352155 1.650267 -0.191591
v 0.368616 1.650536 -0.200547
v 0.342537 1.652365 -0.208609
v 0.335693 1.650709 -0.182635
v 0.360944 1.648629 -0.174118
v 0.377816 1.648479 -0.182257
v 0.358549 1.653108 -0.218360
v 0.326526 1.652388 -0.198857
v 0.344072 1.649388 -0.165979
v 0.286619 1.655027 -0.155922
v 0.302771 1.653381 -0.164724
v 0.278783 1.656184 -0.169763
v 0.271084 1.656216 -0.147429
v 0.293778 1.653739 -0.141710
v 0.310328 1.652217 -0.149701
v 0.294503 1.654590 -0.179355
v 0.263649 1.657374 -0.160491
v 0.277869 1.654777 -0.134013
v 0.308903 1.659844 -0.256482
v 0.323343 1.662368 -0.268471
v 0.296160 1.662330 -0.271232
v 0.294464 1.657981 -0.244493
v 0.320893 1.657286 -0.241099
v 0.335893 1.659165 -0.252369
v 0.310004 1.665525 -0.283910
v 0.282317 1.659696 -0.258554
v 0.305893 1.656144 -0.229829
v 0.251379 1.657155 -0.208704
v 0.265585 1.656815 -0.220516
v 0.241000 1.656622 -0.220705
v 0.237639 1.657443 -0.197248
v 0.261147 1.657309 -0.196190
v 0.275894 1.656389 -0.207289
v 0.254629 1.656954 -0.233197
v 0.227798 1.656404 -0.208588
v 0.246907 1.658030 -0.185431
v 0.382161 1.647872 -0.119411
v 0.375966 1.647376 -0.137983
v 0.364297 1.649052 -0.113830
v 0.387454 1.649047 -0.100562
v 0.400025 1.646766 -0.124993
v 0.393540 1.646548 -0.144433
v 0.358392 1.648490 -0.131533
v 0.369343 1.650250 -0.095861
v 0.405565 1.647690 -0.105263
v 0.397736 1.655589 -0.042798
v 0.395260 1.653222 -0.062211
v 0.379144 1.656824 -0.040798
v 0.399236 1.657366 -0.023287
v 0.416328 1.653545 -0.044799
v 0.413736 1.651391 -0.065119
v 0.376784 1.654443 -0.059303
v 0.380574 1.658611 -0.022198
v 0.417897 1.655154 -0.024375
v 0.311031 1.650955 -0.097199
v 0.305999 1.651558 -0.112312
v 0.294143 1.650726 -0.091960
v 0.315327 1.650798 -0.081858
v 0.328570 1.650726 -0.102666
v 0.323244 1.650771 -0.118634
v 0.289412 1.651866 -0.106246
v 0.298169 1.649963 -0.077454
v 0.333121 1.651196 -0.086460
v 0.323658 1.653334 -0.034839
v 0.321654 1.652190 -0.050642
v 0.305933 1.650642 -0.032969
v 0.324870 1.654115 -0.018956
v 0.341961 1.655600 -0.036797
v 0.339832 1.653879 -0.053487
v 0.304072 1.650081 -0.047923
v 0.307055 1.650942 -0.017937
v 0.343250 1.656853 -0.020021
v 0.453616 1.645672 -0.141738
v 0.435752 1.645679 -0.136157
v 0.459898 1.644796 -0.119365
v 0.471479 1.645689 -0.147320
v 0.446262 1.647211 -0.163783
v 0.428688 1.646541 -0.157333
v 0.441787 1.645511 -0.114664
v 0.478009 1.644139 -0.124065
v 0.463836 1.647860 -0.170233
v 0.524481 1.643713 -0.163881
v 0.507207 1.644791 -0.158483
v 0.531746 1.641277 -0.138012
v 0.540579 1.642336 -0.168911
v 0.515979 1.646648 -0.189370
v 0.498985 1.647687 -0.183132
v 0.514232 1.642429 -0.133467
v 0.548066 1.639989 -0.142248
v 0.531816 1.645154 -0.195182
v 0.472103 1.645571 -0.050800
v 0.453511 1.648294 -0.048800
v 0.473883 1.645992 -0.027641
v 0.490694 1.643002 -0.052801
v 0.469164 1.644958 -0.073843
v 0.450688 1.647076 -0.070935
v 0.455221 1.649176 -0.026552
v 0.492545 1.643005 -0.028729
v 0.487640 1.642961 -0.076751
v 0.545857 1.637650 -0.058737
v 0.527878 1.639000 -0.056802
v 0.547915 1.637311 -0.031959
v 0.562610 1.636625 -0.060539
v 0.542459 1.638295 -0.085379
v 0.524592 1.639614 -0.082567
v 0.529868 1.638602 -0.030906
v 0.564731 1.636465 -0.032940
v 0.559108 1.637158 -0.087999
v -0.453593 1.628546 -0.133293
v -0.446236 1.629205 -0.155475
v -0.471456 1.630025 -0.138542
v -0.459880 1.628271 -0.110802
v -0.435731 1.627190 -0.128044
v -0.428663 1.627806 -0.149352
v -0.463809 1.630727 -0.161597
v -0.477990 1.629694 -0.115166
v -0.441769 1.626962 -0.106439
v -0.472095 1.630522 -0.042011
v -0.469153 1.629153 -0.065108
v -0.490687 1.631555 -0.043665
v -0.473879 1.632702 -0.018818
v -0.453504 1.629457 -0.040356
v -0.450677 1.627967 -0.062544
v -0.487628 1.630377 -0.067672
v -0.492541 1.633431 -0.019559
v -0.455217 1.631848 -0.018077
v -0.524456 1.634617 -0.154117
v -0.515949 1.635431 -0.179763
v -0.540552 1.636367 -0.158847
v -0.531724 1.634124 -0.128113
v -0.507182 1.633047 -0.149040
v -0.498956 1.633825 -0.173843
v -0.531785 1.637221 -0.185281
v -0.548044 1.635816 -0.132044
v -0.514211 1.632606 -0.123893
v -0.545848 1.634443 -0.048574
v -0.542446 1.634035 -0.075279
v -0.562601 1.635549 -0.050065
v -0.547911 1.635177 -0.021758
v -0.527869 1.633472 -0.046974
v -0.524579 1.632790 -0.072800
v -0.559094 1.635431 -0.077590
v -0.564727 1.635878 -0.022426
v -0.529864 1.634605 -0.021041
v -0.382142 1.624614 -0.112296
v -0.400005 1.625152 -0.117546
v -0.387438 1.624418 -0.093349
v -0.364279 1.624487 -0.107047
v -0.375944 1.625118 -0.130984
v -0.393517 1.625693 -0.137107
v -0.405549 1.624963 -0.097712
v -0.369328 1.624279 -0.088985
v -0.358371 1.624949 -0.124861
v -0.311016 1.626921 -0.091408
v -0.328554 1.625738 -0.096549
v -0.315314 1.626727 -0.075988
v -0.294129 1.628124 -0.086484
v -0.305981 1.627164 -0.106615
v -0.323225 1.626072 -0.112616
v -0.333107 1.625522 -0.080258
v -0.298157 1.627983 -0.071903
v -0.289396 1.628259 -0.100858
v -0.397729 1.626310 -0.035393
v -0.416321 1.627271 -0.037048
v -0.399232 1.628520 -0.015854
v -0.379138 1.625631 -0.033739
v -0.395250 1.625095 -0.054852
v -0.413726 1.625861 -0.057416
v -0.417894 1.629678 -0.016595
v -0.380571 1.627554 -0.015113
v -0.376775 1.624673 -0.052288
v -0.323653 1.626450 -0.028814
v -0.341955 1.625706 -0.030430
v -0.324868 1.627318 -0.012908
v -0.305928 1.627454 -0.027273
v -0.321646 1.626319 -0.044654
v -0.339824 1.625328 -0.047160
v -0.343247 1.626915 -0.013631
v -0.307053 1.628064 -0.012220
v -0.304064 1.627486 -0.042262
v -0.352124 1.628105 -0.185035
v -0.360917 1.626917 -0.167398
v -0.335664 1.627691 -0.176386
v -0.342504 1.629391 -0.202232
v -0.368584 1.628857 -0.193684
v -0.377787 1.627614 -0.175223
v -0.344046 1.626585 -0.159573
v -0.326494 1.628916 -0.192779
v -0.358514 1.630178 -0.211685
v -0.308863 1.633235 -0.250732
v -0.320855 1.631971 -0.235125
v -0.294425 1.632810 -0.239012
v -0.296117 1.634534 -0.265719
v -0.323300 1.633931 -0.262452
v -0.335853 1.632724 -0.246116
v -0.305857 1.631497 -0.224134
v -0.282275 1.634154 -0.253298
v -0.309959 1.635180 -0.278139
v -0.286594 1.628589 -0.150586
v -0.293755 1.627963 -0.136240
v -0.271060 1.629131 -0.142382
v -0.278756 1.629402 -0.164573
v -0.302745 1.628023 -0.159087
v -0.310305 1.627203 -0.143924
v -0.277848 1.628708 -0.128840
v -0.263623 1.629764 -0.155582
v -0.294474 1.629008 -0.173872
v -0.251346 1.633137 -0.204024
v -0.261116 1.631701 -0.191328
v -0.237607 1.633356 -0.192824
v -0.240964 1.634660 -0.216219
v -0.265550 1.632846 -0.215571
v -0.275861 1.631445 -0.202153
v -0.246877 1.631900 -0.180835
v -0.227765 1.634934 -0.204347
v -0.254592 1.634304 -0.228456
v -0.417963 1.632755 -0.219632
v -0.401503 1.631232 -0.210983
v -0.406544 1.634128 -0.240044
v -0.434422 1.634417 -0.228281
v -0.428399 1.631401 -0.198697
v -0.411528 1.629915 -0.190872
v -0.390534 1.632586 -0.230591
v -0.422554 1.635822 -0.249497
v -0.445270 1.633015 -0.206522
v -0.483259 1.639762 -0.253944
v -0.467341 1.637902 -0.245580
v -0.470056 1.641426 -0.277545
v -0.498091 1.641833 -0.261738
v -0.495325 1.638087 -0.229739
v -0.479011 1.636340 -0.222172
v -0.454573 1.639454 -0.268403
v -0.484483 1.643617 -0.286063
v -0.510528 1.640033 -0.236790
v -0.366612 1.637454 -0.297612
v -0.352175 1.636059 -0.285892
v -0.351483 1.638453 -0.315401
v -0.381050 1.639040 -0.309332
v -0.380846 1.636476 -0.279088
v -0.365848 1.635000 -0.268097
v -0.337642 1.637159 -0.302981
v -0.365325 1.639939 -0.327822
v -0.395844 1.638136 -0.290078
v -0.423886 1.644803 -0.344107
v -0.409924 1.642712 -0.332773
v -0.406394 1.645454 -0.364675
v -0.436896 1.647098 -0.354668
v -0.440344 1.643985 -0.322688
v -0.425840 1.641882 -0.312059
v -0.393008 1.643442 -0.352663
v -0.418867 1.647643 -0.375867
v -0.453859 1.646307 -0.332592
v 0.453593 1.637377 0.133293
v 0.446237 1.637755 0.155474
v 0.471456 1.635782 0.138542
v 0.459880 1.637846 0.110802
v 0.435731 1.639462 0.128044
v 0.428663 1.639696 0.149352
v 0.463810 1.636274 0.161597
v 0.477990 1.636040 0.115166
v 0.441769 1.640144 0.106439
v 0.472095 1.642833 0.042011
v 0.469153 1.640836 0.065108
v 0.490687 1.639983 0.043665
v 0.473879 1.644626 0.018818
v 0.453504 1.646050 0.040356
v 0.450677 1.643745 0.062544
v 0.487628 1.638353 0.067672
v 0.492541 1.641511 0.019559
v 0.455217 1.648047 0.018077
v 0.524456 1.636006 0.154116
v 0.515950 1.636497 0.179763
v 0.540552 1.637585 0.158846
v 0.531724 1.635836 0.128112
v 0.507182 1.635061 0.149040
v 0.498956 1.635601 0.173842
v 0.531785 1.638027 0.185280
v 0.548044 1.637309 0.132044
v 0.514211 1.634999 0.123893
v 0.545848 1.636426 0.048574
v 0.542446 1.636118 0.075279
v 0.562601 1.636761 0.050064
v 0.547911 1.636767 0.021758
v 0.527869 1.636716 0.046974
v 0.524579 1.635941 0.072800
v 0.559094 1.636931 0.077590
v 0.564727 1.636619 0.022425
v 0.529864 1.637509 0.021041
v 0.382142 1.646003 0.112296
v 0.400005 1.644102 0.117545
v 0.387438 1.647119 0.093348
v 0.364279 1.647085 0.107047
v 0.375944 1.645830 0.130984
v 0.393517 1.644048 0.137106
v 0.405549 1.645119 0.097712
v 0.369328 1.648255 0.088985
v 0.358371 1.646813 0.124861
v 0.311016 1.642388 0.091408
v 0.328554 1.645173 0.096549
v 0.315314 1.643490 0.075987
v 0.294129 1.639202 0.086484
v 0.305981 1.641957 0.106615
v 0.323225 1.644773 0.112616
v 0.333107 1.646330 0.080258
v 0.298157 1.640234 0.071903
v 0.289396 1.638756 0.100857
v 0.397730 1.654544 0.035393
v 0.416321 1.652263 0.037047
v 0.399232 1.656824 0.015854
v 0.379138 1.655766 0.033739
v 0.395250 1.651753 0.054852
v 0.413726 1.649559 0.057416
v 0.417894 1.654495 0.016595
v 0.380571 1.658064 0.015113
v 0.376775 1.652950 0.052288
v 0.323653 1.650331 0.028813
v 0.341955 1.653506 0.030430
v 0.324868 1.652608 0.012907
v 0.305928 1.646709 0.027273
v 0.321646 1.647714 0.044653
v 0.339824 1.650791 0.047160
v 0.343247 1.655795 0.013630
v 0.307053 1.648972 0.012220
v 0.304064 1.644197 0.042262
v 0.352124 1.651288 0.185035
v 0.360917 1.648737 0.167398
v 0.335664 1.651532 0.176385
v 0.342504 1.653724 0.202231
v 0.368584 1.650128 0.193684
v 0.377787 1.647318 0.175223
v 0.344046 1.649302 0.159573
v 0.326494 1.653600 0.192778
v 0.358514 1.652874 0.211684
v 0.308863 1.655004 0.250731
v 0.320855 1.655711 0.235125
v 0.294425 1.653735 0.239011
v 0.296117 1.653666 0.265718
v 0.323300 1.655314 0.262452
v 0.335853 1.655633 0.246115
v 0.305857 1.654788 0.224134
v 0.282275 1.652173 0.253298
v 0.309959 1.654264 0.278139
v 0.286594 1.644241 0.150586
v 0.293755 1.643101 0.136240
v 0.271060 1.640279 0.142382
v 0.278756 1.645181 0.164573
v 0.302745 1.647865 0.159087
v 0.310305 1.646360 0.143923
v 0.277848 1.639487 0.128840
v 0.263623 1.640889 0.155582
v 0.294474 1.649163 0.173872
v 0.251346 1.643405 0.204024
v 0.261116 1.644727 0.191328
v 0.237607 1.638963 0.192824
v 0.240964 1.642028 0.216219
v 0.265550 1.647726 0.215571
v 0.275861 1.649094 0.202153
v 0.246877 1.640164 0.180835
v 0.227765 1.637848 0.204347
v 0.254592 1.646146 0.228456
v 0.417963 1.644532 0.219632
v 0.401503 1.646476 0.210982
v 0.406544 1.647543 0.240044
v 0.434422 1.642771 0.228281
v 0.428399 1.641539 0.198697
v 0.411528 1.643430 0.190872
v 0.390534 1.649528 0.230591
v 0.422554 1.645607 0.249497
v 0.445270 1.639951 0.206522
v 0.483259 1.640391 0.253943
v 0.467342 1.640582 0.245579
v 0.470056 1.641950 0.277544
v 0.498091 1.640857 0.261737
v 0.495326 1.638782 0.229738
v 0.479011 1.638486 0.222172
v 0.454574 1.642658 0.268403
v 0.484483 1.641901 0.286063
v 0.510528 1.639725 0.236790
v 0.366612 1.651977 0.297612
v 0.352175 1.653641 0.285892
v 0.351484 1.651662 0.315401
v 0.381050 1.649991 0.309332
v 0.380847 1.651474 0.279087
v 0.365848 1.653318 0.268097
v 0.337642 1.653138 0.302980
v 0.365325 1.649786 0.327822
v 0.395844 1.649416 0.290078
v 0.423886 1.643926 0.344106
v 0.409925 1.645738 0.332773
v 0.406394 1.643500 0.364675
v 0.436896 1.642699 0.354668
v 0.440344 1.643834 0.322688
v 0.425840 1.645387 0.312059
v 0.393009 1.645468 0.352663
v 0.418867 1.642081 0.375867
v 0.453859 1.642904 0.332592
v -0.201596 1.628517 -0.062381
v -0.200445 1.627229 -0.071611
v -0.213178 1.628818 -0.064661
v -0.201959 1.630046 -0.052556
v -0.190351 1.628238 -0.060848
v -0.190586 1.626844 -0.069233
v -0.211091 1.627780 -0.074669
v -0.214448 1.629998 -0.054231
v -0.189568 1.630058 -0.051546
v -0.201302 1.635600 -0.020569
v -0.201604 1.633639 -0.031549
v -0.215727 1.634261 -0.021020
v -0.201045 1.637595 -0.009398
v -0.186690 1.636823 -0.020366
v -0.187536 1.634476 -0.031131
v -0.215552 1.632718 -0.032344
v -0.215764 1.635954 -0.009544
v -0.186097 1.639090 -0.009375
v -0.250044 1.629615 -0.073950
v -0.246329 1.629318 -0.086086
v -0.263605 1.629540 -0.077719
v -0.253075 1.629903 -0.061579
v -0.237286 1.629436 -0.070541
v -0.234011 1.628938 -0.081984
v -0.259517 1.629409 -0.090561
v -0.267017 1.629634 -0.064662
v -0.239851 1.629968 -0.058826
v -0.258498 1.630661 -0.023451
v -0.257262 1.630321 -0.036290
v -0.273365 1.629614 -0.024572
v -0.259212 1.631411 -0.010536
v -0.244149 1.631753 -0.022484
v -0.243210 1.631050 -0.034752
v -0.271880 1.629543 -0.038052
v -0.274244 1.630163 -0.011024
v -0.244668 1.632793 -0.010125
v -0.157939 1.627057 -0.063955
v -0.168606 1.627509 -0.061571
v -0.152726 1.629508 -0.054137
v -0.147276 1.626625 -0.067344
v -0.163865 1.625236 -0.073059
v -0.172604 1.625849 -0.069894
v -0.164947 1.629802 -0.052268
v -0.140621 1.629121 -0.056943
v -0.154675 1.624781 -0.077158
v -0.116186 1.625641 -0.082584
v -0.126254 1.625888 -0.076686
v -0.105694 1.627614 -0.070659
v -0.106702 1.625535 -0.089376
v -0.126642 1.624431 -0.093881
v -0.135859 1.624368 -0.087629
v -0.116928 1.628136 -0.065154
v -0.095282 1.627156 -0.077296
v -0.117791 1.624693 -0.100828
v -0.141316 1.638674 -0.021688
v -0.156767 1.638411 -0.020882
v -0.139352 1.641486 -0.010261
v -0.125396 1.638619 -0.022918
v -0.144330 1.635552 -0.032884
v -0.158924 1.635477 -0.031739
v -0.155364 1.641088 -0.009783
v -0.122659 1.641528 -0.010957
v -0.129520 1.635367 -0.034642
v -0.074538 1.636856 -0.030183
v -0.091719 1.637660 -0.026814
v -0.066438 1.640002 -0.015024
v -0.058037 1.635934 -0.035381
v -0.084416 1.633472 -0.044510
v -0.099176 1.634291 -0.040160
v -0.086482 1.640684 -0.013112
v -0.044596 1.639377 -0.018059
v -0.070989 1.632539 -0.050653
v -0.187981 1.624718 -0.095373
v -0.178872 1.624119 -0.088664
v -0.181292 1.624454 -0.102636
v -0.197858 1.625736 -0.101783
v -0.193687 1.625308 -0.087988
v -0.184969 1.624810 -0.082843
v -0.171734 1.623751 -0.094759
v -0.191389 1.625590 -0.110107
v -0.203447 1.626195 -0.093192
v -0.230736 1.628752 -0.120736
v -0.219221 1.627930 -0.114315
v -0.224151 1.628951 -0.131668
v -0.243079 1.629280 -0.127456
v -0.236668 1.628817 -0.109497
v -0.224976 1.628123 -0.103877
v -0.212767 1.628017 -0.124455
v -0.236280 1.629602 -0.139141
v -0.249244 1.629208 -0.115455
v -0.158202 1.625930 -0.125007
v -0.147630 1.624673 -0.115013
v -0.150118 1.627021 -0.132801
v -0.168815 1.627553 -0.134695
v -0.166182 1.625081 -0.117381
v -0.155848 1.624046 -0.107918
v -0.139435 1.625551 -0.122445
v -0.160726 1.628809 -0.142910
v -0.176699 1.626521 -0.126493
v -0.201057 1.631949 -0.162640
v -0.190133 1.630738 -0.153373
v -0.192433 1.633508 -0.172352
v -0.212460 1.632828 -0.172156
v -0.209254 1.630571 -0.152620
v -0.198139 1.629444 -0.143966
v -0.181763 1.632223 -0.162553
v -0.203505 1.634428 -0.182434
v -0.220932 1.631396 -0.161506
v 0.201596 1.632759 0.062381
v 0.200446 1.631947 0.071610
v 0.213178 1.632105 0.064660
v 0.201959 1.633913 0.052556
v 0.190351 1.633563 0.060848
v 0.190586 1.632600 0.069233
v 0.211091 1.631438 0.074669
v 0.214448 1.633110 0.054231
v 0.189568 1.634893 0.051545
v 0.201302 1.640170 0.020569
v 0.201604 1.637765 0.031549
v 0.215727 1.639107 0.021020
v 0.201045 1.642332 0.009398
v 0.186690 1.641433 0.020366
v 0.187536 1.638997 0.031131
v 0.215552 1.636740 0.032344
v 0.215764 1.641294 0.009544
v 0.186097 1.643558 0.009375
v 0.250045 1.632679 0.073950
v 0.246329 1.632224 0.086086
v 0.263605 1.634082 0.077719
v 0.253075 1.633539 0.061579
v 0.237286 1.631937 0.070541
v 0.234012 1.631453 0.081984
v 0.259517 1.633634 0.090561
v 0.267017 1.634981 0.064662
v 0.239851 1.632793 0.058826
v 0.258498 1.639302 0.023451
v 0.257262 1.636975 0.036289
v 0.273366 1.640883 0.024572
v 0.259212 1.641531 0.010536
v 0.244149 1.638522 0.022484
v 0.243210 1.636203 0.034752
v 0.271880 1.638524 0.038052
v 0.274244 1.643122 0.011024
v 0.244668 1.640741 0.010125
v 0.157939 1.635189 0.063955
v 0.168606 1.634845 0.061571
v 0.152726 1.637208 0.054137
v 0.147276 1.635410 0.067344
v 0.163865 1.633461 0.073059
v 0.172604 1.633415 0.069894
v 0.164947 1.636621 0.052268
v 0.140621 1.637647 0.056942
v 0.154675 1.633419 0.077158
v 0.116186 1.635590 0.082584
v 0.126254 1.635631 0.076686
v 0.105694 1.638220 0.070659
v 0.106702 1.635342 0.089376
v 0.126642 1.633032 0.093881
v 0.135859 1.633204 0.087629
v 0.116928 1.638196 0.065154
v 0.095282 1.637925 0.077296
v 0.117791 1.632776 0.100828
v 0.141316 1.644295 0.021688
v 0.156767 1.643613 0.020881
v 0.139352 1.646205 0.010260
v 0.125396 1.644703 0.022918
v 0.144330 1.641944 0.032884
v 0.158924 1.641195 0.031739
v 0.155364 1.645616 0.009783
v 0.122660 1.646494 0.010957
v 0.129521 1.642467 0.034642
v 0.074538 1.644171 0.030183
v 0.091719 1.644696 0.026814
v 0.066438 1.645387 0.015024
v 0.058037 1.643149 0.035380
v 0.084416 1.642613 0.044510
v 0.099176 1.642858 0.040160
v 0.086482 1.646152 0.013112
v 0.044596 1.644052 0.018058
v 0.070989 1.641916 0.050653
v 0.187981 1.630342 0.095373
v 0.178872 1.631013 0.088664
v 0.181292 1.629843 0.102636
v 0.197858 1.630065 0.101783
v 0.193687 1.630828 0.087988
v 0.184969 1.631423 0.082843
v 0.171735 1.630579 0.094759
v 0.191389 1.629580 0.110107
v 0.203447 1.630512 0.093192
v 0.230737 1.632012 0.120736
v 0.219221 1.630822 0.114315
v 0.224151 1.631880 0.131667
v 0.243079 1.633904 0.127456
v 0.236668 1.632022 0.109497
v 0.224977 1.631014 0.103877
v 0.212767 1.630531 0.124455
v 0.236280 1.633975 0.139141
v 0.249244 1.633693 0.115455
v 0.158202 1.628204 0.125007
v 0.147630 1.629212 0.115013
v 0.150118 1.627917 0.132801
v 0.168815 1.627771 0.134695
v 0.166183 1.628714 0.117381
v 0.155848 1.629639 0.107917
v 0.139435 1.628925 0.122445
v 0.160726 1.627476 0.142910
v 0.176699 1.628352 0.126493
v 0.201057 1.629880 0.162640
v 0.190133 1.628559 0.153372
v 0.192433 1.629387 0.172352
v 0.212460 1.631976 0.172156
v 0.209254 1.630701 0.152620
v 0.198139 1.629289 0.143966
v 0.181763 1.628171 0.162553
v 0.203505 1.631330 0.182434
v 0.220932 1.632904 0.161505
v -0.097103 1.634064 -0.187093
v -0.089771 1.633877 -0.192867
v -0.103604 1.635203 -0.196911
v -0.104305 1.633759 -0.180337
v -0.090311 1.632834 -0.178046
v -0.084546 1.632866 -0.184197
v -0.095065 1.634751 -0.202578
v -0.111868 1.635165 -0.190365
v -0.096340 1.632321 -0.170853
v -0.126462 1.630886 -0.157042
v -0.118910 1.632074 -0.165092
v -0.136247 1.632800 -0.167565
v -0.134181 1.629587 -0.148887
v -0.116370 1.629124 -0.146563
v -0.109351 1.630356 -0.154846
v -0.128118 1.633886 -0.175524
v -0.144387 1.631534 -0.159400
v -0.123726 1.627849 -0.138299
v -0.122860 1.638326 -0.229613
v -0.111676 1.637181 -0.235648
v -0.129694 1.639073 -0.241893
v -0.133730 1.638996 -0.222926
v -0.116333 1.637365 -0.218157
v -0.105949 1.636404 -0.224009
v -0.117750 1.637816 -0.248168
v -0.141315 1.639868 -0.234986
v -0.126413 1.637845 -0.211610
v -0.164488 1.637812 -0.199548
v -0.154544 1.638706 -0.207837
v -0.174109 1.638833 -0.210862
v -0.174120 1.636571 -0.190834
v -0.155120 1.636399 -0.188710
v -0.145788 1.637317 -0.196802
v -0.163537 1.639726 -0.219433
v -0.184304 1.637566 -0.201813
v -0.164223 1.635178 -0.180256
v -0.065410 1.628561 -0.157342
v -0.074568 1.629999 -0.163184
v -0.068700 1.628081 -0.146648
v -0.055544 1.627365 -0.152220
v -0.063124 1.628942 -0.168031
v -0.071484 1.630354 -0.171952
v -0.078582 1.629380 -0.153957
v -0.058238 1.627156 -0.140090
v -0.053788 1.627574 -0.164458
v -0.022991 1.627425 -0.141110
v -0.034214 1.626688 -0.144021
v -0.024074 1.628320 -0.125179
v -0.011546 1.628838 -0.139251
v -0.022327 1.626764 -0.156568
v -0.033204 1.626321 -0.158624
v -0.035835 1.627210 -0.129195
v -0.012088 1.630066 -0.122553
v -0.011216 1.627909 -0.155267
v -0.083652 1.626383 -0.115419
v -0.095046 1.626746 -0.125770
v -0.090357 1.625917 -0.105873
v -0.071631 1.626681 -0.105038
v -0.077848 1.626944 -0.125541
v -0.088879 1.627671 -0.135045
v -0.101910 1.625885 -0.116856
v -0.078172 1.626679 -0.094565
v -0.066231 1.626788 -0.116322
v -0.030870 1.632072 -0.074256
v -0.045287 1.629581 -0.084002
v -0.035914 1.633501 -0.057708
v -0.015636 1.634997 -0.066296
v -0.027659 1.630690 -0.091468
v -0.041073 1.628679 -0.098801
v -0.051306 1.630548 -0.070519
v -0.018469 1.636870 -0.044428
v -0.013910 1.633201 -0.086357
v -0.064239 1.629894 -0.201012
v -0.062602 1.629584 -0.189782
v -0.054417 1.628146 -0.201466
v -0.066625 1.630205 -0.212572
v -0.073457 1.631664 -0.199776
v -0.070988 1.631140 -0.189939
v -0.053293 1.627951 -0.189085
v -0.056208 1.628399 -0.213938
v -0.076614 1.632106 -0.210393
v -0.076254 1.631650 -0.249352
v -0.072728 1.631062 -0.236625
v -0.063911 1.629869 -0.252497
v -0.080148 1.632324 -0.262877
v -0.088355 1.633665 -0.245525
v -0.084140 1.633083 -0.233245
v -0.061037 1.629238 -0.239298
v -0.067123 1.630650 -0.266409
v -0.092952 1.634260 -0.258671
v -0.022426 1.626401 -0.201104
v -0.022088 1.626262 -0.186494
v -0.011253 1.627303 -0.200950
v -0.023010 1.626737 -0.215524
v -0.033408 1.626224 -0.201305
v -0.032860 1.626089 -0.187241
v -0.011092 1.627159 -0.186003
v -0.011535 1.627674 -0.215667
v -0.034332 1.626511 -0.215245
v -0.025835 1.628546 -0.258271
v -0.024736 1.627799 -0.243931
v -0.012927 1.629432 -0.259104
v -0.027093 1.629526 -0.273127
v -0.038662 1.628233 -0.256916
v -0.036995 1.627497 -0.242879
v -0.012382 1.628738 -0.244565
v -0.013554 1.630352 -0.274131
v -0.040559 1.629194 -0.271517
v 0.097103 1.638021 0.187093
v 0.089771 1.639933 0.192867
v 0.103604 1.640297 0.196910
v 0.104305 1.635614 0.180337
v 0.090311 1.635903 0.178046
v 0.084546 1.637528 0.184197
v 0.095065 1.642527 0.202578
v 0.111868 1.637478 0.190365
v 0.096340 1.633946 0.170853
v 0.126462 1.629642 0.157042
v 0.118910 1.631183 0.165092
v 0.136247 1.630028 0.167565
v 0.134181 1.628574 0.148886
v 0.116370 1.629680 0.146563
v 0.109351 1.630654 0.154845
v 0.128118 1.632060 0.175524
v 0.144387 1.628540 0.159400
v 0.123726 1.629096 0.138299
v 0.122860 1.646761 0.229613
v 0.111676 1.649921 0.235647
v 0.129694 1.648588 0.241893
v 0.133730 1.643041 0.222926
v 0.116333 1.644752 0.218157
v 0.105949 1.647632 0.224008
v 0.117750 1.651956 0.248168
v 0.141315 1.644748 0.234986
v 0.126413 1.641260 0.211609
v 0.164488 1.632968 0.199548
v 0.154544 1.635825 0.207837
v 0.174110 1.634604 0.210862
v 0.174120 1.630833 0.190834
v 0.155120 1.631704 0.188710
v 0.145788 1.634415 0.196802
v 0.163537 1.637447 0.219433
v 0.184304 1.632524 0.201813
v 0.164223 1.629662 0.180256
v 0.065410 1.631614 0.157342
v 0.074568 1.632690 0.163184
v 0.068700 1.631192 0.146648
v 0.055544 1.630733 0.152220
v 0.063124 1.632531 0.168031
v 0.071484 1.633866 0.171952
v 0.078582 1.631732 0.153957
v 0.058238 1.630861 0.140090
v 0.053788 1.631233 0.164458
v 0.022992 1.629103 0.141110
v 0.034214 1.629434 0.144021
v 0.024074 1.630110 0.125179
v 0.011546 1.629140 0.139251
v 0.022327 1.628837 0.156568
v 0.033204 1.629273 0.158624
v 0.035835 1.630316 0.129195
v 0.012088 1.630126 0.122553
v 0.011216 1.628892 0.155267
v 0.083652 1.632873 0.115419
v 0.095046 1.631393 0.125770
v 0.090357 1.633909 0.105873
v 0.071631 1.634384 0.105037
v 0.077848 1.631923 0.125541
v 0.088879 1.631090 0.135045
v 0.101910 1.631887 0.116856
v 0.078172 1.635927 0.094565
v 0.066231 1.632843 0.116322
v 0.030870 1.636681 0.074256
v 0.045287 1.636354 0.084002
v 0.035915 1.639280 0.057708
v 0.015636 1.636777 0.066296
v 0.027659 1.634084 0.091468
v 0.041073 1.633969 0.098801
v 0.051306 1.638686 0.070519
v 0.018469 1.639575 0.044428
v 0.013910 1.634099 0.086357
v 0.064239 1.638723 0.201012
v 0.062602 1.636103 0.189782
v 0.054417 1.636775 0.201466
v 0.066625 1.641768 0.212572
v 0.073457 1.640262 0.199776
v 0.070988 1.637624 0.189939
v 0.053293 1.634269 0.189084
v 0.056208 1.639850 0.213938
v 0.076614 1.643229 0.210393
v 0.076254 1.652321 0.249352
v 0.072728 1.648730 0.236625
v 0.063911 1.651568 0.252496
v 0.080148 1.655686 0.262877
v 0.088355 1.652664 0.245525
v 0.084140 1.649581 0.233245
v 0.061037 1.647430 0.239298
v 0.067123 1.655541 0.266409
v 0.092952 1.655475 0.258670
v 0.022426 1.633117 0.201104
v 0.022088 1.630795 0.186494
v 0.011253 1.633144 0.200950
v 0.023010 1.636382 0.215524
v 0.033408 1.633715 0.201304
v 0.032860 1.631381 0.187241
v 0.011092 1.630829 0.186003
v 0.011535 1.636459 0.215667
v 0.034332 1.636895 0.215245
v 0.025835 1.651612 0.258271
v 0.024736 1.645874 0.243931
v 0.012927 1.652512 0.259104
v 0.027093 1.657312 0.273127
v 0.038662 1.651031 0.256916
v 0.036995 1.645781 0.242879
v 0.012382 1.646399 0.244564
v 0.013554 1.658602 0.274130
v 0.040559 1.656217 0.271517
v 0.064271 1.641943 -0.202208
v 0.073490 1.642940 -0.201144
v 0.066659 1.641759 -0.213813
v 0.054450 1.640623 -0.202479
v 0.062633 1.642149 -0.190948
v 0.071019 1.643124 -0.191261
v 0.076648 1.642716 -0.211820
v 0.056242 1.640499 -0.214985
v 0.053323 1.640811 -0.190077
v 0.022458 1.633800 -0.201522
v 0.033441 1.636462 -0.201927
v 0.023045 1.633997 -0.215953
v 0.011285 1.631174 -0.201160
v 0.022118 1.633791 -0.186906
v 0.032891 1.636531 -0.187853
v 0.034366 1.636537 -0.215884
v 0.011569 1.631477 -0.215882
v 0.011122 1.631094 -0.186210
v 0.076294 1.639768 -0.250772
v 0.088395 1.640639 -0.247170
v 0.080190 1.639060 -0.264369
v 0.063952 1.638747 -0.253687
v 0.072766 1.640637 -0.237980
v 0.084177 1.641502 -0.234812
v 0.092993 1.639986 -0.260401
v 0.067166 1.638072 -0.267659
v 0.061076 1.639546 -0.240435
v 0.025877 1.634146 -0.258753
v 0.038703 1.635901 -0.257636
v 0.027138 1.634252 -0.273632
v 0.012969 1.632378 -0.259345
v 0.024775 1.634182 -0.244392
v 0.037034 1.636264 -0.243568
v 0.040603 1.635655 -0.272273
v 0.013598 1.632841 -0.274383
v 0.012421 1.632091 -0.244795
v 0.065435 1.644748 -0.158560
v 0.063151 1.643524 -0.169207
v 0.055569 1.643619 -0.153254
v 0.068724 1.646107 -0.147927
v 0.074595 1.645386 -0.164573
v 0.071511 1.644310 -0.173283
v 0.053815 1.642282 -0.165459
v 0.058260 1.645130 -0.141174
v 0.078607 1.646570 -0.155420
v 0.083671 1.649354 -0.116977
v 0.077868 1.648555 -0.126991
v 0.071648 1.649047 -0.106371
v 0.090374 1.649711 -0.107556
v 0.095066 1.649213 -0.127540
v 0.088901 1.648616 -0.136700
v 0.066249 1.647997 -0.117556
v 0.078187 1.649661 -0.096021
v 0.101929 1.649388 -0.118753
v 0.023014 1.636509 -0.141539
v 0.022353 1.635114 -0.156984
v 0.011568 1.633564 -0.139467
v 0.024094 1.638219 -0.125628
v 0.034237 1.639392 -0.144658
v 0.033230 1.637964 -0.159243
v 0.011241 1.632260 -0.155476
v 0.012108 1.635209 -0.122779
v 0.035856 1.641092 -0.129863
v 0.030882 1.643935 -0.074831
v 0.027674 1.642065 -0.091983
v 0.015647 1.641139 -0.066588
v 0.035924 1.645589 -0.058377
v 0.045301 1.646326 -0.084845
v 0.041090 1.644709 -0.099566
v 0.013924 1.639095 -0.086616
v 0.018477 1.643127 -0.044772
v 0.051318 1.647615 -0.071474
v 0.097134 1.645381 -0.188901
v 0.090340 1.645621 -0.179728
v 0.104334 1.646143 -0.182279
v 0.103636 1.644973 -0.198840
v 0.089803 1.644586 -0.194538
v 0.084576 1.644766 -0.185771
v 0.096367 1.646491 -0.172647
v 0.111899 1.645669 -0.192448
v 0.095098 1.644253 -0.204348
v 0.122897 1.643191 -0.231901
v 0.116368 1.643742 -0.220323
v 0.133766 1.644225 -0.225417
v 0.129733 1.643015 -0.244308
v 0.111715 1.642282 -0.237727
v 0.105985 1.642980 -0.225981
v 0.126448 1.644578 -0.213963
v 0.141353 1.644276 -0.237618
v 0.117790 1.641909 -0.250360
v 0.126487 1.647911 -0.159397
v 0.116394 1.648346 -0.148730
v 0.134205 1.648139 -0.151385
v 0.136274 1.647613 -0.170102
v 0.118936 1.647458 -0.167307
v 0.109376 1.647934 -0.156882
v 0.123749 1.648450 -0.140603
v 0.144413 1.648064 -0.162089
v 0.128146 1.647019 -0.177910
v 0.164521 1.648422 -0.202611
v 0.155151 1.647833 -0.191598
v 0.174151 1.650003 -0.194077
v 0.174144 1.649286 -0.214104
v 0.154578 1.646865 -0.210715
v 0.145820 1.646644 -0.199517
v 0.164253 1.649014 -0.183313
v 0.184337 1.651160 -0.205245
v 0.163573 1.647443 -0.222478
v -0.187996 1.665209 0.098873
v -0.193701 1.663914 0.091594
v -0.197875 1.667640 0.105467
v -0.181309 1.665556 0.106011
v -0.178887 1.662429 0.091994
v -0.184983 1.661561 0.086287
v -0.203462 1.666080 0.096980
v -0.191407 1.668083 0.113670
v -0.171750 1.662602 0.097956
v -0.158223 1.660202 0.127953
v -0.166202 1.662891 0.120475
v -0.168837 1.662170 0.137838
v -0.150140 1.657209 0.135596
v -0.147649 1.657808 0.117761
v -0.155865 1.660189 0.110819
v -0.176719 1.665145 0.129783
v -0.160749 1.658890 0.145903
v -0.139455 1.655143 0.125041
v -0.230756 1.671854 0.125032
v -0.236686 1.670097 0.113904
v -0.243100 1.672995 0.131982
v -0.224172 1.672217 0.135841
v -0.219240 1.670843 0.118397
v -0.224994 1.669079 0.108066
v -0.249262 1.671300 0.120095
v -0.236303 1.673222 0.143540
v -0.212787 1.671287 0.128417
v -0.201084 1.665079 0.166384
v -0.209279 1.668514 0.156516
v -0.212488 1.665639 0.176112
v -0.192461 1.661509 0.175935
v -0.190158 1.664505 0.156913
v -0.198163 1.667843 0.147655
v -0.220959 1.669191 0.165619
v -0.203535 1.662031 0.186223
v -0.181790 1.660952 0.165937
v -0.157950 1.653101 0.066896
v -0.163877 1.656206 0.076110
v -0.147287 1.652735 0.070086
v -0.152735 1.650323 0.056981
v -0.168616 1.653315 0.064710
v -0.172616 1.656178 0.073107
v -0.154688 1.655984 0.080038
v -0.140630 1.649893 0.059561
v -0.164956 1.650600 0.055339
v -0.141320 1.645934 0.024319
v -0.144336 1.646822 0.035571
v -0.125400 1.645785 0.025252
v -0.139354 1.645040 0.012855
v -0.156771 1.645775 0.023800
v -0.158929 1.646863 0.034698
v -0.129526 1.646523 0.037053
v -0.122661 1.645029 0.013240
v -0.155366 1.644702 0.012675
v -0.116199 1.649107 0.084747
v -0.126657 1.652057 0.096239
v -0.106717 1.647280 0.091362
v -0.105705 1.646544 0.072627
v -0.126266 1.650747 0.079036
v -0.135873 1.653901 0.090158
v -0.117807 1.649997 0.103021
v -0.095295 1.644904 0.079070
v -0.116939 1.648009 0.067331
v -0.074543 1.643591 0.031571
v -0.084423 1.643880 0.046082
v -0.058043 1.642390 0.036461
v -0.066440 1.643309 0.016261
v -0.091724 1.644587 0.028521
v -0.099183 1.645046 0.042006
v -0.070997 1.642480 0.051975
v -0.044599 1.642554 0.018889
v -0.086484 1.644074 0.014722
v -0.201606 1.655259 0.066134
v -0.190361 1.654361 0.064392
v -0.201968 1.651696 0.056316
v -0.213189 1.656135 0.068629
v -0.200457 1.658725 0.075342
v -0.190597 1.657373 0.072781
v -0.189577 1.651267 0.055075
v -0.214457 1.652050 0.058224
v -0.211103 1.660083 0.078599
v -0.250057 1.657492 0.078605
v -0.237298 1.657172 0.074959
v -0.253085 1.652034 0.066290
v -0.263618 1.658111 0.082626
v -0.246344 1.662644 0.090672
v -0.234025 1.661976 0.086341
v -0.239861 1.652122 0.063292
v -0.267027 1.652260 0.069633
v -0.259532 1.663585 0.095392
v -0.201306 1.643447 0.024317
v -0.186693 1.644499 0.023841
v -0.201047 1.641460 0.013141
v -0.215731 1.642213 0.025036
v -0.201609 1.645699 0.035302
v -0.187542 1.646279 0.034623
v -0.186099 1.642870 0.012840
v -0.215766 1.639868 0.013561
v -0.215558 1.644955 0.036357
v -0.258503 1.638230 0.028263
v -0.244153 1.639485 0.027029
v -0.259214 1.635104 0.015362
v -0.273370 1.637272 0.029661
v -0.257268 1.642133 0.041079
v -0.243216 1.643052 0.039280
v -0.244670 1.636579 0.014680
v -0.274246 1.633893 0.016130
v -0.271886 1.641528 0.043114
v -0.064271 1.646444 0.202208
v -0.073490 1.648436 0.201144
v -0.066659 1.648841 0.213813
v -0.054450 1.644017 0.202479
v -0.062633 1.644748 0.190948
v -0.071019 1.646693 0.191261
v -0.076648 1.650807 0.211819
v -0.056242 1.646464 0.214985
v -0.053323 1.642322 0.190077
v -0.022458 1.636851 0.201522
v -0.033441 1.639016 0.201927
v -0.023045 1.639804 0.215953
v -0.011285 1.635070 0.201160
v -0.022118 1.634833 0.186906
v -0.032891 1.637147 0.187853
v -0.034366 1.641751 0.215884
v -0.011569 1.638225 0.215882
v -0.011122 1.632907 0.186210
v -0.076294 1.662185 0.250772
v -0.088395 1.663610 0.247170
v -0.080190 1.667139 0.264369
v -0.063952 1.660279 0.253687
v -0.072766 1.656955 0.237980
v -0.084178 1.658640 0.234812
v -0.092994 1.668226 0.260401
v -0.067167 1.665539 0.267659
v -0.061076 1.654830 0.240435
v -0.025877 1.655581 0.258753
v -0.038704 1.656812 0.257636
v -0.027138 1.661718 0.273632
v -0.012969 1.654531 0.259345
v -0.024776 1.649411 0.244392
v -0.037034 1.650881 0.243568
v -0.040603 1.662680 0.272273
v -0.013598 1.660834 0.274383
v -0.012421 1.648209 0.244795
v -0.065435 1.641562 0.158560
v -0.063151 1.642407 0.169207
v -0.055569 1.639116 0.153254
v -0.068724 1.641021 0.147927
v -0.074595 1.643884 0.164573
v -0.071511 1.644535 0.173283
v -0.053815 1.639968 0.165459
v -0.058260 1.638630 0.141174
v -0.078607 1.643386 0.155420
v -0.083671 1.642418 0.116976
v -0.077868 1.641428 0.126990
v -0.071648 1.640244 0.106371
v -0.090374 1.643793 0.107555
v -0.095066 1.644750 0.127540
v -0.088901 1.643750 0.136700
v -0.066249 1.639201 0.117555
v -0.078187 1.641626 0.096021
v -0.101929 1.646181 0.118753
v -0.023014 1.632413 0.141539
v -0.022353 1.632709 0.156984
v -0.011568 1.630792 0.139467
v -0.024094 1.632671 0.125628
v -0.034237 1.634415 0.144658
v -0.033230 1.634946 0.159243
v -0.011241 1.630855 0.155476
v -0.012108 1.631368 0.122778
v -0.035856 1.634354 0.129863
v -0.030882 1.636865 0.074831
v -0.027674 1.634990 0.091983
v -0.015647 1.636713 0.066587
v -0.035924 1.638928 0.058377
v -0.045301 1.637409 0.084845
v -0.041089 1.635913 0.099566
v -0.013924 1.634435 0.086616
v -0.018476 1.639205 0.044771
v -0.051318 1.639130 0.071474
v -0.097134 1.649701 0.188901
v -0.090340 1.647857 0.179728
v -0.104334 1.649242 0.182279
v -0.103636 1.651807 0.198840
v -0.089803 1.649997 0.194538
v -0.084576 1.648154 0.185771
v -0.096367 1.647454 0.172647
v -0.111899 1.651176 0.192448
v -0.095098 1.652238 0.204348
v -0.122897 1.661506 0.231900
v -0.116369 1.657878 0.220323
v -0.133766 1.659445 0.225416
v -0.129733 1.664721 0.244308
v -0.111715 1.663233 0.237727
v -0.105985 1.659062 0.225981
v -0.126448 1.656407 0.213963
v -0.141354 1.662109 0.237618
v -0.117790 1.666978 0.250360
v -0.126487 1.650461 0.159397
v -0.116394 1.648851 0.148730
v -0.134205 1.652109 0.151385
v -0.136274 1.651910 0.170102
v -0.118936 1.649427 0.167306
v -0.109376 1.647788 0.156882
v -0.123749 1.650458 0.140603
v -0.144413 1.653510 0.162088
v -0.128146 1.651003 0.177909
v -0.164521 1.656080 0.202611
v -0.155151 1.654725 0.191598
v -0.174151 1.656732 0.194076
v -0.174144 1.657252 0.214104
v -0.154578 1.656404 0.210715
v -0.145820 1.654539 0.199517
v -0.164253 1.655789 0.183313
v -0.184337 1.657556 0.205245
v -0.163573 1.658018 0.222478
v 0.187997 1.643014 -0.098873
v 0.193701 1.642232 -0.091594
v 0.197875 1.644974 -0.105467
v 0.181309 1.643977 -0.106012
v 0.178887 1.641664 -0.091995
v 0.184983 1.641070 -0.086287
v 0.203462 1.644065 -0.096980
v 0.191407 1.645912 -0.113670
v 0.171750 1.642634 -0.097957
v 0.158223 1.646933 -0.127953
v 0.166202 1.646030 -0.120475
v 0.168837 1.647985 -0.137838
v 0.150140 1.647642 -0.135596
v 0.147649 1.646374 -0.117762
v 0.155866 1.645130 -0.110819
v 0.176719 1.647479 -0.129783
v 0.160749 1.648270 -0.145903
v 0.139455 1.647433 -0.125041
v 0.230756 1.653014 -0.125032
v 0.236686 1.651643 -0.113904
v 0.243100 1.655230 -0.131982
v 0.224172 1.654057 -0.135841
v 0.219240 1.650262 -0.118397
v 0.224994 1.649061 -0.108066
v 0.249263 1.653731 -0.120096
v 0.236303 1.656344 -0.143540
v 0.212787 1.651234 -0.128417
v 0.201084 1.653885 -0.166384
v 0.209279 1.654513 -0.156516
v 0.212488 1.655860 -0.176112
v 0.192461 1.652844 -0.175935
v 0.190158 1.651650 -0.156913
v 0.198163 1.651956 -0.147655
v 0.220959 1.656680 -0.165619
v 0.203535 1.654572 -0.186223
v 0.181790 1.651004 -0.165937
v 0.157950 1.641629 -0.066896
v 0.163877 1.641011 -0.076110
v 0.147287 1.642710 -0.070086
v 0.152735 1.642701 -0.056981
v 0.168617 1.640924 -0.064710
v 0.172616 1.640450 -0.073108
v 0.154688 1.642054 -0.080038
v 0.140631 1.643747 -0.059561
v 0.164956 1.641931 -0.055340
v 0.141320 1.646695 -0.024320
v 0.144336 1.645472 -0.035571
v 0.125400 1.647218 -0.025252
v 0.139354 1.647420 -0.012855
v 0.156771 1.646075 -0.023800
v 0.158929 1.644768 -0.034698
v 0.129526 1.646212 -0.037053
v 0.122662 1.647757 -0.013240
v 0.155366 1.646872 -0.012675
v 0.116199 1.647264 -0.084747
v 0.126657 1.646658 -0.096239
v 0.106717 1.648614 -0.091363
v 0.105706 1.647889 -0.072627
v 0.126267 1.645681 -0.079037
v 0.135873 1.645051 -0.090159
v 0.117808 1.648057 -0.103021
v 0.095295 1.649039 -0.079070
v 0.116939 1.646476 -0.067332
v 0.074543 1.647968 -0.031571
v 0.084424 1.648328 -0.046082
v 0.058043 1.647644 -0.036461
v 0.066440 1.647282 -0.016261
v 0.091724 1.647923 -0.028521
v 0.099183 1.647728 -0.042007
v 0.070997 1.648613 -0.051975
v 0.044599 1.646309 -0.018889
v 0.086484 1.647759 -0.014723
v 0.201606 1.641375 -0.066135
v 0.190362 1.640785 -0.064392
v 0.201968 1.641691 -0.056316
v 0.213189 1.642388 -0.068630
v 0.200457 1.641377 -0.075343
v 0.190597 1.640611 -0.072781
v 0.189577 1.641410 -0.055075
v 0.214457 1.642313 -0.058224
v 0.211103 1.642715 -0.078599
v 0.250057 1.647132 -0.078605
v 0.237298 1.645404 -0.074959
v 0.253086 1.645942 -0.066291
v 0.263618 1.648731 -0.082627
v 0.246344 1.648560 -0.090672
v 0.234025 1.646520 -0.086341
v 0.239861 1.644512 -0.063292
v 0.267027 1.647415 -0.069634
v 0.259532 1.650318 -0.095393
v 0.201306 1.643900 -0.024317
v 0.186693 1.644600 -0.023842
v 0.201047 1.644241 -0.013141
v 0.215731 1.643415 -0.025037
v 0.201610 1.643139 -0.035303
v 0.187542 1.643548 -0.034623
v 0.186099 1.645181 -0.012840
v 0.215766 1.643493 -0.013561
v 0.215558 1.642979 -0.036357
v 0.258503 1.644568 -0.028263
v 0.244153 1.643667 -0.027030
v 0.259214 1.644186 -0.015362
v 0.273370 1.646016 -0.029662
v 0.257268 1.644766 -0.041079
v 0.243216 1.643757 -0.039280
v 0.244670 1.643346 -0.014680
v 0.274246 1.645700 -0.016130
v 0.271886 1.646167 -0.043114
v 0.593456 1.641164 -0.286280
v 0.579004 1.644172 -0.315009
v 0.563191 1.647144 -0.342989
v 0.527604 1.652019 -0.396409
v 0.507892 1.653497 -0.421702
v 0.486940 1.654090 -0.445953
v 0.553385 1.650003 -0.375120
v 0.560722 1.649651 -0.380094
v 0.568059 1.648833 -0.385067
v 0.625352 1.637921 -0.301667
v 0.610123 1.641264 -0.331940
v 0.593461 1.644593 -0.361424
v 0.582733 1.645990 -0.395014
v 0.590070 1.644108 -0.399988
v 0.597407 1.642042 -0.404961
v 0.555961 1.649960 -0.417715
v 0.535189 1.651530 -0.444367
v 0.513111 1.652147 -0.469921
v 0.598366 1.638247 -0.253424
v 0.590217 1.638001 -0.249973
v 0.582067 1.637955 -0.246521
v 0.565768 1.639785 -0.239618
v 0.557050 1.641720 -0.235926
v 0.547196 1.643970 -0.231752
v 0.561559 1.640701 -0.270894
v 0.547884 1.643165 -0.298079
v 0.532922 1.645727 -0.324555
v 0.538711 1.649110 -0.365173
v 0.531374 1.648291 -0.360200
v 0.524037 1.647857 -0.355226
v 0.499248 1.650730 -0.375103
v 0.480594 1.652860 -0.399037
v 0.460768 1.654468 -0.421985
v 0.509363 1.650046 -0.345279
v 0.501514 1.652759 -0.339959
v 0.492642 1.656034 -0.333945
v 0.618154 1.635998 -0.226869
v 0.628340 1.634145 -0.196333
v 0.637042 1.632863 -0.165342
v 0.649877 1.632275 -0.102286
v 0.653947 1.632974 -0.070368
v 0.656413 1.634255 -0.038288
v 0.635575 1.632571 -0.132168
v 0.626919 1.632767 -0.130368
v 0.618263 1.632961 -0.128568
v 0.584930 1.636485 -0.214675
v 0.594569 1.634921 -0.185781
v 0.602804 1.633833 -0.156455
v 0.600950 1.633953 -0.124968
v 0.591690 1.634837 -0.123042
v 0.581223 1.635890 -0.120865
v 0.614948 1.633421 -0.096788
v 0.618800 1.634119 -0.066586
v 0.621133 1.635338 -0.036230
v 0.614665 1.638009 -0.260327
v 0.622815 1.637265 -0.263779
v 0.630964 1.636197 -0.267230
v 0.647263 1.633369 -0.274133
v 0.655413 1.631725 -0.277585
v 0.663562 1.629988 -0.281036
v 0.651378 1.632441 -0.239062
v 0.662111 1.630612 -0.206885
v 0.671281 1.629385 -0.174228
v 0.652888 1.631557 -0.135768
v 0.661544 1.630690 -0.137568
v 0.670200 1.629721 -0.139368
v 0.684805 1.628719 -0.107783
v 0.689095 1.629208 -0.074150
v 0.691693 1.630156 -0.040345
v 0.687513 1.627898 -0.142968
v 0.696169 1.627120 -0.144769
v 0.704825 1.626396 -0.146569
v -0.618118 1.659253 -0.215360
v -0.628309 1.657458 -0.184635
v -0.637016 1.655725 -0.153481
v -0.649861 1.651717 -0.090186
v -0.653937 1.649380 -0.058192
v -0.656408 1.646977 -0.026066
v -0.652867 1.653674 -0.123613
v -0.661523 1.652756 -0.125252
v -0.670179 1.651365 -0.126891
v -0.651340 1.656627 -0.226935
v -0.662078 1.654300 -0.194558
v -0.671254 1.652026 -0.161730
v -0.687491 1.648145 -0.130168
v -0.696147 1.646560 -0.131807
v -0.704803 1.644983 -0.133446
v -0.684789 1.647397 -0.095033
v -0.689084 1.645072 -0.061320
v -0.691688 1.642860 -0.027467
v -0.598326 1.659881 -0.242284
v -0.590177 1.657718 -0.238984
v -0.582028 1.655027 -0.235684
v -0.565730 1.648976 -0.229085
v -0.557013 1.645965 -0.225555
v -0.547159 1.643123 -0.221565
v -0.584896 1.650434 -0.203785
v -0.594539 1.649199 -0.174711
v -0.602779 1.648145 -0.145232
v -0.635555 1.653101 -0.120335
v -0.626899 1.651573 -0.118696
v -0.618243 1.649498 -0.117057
v -0.614933 1.645834 -0.085339
v -0.618790 1.644425 -0.055065
v -0.621129 1.642894 -0.024665
v -0.600931 1.644546 -0.113779
v -0.591671 1.641999 -0.112026
v -0.581204 1.639565 -0.110044
v -0.593410 1.663744 -0.275232
v -0.578954 1.666252 -0.304230
v -0.563136 1.668443 -0.332504
v -0.527541 1.670395 -0.386587
v -0.507824 1.669861 -0.412247
v -0.486868 1.668421 -0.436888
v -0.538653 1.668482 -0.355144
v -0.531316 1.666278 -0.350307
v -0.523980 1.663529 -0.345470
v -0.561516 1.654195 -0.260439
v -0.547837 1.656551 -0.287878
v -0.532870 1.658747 -0.314633
v -0.509308 1.657170 -0.335797
v -0.501460 1.653885 -0.330622
v -0.492589 1.650704 -0.324773
v -0.499188 1.661236 -0.365809
v -0.480530 1.661242 -0.390090
v -0.460701 1.660520 -0.413407
v -0.614624 1.661709 -0.248884
v -0.622773 1.661346 -0.252183
v -0.630922 1.660399 -0.255483
v -0.647220 1.657552 -0.262083
v -0.655369 1.655899 -0.265383
v -0.663518 1.654154 -0.268683
v -0.625304 1.661682 -0.290024
v -0.610070 1.664238 -0.320581
v -0.593403 1.666502 -0.350375
v -0.553325 1.670480 -0.364818
v -0.560661 1.670257 -0.369655
v -0.567997 1.669452 -0.374492
v -0.555895 1.669223 -0.407364
v -0.535118 1.669490 -0.434404
v -0.513036 1.669084 -0.460369
v -0.582670 1.666800 -0.384166
v -0.590006 1.665187 -0.389003
v -0.597342 1.663458 -0.393840
v 0.618118 1.648950 0.215360
v 0.628309 1.647966 0.184635
v 0.637017 1.646820 0.153481
v 0.649861 1.643209 0.090186
v 0.653937 1.640796 0.058192
v 0.656408 1.638326 0.026066
v 0.652867 1.643675 0.123613
v 0.661523 1.641672 0.125251
v 0.670179 1.639582 0.126890
v 0.651340 1.638465 0.226935
v 0.662078 1.638431 0.194558
v 0.671254 1.638255 0.161730
v 0.687491 1.636292 0.130168
v 0.696147 1.635257 0.131807
v 0.704803 1.634467 0.133446
v 0.684789 1.636496 0.095033
v 0.689084 1.634904 0.061320
v 0.691688 1.633157 0.027467
v 0.598326 1.651232 0.242284
v 0.590177 1.651560 0.238984
v 0.582028 1.651041 0.235684
v 0.565730 1.647779 0.229085
v 0.557013 1.645400 0.225555
v 0.547159 1.642905 0.221564
v 0.584897 1.649042 0.203785
v 0.594540 1.648167 0.174711
v 0.602779 1.647027 0.145232
v 0.635555 1.646270 0.120335
v 0.626899 1.646607 0.118696
v 0.618243 1.646347 0.117057
v 0.614934 1.643555 0.085339
v 0.618790 1.641337 0.055065
v 0.621129 1.639085 0.024665
v 0.600931 1.644167 0.113779
v 0.591671 1.642464 0.112026
v 0.581204 1.640598 0.110044
v 0.593410 1.651261 0.275231
v 0.578954 1.652590 0.304229
v 0.563137 1.653758 0.332504
v 0.527541 1.654781 0.386587
v 0.507824 1.654582 0.412247
v 0.486868 1.654113 0.436888
v 0.538653 1.655172 0.355144
v 0.531316 1.654571 0.350307
v 0.523980 1.653063 0.345470
v 0.561517 1.650404 0.260439
v 0.547837 1.650889 0.287878
v 0.532870 1.651108 0.314633
v 0.509308 1.648575 0.335796
v 0.501460 1.646228 0.330622
v 0.492589 1.644244 0.324773
v 0.499188 1.650344 0.365809
v 0.480531 1.649403 0.390090
v 0.460701 1.648280 0.413406
v 0.614624 1.647722 0.248883
v 0.622773 1.644829 0.252183
v 0.630922 1.641667 0.255483
v 0.647220 1.636010 0.262083
v 0.655369 1.633764 0.265382
v 0.663518 1.631752 0.268682
v 0.625304 1.639097 0.290024
v 0.610071 1.639775 0.320581
v 0.593403 1.640474 0.350375
v 0.553325 1.652413 0.364818
v 0.560661 1.649162 0.369655
v 0.567998 1.645226 0.374492
v 0.555895 1.641270 0.407364
v 0.535118 1.641280 0.434403
v 0.513036 1.641134 0.460369
v 0.582670 1.636987 0.384166
v 0.590006 1.633065 0.389003
v 0.597343 1.629223 0.393839
v -0.280696 1.644850 -0.590845
v -0.309559 1.647154 -0.576122
v -0.337686 1.649703 -0.560045
v -0.391438 1.656042 -0.523952
v -0.416915 1.659645 -0.503999
v -0.441362 1.663118 -0.482816
v -0.369908 1.653937 -0.549935
v -0.374813 1.655543 -0.557227
v -0.379717 1.657343 -0.564518
v -0.295782 1.650447 -0.622601
v -0.326197 1.653569 -0.607087
v -0.355836 1.656481 -0.590145
v -0.389526 1.661128 -0.579100
v -0.394430 1.663016 -0.586392
v -0.399335 1.664903 -0.593683
v -0.412476 1.661894 -0.552112
v -0.439323 1.664330 -0.531087
v -0.465083 1.666421 -0.508766
v -0.247795 1.642945 -0.596065
v -0.244420 1.643701 -0.587947
v -0.241045 1.644782 -0.579829
v -0.234295 1.647310 -0.563593
v -0.230685 1.648512 -0.554908
v -0.226604 1.649547 -0.545092
v -0.265609 1.646810 -0.559090
v -0.292921 1.647732 -0.545157
v -0.319537 1.648921 -0.529944
v -0.360100 1.651700 -0.535353
v -0.355195 1.651089 -0.528061
v -0.350291 1.650714 -0.520770
v -0.370400 1.652580 -0.495791
v -0.394508 1.654896 -0.476911
v -0.417640 1.657174 -0.456867
v -0.340482 1.650360 -0.506187
v -0.335235 1.650235 -0.498388
v -0.329305 1.650052 -0.489571
v -0.221055 1.640473 -0.616105
v -0.190425 1.638379 -0.626579
v -0.159353 1.636490 -0.635573
v -0.096179 1.633747 -0.649002
v -0.064224 1.633084 -0.653373
v -0.032122 1.633005 -0.656140
v -0.126195 1.636818 -0.634418
v -0.124476 1.639063 -0.625777
v -0.122757 1.641512 -0.617137
v -0.209174 1.645289 -0.582991
v -0.180190 1.644652 -0.592902
v -0.150788 1.644205 -0.601414
v -0.119320 1.646485 -0.599856
v -0.117481 1.648800 -0.590613
v -0.115403 1.650899 -0.580164
v -0.091010 1.644211 -0.614120
v -0.060773 1.644786 -0.618256
v -0.030396 1.645798 -0.620875
v -0.254545 1.643016 -0.612302
v -0.257919 1.643916 -0.620420
v -0.261294 1.645289 -0.628538
v -0.268044 1.649138 -0.644774
v -0.271419 1.651458 -0.652892
v -0.274794 1.653935 -0.661011
v -0.232936 1.643340 -0.649218
v -0.200659 1.639508 -0.660255
v -0.167918 1.635766 -0.669733
v -0.129632 1.633474 -0.651699
v -0.131351 1.632542 -0.660339
v -0.133069 1.632147 -0.668980
v -0.101348 1.629382 -0.683883
v -0.067676 1.627049 -0.688489
v -0.033849 1.625425 -0.691405
v -0.136507 1.633099 -0.686261
v -0.138226 1.634329 -0.694901
v -0.139944 1.635860 -0.703542
v 0.280696 1.652201 0.590845
v 0.309559 1.652089 0.576122
v 0.337687 1.651971 0.560044
v 0.391438 1.652143 0.523952
v 0.416915 1.652498 0.503999
v 0.441362 1.652973 0.482816
v 0.369909 1.650621 0.549935
v 0.374813 1.647944 0.557226
v 0.379717 1.644313 0.564518
v 0.295782 1.639839 0.622601
v 0.326197 1.639929 0.607086
v 0.355836 1.640014 0.590145
v 0.389526 1.635757 0.579100
v 0.394431 1.631266 0.586392
v 0.399335 1.626690 0.593683
v 0.412477 1.640276 0.552112
v 0.439323 1.640467 0.531087
v 0.465083 1.640683 0.508766
v 0.247795 1.652300 0.596065
v 0.244420 1.651135 0.587947
v 0.241045 1.649019 0.579829
v 0.234295 1.643186 0.563592
v 0.230685 1.640135 0.554908
v 0.226604 1.637466 0.545091
v 0.265609 1.645697 0.559089
v 0.292922 1.645081 0.545157
v 0.319537 1.644581 0.529944
v 0.360100 1.651549 0.535353
v 0.355195 1.649853 0.528061
v 0.350291 1.647310 0.520770
v 0.370400 1.644596 0.495791
v 0.394508 1.645189 0.476910
v 0.417640 1.646058 0.456867
v 0.340482 1.641461 0.506187
v 0.335235 1.638882 0.498388
v 0.329305 1.636912 0.489571
v 0.221055 1.651983 0.616105
v 0.190425 1.651643 0.626578
v 0.159353 1.651281 0.635573
v 0.096179 1.650881 0.649001
v 0.064224 1.650877 0.653372
v 0.032122 1.650918 0.656140
v 0.126195 1.651590 0.634417
v 0.124476 1.651069 0.625777
v 0.122757 1.649536 0.617136
v 0.209174 1.646619 0.582991
v 0.180190 1.646828 0.592902
v 0.150788 1.646965 0.601413
v 0.119320 1.643859 0.599855
v 0.117481 1.640272 0.590612
v 0.115403 1.636793 0.580164
v 0.091010 1.647298 0.614120
v 0.060773 1.647496 0.618256
v 0.030396 1.647618 0.620875
v 0.254545 1.650526 0.612301
v 0.257920 1.647642 0.620420
v 0.261294 1.643916 0.628538
v 0.268044 1.635410 0.644774
v 0.271419 1.631024 0.652892
v 0.274794 1.626585 0.661010
v 0.232936 1.639534 0.649218
v 0.200659 1.639339 0.660255
v 0.167918 1.639179 0.669733
v 0.129632 1.649176 0.651699
v 0.131351 1.646406 0.660339
v 0.133070 1.642958 0.668980
v 0.101349 1.639153 0.683883
v 0.067676 1.639302 0.688489
v 0.033849 1.639512 0.691405
v 0.136507 1.635108 0.686261
v 0.138226 1.631013 0.694901
v 0.139944 1.626849 0.703542
v 0.221155 1.640136 -0.620221
v 0.190526 1.640289 -0.630125
v 0.159456 1.640229 -0.638541
v 0.096284 1.638359 -0.650793
v 0.064330 1.636653 -0.654569
v 0.032228 1.634938 -0.656739
v 0.129737 1.636069 -0.654113
v 0.131458 1.632731 -0.662786
v 0.133178 1.629875 -0.671458
v 0.233041 1.630670 -0.653556
v 0.200766 1.629628 -0.663992
v 0.168026 1.628691 -0.672860
v 0.136618 1.626448 -0.688803
v 0.138338 1.625863 -0.697476
v 0.140058 1.625729 -0.706148
v 0.101459 1.626535 -0.685771
v 0.067787 1.625442 -0.689750
v 0.033961 1.624709 -0.692036
v 0.247891 1.643106 -0.600680
v 0.244515 1.646542 -0.592499
v 0.241139 1.650488 -0.584318
v 0.234387 1.660433 -0.567955
v 0.230775 1.666130 -0.559204
v 0.226692 1.671735 -0.549311
v 0.209268 1.655685 -0.586887
v 0.180286 1.656015 -0.596258
v 0.150886 1.655887 -0.604222
v 0.126297 1.643347 -0.636768
v 0.124577 1.647117 -0.628096
v 0.122857 1.651029 -0.619423
v 0.091109 1.653551 -0.615815
v 0.060872 1.651499 -0.619389
v 0.030496 1.649301 -0.621442
v 0.119417 1.659445 -0.602078
v 0.117577 1.663711 -0.592801
v 0.115497 1.667646 -0.582314
v 0.280791 1.640307 -0.596072
v 0.309653 1.640999 -0.581886
v 0.337777 1.642219 -0.566332
v 0.391523 1.646609 -0.531240
v 0.416997 1.649380 -0.511761
v 0.441440 1.651878 -0.491034
v 0.360186 1.645420 -0.542058
v 0.355281 1.647213 -0.534675
v 0.350375 1.649741 -0.527292
v 0.265700 1.654361 -0.564036
v 0.293010 1.653714 -0.550612
v 0.319623 1.653307 -0.535894
v 0.340564 1.658223 -0.512527
v 0.335316 1.664009 -0.504630
v 0.329384 1.670196 -0.495703
v 0.370480 1.653894 -0.502688
v 0.394585 1.654681 -0.484256
v 0.417715 1.655292 -0.464643
v 0.254644 1.637241 -0.617042
v 0.258020 1.634847 -0.625223
v 0.261396 1.633034 -0.633404
v 0.268148 1.631812 -0.649766
v 0.271525 1.632341 -0.657947
v 0.274901 1.633326 -0.666128
v 0.295883 1.633668 -0.628109
v 0.326295 1.635758 -0.613161
v 0.355932 1.638219 -0.596771
v 0.369998 1.642824 -0.556823
v 0.374903 1.641832 -0.564206
v 0.379809 1.641196 -0.571588
v 0.412566 1.644185 -0.559792
v 0.439409 1.647273 -0.539267
v 0.465166 1.649896 -0.517425
v 0.389620 1.641458 -0.586353
v 0.394526 1.642323 -0.593736
v 0.399431 1.643483 -0.601119
v -0.593456 1.638028 0.286280
v -0.579004 1.639236 0.315009
v -0.563191 1.640452 0.342989
v -0.527604 1.642026 0.396409
v -0.507892 1.642321 0.421702
v -0.486940 1.642494 0.445953
v -0.553385 1.640116 0.375120
v -0.560722 1.638219 0.380094
v -0.568059 1.635962 0.385067
v -0.625352 1.633111 0.301667
v -0.610123 1.633417 0.331940
v -0.593461 1.633638 0.361424
v -0.582733 1.631172 0.395014
v -0.590070 1.628829 0.399988
v -0.597407 1.626505 0.404961
v -0.555961 1.632917 0.417714
v -0.535189 1.631966 0.444367
v -0.513111 1.630912 0.469921
v -0.598366 1.636968 0.253424
v -0.590217 1.636559 0.249972
v -0.582067 1.636081 0.246521
v -0.565768 1.635951 0.239618
v -0.557050 1.636678 0.235926
v -0.547196 1.638090 0.231752
v -0.561559 1.637070 0.270894
v -0.547885 1.638636 0.298078
v -0.532922 1.640275 0.324555
v -0.538711 1.642036 0.365173
v -0.531374 1.642112 0.360200
v -0.524037 1.641940 0.355226
v -0.499248 1.642913 0.375103
v -0.480594 1.643815 0.399037
v -0.460768 1.644591 0.421984
v -0.509363 1.641863 0.345279
v -0.501514 1.642267 0.339959
v -0.492642 1.643037 0.333945
v -0.618154 1.636514 0.226869
v -0.628340 1.636429 0.196333
v -0.637042 1.636791 0.165342
v -0.649877 1.638860 0.102286
v -0.653948 1.640497 0.070368
v -0.656413 1.642442 0.038287
v -0.635575 1.637290 0.132168
v -0.626919 1.636711 0.130368
v -0.618263 1.636063 0.128568
v -0.584930 1.635015 0.214675
v -0.594569 1.634724 0.185781
v -0.602804 1.634905 0.156455
v -0.600950 1.635347 0.124968
v -0.591690 1.635587 0.123042
v -0.581223 1.636372 0.120865
v -0.614948 1.636621 0.096788
v -0.618800 1.638019 0.066586
v -0.621134 1.639612 0.036230
v -0.614665 1.636538 0.260327
v -0.622815 1.635588 0.263779
v -0.630964 1.634341 0.267230
v -0.647263 1.631547 0.274133
v -0.655413 1.630146 0.277585
v -0.663562 1.628743 0.281036
v -0.651377 1.633148 0.239062
v -0.662111 1.633658 0.206885
v -0.671281 1.634416 0.174228
v -0.652888 1.637448 0.135768
v -0.661544 1.636946 0.137568
v -0.670200 1.636212 0.139368
v -0.684805 1.636438 0.107783
v -0.689095 1.637684 0.074150
v -0.691693 1.639142 0.040345
v -0.687513 1.634515 0.142968
v -0.696169 1.633668 0.144769
v -0.704825 1.632822 0.146569
v -0.221155 1.647498 0.620221
v -0.190526 1.648338 0.630125
v -0.159456 1.649161 0.638541
v -0.096284 1.650371 0.650793
v -0.064330 1.650696 0.654569
v -0.032228 1.650875 0.656739
v -0.129738 1.648436 0.654113
v -0.131458 1.646116 0.662785
v -0.133178 1.643086 0.671458
v -0.233041 1.635912 0.653556
v -0.200766 1.637360 0.663992
v -0.168026 1.638606 0.672860
v -0.136618 1.635605 0.688803
v -0.138338 1.631420 0.697475
v -0.140058 1.627058 0.706148
v -0.101459 1.639983 0.685771
v -0.067788 1.640099 0.689750
v -0.033961 1.639984 0.692036
v -0.247892 1.647868 0.600679
v -0.244515 1.648115 0.592498
v -0.241139 1.647576 0.584317
v -0.234387 1.644558 0.567955
v -0.230775 1.642473 0.559204
v -0.226693 1.640390 0.549311
v -0.209269 1.646048 0.586886
v -0.180286 1.645938 0.596258
v -0.150886 1.646005 0.604222
v -0.126297 1.650239 0.636768
v -0.124577 1.649670 0.628095
v -0.122857 1.648291 0.619423
v -0.091109 1.646587 0.615815
v -0.060873 1.646993 0.619388
v -0.030496 1.647359 0.621441
v -0.119417 1.643608 0.602078
v -0.117577 1.640799 0.592800
v -0.115497 1.638169 0.582313
v -0.280792 1.646139 0.596072
v -0.309653 1.645651 0.581886
v -0.337777 1.645206 0.566332
v -0.391523 1.644186 0.531240
v -0.416997 1.643616 0.511761
v -0.441440 1.643098 0.491034
v -0.360187 1.646821 0.542058
v -0.355281 1.648016 0.534675
v -0.350376 1.648401 0.527292
v -0.265700 1.646885 0.564035
v -0.293010 1.647459 0.550612
v -0.319623 1.647907 0.535894
v -0.340564 1.647053 0.512527
v -0.335317 1.645611 0.504630
v -0.329385 1.643939 0.495702
v -0.370480 1.647727 0.502688
v -0.394585 1.647073 0.484256
v -0.417715 1.646235 0.464643
v -0.254644 1.644606 0.617041
v -0.258020 1.641700 0.625222
v -0.261396 1.638224 0.633403
v -0.268149 1.630412 0.649765
v -0.271525 1.626324 0.657946
v -0.274901 1.622163 0.666127
v -0.295883 1.632924 0.628109
v -0.326295 1.631590 0.613160
v -0.355932 1.630470 0.596770
v -0.369998 1.641689 0.556823
v -0.374903 1.637964 0.564205
v -0.379809 1.633852 0.571588
v -0.412566 1.629192 0.559792
v -0.439409 1.629102 0.539267
v -0.465166 1.629366 0.517425
v -0.389620 1.625631 0.586353
v -0.394526 1.621763 0.593736
v -0.399431 1.617993 0.601118
v -0.186682 1.644892 -0.392952
v -0.205878 1.644475 -0.383160
v -0.224584 1.643969 -0.372468
v -0.260333 1.641991 -0.348463
v -0.277277 1.640510 -0.335193
v -0.293535 1.638919 -0.321105
v -0.253129 1.644231 -0.376322
v -0.263506 1.645194 -0.391750
v -0.273883 1.646102 -0.407177
v -0.218602 1.649300 -0.460143
v -0.241081 1.648574 -0.448677
v -0.262986 1.647828 -0.436156
v -0.294637 1.647809 -0.438032
v -0.304672 1.648579 -0.452950
v -0.314023 1.649237 -0.466852
v -0.304847 1.645905 -0.408047
v -0.324688 1.644735 -0.392508
v -0.343727 1.643561 -0.376011
v -0.159904 1.643541 -0.384646
v -0.152763 1.641626 -0.367469
v -0.145623 1.639859 -0.350292
v -0.131341 1.637613 -0.315938
v -0.124336 1.637156 -0.299089
v -0.117604 1.636891 -0.282893
v -0.154761 1.639019 -0.325761
v -0.170675 1.639540 -0.317644
v -0.186183 1.639852 -0.308779
v -0.232375 1.642083 -0.345468
v -0.221998 1.641040 -0.330040
v -0.211621 1.640223 -0.314613
v -0.215818 1.639183 -0.288880
v -0.229865 1.638173 -0.277879
v -0.243344 1.636894 -0.266200
v -0.190867 1.639888 -0.283758
v -0.180652 1.640248 -0.268603
v -0.170761 1.640590 -0.253991
v -0.147016 1.646154 -0.409751
v -0.126645 1.647200 -0.416717
v -0.105981 1.648562 -0.422699
v -0.063966 1.652344 -0.431630
v -0.042714 1.654497 -0.434537
v -0.021364 1.656431 -0.436377
v -0.081434 1.647449 -0.409395
v -0.077798 1.644318 -0.391113
v -0.074161 1.641141 -0.372831
v -0.121878 1.638003 -0.339688
v -0.104990 1.637756 -0.345463
v -0.087859 1.637789 -0.350422
v -0.066888 1.635711 -0.336267
v -0.063330 1.633667 -0.318292
v -0.059930 1.631991 -0.300931
v -0.053028 1.639021 -0.357826
v -0.035410 1.640062 -0.360236
v -0.017711 1.641068 -0.361761
v -0.174186 1.646974 -0.419000
v -0.181326 1.648284 -0.436177
v -0.188467 1.649325 -0.453354
v -0.202749 1.650608 -0.487707
v -0.209654 1.650829 -0.504318
v -0.216089 1.650741 -0.519796
v -0.172155 1.651064 -0.479815
v -0.148300 1.652278 -0.487972
v -0.124102 1.653824 -0.494977
v -0.088708 1.652507 -0.445959
v -0.092344 1.654172 -0.464241
v -0.095981 1.655264 -0.482524
v -0.074903 1.658247 -0.505434
v -0.050017 1.660970 -0.508838
v -0.025016 1.663719 -0.510994
v -0.103254 1.655741 -0.519088
v -0.106771 1.655180 -0.536767
v -0.110048 1.654152 -0.553242
v 0.186682 1.646269 0.392952
v 0.205878 1.646080 0.383160
v 0.224584 1.646117 0.372467
v 0.260333 1.647761 0.348463
v 0.277277 1.649338 0.335193
v 0.293535 1.651081 0.321105
v 0.253129 1.645240 0.376322
v 0.263506 1.643689 0.391749
v 0.273883 1.642001 0.407177
v 0.218602 1.637771 0.460143
v 0.241081 1.638431 0.448676
v 0.262986 1.639178 0.436155
v 0.294638 1.638424 0.438031
v 0.304673 1.636889 0.452950
v 0.314023 1.635924 0.466852
v 0.304847 1.641800 0.408047
v 0.324688 1.643611 0.392508
v 0.343727 1.645380 0.376011
v 0.159904 1.649698 0.384646
v 0.152763 1.652901 0.367469
v 0.145623 1.655708 0.350292
v 0.131341 1.658694 0.315938
v 0.124336 1.658669 0.299088
v 0.117604 1.657841 0.282893
v 0.154761 1.655388 0.325761
v 0.170675 1.652855 0.317643
v 0.186183 1.650470 0.308779
v 0.232375 1.647727 0.345467
v 0.221998 1.648499 0.330040
v 0.211621 1.648808 0.314613
v 0.215818 1.647391 0.288879
v 0.229865 1.646968 0.277878
v 0.243344 1.647238 0.266199
v 0.190867 1.647598 0.283758
v 0.180652 1.646162 0.268603
v 0.170761 1.644434 0.253991
v 0.147016 1.646434 0.409751
v 0.126645 1.646350 0.416717
v 0.105981 1.646369 0.422699
v 0.063966 1.647362 0.431630
v 0.042714 1.648297 0.434537
v 0.021364 1.649257 0.436377
v 0.081434 1.651919 0.409395
v 0.077798 1.657102 0.391113
v 0.074161 1.661556 0.372831
v 0.121878 1.659657 0.339688
v 0.104990 1.661294 0.345463
v 0.087859 1.662883 0.350422
v 0.066888 1.665695 0.336266
v 0.063330 1.665025 0.318292
v 0.059930 1.662917 0.300931
v 0.053028 1.666765 0.357825
v 0.035410 1.668941 0.360235
v 0.017711 1.670834 0.361761
v 0.174186 1.643550 0.419000
v 0.181326 1.640986 0.436176
v 0.188467 1.638789 0.453353
v 0.202749 1.635580 0.487707
v 0.209654 1.634758 0.504318
v 0.216089 1.634686 0.519796
v 0.172155 1.635842 0.479814
v 0.148300 1.634568 0.487971
v 0.124102 1.633370 0.494976
v 0.088708 1.641949 0.445959
v 0.092344 1.637933 0.464241
v 0.095981 1.634729 0.482523
v 0.074903 1.632049 0.505434
v 0.050017 1.632065 0.508838
v 0.025017 1.632436 0.510993
v 0.103254 1.631252 0.519087
v 0.106771 1.631092 0.536767
v 0.110048 1.631971 0.553241
v 0.147083 1.667818 -0.412489
v 0.126713 1.664645 -0.419076
v 0.106049 1.661949 -0.424673
v 0.064035 1.659078 -0.432822
v 0.042784 1.658716 -0.435333
v 0.021434 1.658459 -0.436776
v 0.088780 1.664576 -0.447612
v 0.092419 1.668664 -0.465961
v 0.096059 1.671982 -0.484311
v 0.172232 1.682695 -0.483021
v 0.148379 1.679736 -0.490733
v 0.124182 1.676851 -0.497288
v 0.103338 1.675155 -0.521011
v 0.106857 1.674839 -0.538756
v 0.110137 1.673406 -0.555291
v 0.074985 1.672108 -0.506830
v 0.050099 1.670220 -0.509770
v 0.025099 1.668347 -0.511460
v 0.159966 1.665644 -0.387624
v 0.152823 1.660001 -0.370314
v 0.145679 1.654642 -0.353004
v 0.131392 1.646261 -0.318384
v 0.124385 1.643566 -0.301404
v 0.117649 1.641807 -0.285083
v 0.121933 1.647650 -0.341958
v 0.105046 1.645561 -0.347418
v 0.087916 1.643836 -0.352058
v 0.081501 1.655235 -0.410912
v 0.077861 1.650558 -0.392562
v 0.074222 1.646264 -0.374212
v 0.053086 1.642142 -0.358813
v 0.035468 1.642037 -0.360895
v 0.017769 1.642024 -0.362092
v 0.066943 1.639978 -0.337512
v 0.063382 1.638178 -0.319471
v 0.059978 1.637140 -0.302048
v 0.186745 1.674512 -0.396428
v 0.205940 1.677406 -0.386994
v 0.224645 1.679524 -0.376649
v 0.260389 1.680014 -0.353311
v 0.277331 1.678325 -0.340356
v 0.293588 1.675742 -0.326571
v 0.232431 1.674901 -0.349794
v 0.222052 1.668931 -0.334174
v 0.211672 1.663080 -0.318553
v 0.154814 1.652258 -0.328643
v 0.170726 1.654452 -0.320822
v 0.186233 1.656361 -0.312246
v 0.190913 1.653646 -0.287312
v 0.180696 1.650443 -0.271967
v 0.170803 1.648122 -0.257171
v 0.215865 1.658687 -0.292898
v 0.229910 1.659031 -0.282159
v 0.243387 1.658946 -0.270731
v 0.174253 1.676290 -0.422243
v 0.181397 1.680594 -0.439553
v 0.188541 1.683782 -0.456863
v 0.202828 1.685497 -0.491483
v 0.209736 1.683900 -0.508222
v 0.216173 1.680938 -0.523820
v 0.218677 1.688027 -0.464214
v 0.241154 1.689995 -0.453166
v 0.263057 1.691224 -0.441053
v 0.253190 1.685286 -0.381036
v 0.263570 1.688916 -0.396656
v 0.273950 1.691093 -0.412277
v 0.304913 1.690649 -0.413723
v 0.324752 1.688831 -0.398553
v 0.343788 1.686251 -0.382411
v 0.294709 1.689860 -0.443518
v 0.304746 1.686522 -0.458624
v 0.314099 1.681879 -0.472699
v -0.394688 1.678982 0.190396
v -0.385077 1.678225 0.209502
v -0.374560 1.675881 0.228111
v -0.350893 1.667040 0.263639
v -0.337782 1.661327 0.280460
v -0.323848 1.655592 0.296589
v -0.378683 1.667807 0.256696
v -0.394207 1.663183 0.267219
v -0.409731 1.658585 0.277742
v -0.462176 1.657632 0.222951
v -0.450921 1.657292 0.245325
v -0.438606 1.656209 0.267116
v -0.440779 1.650892 0.298789
v -0.455792 1.648087 0.308965
v -0.469781 1.645887 0.318448
v -0.410892 1.651760 0.308718
v -0.395540 1.648751 0.328416
v -0.379222 1.645708 0.347302
v -0.386131 1.680781 0.163537
v -0.368887 1.682187 0.156234
v -0.351644 1.682278 0.148931
v -0.317158 1.678756 0.134325
v -0.300243 1.675743 0.127161
v -0.283985 1.672613 0.120275
v -0.327200 1.683876 0.157840
v -0.319232 1.684594 0.173679
v -0.310514 1.683419 0.189106
v -0.347635 1.675709 0.235649
v -0.332110 1.678439 0.225126
v -0.316586 1.680100 0.214603
v -0.290893 1.675994 0.218559
v -0.280025 1.670676 0.232504
v -0.268473 1.665331 0.245875
v -0.285538 1.679454 0.193556
v -0.270287 1.677516 0.183198
v -0.255583 1.675248 0.173169
v -0.411114 1.675118 0.150883
v -0.417888 1.670724 0.130575
v -0.423676 1.665195 0.109963
v -0.432212 1.652255 0.068027
v -0.434919 1.645672 0.046799
v -0.436559 1.639611 0.025463
v -0.410142 1.658986 0.085289
v -0.391826 1.658082 0.081480
v -0.373511 1.656467 0.077671
v -0.340818 1.676159 0.125083
v -0.346434 1.669638 0.108248
v -0.351232 1.662178 0.091161
v -0.336880 1.652167 0.070054
v -0.318872 1.650007 0.066327
v -0.301481 1.648180 0.062763
v -0.358308 1.646951 0.056395
v -0.360552 1.640146 0.038797
v -0.361912 1.634323 0.021109
v -0.420617 1.673776 0.178142
v -0.437860 1.668592 0.185445
v -0.455104 1.662922 0.192748
v -0.489590 1.652024 0.207354
v -0.506265 1.647387 0.214417
v -0.521803 1.643442 0.220997
v -0.481410 1.656133 0.176682
v -0.489343 1.654375 0.152902
v -0.496121 1.652035 0.128766
v -0.446773 1.657593 0.092906
v -0.465088 1.655331 0.096715
v -0.483404 1.652427 0.100524
v -0.506116 1.645882 0.079659
v -0.509286 1.642427 0.054801
v -0.511206 1.639111 0.029818
v -0.520035 1.645897 0.108141
v -0.537747 1.642772 0.111824
v -0.554251 1.640010 0.115257
v -0.147083 1.646208 0.412489
v -0.126713 1.647513 0.419075
v -0.106049 1.648662 0.424673
v -0.064036 1.650197 0.432821
v -0.042784 1.650491 0.435333
v -0.021434 1.650445 0.436776
v -0.088780 1.644992 0.447611
v -0.092419 1.641314 0.465961
v -0.096059 1.638487 0.484311
v -0.172233 1.636918 0.483020
v -0.148380 1.636921 0.490733
v -0.124182 1.636800 0.497288
v -0.103338 1.635148 0.521011
v -0.106858 1.634622 0.538756
v -0.110137 1.634919 0.555291
v -0.074985 1.635771 0.506829
v -0.050099 1.634893 0.509770
v -0.025099 1.633954 0.511460
v -0.159967 1.649665 0.387623
v -0.152823 1.655224 0.370313
v -0.145679 1.660834 0.353004
v -0.131392 1.669548 0.318384
v -0.124385 1.671821 0.301404
v -0.117649 1.672486 0.285083
v -0.121933 1.667518 0.341958
v -0.105046 1.668715 0.347418
v -0.087916 1.669621 0.352058
v -0.081501 1.655143 0.410912
v -0.077861 1.660954 0.392562
v -0.074222 1.666291 0.374212
v -0.053086 1.671352 0.358813
v -0.035468 1.672112 0.360895
v -0.017769 1.672454 0.362091
v -0.066943 1.672660 0.337512
v -0.063382 1.673044 0.319471
v -0.059978 1.671660 0.302047
v -0.186745 1.643432 0.396428
v -0.205940 1.642250 0.386993
v -0.224645 1.641495 0.376649
v -0.260390 1.642128 0.353310
v -0.277331 1.643827 0.340356
v -0.293588 1.646575 0.326571
v -0.232432 1.644737 0.349794
v -0.222052 1.648742 0.334174
v -0.211672 1.652852 0.318553
v -0.154814 1.663455 0.328643
v -0.170726 1.660824 0.320822
v -0.186233 1.658368 0.312246
v -0.190913 1.659193 0.287312
v -0.180696 1.660863 0.271966
v -0.170803 1.661513 0.257171
v -0.215866 1.655705 0.292898
v -0.229911 1.656054 0.282158
v -0.243387 1.657692 0.270730
v -0.174254 1.641364 0.422243
v -0.181397 1.639048 0.439553
v -0.188541 1.637638 0.456863
v -0.202828 1.636582 0.491483
v -0.209736 1.636735 0.508222
v -0.216173 1.637395 0.523820
v -0.218677 1.636960 0.464213
v -0.241154 1.637135 0.453165
v -0.263057 1.637447 0.441052
v -0.253191 1.639224 0.381035
v -0.263570 1.638063 0.396656
v -0.273950 1.637697 0.412276
v -0.304914 1.638587 0.413723
v -0.324752 1.639570 0.398553
v -0.343788 1.640998 0.382411
v -0.294709 1.638541 0.443518
v -0.304746 1.639501 0.458623
v -0.314099 1.640754 0.472699
v 0.394688 1.649070 -0.190396
v 0.385077 1.651600 -0.209502
v 0.374560 1.654652 -0.228111
v 0.350893 1.661700 -0.263639
v 0.337782 1.665409 -0.280460
v 0.323848 1.669072 -0.296589
v 0.378683 1.660841 -0.256696
v 0.394207 1.663738 -0.267219
v 0.409731 1.666152 -0.277742
v 0.462176 1.654984 -0.222951
v 0.450921 1.658989 -0.245325
v 0.438606 1.663198 -0.267116
v 0.440779 1.667096 -0.298789
v 0.455792 1.665391 -0.308965
v 0.469781 1.662730 -0.318448
v 0.410892 1.671680 -0.308718
v 0.395539 1.675737 -0.328416
v 0.379222 1.679569 -0.347302
v 0.386131 1.647097 -0.163537
v 0.368887 1.647611 -0.156234
v 0.351644 1.648592 -0.148931
v 0.317158 1.651284 -0.134325
v 0.300243 1.652516 -0.127161
v 0.283985 1.653259 -0.120275
v 0.327200 1.650628 -0.157840
v 0.319232 1.651776 -0.173680
v 0.310514 1.653141 -0.189106
v 0.347635 1.656037 -0.235649
v 0.332110 1.654758 -0.225126
v 0.316586 1.654255 -0.214603
v 0.290893 1.655818 -0.218559
v 0.280025 1.656924 -0.232505
v 0.268473 1.657834 -0.245875
v 0.285538 1.655655 -0.193556
v 0.270287 1.657010 -0.183198
v 0.255583 1.658046 -0.173169
v 0.411114 1.646203 -0.150883
v 0.417888 1.645960 -0.130575
v 0.423676 1.646428 -0.109963
v 0.432212 1.649245 -0.068027
v 0.434919 1.651008 -0.046799
v 0.436559 1.652312 -0.025464
v 0.410142 1.649252 -0.085289
v 0.391827 1.650847 -0.081480
v 0.373511 1.652057 -0.077672
v 0.340818 1.649688 -0.125084
v 0.346434 1.650078 -0.108248
v 0.351232 1.651050 -0.091161
v 0.336880 1.652232 -0.070054
v 0.318873 1.651180 -0.066327
v 0.301481 1.649706 -0.062763
v 0.358308 1.654760 -0.056395
v 0.360552 1.656933 -0.038797
v 0.361912 1.658553 -0.021110
v 0.420617 1.648143 -0.178143
v 0.437860 1.649429 -0.185446
v 0.455104 1.650635 -0.192749
v 0.489590 1.651042 -0.207354
v 0.506265 1.649984 -0.214417
v 0.521803 1.648331 -0.220998
v 0.481411 1.648136 -0.176683
v 0.489343 1.645479 -0.152902
v 0.496121 1.643398 -0.128766
v 0.446773 1.645992 -0.092907
v 0.465088 1.644564 -0.096715
v 0.483404 1.643225 -0.100524
v 0.506116 1.641155 -0.079659
v 0.509286 1.640757 -0.054802
v 0.511206 1.640460 -0.029818
v 0.520035 1.640678 -0.108141
v 0.537747 1.639439 -0.111825
v 0.554251 1.638226 -0.115257
v -0.411090 1.626609 -0.143229
v -0.417868 1.626033 -0.122795
v -0.423659 1.625836 -0.102076
v -0.432202 1.626858 -0.059980
v -0.434912 1.628369 -0.038702
v -0.436556 1.630848 -0.017336
v -0.446759 1.627197 -0.084589
v -0.465073 1.628451 -0.088056
v -0.483388 1.629792 -0.091524
v -0.481383 1.632293 -0.167720
v -0.489319 1.631550 -0.143791
v -0.496100 1.631162 -0.119529
v -0.520018 1.632516 -0.098459
v -0.537729 1.633936 -0.101813
v -0.554233 1.635521 -0.104938
v -0.506104 1.631602 -0.070236
v -0.509278 1.632542 -0.045320
v -0.511202 1.634058 -0.020300
v -0.386105 1.626532 -0.156348
v -0.368863 1.625898 -0.149366
v -0.351621 1.625652 -0.142384
v -0.317137 1.626550 -0.128420
v -0.300223 1.627497 -0.121571
v -0.283966 1.628438 -0.114988
v -0.340798 1.625246 -0.118738
v -0.346417 1.624839 -0.101798
v -0.351218 1.624621 -0.084622
v -0.410129 1.625181 -0.077653
v -0.391814 1.624567 -0.074186
v -0.373499 1.624337 -0.070718
v -0.358299 1.624712 -0.049724
v -0.360547 1.625381 -0.032084
v -0.361909 1.626959 -0.014372
v -0.336869 1.625394 -0.063782
v -0.318862 1.626540 -0.060391
v -0.301471 1.627787 -0.057150
v -0.394658 1.628629 -0.183048
v -0.385043 1.629911 -0.202333
v -0.374524 1.631252 -0.221138
v -0.350850 1.633739 -0.257106
v -0.337737 1.634878 -0.274172
v -0.323800 1.636064 -0.290560
v -0.347597 1.631494 -0.229178
v -0.332075 1.630703 -0.218943
v -0.316552 1.630203 -0.208709
v -0.327175 1.626664 -0.151748
v -0.319205 1.627652 -0.167736
v -0.310484 1.628780 -0.183325
v -0.285507 1.630150 -0.188241
v -0.270258 1.630430 -0.178166
v -0.255556 1.630668 -0.168411
v -0.290859 1.631316 -0.213144
v -0.279988 1.632674 -0.227291
v -0.268434 1.634068 -0.240877
v -0.420589 1.628739 -0.170312
v -0.437831 1.630180 -0.177294
v -0.455073 1.631742 -0.184276
v -0.489557 1.634927 -0.198240
v -0.506231 1.636582 -0.204991
v -0.521768 1.638427 -0.211283
v -0.462140 1.634685 -0.214347
v -0.450882 1.636154 -0.236930
v -0.438563 1.637616 -0.258950
v -0.378642 1.633876 -0.249646
v -0.394164 1.635406 -0.259880
v -0.409687 1.637104 -0.270115
v -0.410842 1.639949 -0.301069
v -0.395487 1.640800 -0.321053
v -0.379167 1.641605 -0.340243
v -0.440731 1.640834 -0.290583
v -0.455742 1.642894 -0.300480
v -0.469730 1.645178 -0.309702
v 0.411090 1.641869 0.143229
v 0.417868 1.641786 0.122794
v 0.423659 1.642660 0.102075
v 0.432202 1.646759 0.059980
v 0.434912 1.649305 0.038702
v 0.436556 1.651446 0.017336
v 0.446759 1.641615 0.084588
v 0.465073 1.639040 0.088056
v 0.483388 1.636934 0.091524
v 0.481383 1.635480 0.167720
v 0.489319 1.634927 0.143791
v 0.496100 1.634999 0.119529
v 0.520018 1.635323 0.098459
v 0.537729 1.635902 0.101813
v 0.554233 1.637117 0.104938
v 0.506104 1.636615 0.070236
v 0.509278 1.637834 0.045319
v 0.511202 1.639029 0.020300
v 0.386105 1.645080 0.156348
v 0.368863 1.646706 0.149366
v 0.351621 1.647524 0.142384
v 0.317137 1.645159 0.128420
v 0.300223 1.642196 0.121571
v 0.283966 1.638863 0.114988
v 0.340798 1.646595 0.118738
v 0.346417 1.646944 0.101798
v 0.351218 1.648127 0.084621
v 0.410129 1.646979 0.077653
v 0.391814 1.649071 0.074185
v 0.373499 1.650239 0.070718
v 0.358299 1.652760 0.049724
v 0.360547 1.655548 0.032084
v 0.361909 1.657845 0.014371
v 0.336869 1.648212 0.063782
v 0.318862 1.645265 0.060390
v 0.301471 1.641888 0.057150
v 0.394658 1.645424 0.183047
v 0.385043 1.648406 0.202333
v 0.374524 1.651370 0.221138
v 0.350851 1.654766 0.257106
v 0.337737 1.654810 0.274172
v 0.323800 1.654058 0.290560
v 0.347597 1.654921 0.229177
v 0.332075 1.655410 0.218943
v 0.316552 1.654891 0.208709
v 0.327175 1.648635 0.151748
v 0.319205 1.650509 0.167736
v 0.310484 1.652186 0.183325
v 0.285507 1.649743 0.188240
v 0.270258 1.645487 0.178166
v 0.255556 1.640967 0.168410
v 0.290859 1.652653 0.213143
v 0.279988 1.651358 0.227291
v 0.268434 1.649697 0.240877
v 0.420589 1.640976 0.170312
v 0.437831 1.639102 0.177294
v 0.455073 1.637626 0.184275
v 0.489557 1.636712 0.198239
v 0.506231 1.637394 0.204991
v 0.521768 1.638714 0.211283
v 0.462140 1.638867 0.214347
v 0.450882 1.641389 0.236930
v 0.438564 1.643915 0.258950
v 0.378642 1.652004 0.249646
v 0.394164 1.650036 0.259880
v 0.409687 1.647982 0.270114
v 0.410842 1.647326 0.301069
v 0.395487 1.647854 0.321052
v 0.379167 1.647669 0.340243
v 0.440732 1.644373 0.290583
v 0.455742 1.643188 0.300480
v 0.469730 1.642652 0.309702
v -0.181357 1.626444 -0.068379
v -0.179377 1.627922 -0.060449
v -0.177242 1.629991 -0.051387
v -0.173320 1.635124 -0.031169
v -0.171856 1.637803 -0.020455
v -0.170883 1.640301 -0.009497
v -0.188531 1.632178 -0.041561
v -0.201855 1.631768 -0.042243
v -0.215154 1.631303 -0.043440
v -0.222340 1.628386 -0.078197
v -0.225080 1.629128 -0.067457
v -0.227067 1.629958 -0.056384
v -0.241796 1.630513 -0.046882
v -0.255466 1.630148 -0.049012
v -0.269769 1.629649 -0.051428
v -0.229411 1.631820 -0.033438
v -0.229998 1.632936 -0.021674
v -0.230292 1.634307 -0.009793
v -0.177779 1.624917 -0.077048
v -0.170758 1.624203 -0.081334
v -0.162826 1.623765 -0.086319
v -0.145729 1.623711 -0.098026
v -0.137108 1.624077 -0.104656
v -0.128664 1.624682 -0.111801
v -0.145264 1.624491 -0.082059
v -0.136690 1.626230 -0.071625
v -0.128674 1.628659 -0.060632
v -0.161696 1.632526 -0.042240
v -0.148199 1.632401 -0.043737
v -0.134705 1.632094 -0.046020
v -0.114475 1.634941 -0.037054
v -0.108899 1.638272 -0.024612
v -0.105099 1.641250 -0.011898
v -0.107897 1.630981 -0.052993
v -0.095120 1.630256 -0.058003
v -0.083416 1.629507 -0.064438
v -0.189161 1.625744 -0.076598
v -0.197984 1.626165 -0.080171
v -0.207932 1.626900 -0.084199
v -0.229938 1.628493 -0.093110
v -0.241885 1.629041 -0.097948
v -0.254736 1.629284 -0.103152
v -0.213969 1.627218 -0.098480
v -0.208330 1.626898 -0.108047
v -0.201917 1.626873 -0.117328
v -0.163934 1.623721 -0.101165
v -0.173924 1.624561 -0.109924
v -0.184261 1.625829 -0.118298
v -0.187362 1.628074 -0.135329
v -0.179461 1.629253 -0.144132
v -0.171270 1.630637 -0.152814
v -0.205708 1.628488 -0.134329
v -0.216970 1.629522 -0.142294
v -0.228885 1.630274 -0.150496
v 0.181357 1.633167 0.068379
v 0.179377 1.634322 0.060449
v 0.177242 1.635859 0.051387
v 0.173320 1.640215 0.031168
v 0.171856 1.642659 0.020455
v 0.170883 1.644732 0.009496
v 0.188531 1.636676 0.041561
v 0.201855 1.635539 0.042243
v 0.215154 1.634605 0.043440
v 0.222340 1.631224 0.078197
v 0.225080 1.631774 0.067457
v 0.227067 1.632673 0.056384
v 0.241796 1.634166 0.046882
v 0.255466 1.634928 0.049012
v 0.269769 1.636428 0.051428
v 0.229411 1.636145 0.033438
v 0.229998 1.638479 0.021673
v 0.230292 1.640684 0.009793
v 0.177779 1.632289 0.077048
v 0.170758 1.632058 0.081334
v 0.162826 1.631776 0.086319
v 0.145729 1.631133 0.098026
v 0.137108 1.630816 0.104656
v 0.128664 1.630534 0.111801
v 0.145264 1.633323 0.082059
v 0.136690 1.635545 0.071625
v 0.128674 1.637967 0.060632
v 0.161696 1.638739 0.042240
v 0.148199 1.639475 0.043736
v 0.134705 1.640033 0.046020
v 0.114475 1.642770 0.037054
v 0.108899 1.644837 0.024612
v 0.105099 1.646478 0.011898
v 0.107897 1.640678 0.052993
v 0.095120 1.640651 0.058003
v 0.083416 1.640219 0.064438
v 0.189161 1.631917 0.076598
v 0.197984 1.631347 0.080171
v 0.207932 1.630957 0.084199
v 0.229938 1.631194 0.093110
v 0.241885 1.632048 0.097948
v 0.254736 1.633537 0.103152
v 0.213969 1.630549 0.098480
v 0.208330 1.630214 0.108046
v 0.201917 1.629805 0.117327
v 0.163934 1.630122 0.101165
v 0.173924 1.629307 0.109924
v 0.184261 1.629021 0.118298
v 0.187362 1.628546 0.135329
v 0.179461 1.627895 0.144131
v 0.171270 1.627572 0.152814
v 0.205708 1.630049 0.134329
v 0.216970 1.631489 0.142294
v 0.228885 1.633707 0.150495
v -0.078685 1.631698 -0.177061
v -0.082906 1.631487 -0.170001
v -0.087817 1.630859 -0.162023
v -0.099366 1.628849 -0.144818
v -0.105916 1.627686 -0.136136
v -0.112983 1.626542 -0.127627
v -0.102673 1.631453 -0.162993
v -0.111524 1.633062 -0.172902
v -0.119994 1.634703 -0.183162
v -0.100450 1.635566 -0.213052
v -0.109964 1.636290 -0.207324
v -0.119186 1.636529 -0.200826
v -0.136221 1.637832 -0.204460
v -0.144290 1.639139 -0.215648
v -0.152601 1.640114 -0.227487
v -0.137052 1.635673 -0.186106
v -0.145781 1.634695 -0.178124
v -0.154388 1.633471 -0.169852
v -0.070050 1.630661 -0.180718
v -0.062101 1.629268 -0.178812
v -0.053020 1.627773 -0.176760
v -0.032767 1.626118 -0.173025
v -0.022040 1.626367 -0.171660
v -0.011073 1.627331 -0.170788
v -0.043730 1.626587 -0.161300
v -0.045102 1.626658 -0.147789
v -0.047261 1.626801 -0.134274
v -0.083396 1.628577 -0.144500
v -0.072883 1.627532 -0.136023
v -0.061817 1.626961 -0.128110
v -0.053986 1.627326 -0.107404
v -0.058878 1.627719 -0.094580
v -0.065205 1.628209 -0.082818
v -0.038109 1.627877 -0.114129
v -0.025616 1.629418 -0.108668
v -0.012868 1.631538 -0.104985
v -0.078340 1.632331 -0.188447
v -0.081994 1.633108 -0.197236
v -0.086114 1.633741 -0.207146
v -0.095228 1.634973 -0.229069
v -0.100176 1.635611 -0.240971
v -0.105498 1.636183 -0.253773
v -0.080246 1.632550 -0.221609
v -0.069531 1.630575 -0.224448
v -0.058477 1.628750 -0.226538
v -0.043299 1.626649 -0.188140
v -0.044104 1.626797 -0.201457
v -0.045423 1.627048 -0.214745
v -0.035553 1.626939 -0.229093
v -0.023795 1.627219 -0.229788
v -0.011918 1.628182 -0.230192
v -0.049111 1.627941 -0.241353
v -0.051368 1.628629 -0.255003
v -0.053915 1.629515 -0.269283
v 0.078685 1.635458 0.177061
v 0.082906 1.634080 0.170000
v 0.087817 1.632607 0.162023
v 0.099366 1.630586 0.144818
v 0.105917 1.630233 0.136136
v 0.112983 1.630178 0.127626
v 0.102673 1.632062 0.162993
v 0.111524 1.633179 0.172902
v 0.119994 1.634567 0.183162
v 0.100450 1.645148 0.213052
v 0.109964 1.642588 0.207324
v 0.119186 1.639404 0.200826
v 0.136221 1.637649 0.204460
v 0.144290 1.639238 0.215648
v 0.152601 1.640885 0.227487
v 0.137052 1.633175 0.186105
v 0.145781 1.630746 0.178124
v 0.154388 1.628926 0.169852
v 0.070050 1.635448 0.180718
v 0.062101 1.634006 0.178812
v 0.053020 1.632398 0.176760
v 0.032767 1.629899 0.173025
v 0.022040 1.629380 0.171660
v 0.011073 1.629437 0.170788
v 0.043730 1.630103 0.161300
v 0.045102 1.630017 0.147789
v 0.047261 1.630612 0.134274
v 0.083396 1.631147 0.144500
v 0.072883 1.631288 0.136023
v 0.061817 1.631577 0.128109
v 0.053986 1.633606 0.107404
v 0.058878 1.635640 0.094580
v 0.065205 1.637625 0.082818
v 0.038109 1.631850 0.114129
v 0.025616 1.631792 0.108668
v 0.012868 1.631797 0.104984
v 0.078341 1.638282 0.188446
v 0.081994 1.640846 0.197236
v 0.086114 1.643670 0.207146
v 0.095228 1.649407 0.229069
v 0.100176 1.652048 0.240971
v 0.105498 1.654401 0.253773
v 0.080246 1.646383 0.221609
v 0.069531 1.645138 0.224448
v 0.058477 1.643424 0.226537
v 0.043299 1.632551 0.188140
v 0.044104 1.634934 0.201457
v 0.045423 1.638038 0.214745
v 0.035553 1.640919 0.229093
v 0.023795 1.640623 0.229788
v 0.011918 1.640852 0.230192
v 0.049111 1.646255 0.241353
v 0.051368 1.650955 0.255003
v 0.053915 1.655549 0.269283
v 0.070079 1.643503 -0.182023
v 0.062130 1.642601 -0.179968
v 0.053049 1.641290 -0.177748
v 0.032795 1.636961 -0.173635
v 0.022068 1.634165 -0.172071
v 0.011101 1.631401 -0.170995
v 0.043330 1.638982 -0.188946
v 0.044136 1.638842 -0.202278
v 0.045458 1.638802 -0.215591
v 0.080282 1.642290 -0.223103
v 0.069567 1.641392 -0.225743
v 0.058513 1.640214 -0.227627
v 0.049150 1.638123 -0.242268
v 0.051409 1.637487 -0.255960
v 0.053958 1.636958 -0.270287
v 0.035590 1.636543 -0.229755
v 0.023832 1.634189 -0.230232
v 0.011955 1.631837 -0.230414
v 0.078714 1.644703 -0.178526
v 0.082934 1.645641 -0.171544
v 0.087844 1.646653 -0.163658
v 0.099390 1.648353 -0.146668
v 0.105939 1.648814 -0.138108
v 0.113004 1.648899 -0.129730
v 0.083419 1.647701 -0.146053
v 0.072905 1.647432 -0.137380
v 0.061838 1.646646 -0.129261
v 0.043757 1.640468 -0.162114
v 0.045126 1.641874 -0.148629
v 0.047282 1.643503 -0.135155
v 0.038127 1.642915 -0.114838
v 0.025633 1.640115 -0.109145
v 0.012885 1.637088 -0.105224
v 0.054004 1.646772 -0.108409
v 0.058893 1.648101 -0.095677
v 0.065219 1.649031 -0.084032
v 0.078371 1.643932 -0.189905
v 0.082026 1.643770 -0.198763
v 0.086148 1.643503 -0.208750
v 0.095265 1.642248 -0.230843
v 0.100215 1.641447 -0.242837
v 0.105539 1.640914 -0.255738
v 0.100485 1.643730 -0.214922
v 0.109998 1.644419 -0.209372
v 0.119218 1.645127 -0.203045
v 0.102700 1.647291 -0.164905
v 0.111552 1.646846 -0.174979
v 0.120023 1.646349 -0.185396
v 0.137082 1.646716 -0.188657
v 0.145810 1.647553 -0.180838
v 0.154415 1.648323 -0.172727
v 0.136254 1.645530 -0.206996
v 0.144325 1.645433 -0.218335
v 0.152638 1.645737 -0.230329
v -0.177792 1.658992 0.080358
v -0.170772 1.659396 0.084513
v -0.162840 1.659364 0.089350
v -0.145745 1.657153 0.100739
v -0.137125 1.655066 0.107209
v -0.128682 1.652727 0.114196
v -0.163950 1.661912 0.104217
v -0.173942 1.664826 0.113162
v -0.184281 1.667290 0.121729
v -0.213986 1.667867 0.102464
v -0.208347 1.669569 0.111925
v -0.201936 1.670041 0.121087
v -0.205730 1.670319 0.138159
v -0.216993 1.671124 0.146334
v -0.228910 1.671961 0.154757
v -0.187384 1.666834 0.138817
v -0.179485 1.663631 0.147473
v -0.171295 1.660150 0.156003
v -0.181368 1.656399 0.071756
v -0.179387 1.653645 0.063788
v -0.177250 1.650868 0.054687
v -0.173325 1.646673 0.034395
v -0.171860 1.645299 0.023654
v -0.170885 1.643988 0.012678
v -0.161703 1.648346 0.045251
v -0.148206 1.648140 0.046496
v -0.134712 1.647731 0.048528
v -0.145277 1.655289 0.084764
v -0.136701 1.652017 0.074170
v -0.128684 1.649170 0.063028
v -0.107906 1.646003 0.055002
v -0.095129 1.644692 0.059774
v -0.083427 1.643195 0.065991
v -0.114481 1.645940 0.039185
v -0.108903 1.645333 0.026639
v -0.105101 1.644698 0.013855
v -0.189174 1.659906 0.080120
v -0.197997 1.661731 0.083857
v -0.207946 1.663522 0.088070
v -0.229953 1.666092 0.097391
v -0.241901 1.667006 0.102452
v -0.254753 1.668157 0.107894
v -0.222353 1.661237 0.082337
v -0.225091 1.656827 0.071647
v -0.227077 1.652227 0.060611
v -0.188538 1.648453 0.045071
v -0.201862 1.648391 0.046001
v -0.215162 1.648200 0.047445
v -0.229417 1.644066 0.037709
v -0.230002 1.640868 0.025955
v -0.230294 1.638204 0.014081
v -0.241804 1.647268 0.051384
v -0.255474 1.646753 0.053769
v -0.269778 1.646557 0.056450
v -0.070079 1.645439 0.182023
v -0.062130 1.643490 0.179968
v -0.053049 1.641073 0.177748
v -0.032795 1.635879 0.173635
v -0.022068 1.633527 0.172071
v -0.011101 1.631560 0.170995
v -0.043330 1.639694 0.188946
v -0.044136 1.641445 0.202278
v -0.045458 1.643994 0.215591
v -0.080282 1.654108 0.223103
v -0.069567 1.652243 0.225743
v -0.058513 1.649967 0.227627
v -0.049150 1.652670 0.242268
v -0.051409 1.658340 0.255960
v -0.053959 1.663895 0.270287
v -0.035590 1.645617 0.229755
v -0.023832 1.643916 0.230232
v -0.011955 1.642547 0.230414
v -0.078714 1.646426 0.178526
v -0.082934 1.646007 0.171544
v -0.087844 1.645579 0.163658
v -0.099390 1.645943 0.146668
v -0.105939 1.646981 0.138108
v -0.113004 1.648500 0.129730
v -0.083419 1.643267 0.146053
v -0.072905 1.640928 0.137380
v -0.061838 1.638621 0.129261
v -0.043757 1.637415 0.162114
v -0.045126 1.636686 0.148629
v -0.047282 1.636359 0.135155
v -0.038127 1.634831 0.114838
v -0.025633 1.633519 0.109145
v -0.012885 1.632583 0.105224
v -0.054004 1.637289 0.108409
v -0.058893 1.638488 0.095677
v -0.065219 1.639974 0.084032
v -0.078371 1.647910 0.189905
v -0.082026 1.649714 0.198762
v -0.086148 1.652046 0.208749
v -0.095265 1.659477 0.230842
v -0.100215 1.664108 0.242837
v -0.105539 1.668329 0.255737
v -0.100485 1.655164 0.214922
v -0.109998 1.654443 0.209371
v -0.119218 1.653487 0.203045
v -0.102700 1.647309 0.164905
v -0.111552 1.649018 0.174979
v -0.120023 1.650767 0.185396
v -0.137082 1.652660 0.188657
v -0.145810 1.653298 0.180838
v -0.154415 1.654718 0.172727
v -0.136254 1.655133 0.206996
v -0.144325 1.657572 0.218335
v -0.152638 1.659692 0.230328
v 0.177792 1.640501 -0.080358
v 0.170772 1.640978 -0.084513
v 0.162840 1.641967 -0.089350
v 0.145745 1.644798 -0.100739
v 0.137125 1.646289 -0.107209
v 0.128682 1.647590 -0.114197
v 0.163950 1.643838 -0.104217
v 0.173942 1.645016 -0.113162
v 0.184281 1.646779 -0.121729
v 0.213986 1.646398 -0.102464
v 0.208347 1.647429 -0.111925
v 0.201936 1.648358 -0.121087
v 0.205730 1.651845 -0.138159
v 0.216993 1.654611 -0.146334
v 0.228910 1.656888 -0.154757
v 0.187384 1.649461 -0.138818
v 0.179485 1.649551 -0.147473
v 0.171295 1.649372 -0.156003
v 0.181368 1.640331 -0.071756
v 0.179387 1.640630 -0.063789
v 0.177250 1.641484 -0.054687
v 0.173325 1.644120 -0.034396
v 0.171860 1.645373 -0.023655
v 0.170885 1.646122 -0.012678
v 0.161703 1.643277 -0.045251
v 0.148206 1.644043 -0.046496
v 0.134712 1.644977 -0.048528
v 0.145277 1.643446 -0.084764
v 0.136701 1.644088 -0.074170
v 0.128684 1.645022 -0.063028
v 0.107906 1.647229 -0.055002
v 0.095129 1.648316 -0.059774
v 0.083427 1.649112 -0.065991
v 0.114482 1.646971 -0.039185
v 0.108904 1.647631 -0.026640
v 0.105101 1.647873 -0.013855
v 0.189174 1.640752 -0.080120
v 0.197997 1.641672 -0.083857
v 0.207946 1.643279 -0.088071
v 0.229954 1.647769 -0.097392
v 0.241902 1.650105 -0.102452
v 0.254753 1.652033 -0.107895
v 0.222353 1.644478 -0.082337
v 0.225092 1.643755 -0.071648
v 0.227077 1.643258 -0.060611
v 0.188538 1.642370 -0.045071
v 0.201862 1.642292 -0.046001
v 0.215162 1.642505 -0.047446
v 0.229417 1.643156 -0.037709
v 0.230002 1.643290 -0.025956
v 0.230294 1.643131 -0.014081
v 0.241804 1.643933 -0.051384
v 0.255475 1.645112 -0.053769
v 0.269778 1.646512 -0.056450
v -0.035693 1.623441 0.727333
v -0.071245 1.623391 0.724931
v -0.106634 1.623137 0.720749
v -0.176596 1.621726 0.707179
v -0.211007 1.620593 0.697858
v -0.244927 1.619307 0.686890
v -0.310975 1.616667 0.660145
v -0.342938 1.615535 0.644435
v -0.374086 1.614695 0.627209
v -0.433609 1.614388 0.588344
v -0.461822 1.614988 0.566772
v -0.488892 1.616014 0.543817
v 0.488805 1.622543 0.534715
v 0.461731 1.622310 0.558175
v 0.433515 1.622159 0.580273
v 0.373985 1.622026 0.620245
v 0.342835 1.622022 0.638051
v 0.310869 1.622054 0.654357
v 0.244817 1.622212 0.682331
v 0.210894 1.622333 0.693931
v 0.176482 1.622480 0.703893
v 0.106518 1.622845 0.718764
v 0.071128 1.623041 0.723605
v 0.035575 1.623220 0.726670
v 0.726967 1.631319 0.028868
v 0.724231 1.632562 0.064447
v 0.719717 1.633453 0.099880
v 0.705491 1.633403 0.169979
v 0.695848 1.632475 0.204481
v 0.684562 1.631223 0.238510
v 0.657198 1.628588 0.304817
v 0.641187 1.627420 0.336932
v 0.623670 1.626362 0.368246
v 0.584248 1.624602 0.428142
v 0.562412 1.623906 0.456560
v 0.539203 1.623331 0.483850
v 0.539282 1.647590 -0.493890
v 0.562486 1.645569 -0.467032
v 0.584318 1.642929 -0.439020
v 0.623730 1.636644 -0.379858
v 0.641243 1.633456 -0.348870
v 0.657248 1.630562 -0.317053
v 0.684601 1.626630 -0.251256
v 0.695882 1.625746 -0.217437
v 0.705520 1.625465 -0.183115
v 0.719734 1.626357 -0.113281
v 0.724242 1.627344 -0.077932
v 0.726973 1.628565 -0.042403
v 0.035693 1.623869 -0.727334
v 0.071245 1.623832 -0.724931
v 0.106634 1.624533 -0.720749
v 0.176596 1.627543 -0.707180
v 0.211006 1.629623 -0.697859
v 0.244927 1.631981 -0.686891
v 0.310974 1.637220 -0.660146
v 0.342938 1.639902 -0.644435
v 0.374086 1.642465 -0.627209
v 0.433609 1.646754 -0.588345
v 0.461821 1.648188 -0.566772
v 0.488892 1.648920 -0.543817
v -0.488805 1.667583 -0.534715
v -0.461731 1.667832 -0.558175
v -0.433515 1.667603 -0.580273
v -0.373985 1.665283 -0.620245
v -0.342835 1.663074 -0.638051
v -0.310868 1.660147 -0.654357
v -0.244817 1.652093 -0.682332
v -0.210894 1.647263 -0.693931
v -0.176482 1.642309 -0.703893
v -0.106518 1.633271 -0.718765
v -0.071128 1.629633 -0.723605
v -0.035575 1.626762 -0.726670
v -0.726967 1.638075 -0.028868
v -0.724231 1.639696 -0.064448
v -0.719716 1.641479 -0.099881
v -0.705491 1.645483 -0.169979
v -0.695847 1.647675 -0.204482
v -0.684561 1.649974 -0.238510
v -0.657197 1.654826 -0.304817
v -0.641187 1.657264 -0.336932
v -0.623670 1.659579 -0.368246
v -0.584248 1.663442 -0.428142
v -0.562412 1.664904 -0.456560
v -0.539203 1.666072 -0.483850
v -0.539282 1.619121 0.493889
v -0.562486 1.620950 0.467032
v -0.584318 1.622704 0.439020
v -0.623730 1.625218 0.379858
v -0.641243 1.625964 0.348870
v -0.657248 1.626611 0.317053
v -0.684601 1.628332 0.251255
v -0.695882 1.629496 0.217437
v -0.705520 1.630741 0.183115
v -0.719734 1.633111 0.113281
v -0.724242 1.634217 0.077932
v -0.726973 1.635365 0.042403
v -0.028462 1.634716 0.579990
v -0.056812 1.635139 0.578074
v -0.085032 1.635599 0.574739
v -0.140821 1.636590 0.563919
v -0.168261 1.637150 0.556486
v -0.195310 1.637807 0.547740
v -0.247977 1.639571 0.526413
v -0.273466 1.640589 0.513885
v -0.298304 1.641525 0.500148
v -0.345769 1.642634 0.469157
v -0.368266 1.642817 0.451955
v -0.389852 1.642941 0.433650
v 0.389783 1.639161 0.426392
v 0.368193 1.637843 0.445099
v 0.345693 1.636673 0.462721
v 0.298223 1.635497 0.494595
v 0.273383 1.635469 0.508794
v 0.247893 1.635547 0.521797
v 0.195222 1.635221 0.544104
v 0.168171 1.634751 0.553354
v 0.140730 1.634257 0.561298
v 0.084939 1.633739 0.573157
v 0.056719 1.633803 0.577017
v 0.028368 1.634019 0.579461
v 0.579698 1.636882 0.023020
v 0.577516 1.637516 0.051392
v 0.573916 1.638164 0.079647
v 0.562573 1.639214 0.135545
v 0.554882 1.639620 0.163058
v 0.545883 1.640051 0.190192
v 0.524062 1.641288 0.243067
v 0.511295 1.642020 0.268676
v 0.497326 1.642623 0.293646
v 0.465891 1.642832 0.341409
v 0.448478 1.642341 0.364070
v 0.429971 1.641528 0.385831
v 0.430034 1.668946 -0.393837
v 0.448537 1.666059 -0.372420
v 0.465947 1.662859 -0.350083
v 0.497374 1.656078 -0.302906
v 0.511339 1.652696 -0.278196
v 0.524102 1.649405 -0.252824
v 0.545914 1.643340 -0.200356
v 0.554910 1.640749 -0.173389
v 0.562595 1.638610 -0.146019
v 0.573930 1.636163 -0.090332
v 0.577525 1.635841 -0.062144
v 0.579702 1.635942 -0.033813
v 0.028462 1.663425 -0.579990
v 0.056812 1.666064 -0.578074
v 0.085032 1.668618 -0.574739
v 0.140821 1.673003 -0.563919
v 0.168261 1.674679 -0.556486
v 0.195310 1.675963 -0.547740
v 0.247977 1.677199 -0.526413
v 0.273465 1.677192 -0.513885
v 0.298303 1.676870 -0.500149
v 0.345768 1.675587 -0.469158
v 0.368265 1.674597 -0.451955
v 0.389852 1.673230 -0.433650
v -0.389783 1.650123 -0.426393
v -0.368193 1.649995 -0.445100
v -0.345693 1.649844 -0.462721
v -0.298223 1.649763 -0.494596
v -0.273383 1.649882 -0.508794
v -0.247892 1.650076 -0.521797
v -0.195222 1.650594 -0.544105
v -0.168171 1.651008 -0.553354
v -0.140730 1.651675 -0.561298
v -0.084939 1.654223 -0.573157
v -0.056719 1.656134 -0.577017
v -0.028368 1.658360 -0.579461
v -0.579698 1.636815 -0.023020
v -0.577516 1.636889 -0.051392
v -0.573916 1.637071 -0.079647
v -0.562572 1.637781 -0.135545
v -0.554882 1.638399 -0.163058
v -0.545883 1.639302 -0.190192
v -0.524062 1.642287 -0.243067
v -0.511295 1.644215 -0.268676
v -0.497326 1.646117 -0.293647
v -0.465891 1.648899 -0.341409
v -0.448478 1.649624 -0.364070
v -0.429971 1.650015 -0.385831
v -0.430034 1.643572 0.393837
v -0.448538 1.644024 0.372420
v -0.465947 1.644307 0.350083
v -0.497375 1.643584 0.302906
v -0.511339 1.642583 0.278196
v -0.524102 1.641423 0.252824
v -0.545914 1.639430 0.200356
v -0.554910 1.638752 0.173389
v -0.562595 1.638227 0.146019
v -0.573930 1.637454 0.090332
v -0.577525 1.637169 0.062144
v -0.579703 1.636962 0.033813
v 0.719061 1.630090 -0.006694
v 0.710230 1.630349 -0.006612
v 0.701399 1.630787 -0.006530
v 0.683737 1.632561 -0.006365
v 0.674906 1.633802 -0.006283
v 0.666075 1.635029 -0.006201
v 0.648413 1.636704 -0.006036
v 0.639582 1.637033 -0.005954
v 0.630750 1.637114 -0.005872
v 0.613088 1.636801 -0.005707
v 0.603641 1.636560 -0.005619
v 0.592962 1.636376 -0.005520
v 0.419321 1.666718 -0.423209
v 0.426873 1.662203 -0.430831
v 0.433554 1.658269 -0.437573
v 0.446044 1.653868 -0.450179
v 0.452289 1.653384 -0.456482
v 0.458534 1.653447 -0.462785
v 0.471024 1.653429 -0.475391
v 0.477269 1.652985 -0.481694
v 0.483514 1.652365 -0.487997
v 0.496004 1.650939 -0.500603
v 0.502249 1.650221 -0.506906
v 0.508494 1.649500 -0.513209
v -0.508412 1.667345 -0.503742
v -0.502168 1.667685 -0.497556
v -0.495924 1.667934 -0.491369
v -0.483436 1.667979 -0.478996
v -0.477192 1.667676 -0.472809
v -0.470948 1.667084 -0.466622
v -0.458460 1.664815 -0.454249
v -0.452216 1.663155 -0.448062
v -0.445972 1.661240 -0.441876
v -0.433484 1.656926 -0.429502
v -0.426804 1.654653 -0.422884
v -0.419254 1.652377 -0.415403
v -0.592962 1.637641 0.005520
v -0.603641 1.638716 0.005619
v -0.613088 1.639963 0.005707
v -0.630750 1.642560 0.005872
v -0.639582 1.643650 0.005954
v -0.648413 1.644391 0.006036
v -0.666075 1.644195 0.006201
v -0.674906 1.643294 0.006283
v -0.683737 1.642116 0.006365
v -0.701399 1.639701 0.006529
v -0.710230 1.638631 0.006612
v -0.719061 1.637615 0.006694
v 0.508412 1.627447 0.503742
v 0.502168 1.631992 0.497555
v 0.495924 1.636488 0.491369
v 0.483436 1.645231 0.478995
v 0.477192 1.649045 0.472809
v 0.470948 1.651946 0.466622
v 0.458460 1.653376 0.454249
v 0.452216 1.651953 0.448062
v 0.445972 1.649715 0.441875
v 0.433484 1.644616 0.429502
v 0.426804 1.642488 0.422884
v 0.419254 1.641007 0.415403
v 0.000058 1.624263 -0.719093
v 0.000057 1.623924 -0.710262
v 0.000057 1.623975 -0.701430
v 0.000055 1.626025 -0.683767
v 0.000054 1.628084 -0.674936
v 0.000054 1.630652 -0.666104
v 0.000052 1.636779 -0.648441
v 0.000052 1.640154 -0.639610
v 0.000051 1.643674 -0.630778
v 0.000050 1.650954 -0.613115
v 0.000049 1.654525 -0.603668
v 0.000048 1.657860 -0.592988
v -0.000058 1.627602 0.719093
v -0.000057 1.631786 0.710261
v -0.000057 1.635855 0.701430
v -0.000055 1.643416 0.683767
v -0.000055 1.646642 0.674935
v -0.000054 1.649219 0.666104
v -0.000052 1.651591 0.648441
v -0.000052 1.651222 0.639609
v -0.000051 1.649876 0.630778
v -0.000050 1.644429 0.613115
v -0.000049 1.640848 0.603667
v -0.000048 1.637327 0.592988
v -0.419322 1.643762 0.423209
v -0.426873 1.644400 0.430831
v -0.433554 1.644964 0.437573
v -0.446044 1.645492 0.450179
v -0.452289 1.645200 0.456482
v -0.458534 1.644323 0.462785
v -0.471024 1.640173 0.475391
v -0.477269 1.637021 0.481694
v -0.483514 1.633527 0.487997
v -0.496004 1.626638 0.500603
v -0.502249 1.623471 0.506906
v -0.508494 1.620413 0.513209
v -0.014309 1.666436 0.290231
v -0.028560 1.667112 0.289350
v -0.042739 1.667754 0.287790
v -0.070741 1.669833 0.282628
v -0.084493 1.671027 0.279022
v -0.098032 1.671698 0.274730
v -0.124328 1.669596 0.264082
v -0.137025 1.666918 0.257750
v -0.149389 1.663907 0.250781
v -0.173023 1.659142 0.235033
v -0.184244 1.658131 0.226307
v -0.195037 1.658272 0.217048
v 0.195002 1.634823 0.213417
v 0.184208 1.636678 0.222877
v 0.172985 1.639325 0.231812
v 0.149348 1.646377 0.248000
v 0.136983 1.650206 0.255199
v 0.124285 1.653676 0.261768
v 0.097988 1.657856 0.272905
v 0.084448 1.658600 0.277449
v 0.070695 1.659050 0.281311
v 0.042692 1.660886 0.286995
v 0.028513 1.662451 0.288818
v 0.014262 1.664080 0.289965
v 0.290084 1.645580 0.011586
v 0.289069 1.643331 0.025846
v 0.287376 1.640910 0.040042
v 0.281952 1.637189 0.068097
v 0.278217 1.636229 0.081884
v 0.273798 1.635779 0.095465
v 0.262904 1.636142 0.121864
v 0.256453 1.636619 0.134622
v 0.249367 1.636937 0.147054
v 0.233399 1.636018 0.170838
v 0.224568 1.634964 0.182143
v 0.215207 1.634114 0.193024
v 0.215238 1.655865 -0.197032
v 0.224597 1.657178 -0.186325
v 0.233426 1.658002 -0.175184
v 0.249391 1.657610 -0.151697
v 0.256475 1.656450 -0.139397
v 0.262924 1.654913 -0.126759
v 0.273814 1.651514 -0.100563
v 0.278230 1.649998 -0.087065
v 0.281963 1.648800 -0.073346
v 0.287383 1.647944 -0.045393
v 0.289074 1.648033 -0.031228
v 0.290086 1.647936 -0.016987
v 0.014309 1.633620 -0.290231
v 0.028560 1.634671 -0.289350
v 0.042739 1.635726 -0.287790
v 0.070741 1.637777 -0.282628
v 0.084493 1.638788 -0.279022
v 0.098032 1.639831 -0.274730
v 0.124328 1.642140 -0.264082
v 0.137024 1.643463 -0.257750
v 0.149389 1.644936 -0.250781
v 0.173023 1.648438 -0.235033
v 0.184244 1.650393 -0.226307
v 0.195037 1.652350 -0.217048
v -0.195002 1.638081 -0.213417
v -0.184208 1.639365 -0.222877
v -0.172985 1.640264 -0.231812
v -0.149348 1.640346 -0.248000
v -0.136983 1.639503 -0.255200
v -0.124285 1.638226 -0.261768
v -0.097988 1.634830 -0.272906
v -0.084448 1.633069 -0.277449
v -0.070696 1.631588 -0.281311
v -0.042692 1.630427 -0.286995
v -0.028513 1.630809 -0.288818
v -0.014262 1.631589 -0.289965
v -0.290084 1.629047 -0.011586
v -0.289069 1.628561 -0.025847
v -0.287376 1.628627 -0.040042
v -0.281952 1.629037 -0.068097
v -0.278217 1.629085 -0.081885
v -0.273798 1.629095 -0.095466
v -0.262903 1.629202 -0.121864
v -0.256453 1.629434 -0.134622
v -0.249367 1.629897 -0.147054
v -0.233399 1.631859 -0.170839
v -0.224568 1.633317 -0.182144
v -0.215207 1.634924 -0.193025
v -0.215239 1.662730 0.197032
v -0.224597 1.666471 0.186325
v -0.233426 1.670216 0.175184
v -0.249391 1.674698 0.151696
v -0.256475 1.674658 0.139397
v -0.262923 1.673068 0.126759
v -0.273814 1.665145 0.100563
v -0.278230 1.659355 0.087064
v -0.281963 1.653099 0.073346
v -0.287383 1.641457 0.045392
v -0.289074 1.636779 0.031228
v -0.290086 1.633055 0.016987
v 0.000046 1.663257 -0.565471
v 0.000044 1.665057 -0.548632
v 0.000043 1.666097 -0.530562
v 0.000040 1.665417 -0.493189
v 0.000038 1.663672 -0.474503
v 0.000037 1.661118 -0.455817
v 0.000034 1.653965 -0.418444
v 0.000032 1.649781 -0.399758
v 0.000031 1.645620 -0.381072
v 0.000028 1.638647 -0.343700
v 0.000026 1.636097 -0.325293
v 0.000025 1.634097 -0.307445
v -0.217369 1.636527 -0.215373
v -0.229988 1.636193 -0.227876
v -0.243002 1.635770 -0.240770
v -0.269425 1.635541 -0.266950
v -0.282636 1.635908 -0.280040
v -0.295848 1.636536 -0.293131
v -0.322271 1.638401 -0.319311
v -0.335482 1.639591 -0.332401
v -0.348694 1.640952 -0.345491
v -0.375117 1.644186 -0.371672
v -0.387893 1.646042 -0.384330
v -0.399798 1.648036 -0.396126
v -0.000046 1.632360 0.565470
v -0.000044 1.631450 0.548632
v -0.000043 1.631673 0.530562
v -0.000040 1.635763 0.493189
v -0.000038 1.639564 0.474503
v -0.000037 1.644366 0.455817
v -0.000034 1.656458 0.418444
v -0.000032 1.662814 0.399758
v -0.000031 1.668302 0.381072
v -0.000028 1.673447 0.343699
v -0.000026 1.672591 0.325293
v -0.000025 1.669844 0.307445
v 0.217369 1.637304 0.215373
v 0.229988 1.641100 0.227875
v 0.243002 1.644865 0.240770
v 0.269425 1.650546 0.266950
v 0.282636 1.652071 0.280040
v 0.295848 1.652785 0.293130
v 0.322271 1.651979 0.319311
v 0.335483 1.650648 0.332401
v 0.348694 1.648884 0.345491
v 0.375117 1.644617 0.371671
v 0.387893 1.642592 0.384330
v 0.399798 1.641090 0.396126
v 0.399863 1.675767 -0.403570
v 0.387956 1.679457 -0.391553
v 0.375178 1.682039 -0.378656
v 0.348750 1.682224 -0.351984
v 0.335537 1.679871 -0.338648
v 0.322323 1.676497 -0.325311
v 0.295896 1.668513 -0.298639
v 0.282682 1.664639 -0.285303
v 0.269468 1.661214 -0.271967
v 0.243041 1.656827 -0.245295
v 0.230025 1.655784 -0.232158
v 0.217404 1.655030 -0.219420
v -0.565446 1.636420 0.005264
v -0.548608 1.636257 0.005107
v -0.530539 1.636232 0.004939
v -0.493168 1.636113 0.004591
v -0.474482 1.635836 0.004417
v -0.455797 1.635326 0.004243
v -0.418426 1.633352 0.003895
v -0.399740 1.632036 0.003721
v -0.381055 1.630786 0.003547
v -0.343684 1.629339 0.003199
v -0.325278 1.629311 0.003028
v -0.307431 1.629689 0.002862
v -0.217404 1.660565 0.219420
v -0.230025 1.661225 0.232158
v -0.243041 1.661394 0.245294
v -0.269469 1.658939 0.271967
v -0.282682 1.656369 0.285303
v -0.295896 1.653416 0.298639
v -0.322323 1.647900 0.325311
v -0.335537 1.645769 0.338647
v -0.348751 1.644120 0.351984
v -0.375178 1.642459 0.378656
v -0.387956 1.642379 0.391552
v -0.399863 1.642647 0.403570
v 0.565446 1.636517 -0.005264
v 0.548608 1.637082 -0.005107
v 0.530539 1.638184 -0.004939
v 0.493168 1.642622 -0.004591
v 0.474482 1.645813 -0.004417
v 0.455797 1.649250 -0.004243
v 0.418426 1.655657 -0.003895
v 0.399741 1.657972 -0.003721
v 0.381055 1.659220 -0.003547
v 0.343684 1.657098 -0.003199
v 0.325278 1.654038 -0.003028
v 0.307431 1.650534 -0.002862
v -0.000022 1.659853 0.274543
v -0.000021 1.653547 0.259450
v -0.000020 1.647222 0.244834
v -0.000017 1.637087 0.215758
v -0.000016 1.633794 0.200937
v -0.000015 1.631521 0.185873
v -0.000013 1.629533 0.154858
v -0.000011 1.629664 0.138639
v -0.000010 1.630501 0.121644
v -0.000007 1.634166 0.084422
v -0.000005 1.636751 0.062836
v -0.000003 1.639555 0.037756
v -0.194107 1.636055 -0.192325
v -0.183436 1.635098 -0.181751
v -0.173102 1.633752 -0.171512
v -0.152545 1.630174 -0.151144
v -0.142066 1.628268 -0.140761
v -0.131416 1.626627 -0.130209
v -0.109487 1.625173 -0.108482
v -0.098020 1.625612 -0.097120
v -0.086005 1.626823 -0.085215
v -0.059688 1.631546 -0.059140
v -0.044426 1.634835 -0.044018
v -0.026694 1.638452 -0.026449
v -0.037754 1.641905 0.000351
v -0.062833 1.642343 0.000585
v -0.084418 1.642957 0.000786
v -0.121639 1.643772 0.001132
v -0.138633 1.643702 0.001290
v -0.154851 1.643265 0.001441
v -0.185865 1.641149 0.001730
v -0.200928 1.639567 0.001870
v -0.215748 1.637816 0.002008
v -0.244823 1.634344 0.002279
v -0.259438 1.632812 0.002415
v -0.274531 1.631489 0.002555
v 0.194107 1.631377 0.192324
v 0.183436 1.629584 0.181751
v 0.173102 1.628435 0.171512
v 0.152545 1.627666 0.151143
v 0.142066 1.627993 0.140761
v 0.131416 1.628859 0.130209
v 0.109487 1.632404 0.108482
v 0.098020 1.634808 0.097120
v 0.086005 1.637199 0.085215
v 0.059688 1.640646 0.059140
v 0.044426 1.641546 0.044018
v 0.026694 1.642123 0.026449
v 0.037754 1.644986 -0.000352
v 0.062833 1.646384 -0.000585
v 0.084418 1.647187 -0.000786
v 0.121639 1.647594 -0.001132
v 0.138633 1.647354 -0.001291
v 0.154851 1.646828 -0.001442
v 0.185865 1.644949 -0.001730
v 0.200928 1.643829 -0.001870
v 0.215748 1.642893 -0.002008
v 0.244823 1.642476 -0.002279
v 0.259438 1.643285 -0.002415
v 0.274531 1.644856 -0.002556
v 0.000022 1.631510 -0.274544
v 0.000021 1.630754 -0.259450
v 0.000020 1.630205 -0.244834
v 0.000017 1.629271 -0.215758
v 0.000016 1.628903 -0.200937
v 0.000015 1.628772 -0.185873
v 0.000013 1.629744 -0.154858
v 0.000011 1.630895 -0.138639
v 0.000010 1.632383 -0.121644
v 0.000007 1.636055 -0.084422
v 0.000005 1.638104 -0.062836
v 0.000003 1.640223 -0.037756
v 0.194139 1.652957 -0.195939
v 0.183465 1.651511 -0.185167
v 0.173130 1.650099 -0.174735
v 0.152569 1.648305 -0.153984
v 0.142089 1.648072 -0.143406
v 0.131437 1.648171 -0.132656
v 0.109505 1.649037 -0.110520
v 0.098036 1.649504 -0.098945
v 0.086019 1.649704 -0.086816
v 0.059698 1.648428 -0.060251
v 0.044433 1.646876 -0.044845
v 0.026699 1.644903 -0.026946
v -0.026698 1.641342 0.026946
v -0.044433 1.640872 0.044845
v -0.059698 1.640884 0.060251
v -0.086018 1.643221 0.086816
v -0.098036 1.645448 0.098945
v -0.109505 1.647959 0.110520
v -0.131437 1.652568 0.132656
v -0.142089 1.654361 0.143406
v -0.152569 1.655829 0.153984
v -0.173130 1.657832 0.174735
v -0.183465 1.658497 0.185166
v -0.194139 1.659095 0.195939
v 0.606516 1.638360 -0.256876
v 0.546048 1.649839 -0.370147
v 0.573918 1.638439 -0.243069
v 0.644231 1.632219 -0.133968
v 0.639114 1.634876 -0.270682
v 0.575396 1.647596 -0.390041
v 0.516700 1.648284 -0.350253
v 0.609606 1.633305 -0.126768
v 0.678857 1.628756 -0.141168
v -0.606475 1.661288 -0.245584
v -0.644211 1.653871 -0.121974
v -0.573879 1.652037 -0.232385
v -0.545989 1.669947 -0.359981
v -0.639071 1.659068 -0.258783
v -0.678835 1.649745 -0.128530
v -0.609587 1.647086 -0.115418
v -0.516644 1.660428 -0.340633
v -0.575334 1.668241 -0.379329
v 0.606475 1.649979 0.245584
v 0.644211 1.645303 0.121974
v 0.573879 1.649755 0.232384
v 0.545989 1.654557 0.359981
v 0.639071 1.638605 0.258783
v 0.678835 1.637693 0.128529
v 0.609587 1.645523 0.115418
v 0.516644 1.650960 0.340633
v 0.575334 1.641027 0.379329
v -0.251170 1.642666 -0.604183
v -0.365004 1.652623 -0.542644
v -0.237670 1.646035 -0.571711
v -0.127913 1.634910 -0.643058
v -0.264669 1.647056 -0.636656
v -0.384622 1.659237 -0.571809
v -0.345386 1.650497 -0.513479
v -0.121038 1.644031 -0.608496
v -0.134788 1.632322 -0.677620
v 0.251170 1.652202 0.604183
v 0.365004 1.651953 0.542644
v 0.237670 1.646265 0.571710
v 0.127913 1.650994 0.643058
v 0.264669 1.639716 0.636656
v 0.384622 1.640121 0.571809
v 0.345386 1.644364 0.513479
v 0.121038 1.647098 0.608496
v 0.134788 1.639101 0.677620
v 0.251268 1.640050 -0.608861
v 0.128017 1.639678 -0.645441
v 0.237763 1.655075 -0.576136
v 0.365092 1.644059 -0.549440
v 0.264772 1.631967 -0.641585
v 0.134898 1.627710 -0.680131
v 0.121137 1.655125 -0.610750
v 0.345470 1.653310 -0.519910
v 0.384714 1.641033 -0.578971
v -0.606516 1.637047 0.256876
v -0.546048 1.641455 0.370147
v -0.573918 1.635792 0.243069
v -0.644232 1.637602 0.133968
v -0.639114 1.632946 0.270682
v -0.575396 1.633547 0.390041
v -0.516700 1.641772 0.350253
v -0.609606 1.635542 0.126768
v -0.678857 1.635363 0.141168
v -0.251268 1.646733 0.608860
v -0.128017 1.649870 0.645440
v -0.237763 1.646356 0.576136
v -0.365092 1.644738 0.549440
v -0.264772 1.634391 0.641584
v -0.134898 1.639523 0.680130
v -0.121137 1.646228 0.610750
v -0.345470 1.648054 0.519910
v -0.384715 1.629644 0.578971
v -0.167045 1.645394 -0.401823
v -0.242752 1.643199 -0.360895
v -0.138482 1.638451 -0.333115
v -0.085071 1.650267 -0.427677
v -0.195608 1.650099 -0.470530
v -0.284260 1.646969 -0.422604
v -0.201244 1.639787 -0.299186
v -0.070525 1.638184 -0.354549
v -0.099617 1.655786 -0.500806
v 0.167045 1.646461 0.401823
v 0.242752 1.646604 0.360895
v 0.138482 1.657759 0.333115
v 0.085071 1.646653 0.427677
v 0.195608 1.636980 0.470530
v 0.284261 1.640229 0.422604
v 0.201244 1.648545 0.299185
v 0.070525 1.664636 0.354548
v 0.099617 1.632460 0.500805
v 0.167110 1.671197 -0.404933
v 0.085140 1.660004 -0.429262
v 0.138536 1.649938 -0.335694
v 0.242811 1.680512 -0.365415
v 0.195684 1.685526 -0.474173
v 0.099698 1.674241 -0.502661
v 0.070582 1.642641 -0.355862
v 0.201293 1.657826 -0.302933
v 0.284329 1.691510 -0.427897
v -0.403374 1.677997 0.170840
v -0.363159 1.672101 0.246173
v -0.334401 1.681114 0.141628
v -0.428457 1.658912 0.089098
v -0.472347 1.657241 0.200051
v -0.425255 1.654369 0.288266
v -0.301062 1.680503 0.204080
v -0.355195 1.654406 0.073863
v -0.501719 1.649182 0.104333
v -0.167110 1.644823 0.404933
v -0.085140 1.649581 0.429261
v -0.138536 1.665830 0.335694
v -0.242811 1.641382 0.365415
v -0.195684 1.636896 0.474173
v -0.099698 1.636452 0.502661
v -0.070582 1.670434 0.355862
v -0.201293 1.656518 0.302933
v -0.284329 1.637923 0.427897
v 0.403374 1.647218 -0.170840
v 0.363159 1.658071 -0.246173
v 0.334401 1.649873 -0.141628
v 0.428457 1.647543 -0.089098
v 0.472347 1.651320 -0.200052
v 0.425255 1.667475 -0.288266
v 0.301062 1.654547 -0.204080
v 0.355196 1.652609 -0.073863
v 0.501719 1.641941 -0.104333
v -0.403347 1.627497 -0.163330
v -0.428444 1.626089 -0.081121
v -0.334379 1.625851 -0.135402
v -0.363119 1.632558 -0.239412
v -0.472315 1.633350 -0.191258
v -0.501703 1.631166 -0.094992
v -0.355184 1.624582 -0.067250
v -0.301030 1.630012 -0.198475
v -0.425209 1.638928 -0.280349
v 0.403347 1.643039 0.163330
v 0.428444 1.644361 0.081121
v 0.334379 1.647139 0.135402
v 0.363119 1.653695 0.239412
v 0.472315 1.636760 0.191257
v 0.501703 1.635596 0.094992
v 0.355184 1.650085 0.067250
v 0.301030 1.653092 0.198475
v 0.425209 1.646031 0.280349
v -0.182781 1.625657 -0.074015
v -0.175154 1.632456 -0.041519
v -0.154358 1.623601 -0.091913
v -0.218689 1.627745 -0.088555
v -0.228458 1.630859 -0.045027
v -0.121257 1.631616 -0.049101
v -0.194878 1.627235 -0.126397
v 0.182781 1.632450 0.074015
v 0.175155 1.637811 0.041519
v 0.154358 1.631462 0.091912
v 0.218689 1.630867 0.088555
v 0.228459 1.634079 0.045027
v 0.121257 1.640429 0.049101
v 0.194879 1.629267 0.126397
v -0.075698 1.631600 -0.182091
v -0.093333 1.629937 -0.153503
v -0.043133 1.626586 -0.174764
v -0.090569 1.634330 -0.217862
v -0.128190 1.636314 -0.193704
v -0.050218 1.627023 -0.120799
v -0.047134 1.627423 -0.228034
v 0.075698 1.636415 0.182090
v 0.093333 1.631342 0.153503
v 0.043133 1.630928 0.174764
v 0.090569 1.646580 0.217862
v 0.128190 1.636099 0.193704
v 0.050218 1.631828 0.120799
v 0.047134 1.641824 0.228033
v 0.075728 1.644039 -0.183500
v 0.043162 1.639449 -0.175567
v 0.093358 1.647603 -0.155241
v 0.090604 1.643030 -0.219549
v 0.047170 1.638638 -0.228911
v 0.050238 1.645190 -0.121734
v 0.128221 1.645883 -0.196091
v -0.182793 1.658453 0.077418
v -0.154373 1.658687 0.094786
v -0.175161 1.648425 0.044780
v -0.218703 1.665051 0.092627
v -0.194899 1.669168 0.130025
v -0.121265 1.647044 0.051359
v -0.228466 1.647838 0.049281
v -0.075728 1.646636 0.183500
v -0.043162 1.638449 0.175567
v -0.093358 1.645454 0.155241
v -0.090605 1.655202 0.219549
v -0.047171 1.647638 0.228911
v -0.050238 1.636528 0.121734
v -0.128222 1.652743 0.196091
v 0.182793 1.640467 -0.077418
v 0.154373 1.643296 -0.094787
v 0.175162 1.642709 -0.044780
v 0.218703 1.645377 -0.092627
v 0.194899 1.649073 -0.130026
v 0.121265 1.646049 -0.051359
v 0.228466 1.643041 -0.049281
v -0.141778 1.622606 0.714821
v -0.278277 1.617966 0.674308
v -0.404337 1.614271 0.608501
v 0.404239 1.622071 0.600974
v 0.278169 1.622119 0.669129
v 0.141663 1.622651 0.712182
v 0.713459 1.633799 0.135085
v 0.671667 1.629858 0.271982
v 0.604679 1.625420 0.398676
v 0.604744 1.639883 -0.409935
v 0.671712 1.628205 -0.284488
v 0.713482 1.625699 -0.148369
v 0.141778 1.625820 -0.714821
v 0.278277 1.634540 -0.674309
v 0.404337 1.644789 -0.608501
v -0.404239 1.666789 -0.600974
v -0.278169 1.656491 -0.669129
v -0.141663 1.637542 -0.712182
v -0.713459 1.643412 -0.135085
v -0.671667 1.652362 -0.271982
v -0.604679 1.661671 -0.398677
v -0.604744 1.624192 0.409935
v -0.671712 1.627340 0.284488
v -0.713482 1.631977 0.148369
v -0.113057 1.636086 0.570012
v -0.221904 1.638601 0.537707
v -0.322426 1.642250 0.485231
v 0.322348 1.635831 0.479228
v 0.221817 1.635531 0.533576
v 0.112965 1.633875 0.567908
v 0.568926 1.638754 0.107719
v 0.535600 1.640581 0.216884
v 0.482183 1.642944 0.317912
v 0.482235 1.659487 -0.326890
v 0.535636 1.646265 -0.226856
v 0.568944 1.637042 -0.118312
v 0.113057 1.670970 -0.570012
v 0.221904 1.676815 -0.537707
v 0.322426 1.676309 -0.485231
v -0.322348 1.649742 -0.479229
v -0.221817 1.650321 -0.533576
v -0.112965 1.652709 -0.567908
v -0.568926 1.637366 -0.107720
v -0.535600 1.640570 -0.216884
v -0.482182 1.647758 -0.317912
v -0.482235 1.644226 0.326890
v -0.535636 1.640305 0.226856
v -0.568944 1.637810 0.118312
v 0.692568 1.631495 -0.006447
v 0.657244 1.636059 -0.006118
v 0.621919 1.637014 -0.005790
v 0.439799 1.655347 -0.443876
v 0.464779 1.653612 -0.469088
v 0.489759 1.651655 -0.494300
v -0.489680 1.668047 -0.485182
v -0.464704 1.666148 -0.460436
v -0.439728 1.659140 -0.435689
v -0.621919 1.641278 0.005790
v -0.657244 1.644625 0.006118
v -0.692568 1.640854 0.006447
v 0.489680 1.640909 0.485182
v 0.464704 1.653526 0.460435
v 0.439728 1.647117 0.435689
v 0.000056 1.624610 -0.692599
v 0.000053 1.633595 -0.657273
v 0.000050 1.647290 -0.621947
v -0.000056 1.639751 0.692598
v -0.000053 1.650939 0.657272
v -0.000050 1.647596 0.621946
v -0.439799 1.645360 0.443876
v -0.464779 1.642701 0.469088
v -0.489759 1.629972 0.494300
v -0.056811 1.668586 0.285550
v -0.111322 1.671377 0.269751
v -0.161396 1.661127 0.243200
v 0.161357 1.642610 0.240195
v 0.111279 1.656366 0.267679
v 0.056765 1.659661 0.284493
v 0.285004 1.638727 0.054137
v 0.268694 1.635772 0.108804
v 0.241674 1.636826 0.159134
v 0.241700 1.658195 -0.163634
v 0.268712 1.653201 -0.113807
v 0.285013 1.648066 -0.059444
v 0.056811 1.636766 -0.285550
v 0.111322 1.640938 -0.269751
v 0.161396 1.646585 -0.243200
v -0.161357 1.640638 -0.240195
v -0.111279 1.636630 -0.267679
v -0.056765 1.630626 -0.284493
v -0.285004 1.628901 -0.054137
v -0.268694 1.629118 -0.108804
v -0.241674 1.630677 -0.159134
v -0.241700 1.673209 0.163633
v -0.268712 1.669905 0.113807
v -0.285013 1.646945 0.059443
v 0.000041 1.666257 -0.511876
v 0.000035 1.657850 -0.437131
v 0.000029 1.641802 -0.362386
v -0.256213 1.635480 -0.253860
v -0.309059 1.637382 -0.306221
v -0.361905 1.642484 -0.358581
v -0.000041 1.633090 0.511875
v -0.000035 1.650039 0.437130
v -0.000029 1.672115 0.362386
v 0.256213 1.648160 0.253860
v 0.309060 1.652738 0.306221
v 0.361906 1.646827 0.358581
v 0.361964 1.683099 -0.365320
v 0.309109 1.672559 -0.311975
v 0.256255 1.658518 -0.258631
v -0.511853 1.636224 0.004765
v -0.437111 1.634520 0.004069
v -0.362370 1.629816 0.003373
v -0.256255 1.660742 0.258631
v -0.309110 1.650465 0.311975
v -0.361964 1.643001 0.365320
v 0.511853 1.639979 -0.004765
v 0.437111 1.652632 -0.004069
v 0.362370 1.659047 -0.003373
v -0.000019 1.641521 0.230377
v -0.000014 1.630141 0.170527
v -0.000008 1.632012 0.103647
v -0.162881 1.632088 -0.161385
v -0.120566 1.625510 -0.119458
v -0.073280 1.628803 -0.072608
v -0.103643 1.643512 0.000965
v -0.170520 1.642426 0.001587
v -0.230366 1.636030 0.002144
v 0.162881 1.627830 0.161384
v 0.120566 1.630313 0.119458
v 0.073281 1.639253 0.072607
v 0.103643 1.647541 -0.000965
v 0.170520 1.646024 -0.001587
v 0.230367 1.642366 -0.002145
v 0.000019 1.629748 -0.230377
v 0.000014 1.629010 -0.170527
v 0.000008 1.634130 -0.103647
v 0.162907 1.648953 -0.164417
v 0.120585 1.648520 -0.121703
v 0.073292 1.649417 -0.073972
v -0.073292 1.641594 0.073972
v -0.120585 1.650438 0.121703
v -0.162907 1.656982 0.164417
v -0.514740 1.617411 0.519511
v -0.000059 1.623360 0.727924
v 0.514656 1.622877 0.509929
v 0.727893 1.629922 -0.006776
v 0.514739 1.648778 -0.519512
v 0.000059 1.624796 -0.727924
v -0.514656 1.666960 -0.509929
v -0.727893 1.636627 0.006776
v -0.410463 1.643146 0.414269
v -0.000047 1.634339 0.580461
v 0.410397 1.640449 0.406627
v 0.580436 1.636333 -0.005403
v 0.410463 1.671383 -0.414269
v 0.000047 1.660818 -0.580461
v -0.410397 1.650153 -0.406627
v -0.580436 1.636842 0.005403
v -0.205376 1.659745 0.207280
v -0.000024 1.665500 0.290435
v 0.205343 1.633916 0.203457
v 0.290423 1.647251 -0.002704
v 0.205376 1.654208 -0.207280
v 0.000023 1.632587 -0.290435
v -0.205343 1.636554 -0.203457
v -0.290422 1.630430 0.002703
v 0.000000 1.642433 -0.000000
vn 0.1211 0.9916 0.0455
vn 0.0756 0.9948 0.0680
vn 0.0839 0.9945 0.0632
vn 0.1259 0.9910 0.0449
vn 0.0883 0.9947 0.0524
vn 0.1254 0.9914 0.0378
vn 0.0237 0.9955 0.0923
vn 0.0346 0.9959 0.0831
vn 0.0430 0.9967 0.0686
vn 0.1606 0.9866 0.0281
vn 0.1601 0.9868 0.0250
vn 0.1879 0.9821 0.0128
vn 0.1925 0.9813 0.0063
vn 0.1543 0.9877 0.0245
vn 0.1752 0.9844 0.0125
vn 0.1529 0.9881 0.0156
vn 0.1118 0.9929 0.0396
vn 0.1389 0.9903 0.0004
vn 0.0985 0.9948 0.0264
vn 0.1883 0.9821 -0.0057
vn 0.1742 0.9845 -0.0220
vn 0.0649 0.9957 0.0660
vn 0.0126 0.9954 0.0948
vn 0.0532 0.9970 0.0560
vn 0.0031 0.9960 0.0889
vn 0.0639 0.9978 -0.0159
vn 0.0299 0.9995 0.0135
vn 0.0417 0.9984 0.0382
vn 0.0826 0.9966 0.0073
vn -0.0086 0.9988 0.0491
vn -0.0036 0.9973 0.0736
vn 0.1190 0.9927 -0.0186
vn 0.0937 0.9948 -0.0388
vn 0.1508 0.9878 -0.0394
vn 0.1193 0.9913 -0.0552
vn 0.0625 0.9963 -0.0594
vn 0.0412 0.9983 -0.0422
vn 0.0250 0.9966 -0.0791
vn 0.0133 0.9974 -0.0706
vn 0.0798 0.9945 -0.0685
vn 0.0328 0.9964 -0.0782
vn 0.0157 0.9997 -0.0171
vn -0.0142 0.9998 0.0158
vn -0.0026 0.9986 -0.0528
vn -0.0227 0.9994 -0.0255
vn 0.2342 0.9719 -0.0226
vn 0.2175 0.9760 -0.0098
vn 0.2080 0.9781 -0.0009
vn 0.2212 0.9752 -0.0128
vn 0.1895 0.9819 0.0014
vn 0.1985 0.9801 -0.0091
vn 0.2279 0.9734 -0.0223
vn 0.2434 0.9694 -0.0318
vn 0.2295 0.9729 -0.0263
vn 0.2460 0.9686 -0.0355
vn 0.2026 0.9791 -0.0183
vn 0.2035 0.9788 -0.0226
vn 0.2469 0.9680 -0.0444
vn 0.2357 0.9712 -0.0363
vn 0.2362 0.9700 -0.0570
vn 0.2234 0.9734 -0.0510
vn 0.2504 0.9670 -0.0473
vn 0.2406 0.9688 -0.0586
vn 0.2163 0.9760 -0.0234
vn 0.2028 0.9784 -0.0394
vn 0.1584 0.9849 -0.0696
vn 0.1408 0.9879 -0.0652
vn 0.1772 0.9827 -0.0543
vn 0.1972 0.9783 -0.0630
vn 0.2106 0.9753 -0.0660
vn 0.1715 0.9828 -0.0688
vn 0.2158 0.9742 -0.0661
vn 0.1769 0.9819 -0.0673
vn 0.1202 0.9906 -0.0646
vn 0.1083 0.9917 -0.0696
vn 0.0588 0.9969 -0.0527
vn 0.0487 0.9968 -0.0626
vn 0.1256 0.9902 -0.0613
vn 0.0640 0.9968 -0.0476
vn 0.0946 0.9930 -0.0712
vn 0.0398 0.9967 -0.0714
vn -0.0043 0.9951 0.0987
vn 0.0043 0.9961 0.0879
vn 0.0003 0.9955 0.0945
vn -0.0110 0.9943 0.1064
vn 0.0121 0.9973 0.0731
vn 0.0104 0.9969 0.0780
vn -0.0210 0.9935 0.1119
vn -0.0110 0.9945 0.1038
vn -0.0274 0.9937 0.1090
vn -0.0135 0.9948 0.1007
vn 0.0430 0.9966 0.0709
vn 0.0444 0.9965 0.0703
vn 0.1403 0.9900 0.0141
vn 0.1345 0.9907 0.0220
vn 0.0453 0.9969 0.0642
vn 0.1476 0.9890 -0.0000
vn 0.0472 0.9968 0.0645
vn 0.0487 0.9973 0.0551
vn 0.1285 0.9914 0.0255
vn 0.1202 0.9924 0.0256
vn 0.2587 0.9653 -0.0343
vn 0.2402 0.9706 -0.0168
vn 0.2065 0.9784 -0.0084
vn 0.2206 0.9751 -0.0210
vn 0.2179 0.9760 -0.0026
vn 0.1890 0.9820 0.0011
vn 0.2326 0.9719 -0.0376
vn 0.2743 0.9601 -0.0552
vn 0.2436 0.9681 -0.0589
vn 0.2873 0.9545 -0.0798
vn 0.2743 0.9606 -0.0438
vn 0.2570 0.9662 -0.0221
vn 0.2470 0.9689 -0.0126
vn 0.2291 0.9734 0.0073
vn 0.2883 0.9551 -0.0686
vn 0.2614 0.9646 -0.0356
vn 0.2366 0.9716 -0.0038
vn 0.2132 0.9770 0.0109
vn 0.2086 0.9777 0.0235
vn 0.1865 0.9818 0.0355
vn -0.0051 0.9981 0.0611
vn -0.0110 0.9961 0.0870
vn -0.0294 0.9950 0.0958
vn -0.0282 0.9970 0.0715
vn -0.0264 0.9990 0.0361
vn 0.0017 0.9997 0.0226
vn -0.0264 0.9996 -0.0100
vn 0.0071 0.9996 -0.0282
vn 0.0696 0.9973 -0.0247
vn 0.0604 0.9980 0.0176
vn 0.1733 0.9794 -0.1040
vn 0.1656 0.9845 -0.0578
vn 0.0769 0.9938 -0.0799
vn 0.1780 0.9706 -0.1618
vn 0.0517 0.9976 0.0471
vn 0.1566 0.9874 -0.0232
vn 0.3026 0.9417 -0.1473
vn 0.2970 0.9485 -0.1098
vn 0.2534 0.9634 -0.0873
vn 0.2606 0.9573 -0.1251
vn 0.2647 0.9488 -0.1725
vn 0.3040 0.9330 -0.1927
vn 0.2646 0.9367 -0.2293
vn 0.3007 0.9215 -0.2459
vn 0.3032 0.9368 -0.1745
vn 0.3030 0.9437 -0.1329
vn 0.2761 0.9522 -0.1307
vn 0.2759 0.9566 -0.0938
vn 0.2988 0.9279 -0.2229
vn 0.2718 0.9466 -0.1732
vn 0.2981 0.9495 -0.0977
vn 0.2711 0.9605 -0.0623
vn 0.0206 0.9990 0.0391
vn 0.0236 0.9989 0.0408
vn 0.0180 0.9981 0.0595
vn 0.0175 0.9983 0.0564
vn 0.0520 0.9980 0.0347
vn 0.0484 0.9975 0.0518
vn 0.0475 0.9979 0.0438
vn 0.0436 0.9986 0.0310
vn 0.1081 0.9939 0.0231
vn 0.0926 0.9955 0.0179
vn 0.0376 0.9992 0.0162
vn 0.0220 0.9995 0.0207
vn 0.0305 0.9995 -0.0012
vn 0.0224 0.9997 0.0006
vn 0.0749 0.9971 0.0091
vn 0.0563 0.9984 -0.0038
vn 0.0280 0.9994 0.0213
vn 0.0550 0.9983 0.0167
vn 0.0318 0.9995 0.0005
vn 0.0585 0.9983 -0.0026
vn 0.0227 0.9991 -0.0369
vn 0.0415 0.9984 -0.0374
vn 0.0362 0.9992 -0.0197
vn 0.0225 0.9996 -0.0192
vn 0.0717 0.9967 -0.0379
vn 0.0639 0.9977 -0.0215
vn 0.0230 0.9996 -0.0191
vn 0.0155 0.9992 -0.0357
vn 0.0379 0.9991 -0.0186
vn 0.0200 0.9993 -0.0331
vn 0.0073 0.9987 -0.0510
vn 0.0228 0.9984 -0.0527
vn -0.0021 0.9979 -0.0652
vn 0.0225 0.9975 -0.0666
vn 0.0013 0.9989 -0.0471
vn -0.0190 0.9980 -0.0609
vn 0.0477 0.9975 -0.0527
vn 0.0819 0.9953 -0.0515
vn 0.0546 0.9964 -0.0654
vn 0.0944 0.9936 -0.0623
vn 0.1619 0.9867 0.0121
vn 0.1412 0.9899 0.0090
vn 0.1670 0.9859 0.0072
vn 0.1916 0.9814 0.0074
vn 0.1870 0.9821 0.0209
vn 0.1585 0.9870 0.0247
vn 0.1632 0.9857 0.0421
vn 0.1393 0.9893 0.0425
vn 0.1291 0.9914 0.0221
vn 0.1304 0.9914 0.0107
vn 0.1000 0.9949 0.0126
vn 0.0987 0.9951 0.0026
vn 0.1155 0.9926 0.0365
vn 0.0924 0.9954 0.0241
vn 0.1131 0.9936 0.0057
vn 0.0845 0.9964 -0.0034
vn 0.0392 0.9990 -0.0203
vn 0.0302 0.9992 -0.0280
vn 0.0568 0.9983 -0.0156
vn 0.0683 0.9976 -0.0089
vn 0.0724 0.9974 0.0001
vn 0.0460 0.9989 -0.0113
vn 0.0710 0.9974 0.0097
vn 0.0505 0.9987 -0.0020
vn 0.0186 0.9996 -0.0214
vn 0.0094 0.9995 -0.0316
vn -0.0122 0.9995 -0.0305
vn -0.0231 0.9988 -0.0428
vn 0.0284 0.9995 -0.0108
vn 0.0025 0.9999 -0.0171
vn 0.0030 0.9992 -0.0405
vn -0.0263 0.9982 -0.0532
vn 0.1143 0.9933 0.0167
vn 0.1206 0.9923 0.0275
vn 0.0890 0.9953 0.0389
vn 0.0880 0.9958 0.0250
vn 0.0869 0.9962 0.0099
vn 0.1083 0.9941 0.0045
vn 0.0875 0.9961 -0.0067
vn 0.1047 0.9945 -0.0093
vn 0.1190 0.9929 0.0003
vn 0.1309 0.9913 0.0096
vn 0.1193 0.9929 -0.0031
vn 0.1381 0.9904 0.0035
vn 0.1100 0.9939 -0.0109
vn 0.1035 0.9946 -0.0118
vn 0.1434 0.9895 0.0174
vn 0.1575 0.9875 0.0084
vn 0.1402 0.9901 -0.0101
vn 0.1702 0.9854 -0.0092
vn 0.1655 0.9862 -0.0003
vn 0.1398 0.9902 -0.0028
vn 0.1147 0.9934 -0.0071
vn 0.1107 0.9938 -0.0127
vn 0.0926 0.9956 -0.0136
vn 0.0842 0.9963 -0.0173
vn 0.1075 0.9940 -0.0193
vn 0.1394 0.9901 -0.0180
vn 0.1061 0.9941 -0.0228
vn 0.1388 0.9901 -0.0219
vn 0.0785 0.9967 -0.0224
vn 0.0765 0.9968 -0.0253
vn 0.1718 0.9850 -0.0179
vn 0.1719 0.9849 -0.0220
vn 0.1116 0.9931 -0.0359
vn 0.1055 0.9941 -0.0235
vn 0.0915 0.9955 -0.0232
vn 0.0995 0.9943 -0.0376
vn 0.1114 0.9926 -0.0492
vn 0.1227 0.9914 -0.0459
vn 0.1270 0.9902 -0.0577
vn 0.1388 0.9889 -0.0527
vn 0.1161 0.9923 -0.0421
vn 0.1081 0.9936 -0.0334
vn 0.0913 0.9951 -0.0386
vn 0.0888 0.9956 -0.0308
vn 0.1302 0.9903 -0.0479
vn 0.1008 0.9939 -0.0441
vn 0.1061 0.9941 -0.0227
vn 0.0930 0.9954 -0.0215
vn 0.0479 0.9984 -0.0297
vn 0.0627 0.9978 -0.0233
vn 0.0756 0.9969 -0.0214
vn 0.0651 0.9975 -0.0293
vn 0.0617 0.9974 -0.0363
vn 0.0404 0.9985 -0.0356
vn 0.0660 0.9970 -0.0416
vn 0.0410 0.9984 -0.0400
vn 0.0276 0.9990 -0.0362
vn 0.0374 0.9988 -0.0317
vn 0.0233 0.9991 -0.0367
vn 0.0339 0.9989 -0.0330
vn 0.0259 0.9989 -0.0391
vn 0.0209 0.9990 -0.0388
vn 0.0547 0.9981 -0.0269
vn 0.0519 0.9982 -0.0289
vn -0.1154 0.9929 0.0299
vn -0.0442 0.9979 0.0481
vn -0.0319 0.9980 0.0551
vn -0.1040 0.9941 0.0323
vn -0.0260 0.9975 0.0661
vn -0.0978 0.9945 0.0379
vn 0.0520 0.9960 0.0729
vn 0.0630 0.9944 0.0853
vn 0.0668 0.9925 0.1021
vn -0.1525 0.9882 0.0170
vn -0.1613 0.9867 0.0184
vn -0.1780 0.9840 0.0090
vn -0.1825 0.9831 0.0133
vn -0.1476 0.9889 0.0179
vn -0.1760 0.9844 0.0060
vn -0.1702 0.9851 0.0234
vn -0.1281 0.9912 0.0322
vn -0.1755 0.9839 0.0329
vn -0.1380 0.9896 0.0401
vn -0.1864 0.9823 0.0201
vn -0.1865 0.9820 0.0299
vn -0.0592 0.9972 0.0466
vn 0.0367 0.9971 0.0665
vn -0.0730 0.9960 0.0516
vn 0.0201 0.9975 0.0671
vn -0.1384 0.9887 0.0582
vn -0.0848 0.9943 0.0652
vn -0.0820 0.9949 0.0594
vn -0.1417 0.9886 0.0502
vn -0.0044 0.9973 0.0727
vn 0.0057 0.9975 0.0707
vn -0.1742 0.9837 0.0438
vn -0.1660 0.9847 0.0525
vn -0.1803 0.9828 0.0404
vn -0.1683 0.9845 0.0485
vn -0.1526 0.9866 0.0577
vn -0.1292 0.9896 0.0629
vn -0.1358 0.9890 0.0588
vn -0.1155 0.9913 0.0635
vn -0.1524 0.9869 0.0533
vn -0.1348 0.9894 0.0540
vn -0.0818 0.9943 0.0681
vn -0.0097 0.9973 0.0726
vn -0.0735 0.9950 0.0675
vn -0.0095 0.9975 0.0696
vn -0.1957 0.9806 0.0082
vn -0.1904 0.9816 0.0109
vn -0.1903 0.9817 0.0044
vn -0.1987 0.9801 0.0003
vn -0.1914 0.9815 -0.0014
vn -0.2020 0.9794 -0.0075
vn -0.2034 0.9791 -0.0031
vn -0.1987 0.9801 0.0055
vn -0.2048 0.9788 -0.0045
vn -0.1995 0.9799 0.0043
vn -0.2079 0.9781 -0.0121
vn -0.2097 0.9777 -0.0139
vn -0.1920 0.9813 0.0141
vn -0.1912 0.9814 0.0166
vn -0.1818 0.9831 0.0227
vn -0.1830 0.9828 0.0259
vn -0.1921 0.9813 0.0128
vn -0.1811 0.9832 0.0211
vn -0.1893 0.9817 0.0188
vn -0.1845 0.9824 0.0284
vn -0.1531 0.9873 0.0413
vn -0.1595 0.9862 0.0452
vn -0.1744 0.9839 0.0380
vn -0.1700 0.9848 0.0347
vn -0.1670 0.9855 0.0307
vn -0.1491 0.9881 0.0368
vn -0.1659 0.9857 0.0287
vn -0.1476 0.9884 0.0346
vn -0.1303 0.9906 0.0404
vn -0.1348 0.9899 0.0449
vn -0.1133 0.9927 0.0414
vn -0.1176 0.9920 0.0454
vn -0.1287 0.9909 0.0382
vn -0.1118 0.9929 0.0395
vn -0.1422 0.9886 0.0492
vn -0.1248 0.9909 0.0496
vn 0.2156 0.9700 0.1124
vn 0.2215 0.9660 0.1333
vn 0.1555 0.9812 0.1140
vn 0.1471 0.9844 0.0967
vn 0.2203 0.9624 0.1592
vn 0.1565 0.9782 0.1361
vn 0.1330 0.9874 0.0854
vn 0.2032 0.9743 0.0973
vn 0.1151 0.9900 0.0812
vn 0.1854 0.9786 0.0890
vn 0.2490 0.9630 0.1031
vn 0.2593 0.9582 0.1209
vn 0.2720 0.9567 0.1035
vn 0.2802 0.9520 0.1231
vn 0.2320 0.9684 0.0915
vn 0.2565 0.9624 0.0896
vn 0.2630 0.9539 0.1443
vn 0.2601 0.9500 0.1727
vn 0.2820 0.9479 0.1479
vn 0.2782 0.9440 0.1775
vn 0.2460 0.9634 0.1066
vn 0.2449 0.9608 0.1301
vn 0.2760 0.9504 0.1431
vn 0.2757 0.9539 0.1183
vn 0.2403 0.9578 0.1579
vn 0.2717 0.9468 0.1726
vn 0.2696 0.9579 0.0981
vn 0.2420 0.9664 0.0870
vn 0.2562 0.9631 0.0829
vn 0.2310 0.9703 0.0715
vn 0.1978 0.9776 0.0721
vn 0.2000 0.9756 0.0904
vn 0.1475 0.9875 0.0561
vn 0.1479 0.9863 0.0728
vn 0.1894 0.9802 0.0571
vn 0.1415 0.9891 0.0416
vn 0.1977 0.9739 0.1118
vn 0.1929 0.9716 0.1368
vn 0.1448 0.9852 0.0918
vn 0.1399 0.9837 0.1134
vn 0.1421 0.9867 0.0784
vn 0.1641 0.9829 0.0839
vn 0.0963 0.9921 0.0800
vn 0.0793 0.9938 0.0778
vn 0.0656 0.9951 0.0744
vn 0.1216 0.9899 0.0726
vn 0.0569 0.9960 0.0693
vn 0.1048 0.9923 0.0663
vn 0.1585 0.9850 0.0676
vn 0.1844 0.9800 0.0751
vn 0.1770 0.9824 0.0600
vn 0.2071 0.9759 0.0687
vn 0.1345 0.9890 0.0609
vn 0.1464 0.9878 0.0531
vn 0.2097 0.9742 0.0832
vn 0.2343 0.9690 0.0788
vn 0.1858 0.9815 0.0467
vn 0.2121 0.9755 0.0585
vn 0.2352 0.9694 0.0706
vn 0.2076 0.9764 0.0592
vn 0.1750 0.9833 0.0498
vn 0.1532 0.9875 0.0370
vn 0.1394 0.9893 0.0431
vn 0.1151 0.9929 0.0306
vn 0.1188 0.9927 0.0220
vn 0.1498 0.9882 0.0319
vn 0.0803 0.9968 0.0052
vn 0.1083 0.9940 0.0159
vn 0.0809 0.9966 0.0154
vn 0.0443 0.9990 -0.0025
vn 0.1733 0.9839 0.0440
vn 0.1286 0.9913 0.0283
vn 0.2101 0.9588 0.1912
vn 0.1494 0.9758 0.1598
vn 0.1528 0.9762 0.1540
vn 0.2150 0.9597 0.1812
vn 0.0646 0.9912 0.1155
vn 0.0655 0.9912 0.1147
vn 0.2541 0.9468 0.1976
vn 0.2488 0.9453 0.2109
vn 0.2724 0.9403 0.2042
vn 0.2678 0.9380 0.2202
vn 0.2449 0.9460 0.2125
vn 0.2070 0.9599 0.1892
vn 0.2428 0.9489 0.2018
vn 0.2072 0.9625 0.1753
vn 0.2642 0.9379 0.2249
vn 0.2615 0.9404 0.2175
vn 0.1486 0.9768 0.1540
vn 0.0674 0.9921 0.1058
vn 0.1527 0.9787 0.1374
vn 0.0774 0.9932 0.0873
vn 0.2054 0.9695 0.1340
vn 0.1655 0.9814 0.0970
vn 0.1596 0.9803 0.1165
vn 0.2078 0.9658 0.1552
vn 0.1101 0.9926 0.0515
vn 0.0928 0.9934 0.0672
vn 0.2394 0.9534 0.1836
vn 0.2312 0.9592 0.1627
vn 0.2561 0.9453 0.2022
vn 0.2446 0.9522 0.1830
vn 0.2188 0.9659 0.1382
vn 0.2002 0.9734 0.1113
vn 0.2024 0.9732 0.1090
vn 0.1924 0.9775 0.0865
vn 0.2274 0.9608 0.1588
vn 0.2051 0.9703 0.1281
vn 0.1704 0.9822 0.0786
vn 0.1283 0.9909 0.0403
vn 0.1741 0.9828 0.0611
vn 0.1465 0.9886 0.0333
vn 0.2336 0.9514 0.2005
vn 0.2633 0.9400 0.2170
vn 0.2666 0.9429 0.1997
vn 0.2358 0.9543 0.1836
vn 0.1889 0.9689 0.1598
vn 0.1877 0.9665 0.1751
vn 0.1362 0.9817 0.1331
vn 0.1357 0.9799 0.1460
vn 0.1883 0.9651 0.1821
vn 0.2327 0.9500 0.2080
vn 0.1895 0.9653 0.1797
vn 0.2321 0.9508 0.2050
vn 0.1373 0.9789 0.1515
vn 0.1406 0.9788 0.1492
vn 0.2609 0.9391 0.2238
vn 0.2588 0.9407 0.2192
vn 0.2168 0.9593 0.1811
vn 0.2408 0.9518 0.1902
vn 0.2532 0.9451 0.2068
vn 0.2279 0.9540 0.1949
vn 0.1877 0.9671 0.1714
vn 0.1795 0.9706 0.1606
vn 0.1416 0.9796 0.1424
vn 0.1372 0.9814 0.1347
vn 0.1648 0.9755 0.1458
vn 0.1989 0.9665 0.1621
vn 0.1439 0.9816 0.1255
vn 0.1746 0.9752 0.1362
vn 0.1268 0.9841 0.1246
vn 0.1105 0.9877 0.1107
vn 0.2218 0.9605 0.1679
vn 0.1967 0.9707 0.1384
vn -0.0932 0.9952 0.0313
vn -0.0960 0.9946 0.0393
vn -0.0251 0.9970 0.0728
vn -0.0236 0.9974 0.0688
vn -0.0172 0.9983 0.0558
vn -0.0845 0.9963 0.0162
vn -0.0016 0.9993 0.0365
vn -0.0654 0.9979 -0.0030
vn -0.1334 0.9910 -0.0123
vn -0.1430 0.9897 0.0040
vn -0.1642 0.9860 -0.0299
vn -0.1735 0.9847 -0.0132
vn -0.1128 0.9931 -0.0308
vn -0.1438 0.9885 -0.0473
vn -0.1462 0.9891 0.0149
vn -0.1760 0.9844 -0.0005
vn -0.2045 0.9783 -0.0322
vn -0.2050 0.9786 -0.0180
vn -0.1932 0.9811 -0.0103
vn -0.1918 0.9811 -0.0241
vn -0.1833 0.9822 -0.0405
vn -0.1969 0.9793 -0.0480
vn -0.1640 0.9848 -0.0565
vn -0.1788 0.9819 -0.0623
vn -0.2051 0.9774 -0.0522
vn -0.2118 0.9766 -0.0375
vn -0.2079 0.9767 -0.0534
vn -0.2142 0.9760 -0.0394
vn -0.1884 0.9800 -0.0646
vn -0.1919 0.9793 -0.0649
vn -0.2117 0.9771 -0.0234
vn -0.2137 0.9766 -0.0255
vn -0.0004 0.9997 -0.0252
vn -0.0362 0.9992 -0.0188
vn 0.0223 0.9996 0.0184
vn 0.0506 0.9987 0.0077
vn 0.0818 0.9966 0.0044
vn 0.0399 0.9990 -0.0221
vn 0.1141 0.9934 0.0083
vn 0.0826 0.9965 -0.0096
vn 0.0041 0.9992 -0.0398
vn -0.0414 0.9980 -0.0475
vn -0.0249 0.9985 -0.0496
vn -0.0718 0.9956 -0.0599
vn 0.0530 0.9984 -0.0212
vn 0.0264 0.9993 -0.0274
vn -0.0811 0.9957 -0.0444
vn -0.1121 0.9919 -0.0589
vn -0.1120 0.9914 -0.0676
vn -0.1499 0.9862 -0.0702
vn -0.1336 0.9888 -0.0664
vn -0.0943 0.9934 -0.0657
vn -0.0480 0.9974 -0.0535
vn -0.0668 0.9963 -0.0536
vn 0.0033 0.9996 -0.0294
vn -0.0164 0.9995 -0.0276
vn -0.0814 0.9954 -0.0501
vn -0.1250 0.9900 -0.0658
vn -0.0876 0.9950 -0.0474
vn -0.1302 0.9894 -0.0640
vn -0.0324 0.9992 -0.0222
vn -0.0394 0.9990 -0.0187
vn -0.1611 0.9844 -0.0703
vn -0.1655 0.9838 -0.0695
vn 0.2712 0.9604 0.0632
vn 0.2422 0.9691 0.0469
vn 0.2574 0.9641 0.0658
vn 0.2909 0.9530 0.0848
vn 0.2703 0.9596 0.0785
vn 0.3098 0.9454 0.1012
vn 0.1780 0.9838 0.0214
vn 0.1870 0.9817 0.0355
vn 0.1921 0.9805 0.0424
vn 0.2910 0.9522 0.0931
vn 0.2677 0.9609 0.0704
vn 0.2577 0.9620 0.0904
vn 0.2317 0.9704 0.0681
vn 0.3148 0.9426 0.1115
vn 0.2863 0.9519 0.1095
vn 0.2448 0.9686 0.0434
vn 0.2506 0.9674 0.0367
vn 0.2219 0.9750 0.0116
vn 0.2293 0.9733 0.0052
vn 0.2074 0.9773 0.0420
vn 0.1843 0.9828 0.0117
vn 0.2251 0.9741 0.0226
vn 0.1663 0.9861 0.0011
vn 0.2069 0.9783 -0.0070
vn 0.1533 0.9879 -0.0244
vn 0.1824 0.9823 -0.0434
vn 0.1663 0.9847 -0.0518
vn 0.1873 0.9817 -0.0342
vn 0.2065 0.9782 -0.0240
vn 0.1239 0.9904 -0.0620
vn 0.1392 0.9891 -0.0478
vn 0.1978 0.9801 -0.0178
vn 0.1730 0.9842 -0.0375
vn 0.1609 0.9868 -0.0162
vn 0.1376 0.9899 -0.0348
vn 0.1497 0.9876 -0.0475
vn 0.1593 0.9858 -0.0529
vn 0.1167 0.9922 -0.0439
vn 0.1457 0.9875 -0.0596
vn 0.1086 0.9918 -0.0668
vn 0.1498 0.9869 0.0607
vn 0.1848 0.9808 0.0626
vn 0.2129 0.9734 0.0842
vn 0.1791 0.9804 0.0823
vn 0.2454 0.9639 0.1037
vn 0.2139 0.9714 0.1028
vn 0.1571 0.9839 0.0848
vn 0.1276 0.9898 0.0625
vn 0.1493 0.9850 0.0870
vn 0.1199 0.9907 0.0643
vn 0.1928 0.9754 0.1065
vn 0.1851 0.9766 0.1095
vn 0.1032 0.9939 0.0385
vn 0.1250 0.9915 0.0367
vn 0.0823 0.9965 0.0115
vn 0.1034 0.9946 0.0094
vn 0.0956 0.9946 0.0400
vn 0.0750 0.9971 0.0130
vn 0.1600 0.9864 0.0379
vn 0.1376 0.9904 0.0095
vn 0.0642 0.9974 -0.0318
vn 0.0950 0.9949 -0.0335
vn 0.1158 0.9931 -0.0165
vn 0.0830 0.9964 -0.0155
vn 0.0629 0.9979 -0.0129
vn 0.0455 0.9985 -0.0293
vn 0.0561 0.9984 -0.0114
vn 0.0392 0.9988 -0.0279
vn 0.0324 0.9988 -0.0378
vn 0.0494 0.9980 -0.0397
vn 0.0267 0.9990 -0.0368
vn 0.0776 0.9961 -0.0417
vn 0.0135 0.9993 -0.0339
vn 0.0092 0.9995 -0.0302
vn 0.0970 0.9953 0.0009
vn 0.0952 0.9954 -0.0077
vn 0.0002 0.9994 -0.0340
vn 0.0938 0.9956 0.0016
vn 0.0901 0.9957 -0.0227
vn 0.0152 0.9989 -0.0437
vn 0.0840 0.9955 -0.0431
vn 0.0167 0.9981 -0.0586
vn -0.0569 0.9965 -0.0614
vn -0.0648 0.9963 -0.0567
vn -0.1251 0.9893 -0.0755
vn -0.1384 0.9874 -0.0761
vn -0.0476 0.9964 -0.0707
vn -0.1080 0.9910 -0.0789
vn -0.0736 0.9956 -0.0574
vn -0.0852 0.9943 -0.0645
vn -0.1496 0.9854 -0.0809
vn -0.1601 0.9830 -0.0903
vn -0.2021 0.9756 -0.0859
vn -0.2103 0.9730 -0.0951
vn -0.2005 0.9751 -0.0950
vn -0.1895 0.9780 -0.0871
vn -0.2114 0.9717 -0.1054
vn -0.2071 0.9726 -0.1055
vn -0.1732 0.9815 -0.0821
vn -0.1862 0.9794 -0.0785
vn -0.1506 0.9853 -0.0806
vn -0.1623 0.9840 -0.0739
vn -0.1707 0.9830 -0.0669
vn -0.1836 0.9801 -0.0755
vn -0.1376 0.9892 -0.0509
vn -0.1457 0.9875 -0.0603
vn -0.1487 0.9870 -0.0606
vn -0.1195 0.9919 -0.0433
vn -0.1873 0.9786 -0.0850
vn -0.1821 0.9788 -0.0943
vn -0.1438 0.9871 -0.0699
vn -0.1319 0.9881 -0.0785
vn 0.0202 0.9968 -0.0777
vn 0.0185 0.9972 -0.0720
vn 0.0773 0.9951 -0.0615
vn 0.0698 0.9950 -0.0714
vn 0.0621 0.9954 -0.0727
vn 0.0216 0.9969 -0.0759
vn -0.0130 0.9970 -0.0759
vn -0.0247 0.9965 -0.0804
vn -0.0413 0.9965 -0.0724
vn -0.0646 0.9948 -0.0793
vn -0.0365 0.9962 -0.0788
vn -0.0873 0.9928 -0.0817
vn -0.0959 0.9934 -0.0623
vn -0.1313 0.9889 -0.0694
vn -0.1225 0.9893 -0.0789
vn -0.0910 0.9931 -0.0734
vn -0.0581 0.9962 -0.0648
vn -0.0588 0.9968 -0.0534
vn -0.0470 0.9981 -0.0390
vn -0.0837 0.9954 -0.0472
vn -0.0283 0.9993 -0.0227
vn -0.0615 0.9977 -0.0293
vn -0.1187 0.9914 -0.0547
vn -0.0931 0.9950 -0.0364
vn -0.0397 0.9979 -0.0510
vn 0.0630 0.9980 -0.0044
vn 0.0827 0.9966 -0.0017
vn -0.0161 0.9990 -0.0424
vn 0.1800 0.9822 0.0534
vn 0.1903 0.9806 0.0468
vn -0.1017 0.9920 -0.0753
vn -0.1229 0.9887 -0.0862
vn -0.1718 0.9799 -0.1016
vn -0.1852 0.9763 -0.1118
vn -0.1464 0.9845 -0.0966
vn -0.0675 0.9960 -0.0593
vn -0.1698 0.9799 -0.1051
vn -0.0970 0.9931 -0.0660
vn -0.1989 0.9726 -0.1203
vn -0.2117 0.9691 -0.1263
vn 0.0369 0.9993 -0.0063
vn 0.1620 0.9848 0.0620
vn 0.0068 1.0000 -0.0067
vn 0.1373 0.9879 0.0724
vn -0.1433 0.9859 -0.0870
vn -0.0470 0.9987 -0.0171
vn -0.0226 0.9997 -0.0091
vn -0.1235 0.9896 -0.0742
vn 0.0848 0.9930 0.0819
vn 0.1101 0.9907 0.0803
vn -0.1892 0.9753 -0.1144
vn -0.2020 0.9711 -0.1275
vn -0.2211 0.9662 -0.1323
vn -0.2255 0.9639 -0.1416
vn -0.2087 0.9673 -0.1442
vn -0.1563 0.9823 -0.1035
vn -0.2096 0.9639 -0.1644
vn -0.1623 0.9790 -0.1233
vn -0.2257 0.9618 -0.1547
vn -0.2224 0.9597 -0.1720
vn -0.0655 0.9974 -0.0295
vn 0.0630 0.9949 0.0782
vn -0.0771 0.9960 -0.0452
vn 0.0464 0.9964 0.0706
vn -0.2003 0.9728 -0.1164
vn -0.2140 0.9690 -0.1231
vn -0.2111 0.9706 -0.1159
vn -0.2072 0.9717 -0.1135
vn -0.1699 0.9804 -0.0996
vn -0.1543 0.9832 -0.0976
vn -0.1124 0.9903 -0.0814
vn -0.0897 0.9932 -0.0747
vn -0.1381 0.9864 -0.0890
vn -0.1921 0.9747 -0.1143
vn -0.1241 0.9894 -0.0749
vn -0.1844 0.9769 -0.1078
vn -0.0678 0.9959 -0.0598
vn -0.0506 0.9980 -0.0384
vn -0.2160 0.9681 -0.1271
vn -0.2173 0.9677 -0.1275
vn -0.1690 0.9810 -0.0954
vn -0.2135 0.9682 -0.1301
vn -0.2168 0.9679 -0.1273
vn -0.1768 0.9791 -0.1002
vn -0.1127 0.9918 -0.0595
vn -0.1036 0.9935 -0.0470
vn -0.0387 0.9991 -0.0156
vn -0.0314 0.9995 0.0038
vn -0.0977 0.9944 -0.0391
vn -0.1621 0.9822 -0.0948
vn -0.0957 0.9947 -0.0374
vn -0.1571 0.9825 -0.1000
vn -0.0290 0.9994 0.0184
vn -0.0318 0.9991 0.0267
vn -0.2086 0.9684 -0.1368
vn -0.2031 0.9678 -0.1487
vn 0.3334 0.9324 0.1396
vn 0.3251 0.9383 0.1178
vn 0.2781 0.9563 0.0902
vn 0.2781 0.9547 0.1060
vn 0.2701 0.9547 0.1249
vn 0.3335 0.9282 0.1651
vn 0.2534 0.9563 0.1459
vn 0.3241 0.9262 0.1928
vn 0.3597 0.9143 0.1863
vn 0.3523 0.9227 0.1567
vn 0.3531 0.9160 0.1903
vn 0.3378 0.9278 0.1585
vn 0.3572 0.9083 0.2178
vn 0.3580 0.9065 0.2239
vn 0.3366 0.9325 0.1312
vn 0.3146 0.9402 0.1309
vn 0.2869 0.9451 0.1566
vn 0.2517 0.9595 0.1266
vn 0.2794 0.9519 0.1262
vn 0.3096 0.9381 0.1553
vn 0.3323 0.9242 0.1883
vn 0.3151 0.9298 0.1903
vn 0.3445 0.9120 0.2228
vn 0.3328 0.9158 0.2247
vn 0.3019 0.9330 0.1958
vn 0.2704 0.9490 0.1623
vn 0.2967 0.9339 0.1995
vn 0.2640 0.9501 0.1662
vn 0.3234 0.9180 0.2293
vn 0.3195 0.9187 0.2323
vn 0.2324 0.9637 0.1317
vn 0.2251 0.9649 0.1354
vn 0.2878 0.9281 0.2363
vn 0.3076 0.9263 0.2178
vn 0.2314 0.9589 0.1641
vn 0.2082 0.9622 0.1757
vn 0.1860 0.9656 0.1817
vn 0.2668 0.9309 0.2493
vn 0.1665 0.9689 0.1833
vn 0.2468 0.9341 0.2580
vn 0.3123 0.9055 0.2872
vn 0.3306 0.9044 0.2695
vn 0.3284 0.8953 0.3009
vn 0.3430 0.8965 0.2803
vn 0.2933 0.9075 0.3008
vn 0.3118 0.8955 0.3177
vn 0.3463 0.9051 0.2467
vn 0.3536 0.9000 0.2548
vn 0.3384 0.8972 0.2836
vn 0.3398 0.9049 0.2564
vn 0.3464 0.9029 0.2546
vn 0.3410 0.8970 0.2814
vn 0.3304 0.8936 0.3038
vn 0.3310 0.8924 0.3067
vn 0.3167 0.8920 0.3225
vn 0.3195 0.8896 0.3264
vn 0.3305 0.8916 0.3095
vn 0.3356 0.8974 0.2865
vn 0.3299 0.8914 0.3108
vn 0.3341 0.8974 0.2881
vn 0.3206 0.8881 0.3294
vn 0.3208 0.8876 0.3306
vn 0.3340 0.9060 0.2599
vn 0.3314 0.9064 0.2621
vn 0.1603 0.9797 0.1202
vn 0.1356 0.9874 0.0822
vn 0.1168 0.9911 0.0637
vn 0.1453 0.9835 0.1075
vn 0.0994 0.9945 0.0337
vn 0.1300 0.9881 0.0821
vn 0.1028 0.9941 0.0339
vn 0.0817 0.9966 0.0100
vn 0.0641 0.9977 -0.0231
vn 0.1671 0.9757 0.1418
vn 0.1773 0.9729 0.1484
vn 0.1824 0.9689 0.1672
vn 0.1870 0.9680 0.1673
vn 0.1554 0.9802 0.1224
vn 0.1752 0.9722 0.1550
vn 0.1834 0.9728 0.1411
vn 0.1726 0.9778 0.1190
vn 0.1824 0.9760 0.1190
vn 0.1794 0.9784 0.1027
vn 0.1865 0.9702 0.1545
vn 0.1781 0.9757 0.1280
vn 0.1536 0.9842 0.0877
vn 0.1256 0.9910 0.0472
vn 0.1682 0.9826 0.0793
vn 0.1482 0.9877 0.0490
vn 0.1548 0.9870 0.0430
vn 0.1641 0.9857 0.0396
vn 0.1731 0.9830 0.0609
vn 0.1745 0.9818 0.0750
vn 0.1675 0.9852 0.0364
vn 0.1638 0.9856 0.0433
vn 0.1690 0.9819 0.0849
vn 0.1408 0.9890 0.0459
vn 0.1573 0.9834 0.0902
vn 0.1228 0.9913 0.0473
vn 0.1006 0.9949 0.0084
vn 0.1228 0.9923 0.0129
vn 0.0776 0.9970 0.0060
vn 0.1434 0.9895 0.0205
vn 0.1611 0.9864 0.0320
vn 0.1924 0.9626 0.1907
vn 0.1913 0.9648 0.1804
vn 0.1921 0.9636 0.1858
vn 0.1977 0.9597 0.1996
vn 0.1896 0.9652 0.1802
vn 0.1990 0.9598 0.1980
vn 0.1998 0.9574 0.2083
vn 0.1908 0.9614 0.1981
vn 0.2001 0.9567 0.2114
vn 0.1895 0.9611 0.2009
vn 0.2044 0.9564 0.2087
vn 0.2061 0.9552 0.2122
vn 0.1753 0.9683 0.1778
vn 0.1808 0.9685 0.1711
vn 0.1505 0.9776 0.1470
vn 0.1604 0.9771 0.1402
vn 0.1721 0.9684 0.1807
vn 0.1455 0.9779 0.1503
vn 0.1847 0.9691 0.1632
vn 0.1697 0.9764 0.1338
vn 0.0863 0.9948 0.0540
vn 0.1038 0.9934 0.0493
vn 0.1429 0.9853 0.0940
vn 0.1287 0.9867 0.0996
vn 0.1152 0.9876 0.1067
vn 0.0705 0.9956 0.0612
vn 0.1087 0.9879 0.1105
vn 0.0631 0.9959 0.0653
vn 0.0196 0.9997 0.0163
vn 0.0363 0.9993 0.0097
vn 0.0121 0.9997 0.0203
vn 0.0556 0.9984 0.0062
vn 0.0387 0.9981 -0.0475
vn 0.0169 0.9968 -0.0784
vn 0.0462 0.9981 -0.0416
vn 0.0682 0.9976 -0.0133
vn 0.0020 0.9936 -0.1131
vn 0.0297 0.9967 -0.0761
vn 0.0945 0.9955 0.0074
vn 0.0669 0.9975 -0.0214
vn 0.1238 0.9921 0.0197
vn 0.1008 0.9949 -0.0006
vn 0.0436 0.9983 -0.0392
vn 0.0151 0.9975 -0.0687
vn 0.0254 0.9986 -0.0463
vn -0.0020 0.9970 -0.0772
vn 0.0799 0.9967 -0.0122
vn 0.0620 0.9980 -0.0154
vn -0.0055 0.9949 -0.1005
vn -0.0186 0.9908 -0.1344
vn -0.0209 0.9939 -0.1085
vn -0.0321 0.9896 -0.1405
vn -0.0153 0.9982 -0.0573
vn -0.0291 0.9962 -0.0817
vn -0.0285 0.9944 -0.1018
vn -0.0120 0.9973 -0.0730
vn -0.0369 0.9937 -0.1059
vn -0.0379 0.9907 -0.1305
vn 0.0128 0.9990 -0.0432
vn 0.0056 0.9995 -0.0313
vn 0.0472 0.9988 -0.0117
vn 0.0354 0.9994 -0.0026
vn 0.0025 0.9999 -0.0136
vn -0.0141 0.9993 -0.0345
vn 0.0018 1.0000 0.0063
vn -0.0107 0.9999 -0.0094
vn 0.0263 0.9996 0.0102
vn 0.0192 0.9995 0.0245
vn -0.0251 0.9982 -0.0539
vn -0.0319 0.9968 -0.0732
vn -0.0195 0.9995 -0.0239
vn -0.0259 0.9989 -0.0387
vn 0.1604 0.9863 0.0390
vn 0.1340 0.9908 0.0182
vn 0.1494 0.9884 0.0274
vn 0.1657 0.9855 0.0357
vn 0.1736 0.9837 0.0463
vn 0.1799 0.9817 0.0617
vn 0.1806 0.9805 0.0773
vn 0.1521 0.9873 0.0456
vn 0.1766 0.9799 0.0924
vn 0.1418 0.9884 0.0550
vn 0.1182 0.9929 0.0153
vn 0.1029 0.9945 0.0180
vn 0.1084 0.9918 0.0675
vn 0.0713 0.9970 0.0306
vn 0.0874 0.9959 0.0239
vn 0.1276 0.9898 0.0632
vn 0.1650 0.9810 0.1025
vn 0.1439 0.9841 0.1038
vn 0.1172 0.9881 0.0993
vn 0.0867 0.9938 0.0691
vn 0.0892 0.9918 0.0921
vn 0.0652 0.9954 0.0697
vn 0.0556 0.9977 0.0382
vn 0.0411 0.9981 0.0461
vn -0.0185 0.9824 -0.1859
vn 0.0037 0.9882 -0.1533
vn 0.0163 0.9933 -0.1142
vn -0.0089 0.9887 -0.1496
vn 0.0323 0.9940 -0.1043
vn 0.0483 0.9969 -0.0622
vn -0.0273 0.9853 -0.1688
vn -0.0348 0.9787 -0.2025
vn -0.0392 0.9842 -0.1724
vn -0.0455 0.9780 -0.2037
vn -0.0412 0.9710 -0.2353
vn -0.0268 0.9748 -0.2213
vn -0.0464 0.9625 -0.2673
vn -0.0336 0.9663 -0.2551
vn -0.0512 0.9707 -0.2348
vn -0.0563 0.9623 -0.2662
vn -0.0075 0.9813 -0.1922
vn 0.0171 0.9889 -0.1473
vn -0.0172 0.9732 -0.2294
vn 0.0034 0.9819 -0.1894
vn -0.0419 0.9479 -0.3158
vn -0.0307 0.9549 -0.2955
vn -0.0249 0.9642 -0.2641
vn -0.0386 0.9572 -0.2869
vn -0.0174 0.9640 -0.2652
vn -0.0081 0.9734 -0.2290
vn -0.0500 0.9532 -0.2981
vn -0.0517 0.9437 -0.3267
vn -0.0599 0.9527 -0.2979
vn -0.0611 0.9425 -0.3285
vn -0.0517 0.9346 -0.3520
vn -0.0436 0.9390 -0.3411
vn -0.0503 0.9266 -0.3727
vn -0.0443 0.9311 -0.3620
vn -0.0599 0.9325 -0.3561
vn -0.0566 0.9237 -0.3790
vn -0.0349 0.9457 -0.3231
vn -0.0247 0.9543 -0.2978
vn -0.0380 0.9372 -0.3466
vn -0.0305 0.9448 -0.3264
vn -0.0491 0.9867 -0.1546
vn -0.0500 0.9810 -0.1874
vn -0.0440 0.9863 -0.1591
vn -0.0426 0.9906 -0.1302
vn -0.0378 0.9950 -0.0929
vn -0.0456 0.9925 -0.1133
vn -0.0326 0.9980 -0.0543
vn -0.0419 0.9966 -0.0709
vn -0.0553 0.9893 -0.1352
vn -0.0568 0.9820 -0.1804
vn -0.0668 0.9849 -0.1596
vn -0.0655 0.9758 -0.2084
vn -0.0539 0.9946 -0.0891
vn -0.0682 0.9916 -0.1095
vn -0.0562 0.9747 -0.2164
vn -0.0626 0.9670 -0.2470
vn -0.0766 0.9596 -0.2706
vn -0.0695 0.9476 -0.3117
vn -0.0676 0.9578 -0.2793
vn -0.0729 0.9682 -0.2392
vn -0.0770 0.9794 -0.1869
vn -0.0828 0.9731 -0.2152
vn -0.0811 0.9879 -0.1324
vn -0.0888 0.9837 -0.1561
vn -0.0840 0.9668 -0.2412
vn -0.0763 0.9509 -0.2998
vn -0.0808 0.9617 -0.2619
vn -0.0724 0.9434 -0.3238
vn -0.0910 0.9799 -0.1774
vn -0.0882 0.9772 -0.1930
vn -0.0682 0.9374 -0.3415
vn -0.0639 0.9283 -0.3663
vn 0.0941 0.9955 0.0057
vn 0.1135 0.9924 0.0470
vn 0.0823 0.9966 -0.0047
vn 0.0637 0.9968 -0.0481
vn 0.0450 0.9946 -0.0940
vn 0.0734 0.9965 -0.0395
vn 0.0273 0.9898 -0.1399
vn 0.0525 0.9949 -0.0858
vn 0.1009 0.9948 0.0157
vn 0.1223 0.9909 0.0567
vn 0.1267 0.9894 0.0712
vn 0.1475 0.9835 0.1047
vn 0.0781 0.9966 -0.0274
vn 0.1028 0.9941 0.0348
vn 0.1410 0.9856 0.0930
vn 0.1642 0.9774 0.1332
vn 0.1826 0.9679 0.1727
vn 0.1946 0.9626 0.1883
vn 0.1821 0.9692 0.1657
vn 0.1679 0.9751 0.1449
vn 0.1482 0.9817 0.1192
vn 0.1641 0.9746 0.1525
vn 0.1240 0.9882 0.0902
vn 0.1401 0.9817 0.1288
vn 0.1754 0.9695 0.1715
vn 0.1926 0.9630 0.1886
vn 0.1800 0.9675 0.1776
vn 0.1966 0.9611 0.1938
vn 0.1517 0.9768 0.1511
vn 0.1566 0.9749 0.1583
vn 0.2027 0.9583 0.2013
vn 0.2057 0.9568 0.2056
vn 0.0161 0.9846 -0.1742
vn 0.0331 0.9908 -0.1311
vn 0.0115 0.9829 -0.1838
vn -0.0017 0.9744 -0.2248
vn -0.0125 0.9649 -0.2625
vn 0.0013 0.9767 -0.2146
vn -0.0215 0.9548 -0.2964
vn -0.0114 0.9677 -0.2519
vn 0.0163 0.9881 -0.1532
vn 0.0350 0.9930 -0.1128
vn 0.0314 0.9965 -0.0777
vn 0.0542 0.9977 -0.0405
vn -0.0007 0.9815 -0.1914
vn 0.0097 0.9935 -0.1137
vn 0.0556 0.9960 -0.0706
vn 0.0781 0.9969 -0.0027
vn 0.0849 0.9936 0.0750
vn 0.1129 0.9883 0.1028
vn 0.0977 0.9934 0.0593
vn 0.0714 0.9971 0.0271
vn 0.0452 0.9990 -0.0055
vn 0.0564 0.9973 0.0462
vn 0.0192 0.9991 -0.0376
vn 0.0274 0.9995 0.0172
vn 0.0656 0.9949 0.0768
vn 0.0955 0.9901 0.1032
vn 0.0696 0.9938 0.0868
vn 0.1000 0.9886 0.1123
vn 0.0347 0.9981 0.0499
vn 0.0380 0.9974 0.0607
vn 0.1243 0.9839 0.1282
vn 0.1290 0.9822 0.1364
vn 0.1631 0.9386 0.3041
vn 0.1125 0.9719 0.2067
vn 0.1045 0.9699 0.2197
vn 0.1489 0.9371 0.3156
vn 0.0926 0.9683 0.2321
vn 0.1315 0.9365 0.3252
vn 0.0381 0.9973 0.0628
vn 0.0394 0.9962 0.0774
vn 0.0364 0.9950 0.0935
vn 0.1755 0.9115 0.3719
vn 0.1933 0.9120 0.3617
vn 0.1871 0.8992 0.3954
vn 0.2064 0.8989 0.3865
vn 0.1552 0.9121 0.3795
vn 0.1659 0.9006 0.4018
vn 0.2092 0.9129 0.3506
vn 0.1750 0.9401 0.2927
vn 0.2241 0.9133 0.3402
vn 0.1858 0.9409 0.2832
vn 0.2243 0.8990 0.3762
vn 0.2415 0.8989 0.3657
vn 0.1178 0.9737 0.1952
vn 0.0340 0.9981 0.0521
vn 0.1219 0.9747 0.1876
vn 0.0288 0.9985 0.0475
vn 0.2119 0.9392 0.2701
vn 0.1372 0.9735 0.1828
vn 0.1277 0.9746 0.1839
vn 0.1976 0.9406 0.2760
vn 0.0279 0.9982 0.0539
vn 0.0259 0.9985 0.0487
vn 0.2396 0.9128 0.3308
vn 0.2565 0.9115 0.3216
vn 0.2587 0.8983 0.3551
vn 0.2764 0.8974 0.3440
vn 0.2746 0.9096 0.3119
vn 0.2285 0.9370 0.2644
vn 0.2943 0.8963 0.3317
vn 0.1503 0.9716 0.1830
vn 0.0349 0.9975 0.0617
vn 0.2152 0.8904 0.4011
vn 0.2114 0.8940 0.3951
vn 0.1914 0.8950 0.4030
vn 0.1950 0.8918 0.4082
vn 0.1703 0.8967 0.4085
vn 0.1738 0.8939 0.4131
vn 0.1976 0.8900 0.4110
vn 0.2179 0.8883 0.4043
vn 0.1986 0.8894 0.4118
vn 0.2190 0.8876 0.4053
vn 0.1765 0.8923 0.4156
vn 0.1776 0.8917 0.4163
vn 0.2376 0.8870 0.3959
vn 0.2347 0.8894 0.3922
vn 0.2566 0.8861 0.3860
vn 0.2534 0.8887 0.3821
vn 0.2387 0.8862 0.3971
vn 0.2578 0.8852 0.3872
vn 0.2303 0.8934 0.3857
vn 0.2484 0.8929 0.3754
vn 0.2891 0.8878 0.3581
vn 0.2839 0.8918 0.3522
vn 0.2663 0.8924 0.3644
vn 0.2716 0.8881 0.3709
vn 0.2749 0.8855 0.3747
vn 0.2920 0.8854 0.3617
vn 0.2760 0.8846 0.3759
vn 0.2930 0.8846 0.3629
vn 0.3075 0.8862 0.3467
vn 0.3052 0.8882 0.3434
vn 0.3081 0.8855 0.3479
vn 0.3009 0.8916 0.3384
vn -0.0916 0.9767 -0.1941
vn -0.0762 0.9799 -0.1845
vn -0.0278 0.9970 -0.0727
vn -0.0381 0.9955 -0.0865
vn -0.0650 0.9833 -0.1702
vn -0.0219 0.9982 -0.0551
vn -0.0512 0.9942 -0.0945
vn -0.1099 0.9742 -0.1971
vn -0.0653 0.9934 -0.0947
vn -0.1293 0.9728 -0.1921
vn -0.1435 0.9558 -0.2568
vn -0.1235 0.9577 -0.2599
vn -0.1554 0.9480 -0.2777
vn -0.1369 0.9478 -0.2880
vn -0.1650 0.9551 -0.2460
vn -0.1759 0.9492 -0.2609
vn -0.1064 0.9606 -0.2568
vn -0.0936 0.9639 -0.2492
vn -0.1215 0.9483 -0.2932
vn -0.1104 0.9491 -0.2949
vn -0.1076 0.9682 -0.2261
vn -0.1014 0.9647 -0.2432
vn -0.1201 0.9497 -0.2892
vn -0.1314 0.9520 -0.2765
vn -0.0998 0.9608 -0.2588
vn -0.1132 0.9473 -0.2996
vn -0.1462 0.9545 -0.2599
vn -0.1176 0.9715 -0.2060
vn -0.1636 0.9574 -0.2380
vn -0.1309 0.9746 -0.1816
vn -0.0773 0.9886 -0.1290
vn -0.0720 0.9861 -0.1496
vn -0.0343 0.9984 -0.0445
vn -0.0333 0.9974 -0.0634
vn -0.0862 0.9908 -0.1046
vn -0.0397 0.9990 -0.0223
vn -0.0713 0.9832 -0.1679
vn -0.0754 0.9798 -0.1852
vn -0.0373 0.9961 -0.0800
vn -0.0467 0.9943 -0.0958
vn -0.1569 0.9740 -0.1635
vn -0.1460 0.9728 -0.1800
vn -0.0767 0.9932 -0.0880
vn -0.0824 0.9937 -0.0765
vn -0.0825 0.9947 -0.0618
vn -0.1622 0.9762 -0.1441
vn -0.2056 0.9607 -0.1866
vn -0.1973 0.9579 -0.2086
vn -0.2164 0.9570 -0.1930
vn -0.2075 0.9541 -0.2160
vn -0.1839 0.9559 -0.2290
vn -0.1943 0.9513 -0.2392
vn -0.1495 0.9800 -0.1315
vn -0.1426 0.9775 -0.1553
vn -0.1791 0.9605 -0.2128
vn -0.1898 0.9636 -0.1882
vn -0.1972 0.9662 -0.1662
vn -0.1535 0.9817 -0.1124
vn -0.0963 0.9944 -0.0437
vn -0.0965 0.9936 -0.0584
vn -0.0374 0.9989 0.0265
vn -0.0423 0.9990 0.0170
vn -0.0939 0.9924 -0.0794
vn -0.0437 0.9990 -0.0000
vn -0.0460 0.9893 -0.1386
vn -0.0137 0.9997 -0.0206
vn -0.0182 0.9991 -0.0370
vn -0.0559 0.9865 -0.1540
vn 0.0270 0.9925 0.1194
vn 0.0313 0.9937 0.1080
vn -0.0826 0.9673 -0.2397
vn -0.0705 0.9705 -0.2305
vn -0.1008 0.9500 -0.2956
vn -0.0891 0.9507 -0.2969
vn -0.0572 0.9733 -0.2221
vn -0.0355 0.9916 -0.1246
vn -0.0428 0.9757 -0.2150
vn -0.0243 0.9933 -0.1128
vn -0.0753 0.9515 -0.2984
vn -0.0591 0.9522 -0.2998
vn -0.0086 0.9999 -0.0064
vn 0.0241 0.9915 0.1279
vn -0.0026 1.0000 0.0050
vn 0.0227 0.9907 0.1339
vn -0.0085 0.9952 -0.0976
vn 0.0033 0.9998 0.0186
vn 0.0021 0.9999 0.0134
vn -0.0146 0.9945 -0.1038
vn 0.0164 0.9901 0.1396
vn 0.0209 0.9902 0.1379
vn -0.0294 0.9775 -0.2091
vn -0.0190 0.9787 -0.2045
vn -0.0428 0.9529 -0.3003
vn -0.0286 0.9537 -0.2994
vn -0.0115 0.9794 -0.2015
vn -0.0055 0.9955 -0.0950
vn -0.0064 0.9797 -0.2003
vn -0.0050 0.9953 -0.0966
vn -0.0164 0.9547 -0.2970
vn -0.0065 0.9561 -0.2930
vn 0.0016 0.9998 0.0196
vn 0.0096 0.9904 0.1381
vn -0.0024 0.9999 0.0156
vn 0.0008 0.9912 0.1324
vn -0.0932 0.9515 -0.2930
vn -0.0979 0.9418 -0.3217
vn -0.1071 0.9446 -0.3101
vn -0.0986 0.9563 -0.2752
vn -0.0797 0.9758 -0.2038
vn -0.0788 0.9713 -0.2244
vn -0.0562 0.9920 -0.1133
vn -0.0596 0.9893 -0.1334
vn -0.0719 0.9670 -0.2446
vn -0.0831 0.9470 -0.3105
vn -0.0589 0.9633 -0.2620
vn -0.0679 0.9431 -0.3255
vn -0.0561 0.9866 -0.1534
vn -0.0454 0.9842 -0.1709
vn -0.0852 0.9390 -0.3330
vn -0.0688 0.9369 -0.3429
vn -0.0325 0.9395 -0.3410
vn -0.0339 0.9352 -0.3524
vn -0.0509 0.9355 -0.3496
vn -0.0501 0.9405 -0.3361
vn -0.0425 0.9607 -0.2744
vn -0.0260 0.9595 -0.2803
vn -0.0309 0.9826 -0.1832
vn -0.0162 0.9818 -0.1891
vn -0.0102 0.9601 -0.2796
vn -0.0160 0.9403 -0.3400
vn 0.0040 0.9623 -0.2718
vn -0.0011 0.9430 -0.3327
vn -0.0022 0.9821 -0.1884
vn 0.0102 0.9834 -0.1810
vn -0.0183 0.9362 -0.3509
vn -0.0047 0.9387 -0.3448
vn 0.0947 0.9386 0.3318
vn 0.1126 0.9370 0.3306
vn 0.0789 0.9673 0.2411
vn 0.0663 0.9670 0.2460
vn 0.0554 0.9672 0.2478
vn 0.0786 0.9407 0.3300
vn 0.0468 0.9677 0.2478
vn 0.0650 0.9428 0.3269
vn 0.0942 0.9203 0.3796
vn 0.1132 0.9170 0.3826
vn 0.1026 0.9100 0.4017
vn 0.1226 0.9064 0.4042
vn 0.0774 0.9235 0.3757
vn 0.0844 0.9131 0.3988
vn 0.1338 0.9140 0.3831
vn 0.1439 0.9031 0.4047
vn 0.1310 0.8998 0.4162
vn 0.1522 0.8967 0.4156
vn 0.1485 0.8994 0.4112
vn 0.1273 0.9026 0.4113
vn 0.1071 0.9058 0.4100
vn 0.1105 0.9028 0.4157
vn 0.0882 0.9085 0.4085
vn 0.0909 0.9051 0.4153
vn 0.1131 0.9010 0.4189
vn 0.1339 0.8981 0.4189
vn 0.1141 0.9004 0.4199
vn 0.1350 0.8976 0.4197
vn 0.0929 0.9031 0.4193
vn 0.0936 0.9024 0.4205
vn 0.1551 0.8951 0.4180
vn 0.1563 0.8946 0.4187
vn 0.0383 0.9463 0.3209
vn 0.0522 0.9447 0.3238
vn 0.0386 0.9682 0.2470
vn 0.0287 0.9690 0.2454
vn 0.0171 0.9701 0.2420
vn 0.0231 0.9481 0.3172
vn 0.0040 0.9718 0.2358
vn 0.0067 0.9501 0.3118
vn 0.0274 0.9298 0.3670
vn 0.0450 0.9280 0.3698
vn 0.0299 0.9183 0.3947
vn 0.0488 0.9172 0.3955
vn 0.0088 0.9316 0.3634
vn 0.0098 0.9192 0.3936
vn 0.0616 0.9260 0.3724
vn 0.0669 0.9155 0.3966
vn 0.0519 0.9071 0.4177
vn 0.0717 0.9066 0.4159
vn 0.0698 0.9103 0.4079
vn 0.0508 0.9113 0.4086
vn 0.0309 0.9116 0.4098
vn 0.0311 0.9068 0.4205
vn 0.0099 0.9114 0.4113
vn 0.0093 0.9058 0.4237
vn 0.0308 0.9038 0.4268
vn 0.0523 0.9045 0.4232
vn 0.0304 0.9029 0.4288
vn 0.0522 0.9037 0.4251
vn 0.0081 0.9023 0.4309
vn 0.0074 0.9012 0.4333
vn 0.0729 0.9043 0.4206
vn 0.0732 0.9035 0.4222
vn 0.0722 0.9552 -0.2870
vn 0.0913 0.9410 -0.3258
vn 0.0982 0.9498 -0.2971
vn 0.0739 0.9639 -0.2558
vn 0.0929 0.9597 -0.2651
vn 0.0643 0.9728 -0.2225
vn 0.1035 0.9325 -0.3460
vn 0.1152 0.9401 -0.3207
vn 0.1143 0.9499 -0.2910
vn 0.0420 0.9800 -0.1946
vn 0.0459 0.9728 -0.2271
vn 0.0023 0.9937 -0.1117
vn 0.0121 0.9895 -0.1438
vn 0.0282 0.9865 -0.1615
vn -0.0150 0.9966 -0.0809
vn 0.0392 0.9665 -0.2536
vn 0.0590 0.9484 -0.3117
vn 0.0222 0.9629 -0.2688
vn 0.0347 0.9448 -0.3257
vn 0.0128 0.9852 -0.1711
vn 0.0042 0.9823 -0.1873
vn 0.0724 0.9347 -0.3481
vn 0.0800 0.9275 -0.3651
vn 0.0423 0.9316 -0.3609
vn 0.0456 0.9253 -0.3765
vn -0.0093 0.9505 -0.3106
vn -0.0115 0.9373 -0.3484
vn 0.0108 0.9325 -0.3610
vn 0.0086 0.9456 -0.3253
vn -0.0149 0.9296 -0.3682
vn 0.0104 0.9259 -0.3776
vn 0.0030 0.9633 -0.2684
vn -0.0087 0.9675 -0.2527
vn -0.0064 0.9822 -0.1877
vn -0.0105 0.9849 -0.1727
vn -0.0106 0.9741 -0.2257
vn -0.0165 0.9584 -0.2849
vn -0.0058 0.9892 -0.1465
vn -0.0229 0.9451 -0.3259
vn -0.0290 0.9362 -0.3504
vn -0.0485 0.9988 0.0005
vn -0.0219 0.9980 -0.0598
vn -0.0365 0.9989 -0.0293
vn -0.0662 0.9974 0.0294
vn -0.0563 0.9984 -0.0017
vn -0.0868 0.9947 0.0542
vn -0.0867 0.9942 0.0633
vn -0.0674 0.9971 0.0357
vn -0.0947 0.9927 0.0741
vn -0.0749 0.9961 0.0470
vn -0.1070 0.9905 0.0865
vn -0.1146 0.9887 0.0968
vn -0.0513 0.9986 0.0104
vn -0.0359 0.9990 -0.0257
vn -0.0391 0.9992 -0.0056
vn -0.0291 0.9987 -0.0423
vn -0.0573 0.9981 0.0221
vn -0.0429 0.9991 0.0064
vn -0.0144 0.9961 -0.0868
vn -0.0145 0.9945 -0.1035
vn -0.0140 0.9994 -0.0322
vn -0.0130 0.9957 -0.0915
vn -0.0165 0.9943 -0.1049
vn -0.0238 0.9987 -0.0443
vn -0.0279 0.9996 -0.0077
vn -0.0132 0.9999 0.0037
vn -0.0292 0.9996 0.0045
vn -0.0125 0.9998 0.0156
vn 0.0072 0.9997 0.0243
vn 0.0026 0.9999 -0.0102
vn 0.0095 0.9993 0.0357
vn -0.0016 0.9977 -0.0676
vn 0.1210 0.9160 -0.3824
vn 0.1437 0.9184 -0.3685
vn 0.1291 0.9314 -0.3403
vn 0.1124 0.9259 -0.3607
vn 0.1556 0.9242 -0.3488
vn 0.1338 0.9398 -0.3144
vn 0.0846 0.9230 -0.3755
vn 0.0888 0.9160 -0.3912
vn 0.0468 0.9220 -0.3845
vn 0.0480 0.9170 -0.3959
vn 0.0918 0.9065 -0.4120
vn 0.1286 0.9027 -0.4106
vn 0.0931 0.8944 -0.4375
vn 0.1342 0.8857 -0.4445
vn 0.0484 0.9104 -0.4109
vn 0.0475 0.9019 -0.4293
vn 0.1577 0.9007 -0.4047
vn 0.1780 0.9023 -0.3927
vn 0.1700 0.8780 -0.4475
vn 0.1991 0.8736 -0.4441
vn 0.1070 0.9002 -0.4221
vn 0.1493 0.8859 -0.4393
vn 0.1700 0.8677 -0.4672
vn 0.1293 0.8804 -0.4562
vn 0.1894 0.8725 -0.4504
vn 0.2062 0.8573 -0.4717
vn 0.0856 0.8931 -0.4417
vn 0.0641 0.9133 -0.4023
vn 0.0399 0.9034 -0.4269
vn 0.0215 0.9232 -0.3837
vn 0.0319 0.9435 -0.3299
vn 0.0707 0.9331 -0.3525
vn -0.0059 0.9709 -0.2393
vn 0.0257 0.9648 -0.2616
vn -0.0043 0.9506 -0.3105
vn -0.0327 0.9745 -0.2220
vn 0.1115 0.9207 -0.3740
vn 0.1527 0.9078 -0.3905
vn 0.0617 0.9566 -0.2847
vn 0.1009 0.9470 -0.3049
vn -0.0207 0.9208 -0.3896
vn 0.0083 0.9184 -0.3957
vn 0.0092 0.9225 -0.3858
vn -0.0182 0.9252 -0.3791
vn -0.0342 0.9302 -0.3656
vn -0.0385 0.9249 -0.3782
vn -0.0424 0.9204 -0.3886
vn -0.0231 0.9163 -0.3999
vn -0.0468 0.9168 -0.3966
vn -0.0260 0.9118 -0.4099
vn 0.0073 0.9133 -0.4072
vn 0.0054 0.9073 -0.4204
vn -0.0434 0.9336 -0.3556
vn -0.0157 0.9294 -0.3686
vn -0.0014 0.9105 -0.4136
vn -0.0323 0.9158 -0.4004
vn -0.0532 0.9212 -0.3854
vn -0.0623 0.9377 -0.3417
vn -0.0723 0.9584 -0.2761
vn -0.0569 0.9564 -0.2863
vn -0.0809 0.9761 -0.2019
vn -0.0696 0.9759 -0.2066
vn -0.0346 0.9544 -0.2966
vn -0.0539 0.9758 -0.2119
vn 0.1469 0.9456 -0.2901
vn 0.1106 0.9625 -0.2476
vn 0.1271 0.9506 -0.2831
vn 0.1565 0.9336 -0.3223
vn 0.0830 0.9714 -0.2223
vn 0.1027 0.9608 -0.2576
vn 0.1885 0.9083 -0.3734
vn 0.1889 0.9185 -0.3474
vn 0.2203 0.8739 -0.4333
vn 0.2324 0.8795 -0.4154
vn 0.1782 0.9316 -0.3166
vn 0.1265 0.9587 -0.2547
vn 0.1558 0.9464 -0.2829
vn 0.0954 0.9711 -0.2187
vn 0.2344 0.8898 -0.3916
vn 0.2249 0.9043 -0.3629
vn 0.0846 0.9738 -0.2110
vn 0.0560 0.9805 -0.1884
vn 0.0501 0.9830 -0.1766
vn 0.0235 0.9870 -0.1593
vn 0.0353 0.9903 -0.1341
vn -0.0081 0.9947 -0.1026
vn 0.0163 0.9898 -0.1418
vn 0.0621 0.9818 -0.1797
vn -0.0222 0.9945 -0.1019
vn -0.0052 0.9912 -0.1322
vn 0.1287 0.9614 -0.2433
vn 0.1053 0.9752 -0.1948
vn 0.2096 0.9217 -0.3263
vn 0.1955 0.9402 -0.2789
vn 0.0873 0.9863 -0.1396
vn 0.0165 0.9964 -0.0833
vn 0.1841 0.9572 -0.2232
vn -0.0225 0.9980 -0.0587
vn -0.0278 0.9974 -0.0669
vn 0.2537 0.8563 -0.4500
vn 0.2584 0.8504 -0.4582
vn 0.2362 0.8513 -0.4686
vn 0.2249 0.8622 -0.4539
vn 0.1913 0.8962 -0.4002
vn 0.2244 0.8875 -0.4024
vn 0.1402 0.9371 -0.3197
vn 0.1761 0.9283 -0.3275
vn 0.2507 0.8832 -0.3963
vn 0.2744 0.8558 -0.4386
vn 0.2681 0.8847 -0.3814
vn 0.2856 0.8615 -0.4197
vn 0.2067 0.9223 -0.3265
vn 0.2298 0.9208 -0.3153
vn 0.2716 0.8553 -0.4413
vn 0.2744 0.8660 -0.4180
vn 0.2937 0.8894 -0.3503
vn 0.2673 0.9010 -0.3416
vn 0.2711 0.8820 -0.3856
vn 0.2905 0.8735 -0.3908
vn 0.2790 0.8921 -0.3555
vn 0.2868 0.9036 -0.3184
vn 0.2459 0.9242 -0.2924
vn 0.2572 0.9311 -0.2587
vn 0.2927 0.9164 -0.2730
vn 0.2964 0.9064 -0.3010
vn 0.2652 0.9393 -0.2178
vn 0.2644 0.9202 -0.2886
vn 0.0257 0.9866 -0.1611
vn 0.0468 0.9806 -0.1901
vn 0.0781 0.9697 -0.2317
vn 0.0573 0.9783 -0.1989
vn 0.0321 0.9849 -0.1701
vn 0.0030 0.9904 -0.1384
vn 0.0046 0.9889 -0.1483
vn -0.0187 0.9920 -0.1248
vn -0.0312 0.9952 -0.0927
vn -0.0118 0.9941 -0.1079
vn -0.0701 0.9970 -0.0327
vn -0.0548 0.9977 -0.0390
vn -0.0465 0.9950 -0.0884
vn -0.0784 0.9962 -0.0387
vn 0.0088 0.9912 -0.1318
vn -0.0356 0.9978 -0.0558
vn -0.1207 0.9898 0.0758
vn -0.1063 0.9918 0.0704
vn -0.0769 0.9969 0.0181
vn -0.0939 0.9952 0.0280
vn -0.1047 0.9942 0.0262
vn -0.1272 0.9895 0.0690
vn -0.1062 0.9943 0.0112
vn -0.1227 0.9912 0.0487
vn -0.1386 0.9857 0.0955
vn -0.1360 0.9852 0.1043
vn -0.1416 0.9844 0.1045
vn -0.1410 0.9835 0.1136
vn -0.1290 0.9889 0.0734
vn -0.1296 0.9881 0.0822
vn -0.1246 0.9871 0.1009
vn -0.1311 0.9852 0.1107
vn -0.0287 0.9937 -0.1082
vn -0.0313 0.9926 -0.1171
vn -0.0163 0.9913 -0.1306
vn -0.0235 0.9936 -0.1108
vn -0.0184 0.9961 -0.0858
vn -0.0130 0.9955 -0.0941
vn -0.0115 0.9957 -0.0919
vn -0.0378 0.9948 -0.0943
vn -0.0140 0.9968 -0.0791
vn -0.0506 0.9963 -0.0690
vn -0.0503 0.9945 -0.0914
vn -0.0731 0.9959 -0.0534
vn -0.0643 0.9978 -0.0155
vn -0.1023 0.9946 0.0181
vn -0.0926 0.9956 -0.0134
vn -0.0613 0.9973 -0.0400
vn -0.0155 0.9980 -0.0614
vn -0.0122 0.9989 -0.0447
vn -0.0048 0.9995 -0.0299
vn -0.0607 0.9982 0.0035
vn -0.0002 0.9997 -0.0231
vn -0.0573 0.9983 0.0114
vn -0.1033 0.9938 0.0405
vn -0.1016 0.9936 0.0491
vn -0.1625 0.9848 0.0612
vn -0.1259 0.9915 0.0331
vn -0.1055 0.9942 0.0196
vn -0.1418 0.9889 0.0443
vn -0.0838 0.9964 0.0155
vn -0.1192 0.9922 0.0367
vn -0.0714 0.9974 -0.0038
vn -0.0523 0.9986 -0.0122
vn -0.0325 0.9994 -0.0113
vn -0.1619 0.9849 0.0616
vn -0.1823 0.9799 0.0805
vn -0.1664 0.9835 0.0715
vn -0.1860 0.9783 0.0910
vn -0.1392 0.9889 0.0519
vn -0.1443 0.9877 0.0609
vn -0.1991 0.9740 0.1080
vn -0.1803 0.9798 0.0871
vn -0.2110 0.9669 0.1435
vn -0.1939 0.9734 0.1218
vn -0.2014 0.9723 0.1185
vn -0.2111 0.9654 0.1531
vn -0.1440 0.9880 0.0558
vn -0.0889 0.9959 0.0138
vn -0.1587 0.9834 0.0876
vn -0.1039 0.9937 0.0408
vn -0.2182 0.9563 0.1945
vn -0.1871 0.9697 0.1571
vn -0.1725 0.9773 0.1233
vn -0.2058 0.9655 0.1594
vn -0.1346 0.9856 0.1021
vn -0.1186 0.9903 0.0720
vn -0.2204 0.9584 0.1812
vn -0.2302 0.9490 0.2154
vn -0.2177 0.9575 0.1890
vn -0.2244 0.9492 0.2206
vn -0.2398 0.9392 0.2458
vn -0.2302 0.9465 0.2261
vn -0.2490 0.9295 0.2721
vn -0.2412 0.9367 0.2537
vn -0.2314 0.9407 0.2482
vn -0.2390 0.9322 0.2717
vn -0.2014 0.9613 0.1882
vn -0.1508 0.9800 0.1302
vn -0.2144 0.9526 0.2156
vn -0.1659 0.9738 0.1552
vn -0.1784 0.9786 0.1027
vn -0.1820 0.9785 0.0970
vn -0.1635 0.9835 0.0777
vn -0.1606 0.9835 0.0835
vn -0.1423 0.9876 0.0667
vn -0.1402 0.9875 0.0722
vn -0.1578 0.9834 0.0892
vn -0.1750 0.9786 0.1083
vn -0.1565 0.9834 0.0920
vn -0.1735 0.9785 0.1111
vn -0.1381 0.9874 0.0775
vn -0.1371 0.9873 0.0801
vn -0.1876 0.9731 0.1337
vn -0.1915 0.9730 0.1288
vn -0.1934 0.9673 0.1639
vn -0.1980 0.9670 0.1602
vn -0.1858 0.9731 0.1362
vn -0.1914 0.9674 0.1659
vn -0.1961 0.9728 0.1237
vn -0.2038 0.9664 0.1567
vn -0.2021 0.9549 0.2175
vn -0.2117 0.9526 0.2186
vn -0.2078 0.9595 0.1900
vn -0.2002 0.9609 0.1914
vn -0.1947 0.9616 0.1934
vn -0.1954 0.9562 0.2179
vn -0.1925 0.9618 0.1948
vn -0.1929 0.9566 0.2186
vn -0.1971 0.9510 0.2384
vn -0.2049 0.9490 0.2395
vn -0.2010 0.9456 0.2560
vn -0.2097 0.9431 0.2582
vn -0.1941 0.9515 0.2385
vn -0.1976 0.9463 0.2557
vn -0.2163 0.9456 0.2428
vn -0.2224 0.9387 0.2635
vn 0.0051 0.9984 -0.0562
vn 0.0192 0.9983 -0.0554
vn -0.0033 0.9992 -0.0407
vn -0.0202 0.9991 -0.0377
vn 0.0339 0.9983 -0.0464
vn 0.0140 0.9993 -0.0350
vn -0.0073 0.9988 -0.0489
vn -0.0494 0.9988 -0.0047
vn -0.0170 0.9993 -0.0335
vn -0.0032 0.9985 -0.0555
vn 0.0045 0.9982 -0.0595
vn -0.0236 0.9987 -0.0452
vn -0.0220 0.9986 -0.0474
vn -0.0072 0.9990 -0.0448
vn -0.0195 0.9991 -0.0382
vn 0.0150 0.9983 -0.0565
vn 0.0273 0.9986 -0.0459
vn -0.0157 0.9989 -0.0439
vn -0.0060 0.9994 -0.0339
vn -0.1033 0.9946 -0.0018
vn -0.1095 0.9940 0.0003
vn -0.0626 0.9978 -0.0226
vn -0.0632 0.9977 -0.0256
vn -0.1080 0.9941 0.0064
vn -0.0563 0.9983 -0.0144
vn -0.0572 0.9981 -0.0243
vn -0.0889 0.9960 -0.0011
vn -0.0436 0.9989 -0.0200
vn -0.0659 0.9978 0.0013
vn -0.1133 0.9933 0.0218
vn -0.1355 0.9906 0.0209
vn -0.1279 0.9908 0.0439
vn -0.1568 0.9867 0.0420
vn -0.0822 0.9963 0.0235
vn -0.0905 0.9948 0.0459
vn -0.1486 0.9887 0.0216
vn -0.1523 0.9880 0.0250
vn -0.1763 0.9835 0.0405
vn -0.1853 0.9819 0.0401
vn -0.0374 0.9993 0.0025
vn -0.0263 0.9995 -0.0148
vn -0.0628 0.9978 0.0204
vn -0.0780 0.9960 0.0446
vn -0.0939 0.9933 0.0673
vn -0.0495 0.9986 0.0179
vn -0.1094 0.9901 0.0874
vn -0.0621 0.9976 0.0309
vn -0.0184 0.9997 -0.0158
vn -0.0133 0.9997 -0.0227
vn -0.0004 0.9995 -0.0326
vn -0.0056 0.9995 -0.0298
vn -0.0248 0.9996 -0.0118
vn 0.0023 0.9992 -0.0394
vn -0.0096 0.9994 -0.0323
vn -0.0123 0.9994 -0.0316
vn -0.0107 0.9999 -0.0108
vn -0.0380 0.9993 -0.0004
vn -0.0254 0.9995 -0.0183
vn -0.0073 0.9997 -0.0238
vn 0.0086 0.9993 -0.0355
vn 0.0131 0.9995 -0.0285
vn 0.0206 0.9984 -0.0522
vn 0.0312 0.9982 -0.0516
vn 0.0147 0.9998 -0.0135
vn -0.0136 0.9999 0.0072
vn 0.0157 0.9999 0.0068
vn -0.0138 0.9995 0.0285
vn 0.0353 0.9986 -0.0398
vn 0.0358 0.9992 -0.0204
vn -0.0469 0.9987 0.0202
vn -0.0503 0.9978 0.0422
vn 0.0585 0.9982 -0.0166
vn 0.0418 0.9991 -0.0100
vn 0.0296 0.9993 -0.0236
vn 0.0475 0.9983 -0.0323
vn 0.0003 1.0000 0.0048
vn -0.0142 0.9999 -0.0046
vn 0.0394 0.9987 -0.0311
vn 0.0502 0.9986 -0.0155
vn 0.0051 0.9998 -0.0205
vn 0.0168 0.9998 -0.0072
vn 0.0606 0.9982 0.0006
vn 0.0672 0.9977 0.0002
vn 0.0716 0.9973 0.0170
vn 0.0742 0.9971 0.0179
vn 0.0302 0.9995 0.0059
vn 0.0468 0.9987 0.0188
vn 0.0503 0.9987 0.0053
vn 0.0098 0.9998 0.0165
vn 0.0548 0.9983 0.0221
vn 0.0133 0.9995 0.0300
vn 0.0854 0.9952 0.0480
vn 0.0541 0.9972 0.0515
vn 0.0555 0.9977 0.0382
vn 0.0798 0.9962 0.0345
vn 0.0036 0.9985 0.0550
vn 0.0105 0.9990 0.0435
vn 0.0837 0.9960 0.0321
vn 0.0975 0.9943 0.0441
vn 0.0670 0.9973 0.0303
vn 0.0906 0.9951 0.0394
vn 0.1141 0.9920 0.0535
vn 0.0930 0.9939 0.0584
vn 0.1172 0.9920 0.0468
vn 0.0536 0.9966 0.0618
vn -0.0043 0.9980 0.0637
vn -0.0882 0.9959 0.0180
vn -0.0340 0.9994 0.0055
vn -0.0465 0.9989 -0.0038
vn -0.1007 0.9948 0.0134
vn -0.1480 0.9886 0.0279
vn -0.1366 0.9902 0.0273
vn -0.1846 0.9821 0.0380
vn -0.1749 0.9841 0.0317
vn -0.1172 0.9928 0.0242
vn -0.0695 0.9974 0.0208
vn -0.0887 0.9959 0.0197
vn -0.0430 0.9988 0.0225
vn -0.1559 0.9875 0.0225
vn -0.1271 0.9918 0.0117
vn -0.0173 0.9998 0.0138
vn 0.0050 0.9998 0.0215
vn 0.0311 0.9992 0.0246
vn 0.0665 0.9972 0.0332
vn 0.0334 0.9990 0.0280
vn -0.0088 0.9997 0.0235
vn -0.0514 0.9986 0.0152
vn -0.0080 0.9999 0.0123
vn -0.0891 0.9960 0.0019
vn -0.0447 0.9990 -0.0044
vn 0.0375 0.9992 0.0123
vn 0.0735 0.9969 0.0268
vn 0.0014 1.0000 -0.0060
vn 0.1025 0.9940 0.0381
vn -0.0796 0.9962 0.0359
vn -0.0973 0.9946 0.0350
vn -0.0631 0.9979 0.0174
vn -0.0465 0.9987 0.0221
vn -0.0357 0.9989 0.0293
vn -0.0680 0.9969 0.0391
vn -0.0324 0.9987 0.0385
vn -0.0647 0.9969 0.0443
vn -0.0874 0.9951 0.0460
vn -0.0992 0.9940 0.0459
vn -0.0940 0.9943 0.0499
vn -0.1057 0.9930 0.0521
vn -0.0838 0.9953 0.0476
vn -0.0896 0.9948 0.0487
vn -0.1172 0.9920 0.0478
vn -0.1230 0.9908 0.0557
vn -0.1050 0.9927 0.0599
vn -0.1207 0.9905 0.0656
vn -0.1219 0.9907 0.0608
vn -0.1055 0.9928 0.0561
vn -0.0942 0.9942 0.0523
vn -0.0941 0.9941 0.0548
vn -0.0891 0.9948 0.0489
vn -0.0886 0.9948 0.0496
vn -0.0937 0.9940 0.0572
vn -0.1044 0.9925 0.0636
vn -0.0936 0.9939 0.0584
vn -0.1040 0.9924 0.0653
vn -0.0881 0.9948 0.0506
vn -0.0879 0.9948 0.0511
vn -0.1194 0.9904 0.0702
vn -0.1187 0.9903 0.0724
vn -0.0829 0.9950 0.0564
vn -0.0703 0.9962 0.0504
vn -0.0372 0.9981 0.0483
vn -0.0480 0.9972 0.0570
vn -0.0613 0.9961 0.0635
vn -0.0991 0.9932 0.0609
vn -0.1178 0.9914 0.0570
vn -0.1012 0.9934 0.0540
vn -0.1176 0.9917 0.0524
vn -0.1030 0.9934 0.0504
vn -0.0889 0.9948 0.0504
vn -0.0931 0.9945 0.0488
vn -0.0937 0.9946 0.0443
vn -0.0886 0.9950 0.0458
vn -0.0905 0.9948 0.0469
vn -0.0976 0.9941 0.0469
vn -0.1094 0.9928 0.0481
vn -0.1036 0.9936 0.0445
vn -0.1001 0.9941 0.0414
vn -0.0914 0.9949 0.0424
vn -0.0989 0.9943 0.0399
vn -0.0907 0.9950 0.0416
vn -0.0874 0.9951 0.0452
vn -0.0870 0.9952 0.0450
vn -0.1192 0.9513 0.2842
vn -0.0945 0.9726 0.2125
vn -0.1117 0.9677 0.2261
vn -0.1394 0.9463 0.2916
vn -0.1289 0.9613 0.2436
vn -0.1587 0.9399 0.3022
vn -0.0617 0.9912 0.1175
vn -0.0742 0.9878 0.1371
vn -0.0878 0.9831 0.1609
vn -0.1582 0.9284 0.3361
vn -0.1363 0.9324 0.3349
vn -0.1690 0.9165 0.3626
vn -0.1467 0.9184 0.3673
vn -0.1782 0.9234 0.3399
vn -0.1884 0.9140 0.3593
vn -0.1121 0.9351 0.3362
vn -0.0976 0.9548 0.2808
vn -0.0852 0.9365 0.3402
vn -0.0741 0.9565 0.2821
vn -0.1214 0.9199 0.3730
vn -0.0925 0.9207 0.3791
vn -0.0770 0.9759 0.2041
vn -0.0499 0.9933 0.1041
vn -0.0586 0.9776 0.2024
vn -0.0382 0.9944 0.0990
vn -0.0300 0.9549 0.2955
vn -0.0250 0.9761 0.2160
vn -0.0408 0.9775 0.2070
vn -0.0509 0.9564 0.2876
vn -0.0180 0.9936 0.1113
vn -0.0275 0.9944 0.1022
vn -0.0582 0.9365 0.3459
vn -0.0337 0.9353 0.3522
vn -0.0632 0.9209 0.3846
vn -0.0363 0.9206 0.3887
vn -0.0114 0.9335 0.3583
vn -0.0109 0.9526 0.3042
vn -0.0120 0.9200 0.3917
vn -0.0101 0.9740 0.2265
vn -0.0087 0.9924 0.1226
vn -0.1555 0.9019 0.4030
vn -0.1525 0.9089 0.3882
vn -0.1743 0.9091 0.3785
vn -0.1768 0.9037 0.3901
vn -0.1926 0.9092 0.3691
vn -0.1941 0.9058 0.3767
vn -0.1769 0.9004 0.3974
vn -0.1562 0.8977 0.4121
vn -0.1766 0.8994 0.3999
vn -0.1562 0.8963 0.4151
vn -0.1936 0.9038 0.3818
vn -0.1930 0.9031 0.3835
vn -0.1313 0.8958 0.4245
vn -0.1301 0.9008 0.4144
vn -0.1023 0.8953 0.4335
vn -0.1005 0.9006 0.4230
vn -0.1316 0.8942 0.4279
vn -0.1030 0.8936 0.4369
vn -0.1269 0.9089 0.3974
vn -0.0973 0.9091 0.4050
vn -0.0410 0.9026 0.4285
vn -0.0386 0.9103 0.4122
vn -0.0668 0.9096 0.4101
vn -0.0698 0.9012 0.4277
vn -0.0719 0.8961 0.4379
vn -0.0431 0.8980 0.4379
vn -0.0729 0.8945 0.4412
vn -0.0441 0.8964 0.4410
vn -0.0164 0.9002 0.4351
vn -0.0146 0.9043 0.4267
vn -0.0173 0.8989 0.4378
vn -0.0130 0.9109 0.4124
vn 0.0077 0.9973 -0.0735
vn 0.0061 0.9989 -0.0465
vn -0.0326 0.9987 0.0399
vn -0.0255 0.9996 0.0157
vn 0.0021 0.9999 -0.0158
vn -0.0414 0.9968 0.0683
vn -0.0202 0.9998 -0.0021
vn 0.0070 0.9955 -0.0944
vn -0.0160 0.9998 -0.0110
vn 0.0045 0.9942 -0.1072
vn 0.0310 0.9848 -0.1708
vn 0.0369 0.9884 -0.1476
vn 0.0517 0.9716 -0.2309
vn 0.0616 0.9765 -0.2065
vn 0.0229 0.9820 -0.1874
vn 0.0396 0.9671 -0.2514
vn 0.0403 0.9920 -0.1197
vn 0.0412 0.9952 -0.0889
vn 0.0693 0.9814 -0.1792
vn 0.0747 0.9858 -0.1502
vn 0.0777 0.9732 -0.2164
vn 0.0891 0.9763 -0.1974
vn 0.0871 0.9740 -0.2093
vn 0.0766 0.9693 -0.2337
vn 0.0999 0.9788 -0.1788
vn 0.0961 0.9782 -0.1843
vn 0.0645 0.9642 -0.2573
vn 0.0658 0.9695 -0.2362
vn 0.0507 0.9587 -0.2798
vn 0.0531 0.9648 -0.2574
vn 0.0580 0.9819 -0.1805
vn 0.0679 0.9837 -0.1664
vn 0.0445 0.9933 -0.1064
vn 0.0509 0.9938 -0.0993
vn 0.0486 0.9791 -0.1975
vn 0.0398 0.9923 -0.1174
vn 0.0783 0.9849 -0.1544
vn 0.0895 0.9856 -0.1434
vn 0.0592 0.9937 -0.0949
vn 0.0695 0.9934 -0.0918
vn -0.0026 0.9942 -0.1079
vn 0.0008 0.9938 -0.1109
vn -0.0128 0.9999 -0.0104
vn -0.0102 0.9999 -0.0030
vn -0.0069 1.0000 0.0070
vn -0.0047 0.9948 -0.1018
vn -0.0015 0.9797 -0.2006
vn 0.0054 0.9797 -0.2003
vn 0.0031 0.9578 -0.2873
vn 0.0143 0.9602 -0.2791
vn 0.0138 0.9803 -0.1968
vn 0.0266 0.9632 -0.2674
vn 0.0266 0.9533 -0.3008
vn 0.0399 0.9593 -0.2795
vn 0.0363 0.9530 -0.3007
vn 0.0221 0.9475 -0.3191
vn 0.0083 0.9425 -0.3341
vn 0.0128 0.9476 -0.3192
vn 0.0168 0.9661 -0.2574
vn 0.0285 0.9707 -0.2384
vn 0.0207 0.9856 -0.1675
vn 0.0290 0.9882 -0.1504
vn 0.0390 0.9753 -0.2175
vn 0.0352 0.9905 -0.1327
vn -0.0204 0.9990 0.0410
vn -0.0711 0.9901 0.1212
vn -0.0540 0.9938 0.0970
vn -0.0063 0.9999 0.0149
vn -0.1236 0.9707 0.2059
vn -0.1040 0.9772 0.1853
vn 0.0372 0.9976 -0.0585
vn 0.0267 0.9991 -0.0323
vn 0.0753 0.9897 -0.1218
vn 0.0688 0.9929 -0.0970
vn 0.0114 0.9998 -0.0132
vn -0.0379 0.9975 0.0590
vn -0.0064 1.0000 -0.0037
vn -0.0562 0.9962 0.0662
vn 0.0564 0.9954 -0.0777
vn 0.0393 0.9971 -0.0655
vn -0.0904 0.9864 0.1374
vn -0.1443 0.9650 0.2190
vn -0.1089 0.9838 0.1423
vn -0.1630 0.9614 0.2217
vn -0.0746 0.9957 0.0548
vn -0.1256 0.9844 0.1234
vn -0.1217 0.9831 0.1365
vn -0.0697 0.9955 0.0635
vn -0.1804 0.9634 0.1983
vn -0.1759 0.9609 0.2139
vn -0.0212 0.9998 -0.0021
vn -0.0287 0.9996 -0.0045
vn 0.0230 0.9980 -0.0584
vn 0.0118 0.9985 -0.0527
vn -0.0295 0.9995 -0.0085
vn -0.0717 0.9965 0.0431
vn 0.0051 0.9989 -0.0468
vn -0.1212 0.9869 0.1061
vn -0.1768 0.9680 0.1779
vn 0.1082 0.9833 -0.1462
vn 0.0983 0.9854 -0.1391
vn 0.1007 0.9819 -0.1603
vn 0.1072 0.9810 -0.1614
vn 0.0983 0.9861 -0.1337
vn 0.1017 0.9868 -0.1256
vn 0.0788 0.9928 -0.0898
vn 0.0840 0.9925 -0.0889
vn 0.0992 0.9880 -0.1184
vn 0.1026 0.9858 -0.1331
vn 0.0898 0.9897 -0.1115
vn 0.0900 0.9884 -0.1222
vn 0.0842 0.9926 -0.0879
vn 0.0784 0.9932 -0.0858
vn 0.0892 0.9886 -0.1215
vn 0.0739 0.9914 -0.1084
vn 0.0599 0.9937 -0.0946
vn 0.0428 0.9955 -0.0843
vn 0.0570 0.9936 -0.0971
vn 0.0745 0.9911 -0.1103
vn 0.0771 0.9918 -0.1018
vn 0.0642 0.9942 -0.0865
vn 0.0694 0.9944 -0.0796
vn 0.0599 0.9960 -0.0664
vn 0.0505 0.9966 -0.0657
vn 0.0456 0.9961 -0.0750
vn 0.0490 0.9977 -0.0466
vn 0.0308 0.9971 -0.0695
vn -0.1987 0.9249 0.3240
vn -0.1783 0.9325 0.3141
vn -0.1476 0.9537 0.2621
vn -0.1685 0.9458 0.2777
vn -0.1893 0.9391 0.2870
vn -0.2181 0.9188 0.3290
vn -0.2075 0.9351 0.2873
vn -0.2343 0.9156 0.3269
vn -0.2327 0.9077 0.3491
vn -0.2160 0.9120 0.3487
vn -0.2342 0.9072 0.3495
vn -0.2214 0.9086 0.3542
vn -0.2458 0.9061 0.3443
vn -0.2430 0.9079 0.3415
vn -0.1974 0.9177 0.3448
vn -0.2058 0.9112 0.3570
vn -0.2179 0.9108 0.3506
vn -0.2078 0.9081 0.3635
vn -0.2079 0.9093 0.3604
vn -0.2202 0.9099 0.3516
vn -0.2291 0.9113 0.3421
vn -0.2240 0.9143 0.3376
vn -0.2337 0.9142 0.3310
vn -0.2256 0.9187 0.3242
vn -0.2193 0.9160 0.3358
vn -0.2150 0.9114 0.3508
vn -0.2172 0.9167 0.3355
vn -0.2135 0.9117 0.3511
vn -0.2191 0.9213 0.3212
vn -0.2163 0.9222 0.3205
vn -0.2063 0.9074 0.3661
vn -0.2054 0.9072 0.3671
vn -0.2500 0.9207 0.2997
vn -0.2453 0.9163 0.3167
vn -0.2200 0.9350 0.2782
vn -0.2253 0.9385 0.2616
vn -0.2233 0.9448 0.2400
vn -0.2486 0.9278 0.2781
vn -0.2556 0.9206 0.2953
vn -0.2573 0.9131 0.3162
vn -0.2453 0.9241 0.2929
vn -0.2483 0.9169 0.3124
vn -0.2541 0.9080 0.3331
vn -0.2475 0.9113 0.3291
vn -0.2204 0.9303 0.2931
vn -0.2238 0.9242 0.3096
vn -0.2345 0.9189 0.3173
vn -0.2327 0.9249 0.3008
vn -0.2285 0.9316 0.2825
vn -0.2155 0.9368 0.2757
vn -0.2063 0.9398 0.2726
vn -0.2114 0.9335 0.2895
vn -0.2027 0.9407 0.2722
vn -0.2078 0.9345 0.2888
vn -0.2158 0.9273 0.3060
vn -0.2125 0.9283 0.3052
vn 0.0003 0.9981 0.0623
vn 0.0071 0.9976 0.0686
vn 0.0063 0.9972 0.0749
vn -0.0017 0.9978 0.0660
vn -0.0016 0.9965 0.0841
vn -0.0097 0.9974 0.0717
vn 0.0162 0.9971 0.0741
vn 0.0168 0.9964 0.0828
vn 0.0094 0.9954 0.0953
vn -0.0074 0.9984 0.0562
vn -0.0043 0.9985 0.0552
vn -0.0109 0.9989 0.0455
vn -0.0068 0.9989 0.0474
vn -0.0153 0.9982 0.0584
vn -0.0185 0.9989 0.0442
vn -0.0051 0.9983 0.0574
vn -0.0028 0.9980 0.0625
vn -0.0084 0.9979 0.0642
vn -0.0097 0.9976 0.0681
vn -0.0052 0.9987 0.0516
vn -0.0049 0.9982 0.0598
vn 0.0017 0.9978 0.0669
vn 0.0086 0.9975 0.0706
vn -0.0086 0.9974 0.0713
vn -0.0050 0.9973 0.0736
vn -0.0119 0.9964 0.0834
vn -0.0182 0.9963 0.0841
vn -0.0172 0.9968 0.0786
vn -0.0143 0.9970 0.0766
vn -0.0222 0.9962 0.0837
vn -0.0174 0.9967 0.0796
vn -0.0092 0.9972 0.0737
vn -0.0036 0.9966 0.0818
vn -0.0019 0.9975 0.0702
vn 0.0064 0.9968 0.0796
vn 0.0073 0.9962 0.0868
vn -0.0031 0.9962 0.0871
vn 0.0222 0.9960 0.0870
vn 0.0108 0.9962 0.0860
vn 0.0189 0.9961 0.0860
vn 0.0339 0.9956 0.0877
vn -0.0123 0.9962 0.0865
vn -0.0197 0.9962 0.0849
vn -0.0002 0.9964 0.0845
vn -0.0103 0.9966 0.0820
vn -0.0078 0.9996 0.0268
vn -0.0076 0.9992 0.0383
vn -0.0127 0.9994 0.0336
vn -0.0138 0.9997 0.0194
vn -0.0199 0.9994 0.0290
vn -0.0206 0.9997 0.0116
vn -0.0155 0.9999 0.0013
vn -0.0082 0.9999 0.0118
vn -0.0219 0.9997 -0.0097
vn 0.0008 0.9997 0.0233
vn -0.0015 0.9994 0.0354
vn 0.0128 0.9992 0.0371
vn 0.0062 0.9989 0.0467
vn -0.0037 0.9990 0.0446
vn 0.0002 0.9985 0.0541
vn 0.0309 0.9968 0.0738
vn 0.0179 0.9969 0.0769
vn 0.0069 0.9978 0.0658
vn 0.0169 0.9980 0.0602
vn 0.0283 0.9982 0.0536
vn 0.0463 0.9964 0.0710
vn 0.0651 0.9941 0.0868
vn 0.0467 0.9953 0.0852
vn 0.0823 0.9917 0.0987
vn 0.0621 0.9938 0.0923
vn 0.0317 0.9959 0.0852
vn 0.0467 0.9949 0.0891
vn 0.0317 0.9974 0.0645
vn 0.0363 0.9964 0.0763
vn 0.0276 0.9960 0.0850
vn 0.0253 0.9969 0.0742
vn 0.0323 0.9951 0.0937
vn 0.0214 0.9947 0.1003
vn 0.0154 0.9975 0.0694
vn 0.0191 0.9981 0.0592
vn -0.0013 0.9974 0.0715
vn -0.0004 0.9981 0.0613
vn 0.0194 0.9990 0.0403
vn 0.0350 0.9984 0.0450
vn 0.0155 0.9998 0.0130
vn 0.0348 0.9993 0.0158
vn -0.0031 0.9990 0.0437
vn -0.0104 0.9998 0.0191
vn 0.0427 0.9975 0.0570
vn 0.0419 0.9963 0.0754
vn 0.0467 0.9985 0.0269
vn 0.0502 0.9977 0.0454
vn 0.0431 0.9986 -0.0293
vn 0.0636 0.9977 -0.0237
vn 0.0524 0.9986 -0.0036
vn 0.0360 0.9993 -0.0126
vn 0.0767 0.9970 -0.0089
vn 0.0608 0.9981 0.0138
vn 0.0126 0.9998 -0.0124
vn 0.0161 0.9996 -0.0253
vn -0.0168 0.9999 -0.0025
vn -0.0165 0.9998 -0.0112
vn 0.0253 0.9994 -0.0245
vn 0.0548 0.9979 -0.0332
vn 0.0405 0.9992 -0.0072
vn 0.0706 0.9973 -0.0212
vn -0.0094 0.9999 -0.0062
vn 0.0059 0.9999 0.0149
vn 0.0786 0.9964 -0.0322
vn 0.0959 0.9952 -0.0217
vn 0.0960 0.9950 -0.0264
vn 0.1163 0.9930 -0.0223
vn -0.0309 0.9970 0.0706
vn -0.0194 0.9976 0.0668
vn -0.0172 0.9969 0.0766
vn -0.0256 0.9965 0.0798
vn -0.0266 0.9964 0.0805
vn -0.0349 0.9968 0.0722
vn -0.0204 0.9968 0.0777
vn -0.0315 0.9970 0.0708
vn -0.0454 0.9971 0.0609
vn -0.0391 0.9976 0.0569
vn -0.0594 0.9971 0.0476
vn -0.0512 0.9979 0.0396
vn -0.0443 0.9971 0.0622
vn -0.0598 0.9968 0.0527
vn -0.0250 0.9984 0.0509
vn -0.0350 0.9989 0.0298
vn -0.0667 0.9974 0.0255
vn -0.0466 0.9989 0.0078
vn -0.0442 0.9989 0.0125
vn -0.0625 0.9977 0.0267
vn -0.0720 0.9966 0.0388
vn -0.0777 0.9962 0.0406
vn -0.0734 0.9962 0.0475
vn -0.0801 0.9954 0.0517
vn -0.0749 0.9958 0.0529
vn -0.0628 0.9974 0.0362
vn -0.0611 0.9952 0.0764
vn -0.0481 0.9970 0.0600
vn -0.0783 0.9948 0.0649
vn -0.0657 0.9940 0.0876
vn -0.0412 0.9990 0.0161
vn -0.0259 0.9989 0.0392
vn 0.0087 0.9908 0.1352
vn -0.0051 0.9908 0.1353
vn 0.0096 0.9930 0.1178
vn 0.0222 0.9932 0.1141
vn -0.0187 0.9923 0.1225
vn -0.0034 0.9940 0.1091
vn 0.0345 0.9946 0.0980
vn 0.0227 0.9923 0.1221
vn 0.0465 0.9965 0.0693
vn 0.0368 0.9947 0.0958
vn 0.0057 0.9893 0.1460
vn -0.0086 0.9877 0.1559
vn -0.0165 0.9857 0.1679
vn -0.0298 0.9841 0.1752
vn 0.0201 0.9923 0.1224
vn -0.0039 0.9892 0.1467
vn -0.0227 0.9881 0.1524
vn -0.0365 0.9901 0.1354
vn -0.0434 0.9847 0.1685
vn -0.0568 0.9874 0.1477
vn -0.0531 0.9778 0.2026
vn -0.0638 0.9792 0.1928
vn -0.0595 0.9815 0.1821
vn -0.0473 0.9804 0.1910
vn -0.0756 0.9830 0.1676
vn -0.0723 0.9847 0.1584
vn -0.0360 0.9820 0.1854
vn -0.0443 0.9794 0.1972
vn -0.0264 0.9859 0.1653
vn -0.0380 0.9835 0.1767
vn -0.0409 0.9780 0.2044
vn -0.0471 0.9764 0.2110
vn -0.0253 0.9778 0.2079
vn -0.0287 0.9757 0.2173
vn -0.0381 0.9826 0.1820
vn -0.0258 0.9829 0.1823
vn -0.0559 0.9778 0.2019
vn -0.0667 0.9820 0.1769
vn -0.0357 0.9769 0.2107
vn -0.0458 0.9811 0.1880
vn 0.0744 0.9963 0.0419
vn 0.0535 0.9964 0.0658
vn 0.0613 0.9974 0.0379
vn 0.0809 0.9966 0.0139
vn 0.1034 0.9946 -0.0020
vn 0.0974 0.9949 0.0244
vn 0.1262 0.9920 -0.0081
vn 0.1201 0.9927 0.0146
vn 0.0764 0.9957 0.0532
vn 0.0557 0.9959 0.0713
vn 0.0393 0.9960 0.0801
vn 0.0242 0.9949 0.0983
vn 0.0961 0.9945 0.0410
vn 0.0531 0.9964 0.0661
vn 0.0363 0.9949 0.0944
vn 0.0093 0.9927 0.1204
vn -0.0312 0.9913 0.1276
vn -0.0339 0.9881 0.1503
vn -0.0176 0.9900 0.1396
vn -0.0088 0.9930 0.1178
vn -0.0009 0.9951 0.0993
vn -0.0304 0.9937 0.1079
vn 0.0053 0.9965 0.0838
vn -0.0319 0.9954 0.0907
vn -0.0482 0.9931 0.1071
vn -0.0419 0.9908 0.1288
vn -0.0531 0.9938 0.0981
vn -0.0398 0.9916 0.1227
vn -0.0574 0.9945 0.0879
vn -0.0703 0.9946 0.0759
vn -0.0385 0.9874 0.1535
vn -0.0306 0.9881 0.1506
vn -0.0379 0.9959 0.0820
vn -0.0224 0.9968 0.0774
vn -0.0146 0.9955 0.0938
vn -0.0301 0.9943 0.1027
vn -0.0481 0.9926 0.1112
vn -0.0560 0.9947 0.0861
vn -0.0683 0.9905 0.1193
vn -0.0764 0.9930 0.0901
vn -0.0605 0.9963 0.0604
vn -0.0425 0.9973 0.0606
vn -0.0619 0.9975 0.0342
vn -0.0443 0.9983 0.0386
vn -0.0810 0.9949 0.0600
vn -0.0823 0.9962 0.0292
vn -0.0273 0.9978 0.0601
vn -0.0297 0.9987 0.0420
vn -0.0420 0.9991 -0.0076
vn -0.0296 0.9996 0.0026
vn -0.0301 0.9993 0.0232
vn -0.0438 0.9989 0.0161
vn -0.0606 0.9981 0.0079
vn -0.0576 0.9982 -0.0192
vn -0.0803 0.9968 -0.0014
vn -0.0761 0.9966 -0.0323
vn -0.0547 0.9973 -0.0500
vn -0.0407 0.9986 -0.0352
vn -0.0714 0.9952 -0.0666
vn -0.0297 0.9993 -0.0219
vn -0.0964 0.9906 0.0971
vn -0.0921 0.9913 0.0935
vn -0.0837 0.9884 0.1266
vn -0.0870 0.9872 0.1335
vn -0.0784 0.9868 0.1421
vn -0.0892 0.9906 0.1036
vn -0.0581 0.9863 0.1544
vn -0.0710 0.9908 0.1152
vn -0.0977 0.9933 0.0614
vn -0.1029 0.9930 0.0586
vn -0.1030 0.9946 0.0156
vn -0.1059 0.9942 0.0178
vn -0.0824 0.9941 0.0703
vn -0.0909 0.9957 0.0198
vn -0.0974 0.9935 0.0591
vn -0.0990 0.9948 0.0233
vn -0.1008 0.9930 -0.0620
vn -0.0923 0.9946 -0.0470
vn -0.0970 0.9952 -0.0120
vn -0.1050 0.9942 -0.0226
vn -0.1042 0.9941 -0.0300
vn -0.1019 0.9920 -0.0739
vn -0.0953 0.9950 -0.0310
vn -0.0959 0.9922 -0.0797
vn -0.0971 0.9879 -0.1208
vn -0.0949 0.9900 -0.1044
vn -0.0934 0.9870 -0.1312
vn -0.0864 0.9926 -0.0852
vn 0.0290 0.9944 0.1018
vn 0.0406 0.9940 0.1017
vn 0.0467 0.9919 0.1178
vn 0.0306 0.9932 0.1120
vn 0.0431 0.9892 0.1398
vn 0.0236 0.9915 0.1279
vn 0.0581 0.9936 0.0971
vn 0.0686 0.9904 0.1198
vn 0.0678 0.9866 0.1481
vn 0.0195 0.9945 0.1026
vn 0.0220 0.9949 0.0980
vn 0.0130 0.9959 0.0901
vn 0.0188 0.9957 0.0909
vn 0.0092 0.9936 0.1122
vn -0.0003 0.9957 0.0930
vn 0.0174 0.9949 0.0995
vn 0.0197 0.9949 0.0984
vn 0.0068 0.9941 0.1078
vn 0.0038 0.9947 0.1029
vn 0.0181 0.9952 0.0967
vn 0.0114 0.9941 0.1082
vn 0.0259 0.9953 0.0929
vn 0.0373 0.9959 0.0820
vn 0.0036 0.9957 0.0929
vn 0.0076 0.9970 0.0766
vn -0.0103 0.9936 0.1122
vn -0.0237 0.9950 0.0967
vn -0.0161 0.9952 0.0963
vn -0.0091 0.9939 0.1098
vn -0.0368 0.9966 0.0741
vn -0.0205 0.9969 0.0759
vn -0.0010 0.9931 0.1175
vn 0.0023 0.9926 0.1218
vn 0.0073 0.9927 0.1202
vn 0.0131 0.9919 0.1261
vn 0.0155 0.9928 0.1189
vn -0.0003 0.9941 0.1089
vn 0.0374 0.9935 0.1072
vn 0.0202 0.9950 0.0983
vn 0.0274 0.9919 0.1239
vn 0.0483 0.9925 0.1119
vn -0.0193 0.9955 0.0932
vn -0.0406 0.9967 0.0709
vn -0.0028 0.9964 0.0847
vn -0.0311 0.9974 0.0657
vn 0.0098 0.9987 0.0501
vn 0.0162 0.9969 0.0766
vn 0.0083 0.9975 0.0709
vn 0.0014 0.9992 0.0401
vn -0.0067 0.9977 0.0677
vn -0.0135 0.9994 0.0319
vn -0.0115 0.9999 -0.0067
vn -0.0044 1.0000 0.0068
vn -0.0247 0.9995 -0.0191
vn -0.0028 0.9997 0.0227
vn 0.0121 0.9979 0.0629
vn -0.0061 0.9991 0.0422
vn 0.0091 0.9968 0.0797
vn 0.0178 0.9961 0.0862
vn 0.0137 0.9948 0.1004
vn 0.0141 0.9942 0.1062
vn 0.0185 0.9923 0.1223
vn 0.0118 0.9933 0.1146
vn 0.0079 0.9953 0.0962
vn -0.0079 0.9981 0.0613
vn -0.0033 0.9972 0.0744
vn 0.0055 0.9968 0.0793
vn 0.0258 0.9938 0.1078
vn 0.0160 0.9971 0.0743
vn 0.0406 0.9942 0.0991
vn 0.0320 0.9921 0.1215
vn 0.0504 0.9926 0.1104
vn 0.1005 0.9934 0.0556
vn 0.1163 0.9894 0.0871
vn 0.0933 0.9894 0.1115
vn 0.0792 0.9934 0.0831
vn 0.1164 0.9855 0.1231
vn 0.0940 0.9850 0.1450
vn 0.0528 0.9966 0.0625
vn 0.0701 0.9970 0.0316
vn 0.0157 0.9985 0.0522
vn 0.0268 0.9995 0.0183
vn 0.0873 0.9961 -0.0097
vn 0.1196 0.9927 0.0155
vn 0.1024 0.9929 -0.0599
vn 0.1338 0.9904 -0.0356
vn 0.0397 0.9989 -0.0242
vn 0.0529 0.9958 -0.0741
vn 0.1348 0.9897 0.0477
vn 0.1320 0.9877 0.0834
vn 0.1457 0.9893 -0.0052
vn 0.1371 0.9902 0.0272
vn 0.1559 0.9789 -0.1318
vn 0.1532 0.9825 -0.1062
vn 0.1508 0.9867 -0.0600
vn 0.1450 0.9855 -0.0877
vn 0.1244 0.9889 -0.0808
vn 0.1333 0.9906 -0.0317
vn 0.1173 0.9869 -0.1104
vn 0.1341 0.9791 -0.1532
vn 0.0688 0.9899 -0.1237
vn 0.0893 0.9822 -0.1655
vn 0.1505 0.9705 -0.1882
vn 0.1645 0.9718 -0.1687
vn 0.1638 0.9628 -0.2149
vn 0.1686 0.9654 -0.1987
vn 0.1115 0.9737 -0.1985
vn 0.1324 0.9663 -0.2209
vn 0.1515 0.9778 -0.1450
vn 0.1094 0.9865 -0.1221
vn 0.1441 0.9735 -0.1777
vn 0.0874 0.9837 -0.1573
vn -0.0553 0.9984 0.0091
vn -0.0186 0.9998 0.0122
vn -0.0213 0.9986 0.0479
vn -0.0477 0.9979 0.0447
vn -0.0619 0.9972 0.0428
vn -0.0811 0.9967 0.0098
vn -0.0623 0.9972 0.0423
vn -0.0938 0.9955 0.0149
vn -0.0973 0.9948 -0.0286
vn -0.0593 0.9977 -0.0327
vn -0.1097 0.9913 -0.0729
vn -0.0599 0.9950 -0.0803
vn -0.1239 0.9921 -0.0176
vn -0.1510 0.9869 -0.0564
vn -0.0128 0.9994 -0.0307
vn -0.0047 0.9968 -0.0800
vn -0.0336 0.9858 -0.1647
vn 0.0302 0.9852 -0.1689
vn 0.0089 0.9917 -0.1286
vn -0.0523 0.9905 -0.1269
vn -0.1118 0.9869 -0.1162
vn -0.0992 0.9837 -0.1502
vn -0.1664 0.9815 -0.0946
vn -0.1633 0.9788 -0.1232
vn -0.0745 0.9822 -0.1724
vn -0.0067 0.9815 -0.1914
vn -0.0398 0.9832 -0.1783
vn 0.0254 0.9788 -0.2032
vn -0.1442 0.9796 -0.1400
vn -0.1099 0.9840 -0.1399
vn 0.0561 0.9784 -0.1992
vn 0.0833 0.9727 -0.2166
vn 0.1077 0.9767 0.1857
vn 0.0885 0.9744 0.2068
vn 0.0894 0.9800 0.1780
vn 0.1101 0.9814 0.1572
vn 0.0629 0.9771 0.2031
vn 0.0632 0.9822 0.1771
vn 0.1221 0.9858 0.1156
vn 0.1173 0.9831 0.1403
vn 0.1211 0.9912 0.0539
vn 0.1128 0.9911 0.0706
vn 0.1190 0.9800 0.1597
vn 0.1101 0.9715 0.2099
vn 0.1280 0.9760 0.1763
vn 0.1176 0.9657 0.2314
vn 0.1139 0.9902 0.0807
vn 0.1258 0.9881 0.0881
vn 0.0916 0.9684 0.2322
vn 0.0670 0.9717 0.2266
vn 0.0992 0.9618 0.2550
vn 0.0757 0.9659 0.2477
vn 0.1068 0.9559 0.2735
vn 0.0915 0.9503 0.2975
vn 0.1022 0.9554 0.2769
vn 0.1201 0.9601 0.2526
vn 0.0747 0.9553 0.2861
vn 0.0809 0.9601 0.2678
vn 0.1321 0.9721 0.1937
vn 0.1187 0.9699 0.2125
vn 0.1342 0.9861 0.0976
vn 0.1242 0.9860 0.1110
vn 0.0878 0.9694 0.2291
vn 0.0780 0.9537 0.2906
vn 0.0393 0.9700 0.2397
vn 0.0341 0.9534 0.2999
vn 0.0951 0.9876 0.1248
vn 0.0467 0.9897 0.1357
vn 0.0676 0.9472 0.3133
vn 0.0574 0.9523 0.2996
vn 0.0309 0.9466 0.3209
vn 0.0297 0.9519 0.3050
vn 0.0692 0.9953 -0.0675
vn 0.0953 0.9954 -0.0047
vn 0.1088 0.9940 -0.0118
vn 0.0890 0.9938 -0.0662
vn 0.0614 0.9918 -0.1118
vn 0.0342 0.9921 -0.1204
vn 0.0258 0.9882 -0.1510
vn -0.0092 0.9861 -0.1661
vn 0.0317 0.9895 -0.1410
vn 0.0682 0.9945 -0.0789
vn 0.0563 0.9845 -0.1662
vn 0.0883 0.9916 -0.0941
vn -0.0131 0.9807 -0.1949
vn 0.0160 0.9733 -0.2290
vn 0.0957 0.9954 -0.0059
vn 0.1115 0.9937 -0.0101
vn 0.1142 0.9876 -0.1076
vn 0.1223 0.9925 -0.0053
vn 0.1261 0.9920 -0.0108
vn 0.1102 0.9884 -0.1049
vn 0.0862 0.9787 -0.1863
vn 0.0993 0.9753 -0.1971
vn 0.0543 0.9647 -0.2579
vn 0.0772 0.9579 -0.2764
vn 0.0948 0.9752 -0.2002
vn 0.0993 0.9896 -0.1044
vn 0.0715 0.9778 -0.1969
vn 0.0644 0.9932 -0.0972
vn 0.0842 0.9545 -0.2861
vn 0.0744 0.9548 -0.2878
vn 0.0990 0.9951 0.0037
vn 0.0555 0.9984 0.0135
vn 0.0137 0.9869 0.1608
vn 0.0154 0.9893 0.1452
vn 0.0372 0.9859 0.1633
vn 0.0366 0.9821 0.1846
vn 0.0413 0.9781 0.2039
vn 0.0184 0.9844 0.1748
vn 0.0513 0.9738 0.2214
vn 0.0295 0.9818 0.1875
vn -0.0009 0.9903 0.1390
vn -0.0049 0.9913 0.1315
vn -0.0161 0.9952 0.0962
vn -0.0189 0.9951 0.0967
vn 0.0105 0.9893 0.1457
vn -0.0051 0.9954 0.0957
vn -0.0016 0.9924 0.1229
vn -0.0135 0.9953 0.0961
vn -0.0354 0.9993 0.0093
vn -0.0282 0.9994 0.0221
vn -0.0214 0.9977 0.0635
vn -0.0283 0.9980 0.0565
vn -0.0268 0.9985 0.0485
vn -0.0344 0.9994 -0.0043
vn -0.0165 0.9990 0.0413
vn -0.0250 0.9996 -0.0164
vn -0.0427 0.9968 -0.0681
vn -0.0440 0.9978 -0.0505
vn -0.0334 0.9959 -0.0837
vn -0.0378 0.9987 -0.0334
vn 0.0438 0.9764 0.2114
vn 0.0402 0.9790 0.1999
vn 0.0594 0.9694 0.2380
vn 0.0583 0.9657 0.2531
vn 0.0483 0.9634 0.2637
vn 0.0406 0.9748 0.2195
vn 0.0301 0.9632 0.2671
vn 0.0311 0.9746 0.2218
vn 0.0336 0.9855 0.1664
vn 0.0309 0.9865 0.1606
vn 0.0266 0.9942 0.1044
vn 0.0194 0.9948 0.1004
vn 0.0316 0.9852 0.1686
vn 0.0305 0.9937 0.1075
vn 0.0232 0.9880 0.1530
vn 0.0087 0.9952 0.0970
vn 0.0014 0.9996 -0.0277
vn -0.0114 0.9996 -0.0246
vn -0.0027 0.9993 0.0371
vn 0.0096 0.9993 0.0367
vn 0.0197 0.9990 0.0392
vn 0.0129 0.9996 -0.0262
vn 0.0273 0.9987 0.0436
vn 0.0225 0.9995 -0.0206
vn 0.0058 0.9951 -0.0984
vn -0.0066 0.9950 -0.0994
vn 0.0166 0.9956 -0.0919
vn -0.0199 0.9953 -0.0945
vn -0.1810 0.9709 0.1566
vn -0.1935 0.9624 0.1908
vn -0.2140 0.9602 0.1793
vn -0.1949 0.9704 0.1425
vn -0.2225 0.9604 0.1677
vn -0.1968 0.9721 0.1276
vn -0.1985 0.9573 0.2102
vn -0.2239 0.9535 0.2016
vn -0.2375 0.9518 0.1939
vn -0.1661 0.9820 0.0901
vn -0.1605 0.9813 0.1066
vn -0.1273 0.9916 0.0211
vn -0.1310 0.9906 0.0400
vn -0.1603 0.9844 0.0723
vn -0.1129 0.9936 0.0008
vn -0.1432 0.9825 0.1188
vn -0.1551 0.9737 0.1671
vn -0.1147 0.9857 0.1238
vn -0.1169 0.9782 0.1715
vn -0.1240 0.9908 0.0543
vn -0.1066 0.9924 0.0611
vn -0.1605 0.9665 0.2001
vn -0.1607 0.9626 0.2182
vn -0.1149 0.9721 0.2046
vn -0.1100 0.9684 0.2236
vn -0.0596 0.9867 0.1511
vn -0.0470 0.9811 0.1877
vn -0.0717 0.9771 0.2006
vn -0.0803 0.9829 0.1660
vn -0.0355 0.9762 0.2137
vn -0.0627 0.9729 0.2225
vn -0.0864 0.9892 0.1184
vn -0.0708 0.9921 0.1038
vn -0.0882 0.9944 0.0577
vn -0.0787 0.9958 0.0458
vn -0.0694 0.9939 0.0857
vn -0.0563 0.9896 0.1323
vn -0.0795 0.9963 0.0311
vn -0.0424 0.9844 0.1707
vn -0.0298 0.9791 0.2010
vn -0.0591 0.9932 -0.1007
vn -0.0961 0.9949 -0.0319
vn -0.0829 0.9952 -0.0527
vn -0.0374 0.9917 -0.1228
vn -0.0603 0.9954 -0.0745
vn -0.0079 0.9894 -0.1452
vn 0.0101 0.9804 -0.1968
vn -0.0191 0.9846 -0.1739
vn 0.0451 0.9747 -0.2187
vn -0.0419 0.9872 -0.1536
vn -0.0725 0.9940 -0.0823
vn -0.0580 0.9885 -0.1396
vn -0.0779 0.9944 -0.0709
vn -0.0996 0.9949 -0.0153
vn -0.0938 0.9956 -0.0062
vn -0.0825 0.9939 -0.0727
vn -0.0825 0.9965 -0.0148
vn -0.0856 0.9963 -0.0067
vn -0.0796 0.9945 -0.0685
vn -0.0694 0.9886 -0.1337
vn -0.0784 0.9879 -0.1337
vn -0.0863 0.9871 -0.1345
vn -0.0879 0.9931 -0.0782
vn -0.0856 0.9960 -0.0248
vn -0.1881 0.9600 0.2074
vn -0.2174 0.9544 0.2046
vn -0.2249 0.9515 0.2101
vn -0.1965 0.9565 0.2157
vn -0.2364 0.9500 0.2041
vn -0.2421 0.9481 0.2063
vn -0.1563 0.9624 0.2222
vn -0.1478 0.9659 0.2124
vn -0.1036 0.9680 0.2285
vn -0.0961 0.9710 0.2189
vn -0.1357 0.9727 0.1881
vn -0.1736 0.9673 0.1849
vn -0.1199 0.9816 0.1487
vn -0.1533 0.9772 0.1470
vn -0.0877 0.9769 0.1947
vn -0.0785 0.9848 0.1550
vn -0.2021 0.9618 0.1845
vn -0.2215 0.9571 0.1867
vn -0.1792 0.9725 0.1487
vn -0.1977 0.9683 0.1527
vn -0.1090 0.9920 0.0632
vn -0.1267 0.9897 0.0673
vn -0.1528 0.9825 0.1065
vn -0.1306 0.9860 0.1033
vn -0.1418 0.9872 0.0729
vn -0.1697 0.9792 0.1115
vn -0.1034 0.9892 0.1038
vn -0.0891 0.9940 0.0629
vn -0.0708 0.9914 0.1097
vn -0.0669 0.9954 0.0688
vn -0.0779 0.9967 0.0243
vn -0.0891 0.9957 0.0246
vn -0.0708 0.9974 -0.0141
vn -0.0721 0.9973 -0.0150
vn -0.0674 0.9973 0.0308
vn -0.0729 0.9973 -0.0058
vn -0.1013 0.9944 0.0290
vn -0.1140 0.9929 0.0347
vn -0.0772 0.9969 -0.0113
vn -0.0860 0.9963 -0.0058
vn -0.0213 0.9743 0.2242
vn -0.0486 0.9735 0.2237
vn -0.0548 0.9715 0.2305
vn -0.0268 0.9736 0.2267
vn -0.0203 0.9754 0.2194
vn -0.0146 0.9750 0.2218
vn -0.0128 0.9780 0.2083
vn -0.0191 0.9783 0.2062
vn -0.0151 0.9838 0.1786
vn -0.0203 0.9849 0.1720
vn -0.0441 0.9785 0.2016
vn -0.0413 0.9856 0.1637
vn -0.0376 0.9947 0.0958
vn -0.0480 0.9956 0.0808
vn -0.0421 0.9919 0.1201
vn -0.0261 0.9909 0.1318
vn -0.0224 0.9895 0.1427
vn -0.0349 0.9932 0.1109
vn -0.0526 0.9952 0.0824
vn -0.0547 0.9965 0.0633
vn -0.0751 0.9956 0.0565
vn -0.0770 0.9965 0.0333
vn -0.0593 0.9972 0.0447
vn -0.0759 0.9971 0.0109
vn -0.2400 0.9473 0.2124
vn -0.2382 0.9482 0.2102
vn -0.2470 0.9469 0.2060
vn -0.2443 0.9474 0.2067
vn -0.2245 0.9556 0.1908
vn -0.2381 0.9526 0.1895
vn -0.2313 0.9539 0.1911
vn -0.2307 0.9529 0.1970
vn -0.2085 0.9652 0.1578
vn -0.2110 0.9639 0.1626
vn -0.2185 0.9544 0.2033
vn -0.2225 0.9496 0.2208
vn -0.1928 0.9586 0.2095
vn -0.1903 0.9540 0.2318
vn -0.2037 0.9649 0.1658
vn -0.1846 0.9686 0.1665
vn -0.2154 0.9516 0.2194
vn -0.1967 0.9600 0.1993
vn -0.1777 0.9558 0.2342
vn -0.1549 0.9639 0.2165
vn -0.1167 0.9645 0.2367
vn -0.1002 0.9625 0.2522
vn -0.1356 0.9594 0.2474
vn -0.1519 0.9591 0.2389
vn -0.0777 0.9658 0.2474
vn -0.1112 0.9656 0.2352
vn -0.1596 0.9646 0.2102
vn -0.1262 0.9713 0.2017
vn -0.1574 0.9744 0.1608
vn -0.1269 0.9810 0.1469
vn -0.0931 0.9781 0.1861
vn -0.0850 0.9702 0.2268
vn -0.0612 0.9843 0.1656
vn -0.0572 0.9759 0.2105
vn -0.0938 0.9874 0.1275
vn -0.0592 0.9927 0.1050
vn -0.0714 0.9658 0.2492
vn -0.0538 0.9660 0.2528
vn -0.0494 0.9697 0.2392
vn -0.0391 0.9672 0.2508
vn -0.1629 0.9834 0.0793
vn -0.1866 0.9751 0.1196
vn -0.1812 0.9765 0.1165
vn -0.1542 0.9850 0.0776
vn -0.1267 0.9912 0.0392
vn -0.1384 0.9896 0.0404
vn -0.0975 0.9952 -0.0010
vn -0.1108 0.9938 0.0012
vn -0.1477 0.9884 0.0367
vn -0.1666 0.9830 0.0766
vn -0.1530 0.9879 0.0269
vn -0.1632 0.9842 0.0681
vn -0.1247 0.9922 -0.0006
vn -0.1380 0.9904 -0.0076
vn -0.1844 0.9756 0.1195
vn -0.1727 0.9783 0.1148
vn -0.1327 0.9906 0.0343
vn -0.1267 0.9882 0.0860
vn -0.1526 0.9828 0.1037
vn -0.1518 0.9870 0.0534
vn -0.1512 0.9884 0.0120
vn -0.1408 0.9900 -0.0049
vn -0.1464 0.9891 -0.0177
vn -0.1467 0.9888 -0.0273
vn -0.1227 0.9922 -0.0211
vn -0.1066 0.9942 0.0139
vn -0.0981 0.9946 -0.0342
vn -0.0750 0.9972 -0.0051
vn -0.1398 0.9896 -0.0345
vn -0.1267 0.9912 -0.0377
vn -0.0956 0.9933 0.0648
vn -0.0608 0.9972 0.0429
vn -0.1623 0.9807 0.1090
vn -0.1860 0.9758 0.1151
vn -0.2177 0.9630 0.1590
vn -0.1989 0.9674 0.1566
vn -0.1669 0.9724 0.1631
vn -0.1271 0.9854 0.1129
vn -0.1229 0.9758 0.1810
vn -0.0826 0.9881 0.1300
vn -0.0766 0.9959 0.0480
vn -0.1142 0.9923 0.0470
vn -0.0158 0.9994 -0.0315
vn -0.0551 0.9980 -0.0298
vn -0.0329 0.9975 0.0631
vn 0.0263 0.9995 -0.0189
vn -0.1428 0.9881 0.0565
vn -0.0883 0.9959 -0.0176
vn 0.0649 0.9818 -0.1784
vn 0.0273 0.9859 -0.1648
vn -0.0295 0.9951 -0.0943
vn 0.0070 0.9941 -0.1079
vn 0.0464 0.9927 -0.1114
vn 0.1024 0.9779 -0.1822
vn 0.0854 0.9912 -0.1012
vn 0.1367 0.9753 -0.1734
vn 0.1547 0.9555 -0.2511
vn 0.1203 0.9611 -0.2485
vn 0.1834 0.9527 -0.2422
vn 0.0830 0.9680 -0.2368
vn -0.0143 0.9838 0.1784
vn -0.0414 0.9871 0.1547
vn -0.0798 0.9758 0.2037
vn -0.0495 0.9736 0.2226
vn -0.0310 0.9712 0.2361
vn -0.0000 0.9801 0.1984
vn -0.0232 0.9699 0.2425
vn 0.0033 0.9772 0.2123
vn 0.0418 0.9892 0.1404
vn 0.0300 0.9929 0.1152
vn 0.0959 0.9934 0.0629
vn 0.0846 0.9958 0.0338
vn 0.0431 0.9861 0.1607
vn 0.0981 0.9912 0.0887
vn 0.0056 0.9961 0.0882
vn 0.0620 0.9981 0.0052
vn 0.1817 0.9757 -0.1223
vn 0.1637 0.9747 -0.1521
vn 0.1174 0.9900 -0.0787
vn 0.1382 0.9892 -0.0495
vn 0.1495 0.9886 -0.0177
vn 0.1923 0.9774 -0.0882
vn 0.1536 0.9881 0.0127
vn 0.1978 0.9788 -0.0535
vn 0.2292 0.9613 -0.1531
vn 0.2197 0.9569 -0.1900
vn 0.2355 0.9652 -0.1139
vn 0.2049 0.9535 -0.2210
vn -0.2168 0.9596 0.1795
vn -0.1925 0.9652 0.1770
vn -0.2272 0.9676 0.1105
vn -0.2520 0.9595 0.1258
vn -0.2462 0.9687 0.0314
vn -0.2716 0.9605 0.0609
vn -0.1514 0.9757 0.1584
vn -0.1834 0.9798 0.0792
vn -0.2006 0.9796 -0.0131
vn -0.2586 0.9576 0.1268
vn -0.2242 0.9599 0.1682
vn -0.2469 0.9622 0.1146
vn -0.2139 0.9661 0.1443
vn -0.2779 0.9576 0.0763
vn -0.2657 0.9609 0.0781
vn -0.1776 0.9636 0.1999
vn -0.1692 0.9604 0.2215
vn -0.1218 0.9675 0.2217
vn -0.1124 0.9613 0.2515
vn -0.1695 0.9713 0.1666
vn -0.1165 0.9765 0.1815
vn -0.1458 0.9622 0.2300
vn -0.1082 0.9688 0.2231
vn -0.0902 0.9588 0.2694
vn -0.0569 0.9603 0.2731
vn -0.0075 0.9675 0.2529
vn 0.0086 0.9590 0.2833
vn -0.0352 0.9568 0.2886
vn -0.0551 0.9631 0.2634
vn 0.0290 0.9526 0.3028
vn -0.0075 0.9536 0.3011
vn -0.0650 0.9716 0.2277
vn -0.0166 0.9767 0.2137
vn -0.0626 0.9811 0.1833
vn -0.0165 0.9857 0.1680
vn 0.0181 0.9829 0.1831
vn 0.0251 0.9744 0.2234
vn 0.0345 0.9896 0.1396
vn 0.0373 0.9831 0.1790
vn 0.0172 0.9902 0.1386
vn 0.0345 0.9945 0.0987
vn 0.0356 0.9656 0.2574
vn 0.0472 0.9581 0.2826
vn 0.0407 0.9758 0.2147
vn 0.0418 0.9688 0.2444
vn -0.1835 0.9791 0.0882
vn -0.1970 0.9736 0.1152
vn -0.2279 0.9689 0.0958
vn -0.2117 0.9743 0.0768
vn -0.2458 0.9666 0.0718
vn -0.2278 0.9717 0.0630
vn -0.1956 0.9789 0.0583
vn -0.1710 0.9832 0.0636
vn -0.2089 0.9765 0.0525
vn -0.1368 0.9883 0.0680
vn -0.1454 0.9846 0.0967
vn -0.0947 0.9930 0.0712
vn -0.0995 0.9898 0.1024
vn -0.1556 0.9793 0.1297
vn -0.1061 0.9846 0.1392
vn -0.0122 0.9963 0.0854
vn -0.0131 0.9923 0.1231
vn -0.0559 0.9888 0.1383
vn -0.0526 0.9936 0.1000
vn -0.0509 0.9964 0.0680
vn -0.0126 0.9985 0.0540
vn 0.0171 0.9994 0.0314
vn 0.0182 0.9980 0.0610
vn 0.0355 0.9994 0.0031
vn 0.0357 0.9989 0.0298
vn 0.0186 0.9952 0.0963
vn 0.0356 0.9975 0.0612
vn -0.0501 0.9951 0.0847
vn -0.0772 0.9969 -0.0141
vn -0.1300 0.9909 0.0356
vn -0.1013 0.9868 0.1261
vn -0.0934 0.9880 -0.1234
vn -0.1455 0.9871 -0.0673
vn -0.0626 0.9774 0.2020
vn -0.0146 0.9854 0.1698
vn -0.0168 0.9648 0.2625
vn 0.0270 0.9705 0.2394
vn 0.0368 0.9911 0.1278
vn 0.0028 0.9993 0.0366
vn 0.0923 0.9926 0.0783
vn 0.0581 0.9982 -0.0153
vn 0.0754 0.9759 0.2047
vn 0.1293 0.9787 0.1594
vn -0.0247 0.9975 -0.0666
vn -0.0440 0.9831 -0.1777
vn 0.0280 0.9926 -0.1185
vn 0.0032 0.9740 -0.2267
vn 0.1228 0.9881 -0.0922
vn 0.0880 0.9780 -0.1894
vn 0.0694 0.9845 -0.1612
vn 0.1025 0.9929 -0.0609
vn 0.0547 0.9564 -0.2870
vn 0.0391 0.9637 -0.2641
vn 0.1376 0.9900 0.0324
vn 0.1589 0.9873 0.0004
vn 0.1743 0.9779 0.1156
vn 0.1961 0.9769 0.0851
vn 0.1565 0.9875 -0.0171
vn 0.1191 0.9868 -0.1096
vn 0.1276 0.9917 -0.0173
vn 0.0878 0.9899 -0.1112
vn 0.1958 0.9782 0.0694
vn 0.1717 0.9825 0.0722
vn 0.0836 0.9753 -0.2043
vn 0.0493 0.9535 -0.2973
vn 0.0518 0.9773 -0.2052
vn 0.0183 0.9552 -0.2955
vn 0.0843 0.9505 0.2990
vn 0.0639 0.9566 0.2844
vn 0.0258 0.9537 0.2996
vn 0.0537 0.9497 0.3085
vn 0.0618 0.9537 0.2942
vn 0.0833 0.9538 0.2887
vn 0.0447 0.9644 0.2606
vn 0.0553 0.9647 0.2574
vn 0.1126 0.9573 0.2664
vn 0.1217 0.9538 0.2745
vn 0.1503 0.9621 0.2275
vn 0.1667 0.9575 0.2355
vn 0.0743 0.9690 0.2354
vn 0.1027 0.9755 0.1945
vn 0.1078 0.9607 0.2559
vn 0.1582 0.9638 0.2147
vn 0.2256 0.9601 0.1650
vn 0.2226 0.9642 0.1442
vn 0.2011 0.9642 0.1732
vn 0.2057 0.9591 0.1943
vn 0.1837 0.9655 0.1847
vn 0.2008 0.9676 0.1528
vn 0.1286 0.9806 0.1477
vn 0.1416 0.9837 0.1105
vn 0.2044 0.9696 0.1347
vn 0.2286 0.9619 0.1501
vn 0.1964 0.9711 0.1353
vn 0.2152 0.9643 0.1542
vn 0.1453 0.9856 0.0862
vn 0.1433 0.9864 0.0801
vn 0.2244 0.9658 0.1300
vn 0.2058 0.9693 0.1348
vn -0.0737 0.9527 -0.2949
vn -0.1197 0.9633 -0.2404
vn -0.1422 0.9760 -0.1650
vn -0.0925 0.9704 -0.2230
vn -0.1745 0.9681 -0.1799
vn -0.1977 0.9747 -0.1044
vn -0.0484 0.9602 -0.2751
vn -0.0360 0.9394 -0.3408
vn -0.0091 0.9480 -0.3182
vn -0.0059 0.9266 -0.3759
vn -0.0144 0.9261 -0.3769
vn -0.0448 0.9396 -0.3394
vn 0.0100 0.9228 -0.3851
vn -0.0129 0.9338 -0.3576
vn 0.0063 0.9151 -0.4032
vn 0.0217 0.9154 -0.4020
vn -0.0858 0.9525 -0.2922
vn -0.1381 0.9617 -0.2367
vn -0.0478 0.9462 -0.3202
vn -0.0954 0.9572 -0.2734
vn 0.0396 0.9441 -0.3273
vn 0.0202 0.9509 -0.3087
vn -0.0114 0.9455 -0.3253
vn 0.0163 0.9356 -0.3526
vn -0.0120 0.9597 -0.2808
vn -0.0522 0.9561 -0.2884
vn 0.0314 0.9283 -0.3705
vn 0.0466 0.9403 -0.3372
vn 0.0345 0.9249 -0.3785
vn 0.0415 0.9402 -0.3382
vn 0.0548 0.9571 -0.2844
vn 0.0559 0.9580 -0.2813
vn 0.0548 0.9761 -0.2105
vn 0.0633 0.9750 -0.2132
vn 0.0420 0.9592 -0.2797
vn 0.0354 0.9788 -0.2016
vn 0.0451 0.9617 -0.2702
vn 0.0222 0.9678 -0.2507
vn 0.0608 0.9760 -0.2091
vn 0.0473 0.9791 -0.1977
vn 0.0193 0.9127 -0.4083
vn 0.0138 0.9172 -0.3983
vn 0.0192 0.9371 -0.3484
vn 0.0303 0.9306 -0.3649
vn 0.0230 0.9288 -0.3699
vn 0.0093 0.9129 -0.4082
vn -0.0072 0.9312 -0.3645
vn -0.0209 0.9165 -0.3995
vn 0.0034 0.9092 -0.4163
vn 0.0167 0.9068 -0.4213
vn 0.0013 0.9187 -0.3950
vn 0.0179 0.9140 -0.4053
vn -0.0273 0.9142 -0.4045
vn -0.0299 0.9246 -0.3799
vn 0.0171 0.9084 -0.4177
vn 0.0241 0.9125 -0.4083
vn 0.0124 0.9483 -0.3172
vn 0.0288 0.9432 -0.3310
vn 0.0291 0.9257 -0.3772
vn 0.0176 0.9296 -0.3680
vn -0.0021 0.9356 -0.3532
vn -0.0094 0.9540 -0.2995
vn -0.0332 0.9415 -0.3355
vn -0.0394 0.9588 -0.2814
vn -0.0199 0.9722 -0.2332
vn 0.0028 0.9678 -0.2517
vn -0.0325 0.9876 -0.1534
vn -0.0109 0.9853 -0.1703
vn -0.0469 0.9751 -0.2169
vn -0.0543 0.9885 -0.1413
vn 0.0230 0.9631 -0.2682
vn 0.0114 0.9822 -0.1875
vn -0.2520 0.9651 -0.0714
vn -0.2716 0.9624 -0.0077
vn -0.2449 0.9683 -0.0497
vn -0.2231 0.9672 -0.1211
vn -0.1866 0.9660 -0.1792
vn -0.2174 0.9678 -0.1267
vn -0.1416 0.9648 -0.2216
vn -0.1726 0.9701 -0.1709
vn -0.2311 0.9695 -0.0818
vn -0.2624 0.9644 -0.0324
vn -0.2284 0.9725 -0.0465
vn -0.2552 0.9669 -0.0054
vn -0.1888 0.9741 -0.1242
vn -0.1905 0.9781 -0.0840
vn -0.2791 0.9600 0.0213
vn -0.2684 0.9626 0.0370
vn -0.2225 0.9746 0.0242
vn -0.2312 0.9718 0.0457
vn -0.2494 0.9674 0.0436
vn -0.2393 0.9709 0.0124
vn -0.2168 0.9760 -0.0197
vn -0.2026 0.9793 0.0005
vn -0.1834 0.9817 -0.0507
vn -0.1720 0.9848 -0.0236
vn -0.1838 0.9829 0.0147
vn -0.2025 0.9788 0.0307
vn -0.1547 0.9880 -0.0026
vn -0.2109 0.9765 0.0438
vn -0.0710 0.9761 -0.2054
vn -0.1224 0.9724 -0.1986
vn -0.0934 0.9651 -0.2447
vn -0.0461 0.9684 -0.2453
vn -0.0035 0.9747 -0.2234
vn -0.0231 0.9814 -0.1908
vn 0.0301 0.9834 -0.1791
vn 0.0164 0.9878 -0.1549
vn -0.0365 0.9872 -0.1555
vn -0.0868 0.9826 -0.1641
vn -0.0437 0.9918 -0.1200
vn -0.0934 0.9879 -0.1241
vn 0.0061 0.9918 -0.1277
vn -0.0006 0.9950 -0.0996
vn -0.1393 0.9783 -0.1535
vn -0.1442 0.9832 -0.1118
vn -0.0860 0.9948 -0.0545
vn -0.1320 0.9903 -0.0435
vn -0.1408 0.9872 -0.0750
vn -0.0928 0.9919 -0.0873
vn -0.0447 0.9953 -0.0864
vn -0.0392 0.9977 -0.0557
vn -0.0024 0.9974 -0.0723
vn 0.0027 0.9989 -0.0467
vn -0.0254 0.9993 -0.0286
vn -0.0715 0.9971 -0.0266
vn 0.0166 0.9996 -0.0233
vn -0.1162 0.9931 -0.0176
vn -0.0635 0.9905 0.1220
vn -0.0918 0.9821 0.1643
vn -0.0988 0.9848 0.1432
vn -0.0671 0.9927 0.1003
vn -0.0994 0.9875 0.1224
vn -0.0642 0.9947 0.0799
vn -0.1199 0.9696 0.2135
vn -0.1317 0.9720 0.1949
vn -0.1381 0.9749 0.1746
vn -0.0389 0.9970 0.0667
vn -0.0375 0.9955 0.0870
vn -0.0157 0.9990 0.0424
vn -0.0157 0.9981 0.0593
vn -0.0340 0.9983 0.0477
vn -0.0099 0.9996 0.0262
vn -0.0295 0.9937 0.1076
vn -0.0533 0.9881 0.1444
vn -0.0150 0.9917 0.1275
vn -0.0364 0.9853 0.1669
vn -0.0098 0.9971 0.0755
vn 0.0022 0.9960 0.0898
vn -0.0788 0.9794 0.1858
vn -0.1034 0.9673 0.2317
vn -0.0598 0.9763 0.2079
vn -0.0826 0.9646 0.2506
vn 0.0011 0.9788 0.2049
vn -0.0151 0.9686 0.2483
vn -0.0376 0.9726 0.2296
vn -0.0169 0.9821 0.1878
vn -0.0316 0.9571 0.2879
vn -0.0584 0.9610 0.2701
vn 0.0015 0.9895 0.1447
vn 0.0150 0.9874 0.1576
vn 0.0155 0.9948 0.1003
vn 0.0249 0.9940 0.1063
vn 0.0253 0.9858 0.1657
vn 0.0173 0.9761 0.2167
vn 0.0301 0.9937 0.1084
vn 0.0077 0.9651 0.2616
vn -0.0020 0.9538 0.3006
vn 0.0179 0.9998 0.0019
vn 0.0021 0.9994 0.0333
vn 0.0036 0.9998 0.0208
vn 0.0213 0.9998 -0.0058
vn 0.0102 0.9999 0.0082
vn 0.0290 0.9995 -0.0143
vn 0.0390 0.9984 -0.0418
vn 0.0332 0.9987 -0.0395
vn 0.0480 0.9978 -0.0453
vn 0.0306 0.9987 -0.0398
vn 0.0186 0.9998 0.0072
vn 0.0309 0.9985 -0.0444
vn 0.0234 0.9997 0.0087
vn 0.0058 0.9990 0.0440
vn 0.0146 0.9986 0.0516
vn 0.0308 0.9995 -0.0026
vn 0.0299 0.9981 0.0530
vn 0.0242 0.9982 0.0546
vn 0.0288 0.9996 0.0051
vn 0.0315 0.9980 -0.0539
vn 0.0297 0.9973 -0.0670
vn 0.0248 0.9964 -0.0806
vn 0.0287 0.9995 -0.0121
vn 0.0310 0.9983 0.0488
vn -0.1463 0.9554 0.2564
vn -0.1685 0.9547 0.2453
vn -0.1573 0.9591 0.2352
vn -0.1402 0.9580 0.2503
vn -0.1900 0.9551 0.2272
vn -0.1710 0.9613 0.2159
vn -0.1207 0.9571 0.2636
vn -0.1250 0.9564 0.2639
vn -0.0994 0.9556 0.2774
vn -0.1054 0.9567 0.2712
vn -0.1151 0.9656 0.2331
vn -0.1375 0.9628 0.2328
vn -0.0880 0.9816 0.1693
vn -0.1110 0.9777 0.1782
vn -0.0990 0.9677 0.2321
vn -0.0769 0.9845 0.1575
vn -0.1648 0.9600 0.2266
vn -0.1950 0.9581 0.2101
vn -0.1441 0.9734 0.1783
vn -0.1844 0.9690 0.1643
vn -0.0163 0.9994 0.0291
vn -0.0621 0.9973 0.0401
vn -0.1086 0.9877 0.1123
vn -0.0690 0.9920 0.1059
vn -0.1263 0.9915 0.0308
vn -0.1605 0.9818 0.1010
vn -0.0454 0.9951 0.0879
vn 0.0073 1.0000 0.0048
vn -0.0402 0.9971 0.0652
vn 0.0060 0.9997 -0.0257
vn 0.0664 0.9942 -0.0842
vn 0.0449 0.9974 -0.0570
vn 0.1263 0.9748 -0.1839
vn 0.1102 0.9812 -0.1584
vn 0.0578 0.9913 -0.1182
vn 0.1093 0.9702 -0.2164
vn -0.0049 0.9990 -0.0437
vn -0.0793 0.9955 -0.0511
vn 0.0617 0.9875 -0.1454
vn -0.0171 0.9885 -0.1504
vn -0.0524 0.9550 0.2918
vn -0.0830 0.9561 0.2809
vn -0.0748 0.9532 0.2928
vn -0.0449 0.9504 0.3078
vn -0.0096 0.9479 0.3184
vn -0.0133 0.9540 0.2996
vn -0.0122 0.9702 0.2422
vn -0.0524 0.9697 0.2388
vn -0.0046 0.9899 0.1417
vn -0.0421 0.9886 0.1448
vn -0.0811 0.9689 0.2340
vn -0.0659 0.9867 0.1488
vn 0.0054 0.9973 -0.0729
vn -0.0013 0.9986 -0.0531
vn -0.0379 0.9982 0.0456
vn -0.0218 0.9992 0.0323
vn 0.0092 0.9997 0.0225
vn 0.0272 0.9958 -0.0871
vn 0.0463 0.9811 -0.1878
vn 0.0361 0.9844 -0.1723
vn 0.0632 0.9574 -0.2819
vn 0.0658 0.9611 -0.2681
vn 0.0402 0.9880 -0.1494
vn 0.0814 0.9658 -0.2463
vn -0.1946 0.9635 0.1839
vn -0.1646 0.9707 0.1753
vn -0.1751 0.9652 0.1943
vn -0.2013 0.9579 0.2046
vn -0.1223 0.9829 0.1375
vn -0.1358 0.9787 0.1542
vn -0.2147 0.9587 0.1868
vn -0.2126 0.9631 0.1649
vn -0.2139 0.9666 0.1410
vn -0.2175 0.9688 0.1185
vn -0.1900 0.9703 0.1496
vn -0.1711 0.9705 0.1699
vn -0.1484 0.9781 0.1459
vn -0.1326 0.9770 0.1670
vn -0.1965 0.9751 0.1027
vn -0.1525 0.9833 0.0991
vn -0.1409 0.9765 0.1633
vn -0.0993 0.9867 0.1284
vn -0.1061 0.9811 0.1621
vn -0.0692 0.9891 0.1302
vn -0.0376 0.9804 0.1932
vn -0.0265 0.9810 0.1924
vn -0.0662 0.9828 0.1723
vn -0.0859 0.9808 0.1753
vn -0.0065 0.9858 0.1680
vn -0.0368 0.9889 0.1438
vn -0.0955 0.9835 0.1537
vn -0.0392 0.9845 0.1710
vn -0.0941 0.9897 0.1076
vn -0.0302 0.9916 0.1257
vn 0.0184 0.9800 0.1983
vn 0.0102 0.9753 0.2207
vn 0.0365 0.9873 0.1547
vn 0.0111 0.9750 0.2221
vn 0.0202 0.9792 0.2019
vn -0.2000 0.9797 -0.0112
vn -0.2125 0.9755 0.0560
vn -0.2018 0.9763 0.0781
vn -0.1804 0.9836 0.0090
vn -0.1454 0.9869 -0.0699
vn -0.1742 0.9810 -0.0849
vn -0.0909 0.9824 -0.1630
vn -0.1278 0.9775 -0.1679
vn -0.1689 0.9815 -0.0903
vn -0.1876 0.9820 -0.0234
vn -0.1316 0.9881 -0.0800
vn -0.1454 0.9891 -0.0212
vn -0.1303 0.9784 -0.1607
vn -0.1008 0.9855 -0.1363
vn -0.1948 0.9800 0.0408
vn -0.1503 0.9879 0.0389
vn -0.0134 0.9997 0.0210
vn -0.0193 0.9973 0.0707
vn -0.0884 0.9948 0.0497
vn -0.0837 0.9965 -0.0054
vn -0.0738 0.9957 -0.0553
vn -0.0067 0.9998 -0.0200
vn -0.0511 0.9940 -0.0971
vn 0.0071 0.9988 -0.0481
vn 0.0674 0.9974 0.0272
vn 0.0630 0.9962 0.0595
vn 0.0727 0.9973 0.0111
vn 0.0543 0.9932 0.1032
vn -0.0405 0.9980 0.0490
vn -0.0550 0.9966 0.0619
vn -0.0925 0.9903 0.1032
vn -0.0776 0.9930 0.0888
vn -0.0566 0.9950 0.0823
vn -0.0227 0.9988 0.0438
vn -0.0320 0.9957 0.0868
vn -0.0040 0.9988 0.0489
vn 0.0031 0.9999 0.0142
vn -0.0111 0.9998 0.0193
vn 0.0217 0.9997 -0.0056
vn 0.0108 0.9999 0.0004
vn 0.0163 0.9997 0.0181
vn 0.0303 0.9995 -0.0043
vn -0.0240 0.9992 0.0313
vn -0.0002 0.9999 0.0117
vn 0.0461 0.9984 -0.0312
vn 0.0383 0.9990 -0.0230
vn 0.0195 0.9998 -0.0037
vn 0.0288 0.9995 -0.0140
vn 0.0366 0.9991 -0.0205
vn 0.0513 0.9980 -0.0370
vn 0.0414 0.9989 -0.0217
vn 0.0525 0.9979 -0.0392
vn 0.0665 0.9961 -0.0580
vn 0.0638 0.9965 -0.0543
vn 0.0643 0.9962 -0.0593
vn 0.0573 0.9971 -0.0496
vn 0.0264 0.9952 0.0938
vn 0.0130 0.9978 0.0657
vn -0.0076 0.9946 0.1033
vn 0.0135 0.9913 0.1309
vn 0.0301 0.9852 0.1686
vn 0.0349 0.9906 0.1321
vn 0.0374 0.9948 0.0948
vn 0.0345 0.9977 0.0587
vn 0.0397 0.9975 0.0588
vn 0.0399 0.9988 0.0278
vn 0.0270 0.9991 0.0328
vn 0.0363 0.9993 0.0065
vn 0.0486 0.9986 -0.0216
vn 0.0510 0.9981 -0.0348
vn 0.0436 0.9989 -0.0150
vn 0.0442 0.9990 0.0014
vn 0.0420 0.9988 0.0271
vn 0.0439 0.9990 0.0001
vn 0.0460 0.9987 -0.0238
vn 0.0534 0.9976 -0.0434
vn 0.0592 0.9967 -0.0553
vn -0.0238 0.9821 0.1869
vn -0.0281 0.9838 0.1771
vn -0.0251 0.9892 0.1443
vn -0.0227 0.9869 0.1598
vn -0.0183 0.9944 0.1042
vn -0.0168 0.9920 0.1251
vn -0.0081 0.9886 0.1505
vn -0.0043 0.9933 0.1152
vn 0.0013 0.9973 0.0732
vn 0.0019 0.9871 0.1598
vn 0.0041 0.9838 0.1790
vn 0.0479 0.9886 0.1425
vn 0.0554 0.9868 0.1519
vn 0.0042 0.9911 0.1333
vn 0.0438 0.9911 0.1261
vn 0.0094 0.9816 0.1908
vn -0.0215 0.9782 0.2065
vn 0.0162 0.9806 0.1953
vn -0.0171 0.9756 0.2187
vn 0.0645 0.9859 0.1544
vn 0.0736 0.9859 0.1505
vn -0.0283 0.9788 0.2026
vn -0.0111 0.9837 0.1794
vn -0.0270 0.9749 0.2211
vn -0.0144 0.9793 0.2021
vn -0.0051 0.9744 0.2249
vn -0.0228 0.9703 0.2407
vn -0.0249 0.9721 0.2334
vn -0.0113 0.9744 0.2244
vn -0.0234 0.9721 0.2336
vn -0.0183 0.9754 0.2198
vn 0.0239 0.9808 0.1937
vn 0.0317 0.9818 0.1871
vn 0.0820 0.9866 0.1412
vn 0.0894 0.9878 0.1277
vn 0.0385 0.9836 0.1759
vn 0.0002 0.9754 0.2206
vn 0.0950 0.9894 0.1101
vn -0.0218 0.9697 0.2435
vn -0.0301 0.9694 0.2437
vn 0.1547 0.9848 0.0786
vn 0.1108 0.9872 0.1150
vn 0.0980 0.9885 0.1149
vn 0.1381 0.9867 0.0856
vn 0.0871 0.9903 0.1084
vn 0.1223 0.9887 0.0869
vn 0.1733 0.9833 0.0552
vn 0.1925 0.9804 0.0429
vn 0.1537 0.9861 0.0625
vn 0.2097 0.9774 0.0263
vn 0.1703 0.9831 0.0665
vn 0.2237 0.9746 0.0062
vn 0.1832 0.9818 0.0500
vn 0.1236 0.9863 0.1090
vn 0.1349 0.9860 0.0976
vn 0.1978 0.9802 0.0059
vn 0.1499 0.9867 0.0626
vn 0.1437 0.9862 0.0819
vn 0.1924 0.9809 0.0297
vn 0.2333 0.9722 -0.0175
vn 0.2383 0.9702 -0.0451
vn 0.2390 0.9680 -0.0771
vn 0.1996 0.9796 -0.0217
vn 0.1532 0.9874 0.0395
vn 0.0491 0.9954 0.0828
vn 0.0512 0.9973 0.0525
vn 0.0260 0.9963 0.0815
vn 0.0224 0.9930 0.1159
vn 0.0495 0.9986 0.0164
vn 0.0286 0.9988 0.0409
vn 0.0169 0.9893 0.1448
vn 0.0423 0.9932 0.1084
vn 0.0086 0.9856 0.1689
vn 0.0298 0.9910 0.1302
vn 0.0660 0.9952 0.0724
vn 0.0731 0.9959 0.0538
vn 0.0896 0.9952 0.0395
vn 0.0956 0.9949 0.0318
vn 0.0504 0.9948 0.0880
vn 0.0718 0.9964 0.0446
vn 0.0724 0.9969 0.0308
vn 0.0651 0.9979 0.0019
vn 0.0908 0.9957 0.0193
vn 0.0764 0.9971 0.0003
vn 0.1036 0.9941 0.0319
vn 0.0961 0.9945 0.0415
vn 0.1012 0.9946 0.0224
vn 0.1090 0.9938 0.0231
vn 0.0752 0.9963 0.0424
vn 0.0813 0.9966 0.0143
vn 0.1035 0.9945 0.0184
vn 0.0964 0.9952 0.0158
vn 0.0834 0.9965 0.0105
vn 0.0731 0.9973 -0.0044
vn 0.0652 0.9974 0.0322
vn 0.0753 0.9956 0.0566
vn 0.0032 0.9975 0.0700
vn 0.0160 0.9951 0.0971
vn 0.0394 0.9992 0.0019
vn -0.0223 0.9992 0.0342
vn 0.0709 0.9948 0.0731
vn 0.0533 0.9954 0.0798
vn 0.0170 0.9933 0.1145
vn 0.0075 0.9926 0.1210
vn -0.0087 0.9852 0.1709
vn 0.0123 0.9885 0.1506
vn -0.0026 0.9818 0.1897
vn -0.0160 0.9780 0.2082
vn -0.0317 0.9739 0.2247
vn -0.0322 0.9811 0.1910
vn -0.0301 0.9892 0.1435
vn -0.0000 0.9925 0.1226
vn -0.0237 0.9962 0.0832
vn 0.0117 0.9978 0.0651
vn 0.0275 0.9942 0.1039
vn 0.0445 0.9977 0.0519
vn 0.0001 0.9997 -0.0247
vn 0.0386 0.9991 -0.0202
vn 0.0521 0.9986 0.0064
vn 0.0155 0.9998 0.0113
vn -0.0232 0.9994 0.0240
vn -0.0389 0.9991 -0.0190
vn -0.0677 0.9969 -0.0409
vn -0.0327 0.9987 -0.0382
vn -0.1076 0.9936 -0.0343
vn -0.0827 0.9963 -0.0220
vn 0.0040 0.9997 -0.0244
vn -0.0536 0.9986 0.0005
vn 0.0463 0.9974 -0.0557
vn 0.0413 0.9984 -0.0391
vn 0.0330 0.9995 -0.0009
vn 0.0470 0.9987 -0.0213
vn 0.0271 0.9996 -0.0114
vn 0.0113 0.9995 0.0291
vn 0.0542 0.9981 -0.0294
vn 0.0430 0.9973 -0.0590
vn 0.0556 0.9982 -0.0225
vn 0.0321 0.9984 -0.0461
vn 0.0327 0.9956 -0.0876
vn 0.0480 0.9950 -0.0871
vn 0.0245 0.9930 -0.1155
vn 0.0525 0.9919 -0.1156
vn 0.0079 0.9974 -0.0715
vn -0.0149 0.9949 -0.0993
vn 0.0532 0.9959 -0.0731
vn 0.0478 0.9977 -0.0477
vn 0.0685 0.9924 -0.1027
vn 0.0721 0.9943 -0.0789
vn 0.0751 0.9910 -0.1108
vn 0.1100 0.9888 -0.1005
vn 0.0880 0.9894 -0.1158
vn 0.0618 0.9899 -0.1280
vn 0.1291 0.9882 -0.0826
vn 0.1001 0.9905 -0.0942
vn 0.0216 0.9915 -0.1283
vn 0.0242 0.9935 -0.1113
vn -0.0321 0.9930 -0.1140
vn -0.0423 0.9941 -0.0994
vn 0.0281 0.9976 -0.0635
vn 0.0875 0.9941 -0.0633
vn 0.0287 0.9995 0.0156
vn 0.0936 0.9955 0.0145
vn -0.0490 0.9973 -0.0546
vn -0.0552 0.9983 0.0211
vn 0.1291 0.9900 -0.0563
vn 0.1531 0.9872 -0.0442
vn 0.1392 0.9901 0.0164
vn 0.1659 0.9859 0.0203
vn 0.0063 0.9997 0.0225
vn 0.0189 0.9997 -0.0172
vn 0.0526 0.9986 0.0004
vn 0.0440 0.9984 0.0357
vn 0.0253 0.9967 0.0772
vn -0.0097 0.9978 0.0657
vn -0.0105 0.9931 0.1171
vn -0.0344 0.9940 0.1034
vn -0.0488 0.9978 0.0440
vn -0.0350 0.9994 0.0011
vn -0.0890 0.9960 0.0111
vn -0.0765 0.9966 -0.0292
vn -0.0622 0.9949 0.0789
vn -0.0918 0.9949 0.0428
vn -0.0172 0.9991 -0.0399
vn -0.0526 0.9963 -0.0685
vn -0.1398 0.9891 -0.0460
vn -0.1037 0.9917 -0.0760
vn -0.0822 0.9929 -0.0862
vn -0.1125 0.9923 -0.0509
vn -0.1245 0.9921 -0.0148
vn -0.1520 0.9883 -0.0151
vn -0.1184 0.9929 0.0136
vn -0.1389 0.9903 0.0098
vn -0.1730 0.9849 0.0108
vn -0.1605 0.9869 -0.0137
vn -0.1886 0.9800 0.0631
vn -0.1758 0.9833 0.0463
vn -0.1549 0.9874 0.0317
vn -0.1674 0.9827 0.0793
vn -0.1196 0.9921 -0.0369
vn -0.1318 0.9908 0.0316
vn 0.0160 0.9987 0.0493
vn -0.0042 0.9962 0.0868
vn -0.0052 0.9981 0.0612
vn 0.0151 0.9997 0.0206
vn 0.0410 0.9990 -0.0164
vn 0.0419 0.9990 0.0139
vn 0.0709 0.9963 -0.0488
vn 0.0715 0.9973 -0.0180
vn 0.0491 0.9980 0.0389
vn 0.0284 0.9971 0.0704
vn 0.0618 0.9966 0.0545
vn 0.0512 0.9955 0.0803
vn 0.0732 0.9973 0.0088
vn 0.0752 0.9968 0.0280
vn 0.0129 0.9947 0.1023
vn 0.0448 0.9935 0.1045
vn 0.0970 0.9926 0.0725
vn 0.1084 0.9907 0.0824
vn 0.0797 0.9922 0.0962
vn 0.0761 0.9939 0.0799
vn 0.0755 0.9953 0.0601
vn 0.0875 0.9945 0.0578
vn 0.0772 0.9963 0.0375
vn 0.0798 0.9961 0.0387
vn 0.0998 0.9938 0.0495
vn 0.1167 0.9914 0.0597
vn 0.0841 0.9959 0.0337
vn 0.1348 0.9888 0.0641
vn 0.1349 0.9902 -0.0360
vn 0.1036 0.9939 -0.0376
vn 0.1036 0.9924 -0.0665
vn 0.1362 0.9889 -0.0599
vn 0.1623 0.9863 -0.0291
vn 0.1592 0.9871 -0.0136
vn 0.1758 0.9841 0.0248
vn 0.1707 0.9849 0.0284
vn 0.1435 0.9897 -0.0006
vn 0.1247 0.9921 -0.0147
vn 0.1148 0.9934 0.0078
vn 0.1053 0.9944 0.0012
vn 0.1504 0.9882 0.0296
vn 0.1144 0.9931 0.0269
vn 0.0995 0.9950 -0.0116
vn 0.0905 0.9959 0.0078
vn 0.0680 0.9976 0.0101
vn 0.0737 0.9971 0.0209
vn 0.0806 0.9966 0.0185
vn 0.0840 0.9964 0.0093
vn 0.0836 0.9965 0.0100
vn 0.0594 0.9982 0.0064
vn 0.0754 0.9970 0.0198
vn 0.0448 0.9990 0.0092
vn 0.0411 0.9992 -0.0010
vn 0.0566 0.9984 0.0058
vn 0.0208 0.9998 -0.0035
vn 0.0700 0.9974 0.0174
vn 0.0667 0.9969 0.0413
vn 0.0590 0.9975 0.0377
vn 0.0541 0.9970 0.0559
vn 0.0620 0.9963 0.0592
vn 0.0488 0.9963 0.0707
vn 0.0567 0.9956 0.0740
vn 0.0473 0.9983 0.0334
vn 0.0422 0.9978 0.0512
vn 0.0371 0.9971 0.0658
vn 0.0661 0.9959 0.0611
vn 0.0706 0.9965 0.0437
vn 0.0663 0.9959 0.0615
vn 0.0707 0.9965 0.0449
vn 0.0609 0.9953 0.0759
vn 0.0612 0.9952 0.0764
vn 0.0732 0.9970 0.0236
vn 0.0700 0.9973 0.0201
vn 0.0729 0.9973 0.0007
vn 0.0709 0.9975 -0.0044
vn 0.0730 0.9970 0.0264
vn 0.0720 0.9974 0.0058
vn 0.0630 0.9979 0.0162
vn 0.0523 0.9986 0.0124
vn 0.0658 0.9978 -0.0089
vn 0.0575 0.9983 -0.0117
vn 0.0606 0.9958 -0.0691
vn 0.0631 0.9949 -0.0790
vn 0.0666 0.9970 -0.0398
vn 0.0685 0.9971 -0.0337
vn 0.0648 0.9943 -0.0847
vn 0.0623 0.9971 -0.0428
vn 0.0683 0.9973 -0.0258
vn 0.0573 0.9967 -0.0567
vn 0.0660 0.9977 -0.0173
vn 0.0533 0.9976 -0.0432
vn 0.0373 0.9951 -0.0911
vn 0.0441 0.9929 -0.1100
vn 0.0318 0.9970 -0.0711
vn 0.0520 0.9907 -0.1259
vn 0.0610 0.9887 -0.1368
vn 0.0841 0.9952 0.0509
vn 0.0730 0.9962 0.0466
vn 0.0687 0.9957 0.0627
vn 0.0800 0.9945 0.0671
vn 0.0637 0.9949 0.0782
vn 0.0750 0.9937 0.0839
vn 0.1031 0.9918 0.0760
vn 0.1068 0.9925 0.0589
vn 0.0980 0.9907 0.0947
vn 0.1076 0.9933 0.0430
vn 0.0857 0.9957 0.0348
vn 0.1036 0.9942 0.0283
vn 0.0831 0.9964 0.0187
vn 0.0751 0.9967 0.0296
vn 0.0734 0.9972 0.0115
vn 0.0594 0.9981 -0.0149
vn 0.0526 0.9982 -0.0293
vn 0.0665 0.9978 -0.0081
vn 0.0748 0.9972 0.0022
vn 0.0934 0.9955 0.0140
vn 0.0761 0.9971 -0.0000
vn 0.0507 0.9986 -0.0129
vn 0.0358 0.9989 -0.0316
vn 0.0302 0.9982 -0.0511
vn 0.0127 0.9997 0.0225
vn 0.0085 0.9993 0.0375
vn 0.0269 0.9986 0.0451
vn 0.0318 0.9991 0.0283
vn 0.0049 0.9987 0.0511
vn 0.0223 0.9980 0.0593
vn 0.0375 0.9993 0.0091
vn 0.0183 0.9998 0.0061
vn 0.0447 0.9989 -0.0126
vn 0.0264 0.9996 -0.0118
vn -0.0051 1.0000 0.0028
vn -0.0100 0.9998 0.0155
vn -0.0327 0.9995 -0.0010
vn -0.0360 0.9993 0.0071
vn 0.0029 0.9999 -0.0100
vn -0.0257 0.9996 -0.0080
vn -0.0129 0.9995 0.0281
vn -0.0148 0.9991 0.0406
vn -0.0369 0.9992 0.0165
vn -0.0366 0.9990 0.0273
vn -0.0664 0.9978 -0.0064
vn -0.0626 0.9980 -0.0035
vn -0.0561 0.9984 0.0051
vn -0.0575 0.9983 -0.0009
vn -0.0575 0.9983 0.0031
vn -0.0532 0.9985 0.0138
vn -0.0564 0.9984 -0.0042
vn -0.0679 0.9977 -0.0055
vn -0.0514 0.9987 -0.0051
vn -0.0660 0.9978 -0.0013
vn -0.0668 0.9977 -0.0061
vn -0.0623 0.9980 -0.0098
vn -0.0507 0.9987 -0.0070
vn -0.0425 0.9990 -0.0111
vn -0.0690 0.9976 0.0015
vn -0.0584 0.9983 0.0013
vn -0.0561 0.9984 -0.0091
vn -0.0491 0.9988 -0.0041
vn -0.0340 0.9994 -0.0108
vn -0.0257 0.9997 -0.0062
vn 0.0508 0.9954 -0.0813
vn 0.0379 0.9985 -0.0385
vn 0.0535 0.9977 -0.0423
vn 0.0619 0.9944 -0.0853
vn 0.0658 0.9878 -0.1415
vn 0.0608 0.9883 -0.1401
vn 0.0462 0.9900 -0.1334
vn 0.0315 0.9968 -0.0734
vn 0.0218 0.9923 -0.1223
vn 0.0041 0.9980 -0.0629
vn 0.0156 0.9994 -0.0323
vn -0.0132 0.9996 -0.0249
vn -0.0444 0.9983 -0.0373
vn -0.0583 0.9983 -0.0073
vn -0.0405 0.9990 -0.0162
vn -0.0238 0.9985 -0.0503
vn -0.0052 0.9942 -0.1078
vn -0.0275 0.9954 -0.0919
vn -0.0458 0.9959 -0.0782
vn -0.0578 0.9980 -0.0271
vn -0.0602 0.9957 -0.0711
vn -0.0635 0.9977 -0.0238
vn -0.0663 0.9978 -0.0007
vn -0.0632 0.9980 0.0002
vn -0.0015 0.9976 0.0697
vn 0.0139 0.9969 0.0772
vn 0.0179 0.9974 0.0703
vn 0.0016 0.9981 0.0621
vn 0.0279 0.9961 0.0833
vn 0.0322 0.9965 0.0767
vn -0.0165 0.9985 0.0517
vn -0.0180 0.9980 0.0600
vn -0.0359 0.9986 0.0381
vn -0.0353 0.9982 0.0475
vn -0.0200 0.9977 0.0652
vn -0.0044 0.9973 0.0734
vn -0.0226 0.9975 0.0668
vn -0.0073 0.9973 0.0731
vn -0.0359 0.9979 0.0548
vn -0.0384 0.9975 0.0591
vn 0.0104 0.9967 0.0800
vn 0.0242 0.9961 0.0853
vn 0.0074 0.9969 0.0784
vn 0.0214 0.9963 0.0828
vn -0.0174 0.9974 0.0693
vn -0.0030 0.9973 0.0738
vn 0.0034 0.9972 0.0753
vn -0.0114 0.9974 0.0709
vn 0.0106 0.9969 0.0775
vn 0.0175 0.9967 0.0791
vn -0.0269 0.9975 0.0660
vn -0.0327 0.9974 0.0643
vn -0.0431 0.9972 0.0604
vn -0.0493 0.9970 0.0591
vn -0.0389 0.9973 0.0628
vn -0.0243 0.9973 0.0690
vn -0.0553 0.9969 0.0561
vn -0.0111 0.9972 0.0744
vn 0.0012 0.9969 0.0784
vn -0.0485 0.9985 0.0249
vn -0.0474 0.9983 0.0347
vn -0.0500 0.9985 0.0241
vn -0.0523 0.9985 0.0129
vn -0.0426 0.9991 0.0054
vn -0.0386 0.9991 0.0191
vn -0.0189 0.9998 0.0039
vn -0.0160 0.9997 0.0197
vn -0.0391 0.9986 0.0357
vn -0.0481 0.9981 0.0380
vn -0.0460 0.9975 0.0537
vn -0.0525 0.9973 0.0508
vn -0.0187 0.9990 0.0399
vn -0.0288 0.9976 0.0631
vn -0.0469 0.9979 0.0446
vn -0.0499 0.9974 0.0528
vn -0.0692 0.9957 0.0619
vn -0.0630 0.9964 0.0572
vn -0.0559 0.9968 0.0572
vn -0.0606 0.9964 0.0596
vn -0.0567 0.9961 0.0676
vn -0.0671 0.9951 0.0732
vn -0.0426 0.9957 0.0821
vn -0.0547 0.9943 0.0917
vn -0.0750 0.9946 0.0719
vn -0.0763 0.9953 0.0588
vn -0.0630 0.9937 0.0930
vn -0.0694 0.9962 0.0535
vn 0.0481 0.9947 0.0912
vn 0.0519 0.9950 0.0850
vn 0.0438 0.9957 0.0816
vn 0.0396 0.9953 0.0879
vn 0.0362 0.9953 0.0895
vn 0.0455 0.9947 0.0926
vn 0.0339 0.9957 0.0864
vn 0.0442 0.9950 0.0891
vn 0.0520 0.9941 0.0949
vn 0.0534 0.9942 0.0934
vn 0.0554 0.9938 0.0966
vn 0.0553 0.9940 0.0949
vn 0.0522 0.9945 0.0913
vn 0.0575 0.9940 0.0933
vn 0.0564 0.9946 0.0871
vn 0.0572 0.9945 0.0881
vn 0.0711 0.9917 0.1070
vn 0.0715 0.9926 0.0982
vn 0.0601 0.9940 0.0909
vn 0.0591 0.9934 0.0984
vn 0.0606 0.9931 0.1008
vn 0.0732 0.9912 0.1101
vn 0.0643 0.9931 0.0978
vn 0.0777 0.9912 0.1074
vn 0.0965 0.9873 0.1259
vn 0.0942 0.9881 0.1218
vn 0.1009 0.9872 0.1233
vn 0.0946 0.9893 0.1113
vn 0.0353 0.9959 0.0827
vn 0.0417 0.9955 0.0846
vn 0.0304 0.9962 0.0822
vn 0.0235 0.9965 0.0804
vn 0.0132 0.9966 0.0812
vn 0.0250 0.9962 0.0833
vn 0.0364 0.9957 0.0851
vn 0.0460 0.9953 0.0848
vn 0.0471 0.9951 0.0868
vn 0.0552 0.9947 0.0869
vn 0.0512 0.9949 0.0867
vn 0.0585 0.9943 0.0888
vn 0.0802 0.9918 0.0992
vn 0.0812 0.9914 0.1025
vn 0.0670 0.9934 0.0933
vn 0.0654 0.9937 0.0911
vn 0.0588 0.9942 0.0900
vn 0.0740 0.9926 0.0962
vn 0.0952 0.9897 0.1067
vn 0.1023 0.9884 0.1126
vn 0.1040 0.9876 0.1178
vn 0.0948 0.9950 0.0310
vn 0.1108 0.9929 0.0440
vn 0.1155 0.9933 0.0061
vn 0.0995 0.9950 -0.0028
vn 0.1289 0.9910 -0.0351
vn 0.1140 0.9927 -0.0388
vn 0.1140 0.9920 0.0534
vn 0.1196 0.9927 0.0122
vn 0.1323 0.9907 -0.0331
vn 0.0713 0.9974 -0.0139
vn 0.0655 0.9977 0.0153
vn 0.0305 0.9992 -0.0267
vn 0.0227 0.9997 -0.0024
vn 0.0876 0.9952 -0.0441
vn 0.0493 0.9975 -0.0508
vn 0.0695 0.9967 0.0420
vn 0.0989 0.9932 0.0613
vn 0.0823 0.9945 0.0648
vn 0.1111 0.9900 0.0867
vn 0.0253 0.9995 0.0204
vn 0.0376 0.9985 0.0402
vn 0.1140 0.9905 0.0774
vn 0.1152 0.9893 0.0895
vn 0.1243 0.9866 0.1053
vn 0.1225 0.9852 0.1197
vn 0.1504 0.9840 0.0951
vn 0.1594 0.9810 0.1103
vn 0.1407 0.9829 0.1190
vn 0.1297 0.9865 0.1002
vn 0.1518 0.9808 0.1224
vn 0.1357 0.9817 0.1340
vn 0.1022 0.9917 0.0781
vn 0.1245 0.9892 0.0768
vn 0.0576 0.9969 0.0532
vn 0.0811 0.9952 0.0556
vn 0.1428 0.9879 0.0604
vn 0.1665 0.9835 0.0709
vn 0.1021 0.9937 0.0467
vn 0.1735 0.9817 0.0787
vn 0.1642 0.9828 0.0844
vn -0.0645 0.9974 -0.0325
vn -0.0235 0.9995 -0.0189
vn -0.0142 0.9992 -0.0381
vn -0.0557 0.9973 -0.0471
vn 0.0062 0.9984 -0.0563
vn -0.0358 0.9975 -0.0602
vn -0.0972 0.9937 -0.0566
vn -0.1037 0.9936 -0.0454
vn -0.0800 0.9946 -0.0662
vn -0.0997 0.9944 -0.0342
vn -0.0625 0.9979 -0.0179
vn -0.0855 0.9960 -0.0246
vn -0.0502 0.9987 -0.0051
vn -0.0219 0.9998 -0.0003
vn -0.0103 0.9998 0.0162
vn -0.0033 0.9999 0.0113
vn 0.0344 0.9989 0.0331
vn 0.0098 0.9996 0.0281
vn -0.0293 0.9996 0.0050
vn -0.0626 0.9979 -0.0164
vn -0.0345 0.9994 -0.0096
vn -0.0052 1.0000 -0.0052
vn 0.0230 0.9997 0.0127
vn 0.0580 0.9979 0.0303
vn 0.0677 0.9962 0.0543
vn 0.0759 0.9971 0.0082
vn 0.1079 0.9941 0.0136
vn 0.1010 0.9932 0.0574
vn 0.0880 0.9952 -0.0428
vn 0.1202 0.9921 -0.0350
vn 0.0996 0.9904 0.0959
vn 0.0637 0.9934 0.0954
vn 0.1033 0.9863 0.1286
vn 0.0641 0.9893 0.1312
vn 0.0073 0.9961 0.0876
vn 0.0138 0.9989 0.0439
vn -0.0696 0.9950 0.0722
vn -0.0606 0.9978 0.0258
vn 0.0044 0.9919 0.1269
vn -0.0756 0.9904 0.1154
vn 0.0233 0.9997 -0.0043
vn 0.0353 0.9978 -0.0568
vn -0.0496 0.9985 -0.0239
vn -0.0375 0.9963 -0.0771
vn -0.1708 0.9853 -0.0029
vn -0.1589 0.9860 -0.0508
vn -0.1182 0.9921 -0.0422
vn -0.1302 0.9915 0.0076
vn -0.1482 0.9840 -0.0994
vn -0.1063 0.9899 -0.0942
vn -0.1409 0.9885 0.0555
vn -0.1823 0.9822 0.0448
vn -0.1493 0.9835 0.1018
vn -0.1917 0.9770 0.0928
vn -0.1949 0.9800 0.0410
vn -0.1836 0.9830 -0.0055
vn -0.1759 0.9833 0.0457
vn -0.1657 0.9862 0.0015
vn -0.2045 0.9748 0.0897
vn -0.1844 0.9783 0.0945
vn -0.1727 0.9837 -0.0501
vn -0.1638 0.9820 -0.0936
vn -0.1563 0.9869 -0.0388
vn -0.1498 0.9858 -0.0760
vn 0.0807 0.9874 0.1359
vn 0.0702 0.9864 0.1489
vn 0.1129 0.9831 0.1441
vn 0.1262 0.9833 0.1310
vn 0.1371 0.9866 0.0885
vn 0.0904 0.9917 0.0913
vn 0.0236 0.9954 0.0933
vn 0.0149 0.9904 0.1372
vn -0.0629 0.9935 0.0949
vn -0.0708 0.9884 0.1345
vn 0.0071 0.9890 0.1481
vn -0.0761 0.9871 0.1410
vn -0.1939 0.9724 0.1301
vn -0.1960 0.9724 0.1262
vn -0.1523 0.9795 0.1318
vn -0.1491 0.9801 0.1308
vn -0.1417 0.9851 0.0979
vn -0.1868 0.9769 0.1040
vn -0.1997 0.9733 0.1132
vn -0.2067 0.9693 0.1335
vn -0.1773 0.9762 0.1251
vn -0.1845 0.9725 0.1421
vn -0.2088 0.9699 0.1256
vn -0.1877 0.9733 0.1319
vn 0.0908 0.9915 -0.0932
vn 0.1287 0.9883 -0.0814
vn 0.1303 0.9889 -0.0716
vn 0.0960 0.9920 -0.0817
vn 0.1480 0.9862 -0.0742
vn 0.1449 0.9872 -0.0666
vn 0.0419 0.9944 -0.0972
vn 0.0342 0.9933 -0.1102
vn -0.0317 0.9925 -0.1182
vn -0.0402 0.9903 -0.1327
vn 0.0097 0.9952 -0.0976
vn 0.0688 0.9945 -0.0796
vn -0.0342 0.9975 -0.0611
vn 0.0263 0.9987 -0.0429
vn -0.0644 0.9904 -0.1220
vn -0.1056 0.9906 -0.0868
vn 0.1113 0.9915 -0.0669
vn 0.1367 0.9889 -0.0585
vn 0.0735 0.9968 -0.0305
vn 0.1061 0.9941 -0.0223
vn -0.0639 0.9979 0.0139
vn -0.0160 0.9994 0.0296
vn 0.0258 0.9996 0.0074
vn -0.0238 0.9997 -0.0053
vn 0.0245 0.9988 0.0418
vn 0.0643 0.9978 0.0163
vn -0.0826 0.9963 -0.0240
vn -0.1167 0.9931 -0.0075
vn -0.1477 0.9877 -0.0512
vn -0.1716 0.9845 -0.0371
vn -0.1318 0.9913 -0.0070
vn -0.0886 0.9959 0.0190
vn -0.1739 0.9839 -0.0404
vn -0.0468 0.9981 0.0397
vn -0.0086 0.9983 0.0570
vn -0.1529 0.9763 -0.1532
vn -0.1097 0.9825 -0.1503
vn -0.1013 0.9857 -0.1346
vn -0.1445 0.9799 -0.1373
vn -0.1620 0.9785 -0.1275
vn -0.1707 0.9749 -0.1427
vn -0.1503 0.9831 -0.1044
vn -0.1595 0.9802 -0.1177
vn -0.1886 0.9722 -0.1390
vn -0.1729 0.9739 -0.1473
vn -0.2146 0.9698 -0.1155
vn -0.2039 0.9717 -0.1192
vn -0.1759 0.9776 -0.1152
vn -0.1980 0.9755 -0.0959
vn -0.1318 0.9811 -0.1419
vn -0.1680 0.9797 -0.1097
vn -0.2325 0.9689 -0.0846
vn -0.2141 0.9746 -0.0662
vn -0.2014 0.9765 -0.0772
vn -0.2293 0.9691 -0.0912
vn -0.2332 0.9680 -0.0928
vn -0.2287 0.9692 -0.0909
vn -0.2113 0.9743 -0.0783
vn -0.2018 0.9761 -0.0810
vn -0.1998 0.9739 -0.1075
vn -0.2114 0.9726 -0.0963
vn -0.1685 0.9804 -0.1022
vn -0.2034 0.9763 -0.0733
vn 0.1451 0.9873 -0.0650
vn 0.1323 0.9892 -0.0634
vn 0.1442 0.9874 -0.0645
vn 0.1522 0.9859 -0.0693
vn 0.1476 0.9877 -0.0522
vn 0.1471 0.9880 -0.0463
vn 0.1253 0.9920 -0.0161
vn 0.1330 0.9911 -0.0105
vn 0.1354 0.9899 -0.0414
vn 0.1268 0.9900 -0.0616
vn 0.1125 0.9929 -0.0377
vn 0.0972 0.9935 -0.0593
vn 0.1294 0.9916 -0.0060
vn 0.1149 0.9934 -0.0029
vn 0.1090 0.9920 -0.0633
vn 0.0742 0.9952 -0.0644
vn 0.0196 0.9983 -0.0555
vn -0.0085 0.9979 -0.0649
vn 0.0336 0.9973 -0.0649
vn 0.0604 0.9965 -0.0569
vn 0.0812 0.9961 -0.0347
vn 0.0434 0.9985 -0.0339
vn 0.0908 0.9959 -0.0012
vn 0.0580 0.9983 -0.0029
vn -0.0038 0.9992 -0.0399
vn -0.0282 0.9978 -0.0593
vn 0.0136 0.9998 -0.0127
vn -0.0552 0.9961 -0.0686
vn 0.0774 0.9953 0.0586
vn 0.1068 0.9939 0.0284
vn 0.0911 0.9956 0.0230
vn 0.0560 0.9971 0.0514
vn 0.0235 0.9972 0.0711
vn 0.0476 0.9955 0.0813
vn 0.0635 0.9941 0.0882
vn 0.0890 0.9940 0.0636
vn 0.0710 0.9932 0.0919
vn 0.0908 0.9937 0.0662
vn 0.1117 0.9932 0.0324
vn 0.1059 0.9938 0.0346
vn 0.0617 0.9964 0.0584
vn 0.0633 0.9975 0.0300
vn 0.0899 0.9953 0.0346
vn 0.0821 0.9945 0.0654
vn 0.0685 0.9935 0.0908
vn 0.0539 0.9952 0.0817
vn 0.0242 0.9979 0.0606
vn 0.0267 0.9988 0.0408
vn 0.0232 0.9996 0.0160
vn 0.0458 0.9892 -0.1395
vn 0.0384 0.9834 -0.1776
vn 0.0616 0.9874 -0.1460
vn 0.0728 0.9910 -0.1120
vn 0.0757 0.9912 -0.1088
vn 0.0898 0.9931 -0.0756
vn 0.0233 0.9783 -0.2058
vn 0.0435 0.9844 -0.1705
vn 0.0588 0.9890 -0.1360
vn 0.0736 0.9944 -0.0764
vn 0.0458 0.9940 -0.0995
vn 0.0639 0.9969 -0.0469
vn 0.0401 0.9971 -0.0641
vn 0.0919 0.9947 -0.0457
vn 0.0802 0.9965 -0.0247
vn 0.0130 0.9933 -0.1148
vn 0.0131 0.9874 -0.1576
vn -0.0217 0.9920 -0.1242
vn -0.0213 0.9857 -0.1672
vn 0.0116 0.9970 -0.0760
vn -0.0197 0.9963 -0.0834
vn 0.0097 0.9801 -0.1984
vn 0.0016 0.9733 -0.2294
vn -0.0203 0.9780 -0.2075
vn -0.0196 0.9708 -0.2393
vn -0.0810 0.9817 -0.1724
vn -0.0708 0.9770 -0.2012
vn -0.0481 0.9769 -0.2082
vn -0.0538 0.9837 -0.1715
vn -0.0544 0.9730 -0.2244
vn -0.0389 0.9706 -0.2377
vn -0.0553 0.9898 -0.1316
vn -0.0845 0.9865 -0.1402
vn -0.0516 0.9944 -0.0920
vn -0.0805 0.9910 -0.1070
vn -0.1057 0.9829 -0.1511
vn -0.0999 0.9802 -0.1708
vn -0.1153 0.9795 -0.1649
vn -0.1069 0.9801 -0.1673
vn -0.1027 0.9863 -0.1290
vn -0.1150 0.9806 -0.1588
vn -0.0859 0.9785 -0.1874
vn -0.0642 0.9777 -0.2000
vn -0.0902 0.9819 -0.1664
vn -0.0657 0.9844 -0.1631
vn 0.0094 0.9997 -0.0221
vn 0.0284 0.9989 -0.0382
vn 0.0468 0.9985 -0.0272
vn 0.0236 0.9996 -0.0163
vn 0.0599 0.9981 -0.0127
vn 0.0345 0.9994 -0.0071
vn -0.0039 0.9999 -0.0117
vn -0.0149 0.9998 -0.0137
vn 0.0055 1.0000 -0.0056
vn -0.0274 0.9996 -0.0118
vn -0.0078 0.9997 -0.0242
vn -0.0415 0.9991 -0.0059
vn -0.0281 0.9993 -0.0226
vn 0.0059 0.9990 -0.0454
vn -0.0203 0.9986 -0.0487
vn -0.0687 0.9964 -0.0489
vn -0.0736 0.9944 -0.0754
vn -0.0480 0.9973 -0.0562
vn -0.0494 0.9984 -0.0274
vn -0.0550 0.9985 -0.0082
vn -0.0654 0.9974 -0.0309
vn -0.0724 0.9946 -0.0741
vn -0.0840 0.9927 -0.0869
vn -0.0754 0.9876 -0.1374
vn -0.0936 0.9855 -0.1414
vn -0.0943 0.9898 -0.1064
vn -0.1071 0.9829 -0.1499
vn -0.0161 0.9781 -0.2073
vn -0.0042 0.9879 -0.1550
vn 0.0196 0.9848 -0.1726
vn 0.0029 0.9764 -0.2157
vn 0.0214 0.9958 -0.0890
vn 0.0443 0.9920 -0.1182
vn -0.0096 0.9697 -0.2442
vn -0.0205 0.9698 -0.2428
vn -0.0202 0.9660 -0.2577
vn -0.0222 0.9647 -0.2624
vn -0.0283 0.9729 -0.2297
vn -0.0293 0.9819 -0.1872
vn -0.0321 0.9774 -0.2091
vn -0.0365 0.9863 -0.1610
vn -0.0236 0.9664 -0.2560
vn -0.0234 0.9700 -0.2419
vn -0.0216 0.9914 -0.1287
vn 0.0015 0.9984 -0.0574
vn -0.0317 0.9946 -0.0987
vn -0.0122 0.9996 -0.0260
vn -0.0433 0.9944 -0.0964
vn -0.0395 0.9987 -0.0327
vn -0.0371 0.9971 -0.0664
vn -0.0403 0.9906 -0.1304
vn -0.0243 0.9991 0.0360
vn -0.0205 0.9998 0.0055
vn -0.0348 0.9826 -0.1826
vn -0.0393 0.9878 -0.1508
vn -0.0249 0.9750 -0.2209
vn -0.0315 0.9806 -0.1933
vn -0.0450 0.9922 -0.1159
vn -0.0452 0.9971 -0.0608
vn -0.0506 0.9956 -0.0789
vn -0.0459 0.9986 -0.0248
vn -0.0421 0.9861 -0.1609
vn -0.0552 0.9907 -0.1245
vn -0.0396 0.9992 0.0008
vn -0.0250 0.9976 0.0641
vn -0.0379 0.9987 0.0330
vn -0.0233 0.9958 0.0891
vn -0.0222 0.9687 -0.2472
vn -0.0229 0.9641 -0.2646
vn -0.0296 0.9660 -0.2567
vn -0.0368 0.9701 -0.2400
vn -0.0404 0.9774 -0.2077
vn -0.0199 0.9775 -0.2100
vn -0.0388 0.9867 -0.1579
vn -0.0150 0.9884 -0.1508
vn -0.0028 0.9782 -0.2075
vn -0.0104 0.9690 -0.2470
vn 0.0110 0.9795 -0.2012
vn -0.0006 0.9705 -0.2412
vn 0.0050 0.9899 -0.1418
vn 0.0212 0.9912 -0.1310
vn -0.0175 0.9647 -0.2629
vn -0.0126 0.9671 -0.2542
vn -0.0048 0.9772 -0.2122
vn -0.0199 0.9762 -0.2159
vn -0.0122 0.9711 -0.2385
vn 0.0023 0.9733 -0.2295
vn 0.0162 0.9814 -0.1911
vn 0.0099 0.9841 -0.1775
vn 0.0284 0.9926 -0.1178
vn 0.0237 0.9947 -0.1004
vn -0.0091 0.9873 -0.1587
vn -0.0224 0.9818 -0.1887
vn -0.0564 0.9905 -0.1255
vn -0.0556 0.9862 -0.1558
vn 0.0065 0.9974 -0.0715
vn -0.0538 0.9985 0.0039
vn -0.0346 0.9817 -0.1872
vn -0.0571 0.9867 -0.1524
vn 0.0782 0.9969 0.0083
vn 0.0911 0.9953 -0.0333
vn 0.0720 0.9951 -0.0685
vn 0.0538 0.9981 -0.0292
vn 0.0332 0.9994 0.0061
vn 0.0585 0.9973 0.0452
vn 0.0153 0.9991 0.0385
vn 0.0376 0.9961 0.0795
vn 0.0709 0.9954 0.0640
vn 0.0881 0.9957 0.0278
vn 0.0670 0.9955 0.0676
vn 0.0812 0.9961 0.0338
vn 0.0490 0.9938 0.0998
vn 0.0460 0.9936 0.1033
vn 0.0966 0.9953 -0.0096
vn 0.0862 0.9963 0.0025
vn 0.0400 0.9988 0.0291
vn 0.0407 0.9991 0.0076
vn 0.0659 0.9978 0.0070
vn 0.0631 0.9975 0.0327
vn 0.0518 0.9967 0.0631
vn 0.0315 0.9979 0.0562
vn 0.0327 0.9947 0.0971
vn 0.0149 0.9960 0.0876
vn 0.0075 0.9988 0.0481
vn 0.0131 0.9996 0.0244
vn -0.0061 0.9971 0.0759
vn 0.0119 0.9999 0.0060
vn 0.0107 0.9910 0.1336
vn 0.0208 0.9937 0.1099
vn 0.0027 0.9976 0.0688
vn -0.0042 0.9954 0.0952
vn -0.0068 0.9931 0.1170
vn 0.0060 0.9886 0.1506
vn -0.0065 0.9910 0.1337
vn 0.0054 0.9870 0.1606
vn 0.0107 0.9860 0.1663
vn 0.0170 0.9881 0.1528
vn 0.0047 0.9861 0.1659
vn 0.0117 0.9879 0.1548
vn 0.0099 0.9851 0.1715
vn 0.0043 0.9858 0.1681
vn 0.0295 0.9910 0.1308
vn 0.0255 0.9906 0.1343
vn -0.0180 0.9912 0.1314
vn -0.0039 0.9934 0.1150
vn 0.0126 0.9918 0.1269
vn -0.0016 0.9893 0.1457
vn -0.0091 0.9879 0.1548
vn -0.0260 0.9901 0.1383
vn -0.0093 0.9878 0.1552
vn -0.0268 0.9902 0.1369
vn -0.0445 0.9921 0.1172
vn -0.0361 0.9929 0.1129
vn -0.0462 0.9924 0.1139
vn -0.0227 0.9948 0.0996
vn 0.0461 0.9934 0.1053
vn 0.0596 0.9905 0.1237
vn 0.0476 0.9934 0.1046
vn 0.0345 0.9958 0.0846
vn 0.0351 0.9948 0.0959
vn 0.0215 0.9970 0.0747
vn 0.0636 0.9882 0.1396
vn 0.0523 0.9912 0.1214
vn 0.0428 0.9930 0.1105
vn 0.0144 0.9980 0.0622
vn 0.0233 0.9961 0.0853
vn -0.0136 0.9991 0.0394
vn -0.0091 0.9978 0.0651
vn 0.0030 0.9987 0.0501
vn -0.0212 0.9995 0.0244
vn 0.0305 0.9923 0.1197
vn 0.0558 0.9891 0.1366
vn 0.0365 0.9856 0.1649
vn 0.0632 0.9820 0.1780
vn -0.0061 0.9948 0.1019
vn -0.0031 0.9888 0.1495
vn 0.0701 0.9860 0.1514
vn 0.0733 0.9838 0.1635
vn 0.0772 0.9792 0.1878
vn 0.0786 0.9779 0.1939
vn 0.0727 0.9774 0.1987
vn 0.0809 0.9768 0.1982
vn 0.0806 0.9743 0.2103
vn 0.0688 0.9762 0.2058
vn 0.0741 0.9782 0.1941
vn 0.0784 0.9745 0.2103
vn 0.0428 0.9794 0.1972
vn 0.0490 0.9795 0.1954
vn 0.0022 0.9827 0.1852
vn 0.0093 0.9820 0.1885
vn 0.0519 0.9855 0.1613
vn 0.0730 0.9846 0.1585
vn 0.0485 0.9944 0.0938
vn 0.0677 0.9942 0.0837
vn 0.0142 0.9869 0.1605
vn 0.0133 0.9948 0.1007
vn 0.0781 0.9851 0.1530
vn 0.0678 0.9870 0.1458
vn 0.0717 0.9948 0.0726
vn 0.0611 0.9961 0.0629
vn -0.0890 0.9956 0.0294
vn -0.0482 0.9978 0.0462
vn -0.0478 0.9987 0.0177
vn -0.0847 0.9964 -0.0024
vn -0.0511 0.9987 -0.0012
vn -0.0843 0.9961 -0.0265
vn -0.1216 0.9924 -0.0212
vn -0.1289 0.9916 0.0145
vn -0.1179 0.9917 -0.0515
vn -0.1371 0.9889 0.0565
vn -0.0944 0.9931 0.0696
vn -0.1437 0.9840 0.1052
vn -0.0982 0.9881 0.1184
vn -0.0498 0.9951 0.0849
vn -0.0503 0.9898 0.1335
vn -0.0911 0.9818 0.1666
vn -0.0401 0.9831 0.1785
vn -0.0470 0.9841 0.1712
vn -0.0971 0.9828 0.1569
vn -0.1449 0.9790 0.1434
vn -0.1402 0.9781 0.1541
vn -0.1328 0.9816 0.1374
vn -0.0840 0.9854 0.1480
vn -0.1251 0.9878 0.0922
vn -0.0790 0.9918 0.1002
vn -0.0339 0.9872 0.1559
vn -0.0318 0.9942 0.1031
vn 0.0675 0.9856 0.1552
vn 0.0561 0.9890 0.1372
vn 0.0533 0.9898 0.1318
vn 0.0646 0.9865 0.1503
vn 0.0405 0.9923 0.1171
vn 0.0406 0.9926 0.1142
vn 0.0723 0.9826 0.1709
vn 0.0730 0.9824 0.1722
vn 0.0744 0.9781 0.1945
vn 0.0709 0.9795 0.1888
vn 0.0743 0.9829 0.1685
vn 0.0716 0.9851 0.1562
vn 0.0757 0.9841 0.1608
vn 0.0768 0.9851 0.1539
vn 0.0671 0.9819 0.1774
vn 0.0624 0.9849 0.1617
vn 0.0603 0.9883 0.1403
vn 0.0424 0.9919 0.1195
vn 0.0666 0.9877 0.1412
vn 0.0466 0.9915 0.1212
vn 0.0791 0.9859 0.1477
vn 0.0771 0.9873 0.1389
vn 0.0730 0.9873 0.1409
vn 0.0804 0.9853 0.1506
vn 0.0603 0.9912 0.1174
vn 0.0531 0.9912 0.1213
vn 0.0739 0.9856 0.1521
vn 0.0663 0.9871 0.1457
vn 0.0541 0.9879 0.1455
vn 0.0403 0.9902 0.1336
vn 0.0524 0.9883 0.1434
vn 0.0720 0.9868 0.1452
vn 0.0313 0.9887 0.1464
vn 0.0571 0.9880 0.1433
vn 0.0205 0.9913 0.1297
vn -0.0051 0.9907 0.1359
vn 0.0769 0.9880 0.1339
vn 0.0661 0.9920 0.1075
vn 0.0698 0.9897 0.1249
vn 0.0674 0.9937 0.0898
vn 0.0457 0.9838 0.1731
vn 0.0605 0.9793 0.1930
vn 0.0695 0.9763 0.2048
vn 0.0599 0.9807 0.1859
vn 0.0501 0.9893 0.1371
vn 0.0324 0.9914 0.1269
vn 0.0435 0.9975 0.0563
vn 0.0259 0.9983 0.0530
vn 0.0153 0.9932 0.1156
vn 0.0313 0.9872 0.1564
vn -0.0010 0.9946 0.1038
vn 0.0167 0.9904 0.1373
vn 0.0089 0.9986 0.0527
vn -0.0069 0.9985 0.0547
vn 0.0509 0.9831 0.1759
vn 0.0402 0.9871 0.1551
vn -0.0192 0.9944 0.1042
vn 0.0087 0.9929 0.1187
vn 0.0267 0.9906 0.1342
vn 0.0004 0.9930 0.1183
vn -0.0183 0.9955 0.0926
vn -0.0380 0.9957 0.0848
vn -0.0243 0.9980 0.0578
vn -0.0444 0.9972 0.0601
vn -0.0569 0.9948 0.0840
vn -0.0409 0.9942 0.0999
vn -0.0644 0.9937 0.0912
vn -0.0606 0.9922 0.1088
vn -0.0642 0.9964 0.0560
vn -0.0140 0.9934 0.1134
vn -0.0395 0.9918 0.1213
vn 0.0031 0.9977 0.0681
vn 0.0104 0.9974 0.0706
vn 0.0267 0.9952 0.0943
vn 0.0228 0.9953 0.0940
vn 0.0211 0.9953 0.0947
vn -0.0018 0.9977 0.0682
vn 0.0217 0.9951 0.0965
vn -0.0047 0.9975 0.0710
vn -0.0263 0.9988 0.0407
vn -0.0184 0.9990 0.0406
vn -0.0519 0.9986 0.0128
vn -0.0418 0.9991 0.0120
vn -0.0325 0.9984 0.0454
vn -0.0613 0.9979 0.0200
vn -0.0087 0.9990 0.0443
vn -0.0313 0.9994 0.0163
vn -0.0995 0.9937 -0.0508
vn -0.0894 0.9951 -0.0430
vn -0.0586 0.9982 -0.0128
vn -0.0689 0.9975 -0.0184
vn -0.0808 0.9966 -0.0168
vn -0.1131 0.9924 -0.0490
vn -0.0932 0.9956 -0.0068
vn -0.1286 0.9910 -0.0362
vn -0.1456 0.9859 -0.0822
vn -0.1305 0.9879 -0.0843
vn -0.1645 0.9842 -0.0663
vn -0.1207 0.9899 -0.0737
vn 0.0092 0.9981 0.0615
vn -0.0018 0.9975 0.0709
vn 0.0264 0.9950 0.0960
vn 0.0356 0.9954 0.0891
vn 0.0466 0.9962 0.0734
vn 0.0259 0.9988 0.0408
vn 0.0569 0.9973 0.0468
vn 0.0459 0.9989 0.0064
vn 0.0035 0.9999 0.0110
vn -0.0187 0.9992 0.0357
vn -0.0210 0.9997 -0.0148
vn -0.0482 0.9988 0.0121
vn 0.0333 0.9990 -0.0293
vn 0.0181 0.9981 -0.0589
vn -0.0314 0.9984 0.0466
vn -0.0622 0.9978 0.0234
vn -0.1205 0.9921 -0.0359
vn -0.1346 0.9905 -0.0269
vn -0.0963 0.9954 -0.0007
vn -0.0817 0.9966 -0.0113
vn -0.0505 0.9980 -0.0389
vn -0.0867 0.9943 -0.0628
vn -0.0033 0.9964 -0.0843
vn -0.0331 0.9936 -0.1075
vn -0.1269 0.9883 -0.0845
vn -0.1615 0.9851 -0.0597
vn -0.0694 0.9895 -0.1266
vn -0.1738 0.9833 -0.0532
vn 0.0650 0.9946 0.0803
vn 0.0672 0.9932 0.0947
vn 0.1021 0.9926 0.0650
vn 0.0978 0.9941 0.0471
vn 0.1436 0.9889 0.0371
vn 0.1419 0.9897 0.0164
vn 0.0821 0.9916 0.1002
vn 0.1171 0.9903 0.0746
vn 0.1448 0.9881 0.0528
vn 0.1023 0.9943 0.0308
vn 0.0726 0.9953 0.0642
vn 0.1118 0.9935 0.0215
vn 0.0843 0.9951 0.0514
vn 0.1426 0.9898 0.0017
vn 0.1461 0.9893 -0.0026
vn 0.0519 0.9940 0.0966
vn 0.0430 0.9929 0.1104
vn 0.0367 0.9915 0.1247
vn 0.0287 0.9905 0.1342
vn 0.0624 0.9946 0.0824
vn 0.0436 0.9928 0.1115
vn 0.0412 0.9919 0.1198
vn 0.0501 0.9916 0.1188
vn 0.0238 0.9904 0.1365
vn 0.0254 0.9916 0.1270
vn 0.0119 0.9870 0.1605
vn 0.0024 0.9890 0.1482
vn 0.0113 0.9893 0.1457
vn 0.0187 0.9884 0.1508
vn -0.0084 0.9926 0.1214
vn 0.0061 0.9918 0.1275
vn 0.0254 0.9889 0.1464
vn 0.0177 0.9868 0.1611
vn 0.0279 0.9904 0.1354
vn 0.0165 0.9882 0.1524
vn 0.0126 0.9855 0.1693
vn 0.0076 0.9865 0.1638
vn 0.0088 0.9866 0.1631
vn -0.0036 0.9895 0.1443
vn -0.0183 0.9939 0.1087
vn 0.0924 0.9955 0.0205
vn 0.0923 0.9950 0.0382
vn 0.1186 0.9929 0.0136
vn 0.1182 0.9930 0.0018
vn 0.1477 0.9890 -0.0043
vn 0.1437 0.9896 -0.0092
vn 0.1108 0.9938 -0.0121
vn 0.0851 0.9964 0.0001
vn 0.1333 0.9909 -0.0156
vn 0.0562 0.9982 0.0194
vn 0.0657 0.9968 0.0445
vn 0.0239 0.9987 0.0444
vn 0.0373 0.9967 0.0716
vn 0.0681 0.9955 0.0661
vn 0.0444 0.9945 0.0944
vn -0.0079 0.9933 0.1156
vn 0.0075 0.9906 0.1368
vn 0.0232 0.9926 0.1189
vn 0.0113 0.9953 0.0966
vn -0.0058 0.9976 0.0695
vn -0.0272 0.9956 0.0896
vn -0.0406 0.9937 0.1044
vn -0.0205 0.9914 0.1289
vn -0.0033 0.9889 0.1487
vn 0.0975 0.9932 0.0630
vn 0.1317 0.9900 0.0504
vn 0.1320 0.9889 0.0683
vn 0.0974 0.9912 0.0890
vn 0.1585 0.9869 0.0315
vn 0.1587 0.9863 0.0439
vn 0.0611 0.9930 0.1007
vn 0.0604 0.9959 0.0671
vn 0.0289 0.9944 0.1016
vn 0.0254 0.9977 0.0626
vn 0.0416 0.9988 0.0269
vn 0.0762 0.9966 0.0301
vn 0.0018 0.9999 -0.0126
vn 0.0306 0.9995 -0.0035
vn 0.0086 0.9998 0.0178
vn -0.0253 0.9994 -0.0250
vn 0.1085 0.9937 0.0268
vn 0.1336 0.9909 0.0176
vn 0.0574 0.9983 0.0020
vn 0.0776 0.9970 0.0040
vn -0.0843 0.9950 -0.0533
vn -0.0682 0.9970 -0.0362
vn -0.0062 0.9998 -0.0195
vn -0.0269 0.9991 -0.0320
vn -0.0562 0.9983 -0.0170
vn 0.0089 0.9999 -0.0076
vn -0.0490 0.9978 -0.0452
vn -0.1009 0.9926 -0.0682
vn -0.0688 0.9959 -0.0587
vn -0.1144 0.9902 -0.0805
vn -0.1538 0.9847 -0.0825
vn -0.1420 0.9875 -0.0681
vn -0.2069 0.9743 -0.0889
vn -0.2000 0.9768 -0.0766
vn -0.1617 0.9825 -0.0921
vn -0.2088 0.9734 -0.0947
vn -0.1294 0.9904 -0.0488
vn -0.1193 0.9926 -0.0246
vn -0.1906 0.9800 -0.0573
vn -0.1816 0.9829 -0.0308
vn -0.0268 0.9991 0.0327
vn -0.0043 0.9987 0.0510
vn 0.0024 0.9955 0.0948
vn -0.0179 0.9965 0.0811
vn -0.0314 0.9977 0.0607
vn -0.0409 0.9991 0.0076
vn -0.0505 0.9977 -0.0445
vn -0.0398 0.9991 -0.0175
vn -0.0635 0.9939 -0.0897
vn -0.0605 0.9962 -0.0623
vn -0.0195 0.9998 0.0032
vn -0.0472 0.9980 -0.0411
vn -0.1145 0.9878 -0.1058
vn -0.1207 0.9883 -0.0927
vn -0.0827 0.9938 -0.0742
vn -0.0863 0.9918 -0.0938
vn -0.0779 0.9899 -0.1189
vn -0.0926 0.9879 -0.1243
vn -0.1143 0.9879 -0.1045
vn -0.1485 0.9837 -0.1011
vn -0.1462 0.9866 -0.0724
vn -0.1857 0.9787 -0.0873
vn -0.1618 0.9819 -0.0982
vn -0.2030 0.9747 -0.0940
vn 0.1793 0.9838 -0.0041
vn 0.1762 0.9844 -0.0013
vn 0.1730 0.9847 0.0195
vn 0.1748 0.9845 0.0112
vn 0.1475 0.9890 0.0069
vn 0.1503 0.9886 0.0005
vn 0.0882 0.9961 0.0050
vn 0.0898 0.9959 0.0079
vn 0.1463 0.9892 0.0003
vn 0.1758 0.9844 -0.0105
vn 0.1400 0.9901 0.0060
vn 0.1698 0.9854 -0.0075
vn 0.0862 0.9962 0.0135
vn 0.0812 0.9965 0.0217
vn 0.1741 0.9846 -0.0128
vn 0.1712 0.9851 -0.0128
vn 0.1531 0.9882 0.0044
vn 0.1589 0.9873 -0.0083
vn 0.1671 0.9859 -0.0094
vn 0.1628 0.9867 -0.0010
vn 0.1330 0.9910 0.0146
vn 0.1243 0.9920 0.0232
vn 0.0763 0.9966 0.0317
vn 0.0711 0.9966 0.0427
vn 0.1124 0.9931 0.0320
vn 0.1392 0.9902 0.0095
vn 0.0637 0.9965 0.0543
vn 0.1456 0.9893 -0.0081
vn -0.0493 0.9986 0.0176
vn 0.0172 0.9998 0.0141
vn 0.0163 0.9999 0.0036
vn -0.0504 0.9987 0.0019
vn -0.1136 0.9935 -0.0005
vn -0.1108 0.9937 0.0183
vn -0.1746 0.9846 -0.0039
vn -0.1686 0.9856 0.0155
vn -0.1083 0.9936 0.0314
vn -0.0500 0.9983 0.0302
vn -0.1031 0.9939 0.0383
vn -0.0496 0.9980 0.0394
vn -0.1609 0.9866 0.0269
vn -0.1492 0.9884 0.0299
vn 0.0146 0.9996 0.0243
vn 0.0118 0.9994 0.0338
vn -0.0412 0.9973 0.0607
vn 0.0101 0.9984 0.0565
vn 0.0105 0.9990 0.0442
vn -0.0465 0.9977 0.0485
vn -0.0941 0.9946 0.0446
vn -0.0820 0.9951 0.0557
vn -0.1324 0.9907 0.0322
vn -0.1119 0.9929 0.0414
vn -0.0692 0.9951 0.0705
vn -0.0358 0.9965 0.0751
vn -0.0904 0.9943 0.0565
vn 0.0088 0.9975 0.0699
vn 0.0588 0.9633 -0.2621
vn 0.0229 0.9712 -0.2370
vn -0.0224 0.9682 -0.2491
vn 0.0055 0.9651 -0.2620
vn -0.0899 0.9674 -0.2369
vn -0.0797 0.9671 -0.2416
vn -0.0118 0.9816 -0.1904
vn -0.0530 0.9749 -0.2164
vn -0.0923 0.9699 -0.2254
vn 0.0317 0.9639 -0.2645
vn 0.0894 0.9583 -0.2715
vn 0.0578 0.9640 -0.2595
vn 0.1158 0.9559 -0.2697
vn -0.0626 0.9683 -0.2419
vn -0.0389 0.9704 -0.2386
vn 0.1149 0.9589 -0.2593
vn 0.0851 0.9670 -0.2401
vn 0.1132 0.9677 -0.2252
vn 0.0881 0.9767 -0.1955
vn 0.1395 0.9542 -0.2648
vn 0.1340 0.9614 -0.2402
vn 0.0518 0.9777 -0.2034
vn 0.0217 0.9888 -0.1476
vn 0.0614 0.9868 -0.1496
vn 0.0387 0.9953 -0.0884
vn 0.0736 0.9934 -0.0876
vn 0.0638 0.9973 -0.0363
vn 0.0622 0.9940 -0.0895
vn 0.0808 0.9868 -0.1405
vn 0.0566 0.9981 0.0224
vn 0.0475 0.9985 -0.0276
vn 0.0988 0.9790 -0.1781
vn 0.0827 0.9882 -0.1288
vn 0.1135 0.9728 -0.2019
vn 0.0889 0.9834 -0.1583
vn 0.0618 0.9950 -0.0788
vn 0.0630 0.9973 -0.0383
vn 0.0578 0.9922 -0.1103
vn 0.0629 0.9980 0.0095
vn 0.0637 0.9961 0.0617
vn 0.1554 0.9572 -0.2441
vn 0.1382 0.9557 -0.2600
vn 0.0842 0.9652 -0.2477
vn 0.1091 0.9672 -0.2293
vn -0.0088 0.9733 -0.2292
vn 0.0252 0.9770 -0.2118
vn 0.1298 0.9700 -0.2056
vn 0.1659 0.9605 -0.2234
vn 0.0585 0.9805 -0.1874
vn 0.1705 0.9569 -0.2350
vn 0.1683 0.9534 -0.2505
vn 0.1471 0.9609 -0.2348
vn 0.1521 0.9581 -0.2429
vn 0.1577 0.9524 -0.2608
vn 0.1477 0.9582 -0.2449
vn 0.0765 0.9780 -0.1939
vn 0.0878 0.9799 -0.1790
vn 0.1210 0.9689 -0.2157
vn 0.1184 0.9677 -0.2227
vn 0.1058 0.9690 -0.2231
vn 0.0554 0.9778 -0.2022
vn -0.0034 0.9853 -0.1705
vn 0.0260 0.9875 -0.1558
vn 0.0468 0.9897 -0.1352
vn -0.0546 0.9957 -0.0750
vn -0.0925 0.9883 -0.1211
vn -0.0776 0.9826 -0.1687
vn -0.0372 0.9907 -0.1312
vn -0.1338 0.9779 -0.1604
vn -0.1191 0.9731 -0.1970
vn -0.0030 0.9966 -0.0829
vn -0.0238 0.9994 -0.0237
vn 0.0181 0.9996 -0.0235
vn -0.0039 0.9995 0.0319
vn -0.0391 0.9990 0.0232
vn -0.0632 0.9976 -0.0274
vn -0.0503 0.9972 0.0545
vn -0.0625 0.9980 0.0078
vn -0.0249 0.9970 0.0726
vn -0.0456 0.9943 0.0965
vn -0.0950 0.9925 -0.0770
vn -0.1300 0.9838 -0.1237
vn -0.0810 0.9958 -0.0423
vn -0.1025 0.9903 -0.0944
vn -0.0212 0.9991 0.0374
vn -0.0159 0.9998 -0.0112
vn -0.0537 0.9983 -0.0209
vn -0.0495 0.9984 0.0286
vn -0.0149 0.9977 -0.0665
vn -0.0612 0.9952 -0.0758
vn -0.0496 0.9962 0.0716
vn -0.0303 0.9965 0.0782
vn -0.0549 0.9927 0.1076
vn -0.0430 0.9929 0.1108
vn 0.0040 0.9971 0.0760
vn 0.0193 0.9991 0.0367
vn 0.0501 0.9966 0.0658
vn 0.0695 0.9972 0.0279
vn -0.0135 0.9941 0.1073
vn 0.0300 0.9948 0.0973
vn 0.0305 0.9995 -0.0102
vn 0.0360 0.9973 -0.0633
vn 0.0845 0.9963 -0.0157
vn 0.0917 0.9937 -0.0638
vn 0.0241 0.9931 0.1147
vn 0.0099 0.9967 0.0808
vn 0.0318 0.9989 0.0332
vn 0.0454 0.9960 0.0763
vn 0.0581 0.9926 0.1070
vn 0.0394 0.9900 0.1354
vn 0.0102 0.9891 0.1471
vn -0.0046 0.9907 0.1362
vn -0.0272 0.9892 0.1437
vn -0.0392 0.9891 0.1417
vn -0.0155 0.9936 0.1122
vn -0.0441 0.9909 0.1269
vn -0.0661 0.9889 0.1328
vn -0.0560 0.9899 0.1302
vn -0.0615 0.9895 0.1310
vn -0.0638 0.9883 0.1387
vn -0.0578 0.9893 0.1340
vn -0.0695 0.9899 0.1235
vn -0.0581 0.9923 0.1091
vn -0.0459 0.9912 0.1242
vn -0.0103 0.9952 0.0971
vn -0.0014 0.9932 0.1162
vn -0.0307 0.9917 0.1247
vn 0.0121 0.9932 0.1155
vn -0.1897 0.9604 -0.2039
vn -0.1576 0.9631 -0.2180
vn -0.1486 0.9659 -0.2119
vn -0.1699 0.9675 -0.1871
vn -0.1614 0.9733 -0.1632
vn -0.1815 0.9639 -0.1951
vn -0.1227 0.9818 -0.1447
vn -0.1366 0.9721 -0.1907
vn -0.1865 0.9567 -0.2235
vn -0.1916 0.9569 -0.2180
vn -0.1760 0.9519 -0.2509
vn -0.1774 0.9565 -0.2318
vn -0.1399 0.9621 -0.2341
vn -0.1304 0.9523 -0.2760
vn -0.1514 0.9632 -0.2220
vn -0.1320 0.9654 -0.2251
vn -0.1062 0.9680 -0.2275
vn -0.0602 0.9763 -0.2078
vn -0.1006 0.9699 -0.2219
vn -0.1479 0.9601 -0.2374
vn -0.1496 0.9520 -0.2672
vn -0.1101 0.9587 -0.2621
vn -0.1070 0.9469 -0.3033
vn -0.0716 0.9503 -0.3031
vn -0.0625 0.9694 -0.2372
vn -0.0579 0.9775 -0.2030
vn -0.0288 0.9603 -0.2774
vn -0.0162 0.9829 -0.1836
vn -0.0209 0.9819 -0.1883
vn -0.0766 0.9789 -0.1893
vn -0.0700 0.9886 -0.1330
vn -0.0175 0.9918 -0.1263
vn 0.0354 0.9919 -0.1221
vn 0.0315 0.9820 -0.1862
vn 0.0899 0.9889 -0.1182
vn 0.0818 0.9800 -0.1812
vn 0.0285 0.9667 -0.2543
vn -0.0210 0.9676 -0.2516
vn 0.0299 0.9455 -0.3244
vn -0.0145 0.9489 -0.3151
vn 0.0723 0.9652 -0.2514
vn 0.0657 0.9430 -0.3263
vn -0.0769 0.9665 -0.2447
vn -0.0679 0.9518 -0.2991
vn 0.0232 0.9308 -0.3648
vn -0.0181 0.9405 -0.3392
vn -0.0478 0.9408 -0.3356
vn 0.0006 0.9335 -0.3587
vn 0.0381 0.9270 -0.3732
vn 0.0520 0.9231 -0.3810
vn 0.0646 0.9230 -0.3792
vn 0.0680 0.9191 -0.3882
vn 0.0686 0.9339 -0.3510
vn 0.0501 0.9404 -0.3364
vn 0.0725 0.9314 -0.3568
vn 0.0175 0.9498 -0.3123
vn -0.1168 0.9925 -0.0370
vn -0.1301 0.9906 -0.0413
vn -0.1063 0.9932 -0.0474
vn -0.0922 0.9947 -0.0448
vn -0.0925 0.9941 -0.0565
vn -0.0767 0.9956 -0.0546
vn -0.1405 0.9884 -0.0586
vn -0.1164 0.9913 -0.0614
vn -0.1031 0.9927 -0.0629
vn -0.0752 0.9958 -0.0523
vn -0.1002 0.9939 -0.0452
vn -0.0575 0.9958 -0.0706
vn -0.0811 0.9945 -0.0657
vn -0.0590 0.9965 -0.0597
vn -0.0428 0.9964 -0.0737
vn -0.1338 0.9903 -0.0370
vn -0.1506 0.9882 -0.0295
vn -0.1754 0.9841 -0.0267
vn -0.1931 0.9809 -0.0214
vn -0.1130 0.9919 -0.0575
vn -0.1524 0.9873 -0.0450
vn -0.1636 0.9859 -0.0354
vn -0.1741 0.9832 -0.0548
vn -0.2064 0.9780 -0.0293
vn -0.2171 0.9749 -0.0502
vn -0.2309 0.9730 -0.0007
vn -0.2426 0.9700 -0.0153
vn -0.2385 0.9709 -0.0224
vn -0.2254 0.9742 -0.0116
vn -0.2524 0.9668 -0.0406
vn -0.2490 0.9675 -0.0452
vn -0.2077 0.9781 -0.0131
vn -0.2150 0.9766 0.0025
vn -0.1837 0.9826 -0.0271
vn -0.1930 0.9812 -0.0058
vn -0.1994 0.9798 0.0168
vn -0.2120 0.9772 0.0088
vn -0.1813 0.9833 0.0144
vn -0.2215 0.9751 -0.0089
vn -0.2301 0.9725 -0.0359
vn -0.0582 0.9955 -0.0742
vn -0.0652 0.9946 -0.0805
vn -0.0462 0.9955 -0.0825
vn -0.0466 0.9962 -0.0739
vn -0.0360 0.9960 -0.0815
vn -0.0430 0.9966 -0.0704
vn -0.0576 0.9972 -0.0487
vn -0.0608 0.9969 -0.0509
vn -0.0607 0.9972 -0.0438
vn -0.0700 0.9964 -0.0479
vn -0.0773 0.9946 -0.0691
vn -0.0846 0.9957 -0.0373
vn -0.1030 0.9931 -0.0566
vn -0.0924 0.9930 -0.0734
vn -0.1266 0.9901 -0.0600
vn -0.1342 0.9909 -0.0085
vn -0.1650 0.9862 -0.0135
vn -0.1549 0.9871 -0.0392
vn -0.1253 0.9915 -0.0355
vn -0.0982 0.9950 -0.0177
vn -0.1040 0.9945 0.0080
vn -0.1014 0.9943 0.0344
vn -0.1297 0.9914 0.0188
vn -0.1574 0.9875 0.0118
vn -0.1394 0.9867 -0.0831
vn -0.1092 0.9907 -0.0817
vn -0.1177 0.9901 -0.0762
vn -0.1445 0.9866 -0.0763
vn -0.0865 0.9933 -0.0766
vn -0.0985 0.9926 -0.0717
vn -0.1798 0.9809 -0.0744
vn -0.1773 0.9807 -0.0823
vn -0.2237 0.9721 -0.0709
vn -0.2230 0.9715 -0.0801
vn -0.1659 0.9828 -0.0807
vn -0.1255 0.9888 -0.0812
vn -0.1453 0.9868 -0.0712
vn -0.1033 0.9921 -0.0716
vn -0.2137 0.9737 -0.0795
vn -0.1951 0.9782 -0.0710
vn -0.0931 0.9924 -0.0800
vn -0.0688 0.9947 -0.0761
vn -0.0702 0.9950 -0.0712
vn -0.0469 0.9965 -0.0691
vn -0.0397 0.9986 -0.0361
vn -0.0116 0.9992 -0.0372
vn -0.0425 0.9975 -0.0565
vn -0.0742 0.9957 -0.0561
vn 0.0024 0.9993 -0.0372
vn -0.0229 0.9982 -0.0560
vn -0.1164 0.9917 -0.0554
vn -0.0799 0.9962 -0.0348
vn -0.1671 0.9844 -0.0556
vn -0.1296 0.9910 -0.0343
vn -0.0363 0.9993 -0.0101
vn -0.0000 0.9999 -0.0117
vn 0.0141 0.9998 0.0173
vn 0.0453 0.9988 0.0171
vn -0.0833 0.9965 -0.0085
vn -0.0289 0.9994 0.0192
vn 0.0228 0.9997 -0.0125
vn 0.0294 0.9995 -0.0121
vn 0.0610 0.9980 0.0182
vn 0.0585 0.9981 0.0205
vn -0.2640 0.9612 -0.0798
vn -0.2573 0.9631 -0.0790
vn -0.2561 0.9643 -0.0677
vn -0.2603 0.9633 -0.0654
vn -0.2385 0.9691 -0.0624
vn -0.2449 0.9663 -0.0798
vn -0.2468 0.9650 -0.0888
vn -0.2616 0.9614 -0.0850
vn -0.2426 0.9659 -0.0905
vn -0.2514 0.9644 -0.0826
vn -0.2509 0.9646 -0.0807
vn -0.2356 0.9690 -0.0746
vn -0.2006 0.9782 -0.0538
vn -0.1741 0.9839 -0.0398
vn -0.2102 0.9758 -0.0608
vn -0.2316 0.9701 -0.0719
vn -0.2298 0.9696 -0.0842
vn -0.2063 0.9759 -0.0708
vn -0.1687 0.9845 -0.0485
vn -0.1573 0.9871 -0.0283
vn -0.1133 0.9935 -0.0058
vn -0.1017 0.9948 0.0061
vn -0.1274 0.9918 -0.0133
vn -0.0712 0.9973 0.0163
vn -0.0497 0.9964 -0.0682
vn -0.0639 0.9959 -0.0635
vn -0.0817 0.9945 -0.0657
vn -0.0672 0.9952 -0.0708
vn -0.0503 0.9962 -0.0716
vn -0.0365 0.9969 -0.0690
vn -0.0324 0.9973 -0.0666
vn -0.0254 0.9975 -0.0654
vn -0.0299 0.9972 -0.0687
vn -0.0369 0.9969 -0.0690
vn -0.0319 0.9970 -0.0705
vn -0.0305 0.9968 -0.0738
vn -0.0275 0.9975 -0.0651
vn -0.0393 0.9971 -0.0652
vn -0.0473 0.9967 -0.0660
vn -0.0345 0.9966 -0.0750
vn -0.0550 0.9967 -0.0603
vn -0.0462 0.9968 -0.0655
vn -0.0331 0.9964 -0.0785
vn -0.0362 0.9966 -0.0738
vn -0.0453 0.9966 -0.0683
vn -0.0691 0.9961 -0.0557
vn -0.0607 0.9962 -0.0625
vn -0.0883 0.9947 -0.0526
vn -0.0973 0.9947 -0.0327
vn -0.0814 0.9961 -0.0344
vn -0.1158 0.9927 -0.0343
vn -0.0690 0.9969 -0.0386
vn -0.0071 0.9992 -0.0388
vn -0.0160 0.9983 -0.0557
vn -0.0145 0.9984 -0.0554
vn 0.0032 0.9993 -0.0374
vn 0.0213 0.9997 -0.0123
vn 0.0015 0.9999 -0.0143
vn 0.0402 0.9990 0.0213
vn 0.0102 0.9998 0.0187
vn -0.0286 0.9995 -0.0163
vn -0.0281 0.9988 -0.0399
vn -0.0676 0.9976 -0.0167
vn -0.0588 0.9975 -0.0395
vn -0.0293 0.9995 0.0151
vn -0.0758 0.9970 0.0129
vn -0.0277 0.9980 -0.0561
vn -0.0493 0.9972 -0.0557
vn -0.1230 0.9916 -0.0393
vn -0.1077 0.9930 -0.0482
vn -0.0780 0.9955 -0.0537
vn -0.0933 0.9949 -0.0392
vn -0.1065 0.9941 -0.0192
vn -0.1345 0.9906 -0.0258
vn -0.1177 0.9930 0.0067
vn -0.1424 0.9898 -0.0073
vn -0.1466 0.9887 -0.0323
vn -0.1422 0.9892 -0.0363
vn -0.1460 0.9890 -0.0238
vn -0.1321 0.9906 -0.0367
vn 0.1152 0.9711 -0.2092
vn 0.1277 0.9641 -0.2329
vn 0.0921 0.9544 -0.2840
vn 0.0755 0.9594 -0.2719
vn 0.0649 0.9445 -0.3220
vn 0.0444 0.9461 -0.3208
vn 0.1260 0.9592 -0.2530
vn 0.0950 0.9508 -0.2948
vn 0.0754 0.9443 -0.3204
vn 0.0495 0.9655 -0.2557
vn 0.0910 0.9790 -0.1822
vn 0.0139 0.9723 -0.2333
vn 0.0559 0.9871 -0.1503
vn 0.0165 0.9488 -0.3156
vn -0.0194 0.9525 -0.3038
vn 0.1412 0.9852 -0.0973
vn 0.1622 0.9776 -0.1342
vn 0.1980 0.9802 -0.0043
vn 0.2149 0.9755 -0.0473
vn 0.1077 0.9925 -0.0584
vn 0.1677 0.9851 0.0381
vn 0.1699 0.9710 -0.1684
vn 0.1640 0.9665 -0.1972
vn 0.2180 0.9719 -0.0892
vn 0.2087 0.9698 -0.1263
vn 0.2677 0.9607 0.0734
vn 0.2663 0.9634 0.0321
vn 0.2545 0.9669 -0.0159
vn 0.2546 0.9666 0.0286
vn 0.2563 0.9665 -0.0085
vn 0.2436 0.9682 -0.0575
vn 0.2420 0.9676 0.0722
vn 0.2585 0.9594 0.1124
vn 0.2163 0.9698 0.1131
vn 0.2375 0.9602 0.1469
vn 0.2512 0.9605 0.1200
vn 0.2591 0.9617 0.0898
vn 0.2213 0.9706 0.0948
vn 0.2308 0.9699 0.0770
vn 0.2335 0.9616 0.1440
vn 0.2040 0.9734 0.1048
vn 0.2586 0.9644 0.0555
vn 0.2522 0.9675 0.0200
vn 0.2345 0.9707 0.0534
vn 0.2346 0.9717 0.0267
vn 0.0271 0.9936 -0.1099
vn 0.0289 0.9919 -0.1234
vn -0.0121 0.9770 -0.2129
vn -0.0117 0.9792 -0.2028
vn -0.0447 0.9554 -0.2921
vn -0.0437 0.9568 -0.2874
vn 0.0114 0.9795 -0.2009
vn 0.0484 0.9931 -0.1068
vn -0.0209 0.9571 -0.2890
vn 0.0918 0.9957 -0.0108
vn 0.0746 0.9971 -0.0129
vn 0.1423 0.9864 0.0821
vn 0.1309 0.9879 0.0828
vn 0.0798 0.9964 -0.0275
vn 0.1398 0.9877 0.0696
vn 0.2005 0.9641 0.1741
vn 0.2141 0.9621 0.1689
vn 0.1902 0.9715 0.1416
vn 0.1785 0.9722 0.1514
vn 0.1838 0.9718 0.1474
vn 0.2005 0.9653 0.1674
vn 0.1895 0.9708 0.1469
vn 0.1955 0.9682 0.1558
vn 0.1458 0.9854 0.0873
vn 0.1600 0.9823 0.0973
vn 0.2118 0.9647 0.1565
vn 0.1813 0.9778 0.1050
vn 0.0875 0.9658 -0.2440
vn 0.0627 0.9596 -0.2742
vn 0.0819 0.9521 -0.2946
vn 0.1101 0.9594 -0.2597
vn 0.0474 0.9529 -0.2996
vn 0.0641 0.9454 -0.3194
vn 0.1457 0.9664 -0.2118
vn 0.1195 0.9717 -0.2040
vn 0.1876 0.9708 -0.1497
vn 0.1567 0.9760 -0.1514
vn 0.0905 0.9809 -0.1722
vn 0.0637 0.9765 -0.2058
vn 0.0613 0.9913 -0.1162
vn 0.0397 0.9886 -0.1455
vn 0.1209 0.9843 -0.1290
vn 0.0842 0.9931 -0.0811
vn 0.0422 0.9714 -0.2338
vn 0.0268 0.9648 -0.2615
vn 0.0204 0.9847 -0.1732
vn 0.0038 0.9790 -0.2037
vn 0.0036 0.9970 -0.0772
vn -0.0180 0.9947 -0.1009
vn -0.0005 0.9928 -0.1200
vn 0.0188 0.9955 -0.0930
vn -0.0415 0.9909 -0.1281
vn -0.0201 0.9883 -0.1511
vn 0.0378 0.9970 -0.0669
vn 0.0229 0.9982 -0.0551
vn 0.0557 0.9977 -0.0388
vn 0.0393 0.9987 -0.0327
vn 0.0130 0.9967 -0.0802
vn -0.0074 0.9953 -0.0968
vn 0.0296 0.9976 -0.0633
vn -0.0311 0.9930 -0.1140
vn -0.0577 0.9895 -0.1325
vn 0.2028 0.9780 -0.0484
vn 0.1872 0.9777 -0.0954
vn 0.2211 0.9714 -0.0869
vn 0.2358 0.9711 -0.0382
vn 0.2362 0.9717 -0.0062
vn 0.2075 0.9781 -0.0145
vn 0.2262 0.9741 0.0075
vn 0.2046 0.9788 0.0042
vn 0.1692 0.9856 -0.0046
vn 0.1615 0.9861 -0.0380
vn 0.1259 0.9918 0.0234
vn 0.1168 0.9931 -0.0057
vn 0.1727 0.9848 0.0166
vn 0.1333 0.9901 0.0433
vn 0.1463 0.9859 -0.0811
vn 0.1035 0.9937 -0.0421
vn 0.0576 0.9982 0.0191
vn 0.0517 0.9986 -0.0084
vn 0.0705 0.9975 -0.0083
vn 0.0813 0.9965 0.0216
vn 0.0890 0.9949 0.0482
vn 0.0612 0.9969 0.0496
vn 0.0973 0.9928 0.0692
vn 0.0692 0.9945 0.0790
vn 0.0332 0.9993 0.0161
vn 0.0390 0.9991 -0.0193
vn 0.0355 0.9974 0.0622
vn 0.0393 0.9982 -0.0442
vn 0.0056 0.9377 -0.3474
vn 0.0228 0.9373 -0.3479
vn 0.0475 0.9404 -0.3367
vn 0.0312 0.9452 -0.3250
vn 0.0105 0.9562 -0.2924
vn -0.0131 0.9464 -0.3227
vn -0.0137 0.9710 -0.2388
vn -0.0350 0.9610 -0.2744
vn -0.0411 0.9372 -0.3464
vn -0.0249 0.9315 -0.3628
vn -0.0707 0.9297 -0.3614
vn -0.0588 0.9270 -0.3703
vn -0.0585 0.9508 -0.3042
vn -0.0820 0.9421 -0.3253
vn -0.0075 0.9355 -0.3533
vn -0.0433 0.9350 -0.3519
vn -0.0787 0.9220 -0.3791
vn -0.0664 0.9346 -0.3494
vn -0.0675 0.9348 -0.3486
vn -0.0807 0.9240 -0.3739
vn -0.0887 0.9245 -0.3707
vn -0.0849 0.9213 -0.3796
vn -0.0946 0.9359 -0.3392
vn -0.0879 0.9322 -0.3511
vn -0.0628 0.9184 -0.3907
vn -0.0571 0.9200 -0.3878
vn -0.0650 0.9291 -0.3642
vn -0.0445 0.9338 -0.3551
vn -0.0833 0.9785 -0.1886
vn -0.0596 0.9730 -0.2228
vn -0.0398 0.9816 -0.1867
vn -0.0642 0.9853 -0.1585
vn -0.0824 0.9850 -0.1519
vn -0.1006 0.9802 -0.1703
vn -0.1119 0.9763 -0.1850
vn -0.0980 0.9718 -0.2146
vn -0.1158 0.9741 -0.1944
vn -0.1077 0.9663 -0.2337
vn -0.0784 0.9640 -0.2541
vn -0.0948 0.9561 -0.2773
vn -0.0950 0.9621 -0.2558
vn -0.0911 0.9478 -0.3056
vn -0.1011 0.9508 -0.2930
vn -0.1078 0.9632 -0.2461
vn -0.1110 0.9738 -0.1986
vn -0.0967 0.9748 -0.2012
vn -0.0745 0.9757 -0.2062
vn -0.0711 0.9612 -0.2666
vn -0.0673 0.9453 -0.3191
vn 0.2310 0.9639 -0.1323
vn 0.2296 0.9674 -0.1066
vn 0.2012 0.9727 -0.1154
vn 0.2027 0.9695 -0.1376
vn 0.1546 0.9795 -0.1295
vn 0.1508 0.9771 -0.1498
vn 0.2183 0.9698 -0.1085
vn 0.1912 0.9743 -0.1191
vn 0.1599 0.9790 -0.1268
vn 0.2036 0.9615 -0.1844
vn 0.2303 0.9556 -0.1837
vn 0.2053 0.9453 -0.2533
vn 0.2306 0.9387 -0.2561
vn 0.1496 0.9699 -0.1924
vn 0.1503 0.9546 -0.2570
vn 0.2329 0.9540 -0.1888
vn 0.2378 0.9622 -0.1331
vn 0.2134 0.9564 -0.1996
vn 0.2243 0.9645 -0.1392
vn 0.2293 0.9367 -0.2644
vn 0.2036 0.9387 -0.2780
vn 0.2398 0.9655 -0.1019
vn 0.2311 0.9681 -0.0971
vn 0.2313 0.9676 -0.1012
vn 0.2271 0.9700 -0.0866
vn 0.1663 0.9728 -0.1614
vn 0.1796 0.9778 -0.1084
vn 0.2099 0.9722 -0.1038
vn 0.1984 0.9686 -0.1495
vn 0.1823 0.9806 -0.0715
vn 0.2101 0.9746 -0.0780
vn 0.1823 0.9596 -0.2143
vn 0.1485 0.9619 -0.2295
vn 0.1669 0.9410 -0.2944
vn 0.1317 0.9418 -0.3094
vn 0.1119 0.9636 -0.2427
vn 0.1276 0.9767 -0.1727
vn 0.0980 0.9420 -0.3209
vn 0.1399 0.9836 -0.1135
vn 0.1432 0.9874 -0.0668
vn 0.2046 0.9313 -0.3013
vn 0.2249 0.9251 -0.3061
vn 0.1975 0.9332 -0.3002
vn 0.1704 0.9409 -0.2927
vn 0.1378 0.9434 -0.3016
vn 0.1023 0.9502 -0.2943
vn 0.1247 0.9629 -0.2392
vn 0.1668 0.9537 -0.2501
vn 0.0489 0.9690 -0.2421
vn 0.1754 0.9464 -0.2712
vn 0.2067 0.9254 -0.3176
vn 0.1509 0.9423 -0.2987
vn 0.1779 0.9235 -0.3398
vn 0.2230 0.9215 -0.3180
vn 0.1936 0.9221 -0.3351
vn 0.1057 0.9200 -0.3775
vn 0.1183 0.9223 -0.3678
vn 0.1534 0.9229 -0.3533
vn 0.1377 0.9221 -0.3615
vn 0.1148 0.9389 -0.3246
vn 0.0893 0.9350 -0.3432
vn 0.0750 0.9322 -0.3541
vn 0.0823 0.9185 -0.3868
vn 0.0886 0.9219 -0.3771
vn 0.1790 0.9779 -0.1083
vn 0.1552 0.9801 -0.1234
vn 0.1718 0.9767 -0.1289
vn 0.1980 0.9733 -0.1160
vn 0.1210 0.9841 -0.1298
vn 0.1373 0.9814 -0.1343
vn 0.2118 0.9724 -0.0984
vn 0.1907 0.9778 -0.0870
vn 0.2108 0.9744 -0.0787
vn 0.1891 0.9800 -0.0617
vn 0.1753 0.9824 -0.0639
vn 0.1686 0.9819 -0.0867
vn 0.1703 0.9849 -0.0314
vn 0.1713 0.9838 -0.0536
vn 0.1692 0.9849 -0.0358
vn 0.1568 0.9876 -0.0026
vn 0.1498 0.9834 -0.1027
vn 0.1198 0.9868 -0.1092
vn 0.1604 0.9847 -0.0676
vn 0.1379 0.9878 -0.0720
vn 0.1899 0.9818 -0.0011
vn 0.1954 0.9807 -0.0081
vn 0.1785 0.9834 -0.0324
vn 0.1809 0.9833 -0.0216
vn 0.1880 0.9822 -0.0031
vn 0.1640 0.9859 -0.0326
vn 0.1714 0.9852 -0.0011
vn 0.1729 0.9848 0.0173
vn 0.1499 0.9883 0.0271
vn 0.1445 0.9885 0.0447
vn 0.1738 0.9845 0.0238
vn 0.1981 0.9801 0.0080
vn 0.1398 0.9889 0.0506
vn 0.2112 0.9774 0.0054
vn 0.2112 0.9773 0.0169
vn 0.1528 0.9882 -0.0099
vn 0.1761 0.9837 -0.0351
vn 0.1973 0.9786 -0.0593
vn 0.1723 0.9842 -0.0416
vn 0.1350 0.9905 -0.0267
vn 0.1175 0.9930 0.0117
vn 0.0956 0.9943 0.0476
vn 0.1298 0.9913 0.0233
vn 0.0747 0.9940 0.0802
vn 0.1094 0.9924 0.0568
vn 0.1534 0.9882 -0.0054
vn 0.1355 0.9904 0.0285
vn 0.0833 0.9920 0.0950
vn 0.1130 0.9909 0.0734
vn 0.1227 0.9908 0.0571
vn 0.0937 0.9922 0.0826
vn 0.0579 0.9931 0.1020
vn 0.0476 0.9930 0.1082
vn 0.0445 0.9941 0.0986
vn 0.0771 0.9925 0.0952
vn 0.1057 0.9913 0.0782
vn 0.0735 0.9857 -0.1515
vn 0.0991 0.9824 -0.1582
vn 0.1107 0.9840 -0.1394
vn 0.0901 0.9868 -0.1349
vn 0.0910 0.9894 -0.1136
vn 0.0733 0.9891 -0.1277
vn 0.1140 0.9907 -0.0743
vn 0.0970 0.9916 -0.0854
vn 0.0616 0.9857 -0.1566
vn 0.0649 0.9806 -0.1851
vn 0.0511 0.9780 -0.2023
vn 0.0589 0.9696 -0.2376
vn 0.0829 0.9906 -0.1091
vn 0.0684 0.9866 -0.1478
vn 0.0940 0.9760 -0.1965
vn 0.0919 0.9624 -0.2555
vn -0.0088 0.9604 -0.2784
vn 0.0319 0.9553 -0.2939
vn 0.0744 0.9516 -0.2982
vn 0.0372 0.9598 -0.2782
vn 0.0260 0.9703 -0.2406
vn -0.0204 0.9690 -0.2462
vn 0.0409 0.9822 -0.1832
vn -0.0039 0.9809 -0.1944
vn -0.0761 0.9728 -0.2188
vn -0.0671 0.9683 -0.2404
vn -0.0545 0.9824 -0.1785
vn -0.0261 0.9686 -0.2472
vn 0.1621 0.9867 0.0077
vn 0.1303 0.9908 -0.0362
vn 0.1455 0.9889 -0.0305
vn 0.1746 0.9846 0.0056
vn 0.2037 0.9784 0.0337
vn 0.1950 0.9798 0.0456
vn 0.1824 0.9820 0.0500
vn 0.1477 0.9890 0.0004
vn 0.1640 0.9854 0.0448
vn 0.1292 0.9915 -0.0182
vn 0.1154 0.9919 -0.0530
vn 0.0981 0.9917 -0.0829
vn 0.0668 0.9962 -0.0568
vn 0.0289 0.9913 -0.1284
vn 0.0699 0.9911 -0.1135
vn 0.1019 0.9939 -0.0410
vn 0.1387 0.9898 0.0324
vn 0.1104 0.9937 0.0190
vn 0.0863 0.9962 0.0104
vn 0.0325 0.9977 -0.0602
vn -0.0145 0.9922 -0.1234
vn -0.0525 0.9853 0.1625
vn -0.0027 0.9912 0.1326
vn -0.0321 0.9940 0.1042
vn -0.0760 0.9875 0.1381
vn -0.0512 0.9969 0.0599
vn -0.0907 0.9915 0.0927
vn 0.0454 0.9956 0.0826
vn 0.0102 0.9984 0.0563
vn -0.0175 0.9993 0.0345
vn -0.1111 0.9807 0.1609
vn -0.0951 0.9795 0.1776
vn -0.1322 0.9754 0.1762
vn -0.1258 0.9745 0.1856
vn -0.1194 0.9851 0.1239
vn -0.1328 0.9797 0.1499
vn -0.0781 0.9816 0.1745
vn -0.0294 0.9858 0.1652
vn -0.0641 0.9859 0.1543
vn -0.0112 0.9886 0.1502
vn -0.1178 0.9770 0.1778
vn -0.1114 0.9818 0.1537
vn 0.0238 0.9895 0.1426
vn 0.0730 0.9923 0.0997
vn 0.0424 0.9899 0.1353
vn 0.0896 0.9905 0.1038
vn 0.0113 0.9957 0.0918
vn 0.0581 0.9943 0.0899
vn 0.0538 0.9917 0.1166
vn 0.0022 0.9923 0.1241
vn 0.0950 0.9923 0.0793
vn 0.0972 0.9906 0.0966
vn -0.0521 0.9910 0.1236
vn -0.0411 0.9952 0.0885
vn -0.1045 0.9873 0.1200
vn -0.0949 0.9919 0.0839
vn -0.0329 0.9981 0.0516
vn 0.0145 0.9983 0.0560
vn -0.0848 0.9953 0.0474
vn 0.0540 0.9969 0.0577
vn 0.0826 0.9951 0.0536
vn -0.1067 0.9799 0.1688
vn -0.1324 0.9739 0.1844
vn -0.1307 0.9745 0.1826
vn -0.1008 0.9794 0.1750
vn -0.1265 0.9779 0.1665
vn -0.0966 0.9810 0.1683
vn -0.0490 0.9871 0.1525
vn -0.0547 0.9887 0.1395
vn -0.0497 0.9869 0.1536
vn -0.0677 0.9911 0.1149
vn -0.1157 0.9820 0.1495
vn -0.0887 0.9929 0.0791
vn -0.1289 0.9848 0.1167
vn -0.1339 0.9761 0.1712
vn -0.1373 0.9802 0.1430
vn -0.1464 0.9882 0.0456
vn -0.1348 0.9883 0.0714
vn -0.1388 0.9845 0.1070
vn -0.1408 0.9869 0.0791
vn -0.1112 0.9929 0.0418
vn -0.1284 0.9916 0.0124
vn -0.1401 0.9901 -0.0093
vn -0.1466 0.9891 0.0166
vn -0.1274 0.9912 0.0374
vn 0.0895 0.9954 -0.0329
vn 0.0536 0.9970 -0.0558
vn 0.0393 0.9992 -0.0019
vn 0.0780 0.9967 0.0218
vn 0.0087 0.9981 -0.0610
vn -0.0059 0.9999 -0.0101
vn 0.1046 0.9935 0.0458
vn 0.1130 0.9936 -0.0036
vn 0.1192 0.9909 0.0628
vn 0.1257 0.9918 0.0239
vn 0.1041 0.9937 -0.0415
vn 0.0858 0.9936 -0.0730
vn 0.0840 0.9944 -0.0642
vn 0.0734 0.9927 -0.0957
vn 0.1135 0.9935 -0.0074
vn 0.0876 0.9958 -0.0268
vn 0.0581 0.9938 -0.0949
vn 0.0229 0.9949 -0.0984
vn 0.0562 0.9917 -0.1154
vn 0.0343 0.9925 -0.1174
vn 0.0407 0.9965 -0.0727
vn 0.0456 0.9954 -0.0841
vn 0.0512 0.9922 -0.1134
vn 0.0569 0.9937 -0.0969
vn 0.0491 0.9953 -0.0829
vn 0.0427 0.9925 -0.1143
vn 0.0585 0.9959 -0.0684
vn 0.0339 0.9981 -0.0511
vn 0.0552 0.9979 -0.0326
vn 0.0247 0.9994 -0.0226
vn 0.0158 0.9998 -0.0104
vn 0.0291 0.9993 -0.0226
vn 0.0023 1.0000 0.0069
vn 0.0422 0.9987 -0.0276
vn 0.0549 0.9982 -0.0240
vn 0.1132 0.9924 0.0484
vn 0.1266 0.9910 0.0427
vn 0.1230 0.9900 0.0692
vn 0.1147 0.9914 0.0635
vn 0.0943 0.9945 0.0465
vn 0.0862 0.9955 0.0402
vn 0.0609 0.9975 0.0360
vn 0.0931 0.9950 0.0364
vn 0.0224 0.9991 0.0354
vn 0.0587 0.9978 0.0304
vn 0.1108 0.9936 0.0208
vn 0.0803 0.9967 0.0077
vn -0.0142 0.9995 0.0275
vn 0.0098 0.9999 0.0066
vn 0.0434 0.9991 0.0026
vn 0.0194 0.9994 0.0273
vn -0.0183 0.9993 0.0337
vn -0.0495 0.9983 0.0301
vn -0.0645 0.9974 0.0334
vn -0.0363 0.9986 0.0381
vn -0.0143 0.9996 0.0253
vn -0.0686 0.9976 -0.0071
vn -0.0878 0.9954 0.0394
vn -0.0501 0.9987 0.0068
vn -0.0348 0.9985 -0.0428
vn -0.0124 0.9968 -0.0791
vn -0.0408 0.9983 -0.0426
vn 0.0108 0.9949 -0.0998
vn -0.0115 0.9977 -0.0674
vn -0.0618 0.9981 0.0009
vn -0.0907 0.9952 0.0361
vn -0.0779 0.9960 0.0429
vn -0.1027 0.9917 0.0779
vn -0.0324 0.9991 -0.0287
vn -0.0533 0.9985 0.0088
vn -0.1124 0.9906 0.0779
vn -0.1229 0.9858 0.1142
vn -0.0880 0.9880 0.1269
vn -0.0926 0.9841 0.1514
vn -0.1171 0.9831 0.1406
vn -0.1026 0.9886 0.1101
vn -0.0862 0.9934 0.0762
vn -0.0843 0.9919 0.0953
vn -0.0710 0.9967 0.0388
vn -0.0824 0.9950 0.0565
vn -0.0752 0.9924 0.0969
vn -0.0638 0.9901 0.1253
vn -0.0888 0.9943 0.0585
vn -0.0551 0.9880 0.1441
vn 0.0377 0.9981 -0.0480
vn 0.0150 0.9973 -0.0725
vn 0.0309 0.9946 -0.0992
vn 0.0478 0.9964 -0.0696
vn 0.0614 0.9980 -0.0123
vn 0.0557 0.9984 0.0042
vn 0.0370 0.9991 0.0220
vn 0.0185 0.9996 -0.0232
vn 0.0048 0.9993 0.0373
vn -0.0104 0.9999 -0.0000
vn -0.0053 0.9992 -0.0406
vn -0.0306 0.9995 -0.0100
vn -0.0785 0.9966 0.0257
vn -0.0809 0.9963 0.0276
vn -0.0572 0.9983 0.0141
vn -0.0447 0.9989 0.0172
vn -0.0356 0.9982 0.0472
vn -0.0774 0.9957 0.0501
vn -0.1179 0.9920 0.0451
vn -0.1103 0.9936 0.0236
vn -0.1012 0.9945 0.0280
vt 0.233300 0.479900
vt 0.234200 0.480700
vt 0.237000 0.477600
vt 0.236200 0.476800
vt 0.240000 0.474600
vt 0.239200 0.473800
vt 0.235000 0.481400
vt 0.237900 0.478400
vt 0.240800 0.475500
vt 0.235400 0.476000
vt 0.232400 0.479200
vt 0.234500 0.475200
vt 0.231600 0.478400
vt 0.238500 0.473000
vt 0.237700 0.472100
vt 0.229700 0.482500
vt 0.230600 0.483200
vt 0.227000 0.485900
vt 0.228000 0.486600
vt 0.228700 0.481800
vt 0.226100 0.485300
vt 0.231500 0.483900
vt 0.232400 0.484600
vt 0.228900 0.487300
vt 0.229800 0.487900
vt 0.223300 0.493800
vt 0.224300 0.494300
vt 0.226500 0.490700
vt 0.225600 0.490100
vt 0.225300 0.494900
vt 0.227500 0.491400
vt 0.224600 0.489500
vt 0.222300 0.493200
vt 0.223600 0.488900
vt 0.221300 0.492600
vt 0.220300 0.497000
vt 0.221300 0.497500
vt 0.218400 0.500900
vt 0.219500 0.501300
vt 0.219300 0.496500
vt 0.217400 0.500400
vt 0.222300 0.498000
vt 0.223300 0.498500
vt 0.220500 0.501800
vt 0.221600 0.502300
vt 0.229800 0.476900
vt 0.230700 0.477700
vt 0.233700 0.474400
vt 0.232900 0.473600
vt 0.236900 0.471300
vt 0.236100 0.470500
vt 0.232100 0.472800
vt 0.229000 0.476200
vt 0.231200 0.472000
vt 0.228100 0.475400
vt 0.235300 0.469600
vt 0.234500 0.468800
vt 0.226000 0.479700
vt 0.226900 0.480400
vt 0.223300 0.483300
vt 0.224200 0.484000
vt 0.225100 0.479000
vt 0.222400 0.482600
vt 0.227800 0.481100
vt 0.225200 0.484600
vt 0.219400 0.491500
vt 0.220300 0.492100
vt 0.222700 0.488300
vt 0.221700 0.487700
vt 0.220700 0.487000
vt 0.218400 0.490900
vt 0.219800 0.486400
vt 0.217400 0.490300
vt 0.216200 0.494900
vt 0.217200 0.495400
vt 0.214200 0.499000
vt 0.215300 0.499500
vt 0.215200 0.494400
vt 0.213200 0.498500
vt 0.218200 0.495900
vt 0.216300 0.499900
vt 0.236800 0.482900
vt 0.239500 0.480000
vt 0.238700 0.479200
vt 0.235900 0.482200
vt 0.242400 0.477100
vt 0.241600 0.476300
vt 0.233300 0.485300
vt 0.234200 0.486000
vt 0.230800 0.488600
vt 0.231700 0.489300
vt 0.235100 0.486700
vt 0.237600 0.483700
vt 0.236000 0.487400
vt 0.238500 0.484400
vt 0.232700 0.489900
vt 0.233600 0.490600
vt 0.240300 0.480700
vt 0.243200 0.477900
vt 0.241200 0.481500
vt 0.244000 0.478800
vt 0.240300 0.486000
vt 0.242900 0.483200
vt 0.242000 0.482300
vt 0.239400 0.485200
vt 0.245600 0.480500
vt 0.244800 0.479600
vt 0.236900 0.488200
vt 0.237800 0.488900
vt 0.234500 0.491200
vt 0.235500 0.492000
vt 0.238900 0.489800
vt 0.241300 0.486900
vt 0.240200 0.490800
vt 0.242600 0.488000
vt 0.236700 0.492800
vt 0.238000 0.493700
vt 0.243900 0.484100
vt 0.246600 0.481500
vt 0.245100 0.485300
vt 0.247700 0.482700
vt 0.227300 0.496000
vt 0.229400 0.492600
vt 0.228500 0.492000
vt 0.226300 0.495500
vt 0.224400 0.499100
vt 0.225400 0.499600
vt 0.222600 0.502800
vt 0.223600 0.503200
vt 0.226400 0.500100
vt 0.228300 0.496600
vt 0.227400 0.500600
vt 0.229300 0.497200
vt 0.224700 0.503700
vt 0.225700 0.504200
vt 0.230400 0.493200
vt 0.231400 0.493800
vt 0.231400 0.498400
vt 0.233400 0.495100
vt 0.232300 0.494400
vt 0.230300 0.497700
vt 0.228500 0.501100
vt 0.229600 0.501700
vt 0.226800 0.504600
vt 0.227900 0.505100
vt 0.230800 0.502300
vt 0.232600 0.499000
vt 0.232300 0.503100
vt 0.234000 0.499900
vt 0.229200 0.505700
vt 0.230700 0.506400
vt 0.234500 0.495900
vt 0.235900 0.496700
vt 0.248600 0.471900
vt 0.247900 0.471000
vt 0.244700 0.473500
vt 0.245400 0.474400
vt 0.247200 0.470100
vt 0.243900 0.472700
vt 0.246200 0.475300
vt 0.249300 0.472800
vt 0.246900 0.476100
vt 0.250000 0.473700
vt 0.252500 0.470400
vt 0.251800 0.469500
vt 0.255800 0.468200
vt 0.255200 0.467200
vt 0.253200 0.471300
vt 0.256500 0.469200
vt 0.251200 0.468500
vt 0.250500 0.467600
vt 0.254600 0.466300
vt 0.254000 0.465300
vt 0.262300 0.463300
vt 0.261800 0.462200
vt 0.258200 0.464200
vt 0.258700 0.465200
vt 0.261300 0.461200
vt 0.257600 0.463200
vt 0.259300 0.466200
vt 0.262800 0.464300
vt 0.259800 0.467100
vt 0.263300 0.465300
vt 0.266400 0.462600
vt 0.266000 0.461600
vt 0.270100 0.461100
vt 0.269700 0.460000
vt 0.266900 0.463600
vt 0.270600 0.462200
vt 0.265500 0.460500
vt 0.265100 0.459500
vt 0.269300 0.459000
vt 0.268900 0.457900
vt 0.251400 0.475500
vt 0.250700 0.474600
vt 0.247700 0.477000
vt 0.248500 0.477900
vt 0.249400 0.479000
vt 0.252300 0.476600
vt 0.250400 0.480200
vt 0.253300 0.477900
vt 0.255300 0.474400
vt 0.254500 0.473300
vt 0.258500 0.472300
vt 0.257700 0.471200
vt 0.256300 0.475700
vt 0.259300 0.473700
vt 0.253800 0.472300
vt 0.257100 0.470100
vt 0.264400 0.467400
vt 0.263800 0.466300
vt 0.260400 0.468100
vt 0.261000 0.469200
vt 0.261700 0.470400
vt 0.265000 0.468700
vt 0.262500 0.471800
vt 0.265700 0.470100
vt 0.268400 0.467100
vt 0.267900 0.465800
vt 0.271900 0.465700
vt 0.271400 0.464400
vt 0.269100 0.468600
vt 0.272500 0.467200
vt 0.267400 0.464700
vt 0.271000 0.463200
vt 0.245800 0.468200
vt 0.242400 0.470900
vt 0.243200 0.471800
vt 0.246500 0.469200
vt 0.249900 0.466700
vt 0.249200 0.465700
vt 0.253400 0.464300
vt 0.252800 0.463400
vt 0.248600 0.464800
vt 0.245100 0.467300
vt 0.247900 0.463800
vt 0.244400 0.466400
vt 0.252200 0.462400
vt 0.251600 0.461400
vt 0.241700 0.470100
vt 0.240900 0.469200
vt 0.242900 0.464600
vt 0.239500 0.467500
vt 0.240200 0.468300
vt 0.243700 0.465500
vt 0.247200 0.462900
vt 0.246600 0.462000
vt 0.250900 0.460500
vt 0.250300 0.459500
vt 0.245900 0.461000
vt 0.242200 0.463700
vt 0.245300 0.460100
vt 0.241500 0.462800
vt 0.249700 0.458500
vt 0.249100 0.457600
vt 0.238700 0.466600
vt 0.238000 0.465700
vt 0.260200 0.459200
vt 0.256500 0.461200
vt 0.257000 0.462200
vt 0.260800 0.460200
vt 0.264600 0.458400
vt 0.264100 0.457400
vt 0.268500 0.456800
vt 0.268100 0.455800
vt 0.263700 0.456300
vt 0.259700 0.458200
vt 0.263200 0.455300
vt 0.259200 0.457100
vt 0.267700 0.454700
vt 0.267300 0.453600
vt 0.255900 0.460200
vt 0.255300 0.459200
vt 0.258200 0.455100
vt 0.254200 0.457200
vt 0.254800 0.458200
vt 0.258700 0.456100
vt 0.262700 0.454200
vt 0.262300 0.453200
vt 0.266900 0.452600
vt 0.266400 0.451500
vt 0.261800 0.452100
vt 0.257700 0.454100
vt 0.261300 0.451100
vt 0.257200 0.453000
vt 0.266000 0.450400
vt 0.265600 0.449400
vt 0.253600 0.456200
vt 0.253100 0.455200
vt 0.305900 0.624100
vt 0.305800 0.623000
vt 0.301600 0.623100
vt 0.301600 0.624300
vt 0.297300 0.623100
vt 0.297300 0.624200
vt 0.305700 0.621800
vt 0.301600 0.622000
vt 0.297400 0.622000
vt 0.301600 0.625400
vt 0.306000 0.625200
vt 0.301700 0.626500
vt 0.306100 0.626400
vt 0.297300 0.625400
vt 0.297200 0.626500
vt 0.310300 0.624900
vt 0.310200 0.623700
vt 0.314600 0.624300
vt 0.314400 0.623200
vt 0.310500 0.626000
vt 0.314800 0.625400
vt 0.310000 0.622600
vt 0.309900 0.621500
vt 0.314300 0.622000
vt 0.314100 0.620900
vt 0.322800 0.621400
vt 0.322500 0.620300
vt 0.318400 0.621300
vt 0.318700 0.622400
vt 0.322200 0.619200
vt 0.318200 0.620100
vt 0.318900 0.623500
vt 0.323100 0.622500
vt 0.319200 0.624600
vt 0.323400 0.623600
vt 0.327300 0.621300
vt 0.327000 0.620200
vt 0.331400 0.619900
vt 0.331000 0.618800
vt 0.327700 0.622400
vt 0.331800 0.620900
vt 0.326600 0.619100
vt 0.326200 0.618000
vt 0.330600 0.617700
vt 0.330200 0.616700
vt 0.306200 0.628600
vt 0.306200 0.627500
vt 0.301700 0.627700
vt 0.301700 0.628800
vt 0.297200 0.627600
vt 0.297200 0.628800
vt 0.301700 0.630000
vt 0.306300 0.629800
vt 0.301800 0.631100
vt 0.306400 0.630900
vt 0.297200 0.629900
vt 0.297100 0.631100
vt 0.310900 0.629400
vt 0.310700 0.628300
vt 0.315400 0.628800
vt 0.315200 0.627600
vt 0.311000 0.630500
vt 0.315600 0.629900
vt 0.310600 0.627100
vt 0.315000 0.626500
vt 0.324100 0.625800
vt 0.323800 0.624700
vt 0.319400 0.625700
vt 0.319700 0.626800
vt 0.319900 0.627900
vt 0.324400 0.626900
vt 0.320200 0.629100
vt 0.324700 0.628000
vt 0.328700 0.625600
vt 0.328400 0.624500
vt 0.333100 0.624100
vt 0.332600 0.623100
vt 0.329100 0.626700
vt 0.333500 0.625200
vt 0.328000 0.623400
vt 0.332200 0.622000
vt 0.305600 0.619600
vt 0.301500 0.619700
vt 0.301500 0.620900
vt 0.305700 0.620700
vt 0.297400 0.619700
vt 0.297400 0.620800
vt 0.309800 0.620300
vt 0.309600 0.619200
vt 0.313900 0.619800
vt 0.313700 0.618700
vt 0.309500 0.618100
vt 0.305500 0.618400
vt 0.309400 0.616900
vt 0.305400 0.617300
vt 0.313500 0.617500
vt 0.313300 0.616400
vt 0.301500 0.618600
vt 0.297400 0.618500
vt 0.301400 0.617400
vt 0.297500 0.617400
vt 0.305200 0.614900
vt 0.301400 0.615100
vt 0.301400 0.616300
vt 0.305300 0.616100
vt 0.297500 0.615000
vt 0.297500 0.616300
vt 0.309200 0.615800
vt 0.309100 0.614600
vt 0.313100 0.615300
vt 0.312900 0.614100
vt 0.308900 0.613200
vt 0.305100 0.613600
vt 0.308700 0.611600
vt 0.305000 0.611900
vt 0.312600 0.612700
vt 0.312400 0.611100
vt 0.301400 0.613700
vt 0.297600 0.613700
vt 0.301300 0.612100
vt 0.297600 0.612100
vt 0.321600 0.617000
vt 0.317700 0.617900
vt 0.317900 0.619000
vt 0.321900 0.618100
vt 0.325900 0.616900
vt 0.325500 0.615900
vt 0.329800 0.615600
vt 0.329400 0.614500
vt 0.325200 0.614800
vt 0.321300 0.615900
vt 0.324800 0.613700
vt 0.321000 0.614800
vt 0.328900 0.613500
vt 0.328500 0.612400
vt 0.317400 0.616800
vt 0.317200 0.615700
vt 0.320400 0.612500
vt 0.316600 0.613400
vt 0.316900 0.614600
vt 0.320700 0.613700
vt 0.324400 0.612600
vt 0.324100 0.611400
vt 0.328100 0.611300
vt 0.327700 0.610200
vt 0.323600 0.610100
vt 0.320000 0.611200
vt 0.323100 0.608600
vt 0.319600 0.609600
vt 0.327200 0.608900
vt 0.326600 0.607400
vt 0.316300 0.612000
vt 0.316000 0.610500
vt 0.289300 0.619000
vt 0.289100 0.620200
vt 0.293300 0.620600
vt 0.293300 0.619500
vt 0.289000 0.621300
vt 0.293200 0.621700
vt 0.293400 0.618300
vt 0.289400 0.617900
vt 0.293500 0.617200
vt 0.289600 0.616800
vt 0.285400 0.617300
vt 0.285200 0.618400
vt 0.281500 0.616500
vt 0.281200 0.617600
vt 0.285600 0.616200
vt 0.281800 0.615400
vt 0.285100 0.619500
vt 0.284900 0.620700
vt 0.281000 0.618700
vt 0.280700 0.619800
vt 0.273400 0.615400
vt 0.273000 0.616500
vt 0.277000 0.617700
vt 0.277300 0.616600
vt 0.272700 0.617600
vt 0.276700 0.618800
vt 0.277600 0.615500
vt 0.273800 0.614300
vt 0.277900 0.614400
vt 0.274100 0.613300
vt 0.270000 0.613000
vt 0.269600 0.614000
vt 0.266300 0.611400
vt 0.265800 0.612500
vt 0.270400 0.611900
vt 0.266700 0.610400
vt 0.269100 0.615100
vt 0.268700 0.616200
vt 0.265300 0.613500
vt 0.264900 0.614500
vt 0.289900 0.614400
vt 0.289700 0.615600
vt 0.293600 0.616000
vt 0.293700 0.614800
vt 0.293800 0.613500
vt 0.290000 0.613100
vt 0.293900 0.611900
vt 0.290200 0.611500
vt 0.286300 0.612500
vt 0.286100 0.613900
vt 0.282600 0.611800
vt 0.282300 0.613100
vt 0.286600 0.610900
vt 0.282900 0.610200
vt 0.285800 0.615100
vt 0.282000 0.614300
vt 0.274900 0.611000
vt 0.274500 0.612200
vt 0.278200 0.613300
vt 0.278500 0.612200
vt 0.278900 0.610800
vt 0.275300 0.609700
vt 0.279400 0.609300
vt 0.275800 0.608200
vt 0.271700 0.608400
vt 0.271200 0.609700
vt 0.268300 0.607000
vt 0.267700 0.608200
vt 0.272300 0.606900
vt 0.268900 0.605500
vt 0.270800 0.610900
vt 0.267200 0.609400
vt 0.288700 0.623500
vt 0.293000 0.624000
vt 0.293100 0.622900
vt 0.288900 0.622400
vt 0.284700 0.621800
vt 0.284500 0.622900
vt 0.280500 0.620900
vt 0.280200 0.622000
vt 0.284300 0.624000
vt 0.288600 0.624700
vt 0.284100 0.625100
vt 0.288400 0.625800
vt 0.280000 0.623200
vt 0.279700 0.624300
vt 0.292900 0.625100
vt 0.292800 0.626300
vt 0.288100 0.628100
vt 0.292700 0.628500
vt 0.292700 0.627400
vt 0.288300 0.626900
vt 0.283900 0.626300
vt 0.283700 0.627400
vt 0.279500 0.625400
vt 0.279200 0.626500
vt 0.283500 0.628500
vt 0.288000 0.629200
vt 0.283300 0.629600
vt 0.287900 0.630300
vt 0.279000 0.627600
vt 0.278700 0.628700
vt 0.292600 0.629700
vt 0.292500 0.630800
vt 0.272000 0.619700
vt 0.276100 0.621000
vt 0.276400 0.619900
vt 0.272300 0.618700
vt 0.268300 0.617200
vt 0.267900 0.618300
vt 0.264400 0.615600
vt 0.263900 0.616600
vt 0.267500 0.619300
vt 0.271600 0.620800
vt 0.267100 0.620400
vt 0.271200 0.621900
vt 0.263500 0.617700
vt 0.263000 0.618700
vt 0.275800 0.622100
vt 0.275500 0.623200
vt 0.270500 0.624100
vt 0.274800 0.625400
vt 0.275100 0.624300
vt 0.270900 0.623000
vt 0.266700 0.621500
vt 0.266200 0.622500
vt 0.262500 0.619700
vt 0.262100 0.620800
vt 0.265800 0.623600
vt 0.270100 0.625100
vt 0.265400 0.624600
vt 0.269800 0.626200
vt 0.261600 0.621800
vt 0.261100 0.622800
vt 0.274500 0.626500
vt 0.274200 0.627600
vt 0.293200 0.450500
vt 0.293300 0.451600
vt 0.297500 0.451400
vt 0.297500 0.450300
vt 0.301800 0.451500
vt 0.301800 0.450300
vt 0.293300 0.452700
vt 0.297500 0.452600
vt 0.301700 0.452600
vt 0.297500 0.449200
vt 0.293100 0.449300
vt 0.297400 0.448000
vt 0.293000 0.448200
vt 0.301800 0.449200
vt 0.301800 0.448100
vt 0.288800 0.449700
vt 0.288900 0.450800
vt 0.284400 0.450300
vt 0.284600 0.451400
vt 0.288600 0.448600
vt 0.284200 0.449200
vt 0.289000 0.452000
vt 0.289200 0.453100
vt 0.284800 0.452500
vt 0.285000 0.453700
vt 0.276200 0.453200
vt 0.276600 0.454300
vt 0.280700 0.453300
vt 0.280400 0.452200
vt 0.276900 0.455400
vt 0.280900 0.454400
vt 0.280200 0.451100
vt 0.275900 0.452100
vt 0.279900 0.450000
vt 0.275600 0.451000
vt 0.271800 0.453300
vt 0.272100 0.454400
vt 0.271400 0.452200
vt 0.272500 0.455500
vt 0.272900 0.456500
vt 0.292800 0.445900
vt 0.292900 0.447100
vt 0.297400 0.446900
vt 0.297400 0.445700
vt 0.301900 0.446900
vt 0.301900 0.445800
vt 0.297300 0.444600
vt 0.292800 0.444800
vt 0.297300 0.443500
vt 0.292700 0.443600
vt 0.301900 0.444600
vt 0.302000 0.443500
vt 0.288200 0.445200
vt 0.288300 0.446300
vt 0.283700 0.445800
vt 0.283900 0.446900
vt 0.288100 0.444000
vt 0.283500 0.444700
vt 0.288500 0.447400
vt 0.284100 0.448000
vt 0.275000 0.448800
vt 0.275300 0.449900
vt 0.279700 0.448800
vt 0.279400 0.447700
vt 0.279200 0.446600
vt 0.274700 0.447700
vt 0.278900 0.445500
vt 0.274400 0.446600
vt 0.270300 0.448900
vt 0.270700 0.450000
vt 0.270000 0.447900
vt 0.271100 0.451100
vt 0.293500 0.455000
vt 0.297600 0.454800
vt 0.297600 0.453700
vt 0.293400 0.453900
vt 0.301700 0.454900
vt 0.301700 0.453700
vt 0.289300 0.454200
vt 0.289500 0.455400
vt 0.285200 0.454800
vt 0.285400 0.455900
vt 0.289600 0.456500
vt 0.293600 0.456100
vt 0.289700 0.457600
vt 0.293700 0.457300
vt 0.285600 0.457000
vt 0.285800 0.458100
vt 0.297600 0.456000
vt 0.301600 0.456000
vt 0.297600 0.457100
vt 0.301600 0.457200
vt 0.293900 0.459600
vt 0.297700 0.459500
vt 0.297700 0.458300
vt 0.293800 0.458400
vt 0.301500 0.459500
vt 0.301600 0.458300
vt 0.289900 0.458700
vt 0.290000 0.460000
vt 0.286000 0.459300
vt 0.286200 0.460500
vt 0.290200 0.461300
vt 0.294000 0.461000
vt 0.290400 0.462900
vt 0.294100 0.462600
vt 0.286400 0.461800
vt 0.286700 0.463400
vt 0.297700 0.460900
vt 0.301500 0.460900
vt 0.297800 0.462500
vt 0.301500 0.462500
vt 0.277500 0.457600
vt 0.281400 0.456600
vt 0.281200 0.455500
vt 0.277200 0.456500
vt 0.273200 0.457600
vt 0.273600 0.458700
vt 0.273900 0.459800
vt 0.277800 0.458700
vt 0.274300 0.460900
vt 0.278100 0.459800
vt 0.281700 0.457800
vt 0.281900 0.458900
vt 0.278700 0.462100
vt 0.282400 0.461200
vt 0.282200 0.460000
vt 0.278400 0.460900
vt 0.274600 0.462000
vt 0.275000 0.463100
vt 0.275500 0.464400
vt 0.279100 0.463400
vt 0.276000 0.466000
vt 0.279500 0.464900
vt 0.282700 0.462500
vt 0.283100 0.464100
vt 0.309800 0.455500
vt 0.309900 0.454400
vt 0.305800 0.454000
vt 0.305700 0.455100
vt 0.310100 0.453300
vt 0.305900 0.452800
vt 0.305700 0.456200
vt 0.309700 0.456700
vt 0.305600 0.457400
vt 0.309500 0.457800
vt 0.313600 0.457300
vt 0.313800 0.456100
vt 0.317600 0.458100
vt 0.317800 0.457000
vt 0.313400 0.458400
vt 0.317300 0.459200
vt 0.314000 0.455000
vt 0.314200 0.453900
vt 0.318100 0.455800
vt 0.318300 0.454700
vt 0.325700 0.459100
vt 0.326100 0.458100
vt 0.322100 0.456900
vt 0.321800 0.458000
vt 0.326400 0.457000
vt 0.322400 0.455800
vt 0.321500 0.459000
vt 0.325300 0.460200
vt 0.321200 0.460100
vt 0.325000 0.461300
vt 0.329100 0.461600
vt 0.329500 0.460500
vt 0.332800 0.463100
vt 0.333300 0.462100
vt 0.328700 0.462600
vt 0.332400 0.464200
vt 0.329900 0.459500
vt 0.330400 0.458400
vt 0.333700 0.461100
vt 0.334200 0.460000
vt 0.309200 0.460100
vt 0.309400 0.458900
vt 0.305500 0.458500
vt 0.305400 0.459700
vt 0.305300 0.461100
vt 0.309100 0.461500
vt 0.305200 0.462700
vt 0.308900 0.463100
vt 0.312800 0.462100
vt 0.313000 0.460700
vt 0.316500 0.462800
vt 0.316800 0.461500
vt 0.312500 0.463600
vt 0.316100 0.464400
vt 0.313200 0.459500
vt 0.317100 0.460300
vt 0.324200 0.463500
vt 0.324600 0.462400
vt 0.320900 0.461200
vt 0.320500 0.462400
vt 0.320200 0.463700
vt 0.323800 0.464800
vt 0.319700 0.465300
vt 0.323300 0.466400
vt 0.327300 0.466100
vt 0.327800 0.464800
vt 0.330800 0.467600
vt 0.331400 0.466300
vt 0.326800 0.467600
vt 0.330200 0.469000
vt 0.328300 0.463700
vt 0.331900 0.465200
vt 0.310400 0.451000
vt 0.306100 0.450600
vt 0.306000 0.451700
vt 0.310200 0.452100
vt 0.314400 0.452800
vt 0.314600 0.451700
vt 0.318600 0.453600
vt 0.318800 0.452500
vt 0.314800 0.450500
vt 0.310500 0.449900
vt 0.315000 0.449400
vt 0.310700 0.448800
vt 0.319100 0.451400
vt 0.319400 0.450300
vt 0.306200 0.449400
vt 0.306300 0.448300
vt 0.310900 0.446500
vt 0.306400 0.446000
vt 0.306300 0.447200
vt 0.310800 0.447600
vt 0.315200 0.448300
vt 0.315400 0.447200
vt 0.319600 0.449200
vt 0.319900 0.448100
vt 0.315600 0.446100
vt 0.311100 0.445400
vt 0.315800 0.444900
vt 0.311200 0.444200
vt 0.320100 0.447000
vt 0.320400 0.445900
vt 0.306500 0.444900
vt 0.306600 0.443800
vt 0.327100 0.454800
vt 0.323000 0.453600
vt 0.322700 0.454700
vt 0.326800 0.455900
vt 0.330800 0.457300
vt 0.331200 0.456300
vt 0.334700 0.459000
vt 0.335100 0.457900
vt 0.331600 0.455200
vt 0.327500 0.453700
vt 0.332000 0.454200
vt 0.327900 0.452700
vt 0.335600 0.456900
vt 0.336100 0.455900
vt 0.323300 0.452500
vt 0.323600 0.451400
vt 0.328600 0.450500
vt 0.324300 0.449200
vt 0.323900 0.450300
vt 0.328200 0.451600
vt 0.332400 0.453100
vt 0.332800 0.452000
vt 0.336500 0.454800
vt 0.337000 0.453800
vt 0.333300 0.451000
vt 0.328900 0.449400
vt 0.333700 0.449900
vt 0.329300 0.448400
vt 0.337500 0.452800
vt 0.337900 0.451700
vt 0.324600 0.448100
vt 0.324900 0.447000
vt 0.242300 0.602700
vt 0.243000 0.601900
vt 0.239900 0.599000
vt 0.239100 0.599800
vt 0.236900 0.596000
vt 0.236100 0.596800
vt 0.243800 0.601000
vt 0.240700 0.598200
vt 0.237700 0.595200
vt 0.238300 0.600600
vt 0.241500 0.603600
vt 0.237500 0.601400
vt 0.240800 0.604400
vt 0.235200 0.597500
vt 0.234400 0.598300
vt 0.244900 0.606400
vt 0.245600 0.605500
vt 0.248400 0.609000
vt 0.249100 0.608000
vt 0.244200 0.607200
vt 0.247700 0.609900
vt 0.246300 0.604600
vt 0.247000 0.603700
vt 0.249700 0.607100
vt 0.250400 0.606200
vt 0.256300 0.612700
vt 0.256900 0.611700
vt 0.253200 0.609500
vt 0.252600 0.610500
vt 0.257400 0.610700
vt 0.253800 0.608600
vt 0.252000 0.611400
vt 0.255700 0.613700
vt 0.251400 0.612400
vt 0.255200 0.614700
vt 0.259500 0.615800
vt 0.260100 0.614800
vt 0.259000 0.616800
vt 0.260600 0.613700
vt 0.261100 0.612700
vt 0.239300 0.606100
vt 0.240000 0.605300
vt 0.236700 0.602300
vt 0.236000 0.603100
vt 0.233600 0.599100
vt 0.232800 0.599900
vt 0.235200 0.603900
vt 0.238600 0.607000
vt 0.234400 0.604700
vt 0.237800 0.607800
vt 0.231900 0.600600
vt 0.231100 0.601400
vt 0.242100 0.609900
vt 0.242800 0.609000
vt 0.245700 0.612700
vt 0.246400 0.611800
vt 0.241400 0.610800
vt 0.245100 0.613600
vt 0.243500 0.608100
vt 0.247100 0.610800
vt 0.254000 0.616700
vt 0.254600 0.615700
vt 0.250800 0.613300
vt 0.250200 0.614300
vt 0.249500 0.615300
vt 0.253500 0.617600
vt 0.248900 0.616200
vt 0.252900 0.618600
vt 0.257500 0.619800
vt 0.258000 0.618800
vt 0.257000 0.620800
vt 0.258500 0.617800
vt 0.245300 0.599300
vt 0.242300 0.596500
vt 0.241500 0.597400
vt 0.244500 0.600100
vt 0.239400 0.593600
vt 0.238600 0.594400
vt 0.247700 0.602800
vt 0.248400 0.601900
vt 0.251000 0.605300
vt 0.251700 0.604300
vt 0.249100 0.601000
vt 0.246000 0.598400
vt 0.249800 0.600100
vt 0.246800 0.597600
vt 0.252400 0.603400
vt 0.253000 0.602500
vt 0.243100 0.595700
vt 0.240200 0.592900
vt 0.243900 0.594900
vt 0.241100 0.592100
vt 0.248300 0.595800
vt 0.245500 0.593200
vt 0.244700 0.594100
vt 0.247500 0.596700
vt 0.242800 0.590500
vt 0.241900 0.591300
vt 0.250600 0.599200
vt 0.251300 0.598300
vt 0.253700 0.601600
vt 0.254400 0.600600
vt 0.252200 0.597200
vt 0.249200 0.594800
vt 0.253200 0.595900
vt 0.250300 0.593600
vt 0.255200 0.599500
vt 0.256100 0.598100
vt 0.246500 0.592200
vt 0.243800 0.589500
vt 0.247600 0.591100
vt 0.245000 0.588400
vt 0.258500 0.608800
vt 0.255100 0.606600
vt 0.254500 0.607600
vt 0.258000 0.609700
vt 0.261600 0.611700
vt 0.262100 0.610700
vt 0.262600 0.609700
vt 0.259100 0.607800
vt 0.263200 0.608700
vt 0.259700 0.606800
vt 0.255700 0.605700
vt 0.256300 0.604700
vt 0.260900 0.604700
vt 0.257600 0.602700
vt 0.256900 0.603800
vt 0.260200 0.605800
vt 0.263700 0.607700
vt 0.264200 0.606600
vt 0.264900 0.605400
vt 0.261500 0.603500
vt 0.265600 0.603900
vt 0.262300 0.602100
vt 0.258300 0.601600
vt 0.259200 0.600200
vt 0.234100 0.587500
vt 0.233200 0.588200
vt 0.235800 0.591400
vt 0.236700 0.590600
vt 0.232300 0.588900
vt 0.234900 0.592100
vt 0.237500 0.589900
vt 0.235000 0.586800
vt 0.238400 0.589100
vt 0.235900 0.586100
vt 0.232600 0.583600
vt 0.231600 0.584200
vt 0.230300 0.580200
vt 0.229400 0.580800
vt 0.233500 0.582900
vt 0.231300 0.579600
vt 0.230700 0.584900
vt 0.229800 0.585500
vt 0.228400 0.581400
vt 0.227400 0.582000
vt 0.225300 0.573800
vt 0.224300 0.574300
vt 0.226300 0.577900
vt 0.227300 0.577300
vt 0.223300 0.574800
vt 0.225300 0.578500
vt 0.228300 0.576800
vt 0.226300 0.573300
vt 0.229200 0.576200
vt 0.227400 0.572800
vt 0.224600 0.569700
vt 0.223600 0.570100
vt 0.223100 0.566000
vt 0.222000 0.566400
vt 0.225700 0.569200
vt 0.224200 0.565600
vt 0.222500 0.570600
vt 0.221500 0.571000
vt 0.220900 0.566800
vt 0.219900 0.567200
vt 0.237700 0.584600
vt 0.236800 0.585400
vt 0.239300 0.588400
vt 0.240200 0.587600
vt 0.241200 0.586700
vt 0.238800 0.583800
vt 0.242500 0.585700
vt 0.240100 0.582800
vt 0.236600 0.580800
vt 0.235400 0.581600
vt 0.234500 0.577700
vt 0.233300 0.578400
vt 0.237900 0.579900
vt 0.235800 0.576800
vt 0.234400 0.582300
vt 0.232300 0.579000
vt 0.229500 0.571700
vt 0.228400 0.572300
vt 0.230200 0.575700
vt 0.231300 0.575100
vt 0.232500 0.574400
vt 0.230700 0.571100
vt 0.233900 0.573600
vt 0.232200 0.570400
vt 0.229100 0.567700
vt 0.227800 0.568300
vt 0.227700 0.564200
vt 0.226400 0.564700
vt 0.230600 0.567100
vt 0.229200 0.563700
vt 0.226700 0.568700
vt 0.225200 0.565200
vt 0.230500 0.590200
vt 0.233200 0.593600
vt 0.234100 0.592800
vt 0.231400 0.589500
vt 0.228800 0.586100
vt 0.227900 0.586800
vt 0.226500 0.582600
vt 0.225500 0.583200
vt 0.226900 0.587400
vt 0.229500 0.590900
vt 0.226000 0.588100
vt 0.228600 0.591600
vt 0.224500 0.583800
vt 0.223500 0.584400
vt 0.232300 0.594300
vt 0.231400 0.595000
vt 0.226800 0.593000
vt 0.229700 0.596500
vt 0.230600 0.595800
vt 0.227700 0.592300
vt 0.225100 0.588700
vt 0.224100 0.589400
vt 0.222600 0.585000
vt 0.221600 0.585600
vt 0.223200 0.590000
vt 0.225900 0.593700
vt 0.222300 0.590700
vt 0.225000 0.594400
vt 0.220600 0.586200
vt 0.219700 0.586800
vt 0.228800 0.597200
vt 0.228000 0.598000
vt 0.221200 0.575800
vt 0.223300 0.579600
vt 0.224300 0.579000
vt 0.222200 0.575300
vt 0.220400 0.571500
vt 0.219400 0.571900
vt 0.218800 0.567600
vt 0.217700 0.568000
vt 0.218300 0.572400
vt 0.220200 0.576300
vt 0.217300 0.572800
vt 0.219200 0.576800
vt 0.216700 0.568400
vt 0.215600 0.568800
vt 0.222300 0.580100
vt 0.221300 0.580700
vt 0.217100 0.577800
vt 0.219300 0.581800
vt 0.220300 0.581200
vt 0.218100 0.577300
vt 0.216200 0.573300
vt 0.215200 0.573700
vt 0.214500 0.569200
vt 0.213500 0.569600
vt 0.214100 0.574200
vt 0.216100 0.578300
vt 0.213100 0.574600
vt 0.215100 0.578800
vt 0.212400 0.570000
vt 0.211300 0.570400
vt 0.218300 0.582300
vt 0.217300 0.582900
vt 0.356800 0.471800
vt 0.356000 0.472700
vt 0.359200 0.475600
vt 0.360000 0.474800
vt 0.362200 0.478600
vt 0.363000 0.477800
vt 0.355300 0.473600
vt 0.358400 0.476400
vt 0.361300 0.479400
vt 0.360800 0.473900
vt 0.357500 0.471000
vt 0.361600 0.473100
vt 0.358300 0.470100
vt 0.363800 0.477000
vt 0.364700 0.476200
vt 0.354200 0.468200
vt 0.353500 0.469100
vt 0.350700 0.465600
vt 0.350000 0.466500
vt 0.354900 0.467300
vt 0.351400 0.464700
vt 0.352800 0.470000
vt 0.352100 0.470900
vt 0.349400 0.467400
vt 0.348700 0.468400
vt 0.342800 0.461900
vt 0.342200 0.462800
vt 0.345900 0.465100
vt 0.346500 0.464100
vt 0.341700 0.463800
vt 0.345200 0.466000
vt 0.347100 0.463100
vt 0.343400 0.460900
vt 0.347700 0.462200
vt 0.343900 0.459900
vt 0.339500 0.458800
vt 0.339000 0.459800
vt 0.340100 0.457800
vt 0.338500 0.460800
vt 0.338000 0.461800
vt 0.359800 0.468400
vt 0.359000 0.469300
vt 0.362300 0.472300
vt 0.363100 0.471500
vt 0.365500 0.475500
vt 0.366300 0.474700
vt 0.363900 0.470700
vt 0.360500 0.467600
vt 0.364700 0.469800
vt 0.361300 0.466700
vt 0.367200 0.473900
vt 0.368000 0.473100
vt 0.357000 0.464600
vt 0.356300 0.465500
vt 0.353300 0.461900
vt 0.352700 0.462800
vt 0.357700 0.463700
vt 0.354000 0.461000
vt 0.355600 0.466400
vt 0.352000 0.463700
vt 0.345100 0.457900
vt 0.344500 0.458900
vt 0.348300 0.461200
vt 0.348900 0.460300
vt 0.349500 0.459300
vt 0.345600 0.456900
vt 0.350200 0.458300
vt 0.346200 0.455900
vt 0.341600 0.454700
vt 0.341100 0.455700
vt 0.342100 0.453700
vt 0.340600 0.456800
vt 0.353800 0.475300
vt 0.356800 0.478000
vt 0.357600 0.477200
vt 0.354500 0.474400
vt 0.359700 0.480900
vt 0.360500 0.480100
vt 0.351400 0.471800
vt 0.350700 0.472700
vt 0.348100 0.469300
vt 0.347400 0.470200
vt 0.349900 0.473600
vt 0.353000 0.476100
vt 0.349200 0.474500
vt 0.352300 0.477000
vt 0.346700 0.471100
vt 0.346100 0.472100
vt 0.356000 0.478800
vt 0.358900 0.481700
vt 0.355200 0.479700
vt 0.358000 0.482500
vt 0.350700 0.478800
vt 0.353600 0.481400
vt 0.354400 0.480500
vt 0.351500 0.477800
vt 0.356300 0.484100
vt 0.357200 0.483300
vt 0.348500 0.475300
vt 0.347800 0.476300
vt 0.345400 0.473000
vt 0.344700 0.474000
vt 0.346900 0.477400
vt 0.349800 0.479800
vt 0.345900 0.478600
vt 0.348800 0.481000
vt 0.343900 0.475100
vt 0.343000 0.476400
vt 0.352600 0.482300
vt 0.355300 0.485000
vt 0.351500 0.483500
vt 0.354100 0.486100
vt 0.340500 0.465800
vt 0.344000 0.467900
vt 0.344600 0.467000
vt 0.341100 0.464800
vt 0.337500 0.462800
vt 0.337000 0.463900
vt 0.336400 0.464900
vt 0.340000 0.466800
vt 0.335900 0.465900
vt 0.339400 0.467800
vt 0.343400 0.468900
vt 0.342800 0.469800
vt 0.338200 0.469800
vt 0.341500 0.471800
vt 0.342200 0.470800
vt 0.338800 0.468800
vt 0.335400 0.466900
vt 0.334900 0.468000
vt 0.334200 0.469200
vt 0.337500 0.471000
vt 0.333500 0.470600
vt 0.336700 0.472400
vt 0.340800 0.473000
vt 0.339900 0.474300
vt 0.365000 0.487100
vt 0.365900 0.486400
vt 0.363300 0.483200
vt 0.362400 0.483900
vt 0.366800 0.485700
vt 0.364200 0.482500
vt 0.361600 0.484700
vt 0.364100 0.487800
vt 0.360700 0.485400
vt 0.363200 0.488500
vt 0.366500 0.491000
vt 0.367500 0.490400
vt 0.368800 0.494300
vt 0.369700 0.493700
vt 0.365600 0.491700
vt 0.367800 0.494900
vt 0.368400 0.489700
vt 0.369300 0.489100
vt 0.370700 0.493100
vt 0.371700 0.492500
vt 0.373800 0.500800
vt 0.374800 0.500300
vt 0.372800 0.496700
vt 0.371800 0.497200
vt 0.375800 0.499800
vt 0.373800 0.496100
vt 0.370800 0.497800
vt 0.372700 0.501300
vt 0.369800 0.498300
vt 0.371700 0.501800
vt 0.374500 0.504900
vt 0.375500 0.504500
vt 0.376000 0.508600
vt 0.377100 0.508200
vt 0.373400 0.505400
vt 0.374900 0.509000
vt 0.376600 0.504000
vt 0.377600 0.503500
vt 0.378100 0.507800
vt 0.379200 0.507400
vt 0.361300 0.489900
vt 0.362300 0.489200
vt 0.359800 0.486200
vt 0.358900 0.486900
vt 0.357800 0.487800
vt 0.360200 0.490800
vt 0.356600 0.488900
vt 0.359000 0.491700
vt 0.362500 0.493800
vt 0.363600 0.493000
vt 0.364600 0.496900
vt 0.365800 0.496200
vt 0.361200 0.494700
vt 0.363200 0.497800
vt 0.364600 0.492300
vt 0.366800 0.495500
vt 0.369600 0.502800
vt 0.370700 0.502300
vt 0.368800 0.498900
vt 0.367800 0.499500
vt 0.366600 0.500100
vt 0.368400 0.503500
vt 0.365100 0.500900
vt 0.366900 0.504200
vt 0.370000 0.506800
vt 0.371200 0.506300
vt 0.371400 0.510300
vt 0.372700 0.509800
vt 0.368500 0.507500
vt 0.369900 0.510900
vt 0.372400 0.505800
vt 0.373900 0.509400
vt 0.368600 0.484300
vt 0.365900 0.481000
vt 0.365000 0.481700
vt 0.367700 0.485000
vt 0.370300 0.488400
vt 0.371200 0.487800
vt 0.372600 0.491900
vt 0.373600 0.491300
vt 0.372100 0.487100
vt 0.369500 0.483600
vt 0.373100 0.486500
vt 0.370400 0.482900
vt 0.374600 0.490700
vt 0.375500 0.490100
vt 0.366800 0.480300
vt 0.367600 0.479500
vt 0.372200 0.481500
vt 0.369400 0.478100
vt 0.368500 0.478800
vt 0.371300 0.482200
vt 0.374000 0.485800
vt 0.375000 0.485200
vt 0.376500 0.489500
vt 0.377500 0.488900
vt 0.375900 0.484500
vt 0.373200 0.480900
vt 0.376800 0.483900
vt 0.374100 0.480200
vt 0.378400 0.488300
vt 0.379400 0.487700
vt 0.370200 0.477300
vt 0.371100 0.476600
vt 0.377900 0.498800
vt 0.375800 0.495000
vt 0.374800 0.495600
vt 0.376800 0.499300
vt 0.378700 0.503100
vt 0.379700 0.502600
vt 0.380300 0.507000
vt 0.381300 0.506600
vt 0.380800 0.502200
vt 0.378900 0.498300
vt 0.381800 0.501700
vt 0.379900 0.497800
vt 0.382400 0.506200
vt 0.383500 0.505800
vt 0.376800 0.494400
vt 0.377800 0.493900
vt 0.382000 0.496800
vt 0.379800 0.492800
vt 0.378800 0.493300
vt 0.380900 0.497300
vt 0.382900 0.501300
vt 0.383900 0.500800
vt 0.384600 0.505400
vt 0.385600 0.505000
vt 0.385000 0.500400
vt 0.383000 0.496300
vt 0.386000 0.499900
vt 0.384000 0.495800
vt 0.386700 0.504600
vt 0.387800 0.504200
vt 0.380800 0.492200
vt 0.381800 0.491700
vt 0.212200 0.543000
vt 0.213400 0.542900
vt 0.213200 0.538700
vt 0.212000 0.538700
vt 0.213200 0.534500
vt 0.212000 0.534400
vt 0.214500 0.542800
vt 0.214300 0.538700
vt 0.214300 0.534500
vt 0.210900 0.538700
vt 0.211100 0.543100
vt 0.209700 0.538800
vt 0.209900 0.543100
vt 0.210900 0.534400
vt 0.209700 0.534400
vt 0.211500 0.547400
vt 0.212600 0.547300
vt 0.212100 0.551700
vt 0.213200 0.551500
vt 0.210300 0.547500
vt 0.211000 0.551900
vt 0.213800 0.547100
vt 0.214900 0.547000
vt 0.214400 0.551300
vt 0.215500 0.551100
vt 0.215100 0.559800
vt 0.216200 0.559500
vt 0.215200 0.555400
vt 0.214000 0.555700
vt 0.217300 0.559300
vt 0.216300 0.555200
vt 0.212900 0.555900
vt 0.214000 0.560100
vt 0.211800 0.556200
vt 0.212900 0.560400
vt 0.215200 0.564300
vt 0.216300 0.563900
vt 0.214100 0.564600
vt 0.217400 0.563600
vt 0.218500 0.563200
vt 0.207700 0.543300
vt 0.208800 0.543200
vt 0.208600 0.538800
vt 0.207400 0.538800
vt 0.208600 0.534300
vt 0.207500 0.534300
vt 0.206300 0.538800
vt 0.206500 0.543400
vt 0.205200 0.538800
vt 0.205400 0.543400
vt 0.206300 0.534300
vt 0.205200 0.534200
vt 0.206900 0.547900
vt 0.208100 0.547800
vt 0.207600 0.552400
vt 0.208700 0.552200
vt 0.205800 0.548000
vt 0.206500 0.552600
vt 0.209200 0.547600
vt 0.209800 0.552000
vt 0.210700 0.561000
vt 0.211800 0.560700
vt 0.210700 0.556400
vt 0.209600 0.556700
vt 0.208500 0.556900
vt 0.209500 0.561300
vt 0.207300 0.557100
vt 0.208400 0.561600
vt 0.210900 0.565700
vt 0.211900 0.565300
vt 0.209800 0.566000
vt 0.213000 0.565000
vt 0.216800 0.542700
vt 0.216600 0.538600
vt 0.215500 0.538700
vt 0.215600 0.542800
vt 0.216600 0.534600
vt 0.215500 0.534600
vt 0.216000 0.546900
vt 0.217200 0.546700
vt 0.216600 0.550900
vt 0.217800 0.550700
vt 0.218300 0.546600
vt 0.217900 0.542600
vt 0.219400 0.546500
vt 0.219100 0.542500
vt 0.218900 0.550600
vt 0.220000 0.550400
vt 0.217700 0.538600
vt 0.217800 0.534600
vt 0.218900 0.538600
vt 0.218900 0.534700
vt 0.221400 0.542400
vt 0.221300 0.538600
vt 0.220000 0.538600
vt 0.220200 0.542500
vt 0.221300 0.534700
vt 0.220000 0.534700
vt 0.220600 0.546300
vt 0.221800 0.546200
vt 0.221100 0.550200
vt 0.222300 0.550000
vt 0.223200 0.546000
vt 0.222800 0.542300
vt 0.224800 0.545900
vt 0.224400 0.542200
vt 0.223700 0.549800
vt 0.225300 0.549500
vt 0.222600 0.538500
vt 0.222700 0.534800
vt 0.224300 0.538500
vt 0.224300 0.534800
vt 0.219500 0.558700
vt 0.218500 0.554700
vt 0.217400 0.555000
vt 0.218400 0.559000
vt 0.219600 0.562900
vt 0.220700 0.562500
vt 0.221700 0.562200
vt 0.220600 0.558400
vt 0.222800 0.561800
vt 0.221700 0.558100
vt 0.219600 0.554500
vt 0.220800 0.554200
vt 0.224000 0.557500
vt 0.223100 0.553700
vt 0.221900 0.554000
vt 0.222800 0.557800
vt 0.223900 0.561500
vt 0.225100 0.561100
vt 0.226400 0.560700
vt 0.225300 0.557100
vt 0.228000 0.560200
vt 0.226900 0.556700
vt 0.224400 0.553500
vt 0.226000 0.553100
vt 0.217200 0.526500
vt 0.216100 0.526400
vt 0.215700 0.530400
vt 0.216800 0.530500
vt 0.214900 0.526200
vt 0.214500 0.530400
vt 0.218000 0.530600
vt 0.218300 0.526700
vt 0.219100 0.530700
vt 0.219500 0.526800
vt 0.218900 0.522700
vt 0.217800 0.522500
vt 0.219700 0.518800
vt 0.218600 0.518500
vt 0.220100 0.522900
vt 0.220800 0.519100
vt 0.216700 0.522300
vt 0.215500 0.522100
vt 0.217500 0.518300
vt 0.216300 0.518000
vt 0.220700 0.510700
vt 0.219600 0.510400
vt 0.218500 0.514300
vt 0.219600 0.514600
vt 0.218600 0.510000
vt 0.217400 0.514000
vt 0.220700 0.514900
vt 0.221800 0.511100
vt 0.221800 0.515200
vt 0.222900 0.511500
vt 0.223200 0.507400
vt 0.222100 0.506900
vt 0.224200 0.507800
vt 0.221000 0.506500
vt 0.220000 0.506100
vt 0.221800 0.527100
vt 0.220600 0.527000
vt 0.220200 0.530800
vt 0.221500 0.530900
vt 0.222800 0.531000
vt 0.223200 0.527300
vt 0.224500 0.531200
vt 0.224800 0.527500
vt 0.223800 0.523600
vt 0.222400 0.523300
vt 0.224500 0.519900
vt 0.223100 0.519600
vt 0.225400 0.523900
vt 0.226100 0.520300
vt 0.221200 0.523100
vt 0.221900 0.519300
vt 0.225200 0.512200
vt 0.224000 0.511800
vt 0.222900 0.515600
vt 0.224100 0.515900
vt 0.225400 0.516300
vt 0.226500 0.512700
vt 0.227000 0.516700
vt 0.228000 0.513200
vt 0.227700 0.509200
vt 0.226400 0.508700
vt 0.229300 0.509800
vt 0.225300 0.508200
vt 0.212700 0.525900
vt 0.212200 0.530200
vt 0.213400 0.530300
vt 0.213800 0.526100
vt 0.214400 0.521900
vt 0.213300 0.521700
vt 0.215200 0.517800
vt 0.214100 0.517500
vt 0.212200 0.521500
vt 0.211500 0.525800
vt 0.211000 0.521300
vt 0.210400 0.525600
vt 0.213000 0.517200
vt 0.211900 0.517000
vt 0.211100 0.530100
vt 0.210000 0.530000
vt 0.208100 0.525300
vt 0.207700 0.529800
vt 0.208800 0.529900
vt 0.209300 0.525500
vt 0.209900 0.521100
vt 0.208800 0.520900
vt 0.210800 0.516700
vt 0.209600 0.516500
vt 0.207600 0.520700
vt 0.207000 0.525200
vt 0.206500 0.520500
vt 0.205800 0.525000
vt 0.208500 0.516200
vt 0.207400 0.515900
vt 0.206500 0.529700
vt 0.205400 0.529600
vt 0.216400 0.509300
vt 0.215100 0.513400
vt 0.216200 0.513700
vt 0.217500 0.509600
vt 0.218900 0.505700
vt 0.217800 0.505300
vt 0.216700 0.504900
vt 0.215300 0.508900
vt 0.215700 0.504400
vt 0.214200 0.508500
vt 0.214000 0.513000
vt 0.212900 0.512700
vt 0.212000 0.507800
vt 0.210700 0.512100
vt 0.211800 0.512400
vt 0.213100 0.508200
vt 0.214600 0.504000
vt 0.213500 0.503600
vt 0.212500 0.503200
vt 0.210900 0.507400
vt 0.211400 0.502800
vt 0.209800 0.507100
vt 0.209600 0.511800
vt 0.208500 0.511500
vt 0.365800 0.594600
vt 0.364900 0.593900
vt 0.362100 0.597000
vt 0.362900 0.597800
vt 0.359000 0.599900
vt 0.359800 0.600800
vt 0.364100 0.593100
vt 0.361200 0.596200
vt 0.358300 0.599100
vt 0.363700 0.598600
vt 0.366700 0.595400
vt 0.364500 0.599400
vt 0.367500 0.596100
vt 0.360600 0.601600
vt 0.361400 0.602400
vt 0.369400 0.592100
vt 0.368500 0.591400
vt 0.372000 0.588600
vt 0.371100 0.588000
vt 0.370300 0.592800
vt 0.373000 0.589300
vt 0.367600 0.590600
vt 0.366700 0.589900
vt 0.370200 0.587300
vt 0.369200 0.586600
vt 0.375700 0.580800
vt 0.374700 0.580200
vt 0.372600 0.583800
vt 0.373500 0.584400
vt 0.373800 0.579700
vt 0.371600 0.583200
vt 0.374500 0.585100
vt 0.376700 0.581400
vt 0.375500 0.585700
vt 0.377700 0.581900
vt 0.378800 0.577600
vt 0.377800 0.577100
vt 0.380700 0.573700
vt 0.379600 0.573200
vt 0.379800 0.578100
vt 0.381700 0.574200
vt 0.376800 0.576500
vt 0.375700 0.576000
vt 0.378600 0.572800
vt 0.377500 0.572300
vt 0.369300 0.597600
vt 0.368400 0.596900
vt 0.365400 0.600100
vt 0.366200 0.600900
vt 0.362200 0.603300
vt 0.363000 0.604100
vt 0.367000 0.601700
vt 0.370100 0.598400
vt 0.367900 0.602500
vt 0.371000 0.599100
vt 0.363800 0.604900
vt 0.364600 0.605800
vt 0.373000 0.594900
vt 0.372100 0.594200
vt 0.375800 0.591300
vt 0.374900 0.590600
vt 0.373900 0.595600
vt 0.376700 0.591900
vt 0.371200 0.593500
vt 0.373900 0.589900
vt 0.379700 0.583100
vt 0.378700 0.582500
vt 0.376400 0.586300
vt 0.377400 0.586900
vt 0.378400 0.587500
vt 0.380700 0.583600
vt 0.379300 0.588100
vt 0.381700 0.584200
vt 0.382900 0.579700
vt 0.381900 0.579100
vt 0.384900 0.575600
vt 0.383800 0.575100
vt 0.383900 0.580200
vt 0.385900 0.576000
vt 0.380900 0.578600
vt 0.382800 0.574600
vt 0.362300 0.591600
vt 0.359600 0.594600
vt 0.360400 0.595400
vt 0.363200 0.592400
vt 0.356700 0.597400
vt 0.357500 0.598300
vt 0.365800 0.589200
vt 0.364900 0.588500
vt 0.368300 0.586000
vt 0.367400 0.585300
vt 0.364000 0.587800
vt 0.361500 0.590900
vt 0.363100 0.587100
vt 0.360600 0.590100
vt 0.366400 0.584600
vt 0.365500 0.584000
vt 0.358700 0.593800
vt 0.355900 0.596600
vt 0.357900 0.593000
vt 0.355100 0.595800
vt 0.358800 0.588600
vt 0.356200 0.591400
vt 0.357100 0.592200
vt 0.359700 0.589400
vt 0.353500 0.594100
vt 0.354300 0.595000
vt 0.362200 0.586400
vt 0.361200 0.585600
vt 0.364600 0.583300
vt 0.363600 0.582600
vt 0.360200 0.584800
vt 0.357700 0.587700
vt 0.358900 0.583800
vt 0.356500 0.586600
vt 0.362400 0.581800
vt 0.361100 0.580900
vt 0.355200 0.590400
vt 0.352500 0.593100
vt 0.354000 0.589300
vt 0.351400 0.591900
vt 0.371800 0.578500
vt 0.369600 0.582000
vt 0.370600 0.582600
vt 0.372800 0.579100
vt 0.374700 0.575500
vt 0.373700 0.575000
vt 0.376500 0.571800
vt 0.375400 0.571300
vt 0.372700 0.574500
vt 0.370800 0.578000
vt 0.371600 0.573900
vt 0.369800 0.577400
vt 0.374400 0.570900
vt 0.373300 0.570400
vt 0.368700 0.581300
vt 0.367700 0.580700
vt 0.367700 0.576200
vt 0.365700 0.579500
vt 0.366700 0.580100
vt 0.368800 0.576800
vt 0.370600 0.573400
vt 0.369500 0.572900
vt 0.372300 0.569900
vt 0.371200 0.569400
vt 0.368300 0.572200
vt 0.366500 0.575500
vt 0.366800 0.571500
vt 0.365100 0.574700
vt 0.369900 0.568900
vt 0.368400 0.568200
vt 0.364500 0.578700
vt 0.363200 0.577800
vt 0.350500 0.602700
vt 0.351200 0.603600
vt 0.354400 0.601000
vt 0.353700 0.600100
vt 0.351900 0.604500
vt 0.355200 0.601900
vt 0.352900 0.599300
vt 0.349800 0.601800
vt 0.352200 0.598400
vt 0.349100 0.600900
vt 0.346600 0.604200
vt 0.347200 0.605100
vt 0.343200 0.606400
vt 0.343900 0.607300
vt 0.345900 0.603200
vt 0.342600 0.605400
vt 0.347900 0.606000
vt 0.348600 0.607000
vt 0.344500 0.608300
vt 0.345100 0.609300
vt 0.336800 0.611300
vt 0.337300 0.612300
vt 0.340900 0.610400
vt 0.340400 0.609400
vt 0.337800 0.613300
vt 0.341500 0.611400
vt 0.339800 0.608400
vt 0.336300 0.610300
vt 0.339200 0.607400
vt 0.335800 0.609300
vt 0.332600 0.612000
vt 0.333100 0.613000
vt 0.332200 0.610900
vt 0.333600 0.614100
vt 0.334000 0.615100
vt 0.347600 0.599000
vt 0.348400 0.600000
vt 0.351400 0.597500
vt 0.350600 0.596600
vt 0.349700 0.595600
vt 0.346800 0.597900
vt 0.348700 0.594300
vt 0.345800 0.596700
vt 0.343800 0.600200
vt 0.344600 0.601300
vt 0.340600 0.602200
vt 0.341400 0.603400
vt 0.342800 0.598800
vt 0.339800 0.600900
vt 0.345300 0.602300
vt 0.342000 0.604400
vt 0.334700 0.607100
vt 0.335200 0.608200
vt 0.338700 0.606400
vt 0.338100 0.605400
vt 0.337400 0.604100
vt 0.334100 0.605900
vt 0.336600 0.602700
vt 0.333300 0.604500
vt 0.330700 0.607500
vt 0.331200 0.608800
vt 0.330000 0.606000
vt 0.331700 0.609900
vt 0.353300 0.606300
vt 0.356600 0.603600
vt 0.355900 0.602800
vt 0.352600 0.605400
vt 0.349200 0.607900
vt 0.349900 0.608800
vt 0.345700 0.610200
vt 0.346300 0.611200
vt 0.350500 0.609800
vt 0.354000 0.607200
vt 0.351200 0.610700
vt 0.354700 0.608100
vt 0.346900 0.612200
vt 0.347500 0.613100
vt 0.357400 0.604500
vt 0.358100 0.605400
vt 0.356100 0.609900
vt 0.359600 0.607100
vt 0.358900 0.606200
vt 0.355400 0.609000
vt 0.351800 0.611700
vt 0.352500 0.612600
vt 0.348100 0.614100
vt 0.348700 0.615100
vt 0.353200 0.613500
vt 0.356800 0.610800
vt 0.353800 0.614500
vt 0.357500 0.611700
vt 0.349400 0.616000
vt 0.350000 0.617000
vt 0.360400 0.608000
vt 0.361100 0.608800
vt 0.338800 0.615400
vt 0.342600 0.613400
vt 0.342100 0.612400
vt 0.338300 0.614400
vt 0.334500 0.616100
vt 0.335000 0.617200
vt 0.335400 0.618200
vt 0.339400 0.616400
vt 0.335900 0.619300
vt 0.339900 0.617400
vt 0.343200 0.614400
vt 0.343700 0.615400
vt 0.340900 0.619500
vt 0.344900 0.617400
vt 0.344300 0.616400
vt 0.340400 0.618500
vt 0.336400 0.620300
vt 0.336800 0.621400
vt 0.337300 0.622400
vt 0.341400 0.620500
vt 0.337700 0.623500
vt 0.341900 0.621500
vt 0.345400 0.618400
vt 0.346000 0.619400
vt 0.386900 0.531600
vt 0.385700 0.531600
vt 0.385900 0.535900
vt 0.387100 0.535800
vt 0.385900 0.540100
vt 0.387100 0.540100
vt 0.384600 0.531700
vt 0.384800 0.535900
vt 0.384800 0.540000
vt 0.388200 0.535800
vt 0.388000 0.531500
vt 0.389400 0.535800
vt 0.389200 0.531400
vt 0.388200 0.540200
vt 0.389300 0.540200
vt 0.387600 0.527200
vt 0.386500 0.527300
vt 0.387000 0.522900
vt 0.385900 0.523100
vt 0.388700 0.527000
vt 0.388100 0.522700
vt 0.385300 0.527400
vt 0.384200 0.527600
vt 0.384700 0.523300
vt 0.383600 0.523400
vt 0.384000 0.514700
vt 0.382900 0.515000
vt 0.383900 0.519100
vt 0.385000 0.518900
vt 0.381800 0.515300
vt 0.382800 0.519400
vt 0.386200 0.518600
vt 0.385100 0.514400
vt 0.387300 0.518400
vt 0.386200 0.514100
vt 0.383900 0.510300
vt 0.382800 0.510600
vt 0.385000 0.509900
vt 0.381700 0.511000
vt 0.380600 0.511300
vt 0.391400 0.531300
vt 0.390300 0.531300
vt 0.390500 0.535800
vt 0.391600 0.535800
vt 0.390500 0.540200
vt 0.391600 0.540300
vt 0.392800 0.535700
vt 0.392600 0.531200
vt 0.393900 0.535700
vt 0.393700 0.531100
vt 0.392800 0.540300
vt 0.393900 0.540300
vt 0.392100 0.526700
vt 0.391000 0.526800
vt 0.391500 0.522100
vt 0.390400 0.522300
vt 0.393300 0.526500
vt 0.392600 0.522000
vt 0.389900 0.526900
vt 0.389200 0.522500
vt 0.388400 0.513500
vt 0.387300 0.513800
vt 0.388400 0.518100
vt 0.389500 0.517900
vt 0.390600 0.517700
vt 0.389500 0.513200
vt 0.391700 0.517400
vt 0.390600 0.512900
vt 0.388200 0.508900
vt 0.387100 0.509200
vt 0.389300 0.508500
vt 0.386100 0.509600
vt 0.382300 0.531900
vt 0.382500 0.535900
vt 0.383600 0.535900
vt 0.383400 0.531800
vt 0.382500 0.540000
vt 0.383600 0.540000
vt 0.383000 0.527700
vt 0.381900 0.527800
vt 0.382500 0.523600
vt 0.381300 0.523800
vt 0.380800 0.528000
vt 0.381200 0.531900
vt 0.379600 0.528100
vt 0.380000 0.532000
vt 0.380200 0.524000
vt 0.379100 0.524200
vt 0.381300 0.535900
vt 0.381300 0.539900
vt 0.380200 0.536000
vt 0.380200 0.539900
vt 0.377600 0.532200
vt 0.377800 0.536000
vt 0.379000 0.536000
vt 0.378900 0.532100
vt 0.377800 0.539800
vt 0.379000 0.539900
vt 0.378500 0.528200
vt 0.377300 0.528400
vt 0.377900 0.524400
vt 0.376700 0.524600
vt 0.375900 0.528500
vt 0.376300 0.532300
vt 0.374300 0.528700
vt 0.374600 0.532400
vt 0.375400 0.524800
vt 0.373800 0.525100
vt 0.376400 0.536000
vt 0.376400 0.539800
vt 0.374800 0.536000
vt 0.374800 0.539700
vt 0.379600 0.515900
vt 0.380600 0.519800
vt 0.381700 0.519600
vt 0.380700 0.515600
vt 0.379500 0.511700
vt 0.378400 0.512000
vt 0.377300 0.512400
vt 0.378500 0.516200
vt 0.376200 0.512700
vt 0.377400 0.516500
vt 0.379400 0.520100
vt 0.378300 0.520300
vt 0.375100 0.517100
vt 0.376000 0.520800
vt 0.377200 0.520600
vt 0.376300 0.516800
vt 0.375200 0.513100
vt 0.374000 0.513400
vt 0.372700 0.513900
vt 0.373800 0.517500
vt 0.371100 0.514400
vt 0.372200 0.517900
vt 0.374700 0.521100
vt 0.373100 0.521400
vt 0.381900 0.548100
vt 0.383000 0.548200
vt 0.383400 0.544100
vt 0.382300 0.544000
vt 0.384200 0.548300
vt 0.384600 0.544200
vt 0.381100 0.543900
vt 0.380700 0.547900
vt 0.380000 0.543800
vt 0.379600 0.547800
vt 0.380200 0.551900
vt 0.381300 0.552100
vt 0.379400 0.555800
vt 0.380500 0.556000
vt 0.379000 0.551600
vt 0.378300 0.555500
vt 0.382400 0.552300
vt 0.383500 0.552500
vt 0.381600 0.556300
vt 0.382700 0.556500
vt 0.378400 0.563800
vt 0.379400 0.564200
vt 0.380600 0.560300
vt 0.379500 0.559900
vt 0.380500 0.564500
vt 0.381700 0.560600
vt 0.378400 0.559600
vt 0.377300 0.563400
vt 0.377300 0.559300
vt 0.376200 0.563100
vt 0.375900 0.567200
vt 0.377000 0.567600
vt 0.374900 0.566800
vt 0.378100 0.568000
vt 0.379100 0.568500
vt 0.377300 0.547400
vt 0.378500 0.547600
vt 0.378800 0.543700
vt 0.377600 0.543600
vt 0.376200 0.543500
vt 0.375900 0.547300
vt 0.374600 0.543400
vt 0.374300 0.547100
vt 0.375300 0.551000
vt 0.376700 0.551200
vt 0.374600 0.554700
vt 0.376000 0.555000
vt 0.373700 0.550700
vt 0.373000 0.554300
vt 0.377900 0.551400
vt 0.377200 0.555200
vt 0.373900 0.562300
vt 0.375100 0.562700
vt 0.376200 0.559000
vt 0.375000 0.558700
vt 0.373700 0.558300
vt 0.372600 0.561900
vt 0.372100 0.557900
vt 0.371100 0.561400
vt 0.371300 0.565400
vt 0.372600 0.565900
vt 0.369800 0.564800
vt 0.373800 0.566400
vt 0.386400 0.548600
vt 0.386800 0.544400
vt 0.385700 0.544300
vt 0.385300 0.548500
vt 0.384700 0.552700
vt 0.385800 0.552900
vt 0.383900 0.556800
vt 0.385000 0.557100
vt 0.386900 0.553100
vt 0.387600 0.548800
vt 0.388100 0.553300
vt 0.388700 0.548900
vt 0.386100 0.557300
vt 0.387200 0.557600
vt 0.388000 0.544500
vt 0.389100 0.544600
vt 0.391000 0.549200
vt 0.391400 0.544800
vt 0.390300 0.544700
vt 0.389800 0.549100
vt 0.389200 0.553500
vt 0.390300 0.553700
vt 0.388300 0.557800
vt 0.389400 0.558100
vt 0.391400 0.553900
vt 0.392100 0.549400
vt 0.392600 0.554100
vt 0.393200 0.549500
vt 0.390600 0.558400
vt 0.391700 0.558600
vt 0.392600 0.544900
vt 0.393700 0.544900
vt 0.382700 0.565300
vt 0.383900 0.561200
vt 0.382800 0.560900
vt 0.381600 0.564900
vt 0.380200 0.568900
vt 0.381300 0.569300
vt 0.382300 0.569700
vt 0.383800 0.565600
vt 0.383400 0.570100
vt 0.384900 0.566000
vt 0.385000 0.561500
vt 0.386200 0.561800
vt 0.387100 0.566700
vt 0.388400 0.562500
vt 0.387300 0.562100
vt 0.386000 0.566400
vt 0.384500 0.570500
vt 0.385500 0.571000
vt 0.386600 0.571400
vt 0.388200 0.567100
vt 0.387700 0.571800
vt 0.389200 0.567500
vt 0.389500 0.562800
vt 0.390600 0.563100
vt 0.259300 0.583300
vt 0.260900 0.581500
vt 0.258700 0.579500
vt 0.257100 0.581200
vt 0.256700 0.577400
vt 0.254900 0.579100
vt 0.262500 0.579700
vt 0.260400 0.577800
vt 0.258400 0.575800
vt 0.255400 0.583000
vt 0.257700 0.585100
vt 0.253700 0.584700
vt 0.256100 0.586900
vt 0.253200 0.580700
vt 0.251400 0.582400
vt 0.260100 0.587100
vt 0.261600 0.585200
vt 0.262600 0.589000
vt 0.264000 0.587000
vt 0.258600 0.589000
vt 0.261300 0.591000
vt 0.263100 0.583300
vt 0.264600 0.581400
vt 0.265400 0.585100
vt 0.266800 0.583100
vt 0.269100 0.590300
vt 0.270300 0.588200
vt 0.267800 0.586700
vt 0.266500 0.588700
vt 0.271500 0.586100
vt 0.269100 0.584700
vt 0.265200 0.590800
vt 0.267900 0.592400
vt 0.264000 0.592800
vt 0.266700 0.594500
vt 0.270700 0.593900
vt 0.271800 0.591800
vt 0.273500 0.595300
vt 0.274500 0.593100
vt 0.269600 0.596000
vt 0.272500 0.597500
vt 0.272900 0.589600
vt 0.274000 0.587500
vt 0.275500 0.590900
vt 0.276500 0.588700
vt 0.253000 0.590500
vt 0.254500 0.588700
vt 0.252000 0.586400
vt 0.250400 0.588100
vt 0.249700 0.584000
vt 0.248000 0.585600
vt 0.248900 0.589700
vt 0.251600 0.592100
vt 0.246400 0.587100
vt 0.254400 0.594400
vt 0.255700 0.592700
vt 0.257200 0.596600
vt 0.258500 0.594800
vt 0.257100 0.590900
vt 0.259900 0.592900
vt 0.264400 0.598600
vt 0.265500 0.596600
vt 0.262700 0.594800
vt 0.261400 0.596800
vt 0.260200 0.598600
vt 0.263300 0.600500
vt 0.266500 0.602200
vt 0.267500 0.600300
vt 0.269700 0.603800
vt 0.270600 0.601800
vt 0.268500 0.598200
vt 0.271600 0.599600
vt 0.265600 0.576000
vt 0.263800 0.574300
vt 0.262100 0.576000
vt 0.264100 0.577800
vt 0.262000 0.572500
vt 0.260200 0.574200
vt 0.266100 0.579600
vt 0.267600 0.577700
vt 0.268200 0.581200
vt 0.269600 0.579200
vt 0.269100 0.575800
vt 0.267200 0.574200
vt 0.270600 0.573900
vt 0.268800 0.572400
vt 0.271000 0.577200
vt 0.272400 0.575300
vt 0.265400 0.572600
vt 0.263700 0.570900
vt 0.267100 0.570900
vt 0.265500 0.569200
vt 0.271900 0.568800
vt 0.270400 0.567400
vt 0.268800 0.569100
vt 0.270400 0.570600
vt 0.268900 0.566000
vt 0.267200 0.567600
vt 0.272100 0.572000
vt 0.273500 0.570100
vt 0.273800 0.573300
vt 0.275200 0.571400
vt 0.275000 0.568400
vt 0.273400 0.567100
vt 0.276300 0.566700
vt 0.274800 0.565500
vt 0.276500 0.569500
vt 0.277800 0.567800
vt 0.272000 0.565800
vt 0.270600 0.564400
vt 0.273500 0.564200
vt 0.272200 0.562900
vt 0.273900 0.582000
vt 0.271700 0.580600
vt 0.270400 0.582700
vt 0.272700 0.584000
vt 0.275100 0.585300
vt 0.276200 0.583200
vt 0.277500 0.586500
vt 0.278500 0.584300
vt 0.277300 0.581000
vt 0.275100 0.579900
vt 0.278300 0.578900
vt 0.276300 0.577800
vt 0.279400 0.582100
vt 0.280400 0.579900
vt 0.273000 0.578600
vt 0.274300 0.576600
vt 0.278700 0.573600
vt 0.276900 0.572600
vt 0.275600 0.574500
vt 0.277500 0.575700
vt 0.279400 0.576700
vt 0.280500 0.574600
vt 0.281400 0.577700
vt 0.282400 0.575500
vt 0.281600 0.572600
vt 0.279800 0.571600
vt 0.282500 0.570600
vt 0.280900 0.569700
vt 0.283300 0.573400
vt 0.284200 0.571400
vt 0.278200 0.570600
vt 0.279300 0.568800
vt 0.258600 0.568600
vt 0.256700 0.570100
vt 0.258400 0.572200
vt 0.260200 0.570600
vt 0.254800 0.571600
vt 0.256600 0.573700
vt 0.262100 0.569100
vt 0.260500 0.567200
vt 0.263900 0.567500
vt 0.262400 0.565700
vt 0.259100 0.565200
vt 0.257100 0.566600
vt 0.257700 0.563200
vt 0.255700 0.564500
vt 0.261100 0.563900
vt 0.259800 0.562000
vt 0.255100 0.568000
vt 0.253100 0.569300
vt 0.253600 0.565800
vt 0.251600 0.567000
vt 0.253200 0.560100
vt 0.251000 0.561200
vt 0.252200 0.563500
vt 0.254400 0.562300
vt 0.248800 0.562200
vt 0.250100 0.564700
vt 0.256500 0.561200
vt 0.255300 0.559000
vt 0.258600 0.560000
vt 0.257500 0.558000
vt 0.254300 0.556800
vt 0.252100 0.557800
vt 0.253400 0.554600
vt 0.251100 0.555500
vt 0.256500 0.555900
vt 0.255600 0.553800
vt 0.249800 0.558800
vt 0.247600 0.559700
vt 0.248800 0.556300
vt 0.246600 0.557200
vt 0.266200 0.562800
vt 0.264400 0.564300
vt 0.265800 0.565900
vt 0.267600 0.564400
vt 0.269300 0.562900
vt 0.268000 0.561400
vt 0.270900 0.561600
vt 0.269800 0.560100
vt 0.266900 0.559900
vt 0.265000 0.561100
vt 0.265800 0.558200
vt 0.263800 0.559400
vt 0.268700 0.558600
vt 0.267600 0.557100
vt 0.263100 0.562500
vt 0.261800 0.560700
vt 0.261800 0.555800
vt 0.259700 0.556900
vt 0.260700 0.558800
vt 0.262800 0.557700
vt 0.264800 0.556600
vt 0.263900 0.554800
vt 0.266700 0.555500
vt 0.265800 0.553900
vt 0.263000 0.553100
vt 0.260900 0.554000
vt 0.262300 0.551300
vt 0.260100 0.552100
vt 0.265000 0.552200
vt 0.264300 0.550500
vt 0.258700 0.554900
vt 0.257900 0.552900
vt 0.251000 0.574500
vt 0.252900 0.576900
vt 0.254700 0.575300
vt 0.252900 0.573000
vt 0.251100 0.570700
vt 0.249200 0.572100
vt 0.249500 0.568300
vt 0.247500 0.569600
vt 0.247200 0.573500
vt 0.249100 0.576000
vt 0.245200 0.574800
vt 0.247100 0.577400
vt 0.245400 0.570900
vt 0.243400 0.572100
vt 0.251100 0.578400
vt 0.249200 0.580000
vt 0.243400 0.580300
vt 0.245600 0.583000
vt 0.247400 0.581500
vt 0.245200 0.578900
vt 0.243200 0.576200
vt 0.241300 0.577500
vt 0.241300 0.573400
vt 0.239300 0.574600
vt 0.239500 0.578800
vt 0.241700 0.581700
vt 0.237500 0.575800
vt 0.243900 0.584400
vt 0.244500 0.564400
vt 0.245900 0.567000
vt 0.248000 0.565800
vt 0.246700 0.563300
vt 0.245400 0.560700
vt 0.243200 0.561600
vt 0.244300 0.558000
vt 0.242000 0.558900
vt 0.241000 0.562600
vt 0.242300 0.565400
vt 0.238700 0.563600
vt 0.240100 0.566500
vt 0.239800 0.559700
vt 0.237500 0.560600
vt 0.243800 0.568200
vt 0.241700 0.569300
vt 0.235900 0.568600
vt 0.237500 0.571600
vt 0.239600 0.570500
vt 0.238000 0.567500
vt 0.236500 0.564500
vt 0.234400 0.565400
vt 0.235200 0.561400
vt 0.233000 0.562200
vt 0.232400 0.566300
vt 0.233900 0.569500
vt 0.231000 0.563000
vt 0.235600 0.572700
vt 0.339800 0.491300
vt 0.338200 0.493100
vt 0.340400 0.495100
vt 0.342000 0.493300
vt 0.342400 0.497100
vt 0.344200 0.495500
vt 0.336600 0.494900
vt 0.338700 0.496800
vt 0.340600 0.498800
vt 0.343700 0.491600
vt 0.341400 0.489500
vt 0.345400 0.489900
vt 0.343000 0.487700
vt 0.345900 0.493800
vt 0.347700 0.492200
vt 0.339000 0.487500
vt 0.337500 0.489300
vt 0.336400 0.485600
vt 0.335000 0.487500
vt 0.340400 0.485600
vt 0.337800 0.483600
vt 0.336000 0.491200
vt 0.334500 0.493100
vt 0.333600 0.489500
vt 0.332200 0.491400
vt 0.330000 0.484300
vt 0.328800 0.486300
vt 0.331200 0.487900
vt 0.332500 0.485800
vt 0.327600 0.488400
vt 0.329900 0.489900
vt 0.333800 0.483800
vt 0.331200 0.482200
vt 0.335100 0.481800
vt 0.332300 0.480100
vt 0.328400 0.480700
vt 0.327300 0.482800
vt 0.325600 0.479300
vt 0.324600 0.481500
vt 0.329500 0.478500
vt 0.326500 0.477100
vt 0.326200 0.485000
vt 0.325100 0.487100
vt 0.323600 0.483700
vt 0.322600 0.485900
vt 0.346100 0.484100
vt 0.344500 0.485800
vt 0.347000 0.488100
vt 0.348700 0.486500
vt 0.349400 0.490500
vt 0.351100 0.488900
vt 0.350200 0.484900
vt 0.347500 0.482500
vt 0.352700 0.487500
vt 0.344700 0.480200
vt 0.343400 0.481900
vt 0.341800 0.478000
vt 0.340600 0.479800
vt 0.341900 0.483700
vt 0.339200 0.481600
vt 0.334700 0.476000
vt 0.333500 0.478000
vt 0.336400 0.479700
vt 0.337700 0.477800
vt 0.338900 0.476000
vt 0.335800 0.474100
vt 0.332600 0.472400
vt 0.331600 0.474300
vt 0.329400 0.470800
vt 0.328500 0.472800
vt 0.330600 0.476400
vt 0.327500 0.474900
vt 0.333500 0.498500
vt 0.335300 0.500200
vt 0.337000 0.498500
vt 0.335000 0.496700
vt 0.337100 0.502100
vt 0.338900 0.500400
vt 0.333000 0.495000
vt 0.331500 0.496900
vt 0.330800 0.493400
vt 0.329400 0.495400
vt 0.330000 0.498800
vt 0.331900 0.500300
vt 0.328500 0.500700
vt 0.330300 0.502100
vt 0.328100 0.497300
vt 0.326700 0.499300
vt 0.333700 0.502000
vt 0.335400 0.503700
vt 0.332000 0.503700
vt 0.333600 0.505300
vt 0.327100 0.505700
vt 0.328700 0.507100
vt 0.330300 0.505400
vt 0.328700 0.504000
vt 0.330100 0.508600
vt 0.331900 0.507000
vt 0.327000 0.502600
vt 0.325500 0.504400
vt 0.325300 0.501200
vt 0.323900 0.503200
vt 0.324100 0.506200
vt 0.325600 0.507500
vt 0.322800 0.507900
vt 0.324200 0.509100
vt 0.322600 0.505000
vt 0.321300 0.506800
vt 0.327100 0.508800
vt 0.328500 0.510200
vt 0.325600 0.510300
vt 0.326900 0.511600
vt 0.325200 0.492600
vt 0.327300 0.493900
vt 0.328600 0.491900
vt 0.326400 0.490500
vt 0.324000 0.489200
vt 0.322900 0.491400
vt 0.321600 0.488100
vt 0.320600 0.490300
vt 0.321800 0.493500
vt 0.324000 0.494700
vt 0.320700 0.495700
vt 0.322800 0.496800
vt 0.319600 0.492500
vt 0.318700 0.494700
vt 0.326000 0.496000
vt 0.324700 0.498000
vt 0.320400 0.500900
vt 0.322200 0.502000
vt 0.323400 0.500000
vt 0.321600 0.498900
vt 0.319600 0.497800
vt 0.318600 0.499900
vt 0.317700 0.496900
vt 0.316700 0.499000
vt 0.317500 0.502000
vt 0.319300 0.502900
vt 0.316500 0.503900
vt 0.318200 0.504800
vt 0.315800 0.501100
vt 0.314900 0.503100
vt 0.320900 0.503900
vt 0.319800 0.505800
vt 0.340500 0.505900
vt 0.342400 0.504400
vt 0.340700 0.502400
vt 0.338800 0.503900
vt 0.344300 0.503000
vt 0.342500 0.500800
vt 0.337000 0.505500
vt 0.338600 0.507400
vt 0.335200 0.507100
vt 0.336600 0.508800
vt 0.340000 0.509300
vt 0.342000 0.508000
vt 0.341400 0.511300
vt 0.343400 0.510100
vt 0.338000 0.510700
vt 0.339300 0.512600
vt 0.344000 0.506600
vt 0.346000 0.505200
vt 0.345500 0.508800
vt 0.347500 0.507500
vt 0.345900 0.514500
vt 0.348100 0.513400
vt 0.346800 0.511100
vt 0.344700 0.512200
vt 0.350300 0.512300
vt 0.348900 0.509900
vt 0.342600 0.513400
vt 0.343800 0.515500
vt 0.340500 0.514600
vt 0.341600 0.516600
vt 0.344800 0.517700
vt 0.347000 0.516800
vt 0.345700 0.520000
vt 0.348000 0.519100
vt 0.342600 0.518700
vt 0.343500 0.520800
vt 0.349200 0.515800
vt 0.351500 0.514800
vt 0.350300 0.518300
vt 0.352500 0.517400
vt 0.332800 0.511700
vt 0.334700 0.510300
vt 0.333300 0.508600
vt 0.331500 0.510100
vt 0.329800 0.511600
vt 0.331000 0.513100
vt 0.328200 0.513000
vt 0.329300 0.514400
vt 0.332200 0.514700
vt 0.334100 0.513400
vt 0.333300 0.516300
vt 0.335200 0.515100
vt 0.330400 0.515900
vt 0.331400 0.517500
vt 0.336000 0.512100
vt 0.337300 0.513900
vt 0.337300 0.518700
vt 0.339400 0.517700
vt 0.338400 0.515800
vt 0.336300 0.516900
vt 0.334300 0.518000
vt 0.335200 0.519700
vt 0.332400 0.519100
vt 0.333300 0.520700
vt 0.336100 0.521500
vt 0.338200 0.520600
vt 0.336800 0.523300
vt 0.339000 0.522500
vt 0.334000 0.522400
vt 0.334700 0.524100
vt 0.340400 0.519600
vt 0.341200 0.521700
vt 0.348100 0.500000
vt 0.346200 0.497700
vt 0.344400 0.499300
vt 0.346200 0.501500
vt 0.347900 0.503800
vt 0.349900 0.502500
vt 0.349600 0.506200
vt 0.351600 0.505000
vt 0.351900 0.501100
vt 0.350000 0.498600
vt 0.353900 0.499700
vt 0.351900 0.497100
vt 0.353700 0.503700
vt 0.355700 0.502400
vt 0.348000 0.496200
vt 0.349900 0.494600
vt 0.355700 0.494200
vt 0.353500 0.491500
vt 0.351700 0.493000
vt 0.353900 0.495600
vt 0.355900 0.498400
vt 0.357800 0.497000
vt 0.357800 0.501200
vt 0.359700 0.499900
vt 0.359600 0.495800
vt 0.357400 0.492900
vt 0.361600 0.498800
vt 0.355100 0.490100
vt 0.354600 0.510200
vt 0.353200 0.507600
vt 0.351100 0.508700
vt 0.352400 0.511300
vt 0.353700 0.513900
vt 0.355900 0.512900
vt 0.354800 0.516600
vt 0.357100 0.515700
vt 0.358100 0.512000
vt 0.356800 0.509100
vt 0.360300 0.511000
vt 0.358900 0.508100
vt 0.359300 0.514900
vt 0.361600 0.514000
vt 0.355300 0.506400
vt 0.357400 0.505200
vt 0.363200 0.506000
vt 0.361600 0.502900
vt 0.359500 0.504000
vt 0.361100 0.507000
vt 0.362600 0.510100
vt 0.364700 0.509100
vt 0.363900 0.513200
vt 0.366000 0.512300
vt 0.366700 0.508300
vt 0.365200 0.505000
vt 0.368100 0.511600
vt 0.363500 0.501900
vt 0.238200 0.541300
vt 0.240600 0.541100
vt 0.240400 0.538300
vt 0.238000 0.538300
vt 0.240400 0.535400
vt 0.238000 0.535300
vt 0.243000 0.541000
vt 0.242900 0.538200
vt 0.242900 0.535400
vt 0.235600 0.538300
vt 0.235700 0.541500
vt 0.233200 0.538400
vt 0.233300 0.541600
vt 0.235600 0.535200
vt 0.233200 0.535100
vt 0.236000 0.544600
vt 0.238400 0.544300
vt 0.236500 0.547700
vt 0.238900 0.547300
vt 0.233600 0.544800
vt 0.234100 0.548100
vt 0.240800 0.544000
vt 0.243200 0.543700
vt 0.241300 0.546900
vt 0.243600 0.546500
vt 0.240200 0.553100
vt 0.242500 0.552500
vt 0.241800 0.549700
vt 0.239400 0.550200
vt 0.244800 0.551900
vt 0.244200 0.549200
vt 0.237100 0.550700
vt 0.237800 0.553800
vt 0.234700 0.551200
vt 0.235500 0.554400
vt 0.238700 0.556800
vt 0.241000 0.556000
vt 0.236400 0.557500
vt 0.243300 0.555300
vt 0.245600 0.554500
vt 0.228600 0.541900
vt 0.230900 0.541800
vt 0.230700 0.538400
vt 0.228400 0.538500
vt 0.230800 0.535000
vt 0.228400 0.535000
vt 0.226200 0.538500
vt 0.226400 0.542100
vt 0.226200 0.534900
vt 0.226700 0.545600
vt 0.228900 0.545400
vt 0.227200 0.549200
vt 0.229400 0.548800
vt 0.231200 0.545100
vt 0.231700 0.548500
vt 0.230900 0.555600
vt 0.233100 0.555000
vt 0.232300 0.551800
vt 0.230000 0.552200
vt 0.227900 0.552700
vt 0.228800 0.556200
vt 0.229800 0.559600
vt 0.231900 0.559000
vt 0.234100 0.558200
vt 0.247800 0.540700
vt 0.247700 0.538100
vt 0.245300 0.538200
vt 0.245400 0.540800
vt 0.247700 0.535600
vt 0.245300 0.535500
vt 0.245700 0.543500
vt 0.248100 0.543200
vt 0.246000 0.546100
vt 0.248400 0.545700
vt 0.250500 0.542900
vt 0.250200 0.540500
vt 0.252900 0.542600
vt 0.252700 0.540300
vt 0.250800 0.545300
vt 0.253200 0.544900
vt 0.250100 0.538100
vt 0.250100 0.535700
vt 0.252600 0.538100
vt 0.252600 0.535800
vt 0.257400 0.540000
vt 0.257400 0.538000
vt 0.255000 0.538000
vt 0.255100 0.540200
vt 0.257400 0.535900
vt 0.255000 0.535800
vt 0.255300 0.542400
vt 0.257600 0.542100
vt 0.255600 0.544500
vt 0.257900 0.544100
vt 0.259900 0.541800
vt 0.259700 0.539900
vt 0.262100 0.541600
vt 0.261900 0.539700
vt 0.260200 0.543700
vt 0.262400 0.543400
vt 0.259600 0.537900
vt 0.259600 0.536000
vt 0.261800 0.537900
vt 0.261800 0.536100
vt 0.249500 0.550600
vt 0.248900 0.548200
vt 0.246500 0.548700
vt 0.247200 0.551300
vt 0.247900 0.553800
vt 0.250200 0.553100
vt 0.252500 0.552300
vt 0.251900 0.550000
vt 0.254800 0.551600
vt 0.254200 0.549400
vt 0.251300 0.547700
vt 0.253600 0.547200
vt 0.258800 0.548200
vt 0.258300 0.546200
vt 0.256000 0.546700
vt 0.256500 0.548800
vt 0.257200 0.550900
vt 0.259400 0.550100
vt 0.261600 0.549400
vt 0.261100 0.547600
vt 0.263700 0.548700
vt 0.263200 0.547000
vt 0.260600 0.545700
vt 0.262700 0.545200
vt 0.248100 0.530500
vt 0.245700 0.530200
vt 0.245400 0.532900
vt 0.247800 0.533100
vt 0.243300 0.529900
vt 0.243000 0.532700
vt 0.250300 0.533300
vt 0.250500 0.530900
vt 0.252700 0.533500
vt 0.252900 0.531200
vt 0.250800 0.528500
vt 0.248500 0.528000
vt 0.251300 0.526100
vt 0.248900 0.525600
vt 0.253200 0.528900
vt 0.253700 0.526700
vt 0.246100 0.527600
vt 0.243700 0.527200
vt 0.246600 0.525000
vt 0.244200 0.524500
vt 0.250300 0.520700
vt 0.248000 0.519900
vt 0.247200 0.522500
vt 0.249600 0.523100
vt 0.245700 0.519100
vt 0.244900 0.521800
vt 0.251900 0.523800
vt 0.252600 0.521500
vt 0.254200 0.524400
vt 0.254900 0.522200
vt 0.253400 0.519200
vt 0.251100 0.518300
vt 0.254300 0.517000
vt 0.252100 0.516000
vt 0.255700 0.520100
vt 0.256500 0.518000
vt 0.248900 0.517400
vt 0.246600 0.516500
vt 0.249900 0.515000
vt 0.247700 0.514000
vt 0.257700 0.531800
vt 0.255300 0.531500
vt 0.255100 0.533700
vt 0.257500 0.533900
vt 0.259700 0.534000
vt 0.259900 0.532100
vt 0.261900 0.534200
vt 0.262100 0.532400
vt 0.260200 0.530200
vt 0.258000 0.529800
vt 0.260600 0.528300
vt 0.258400 0.527700
vt 0.262400 0.530600
vt 0.262700 0.528800
vt 0.255600 0.529300
vt 0.256000 0.527200
vt 0.259500 0.523800
vt 0.257200 0.523000
vt 0.256600 0.525100
vt 0.258900 0.525800
vt 0.261100 0.526400
vt 0.261700 0.524500
vt 0.263200 0.527000
vt 0.263700 0.525200
vt 0.262300 0.522700
vt 0.260200 0.521900
vt 0.263100 0.520900
vt 0.260900 0.520000
vt 0.264400 0.523500
vt 0.265100 0.521800
vt 0.257900 0.521000
vt 0.258800 0.519000
vt 0.238500 0.529300
vt 0.238200 0.532300
vt 0.240600 0.532500
vt 0.240900 0.529600
vt 0.241300 0.526800
vt 0.238900 0.526300
vt 0.241800 0.523900
vt 0.239500 0.523400
vt 0.236500 0.525900
vt 0.236100 0.529000
vt 0.234100 0.525500
vt 0.233700 0.528700
vt 0.237100 0.522800
vt 0.234800 0.522300
vt 0.235800 0.532100
vt 0.233300 0.531900
vt 0.228900 0.528000
vt 0.228600 0.531500
vt 0.230900 0.531700
vt 0.231200 0.528300
vt 0.231700 0.525000
vt 0.229400 0.524600
vt 0.232400 0.521700
vt 0.230100 0.521200
vt 0.227300 0.524200
vt 0.226800 0.527800
vt 0.228000 0.520700
vt 0.226400 0.531300
vt 0.241100 0.517600
vt 0.240200 0.520500
vt 0.242500 0.521100
vt 0.243400 0.518400
vt 0.244300 0.515700
vt 0.242100 0.514800
vt 0.245500 0.513000
vt 0.243200 0.512000
vt 0.239800 0.513900
vt 0.238800 0.516800
vt 0.237600 0.513000
vt 0.236500 0.516000
vt 0.241000 0.511000
vt 0.238800 0.510000
vt 0.237900 0.519800
vt 0.235500 0.519100
vt 0.231900 0.514500
vt 0.230900 0.517800
vt 0.233200 0.518500
vt 0.234200 0.515300
vt 0.235300 0.512100
vt 0.233100 0.511300
vt 0.236600 0.509000
vt 0.234400 0.508100
vt 0.231100 0.510500
vt 0.229900 0.513800
vt 0.232400 0.507200
vt 0.228800 0.517200
vt 0.346100 0.577600
vt 0.344300 0.576000
vt 0.342300 0.578100
vt 0.344100 0.579800
vt 0.340300 0.580200
vt 0.341900 0.581900
vt 0.342400 0.574400
vt 0.340600 0.576500
vt 0.338600 0.578400
vt 0.345800 0.581500
vt 0.347900 0.579200
vt 0.347600 0.583200
vt 0.349800 0.580800
vt 0.343600 0.583700
vt 0.345300 0.585400
vt 0.350000 0.576800
vt 0.348000 0.575300
vt 0.351800 0.574300
vt 0.349900 0.572900
vt 0.351900 0.578300
vt 0.353800 0.575700
vt 0.346100 0.573800
vt 0.344200 0.572300
vt 0.347900 0.571500
vt 0.345900 0.570100
vt 0.353100 0.567900
vt 0.351000 0.566700
vt 0.349500 0.569100
vt 0.351600 0.570400
vt 0.348900 0.565500
vt 0.347500 0.567800
vt 0.353600 0.571700
vt 0.355200 0.569100
vt 0.355600 0.573000
vt 0.357300 0.570300
vt 0.356700 0.566300
vt 0.354600 0.565200
vt 0.358100 0.563500
vt 0.355800 0.562500
vt 0.358900 0.567400
vt 0.360300 0.564500
vt 0.352400 0.564100
vt 0.350200 0.563000
vt 0.353600 0.561600
vt 0.351400 0.560600
vt 0.353400 0.583900
vt 0.351600 0.582400
vt 0.349300 0.584800
vt 0.351000 0.586500
vt 0.346900 0.587200
vt 0.348600 0.588900
vt 0.352600 0.588000
vt 0.355000 0.585300
vt 0.350100 0.590500
vt 0.357300 0.582600
vt 0.355600 0.581200
vt 0.359500 0.579700
vt 0.357700 0.578500
vt 0.353800 0.579800
vt 0.355800 0.577100
vt 0.361500 0.572700
vt 0.359400 0.571500
vt 0.357700 0.574300
vt 0.359700 0.575600
vt 0.361500 0.576800
vt 0.363400 0.573700
vt 0.365100 0.570600
vt 0.363100 0.569600
vt 0.366600 0.567400
vt 0.364600 0.566500
vt 0.361000 0.568600
vt 0.362500 0.565500
vt 0.338800 0.571200
vt 0.337100 0.573100
vt 0.338800 0.574800
vt 0.340600 0.572800
vt 0.335300 0.574900
vt 0.336900 0.576600
vt 0.342300 0.570800
vt 0.340400 0.569300
vt 0.343900 0.568700
vt 0.341900 0.567300
vt 0.338500 0.567800
vt 0.336900 0.569700
vt 0.336600 0.566300
vt 0.335100 0.568100
vt 0.340000 0.565900
vt 0.338000 0.564500
vt 0.335300 0.571400
vt 0.333600 0.573100
vt 0.333600 0.569800
vt 0.331900 0.571400
vt 0.331500 0.564900
vt 0.330100 0.566400
vt 0.331800 0.568100
vt 0.333300 0.566500
vt 0.328600 0.567900
vt 0.330200 0.569600
vt 0.334700 0.564800
vt 0.332800 0.563300
vt 0.336000 0.563100
vt 0.334000 0.561700
vt 0.331000 0.561900
vt 0.329700 0.563400
vt 0.329300 0.560600
vt 0.328100 0.562000
vt 0.332200 0.560400
vt 0.330400 0.559100
vt 0.328400 0.564900
vt 0.327000 0.566200
vt 0.326900 0.563400
vt 0.325600 0.564700
vt 0.344700 0.563100
vt 0.343400 0.565200
vt 0.345400 0.566500
vt 0.346800 0.564300
vt 0.348100 0.561900
vt 0.345900 0.560800
vt 0.349200 0.559600
vt 0.347000 0.558600
vt 0.343700 0.559700
vt 0.342600 0.561900
vt 0.341600 0.558600
vt 0.340500 0.560600
vt 0.344800 0.557600
vt 0.342500 0.556600
vt 0.341300 0.563900
vt 0.339300 0.562600
vt 0.336300 0.558300
vt 0.335200 0.560000
vt 0.337200 0.561300
vt 0.338300 0.559400
vt 0.339400 0.557500
vt 0.337300 0.556500
vt 0.340300 0.555600
vt 0.338100 0.554600
vt 0.335200 0.555400
vt 0.334300 0.557100
vt 0.333200 0.554400
vt 0.332300 0.556000
vt 0.336000 0.553700
vt 0.334000 0.552700
vt 0.333200 0.558800
vt 0.331400 0.557600
vt 0.331400 0.578200
vt 0.332900 0.580100
vt 0.334900 0.578400
vt 0.333400 0.576600
vt 0.334400 0.582000
vt 0.336500 0.580200
vt 0.331800 0.574700
vt 0.329900 0.576300
vt 0.330200 0.572900
vt 0.328400 0.574300
vt 0.328000 0.577700
vt 0.329400 0.579700
vt 0.325900 0.579000
vt 0.327200 0.581100
vt 0.326600 0.575700
vt 0.324600 0.577000
vt 0.330700 0.581600
vt 0.332100 0.583600
vt 0.328500 0.583100
vt 0.329800 0.585200
vt 0.322800 0.583500
vt 0.323900 0.585700
vt 0.326300 0.584500
vt 0.325100 0.582400
vt 0.325000 0.587900
vt 0.327400 0.586600
vt 0.323900 0.580300
vt 0.321700 0.581400
vt 0.322700 0.578100
vt 0.320600 0.579200
vt 0.319500 0.582400
vt 0.320500 0.584600
vt 0.317300 0.583300
vt 0.318200 0.585600
vt 0.318600 0.580200
vt 0.316400 0.581000
vt 0.321500 0.586800
vt 0.322500 0.589000
vt 0.319000 0.587800
vt 0.319900 0.590100
vt 0.325500 0.570600
vt 0.326900 0.572400
vt 0.328600 0.571100
vt 0.327100 0.569300
vt 0.325600 0.567500
vt 0.324100 0.568700
vt 0.324200 0.565900
vt 0.322700 0.567000
vt 0.322500 0.569900
vt 0.323800 0.571800
vt 0.320900 0.571000
vt 0.322100 0.572900
vt 0.321300 0.568100
vt 0.319700 0.569100
vt 0.325200 0.573700
vt 0.323400 0.574900
vt 0.318500 0.574900
vt 0.319600 0.577100
vt 0.321500 0.576000
vt 0.320300 0.574000
vt 0.319200 0.572000
vt 0.317500 0.572900
vt 0.318100 0.570000
vt 0.316500 0.570900
vt 0.315700 0.573700
vt 0.316600 0.575800
vt 0.313900 0.574400
vt 0.314700 0.576600
vt 0.314800 0.571700
vt 0.313100 0.572400
vt 0.317600 0.578000
vt 0.315600 0.578800
vt 0.337400 0.585800
vt 0.339700 0.583900
vt 0.338100 0.582100
vt 0.335900 0.583900
vt 0.333500 0.585600
vt 0.334900 0.587600
vt 0.331100 0.587200
vt 0.332400 0.589300
vt 0.336300 0.589600
vt 0.338800 0.587700
vt 0.337700 0.591600
vt 0.340300 0.589600
vt 0.333700 0.591300
vt 0.335000 0.593300
vt 0.341300 0.585800
vt 0.342900 0.587600
vt 0.343300 0.593400
vt 0.346000 0.591200
vt 0.344400 0.589400
vt 0.341800 0.591500
vt 0.339100 0.593500
vt 0.340500 0.595500
vt 0.336300 0.595400
vt 0.337600 0.597400
vt 0.341700 0.597200
vt 0.344600 0.595100
vt 0.338700 0.599200
vt 0.347400 0.592900
vt 0.327200 0.592200
vt 0.329800 0.590800
vt 0.328600 0.588700
vt 0.326100 0.590000
vt 0.323500 0.591200
vt 0.324400 0.593500
vt 0.320800 0.592300
vt 0.321700 0.594600
vt 0.325400 0.595700
vt 0.328300 0.594400
vt 0.326400 0.597900
vt 0.329300 0.596500
vt 0.322500 0.596800
vt 0.323400 0.599100
vt 0.331000 0.592900
vt 0.332200 0.595000
vt 0.331500 0.600800
vt 0.334600 0.599100
vt 0.333400 0.597100
vt 0.330400 0.598700
vt 0.327400 0.600100
vt 0.328300 0.602200
vt 0.324300 0.601400
vt 0.325100 0.603500
vt 0.329200 0.604200
vt 0.332500 0.602700
vt 0.325900 0.605600
vt 0.335600 0.601000
vt 0.360900 0.533300
vt 0.358500 0.533400
vt 0.358600 0.536300
vt 0.361100 0.536300
vt 0.358600 0.539200
vt 0.361100 0.539300
vt 0.356100 0.533600
vt 0.356200 0.536300
vt 0.356200 0.539100
vt 0.363500 0.536200
vt 0.363400 0.533100
vt 0.365900 0.536200
vt 0.365800 0.532900
vt 0.363500 0.539400
vt 0.365900 0.539400
vt 0.363100 0.530000
vt 0.360600 0.530300
vt 0.362600 0.526900
vt 0.360200 0.527300
vt 0.365500 0.529700
vt 0.365000 0.526500
vt 0.358200 0.530500
vt 0.355800 0.530800
vt 0.357800 0.527700
vt 0.355400 0.528100
vt 0.358900 0.521400
vt 0.356600 0.522000
vt 0.357300 0.524800
vt 0.359600 0.524300
vt 0.354300 0.522700
vt 0.354900 0.525400
vt 0.362000 0.523800
vt 0.361300 0.520800
vt 0.364400 0.523300
vt 0.363600 0.520200
vt 0.360400 0.517800
vt 0.358100 0.518500
vt 0.362700 0.517100
vt 0.355800 0.519300
vt 0.353500 0.520000
vt 0.370500 0.532600
vt 0.368200 0.532800
vt 0.368300 0.536100
vt 0.370700 0.536100
vt 0.368300 0.539500
vt 0.370700 0.539600
vt 0.372900 0.536100
vt 0.372700 0.532500
vt 0.372900 0.539700
vt 0.372400 0.528900
vt 0.370200 0.529200
vt 0.371900 0.525400
vt 0.369700 0.525700
vt 0.367900 0.529400
vt 0.367400 0.526100
vt 0.368200 0.518900
vt 0.365900 0.519500
vt 0.366700 0.522800
vt 0.369000 0.522300
vt 0.371200 0.521900
vt 0.370300 0.518400
vt 0.369300 0.514900
vt 0.367200 0.515600
vt 0.365000 0.516300
vt 0.351300 0.533900
vt 0.351400 0.536400
vt 0.353800 0.536400
vt 0.353700 0.533700
vt 0.351400 0.539000
vt 0.353800 0.539000
vt 0.353400 0.531100
vt 0.351000 0.531400
vt 0.353100 0.528500
vt 0.350700 0.528900
vt 0.348600 0.531600
vt 0.348800 0.534100
vt 0.346200 0.531900
vt 0.346400 0.534200
vt 0.348300 0.529300
vt 0.345900 0.529700
vt 0.349000 0.536500
vt 0.349000 0.538900
vt 0.346500 0.536500
vt 0.346500 0.538800
vt 0.341600 0.534500
vt 0.341700 0.536600
vt 0.344100 0.536500
vt 0.344000 0.534400
vt 0.341700 0.538600
vt 0.344100 0.538700
vt 0.343800 0.532200
vt 0.341400 0.532500
vt 0.343500 0.530000
vt 0.341100 0.530400
vt 0.339200 0.532700
vt 0.339400 0.534700
vt 0.337000 0.533000
vt 0.337200 0.534800
vt 0.338900 0.530800
vt 0.336700 0.531200
vt 0.339400 0.536600
vt 0.339400 0.538600
vt 0.337300 0.536700
vt 0.337300 0.538500
vt 0.349600 0.523900
vt 0.350200 0.526400
vt 0.352500 0.525900
vt 0.351900 0.523300
vt 0.351200 0.520800
vt 0.348800 0.521500
vt 0.346500 0.522200
vt 0.347200 0.524500
vt 0.344200 0.523000
vt 0.344900 0.525200
vt 0.347800 0.526900
vt 0.345400 0.527400
vt 0.340300 0.526400
vt 0.340800 0.528400
vt 0.343100 0.527900
vt 0.342600 0.525800
vt 0.341900 0.523700
vt 0.339700 0.524400
vt 0.337500 0.525100
vt 0.338000 0.527000
vt 0.335400 0.525800
vt 0.335900 0.527600
vt 0.338500 0.528900
vt 0.336400 0.529400
vt 0.351000 0.544000
vt 0.353400 0.544300
vt 0.353700 0.541700
vt 0.351200 0.541500
vt 0.355800 0.544600
vt 0.356100 0.541900
vt 0.348800 0.541300
vt 0.348600 0.543700
vt 0.346400 0.541100
vt 0.346200 0.543400
vt 0.348200 0.546100
vt 0.350600 0.546500
vt 0.347800 0.548400
vt 0.350100 0.549000
vt 0.345900 0.545700
vt 0.345400 0.547900
vt 0.353000 0.546900
vt 0.355400 0.547400
vt 0.352500 0.549500
vt 0.354900 0.550100
vt 0.348800 0.553900
vt 0.351100 0.554600
vt 0.351900 0.552100
vt 0.349500 0.551400
vt 0.353400 0.555400
vt 0.354200 0.552800
vt 0.347200 0.550800
vt 0.346500 0.553100
vt 0.344900 0.550100
vt 0.344200 0.552300
vt 0.345700 0.555400
vt 0.348000 0.556200
vt 0.343400 0.554500
vt 0.350200 0.557100
vt 0.352500 0.558000
vt 0.341400 0.542800
vt 0.343800 0.543100
vt 0.344000 0.540900
vt 0.341600 0.540700
vt 0.339300 0.540500
vt 0.339200 0.542500
vt 0.337200 0.540300
vt 0.337000 0.542200
vt 0.338900 0.544400
vt 0.341100 0.544800
vt 0.338500 0.546300
vt 0.340700 0.546800
vt 0.336700 0.544000
vt 0.336400 0.545800
vt 0.343500 0.545200
vt 0.343000 0.547400
vt 0.339600 0.550800
vt 0.341900 0.551500
vt 0.342500 0.549500
vt 0.340200 0.548800
vt 0.338000 0.548200
vt 0.337400 0.550000
vt 0.335900 0.547600
vt 0.335400 0.549300
vt 0.336800 0.551900
vt 0.338900 0.552700
vt 0.334700 0.551000
vt 0.341200 0.553600
vt 0.360600 0.545300
vt 0.360900 0.542300
vt 0.358500 0.542100
vt 0.358200 0.545000
vt 0.357800 0.547800
vt 0.360200 0.548200
vt 0.357200 0.550600
vt 0.359600 0.551200
vt 0.362600 0.548700
vt 0.363000 0.545600
vt 0.365000 0.549100
vt 0.365400 0.545900
vt 0.362000 0.551700
vt 0.364300 0.552300
vt 0.363300 0.542500
vt 0.365800 0.542700
vt 0.370200 0.546500
vt 0.370500 0.543100
vt 0.368200 0.542900
vt 0.367800 0.546200
vt 0.367400 0.549500
vt 0.369700 0.550000
vt 0.366700 0.552800
vt 0.369000 0.553400
vt 0.371800 0.550300
vt 0.372300 0.546800
vt 0.371100 0.553900
vt 0.372700 0.543200
vt 0.358000 0.557000
vt 0.358900 0.554100
vt 0.356500 0.553400
vt 0.355700 0.556200
vt 0.354700 0.558900
vt 0.357000 0.559800
vt 0.359300 0.560700
vt 0.360300 0.557700
vt 0.361500 0.561600
vt 0.362600 0.558500
vt 0.361200 0.554800
vt 0.363600 0.555400
vt 0.367100 0.560000
vt 0.368200 0.556700
vt 0.365900 0.556100
vt 0.364900 0.559300
vt 0.363800 0.562400
vt 0.366000 0.563300
vt 0.368000 0.564100
vt 0.369200 0.560700
vt 0.370300 0.557300
vt 0.253000 0.497000
vt 0.254800 0.498500
vt 0.256800 0.496400
vt 0.255000 0.494800
vt 0.258800 0.494400
vt 0.257200 0.492600
vt 0.256600 0.500100
vt 0.258500 0.498100
vt 0.260500 0.496200
vt 0.253300 0.493100
vt 0.251100 0.495400
vt 0.251500 0.491400
vt 0.249300 0.493800
vt 0.255500 0.490900
vt 0.253800 0.489100
vt 0.249100 0.497800
vt 0.251000 0.499300
vt 0.247200 0.500300
vt 0.249200 0.501700
vt 0.247200 0.496300
vt 0.245300 0.498800
vt 0.253000 0.500800
vt 0.254900 0.502300
vt 0.251200 0.503100
vt 0.253200 0.504500
vt 0.246000 0.506700
vt 0.248100 0.507900
vt 0.249600 0.505400
vt 0.247500 0.504100
vt 0.250200 0.509100
vt 0.251600 0.506700
vt 0.245500 0.502800
vt 0.243900 0.505500
vt 0.243400 0.501500
vt 0.241800 0.504300
vt 0.242400 0.508200
vt 0.244500 0.509300
vt 0.240200 0.507100
vt 0.246700 0.510400
vt 0.248900 0.511500
vt 0.245700 0.490700
vt 0.247500 0.492200
vt 0.249700 0.489700
vt 0.248100 0.488100
vt 0.252100 0.487400
vt 0.250500 0.485700
vt 0.246500 0.486600
vt 0.244000 0.489200
vt 0.249000 0.484100
vt 0.241700 0.492000
vt 0.243500 0.493300
vt 0.239600 0.494800
vt 0.241400 0.496100
vt 0.245300 0.494800
vt 0.243300 0.497400
vt 0.237600 0.501900
vt 0.239600 0.503100
vt 0.241400 0.500200
vt 0.239400 0.499000
vt 0.237600 0.497800
vt 0.235700 0.500800
vt 0.234000 0.504000
vt 0.235900 0.504900
vt 0.238000 0.506000
vt 0.260300 0.503300
vt 0.262000 0.501500
vt 0.260300 0.499800
vt 0.258500 0.501700
vt 0.263800 0.499700
vt 0.262200 0.497900
vt 0.256800 0.503800
vt 0.258700 0.505300
vt 0.255200 0.505900
vt 0.257200 0.507300
vt 0.260600 0.506700
vt 0.262100 0.504900
vt 0.262500 0.508200
vt 0.264000 0.506500
vt 0.259100 0.508700
vt 0.261100 0.510100
vt 0.263800 0.503100
vt 0.265500 0.501400
vt 0.265500 0.504800
vt 0.267200 0.503200
vt 0.267600 0.509600
vt 0.269000 0.508100
vt 0.267300 0.506500
vt 0.265800 0.508100
vt 0.270500 0.506700
vt 0.268800 0.504900
vt 0.264400 0.509700
vt 0.266300 0.511200
vt 0.263100 0.511500
vt 0.265000 0.512900
vt 0.268100 0.512600
vt 0.269300 0.511100
vt 0.269800 0.514000
vt 0.271000 0.512500
vt 0.266900 0.514200
vt 0.268700 0.515400
vt 0.270700 0.509700
vt 0.272100 0.508300
vt 0.272200 0.511200
vt 0.273500 0.509900
vt 0.254400 0.511500
vt 0.255700 0.509400
vt 0.253700 0.508000
vt 0.252300 0.510300
vt 0.251000 0.512600
vt 0.253200 0.513700
vt 0.255400 0.514800
vt 0.256500 0.512700
vt 0.257500 0.515900
vt 0.258600 0.513900
vt 0.257800 0.510700
vt 0.259800 0.512000
vt 0.262800 0.516300
vt 0.263900 0.514600
vt 0.261900 0.513300
vt 0.260700 0.515100
vt 0.259700 0.517000
vt 0.261800 0.518100
vt 0.263900 0.519200
vt 0.264800 0.517400
vt 0.265900 0.520200
vt 0.266700 0.518500
vt 0.265800 0.515800
vt 0.267700 0.517000
vt 0.267700 0.496400
vt 0.266200 0.494500
vt 0.264100 0.496200
vt 0.265700 0.498000
vt 0.264700 0.492600
vt 0.262600 0.494300
vt 0.267300 0.499800
vt 0.269200 0.498300
vt 0.268900 0.501700
vt 0.270700 0.500200
vt 0.271100 0.496900
vt 0.269700 0.494900
vt 0.273100 0.495500
vt 0.271800 0.493500
vt 0.272500 0.498900
vt 0.274400 0.497600
vt 0.268300 0.492900
vt 0.266900 0.490900
vt 0.270600 0.491400
vt 0.269300 0.489400
vt 0.276300 0.491000
vt 0.275200 0.488900
vt 0.272800 0.490100
vt 0.274000 0.492200
vt 0.274100 0.486700
vt 0.271600 0.488000
vt 0.275200 0.494300
vt 0.277400 0.493200
vt 0.276400 0.496400
vt 0.278400 0.495300
vt 0.279500 0.492200
vt 0.278600 0.490000
vt 0.281800 0.491300
vt 0.280900 0.489000
vt 0.280500 0.494400
vt 0.282700 0.493500
vt 0.277600 0.487700
vt 0.276600 0.485500
vt 0.280000 0.486700
vt 0.279200 0.484500
vt 0.273600 0.504000
vt 0.272200 0.502100
vt 0.270500 0.503500
vt 0.272000 0.505300
vt 0.273500 0.507000
vt 0.275000 0.505800
vt 0.274900 0.508700
vt 0.276300 0.507500
vt 0.276600 0.504700
vt 0.275300 0.502800
vt 0.278200 0.503600
vt 0.277000 0.501600
vt 0.277800 0.506400
vt 0.279400 0.505400
vt 0.273900 0.500800
vt 0.275700 0.499600
vt 0.280600 0.499600
vt 0.279500 0.497500
vt 0.277600 0.498500
vt 0.278800 0.500600
vt 0.279900 0.502600
vt 0.281600 0.501700
vt 0.281000 0.504500
vt 0.282600 0.503700
vt 0.283400 0.500900
vt 0.282500 0.498800
vt 0.285200 0.500100
vt 0.284400 0.498000
vt 0.284300 0.502900
vt 0.286000 0.502200
vt 0.281500 0.496600
vt 0.283500 0.495800
vt 0.261700 0.488700
vt 0.259400 0.490600
vt 0.261000 0.492500
vt 0.263200 0.490700
vt 0.265600 0.488900
vt 0.264200 0.487000
vt 0.268000 0.487400
vt 0.266700 0.485300
vt 0.262800 0.485000
vt 0.260200 0.486800
vt 0.261400 0.483000
vt 0.258800 0.484900
vt 0.265400 0.483300
vt 0.264100 0.481200
vt 0.257800 0.488800
vt 0.256200 0.487000
vt 0.255800 0.481200
vt 0.253100 0.483400
vt 0.254700 0.485100
vt 0.257300 0.483000
vt 0.260000 0.481000
vt 0.258600 0.479100
vt 0.262800 0.479200
vt 0.261500 0.477200
vt 0.257400 0.477300
vt 0.254500 0.479400
vt 0.260400 0.475300
vt 0.251700 0.481700
vt 0.271900 0.482400
vt 0.269300 0.483800
vt 0.270400 0.485900
vt 0.273000 0.484500
vt 0.275600 0.483300
vt 0.274600 0.481100
vt 0.278300 0.482200
vt 0.277400 0.480000
vt 0.273700 0.478900
vt 0.270800 0.480200
vt 0.272700 0.476700
vt 0.269700 0.478000
vt 0.276600 0.477700
vt 0.275700 0.475500
vt 0.268100 0.481700
vt 0.266900 0.479600
vt 0.267600 0.473800
vt 0.264500 0.475400
vt 0.265700 0.477500
vt 0.268700 0.475900
vt 0.271700 0.474500
vt 0.270800 0.472300
vt 0.274800 0.473200
vt 0.274000 0.471000
vt 0.269900 0.470300
vt 0.266600 0.471800
vt 0.273200 0.469000
vt 0.263500 0.473500
vt 0.304000 0.598300
vt 0.303800 0.595900
vt 0.300900 0.596000
vt 0.301000 0.598400
vt 0.298000 0.596000
vt 0.298000 0.598400
vt 0.303700 0.593500
vt 0.300900 0.593600
vt 0.298100 0.593600
vt 0.301100 0.600800
vt 0.304200 0.600700
vt 0.301100 0.603300
vt 0.304400 0.603100
vt 0.297900 0.600800
vt 0.297800 0.603200
vt 0.307300 0.600500
vt 0.307000 0.598100
vt 0.310400 0.600000
vt 0.310000 0.597700
vt 0.307600 0.602800
vt 0.310800 0.602400
vt 0.306700 0.595700
vt 0.306400 0.593300
vt 0.309600 0.595300
vt 0.309200 0.592900
vt 0.315900 0.596400
vt 0.315300 0.594100
vt 0.312500 0.594700
vt 0.313000 0.597100
vt 0.314600 0.591800
vt 0.311900 0.592400
vt 0.313500 0.599500
vt 0.316600 0.598700
vt 0.314000 0.601800
vt 0.317200 0.601100
vt 0.319600 0.597900
vt 0.318800 0.595600
vt 0.320300 0.600200
vt 0.318100 0.593300
vt 0.317300 0.591000
vt 0.304700 0.607900
vt 0.304500 0.605500
vt 0.301200 0.605700
vt 0.301200 0.608000
vt 0.297800 0.605600
vt 0.297700 0.608000
vt 0.301300 0.610200
vt 0.304900 0.610000
vt 0.297700 0.610100
vt 0.308500 0.609700
vt 0.308200 0.607600
vt 0.312000 0.609200
vt 0.311700 0.607100
vt 0.307900 0.605200
vt 0.311300 0.604800
vt 0.318500 0.605600
vt 0.317900 0.603400
vt 0.314600 0.604200
vt 0.315100 0.606400
vt 0.315600 0.608600
vt 0.319100 0.607700
vt 0.322500 0.606700
vt 0.321800 0.604700
vt 0.321100 0.602500
vt 0.303300 0.588700
vt 0.300800 0.588800
vt 0.300800 0.591200
vt 0.303500 0.591100
vt 0.298200 0.588800
vt 0.298200 0.591200
vt 0.306100 0.590900
vt 0.305800 0.588500
vt 0.308800 0.590500
vt 0.308400 0.588100
vt 0.305600 0.586100
vt 0.303100 0.586300
vt 0.305300 0.583700
vt 0.303000 0.583900
vt 0.308000 0.585800
vt 0.307500 0.583400
vt 0.300700 0.586400
vt 0.298300 0.586400
vt 0.300700 0.584000
vt 0.298300 0.584000
vt 0.302600 0.579100
vt 0.300500 0.579200
vt 0.300600 0.581600
vt 0.302800 0.581500
vt 0.298500 0.579200
vt 0.298400 0.581600
vt 0.305000 0.581300
vt 0.304700 0.579000
vt 0.307100 0.581000
vt 0.306700 0.578700
vt 0.304400 0.576700
vt 0.302400 0.576900
vt 0.304100 0.574600
vt 0.302300 0.574700
vt 0.306300 0.576400
vt 0.305900 0.574300
vt 0.300500 0.576900
vt 0.298500 0.576900
vt 0.300400 0.574800
vt 0.298600 0.574800
vt 0.313300 0.587100
vt 0.310900 0.587700
vt 0.311400 0.590000
vt 0.314000 0.589400
vt 0.316500 0.588700
vt 0.315800 0.586400
vt 0.315000 0.584100
vt 0.312700 0.584800
vt 0.314300 0.581800
vt 0.312100 0.582400
vt 0.310300 0.585300
vt 0.309800 0.583000
vt 0.310800 0.577800
vt 0.308800 0.578300
vt 0.309300 0.580600
vt 0.311400 0.580100
vt 0.313500 0.579500
vt 0.312800 0.577200
vt 0.312000 0.575100
vt 0.310200 0.575600
vt 0.311300 0.573000
vt 0.309600 0.573500
vt 0.308200 0.576100
vt 0.307800 0.573900
vt 0.293100 0.588400
vt 0.292800 0.590800
vt 0.295500 0.591000
vt 0.295700 0.588600
vt 0.292500 0.593200
vt 0.295300 0.593400
vt 0.295800 0.586200
vt 0.293400 0.586000
vt 0.296000 0.583800
vt 0.293700 0.583600
vt 0.291000 0.585600
vt 0.290600 0.588000
vt 0.288600 0.585100
vt 0.288100 0.587500
vt 0.291400 0.583200
vt 0.289200 0.582800
vt 0.290200 0.590400
vt 0.289800 0.592700
vt 0.287600 0.589800
vt 0.287000 0.592200
vt 0.283200 0.586100
vt 0.282400 0.588400
vt 0.285000 0.589200
vt 0.285600 0.586900
vt 0.281700 0.590700
vt 0.284300 0.591500
vt 0.286300 0.584500
vt 0.284000 0.583800
vt 0.286900 0.582200
vt 0.284700 0.581600
vt 0.281700 0.583000
vt 0.280800 0.585300
vt 0.282600 0.580800
vt 0.279900 0.587500
vt 0.279100 0.589700
vt 0.294300 0.578900
vt 0.294000 0.581200
vt 0.296200 0.581400
vt 0.296400 0.579100
vt 0.296600 0.576800
vt 0.294600 0.576600
vt 0.296700 0.574700
vt 0.294900 0.574500
vt 0.292700 0.576300
vt 0.292300 0.578600
vt 0.290800 0.575900
vt 0.290200 0.578100
vt 0.293100 0.574200
vt 0.291200 0.573800
vt 0.291900 0.580900
vt 0.289700 0.580400
vt 0.286200 0.577000
vt 0.285500 0.579300
vt 0.287600 0.579900
vt 0.288200 0.577600
vt 0.288900 0.575400
vt 0.287000 0.574800
vt 0.289500 0.573300
vt 0.287700 0.572800
vt 0.285100 0.574200
vt 0.284300 0.576300
vt 0.285900 0.572100
vt 0.283400 0.578500
vt 0.291900 0.597900
vt 0.294900 0.598200
vt 0.295100 0.595800
vt 0.292200 0.595500
vt 0.289400 0.595100
vt 0.288900 0.597500
vt 0.286500 0.594500
vt 0.286000 0.596900
vt 0.288500 0.599800
vt 0.291600 0.600300
vt 0.288100 0.602200
vt 0.291300 0.602700
vt 0.285400 0.599200
vt 0.284900 0.601600
vt 0.294800 0.600600
vt 0.294600 0.603000
vt 0.290700 0.607400
vt 0.294200 0.607800
vt 0.294400 0.605400
vt 0.291000 0.605100
vt 0.287700 0.604600
vt 0.287300 0.606900
vt 0.284400 0.603900
vt 0.283900 0.606200
vt 0.286900 0.609000
vt 0.290500 0.609600
vt 0.283400 0.608300
vt 0.294100 0.609900
vt 0.280100 0.595200
vt 0.283000 0.596100
vt 0.283700 0.593800
vt 0.280900 0.593000
vt 0.278200 0.592000
vt 0.277300 0.594200
vt 0.276400 0.596500
vt 0.279400 0.597500
vt 0.275500 0.598700
vt 0.278600 0.599800
vt 0.282400 0.598400
vt 0.281700 0.600800
vt 0.277100 0.604300
vt 0.280500 0.605300
vt 0.281100 0.603100
vt 0.277900 0.602100
vt 0.274700 0.601000
vt 0.273800 0.603100
vt 0.273000 0.605100
vt 0.276400 0.606400
vt 0.279900 0.607400
vt 0.295100 0.476200
vt 0.295200 0.478600
vt 0.298200 0.478500
vt 0.298100 0.476100
vt 0.301100 0.478600
vt 0.301100 0.476200
vt 0.295400 0.481100
vt 0.298200 0.480900
vt 0.301000 0.481000
vt 0.298000 0.473700
vt 0.294900 0.473800
vt 0.298000 0.471300
vt 0.294700 0.471400
vt 0.301200 0.473700
vt 0.301200 0.471300
vt 0.291800 0.474100
vt 0.292100 0.476500
vt 0.288700 0.474500
vt 0.289100 0.476900
vt 0.291500 0.471700
vt 0.288200 0.472200
vt 0.292400 0.478900
vt 0.292600 0.481300
vt 0.289500 0.479300
vt 0.289900 0.481700
vt 0.283200 0.478200
vt 0.283800 0.480500
vt 0.286600 0.479800
vt 0.286100 0.477500
vt 0.284500 0.482800
vt 0.287200 0.482200
vt 0.285600 0.475100
vt 0.282500 0.475800
vt 0.285000 0.472700
vt 0.281900 0.473500
vt 0.279500 0.476700
vt 0.280300 0.479000
vt 0.278800 0.474400
vt 0.281000 0.481300
vt 0.281800 0.483600
vt 0.294400 0.466700
vt 0.294500 0.469000
vt 0.297900 0.468900
vt 0.297900 0.466600
vt 0.301300 0.468900
vt 0.301400 0.466600
vt 0.297800 0.464400
vt 0.294200 0.464500
vt 0.301400 0.464400
vt 0.290600 0.464900
vt 0.290900 0.467000
vt 0.287100 0.465300
vt 0.287400 0.467500
vt 0.291200 0.469300
vt 0.287800 0.469800
vt 0.280600 0.468900
vt 0.281200 0.471200
vt 0.284500 0.470400
vt 0.284000 0.468100
vt 0.283500 0.466000
vt 0.280000 0.466800
vt 0.276600 0.467800
vt 0.277300 0.469900
vt 0.278000 0.472100
vt 0.295800 0.485900
vt 0.298300 0.485800
vt 0.298300 0.483400
vt 0.295600 0.483500
vt 0.300900 0.485800
vt 0.300900 0.483400
vt 0.292900 0.483700
vt 0.293200 0.486100
vt 0.290300 0.484000
vt 0.290700 0.486400
vt 0.293500 0.488500
vt 0.296000 0.488300
vt 0.293800 0.490900
vt 0.296100 0.490700
vt 0.291100 0.488800
vt 0.291500 0.491200
vt 0.298400 0.488200
vt 0.300800 0.488200
vt 0.298400 0.490600
vt 0.300700 0.490600
vt 0.296500 0.495400
vt 0.298500 0.495300
vt 0.298500 0.493000
vt 0.296300 0.493100
vt 0.300600 0.495400
vt 0.300700 0.493000
vt 0.294100 0.493300
vt 0.294400 0.495600
vt 0.292000 0.493600
vt 0.292400 0.495900
vt 0.294700 0.497900
vt 0.296600 0.497700
vt 0.295000 0.500000
vt 0.296800 0.499800
vt 0.292800 0.498100
vt 0.293100 0.500300
vt 0.298600 0.497600
vt 0.300600 0.497600
vt 0.298700 0.499800
vt 0.300500 0.499800
vt 0.285700 0.487500
vt 0.288200 0.486900
vt 0.287700 0.484500
vt 0.285100 0.485100
vt 0.282500 0.485900
vt 0.283300 0.488200
vt 0.284100 0.490500
vt 0.286400 0.489800
vt 0.284800 0.492800
vt 0.287000 0.492100
vt 0.288700 0.489200
vt 0.289300 0.491600
vt 0.288300 0.496700
vt 0.290300 0.496300
vt 0.289800 0.493900
vt 0.287700 0.494500
vt 0.285600 0.495100
vt 0.286300 0.497300
vt 0.287100 0.499500
vt 0.288900 0.499000
vt 0.287800 0.501600
vt 0.289500 0.501100
vt 0.290800 0.498500
vt 0.291300 0.500600
vt 0.306000 0.486200
vt 0.306300 0.483800
vt 0.303600 0.483500
vt 0.303400 0.485900
vt 0.306600 0.481400
vt 0.303800 0.481100
vt 0.303200 0.488300
vt 0.305700 0.488600
vt 0.303100 0.490700
vt 0.305400 0.491000
vt 0.308100 0.488900
vt 0.308500 0.486600
vt 0.310400 0.489400
vt 0.311000 0.487100
vt 0.307600 0.491300
vt 0.309900 0.491800
vt 0.308900 0.484200
vt 0.309300 0.481800
vt 0.311500 0.484700
vt 0.312000 0.482400
vt 0.315900 0.488400
vt 0.316600 0.486200
vt 0.314100 0.485400
vt 0.313400 0.487700
vt 0.317400 0.483900
vt 0.314700 0.483100
vt 0.312800 0.490000
vt 0.315100 0.490700
vt 0.312100 0.492300
vt 0.314400 0.493000
vt 0.317400 0.491500
vt 0.318300 0.489300
vt 0.316500 0.493800
vt 0.319200 0.487100
vt 0.320000 0.484800
vt 0.304800 0.495700
vt 0.305100 0.493400
vt 0.302900 0.493100
vt 0.302700 0.495500
vt 0.302500 0.497700
vt 0.304500 0.498000
vt 0.302400 0.499900
vt 0.304200 0.500100
vt 0.306400 0.498300
vt 0.306800 0.496000
vt 0.308300 0.498600
vt 0.308800 0.496400
vt 0.306000 0.500400
vt 0.307800 0.500800
vt 0.307200 0.493700
vt 0.309400 0.494100
vt 0.312800 0.497500
vt 0.313600 0.495300
vt 0.311500 0.494700
vt 0.310900 0.496900
vt 0.310200 0.499100
vt 0.312100 0.499700
vt 0.309600 0.501200
vt 0.311400 0.501800
vt 0.314000 0.500400
vt 0.314800 0.498200
vt 0.313200 0.502400
vt 0.315700 0.496000
vt 0.307200 0.476600
vt 0.304100 0.476300
vt 0.304000 0.478700
vt 0.306900 0.479000
vt 0.309700 0.479500
vt 0.310100 0.477100
vt 0.312600 0.480000
vt 0.313100 0.477700
vt 0.310600 0.474700
vt 0.307500 0.474200
vt 0.311000 0.472300
vt 0.307800 0.471900
vt 0.313700 0.475300
vt 0.314200 0.473000
vt 0.304300 0.473900
vt 0.304500 0.471500
vt 0.308300 0.467200
vt 0.304900 0.466800
vt 0.304700 0.469100
vt 0.308100 0.469500
vt 0.311400 0.470000
vt 0.311800 0.467700
vt 0.314700 0.470600
vt 0.315200 0.468400
vt 0.312200 0.465600
vt 0.308600 0.465000
vt 0.315700 0.466300
vt 0.305000 0.464600
vt 0.318900 0.479300
vt 0.316000 0.478400
vt 0.315400 0.480700
vt 0.318200 0.481600
vt 0.320900 0.482600
vt 0.321800 0.480300
vt 0.322700 0.478100
vt 0.319700 0.477000
vt 0.323500 0.475900
vt 0.320500 0.474700
vt 0.316700 0.476100
vt 0.317300 0.473800
vt 0.322000 0.470300
vt 0.318600 0.469200
vt 0.318000 0.471500
vt 0.321200 0.472500
vt 0.324400 0.473600
vt 0.325300 0.471400
vt 0.326100 0.469400
vt 0.322700 0.468200
vt 0.319200 0.467100
vt 0.301200 0.564600
vt 0.300800 0.563100
vt 0.299800 0.563500
vt 0.300000 0.564800
vt 0.298900 0.563700
vt 0.298800 0.564900
vt 0.300400 0.561800
vt 0.299500 0.562400
vt 0.298900 0.562800
vt 0.300100 0.566300
vt 0.301400 0.566100
vt 0.300200 0.567800
vt 0.301600 0.567600
vt 0.298800 0.566300
vt 0.298800 0.567800
vt 0.302700 0.565700
vt 0.302400 0.564100
vt 0.304100 0.565300
vt 0.303600 0.563700
vt 0.303000 0.567400
vt 0.304500 0.567000
vt 0.301900 0.562600
vt 0.301400 0.561100
vt 0.303100 0.562000
vt 0.302500 0.560400
vt 0.306200 0.562600
vt 0.305600 0.560800
vt 0.304300 0.561400
vt 0.304900 0.563200
vt 0.304900 0.559000
vt 0.303600 0.559700
vt 0.305400 0.564900
vt 0.306800 0.564400
vt 0.305900 0.566600
vt 0.307400 0.566100
vt 0.308200 0.563900
vt 0.307500 0.562100
vt 0.309600 0.563300
vt 0.308900 0.561500
vt 0.308800 0.565600
vt 0.310300 0.565100
vt 0.306900 0.560300
vt 0.306200 0.558400
vt 0.308200 0.559700
vt 0.307500 0.557900
vt 0.302000 0.570900
vt 0.301800 0.569200
vt 0.300200 0.569400
vt 0.300300 0.571100
vt 0.298700 0.569400
vt 0.298700 0.571100
vt 0.300400 0.572900
vt 0.302100 0.572800
vt 0.298600 0.572800
vt 0.303800 0.572600
vt 0.303600 0.570800
vt 0.305600 0.572300
vt 0.305200 0.570500
vt 0.303300 0.569000
vt 0.304900 0.568700
vt 0.308500 0.569700
vt 0.307900 0.567900
vt 0.306400 0.568300
vt 0.306800 0.570100
vt 0.307300 0.572000
vt 0.309000 0.571500
vt 0.310700 0.571000
vt 0.310100 0.569200
vt 0.312300 0.570400
vt 0.311600 0.568600
vt 0.309400 0.567400
vt 0.311000 0.566900
vt 0.299000 0.559300
vt 0.298100 0.560500
vt 0.298900 0.561400
vt 0.299700 0.560500
vt 0.297500 0.561700
vt 0.298300 0.562300
vt 0.300700 0.559600
vt 0.299900 0.558300
vt 0.301800 0.558800
vt 0.301000 0.557200
vt 0.299000 0.556900
vt 0.298100 0.558200
vt 0.298000 0.555600
vt 0.297100 0.557100
vt 0.300100 0.555700
vt 0.299100 0.554200
vt 0.297200 0.559500
vt 0.296500 0.560900
vt 0.296200 0.558600
vt 0.295400 0.560200
vt 0.294800 0.555100
vt 0.293900 0.556900
vt 0.295100 0.557700
vt 0.296000 0.556100
vt 0.293100 0.558700
vt 0.294300 0.559400
vt 0.297000 0.554400
vt 0.295800 0.553300
vt 0.298000 0.552800
vt 0.296800 0.551400
vt 0.294500 0.552300
vt 0.293600 0.554300
vt 0.293100 0.551600
vt 0.292200 0.553600
vt 0.295500 0.550300
vt 0.294100 0.549500
vt 0.292700 0.556100
vt 0.291800 0.558000
vt 0.291400 0.555500
vt 0.290500 0.557300
vt 0.303300 0.555400
vt 0.302100 0.556300
vt 0.302900 0.558000
vt 0.304100 0.557200
vt 0.305400 0.556600
vt 0.304600 0.554600
vt 0.306800 0.556000
vt 0.306000 0.554000
vt 0.303800 0.552600
vt 0.302500 0.553500
vt 0.302900 0.550600
vt 0.301500 0.551600
vt 0.305200 0.552000
vt 0.304400 0.549800
vt 0.301200 0.554600
vt 0.300300 0.552800
vt 0.299300 0.547700
vt 0.298000 0.549500
vt 0.299200 0.551100
vt 0.300500 0.549600
vt 0.301900 0.548400
vt 0.300700 0.546000
vt 0.303500 0.547500
vt 0.302500 0.544900
vt 0.299400 0.543500
vt 0.297900 0.545900
vt 0.297600 0.541700
vt 0.296200 0.544700
vt 0.301300 0.541800
vt 0.299500 0.537300
vt 0.296600 0.548200
vt 0.295100 0.547200
vt 0.296500 0.564400
vt 0.297700 0.564800
vt 0.297900 0.563500
vt 0.296900 0.563000
vt 0.295900 0.562400
vt 0.295300 0.563900
vt 0.294700 0.561800
vt 0.294100 0.563400
vt 0.294900 0.565500
vt 0.296200 0.565900
vt 0.294500 0.567100
vt 0.295900 0.567400
vt 0.293600 0.565000
vt 0.293100 0.566600
vt 0.297500 0.566200
vt 0.297300 0.567700
vt 0.295400 0.570700
vt 0.297000 0.570900
vt 0.297200 0.569300
vt 0.295700 0.569000
vt 0.294100 0.568700
vt 0.293800 0.570400
vt 0.292600 0.568300
vt 0.292200 0.570000
vt 0.293400 0.572200
vt 0.295100 0.572500
vt 0.291700 0.571900
vt 0.296900 0.572700
vt 0.291600 0.562100
vt 0.292900 0.562800
vt 0.293600 0.561100
vt 0.292300 0.560400
vt 0.291000 0.559700
vt 0.290300 0.561500
vt 0.289700 0.559100
vt 0.288900 0.560900
vt 0.289500 0.563300
vt 0.290900 0.563900
vt 0.288800 0.565000
vt 0.290200 0.565600
vt 0.288200 0.562600
vt 0.287400 0.564400
vt 0.292200 0.564400
vt 0.291700 0.566100
vt 0.289000 0.569000
vt 0.290600 0.569600
vt 0.291100 0.567800
vt 0.289600 0.567300
vt 0.288100 0.566700
vt 0.287400 0.568400
vt 0.286600 0.566100
vt 0.285900 0.567800
vt 0.286700 0.570200
vt 0.288300 0.570900
vt 0.285100 0.569600
vt 0.290000 0.571400
vt 0.297900 0.510000
vt 0.298300 0.511400
vt 0.299300 0.511000
vt 0.299100 0.509700
vt 0.300200 0.510900
vt 0.300300 0.509600
vt 0.298700 0.512800
vt 0.299600 0.512200
vt 0.300200 0.511800
vt 0.299000 0.508300
vt 0.297700 0.508500
vt 0.298900 0.506800
vt 0.297500 0.506900
vt 0.300300 0.508200
vt 0.300300 0.506700
vt 0.296400 0.508800
vt 0.296700 0.510400
vt 0.295000 0.509200
vt 0.295500 0.510900
vt 0.296100 0.507200
vt 0.294600 0.507500
vt 0.297200 0.512000
vt 0.297700 0.513500
vt 0.296000 0.512500
vt 0.296600 0.514200
vt 0.292900 0.511900
vt 0.293500 0.513700
vt 0.294800 0.513100
vt 0.294200 0.511400
vt 0.294200 0.515500
vt 0.295400 0.514900
vt 0.293700 0.509700
vt 0.292300 0.510200
vt 0.293200 0.508000
vt 0.291700 0.508400
vt 0.290900 0.510700
vt 0.291500 0.512500
vt 0.289500 0.511200
vt 0.290200 0.513000
vt 0.290300 0.508900
vt 0.288800 0.509500
vt 0.292200 0.514300
vt 0.292900 0.516100
vt 0.290900 0.514800
vt 0.291600 0.516700
vt 0.297100 0.503600
vt 0.297300 0.505300
vt 0.298800 0.505200
vt 0.298800 0.503500
vt 0.300400 0.505200
vt 0.300400 0.503500
vt 0.298700 0.501700
vt 0.297000 0.501800
vt 0.300500 0.501700
vt 0.295200 0.502000
vt 0.295500 0.503800
vt 0.293500 0.502200
vt 0.293900 0.504100
vt 0.295800 0.505500
vt 0.294200 0.505800
vt 0.290600 0.504900
vt 0.291200 0.506700
vt 0.292700 0.506200
vt 0.292200 0.504400
vt 0.291800 0.502600
vt 0.290100 0.503000
vt 0.288400 0.503500
vt 0.289000 0.505400
vt 0.286700 0.504100
vt 0.287500 0.505900
vt 0.289600 0.507200
vt 0.288100 0.507700
vt 0.300100 0.515200
vt 0.300900 0.514100
vt 0.300200 0.513200
vt 0.299300 0.514000
vt 0.301600 0.512900
vt 0.300800 0.512200
vt 0.298400 0.514900
vt 0.299200 0.516300
vt 0.297300 0.515800
vt 0.298100 0.517300
vt 0.300000 0.517600
vt 0.301000 0.516400
vt 0.301000 0.518900
vt 0.302000 0.517500
vt 0.299000 0.518900
vt 0.300000 0.520400
vt 0.301900 0.515000
vt 0.302600 0.513600
vt 0.302900 0.515900
vt 0.303700 0.514400
vt 0.304300 0.519400
vt 0.305200 0.517700
vt 0.304000 0.516800
vt 0.303100 0.518500
vt 0.306000 0.515900
vt 0.304800 0.515200
vt 0.302100 0.520100
vt 0.303300 0.521300
vt 0.301100 0.521800
vt 0.302200 0.523100
vt 0.304600 0.522200
vt 0.305500 0.520300
vt 0.306000 0.523000
vt 0.306900 0.521000
vt 0.303600 0.524200
vt 0.305000 0.525100
vt 0.306400 0.518400
vt 0.307200 0.516600
vt 0.307700 0.519100
vt 0.308500 0.517200
vt 0.295700 0.519200
vt 0.297000 0.518300
vt 0.296200 0.516600
vt 0.294900 0.517300
vt 0.293700 0.518000
vt 0.294400 0.519900
vt 0.292300 0.518600
vt 0.293100 0.520500
vt 0.295300 0.521900
vt 0.296600 0.521000
vt 0.296200 0.524000
vt 0.297600 0.523000
vt 0.293900 0.522600
vt 0.294700 0.524800
vt 0.297900 0.520000
vt 0.298800 0.521700
vt 0.299800 0.526900
vt 0.301100 0.525000
vt 0.299900 0.523400
vt 0.298600 0.524900
vt 0.297200 0.526200
vt 0.298300 0.528500
vt 0.295600 0.527100
vt 0.296600 0.529700
vt 0.299700 0.531100
vt 0.301200 0.528600
vt 0.301500 0.532800
vt 0.302900 0.529900
vt 0.297800 0.532700
vt 0.302500 0.526400
vt 0.304000 0.527400
vt 0.302600 0.510200
vt 0.301400 0.509800
vt 0.301200 0.511100
vt 0.302200 0.511600
vt 0.303200 0.512200
vt 0.303700 0.510600
vt 0.304300 0.512800
vt 0.305000 0.511200
vt 0.304200 0.509100
vt 0.302900 0.508700
vt 0.304600 0.507500
vt 0.303200 0.507100
vt 0.305500 0.509600
vt 0.306000 0.507900
vt 0.301600 0.508400
vt 0.301700 0.506900
vt 0.303700 0.503800
vt 0.302100 0.503600
vt 0.301900 0.505300
vt 0.303400 0.505500
vt 0.305000 0.505800
vt 0.305300 0.504100
vt 0.306500 0.506200
vt 0.306900 0.504500
vt 0.305700 0.502300
vt 0.303900 0.502000
vt 0.307400 0.502700
vt 0.302200 0.501800
vt 0.307500 0.512400
vt 0.306200 0.511800
vt 0.305500 0.513500
vt 0.306800 0.514200
vt 0.308000 0.514800
vt 0.308800 0.513000
vt 0.309300 0.515400
vt 0.310100 0.513700
vt 0.309600 0.511300
vt 0.308200 0.510700
vt 0.310300 0.509600
vt 0.308900 0.509000
vt 0.310900 0.511900
vt 0.311700 0.510200
vt 0.306800 0.510100
vt 0.307400 0.508400
vt 0.310100 0.505500
vt 0.308500 0.505000
vt 0.308000 0.506700
vt 0.309500 0.507300
vt 0.311000 0.507900
vt 0.311700 0.506100
vt 0.312500 0.508500
vt 0.313200 0.506800
vt 0.312400 0.504300
vt 0.310700 0.503700
vt 0.314000 0.505000
vt 0.309100 0.503200
vt 0.281300 0.557600
vt 0.282100 0.556300
vt 0.281100 0.555900
vt 0.280200 0.556900
vt 0.280300 0.555300
vt 0.279400 0.556200
vt 0.282700 0.555100
vt 0.281700 0.554900
vt 0.280900 0.554700
vt 0.279300 0.558000
vt 0.280400 0.558800
vt 0.278300 0.559100
vt 0.279400 0.560000
vt 0.278400 0.557100
vt 0.277300 0.558200
vt 0.281600 0.559500
vt 0.282400 0.558100
vt 0.282800 0.560200
vt 0.283700 0.558700
vt 0.280600 0.560900
vt 0.281900 0.561600
vt 0.283200 0.556700
vt 0.283900 0.555300
vt 0.284500 0.557100
vt 0.285200 0.555600
vt 0.286300 0.559700
vt 0.287100 0.558100
vt 0.285700 0.557600
vt 0.284900 0.559200
vt 0.287900 0.556300
vt 0.286500 0.555900
vt 0.284100 0.560800
vt 0.285400 0.561400
vt 0.283200 0.562400
vt 0.284600 0.563100
vt 0.286800 0.562000
vt 0.287600 0.560300
vt 0.286000 0.563700
vt 0.288400 0.558600
vt 0.289200 0.556800
vt 0.277300 0.562600
vt 0.278400 0.561300
vt 0.277200 0.560300
vt 0.276100 0.561500
vt 0.276100 0.559200
vt 0.274900 0.560400
vt 0.274800 0.562800
vt 0.276100 0.564000
vt 0.273600 0.561600
vt 0.277500 0.565100
vt 0.278600 0.563600
vt 0.278900 0.566100
vt 0.280000 0.564600
vt 0.279600 0.562200
vt 0.281000 0.563100
vt 0.282800 0.566300
vt 0.283700 0.564700
vt 0.282300 0.563900
vt 0.281400 0.565500
vt 0.280400 0.567100
vt 0.281900 0.568000
vt 0.283500 0.568800
vt 0.284300 0.567100
vt 0.285200 0.565400
vt 0.283400 0.552400
vt 0.282000 0.552600
vt 0.282000 0.553800
vt 0.283200 0.553700
vt 0.280700 0.552900
vt 0.280800 0.554000
vt 0.284500 0.553800
vt 0.284900 0.552300
vt 0.285800 0.554000
vt 0.286400 0.552300
vt 0.285200 0.550700
vt 0.283600 0.550900
vt 0.285400 0.549100
vt 0.283700 0.549500
vt 0.286800 0.550600
vt 0.287200 0.548900
vt 0.282100 0.551300
vt 0.280500 0.551700
vt 0.282000 0.549900
vt 0.280300 0.550500
vt 0.283500 0.546500
vt 0.281600 0.547100
vt 0.281800 0.548500
vt 0.283600 0.548000
vt 0.279700 0.547800
vt 0.280100 0.549100
vt 0.285500 0.547500
vt 0.285500 0.545900
vt 0.287400 0.547100
vt 0.287500 0.545300
vt 0.285200 0.544300
vt 0.283200 0.545000
vt 0.284800 0.542800
vt 0.282700 0.543600
vt 0.287400 0.543600
vt 0.287000 0.542000
vt 0.281200 0.545700
vt 0.279300 0.546400
vt 0.280800 0.544300
vt 0.278900 0.545000
vt 0.289400 0.552700
vt 0.287900 0.552400
vt 0.287200 0.554200
vt 0.288600 0.554500
vt 0.290000 0.554900
vt 0.290800 0.553000
vt 0.291600 0.551100
vt 0.290100 0.550700
vt 0.292500 0.549000
vt 0.290800 0.548700
vt 0.288500 0.550600
vt 0.289000 0.548700
vt 0.291900 0.544400
vt 0.289700 0.544800
vt 0.289400 0.546800
vt 0.291400 0.546600
vt 0.293300 0.546700
vt 0.294200 0.544300
vt 0.295000 0.541500
vt 0.292200 0.542200
vt 0.295000 0.539000
vt 0.291900 0.540100
vt 0.289700 0.542900
vt 0.289300 0.541100
vt 0.278100 0.554200
vt 0.278700 0.555300
vt 0.279800 0.554500
vt 0.279400 0.553500
vt 0.279000 0.552300
vt 0.277600 0.553000
vt 0.278700 0.551100
vt 0.277100 0.551800
vt 0.276200 0.553800
vt 0.276800 0.555000
vt 0.274700 0.554700
vt 0.275500 0.555900
vt 0.275600 0.552600
vt 0.274000 0.553400
vt 0.277500 0.556100
vt 0.276300 0.557100
vt 0.272800 0.557900
vt 0.273800 0.559200
vt 0.275100 0.558100
vt 0.274200 0.556900
vt 0.273300 0.555600
vt 0.271800 0.556500
vt 0.272500 0.554200
vt 0.271000 0.555100
vt 0.270300 0.557500
vt 0.271300 0.558900
vt 0.269400 0.556100
vt 0.272400 0.560300
vt 0.276200 0.549100
vt 0.276700 0.550500
vt 0.278300 0.549800
vt 0.277900 0.548400
vt 0.277500 0.547100
vt 0.275700 0.547800
vt 0.277000 0.545700
vt 0.275200 0.546400
vt 0.273900 0.548500
vt 0.274500 0.549900
vt 0.272200 0.549200
vt 0.272800 0.550600
vt 0.273400 0.547100
vt 0.271600 0.547800
vt 0.275000 0.551200
vt 0.273400 0.552000
vt 0.269400 0.552200
vt 0.270200 0.553700
vt 0.271800 0.552800
vt 0.271100 0.551400
vt 0.270500 0.549900
vt 0.268700 0.550600
vt 0.269900 0.548400
vt 0.268100 0.549100
vt 0.266900 0.551400
vt 0.267700 0.553000
vt 0.266300 0.549800
vt 0.268500 0.554500
vt 0.317800 0.517000
vt 0.317000 0.518200
vt 0.318000 0.518700
vt 0.318800 0.517600
vt 0.318800 0.519200
vt 0.319700 0.518400
vt 0.316400 0.519500
vt 0.317400 0.519700
vt 0.318200 0.519800
vt 0.319800 0.516500
vt 0.318700 0.515800
vt 0.320800 0.515400
vt 0.319700 0.514500
vt 0.320700 0.517400
vt 0.321800 0.516400
vt 0.317500 0.515100
vt 0.316700 0.516400
vt 0.316300 0.514400
vt 0.315400 0.515900
vt 0.318500 0.513700
vt 0.317200 0.512900
vt 0.315900 0.517800
vt 0.315200 0.519300
vt 0.314600 0.517400
vt 0.313900 0.519000
vt 0.312800 0.514800
vt 0.312000 0.516500
vt 0.313300 0.517000
vt 0.314100 0.515400
vt 0.311200 0.518300
vt 0.312600 0.518700
vt 0.315000 0.513800
vt 0.313700 0.513100
vt 0.315900 0.512200
vt 0.314500 0.511500
vt 0.312300 0.512500
vt 0.311500 0.514200
vt 0.313100 0.510800
vt 0.310700 0.516000
vt 0.309900 0.517800
vt 0.321800 0.511900
vt 0.320700 0.513300
vt 0.321900 0.514300
vt 0.323000 0.513000
vt 0.323000 0.515300
vt 0.324200 0.514200
vt 0.324300 0.511700
vt 0.323000 0.510600
vt 0.325500 0.513000
vt 0.321600 0.509500
vt 0.320500 0.510900
vt 0.320200 0.508400
vt 0.319100 0.510000
vt 0.319400 0.512300
vt 0.318100 0.511500
vt 0.316200 0.508300
vt 0.315400 0.509900
vt 0.316800 0.510700
vt 0.317700 0.509100
vt 0.318700 0.507500
vt 0.317200 0.506600
vt 0.315600 0.505800
vt 0.314800 0.507500
vt 0.313900 0.509200
vt 0.315600 0.522200
vt 0.317000 0.522000
vt 0.317100 0.520800
vt 0.315900 0.520800
vt 0.318400 0.521600
vt 0.318300 0.520600
vt 0.314600 0.520800
vt 0.314200 0.522300
vt 0.313300 0.520600
vt 0.312700 0.522300
vt 0.313900 0.523900
vt 0.315500 0.523600
vt 0.313700 0.525400
vt 0.315400 0.525100
vt 0.312300 0.524000
vt 0.311900 0.525700
vt 0.317000 0.523300
vt 0.318600 0.522800
vt 0.317100 0.524600
vt 0.318800 0.524100
vt 0.315600 0.528100
vt 0.317500 0.527500
vt 0.317300 0.526000
vt 0.315400 0.526600
vt 0.319300 0.526800
vt 0.319000 0.525400
vt 0.313600 0.527100
vt 0.313600 0.528700
vt 0.311600 0.527500
vt 0.311500 0.529200
vt 0.313800 0.530200
vt 0.315900 0.529500
vt 0.314300 0.531700
vt 0.316300 0.531000
vt 0.311700 0.530900
vt 0.312100 0.532600
vt 0.317900 0.528900
vt 0.319700 0.528200
vt 0.318300 0.530200
vt 0.320200 0.529500
vt 0.309700 0.521900
vt 0.311200 0.522100
vt 0.311900 0.520400
vt 0.310500 0.520000
vt 0.309100 0.519600
vt 0.308300 0.521500
vt 0.307400 0.523500
vt 0.309000 0.523800
vt 0.306600 0.525600
vt 0.308300 0.525800
vt 0.310600 0.524000
vt 0.310100 0.525900
vt 0.307100 0.530200
vt 0.309400 0.529800
vt 0.309700 0.527800
vt 0.307700 0.528000
vt 0.305800 0.527900
vt 0.304900 0.530300
vt 0.304100 0.533000
vt 0.306900 0.532400
vt 0.304100 0.535600
vt 0.307200 0.534400
vt 0.309400 0.531700
vt 0.309800 0.533400
vt 0.321000 0.520400
vt 0.320400 0.519300
vt 0.319300 0.520000
vt 0.319700 0.521100
vt 0.320000 0.522200
vt 0.321500 0.521500
vt 0.320400 0.523500
vt 0.322000 0.522800
vt 0.322900 0.520700
vt 0.322300 0.519500
vt 0.324300 0.519900
vt 0.323600 0.518600
vt 0.323500 0.522000
vt 0.325000 0.521200
vt 0.321600 0.518400
vt 0.322800 0.517500
vt 0.326300 0.516700
vt 0.325300 0.515400
vt 0.324000 0.516500
vt 0.324900 0.517700
vt 0.325800 0.519000
vt 0.327200 0.518100
vt 0.326600 0.520400
vt 0.328100 0.519500
vt 0.328800 0.517000
vt 0.327800 0.515600
vt 0.329700 0.518500
vt 0.326700 0.514300
vt 0.322900 0.525400
vt 0.322400 0.524100
vt 0.320700 0.524800
vt 0.321100 0.526100
vt 0.321600 0.527500
vt 0.323400 0.526800
vt 0.322100 0.528800
vt 0.323900 0.528100
vt 0.325200 0.526100
vt 0.324600 0.524700
vt 0.326900 0.525400
vt 0.326300 0.523900
vt 0.325700 0.527500
vt 0.327500 0.526800
vt 0.324100 0.523300
vt 0.325700 0.522600
vt 0.329700 0.522400
vt 0.328900 0.520900
vt 0.327300 0.521800
vt 0.328000 0.523200
vt 0.328600 0.524700
vt 0.330400 0.523900
vt 0.329200 0.526100
vt 0.331000 0.525500
vt 0.332200 0.523200
vt 0.331400 0.521600
vt 0.332800 0.524800
vt 0.330600 0.520000
vt 0.272100 0.538700
vt 0.273600 0.538400
vt 0.273100 0.537400
vt 0.271800 0.537500
vt 0.273000 0.536400
vt 0.271700 0.536400
vt 0.274900 0.537900
vt 0.274300 0.537100
vt 0.273900 0.536400
vt 0.270400 0.537600
vt 0.270600 0.538900
vt 0.268900 0.537700
vt 0.269000 0.539100
vt 0.270300 0.536300
vt 0.268800 0.536300
vt 0.270900 0.540200
vt 0.272500 0.539900
vt 0.271300 0.541600
vt 0.273000 0.541100
vt 0.269300 0.540500
vt 0.269700 0.542000
vt 0.274100 0.539500
vt 0.275600 0.538900
vt 0.274700 0.540600
vt 0.276300 0.540000
vt 0.274100 0.543700
vt 0.275900 0.543100
vt 0.275300 0.541800
vt 0.273500 0.542400
vt 0.277700 0.542400
vt 0.277000 0.541200
vt 0.271800 0.542900
vt 0.272300 0.544300
vt 0.270100 0.543400
vt 0.270600 0.544900
vt 0.272900 0.545700
vt 0.274600 0.545100
vt 0.271100 0.546300
vt 0.276500 0.544400
vt 0.278300 0.543700
vt 0.265700 0.539400
vt 0.267400 0.539300
vt 0.267300 0.537800
vt 0.265600 0.537800
vt 0.267200 0.536200
vt 0.265600 0.536200
vt 0.263800 0.537900
vt 0.263900 0.539600
vt 0.263700 0.536100
vt 0.264000 0.541300
vt 0.265900 0.541100
vt 0.264300 0.543000
vt 0.266200 0.542700
vt 0.267600 0.540800
vt 0.267900 0.542300
vt 0.267000 0.545900
vt 0.268800 0.545400
vt 0.268300 0.543900
vt 0.266600 0.544300
vt 0.264700 0.544700
vt 0.265100 0.546400
vt 0.265700 0.548100
vt 0.267500 0.547500
vt 0.269300 0.546900
vt 0.277300 0.536600
vt 0.276200 0.535700
vt 0.275300 0.536500
vt 0.276200 0.537300
vt 0.275000 0.535000
vt 0.274300 0.535900
vt 0.277000 0.538300
vt 0.278400 0.537500
vt 0.277900 0.539300
vt 0.279500 0.538600
vt 0.279800 0.536600
vt 0.278500 0.535700
vt 0.281100 0.535700
vt 0.279600 0.534700
vt 0.281000 0.537700
vt 0.282500 0.536700
vt 0.277100 0.534800
vt 0.275700 0.534100
vt 0.278000 0.533800
vt 0.276500 0.533000
vt 0.281600 0.532500
vt 0.279800 0.531600
vt 0.278900 0.532700
vt 0.280600 0.533600
vt 0.278000 0.530700
vt 0.277200 0.531900
vt 0.282300 0.534600
vt 0.283400 0.533400
vt 0.283900 0.535700
vt 0.285300 0.534500
vt 0.284300 0.532200
vt 0.282400 0.531200
vt 0.285100 0.530800
vt 0.283100 0.529900
vt 0.286400 0.533200
vt 0.287200 0.531800
vt 0.280500 0.530300
vt 0.278700 0.529500
vt 0.281200 0.529000
vt 0.279300 0.528200
vt 0.281300 0.540900
vt 0.280500 0.539700
vt 0.278700 0.540500
vt 0.279500 0.541700
vt 0.280200 0.543000
vt 0.282100 0.542200
vt 0.284100 0.541400
vt 0.283200 0.540100
vt 0.286200 0.540500
vt 0.285100 0.539100
vt 0.282200 0.538800
vt 0.283900 0.537900
vt 0.289100 0.536900
vt 0.287200 0.535600
vt 0.285600 0.536800
vt 0.287100 0.538100
vt 0.288400 0.539500
vt 0.290800 0.538400
vt 0.293300 0.537100
vt 0.290800 0.535600
vt 0.295100 0.535300
vt 0.292100 0.533900
vt 0.288500 0.534300
vt 0.289500 0.532800
vt 0.272200 0.534100
vt 0.271900 0.535200
vt 0.273200 0.535500
vt 0.273700 0.534500
vt 0.274200 0.533500
vt 0.272700 0.532900
vt 0.274900 0.532300
vt 0.273300 0.531700
vt 0.271100 0.532500
vt 0.270700 0.533800
vt 0.269500 0.532100
vt 0.269200 0.533500
vt 0.271600 0.531200
vt 0.269900 0.530700
vt 0.270500 0.535000
vt 0.268900 0.534900
vt 0.265800 0.532900
vt 0.265600 0.534600
vt 0.267300 0.534700
vt 0.267500 0.533200
vt 0.267900 0.531700
vt 0.266100 0.531300
vt 0.268300 0.530200
vt 0.266500 0.529700
vt 0.264300 0.531000
vt 0.264000 0.532700
vt 0.264700 0.529300
vt 0.263800 0.534400
vt 0.274500 0.529200
vt 0.273900 0.530500
vt 0.275600 0.531200
vt 0.276200 0.529900
vt 0.276900 0.528700
vt 0.275100 0.527900
vt 0.277500 0.527400
vt 0.275700 0.526600
vt 0.273300 0.527100
vt 0.272700 0.528500
vt 0.271600 0.526400
vt 0.271000 0.527800
vt 0.273900 0.525800
vt 0.272200 0.525000
vt 0.272200 0.529800
vt 0.270400 0.529200
vt 0.267500 0.526600
vt 0.267000 0.528100
vt 0.268700 0.528700
vt 0.269300 0.527200
vt 0.269900 0.525700
vt 0.268100 0.525000
vt 0.270500 0.524200
vt 0.268800 0.523500
vt 0.266300 0.524300
vt 0.265700 0.525900
vt 0.267000 0.522700
vt 0.265100 0.527600
vt 0.320100 0.555600
vt 0.318800 0.554800
vt 0.318400 0.555800
vt 0.319500 0.556600
vt 0.317900 0.556600
vt 0.318700 0.557500
vt 0.317600 0.554100
vt 0.317400 0.555200
vt 0.317200 0.555900
vt 0.320600 0.557500
vt 0.321300 0.556500
vt 0.321700 0.558600
vt 0.322600 0.557400
vt 0.319700 0.558500
vt 0.320700 0.559600
vt 0.322000 0.555300
vt 0.320600 0.554400
vt 0.322700 0.554100
vt 0.321200 0.553200
vt 0.323400 0.556200
vt 0.324200 0.555000
vt 0.319200 0.553600
vt 0.317800 0.553000
vt 0.319600 0.552400
vt 0.318100 0.551700
vt 0.322200 0.550600
vt 0.320500 0.549800
vt 0.320100 0.551100
vt 0.321700 0.551900
vt 0.318800 0.549000
vt 0.318400 0.550400
vt 0.323300 0.552800
vt 0.323900 0.551500
vt 0.324900 0.553700
vt 0.325600 0.552300
vt 0.324500 0.550100
vt 0.322800 0.549300
vt 0.325100 0.548800
vt 0.323400 0.548000
vt 0.326200 0.550900
vt 0.326900 0.549500
vt 0.321000 0.548500
vt 0.319200 0.547700
vt 0.321600 0.547200
vt 0.319800 0.546400
vt 0.325200 0.559600
vt 0.323900 0.558500
vt 0.322900 0.559600
vt 0.324100 0.560800
vt 0.321800 0.560700
vt 0.323000 0.561900
vt 0.325400 0.562000
vt 0.326600 0.560700
vt 0.324200 0.563300
vt 0.327700 0.559400
vt 0.326200 0.558300
vt 0.328700 0.558000
vt 0.327100 0.556900
vt 0.324800 0.557200
vt 0.325600 0.555900
vt 0.328900 0.554100
vt 0.327200 0.553200
vt 0.326500 0.554600
vt 0.328000 0.555500
vt 0.329700 0.556500
vt 0.330600 0.555000
vt 0.331400 0.553500
vt 0.329600 0.552600
vt 0.332100 0.551900
vt 0.330300 0.551100
vt 0.327900 0.551800
vt 0.328600 0.550300
vt 0.314800 0.553400
vt 0.315100 0.554800
vt 0.316300 0.554900
vt 0.316200 0.553700
vt 0.315400 0.556100
vt 0.316500 0.556000
vt 0.316300 0.552400
vt 0.314700 0.551900
vt 0.316400 0.551000
vt 0.314700 0.550500
vt 0.313200 0.551600
vt 0.313400 0.553200
vt 0.311600 0.551400
vt 0.311900 0.553100
vt 0.313000 0.550000
vt 0.311300 0.549600
vt 0.313800 0.554800
vt 0.314200 0.556300
vt 0.312400 0.554800
vt 0.312900 0.556500
vt 0.308900 0.553300
vt 0.309600 0.555200
vt 0.311000 0.555000
vt 0.310400 0.553200
vt 0.310200 0.557000
vt 0.311600 0.556700
vt 0.309900 0.551300
vt 0.308300 0.551300
vt 0.309500 0.549400
vt 0.307700 0.549300
vt 0.306700 0.551500
vt 0.307400 0.553600
vt 0.306000 0.549400
vt 0.308100 0.555500
vt 0.308900 0.557400
vt 0.315100 0.547500
vt 0.314900 0.549000
vt 0.316600 0.549600
vt 0.317000 0.548300
vt 0.317400 0.546900
vt 0.315500 0.546100
vt 0.317900 0.545500
vt 0.316000 0.544700
vt 0.313500 0.545200
vt 0.313200 0.546800
vt 0.311300 0.544400
vt 0.311100 0.546100
vt 0.314000 0.543800
vt 0.311800 0.542800
vt 0.313000 0.548400
vt 0.311100 0.547900
vt 0.306800 0.544900
vt 0.307200 0.547100
vt 0.309100 0.547400
vt 0.309000 0.545400
vt 0.309100 0.543500
vt 0.306600 0.542700
vt 0.309600 0.541800
vt 0.307000 0.540600
vt 0.303900 0.541800
vt 0.304500 0.544600
vt 0.304000 0.539300
vt 0.305300 0.547100
vt 0.316700 0.558700
vt 0.317800 0.558200
vt 0.317000 0.557100
vt 0.316000 0.557400
vt 0.314800 0.557800
vt 0.315600 0.559200
vt 0.313600 0.558100
vt 0.314300 0.559700
vt 0.316400 0.560600
vt 0.317600 0.560000
vt 0.317200 0.562000
vt 0.318500 0.561300
vt 0.315100 0.561200
vt 0.315900 0.562700
vt 0.318700 0.559300
vt 0.319600 0.560500
vt 0.320400 0.564000
vt 0.321700 0.563000
vt 0.320700 0.561700
vt 0.319400 0.562600
vt 0.318100 0.563500
vt 0.319100 0.564900
vt 0.316800 0.564300
vt 0.317700 0.565800
vt 0.320100 0.566500
vt 0.321500 0.565500
vt 0.318700 0.567400
vt 0.322900 0.564400
vt 0.311600 0.560600
vt 0.313000 0.560100
vt 0.312300 0.558400
vt 0.310900 0.558800
vt 0.309600 0.559300
vt 0.310300 0.561100
vt 0.311000 0.562800
vt 0.312400 0.562300
vt 0.311700 0.564600
vt 0.313100 0.564000
vt 0.313800 0.561800
vt 0.314500 0.563400
vt 0.314700 0.567300
vt 0.316200 0.566600
vt 0.315400 0.565000
vt 0.313900 0.565600
vt 0.312400 0.566300
vt 0.313200 0.568000
vt 0.314000 0.569800
vt 0.315600 0.569100
vt 0.317100 0.568300
vt 0.327000 0.535900
vt 0.325500 0.536200
vt 0.326000 0.537200
vt 0.327300 0.537000
vt 0.326100 0.538100
vt 0.327400 0.538200
vt 0.324200 0.536600
vt 0.324800 0.537500
vt 0.325200 0.538100
vt 0.328700 0.536900
vt 0.328500 0.535600
vt 0.330200 0.536900
vt 0.330100 0.535400
vt 0.328800 0.538200
vt 0.330300 0.538300
vt 0.328200 0.534300
vt 0.326600 0.534700
vt 0.327700 0.533000
vt 0.326100 0.533400
vt 0.329800 0.534000
vt 0.329400 0.532600
vt 0.325000 0.535100
vt 0.323500 0.535600
vt 0.324400 0.533900
vt 0.322800 0.534500
vt 0.325000 0.530800
vt 0.323200 0.531500
vt 0.323800 0.532700
vt 0.325500 0.532200
vt 0.321400 0.532100
vt 0.322100 0.533400
vt 0.327300 0.531600
vt 0.326800 0.530300
vt 0.329000 0.531100
vt 0.328500 0.529700
vt 0.326200 0.528900
vt 0.324400 0.529500
vt 0.328000 0.528300
vt 0.322600 0.530200
vt 0.320800 0.530800
vt 0.333400 0.535100
vt 0.331700 0.535300
vt 0.331800 0.536800
vt 0.333500 0.536800
vt 0.331900 0.538300
vt 0.333500 0.538400
vt 0.335300 0.536700
vt 0.335200 0.535000
vt 0.335300 0.538400
vt 0.335000 0.533200
vt 0.333200 0.533500
vt 0.334800 0.531500
vt 0.332900 0.531900
vt 0.331500 0.533700
vt 0.331100 0.532200
vt 0.332100 0.528600
vt 0.330300 0.529200
vt 0.330700 0.530700
vt 0.332500 0.530300
vt 0.334400 0.529800
vt 0.333900 0.528100
vt 0.333400 0.526500
vt 0.331600 0.527100
vt 0.329800 0.527700
vt 0.321700 0.538000
vt 0.322900 0.538800
vt 0.323800 0.538100
vt 0.322900 0.537200
vt 0.324100 0.539500
vt 0.324800 0.538700
vt 0.322000 0.536300
vt 0.320600 0.537000
vt 0.321200 0.535200
vt 0.319600 0.536000
vt 0.319300 0.537900
vt 0.320600 0.538900
vt 0.318000 0.538900
vt 0.319500 0.539900
vt 0.318100 0.536900
vt 0.316600 0.537800
vt 0.322000 0.539700
vt 0.323400 0.540500
vt 0.321000 0.540700
vt 0.322600 0.541500
vt 0.317500 0.542100
vt 0.319300 0.543000
vt 0.320200 0.541800
vt 0.318500 0.540900
vt 0.321100 0.543800
vt 0.321800 0.542700
vt 0.316800 0.540000
vt 0.315700 0.541100
vt 0.315100 0.538900
vt 0.313800 0.540100
vt 0.314700 0.542400
vt 0.316700 0.543300
vt 0.312700 0.541400
vt 0.318600 0.544200
vt 0.320400 0.545100
vt 0.317700 0.533600
vt 0.318600 0.534900
vt 0.320400 0.534100
vt 0.319600 0.532900
vt 0.318900 0.531600
vt 0.317000 0.532300
vt 0.315000 0.533200
vt 0.315900 0.534500
vt 0.312900 0.534100
vt 0.313900 0.535400
vt 0.316900 0.535700
vt 0.315200 0.536700
vt 0.310000 0.537600
vt 0.311900 0.538900
vt 0.313500 0.537700
vt 0.312000 0.536500
vt 0.310700 0.535000
vt 0.308300 0.536100
vt 0.305800 0.537500
vt 0.308300 0.539000
vt 0.310500 0.540300
vt 0.326900 0.540500
vt 0.327200 0.539300
vt 0.325900 0.539100
vt 0.325400 0.540100
vt 0.324900 0.541100
vt 0.326400 0.541600
vt 0.324200 0.542200
vt 0.325800 0.542800
vt 0.328000 0.542100
vt 0.328400 0.540800
vt 0.329600 0.542500
vt 0.329900 0.541100
vt 0.327500 0.543400
vt 0.329100 0.543900
vt 0.328600 0.539500
vt 0.330200 0.539700
vt 0.333200 0.541600
vt 0.333400 0.540000
vt 0.331800 0.539800
vt 0.331500 0.541400
vt 0.331200 0.542900
vt 0.332900 0.543200
vt 0.330800 0.544400
vt 0.332600 0.544800
vt 0.334800 0.543600
vt 0.335100 0.541900
vt 0.334400 0.545300
vt 0.335200 0.540200
vt 0.324600 0.545400
vt 0.325200 0.544100
vt 0.323500 0.543400
vt 0.322900 0.544600
vt 0.322200 0.545900
vt 0.324000 0.546700
vt 0.325800 0.547400
vt 0.326400 0.546100
vt 0.327500 0.548100
vt 0.328100 0.546700
vt 0.326900 0.544700
vt 0.328600 0.545300
vt 0.331600 0.548000
vt 0.332100 0.546400
vt 0.330400 0.545900
vt 0.329800 0.547400
vt 0.329200 0.548900
vt 0.331000 0.549600
vt 0.332800 0.550300
vt 0.333400 0.548700
vt 0.333900 0.547000
vt 0.279000 0.519000
vt 0.280300 0.519800
vt 0.280700 0.518800
vt 0.279600 0.518000
vt 0.281200 0.518000
vt 0.280400 0.517100
vt 0.281500 0.520400
vt 0.281700 0.519400
vt 0.281800 0.518600
vt 0.278500 0.517000
vt 0.277800 0.518100
vt 0.277400 0.516000
vt 0.276500 0.517100
vt 0.279400 0.516100
vt 0.278400 0.515000
vt 0.277100 0.519300
vt 0.278400 0.520100
vt 0.276400 0.520500
vt 0.277900 0.521300
vt 0.275700 0.518300
vt 0.274900 0.519600
vt 0.279900 0.520900
vt 0.281300 0.521600
vt 0.279500 0.522100
vt 0.281000 0.522900
vt 0.276800 0.523900
vt 0.278600 0.524700
vt 0.279000 0.523400
vt 0.277400 0.522600
vt 0.280300 0.525500
vt 0.280700 0.524200
vt 0.275800 0.521800
vt 0.275200 0.523100
vt 0.274200 0.520900
vt 0.273500 0.522200
vt 0.274500 0.524400
vt 0.276300 0.525200
vt 0.272800 0.523600
vt 0.278000 0.526100
vt 0.279900 0.526900
vt 0.273900 0.515000
vt 0.275200 0.516100
vt 0.276200 0.514900
vt 0.275000 0.513800
vt 0.277300 0.513800
vt 0.276100 0.512600
vt 0.273700 0.512500
vt 0.272500 0.513800
vt 0.274900 0.511300
vt 0.271400 0.515200
vt 0.272900 0.516300
vt 0.270400 0.516600
vt 0.271900 0.517600
vt 0.274300 0.517300
vt 0.273400 0.518600
vt 0.270200 0.520500
vt 0.271900 0.521400
vt 0.272600 0.520000
vt 0.271100 0.519000
vt 0.269400 0.518000
vt 0.268500 0.519500
vt 0.267700 0.521100
vt 0.269500 0.522000
vt 0.271200 0.522800
vt 0.284300 0.521200
vt 0.284000 0.519800
vt 0.282800 0.519700
vt 0.282900 0.520900
vt 0.283700 0.518400
vt 0.282600 0.518600
vt 0.282800 0.522200
vt 0.284400 0.522600
vt 0.282700 0.523500
vt 0.284300 0.524100
vt 0.285900 0.522900
vt 0.285700 0.521400
vt 0.287500 0.523200
vt 0.287200 0.521400
vt 0.286100 0.524600
vt 0.287800 0.524900
vt 0.285300 0.519800
vt 0.284900 0.518300
vt 0.286700 0.519700
vt 0.286100 0.518100
vt 0.290200 0.521300
vt 0.289500 0.519400
vt 0.288100 0.519600
vt 0.288700 0.521400
vt 0.288900 0.517500
vt 0.287500 0.517800
vt 0.289200 0.523300
vt 0.290800 0.523200
vt 0.289600 0.525200
vt 0.291400 0.525300
vt 0.292400 0.523000
vt 0.291600 0.521000
vt 0.293100 0.525200
vt 0.290900 0.519000
vt 0.290200 0.517100
vt 0.284000 0.527100
vt 0.284200 0.525600
vt 0.282400 0.524900
vt 0.282100 0.526300
vt 0.281700 0.527700
vt 0.283600 0.528500
vt 0.285600 0.529300
vt 0.285900 0.527800
vt 0.287800 0.530200
vt 0.288000 0.528500
vt 0.286100 0.526200
vt 0.288000 0.526700
vt 0.292300 0.529700
vt 0.291900 0.527500
vt 0.289900 0.527200
vt 0.290100 0.529100
vt 0.290000 0.531000
vt 0.292500 0.531900
vt 0.295200 0.532700
vt 0.294600 0.530000
vt 0.293800 0.527500
vt 0.282400 0.515900
vt 0.281300 0.516400
vt 0.282100 0.517500
vt 0.283100 0.517100
vt 0.284200 0.516800
vt 0.283500 0.515400
vt 0.285500 0.516500
vt 0.284800 0.514900
vt 0.282700 0.513900
vt 0.281500 0.514600
vt 0.281900 0.512500
vt 0.280600 0.513300
vt 0.284000 0.513400
vt 0.283200 0.511800
vt 0.280400 0.515300
vt 0.279500 0.514100
vt 0.278600 0.510500
vt 0.277400 0.511500
vt 0.278400 0.512800
vt 0.279700 0.511900
vt 0.281000 0.511100
vt 0.280000 0.509600
vt 0.282300 0.510300
vt 0.281400 0.508800
vt 0.279000 0.508100
vt 0.277500 0.509100
vt 0.280400 0.507200
vt 0.276200 0.510200
vt 0.287400 0.514000
vt 0.286100 0.514500
vt 0.286800 0.516100
vt 0.288200 0.515700
vt 0.289500 0.515300
vt 0.288800 0.513500
vt 0.288100 0.511700
vt 0.286700 0.512300
vt 0.287400 0.510000
vt 0.285900 0.510600
vt 0.285300 0.512800
vt 0.284500 0.511200
vt 0.284400 0.507200
vt 0.282900 0.508000
vt 0.283700 0.509600
vt 0.285200 0.508900
vt 0.286600 0.508300
vt 0.285900 0.506600
vt 0.285100 0.504800
vt 0.283500 0.505500
vt 0.282000 0.506300
s 1
f 1/1/1 5/2/2 6/3/3 2/4/4
f 2/4/4 6/3/3 3223/5/5 3224/6/6
f 5/2/2 3170/7/7 3169/8/8 6/3/3
f 6/3/3 3169/8/8 5329/9/9 3223/5/5
f 1/1/1 2/4/4 7/10/10 3/11/11
f 3/11/11 7/10/10 3178/12/12 3179/13/13
f 2/4/4 3224/6/6 3225/14/14 7/10/10
f 7/10/10 3225/14/14 5333/15/15 3178/12/12
f 1/1/1 3/11/11 8/16/16 4/17/17
f 4/17/17 8/16/16 3177/18/18 3176/19/19
f 3/11/11 3179/13/13 3180/20/20 8/16/16
f 8/16/16 3180/20/20 5334/21/21 3177/18/18
f 1/1/1 4/17/17 9/22/22 5/2/2
f 5/2/2 9/22/22 3171/23/23 3170/7/7
f 4/17/17 3176/19/19 3175/24/24 9/22/22
f 9/22/22 3175/24/24 5330/25/25 3171/23/23
f 10/26/26 14/27/27 15/28/28 11/29/29
f 11/29/29 15/28/28 3175/24/24 3176/19/19
f 14/27/27 3173/30/30 3172/31/31 15/28/28
f 15/28/28 3172/31/31 5330/25/25 3175/24/24
f 10/26/26 11/29/29 16/32/32 12/33/33
f 12/33/33 16/32/32 3184/34/34 3185/35/35
f 11/29/29 3176/19/19 3177/18/18 16/32/32
f 16/32/32 3177/18/18 5334/21/21 3184/34/34
f 10/26/26 12/33/33 17/36/36 13/37/37
f 13/37/37 17/36/36 4965/38/38 4964/39/39
f 12/33/33 3185/35/35 3186/40/40 17/36/36
f 17/36/36 3186/40/40 5582/41/41 4965/38/38
f 10/26/26 13/37/37 18/42/42 14/27/27
f 14/27/27 18/42/42 3174/43/43 3173/30/30
f 13/37/37 4964/39/39 4963/44/44 18/42/42
f 18/42/42 4963/44/44 5581/45/45 3174/43/43
f 19/46/46 23/47/47 24/48/48 20/49/49
f 20/49/49 24/48/48 3226/50/50 3227/51/51
f 23/47/47 3179/13/13 3178/12/12 24/48/48
f 24/48/48 3178/12/12 5333/15/15 3226/50/50
f 19/46/46 20/49/49 25/52/52 21/53/53
f 21/53/53 25/52/52 4794/54/54 4793/55/55
f 20/49/49 3227/51/51 3228/56/56 25/52/52
f 25/52/52 3228/56/56 5539/57/57 4794/54/54
f 19/46/46 21/53/53 26/58/58 22/59/59
f 22/59/59 26/58/58 3183/60/60 3182/61/61
f 21/53/53 4793/55/55 4792/62/62 26/58/58
f 26/58/58 4792/62/62 5538/63/63 3183/60/60
f 19/46/46 22/59/59 27/64/64 23/47/47
f 23/47/47 27/64/64 3180/20/20 3179/13/13
f 22/59/59 3182/61/61 3181/65/65 27/64/64
f 27/64/64 3181/65/65 5334/21/21 3180/20/20
f 28/66/66 32/67/67 33/68/68 29/69/69
f 29/69/69 33/68/68 3181/65/65 3182/61/61
f 32/67/67 3185/35/35 3184/34/34 33/68/68
f 33/68/68 3184/34/34 5334/21/21 3181/65/65
f 28/66/66 29/69/69 34/70/70 30/71/71
f 30/71/71 34/70/70 4791/72/72 4790/73/73
f 29/69/69 3182/61/61 3183/60/60 34/70/70
f 34/70/70 3183/60/60 5538/63/63 4791/72/72
f 28/66/66 30/71/71 35/74/74 31/75/75
f 31/75/75 35/74/74 4968/76/76 4967/77/77
f 30/71/71 4790/73/73 4789/78/78 35/74/74
f 35/74/74 4789/78/78 5677/79/79 4968/76/76
f 28/66/66 31/75/75 36/80/80 32/67/67
f 32/67/67 36/80/80 3186/40/40 3185/35/35
f 31/75/75 4967/77/77 4966/81/81 36/80/80
f 36/80/80 4966/81/81 5582/41/41 3186/40/40
f 37/82/82 41/83/83 42/84/84 38/85/85
f 38/85/85 42/84/84 3169/8/8 3170/7/7
f 41/83/83 3188/86/86 3187/87/87 42/84/84
f 42/84/84 3187/87/87 5329/9/9 3169/8/8
f 37/82/82 38/85/85 43/88/88 39/89/89
f 39/89/89 43/88/88 3196/90/90 3197/91/91
f 38/85/85 3170/7/7 3171/23/23 43/88/88
f 43/88/88 3171/23/23 5330/25/25 3196/90/90
f 37/82/82 39/89/89 44/92/92 40/93/93
f 40/93/93 44/92/92 3195/94/94 3194/95/95
f 39/89/89 3197/91/91 3198/96/96 44/92/92
f 44/92/92 3198/96/96 5335/97/97 3195/94/94
f 37/82/82 40/93/93 45/98/98 41/83/83
f 41/83/83 45/98/98 3189/99/99 3188/86/86
f 40/93/93 3194/95/95 3193/100/100 45/98/98
f 45/98/98 3193/100/100 5331/101/101 3189/99/99
f 46/102/102 50/103/103 51/104/104 47/105/105
f 47/105/105 51/104/104 3193/100/100 3194/95/95
f 50/103/103 3191/106/106 3190/107/107 51/104/104
f 51/104/104 3190/107/107 5331/101/101 3193/100/100
f 46/102/102 47/105/105 52/108/108 48/109/109
f 48/109/109 52/108/108 3202/110/110 3203/111/111
f 47/105/105 3194/95/95 3195/94/94 52/108/108
f 52/108/108 3195/94/94 5335/97/97 3202/110/110
f 46/102/102 48/109/109 53/112/112 49/113/113
f 49/113/113 53/112/112 4888/114/114 4889/115/115
f 48/109/109 3203/111/111 3204/116/116 53/112/112
f 53/112/112 3204/116/116 5562/117/117 4888/114/114
f 46/102/102 49/113/113 54/118/118 50/103/103
f 50/103/103 54/118/118 3192/119/119 3191/106/106
f 49/113/113 4889/115/115 4890/120/120 54/118/118
f 54/118/118 4890/120/120 5563/121/121 3192/119/119
f 55/122/122 59/123/123 60/124/124 56/125/125
f 56/125/125 60/124/124 3172/31/31 3173/30/30
f 59/123/123 3197/91/91 3196/90/90 60/124/124
f 60/124/124 3196/90/90 5330/25/25 3172/31/31
f 55/122/122 56/125/125 61/126/126 57/127/127
f 57/127/127 61/126/126 4962/128/128 4961/129/129
f 56/125/125 3173/30/30 3174/43/43 61/126/126
f 61/126/126 3174/43/43 5581/45/45 4962/128/128
f 55/122/122 57/127/127 62/130/130 58/131/131
f 58/131/131 62/130/130 3201/132/132 3200/133/133
f 57/127/127 4961/129/129 4960/134/134 62/130/130
f 62/130/130 4960/134/134 5580/135/135 3201/132/132
f 55/122/122 58/131/131 63/136/136 59/123/123
f 59/123/123 63/136/136 3198/96/96 3197/91/91
f 58/131/131 3200/133/133 3199/137/137 63/136/136
f 63/136/136 3199/137/137 5335/97/97 3198/96/96
f 64/138/138 68/139/139 69/140/140 65/141/141
f 65/141/141 69/140/140 3199/137/137 3200/133/133
f 68/139/139 3203/111/111 3202/110/110 69/140/140
f 69/140/140 3202/110/110 5335/97/97 3199/137/137
f 64/138/138 65/141/141 70/142/142 66/143/143
f 66/143/143 70/142/142 4959/144/144 4958/145/145
f 65/141/141 3200/133/133 3201/132/132 70/142/142
f 70/142/142 3201/132/132 5580/135/135 4959/144/144
f 64/138/138 66/143/143 71/146/146 67/147/147
f 67/147/147 71/146/146 4885/148/148 4886/149/149
f 66/143/143 4958/145/145 4957/150/150 71/146/146
f 71/146/146 4957/150/150 5685/151/151 4885/148/148
f 64/138/138 67/147/147 72/152/152 68/139/139
f 68/139/139 72/152/152 3204/116/116 3203/111/111
f 67/147/147 4886/149/149 4887/153/153 72/152/152
f 72/152/152 4887/153/153 5562/117/117 3204/116/116
f 73/154/154 77/155/155 78/156/156 74/157/157
f 74/157/157 78/156/156 3187/87/87 3188/86/86
f 77/155/155 3206/158/158 3205/159/159 78/156/156
f 78/156/156 3205/159/159 5329/9/9 3187/87/87
f 73/154/154 74/157/157 79/160/160 75/161/161
f 75/161/161 79/160/160 3214/162/162 3215/163/163
f 74/157/157 3188/86/86 3189/99/99 79/160/160
f 79/160/160 3189/99/99 5331/101/101 3214/162/162
f 73/154/154 75/161/161 80/164/164 76/165/165
f 76/165/165 80/164/164 3213/166/166 3212/167/167
f 75/161/161 3215/163/163 3216/168/168 80/164/164
f 80/164/164 3216/168/168 5336/169/169 3213/166/166
f 73/154/154 76/165/165 81/170/170 77/155/155
f 77/155/155 81/170/170 3207/171/171 3206/158/158
f 76/165/165 3212/167/167 3211/172/172 81/170/170
f 81/170/170 3211/172/172 5332/173/173 3207/171/171
f 82/174/174 86/175/175 87/176/176 83/177/177
f 83/177/177 87/176/176 3211/172/172 3212/167/167
f 86/175/175 3209/178/178 3208/179/179 87/176/176
f 87/176/176 3208/179/179 5332/173/173 3211/172/172
f 82/174/174 83/177/177 88/180/180 84/181/181
f 84/181/181 88/180/180 3220/182/182 3221/183/183
f 83/177/177 3212/167/167 3213/166/166 88/180/180
f 88/180/180 3213/166/166 5336/169/169 3220/182/182
f 82/174/174 84/181/181 89/184/184 85/185/185
f 85/185/185 89/184/184 4953/186/186 4952/187/187
f 84/181/181 3221/183/183 3222/188/188 89/184/184
f 89/184/184 3222/188/188 5579/189/189 4953/186/186
f 82/174/174 85/185/185 90/190/190 86/175/175
f 86/175/175 90/190/190 3210/191/191 3209/178/178
f 85/185/185 4952/187/187 4951/192/192 90/190/190
f 90/190/190 4951/192/192 5578/193/193 3210/191/191
f 91/194/194 95/195/195 96/196/196 92/197/197
f 92/197/197 96/196/196 3190/107/107 3191/106/106
f 95/195/195 3215/163/163 3214/162/162 96/196/196
f 96/196/196 3214/162/162 5331/101/101 3190/107/107
f 91/194/194 92/197/197 97/198/198 93/199/199
f 93/199/199 97/198/198 4891/200/200 4892/201/201
f 92/197/197 3191/106/106 3192/119/119 97/198/198
f 97/198/198 3192/119/119 5563/121/121 4891/200/200
f 91/194/194 93/199/199 98/202/202 94/203/203
f 94/203/203 98/202/202 3219/204/204 3218/205/205
f 93/199/199 4892/201/201 4893/206/206 98/202/202
f 98/202/202 4893/206/206 5564/207/207 3219/204/204
f 91/194/194 94/203/203 99/208/208 95/195/195
f 95/195/195 99/208/208 3216/168/168 3215/163/163
f 94/203/203 3218/205/205 3217/209/209 99/208/208
f 99/208/208 3217/209/209 5336/169/169 3216/168/168
f 100/210/210 104/211/211 105/212/212 101/213/213
f 101/213/213 105/212/212 3217/209/209 3218/205/205
f 104/211/211 3221/183/183 3220/182/182 105/212/212
f 105/212/212 3220/182/182 5336/169/169 3217/209/209
f 100/210/210 101/213/213 106/214/214 102/215/215
f 102/215/215 106/214/214 4894/216/216 4895/217/217
f 101/213/213 3218/205/205 3219/204/204 106/214/214
f 106/214/214 3219/204/204 5564/207/207 4894/216/216
f 100/210/210 102/215/215 107/218/218 103/219/219
f 103/219/219 107/218/218 4956/220/220 4955/221/221
f 102/215/215 4895/217/217 4896/222/222 107/218/218
f 107/218/218 4896/222/222 5684/223/223 4956/220/220
f 100/210/210 103/219/219 108/224/224 104/211/211
f 104/211/211 108/224/224 3222/188/188 3221/183/183
f 103/219/219 4955/221/221 4954/225/225 108/224/224
f 108/224/224 4954/225/225 5579/189/189 3222/188/188
f 109/226/226 113/227/227 114/228/228 110/229/229
f 110/229/229 114/228/228 3205/159/159 3206/158/158
f 113/227/227 3224/6/6 3223/5/5 114/228/228
f 114/228/228 3223/5/5 5329/9/9 3205/159/159
f 109/226/226 110/229/229 115/230/230 111/231/231
f 111/231/231 115/230/230 3232/232/232 3233/233/233
f 110/229/229 3206/158/158 3207/171/171 115/230/230
f 115/230/230 3207/171/171 5332/173/173 3232/232/232
f 109/226/226 111/231/231 116/234/234 112/235/235
f 112/235/235 116/234/234 3231/236/236 3230/237/237
f 111/231/231 3233/233/233 3234/238/238 116/234/234
f 116/234/234 3234/238/238 5337/239/239 3231/236/236
f 109/226/226 112/235/235 117/240/240 113/227/227
f 113/227/227 117/240/240 3225/14/14 3224/6/6
f 112/235/235 3230/237/237 3229/241/241 117/240/240
f 117/240/240 3229/241/241 5333/15/15 3225/14/14
f 118/242/242 122/243/243 123/244/244 119/245/245
f 119/245/245 123/244/244 3229/241/241 3230/237/237
f 122/243/243 3227/51/51 3226/50/50 123/244/244
f 123/244/244 3226/50/50 5333/15/15 3229/241/241
f 118/242/242 119/245/245 124/246/246 120/247/247
f 120/247/247 124/246/246 3238/248/248 3239/249/249
f 119/245/245 3230/237/237 3231/236/236 124/246/246
f 124/246/246 3231/236/236 5337/239/239 3238/248/248
f 118/242/242 120/247/247 125/250/250 121/251/251
f 121/251/251 125/250/250 4797/252/252 4796/253/253
f 120/247/247 3239/249/249 3240/254/254 125/250/250
f 125/250/250 3240/254/254 5540/255/255 4797/252/252
f 118/242/242 121/251/251 126/256/256 122/243/243
f 122/243/243 126/256/256 3228/56/56 3227/51/51
f 121/251/251 4796/253/253 4795/257/257 126/256/256
f 126/256/256 4795/257/257 5539/57/57 3228/56/56
f 127/258/258 131/259/259 132/260/260 128/261/261
f 128/261/261 132/260/260 3208/179/179 3209/178/178
f 131/259/259 3233/233/233 3232/232/232 132/260/260
f 132/260/260 3232/232/232 5332/173/173 3208/179/179
f 127/258/258 128/261/261 133/262/262 129/263/263
f 129/263/263 133/262/262 4950/264/264 4949/265/265
f 128/261/261 3209/178/178 3210/191/191 133/262/262
f 133/262/262 3210/191/191 5578/193/193 4950/264/264
f 127/258/258 129/263/263 134/266/266 130/267/267
f 130/267/267 134/266/266 3237/268/268 3236/269/269
f 129/263/263 4949/265/265 4948/270/270 134/266/266
f 134/266/266 4948/270/270 5577/271/271 3237/268/268
f 127/258/258 130/267/267 135/272/272 131/259/259
f 131/259/259 135/272/272 3234/238/238 3233/233/233
f 130/267/267 3236/269/269 3235/273/273 135/272/272
f 135/272/272 3235/273/273 5337/239/239 3234/238/238
f 136/274/274 140/275/275 141/276/276 137/277/277
f 137/277/277 141/276/276 3235/273/273 3236/269/269
f 140/275/275 3239/249/249 3238/248/248 141/276/276
f 141/276/276 3238/248/248 5337/239/239 3235/273/273
f 136/274/274 137/277/277 142/278/278 138/279/279
f 138/279/279 142/278/278 4947/280/280 4946/281/281
f 137/277/277 3236/269/269 3237/268/268 142/278/278
f 142/278/278 3237/268/268 5577/271/271 4947/280/280
f 136/274/274 138/279/279 143/282/282 139/283/283
f 139/283/283 143/282/282 4800/284/284 4799/285/285
f 138/279/279 4946/281/281 4945/286/286 143/282/282
f 143/282/282 4945/286/286 5676/287/287 4800/284/284
f 136/274/274 139/283/283 144/288/288 140/275/275
f 140/275/275 144/288/288 3240/254/254 3239/249/249
f 139/283/283 4799/285/285 4798/289/289 144/288/288
f 144/288/288 4798/289/289 5540/255/255 3240/254/254
f 145/290/290 149/291/291 150/292/292 146/293/293
f 146/293/293 150/292/292 3295/294/294 3296/295/295
f 149/291/291 3242/296/296 3241/297/297 150/292/292
f 150/292/292 3241/297/297 5338/298/298 3295/294/294
f 145/290/290 146/293/293 151/299/299 147/300/300
f 147/300/300 151/299/299 3250/301/301 3251/302/302
f 146/293/293 3296/295/295 3297/303/303 151/299/299
f 151/299/299 3297/303/303 5342/304/304 3250/301/301
f 145/290/290 147/300/300 152/305/305 148/306/306
f 148/306/306 152/305/305 3249/307/307 3248/308/308
f 147/300/300 3251/302/302 3252/309/309 152/305/305
f 152/305/305 3252/309/309 5343/310/310 3249/307/307
f 145/290/290 148/306/306 153/311/311 149/291/291
f 149/291/291 153/311/311 3243/312/312 3242/296/296
f 148/306/306 3248/308/308 3247/313/313 153/311/311
f 153/311/311 3247/313/313 5339/314/314 3243/312/312
f 154/315/315 158/316/316 159/317/317 155/318/318
f 155/318/318 159/317/317 3247/313/313 3248/308/308
f 158/316/316 3245/319/319 3244/320/320 159/317/317
f 159/317/317 3244/320/320 5339/314/314 3247/313/313
f 154/315/315 155/318/318 160/321/321 156/322/322
f 156/322/322 160/321/321 3256/323/323 3257/324/324
f 155/318/318 3248/308/308 3249/307/307 160/321/321
f 160/321/321 3249/307/307 5343/310/310 3256/323/323
f 154/315/315 156/322/322 161/325/325 157/326/326
f 157/326/326 161/325/325 4989/327/327 4988/328/328
f 156/322/322 3257/324/324 3258/329/329 161/325/325
f 161/325/325 3258/329/329 5588/330/330 4989/327/327
f 154/315/315 157/326/326 162/331/331 158/316/316
f 158/316/316 162/331/331 3246/332/332 3245/319/319
f 157/326/326 4988/328/328 4987/333/333 162/331/331
f 162/331/331 4987/333/333 5587/334/334 3246/332/332
f 163/335/335 167/336/336 168/337/337 164/338/338
f 164/338/338 168/337/337 3298/339/339 3299/340/340
f 167/336/336 3251/302/302 3250/301/301 168/337/337
f 168/337/337 3250/301/301 5342/304/304 3298/339/339
f 163/335/335 164/338/338 169/341/341 165/342/342
f 165/342/342 169/341/341 4830/343/343 4829/344/344
f 164/338/338 3299/340/340 3300/345/345 169/341/341
f 169/341/341 3300/345/345 5548/346/346 4830/343/343
f 163/335/335 165/342/342 170/347/347 166/348/348
f 166/348/348 170/347/347 3255/349/349 3254/350/350
f 165/342/342 4829/344/344 4828/351/351 170/347/347
f 170/347/347 4828/351/351 5547/352/352 3255/349/349
f 163/335/335 166/348/348 171/353/353 167/336/336
f 167/336/336 171/353/353 3252/309/309 3251/302/302
f 166/348/348 3254/350/350 3253/354/354 171/353/353
f 171/353/353 3253/354/354 5343/310/310 3252/309/309
f 172/355/355 176/356/356 177/357/357 173/358/358
f 173/358/358 177/357/357 3253/354/354 3254/350/350
f 176/356/356 3257/324/324 3256/323/323 177/357/357
f 177/357/357 3256/323/323 5343/310/310 3253/354/354
f 172/355/355 173/358/358 178/359/359 174/360/360
f 174/360/360 178/359/359 4827/361/361 4826/362/362
f 173/358/358 3254/350/350 3255/349/349 178/359/359
f 178/359/359 3255/349/349 5547/352/352 4827/361/361
f 172/355/355 174/360/360 179/363/363 175/364/364
f 175/364/364 179/363/363 4992/365/365 4991/366/366
f 174/360/360 4826/362/362 4825/367/367 179/363/363
f 179/363/363 4825/367/367 5680/368/368 4992/365/365
f 172/355/355 175/364/364 180/369/369 176/356/356
f 176/356/356 180/369/369 3258/329/329 3257/324/324
f 175/364/364 4991/366/366 4990/370/370 180/369/369
f 180/369/369 4990/370/370 5588/330/330 3258/329/329
f 181/371/371 185/372/372 186/373/373 182/374/374
f 182/374/374 186/373/373 3241/297/297 3242/296/296
f 185/372/372 3260/375/375 3259/376/376 186/373/373
f 186/373/373 3259/376/376 5338/298/298 3241/297/297
f 181/371/371 182/374/374 187/377/377 183/378/378
f 183/378/378 187/377/377 3268/379/379 3269/380/380
f 182/374/374 3242/296/296 3243/312/312 187/377/377
f 187/377/377 3243/312/312 5339/314/314 3268/379/379
f 181/371/371 183/378/378 188/381/381 184/382/382
f 184/382/382 188/381/381 3267/383/383 3266/384/384
f 183/378/378 3269/380/380 3270/385/385 188/381/381
f 188/381/381 3270/385/385 5344/386/386 3267/383/383
f 181/371/371 184/382/382 189/387/387 185/372/372
f 185/372/372 189/387/387 3261/388/388 3260/375/375
f 184/382/382 3266/384/384 3265/389/389 189/387/387
f 189/387/387 3265/389/389 5340/390/390 3261/388/388
f 190/391/391 194/392/392 195/393/393 191/394/394
f 191/394/394 195/393/393 3265/389/389 3266/384/384
f 194/392/392 3263/395/395 3262/396/396 195/393/393
f 195/393/393 3262/396/396 5340/390/390 3265/389/389
f 190/391/391 191/394/394 196/397/397 192/398/398
f 192/398/398 196/397/397 3274/399/399 3275/400/400
f 191/394/394 3266/384/384 3267/383/383 196/397/397
f 196/397/397 3267/383/383 5344/386/386 3274/399/399
f 190/391/391 192/398/398 197/401/401 193/402/402
f 193/402/402 197/401/401 4924/403/403 4925/404/404
f 192/398/398 3275/400/400 3276/405/405 197/401/401
f 197/401/401 3276/405/405 5571/406/406 4924/403/403
f 190/391/391 193/402/402 198/407/407 194/392/392
f 194/392/392 198/407/407 3264/408/408 3263/395/395
f 193/402/402 4925/404/404 4926/409/409 198/407/407
f 198/407/407 4926/409/409 5572/410/410 3264/408/408
f 199/411/411 203/412/412 204/413/413 200/414/414
f 200/414/414 204/413/413 3244/320/320 3245/319/319
f 203/412/412 3269/380/380 3268/379/379 204/413/413
f 204/413/413 3268/379/379 5339/314/314 3244/320/320
f 199/411/411 200/414/414 205/415/415 201/416/416
f 201/416/416 205/415/415 4986/417/417 4985/418/418
f 200/414/414 3245/319/319 3246/332/332 205/415/415
f 205/415/415 3246/332/332 5587/334/334 4986/417/417
f 199/411/411 201/416/416 206/419/419 202/420/420
f 202/420/420 206/419/419 3273/421/421 3272/422/422
f 201/416/416 4985/418/418 4984/423/423 206/419/419
f 206/419/419 4984/423/423 5586/424/424 3273/421/421
f 199/411/411 202/420/420 207/425/425 203/412/412
f 203/412/412 207/425/425 3270/385/385 3269/380/380
f 202/420/420 3272/422/422 3271/426/426 207/425/425
f 207/425/425 3271/426/426 5344/386/386 3270/385/385
f 208/427/427 212/428/428 213/429/429 209/430/430
f 209/430/430 213/429/429 3271/426/426 3272/422/422
f 212/428/428 3275/400/400 3274/399/399 213/429/429
f 213/429/429 3274/399/399 5344/386/386 3271/426/426
f 208/427/427 209/430/430 214/431/431 210/432/432
f 210/432/432 214/431/431 4983/433/433 4982/434/434
f 209/430/430 3272/422/422 3273/421/421 214/431/431
f 214/431/431 3273/421/421 5586/424/424 4983/433/433
f 208/427/427 210/432/432 215/435/435 211/436/436
f 211/436/436 215/435/435 4921/437/437 4922/438/438
f 210/432/432 4982/434/434 4981/439/439 215/435/435
f 215/435/435 4981/439/439 5688/440/440 4921/437/437
f 208/427/427 211/436/436 216/441/441 212/428/428
f 212/428/428 216/441/441 3276/405/405 3275/400/400
f 211/436/436 4922/438/438 4923/442/442 216/441/441
f 216/441/441 4923/442/442 5571/406/406 3276/405/405
f 217/443/443 221/444/444 222/445/445 218/446/446
f 218/446/446 222/445/445 3259/376/376 3260/375/375
f 221/444/444 3278/447/447 3277/448/448 222/445/445
f 222/445/445 3277/448/448 5338/298/298 3259/376/376
f 217/443/443 218/446/446 223/449/449 219/450/450
f 219/450/450 223/449/449 3286/451/451 3287/452/452
f 218/446/446 3260/375/375 3261/388/388 223/449/449
f 223/449/449 3261/388/388 5340/390/390 3286/451/451
f 217/443/443 219/450/450 224/453/453 220/454/454
f 220/454/454 224/453/453 3285/455/455 3284/456/456
f 219/450/450 3287/452/452 3288/457/457 224/453/453
f 224/453/453 3288/457/457 5345/458/458 3285/455/455
f 217/443/443 220/454/454 225/459/459 221/444/444
f 221/444/444 225/459/459 3279/460/460 3278/447/447
f 220/454/454 3284/456/456 3283/461/461 225/459/459
f 225/459/459 3283/461/461 5341/462/462 3279/460/460
f 226/463/463 230/464/464 231/465/465 227/466/466
f 227/466/466 231/465/465 3283/461/461 3284/456/456
f 230/464/464 3281/467/467 3280/468/468 231/465/465
f 231/465/465 3280/468/468 5341/462/462 3283/461/461
f 226/463/463 227/466/466 232/469/469 228/470/470
f 228/470/470 232/469/469 3292/471/471 3293/472/472
f 227/466/466 3284/456/456 3285/455/455 232/469/469
f 232/469/469 3285/455/455 5345/458/458 3292/471/471
f 226/463/463 228/470/470 233/473/473 229/474/474
f 229/474/474 233/473/473 4977/475/475 4976/476/476
f 228/470/470 3293/472/472 3294/477/477 233/473/473
f 233/473/473 3294/477/477 5585/478/478 4977/475/475
f 226/463/463 229/474/474 234/479/479 230/464/464
f 230/464/464 234/479/479 3282/480/480 3281/467/467
f 229/474/474 4976/476/476 4975/481/481 234/479/479
f 234/479/479 4975/481/481 5584/482/482 3282/480/480
f 235/483/483 239/484/484 240/485/485 236/486/486
f 236/486/486 240/485/485 3262/396/396 3263/395/395
f 239/484/484 3287/452/452 3286/451/451 240/485/485
f 240/485/485 3286/451/451 5340/390/390 3262/396/396
f 235/483/483 236/486/486 241/487/487 237/488/488
f 237/488/488 241/487/487 4927/489/489 4928/490/490
f 236/486/486 3263/395/395 3264/408/408 241/487/487
f 241/487/487 3264/408/408 5572/410/410 4927/489/489
f 235/483/483 237/488/488 242/491/491 238/492/492
f 238/492/492 242/491/491 3291/493/493 3290/494/494
f 237/488/488 4928/490/490 4929/495/495 242/491/491
f 242/491/491 4929/495/495 5573/496/496 3291/493/493
f 235/483/483 238/492/492 243/497/497 239/484/484
f 239/484/484 243/497/497 3288/457/457 3287/452/452
f 238/492/492 3290/494/494 3289/498/498 243/497/497
f 243/497/497 3289/498/498 5345/458/458 3288/457/457
f 244/499/499 248/500/500 249/501/501 245/502/502
f 245/502/502 249/501/501 3289/498/498 3290/494/494
f 248/500/500 3293/472/472 3292/471/471 249/501/501
f 249/501/501 3292/471/471 5345/458/458 3289/498/498
f 244/499/499 245/502/502 250/503/503 246/504/504
f 246/504/504 250/503/503 4930/505/505 4931/506/506
f 245/502/502 3290/494/494 3291/493/493 250/503/503
f 250/503/503 3291/493/493 5573/496/496 4930/505/505
f 244/499/499 246/504/504 251/507/507 247/508/508
f 247/508/508 251/507/507 4980/509/509 4979/510/510
f 246/504/504 4931/506/506 4932/511/511 251/507/507
f 251/507/507 4932/511/511 5687/512/512 4980/509/509
f 244/499/499 247/508/508 252/513/513 248/500/500
f 248/500/500 252/513/513 3294/477/477 3293/472/472
f 247/508/508 4979/510/510 4978/514/514 252/513/513
f 252/513/513 4978/514/514 5585/478/478 3294/477/477
f 253/515/515 257/516/516 258/517/517 254/518/518
f 254/518/518 258/517/517 3277/448/448 3278/447/447
f 257/516/516 3296/295/295 3295/294/294 258/517/517
f 258/517/517 3295/294/294 5338/298/298 3277/448/448
f 253/515/515 254/518/518 259/519/519 255/520/520
f 255/520/520 259/519/519 3304/521/521 3305/522/522
f 254/518/518 3278/447/447 3279/460/460 259/519/519
f 259/519/519 3279/460/460 5341/462/462 3304/521/521
f 253/515/515 255/520/520 260/523/523 256/524/524
f 256/524/524 260/523/523 3303/525/525 3302/526/526
f 255/520/520 3305/522/522 3306/527/527 260/523/523
f 260/523/523 3306/527/527 5346/528/528 3303/525/525
f 253/515/515 256/524/524 261/529/529 257/516/516
f 257/516/516 261/529/529 3297/303/303 3296/295/295
f 256/524/524 3302/526/526 3301/530/530 261/529/529
f 261/529/529 3301/530/530 5342/304/304 3297/303/303
f 262/531/531 266/532/532 267/533/533 263/534/534
f 263/534/534 267/533/533 3301/530/530 3302/526/526
f 266/532/532 3299/340/340 3298/339/339 267/533/533
f 267/533/533 3298/339/339 5342/304/304 3301/530/530
f 262/531/531 263/534/534 268/535/535 264/536/536
f 264/536/536 268/535/535 3310/537/537 3311/538/538
f 263/534/534 3302/526/526 3303/525/525 268/535/535
f 268/535/535 3303/525/525 5346/528/528 3310/537/537
f 262/531/531 264/536/536 269/539/539 265/540/540
f 265/540/540 269/539/539 4833/541/541 4832/542/542
f 264/536/536 3311/538/538 3312/543/543 269/539/539
f 269/539/539 3312/543/543 5549/544/544 4833/541/541
f 262/531/531 265/540/540 270/545/545 266/532/532
f 266/532/532 270/545/545 3300/345/345 3299/340/340
f 265/540/540 4832/542/542 4831/546/546 270/545/545
f 270/545/545 4831/546/546 5548/346/346 3300/345/345
f 271/547/547 275/548/548 276/549/549 272/550/550
f 272/550/550 276/549/549 3280/468/468 3281/467/467
f 275/548/548 3305/522/522 3304/521/521 276/549/549
f 276/549/549 3304/521/521 5341/462/462 3280/468/468
f 271/547/547 272/550/550 277/551/551 273/552/552
f 273/552/552 277/551/551 4974/553/553 4973/554/554
f 272/550/550 3281/467/467 3282/480/480 277/551/551
f 277/551/551 3282/480/480 5584/482/482 4974/553/553
f 271/547/547 273/552/552 278/555/555 274/556/556
f 274/556/556 278/555/555 3309/557/557 3308/558/558
f 273/552/552 4973/554/554 4972/559/559 278/555/555
f 278/555/555 4972/559/559 5583/560/560 3309/557/557
f 271/547/547 274/556/556 279/561/561 275/548/548
f 275/548/548 279/561/561 3306/527/527 3305/522/522
f 274/556/556 3308/558/558 3307/562/562 279/561/561
f 279/561/561 3307/562/562 5346/528/528 3306/527/527
f 280/563/563 284/564/564 285/565/565 281/566/566
f 281/566/566 285/565/565 3307/562/562 3308/558/558
f 284/564/564 3311/538/538 3310/537/537 285/565/565
f 285/565/565 3310/537/537 5346/528/528 3307/562/562
f 280/563/563 281/566/566 286/567/567 282/568/568
f 282/568/568 286/567/567 4971/569/569 4970/570/570
f 281/566/566 3308/558/558 3309/557/557 286/567/567
f 286/567/567 3309/557/557 5583/560/560 4971/569/569
f 280/563/563 282/568/568 287/571/571 283/572/572
f 283/572/572 287/571/571 4836/573/573 4835/574/574
f 282/568/568 4970/570/570 4969/575/575 287/571/571
f 287/571/571 4969/575/575 5679/576/576 4836/573/573
f 280/563/563 283/572/572 288/577/577 284/564/564
f 284/564/564 288/577/577 3312/543/543 3311/538/538
f 283/572/572 4835/574/574 4834/578/578 288/577/577
f 288/577/577 4834/578/578 5549/544/544 3312/543/543
f 289/579/579 293/580/580 294/581/581 290/582/582
f 290/582/582 294/581/581 3367/583/583 3368/584/584
f 293/580/580 3314/585/585 3313/586/586 294/581/581
f 294/581/581 3313/586/586 5347/587/587 3367/583/583
f 289/579/579 290/582/582 295/588/588 291/589/589
f 291/589/589 295/588/588 3322/590/590 3323/591/591
f 290/582/582 3368/584/584 3369/592/592 295/588/588
f 295/588/588 3369/592/592 5351/593/593 3322/590/590
f 289/579/579 291/589/589 296/594/594 292/595/595
f 292/595/595 296/594/594 3321/596/596 3320/597/597
f 291/589/589 3323/591/591 3324/598/598 296/594/594
f 296/594/594 3324/598/598 5352/599/599 3321/596/596
f 289/579/579 292/595/595 297/600/600 293/580/580
f 293/580/580 297/600/600 3315/601/601 3314/585/585
f 292/595/595 3320/597/597 3319/602/602 297/600/600
f 297/600/600 3319/602/602 5348/603/603 3315/601/601
f 298/604/604 302/605/605 303/606/606 299/607/607
f 299/607/607 303/606/606 3319/602/602 3320/597/597
f 302/605/605 3317/608/608 3316/609/609 303/606/606
f 303/606/606 3316/609/609 5348/603/603 3319/602/602
f 298/604/604 299/607/607 304/610/610 300/611/611
f 300/611/611 304/610/610 3328/612/612 3329/613/613
f 299/607/607 3320/597/597 3321/596/596 304/610/610
f 304/610/610 3321/596/596 5352/599/599 3328/612/612
f 298/604/604 300/611/611 305/614/614 301/615/615
f 301/615/615 305/614/614 4948/270/270 4949/265/265
f 300/611/611 3329/613/613 3330/616/616 305/614/614
f 305/614/614 3330/616/616 5577/271/271 4948/270/270
f 298/604/604 301/615/615 306/617/617 302/605/605
f 302/605/605 306/617/617 3318/618/618 3317/608/608
f 301/615/615 4949/265/265 4950/264/264 306/617/617
f 306/617/617 4950/264/264 5578/193/193 3318/618/618
f 307/619/619 311/620/620 312/621/621 308/622/622
f 308/622/622 312/621/621 3370/623/623 3371/624/624
f 311/620/620 3323/591/591 3322/590/590 312/621/621
f 312/621/621 3322/590/590 5351/593/593 3370/623/623
f 307/619/619 308/622/622 313/625/625 309/626/626
f 309/626/626 313/625/625 4782/627/627 4781/628/628
f 308/622/622 3371/624/624 3372/629/629 313/625/625
f 313/625/625 3372/629/629 5536/630/630 4782/627/627
f 307/619/619 309/626/626 314/631/631 310/632/632
f 310/632/632 314/631/631 3327/633/633 3326/634/634
f 309/626/626 4781/628/628 4780/635/635 314/631/631
f 314/631/631 4780/635/635 5535/636/636 3327/633/633
f 307/619/619 310/632/632 315/637/637 311/620/620
f 311/620/620 315/637/637 3324/598/598 3323/591/591
f 310/632/632 3326/634/634 3325/638/638 315/637/637
f 315/637/637 3325/638/638 5352/599/599 3324/598/598
f 316/639/639 320/640/640 321/641/641 317/642/642
f 317/642/642 321/641/641 3325/638/638 3326/634/634
f 320/640/640 3329/613/613 3328/612/612 321/641/641
f 321/641/641 3328/612/612 5352/599/599 3325/638/638
f 316/639/639 317/642/642 322/643/643 318/644/644
f 318/644/644 322/643/643 4779/645/645 4778/646/646
f 317/642/642 3326/634/634 3327/633/633 322/643/643
f 322/643/643 3327/633/633 5535/636/636 4779/645/645
f 316/639/639 318/644/644 323/647/647 319/648/648
f 319/648/648 323/647/647 4945/286/286 4946/281/281
f 318/644/644 4778/646/646 4777/649/649 323/647/647
f 323/647/647 4777/649/649 5676/287/287 4945/286/286
f 316/639/639 319/648/648 324/650/650 320/640/640
f 320/640/640 324/650/650 3330/616/616 3329/613/613
f 319/648/648 4946/281/281 4947/280/280 324/650/650
f 324/650/650 4947/280/280 5577/271/271 3330/616/616
f 325/651/651 329/652/652 330/653/653 326/654/654
f 326/654/654 330/653/653 3313/586/586 3314/585/585
f 329/652/652 3332/655/655 3331/656/656 330/653/653
f 330/653/653 3331/656/656 5347/587/587 3313/586/586
f 325/651/651 326/654/654 331/657/657 327/658/658
f 327/658/658 331/657/657 3340/659/659 3341/660/660
f 326/654/654 3314/585/585 3315/601/601 331/657/657
f 331/657/657 3315/601/601 5348/603/603 3340/659/659
f 325/651/651 327/658/658 332/661/661 328/662/662
f 328/662/662 332/661/661 3339/663/663 3338/664/664
f 327/658/658 3341/660/660 3342/665/665 332/661/661
f 332/661/661 3342/665/665 5353/666/666 3339/663/663
f 325/651/651 328/662/662 333/667/667 329/652/652
f 329/652/652 333/667/667 3333/668/668 3332/655/655
f 328/662/662 3338/664/664 3337/669/669 333/667/667
f 333/667/667 3337/669/669 5349/670/670 3333/668/668
f 334/671/671 338/672/672 339/673/673 335/674/674
f 335/674/674 339/673/673 3337/669/669 3338/664/664
f 338/672/672 3335/675/675 3334/676/676 339/673/673
f 339/673/673 3334/676/676 5349/670/670 3337/669/669
f 334/671/671 335/674/674 340/677/677 336/678/678
f 336/678/678 340/677/677 3346/679/679 3347/680/680
f 335/674/674 3338/664/664 3339/663/663 340/677/677
f 340/677/677 3339/663/663 5353/666/666 3346/679/679
f 334/671/671 336/678/678 341/681/681 337/682/682
f 337/682/682 341/681/681 4876/683/683 4877/684/684
f 336/678/678 3347/680/680 3348/685/685 341/681/681
f 341/681/681 3348/685/685 5559/686/686 4876/683/683
f 334/671/671 337/682/682 342/687/687 338/672/672
f 338/672/672 342/687/687 3336/688/688 3335/675/675
f 337/682/682 4877/684/684 4878/689/689 342/687/687
f 342/687/687 4878/689/689 5560/690/690 3336/688/688
f 343/691/691 347/692/692 348/693/693 344/694/694
f 344/694/694 348/693/693 3316/609/609 3317/608/608
f 347/692/692 3341/660/660 3340/659/659 348/693/693
f 348/693/693 3340/659/659 5348/603/603 3316/609/609
f 343/691/691 344/694/694 349/695/695 345/696/696
f 345/696/696 349/695/695 4951/192/192 4952/187/187
f 344/694/694 3317/608/608 3318/618/618 349/695/695
f 349/695/695 3318/618/618 5578/193/193 4951/192/192
f 343/691/691 345/696/696 350/697/697 346/698/698
f 346/698/698 350/697/697 3345/699/699 3344/700/700
f 345/696/696 4952/187/187 4953/186/186 350/697/697
f 350/697/697 4953/186/186 5579/189/189 3345/699/699
f 343/691/691 346/698/698 351/701/701 347/692/692
f 347/692/692 351/701/701 3342/665/665 3341/660/660
f 346/698/698 3344/700/700 3343/702/702 351/701/701
f 351/701/701 3343/702/702 5353/666/666 3342/665/665
f 352/703/703 356/704/704 357/705/705 353/706/706
f 353/706/706 357/705/705 3343/702/702 3344/700/700
f 356/704/704 3347/680/680 3346/679/679 357/705/705
f 357/705/705 3346/679/679 5353/666/666 3343/702/702
f 352/703/703 353/706/706 358/707/707 354/708/708
f 354/708/708 358/707/707 4954/225/225 4955/221/221
f 353/706/706 3344/700/700 3345/699/699 358/707/707
f 358/707/707 3345/699/699 5579/189/189 4954/225/225
f 352/703/703 354/708/708 359/709/709 355/710/710
f 355/710/710 359/709/709 4873/711/711 4874/712/712
f 354/708/708 4955/221/221 4956/220/220 359/709/709
f 359/709/709 4956/220/220 5684/223/223 4873/711/711
f 352/703/703 355/710/710 360/713/713 356/704/704
f 356/704/704 360/713/713 3348/685/685 3347/680/680
f 355/710/710 4874/712/712 4875/714/714 360/713/713
f 360/713/713 4875/714/714 5559/686/686 3348/685/685
f 361/715/715 365/716/716 366/717/717 362/718/718
f 362/718/718 366/717/717 3331/656/656 3332/655/655
f 365/716/716 3350/719/719 3349/720/720 366/717/717
f 366/717/717 3349/720/720 5347/587/587 3331/656/656
f 361/715/715 362/718/718 367/721/721 363/722/722
f 363/722/722 367/721/721 3358/723/723 3359/724/724
f 362/718/718 3332/655/655 3333/668/668 367/721/721
f 367/721/721 3333/668/668 5349/670/670 3358/723/723
f 361/715/715 363/722/722 368/725/725 364/726/726
f 364/726/726 368/725/725 3357/727/727 3356/728/728
f 363/722/722 3359/724/724 3360/729/729 368/725/725
f 368/725/725 3360/729/729 5354/730/730 3357/727/727
f 361/715/715 364/726/726 369/731/731 365/716/716
f 365/716/716 369/731/731 3351/732/732 3350/719/719
f 364/726/726 3356/728/728 3355/733/733 369/731/731
f 369/731/731 3355/733/733 5350/734/734 3351/732/732
f 370/735/735 374/736/736 375/737/737 371/738/738
f 371/738/738 375/737/737 3355/733/733 3356/728/728
f 374/736/736 3353/739/739 3352/740/740 375/737/737
f 375/737/737 3352/740/740 5350/734/734 3355/733/733
f 370/735/735 371/738/738 376/741/741 372/742/742
f 372/742/742 376/741/741 3364/743/743 3365/744/744
f 371/738/738 3356/728/728 3357/727/727 376/741/741
f 376/741/741 3357/727/727 5354/730/730 3364/743/743
f 370/735/735 372/742/742 377/745/745 373/746/746
f 373/746/746 377/745/745 5001/747/747 5000/748/748
f 372/742/742 3365/744/744 3366/749/749 377/745/745
f 377/745/745 3366/749/749 5591/750/750 5001/747/747
f 370/735/735 373/746/746 378/751/751 374/736/736
f 374/736/736 378/751/751 3354/752/752 3353/739/739
f 373/746/746 5000/748/748 4999/753/753 378/751/751
f 378/751/751 4999/753/753 5590/754/754 3354/752/752
f 379/755/755 383/756/756 384/757/757 380/758/758
f 380/758/758 384/757/757 3334/676/676 3335/675/675
f 383/756/756 3359/724/724 3358/723/723 384/757/757
f 384/757/757 3358/723/723 5349/670/670 3334/676/676
f 379/755/755 380/758/758 385/759/759 381/760/760
f 381/760/760 385/759/759 4879/761/761 4880/762/762
f 380/758/758 3335/675/675 3336/688/688 385/759/759
f 385/759/759 3336/688/688 5560/690/690 4879/761/761
f 379/755/755 381/760/760 386/763/763 382/764/764
f 382/764/764 386/763/763 3363/765/765 3362/766/766
f 381/760/760 4880/762/762 4881/767/767 386/763/763
f 386/763/763 4881/767/767 5561/768/768 3363/765/765
f 379/755/755 382/764/764 387/769/769 383/756/756
f 383/756/756 387/769/769 3360/729/729 3359/724/724
f 382/764/764 3362/766/766 3361/770/770 387/769/769
f 387/769/769 3361/770/770 5354/730/730 3360/729/729
f 388/771/771 392/772/772 393/773/773 389/774/774
f 389/774/774 393/773/773 3361/770/770 3362/766/766
f 392/772/772 3365/744/744 3364/743/743 393/773/773
f 393/773/773 3364/743/743 5354/730/730 3361/770/770
f 388/771/771 389/774/774 394/775/775 390/776/776
f 390/776/776 394/775/775 4882/777/777 4883/778/778
f 389/774/774 3362/766/766 3363/765/765 394/775/775
f 394/775/775 3363/765/765 5561/768/768 4882/777/777
f 388/771/771 390/776/776 395/779/779 391/780/780
f 391/780/780 395/779/779 5004/781/781 5003/782/782
f 390/776/776 4883/778/778 4884/783/783 395/779/779
f 395/779/779 4884/783/783 5683/784/784 5004/781/781
f 388/771/771 391/780/780 396/785/785 392/772/772
f 392/772/772 396/785/785 3366/749/749 3365/744/744
f 391/780/780 5003/782/782 5002/786/786 396/785/785
f 396/785/785 5002/786/786 5591/750/750 3366/749/749
f 397/787/787 401/788/788 402/789/789 398/790/790
f 398/790/790 402/789/789 3349/720/720 3350/719/719
f 401/788/788 3368/584/584 3367/583/583 402/789/789
f 402/789/789 3367/583/583 5347/587/587 3349/720/720
f 397/787/787 398/790/790 403/791/791 399/792/792
f 399/792/792 403/791/791 3376/793/793 3377/794/794
f 398/790/790 3350/719/719 3351/732/732 403/791/791
f 403/791/791 3351/732/732 5350/734/734 3376/793/793
f 397/787/787 399/792/792 404/795/795 400/796/796
f 400/796/796 404/795/795 3375/797/797 3374/798/798
f 399/792/792 3377/794/794 3378/799/799 404/795/795
f 404/795/795 3378/799/799 5355/800/800 3375/797/797
f 397/787/787 400/796/796 405/801/801 401/788/788
f 401/788/788 405/801/801 3369/592/592 3368/584/584
f 400/796/796 3374/798/798 3373/802/802 405/801/801
f 405/801/801 3373/802/802 5351/593/593 3369/592/592
f 406/803/803 410/804/804 411/805/805 407/806/806
f 407/806/806 411/805/805 3373/802/802 3374/798/798
f 410/804/804 3371/624/624 3370/623/623 411/805/805
f 411/805/805 3370/623/623 5351/593/593 3373/802/802
f 406/803/803 407/806/806 412/807/807 408/808/808
f 408/808/808 412/807/807 3382/809/809 3383/810/810
f 407/806/806 3374/798/798 3375/797/797 412/807/807
f 412/807/807 3375/797/797 5355/800/800 3382/809/809
f 406/803/803 408/808/808 413/811/811 409/812/812
f 409/812/812 413/811/811 4785/813/813 4784/814/814
f 408/808/808 3383/810/810 3384/815/815 413/811/811
f 413/811/811 3384/815/815 5537/816/816 4785/813/813
f 406/803/803 409/812/812 414/817/817 410/804/804
f 410/804/804 414/817/817 3372/629/629 3371/624/624
f 409/812/812 4784/814/814 4783/818/818 414/817/817
f 414/817/817 4783/818/818 5536/630/630 3372/629/629
f 415/819/819 419/820/820 420/821/821 416/822/822
f 416/822/822 420/821/821 3352/740/740 3353/739/739
f 419/820/820 3377/794/794 3376/793/793 420/821/821
f 420/821/821 3376/793/793 5350/734/734 3352/740/740
f 415/819/819 416/822/822 421/823/823 417/824/824
f 417/824/824 421/823/823 4998/825/825 4997/826/826
f 416/822/822 3353/739/739 3354/752/752 421/823/823
f 421/823/823 3354/752/752 5590/754/754 4998/825/825
f 415/819/819 417/824/824 422/827/827 418/828/828
f 418/828/828 422/827/827 3381/829/829 3380/830/830
f 417/824/824 4997/826/826 4996/831/831 422/827/827
f 422/827/827 4996/831/831 5589/832/832 3381/829/829
f 415/819/819 418/828/828 423/833/833 419/820/820
f 419/820/820 423/833/833 3378/799/799 3377/794/794
f 418/828/828 3380/830/830 3379/834/834 423/833/833
f 423/833/833 3379/834/834 5355/800/800 3378/799/799
f 424/835/835 428/836/836 429/837/837 425/838/838
f 425/838/838 429/837/837 3379/834/834 3380/830/830
f 428/836/836 3383/810/810 3382/809/809 429/837/837
f 429/837/837 3382/809/809 5355/800/800 3379/834/834
f 424/835/835 425/838/838 430/839/839 426/840/840
f 426/840/840 430/839/839 4995/841/841 4994/842/842
f 425/838/838 3380/830/830 3381/829/829 430/839/839
f 430/839/839 3381/829/829 5589/832/832 4995/841/841
f 424/835/835 426/840/840 431/843/843 427/844/844
f 427/844/844 431/843/843 4788/845/845 4787/846/846
f 426/840/840 4994/842/842 4993/847/847 431/843/843
f 431/843/843 4993/847/847 5675/848/848 4788/845/845
f 424/835/835 427/844/844 432/849/849 428/836/836
f 428/836/836 432/849/849 3384/815/815 3383/810/810
f 427/844/844 4787/846/846 4786/850/850 432/849/849
f 432/849/849 4786/850/850 5537/816/816 3384/815/815
f 433/851/851 437/852/852 438/853/853 434/854/854
f 434/854/854 438/853/853 3439/855/855 3440/856/856
f 437/852/852 3386/857/857 3385/858/858 438/853/853
f 438/853/853 3385/858/858 5356/859/859 3439/855/855
f 433/851/851 434/854/854 439/860/860 435/861/861
f 435/861/861 439/860/860 3394/862/862 3395/863/863
f 434/854/854 3440/856/856 3441/864/864 439/860/860
f 439/860/860 3441/864/864 5360/865/865 3394/862/862
f 433/851/851 435/861/861 440/866/866 436/867/867
f 436/867/867 440/866/866 3393/868/868 3392/869/869
f 435/861/861 3395/863/863 3396/870/870 440/866/866
f 440/866/866 3396/870/870 5361/871/871 3393/868/868
f 433/851/851 436/867/867 441/872/872 437/852/852
f 437/852/852 441/872/872 3387/873/873 3386/857/857
f 436/867/867 3392/869/869 3391/874/874 441/872/872
f 441/872/872 3391/874/874 5357/875/875 3387/873/873
f 442/876/876 446/877/877 447/878/878 443/879/879
f 443/879/879 447/878/878 3391/874/874 3392/869/869
f 446/877/877 3389/880/880 3388/881/881 447/878/878
f 447/878/878 3388/881/881 5357/875/875 3391/874/874
f 442/876/876 443/879/879 448/882/882 444/883/883
f 444/883/883 448/882/882 3400/884/884 3401/885/885
f 443/879/879 3392/869/869 3393/868/868 448/882/882
f 448/882/882 3393/868/868 5361/871/871 3400/884/884
f 442/876/876 444/883/883 449/886/886 445/887/887
f 445/887/887 449/886/886 4972/559/559 4973/554/554
f 444/883/883 3401/885/885 3402/888/888 449/886/886
f 449/886/886 3402/888/888 5583/560/560 4972/559/559
f 442/876/876 445/887/887 450/889/889 446/877/877
f 446/877/877 450/889/889 3390/890/890 3389/880/880
f 445/887/887 4973/554/554 4974/553/553 450/889/889
f 450/889/889 4974/553/553 5584/482/482 3390/890/890
f 451/891/891 455/892/892 456/893/893 452/894/894
f 452/894/894 456/893/893 3442/895/895 3443/896/896
f 455/892/892 3395/863/863 3394/862/862 456/893/893
f 456/893/893 3394/862/862 5360/865/865 3442/895/895
f 451/891/891 452/894/894 457/897/897 453/898/898
f 453/898/898 457/897/897 4818/899/899 4817/900/900
f 452/894/894 3443/896/896 3444/901/901 457/897/897
f 457/897/897 3444/901/901 5545/902/902 4818/899/899
f 451/891/891 453/898/898 458/903/903 454/904/904
f 454/904/904 458/903/903 3399/905/905 3398/906/906
f 453/898/898 4817/900/900 4816/907/907 458/903/903
f 458/903/903 4816/907/907 5544/908/908 3399/905/905
f 451/891/891 454/904/904 459/909/909 455/892/892
f 455/892/892 459/909/909 3396/870/870 3395/863/863
f 454/904/904 3398/906/906 3397/910/910 459/909/909
f 459/909/909 3397/910/910 5361/871/871 3396/870/870
f 460/911/911 464/912/912 465/913/913 461/914/914
f 461/914/914 465/913/913 3397/910/910 3398/906/906
f 464/912/912 3401/885/885 3400/884/884 465/913/913
f 465/913/913 3400/884/884 5361/871/871 3397/910/910
f 460/911/911 461/914/914 466/915/915 462/916/916
f 462/916/916 466/915/915 4815/917/917 4814/918/918
f 461/914/914 3398/906/906 3399/905/905 466/915/915
f 466/915/915 3399/905/905 5544/908/908 4815/917/917
f 460/911/911 462/916/916 467/919/919 463/920/920
f 463/920/920 467/919/919 4969/575/575 4970/570/570
f 462/916/916 4814/918/918 4813/921/921 467/919/919
f 467/919/919 4813/921/921 5679/576/576 4969/575/575
f 460/911/911 463/920/920 468/922/922 464/912/912
f 464/912/912 468/922/922 3402/888/888 3401/885/885
f 463/920/920 4970/570/570 4971/569/569 468/922/922
f 468/922/922 4971/569/569 5583/560/560 3402/888/888
f 469/923/923 473/924/924 474/925/925 470/926/926
f 470/926/926 474/925/925 3385/858/858 3386/857/857
f 473/924/924 3404/927/927 3403/928/928 474/925/925
f 474/925/925 3403/928/928 5356/859/859 3385/858/858
f 469/923/923 470/926/926 475/929/929 471/930/930
f 471/930/930 475/929/929 3412/931/931 3413/932/932
f 470/926/926 3386/857/857 3387/873/873 475/929/929
f 475/929/929 3387/873/873 5357/875/875 3412/931/931
f 469/923/923 471/930/930 476/933/933 472/934/934
f 472/934/934 476/933/933 3411/935/935 3410/936/936
f 471/930/930 3413/932/932 3414/937/937 476/933/933
f 476/933/933 3414/937/937 5362/938/938 3411/935/935
f 469/923/923 472/934/934 477/939/939 473/924/924
f 473/924/924 477/939/939 3405/940/940 3404/927/927
f 472/934/934 3410/936/936 3409/941/941 477/939/939
f 477/939/939 3409/941/941 5358/942/942 3405/940/940
f 478/943/943 482/944/944 483/945/945 479/946/946
f 479/946/946 483/945/945 3409/941/941 3410/936/936
f 482/944/944 3407/947/947 3406/948/948 483/945/945
f 483/945/945 3406/948/948 5358/942/942 3409/941/941
f 478/943/943 479/946/946 484/949/949 480/950/950
f 480/950/950 484/949/949 3418/951/951 3419/952/952
f 479/946/946 3410/936/936 3411/935/935 484/949/949
f 484/949/949 3411/935/935 5362/938/938 3418/951/951
f 478/943/943 480/950/950 485/953/953 481/954/954
f 481/954/954 485/953/953 4912/955/955 4913/956/956
f 480/950/950 3419/952/952 3420/957/957 485/953/953
f 485/953/953 3420/957/957 5568/958/958 4912/955/955
f 478/943/943 481/954/954 486/959/959 482/944/944
f 482/944/944 486/959/959 3408/960/960 3407/947/947
f 481/954/954 4913/956/956 4914/961/961 486/959/959
f 486/959/959 4914/961/961 5569/962/962 3408/960/960
f 487/963/963 491/964/964 492/965/965 488/966/966
f 488/966/966 492/965/965 3388/881/881 3389/880/880
f 491/964/964 3413/932/932 3412/931/931 492/965/965
f 492/965/965 3412/931/931 5357/875/875 3388/881/881
f 487/963/963 488/966/966 493/967/967 489/968/968
f 489/968/968 493/967/967 4975/481/481 4976/476/476
f 488/966/966 3389/880/880 3390/890/890 493/967/967
f 493/967/967 3390/890/890 5584/482/482 4975/481/481
f 487/963/963 489/968/968 494/969/969 490/970/970
f 490/970/970 494/969/969 3417/971/971 3416/972/972
f 489/968/968 4976/476/476 4977/475/475 494/969/969
f 494/969/969 4977/475/475 5585/478/478 3417/971/971
f 487/963/963 490/970/970 495/973/973 491/964/964
f 491/964/964 495/973/973 3414/937/937 3413/932/932
f 490/970/970 3416/972/972 3415/974/974 495/973/973
f 495/973/973 3415/974/974 5362/938/938 3414/937/937
f 496/975/975 500/976/976 501/977/977 497/978/978
f 497/978/978 501/977/977 3415/974/974 3416/972/972
f 500/976/976 3419/952/952 3418/951/951 501/977/977
f 501/977/977 3418/951/951 5362/938/938 3415/974/974
f 496/975/975 497/978/978 502/979/979 498/980/980
f 498/980/980 502/979/979 4978/514/514 4979/510/510
f 497/978/978 3416/972/972 3417/971/971 502/979/979
f 502/979/979 3417/971/971 5585/478/478 4978/514/514
f 496/975/975 498/980/980 503/981/981 499/982/982
f 499/982/982 503/981/981 4909/983/983 4910/984/984
f 498/980/980 4979/510/510 4980/509/509 503/981/981
f 503/981/981 4980/509/509 5687/512/512 4909/983/983
f 496/975/975 499/982/982 504/985/985 500/976/976
f 500/976/976 504/985/985 3420/957/957 3419/952/952
f 499/982/982 4910/984/984 4911/986/986 504/985/985
f 504/985/985 4911/986/986 5568/958/958 3420/957/957
f 505/987/987 509/988/988 510/989/989 506/990/990
f 506/990/990 510/989/989 3403/928/928 3404/927/927
f 509/988/988 3422/991/991 3421/992/992 510/989/989
f 510/989/989 3421/992/992 5356/859/859 3403/928/928
f 505/987/987 506/990/990 511/993/993 507/994/994
f 507/994/994 511/993/993 3430/995/995 3431/996/996
f 506/990/990 3404/927/927 3405/940/940 511/993/993
f 511/993/993 3405/940/940 5358/942/942 3430/995/995
f 505/987/987 507/994/994 512/997/997 508/998/998
f 508/998/998 512/997/997 3429/999/999 3428/1000/1000
f 507/994/994 3431/996/996 3432/1001/1001 512/997/997
f 512/997/997 3432/1001/1001 5363/1002/1002 3429/999/999
f 505/987/987 508/998/998 513/1003/1003 509/988/988
f 509/988/988 513/1003/1003 3423/1004/1004 3422/991/991
f 508/998/998 3428/1000/1000 3427/1005/1005 513/1003/1003
f 513/1003/1003 3427/1005/1005 5359/1006/1006 3423/1004/1004
f 514/1007/1007 518/1008/1008 519/1009/1009 515/1010/1010
f 515/1010/1010 519/1009/1009 3427/1005/1005 3428/1000/1000
f 518/1008/1008 3425/1011/1011 3424/1012/1012 519/1009/1009
f 519/1009/1009 3424/1012/1012 5359/1006/1006 3427/1005/1005
f 514/1007/1007 515/1010/1010 520/1013/1013 516/1014/1014
f 516/1014/1014 520/1013/1013 3436/1015/1015 3437/1016/1016
f 515/1010/1010 3428/1000/1000 3429/999/999 520/1013/1013
f 520/1013/1013 3429/999/999 5363/1002/1002 3436/1015/1015
f 514/1007/1007 516/1014/1014 521/1017/1017 517/1018/1018
f 517/1018/1018 521/1017/1017 5013/1019/1019 5012/1020/1020
f 516/1014/1014 3437/1016/1016 3438/1021/1021 521/1017/1017
f 521/1017/1017 3438/1021/1021 5594/1022/1022 5013/1019/1019
f 514/1007/1007 517/1018/1018 522/1023/1023 518/1008/1008
f 518/1008/1008 522/1023/1023 3426/1024/1024 3425/1011/1011
f 517/1018/1018 5012/1020/1020 5011/1025/1025 522/1023/1023
f 522/1023/1023 5011/1025/1025 5593/1026/1026 3426/1024/1024
f 523/1027/1027 527/1028/1028 528/1029/1029 524/1030/1030
f 524/1030/1030 528/1029/1029 3406/948/948 3407/947/947
f 527/1028/1028 3431/996/996 3430/995/995 528/1029/1029
f 528/1029/1029 3430/995/995 5358/942/942 3406/948/948
f 523/1027/1027 524/1030/1030 529/1031/1031 525/1032/1032
f 525/1032/1032 529/1031/1031 4915/1033/1033 4916/1034/1034
f 524/1030/1030 3407/947/947 3408/960/960 529/1031/1031
f 529/1031/1031 3408/960/960 5569/962/962 4915/1033/1033
f 523/1027/1027 525/1032/1032 530/1035/1035 526/1036/1036
f 526/1036/1036 530/1035/1035 3435/1037/1037 3434/1038/1038
f 525/1032/1032 4916/1034/1034 4917/1039/1039 530/1035/1035
f 530/1035/1035 4917/1039/1039 5570/1040/1040 3435/1037/1037
f 523/1027/1027 526/1036/1036 531/1041/1041 527/1028/1028
f 527/1028/1028 531/1041/1041 3432/1001/1001 3431/996/996
f 526/1036/1036 3434/1038/1038 3433/1042/1042 531/1041/1041
f 531/1041/1041 3433/1042/1042 5363/1002/1002 3432/1001/1001
f 532/1043/1043 536/1044/1044 537/1045/1045 533/1046/1046
f 533/1046/1046 537/1045/1045 3433/1042/1042 3434/1038/1038
f 536/1044/1044 3437/1016/1016 3436/1015/1015 537/1045/1045
f 537/1045/1045 3436/1015/1015 5363/1002/1002 3433/1042/1042
f 532/1043/1043 533/1046/1046 538/1047/1047 534/1048/1048
f 534/1048/1048 538/1047/1047 4918/1049/1049 4919/1050/1050
f 533/1046/1046 3434/1038/1038 3435/1037/1037 538/1047/1047
f 538/1047/1047 3435/1037/1037 5570/1040/1040 4918/1049/1049
f 532/1043/1043 534/1048/1048 539/1051/1051 535/1052/1052
f 535/1052/1052 539/1051/1051 5016/1053/1053 5015/1054/1054
f 534/1048/1048 4919/1050/1050 4920/1055/1055 539/1051/1051
f 539/1051/1051 4920/1055/1055 5686/1056/1056 5016/1053/1053
f 532/1043/1043 535/1052/1052 540/1057/1057 536/1044/1044
f 536/1044/1044 540/1057/1057 3438/1021/1021 3437/1016/1016
f 535/1052/1052 5015/1054/1054 5014/1058/1058 540/1057/1057
f 540/1057/1057 5014/1058/1058 5594/1022/1022 3438/1021/1021
f 541/1059/1059 545/1060/1060 546/1061/1061 542/1062/1062
f 542/1062/1062 546/1061/1061 3421/992/992 3422/991/991
f 545/1060/1060 3440/856/856 3439/855/855 546/1061/1061
f 546/1061/1061 3439/855/855 5356/859/859 3421/992/992
f 541/1059/1059 542/1062/1062 547/1063/1063 543/1064/1064
f 543/1064/1064 547/1063/1063 3448/1065/1065 3449/1066/1066
f 542/1062/1062 3422/991/991 3423/1004/1004 547/1063/1063
f 547/1063/1063 3423/1004/1004 5359/1006/1006 3448/1065/1065
f 541/1059/1059 543/1064/1064 548/1067/1067 544/1068/1068
f 544/1068/1068 548/1067/1067 3447/1069/1069 3446/1070/1070
f 543/1064/1064 3449/1066/1066 3450/1071/1071 548/1067/1067
f 548/1067/1067 3450/1071/1071 5364/1072/1072 3447/1069/1069
f 541/1059/1059 544/1068/1068 549/1073/1073 545/1060/1060
f 545/1060/1060 549/1073/1073 3441/864/864 3440/856/856
f 544/1068/1068 3446/1070/1070 3445/1074/1074 549/1073/1073
f 549/1073/1073 3445/1074/1074 5360/865/865 3441/864/864
f 550/1075/1075 554/1076/1076 555/1077/1077 551/1078/1078
f 551/1078/1078 555/1077/1077 3445/1074/1074 3446/1070/1070
f 554/1076/1076 3443/896/896 3442/895/895 555/1077/1077
f 555/1077/1077 3442/895/895 5360/865/865 3445/1074/1074
f 550/1075/1075 551/1078/1078 556/1079/1079 552/1080/1080
f 552/1080/1080 556/1079/1079 3454/1081/1081 3455/1082/1082
f 551/1078/1078 3446/1070/1070 3447/1069/1069 556/1079/1079
f 556/1079/1079 3447/1069/1069 5364/1072/1072 3454/1081/1081
f 550/1075/1075 552/1080/1080 557/1083/1083 553/1084/1084
f 553/1084/1084 557/1083/1083 4821/1085/1085 4820/1086/1086
f 552/1080/1080 3455/1082/1082 3456/1087/1087 557/1083/1083
f 557/1083/1083 3456/1087/1087 5546/1088/1088 4821/1085/1085
f 550/1075/1075 553/1084/1084 558/1089/1089 554/1076/1076
f 554/1076/1076 558/1089/1089 3444/901/901 3443/896/896
f 553/1084/1084 4820/1086/1086 4819/1090/1090 558/1089/1089
f 558/1089/1089 4819/1090/1090 5545/902/902 3444/901/901
f 559/1091/1091 563/1092/1092 564/1093/1093 560/1094/1094
f 560/1094/1094 564/1093/1093 3424/1012/1012 3425/1011/1011
f 563/1092/1092 3449/1066/1066 3448/1065/1065 564/1093/1093
f 564/1093/1093 3448/1065/1065 5359/1006/1006 3424/1012/1012
f 559/1091/1091 560/1094/1094 565/1095/1095 561/1096/1096
f 561/1096/1096 565/1095/1095 5010/1097/1097 5009/1098/1098
f 560/1094/1094 3425/1011/1011 3426/1024/1024 565/1095/1095
f 565/1095/1095 3426/1024/1024 5593/1026/1026 5010/1097/1097
f 559/1091/1091 561/1096/1096 566/1099/1099 562/1100/1100
f 562/1100/1100 566/1099/1099 3453/1101/1101 3452/1102/1102
f 561/1096/1096 5009/1098/1098 5008/1103/1103 566/1099/1099
f 566/1099/1099 5008/1103/1103 5592/1104/1104 3453/1101/1101
f 559/1091/1091 562/1100/1100 567/1105/1105 563/1092/1092
f 563/1092/1092 567/1105/1105 3450/1071/1071 3449/1066/1066
f 562/1100/1100 3452/1102/1102 3451/1106/1106 567/1105/1105
f 567/1105/1105 3451/1106/1106 5364/1072/1072 3450/1071/1071
f 568/1107/1107 572/1108/1108 573/1109/1109 569/1110/1110
f 569/1110/1110 573/1109/1109 3451/1106/1106 3452/1102/1102
f 572/1108/1108 3455/1082/1082 3454/1081/1081 573/1109/1109
f 573/1109/1109 3454/1081/1081 5364/1072/1072 3451/1106/1106
f 568/1107/1107 569/1110/1110 574/1111/1111 570/1112/1112
f 570/1112/1112 574/1111/1111 5007/1113/1113 5006/1114/1114
f 569/1110/1110 3452/1102/1102 3453/1101/1101 574/1111/1111
f 574/1111/1111 3453/1101/1101 5592/1104/1104 5007/1113/1113
f 568/1107/1107 570/1112/1112 575/1115/1115 571/1116/1116
f 571/1116/1116 575/1115/1115 4824/1117/1117 4823/1118/1118
f 570/1112/1112 5006/1114/1114 5005/1119/1119 575/1115/1115
f 575/1115/1115 5005/1119/1119 5678/1120/1120 4824/1117/1117
f 568/1107/1107 571/1116/1116 576/1121/1121 572/1108/1108
f 572/1108/1108 576/1121/1121 3456/1087/1087 3455/1082/1082
f 571/1116/1116 4823/1118/1118 4822/1122/1122 576/1121/1121
f 576/1121/1121 4822/1122/1122 5546/1088/1088 3456/1087/1087
f 577/1123/1123 581/1124/1124 582/1125/1125 578/1126/1126
f 578/1126/1126 582/1125/1125 3511/1127/1127 3512/1128/1128
f 581/1124/1124 3458/1129/1129 3457/1130/1130 582/1125/1125
f 582/1125/1125 3457/1130/1130 5365/1131/1131 3511/1127/1127
f 577/1123/1123 578/1126/1126 583/1132/1132 579/1133/1133
f 579/1133/1133 583/1132/1132 3466/1134/1134 3467/1135/1135
f 578/1126/1126 3512/1128/1128 3513/1136/1136 583/1132/1132
f 583/1132/1132 3513/1136/1136 5369/1137/1137 3466/1134/1134
f 577/1123/1123 579/1133/1133 584/1138/1138 580/1139/1139
f 580/1139/1139 584/1138/1138 3465/1140/1140 3464/1141/1141
f 579/1133/1133 3467/1135/1135 3468/1142/1142 584/1138/1138
f 584/1138/1138 3468/1142/1142 5370/1143/1143 3465/1140/1140
f 577/1123/1123 580/1139/1139 585/1144/1144 581/1124/1124
f 581/1124/1124 585/1144/1144 3459/1145/1145 3458/1129/1129
f 580/1139/1139 3464/1141/1141 3463/1146/1146 585/1144/1144
f 585/1144/1144 3463/1146/1146 5366/1147/1147 3459/1145/1145
f 586/1148/1148 590/1149/1149 591/1150/1150 587/1151/1151
f 587/1151/1151 591/1150/1150 3463/1146/1146 3464/1141/1141
f 590/1149/1149 3461/1152/1152 3460/1153/1153 591/1150/1150
f 591/1150/1150 3460/1153/1153 5366/1147/1147 3463/1146/1146
f 586/1148/1148 587/1151/1151 592/1154/1154 588/1155/1155
f 588/1155/1155 592/1154/1154 3472/1156/1156 3473/1157/1157
f 587/1151/1151 3464/1141/1141 3465/1140/1140 592/1154/1154
f 592/1154/1154 3465/1140/1140 5370/1143/1143 3472/1156/1156
f 586/1148/1148 588/1155/1155 593/1158/1158 589/1159/1159
f 589/1159/1159 593/1158/1158 4996/831/831 4997/826/826
f 588/1155/1155 3473/1157/1157 3474/1160/1160 593/1158/1158
f 593/1158/1158 3474/1160/1160 5589/832/832 4996/831/831
f 586/1148/1148 589/1159/1159 594/1161/1161 590/1149/1149
f 590/1149/1149 594/1161/1161 3462/1162/1162 3461/1152/1152
f 589/1159/1159 4997/826/826 4998/825/825 594/1161/1161
f 594/1161/1161 4998/825/825 5590/754/754 3462/1162/1162
f 595/1163/1163 599/1164/1164 600/1165/1165 596/1166/1166
f 596/1166/1166 600/1165/1165 3514/1167/1167 3515/1168/1168
f 599/1164/1164 3467/1135/1135 3466/1134/1134 600/1165/1165
f 600/1165/1165 3466/1134/1134 5369/1137/1137 3514/1167/1167
f 595/1163/1163 596/1166/1166 601/1169/1169 597/1170/1170
f 597/1170/1170 601/1169/1169 4770/1171/1171 4769/1172/1172
f 596/1166/1166 3515/1168/1168 3516/1173/1173 601/1169/1169
f 601/1169/1169 3516/1173/1173 5533/1174/1174 4770/1171/1171
f 595/1163/1163 597/1170/1170 602/1175/1175 598/1176/1176
f 598/1176/1176 602/1175/1175 3471/1177/1177 3470/1178/1178
f 597/1170/1170 4769/1172/1172 4768/1179/1179 602/1175/1175
f 602/1175/1175 4768/1179/1179 5532/1180/1180 3471/1177/1177
f 595/1163/1163 598/1176/1176 603/1181/1181 599/1164/1164
f 599/1164/1164 603/1181/1181 3468/1142/1142 3467/1135/1135
f 598/1176/1176 3470/1178/1178 3469/1182/1182 603/1181/1181
f 603/1181/1181 3469/1182/1182 5370/1143/1143 3468/1142/1142
f 604/1183/1183 608/1184/1184 609/1185/1185 605/1186/1186
f 605/1186/1186 609/1185/1185 3469/1182/1182 3470/1178/1178
f 608/1184/1184 3473/1157/1157 3472/1156/1156 609/1185/1185
f 609/1185/1185 3472/1156/1156 5370/1143/1143 3469/1182/1182
f 604/1183/1183 605/1186/1186 610/1187/1187 606/1188/1188
f 606/1188/1188 610/1187/1187 4767/1189/1189 4766/1190/1190
f 605/1186/1186 3470/1178/1178 3471/1177/1177 610/1187/1187
f 610/1187/1187 3471/1177/1177 5532/1180/1180 4767/1189/1189
f 604/1183/1183 606/1188/1188 611/1191/1191 607/1192/1192
f 607/1192/1192 611/1191/1191 4993/847/847 4994/842/842
f 606/1188/1188 4766/1190/1190 4765/1193/1193 611/1191/1191
f 611/1191/1191 4765/1193/1193 5675/848/848 4993/847/847
f 604/1183/1183 607/1192/1192 612/1194/1194 608/1184/1184
f 608/1184/1184 612/1194/1194 3474/1160/1160 3473/1157/1157
f 607/1192/1192 4994/842/842 4995/841/841 612/1194/1194
f 612/1194/1194 4995/841/841 5589/832/832 3474/1160/1160
f 613/1195/1195 617/1196/1196 618/1197/1197 614/1198/1198
f 614/1198/1198 618/1197/1197 3457/1130/1130 3458/1129/1129
f 617/1196/1196 3476/1199/1199 3475/1200/1200 618/1197/1197
f 618/1197/1197 3475/1200/1200 5365/1131/1131 3457/1130/1130
f 613/1195/1195 614/1198/1198 619/1201/1201 615/1202/1202
f 615/1202/1202 619/1201/1201 3484/1203/1203 3485/1204/1204
f 614/1198/1198 3458/1129/1129 3459/1145/1145 619/1201/1201
f 619/1201/1201 3459/1145/1145 5366/1147/1147 3484/1203/1203
f 613/1195/1195 615/1202/1202 620/1205/1205 616/1206/1206
f 616/1206/1206 620/1205/1205 3483/1207/1207 3482/1208/1208
f 615/1202/1202 3485/1204/1204 3486/1209/1209 620/1205/1205
f 620/1205/1205 3486/1209/1209 5371/1210/1210 3483/1207/1207
f 613/1195/1195 616/1206/1206 621/1211/1211 617/1196/1196
f 617/1196/1196 621/1211/1211 3477/1212/1212 3476/1199/1199
f 616/1206/1206 3482/1208/1208 3481/1213/1213 621/1211/1211
f 621/1211/1211 3481/1213/1213 5367/1214/1214 3477/1212/1212
f 622/1215/1215 626/1216/1216 627/1217/1217 623/1218/1218
f 623/1218/1218 627/1217/1217 3481/1213/1213 3482/1208/1208
f 626/1216/1216 3479/1219/1219 3478/1220/1220 627/1217/1217
f 627/1217/1217 3478/1220/1220 5367/1214/1214 3481/1213/1213
f 622/1215/1215 623/1218/1218 628/1221/1221 624/1222/1222
f 624/1222/1222 628/1221/1221 3490/1223/1223 3491/1224/1224
f 623/1218/1218 3482/1208/1208 3483/1207/1207 628/1221/1221
f 628/1221/1221 3483/1207/1207 5371/1210/1210 3490/1223/1223
f 622/1215/1215 624/1222/1222 629/1225/1225 625/1226/1226
f 625/1226/1226 629/1225/1225 4864/1227/1227 4865/1228/1228
f 624/1222/1222 3491/1224/1224 3492/1229/1229 629/1225/1225
f 629/1225/1225 3492/1229/1229 5556/1230/1230 4864/1227/1227
f 622/1215/1215 625/1226/1226 630/1231/1231 626/1216/1216
f 626/1216/1216 630/1231/1231 3480/1232/1232 3479/1219/1219
f 625/1226/1226 4865/1228/1228 4866/1233/1233 630/1231/1231
f 630/1231/1231 4866/1233/1233 5557/1234/1234 3480/1232/1232
f 631/1235/1235 635/1236/1236 636/1237/1237 632/1238/1238
f 632/1238/1238 636/1237/1237 3460/1153/1153 3461/1152/1152
f 635/1236/1236 3485/1204/1204 3484/1203/1203 636/1237/1237
f 636/1237/1237 3484/1203/1203 5366/1147/1147 3460/1153/1153
f 631/1235/1235 632/1238/1238 637/1239/1239 633/1240/1240
f 633/1240/1240 637/1239/1239 4999/753/753 5000/748/748
f 632/1238/1238 3461/1152/1152 3462/1162/1162 637/1239/1239
f 637/1239/1239 3462/1162/1162 5590/754/754 4999/753/753
f 631/1235/1235 633/1240/1240 638/1241/1241 634/1242/1242
f 634/1242/1242 638/1241/1241 3489/1243/1243 3488/1244/1244
f 633/1240/1240 5000/748/748 5001/747/747 638/1241/1241
f 638/1241/1241 5001/747/747 5591/750/750 3489/1243/1243
f 631/1235/1235 634/1242/1242 639/1245/1245 635/1236/1236
f 635/1236/1236 639/1245/1245 3486/1209/1209 3485/1204/1204
f 634/1242/1242 3488/1244/1244 3487/1246/1246 639/1245/1245
f 639/1245/1245 3487/1246/1246 5371/1210/1210 3486/1209/1209
f 640/1247/1247 644/1248/1248 645/1249/1249 641/1250/1250
f 641/1250/1250 645/1249/1249 3487/1246/1246 3488/1244/1244
f 644/1248/1248 3491/1224/1224 3490/1223/1223 645/1249/1249
f 645/1249/1249 3490/1223/1223 5371/1210/1210 3487/1246/1246
f 640/1247/1247 641/1250/1250 646/1251/1251 642/1252/1252
f 642/1252/1252 646/1251/1251 5002/786/786 5003/782/782
f 641/1250/1250 3488/1244/1244 3489/1243/1243 646/1251/1251
f 646/1251/1251 3489/1243/1243 5591/750/750 5002/786/786
f 640/1247/1247 642/1252/1252 647/1253/1253 643/1254/1254
f 643/1254/1254 647/1253/1253 4861/1255/1255 4862/1256/1256
f 642/1252/1252 5003/782/782 5004/781/781 647/1253/1253
f 647/1253/1253 5004/781/781 5683/784/784 4861/1255/1255
f 640/1247/1247 643/1254/1254 648/1257/1257 644/1248/1248
f 644/1248/1248 648/1257/1257 3492/1229/1229 3491/1224/1224
f 643/1254/1254 4862/1256/1256 4863/1258/1258 648/1257/1257
f 648/1257/1257 4863/1258/1258 5556/1230/1230 3492/1229/1229
f 649/1259/1259 653/1260/1260 654/1261/1261 650/1262/1262
f 650/1262/1262 654/1261/1261 3475/1200/1200 3476/1199/1199
f 653/1260/1260 3494/1263/1263 3493/1264/1264 654/1261/1261
f 654/1261/1261 3493/1264/1264 5365/1131/1131 3475/1200/1200
f 649/1259/1259 650/1262/1262 655/1265/1265 651/1266/1266
f 651/1266/1266 655/1265/1265 3502/1267/1267 3503/1268/1268
f 650/1262/1262 3476/1199/1199 3477/1212/1212 655/1265/1265
f 655/1265/1265 3477/1212/1212 5367/1214/1214 3502/1267/1267
f 649/1259/1259 651/1266/1266 656/1269/1269 652/1270/1270
f 652/1270/1270 656/1269/1269 3501/1271/1271 3500/1272/1272
f 651/1266/1266 3503/1268/1268 3504/1273/1273 656/1269/1269
f 656/1269/1269 3504/1273/1273 5372/1274/1274 3501/1271/1271
f 649/1259/1259 652/1270/1270 657/1275/1275 653/1260/1260
f 653/1260/1260 657/1275/1275 3495/1276/1276 3494/1263/1263
f 652/1270/1270 3500/1272/1272 3499/1277/1277 657/1275/1275
f 657/1275/1275 3499/1277/1277 5368/1278/1278 3495/1276/1276
f 658/1279/1279 662/1280/1280 663/1281/1281 659/1282/1282
f 659/1282/1282 663/1281/1281 3499/1277/1277 3500/1272/1272
f 662/1280/1280 3497/1283/1283 3496/1284/1284 663/1281/1281
f 663/1281/1281 3496/1284/1284 5368/1278/1278 3499/1277/1277
f 658/1279/1279 659/1282/1282 664/1285/1285 660/1286/1286
f 660/1286/1286 664/1285/1285 3508/1287/1287 3509/1288/1288
f 659/1282/1282 3500/1272/1272 3501/1271/1271 664/1285/1285
f 664/1285/1285 3501/1271/1271 5372/1274/1274 3508/1287/1287
f 658/1279/1279 660/1286/1286 665/1289/1289 661/1290/1290
f 661/1290/1290 665/1289/1289 5025/1291/1291 5024/1292/1292
f 660/1286/1286 3509/1288/1288 3510/1293/1293 665/1289/1289
f 665/1289/1289 3510/1293/1293 5597/1294/1294 5025/1291/1291
f 658/1279/1279 661/1290/1290 666/1295/1295 662/1280/1280
f 662/1280/1280 666/1295/1295 3498/1296/1296 3497/1283/1283
f 661/1290/1290 5024/1292/1292 5023/1297/1297 666/1295/1295
f 666/1295/1295 5023/1297/1297 5596/1298/1298 3498/1296/1296
f 667/1299/1299 671/1300/1300 672/1301/1301 668/1302/1302
f 668/1302/1302 672/1301/1301 3478/1220/1220 3479/1219/1219
f 671/1300/1300 3503/1268/1268 3502/1267/1267 672/1301/1301
f 672/1301/1301 3502/1267/1267 5367/1214/1214 3478/1220/1220
f 667/1299/1299 668/1302/1302 673/1303/1303 669/1304/1304
f 669/1304/1304 673/1303/1303 4867/1305/1305 4868/1306/1306
f 668/1302/1302 3479/1219/1219 3480/1232/1232 673/1303/1303
f 673/1303/1303 3480/1232/1232 5557/1234/1234 4867/1305/1305
f 667/1299/1299 669/1304/1304 674/1307/1307 670/1308/1308
f 670/1308/1308 674/1307/1307 3507/1309/1309 3506/1310/1310
f 669/1304/1304 4868/1306/1306 4869/1311/1311 674/1307/1307
f 674/1307/1307 4869/1311/1311 5558/1312/1312 3507/1309/1309
f 667/1299/1299 670/1308/1308 675/1313/1313 671/1300/1300
f 671/1300/1300 675/1313/1313 3504/1273/1273 3503/1268/1268
f 670/1308/1308 3506/1310/1310 3505/1314/1314 675/1313/1313
f 675/1313/1313 3505/1314/1314 5372/1274/1274 3504/1273/1273
f 676/1315/1315 680/1316/1316 681/1317/1317 677/1318/1318
f 677/1318/1318 681/1317/1317 3505/1314/1314 3506/1310/1310
f 680/1316/1316 3509/1288/1288 3508/1287/1287 681/1317/1317
f 681/1317/1317 3508/1287/1287 5372/1274/1274 3505/1314/1314
f 676/1315/1315 677/1318/1318 682/1319/1319 678/1320/1320
f 678/1320/1320 682/1319/1319 4870/1321/1321 4871/1322/1322
f 677/1318/1318 3506/1310/1310 3507/1309/1309 682/1319/1319
f 682/1319/1319 3507/1309/1309 5558/1312/1312 4870/1321/1321
f 676/1315/1315 678/1320/1320 683/1323/1323 679/1324/1324
f 679/1324/1324 683/1323/1323 5028/1325/1325 5027/1326/1326
f 678/1320/1320 4871/1322/1322 4872/1327/1327 683/1323/1323
f 683/1323/1323 4872/1327/1327 5682/1328/1328 5028/1325/1325
f 676/1315/1315 679/1324/1324 684/1329/1329 680/1316/1316
f 680/1316/1316 684/1329/1329 3510/1293/1293 3509/1288/1288
f 679/1324/1324 5027/1326/1326 5026/1330/1330 684/1329/1329
f 684/1329/1329 5026/1330/1330 5597/1294/1294 3510/1293/1293
f 685/1331/1331 689/1332/1332 690/1333/1333 686/1334/1334
f 686/1334/1334 690/1333/1333 3493/1264/1264 3494/1263/1263
f 689/1332/1332 3512/1128/1128 3511/1127/1127 690/1333/1333
f 690/1333/1333 3511/1127/1127 5365/1131/1131 3493/1264/1264
f 685/1331/1331 686/1334/1334 691/1335/1335 687/1336/1336
f 687/1336/1336 691/1335/1335 3520/1337/1337 3521/1338/1338
f 686/1334/1334 3494/1263/1263 3495/1276/1276 691/1335/1335
f 691/1335/1335 3495/1276/1276 5368/1278/1278 3520/1337/1337
f 685/1331/1331 687/1336/1336 692/1339/1339 688/1340/1340
f 688/1340/1340 692/1339/1339 3519/1341/1341 3518/1342/1342
f 687/1336/1336 3521/1338/1338 3522/1343/1343 692/1339/1339
f 692/1339/1339 3522/1343/1343 5373/1344/1344 3519/1341/1341
f 685/1331/1331 688/1340/1340 693/1345/1345 689/1332/1332
f 689/1332/1332 693/1345/1345 3513/1136/1136 3512/1128/1128
f 688/1340/1340 3518/1342/1342 3517/1346/1346 693/1345/1345
f 693/1345/1345 3517/1346/1346 5369/1137/1137 3513/1136/1136
f 694/1347/1347 698/1348/1348 699/1349/1349 695/1350/1350
f 695/1350/1350 699/1349/1349 3517/1346/1346 3518/1342/1342
f 698/1348/1348 3515/1168/1168 3514/1167/1167 699/1349/1349
f 699/1349/1349 3514/1167/1167 5369/1137/1137 3517/1346/1346
f 694/1347/1347 695/1350/1350 700/1351/1351 696/1352/1352
f 696/1352/1352 700/1351/1351 3526/1353/1353 3527/1354/1354
f 695/1350/1350 3518/1342/1342 3519/1341/1341 700/1351/1351
f 700/1351/1351 3519/1341/1341 5373/1344/1344 3526/1353/1353
f 694/1347/1347 696/1352/1352 701/1355/1355 697/1356/1356
f 697/1356/1356 701/1355/1355 4773/1357/1357 4772/1358/1358
f 696/1352/1352 3527/1354/1354 3528/1359/1359 701/1355/1355
f 701/1355/1355 3528/1359/1359 5534/1360/1360 4773/1357/1357
f 694/1347/1347 697/1356/1356 702/1361/1361 698/1348/1348
f 698/1348/1348 702/1361/1361 3516/1173/1173 3515/1168/1168
f 697/1356/1356 4772/1358/1358 4771/1362/1362 702/1361/1361
f 702/1361/1361 4771/1362/1362 5533/1174/1174 3516/1173/1173
f 703/1363/1363 707/1364/1364 708/1365/1365 704/1366/1366
f 704/1366/1366 708/1365/1365 3496/1284/1284 3497/1283/1283
f 707/1364/1364 3521/1338/1338 3520/1337/1337 708/1365/1365
f 708/1365/1365 3520/1337/1337 5368/1278/1278 3496/1284/1284
f 703/1363/1363 704/1366/1366 709/1367/1367 705/1368/1368
f 705/1368/1368 709/1367/1367 5022/1369/1369 5021/1370/1370
f 704/1366/1366 3497/1283/1283 3498/1296/1296 709/1367/1367
f 709/1367/1367 3498/1296/1296 5596/1298/1298 5022/1369/1369
f 703/1363/1363 705/1368/1368 710/1371/1371 706/1372/1372
f 706/1372/1372 710/1371/1371 3525/1373/1373 3524/1374/1374
f 705/1368/1368 5021/1370/1370 5020/1375/1375 710/1371/1371
f 710/1371/1371 5020/1375/1375 5595/1376/1376 3525/1373/1373
f 703/1363/1363 706/1372/1372 711/1377/1377 707/1364/1364
f 707/1364/1364 711/1377/1377 3522/1343/1343 3521/1338/1338
f 706/1372/1372 3524/1374/1374 3523/1378/1378 711/1377/1377
f 711/1377/1377 3523/1378/1378 5373/1344/1344 3522/1343/1343
f 712/1379/1379 716/1380/1380 717/1381/1381 713/1382/1382
f 713/1382/1382 717/1381/1381 3523/1378/1378 3524/1374/1374
f 716/1380/1380 3527/1354/1354 3526/1353/1353 717/1381/1381
f 717/1381/1381 3526/1353/1353 5373/1344/1344 3523/1378/1378
f 712/1379/1379 713/1382/1382 718/1383/1383 714/1384/1384
f 714/1384/1384 718/1383/1383 5019/1385/1385 5018/1386/1386
f 713/1382/1382 3524/1374/1374 3525/1373/1373 718/1383/1383
f 718/1383/1383 3525/1373/1373 5595/1376/1376 5019/1385/1385
f 712/1379/1379 714/1384/1384 719/1387/1387 715/1388/1388
f 715/1388/1388 719/1387/1387 4776/1389/1389 4775/1390/1390
f 714/1384/1384 5018/1386/1386 5017/1391/1391 719/1387/1387
f 719/1387/1387 5017/1391/1391 5674/1392/1392 4776/1389/1389
f 712/1379/1379 715/1388/1388 720/1393/1393 716/1380/1380
f 716/1380/1380 720/1393/1393 3528/1359/1359 3527/1354/1354
f 715/1388/1388 4775/1390/1390 4774/1394/1394 720/1393/1393
f 720/1393/1393 4774/1394/1394 5534/1360/1360 3528/1359/1359
f 721/1395/1395 725/1396/1396 726/1397/1397 722/1398/1398
f 722/1398/1398 726/1397/1397 3583/1399/1399 3584/1400/1400
f 725/1396/1396 3530/1401/1401 3529/1402/1402 726/1397/1397
f 726/1397/1397 3529/1402/1402 5374/1403/1403 3583/1399/1399
f 721/1395/1395 722/1398/1398 727/1404/1404 723/1405/1405
f 723/1405/1405 727/1404/1404 3538/1406/1406 3539/1407/1407
f 722/1398/1398 3584/1400/1400 3585/1408/1408 727/1404/1404
f 727/1404/1404 3585/1408/1408 5378/1409/1409 3538/1406/1406
f 721/1395/1395 723/1405/1405 728/1410/1410 724/1411/1411
f 724/1411/1411 728/1410/1410 3537/1412/1412 3536/1413/1413
f 723/1405/1405 3539/1407/1407 3540/1414/1414 728/1410/1410
f 728/1410/1410 3540/1414/1414 5379/1415/1415 3537/1412/1412
f 721/1395/1395 724/1411/1411 729/1416/1416 725/1396/1396
f 725/1396/1396 729/1416/1416 3531/1417/1417 3530/1401/1401
f 724/1411/1411 3536/1413/1413 3535/1418/1418 729/1416/1416
f 729/1416/1416 3535/1418/1418 5375/1419/1419 3531/1417/1417
f 730/1420/1420 734/1421/1421 735/1422/1422 731/1423/1423
f 731/1423/1423 735/1422/1422 3535/1418/1418 3536/1413/1413
f 734/1421/1421 3533/1424/1424 3532/1425/1425 735/1422/1422
f 735/1422/1422 3532/1425/1425 5375/1419/1419 3535/1418/1418
f 730/1420/1420 731/1423/1423 736/1426/1426 732/1427/1427
f 732/1427/1427 736/1426/1426 3544/1428/1428 3545/1429/1429
f 731/1423/1423 3536/1413/1413 3537/1412/1412 736/1426/1426
f 736/1426/1426 3537/1412/1412 5379/1415/1415 3544/1428/1428
f 730/1420/1420 732/1427/1427 737/1430/1430 733/1431/1431
f 733/1431/1431 737/1430/1430 5008/1103/1103 5009/1098/1098
f 732/1427/1427 3545/1429/1429 3546/1432/1432 737/1430/1430
f 737/1430/1430 3546/1432/1432 5592/1104/1104 5008/1103/1103
f 730/1420/1420 733/1431/1431 738/1433/1433 734/1421/1421
f 734/1421/1421 738/1433/1433 3534/1434/1434 3533/1424/1424
f 733/1431/1431 5009/1098/1098 5010/1097/1097 738/1433/1433
f 738/1433/1433 5010/1097/1097 5593/1026/1026 3534/1434/1434
f 739/1435/1435 743/1436/1436 744/1437/1437 740/1438/1438
f 740/1438/1438 744/1437/1437 3586/1439/1439 3587/1440/1440
f 743/1436/1436 3539/1407/1407 3538/1406/1406 744/1437/1437
f 744/1437/1437 3538/1406/1406 5378/1409/1409 3586/1439/1439
f 739/1435/1435 740/1438/1438 745/1441/1441 741/1442/1442
f 741/1442/1442 745/1441/1441 4806/1443/1443 4805/1444/1444
f 740/1438/1438 3587/1440/1440 3588/1445/1445 745/1441/1441
f 745/1441/1441 3588/1445/1445 5542/1446/1446 4806/1443/1443
f 739/1435/1435 741/1442/1442 746/1447/1447 742/1448/1448
f 742/1448/1448 746/1447/1447 3543/1449/1449 3542/1450/1450
f 741/1442/1442 4805/1444/1444 4804/1451/1451 746/1447/1447
f 746/1447/1447 4804/1451/1451 5541/1452/1452 3543/1449/1449
f 739/1435/1435 742/1448/1448 747/1453/1453 743/1436/1436
f 743/1436/1436 747/1453/1453 3540/1414/1414 3539/1407/1407
f 742/1448/1448 3542/1450/1450 3541/1454/1454 747/1453/1453
f 747/1453/1453 3541/1454/1454 5379/1415/1415 3540/1414/1414
f 748/1455/1455 752/1456/1456 753/1457/1457 749/1458/1458
f 749/1458/1458 753/1457/1457 3541/1454/1454 3542/1450/1450
f 752/1456/1456 3545/1429/1429 3544/1428/1428 753/1457/1457
f 753/1457/1457 3544/1428/1428 5379/1415/1415 3541/1454/1454
f 748/1455/1455 749/1458/1458 754/1459/1459 750/1460/1460
f 750/1460/1460 754/1459/1459 4803/1461/1461 4802/1462/1462
f 749/1458/1458 3542/1450/1450 3543/1449/1449 754/1459/1459
f 754/1459/1459 3543/1449/1449 5541/1452/1452 4803/1461/1461
f 748/1455/1455 750/1460/1460 755/1463/1463 751/1464/1464
f 751/1464/1464 755/1463/1463 5005/1119/1119 5006/1114/1114
f 750/1460/1460 4802/1462/1462 4801/1465/1465 755/1463/1463
f 755/1463/1463 4801/1465/1465 5678/1120/1120 5005/1119/1119
f 748/1455/1455 751/1464/1464 756/1466/1466 752/1456/1456
f 752/1456/1456 756/1466/1466 3546/1432/1432 3545/1429/1429
f 751/1464/1464 5006/1114/1114 5007/1113/1113 756/1466/1466
f 756/1466/1466 5007/1113/1113 5592/1104/1104 3546/1432/1432
f 757/1467/1467 761/1468/1468 762/1469/1469 758/1470/1470
f 758/1470/1470 762/1469/1469 3529/1402/1402 3530/1401/1401
f 761/1468/1468 3548/1471/1471 3547/1472/1472 762/1469/1469
f 762/1469/1469 3547/1472/1472 5374/1403/1403 3529/1402/1402
f 757/1467/1467 758/1470/1470 763/1473/1473 759/1474/1474
f 759/1474/1474 763/1473/1473 3556/1475/1475 3557/1476/1476
f 758/1470/1470 3530/1401/1401 3531/1417/1417 763/1473/1473
f 763/1473/1473 3531/1417/1417 5375/1419/1419 3556/1475/1475
f 757/1467/1467 759/1474/1474 764/1477/1477 760/1478/1478
f 760/1478/1478 764/1477/1477 3555/1479/1479 3554/1480/1480
f 759/1474/1474 3557/1476/1476 3558/1481/1481 764/1477/1477
f 764/1477/1477 3558/1481/1481 5380/1482/1482 3555/1479/1479
f 757/1467/1467 760/1478/1478 765/1483/1483 761/1468/1468
f 761/1468/1468 765/1483/1483 3549/1484/1484 3548/1471/1471
f 760/1478/1478 3554/1480/1480 3553/1485/1485 765/1483/1483
f 765/1483/1483 3553/1485/1485 5376/1486/1486 3549/1484/1484
f 766/1487/1487 770/1488/1488 771/1489/1489 767/1490/1490
f 767/1490/1490 771/1489/1489 3553/1485/1485 3554/1480/1480
f 770/1488/1488 3551/1491/1491 3550/1492/1492 771/1489/1489
f 771/1489/1489 3550/1492/1492 5376/1486/1486 3553/1485/1485
f 766/1487/1487 767/1490/1490 772/1493/1493 768/1494/1494
f 768/1494/1494 772/1493/1493 3562/1495/1495 3563/1496/1496
f 767/1490/1490 3554/1480/1480 3555/1479/1479 772/1493/1493
f 772/1493/1493 3555/1479/1479 5380/1482/1482 3562/1495/1495
f 766/1487/1487 768/1494/1494 773/1497/1497 769/1498/1498
f 769/1498/1498 773/1497/1497 4900/1499/1499 4901/1500/1500
f 768/1494/1494 3563/1496/1496 3564/1501/1501 773/1497/1497
f 773/1497/1497 3564/1501/1501 5565/1502/1502 4900/1499/1499
f 766/1487/1487 769/1498/1498 774/1503/1503 770/1488/1488
f 770/1488/1488 774/1503/1503 3552/1504/1504 3551/1491/1491
f 769/1498/1498 4901/1500/1500 4902/1505/1505 774/1503/1503
f 774/1503/1503 4902/1505/1505 5566/1506/1506 3552/1504/1504
f 775/1507/1507 779/1508/1508 780/1509/1509 776/1510/1510
f 776/1510/1510 780/1509/1509 3532/1425/1425 3533/1424/1424
f 779/1508/1508 3557/1476/1476 3556/1475/1475 780/1509/1509
f 780/1509/1509 3556/1475/1475 5375/1419/1419 3532/1425/1425
f 775/1507/1507 776/1510/1510 781/1511/1511 777/1512/1512
f 777/1512/1512 781/1511/1511 5011/1025/1025 5012/1020/1020
f 776/1510/1510 3533/1424/1424 3534/1434/1434 781/1511/1511
f 781/1511/1511 3534/1434/1434 5593/1026/1026 5011/1025/1025
f 775/1507/1507 777/1512/1512 782/1513/1513 778/1514/1514
f 778/1514/1514 782/1513/1513 3561/1515/1515 3560/1516/1516
f 777/1512/1512 5012/1020/1020 5013/1019/1019 782/1513/1513
f 782/1513/1513 5013/1019/1019 5594/1022/1022 3561/1515/1515
f 775/1507/1507 778/1514/1514 783/1517/1517 779/1508/1508
f 779/1508/1508 783/1517/1517 3558/1481/1481 3557/1476/1476
f 778/1514/1514 3560/1516/1516 3559/1518/1518 783/1517/1517
f 783/1517/1517 3559/1518/1518 5380/1482/1482 3558/1481/1481
f 784/1519/1519 788/1520/1520 789/1521/1521 785/1522/1522
f 785/1522/1522 789/1521/1521 3559/1518/1518 3560/1516/1516
f 788/1520/1520 3563/1496/1496 3562/1495/1495 789/1521/1521
f 789/1521/1521 3562/1495/1495 5380/1482/1482 3559/1518/1518
f 784/1519/1519 785/1522/1522 790/1523/1523 786/1524/1524
f 786/1524/1524 790/1523/1523 5014/1058/1058 5015/1054/1054
f 785/1522/1522 3560/1516/1516 3561/1515/1515 790/1523/1523
f 790/1523/1523 3561/1515/1515 5594/1022/1022 5014/1058/1058
f 784/1519/1519 786/1524/1524 791/1525/1525 787/1526/1526
f 787/1526/1526 791/1525/1525 4897/1527/1527 4898/1528/1528
f 786/1524/1524 5015/1054/1054 5016/1053/1053 791/1525/1525
f 791/1525/1525 5016/1053/1053 5686/1056/1056 4897/1527/1527
f 784/1519/1519 787/1526/1526 792/1529/1529 788/1520/1520
f 788/1520/1520 792/1529/1529 3564/1501/1501 3563/1496/1496
f 787/1526/1526 4898/1528/1528 4899/1530/1530 792/1529/1529
f 792/1529/1529 4899/1530/1530 5565/1502/1502 3564/1501/1501
f 793/1531/1531 797/1532/1532 798/1533/1533 794/1534/1534
f 794/1534/1534 798/1533/1533 3547/1472/1472 3548/1471/1471
f 797/1532/1532 3566/1535/1535 3565/1536/1536 798/1533/1533
f 798/1533/1533 3565/1536/1536 5374/1403/1403 3547/1472/1472
f 793/1531/1531 794/1534/1534 799/1537/1537 795/1538/1538
f 795/1538/1538 799/1537/1537 3574/1539/1539 3575/1540/1540
f 794/1534/1534 3548/1471/1471 3549/1484/1484 799/1537/1537
f 799/1537/1537 3549/1484/1484 5376/1486/1486 3574/1539/1539
f 793/1531/1531 795/1538/1538 800/1541/1541 796/1542/1542
f 796/1542/1542 800/1541/1541 3573/1543/1543 3572/1544/1544
f 795/1538/1538 3575/1540/1540 3576/1545/1545 800/1541/1541
f 800/1541/1541 3576/1545/1545 5381/1546/1546 3573/1543/1543
f 793/1531/1531 796/1542/1542 801/1547/1547 797/1532/1532
f 797/1532/1532 801/1547/1547 3567/1548/1548 3566/1535/1535
f 796/1542/1542 3572/1544/1544 3571/1549/1549 801/1547/1547
f 801/1547/1547 3571/1549/1549 5377/1550/1550 3567/1548/1548
f 802/1551/1551 806/1552/1552 807/1553/1553 803/1554/1554
f 803/1554/1554 807/1553/1553 3571/1549/1549 3572/1544/1544
f 806/1552/1552 3569/1555/1555 3568/1556/1556 807/1553/1553
f 807/1553/1553 3568/1556/1556 5377/1550/1550 3571/1549/1549
f 802/1551/1551 803/1554/1554 808/1557/1557 804/1558/1558
f 804/1558/1558 808/1557/1557 3580/1559/1559 3581/1560/1560
f 803/1554/1554 3572/1544/1544 3573/1543/1543 808/1557/1557
f 808/1557/1557 3573/1543/1543 5381/1546/1546 3580/1559/1559
f 802/1551/1551 804/1558/1558 809/1561/1561 805/1562/1562
f 805/1562/1562 809/1561/1561 4960/134/134 4961/129/129
f 804/1558/1558 3581/1560/1560 3582/1563/1563 809/1561/1561
f 809/1561/1561 3582/1563/1563 5580/135/135 4960/134/134
f 802/1551/1551 805/1562/1562 810/1564/1564 806/1552/1552
f 806/1552/1552 810/1564/1564 3570/1565/1565 3569/1555/1555
f 805/1562/1562 4961/129/129 4962/128/128 810/1564/1564
f 810/1564/1564 4962/128/128 5581/45/45 3570/1565/1565
f 811/1566/1566 815/1567/1567 816/1568/1568 812/1569/1569
f 812/1569/1569 816/1568/1568 3550/1492/1492 3551/1491/1491
f 815/1567/1567 3575/1540/1540 3574/1539/1539 816/1568/1568
f 816/1568/1568 3574/1539/1539 5376/1486/1486 3550/1492/1492
f 811/1566/1566 812/1569/1569 817/1570/1570 813/1571/1571
f 813/1571/1571 817/1570/1570 4903/1572/1572 4904/1573/1573
f 812/1569/1569 3551/1491/1491 3552/1504/1504 817/1570/1570
f 817/1570/1570 3552/1504/1504 5566/1506/1506 4903/1572/1572
f 811/1566/1566 813/1571/1571 818/1574/1574 814/1575/1575
f 814/1575/1575 818/1574/1574 3579/1576/1576 3578/1577/1577
f 813/1571/1571 4904/1573/1573 4905/1578/1578 818/1574/1574
f 818/1574/1574 4905/1578/1578 5567/1579/1579 3579/1576/1576
f 811/1566/1566 814/1575/1575 819/1580/1580 815/1567/1567
f 815/1567/1567 819/1580/1580 3576/1545/1545 3575/1540/1540
f 814/1575/1575 3578/1577/1577 3577/1581/1581 819/1580/1580
f 819/1580/1580 3577/1581/1581 5381/1546/1546 3576/1545/1545
f 820/1582/1582 824/1583/1583 825/1584/1584 821/1585/1585
f 821/1585/1585 825/1584/1584 3577/1581/1581 3578/1577/1577
f 824/1583/1583 3581/1560/1560 3580/1559/1559 825/1584/1584
f 825/1584/1584 3580/1559/1559 5381/1546/1546 3577/1581/1581
f 820/1582/1582 821/1585/1585 826/1586/1586 822/1587/1587
f 822/1587/1587 826/1586/1586 4906/1588/1588 4907/1589/1589
f 821/1585/1585 3578/1577/1577 3579/1576/1576 826/1586/1586
f 826/1586/1586 3579/1576/1576 5567/1579/1579 4906/1588/1588
f 820/1582/1582 822/1587/1587 827/1590/1590 823/1591/1591
f 823/1591/1591 827/1590/1590 4957/150/150 4958/145/145
f 822/1587/1587 4907/1589/1589 4908/1592/1592 827/1590/1590
f 827/1590/1590 4908/1592/1592 5685/151/151 4957/150/150
f 820/1582/1582 823/1591/1591 828/1593/1593 824/1583/1583
f 824/1583/1583 828/1593/1593 3582/1563/1563 3581/1560/1560
f 823/1591/1591 4958/145/145 4959/144/144 828/1593/1593
f 828/1593/1593 4959/144/144 5580/135/135 3582/1563/1563
f 829/1594/1594 833/1595/1595 834/1596/1596 830/1597/1597
f 830/1597/1597 834/1596/1596 3565/1536/1536 3566/1535/1535
f 833/1595/1595 3584/1400/1400 3583/1399/1399 834/1596/1596
f 834/1596/1596 3583/1399/1399 5374/1403/1403 3565/1536/1536
f 829/1594/1594 830/1597/1597 835/1598/1598 831/1599/1599
f 831/1599/1599 835/1598/1598 3592/1600/1600 3593/1601/1601
f 830/1597/1597 3566/1535/1535 3567/1548/1548 835/1598/1598
f 835/1598/1598 3567/1548/1548 5377/1550/1550 3592/1600/1600
f 829/1594/1594 831/1599/1599 836/1602/1602 832/1603/1603
f 832/1603/1603 836/1602/1602 3591/1604/1604 3590/1605/1605
f 831/1599/1599 3593/1601/1601 3594/1606/1606 836/1602/1602
f 836/1602/1602 3594/1606/1606 5382/1607/1607 3591/1604/1604
f 829/1594/1594 832/1603/1603 837/1608/1608 833/1595/1595
f 833/1595/1595 837/1608/1608 3585/1408/1408 3584/1400/1400
f 832/1603/1603 3590/1605/1605 3589/1609/1609 837/1608/1608
f 837/1608/1608 3589/1609/1609 5378/1409/1409 3585/1408/1408
f 838/1610/1610 842/1611/1611 843/1612/1612 839/1613/1613
f 839/1613/1613 843/1612/1612 3589/1609/1609 3590/1605/1605
f 842/1611/1611 3587/1440/1440 3586/1439/1439 843/1612/1612
f 843/1612/1612 3586/1439/1439 5378/1409/1409 3589/1609/1609
f 838/1610/1610 839/1613/1613 844/1614/1614 840/1615/1615
f 840/1615/1615 844/1614/1614 3598/1616/1616 3599/1617/1617
f 839/1613/1613 3590/1605/1605 3591/1604/1604 844/1614/1614
f 844/1614/1614 3591/1604/1604 5382/1607/1607 3598/1616/1616
f 838/1610/1610 840/1615/1615 845/1618/1618 841/1619/1619
f 841/1619/1619 845/1618/1618 4809/1620/1620 4808/1621/1621
f 840/1615/1615 3599/1617/1617 3600/1622/1622 845/1618/1618
f 845/1618/1618 3600/1622/1622 5543/1623/1623 4809/1620/1620
f 838/1610/1610 841/1619/1619 846/1624/1624 842/1611/1611
f 842/1611/1611 846/1624/1624 3588/1445/1445 3587/1440/1440
f 841/1619/1619 4808/1621/1621 4807/1625/1625 846/1624/1624
f 846/1624/1624 4807/1625/1625 5542/1446/1446 3588/1445/1445
f 847/1626/1626 851/1627/1627 852/1628/1628 848/1629/1629
f 848/1629/1629 852/1628/1628 3568/1556/1556 3569/1555/1555
f 851/1627/1627 3593/1601/1601 3592/1600/1600 852/1628/1628
f 852/1628/1628 3592/1600/1600 5377/1550/1550 3568/1556/1556
f 847/1626/1626 848/1629/1629 853/1630/1630 849/1631/1631
f 849/1631/1631 853/1630/1630 4963/44/44 4964/39/39
f 848/1629/1629 3569/1555/1555 3570/1565/1565 853/1630/1630
f 853/1630/1630 3570/1565/1565 5581/45/45 4963/44/44
f 847/1626/1626 849/1631/1631 854/1632/1632 850/1633/1633
f 850/1633/1633 854/1632/1632 3597/1634/1634 3596/1635/1635
f 849/1631/1631 4964/39/39 4965/38/38 854/1632/1632
f 854/1632/1632 4965/38/38 5582/41/41 3597/1634/1634
f 847/1626/1626 850/1633/1633 855/1636/1636 851/1627/1627
f 851/1627/1627 855/1636/1636 3594/1606/1606 3593/1601/1601
f 850/1633/1633 3596/1635/1635 3595/1637/1637 855/1636/1636
f 855/1636/1636 3595/1637/1637 5382/1607/1607 3594/1606/1606
f 856/1638/1638 860/1639/1639 861/1640/1640 857/1641/1641
f 857/1641/1641 861/1640/1640 3595/1637/1637 3596/1635/1635
f 860/1639/1639 3599/1617/1617 3598/1616/1616 861/1640/1640
f 861/1640/1640 3598/1616/1616 5382/1607/1607 3595/1637/1637
f 856/1638/1638 857/1641/1641 862/1642/1642 858/1643/1643
f 858/1643/1643 862/1642/1642 4966/81/81 4967/77/77
f 857/1641/1641 3596/1635/1635 3597/1634/1634 862/1642/1642
f 862/1642/1642 3597/1634/1634 5582/41/41 4966/81/81
f 856/1638/1638 858/1643/1643 863/1644/1644 859/1645/1645
f 859/1645/1645 863/1644/1644 4812/1646/1646 4811/1647/1647
f 858/1643/1643 4967/77/77 4968/76/76 863/1644/1644
f 863/1644/1644 4968/76/76 5677/79/79 4812/1646/1646
f 856/1638/1638 859/1645/1645 864/1648/1648 860/1639/1639
f 860/1639/1639 864/1648/1648 3600/1622/1622 3599/1617/1617
f 859/1645/1645 4811/1647/1647 4810/1649/1649 864/1648/1648
f 864/1648/1648 4810/1649/1649 5543/1623/1623 3600/1622/1622
f 865/1650/1650 869/1651/1651 870/1652/1652 866/1653/1653
f 866/1653/1653 870/1652/1652 3655/1654/1654 3656/1655/1655
f 869/1651/1651 3602/1656/1656 3601/1657/1657 870/1652/1652
f 870/1652/1652 3601/1657/1657 5383/1658/1658 3655/1654/1654
f 865/1650/1650 866/1653/1653 871/1659/1659 867/1660/1660
f 867/1660/1660 871/1659/1659 3610/1661/1661 3611/1662/1662
f 866/1653/1653 3656/1655/1655 3657/1663/1663 871/1659/1659
f 871/1659/1659 3657/1663/1663 5387/1664/1664 3610/1661/1661
f 865/1650/1650 867/1660/1660 872/1665/1665 868/1666/1666
f 868/1666/1666 872/1665/1665 3609/1667/1667 3608/1668/1668
f 867/1660/1660 3611/1662/1662 3612/1669/1669 872/1665/1665
f 872/1665/1665 3612/1669/1669 5388/1670/1670 3609/1667/1667
f 865/1650/1650 868/1666/1666 873/1671/1671 869/1651/1651
f 869/1651/1651 873/1671/1671 3603/1672/1672 3602/1656/1656
f 868/1666/1666 3608/1668/1668 3607/1673/1673 873/1671/1671
f 873/1671/1671 3607/1673/1673 5384/1674/1674 3603/1672/1672
f 874/1675/1675 878/1676/1676 879/1677/1677 875/1678/1678
f 875/1678/1678 879/1677/1677 3607/1673/1673 3608/1668/1668
f 878/1676/1676 3605/1679/1679 3604/1680/1680 879/1677/1677
f 879/1677/1677 3604/1680/1680 5384/1674/1674 3607/1673/1673
f 874/1675/1675 875/1678/1678 880/1681/1681 876/1682/1682
f 876/1682/1682 880/1681/1681 3616/1683/1683 3617/1684/1684
f 875/1678/1678 3608/1668/1668 3609/1667/1667 880/1681/1681
f 880/1681/1681 3609/1667/1667 5388/1670/1670 3616/1683/1683
f 874/1675/1675 876/1682/1682 881/1685/1685 877/1686/1686
f 877/1686/1686 881/1685/1685 5037/1687/1687 5036/1688/1688
f 876/1682/1682 3617/1684/1684 3618/1689/1689 881/1685/1685
f 881/1685/1685 3618/1689/1689 5600/1690/1690 5037/1687/1687
f 874/1675/1675 877/1686/1686 882/1691/1691 878/1676/1676
f 878/1676/1676 882/1691/1691 3606/1692/1692 3605/1679/1679
f 877/1686/1686 5036/1688/1688 5035/1693/1693 882/1691/1691
f 882/1691/1691 5035/1693/1693 5599/1694/1694 3606/1692/1692
f 883/1695/1695 887/1696/1696 888/1697/1697 884/1698/1698
f 884/1698/1698 888/1697/1697 3658/1699/1699 3659/1700/1700
f 887/1696/1696 3611/1662/1662 3610/1661/1661 888/1697/1697
f 888/1697/1697 3610/1661/1661 5387/1664/1664 3658/1699/1699
f 883/1695/1695 884/1698/1698 889/1701/1701 885/1702/1702
f 885/1702/1702 889/1701/1701 4842/1703/1703 4841/1704/1704
f 884/1698/1698 3659/1700/1700 3660/1705/1705 889/1701/1701
f 889/1701/1701 3660/1705/1705 5551/1706/1706 4842/1703/1703
f 883/1695/1695 885/1702/1702 890/1707/1707 886/1708/1708
f 886/1708/1708 890/1707/1707 3615/1709/1709 3614/1710/1710
f 885/1702/1702 4841/1704/1704 4840/1711/1711 890/1707/1707
f 890/1707/1707 4840/1711/1711 5550/1712/1712 3615/1709/1709
f 883/1695/1695 886/1708/1708 891/1713/1713 887/1696/1696
f 887/1696/1696 891/1713/1713 3612/1669/1669 3611/1662/1662
f 886/1708/1708 3614/1710/1710 3613/1714/1714 891/1713/1713
f 891/1713/1713 3613/1714/1714 5388/1670/1670 3612/1669/1669
f 892/1715/1715 896/1716/1716 897/1717/1717 893/1718/1718
f 893/1718/1718 897/1717/1717 3613/1714/1714 3614/1710/1710
f 896/1716/1716 3617/1684/1684 3616/1683/1683 897/1717/1717
f 897/1717/1717 3616/1683/1683 5388/1670/1670 3613/1714/1714
f 892/1715/1715 893/1718/1718 898/1719/1719 894/1720/1720
f 894/1720/1720 898/1719/1719 4839/1721/1721 4838/1722/1722
f 893/1718/1718 3614/1710/1710 3615/1709/1709 898/1719/1719
f 898/1719/1719 3615/1709/1709 5550/1712/1712 4839/1721/1721
f 892/1715/1715 894/1720/1720 899/1723/1723 895/1724/1724
f 895/1724/1724 899/1723/1723 5040/1725/1725 5039/1726/1726
f 894/1720/1720 4838/1722/1722 4837/1727/1727 899/1723/1723
f 899/1723/1723 4837/1727/1727 5673/1728/1728 5040/1725/1725
f 892/1715/1715 895/1724/1724 900/1729/1729 896/1716/1716
f 896/1716/1716 900/1729/1729 3618/1689/1689 3617/1684/1684
f 895/1724/1724 5039/1726/1726 5038/1730/1730 900/1729/1729
f 900/1729/1729 5038/1730/1730 5600/1690/1690 3618/1689/1689
f 901/1731/1731 905/1732/1732 906/1733/1733 902/1734/1734
f 902/1734/1734 906/1733/1733 3601/1657/1657 3602/1656/1656
f 905/1732/1732 3620/1735/1735 3619/1736/1736 906/1733/1733
f 906/1733/1733 3619/1736/1736 5383/1658/1658 3601/1657/1657
f 901/1731/1731 902/1734/1734 907/1737/1448 903/1738/1737
f 903/1738/1737 907/1737/1448 3628/1739/1738 3629/1740/1739
f 902/1734/1734 3602/1656/1656 3603/1672/1672 907/1737/1448
f 907/1737/1448 3603/1672/1672 5384/1674/1674 3628/1739/1738
f 901/1731/1731 903/1738/1737 908/1741/1740 904/1742/1741
f 904/1742/1741 908/1741/1740 3627/1743/1742 3626/1744/1743
f 903/1738/1737 3629/1740/1739 3630/1745/1744 908/1741/1740
f 908/1741/1740 3630/1745/1744 5389/1746/1745 3627/1743/1742
f 901/1731/1731 904/1742/1741 909/1747/1746 905/1732/1732
f 905/1732/1732 909/1747/1746 3621/1748/1747 3620/1735/1735
f 904/1742/1741 3626/1744/1743 3625/1749/1748 909/1747/1746
f 909/1747/1746 3625/1749/1748 5385/1750/1749 3621/1748/1747
f 910/1751/1750 914/1752/1751 915/1753/1752 911/1754/1753
f 911/1754/1753 915/1753/1752 3625/1749/1748 3626/1744/1743
f 914/1752/1751 3623/1755/1754 3622/1756/1755 915/1753/1752
f 915/1753/1752 3622/1756/1755 5385/1750/1749 3625/1749/1748
f 910/1751/1750 911/1754/1753 916/1757/1756 912/1758/1757
f 912/1758/1757 916/1757/1756 3634/1759/1758 3635/1760/1759
f 911/1754/1753 3626/1744/1743 3627/1743/1742 916/1757/1756
f 916/1757/1756 3627/1743/1742 5389/1746/1745 3634/1759/1758
f 910/1751/1750 912/1758/1757 917/1761/1760 913/1762/1761
f 913/1762/1761 917/1761/1760 4936/1763/1762 4937/1764/1763
f 912/1758/1757 3635/1760/1759 3636/1765/1764 917/1761/1760
f 917/1761/1760 3636/1765/1764 5574/1766/1765 4936/1763/1762
f 910/1751/1750 913/1762/1761 918/1767/1766 914/1752/1751
f 914/1752/1751 918/1767/1766 3624/1768/1767 3623/1755/1754
f 913/1762/1761 4937/1764/1763 4938/1769/1768 918/1767/1766
f 918/1767/1766 4938/1769/1768 5575/1770/1769 3624/1768/1767
f 919/1771/1770 923/1772/1771 924/1773/1772 920/1774/1773
f 920/1774/1773 924/1773/1772 3604/1680/1680 3605/1679/1679
f 923/1772/1771 3629/1740/1739 3628/1739/1738 924/1773/1772
f 924/1773/1772 3628/1739/1738 5384/1674/1674 3604/1680/1680
f 919/1771/1770 920/1774/1773 925/1775/1774 921/1776/1775
f 921/1776/1775 925/1775/1774 5034/1777/1776 5033/1778/1777
f 920/1774/1773 3605/1679/1679 3606/1692/1692 925/1775/1774
f 925/1775/1774 3606/1692/1692 5599/1694/1694 5034/1777/1776
f 919/1771/1770 921/1776/1775 926/1779/1778 922/1780/1779
f 922/1780/1779 926/1779/1778 3633/1781/1780 3632/1782/1781
f 921/1776/1775 5033/1778/1777 5032/1783/1782 926/1779/1778
f 926/1779/1778 5032/1783/1782 5598/1784/1783 3633/1781/1780
f 919/1771/1770 922/1780/1779 927/1785/1784 923/1772/1771
f 923/1772/1771 927/1785/1784 3630/1745/1744 3629/1740/1739
f 922/1780/1779 3632/1782/1781 3631/1786/1785 927/1785/1784
f 927/1785/1784 3631/1786/1785 5389/1746/1745 3630/1745/1744
f 928/1787/1786 932/1788/1787 933/1789/1788 929/1790/1789
f 929/1790/1789 933/1789/1788 3631/1786/1785 3632/1782/1781
f 932/1788/1787 3635/1760/1759 3634/1759/1758 933/1789/1788
f 933/1789/1788 3634/1759/1758 5389/1746/1745 3631/1786/1785
f 928/1787/1786 929/1790/1789 934/1791/1790 930/1792/1791
f 930/1792/1791 934/1791/1790 5031/1793/1792 5030/1794/1793
f 929/1790/1789 3632/1782/1781 3633/1781/1780 934/1791/1790
f 934/1791/1790 3633/1781/1780 5598/1784/1783 5031/1793/1792
f 928/1787/1786 930/1792/1791 935/1795/1794 931/1796/1795
f 931/1796/1795 935/1795/1794 4933/1797/1796 4934/1798/1797
f 930/1792/1791 5030/1794/1793 5029/1799/1798 935/1795/1794
f 935/1795/1794 5029/1799/1798 5681/1800/1799 4933/1797/1796
f 928/1787/1786 931/1796/1795 936/1801/1800 932/1788/1787
f 932/1788/1787 936/1801/1800 3636/1765/1764 3635/1760/1759
f 931/1796/1795 4934/1798/1797 4935/1802/1801 936/1801/1800
f 936/1801/1800 4935/1802/1801 5574/1766/1765 3636/1765/1764
f 937/1803/1802 941/1804/1803 942/1805/1804 938/1806/1805
f 938/1806/1805 942/1805/1804 3619/1736/1736 3620/1735/1735
f 941/1804/1803 3638/1807/1806 3637/1808/1807 942/1805/1804
f 942/1805/1804 3637/1808/1807 5383/1658/1658 3619/1736/1736
f 937/1803/1802 938/1806/1805 943/1809/1808 939/1810/1809
f 939/1810/1809 943/1809/1808 3646/1811/1810 3647/1812/1811
f 938/1806/1805 3620/1735/1735 3621/1748/1747 943/1809/1808
f 943/1809/1808 3621/1748/1747 5385/1750/1749 3646/1811/1810
f 937/1803/1802 939/1810/1809 944/1813/1812 940/1814/1813
f 940/1814/1813 944/1813/1812 3645/1815/1814 3644/1816/1815
f 939/1810/1809 3647/1812/1811 3648/1817/1816 944/1813/1812
f 944/1813/1812 3648/1817/1816 5390/1818/1817 3645/1815/1814
f 937/1803/1802 940/1814/1813 945/1819/1818 941/1804/1803
f 941/1804/1803 945/1819/1818 3639/1820/1819 3638/1807/1806
f 940/1814/1813 3644/1816/1815 3643/1821/1820 945/1819/1818
f 945/1819/1818 3643/1821/1820 5386/1822/1821 3639/1820/1819
f 946/1823/1822 950/1824/1823 951/1825/1824 947/1826/1825
f 947/1826/1825 951/1825/1824 3643/1821/1820 3644/1816/1815
f 950/1824/1823 3641/1827/1826 3640/1828/1827 951/1825/1824
f 951/1825/1824 3640/1828/1827 5386/1822/1821 3643/1821/1820
f 946/1823/1822 947/1826/1825 952/1829/1828 948/1830/1829
f 948/1830/1829 952/1829/1828 3652/1831/1830 3653/1832/1831
f 947/1826/1825 3644/1816/1815 3645/1815/1814 952/1829/1828
f 952/1829/1828 3645/1815/1814 5390/1818/1817 3652/1831/1830
f 946/1823/1822 948/1830/1829 953/1833/1832 949/1834/1833
f 949/1834/1833 953/1833/1832 4984/423/423 4985/418/418
f 948/1830/1829 3653/1832/1831 3654/1835/1834 953/1833/1832
f 953/1833/1832 3654/1835/1834 5586/424/424 4984/423/423
f 946/1823/1822 949/1834/1833 954/1836/1835 950/1824/1823
f 950/1824/1823 954/1836/1835 3642/1837/1836 3641/1827/1826
f 949/1834/1833 4985/418/418 4986/417/417 954/1836/1835
f 954/1836/1835 4986/417/417 5587/334/334 3642/1837/1836
f 955/1838/1837 959/1839/1838 960/1840/1839 956/1841/1840
f 956/1841/1840 960/1840/1839 3622/1756/1755 3623/1755/1754
f 959/1839/1838 3647/1812/1811 3646/1811/1810 960/1840/1839
f 960/1840/1839 3646/1811/1810 5385/1750/1749 3622/1756/1755
f 955/1838/1837 956/1841/1840 961/1842/1841 957/1843/1842
f 957/1843/1842 961/1842/1841 4939/1844/1843 4940/1845/1844
f 956/1841/1840 3623/1755/1754 3624/1768/1767 961/1842/1841
f 961/1842/1841 3624/1768/1767 5575/1770/1769 4939/1844/1843
f 955/1838/1837 957/1843/1842 962/1846/1845 958/1847/1846
f 958/1847/1846 962/1846/1845 3651/1848/1847 3650/1849/1848
f 957/1843/1842 4940/1845/1844 4941/1850/1849 962/1846/1845
f 962/1846/1845 4941/1850/1849 5576/1851/1850 3651/1848/1847
f 955/1838/1837 958/1847/1846 963/1852/1851 959/1839/1838
f 959/1839/1838 963/1852/1851 3648/1817/1816 3647/1812/1811
f 958/1847/1846 3650/1849/1848 3649/1853/1852 963/1852/1851
f 963/1852/1851 3649/1853/1852 5390/1818/1817 3648/1817/1816
f 964/1854/1853 968/1855/1854 969/1856/1855 965/1857/1856
f 965/1857/1856 969/1856/1855 3649/1853/1852 3650/1849/1848
f 968/1855/1854 3653/1832/1831 3652/1831/1830 969/1856/1855
f 969/1856/1855 3652/1831/1830 5390/1818/1817 3649/1853/1852
f 964/1854/1853 965/1857/1856 970/1858/1857 966/1859/1858
f 966/1859/1858 970/1858/1857 4942/1860/1859 4943/1861/1860
f 965/1857/1856 3650/1849/1848 3651/1848/1847 970/1858/1857
f 970/1858/1857 3651/1848/1847 5576/1851/1850 4942/1860/1859
f 964/1854/1853 966/1859/1858 971/1862/1861 967/1863/1862
f 967/1863/1862 971/1862/1861 4981/439/439 4982/434/434
f 966/1859/1858 4943/1861/1860 4944/1864/1863 971/1862/1861
f 971/1862/1861 4944/1864/1863 5688/440/440 4981/439/439
f 964/1854/1853 967/1863/1862 972/1865/1864 968/1855/1854
f 968/1855/1854 972/1865/1864 3654/1835/1834 3653/1832/1831
f 967/1863/1862 4982/434/434 4983/433/433 972/1865/1864
f 972/1865/1864 4983/433/433 5586/424/424 3654/1835/1834
f 973/1866/1865 977/1867/1866 978/1868/1867 974/1869/1868
f 974/1869/1868 978/1868/1867 3637/1808/1807 3638/1807/1806
f 977/1867/1866 3656/1655/1655 3655/1654/1654 978/1868/1867
f 978/1868/1867 3655/1654/1654 5383/1658/1658 3637/1808/1807
f 973/1866/1865 974/1869/1868 979/1870/1869 975/1871/1870
f 975/1871/1870 979/1870/1869 3664/1872/1871 3665/1873/1872
f 974/1869/1868 3638/1807/1806 3639/1820/1819 979/1870/1869
f 979/1870/1869 3639/1820/1819 5386/1822/1821 3664/1872/1871
f 973/1866/1865 975/1871/1870 980/1874/1873 976/1875/1874
f 976/1875/1874 980/1874/1873 3663/1876/1875 3662/1877/1876
f 975/1871/1870 3665/1873/1872 3666/1878/1877 980/1874/1873
f 980/1874/1873 3666/1878/1877 5391/1879/1878 3663/1876/1875
f 973/1866/1865 976/1875/1874 981/1880/1879 977/1867/1866
f 977/1867/1866 981/1880/1879 3657/1663/1663 3656/1655/1655
f 976/1875/1874 3662/1877/1876 3661/1881/1880 981/1880/1879
f 981/1880/1879 3661/1881/1880 5387/1664/1664 3657/1663/1663
f 982/1882/1881 986/1883/1882 987/1884/1883 983/1885/1884
f 983/1885/1884 987/1884/1883 3661/1881/1880 3662/1877/1876
f 986/1883/1882 3659/1700/1700 3658/1699/1699 987/1884/1883
f 987/1884/1883 3658/1699/1699 5387/1664/1664 3661/1881/1880
f 982/1882/1881 983/1885/1884 988/1886/1885 984/1887/1886
f 984/1887/1886 988/1886/1885 3670/1888/1887 3671/1889/1888
f 983/1885/1884 3662/1877/1876 3663/1876/1875 988/1886/1885
f 988/1886/1885 3663/1876/1875 5391/1879/1878 3670/1888/1887
f 982/1882/1881 984/1887/1886 989/1890/1889 985/1891/1890
f 985/1891/1890 989/1890/1889 4845/1892/1891 4844/1893/1892
f 984/1887/1886 3671/1889/1888 3672/1894/1893 989/1890/1889
f 989/1890/1889 3672/1894/1893 5552/1895/1894 4845/1892/1891
f 982/1882/1881 985/1891/1890 990/1896/1895 986/1883/1882
f 986/1883/1882 990/1896/1895 3660/1705/1705 3659/1700/1700
f 985/1891/1890 4844/1893/1892 4843/1897/1896 990/1896/1895
f 990/1896/1895 4843/1897/1896 5551/1706/1706 3660/1705/1705
f 991/1898/1897 995/1899/1898 996/1900/1899 992/1901/1900
f 992/1901/1900 996/1900/1899 3640/1828/1827 3641/1827/1826
f 995/1899/1898 3665/1873/1872 3664/1872/1871 996/1900/1899
f 996/1900/1899 3664/1872/1871 5386/1822/1821 3640/1828/1827
f 991/1898/1897 992/1901/1900 997/1902/1901 993/1903/1902
f 993/1903/1902 997/1902/1901 4987/333/333 4988/328/328
f 992/1901/1900 3641/1827/1826 3642/1837/1836 997/1902/1901
f 997/1902/1901 3642/1837/1836 5587/334/334 4987/333/333
f 991/1898/1897 993/1903/1902 998/1904/1903 994/1905/1904
f 994/1905/1904 998/1904/1903 3669/1906/1905 3668/1907/1906
f 993/1903/1902 4988/328/328 4989/327/327 998/1904/1903
f 998/1904/1903 4989/327/327 5588/330/330 3669/1906/1905
f 991/1898/1897 994/1905/1904 999/1908/1907 995/1899/1898
f 995/1899/1898 999/1908/1907 3666/1878/1877 3665/1873/1872
f 994/1905/1904 3668/1907/1906 3667/1909/1908 999/1908/1907
f 999/1908/1907 3667/1909/1908 5391/1879/1878 3666/1878/1877
f 1000/1910/1909 1004/1911/1910 1005/1912/1911 1001/1913/1912
f 1001/1913/1912 1005/1912/1911 3667/1909/1908 3668/1907/1906
f 1004/1911/1910 3671/1889/1888 3670/1888/1887 1005/1912/1911
f 1005/1912/1911 3670/1888/1887 5391/1879/1878 3667/1909/1908
f 1000/1910/1909 1001/1913/1912 1006/1914/1913 1002/1915/1914
f 1002/1915/1914 1006/1914/1913 4990/370/370 4991/366/366
f 1001/1913/1912 3668/1907/1906 3669/1906/1905 1006/1914/1913
f 1006/1914/1913 3669/1906/1905 5588/330/330 4990/370/370
f 1000/1910/1909 1002/1915/1914 1007/1916/1915 1003/1917/1916
f 1003/1917/1916 1007/1916/1915 4848/1918/1917 4847/1919/1918
f 1002/1915/1914 4991/366/366 4992/365/365 1007/1916/1915
f 1007/1916/1915 4992/365/365 5680/368/368 4848/1918/1917
f 1000/1910/1909 1003/1917/1916 1008/1920/1919 1004/1911/1910
f 1004/1911/1910 1008/1920/1919 3672/1894/1893 3671/1889/1888
f 1003/1917/1916 4847/1919/1918 4846/1921/1920 1008/1920/1919
f 1008/1920/1919 4846/1921/1920 5552/1895/1894 3672/1894/1893
f 1009/1922/1921 1013/1923/1922 1014/1924/1923 1010/1925/1924
f 1010/1925/1924 1014/1924/1923 3727/1926/1925 3728/1927/1926
f 1013/1923/1922 3674/1928/1927 3673/1929/1928 1014/1924/1923
f 1014/1924/1923 3673/1929/1928 5392/1930/1929 3727/1926/1925
f 1009/1922/1921 1010/1925/1924 1015/1931/1930 1011/1932/1931
f 1011/1932/1931 1015/1931/1930 3682/1933/1932 3683/1934/1933
f 1010/1925/1924 3728/1927/1926 3729/1935/1934 1015/1931/1930
f 1015/1931/1930 3729/1935/1934 5396/1936/1935 3682/1933/1932
f 1009/1922/1921 1011/1932/1931 1016/1937/1936 1012/1938/1937
f 1012/1938/1937 1016/1937/1936 3681/1939/1938 3680/1940/1939
f 1011/1932/1931 3683/1934/1933 3684/1941/1940 1016/1937/1936
f 1016/1937/1936 3684/1941/1940 5397/1942/1941 3681/1939/1938
f 1009/1922/1921 1012/1938/1937 1017/1943/1942 1013/1923/1922
f 1013/1923/1922 1017/1943/1942 3675/1944/1943 3674/1928/1927
f 1012/1938/1937 3680/1940/1939 3679/1945/1944 1017/1943/1942
f 1017/1943/1942 3679/1945/1944 5393/1946/1945 3675/1944/1943
f 1018/1947/1946 1022/1948/1947 1023/1949/1948 1019/1950/1949
f 1019/1950/1949 1023/1949/1948 3679/1945/1944 3680/1940/1939
f 1022/1948/1947 3677/1951/1950 3676/1952/1951 1023/1949/1948
f 1023/1949/1948 3676/1952/1951 5393/1946/1945 3679/1945/1944
f 1018/1947/1946 1019/1950/1949 1024/1953/1952 1020/1954/1953
f 1020/1954/1953 1024/1953/1952 3688/1955/1954 3689/1956/1955
f 1019/1950/1949 3680/1940/1939 3681/1939/1938 1024/1953/1952
f 1024/1953/1952 3681/1939/1938 5397/1942/1941 3688/1955/1954
f 1018/1947/1946 1020/1954/1953 1025/1957/1956 1021/1958/1957
f 1021/1958/1957 1025/1957/1956 5020/1375/1375 5021/1370/1370
f 1020/1954/1953 3689/1956/1955 3690/1959/1958 1025/1957/1956
f 1025/1957/1956 3690/1959/1958 5595/1376/1376 5020/1375/1375
f 1018/1947/1946 1021/1958/1957 1026/1960/1959 1022/1948/1947
f 1022/1948/1947 1026/1960/1959 3678/1961/1960 3677/1951/1950
f 1021/1958/1957 5021/1370/1370 5022/1369/1369 1026/1960/1959
f 1026/1960/1959 5022/1369/1369 5596/1298/1298 3678/1961/1960
f 1027/1962/1961 1031/1963/1962 1032/1964/1963 1028/1965/1964
f 1028/1965/1964 1032/1964/1963 3730/1966/1965 3731/1967/1966
f 1031/1963/1962 3683/1934/1933 3682/1933/1932 1032/1964/1963
f 1032/1964/1963 3682/1933/1932 5396/1936/1935 3730/1966/1965
f 1027/1962/1961 1028/1965/1964 1033/1968/1967 1029/1969/1968
f 1029/1969/1968 1033/1968/1967 4758/1970/1969 4757/1971/1970
f 1028/1965/1964 3731/1967/1966 3732/1972/1971 1033/1968/1967
f 1033/1968/1967 3732/1972/1971 5530/1973/1972 4758/1970/1969
f 1027/1962/1961 1029/1969/1968 1034/1974/1973 1030/1975/1974
f 1030/1975/1974 1034/1974/1973 3687/1976/1975 3686/1977/1976
f 1029/1969/1968 4757/1971/1970 4756/1978/1977 1034/1974/1973
f 1034/1974/1973 4756/1978/1977 5529/1979/1978 3687/1976/1975
f 1027/1962/1961 1030/1975/1974 1035/1980/1979 1031/1963/1962
f 1031/1963/1962 1035/1980/1979 3684/1941/1940 3683/1934/1933
f 1030/1975/1974 3686/1977/1976 3685/1981/1980 1035/1980/1979
f 1035/1980/1979 3685/1981/1980 5397/1942/1941 3684/1941/1940
f 1036/1982/1981 1040/1983/1982 1041/1984/1983 1037/1985/1984
f 1037/1985/1984 1041/1984/1983 3685/1981/1980 3686/1977/1976
f 1040/1983/1982 3689/1956/1955 3688/1955/1954 1041/1984/1983
f 1041/1984/1983 3688/1955/1954 5397/1942/1941 3685/1981/1980
f 1036/1982/1981 1037/1985/1984 1042/1986/1985 1038/1987/1986
f 1038/1987/1986 1042/1986/1985 4755/1988/1987 4754/1989/1988
f 1037/1985/1984 3686/1977/1976 3687/1976/1975 1042/1986/1985
f 1042/1986/1985 3687/1976/1975 5529/1979/1978 4755/1988/1987
f 1036/1982/1981 1038/1987/1986 1043/1990/1989 1039/1991/1990
f 1039/1991/1990 1043/1990/1989 5017/1391/1391 5018/1386/1386
f 1038/1987/1986 4754/1989/1988 4753/1992/1991 1043/1990/1989
f 1043/1990/1989 4753/1992/1991 5674/1392/1392 5017/1391/1391
f 1036/1982/1981 1039/1991/1990 1044/1993/1992 1040/1983/1982
f 1040/1983/1982 1044/1993/1992 3690/1959/1958 3689/1956/1955
f 1039/1991/1990 5018/1386/1386 5019/1385/1385 1044/1993/1992
f 1044/1993/1992 5019/1385/1385 5595/1376/1376 3690/1959/1958
f 1045/1994/1993 1049/1995/1994 1050/1996/1995 1046/1997/1996
f 1046/1997/1996 1050/1996/1995 3673/1929/1928 3674/1928/1927
f 1049/1995/1994 3692/1998/1997 3691/1999/1998 1050/1996/1995
f 1050/1996/1995 3691/1999/1998 5392/1930/1929 3673/1929/1928
f 1045/1994/1993 1046/1997/1996 1051/2000/1999 1047/2001/2000
f 1047/2001/2000 1051/2000/1999 3700/2002/2001 3701/2003/2002
f 1046/1997/1996 3674/1928/1927 3675/1944/1943 1051/2000/1999
f 1051/2000/1999 3675/1944/1943 5393/1946/1945 3700/2002/2001
f 1045/1994/1993 1047/2001/2000 1052/2004/2003 1048/2005/2004
f 1048/2005/2004 1052/2004/2003 3699/2006/2005 3698/2007/2006
f 1047/2001/2000 3701/2003/2002 3702/2008/2007 1052/2004/2003
f 1052/2004/2003 3702/2008/2007 5398/2009/2008 3699/2006/2005
f 1045/1994/1993 1048/2005/2004 1053/2010/2009 1049/1995/1994
f 1049/1995/1994 1053/2010/2009 3693/2011/2010 3692/1998/1997
f 1048/2005/2004 3698/2007/2006 3697/2012/2011 1053/2010/2009
f 1053/2010/2009 3697/2012/2011 5394/2013/2012 3693/2011/2010
f 1054/2014/2013 1058/2015/2014 1059/2016/2015 1055/2017/2016
f 1055/2017/2016 1059/2016/2015 3697/2012/2011 3698/2007/2006
f 1058/2015/2014 3695/2018/2017 3694/2019/2018 1059/2016/2015
f 1059/2016/2015 3694/2019/2018 5394/2013/2012 3697/2012/2011
f 1054/2014/2013 1055/2017/2016 1060/2020/2019 1056/2021/2020
f 1056/2021/2020 1060/2020/2019 3706/2022/2021 3707/2023/2022
f 1055/2017/2016 3698/2007/2006 3699/2006/2005 1060/2020/2019
f 1060/2020/2019 3699/2006/2005 5398/2009/2008 3706/2022/2021
f 1054/2014/2013 1056/2021/2020 1061/2024/2023 1057/2025/2024
f 1057/2025/2024 1061/2024/2023 4852/2026/2025 4853/2027/2026
f 1056/2021/2020 3707/2023/2022 3708/2028/2027 1061/2024/2023
f 1061/2024/2023 3708/2028/2027 5553/2029/2028 4852/2026/2025
f 1054/2014/2013 1057/2025/2024 1062/2030/2029 1058/2015/2014
f 1058/2015/2014 1062/2030/2029 3696/2031/2030 3695/2018/2017
f 1057/2025/2024 4853/2027/2026 4854/2032/2031 1062/2030/2029
f 1062/2030/2029 4854/2032/2031 5554/2033/2032 3696/2031/2030
f 1063/2034/2033 1067/2035/2034 1068/2036/2035 1064/2037/2036
f 1064/2037/2036 1068/2036/2035 3676/1952/1951 3677/1951/1950
f 1067/2035/2034 3701/2003/2002 3700/2002/2001 1068/2036/2035
f 1068/2036/2035 3700/2002/2001 5393/1946/1945 3676/1952/1951
f 1063/2034/2033 1064/2037/2036 1069/2038/2037 1065/2039/2038
f 1065/2039/2038 1069/2038/2037 5023/1297/1297 5024/1292/1292
f 1064/2037/2036 3677/1951/1950 3678/1961/1960 1069/2038/2037
f 1069/2038/2037 3678/1961/1960 5596/1298/1298 5023/1297/1297
f 1063/2034/2033 1065/2039/2038 1070/2040/2039 1066/2041/2040
f 1066/2041/2040 1070/2040/2039 3705/2042/2041 3704/2043/2042
f 1065/2039/2038 5024/1292/1292 5025/1291/1291 1070/2040/2039
f 1070/2040/2039 5025/1291/1291 5597/1294/1294 3705/2042/2041
f 1063/2034/2033 1066/2041/2040 1071/2044/2043 1067/2035/2034
f 1067/2035/2034 1071/2044/2043 3702/2008/2007 3701/2003/2002
f 1066/2041/2040 3704/2043/2042 3703/2045/2044 1071/2044/2043
f 1071/2044/2043 3703/2045/2044 5398/2009/2008 3702/2008/2007
f 1072/2046/2045 1076/2047/2046 1077/2048/2047 1073/2049/2048
f 1073/2049/2048 1077/2048/2047 3703/2045/2044 3704/2043/2042
f 1076/2047/2046 3707/2023/2022 3706/2022/2021 1077/2048/2047
f 1077/2048/2047 3706/2022/2021 5398/2009/2008 3703/2045/2044
f 1072/2046/2045 1073/2049/2048 1078/2050/2049 1074/2051/2050
f 1074/2051/2050 1078/2050/2049 5026/1330/1330 5027/1326/1326
f 1073/2049/2048 3704/2043/2042 3705/2042/2041 1078/2050/2049
f 1078/2050/2049 3705/2042/2041 5597/1294/1294 5026/1330/1330
f 1072/2046/2045 1074/2051/2050 1079/2052/2051 1075/2053/2052
f 1075/2053/2052 1079/2052/2051 4849/2054/2053 4850/2055/2054
f 1074/2051/2050 5027/1326/1326 5028/1325/1325 1079/2052/2051
f 1079/2052/2051 5028/1325/1325 5682/1328/1328 4849/2054/2053
f 1072/2046/2045 1075/2053/2052 1080/2056/2055 1076/2047/2046
f 1076/2047/2046 1080/2056/2055 3708/2028/2027 3707/2023/2022
f 1075/2053/2052 4850/2055/2054 4851/2057/2056 1080/2056/2055
f 1080/2056/2055 4851/2057/2056 5553/2029/2028 3708/2028/2027
f 1081/2058/2057 1085/2059/2058 1086/2060/2059 1082/2061/2060
f 1082/2061/2060 1086/2060/2059 3691/1999/1998 3692/1998/1997
f 1085/2059/2058 3710/2062/2061 3709/2063/2062 1086/2060/2059
f 1086/2060/2059 3709/2063/2062 5392/1930/1929 3691/1999/1998
f 1081/2058/2057 1082/2061/2060 1087/2064/2063 1083/2065/2064
f 1083/2065/2064 1087/2064/2063 3718/2066/2065 3719/2067/2066
f 1082/2061/2060 3692/1998/1997 3693/2011/2010 1087/2064/2063
f 1087/2064/2063 3693/2011/2010 5394/2013/2012 3718/2066/2065
f 1081/2058/2057 1083/2065/2064 1088/2068/2067 1084/2069/2068
f 1084/2069/2068 1088/2068/2067 3717/2070/2069 3716/2071/2070
f 1083/2065/2064 3719/2067/2066 3720/2072/2071 1088/2068/2067
f 1088/2068/2067 3720/2072/2071 5399/2073/2072 3717/2070/2069
f 1081/2058/2057 1084/2069/2068 1089/2074/2073 1085/2059/2058
f 1085/2059/2058 1089/2074/2073 3711/2075/2074 3710/2062/2061
f 1084/2069/2068 3716/2071/2070 3715/2076/2075 1089/2074/2073
f 1089/2074/2073 3715/2076/2075 5395/2077/2076 3711/2075/2074
f 1090/2078/2077 1094/2079/2078 1095/2080/2079 1091/2081/2080
f 1091/2081/2080 1095/2080/2079 3715/2076/2075 3716/2071/2070
f 1094/2079/2078 3713/2082/2081 3712/2083/2082 1095/2080/2079
f 1095/2080/2079 3712/2083/2082 5395/2077/2076 3715/2076/2075
f 1090/2078/2077 1091/2081/2080 1096/2084/2083 1092/2085/2084
f 1092/2085/2084 1096/2084/2083 3724/2086/2085 3725/2087/2086
f 1091/2081/2080 3716/2071/2070 3717/2070/2069 1096/2084/2083
f 1096/2084/2083 3717/2070/2069 5399/2073/2072 3724/2086/2085
f 1090/2078/2077 1092/2085/2084 1097/2088/2087 1093/2089/2088
f 1093/2089/2088 1097/2088/2087 5032/1783/1782 5033/1778/1777
f 1092/2085/2084 3725/2087/2086 3726/2090/2089 1097/2088/2087
f 1097/2088/2087 3726/2090/2089 5598/1784/1783 5032/1783/1782
f 1090/2078/2077 1093/2089/2088 1098/2091/2090 1094/2079/2078
f 1094/2079/2078 1098/2091/2090 3714/2092/2091 3713/2082/2081
f 1093/2089/2088 5033/1778/1777 5034/1777/1776 1098/2091/2090
f 1098/2091/2090 5034/1777/1776 5599/1694/1694 3714/2092/2091
f 1099/2093/2092 1103/2094/2093 1104/2095/2094 1100/2096/2095
f 1100/2096/2095 1104/2095/2094 3694/2019/2018 3695/2018/2017
f 1103/2094/2093 3719/2067/2066 3718/2066/2065 1104/2095/2094
f 1104/2095/2094 3718/2066/2065 5394/2013/2012 3694/2019/2018
f 1099/2093/2092 1100/2096/2095 1105/2097/2096 1101/2098/2097
f 1101/2098/2097 1105/2097/2096 4855/2099/2098 4856/2100/2099
f 1100/2096/2095 3695/2018/2017 3696/2031/2030 1105/2097/2096
f 1105/2097/2096 3696/2031/2030 5554/2033/2032 4855/2099/2098
f 1099/2093/2092 1101/2098/2097 1106/2101/2100 1102/2102/2101
f 1102/2102/2101 1106/2101/2100 3723/2103/2102 3722/2104/2103
f 1101/2098/2097 4856/2100/2099 4857/2105/2104 1106/2101/2100
f 1106/2101/2100 4857/2105/2104 5555/2106/2105 3723/2103/2102
f 1099/2093/2092 1102/2102/2101 1107/2107/2106 1103/2094/2093
f 1103/2094/2093 1107/2107/2106 3720/2072/2071 3719/2067/2066
f 1102/2102/2101 3722/2104/2103 3721/2108/2107 1107/2107/2106
f 1107/2107/2106 3721/2108/2107 5399/2073/2072 3720/2072/2071
f 1108/2109/2108 1112/2110/2109 1113/2111/2110 1109/2112/2111
f 1109/2112/2111 1113/2111/2110 3721/2108/2107 3722/2104/2103
f 1112/2110/2109 3725/2087/2086 3724/2086/2085 1113/2111/2110
f 1113/2111/2110 3724/2086/2085 5399/2073/2072 3721/2108/2107
f 1108/2109/2108 1109/2112/2111 1114/2113/2112 1110/2114/2113
f 1110/2114/2113 1114/2113/2112 4858/2115/2114 4859/2116/2115
f 1109/2112/2111 3722/2104/2103 3723/2103/2102 1114/2113/2112
f 1114/2113/2112 3723/2103/2102 5555/2106/2105 4858/2115/2114
f 1108/2109/2108 1110/2114/2113 1115/2117/2116 1111/2118/2117
f 1111/2118/2117 1115/2117/2116 5029/1799/1798 5030/1794/1793
f 1110/2114/2113 4859/2116/2115 4860/2119/2118 1115/2117/2116
f 1115/2117/2116 4860/2119/2118 5681/1800/1799 5029/1799/1798
f 1108/2109/2108 1111/2118/2117 1116/2120/2119 1112/2110/2109
f 1112/2110/2109 1116/2120/2119 3726/2090/2089 3725/2087/2086
f 1111/2118/2117 5030/1794/1793 5031/1793/1792 1116/2120/2119
f 1116/2120/2119 5031/1793/1792 5598/1784/1783 3726/2090/2089
f 1117/2121/2120 1121/2122/2121 1122/2123/2122 1118/2124/2123
f 1118/2124/2123 1122/2123/2122 3709/2063/2062 3710/2062/2061
f 1121/2122/2121 3728/1927/1926 3727/1926/1925 1122/2123/2122
f 1122/2123/2122 3727/1926/1925 5392/1930/1929 3709/2063/2062
f 1117/2121/2120 1118/2124/2123 1123/2125/2124 1119/2126/2125
f 1119/2126/2125 1123/2125/2124 3736/2127/2126 3737/2128/2127
f 1118/2124/2123 3710/2062/2061 3711/2075/2074 1123/2125/2124
f 1123/2125/2124 3711/2075/2074 5395/2077/2076 3736/2127/2126
f 1117/2121/2120 1119/2126/2125 1124/2129/2128 1120/2130/2129
f 1120/2130/2129 1124/2129/2128 3735/2131/2130 3734/2132/2131
f 1119/2126/2125 3737/2128/2127 3738/2133/2132 1124/2129/2128
f 1124/2129/2128 3738/2133/2132 5400/2134/2133 3735/2131/2130
f 1117/2121/2120 1120/2130/2129 1125/2135/2134 1121/2122/2121
f 1121/2122/2121 1125/2135/2134 3729/1935/1934 3728/1927/1926
f 1120/2130/2129 3734/2132/2131 3733/2136/2135 1125/2135/2134
f 1125/2135/2134 3733/2136/2135 5396/1936/1935 3729/1935/1934
f 1126/2137/2136 1130/2138/2137 1131/2139/2138 1127/2140/2139
f 1127/2140/2139 1131/2139/2138 3733/2136/2135 3734/2132/2131
f 1130/2138/2137 3731/1967/1966 3730/1966/1965 1131/2139/2138
f 1131/2139/2138 3730/1966/1965 5396/1936/1935 3733/2136/2135
f 1126/2137/2136 1127/2140/2139 1132/2141/2140 1128/2142/2141
f 1128/2142/2141 1132/2141/2140 3742/2143/2142 3743/2144/2143
f 1127/2140/2139 3734/2132/2131 3735/2131/2130 1132/2141/2140
f 1132/2141/2140 3735/2131/2130 5400/2134/2133 3742/2143/2142
f 1126/2137/2136 1128/2142/2141 1133/2145/2144 1129/2146/2145
f 1129/2146/2145 1133/2145/2144 4761/2147/2146 4760/2148/2147
f 1128/2142/2141 3743/2144/2143 3744/2149/2148 1133/2145/2144
f 1133/2145/2144 3744/2149/2148 5531/2150/2149 4761/2147/2146
f 1126/2137/2136 1129/2146/2145 1134/2151/2150 1130/2138/2137
f 1130/2138/2137 1134/2151/2150 3732/1972/1971 3731/1967/1966
f 1129/2146/2145 4760/2148/2147 4759/2152/2151 1134/2151/2150
f 1134/2151/2150 4759/2152/2151 5530/1973/1972 3732/1972/1971
f 1135/2153/2152 1139/2154/2153 1140/2155/2154 1136/2156/2155
f 1136/2156/2155 1140/2155/2154 3712/2083/2082 3713/2082/2081
f 1139/2154/2153 3737/2128/2127 3736/2127/2126 1140/2155/2154
f 1140/2155/2154 3736/2127/2126 5395/2077/2076 3712/2083/2082
f 1135/2153/2152 1136/2156/2155 1141/2157/2156 1137/2158/2157
f 1137/2158/2157 1141/2157/2156 5035/1693/1693 5036/1688/1688
f 1136/2156/2155 3713/2082/2081 3714/2092/2091 1141/2157/2156
f 1141/2157/2156 3714/2092/2091 5599/1694/1694 5035/1693/1693
f 1135/2153/2152 1137/2158/2157 1142/2159/2158 1138/2160/2159
f 1138/2160/2159 1142/2159/2158 3741/2161/2160 3740/2162/2161
f 1137/2158/2157 5036/1688/1688 5037/1687/1687 1142/2159/2158
f 1142/2159/2158 5037/1687/1687 5600/1690/1690 3741/2161/2160
f 1135/2153/2152 1138/2160/2159 1143/2163/2162 1139/2154/2153
f 1139/2154/2153 1143/2163/2162 3738/2133/2132 3737/2128/2127
f 1138/2160/2159 3740/2162/2161 3739/2164/2163 1143/2163/2162
f 1143/2163/2162 3739/2164/2163 5400/2134/2133 3738/2133/2132
f 1144/2165/2164 1148/2166/2165 1149/2167/2166 1145/2168/2167
f 1145/2168/2167 1149/2167/2166 3739/2164/2163 3740/2162/2161
f 1148/2166/2165 3743/2144/2143 3742/2143/2142 1149/2167/2166
f 1149/2167/2166 3742/2143/2142 5400/2134/2133 3739/2164/2163
f 1144/2165/2164 1145/2168/2167 1150/2169/2168 1146/2170/2169
f 1146/2170/2169 1150/2169/2168 5038/1730/1730 5039/1726/1726
f 1145/2168/2167 3740/2162/2161 3741/2161/2160 1150/2169/2168
f 1150/2169/2168 3741/2161/2160 5600/1690/1690 5038/1730/1730
f 1144/2165/2164 1146/2170/2169 1151/2171/2170 1147/2172/2171
f 1147/2172/2171 1151/2171/2170 4764/2173/2172 4763/2174/2173
f 1146/2170/2169 5039/1726/1726 5040/1725/1725 1151/2171/2170
f 1151/2171/2170 5040/1725/1725 5673/1728/1728 4764/2173/2172
f 1144/2165/2164 1147/2172/2171 1152/2175/2174 1148/2166/2165
f 1148/2166/2165 1152/2175/2174 3744/2149/2148 3743/2144/2143
f 1147/2172/2171 4763/2174/2173 4762/2176/2175 1152/2175/2174
f 1152/2175/2174 4762/2176/2175 5531/2150/2149 3744/2149/2148
f 1153/2177/2176 1157/2178/2177 1158/2179/2178 1154/2180/2179
f 1154/2180/2179 1158/2179/2178 3799/2181/2180 3800/2182/2181
f 1157/2178/2177 3746/2183/2182 3745/2184/2183 1158/2179/2178
f 1158/2179/2178 3745/2184/2183 5401/2185/2184 3799/2181/2180
f 1153/2177/2176 1154/2180/2179 1159/2186/2185 1155/2187/2186
f 1155/2187/2186 1159/2186/2185 3754/2188/2187 3755/2189/2188
f 1154/2180/2179 3800/2182/2181 3801/2190/2189 1159/2186/2185
f 1159/2186/2185 3801/2190/2189 5405/2191/2190 3754/2188/2187
f 1153/2177/2176 1155/2187/2186 1160/2192/2191 1156/2193/2192
f 1156/2193/2192 1160/2192/2191 3753/2194/2193 3752/2195/2194
f 1155/2187/2186 3755/2189/2188 3756/2196/2195 1160/2192/2191
f 1160/2192/2191 3756/2196/2195 5406/2197/2196 3753/2194/2193
f 1153/2177/2176 1156/2193/2192 1161/2198/2197 1157/2178/2177
f 1157/2178/2177 1161/2198/2197 3747/2199/2198 3746/2183/2182
f 1156/2193/2192 3752/2195/2194 3751/2200/2199 1161/2198/2197
f 1161/2198/2197 3751/2200/2199 5402/2201/2200 3747/2199/2198
f 1162/2202/2201 1166/2203/2202 1167/2204/2203 1163/2205/2204
f 1163/2205/2204 1167/2204/2203 3751/2200/2199 3752/2195/2194
f 1166/2203/2202 3749/2206/2205 3748/2207/2206 1167/2204/2203
f 1167/2204/2203 3748/2207/2206 5402/2201/2200 3751/2200/2199
f 1162/2202/2201 1163/2205/2204 1168/2208/2207 1164/2209/2208
f 1164/2209/2208 1168/2208/2207 3760/2210/2209 3761/2211/2210
f 1163/2205/2204 3752/2195/2194 3753/2194/2193 1168/2208/2207
f 1168/2208/2207 3753/2194/2193 5406/2197/2196 3760/2210/2209
f 1162/2202/2201 1164/2209/2208 1169/2212/2211 1165/2213/2212
f 1165/2213/2212 1169/2212/2211 5157/2214/2213 5156/2215/2214
f 1164/2209/2208 3761/2211/2210 3762/2216/2215 1169/2212/2211
f 1169/2212/2211 3762/2216/2215 5630/2217/2216 5157/2214/2213
f 1162/2202/2201 1165/2213/2212 1170/2218/2217 1166/2203/2202
f 1166/2203/2202 1170/2218/2217 3750/2219/2218 3749/2206/2205
f 1165/2213/2212 5156/2215/2214 5155/2220/2219 1170/2218/2217
f 1170/2218/2217 5155/2220/2219 5629/2221/2220 3750/2219/2218
f 1171/2222/2221 1175/2223/2222 1176/2224/2223 1172/2225/2224
f 1172/2225/2224 1176/2224/2223 3802/2226/2225 3803/2227/2226
f 1175/2223/2222 3755/2189/2188 3754/2188/2187 1176/2224/2223
f 1176/2224/2223 3754/2188/2187 5405/2191/2190 3802/2226/2225
f 1171/2222/2221 1172/2225/2224 1177/2228/2227 1173/2229/2228
f 1173/2229/2228 1177/2228/2227 4914/961/961 4913/956/956
f 1172/2225/2224 3803/2227/2226 3804/2230/2229 1177/2228/2227
f 1177/2228/2227 3804/2230/2229 5569/962/962 4914/961/961
f 1171/2222/2221 1173/2229/2228 1178/2231/2230 1174/2232/2231
f 1174/2232/2231 1178/2231/2230 3759/2233/2232 3758/2234/2233
f 1173/2229/2228 4913/956/956 4912/955/955 1178/2231/2230
f 1178/2231/2230 4912/955/955 5568/958/958 3759/2233/2232
f 1171/2222/2221 1174/2232/2231 1179/2235/2234 1175/2223/2222
f 1175/2223/2222 1179/2235/2234 3756/2196/2195 3755/2189/2188
f 1174/2232/2231 3758/2234/2233 3757/2236/2235 1179/2235/2234
f 1179/2235/2234 3757/2236/2235 5406/2197/2196 3756/2196/2195
f 1180/2237/2236 1184/2238/2237 1185/2239/2238 1181/2240/2239
f 1181/2240/2239 1185/2239/2238 3757/2236/2235 3758/2234/2233
f 1184/2238/2237 3761/2211/2210 3760/2210/2209 1185/2239/2238
f 1185/2239/2238 3760/2210/2209 5406/2197/2196 3757/2236/2235
f 1180/2237/2236 1181/2240/2239 1186/2241/2240 1182/2242/2241
f 1182/2242/2241 1186/2241/2240 4911/986/986 4910/984/984
f 1181/2240/2239 3758/2234/2233 3759/2233/2232 1186/2241/2240
f 1186/2241/2240 3759/2233/2232 5568/958/958 4911/986/986
f 1180/2237/2236 1182/2242/2241 1187/2243/2242 1183/2244/2243
f 1183/2244/2243 1187/2243/2242 5160/2245/2244 5159/2246/2245
f 1182/2242/2241 4910/984/984 4909/983/983 1187/2243/2242
f 1187/2243/2242 4909/983/983 5687/512/512 5160/2245/2244
f 1180/2237/2236 1183/2244/2243 1188/2247/2246 1184/2238/2237
f 1184/2238/2237 1188/2247/2246 3762/2216/2215 3761/2211/2210
f 1183/2244/2243 5159/2246/2245 5158/2248/2247 1188/2247/2246
f 1188/2247/2246 5158/2248/2247 5630/2217/2216 3762/2216/2215
f 1189/2249/2248 1193/2250/2249 1194/2251/2250 1190/2252/2251
f 1190/2252/2251 1194/2251/2250 3745/2184/2183 3746/2183/2182
f 1193/2250/2249 3764/2253/2252 3763/2254/2253 1194/2251/2250
f 1194/2251/2250 3763/2254/2253 5401/2185/2184 3745/2184/2183
f 1189/2249/2248 1190/2252/2251 1195/2255/2254 1191/2256/2255
f 1191/2256/2255 1195/2255/2254 3772/2257/2256 3773/2258/2257
f 1190/2252/2251 3746/2183/2182 3747/2199/2198 1195/2255/2254
f 1195/2255/2254 3747/2199/2198 5402/2201/2200 3772/2257/2256
f 1189/2249/2248 1191/2256/2255 1196/2259/2258 1192/2260/2259
f 1192/2260/2259 1196/2259/2258 3771/2261/2260 3770/2262/2261
f 1191/2256/2255 3773/2258/2257 3774/2263/2262 1196/2259/2258
f 1196/2259/2258 3774/2263/2262 5407/2264/2263 3771/2261/2260
f 1189/2249/2248 1192/2260/2259 1197/2265/2264 1193/2250/2249
f 1193/2250/2249 1197/2265/2264 3765/2266/2265 3764/2253/2252
f 1192/2260/2259 3770/2262/2261 3769/2267/2266 1197/2265/2264
f 1197/2265/2264 3769/2267/2266 5403/2268/2267 3765/2266/2265
f 1198/2269/2268 1202/2270/2269 1203/2271/2270 1199/2272/2271
f 1199/2272/2271 1203/2271/2270 3769/2267/2266 3770/2262/2261
f 1202/2270/2269 3767/2273/2272 3766/2274/2273 1203/2271/2270
f 1203/2271/2270 3766/2274/2273 5403/2268/2267 3769/2267/2266
f 1198/2269/2268 1199/2272/2271 1204/2275/2274 1200/2276/2275
f 1200/2276/2275 1204/2275/2274 3778/2277/2276 3779/2278/2277
f 1199/2272/2271 3770/2262/2261 3771/2261/2260 1204/2275/2274
f 1204/2275/2274 3771/2261/2260 5407/2264/2263 3778/2277/2276
f 1198/2269/2268 1200/2276/2275 1205/2279/2278 1201/2280/2279
f 1201/2280/2279 1205/2279/2278 5104/2281/2280 5105/2282/2281
f 1200/2276/2275 3779/2278/2277 3780/2283/2282 1205/2279/2278
f 1205/2279/2278 3780/2283/2282 5616/2284/2283 5104/2281/2280
f 1198/2269/2268 1201/2280/2279 1206/2285/2284 1202/2270/2269
f 1202/2270/2269 1206/2285/2284 3768/2286/2285 3767/2273/2272
f 1201/2280/2279 5105/2282/2281 5106/2287/2286 1206/2285/2284
f 1206/2285/2284 5106/2287/2286 5617/2288/2287 3768/2286/2285
f 1207/2289/2288 1211/2290/2289 1212/2291/2290 1208/2292/2291
f 1208/2292/2291 1212/2291/2290 3748/2207/2206 3749/2206/2205
f 1211/2290/2289 3773/2258/2257 3772/2257/2256 1212/2291/2290
f 1212/2291/2290 3772/2257/2256 5402/2201/2200 3748/2207/2206
f 1207/2289/2288 1208/2292/2291 1213/2293/2292 1209/2294/2293
f 1209/2294/2293 1213/2293/2292 5154/2295/2294 5153/2296/2295
f 1208/2292/2291 3749/2206/2205 3750/2219/2218 1213/2293/2292
f 1213/2293/2292 3750/2219/2218 5629/2221/2220 5154/2295/2294
f 1207/2289/2288 1209/2294/2293 1214/2297/2296 1210/2298/2297
f 1210/2298/2297 1214/2297/2296 3777/2299/2298 3776/2300/2299
f 1209/2294/2293 5153/2296/2295 5152/2301/2300 1214/2297/2296
f 1214/2297/2296 5152/2301/2300 5628/2302/2301 3777/2299/2298
f 1207/2289/2288 1210/2298/2297 1215/2303/2302 1211/2290/2289
f 1211/2290/2289 1215/2303/2302 3774/2263/2262 3773/2258/2257
f 1210/2298/2297 3776/2300/2299 3775/2304/2303 1215/2303/2302
f 1215/2303/2302 3775/2304/2303 5407/2264/2263 3774/2263/2262
f 1216/2305/2304 1220/2306/2305 1221/2307/2306 1217/2308/2307
f 1217/2308/2307 1221/2307/2306 3775/2304/2303 3776/2300/2299
f 1220/2306/2305 3779/2278/2277 3778/2277/2276 1221/2307/2306
f 1221/2307/2306 3778/2277/2276 5407/2264/2263 3775/2304/2303
f 1216/2305/2304 1217/2308/2307 1222/2309/2308 1218/2310/2309
f 1218/2310/2309 1222/2309/2308 5151/2311/2310 5150/2312/2311
f 1217/2308/2307 3776/2300/2299 3777/2299/2298 1222/2309/2308
f 1222/2309/2308 3777/2299/2298 5628/2302/2301 5151/2311/2310
f 1216/2305/2304 1218/2310/2309 1223/2313/2312 1219/2314/2313
f 1219/2314/2313 1223/2313/2312 5101/2315/2314 5102/2316/2315
f 1218/2310/2309 5150/2312/2311 5149/2317/2316 1223/2313/2312
f 1223/2313/2312 5149/2317/2316 5695/2318/2317 5101/2315/2314
f 1216/2305/2304 1219/2314/2313 1224/2319/2318 1220/2306/2305
f 1220/2306/2305 1224/2319/2318 3780/2283/2282 3779/2278/2277
f 1219/2314/2313 5102/2316/2315 5103/2320/2319 1224/2319/2318
f 1224/2319/2318 5103/2320/2319 5616/2284/2283 3780/2283/2282
f 1225/2321/2320 1229/2322/2321 1230/2323/2322 1226/2324/2323
f 1226/2324/2323 1230/2323/2322 3763/2254/2253 3764/2253/2252
f 1229/2322/2321 3782/2325/2324 3781/2326/2325 1230/2323/2322
f 1230/2323/2322 3781/2326/2325 5401/2185/2184 3763/2254/2253
f 1225/2321/2320 1226/2324/2323 1231/2327/2326 1227/2328/2327
f 1227/2328/2327 1231/2327/2326 3790/2329/2328 3791/2330/2329
f 1226/2324/2323 3764/2253/2252 3765/2266/2265 1231/2327/2326
f 1231/2327/2326 3765/2266/2265 5403/2268/2267 3790/2329/2328
f 1225/2321/2320 1227/2328/2327 1232/2331/2330 1228/2332/2331
f 1228/2332/2331 1232/2331/2330 3789/2333/2332 3788/2334/2333
f 1227/2328/2327 3791/2330/2329 3792/2335/2334 1232/2331/2330
f 1232/2331/2330 3792/2335/2334 5408/2336/2335 3789/2333/2332
f 1225/2321/2320 1228/2332/2331 1233/2337/2336 1229/2322/2321
f 1229/2322/2321 1233/2337/2336 3783/2338/2337 3782/2325/2324
f 1228/2332/2331 3788/2334/2333 3787/2339/2338 1233/2337/2336
f 1233/2337/2336 3787/2339/2338 5404/2340/2339 3783/2338/2337
f 1234/2341/2340 1238/2342/2341 1239/2343/2342 1235/2344/2343
f 1235/2344/2343 1239/2343/2342 3787/2339/2338 3788/2334/2333
f 1238/2342/2341 3785/2345/2344 3784/2346/2345 1239/2343/2342
f 1239/2343/2342 3784/2346/2345 5404/2340/2339 3787/2339/2338
f 1234/2341/2340 1235/2344/2343 1240/2347/2346 1236/2348/2347
f 1236/2348/2347 1240/2347/2346 3796/2349/2348 3797/2350/2349
f 1235/2344/2343 3788/2334/2333 3789/2333/2332 1240/2347/2346
f 1240/2347/2346 3789/2333/2332 5408/2336/2335 3796/2349/2348
f 1234/2341/2340 1236/2348/2347 1241/2351/2350 1237/2352/2351
f 1237/2352/2351 1241/2351/2350 5145/2353/2352 5144/2354/2353
f 1236/2348/2347 3797/2350/2349 3798/2355/2354 1241/2351/2350
f 1241/2351/2350 3798/2355/2354 5627/2356/2355 5145/2353/2352
f 1234/2341/2340 1237/2352/2351 1242/2357/2356 1238/2342/2341
f 1238/2342/2341 1242/2357/2356 3786/2358/2357 3785/2345/2344
f 1237/2352/2351 5144/2354/2353 5143/2359/2358 1242/2357/2356
f 1242/2357/2356 5143/2359/2358 5626/2360/2359 3786/2358/2357
f 1243/2361/2360 1247/2362/2361 1248/2363/2362 1244/2364/2363
f 1244/2364/2363 1248/2363/2362 3766/2274/2273 3767/2273/2272
f 1247/2362/2361 3791/2330/2329 3790/2329/2328 1248/2363/2362
f 1248/2363/2362 3790/2329/2328 5403/2268/2267 3766/2274/2273
f 1243/2361/2360 1244/2364/2363 1249/2365/2364 1245/2366/2365
f 1245/2366/2365 1249/2365/2364 5107/2367/2366 5108/2368/2367
f 1244/2364/2363 3767/2273/2272 3768/2286/2285 1249/2365/2364
f 1249/2365/2364 3768/2286/2285 5617/2288/2287 5107/2367/2366
f 1243/2361/2360 1245/2366/2365 1250/2369/2368 1246/2370/2369
f 1246/2370/2369 1250/2369/2368 3795/2371/2370 3794/2372/2371
f 1245/2366/2365 5108/2368/2367 5109/2373/2372 1250/2369/2368
f 1250/2369/2368 5109/2373/2372 5618/2374/2373 3795/2371/2370
f 1243/2361/2360 1246/2370/2369 1251/2375/2374 1247/2362/2361
f 1247/2362/2361 1251/2375/2374 3792/2335/2334 3791/2330/2329
f 1246/2370/2369 3794/2372/2371 3793/2376/2375 1251/2375/2374
f 1251/2375/2374 3793/2376/2375 5408/2336/2335 3792/2335/2334
f 1252/2377/2376 1256/2378/2377 1257/2379/2378 1253/2380/2379
f 1253/2380/2379 1257/2379/2378 3793/2376/2375 3794/2372/2371
f 1256/2378/2377 3797/2350/2349 3796/2349/2348 1257/2379/2378
f 1257/2379/2378 3796/2349/2348 5408/2336/2335 3793/2376/2375
f 1252/2377/2376 1253/2380/2379 1258/2381/2380 1254/2382/2381
f 1254/2382/2381 1258/2381/2380 5110/2383/2382 5111/2384/2383
f 1253/2380/2379 3794/2372/2371 3795/2371/2370 1258/2381/2380
f 1258/2381/2380 3795/2371/2370 5618/2374/2373 5110/2383/2382
f 1252/2377/2376 1254/2382/2381 1259/2385/2384 1255/2386/2385
f 1255/2386/2385 1259/2385/2384 5148/2387/2386 5147/2388/2387
f 1254/2382/2381 5111/2384/2383 5112/2389/2388 1259/2385/2384
f 1259/2385/2384 5112/2389/2388 5694/2390/2389 5148/2387/2386
f 1252/2377/2376 1255/2386/2385 1260/2391/2390 1256/2378/2377
f 1256/2378/2377 1260/2391/2390 3798/2355/2354 3797/2350/2349
f 1255/2386/2385 5147/2388/2387 5146/2392/2391 1260/2391/2390
f 1260/2391/2390 5146/2392/2391 5627/2356/2355 3798/2355/2354
f 1261/2393/2392 1265/2394/2393 1266/2395/2394 1262/2396/2395
f 1262/2396/2395 1266/2395/2394 3781/2326/2325 3782/2325/2324
f 1265/2394/2393 3800/2182/2181 3799/2181/2180 1266/2395/2394
f 1266/2395/2394 3799/2181/2180 5401/2185/2184 3781/2326/2325
f 1261/2393/2392 1262/2396/2395 1267/2397/2396 1263/2398/2397
f 1263/2398/2397 1267/2397/2396 3808/2399/2398 3809/2400/2399
f 1262/2396/2395 3782/2325/2324 3783/2338/2337 1267/2397/2396
f 1267/2397/2396 3783/2338/2337 5404/2340/2339 3808/2399/2398
f 1261/2393/2392 1263/2398/2397 1268/2401/2400 1264/2402/2401
f 1264/2402/2401 1268/2401/2400 3807/2403/2402 3806/2404/2403
f 1263/2398/2397 3809/2400/2399 3810/2405/2404 1268/2401/2400
f 1268/2401/2400 3810/2405/2404 5409/2406/2405 3807/2403/2402
f 1261/2393/2392 1264/2402/2401 1269/2407/2406 1265/2394/2393
f 1265/2394/2393 1269/2407/2406 3801/2190/2189 3800/2182/2181
f 1264/2402/2401 3806/2404/2403 3805/2408/2407 1269/2407/2406
f 1269/2407/2406 3805/2408/2407 5405/2191/2190 3801/2190/2189
f 1270/2409/2408 1274/2410/2409 1275/2411/2410 1271/2412/2411
f 1271/2412/2411 1275/2411/2410 3805/2408/2407 3806/2404/2403
f 1274/2410/2409 3803/2227/2226 3802/2226/2225 1275/2411/2410
f 1275/2411/2410 3802/2226/2225 5405/2191/2190 3805/2408/2407
f 1270/2409/2408 1271/2412/2411 1276/2413/2412 1272/2414/2413
f 1272/2414/2413 1276/2413/2412 3814/2415/2414 3815/2416/2415
f 1271/2412/2411 3806/2404/2403 3807/2403/2402 1276/2413/2412
f 1276/2413/2412 3807/2403/2402 5409/2406/2405 3814/2415/2414
f 1270/2409/2408 1272/2414/2413 1277/2417/2416 1273/2418/2417
f 1273/2418/2417 1277/2417/2416 4917/1039/1039 4916/1034/1034
f 1272/2414/2413 3815/2416/2415 3816/2419/2418 1277/2417/2416
f 1277/2417/2416 3816/2419/2418 5570/1040/1040 4917/1039/1039
f 1270/2409/2408 1273/2418/2417 1278/2420/2419 1274/2410/2409
f 1274/2410/2409 1278/2420/2419 3804/2230/2229 3803/2227/2226
f 1273/2418/2417 4916/1034/1034 4915/1033/1033 1278/2420/2419
f 1278/2420/2419 4915/1033/1033 5569/962/962 3804/2230/2229
f 1279/2421/2420 1283/2422/2421 1284/2423/2422 1280/2424/2423
f 1280/2424/2423 1284/2423/2422 3784/2346/2345 3785/2345/2344
f 1283/2422/2421 3809/2400/2399 3808/2399/2398 1284/2423/2422
f 1284/2423/2422 3808/2399/2398 5404/2340/2339 3784/2346/2345
f 1279/2421/2420 1280/2424/2423 1285/2425/2424 1281/2426/2425
f 1281/2426/2425 1285/2425/2424 5142/2427/2426 5141/2428/2427
f 1280/2424/2423 3785/2345/2344 3786/2358/2357 1285/2425/2424
f 1285/2425/2424 3786/2358/2357 5626/2360/2359 5142/2427/2426
f 1279/2421/2420 1281/2426/2425 1286/2429/2428 1282/2430/2429
f 1282/2430/2429 1286/2429/2428 3813/2431/2430 3812/2432/2431
f 1281/2426/2425 5141/2428/2427 5140/2433/2432 1286/2429/2428
f 1286/2429/2428 5140/2433/2432 5625/2434/2433 3813/2431/2430
f 1279/2421/2420 1282/2430/2429 1287/2435/2434 1283/2422/2421
f 1283/2422/2421 1287/2435/2434 3810/2405/2404 3809/2400/2399
f 1282/2430/2429 3812/2432/2431 3811/2436/2435 1287/2435/2434
f 1287/2435/2434 3811/2436/2435 5409/2406/2405 3810/2405/2404
f 1288/2437/2436 1292/2438/2437 1293/2439/2438 1289/2440/2439
f 1289/2440/2439 1293/2439/2438 3811/2436/2435 3812/2432/2431
f 1292/2438/2437 3815/2416/2415 3814/2415/2414 1293/2439/2438
f 1293/2439/2438 3814/2415/2414 5409/2406/2405 3811/2436/2435
f 1288/2437/2436 1289/2440/2439 1294/2441/2440 1290/2442/2441
f 1290/2442/2441 1294/2441/2440 5139/2443/2442 5138/2444/2443
f 1289/2440/2439 3812/2432/2431 3813/2431/2430 1294/2441/2440
f 1294/2441/2440 3813/2431/2430 5625/2434/2433 5139/2443/2442
f 1288/2437/2436 1290/2442/2441 1295/2445/2444 1291/2446/2445
f 1291/2446/2445 1295/2445/2444 4920/1055/1055 4919/1050/1050
f 1290/2442/2441 5138/2444/2443 5137/2447/2446 1295/2445/2444
f 1295/2445/2444 5137/2447/2446 5686/1056/1056 4920/1055/1055
f 1288/2437/2436 1291/2446/2445 1296/2448/2447 1292/2438/2437
f 1292/2438/2437 1296/2448/2447 3816/2419/2418 3815/2416/2415
f 1291/2446/2445 4919/1050/1050 4918/1049/1049 1296/2448/2447
f 1296/2448/2447 4918/1049/1049 5570/1040/1040 3816/2419/2418
f 1297/2449/2448 1301/2450/2449 1302/2451/2450 1298/2452/2451
f 1298/2452/2451 1302/2451/2450 3871/2453/2452 3872/2454/2453
f 1301/2450/2449 3818/2455/2454 3817/2456/2455 1302/2451/2450
f 1302/2451/2450 3817/2456/2455 5410/2457/2456 3871/2453/2452
f 1297/2449/2448 1298/2452/2451 1303/2458/2457 1299/2459/2458
f 1299/2459/2458 1303/2458/2457 3826/2460/2459 3827/2461/2460
f 1298/2452/2451 3872/2454/2453 3873/2462/2461 1303/2458/2457
f 1303/2458/2457 3873/2462/2461 5414/2463/2462 3826/2460/2459
f 1297/2449/2448 1299/2459/2458 1304/2464/2463 1300/2465/2464
f 1300/2465/2464 1304/2464/2463 3825/2466/2465 3824/2467/2466
f 1299/2459/2458 3827/2461/2460 3828/2468/2467 1304/2464/2463
f 1304/2464/2463 3828/2468/2467 5415/2469/2468 3825/2466/2465
f 1297/2449/2448 1300/2465/2464 1305/2470/2469 1301/2450/2449
f 1301/2450/2449 1305/2470/2469 3819/2471/2470 3818/2455/2454
f 1300/2465/2464 3824/2467/2466 3823/2472/2471 1305/2470/2469
f 1305/2470/2469 3823/2472/2471 5411/2473/2472 3819/2471/2470
f 1306/2474/2473 1310/2475/2474 1311/2476/2475 1307/2477/2476
f 1307/2477/2476 1311/2476/2475 3823/2472/2471 3824/2467/2466
f 1310/2475/2474 3821/2478/2477 3820/2479/2478 1311/2476/2475
f 1311/2476/2475 3820/2479/2478 5411/2473/2472 3823/2472/2471
f 1306/2474/2473 1307/2477/2476 1312/2480/2479 1308/2481/2480
f 1308/2481/2480 1312/2480/2479 3832/2482/2481 3833/2483/2482
f 1307/2477/2476 3824/2467/2466 3825/2466/2465 1312/2480/2479
f 1312/2480/2479 3825/2466/2465 5415/2469/2468 3832/2482/2481
f 1306/2474/2473 1308/2481/2480 1313/2484/2483 1309/2485/2484
f 1309/2485/2484 1313/2484/2483 5181/2486/2485 5180/2487/2486
f 1308/2481/2480 3833/2483/2482 3834/2488/2487 1313/2484/2483
f 1313/2484/2483 3834/2488/2487 5636/2489/2488 5181/2486/2485
f 1306/2474/2473 1309/2485/2484 1314/2490/2489 1310/2475/2474
f 1310/2475/2474 1314/2490/2489 3822/2491/2490 3821/2478/2477
f 1309/2485/2484 5180/2487/2486 5179/2492/2491 1314/2490/2489
f 1314/2490/2489 5179/2492/2491 5635/2493/2492 3822/2491/2490
f 1315/2494/2493 1319/2495/2494 1320/2496/2495 1316/2497/2496
f 1316/2497/2496 1320/2496/2495 3874/2498/2497 3875/2499/2498
f 1319/2495/2494 3827/2461/2460 3826/2460/2459 1320/2496/2495
f 1320/2496/2495 3826/2460/2459 5414/2463/2462 3874/2498/2497
f 1315/2494/2493 1316/2497/2496 1321/2500/2499 1317/2501/2500
f 1317/2501/2500 1321/2500/2499 4866/1233/1233 4865/1228/1228
f 1316/2497/2496 3875/2499/2498 3876/2502/2501 1321/2500/2499
f 1321/2500/2499 3876/2502/2501 5557/1234/1234 4866/1233/1233
f 1315/2494/2493 1317/2501/2500 1322/2503/2502 1318/2504/2503
f 1318/2504/2503 1322/2503/2502 3831/2505/2504 3830/2506/2505
f 1317/2501/2500 4865/1228/1228 4864/1227/1227 1322/2503/2502
f 1322/2503/2502 4864/1227/1227 5556/1230/1230 3831/2505/2504
f 1315/2494/2493 1318/2504/2503 1323/2507/2506 1319/2495/2494
f 1319/2495/2494 1323/2507/2506 3828/2468/2467 3827/2461/2460
f 1318/2504/2503 3830/2506/2505 3829/2508/2507 1323/2507/2506
f 1323/2507/2506 3829/2508/2507 5415/2469/2468 3828/2468/2467
f 1324/2509/2508 1328/2510/2509 1329/2511/2510 1325/2512/2511
f 1325/2512/2511 1329/2511/2510 3829/2508/2507 3830/2506/2505
f 1328/2510/2509 3833/2483/2482 3832/2482/2481 1329/2511/2510
f 1329/2511/2510 3832/2482/2481 5415/2469/2468 3829/2508/2507
f 1324/2509/2508 1325/2512/2511 1330/2513/2512 1326/2514/2513
f 1326/2514/2513 1330/2513/2512 4863/1258/1258 4862/1256/1256
f 1325/2512/2511 3830/2506/2505 3831/2505/2504 1330/2513/2512
f 1330/2513/2512 3831/2505/2504 5556/1230/1230 4863/1258/1258
f 1324/2509/2508 1326/2514/2513 1331/2515/2514 1327/2516/2515
f 1327/2516/2515 1331/2515/2514 5184/2517/2516 5183/2518/2517
f 1326/2514/2513 4862/1256/1256 4861/1255/1255 1331/2515/2514
f 1331/2515/2514 4861/1255/1255 5683/784/784 5184/2517/2516
f 1324/2509/2508 1327/2516/2515 1332/2519/2518 1328/2510/2509
f 1328/2510/2509 1332/2519/2518 3834/2488/2487 3833/2483/2482
f 1327/2516/2515 5183/2518/2517 5182/2520/2519 1332/2519/2518
f 1332/2519/2518 5182/2520/2519 5636/2489/2488 3834/2488/2487
f 1333/2521/2520 1337/2522/2521 1338/2523/2522 1334/2524/2523
f 1334/2524/2523 1338/2523/2522 3817/2456/2455 3818/2455/2454
f 1337/2522/2521 3836/2525/2524 3835/2526/2525 1338/2523/2522
f 1338/2523/2522 3835/2526/2525 5410/2457/2456 3817/2456/2455
f 1333/2521/2520 1334/2524/2523 1339/2527/2526 1335/2528/2527
f 1335/2528/2527 1339/2527/2526 3844/2529/2528 3845/2530/2529
f 1334/2524/2523 3818/2455/2454 3819/2471/2470 1339/2527/2526
f 1339/2527/2526 3819/2471/2470 5411/2473/2472 3844/2529/2528
f 1333/2521/2520 1335/2528/2527 1340/2531/2530 1336/2532/2531
f 1336/2532/2531 1340/2531/2530 3843/2533/2532 3842/2534/2533
f 1335/2528/2527 3845/2530/2529 3846/2535/2534 1340/2531/2530
f 1340/2531/2530 3846/2535/2534 5416/2536/2535 3843/2533/2532
f 1333/2521/2520 1336/2532/2531 1341/2537/2536 1337/2522/2521
f 1337/2522/2521 1341/2537/2536 3837/2538/2537 3836/2525/2524
f 1336/2532/2531 3842/2534/2533 3841/2539/2538 1341/2537/2536
f 1341/2537/2536 3841/2539/2538 5412/2540/2539 3837/2538/2537
f 1342/2541/2540 1346/2542/2541 1347/2543/2542 1343/2544/2543
f 1343/2544/2543 1347/2543/2542 3841/2539/2538 3842/2534/2533
f 1346/2542/2541 3839/2545/2544 3838/2546/2545 1347/2543/2542
f 1347/2543/2542 3838/2546/2545 5412/2540/2539 3841/2539/2538
f 1342/2541/2540 1343/2544/2543 1348/2547/2546 1344/2548/2547
f 1344/2548/2547 1348/2547/2546 3850/2549/2548 3851/2550/2549
f 1343/2544/2543 3842/2534/2533 3843/2533/2532 1348/2547/2546
f 1348/2547/2546 3843/2533/2532 5416/2536/2535 3850/2549/2548
f 1342/2541/2540 1344/2548/2547 1349/2551/2550 1345/2552/2551
f 1345/2552/2551 1349/2551/2550 5056/2553/2552 5057/2554/2553
f 1344/2548/2547 3851/2550/2549 3852/2555/2554 1349/2551/2550
f 1349/2551/2550 3852/2555/2554 5604/2556/2555 5056/2553/2552
f 1342/2541/2540 1345/2552/2551 1350/2557/2556 1346/2542/2541
f 1346/2542/2541 1350/2557/2556 3840/2558/2557 3839/2545/2544
f 1345/2552/2551 5057/2554/2553 5058/2559/2558 1350/2557/2556
f 1350/2557/2556 5058/2559/2558 5605/2560/2559 3840/2558/2557
f 1351/2561/2560 1355/2562/2561 1356/2563/2562 1352/2564/2563
f 1352/2564/2563 1356/2563/2562 3820/2479/2478 3821/2478/2477
f 1355/2562/2561 3845/2530/2529 3844/2529/2528 1356/2563/2562
f 1356/2563/2562 3844/2529/2528 5411/2473/2472 3820/2479/2478
f 1351/2561/2560 1352/2564/2563 1357/2565/2564 1353/2566/2565
f 1353/2566/2565 1357/2565/2564 5178/2567/2566 5177/2568/2567
f 1352/2564/2563 3821/2478/2477 3822/2491/2490 1357/2565/2564
f 1357/2565/2564 3822/2491/2490 5635/2493/2492 5178/2567/2566
f 1351/2561/2560 1353/2566/2565 1358/2569/2568 1354/2570/2569
f 1354/2570/2569 1358/2569/2568 3849/2571/2570 3848/2572/2571
f 1353/2566/2565 5177/2568/2567 5176/2573/2572 1358/2569/2568
f 1358/2569/2568 5176/2573/2572 5634/2574/2573 3849/2571/2570
f 1351/2561/2560 1354/2570/2569 1359/2575/2574 1355/2562/2561
f 1355/2562/2561 1359/2575/2574 3846/2535/2534 3845/2530/2529
f 1354/2570/2569 3848/2572/2571 3847/2576/2575 1359/2575/2574
f 1359/2575/2574 3847/2576/2575 5416/2536/2535 3846/2535/2534
f 1360/2577/2576 1364/2578/2577 1365/2579/2578 1361/2580/2579
f 1361/2580/2579 1365/2579/2578 3847/2576/2575 3848/2572/2571
f 1364/2578/2577 3851/2550/2549 3850/2549/2548 1365/2579/2578
f 1365/2579/2578 3850/2549/2548 5416/2536/2535 3847/2576/2575
f 1360/2577/2576 1361/2580/2579 1366/2581/2580 1362/2582/2581
f 1362/2582/2581 1366/2581/2580 5175/2583/2582 5174/2584/2583
f 1361/2580/2579 3848/2572/2571 3849/2571/2570 1366/2581/2580
f 1366/2581/2580 3849/2571/2570 5634/2574/2573 5175/2583/2582
f 1360/2577/2576 1362/2582/2581 1367/2585/2584 1363/2586/2585
f 1363/2586/2585 1367/2585/2584 5053/2587/2586 5054/2588/2587
f 1362/2582/2581 5174/2584/2583 5173/2589/2588 1367/2585/2584
f 1367/2585/2584 5173/2589/2588 5691/2590/2589 5053/2587/2586
f 1360/2577/2576 1363/2586/2585 1368/2591/2590 1364/2578/2577
f 1364/2578/2577 1368/2591/2590 3852/2555/2554 3851/2550/2549
f 1363/2586/2585 5054/2588/2587 5055/2592/2591 1368/2591/2590
f 1368/2591/2590 5055/2592/2591 5604/2556/2555 3852/2555/2554
f 1369/2593/2592 1373/2594/2593 1374/2595/2594 1370/2596/2595
f 1370/2596/2595 1374/2595/2594 3835/2526/2525 3836/2525/2524
f 1373/2594/2593 3854/2597/2596 3853/2598/2597 1374/2595/2594
f 1374/2595/2594 3853/2598/2597 5410/2457/2456 3835/2526/2525
f 1369/2593/2592 1370/2596/2595 1375/2599/2598 1371/2600/2599
f 1371/2600/2599 1375/2599/2598 3862/2601/2600 3863/2602/2601
f 1370/2596/2595 3836/2525/2524 3837/2538/2537 1375/2599/2598
f 1375/2599/2598 3837/2538/2537 5412/2540/2539 3862/2601/2600
f 1369/2593/2592 1371/2600/2599 1376/2603/2602 1372/2604/2603
f 1372/2604/2603 1376/2603/2602 3861/2605/2604 3860/2606/2605
f 1371/2600/2599 3863/2602/2601 3864/2607/2606 1376/2603/2602
f 1376/2603/2602 3864/2607/2606 5417/2608/2607 3861/2605/2604
f 1369/2593/2592 1372/2604/2603 1377/2609/2608 1373/2594/2593
f 1373/2594/2593 1377/2609/2608 3855/2610/2609 3854/2597/2596
f 1372/2604/2603 3860/2606/2605 3859/2611/2610 1377/2609/2608
f 1377/2609/2608 3859/2611/2610 5413/2612/2611 3855/2610/2609
f 1378/2613/2612 1382/2614/2613 1383/2615/2614 1379/2616/2615
f 1379/2616/2615 1383/2615/2614 3859/2611/2610 3860/2606/2605
f 1382/2614/2613 3857/2617/2616 3856/2618/2617 1383/2615/2614
f 1383/2615/2614 3856/2618/2617 5413/2612/2611 3859/2611/2610
f 1378/2613/2612 1379/2616/2615 1384/2619/2618 1380/2620/2619
f 1380/2620/2619 1384/2619/2618 3868/2621/2620 3869/2622/2621
f 1379/2616/2615 3860/2606/2605 3861/2605/2604 1384/2619/2618
f 1384/2619/2618 3861/2605/2604 5417/2608/2607 3868/2621/2620
f 1378/2613/2612 1380/2620/2619 1385/2623/2622 1381/2624/2623
f 1381/2624/2623 1385/2623/2622 5169/2625/2624 5168/2626/2625
f 1380/2620/2619 3869/2622/2621 3870/2627/2626 1385/2623/2622
f 1385/2623/2622 3870/2627/2626 5633/2628/2627 5169/2625/2624
f 1378/2613/2612 1381/2624/2623 1386/2629/2628 1382/2614/2613
f 1382/2614/2613 1386/2629/2628 3858/2630/2629 3857/2617/2616
f 1381/2624/2623 5168/2626/2625 5167/2631/2630 1386/2629/2628
f 1386/2629/2628 5167/2631/2630 5632/2632/2631 3858/2630/2629
f 1387/2633/2632 1391/2634/2633 1392/2635/2634 1388/2636/2635
f 1388/2636/2635 1392/2635/2634 3838/2546/2545 3839/2545/2544
f 1391/2634/2633 3863/2602/2601 3862/2601/2600 1392/2635/2634
f 1392/2635/2634 3862/2601/2600 5412/2540/2539 3838/2546/2545
f 1387/2633/2632 1388/2636/2635 1393/2637/2636 1389/2638/2637
f 1389/2638/2637 1393/2637/2636 5059/2639/2638 5060/2640/2639
f 1388/2636/2635 3839/2545/2544 3840/2558/2557 1393/2637/2636
f 1393/2637/2636 3840/2558/2557 5605/2560/2559 5059/2639/2638
f 1387/2633/2632 1389/2638/2637 1394/2641/2640 1390/2642/2641
f 1390/2642/2641 1394/2641/2640 3867/2643/2642 3866/2644/2643
f 1389/2638/2637 5060/2640/2639 5061/2645/2644 1394/2641/2640
f 1394/2641/2640 5061/2645/2644 5606/2646/2645 3867/2643/2642
f 1387/2633/2632 1390/2642/2641 1395/2647/2646 1391/2634/2633
f 1391/2634/2633 1395/2647/2646 3864/2607/2606 3863/2602/2601
f 1390/2642/2641 3866/2644/2643 3865/2648/2647 1395/2647/2646
f 1395/2647/2646 3865/2648/2647 5417/2608/2607 3864/2607/2606
f 1396/2649/2648 1400/2650/2649 1401/2651/2650 1397/2652/2651
f 1397/2652/2651 1401/2651/2650 3865/2648/2647 3866/2644/2643
f 1400/2650/2649 3869/2622/2621 3868/2621/2620 1401/2651/2650
f 1401/2651/2650 3868/2621/2620 5417/2608/2607 3865/2648/2647
f 1396/2649/2648 1397/2652/2651 1402/2653/2652 1398/2654/2653
f 1398/2654/2653 1402/2653/2652 5062/2655/2654 5063/2656/2655
f 1397/2652/2651 3866/2644/2643 3867/2643/2642 1402/2653/2652
f 1402/2653/2652 3867/2643/2642 5606/2646/2645 5062/2655/2654
f 1396/2649/2648 1398/2654/2653 1403/2657/2656 1399/2658/2657
f 1399/2658/2657 1403/2657/2656 5172/2659/2658 5171/2660/2659
f 1398/2654/2653 5063/2656/2655 5064/2661/2660 1403/2657/2656
f 1403/2657/2656 5064/2661/2660 5690/2662/2661 5172/2659/2658
f 1396/2649/2648 1399/2658/2657 1404/2663/2662 1400/2650/2649
f 1400/2650/2649 1404/2663/2662 3870/2627/2626 3869/2622/2621
f 1399/2658/2657 5171/2660/2659 5170/2664/2663 1404/2663/2662
f 1404/2663/2662 5170/2664/2663 5633/2628/2627 3870/2627/2626
f 1405/2665/2664 1409/2666/2665 1410/2667/2666 1406/2668/2667
f 1406/2668/2667 1410/2667/2666 3853/2598/2597 3854/2597/2596
f 1409/2666/2665 3872/2454/2453 3871/2453/2452 1410/2667/2666
f 1410/2667/2666 3871/2453/2452 5410/2457/2456 3853/2598/2597
f 1405/2665/2664 1406/2668/2667 1411/2669/2668 1407/2670/2669
f 1407/2670/2669 1411/2669/2668 3880/2671/2670 3881/2672/2671
f 1406/2668/2667 3854/2597/2596 3855/2610/2609 1411/2669/2668
f 1411/2669/2668 3855/2610/2609 5413/2612/2611 3880/2671/2670
f 1405/2665/2664 1407/2670/2669 1412/2673/2672 1408/2674/2673
f 1408/2674/2673 1412/2673/2672 3879/2675/2674 3878/2676/2675
f 1407/2670/2669 3881/2672/2671 3882/2677/2676 1412/2673/2672
f 1412/2673/2672 3882/2677/2676 5418/2678/2677 3879/2675/2674
f 1405/2665/2664 1408/2674/2673 1413/2679/2678 1409/2666/2665
f 1409/2666/2665 1413/2679/2678 3873/2462/2461 3872/2454/2453
f 1408/2674/2673 3878/2676/2675 3877/2680/2679 1413/2679/2678
f 1413/2679/2678 3877/2680/2679 5414/2463/2462 3873/2462/2461
f 1414/2681/2680 1418/2682/2681 1419/2683/2682 1415/2684/2683
f 1415/2684/2683 1419/2683/2682 3877/2680/2679 3878/2676/2675
f 1418/2682/2681 3875/2499/2498 3874/2498/2497 1419/2683/2682
f 1419/2683/2682 3874/2498/2497 5414/2463/2462 3877/2680/2679
f 1414/2681/2680 1415/2684/2683 1420/2685/2684 1416/2686/2685
f 1416/2686/2685 1420/2685/2684 3886/2687/2686 3887/2688/2687
f 1415/2684/2683 3878/2676/2675 3879/2675/2674 1420/2685/2684
f 1420/2685/2684 3879/2675/2674 5418/2678/2677 3886/2687/2686
f 1414/2681/2680 1416/2686/2685 1421/2689/2688 1417/2690/2689
f 1417/2690/2689 1421/2689/2688 4869/1311/1311 4868/1306/1306
f 1416/2686/2685 3887/2688/2687 3888/2691/2690 1421/2689/2688
f 1421/2689/2688 3888/2691/2690 5558/1312/1312 4869/1311/1311
f 1414/2681/2680 1417/2690/2689 1422/2692/2691 1418/2682/2681
f 1418/2682/2681 1422/2692/2691 3876/2502/2501 3875/2499/2498
f 1417/2690/2689 4868/1306/1306 4867/1305/1305 1422/2692/2691
f 1422/2692/2691 4867/1305/1305 5557/1234/1234 3876/2502/2501
f 1423/2693/2692 1427/2694/2693 1428/2695/2694 1424/2696/2695
f 1424/2696/2695 1428/2695/2694 3856/2618/2617 3857/2617/2616
f 1427/2694/2693 3881/2672/2671 3880/2671/2670 1428/2695/2694
f 1428/2695/2694 3880/2671/2670 5413/2612/2611 3856/2618/2617
f 1423/2693/2692 1424/2696/2695 1429/2697/2696 1425/2698/2697
f 1425/2698/2697 1429/2697/2696 5166/2699/2698 5165/2700/2699
f 1424/2696/2695 3857/2617/2616 3858/2630/2629 1429/2697/2696
f 1429/2697/2696 3858/2630/2629 5632/2632/2631 5166/2699/2698
f 1423/2693/2692 1425/2698/2697 1430/2701/2700 1426/2702/2701
f 1426/2702/2701 1430/2701/2700 3885/2703/2702 3884/2704/2703
f 1425/2698/2697 5165/2700/2699 5164/2705/2704 1430/2701/2700
f 1430/2701/2700 5164/2705/2704 5631/2706/2705 3885/2703/2702
f 1423/2693/2692 1426/2702/2701 1431/2707/2706 1427/2694/2693
f 1427/2694/2693 1431/2707/2706 3882/2677/2676 3881/2672/2671
f 1426/2702/2701 3884/2704/2703 3883/2708/2707 1431/2707/2706
f 1431/2707/2706 3883/2708/2707 5418/2678/2677 3882/2677/2676
f 1432/2709/2708 1436/2710/2709 1437/2711/2710 1433/2712/2711
f 1433/2712/2711 1437/2711/2710 3883/2708/2707 3884/2704/2703
f 1436/2710/2709 3887/2688/2687 3886/2687/2686 1437/2711/2710
f 1437/2711/2710 3886/2687/2686 5418/2678/2677 3883/2708/2707
f 1432/2709/2708 1433/2712/2711 1438/2713/2712 1434/2714/2713
f 1434/2714/2713 1438/2713/2712 5163/2715/2714 5162/2716/2715
f 1433/2712/2711 3884/2704/2703 3885/2703/2702 1438/2713/2712
f 1438/2713/2712 3885/2703/2702 5631/2706/2705 5163/2715/2714
f 1432/2709/2708 1434/2714/2713 1439/2717/2716 1435/2718/2717
f 1435/2718/2717 1439/2717/2716 4872/1327/1327 4871/1322/1322
f 1434/2714/2713 5162/2716/2715 5161/2719/2718 1439/2717/2716
f 1439/2717/2716 5161/2719/2718 5682/1328/1328 4872/1327/1327
f 1432/2709/2708 1435/2718/2717 1440/2720/2719 1436/2710/2709
f 1436/2710/2709 1440/2720/2719 3888/2691/2690 3887/2688/2687
f 1435/2718/2717 4871/1322/1322 4870/1321/1321 1440/2720/2719
f 1440/2720/2719 4870/1321/1321 5558/1312/1312 3888/2691/2690
f 1441/2721/2720 1445/2722/2721 1446/2723/2722 1442/2724/2723
f 1442/2724/2723 1446/2723/2722 3943/2725/2724 3944/2726/2725
f 1445/2722/2721 3890/2727/2726 3889/2728/2727 1446/2723/2722
f 1446/2723/2722 3889/2728/2727 5419/2729/2728 3943/2725/2724
f 1441/2721/2720 1442/2724/2723 1447/2730/2729 1443/2731/2730
f 1443/2731/2730 1447/2730/2729 3898/2732/2731 3899/2733/2732
f 1442/2724/2723 3944/2726/2725 3945/2734/2733 1447/2730/2729
f 1447/2730/2729 3945/2734/2733 5423/2735/2734 3898/2732/2731
f 1441/2721/2720 1443/2731/2730 1448/2736/2735 1444/2737/2736
f 1444/2737/2736 1448/2736/2735 3897/2738/2737 3896/2739/2738
f 1443/2731/2730 3899/2733/2732 3900/2740/2739 1448/2736/2735
f 1448/2736/2735 3900/2740/2739 5424/2741/2740 3897/2738/2737
f 1441/2721/2720 1444/2737/2736 1449/2742/2741 1445/2722/2721
f 1445/2722/2721 1449/2742/2741 3891/2743/2742 3890/2727/2726
f 1444/2737/2736 3896/2739/2738 3895/2744/2743 1449/2742/2741
f 1449/2742/2741 3895/2744/2743 5420/2745/2744 3891/2743/2742
f 1450/2746/2745 1454/2747/2746 1455/2748/2747 1451/2749/2748
f 1451/2749/2748 1455/2748/2747 3895/2744/2743 3896/2739/2738
f 1454/2747/2746 3893/2750/2749 3892/2751/2750 1455/2748/2747
f 1455/2748/2747 3892/2751/2750 5420/2745/2744 3895/2744/2743
f 1450/2746/2745 1451/2749/2748 1456/2752/2751 1452/2753/2752
f 1452/2753/2752 1456/2752/2751 3904/2754/2753 3905/2755/2754
f 1451/2749/2748 3896/2739/2738 3897/2738/2737 1456/2752/2751
f 1456/2752/2751 3897/2738/2737 5424/2741/2740 3904/2754/2753
f 1450/2746/2745 1452/2753/2752 1457/2756/2755 1453/2757/2756
f 1453/2757/2756 1457/2756/2755 5140/2433/2432 5141/2428/2427
f 1452/2753/2752 3905/2755/2754 3906/2758/2757 1457/2756/2755
f 1457/2756/2755 3906/2758/2757 5625/2434/2433 5140/2433/2432
f 1450/2746/2745 1453/2757/2756 1458/2759/2758 1454/2747/2746
f 1454/2747/2746 1458/2759/2758 3894/2760/2759 3893/2750/2749
f 1453/2757/2756 5141/2428/2427 5142/2427/2426 1458/2759/2758
f 1458/2759/2758 5142/2427/2426 5626/2360/2359 3894/2760/2759
f 1459/2761/2760 1463/2762/2761 1464/2763/2762 1460/2764/2763
f 1460/2764/2763 1464/2763/2762 3946/2765/2764 3947/2766/2765
f 1463/2762/2761 3899/2733/2732 3898/2732/2731 1464/2763/2762
f 1464/2763/2762 3898/2732/2731 5423/2735/2734 3946/2765/2764
f 1459/2761/2760 1460/2764/2763 1465/2767/2766 1461/2768/2767
f 1461/2768/2767 1465/2767/2766 4902/1505/1505 4901/1500/1500
f 1460/2764/2763 3947/2766/2765 3948/2769/2768 1465/2767/2766
f 1465/2767/2766 3948/2769/2768 5566/1506/1506 4902/1505/1505
f 1459/2761/2760 1461/2768/2767 1466/2770/2769 1462/2771/2770
f 1462/2771/2770 1466/2770/2769 3903/2772/2771 3902/2773/2772
f 1461/2768/2767 4901/1500/1500 4900/1499/1499 1466/2770/2769
f 1466/2770/2769 4900/1499/1499 5565/1502/1502 3903/2772/2771
f 1459/2761/2760 1462/2771/2770 1467/2774/2773 1463/2762/2761
f 1463/2762/2761 1467/2774/2773 3900/2740/2739 3899/2733/2732
f 1462/2771/2770 3902/2773/2772 3901/2775/2774 1467/2774/2773
f 1467/2774/2773 3901/2775/2774 5424/2741/2740 3900/2740/2739
f 1468/2776/2775 1472/2777/2776 1473/2778/2777 1469/2779/2778
f 1469/2779/2778 1473/2778/2777 3901/2775/2774 3902/2773/2772
f 1472/2777/2776 3905/2755/2754 3904/2754/2753 1473/2778/2777
f 1473/2778/2777 3904/2754/2753 5424/2741/2740 3901/2775/2774
f 1468/2776/2775 1469/2779/2778 1474/2780/2779 1470/2781/2780
f 1470/2781/2780 1474/2780/2779 4899/1530/1530 4898/1528/1528
f 1469/2779/2778 3902/2773/2772 3903/2772/2771 1474/2780/2779
f 1474/2780/2779 3903/2772/2771 5565/1502/1502 4899/1530/1530
f 1468/2776/2775 1470/2781/2780 1475/2782/2781 1471/2783/2782
f 1471/2783/2782 1475/2782/2781 5137/2447/2446 5138/2444/2443
f 1470/2781/2780 4898/1528/1528 4897/1527/1527 1475/2782/2781
f 1475/2782/2781 4897/1527/1527 5686/1056/1056 5137/2447/2446
f 1468/2776/2775 1471/2783/2782 1476/2784/2783 1472/2777/2776
f 1472/2777/2776 1476/2784/2783 3906/2758/2757 3905/2755/2754
f 1471/2783/2782 5138/2444/2443 5139/2443/2442 1476/2784/2783
f 1476/2784/2783 5139/2443/2442 5625/2434/2433 3906/2758/2757
f 1477/2785/2784 1481/2786/2785 1482/2787/2786 1478/2788/2787
f 1478/2788/2787 1482/2787/2786 3889/2728/2727 3890/2727/2726
f 1481/2786/2785 3908/2789/2788 3907/2790/2789 1482/2787/2786
f 1482/2787/2786 3907/2790/2789 5419/2729/2728 3889/2728/2727
f 1477/2785/2784 1478/2788/2787 1483/2791/2790 1479/2792/2791
f 1479/2792/2791 1483/2791/2790 3916/2793/2792 3917/2794/2793
f 1478/2788/2787 3890/2727/2726 3891/2743/2742 1483/2791/2790
f 1483/2791/2790 3891/2743/2742 5420/2745/2744 3916/2793/2792
f 1477/2785/2784 1479/2792/2791 1484/2795/2794 1480/2796/2795
f 1480/2796/2795 1484/2795/2794 3915/2797/2796 3914/2798/2797
f 1479/2792/2791 3917/2794/2793 3918/2799/2798 1484/2795/2794
f 1484/2795/2794 3918/2799/2798 5425/2800/2799 3915/2797/2796
f 1477/2785/2784 1480/2796/2795 1485/2801/2800 1481/2786/2785
f 1481/2786/2785 1485/2801/2800 3909/2802/2801 3908/2789/2788
f 1480/2796/2795 3914/2798/2797 3913/2803/2802 1485/2801/2800
f 1485/2801/2800 3913/2803/2802 5421/2804/2803 3909/2802/2801
f 1486/2805/2804 1490/2806/2805 1491/2807/2806 1487/2808/2807
f 1487/2808/2807 1491/2807/2806 3913/2803/2802 3914/2798/2797
f 1490/2806/2805 3911/2809/2808 3910/2810/2809 1491/2807/2806
f 1491/2807/2806 3910/2810/2809 5421/2804/2803 3913/2803/2802
f 1486/2805/2804 1487/2808/2807 1492/2811/2810 1488/2812/2811
f 1488/2812/2811 1492/2811/2810 3922/2813/2812 3923/2814/2813
f 1487/2808/2807 3914/2798/2797 3915/2797/2796 1492/2811/2810
f 1492/2811/2810 3915/2797/2796 5425/2800/2799 3922/2813/2812
f 1486/2805/2804 1488/2812/2811 1493/2815/2814 1489/2816/2815
f 1489/2816/2815 1493/2815/2814 5092/2817/2816 5093/2818/2817
f 1488/2812/2811 3923/2814/2813 3924/2819/2818 1493/2815/2814
f 1493/2815/2814 3924/2819/2818 5613/2820/2819 5092/2817/2816
f 1486/2805/2804 1489/2816/2815 1494/2821/2820 1490/2806/2805
f 1490/2806/2805 1494/2821/2820 3912/2822/2821 3911/2809/2808
f 1489/2816/2815 5093/2818/2817 5094/2823/2822 1494/2821/2820
f 1494/2821/2820 5094/2823/2822 5614/2824/2823 3912/2822/2821
f 1495/2825/2824 1499/2826/2825 1500/2827/2826 1496/2828/2827
f 1496/2828/2827 1500/2827/2826 3892/2751/2750 3893/2750/2749
f 1499/2826/2825 3917/2794/2793 3916/2793/2792 1500/2827/2826
f 1500/2827/2826 3916/2793/2792 5420/2745/2744 3892/2751/2750
f 1495/2825/2824 1496/2828/2827 1501/2829/2828 1497/2830/2829
f 1497/2830/2829 1501/2829/2828 5143/2359/2358 5144/2354/2353
f 1496/2828/2827 3893/2750/2749 3894/2760/2759 1501/2829/2828
f 1501/2829/2828 3894/2760/2759 5626/2360/2359 5143/2359/2358
f 1495/2825/2824 1497/2830/2829 1502/2831/2830 1498/2832/2831
f 1498/2832/2831 1502/2831/2830 3921/2833/2832 3920/2834/2833
f 1497/2830/2829 5144/2354/2353 5145/2353/2352 1502/2831/2830
f 1502/2831/2830 5145/2353/2352 5627/2356/2355 3921/2833/2832
f 1495/2825/2824 1498/2832/2831 1503/2835/2834 1499/2826/2825
f 1499/2826/2825 1503/2835/2834 3918/2799/2798 3917/2794/2793
f 1498/2832/2831 3920/2834/2833 3919/2836/2835 1503/2835/2834
f 1503/2835/2834 3919/2836/2835 5425/2800/2799 3918/2799/2798
f 1504/2837/2836 1508/2838/2837 1509/2839/2838 1505/2840/2839
f 1505/2840/2839 1509/2839/2838 3919/2836/2835 3920/2834/2833
f 1508/2838/2837 3923/2814/2813 3922/2813/2812 1509/2839/2838
f 1509/2839/2838 3922/2813/2812 5425/2800/2799 3919/2836/2835
f 1504/2837/2836 1505/2840/2839 1510/2841/2840 1506/2842/2841
f 1506/2842/2841 1510/2841/2840 5146/2392/2391 5147/2388/2387
f 1505/2840/2839 3920/2834/2833 3921/2833/2832 1510/2841/2840
f 1510/2841/2840 3921/2833/2832 5627/2356/2355 5146/2392/2391
f 1504/2837/2836 1506/2842/2841 1511/2843/2842 1507/2844/2843
f 1507/2844/2843 1511/2843/2842 5089/2845/2844 5090/2846/2845
f 1506/2842/2841 5147/2388/2387 5148/2387/2386 1511/2843/2842
f 1511/2843/2842 5148/2387/2386 5694/2390/2389 5089/2845/2844
f 1504/2837/2836 1507/2844/2843 1512/2847/2846 1508/2838/2837
f 1508/2838/2837 1512/2847/2846 3924/2819/2818 3923/2814/2813
f 1507/2844/2843 5090/2846/2845 5091/2848/2847 1512/2847/2846
f 1512/2847/2846 5091/2848/2847 5613/2820/2819 3924/2819/2818
f 1513/2849/2848 1517/2850/2849 1518/2851/2850 1514/2852/2851
f 1514/2852/2851 1518/2851/2850 3907/2790/2789 3908/2789/2788
f 1517/2850/2849 3926/2853/2852 3925/2854/2853 1518/2851/2850
f 1518/2851/2850 3925/2854/2853 5419/2729/2728 3907/2790/2789
f 1513/2849/2848 1514/2852/2851 1519/2855/2854 1515/2856/2855
f 1515/2856/2855 1519/2855/2854 3934/2857/2856 3935/2858/2857
f 1514/2852/2851 3908/2789/2788 3909/2802/2801 1519/2855/2854
f 1519/2855/2854 3909/2802/2801 5421/2804/2803 3934/2857/2856
f 1513/2849/2848 1515/2856/2855 1520/2859/2858 1516/2860/2859
f 1516/2860/2859 1520/2859/2858 3933/2861/2860 3932/2862/2861
f 1515/2856/2855 3935/2858/2857 3936/2863/2862 1520/2859/2858
f 1520/2859/2858 3936/2863/2862 5426/2864/2863 3933/2861/2860
f 1513/2849/2848 1516/2860/2859 1521/2865/2864 1517/2850/2849
f 1517/2850/2849 1521/2865/2864 3927/2866/2865 3926/2853/2852
f 1516/2860/2859 3932/2862/2861 3931/2867/2866 1521/2865/2864
f 1521/2865/2864 3931/2867/2866 5422/2868/2867 3927/2866/2865
f 1522/2869/2868 1526/2870/2869 1527/2871/2870 1523/2872/2871
f 1523/2872/2871 1527/2871/2870 3931/2867/2866 3932/2862/2861
f 1526/2870/2869 3929/2873/2872 3928/2874/2873 1527/2871/2870
f 1527/2871/2870 3928/2874/2873 5422/2868/2867 3931/2867/2866
f 1522/2869/2868 1523/2872/2871 1528/2875/2874 1524/2876/2875
f 1524/2876/2875 1528/2875/2874 3940/2877/2876 3941/2878/2877
f 1523/2872/2871 3932/2862/2861 3933/2861/2860 1528/2875/2874
f 1528/2875/2874 3933/2861/2860 5426/2864/2863 3940/2877/2876
f 1522/2869/2868 1524/2876/2875 1529/2879/2878 1525/2880/2879
f 1525/2880/2879 1529/2879/2878 5193/2881/2880 5192/2882/2881
f 1524/2876/2875 3941/2878/2877 3942/2883/2882 1529/2879/2878
f 1529/2879/2878 3942/2883/2882 5639/2884/2883 5193/2881/2880
f 1522/2869/2868 1525/2880/2879 1530/2885/2884 1526/2870/2869
f 1526/2870/2869 1530/2885/2884 3930/2886/2885 3929/2873/2872
f 1525/2880/2879 5192/2882/2881 5191/2887/2886 1530/2885/2884
f 1530/2885/2884 5191/2887/2886 5638/2888/2887 3930/2886/2885
f 1531/2889/2888 1535/2890/2889 1536/2891/2890 1532/2892/2891
f 1532/2892/2891 1536/2891/2890 3910/2810/2809 3911/2809/2808
f 1535/2890/2889 3935/2858/2857 3934/2857/2856 1536/2891/2890
f 1536/2891/2890 3934/2857/2856 5421/2804/2803 3910/2810/2809
f 1531/2889/2888 1532/2892/2891 1537/2893/2892 1533/2894/2893
f 1533/2894/2893 1537/2893/2892 5095/2895/2894 5096/2896/2895
f 1532/2892/2891 3911/2809/2808 3912/2822/2821 1537/2893/2892
f 1537/2893/2892 3912/2822/2821 5614/2824/2823 5095/2895/2894
f 1531/2889/2888 1533/2894/2893 1538/2897/2896 1534/2898/2897
f 1534/2898/2897 1538/2897/2896 3939/2899/2898 3938/2900/2899
f 1533/2894/2893 5096/2896/2895 5097/2901/2900 1538/2897/2896
f 1538/2897/2896 5097/2901/2900 5615/2902/2901 3939/2899/2898
f 1531/2889/2888 1534/2898/2897 1539/2903/2902 1535/2890/2889
f 1535/2890/2889 1539/2903/2902 3936/2863/2862 3935/2858/2857
f 1534/2898/2897 3938/2900/2899 3937/2904/2903 1539/2903/2902
f 1539/2903/2902 3937/2904/2903 5426/2864/2863 3936/2863/2862
f 1540/2905/2904 1544/2906/2905 1545/2907/2906 1541/2908/2907
f 1541/2908/2907 1545/2907/2906 3937/2904/2903 3938/2900/2899
f 1544/2906/2905 3941/2878/2877 3940/2877/2876 1545/2907/2906
f 1545/2907/2906 3940/2877/2876 5426/2864/2863 3937/2904/2903
f 1540/2905/2904 1541/2908/2907 1546/2909/2908 1542/2910/2909
f 1542/2910/2909 1546/2909/2908 5098/2911/2910 5099/2912/2911
f 1541/2908/2907 3938/2900/2899 3939/2899/2898 1546/2909/2908
f 1546/2909/2908 3939/2899/2898 5615/2902/2901 5098/2911/2910
f 1540/2905/2904 1542/2910/2909 1547/2913/2912 1543/2914/2913
f 1543/2914/2913 1547/2913/2912 5196/2915/2914 5195/2916/2915
f 1542/2910/2909 5099/2912/2911 5100/2917/2916 1547/2913/2912
f 1547/2913/2912 5100/2917/2916 5693/2918/2917 5196/2915/2914
f 1540/2905/2904 1543/2914/2913 1548/2919/2918 1544/2906/2905
f 1544/2906/2905 1548/2919/2918 3942/2883/2882 3941/2878/2877
f 1543/2914/2913 5195/2916/2915 5194/2920/2919 1548/2919/2918
f 1548/2919/2918 5194/2920/2919 5639/2884/2883 3942/2883/2882
f 1549/2921/2920 1553/2922/2921 1554/2923/2922 1550/2924/2923
f 1550/2924/2923 1554/2923/2922 3925/2854/2853 3926/2853/2852
f 1553/2922/2921 3944/2726/2725 3943/2725/2724 1554/2923/2922
f 1554/2923/2922 3943/2725/2724 5419/2729/2728 3925/2854/2853
f 1549/2921/2920 1550/2924/2923 1555/2925/2924 1551/2926/2925
f 1551/2926/2925 1555/2925/2924 3952/2927/2926 3953/2928/2927
f 1550/2924/2923 3926/2853/2852 3927/2866/2865 1555/2925/2924
f 1555/2925/2924 3927/2866/2865 5422/2868/2867 3952/2927/2926
f 1549/2921/2920 1551/2926/2925 1556/2929/2928 1552/2930/2929
f 1552/2930/2929 1556/2929/2928 3951/2931/2930 3950/2932/2931
f 1551/2926/2925 3953/2928/2927 3954/2933/2932 1556/2929/2928
f 1556/2929/2928 3954/2933/2932 5427/2934/2933 3951/2931/2930
f 1549/2921/2920 1552/2930/2929 1557/2935/2934 1553/2922/2921
f 1553/2922/2921 1557/2935/2934 3945/2734/2733 3944/2726/2725
f 1552/2930/2929 3950/2932/2931 3949/2936/2935 1557/2935/2934
f 1557/2935/2934 3949/2936/2935 5423/2735/2734 3945/2734/2733
f 1558/2937/2936 1562/2938/2937 1563/2939/2938 1559/2940/2939
f 1559/2940/2939 1563/2939/2938 3949/2936/2935 3950/2932/2931
f 1562/2938/2937 3947/2766/2765 3946/2765/2764 1563/2939/2938
f 1563/2939/2938 3946/2765/2764 5423/2735/2734 3949/2936/2935
f 1558/2937/2936 1559/2940/2939 1564/2941/2940 1560/2942/2941
f 1560/2942/2941 1564/2941/2940 3958/2943/2942 3959/2944/2943
f 1559/2940/2939 3950/2932/2931 3951/2931/2930 1564/2941/2940
f 1564/2941/2940 3951/2931/2930 5427/2934/2933 3958/2943/2942
f 1558/2937/2936 1560/2942/2941 1565/2945/2944 1561/2946/2945
f 1561/2946/2945 1565/2945/2944 4905/1578/1578 4904/1573/1573
f 1560/2942/2941 3959/2944/2943 3960/2947/2946 1565/2945/2944
f 1565/2945/2944 3960/2947/2946 5567/1579/1579 4905/1578/1578
f 1558/2937/2936 1561/2946/2945 1566/2948/2947 1562/2938/2937
f 1562/2938/2937 1566/2948/2947 3948/2769/2768 3947/2766/2765
f 1561/2946/2945 4904/1573/1573 4903/1572/1572 1566/2948/2947
f 1566/2948/2947 4903/1572/1572 5566/1506/1506 3948/2769/2768
f 1567/2949/2948 1571/2950/2949 1572/2951/2950 1568/2952/2951
f 1568/2952/2951 1572/2951/2950 3928/2874/2873 3929/2873/2872
f 1571/2950/2949 3953/2928/2927 3952/2927/2926 1572/2951/2950
f 1572/2951/2950 3952/2927/2926 5422/2868/2867 3928/2874/2873
f 1567/2949/2948 1568/2952/2951 1573/2953/2952 1569/2954/2953
f 1569/2954/2953 1573/2953/2952 5190/2955/2954 5189/2956/2955
f 1568/2952/2951 3929/2873/2872 3930/2886/2885 1573/2953/2952
f 1573/2953/2952 3930/2886/2885 5638/2888/2887 5190/2955/2954
f 1567/2949/2948 1569/2954/2953 1574/2957/2956 1570/2958/2957
f 1570/2958/2957 1574/2957/2956 3957/2959/2958 3956/2960/2959
f 1569/2954/2953 5189/2956/2955 5188/2961/2960 1574/2957/2956
f 1574/2957/2956 5188/2961/2960 5637/2962/2961 3957/2959/2958
f 1567/2949/2948 1570/2958/2957 1575/2963/2962 1571/2950/2949
f 1571/2950/2949 1575/2963/2962 3954/2933/2932 3953/2928/2927
f 1570/2958/2957 3956/2960/2959 3955/2964/2963 1575/2963/2962
f 1575/2963/2962 3955/2964/2963 5427/2934/2933 3954/2933/2932
f 1576/2965/2964 1580/2966/2965 1581/2967/2966 1577/2968/2967
f 1577/2968/2967 1581/2967/2966 3955/2964/2963 3956/2960/2959
f 1580/2966/2965 3959/2944/2943 3958/2943/2942 1581/2967/2966
f 1581/2967/2966 3958/2943/2942 5427/2934/2933 3955/2964/2963
f 1576/2965/2964 1577/2968/2967 1582/2969/2968 1578/2970/2969
f 1578/2970/2969 1582/2969/2968 5187/2971/2970 5186/2972/2971
f 1577/2968/2967 3956/2960/2959 3957/2959/2958 1582/2969/2968
f 1582/2969/2968 3957/2959/2958 5637/2962/2961 5187/2971/2970
f 1576/2965/2964 1578/2970/2969 1583/2973/2972 1579/2974/2973
f 1579/2974/2973 1583/2973/2972 4908/1592/1592 4907/1589/1589
f 1578/2970/2969 5186/2972/2971 5185/2975/2974 1583/2973/2972
f 1583/2973/2972 5185/2975/2974 5685/151/151 4908/1592/1592
f 1576/2965/2964 1579/2974/2973 1584/2976/2975 1580/2966/2965
f 1580/2966/2965 1584/2976/2975 3960/2947/2946 3959/2944/2943
f 1579/2974/2973 4907/1589/1589 4906/1588/1588 1584/2976/2975
f 1584/2976/2975 4906/1588/1588 5567/1579/1579 3960/2947/2946
f 1585/2977/2976 1589/2978/2977 1590/2979/2978 1586/2980/2979
f 1586/2980/2979 1590/2979/2978 4015/2981/2980 4016/2982/2981
f 1589/2978/2977 3962/2983/2982 3961/2984/2983 1590/2979/2978
f 1590/2979/2978 3961/2984/2983 5428/2985/2984 4015/2981/2980
f 1585/2977/2976 1586/2980/2979 1591/2986/2985 1587/2987/2986
f 1587/2987/2986 1591/2986/2985 3970/2988/2987 3971/2989/2988
f 1586/2980/2979 4016/2982/2981 4017/2990/2989 1591/2986/2985
f 1591/2986/2985 4017/2990/2989 5432/2991/2990 3970/2988/2987
f 1585/2977/2976 1587/2987/2986 1592/2992/2991 1588/2993/2992
f 1588/2993/2992 1592/2992/2991 3969/2994/2993 3968/2995/2994
f 1587/2987/2986 3971/2989/2988 3972/2996/2995 1592/2992/2991
f 1592/2992/2991 3972/2996/2995 5433/2997/2996 3969/2994/2993
f 1585/2977/2976 1588/2993/2992 1593/2998/2997 1589/2978/2977
f 1589/2978/2977 1593/2998/2997 3963/2999/2998 3962/2983/2982
f 1588/2993/2992 3968/2995/2994 3967/3000/2999 1593/2998/2997
f 1593/2998/2997 3967/3000/2999 5429/3001/3000 3963/2999/2998
f 1594/3002/3001 1598/3003/3002 1599/3004/3003 1595/3005/3004
f 1595/3005/3004 1599/3004/3003 3967/3000/2999 3968/2995/2994
f 1598/3003/3002 3965/3006/3005 3964/3007/3006 1599/3004/3003
f 1599/3004/3003 3964/3007/3006 5429/3001/3000 3967/3000/2999
f 1594/3002/3001 1595/3005/3004 1600/3008/3007 1596/3009/3008
f 1596/3009/3008 1600/3008/3007 3976/3010/3009 3977/3011/3010
f 1595/3005/3004 3968/2995/2994 3969/2994/2993 1600/3008/3007
f 1600/3008/3007 3969/2994/2993 5433/2997/2996 3976/3010/3009
f 1594/3002/3001 1596/3009/3008 1601/3012/3011 1597/3013/3012
f 1597/3013/3012 1601/3012/3011 5217/3014/3013 5216/3015/3014
f 1596/3009/3008 3977/3011/3010 3978/3016/3015 1601/3012/3011
f 1601/3012/3011 3978/3016/3015 5645/3017/3016 5217/3014/3013
f 1594/3002/3001 1597/3013/3012 1602/3018/3017 1598/3003/3002
f 1598/3003/3002 1602/3018/3017 3966/3019/3018 3965/3006/3005
f 1597/3013/3012 5216/3015/3014 5215/3020/3019 1602/3018/3017
f 1602/3018/3017 5215/3020/3019 5644/3021/3020 3966/3019/3018
f 1603/3022/3021 1607/3023/3022 1608/3024/3023 1604/3025/3024
f 1604/3025/3024 1608/3024/3023 4018/3026/3025 4019/3027/3026
f 1607/3023/3022 3971/2989/2988 3970/2988/2987 1608/3024/3023
f 1608/3024/3023 3970/2988/2987 5432/2991/2990 4018/3026/3025
f 1603/3022/3021 1604/3025/3024 1609/3028/3027 1605/3029/3028
f 1605/3029/3028 1609/3028/3027 4938/1769/1768 4937/1764/1763
f 1604/3025/3024 4019/3027/3026 4020/3030/3029 1609/3028/3027
f 1609/3028/3027 4020/3030/3029 5575/1770/1769 4938/1769/1768
f 1603/3022/3021 1605/3029/3028 1610/3031/3030 1606/3032/3031
f 1606/3032/3031 1610/3031/3030 3975/3033/3032 3974/3034/3033
f 1605/3029/3028 4937/1764/1763 4936/1763/1762 1610/3031/3030
f 1610/3031/3030 4936/1763/1762 5574/1766/1765 3975/3033/3032
f 1603/3022/3021 1606/3032/3031 1611/3035/3034 1607/3023/3022
f 1607/3023/3022 1611/3035/3034 3972/2996/2995 3971/2989/2988
f 1606/3032/3031 3974/3034/3033 3973/3036/3035 1611/3035/3034
f 1611/3035/3034 3973/3036/3035 5433/2997/2996 3972/2996/2995
f 1612/3037/3036 1616/3038/3037 1617/3039/3038 1613/3040/3039
f 1613/3040/3039 1617/3039/3038 3973/3036/3035 3974/3034/3033
f 1616/3038/3037 3977/3011/3010 3976/3010/3009 1617/3039/3038
f 1617/3039/3038 3976/3010/3009 5433/2997/2996 3973/3036/3035
f 1612/3037/3036 1613/3040/3039 1618/3041/3040 1614/3042/3041
f 1614/3042/3041 1618/3041/3040 4935/1802/1801 4934/1798/1797
f 1613/3040/3039 3974/3034/3033 3975/3033/3032 1618/3041/3040
f 1618/3041/3040 3975/3033/3032 5574/1766/1765 4935/1802/1801
f 1612/3037/3036 1614/3042/3041 1619/3043/3042 1615/3044/3043
f 1615/3044/3043 1619/3043/3042 5220/3045/3044 5219/3046/3045
f 1614/3042/3041 4934/1798/1797 4933/1797/1796 1619/3043/3042
f 1619/3043/3042 4933/1797/1796 5681/1800/1799 5220/3045/3044
f 1612/3037/3036 1615/3044/3043 1620/3047/3046 1616/3038/3037
f 1616/3038/3037 1620/3047/3046 3978/3016/3015 3977/3011/3010
f 1615/3044/3043 5219/3046/3045 5218/3048/3047 1620/3047/3046
f 1620/3047/3046 5218/3048/3047 5645/3017/3016 3978/3016/3015
f 1621/3049/3048 1625/3050/3049 1626/3051/3050 1622/3052/3051
f 1622/3052/3051 1626/3051/3050 3961/2984/2983 3962/2983/2982
f 1625/3050/3049 3980/3053/3052 3979/3054/3053 1626/3051/3050
f 1626/3051/3050 3979/3054/3053 5428/2985/2984 3961/2984/2983
f 1621/3049/3048 1622/3052/3051 1627/3055/3054 1623/3056/3055
f 1623/3056/3055 1627/3055/3054 3988/3057/3056 3989/3058/3057
f 1622/3052/3051 3962/2983/2982 3963/2999/2998 1627/3055/3054
f 1627/3055/3054 3963/2999/2998 5429/3001/3000 3988/3057/3056
f 1621/3049/3048 1623/3056/3055 1628/3059/3058 1624/3060/3059
f 1624/3060/3059 1628/3059/3058 3987/3061/3060 3986/3062/3061
f 1623/3056/3055 3989/3058/3057 3990/3063/3062 1628/3059/3058
f 1628/3059/3058 3990/3063/3062 5434/3064/3063 3987/3061/3060
f 1621/3049/3048 1624/3060/3059 1629/3065/3064 1625/3050/3049
f 1625/3050/3049 1629/3065/3064 3981/3066/3065 3980/3053/3052
f 1624/3060/3059 3986/3062/3061 3985/3067/3066 1629/3065/3064
f 1629/3065/3064 3985/3067/3066 5430/3068/3067 3981/3066/3065
f 1630/3069/3068 1634/3070/3069 1635/3071/3070 1631/3072/3071
f 1631/3072/3071 1635/3071/3070 3985/3067/3066 3986/3062/3061
f 1634/3070/3069 3983/3073/3072 3982/3074/3073 1635/3071/3070
f 1635/3071/3070 3982/3074/3073 5430/3068/3067 3985/3067/3066
f 1630/3069/3068 1631/3072/3071 1636/3075/3074 1632/3076/3075
f 1632/3076/3075 1636/3075/3074 3994/3077/3076 3995/3078/3077
f 1631/3072/3071 3986/3062/3061 3987/3061/3060 1636/3075/3074
f 1636/3075/3074 3987/3061/3060 5434/3064/3063 3994/3077/3076
f 1630/3069/3068 1632/3076/3075 1637/3079/3078 1633/3080/3079
f 1633/3080/3079 1637/3079/3078 5128/3081/3080 5129/3082/3081
f 1632/3076/3075 3995/3078/3077 3996/3083/3082 1637/3079/3078
f 1637/3079/3078 3996/3083/3082 5622/3084/3083 5128/3081/3080
f 1630/3069/3068 1633/3080/3079 1638/3085/3084 1634/3070/3069
f 1634/3070/3069 1638/3085/3084 3984/3086/3085 3983/3073/3072
f 1633/3080/3079 5129/3082/3081 5130/3087/3086 1638/3085/3084
f 1638/3085/3084 5130/3087/3086 5623/3088/3087 3984/3086/3085
f 1639/3089/3088 1643/3090/3089 1644/3091/3090 1640/3092/3091
f 1640/3092/3091 1644/3091/3090 3964/3007/3006 3965/3006/3005
f 1643/3090/3089 3989/3058/3057 3988/3057/3056 1644/3091/3090
f 1644/3091/3090 3988/3057/3056 5429/3001/3000 3964/3007/3006
f 1639/3089/3088 1640/3092/3091 1645/3093/3092 1641/3094/3093
f 1641/3094/3093 1645/3093/3092 5214/3095/3094 5213/3096/3095
f 1640/3092/3091 3965/3006/3005 3966/3019/3018 1645/3093/3092
f 1645/3093/3092 3966/3019/3018 5644/3021/3020 5214/3095/3094
f 1639/3089/3088 1641/3094/3093 1646/3097/3096 1642/3098/3097
f 1642/3098/3097 1646/3097/3096 3993/3099/3098 3992/3100/3099
f 1641/3094/3093 5213/3096/3095 5212/3101/3100 1646/3097/3096
f 1646/3097/3096 5212/3101/3100 5643/3102/3101 3993/3099/3098
f 1639/3089/3088 1642/3098/3097 1647/3103/3102 1643/3090/3089
f 1643/3090/3089 1647/3103/3102 3990/3063/3062 3989/3058/3057
f 1642/3098/3097 3992/3100/3099 3991/3104/3103 1647/3103/3102
f 1647/3103/3102 3991/3104/3103 5434/3064/3063 3990/3063/3062
f 1648/3105/3104 1652/3106/3105 1653/3107/3106 1649/3108/3107
f 1649/3108/3107 1653/3107/3106 3991/3104/3103 3992/3100/3099
f 1652/3106/3105 3995/3078/3077 3994/3077/3076 1653/3107/3106
f 1653/3107/3106 3994/3077/3076 5434/3064/3063 3991/3104/3103
f 1648/3105/3104 1649/3108/3107 1654/3109/3108 1650/3110/3109
f 1650/3110/3109 1654/3109/3108 5211/3111/3110 5210/3112/3111
f 1649/3108/3107 3992/3100/3099 3993/3099/3098 1654/3109/3108
f 1654/3109/3108 3993/3099/3098 5643/3102/3101 5211/3111/3110
f 1648/3105/3104 1650/3110/3109 1655/3113/3112 1651/3114/3113
f 1651/3114/3113 1655/3113/3112 5125/3115/3114 5126/3116/3115
f 1650/3110/3109 5210/3112/3111 5209/3117/3116 1655/3113/3112
f 1655/3113/3112 5209/3117/3116 5689/3118/3117 5125/3115/3114
f 1648/3105/3104 1651/3114/3113 1656/3119/3118 1652/3106/3105
f 1652/3106/3105 1656/3119/3118 3996/3083/3082 3995/3078/3077
f 1651/3114/3113 5126/3116/3115 5127/3120/3119 1656/3119/3118
f 1656/3119/3118 5127/3120/3119 5622/3084/3083 3996/3083/3082
f 1657/3121/3120 1661/3122/3121 1662/3123/3122 1658/3124/3123
f 1658/3124/3123 1662/3123/3122 3979/3054/3053 3980/3053/3052
f 1661/3122/3121 3998/3125/3124 3997/3126/3125 1662/3123/3122
f 1662/3123/3122 3997/3126/3125 5428/2985/2984 3979/3054/3053
f 1657/3121/3120 1658/3124/3123 1663/3127/3126 1659/3128/3127
f 1659/3128/3127 1663/3127/3126 4006/3129/3128 4007/3130/3129
f 1658/3124/3123 3980/3053/3052 3981/3066/3065 1663/3127/3126
f 1663/3127/3126 3981/3066/3065 5430/3068/3067 4006/3129/3128
f 1657/3121/3120 1659/3128/3127 1664/3131/3130 1660/3132/3131
f 1660/3132/3131 1664/3131/3130 4005/3133/3132 4004/3134/3133
f 1659/3128/3127 4007/3130/3129 4008/3135/3134 1664/3131/3130
f 1664/3131/3130 4008/3135/3134 5435/3136/3135 4005/3133/3132
f 1657/3121/3120 1660/3132/3131 1665/3137/3136 1661/3122/3121
f 1661/3122/3121 1665/3137/3136 3999/3138/3137 3998/3125/3124
f 1660/3132/3131 4004/3134/3133 4003/3139/3138 1665/3137/3136
f 1665/3137/3136 4003/3139/3138 5431/3140/3139 3999/3138/3137
f 1666/3141/3140 1670/3142/3141 1671/3143/3142 1667/3144/3143
f 1667/3144/3143 1671/3143/3142 4003/3139/3138 4004/3134/3133
f 1670/3142/3141 4001/3145/3144 4000/3146/3145 1671/3143/3142
f 1671/3143/3142 4000/3146/3145 5431/3140/3139 4003/3139/3138
f 1666/3141/3140 1667/3144/3143 1672/3147/3146 1668/3148/3147
f 1668/3148/3147 1672/3147/3146 4012/3149/3148 4013/3150/3149
f 1667/3144/3143 4004/3134/3133 4005/3133/3132 1672/3147/3146
f 1672/3147/3146 4005/3133/3132 5435/3136/3135 4012/3149/3148
f 1666/3141/3140 1668/3148/3147 1673/3151/3150 1669/3152/3151
f 1669/3152/3151 1673/3151/3150 5205/3153/3152 5204/3154/3153
f 1668/3148/3147 4013/3150/3149 4014/3155/3154 1673/3151/3150
f 1673/3151/3150 4014/3155/3154 5642/3156/3155 5205/3153/3152
f 1666/3141/3140 1669/3152/3151 1674/3157/3156 1670/3142/3141
f 1670/3142/3141 1674/3157/3156 4002/3158/3157 4001/3145/3144
f 1669/3152/3151 5204/3154/3153 5203/3159/3158 1674/3157/3156
f 1674/3157/3156 5203/3159/3158 5641/3160/3159 4002/3158/3157
f 1675/3161/3160 1679/3162/3161 1680/3163/3162 1676/3164/3163
f 1676/3164/3163 1680/3163/3162 3982/3074/3073 3983/3073/3072
f 1679/3162/3161 4007/3130/3129 4006/3129/3128 1680/3163/3162
f 1680/3163/3162 4006/3129/3128 5430/3068/3067 3982/3074/3073
f 1675/3161/3160 1676/3164/3163 1681/3165/3164 1677/3166/3165
f 1677/3166/3165 1681/3165/3164 5131/3167/3166 5132/3168/3167
f 1676/3164/3163 3983/3073/3072 3984/3086/3085 1681/3165/3164
f 1681/3165/3164 3984/3086/3085 5623/3088/3087 5131/3167/3166
f 1675/3161/3160 1677/3166/3165 1682/3169/3168 1678/3170/3169
f 1678/3170/3169 1682/3169/3168 4011/3171/3170 4010/3172/3171
f 1677/3166/3165 5132/3168/3167 5133/3173/3172 1682/3169/3168
f 1682/3169/3168 5133/3173/3172 5624/3174/3173 4011/3171/3170
f 1675/3161/3160 1678/3170/3169 1683/3175/3174 1679/3162/3161
f 1679/3162/3161 1683/3175/3174 4008/3135/3134 4007/3130/3129
f 1678/3170/3169 4010/3172/3171 4009/3176/3175 1683/3175/3174
f 1683/3175/3174 4009/3176/3175 5435/3136/3135 4008/3135/3134
f 1684/3177/3176 1688/3178/3177 1689/3179/3178 1685/3180/3179
f 1685/3180/3179 1689/3179/3178 4009/3176/3175 4010/3172/3171
f 1688/3178/3177 4013/3150/3149 4012/3149/3148 1689/3179/3178
f 1689/3179/3178 4012/3149/3148 5435/3136/3135 4009/3176/3175
f 1684/3177/3176 1685/3180/3179 1690/3181/3180 1686/3182/3181
f 1686/3182/3181 1690/3181/3180 5134/3183/3182 5135/3184/3183
f 1685/3180/3179 4010/3172/3171 4011/3171/3170 1690/3181/3180
f 1690/3181/3180 4011/3171/3170 5624/3174/3173 5134/3183/3182
f 1684/3177/3176 1686/3182/3181 1691/3185/3184 1687/3186/3185
f 1687/3186/3185 1691/3185/3184 5208/3187/3186 5207/3188/3187
f 1686/3182/3181 5135/3184/3183 5136/3189/3188 1691/3185/3184
f 1691/3185/3184 5136/3189/3188 5696/3190/3189 5208/3187/3186
f 1684/3177/3176 1687/3186/3185 1692/3191/3190 1688/3178/3177
f 1688/3178/3177 1692/3191/3190 4014/3155/3154 4013/3150/3149
f 1687/3186/3185 5207/3188/3187 5206/3192/3191 1692/3191/3190
f 1692/3191/3190 5206/3192/3191 5642/3156/3155 4014/3155/3154
f 1693/3193/3192 1697/3194/3193 1698/3195/3194 1694/3196/3195
f 1694/3196/3195 1698/3195/3194 3997/3126/3125 3998/3125/3124
f 1697/3194/3193 4016/2982/2981 4015/2981/2980 1698/3195/3194
f 1698/3195/3194 4015/2981/2980 5428/2985/2984 3997/3126/3125
f 1693/3193/3192 1694/3196/3195 1699/3197/3196 1695/3198/3197
f 1695/3198/3197 1699/3197/3196 4024/3199/3198 4025/3200/3199
f 1694/3196/3195 3998/3125/3124 3999/3138/3137 1699/3197/3196
f 1699/3197/3196 3999/3138/3137 5431/3140/3139 4024/3199/3198
f 1693/3193/3192 1695/3198/3197 1700/3201/3200 1696/3202/3201
f 1696/3202/3201 1700/3201/3200 4023/3203/3202 4022/3204/3203
f 1695/3198/3197 4025/3200/3199 4026/3205/3204 1700/3201/3200
f 1700/3201/3200 4026/3205/3204 5436/3206/3205 4023/3203/3202
f 1693/3193/3192 1696/3202/3201 1701/3207/3206 1697/3194/3193
f 1697/3194/3193 1701/3207/3206 4017/2990/2989 4016/2982/2981
f 1696/3202/3201 4022/3204/3203 4021/3208/3207 1701/3207/3206
f 1701/3207/3206 4021/3208/3207 5432/2991/2990 4017/2990/2989
f 1702/3209/3208 1706/3210/3209 1707/3211/3210 1703/3212/3211
f 1703/3212/3211 1707/3211/3210 4021/3208/3207 4022/3204/3203
f 1706/3210/3209 4019/3027/3026 4018/3026/3025 1707/3211/3210
f 1707/3211/3210 4018/3026/3025 5432/2991/2990 4021/3208/3207
f 1702/3209/3208 1703/3212/3211 1708/3213/3212 1704/3214/3213
f 1704/3214/3213 1708/3213/3212 4030/3215/3214 4031/3216/3215
f 1703/3212/3211 4022/3204/3203 4023/3203/3202 1708/3213/3212
f 1708/3213/3212 4023/3203/3202 5436/3206/3205 4030/3215/3214
f 1702/3209/3208 1704/3214/3213 1709/3217/3216 1705/3218/3217
f 1705/3218/3217 1709/3217/3216 4941/1850/1849 4940/1845/1844
f 1704/3214/3213 4031/3216/3215 4032/3219/3218 1709/3217/3216
f 1709/3217/3216 4032/3219/3218 5576/1851/1850 4941/1850/1849
f 1702/3209/3208 1705/3218/3217 1710/3220/3219 1706/3210/3209
f 1706/3210/3209 1710/3220/3219 4020/3030/3029 4019/3027/3026
f 1705/3218/3217 4940/1845/1844 4939/1844/1843 1710/3220/3219
f 1710/3220/3219 4939/1844/1843 5575/1770/1769 4020/3030/3029
f 1711/3221/3220 1715/3222/3221 1716/3223/3222 1712/3224/3223
f 1712/3224/3223 1716/3223/3222 4000/3146/3145 4001/3145/3144
f 1715/3222/3221 4025/3200/3199 4024/3199/3198 1716/3223/3222
f 1716/3223/3222 4024/3199/3198 5431/3140/3139 4000/3146/3145
f 1711/3221/3220 1712/3224/3223 1717/3225/3224 1713/3226/3225
f 1713/3226/3225 1717/3225/3224 5202/3227/3226 5201/3228/3227
f 1712/3224/3223 4001/3145/3144 4002/3158/3157 1717/3225/3224
f 1717/3225/3224 4002/3158/3157 5641/3160/3159 5202/3227/3226
f 1711/3221/3220 1713/3226/3225 1718/3229/3228 1714/3230/3229
f 1714/3230/3229 1718/3229/3228 4029/3231/3230 4028/3232/3231
f 1713/3226/3225 5201/3228/3227 5200/3233/3232 1718/3229/3228
f 1718/3229/3228 5200/3233/3232 5640/3234/3233 4029/3231/3230
f 1711/3221/3220 1714/3230/3229 1719/3235/3234 1715/3222/3221
f 1715/3222/3221 1719/3235/3234 4026/3205/3204 4025/3200/3199
f 1714/3230/3229 4028/3232/3231 4027/3236/3235 1719/3235/3234
f 1719/3235/3234 4027/3236/3235 5436/3206/3205 4026/3205/3204
f 1720/3237/3236 1724/3238/3237 1725/3239/3238 1721/3240/3239
f 1721/3240/3239 1725/3239/3238 4027/3236/3235 4028/3232/3231
f 1724/3238/3237 4031/3216/3215 4030/3215/3214 1725/3239/3238
f 1725/3239/3238 4030/3215/3214 5436/3206/3205 4027/3236/3235
f 1720/3237/3236 1721/3240/3239 1726/3241/3240 1722/3242/3241
f 1722/3242/3241 1726/3241/3240 5199/3243/3242 5198/3244/3243
f 1721/3240/3239 4028/3232/3231 4029/3231/3230 1726/3241/3240
f 1726/3241/3240 4029/3231/3230 5640/3234/3233 5199/3243/3242
f 1720/3237/3236 1722/3242/3241 1727/3245/3244 1723/3246/3245
f 1723/3246/3245 1727/3245/3244 4944/1864/1863 4943/1861/1860
f 1722/3242/3241 5198/3244/3243 5197/3247/3246 1727/3245/3244
f 1727/3245/3244 5197/3247/3246 5688/440/440 4944/1864/1863
f 1720/3237/3236 1723/3246/3245 1728/3248/3247 1724/3238/3237
f 1724/3238/3237 1728/3248/3247 4032/3219/3218 4031/3216/3215
f 1723/3246/3245 4943/1861/1860 4942/1860/1859 1728/3248/3247
f 1728/3248/3247 4942/1860/1859 5576/1851/1850 4032/3219/3218
f 1729/3249/3248 1733/3250/3249 1734/3251/3250 1730/3252/3251
f 1730/3252/3251 1734/3251/3250 4087/3253/3252 4088/3254/3253
f 1733/3250/3249 4034/3255/3254 4033/3256/3255 1734/3251/3250
f 1734/3251/3250 4033/3256/3255 5437/3257/3256 4087/3253/3252
f 1729/3249/3248 1730/3252/3251 1735/3258/3257 1731/3259/3258
f 1731/3259/3258 1735/3258/3257 4042/3260/3259 4043/3261/3260
f 1730/3252/3251 4088/3254/3253 4089/3262/3261 1735/3258/3257
f 1735/3258/3257 4089/3262/3261 5441/3263/3262 4042/3260/3259
f 1729/3249/3248 1731/3259/3258 1736/3264/3263 1732/3265/3264
f 1732/3265/3264 1736/3264/3263 4041/3266/3265 4040/3267/3266
f 1731/3259/3258 4043/3261/3260 4044/3268/3267 1736/3264/3263
f 1736/3264/3263 4044/3268/3267 5442/3269/3268 4041/3266/3265
f 1729/3249/3248 1732/3265/3264 1737/3270/3269 1733/3250/3249
f 1733/3250/3249 1737/3270/3269 4035/3271/3270 4034/3255/3254
f 1732/3265/3264 4040/3267/3266 4039/3272/3271 1737/3270/3269
f 1737/3270/3269 4039/3272/3271 5438/3273/3272 4035/3271/3270
f 1738/3274/3273 1742/3275/3274 1743/3276/3275 1739/3277/3276
f 1739/3277/3276 1743/3276/3275 4039/3272/3271 4040/3267/3266
f 1742/3275/3274 4037/3278/3277 4036/3279/3278 1743/3276/3275
f 1743/3276/3275 4036/3279/3278 5438/3273/3272 4039/3272/3271
f 1738/3274/3273 1739/3277/3276 1744/3280/3279 1740/3281/3280
f 1740/3281/3280 1744/3280/3279 4048/3282/3281 4049/3283/3282
f 1739/3277/3276 4040/3267/3266 4041/3266/3265 1744/3280/3279
f 1744/3280/3279 4041/3266/3265 5442/3269/3268 4048/3282/3281
f 1738/3274/3273 1740/3281/3280 1745/3284/3283 1741/3285/3284
f 1741/3285/3284 1745/3284/3283 5164/2705/2704 5165/2700/2699
f 1740/3281/3280 4049/3283/3282 4050/3286/3285 1745/3284/3283
f 1745/3284/3283 4050/3286/3285 5631/2706/2705 5164/2705/2704
f 1738/3274/3273 1741/3285/3284 1746/3287/3286 1742/3275/3274
f 1742/3275/3274 1746/3287/3286 4038/3288/3287 4037/3278/3277
f 1741/3285/3284 5165/2700/2699 5166/2699/2698 1746/3287/3286
f 1746/3287/3286 5166/2699/2698 5632/2632/2631 4038/3288/3287
f 1747/3289/3288 1751/3290/3289 1752/3291/3290 1748/3292/3291
f 1748/3292/3291 1752/3291/3290 4090/3293/3292 4091/3294/3293
f 1751/3290/3289 4043/3261/3260 4042/3260/3259 1752/3291/3290
f 1752/3291/3290 4042/3260/3259 5441/3263/3262 4090/3293/3292
f 1747/3289/3288 1748/3292/3291 1753/3295/3294 1749/3296/3295
f 1749/3296/3295 1753/3295/3294 4854/2032/2031 4853/2027/2026
f 1748/3292/3291 4091/3294/3293 4092/3297/3296 1753/3295/3294
f 1753/3295/3294 4092/3297/3296 5554/2033/2032 4854/2032/2031
f 1747/3289/3288 1749/3296/3295 1754/3298/3297 1750/3299/3298
f 1750/3299/3298 1754/3298/3297 4047/3300/3299 4046/3301/3300
f 1749/3296/3295 4853/2027/2026 4852/2026/2025 1754/3298/3297
f 1754/3298/3297 4852/2026/2025 5553/2029/2028 4047/3300/3299
f 1747/3289/3288 1750/3299/3298 1755/3302/3301 1751/3290/3289
f 1751/3290/3289 1755/3302/3301 4044/3268/3267 4043/3261/3260
f 1750/3299/3298 4046/3301/3300 4045/3303/3302 1755/3302/3301
f 1755/3302/3301 4045/3303/3302 5442/3269/3268 4044/3268/3267
f 1756/3304/3303 1760/3305/3304 1761/3306/3305 1757/3307/3306
f 1757/3307/3306 1761/3306/3305 4045/3303/3302 4046/3301/3300
f 1760/3305/3304 4049/3283/3282 4048/3282/3281 1761/3306/3305
f 1761/3306/3305 4048/3282/3281 5442/3269/3268 4045/3303/3302
f 1756/3304/3303 1757/3307/3306 1762/3308/3307 1758/3309/3308
f 1758/3309/3308 1762/3308/3307 4851/2057/2056 4850/2055/2054
f 1757/3307/3306 4046/3301/3300 4047/3300/3299 1762/3308/3307
f 1762/3308/3307 4047/3300/3299 5553/2029/2028 4851/2057/2056
f 1756/3304/3303 1758/3309/3308 1763/3310/3309 1759/3311/3310
f 1759/3311/3310 1763/3310/3309 5161/2719/2718 5162/2716/2715
f 1758/3309/3308 4850/2055/2054 4849/2054/2053 1763/3310/3309
f 1763/3310/3309 4849/2054/2053 5682/1328/1328 5161/2719/2718
f 1756/3304/3303 1759/3311/3310 1764/3312/3311 1760/3305/3304
f 1760/3305/3304 1764/3312/3311 4050/3286/3285 4049/3283/3282
f 1759/3311/3310 5162/2716/2715 5163/2715/2714 1764/3312/3311
f 1764/3312/3311 5163/2715/2714 5631/2706/2705 4050/3286/3285
f 1765/3313/3312 1769/3314/3313 1770/3315/3314 1766/3316/3315
f 1766/3316/3315 1770/3315/3314 4033/3256/3255 4034/3255/3254
f 1769/3314/3313 4052/3317/3316 4051/3318/3317 1770/3315/3314
f 1770/3315/3314 4051/3318/3317 5437/3257/3256 4033/3256/3255
f 1765/3313/3312 1766/3316/3315 1771/3319/3318 1767/3320/3319
f 1767/3320/3319 1771/3319/3318 4060/3321/3320 4061/3322/3321
f 1766/3316/3315 4034/3255/3254 4035/3271/3270 1771/3319/3318
f 1771/3319/3318 4035/3271/3270 5438/3273/3272 4060/3321/3320
f 1765/3313/3312 1767/3320/3319 1772/3323/3322 1768/3324/3323
f 1768/3324/3323 1772/3323/3322 4059/3325/3324 4058/3326/3325
f 1767/3320/3319 4061/3322/3321 4062/3327/3326 1772/3323/3322
f 1772/3323/3322 4062/3327/3326 5443/3328/3327 4059/3325/3324
f 1765/3313/3312 1768/3324/3323 1773/3329/3328 1769/3314/3313
f 1769/3314/3313 1773/3329/3328 4053/3330/3329 4052/3317/3316
f 1768/3324/3323 4058/3326/3325 4057/3331/3330 1773/3329/3328
f 1773/3329/3328 4057/3331/3330 5439/3332/3331 4053/3330/3329
f 1774/3333/3332 1778/3334/3333 1779/3335/3334 1775/3336/3335
f 1775/3336/3335 1779/3335/3334 4057/3331/3330 4058/3326/3325
f 1778/3334/3333 4055/3337/3336 4054/3338/3337 1779/3335/3334
f 1779/3335/3334 4054/3338/3337 5439/3332/3331 4057/3331/3330
f 1774/3333/3332 1775/3336/3335 1780/3339/3338 1776/3340/3339
f 1776/3340/3339 1780/3339/3338 4066/3341/3340 4067/3342/3341
f 1775/3336/3335 4058/3326/3325 4059/3325/3324 1780/3339/3338
f 1780/3339/3338 4059/3325/3324 5443/3328/3327 4066/3341/3340
f 1774/3333/3332 1776/3340/3339 1781/3343/3342 1777/3344/3343
f 1777/3344/3343 1781/3343/3342 5044/3345/3344 5045/3346/3345
f 1776/3340/3339 4067/3342/3341 4068/3347/3346 1781/3343/3342
f 1781/3343/3342 4068/3347/3346 5601/3348/3347 5044/3345/3344
f 1774/3333/3332 1777/3344/3343 1782/3349/3348 1778/3334/3333
f 1778/3334/3333 1782/3349/3348 4056/3350/3349 4055/3337/3336
f 1777/3344/3343 5045/3346/3345 5046/3351/3350 1782/3349/3348
f 1782/3349/3348 5046/3351/3350 5602/3352/3351 4056/3350/3349
f 1783/3353/3352 1787/3354/3353 1788/3355/3354 1784/3356/3355
f 1784/3356/3355 1788/3355/3354 4036/3279/3278 4037/3278/3277
f 1787/3354/3353 4061/3322/3321 4060/3321/3320 1788/3355/3354
f 1788/3355/3354 4060/3321/3320 5438/3273/3272 4036/3279/3278
f 1783/3353/3352 1784/3356/3355 1789/3357/3356 1785/3358/3357
f 1785/3358/3357 1789/3357/3356 5167/2631/2630 5168/2626/2625
f 1784/3356/3355 4037/3278/3277 4038/3288/3287 1789/3357/3356
f 1789/3357/3356 4038/3288/3287 5632/2632/2631 5167/2631/2630
f 1783/3353/3352 1785/3358/3357 1790/3359/3358 1786/3360/3359
f 1786/3360/3359 1790/3359/3358 4065/3361/3360 4064/3362/3361
f 1785/3358/3357 5168/2626/2625 5169/2625/2624 1790/3359/3358
f 1790/3359/3358 5169/2625/2624 5633/2628/2627 4065/3361/3360
f 1783/3353/3352 1786/3360/3359 1791/3363/3362 1787/3354/3353
f 1787/3354/3353 1791/3363/3362 4062/3327/3326 4061/3322/3321
f 1786/3360/3359 4064/3362/3361 4063/3364/3363 1791/3363/3362
f 1791/3363/3362 4063/3364/3363 5443/3328/3327 4062/3327/3326
f 1792/3365/3364 1796/3366/3365 1797/3367/3366 1793/3368/3367
f 1793/3368/3367 1797/3367/3366 4063/3364/3363 4064/3362/3361
f 1796/3366/3365 4067/3342/3341 4066/3341/3340 1797/3367/3366
f 1797/3367/3366 4066/3341/3340 5443/3328/3327 4063/3364/3363
f 1792/3365/3364 1793/3368/3367 1798/3369/3368 1794/3370/3369
f 1794/3370/3369 1798/3369/3368 5170/2664/2663 5171/2660/2659
f 1793/3368/3367 4064/3362/3361 4065/3361/3360 1798/3369/3368
f 1798/3369/3368 4065/3361/3360 5633/2628/2627 5170/2664/2663
f 1792/3365/3364 1794/3370/3369 1799/3371/3370 1795/3372/3371
f 1795/3372/3371 1799/3371/3370 5041/3373/3372 5042/3374/3373
f 1794/3370/3369 5171/2660/2659 5172/2659/2658 1799/3371/3370
f 1799/3371/3370 5172/2659/2658 5690/2662/2661 5041/3373/3372
f 1792/3365/3364 1795/3372/3371 1800/3375/3374 1796/3366/3365
f 1796/3366/3365 1800/3375/3374 4068/3347/3346 4067/3342/3341
f 1795/3372/3371 5042/3374/3373 5043/3376/3375 1800/3375/3374
f 1800/3375/3374 5043/3376/3375 5601/3348/3347 4068/3347/3346
f 1801/3377/3376 1805/3378/3377 1806/3379/3378 1802/3380/3379
f 1802/3380/3379 1806/3379/3378 4051/3318/3317 4052/3317/3316
f 1805/3378/3377 4070/3381/3380 4069/3382/3381 1806/3379/3378
f 1806/3379/3378 4069/3382/3381 5437/3257/3256 4051/3318/3317
f 1801/3377/3376 1802/3380/3379 1807/3383/3382 1803/3384/3383
f 1803/3384/3383 1807/3383/3382 4078/3385/3384 4079/3386/3385
f 1802/3380/3379 4052/3317/3316 4053/3330/3329 1807/3383/3382
f 1807/3383/3382 4053/3330/3329 5439/3332/3331 4078/3385/3384
f 1801/3377/3376 1803/3384/3383 1808/3387/3386 1804/3388/3387
f 1804/3388/3387 1808/3387/3386 4077/3389/3388 4076/3390/3389
f 1803/3384/3383 4079/3386/3385 4080/3391/3390 1808/3387/3386
f 1808/3387/3386 4080/3391/3390 5444/3392/3391 4077/3389/3388
f 1801/3377/3376 1804/3388/3387 1809/3393/3392 1805/3378/3377
f 1805/3378/3377 1809/3393/3392 4071/3394/3393 4070/3381/3380
f 1804/3388/3387 4076/3390/3389 4075/3395/3394 1809/3393/3392
f 1809/3393/3392 4075/3395/3394 5440/3396/3395 4071/3394/3393
f 1810/3397/3396 1814/3398/3397 1815/3399/3398 1811/3400/3399
f 1811/3400/3399 1815/3399/3398 4075/3395/3394 4076/3390/3389
f 1814/3398/3397 4073/3401/3400 4072/3402/3401 1815/3399/3398
f 1815/3399/3398 4072/3402/3401 5440/3396/3395 4075/3395/3394
f 1810/3397/3396 1811/3400/3399 1816/3403/3402 1812/3404/3403
f 1812/3404/3403 1816/3403/3402 4084/3405/3404 4085/3406/3405
f 1811/3400/3399 4076/3390/3389 4077/3389/3388 1816/3403/3402
f 1816/3403/3402 4077/3389/3388 5444/3392/3391 4084/3405/3404
f 1810/3397/3396 1812/3404/3403 1817/3407/3406 1813/3408/3407
f 1813/3408/3407 1817/3407/3406 5212/3101/3100 5213/3096/3095
f 1812/3404/3403 4085/3406/3405 4086/3409/3408 1817/3407/3406
f 1817/3407/3406 4086/3409/3408 5643/3102/3101 5212/3101/3100
f 1810/3397/3396 1813/3408/3407 1818/3410/3409 1814/3398/3397
f 1814/3398/3397 1818/3410/3409 4074/3411/3410 4073/3401/3400
f 1813/3408/3407 5213/3096/3095 5214/3095/3094 1818/3410/3409
f 1818/3410/3409 5214/3095/3094 5644/3021/3020 4074/3411/3410
f 1819/3412/3411 1823/3413/3412 1824/3414/3413 1820/3415/3414
f 1820/3415/3414 1824/3414/3413 4054/3338/3337 4055/3337/3336
f 1823/3413/3412 4079/3386/3385 4078/3385/3384 1824/3414/3413
f 1824/3414/3413 4078/3385/3384 5439/3332/3331 4054/3338/3337
f 1819/3412/3411 1820/3415/3414 1825/3416/3415 1821/3417/3416
f 1821/3417/3416 1825/3416/3415 5047/3418/3417 5048/3419/3418
f 1820/3415/3414 4055/3337/3336 4056/3350/3349 1825/3416/3415
f 1825/3416/3415 4056/3350/3349 5602/3352/3351 5047/3418/3417
f 1819/3412/3411 1821/3417/3416 1826/3420/3419 1822/3421/3420
f 1822/3421/3420 1826/3420/3419 4083/3422/3421 4082/3423/3422
f 1821/3417/3416 5048/3419/3418 5049/3424/3423 1826/3420/3419
f 1826/3420/3419 5049/3424/3423 5603/3425/3424 4083/3422/3421
f 1819/3412/3411 1822/3421/3420 1827/3426/3425 1823/3413/3412
f 1823/3413/3412 1827/3426/3425 4080/3391/3390 4079/3386/3385
f 1822/3421/3420 4082/3423/3422 4081/3427/3426 1827/3426/3425
f 1827/3426/3425 4081/3427/3426 5444/3392/3391 4080/3391/3390
f 1828/3428/3427 1832/3429/3428 1833/3430/3429 1829/3431/3430
f 1829/3431/3430 1833/3430/3429 4081/3427/3426 4082/3423/3422
f 1832/3429/3428 4085/3406/3405 4084/3405/3404 1833/3430/3429
f 1833/3430/3429 4084/3405/3404 5444/3392/3391 4081/3427/3426
f 1828/3428/3427 1829/3431/3430 1834/3432/3431 1830/3433/3432
f 1830/3433/3432 1834/3432/3431 5050/3434/3433 5051/3435/3434
f 1829/3431/3430 4082/3423/3422 4083/3422/3421 1834/3432/3431
f 1834/3432/3431 4083/3422/3421 5603/3425/3424 5050/3434/3433
f 1828/3428/3427 1830/3433/3432 1835/3436/3435 1831/3437/3436
f 1831/3437/3436 1835/3436/3435 5209/3117/3116 5210/3112/3111
f 1830/3433/3432 5051/3435/3434 5052/3438/3437 1835/3436/3435
f 1835/3436/3435 5052/3438/3437 5689/3118/3117 5209/3117/3116
f 1828/3428/3427 1831/3437/3436 1836/3439/3438 1832/3429/3428
f 1832/3429/3428 1836/3439/3438 4086/3409/3408 4085/3406/3405
f 1831/3437/3436 5210/3112/3111 5211/3111/3110 1836/3439/3438
f 1836/3439/3438 5211/3111/3110 5643/3102/3101 4086/3409/3408
f 1837/3440/3439 1841/3441/3440 1842/3442/3441 1838/3443/3442
f 1838/3443/3442 1842/3442/3441 4069/3382/3381 4070/3381/3380
f 1841/3441/3440 4088/3254/3253 4087/3253/3252 1842/3442/3441
f 1842/3442/3441 4087/3253/3252 5437/3257/3256 4069/3382/3381
f 1837/3440/3439 1838/3443/3442 1843/3444/3443 1839/3445/3444
f 1839/3445/3444 1843/3444/3443 4096/3446/3445 4097/3447/3446
f 1838/3443/3442 4070/3381/3380 4071/3394/3393 1843/3444/3443
f 1843/3444/3443 4071/3394/3393 5440/3396/3395 4096/3446/3445
f 1837/3440/3439 1839/3445/3444 1844/3448/3447 1840/3449/3448
f 1840/3449/3448 1844/3448/3447 4095/3450/3449 4094/3451/3450
f 1839/3445/3444 4097/3447/3446 4098/3452/3451 1844/3448/3447
f 1844/3448/3447 4098/3452/3451 5445/3453/3452 4095/3450/3449
f 1837/3440/3439 1840/3449/3448 1845/3454/3453 1841/3441/3440
f 1841/3441/3440 1845/3454/3453 4089/3262/3261 4088/3254/3253
f 1840/3449/3448 4094/3451/3450 4093/3455/3454 1845/3454/3453
f 1845/3454/3453 4093/3455/3454 5441/3263/3262 4089/3262/3261
f 1846/3456/3455 1850/3457/3456 1851/3458/3457 1847/3459/3458
f 1847/3459/3458 1851/3458/3457 4093/3455/3454 4094/3451/3450
f 1850/3457/3456 4091/3294/3293 4090/3293/3292 1851/3458/3457
f 1851/3458/3457 4090/3293/3292 5441/3263/3262 4093/3455/3454
f 1846/3456/3455 1847/3459/3458 1852/3460/3459 1848/3461/3460
f 1848/3461/3460 1852/3460/3459 4102/3462/3461 4103/3463/3462
f 1847/3459/3458 4094/3451/3450 4095/3450/3449 1852/3460/3459
f 1852/3460/3459 4095/3450/3449 5445/3453/3452 4102/3462/3461
f 1846/3456/3455 1848/3461/3460 1853/3464/3463 1849/3465/3464
f 1849/3465/3464 1853/3464/3463 4857/2105/2104 4856/2100/2099
f 1848/3461/3460 4103/3463/3462 4104/3466/3465 1853/3464/3463
f 1853/3464/3463 4104/3466/3465 5555/2106/2105 4857/2105/2104
f 1846/3456/3455 1849/3465/3464 1854/3467/3466 1850/3457/3456
f 1850/3457/3456 1854/3467/3466 4092/3297/3296 4091/3294/3293
f 1849/3465/3464 4856/2100/2099 4855/2099/2098 1854/3467/3466
f 1854/3467/3466 4855/2099/2098 5554/2033/2032 4092/3297/3296
f 1855/3468/3467 1859/3469/3468 1860/3470/3469 1856/3471/3470
f 1856/3471/3470 1860/3470/3469 4072/3402/3401 4073/3401/3400
f 1859/3469/3468 4097/3447/3446 4096/3446/3445 1860/3470/3469
f 1860/3470/3469 4096/3446/3445 5440/3396/3395 4072/3402/3401
f 1855/3468/3467 1856/3471/3470 1861/3472/3471 1857/3473/3472
f 1857/3473/3472 1861/3472/3471 5215/3020/3019 5216/3015/3014
f 1856/3471/3470 4073/3401/3400 4074/3411/3410 1861/3472/3471
f 1861/3472/3471 4074/3411/3410 5644/3021/3020 5215/3020/3019
f 1855/3468/3467 1857/3473/3472 1862/3474/3473 1858/3475/3474
f 1858/3475/3474 1862/3474/3473 4101/3476/3475 4100/3477/3476
f 1857/3473/3472 5216/3015/3014 5217/3014/3013 1862/3474/3473
f 1862/3474/3473 5217/3014/3013 5645/3017/3016 4101/3476/3475
f 1855/3468/3467 1858/3475/3474 1863/3478/3477 1859/3469/3468
f 1859/3469/3468 1863/3478/3477 4098/3452/3451 4097/3447/3446
f 1858/3475/3474 4100/3477/3476 4099/3479/3478 1863/3478/3477
f 1863/3478/3477 4099/3479/3478 5445/3453/3452 4098/3452/3451
f 1864/3480/3479 1868/3481/3480 1869/3482/3481 1865/3483/3482
f 1865/3483/3482 1869/3482/3481 4099/3479/3478 4100/3477/3476
f 1868/3481/3480 4103/3463/3462 4102/3462/3461 1869/3482/3481
f 1869/3482/3481 4102/3462/3461 5445/3453/3452 4099/3479/3478
f 1864/3480/3479 1865/3483/3482 1870/3484/3483 1866/3485/3484
f 1866/3485/3484 1870/3484/3483 5218/3048/3047 5219/3046/3045
f 1865/3483/3482 4100/3477/3476 4101/3476/3475 1870/3484/3483
f 1870/3484/3483 4101/3476/3475 5645/3017/3016 5218/3048/3047
f 1864/3480/3479 1866/3485/3484 1871/3486/3485 1867/3487/3486
f 1867/3487/3486 1871/3486/3485 4860/2119/2118 4859/2116/2115
f 1866/3485/3484 5219/3046/3045 5220/3045/3044 1871/3486/3485
f 1871/3486/3485 5220/3045/3044 5681/1800/1799 4860/2119/2118
f 1864/3480/3479 1867/3487/3486 1872/3488/3487 1868/3481/3480
f 1868/3481/3480 1872/3488/3487 4104/3466/3465 4103/3463/3462
f 1867/3487/3486 4859/2116/2115 4858/2115/2114 1872/3488/3487
f 1872/3488/3487 4858/2115/2114 5555/2106/2105 4104/3466/3465
f 1873/3489/3488 1877/3490/3489 1878/3491/3490 1874/3492/3491
f 1874/3492/3491 1878/3491/3490 4159/3493/3492 4160/3494/3493
f 1877/3490/3489 4106/3495/3494 4105/3496/3495 1878/3491/3490
f 1878/3491/3490 4105/3496/3495 5446/3497/3496 4159/3493/3492
f 1873/3489/3488 1874/3492/3491 1879/3498/3497 1875/3499/3498
f 1875/3499/3498 1879/3498/3497 4114/3500/3499 4115/3501/3500
f 1874/3492/3491 4160/3494/3493 4161/3502/3501 1879/3498/3497
f 1879/3498/3497 4161/3502/3501 5450/3503/3502 4114/3500/3499
f 1873/3489/3488 1875/3499/3498 1880/3504/3503 1876/3505/3504
f 1876/3505/3504 1880/3504/3503 4113/3506/3505 4112/3507/3506
f 1875/3499/3498 4115/3501/3500 4116/3508/3507 1880/3504/3503
f 1880/3504/3503 4116/3508/3507 5451/3509/3508 4113/3506/3505
f 1873/3489/3488 1876/3505/3504 1881/3510/3509 1877/3490/3489
f 1877/3490/3489 1881/3510/3509 4107/3511/3510 4106/3495/3494
f 1876/3505/3504 4112/3507/3506 4111/3512/3511 1881/3510/3509
f 1881/3510/3509 4111/3512/3511 5447/3513/3512 4107/3511/3510
f 1882/3514/3513 1886/3515/3514 1887/3516/3515 1883/3517/3516
f 1883/3517/3516 1887/3516/3515 4111/3512/3511 4112/3507/3506
f 1886/3515/3514 4109/3518/3517 4108/3519/3518 1887/3516/3515
f 1887/3516/3515 4108/3519/3518 5447/3513/3512 4111/3512/3511
f 1882/3514/3513 1883/3517/3516 1888/3520/3519 1884/3521/3520
f 1884/3521/3520 1888/3520/3519 4120/3522/3521 4121/3523/3522
f 1883/3517/3516 4112/3507/3506 4113/3506/3505 1888/3520/3519
f 1888/3520/3519 4113/3506/3505 5451/3509/3508 4120/3522/3521
f 1882/3514/3513 1884/3521/3520 1889/3524/3523 1885/3525/3524
f 1885/3525/3524 1889/3524/3523 5188/2961/2960 5189/2956/2955
f 1884/3521/3520 4121/3523/3522 4122/3526/3525 1889/3524/3523
f 1889/3524/3523 4122/3526/3525 5637/2962/2961 5188/2961/2960
f 1882/3514/3513 1885/3525/3524 1890/3527/3526 1886/3515/3514
f 1886/3515/3514 1890/3527/3526 4110/3528/3527 4109/3518/3517
f 1885/3525/3524 5189/2956/2955 5190/2955/2954 1890/3527/3526
f 1890/3527/3526 5190/2955/2954 5638/2888/2887 4110/3528/3527
f 1891/3529/3528 1895/3530/3529 1896/3531/3530 1892/3532/3531
f 1892/3532/3531 1896/3531/3530 4162/3533/3532 4163/3534/3533
f 1895/3530/3529 4115/3501/3500 4114/3500/3499 1896/3531/3530
f 1896/3531/3530 4114/3500/3499 5450/3503/3502 4162/3533/3532
f 1891/3529/3528 1892/3532/3531 1897/3535/3534 1893/3536/3535
f 1893/3536/3535 1897/3535/3534 4890/120/120 4889/115/115
f 1892/3532/3531 4163/3534/3533 4164/3537/3536 1897/3535/3534
f 1897/3535/3534 4164/3537/3536 5563/121/121 4890/120/120
f 1891/3529/3528 1893/3536/3535 1898/3538/3537 1894/3539/3538
f 1894/3539/3538 1898/3538/3537 4119/3540/3539 4118/3541/3540
f 1893/3536/3535 4889/115/115 4888/114/114 1898/3538/3537
f 1898/3538/3537 4888/114/114 5562/117/117 4119/3540/3539
f 1891/3529/3528 1894/3539/3538 1899/3542/3541 1895/3530/3529
f 1895/3530/3529 1899/3542/3541 4116/3508/3507 4115/3501/3500
f 1894/3539/3538 4118/3541/3540 4117/3543/3542 1899/3542/3541
f 1899/3542/3541 4117/3543/3542 5451/3509/3508 4116/3508/3507
f 1900/3544/3543 1904/3545/3544 1905/3546/3545 1901/3547/3546
f 1901/3547/3546 1905/3546/3545 4117/3543/3542 4118/3541/3540
f 1904/3545/3544 4121/3523/3522 4120/3522/3521 1905/3546/3545
f 1905/3546/3545 4120/3522/3521 5451/3509/3508 4117/3543/3542
f 1900/3544/3543 1901/3547/3546 1906/3548/3547 1902/3549/3548
f 1902/3549/3548 1906/3548/3547 4887/153/153 4886/149/149
f 1901/3547/3546 4118/3541/3540 4119/3540/3539 1906/3548/3547
f 1906/3548/3547 4119/3540/3539 5562/117/117 4887/153/153
f 1900/3544/3543 1902/3549/3548 1907/3550/3549 1903/3551/3550
f 1903/3551/3550 1907/3550/3549 5185/2975/2974 5186/2972/2971
f 1902/3549/3548 4886/149/149 4885/148/148 1907/3550/3549
f 1907/3550/3549 4885/148/148 5685/151/151 5185/2975/2974
f 1900/3544/3543 1903/3551/3550 1908/3552/3551 1904/3545/3544
f 1904/3545/3544 1908/3552/3551 4122/3526/3525 4121/3523/3522
f 1903/3551/3550 5186/2972/2971 5187/2971/2970 1908/3552/3551
f 1908/3552/3551 5187/2971/2970 5637/2962/2961 4122/3526/3525
f 1909/3553/3552 1913/3554/3553 1914/3555/3554 1910/3556/3555
f 1910/3556/3555 1914/3555/3554 4105/3496/3495 4106/3495/3494
f 1913/3554/3553 4124/3557/3556 4123/3558/3557 1914/3555/3554
f 1914/3555/3554 4123/3558/3557 5446/3497/3496 4105/3496/3495
f 1909/3553/3552 1910/3556/3555 1915/3559/3558 1911/3560/3559
f 1911/3560/3559 1915/3559/3558 4132/3561/3560 4133/3562/3561
f 1910/3556/3555 4106/3495/3494 4107/3511/3510 1915/3559/3558
f 1915/3559/3558 4107/3511/3510 5447/3513/3512 4132/3561/3560
f 1909/3553/3552 1911/3560/3559 1916/3563/3562 1912/3564/3563
f 1912/3564/3563 1916/3563/3562 4131/3565/3564 4130/3566/3565
f 1911/3560/3559 4133/3562/3561 4134/3567/3566 1916/3563/3562
f 1916/3563/3562 4134/3567/3566 5452/3568/3567 4131/3565/3564
f 1909/3553/3552 1912/3564/3563 1917/3569/3568 1913/3554/3553
f 1913/3554/3553 1917/3569/3568 4125/3570/3569 4124/3557/3556
f 1912/3564/3563 4130/3566/3565 4129/3571/3570 1917/3569/3568
f 1917/3569/3568 4129/3571/3570 5448/3572/3571 4125/3570/3569
f 1918/3573/3572 1922/3574/3573 1923/3575/3574 1919/3576/3575
f 1919/3576/3575 1923/3575/3574 4129/3571/3570 4130/3566/3565
f 1922/3574/3573 4127/3577/3576 4126/3578/3577 1923/3575/3574
f 1923/3575/3574 4126/3578/3577 5448/3572/3571 4129/3571/3570
f 1918/3573/3572 1919/3576/3575 1924/3579/3578 1920/3580/3579
f 1920/3580/3579 1924/3579/3578 4138/3581/3580 4139/3582/3581
f 1919/3576/3575 4130/3566/3565 4131/3565/3564 1924/3579/3578
f 1924/3579/3578 4131/3565/3564 5452/3568/3567 4138/3581/3580
f 1918/3573/3572 1920/3580/3579 1925/3583/3582 1921/3584/3583
f 1921/3584/3583 1925/3583/3582 5080/3585/3584 5081/3586/3585
f 1920/3580/3579 4139/3582/3581 4140/3587/3586 1925/3583/3582
f 1925/3583/3582 4140/3587/3586 5610/3588/3587 5080/3585/3584
f 1918/3573/3572 1921/3584/3583 1926/3589/3588 1922/3574/3573
f 1922/3574/3573 1926/3589/3588 4128/3590/3589 4127/3577/3576
f 1921/3584/3583 5081/3586/3585 5082/3591/3590 1926/3589/3588
f 1926/3589/3588 5082/3591/3590 5611/3592/3591 4128/3590/3589
f 1927/3593/3592 1931/3594/3593 1932/3595/3594 1928/3596/3595
f 1928/3596/3595 1932/3595/3594 4108/3519/3518 4109/3518/3517
f 1931/3594/3593 4133/3562/3561 4132/3561/3560 1932/3595/3594
f 1932/3595/3594 4132/3561/3560 5447/3513/3512 4108/3519/3518
f 1927/3593/3592 1928/3596/3595 1933/3597/3596 1929/3598/3597
f 1929/3598/3597 1933/3597/3596 5191/2887/2886 5192/2882/2881
f 1928/3596/3595 4109/3518/3517 4110/3528/3527 1933/3597/3596
f 1933/3597/3596 4110/3528/3527 5638/2888/2887 5191/2887/2886
f 1927/3593/3592 1929/3598/3597 1934/3599/3598 1930/3600/3599
f 1930/3600/3599 1934/3599/3598 4137/3601/3600 4136/3602/3601
f 1929/3598/3597 5192/2882/2881 5193/2881/2880 1934/3599/3598
f 1934/3599/3598 5193/2881/2880 5639/2884/2883 4137/3601/3600
f 1927/3593/3592 1930/3600/3599 1935/3603/3602 1931/3594/3593
f 1931/3594/3593 1935/3603/3602 4134/3567/3566 4133/3562/3561
f 1930/3600/3599 4136/3602/3601 4135/3604/3603 1935/3603/3602
f 1935/3603/3602 4135/3604/3603 5452/3568/3567 4134/3567/3566
f 1936/3605/3604 1940/3606/3605 1941/3607/3606 1937/3608/3607
f 1937/3608/3607 1941/3607/3606 4135/3604/3603 4136/3602/3601
f 1940/3606/3605 4139/3582/3581 4138/3581/3580 1941/3607/3606
f 1941/3607/3606 4138/3581/3580 5452/3568/3567 4135/3604/3603
f 1936/3605/3604 1937/3608/3607 1942/3609/3608 1938/3610/3609
f 1938/3610/3609 1942/3609/3608 5194/2920/2919 5195/2916/2915
f 1937/3608/3607 4136/3602/3601 4137/3601/3600 1942/3609/3608
f 1942/3609/3608 4137/3601/3600 5639/2884/2883 5194/2920/2919
f 1936/3605/3604 1938/3610/3609 1943/3611/3610 1939/3612/3611
f 1939/3612/3611 1943/3611/3610 5077/3613/3612 5078/3614/3613
f 1938/3610/3609 5195/2916/2915 5196/2915/2914 1943/3611/3610
f 1943/3611/3610 5196/2915/2914 5693/2918/2917 5077/3613/3612
f 1936/3605/3604 1939/3612/3611 1944/3615/3614 1940/3606/3605
f 1940/3606/3605 1944/3615/3614 4140/3587/3586 4139/3582/3581
f 1939/3612/3611 5078/3614/3613 5079/3616/3615 1944/3615/3614
f 1944/3615/3614 5079/3616/3615 5610/3588/3587 4140/3587/3586
f 1945/3617/3616 1949/3618/3617 1950/3619/3618 1946/3620/3619
f 1946/3620/3619 1950/3619/3618 4123/3558/3557 4124/3557/3556
f 1949/3618/3617 4142/3621/3620 4141/3622/3621 1950/3619/3618
f 1950/3619/3618 4141/3622/3621 5446/3497/3496 4123/3558/3557
f 1945/3617/3616 1946/3620/3619 1951/3623/3622 1947/3624/3623
f 1947/3624/3623 1951/3623/3622 4150/3625/3624 4151/3626/3625
f 1946/3620/3619 4124/3557/3556 4125/3570/3569 1951/3623/3622
f 1951/3623/3622 4125/3570/3569 5448/3572/3571 4150/3625/3624
f 1945/3617/3616 1947/3624/3623 1952/3627/3626 1948/3628/3627
f 1948/3628/3627 1952/3627/3626 4149/3629/3628 4148/3630/3629
f 1947/3624/3623 4151/3626/3625 4152/3631/3630 1952/3627/3626
f 1952/3627/3626 4152/3631/3630 5453/3632/3631 4149/3629/3628
f 1945/3617/3616 1948/3628/3627 1953/3633/3632 1949/3618/3617
f 1949/3618/3617 1953/3633/3632 4143/3634/3633 4142/3621/3620
f 1948/3628/3627 4148/3630/3629 4147/3635/3634 1953/3633/3632
f 1953/3633/3632 4147/3635/3634 5449/3636/3635 4143/3634/3633
f 1954/3637/3636 1958/3638/3637 1959/3639/3638 1955/3640/3639
f 1955/3640/3639 1959/3639/3638 4147/3635/3634 4148/3630/3629
f 1958/3638/3637 4145/3641/3640 4144/3642/3641 1959/3639/3638
f 1959/3639/3638 4144/3642/3641 5449/3636/3635 4147/3635/3634
f 1954/3637/3636 1955/3640/3639 1960/3643/3642 1956/3644/3643
f 1956/3644/3643 1960/3643/3642 4156/3645/3644 4157/3646/3645
f 1955/3640/3639 4148/3630/3629 4149/3629/3628 1960/3643/3642
f 1960/3643/3642 4149/3629/3628 5453/3632/3631 4156/3645/3644
f 1954/3637/3636 1956/3644/3643 1961/3647/3646 1957/3648/3647
f 1957/3648/3647 1961/3647/3646 5229/3649/3648 5228/3650/3649
f 1956/3644/3643 4157/3646/3645 4158/3651/3650 1961/3647/3646
f 1961/3647/3646 4158/3651/3650 5648/3652/3651 5229/3649/3648
f 1954/3637/3636 1957/3648/3647 1962/3653/3652 1958/3638/3637
f 1958/3638/3637 1962/3653/3652 4146/3654/3653 4145/3641/3640
f 1957/3648/3647 5228/3650/3649 5227/3655/3654 1962/3653/3652
f 1962/3653/3652 5227/3655/3654 5647/3656/3655 4146/3654/3653
f 1963/3657/3656 1967/3658/3657 1968/3659/3658 1964/3660/3659
f 1964/3660/3659 1968/3659/3658 4126/3578/3577 4127/3577/3576
f 1967/3658/3657 4151/3626/3625 4150/3625/3624 1968/3659/3658
f 1968/3659/3658 4150/3625/3624 5448/3572/3571 4126/3578/3577
f 1963/3657/3656 1964/3660/3659 1969/3661/3660 1965/3662/3661
f 1965/3662/3661 1969/3661/3660 5083/3663/3662 5084/3664/3663
f 1964/3660/3659 4127/3577/3576 4128/3590/3589 1969/3661/3660
f 1969/3661/3660 4128/3590/3589 5611/3592/3591 5083/3663/3662
f 1963/3657/3656 1965/3662/3661 1970/3665/3664 1966/3666/3665
f 1966/3666/3665 1970/3665/3664 4155/3667/3666 4154/3668/3667
f 1965/3662/3661 5084/3664/3663 5085/3669/3668 1970/3665/3664
f 1970/3665/3664 5085/3669/3668 5612/3670/3669 4155/3667/3666
f 1963/3657/3656 1966/3666/3665 1971/3671/3670 1967/3658/3657
f 1967/3658/3657 1971/3671/3670 4152/3631/3630 4151/3626/3625
f 1966/3666/3665 4154/3668/3667 4153/3672/3671 1971/3671/3670
f 1971/3671/3670 4153/3672/3671 5453/3632/3631 4152/3631/3630
f 1972/3673/3672 1976/3674/3673 1977/3675/3674 1973/3676/3675
f 1973/3676/3675 1977/3675/3674 4153/3672/3671 4154/3668/3667
f 1976/3674/3673 4157/3646/3645 4156/3645/3644 1977/3675/3674
f 1977/3675/3674 4156/3645/3644 5453/3632/3631 4153/3672/3671
f 1972/3673/3672 1973/3676/3675 1978/3677/3676 1974/3678/3677
f 1974/3678/3677 1978/3677/3676 5086/3679/3678 5087/3680/3679
f 1973/3676/3675 4154/3668/3667 4155/3667/3666 1978/3677/3676
f 1978/3677/3676 4155/3667/3666 5612/3670/3669 5086/3679/3678
f 1972/3673/3672 1974/3678/3677 1979/3681/3680 1975/3682/3681
f 1975/3682/3681 1979/3681/3680 5232/3683/3682 5231/3684/3683
f 1974/3678/3677 5087/3680/3679 5088/3685/3684 1979/3681/3680
f 1979/3681/3680 5088/3685/3684 5692/3686/3685 5232/3683/3682
f 1972/3673/3672 1975/3682/3681 1980/3687/3686 1976/3674/3673
f 1976/3674/3673 1980/3687/3686 4158/3651/3650 4157/3646/3645
f 1975/3682/3681 5231/3684/3683 5230/3688/3687 1980/3687/3686
f 1980/3687/3686 5230/3688/3687 5648/3652/3651 4158/3651/3650
f 1981/3689/3688 1985/3690/3689 1986/3691/3690 1982/3692/3691
f 1982/3692/3691 1986/3691/3690 4141/3622/3621 4142/3621/3620
f 1985/3690/3689 4160/3494/3493 4159/3493/3492 1986/3691/3690
f 1986/3691/3690 4159/3493/3492 5446/3497/3496 4141/3622/3621
f 1981/3689/3688 1982/3692/3691 1987/3693/3692 1983/3694/3693
f 1983/3694/3693 1987/3693/3692 4168/3695/3694 4169/3696/3695
f 1982/3692/3691 4142/3621/3620 4143/3634/3633 1987/3693/3692
f 1987/3693/3692 4143/3634/3633 5449/3636/3635 4168/3695/3694
f 1981/3689/3688 1983/3694/3693 1988/3697/3696 1984/3698/3697
f 1984/3698/3697 1988/3697/3696 4167/3699/3698 4166/3700/3699
f 1983/3694/3693 4169/3696/3695 4170/3701/3700 1988/3697/3696
f 1988/3697/3696 4170/3701/3700 5454/3702/3701 4167/3699/3698
f 1981/3689/3688 1984/3698/3697 1989/3703/3702 1985/3690/3689
f 1985/3690/3689 1989/3703/3702 4161/3502/3501 4160/3494/3493
f 1984/3698/3697 4166/3700/3699 4165/3704/3703 1989/3703/3702
f 1989/3703/3702 4165/3704/3703 5450/3503/3502 4161/3502/3501
f 1990/3705/3704 1994/3706/3705 1995/3707/3706 1991/3708/3707
f 1991/3708/3707 1995/3707/3706 4165/3704/3703 4166/3700/3699
f 1994/3706/3705 4163/3534/3533 4162/3533/3532 1995/3707/3706
f 1995/3707/3706 4162/3533/3532 5450/3503/3502 4165/3704/3703
f 1990/3705/3704 1991/3708/3707 1996/3709/3708 1992/3710/3709
f 1992/3710/3709 1996/3709/3708 4174/3711/3710 4175/3712/3711
f 1991/3708/3707 4166/3700/3699 4167/3699/3698 1996/3709/3708
f 1996/3709/3708 4167/3699/3698 5454/3702/3701 4174/3711/3710
f 1990/3705/3704 1992/3710/3709 1997/3713/3712 1993/3714/3713
f 1993/3714/3713 1997/3713/3712 4893/206/206 4892/201/201
f 1992/3710/3709 4175/3712/3711 4176/3715/3714 1997/3713/3712
f 1997/3713/3712 4176/3715/3714 5564/207/207 4893/206/206
f 1990/3705/3704 1993/3714/3713 1998/3716/3715 1994/3706/3705
f 1994/3706/3705 1998/3716/3715 4164/3537/3536 4163/3534/3533
f 1993/3714/3713 4892/201/201 4891/200/200 1998/3716/3715
f 1998/3716/3715 4891/200/200 5563/121/121 4164/3537/3536
f 1999/3717/3716 2003/3718/3717 2004/3719/3718 2000/3720/3719
f 2000/3720/3719 2004/3719/3718 4144/3642/3641 4145/3641/3640
f 2003/3718/3717 4169/3696/3695 4168/3695/3694 2004/3719/3718
f 2004/3719/3718 4168/3695/3694 5449/3636/3635 4144/3642/3641
f 1999/3717/3716 2000/3720/3719 2005/3721/3720 2001/3722/3721
f 2001/3722/3721 2005/3721/3720 5226/3723/3722 5225/3724/3723
f 2000/3720/3719 4145/3641/3640 4146/3654/3653 2005/3721/3720
f 2005/3721/3720 4146/3654/3653 5647/3656/3655 5226/3723/3722
f 1999/3717/3716 2001/3722/3721 2006/3725/3724 2002/3726/3725
f 2002/3726/3725 2006/3725/3724 4173/3727/3726 4172/3728/3727
f 2001/3722/3721 5225/3724/3723 5224/3729/3728 2006/3725/3724
f 2006/3725/3724 5224/3729/3728 5646/3730/3729 4173/3727/3726
f 1999/3717/3716 2002/3726/3725 2007/3731/3730 2003/3718/3717
f 2003/3718/3717 2007/3731/3730 4170/3701/3700 4169/3696/3695
f 2002/3726/3725 4172/3728/3727 4171/3732/3731 2007/3731/3730
f 2007/3731/3730 4171/3732/3731 5454/3702/3701 4170/3701/3700
f 2008/3733/3732 2012/3734/3733 2013/3735/3734 2009/3736/3735
f 2009/3736/3735 2013/3735/3734 4171/3732/3731 4172/3728/3727
f 2012/3734/3733 4175/3712/3711 4174/3711/3710 2013/3735/3734
f 2013/3735/3734 4174/3711/3710 5454/3702/3701 4171/3732/3731
f 2008/3733/3732 2009/3736/3735 2014/3737/3736 2010/3738/3737
f 2010/3738/3737 2014/3737/3736 5223/3739/3738 5222/3740/3739
f 2009/3736/3735 4172/3728/3727 4173/3727/3726 2014/3737/3736
f 2014/3737/3736 4173/3727/3726 5646/3730/3729 5223/3739/3738
f 2008/3733/3732 2010/3738/3737 2015/3741/3740 2011/3742/3741
f 2011/3742/3741 2015/3741/3740 4896/222/222 4895/217/217
f 2010/3738/3737 5222/3740/3739 5221/3743/3742 2015/3741/3740
f 2015/3741/3740 5221/3743/3742 5684/223/223 4896/222/222
f 2008/3733/3732 2011/3742/3741 2016/3744/3743 2012/3734/3733
f 2012/3734/3733 2016/3744/3743 4176/3715/3714 4175/3712/3711
f 2011/3742/3741 4895/217/217 4894/216/216 2016/3744/3743
f 2016/3744/3743 4894/216/216 5564/207/207 4176/3715/3714
f 2017/3745/3744 2021/3746/3745 2022/3747/3746 2018/3748/3747
f 2018/3748/3747 2022/3747/3746 4231/3749/3748 4232/3750/3749
f 2021/3746/3745 4178/3751/3750 4177/3752/3751 2022/3747/3746
f 2022/3747/3746 4177/3752/3751 5455/3753/3752 4231/3749/3748
f 2017/3745/3744 2018/3748/3747 2023/3754/3753 2019/3755/3754
f 2019/3755/3754 2023/3754/3753 4186/3756/3755 4187/3757/3756
f 2018/3748/3747 4232/3750/3749 4233/3758/3757 2023/3754/3753
f 2023/3754/3753 4233/3758/3757 5459/3759/3758 4186/3756/3755
f 2017/3745/3744 2019/3755/3754 2024/3760/3759 2020/3761/3760
f 2020/3761/3760 2024/3760/3759 4185/3762/3761 4184/3763/3762
f 2019/3755/3754 4187/3757/3756 4188/3764/3763 2024/3760/3759
f 2024/3760/3759 4188/3764/3763 5460/3765/3764 4185/3762/3761
f 2017/3745/3744 2020/3761/3760 2025/3766/3765 2021/3746/3745
f 2021/3746/3745 2025/3766/3765 4179/3767/3766 4178/3751/3750
f 2020/3761/3760 4184/3763/3762 4183/3768/3767 2025/3766/3765
f 2025/3766/3765 4183/3768/3767 5456/3769/3768 4179/3767/3766
f 2026/3770/3769 2030/3771/3770 2031/3772/3771 2027/3773/3772
f 2027/3773/3772 2031/3772/3771 4183/3768/3767 4184/3763/3762
f 2030/3771/3770 4181/3774/3773 4180/3775/3774 2031/3772/3771
f 2031/3772/3771 4180/3775/3774 5456/3769/3768 4183/3768/3767
f 2026/3770/3769 2027/3773/3772 2032/3776/3775 2028/3777/3776
f 2028/3777/3776 2032/3776/3775 4192/3778/3777 4193/3779/3778
f 2027/3773/3772 4184/3763/3762 4185/3762/3761 2032/3776/3775
f 2032/3776/3775 4185/3762/3761 5460/3765/3764 4192/3778/3777
f 2026/3770/3769 2028/3777/3776 2033/3780/3779 2029/3781/3780
f 2029/3781/3780 2033/3780/3779 5200/3233/3232 5201/3228/3227
f 2028/3777/3776 4193/3779/3778 4194/3782/3781 2033/3780/3779
f 2033/3780/3779 4194/3782/3781 5640/3234/3233 5200/3233/3232
f 2026/3770/3769 2029/3781/3780 2034/3783/3782 2030/3771/3770
f 2030/3771/3770 2034/3783/3782 4182/3784/3783 4181/3774/3773
f 2029/3781/3780 5201/3228/3227 5202/3227/3226 2034/3783/3782
f 2034/3783/3782 5202/3227/3226 5641/3160/3159 4182/3784/3783
f 2035/3785/3784 2039/3786/3785 2040/3787/3786 2036/3788/3787
f 2036/3788/3787 2040/3787/3786 4234/3789/3788 4235/3790/3789
f 2039/3786/3785 4187/3757/3756 4186/3756/3755 2040/3787/3786
f 2040/3787/3786 4186/3756/3755 5459/3759/3758 4234/3789/3788
f 2035/3785/3784 2036/3788/3787 2041/3791/3790 2037/3792/3791
f 2037/3792/3791 2041/3791/3790 4926/409/409 4925/404/404
f 2036/3788/3787 4235/3790/3789 4236/3793/3792 2041/3791/3790
f 2041/3791/3790 4236/3793/3792 5572/410/410 4926/409/409
f 2035/3785/3784 2037/3792/3791 2042/3794/3793 2038/3795/3794
f 2038/3795/3794 2042/3794/3793 4191/3796/3795 4190/3797/3796
f 2037/3792/3791 4925/404/404 4924/403/403 2042/3794/3793
f 2042/3794/3793 4924/403/403 5571/406/406 4191/3796/3795
f 2035/3785/3784 2038/3795/3794 2043/3798/3797 2039/3786/3785
f 2039/3786/3785 2043/3798/3797 4188/3764/3763 4187/3757/3756
f 2038/3795/3794 4190/3797/3796 4189/3799/3798 2043/3798/3797
f 2043/3798/3797 4189/3799/3798 5460/3765/3764 4188/3764/3763
f 2044/3800/3799 2048/3801/3800 2049/3802/3801 2045/3803/3802
f 2045/3803/3802 2049/3802/3801 4189/3799/3798 4190/3797/3796
f 2048/3801/3800 4193/3779/3778 4192/3778/3777 2049/3802/3801
f 2049/3802/3801 4192/3778/3777 5460/3765/3764 4189/3799/3798
f 2044/3800/3799 2045/3803/3802 2050/3804/3803 2046/3805/3804
f 2046/3805/3804 2050/3804/3803 4923/442/442 4922/438/438
f 2045/3803/3802 4190/3797/3796 4191/3796/3795 2050/3804/3803
f 2050/3804/3803 4191/3796/3795 5571/406/406 4923/442/442
f 2044/3800/3799 2046/3805/3804 2051/3806/3805 2047/3807/3806
f 2047/3807/3806 2051/3806/3805 5197/3247/3246 5198/3244/3243
f 2046/3805/3804 4922/438/438 4921/437/437 2051/3806/3805
f 2051/3806/3805 4921/437/437 5688/440/440 5197/3247/3246
f 2044/3800/3799 2047/3807/3806 2052/3808/3807 2048/3801/3800
f 2048/3801/3800 2052/3808/3807 4194/3782/3781 4193/3779/3778
f 2047/3807/3806 5198/3244/3243 5199/3243/3242 2052/3808/3807
f 2052/3808/3807 5199/3243/3242 5640/3234/3233 4194/3782/3781
f 2053/3809/3808 2057/3810/3809 2058/3811/3810 2054/3812/3811
f 2054/3812/3811 2058/3811/3810 4177/3752/3751 4178/3751/3750
f 2057/3810/3809 4196/3813/3812 4195/3814/3813 2058/3811/3810
f 2058/3811/3810 4195/3814/3813 5455/3753/3752 4177/3752/3751
f 2053/3809/3808 2054/3812/3811 2059/3815/3814 2055/3816/3815
f 2055/3816/3815 2059/3815/3814 4204/3817/3816 4205/3818/3817
f 2054/3812/3811 4178/3751/3750 4179/3767/3766 2059/3815/3814
f 2059/3815/3814 4179/3767/3766 5456/3769/3768 4204/3817/3816
f 2053/3809/3808 2055/3816/3815 2060/3819/3818 2056/3820/3819
f 2056/3820/3819 2060/3819/3818 4203/3821/3820 4202/3822/3821
f 2055/3816/3815 4205/3818/3817 4206/3823/3822 2060/3819/3818
f 2060/3819/3818 4206/3823/3822 5461/3824/3823 4203/3821/3820
f 2053/3809/3808 2056/3820/3819 2061/3825/3824 2057/3810/3809
f 2057/3810/3809 2061/3825/3824 4197/3826/3825 4196/3813/3812
f 2056/3820/3819 4202/3822/3821 4201/3827/3826 2061/3825/3824
f 2061/3825/3824 4201/3827/3826 5457/3828/3827 4197/3826/3825
f 2062/3829/3828 2066/3830/3829 2067/3831/3830 2063/3832/3831
f 2063/3832/3831 2067/3831/3830 4201/3827/3826 4202/3822/3821
f 2066/3830/3829 4199/3833/3832 4198/3834/3833 2067/3831/3830
f 2067/3831/3830 4198/3834/3833 5457/3828/3827 4201/3827/3826
f 2062/3829/3828 2063/3832/3831 2068/3835/3834 2064/3836/3835
f 2064/3836/3835 2068/3835/3834 4210/3837/3836 4211/3838/3837
f 2063/3832/3831 4202/3822/3821 4203/3821/3820 2068/3835/3834
f 2068/3835/3834 4203/3821/3820 5461/3824/3823 4210/3837/3836
f 2062/3829/3828 2064/3836/3835 2069/3839/3838 2065/3840/3839
f 2065/3840/3839 2069/3839/3838 5116/3841/3840 5117/3842/3841
f 2064/3836/3835 4211/3838/3837 4212/3843/3842 2069/3839/3838
f 2069/3839/3838 4212/3843/3842 5619/3844/3843 5116/3841/3840
f 2062/3829/3828 2065/3840/3839 2070/3845/3844 2066/3830/3829
f 2066/3830/3829 2070/3845/3844 4200/3846/3845 4199/3833/3832
f 2065/3840/3839 5117/3842/3841 5118/3847/3846 2070/3845/3844
f 2070/3845/3844 5118/3847/3846 5620/3848/3847 4200/3846/3845
f 2071/3849/3848 2075/3850/3849 2076/3851/3850 2072/3852/3851
f 2072/3852/3851 2076/3851/3850 4180/3775/3774 4181/3774/3773
f 2075/3850/3849 4205/3818/3817 4204/3817/3816 2076/3851/3850
f 2076/3851/3850 4204/3817/3816 5456/3769/3768 4180/3775/3774
f 2071/3849/3848 2072/3852/3851 2077/3853/3852 2073/3854/3853
f 2073/3854/3853 2077/3853/3852 5203/3159/3158 5204/3154/3153
f 2072/3852/3851 4181/3774/3773 4182/3784/3783 2077/3853/3852
f 2077/3853/3852 4182/3784/3783 5641/3160/3159 5203/3159/3158
f 2071/3849/3848 2073/3854/3853 2078/3855/3854 2074/3856/3855
f 2074/3856/3855 2078/3855/3854 4209/3857/3856 4208/3858/3857
f 2073/3854/3853 5204/3154/3153 5205/3153/3152 2078/3855/3854
f 2078/3855/3854 5205/3153/3152 5642/3156/3155 4209/3857/3856
f 2071/3849/3848 2074/3856/3855 2079/3859/3858 2075/3850/3849
f 2075/3850/3849 2079/3859/3858 4206/3823/3822 4205/3818/3817
f 2074/3856/3855 4208/3858/3857 4207/3860/3859 2079/3859/3858
f 2079/3859/3858 4207/3860/3859 5461/3824/3823 4206/3823/3822
f 2080/3861/3860 2084/3862/3861 2085/3863/3862 2081/3864/3863
f 2081/3864/3863 2085/3863/3862 4207/3860/3859 4208/3858/3857
f 2084/3862/3861 4211/3838/3837 4210/3837/3836 2085/3863/3862
f 2085/3863/3862 4210/3837/3836 5461/3824/3823 4207/3860/3859
f 2080/3861/3860 2081/3864/3863 2086/3865/3864 2082/3866/3865
f 2082/3866/3865 2086/3865/3864 5206/3192/3191 5207/3188/3187
f 2081/3864/3863 4208/3858/3857 4209/3857/3856 2086/3865/3864
f 2086/3865/3864 4209/3857/3856 5642/3156/3155 5206/3192/3191
f 2080/3861/3860 2082/3866/3865 2087/3867/3866 2083/3868/3867
f 2083/3868/3867 2087/3867/3866 5113/3869/3868 5114/3870/3869
f 2082/3866/3865 5207/3188/3187 5208/3187/3186 2087/3867/3866
f 2087/3867/3866 5208/3187/3186 5696/3190/3189 5113/3869/3868
f 2080/3861/3860 2083/3868/3867 2088/3871/3870 2084/3862/3861
f 2084/3862/3861 2088/3871/3870 4212/3843/3842 4211/3838/3837
f 2083/3868/3867 5114/3870/3869 5115/3872/3871 2088/3871/3870
f 2088/3871/3870 5115/3872/3871 5619/3844/3843 4212/3843/3842
f 2089/3873/3872 2093/3874/3873 2094/3875/3874 2090/3876/3875
f 2090/3876/3875 2094/3875/3874 4195/3814/3813 4196/3813/3812
f 2093/3874/3873 4214/3877/3876 4213/3878/3877 2094/3875/3874
f 2094/3875/3874 4213/3878/3877 5455/3753/3752 4195/3814/3813
f 2089/3873/3872 2090/3876/3875 2095/3879/3878 2091/3880/3879
f 2091/3880/3879 2095/3879/3878 4222/3881/3880 4223/3882/3881
f 2090/3876/3875 4196/3813/3812 4197/3826/3825 2095/3879/3878
f 2095/3879/3878 4197/3826/3825 5457/3828/3827 4222/3881/3880
f 2089/3873/3872 2091/3880/3879 2096/3883/3882 2092/3884/3883
f 2092/3884/3883 2096/3883/3882 4221/3885/3884 4220/3886/3885
f 2091/3880/3879 4223/3882/3881 4224/3887/3886 2096/3883/3882
f 2096/3883/3882 4224/3887/3886 5462/3888/3887 4221/3885/3884
f 2089/3873/3872 2092/3884/3883 2097/3889/3888 2093/3874/3873
f 2093/3874/3873 2097/3889/3888 4215/3890/3889 4214/3877/3876
f 2092/3884/3883 4220/3886/3885 4219/3891/3890 2097/3889/3888
f 2097/3889/3888 4219/3891/3890 5458/3892/3891 4215/3890/3889
f 2098/3893/3892 2102/3894/3893 2103/3895/3894 2099/3896/3895
f 2099/3896/3895 2103/3895/3894 4219/3891/3890 4220/3886/3885
f 2102/3894/3893 4217/3897/3896 4216/3898/3897 2103/3895/3894
f 2103/3895/3894 4216/3898/3897 5458/3892/3891 4219/3891/3890
f 2098/3893/3892 2099/3896/3895 2104/3899/3898 2100/3900/3899
f 2100/3900/3899 2104/3899/3898 4228/3901/3900 4229/3902/3901
f 2099/3896/3895 4220/3886/3885 4221/3885/3884 2104/3899/3898
f 2104/3899/3898 4221/3885/3884 5462/3888/3887 4228/3901/3900
f 2098/3893/3892 2100/3900/3899 2105/3903/3902 2101/3904/3903
f 2101/3904/3903 2105/3903/3902 5152/2301/2300 5153/2296/2295
f 2100/3900/3899 4229/3902/3901 4230/3905/3904 2105/3903/3902
f 2105/3903/3902 4230/3905/3904 5628/2302/2301 5152/2301/2300
f 2098/3893/3892 2101/3904/3903 2106/3906/3905 2102/3894/3893
f 2102/3894/3893 2106/3906/3905 4218/3907/3906 4217/3897/3896
f 2101/3904/3903 5153/2296/2295 5154/2295/2294 2106/3906/3905
f 2106/3906/3905 5154/2295/2294 5629/2221/2220 4218/3907/3906
f 2107/3908/3907 2111/3909/3908 2112/3910/3909 2108/3911/3910
f 2108/3911/3910 2112/3910/3909 4198/3834/3833 4199/3833/3832
f 2111/3909/3908 4223/3882/3881 4222/3881/3880 2112/3910/3909
f 2112/3910/3909 4222/3881/3880 5457/3828/3827 4198/3834/3833
f 2107/3908/3907 2108/3911/3910 2113/3912/3911 2109/3913/3912
f 2109/3913/3912 2113/3912/3911 5119/3914/3913 5120/3915/3914
f 2108/3911/3910 4199/3833/3832 4200/3846/3845 2113/3912/3911
f 2113/3912/3911 4200/3846/3845 5620/3848/3847 5119/3914/3913
f 2107/3908/3907 2109/3913/3912 2114/3916/3915 2110/3917/3916
f 2110/3917/3916 2114/3916/3915 4227/3918/3917 4226/3919/3918
f 2109/3913/3912 5120/3915/3914 5121/3920/3919 2114/3916/3915
f 2114/3916/3915 5121/3920/3919 5621/3921/3920 4227/3918/3917
f 2107/3908/3907 2110/3917/3916 2115/3922/3921 2111/3909/3908
f 2111/3909/3908 2115/3922/3921 4224/3887/3886 4223/3882/3881
f 2110/3917/3916 4226/3919/3918 4225/3923/3922 2115/3922/3921
f 2115/3922/3921 4225/3923/3922 5462/3888/3887 4224/3887/3886
f 2116/3924/3923 2120/3925/3924 2121/3926/3925 2117/3927/3926
f 2117/3927/3926 2121/3926/3925 4225/3923/3922 4226/3919/3918
f 2120/3925/3924 4229/3902/3901 4228/3901/3900 2121/3926/3925
f 2121/3926/3925 4228/3901/3900 5462/3888/3887 4225/3923/3922
f 2116/3924/3923 2117/3927/3926 2122/3928/3927 2118/3929/3928
f 2118/3929/3928 2122/3928/3927 5122/3930/3929 5123/3931/3930
f 2117/3927/3926 4226/3919/3918 4227/3918/3917 2122/3928/3927
f 2122/3928/3927 4227/3918/3917 5621/3921/3920 5122/3930/3929
f 2116/3924/3923 2118/3929/3928 2123/3932/3931 2119/3933/3932
f 2119/3933/3932 2123/3932/3931 5149/2317/2316 5150/2312/2311
f 2118/3929/3928 5123/3931/3930 5124/3934/3933 2123/3932/3931
f 2123/3932/3931 5124/3934/3933 5695/2318/2317 5149/2317/2316
f 2116/3924/3923 2119/3933/3932 2124/3935/3934 2120/3925/3924
f 2120/3925/3924 2124/3935/3934 4230/3905/3904 4229/3902/3901
f 2119/3933/3932 5150/2312/2311 5151/2311/2310 2124/3935/3934
f 2124/3935/3934 5151/2311/2310 5628/2302/2301 4230/3905/3904
f 2125/3936/3935 2129/3937/3936 2130/3938/3937 2126/3939/3938
f 2126/3939/3938 2130/3938/3937 4213/3878/3877 4214/3877/3876
f 2129/3937/3936 4232/3750/3749 4231/3749/3748 2130/3938/3937
f 2130/3938/3937 4231/3749/3748 5455/3753/3752 4213/3878/3877
f 2125/3936/3935 2126/3939/3938 2131/3940/3939 2127/3941/3940
f 2127/3941/3940 2131/3940/3939 4240/3942/3941 4241/3943/3942
f 2126/3939/3938 4214/3877/3876 4215/3890/3889 2131/3940/3939
f 2131/3940/3939 4215/3890/3889 5458/3892/3891 4240/3942/3941
f 2125/3936/3935 2127/3941/3940 2132/3944/3943 2128/3945/3944
f 2128/3945/3944 2132/3944/3943 4239/3946/3945 4238/3947/3946
f 2127/3941/3940 4241/3943/3942 4242/3948/3947 2132/3944/3943
f 2132/3944/3943 4242/3948/3947 5463/3949/3948 4239/3946/3945
f 2125/3936/3935 2128/3945/3944 2133/3950/3949 2129/3937/3936
f 2129/3937/3936 2133/3950/3949 4233/3758/3757 4232/3750/3749
f 2128/3945/3944 4238/3947/3946 4237/3951/3950 2133/3950/3949
f 2133/3950/3949 4237/3951/3950 5459/3759/3758 4233/3758/3757
f 2134/3952/3951 2138/3953/3952 2139/3954/3953 2135/3955/3954
f 2135/3955/3954 2139/3954/3953 4237/3951/3950 4238/3947/3946
f 2138/3953/3952 4235/3790/3789 4234/3789/3788 2139/3954/3953
f 2139/3954/3953 4234/3789/3788 5459/3759/3758 4237/3951/3950
f 2134/3952/3951 2135/3955/3954 2140/3956/3955 2136/3957/3956
f 2136/3957/3956 2140/3956/3955 4246/3958/3957 4247/3959/3958
f 2135/3955/3954 4238/3947/3946 4239/3946/3945 2140/3956/3955
f 2140/3956/3955 4239/3946/3945 5463/3949/3948 4246/3958/3957
f 2134/3952/3951 2136/3957/3956 2141/3960/3959 2137/3961/3960
f 2137/3961/3960 2141/3960/3959 4929/495/495 4928/490/490
f 2136/3957/3956 4247/3959/3958 4248/3962/3961 2141/3960/3959
f 2141/3960/3959 4248/3962/3961 5573/496/496 4929/495/495
f 2134/3952/3951 2137/3961/3960 2142/3963/3962 2138/3953/3952
f 2138/3953/3952 2142/3963/3962 4236/3793/3792 4235/3790/3789
f 2137/3961/3960 4928/490/490 4927/489/489 2142/3963/3962
f 2142/3963/3962 4927/489/489 5572/410/410 4236/3793/3792
f 2143/3964/3963 2147/3965/3964 2148/3966/3965 2144/3967/3966
f 2144/3967/3966 2148/3966/3965 4216/3898/3897 4217/3897/3896
f 2147/3965/3964 4241/3943/3942 4240/3942/3941 2148/3966/3965
f 2148/3966/3965 4240/3942/3941 5458/3892/3891 4216/3898/3897
f 2143/3964/3963 2144/3967/3966 2149/3968/3967 2145/3969/3968
f 2145/3969/3968 2149/3968/3967 5155/2220/2219 5156/2215/2214
f 2144/3967/3966 4217/3897/3896 4218/3907/3906 2149/3968/3967
f 2149/3968/3967 4218/3907/3906 5629/2221/2220 5155/2220/2219
f 2143/3964/3963 2145/3969/3968 2150/3970/3969 2146/3971/3970
f 2146/3971/3970 2150/3970/3969 4245/3972/3971 4244/3973/3972
f 2145/3969/3968 5156/2215/2214 5157/2214/2213 2150/3970/3969
f 2150/3970/3969 5157/2214/2213 5630/2217/2216 4245/3972/3971
f 2143/3964/3963 2146/3971/3970 2151/3974/3973 2147/3965/3964
f 2147/3965/3964 2151/3974/3973 4242/3948/3947 4241/3943/3942
f 2146/3971/3970 4244/3973/3972 4243/3975/3974 2151/3974/3973
f 2151/3974/3973 4243/3975/3974 5463/3949/3948 4242/3948/3947
f 2152/3976/3975 2156/3977/3976 2157/3978/3977 2153/3979/3978
f 2153/3979/3978 2157/3978/3977 4243/3975/3974 4244/3973/3972
f 2156/3977/3976 4247/3959/3958 4246/3958/3957 2157/3978/3977
f 2157/3978/3977 4246/3958/3957 5463/3949/3948 4243/3975/3974
f 2152/3976/3975 2153/3979/3978 2158/3980/3979 2154/3981/3980
f 2154/3981/3980 2158/3980/3979 5158/2248/2247 5159/2246/2245
f 2153/3979/3978 4244/3973/3972 4245/3972/3971 2158/3980/3979
f 2158/3980/3979 4245/3972/3971 5630/2217/2216 5158/2248/2247
f 2152/3976/3975 2154/3981/3980 2159/3982/3981 2155/3983/3982
f 2155/3983/3982 2159/3982/3981 4932/511/511 4931/506/506
f 2154/3981/3980 5159/2246/2245 5160/2245/2244 2159/3982/3981
f 2159/3982/3981 5160/2245/2244 5687/512/512 4932/511/511
f 2152/3976/3975 2155/3983/3982 2160/3984/3983 2156/3977/3976
f 2156/3977/3976 2160/3984/3983 4248/3962/3961 4247/3959/3958
f 2155/3983/3982 4931/506/506 4930/505/505 2160/3984/3983
f 2160/3984/3983 4930/505/505 5573/496/496 4248/3962/3961
f 2161/3985/3984 2165/3986/3985 2166/3987/3986 2162/3988/3987
f 2162/3988/3987 2166/3987/3986 4303/3989/3988 4304/3990/3989
f 2165/3986/3985 4250/3991/3990 4249/3992/3991 2166/3987/3986
f 2166/3987/3986 4249/3992/3991 5464/3993/3992 4303/3989/3988
f 2161/3985/3984 2162/3988/3987 2167/3994/3993 2163/3995/3994
f 2163/3995/3994 2167/3994/3993 4258/3996/3995 4259/3997/3996
f 2162/3988/3987 4304/3990/3989 4305/3998/3997 2167/3994/3993
f 2167/3994/3993 4305/3998/3997 5468/3999/3998 4258/3996/3995
f 2161/3985/3984 2163/3995/3994 2168/4000/3999 2164/4001/4000
f 2164/4001/4000 2168/4000/3999 4257/4002/4001 4256/4003/4002
f 2163/3995/3994 4259/3997/3996 4260/4004/4003 2168/4000/3999
f 2168/4000/3999 4260/4004/4003 5469/4005/4004 4257/4002/4001
f 2161/3985/3984 2164/4001/4000 2169/4006/4005 2165/3986/3985
f 2165/3986/3985 2169/4006/4005 4251/4007/4006 4250/3991/3990
f 2164/4001/4000 4256/4003/4002 4255/4008/4007 2169/4006/4005
f 2169/4006/4005 4255/4008/4007 5465/4009/4008 4251/4007/4006
f 2170/4010/4009 2174/4011/4010 2175/4012/4011 2171/4013/4012
f 2171/4013/4012 2175/4012/4011 4255/4008/4007 4256/4003/4002
f 2174/4011/4010 4253/4014/4013 4252/4015/4014 2175/4012/4011
f 2175/4012/4011 4252/4015/4014 5465/4009/4008 4255/4008/4007
f 2170/4010/4009 2171/4013/4012 2176/4016/4015 2172/4017/4016
f 2172/4017/4016 2176/4016/4015 4264/4018/4017 4265/4019/4018
f 2171/4013/4012 4256/4003/4002 4257/4002/4001 2176/4016/4015
f 2176/4016/4015 4257/4002/4001 5469/4005/4004 4264/4018/4017
f 2170/4010/4009 2172/4017/4016 2177/4020/4019 2173/4021/4020
f 2173/4021/4020 2177/4020/4019 5224/3729/3728 5225/3724/3723
f 2172/4017/4016 4265/4019/4018 4266/4022/4021 2177/4020/4019
f 2177/4020/4019 4266/4022/4021 5646/3730/3729 5224/3729/3728
f 2170/4010/4009 2173/4021/4020 2178/4023/4022 2174/4011/4010
f 2174/4011/4010 2178/4023/4022 4254/4024/4023 4253/4014/4013
f 2173/4021/4020 5225/3724/3723 5226/3723/3722 2178/4023/4022
f 2178/4023/4022 5226/3723/3722 5647/3656/3655 4254/4024/4023
f 2179/4025/4024 2183/4026/4025 2184/4027/4026 2180/4028/4027
f 2180/4028/4027 2184/4027/4026 4306/4029/4028 4307/4030/4029
f 2183/4026/4025 4259/3997/3996 4258/3996/3995 2184/4027/4026
f 2184/4027/4026 4258/3996/3995 5468/3999/3998 4306/4029/4028
f 2179/4025/4024 2180/4028/4027 2185/4031/4030 2181/4032/4031
f 2181/4032/4031 2185/4031/4030 4878/689/689 4877/684/684
f 2180/4028/4027 4307/4030/4029 4308/4033/4032 2185/4031/4030
f 2185/4031/4030 4308/4033/4032 5560/690/690 4878/689/689
f 2179/4025/4024 2181/4032/4031 2186/4034/4033 2182/4035/4034
f 2182/4035/4034 2186/4034/4033 4263/4036/4035 4262/4037/4036
f 2181/4032/4031 4877/684/684 4876/683/683 2186/4034/4033
f 2186/4034/4033 4876/683/683 5559/686/686 4263/4036/4035
f 2179/4025/4024 2182/4035/4034 2187/4038/4037 2183/4026/4025
f 2183/4026/4025 2187/4038/4037 4260/4004/4003 4259/3997/3996
f 2182/4035/4034 4262/4037/4036 4261/4039/4038 2187/4038/4037
f 2187/4038/4037 4261/4039/4038 5469/4005/4004 4260/4004/4003
f 2188/4040/4039 2192/4041/4040 2193/4042/4041 2189/4043/4042
f 2189/4043/4042 2193/4042/4041 4261/4039/4038 4262/4037/4036
f 2192/4041/4040 4265/4019/4018 4264/4018/4017 2193/4042/4041
f 2193/4042/4041 4264/4018/4017 5469/4005/4004 4261/4039/4038
f 2188/4040/4039 2189/4043/4042 2194/4044/4043 2190/4045/4044
f 2190/4045/4044 2194/4044/4043 4875/714/714 4874/712/712
f 2189/4043/4042 4262/4037/4036 4263/4036/4035 2194/4044/4043
f 2194/4044/4043 4263/4036/4035 5559/686/686 4875/714/714
f 2188/4040/4039 2190/4045/4044 2195/4046/4045 2191/4047/4046
f 2191/4047/4046 2195/4046/4045 5221/3743/3742 5222/3740/3739
f 2190/4045/4044 4874/712/712 4873/711/711 2195/4046/4045
f 2195/4046/4045 4873/711/711 5684/223/223 5221/3743/3742
f 2188/4040/4039 2191/4047/4046 2196/4048/4047 2192/4041/4040
f 2192/4041/4040 2196/4048/4047 4266/4022/4021 4265/4019/4018
f 2191/4047/4046 5222/3740/3739 5223/3739/3738 2196/4048/4047
f 2196/4048/4047 5223/3739/3738 5646/3730/3729 4266/4022/4021
f 2197/4049/4048 2201/4050/4049 2202/4051/4050 2198/4052/4051
f 2198/4052/4051 2202/4051/4050 4249/3992/3991 4250/3991/3990
f 2201/4050/4049 4268/4053/4052 4267/4054/4053 2202/4051/4050
f 2202/4051/4050 4267/4054/4053 5464/3993/3992 4249/3992/3991
f 2197/4049/4048 2198/4052/4051 2203/4055/4054 2199/4056/4055
f 2199/4056/4055 2203/4055/4054 4276/4057/4056 4277/4058/4057
f 2198/4052/4051 4250/3991/3990 4251/4007/4006 2203/4055/4054
f 2203/4055/4054 4251/4007/4006 5465/4009/4008 4276/4057/4056
f 2197/4049/4048 2199/4056/4055 2204/4059/4058 2200/4060/4059
f 2200/4060/4059 2204/4059/4058 4275/4061/4060 4274/4062/4061
f 2199/4056/4055 4277/4058/4057 4278/4063/4062 2204/4059/4058
f 2204/4059/4058 4278/4063/4062 5470/4064/4063 4275/4061/4060
f 2197/4049/4048 2200/4060/4059 2205/4065/4064 2201/4050/4049
f 2201/4050/4049 2205/4065/4064 4269/4066/4065 4268/4053/4052
f 2200/4060/4059 4274/4062/4061 4273/4067/4066 2205/4065/4064
f 2205/4065/4064 4273/4067/4066 5466/4068/4067 4269/4066/4065
f 2206/4069/4068 2210/4070/4069 2211/4071/4070 2207/4072/4071
f 2207/4072/4071 2211/4071/4070 4273/4067/4066 4274/4062/4061
f 2210/4070/4069 4271/4073/4072 4270/4074/4073 2211/4071/4070
f 2211/4071/4070 4270/4074/4073 5466/4068/4067 4273/4067/4066
f 2206/4069/4068 2207/4072/4071 2212/4075/4074 2208/4076/4075
f 2208/4076/4075 2212/4075/4074 4282/4077/4076 4283/4078/4077
f 2207/4072/4071 4274/4062/4061 4275/4061/4060 2212/4075/4074
f 2212/4075/4074 4275/4061/4060 5470/4064/4063 4282/4077/4076
f 2206/4069/4068 2208/4076/4075 2213/4079/4078 2209/4080/4079
f 2209/4080/4079 2213/4079/4078 5068/4081/4080 5069/4082/4081
f 2208/4076/4075 4283/4078/4077 4284/4083/4082 2213/4079/4078
f 2213/4079/4078 4284/4083/4082 5607/4084/4083 5068/4081/4080
f 2206/4069/4068 2209/4080/4079 2214/4085/4084 2210/4070/4069
f 2210/4070/4069 2214/4085/4084 4272/4086/4085 4271/4073/4072
f 2209/4080/4079 5069/4082/4081 5070/4087/4086 2214/4085/4084
f 2214/4085/4084 5070/4087/4086 5608/4088/4087 4272/4086/4085
f 2215/4089/4088 2219/4090/4089 2220/4091/4090 2216/4092/4091
f 2216/4092/4091 2220/4091/4090 4252/4015/4014 4253/4014/4013
f 2219/4090/4089 4277/4058/4057 4276/4057/4056 2220/4091/4090
f 2220/4091/4090 4276/4057/4056 5465/4009/4008 4252/4015/4014
f 2215/4089/4088 2216/4092/4091 2221/4093/4092 2217/4094/4093
f 2217/4094/4093 2221/4093/4092 5227/3655/3654 5228/3650/3649
f 2216/4092/4091 4253/4014/4013 4254/4024/4023 2221/4093/4092
f 2221/4093/4092 4254/4024/4023 5647/3656/3655 5227/3655/3654
f 2215/4089/4088 2217/4094/4093 2222/4095/4094 2218/4096/4095
f 2218/4096/4095 2222/4095/4094 4281/4097/4096 4280/4098/4097
f 2217/4094/4093 5228/3650/3649 5229/3649/3648 2222/4095/4094
f 2222/4095/4094 5229/3649/3648 5648/3652/3651 4281/4097/4096
f 2215/4089/4088 2218/4096/4095 2223/4099/4098 2219/4090/4089
f 2219/4090/4089 2223/4099/4098 4278/4063/4062 4277/4058/4057
f 2218/4096/4095 4280/4098/4097 4279/4100/4099 2223/4099/4098
f 2223/4099/4098 4279/4100/4099 5470/4064/4063 4278/4063/4062
f 2224/4101/4100 2228/4102/4101 2229/4103/4102 2225/4104/4103
f 2225/4104/4103 2229/4103/4102 4279/4100/4099 4280/4098/4097
f 2228/4102/4101 4283/4078/4077 4282/4077/4076 2229/4103/4102
f 2229/4103/4102 4282/4077/4076 5470/4064/4063 4279/4100/4099
f 2224/4101/4100 2225/4104/4103 2230/4105/4104 2226/4106/4105
f 2226/4106/4105 2230/4105/4104 5230/3688/3687 5231/3684/3683
f 2225/4104/4103 4280/4098/4097 4281/4097/4096 2230/4105/4104
f 2230/4105/4104 4281/4097/4096 5648/3652/3651 5230/3688/3687
f 2224/4101/4100 2226/4106/4105 2231/4107/4106 2227/4108/4107
f 2227/4108/4107 2231/4107/4106 5065/4109/4108 5066/4110/4109
f 2226/4106/4105 5231/3684/3683 5232/3683/3682 2231/4107/4106
f 2231/4107/4106 5232/3683/3682 5692/3686/3685 5065/4109/4108
f 2224/4101/4100 2227/4108/4107 2232/4111/4110 2228/4102/4101
f 2228/4102/4101 2232/4111/4110 4284/4083/4082 4283/4078/4077
f 2227/4108/4107 5066/4110/4109 5067/4112/4111 2232/4111/4110
f 2232/4111/4110 5067/4112/4111 5607/4084/4083 4284/4083/4082
f 2233/4113/4112 2237/4114/4113 2238/4115/4114 2234/4116/4115
f 2234/4116/4115 2238/4115/4114 4267/4054/4053 4268/4053/4052
f 2237/4114/4113 4286/4117/4116 4285/4118/4117 2238/4115/4114
f 2238/4115/4114 4285/4118/4117 5464/3993/3992 4267/4054/4053
f 2233/4113/4112 2234/4116/4115 2239/4119/4118 2235/4120/4119
f 2235/4120/4119 2239/4119/4118 4294/4121/4120 4295/4122/4121
f 2234/4116/4115 4268/4053/4052 4269/4066/4065 2239/4119/4118
f 2239/4119/4118 4269/4066/4065 5466/4068/4067 4294/4121/4120
f 2233/4113/4112 2235/4120/4119 2240/4123/4122 2236/4124/4123
f 2236/4124/4123 2240/4123/4122 4293/4125/4124 4292/4126/4125
f 2235/4120/4119 4295/4122/4121 4296/4127/4126 2240/4123/4122
f 2240/4123/4122 4296/4127/4126 5471/4128/4127 4293/4125/4124
f 2233/4113/4112 2236/4124/4123 2241/4129/4128 2237/4114/4113
f 2237/4114/4113 2241/4129/4128 4287/4130/4129 4286/4117/4116
f 2236/4124/4123 4292/4126/4125 4291/4131/4130 2241/4129/4128
f 2241/4129/4128 4291/4131/4130 5467/4132/4131 4287/4130/4129
f 2242/4133/4132 2246/4134/4133 2247/4135/4134 2243/4136/4135
f 2243/4136/4135 2247/4135/4134 4291/4131/4130 4292/4126/4125
f 2246/4134/4133 4289/4137/4136 4288/4138/4137 2247/4135/4134
f 2247/4135/4134 4288/4138/4137 5467/4132/4131 4291/4131/4130
f 2242/4133/4132 2243/4136/4135 2248/4139/4138 2244/4140/4139
f 2244/4140/4139 2248/4139/4138 4300/4141/4140 4301/4142/4141
f 2243/4136/4135 4292/4126/4125 4293/4125/4124 2248/4139/4138
f 2248/4139/4138 4293/4125/4124 5471/4128/4127 4300/4141/4140
f 2242/4133/4132 2244/4140/4139 2249/4143/4142 2245/4144/4143
f 2245/4144/4143 2249/4143/4142 5176/2573/2572 5177/2568/2567
f 2244/4140/4139 4301/4142/4141 4302/4145/4144 2249/4143/4142
f 2249/4143/4142 4302/4145/4144 5634/2574/2573 5176/2573/2572
f 2242/4133/4132 2245/4144/4143 2250/4146/4145 2246/4134/4133
f 2246/4134/4133 2250/4146/4145 4290/4147/4146 4289/4137/4136
f 2245/4144/4143 5177/2568/2567 5178/2567/2566 2250/4146/4145
f 2250/4146/4145 5178/2567/2566 5635/2493/2492 4290/4147/4146
f 2251/4148/4147 2255/4149/4148 2256/4150/4149 2252/4151/4150
f 2252/4151/4150 2256/4150/4149 4270/4074/4073 4271/4073/4072
f 2255/4149/4148 4295/4122/4121 4294/4121/4120 2256/4150/4149
f 2256/4150/4149 4294/4121/4120 5466/4068/4067 4270/4074/4073
f 2251/4148/4147 2252/4151/4150 2257/4152/4151 2253/4153/4152
f 2253/4153/4152 2257/4152/4151 5071/4154/4153 5072/4155/4154
f 2252/4151/4150 4271/4073/4072 4272/4086/4085 2257/4152/4151
f 2257/4152/4151 4272/4086/4085 5608/4088/4087 5071/4154/4153
f 2251/4148/4147 2253/4153/4152 2258/4156/4155 2254/4157/4156
f 2254/4157/4156 2258/4156/4155 4299/4158/4157 4298/4159/4158
f 2253/4153/4152 5072/4155/4154 5073/4160/4159 2258/4156/4155
f 2258/4156/4155 5073/4160/4159 5609/4161/4160 4299/4158/4157
f 2251/4148/4147 2254/4157/4156 2259/4162/4161 2255/4149/4148
f 2255/4149/4148 2259/4162/4161 4296/4127/4126 4295/4122/4121
f 2254/4157/4156 4298/4159/4158 4297/4163/4162 2259/4162/4161
f 2259/4162/4161 4297/4163/4162 5471/4128/4127 4296/4127/4126
f 2260/4164/4163 2264/4165/4164 2265/4166/4165 2261/4167/4166
f 2261/4167/4166 2265/4166/4165 4297/4163/4162 4298/4159/4158
f 2264/4165/4164 4301/4142/4141 4300/4141/4140 2265/4166/4165
f 2265/4166/4165 4300/4141/4140 5471/4128/4127 4297/4163/4162
f 2260/4164/4163 2261/4167/4166 2266/4168/4167 2262/4169/4168
f 2262/4169/4168 2266/4168/4167 5074/4170/4169 5075/4171/4170
f 2261/4167/4166 4298/4159/4158 4299/4158/4157 2266/4168/4167
f 2266/4168/4167 4299/4158/4157 5609/4161/4160 5074/4170/4169
f 2260/4164/4163 2262/4169/4168 2267/4172/4171 2263/4173/4172
f 2263/4173/4172 2267/4172/4171 5173/2589/2588 5174/2584/2583
f 2262/4169/4168 5075/4171/4170 5076/4174/4173 2267/4172/4171
f 2267/4172/4171 5076/4174/4173 5691/2590/2589 5173/2589/2588
f 2260/4164/4163 2263/4173/4172 2268/4175/4174 2264/4165/4164
f 2264/4165/4164 2268/4175/4174 4302/4145/4144 4301/4142/4141
f 2263/4173/4172 5174/2584/2583 5175/2583/2582 2268/4175/4174
f 2268/4175/4174 5175/2583/2582 5634/2574/2573 4302/4145/4144
f 2269/4176/4175 2273/4177/4176 2274/4178/4177 2270/4179/4178
f 2270/4179/4178 2274/4178/4177 4285/4118/4117 4286/4117/4116
f 2273/4177/4176 4304/3990/3989 4303/3989/3988 2274/4178/4177
f 2274/4178/4177 4303/3989/3988 5464/3993/3992 4285/4118/4117
f 2269/4176/4175 2270/4179/4178 2275/4180/4179 2271/4181/4180
f 2271/4181/4180 2275/4180/4179 4312/4182/4181 4313/4183/4182
f 2270/4179/4178 4286/4117/4116 4287/4130/4129 2275/4180/4179
f 2275/4180/4179 4287/4130/4129 5467/4132/4131 4312/4182/4181
f 2269/4176/4175 2271/4181/4180 2276/4184/4183 2272/4185/4184
f 2272/4185/4184 2276/4184/4183 4311/4186/4185 4310/4187/4186
f 2271/4181/4180 4313/4183/4182 4314/4188/4187 2276/4184/4183
f 2276/4184/4183 4314/4188/4187 5472/4189/4188 4311/4186/4185
f 2269/4176/4175 2272/4185/4184 2277/4190/4189 2273/4177/4176
f 2273/4177/4176 2277/4190/4189 4305/3998/3997 4304/3990/3989
f 2272/4185/4184 4310/4187/4186 4309/4191/4190 2277/4190/4189
f 2277/4190/4189 4309/4191/4190 5468/3999/3998 4305/3998/3997
f 2278/4192/4191 2282/4193/4192 2283/4194/4193 2279/4195/4194
f 2279/4195/4194 2283/4194/4193 4309/4191/4190 4310/4187/4186
f 2282/4193/4192 4307/4030/4029 4306/4029/4028 2283/4194/4193
f 2283/4194/4193 4306/4029/4028 5468/3999/3998 4309/4191/4190
f 2278/4192/4191 2279/4195/4194 2284/4196/4195 2280/4197/4196
f 2280/4197/4196 2284/4196/4195 4318/4198/4197 4319/4199/4198
f 2279/4195/4194 4310/4187/4186 4311/4186/4185 2284/4196/4195
f 2284/4196/4195 4311/4186/4185 5472/4189/4188 4318/4198/4197
f 2278/4192/4191 2280/4197/4196 2285/4200/4199 2281/4201/4200
f 2281/4201/4200 2285/4200/4199 4881/767/767 4880/762/762
f 2280/4197/4196 4319/4199/4198 4320/4202/4201 2285/4200/4199
f 2285/4200/4199 4320/4202/4201 5561/768/768 4881/767/767
f 2278/4192/4191 2281/4201/4200 2286/4203/4202 2282/4193/4192
f 2282/4193/4192 2286/4203/4202 4308/4033/4032 4307/4030/4029
f 2281/4201/4200 4880/762/762 4879/761/761 2286/4203/4202
f 2286/4203/4202 4879/761/761 5560/690/690 4308/4033/4032
f 2287/4204/4203 2291/4205/4204 2292/4206/4205 2288/4207/4206
f 2288/4207/4206 2292/4206/4205 4288/4138/4137 4289/4137/4136
f 2291/4205/4204 4313/4183/4182 4312/4182/4181 2292/4206/4205
f 2292/4206/4205 4312/4182/4181 5467/4132/4131 4288/4138/4137
f 2287/4204/4203 2288/4207/4206 2293/4208/4207 2289/4209/4208
f 2289/4209/4208 2293/4208/4207 5179/2492/2491 5180/2487/2486
f 2288/4207/4206 4289/4137/4136 4290/4147/4146 2293/4208/4207
f 2293/4208/4207 4290/4147/4146 5635/2493/2492 5179/2492/2491
f 2287/4204/4203 2289/4209/4208 2294/4210/4209 2290/4211/4210
f 2290/4211/4210 2294/4210/4209 4317/4212/4211 4316/4213/4212
f 2289/4209/4208 5180/2487/2486 5181/2486/2485 2294/4210/4209
f 2294/4210/4209 5181/2486/2485 5636/2489/2488 4317/4212/4211
f 2287/4204/4203 2290/4211/4210 2295/4214/4213 2291/4205/4204
f 2291/4205/4204 2295/4214/4213 4314/4188/4187 4313/4183/4182
f 2290/4211/4210 4316/4213/4212 4315/4215/4214 2295/4214/4213
f 2295/4214/4213 4315/4215/4214 5472/4189/4188 4314/4188/4187
f 2296/4216/4215 2300/4217/4216 2301/4218/4217 2297/4219/4218
f 2297/4219/4218 2301/4218/4217 4315/4215/4214 4316/4213/4212
f 2300/4217/4216 4319/4199/4198 4318/4198/4197 2301/4218/4217
f 2301/4218/4217 4318/4198/4197 5472/4189/4188 4315/4215/4214
f 2296/4216/4215 2297/4219/4218 2302/4220/4219 2298/4221/4220
f 2298/4221/4220 2302/4220/4219 5182/2520/2519 5183/2518/2517
f 2297/4219/4218 4316/4213/4212 4317/4212/4211 2302/4220/4219
f 2302/4220/4219 4317/4212/4211 5636/2489/2488 5182/2520/2519
f 2296/4216/4215 2298/4221/4220 2303/4222/4221 2299/4223/4222
f 2299/4223/4222 2303/4222/4221 4884/783/783 4883/778/778
f 2298/4221/4220 5183/2518/2517 5184/2517/2516 2303/4222/4221
f 2303/4222/4221 5184/2517/2516 5683/784/784 4884/783/783
f 2296/4216/4215 2299/4223/4222 2304/4224/4223 2300/4217/4216
f 2300/4217/4216 2304/4224/4223 4320/4202/4201 4319/4199/4198
f 2299/4223/4222 4883/778/778 4882/777/777 2304/4224/4223
f 2304/4224/4223 4882/777/777 5561/768/768 4320/4202/4201
f 2305/4225/4224 2309/4226/4225 2310/4227/4226 2306/4228/4227
f 2306/4228/4227 2310/4227/4226 4357/4229/4228 4358/4230/4229
f 2309/4226/4225 4322/4231/4230 4321/4232/4231 2310/4227/4226
f 2310/4227/4226 4321/4232/4231 5473/4233/4232 4357/4229/4228
f 2305/4225/4224 2306/4228/4227 2311/4234/4233 2307/4235/4234
f 2307/4235/4234 2311/4234/4233 4330/4236/4235 4331/4237/4236
f 2306/4228/4227 4358/4230/4229 4359/4238/4237 2311/4234/4233
f 2311/4234/4233 4359/4238/4237 5476/4239/4238 4330/4236/4235
f 2305/4225/4224 2307/4235/4234 2312/4240/4239 2308/4241/4240
f 2308/4241/4240 2312/4240/4239 4329/4242/4241 4328/4243/4242
f 2307/4235/4234 4331/4237/4236 4332/4244/4243 2312/4240/4239
f 2312/4240/4239 4332/4244/4243 5477/4245/4244 4329/4242/4241
f 2305/4225/4224 2308/4241/4240 2313/4246/4245 2309/4226/4225
f 2309/4226/4225 2313/4246/4245 4323/4247/4246 4322/4231/4230
f 2308/4241/4240 4328/4243/4242 4327/4248/4247 2313/4246/4245
f 2313/4246/4245 4327/4248/4247 5474/4249/4248 4323/4247/4246
f 2314/4250/4249 2318/4251/4250 2319/4252/4251 2315/4253/4252
f 2315/4253/4252 2319/4252/4251 4327/4248/4247 4328/4243/4242
f 2318/4251/4250 4325/4254/4253 4324/4255/4254 2319/4252/4251
f 2319/4252/4251 4324/4255/4254 5474/4249/4248 4327/4248/4247
f 2314/4250/4249 2315/4253/4252 2320/4256/4255 2316/4257/4256
f 2316/4257/4256 2320/4256/4255 4336/4258/4257 4337/4259/4258
f 2315/4253/4252 4328/4243/4242 4329/4242/4241 2320/4256/4255
f 2320/4256/4255 4329/4242/4241 5477/4245/4244 4336/4258/4257
f 2314/4250/4249 2316/4257/4256 2321/4260/4259 2317/4261/4260
f 2317/4261/4260 2321/4260/4259 5265/4262/4261 5264/4263/4262
f 2316/4257/4256 4337/4259/4258 4338/4264/4263 2321/4260/4259
f 2321/4260/4259 4338/4264/4263 5657/4265/4264 5265/4262/4261
f 2314/4250/4249 2317/4261/4260 2322/4266/4265 2318/4251/4250
f 2318/4251/4250 2322/4266/4265 4326/4267/4266 4325/4254/4253
f 2317/4261/4260 5264/4263/4262 5263/4268/4267 2322/4266/4265
f 2322/4266/4265 5263/4268/4267 5656/4269/4268 4326/4267/4266
f 2323/4270/4269 2327/4271/4270 2328/4272/4271 2324/4273/4272
f 2324/4273/4272 2328/4272/4271 4360/4274/4273 4361/4275/4274
f 2327/4271/4270 4331/4237/4236 4330/4236/4235 2328/4272/4271
f 2328/4272/4271 4330/4236/4235 5476/4239/4238 4360/4274/4273
f 2323/4270/4269 2324/4273/4272 2329/4276/4275 2325/4277/4276
f 2325/4277/4276 2329/4276/4275 5118/3847/3846 5117/3842/3841
f 2324/4273/4272 4361/4275/4274 4362/4278/4277 2329/4276/4275
f 2329/4276/4275 4362/4278/4277 5620/3848/3847 5118/3847/3846
f 2323/4270/4269 2325/4277/4276 2330/4279/4278 2326/4280/4279
f 2326/4280/4279 2330/4279/4278 4335/4281/4280 4334/4282/4281
f 2325/4277/4276 5117/3842/3841 5116/3841/3840 2330/4279/4278
f 2330/4279/4278 5116/3841/3840 5619/3844/3843 4335/4281/4280
f 2323/4270/4269 2326/4280/4279 2331/4283/4282 2327/4271/4270
f 2327/4271/4270 2331/4283/4282 4332/4244/4243 4331/4237/4236
f 2326/4280/4279 4334/4282/4281 4333/4284/4283 2331/4283/4282
f 2331/4283/4282 4333/4284/4283 5477/4245/4244 4332/4244/4243
f 2332/4285/4284 2336/4286/4285 2337/4287/4286 2333/4288/4287
f 2333/4288/4287 2337/4287/4286 4333/4284/4283 4334/4282/4281
f 2336/4286/4285 4337/4259/4258 4336/4258/4257 2337/4287/4286
f 2337/4287/4286 4336/4258/4257 5477/4245/4244 4333/4284/4283
f 2332/4285/4284 2333/4288/4287 2338/4289/4288 2334/4290/4289
f 2334/4290/4289 2338/4289/4288 5115/3872/3871 5114/3870/3869
f 2333/4288/4287 4334/4282/4281 4335/4281/4280 2338/4289/4288
f 2338/4289/4288 4335/4281/4280 5619/3844/3843 5115/3872/3871
f 2332/4285/4284 2334/4290/4289 2339/4291/4290 2335/4292/4291
f 2335/4292/4291 2339/4291/4290 5268/4293/4292 5267/4294/4293
f 2334/4290/4289 5114/3870/3869 5113/3869/3868 2339/4291/4290
f 2339/4291/4290 5113/3869/3868 5696/3190/3189 5268/4293/4292
f 2332/4285/4284 2335/4292/4291 2340/4295/4294 2336/4286/4285
f 2336/4286/4285 2340/4295/4294 4338/4264/4263 4337/4259/4258
f 2335/4292/4291 5267/4294/4293 5266/4296/4295 2340/4295/4294
f 2340/4295/4294 5266/4296/4295 5657/4265/4264 4338/4264/4263
f 2341/4297/4296 2345/4298/4297 2346/4299/4298 2342/4300/4299
f 2342/4300/4299 2346/4299/4298 4321/4232/4231 4322/4231/4230
f 2345/4298/4297 4340/4301/4300 4339/4302/4301 2346/4299/4298
f 2346/4299/4298 4339/4302/4301 5473/4233/4232 4321/4232/4231
f 2341/4297/4296 2342/4300/4299 2347/4303/4302 2343/4304/4303
f 2343/4304/4303 2347/4303/4302 4348/4305/4304 4349/4306/4305
f 2342/4300/4299 4322/4231/4230 4323/4247/4246 2347/4303/4302
f 2347/4303/4302 4323/4247/4246 5474/4249/4248 4348/4305/4304
f 2341/4297/4296 2343/4304/4303 2348/4307/4306 2344/4308/4307
f 2344/4308/4307 2348/4307/4306 4347/4309/4308 4346/4310/4309
f 2343/4304/4303 4349/4306/4305 4350/4311/4310 2348/4307/4306
f 2348/4307/4306 4350/4311/4310 5478/4312/4311 4347/4309/4308
f 2341/4297/4296 2344/4308/4307 2349/4313/4312 2345/4298/4297
f 2345/4298/4297 2349/4313/4312 4341/4314/4313 4340/4301/4300
f 2344/4308/4307 4346/4310/4309 4345/4315/4314 2349/4313/4312
f 2349/4313/4312 4345/4315/4314 5475/4316/4315 4341/4314/4313
f 2350/4317/4316 2354/4318/4317 2355/4319/4318 2351/4320/4319
f 2351/4320/4319 2355/4319/4318 4345/4315/4314 4346/4310/4309
f 2354/4318/4317 4343/4321/4320 4342/4322/4321 2355/4319/4318
f 2355/4319/4318 4342/4322/4321 5475/4316/4315 4345/4315/4314
f 2350/4317/4316 2351/4320/4319 2356/4323/4322 2352/4324/4323
f 2352/4324/4323 2356/4323/4322 4354/4325/4324 4355/4326/4325
f 2351/4320/4319 4346/4310/4309 4347/4309/4308 2356/4323/4322
f 2356/4323/4322 4347/4309/4308 5478/4312/4311 4354/4325/4324
f 2350/4317/4316 2352/4324/4323 2357/4327/4326 2353/4328/4327
f 2353/4328/4327 2357/4327/4326 5253/4329/4328 5252/4330/4329
f 2352/4324/4323 4355/4326/4325 4356/4331/4330 2357/4327/4326
f 2357/4327/4326 4356/4331/4330 5654/4332/4331 5253/4329/4328
f 2350/4317/4316 2353/4328/4327 2358/4333/4332 2354/4318/4317
f 2354/4318/4317 2358/4333/4332 4344/4334/4333 4343/4321/4320
f 2353/4328/4327 5252/4330/4329 5251/4335/4334 2358/4333/4332
f 2358/4333/4332 5251/4335/4334 5653/4336/4335 4344/4334/4333
f 2359/4337/4336 2363/4338/4337 2364/4339/4338 2360/4340/4339
f 2360/4340/4339 2364/4339/4338 4324/4255/4254 4325/4254/4253
f 2363/4338/4337 4349/4306/4305 4348/4305/4304 2364/4339/4338
f 2364/4339/4338 4348/4305/4304 5474/4249/4248 4324/4255/4254
f 2359/4337/4336 2360/4340/4339 2365/4341/4340 2361/4342/4341
f 2361/4342/4341 2365/4341/4340 5262/4343/4342 5261/4344/4343
f 2360/4340/4339 4325/4254/4253 4326/4267/4266 2365/4341/4340
f 2365/4341/4340 4326/4267/4266 5656/4269/4268 5262/4343/4342
f 2359/4337/4336 2361/4342/4341 2366/4345/4344 2362/4346/4345
f 2362/4346/4345 2366/4345/4344 4353/4347/4346 4352/4348/4347
f 2361/4342/4341 5261/4344/4343 5260/4349/4348 2366/4345/4344
f 2366/4345/4344 5260/4349/4348 5655/4350/4349 4353/4347/4346
f 2359/4337/4336 2362/4346/4345 2367/4351/4350 2363/4338/4337
f 2363/4338/4337 2367/4351/4350 4350/4311/4310 4349/4306/4305
f 2362/4346/4345 4352/4348/4347 4351/4352/4351 2367/4351/4350
f 2367/4351/4350 4351/4352/4351 5478/4312/4311 4350/4311/4310
f 2368/4353/4352 2372/4354/4353 2373/4355/4354 2369/4356/4355
f 2369/4356/4355 2373/4355/4354 4351/4352/4351 4352/4348/4347
f 2372/4354/4353 4355/4326/4325 4354/4325/4324 2373/4355/4354
f 2373/4355/4354 4354/4325/4324 5478/4312/4311 4351/4352/4351
f 2368/4353/4352 2369/4356/4355 2374/4357/4356 2370/4358/4357
f 2370/4358/4357 2374/4357/4356 5259/4359/4358 5258/4360/4359
f 2369/4356/4355 4352/4348/4347 4353/4347/4346 2374/4357/4356
f 2374/4357/4356 4353/4347/4346 5655/4350/4349 5259/4359/4358
f 2368/4353/4352 2370/4358/4357 2375/4361/4360 2371/4362/4361
f 2371/4362/4361 2375/4361/4360 5256/4363/4362 5255/4364/4363
f 2370/4358/4357 5258/4360/4359 5257/4365/4364 2375/4361/4360
f 2375/4361/4360 5257/4365/4364 5697/4366/4365 5256/4363/4362
f 2368/4353/4352 2371/4362/4361 2376/4367/4366 2372/4354/4353
f 2372/4354/4353 2376/4367/4366 4356/4331/4330 4355/4326/4325
f 2371/4362/4361 5255/4364/4363 5254/4368/4367 2376/4367/4366
f 2376/4367/4366 5254/4368/4367 5654/4332/4331 4356/4331/4330
f 2377/4369/4368 2381/4370/4369 2382/4371/4370 2378/4372/4371
f 2378/4372/4371 2382/4371/4370 4339/4302/4301 4340/4301/4300
f 2381/4370/4369 4358/4230/4229 4357/4229/4228 2382/4371/4370
f 2382/4371/4370 4357/4229/4228 5473/4233/4232 4339/4302/4301
f 2377/4369/4368 2378/4372/4371 2383/4373/4372 2379/4374/4373
f 2379/4374/4373 2383/4373/4372 4366/4375/4374 4367/4376/4375
f 2378/4372/4371 4340/4301/4300 4341/4314/4313 2383/4373/4372
f 2383/4373/4372 4341/4314/4313 5475/4316/4315 4366/4375/4374
f 2377/4369/4368 2379/4374/4373 2384/4377/4376 2380/4378/4377
f 2380/4378/4377 2384/4377/4376 4365/4379/4378 4364/4380/4379
f 2379/4374/4373 4367/4376/4375 4368/4381/4380 2384/4377/4376
f 2384/4377/4376 4368/4381/4380 5479/4382/4381 4365/4379/4378
f 2377/4369/4368 2380/4378/4377 2385/4383/4382 2381/4370/4369
f 2381/4370/4369 2385/4383/4382 4359/4238/4237 4358/4230/4229
f 2380/4378/4377 4364/4380/4379 4363/4384/4383 2385/4383/4382
f 2385/4383/4382 4363/4384/4383 5476/4239/4238 4359/4238/4237
f 2386/4385/4384 2390/4386/4385 2391/4387/4386 2387/4388/4387
f 2387/4388/4387 2391/4387/4386 4363/4384/4383 4364/4380/4379
f 2390/4386/4385 4361/4275/4274 4360/4274/4273 2391/4387/4386
f 2391/4387/4386 4360/4274/4273 5476/4239/4238 4363/4384/4383
f 2386/4385/4384 2387/4388/4387 2392/4389/4388 2388/4390/4389
f 2388/4390/4389 2392/4389/4388 4372/4391/4390 4373/4392/4391
f 2387/4388/4387 4364/4380/4379 4365/4379/4378 2392/4389/4388
f 2392/4389/4388 4365/4379/4378 5479/4382/4381 4372/4391/4390
f 2386/4385/4384 2388/4390/4389 2393/4393/4392 2389/4394/4393
f 2389/4394/4393 2393/4393/4392 5121/3920/3919 5120/3915/3914
f 2388/4390/4389 4373/4392/4391 4374/4395/4394 2393/4393/4392
f 2393/4393/4392 4374/4395/4394 5621/3921/3920 5121/3920/3919
f 2386/4385/4384 2389/4394/4393 2394/4396/4395 2390/4386/4385
f 2390/4386/4385 2394/4396/4395 4362/4278/4277 4361/4275/4274
f 2389/4394/4393 5120/3915/3914 5119/3914/3913 2394/4396/4395
f 2394/4396/4395 5119/3914/3913 5620/3848/3847 4362/4278/4277
f 2395/4397/4396 2399/4398/4397 2400/4399/4398 2396/4400/4399
f 2396/4400/4399 2400/4399/4398 4342/4322/4321 4343/4321/4320
f 2399/4398/4397 4367/4376/4375 4366/4375/4374 2400/4399/4398
f 2400/4399/4398 4366/4375/4374 5475/4316/4315 4342/4322/4321
f 2395/4397/4396 2396/4400/4399 2401/4401/4400 2397/4402/4401
f 2397/4402/4401 2401/4401/4400 5250/4403/4402 5249/4404/4403
f 2396/4400/4399 4343/4321/4320 4344/4334/4333 2401/4401/4400
f 2401/4401/4400 4344/4334/4333 5653/4336/4335 5250/4403/4402
f 2395/4397/4396 2397/4402/4401 2402/4405/4404 2398/4406/4405
f 2398/4406/4405 2402/4405/4404 4371/4407/4406 4370/4408/4407
f 2397/4402/4401 5249/4404/4403 5248/4409/4408 2402/4405/4404
f 2402/4405/4404 5248/4409/4408 5652/4410/4409 4371/4407/4406
f 2395/4397/4396 2398/4406/4405 2403/4411/4410 2399/4398/4397
f 2399/4398/4397 2403/4411/4410 4368/4381/4380 4367/4376/4375
f 2398/4406/4405 4370/4408/4407 4369/4412/4411 2403/4411/4410
f 2403/4411/4410 4369/4412/4411 5479/4382/4381 4368/4381/4380
f 2404/4413/4412 2408/4414/4413 2409/4415/4414 2405/4416/4415
f 2405/4416/4415 2409/4415/4414 4369/4412/4411 4370/4408/4407
f 2408/4414/4413 4373/4392/4391 4372/4391/4390 2409/4415/4414
f 2409/4415/4414 4372/4391/4390 5479/4382/4381 4369/4412/4411
f 2404/4413/4412 2405/4416/4415 2410/4417/4416 2406/4418/4417
f 2406/4418/4417 2410/4417/4416 5247/4419/4418 5246/4420/4419
f 2405/4416/4415 4370/4408/4407 4371/4407/4406 2410/4417/4416
f 2410/4417/4416 4371/4407/4406 5652/4410/4409 5247/4419/4418
f 2404/4413/4412 2406/4418/4417 2411/4421/4420 2407/4422/4421
f 2407/4422/4421 2411/4421/4420 5124/3934/3933 5123/3931/3930
f 2406/4418/4417 5246/4420/4419 5245/4423/4422 2411/4421/4420
f 2411/4421/4420 5245/4423/4422 5695/2318/2317 5124/3934/3933
f 2404/4413/4412 2407/4422/4421 2412/4424/4423 2408/4414/4413
f 2408/4414/4413 2412/4424/4423 4374/4395/4394 4373/4392/4391
f 2407/4422/4421 5123/3931/3930 5122/3930/3929 2412/4424/4423
f 2412/4424/4423 5122/3930/3929 5621/3921/3920 4374/4395/4394
f 2413/4425/4424 2417/4426/4425 2418/4427/4426 2414/4428/4427
f 2414/4428/4427 2418/4427/4426 4411/4429/4428 4412/4430/4429
f 2417/4426/4425 4376/4431/4430 4375/4432/4431 2418/4427/4426
f 2418/4427/4426 4375/4432/4431 5480/4433/4432 4411/4429/4428
f 2413/4425/4424 2414/4428/4427 2419/4434/4433 2415/4435/4434
f 2415/4435/4434 2419/4434/4433 4384/4436/4435 4385/4437/4436
f 2414/4428/4427 4412/4430/4429 4413/4438/4437 2419/4434/4433
f 2419/4434/4433 4413/4438/4437 5483/4439/4438 4384/4436/4435
f 2413/4425/4424 2415/4435/4434 2420/4440/4439 2416/4441/4440
f 2416/4441/4440 2420/4440/4439 4383/4442/4441 4382/4443/4442
f 2415/4435/4434 4385/4437/4436 4386/4444/4443 2420/4440/4439
f 2420/4440/4439 4386/4444/4443 5484/4445/4444 4383/4442/4441
f 2413/4425/4424 2416/4441/4440 2421/4446/4445 2417/4426/4425
f 2417/4426/4425 2421/4446/4445 4377/4447/4446 4376/4431/4430
f 2416/4441/4440 4382/4443/4442 4381/4448/4447 2421/4446/4445
f 2421/4446/4445 4381/4448/4447 5481/4449/4448 4377/4447/4446
f 2422/4450/4449 2426/4451/4450 2427/4452/4451 2423/4453/4452
f 2423/4453/4452 2427/4452/4451 4381/4448/4447 4382/4443/4442
f 2426/4451/4450 4379/4454/4453 4378/4455/4454 2427/4452/4451
f 2427/4452/4451 4378/4455/4454 5481/4449/4448 4381/4448/4447
f 2422/4450/4449 2423/4453/4452 2428/4456/4455 2424/4457/4456
f 2424/4457/4456 2428/4456/4455 4390/4458/4457 4391/4459/4458
f 2423/4453/4452 4382/4443/4442 4383/4442/4441 2428/4456/4455
f 2428/4456/4455 4383/4442/4441 5484/4445/4444 4390/4458/4457
f 2422/4450/4449 2424/4457/4456 2429/4460/4459 2425/4461/4460
f 2425/4461/4460 2429/4460/4459 5289/4462/4461 5288/4463/4462
f 2424/4457/4456 4391/4459/4458 4392/4464/4463 2429/4460/4459
f 2429/4460/4459 4392/4464/4463 5663/4465/4464 5289/4462/4461
f 2422/4450/4449 2425/4461/4460 2430/4466/4465 2426/4451/4450
f 2426/4451/4450 2430/4466/4465 4380/4467/4466 4379/4454/4453
f 2425/4461/4460 5288/4463/4462 5287/4468/4467 2430/4466/4465
f 2430/4466/4465 5287/4468/4467 5662/4469/4468 4380/4467/4466
f 2431/4470/4469 2435/4471/4470 2436/4472/4471 2432/4473/4472
f 2432/4473/4472 2436/4472/4471 4414/4474/4473 4415/4475/4474
f 2435/4471/4470 4385/4437/4436 4384/4436/4435 2436/4472/4471
f 2436/4472/4471 4384/4436/4435 5483/4439/4438 4414/4474/4473
f 2431/4470/4469 2432/4473/4472 2437/4476/4475 2433/4477/4476
f 2433/4477/4476 2437/4476/4475 5070/4087/4086 5069/4082/4081
f 2432/4473/4472 4415/4475/4474 4416/4478/4477 2437/4476/4475
f 2437/4476/4475 4416/4478/4477 5608/4088/4087 5070/4087/4086
f 2431/4470/4469 2433/4477/4476 2438/4479/4478 2434/4480/4479
f 2434/4480/4479 2438/4479/4478 4389/4481/4480 4388/4482/4481
f 2433/4477/4476 5069/4082/4081 5068/4081/4080 2438/4479/4478
f 2438/4479/4478 5068/4081/4080 5607/4084/4083 4389/4481/4480
f 2431/4470/4469 2434/4480/4479 2439/4483/4482 2435/4471/4470
f 2435/4471/4470 2439/4483/4482 4386/4444/4443 4385/4437/4436
f 2434/4480/4479 4388/4482/4481 4387/4484/4483 2439/4483/4482
f 2439/4483/4482 4387/4484/4483 5484/4445/4444 4386/4444/4443
f 2440/4485/4484 2444/4486/4485 2445/4487/4486 2441/4488/4487
f 2441/4488/4487 2445/4487/4486 4387/4484/4483 4388/4482/4481
f 2444/4486/4485 4391/4459/4458 4390/4458/4457 2445/4487/4486
f 2445/4487/4486 4390/4458/4457 5484/4445/4444 4387/4484/4483
f 2440/4485/4484 2441/4488/4487 2446/4489/4488 2442/4490/4489
f 2442/4490/4489 2446/4489/4488 5067/4112/4111 5066/4110/4109
f 2441/4488/4487 4388/4482/4481 4389/4481/4480 2446/4489/4488
f 2446/4489/4488 4389/4481/4480 5607/4084/4083 5067/4112/4111
f 2440/4485/4484 2442/4490/4489 2447/4491/4490 2443/4492/4491
f 2443/4492/4491 2447/4491/4490 5292/4493/4492 5291/4494/4493
f 2442/4490/4489 5066/4110/4109 5065/4109/4108 2447/4491/4490
f 2447/4491/4490 5065/4109/4108 5692/3686/3685 5292/4493/4492
f 2440/4485/4484 2443/4492/4491 2448/4495/4494 2444/4486/4485
f 2444/4486/4485 2448/4495/4494 4392/4464/4463 4391/4459/4458
f 2443/4492/4491 5291/4494/4493 5290/4496/4495 2448/4495/4494
f 2448/4495/4494 5290/4496/4495 5663/4465/4464 4392/4464/4463
f 2449/4497/4496 2453/4498/4497 2454/4499/4498 2450/4500/4499
f 2450/4500/4499 2454/4499/4498 4375/4432/4431 4376/4431/4430
f 2453/4498/4497 4394/4501/4500 4393/4502/4501 2454/4499/4498
f 2454/4499/4498 4393/4502/4501 5480/4433/4432 4375/4432/4431
f 2449/4497/4496 2450/4500/4499 2455/4503/4502 2451/4504/4503
f 2451/4504/4503 2455/4503/4502 4402/4505/4504 4403/4506/4505
f 2450/4500/4499 4376/4431/4430 4377/4447/4446 2455/4503/4502
f 2455/4503/4502 4377/4447/4446 5481/4449/4448 4402/4505/4504
f 2449/4497/4496 2451/4504/4503 2456/4507/4506 2452/4508/4507
f 2452/4508/4507 2456/4507/4506 4401/4509/4508 4400/4510/4509
f 2451/4504/4503 4403/4506/4505 4404/4511/4510 2456/4507/4506
f 2456/4507/4506 4404/4511/4510 5485/4512/4511 4401/4509/4508
f 2449/4497/4496 2452/4508/4507 2457/4513/4512 2453/4498/4497
f 2453/4498/4497 2457/4513/4512 4395/4514/4513 4394/4501/4500
f 2452/4508/4507 4400/4510/4509 4399/4515/4514 2457/4513/4512
f 2457/4513/4512 4399/4515/4514 5482/4516/4515 4395/4514/4513
f 2458/4517/4516 2462/4518/4517 2463/4519/4518 2459/4520/4519
f 2459/4520/4519 2463/4519/4518 4399/4515/4514 4400/4510/4509
f 2462/4518/4517 4397/4521/4520 4396/4522/4521 2463/4519/4518
f 2463/4519/4518 4396/4522/4521 5482/4516/4515 4399/4515/4514
f 2458/4517/4516 2459/4520/4519 2464/4523/4522 2460/4524/4523
f 2460/4524/4523 2464/4523/4522 4408/4525/4524 4409/4526/4525
f 2459/4520/4519 4400/4510/4509 4401/4509/4508 2464/4523/4522
f 2464/4523/4522 4401/4509/4508 5485/4512/4511 4408/4525/4524
f 2458/4517/4516 2460/4524/4523 2465/4527/4526 2461/4528/4527
f 2461/4528/4527 2465/4527/4526 5277/4529/4528 5276/4530/4529
f 2460/4524/4523 4409/4526/4525 4410/4531/4530 2465/4527/4526
f 2465/4527/4526 4410/4531/4530 5660/4532/4531 5277/4529/4528
f 2458/4517/4516 2461/4528/4527 2466/4533/4532 2462/4518/4517
f 2462/4518/4517 2466/4533/4532 4398/4534/4533 4397/4521/4520
f 2461/4528/4527 5276/4530/4529 5275/4535/4534 2466/4533/4532
f 2466/4533/4532 5275/4535/4534 5659/4536/4535 4398/4534/4533
f 2467/4537/4536 2471/4538/4537 2472/4539/4538 2468/4540/4539
f 2468/4540/4539 2472/4539/4538 4378/4455/4454 4379/4454/4453
f 2471/4538/4537 4403/4506/4505 4402/4505/4504 2472/4539/4538
f 2472/4539/4538 4402/4505/4504 5481/4449/4448 4378/4455/4454
f 2467/4537/4536 2468/4540/4539 2473/4541/4540 2469/4542/4541
f 2469/4542/4541 2473/4541/4540 5286/4543/4542 5285/4544/4543
f 2468/4540/4539 4379/4454/4453 4380/4467/4466 2473/4541/4540
f 2473/4541/4540 4380/4467/4466 5662/4469/4468 5286/4543/4542
f 2467/4537/4536 2469/4542/4541 2474/4545/4544 2470/4546/4545
f 2470/4546/4545 2474/4545/4544 4407/4547/4546 4406/4548/4547
f 2469/4542/4541 5285/4544/4543 5284/4549/4548 2474/4545/4544
f 2474/4545/4544 5284/4549/4548 5661/4550/4549 4407/4547/4546
f 2467/4537/4536 2470/4546/4545 2475/4551/4550 2471/4538/4537
f 2471/4538/4537 2475/4551/4550 4404/4511/4510 4403/4506/4505
f 2470/4546/4545 4406/4548/4547 4405/4552/4551 2475/4551/4550
f 2475/4551/4550 4405/4552/4551 5485/4512/4511 4404/4511/4510
f 2476/4553/4552 2480/4554/4553 2481/4555/4554 2477/4556/4555
f 2477/4556/4555 2481/4555/4554 4405/4552/4551 4406/4548/4547
f 2480/4554/4553 4409/4526/4525 4408/4525/4524 2481/4555/4554
f 2481/4555/4554 4408/4525/4524 5485/4512/4511 4405/4552/4551
f 2476/4553/4552 2477/4556/4555 2482/4557/4556 2478/4558/4557
f 2478/4558/4557 2482/4557/4556 5283/4559/4558 5282/4560/4559
f 2477/4556/4555 4406/4548/4547 4407/4547/4546 2482/4557/4556
f 2482/4557/4556 4407/4547/4546 5661/4550/4549 5283/4559/4558
f 2476/4553/4552 2478/4558/4557 2483/4561/4560 2479/4562/4561
f 2479/4562/4561 2483/4561/4560 5280/4563/4562 5279/4564/4563
f 2478/4558/4557 5282/4560/4559 5281/4565/4564 2483/4561/4560
f 2483/4561/4560 5281/4565/4564 5697/4366/4365 5280/4563/4562
f 2476/4553/4552 2479/4562/4561 2484/4566/4565 2480/4554/4553
f 2480/4554/4553 2484/4566/4565 4410/4531/4530 4409/4526/4525
f 2479/4562/4561 5279/4564/4563 5278/4567/4566 2484/4566/4565
f 2484/4566/4565 5278/4567/4566 5660/4532/4531 4410/4531/4530
f 2485/4568/4567 2489/4569/4568 2490/4570/4569 2486/4571/4570
f 2486/4571/4570 2490/4570/4569 4393/4502/4501 4394/4501/4500
f 2489/4569/4568 4412/4430/4429 4411/4429/4428 2490/4570/4569
f 2490/4570/4569 4411/4429/4428 5480/4433/4432 4393/4502/4501
f 2485/4568/4567 2486/4571/4570 2491/4572/4571 2487/4573/4572
f 2487/4573/4572 2491/4572/4571 4420/4574/4573 4421/4575/4574
f 2486/4571/4570 4394/4501/4500 4395/4514/4513 2491/4572/4571
f 2491/4572/4571 4395/4514/4513 5482/4516/4515 4420/4574/4573
f 2485/4568/4567 2487/4573/4572 2492/4576/4575 2488/4577/4576
f 2488/4577/4576 2492/4576/4575 4419/4578/4577 4418/4579/4578
f 2487/4573/4572 4421/4575/4574 4422/4580/4579 2492/4576/4575
f 2492/4576/4575 4422/4580/4579 5486/4581/4580 4419/4578/4577
f 2485/4568/4567 2488/4577/4576 2493/4582/4581 2489/4569/4568
f 2489/4569/4568 2493/4582/4581 4413/4438/4437 4412/4430/4429
f 2488/4577/4576 4418/4579/4578 4417/4583/4582 2493/4582/4581
f 2493/4582/4581 4417/4583/4582 5483/4439/4438 4413/4438/4437
f 2494/4584/4583 2498/4585/4584 2499/4586/4585 2495/4587/4586
f 2495/4587/4586 2499/4586/4585 4417/4583/4582 4418/4579/4578
f 2498/4585/4584 4415/4475/4474 4414/4474/4473 2499/4586/4585
f 2499/4586/4585 4414/4474/4473 5483/4439/4438 4417/4583/4582
f 2494/4584/4583 2495/4587/4586 2500/4588/4587 2496/4589/4588
f 2496/4589/4588 2500/4588/4587 4426/4590/4589 4427/4591/4590
f 2495/4587/4586 4418/4579/4578 4419/4578/4577 2500/4588/4587
f 2500/4588/4587 4419/4578/4577 5486/4581/4580 4426/4590/4589
f 2494/4584/4583 2496/4589/4588 2501/4592/4591 2497/4593/4592
f 2497/4593/4592 2501/4592/4591 5073/4160/4159 5072/4155/4154
f 2496/4589/4588 4427/4591/4590 4428/4594/4593 2501/4592/4591
f 2501/4592/4591 4428/4594/4593 5609/4161/4160 5073/4160/4159
f 2494/4584/4583 2497/4593/4592 2502/4595/4594 2498/4585/4584
f 2498/4585/4584 2502/4595/4594 4416/4478/4477 4415/4475/4474
f 2497/4593/4592 5072/4155/4154 5071/4154/4153 2502/4595/4594
f 2502/4595/4594 5071/4154/4153 5608/4088/4087 4416/4478/4477
f 2503/4596/4595 2507/4597/4596 2508/4598/4597 2504/4599/4598
f 2504/4599/4598 2508/4598/4597 4396/4522/4521 4397/4521/4520
f 2507/4597/4596 4421/4575/4574 4420/4574/4573 2508/4598/4597
f 2508/4598/4597 4420/4574/4573 5482/4516/4515 4396/4522/4521
f 2503/4596/4595 2504/4599/4598 2509/4600/4599 2505/4601/4600
f 2505/4601/4600 2509/4600/4599 5274/4602/4601 5273/4603/4602
f 2504/4599/4598 4397/4521/4520 4398/4534/4533 2509/4600/4599
f 2509/4600/4599 4398/4534/4533 5659/4536/4535 5274/4602/4601
f 2503/4596/4595 2505/4601/4600 2510/4604/4603 2506/4605/4604
f 2506/4605/4604 2510/4604/4603 4425/4606/4605 4424/4607/4606
f 2505/4601/4600 5273/4603/4602 5272/4608/4607 2510/4604/4603
f 2510/4604/4603 5272/4608/4607 5658/4609/4608 4425/4606/4605
f 2503/4596/4595 2506/4605/4604 2511/4610/4609 2507/4597/4596
f 2507/4597/4596 2511/4610/4609 4422/4580/4579 4421/4575/4574
f 2506/4605/4604 4424/4607/4606 4423/4611/4610 2511/4610/4609
f 2511/4610/4609 4423/4611/4610 5486/4581/4580 4422/4580/4579
f 2512/4612/4611 2516/4613/4612 2517/4614/4613 2513/4615/4614
f 2513/4615/4614 2517/4614/4613 4423/4611/4610 4424/4607/4606
f 2516/4613/4612 4427/4591/4590 4426/4590/4589 2517/4614/4613
f 2517/4614/4613 4426/4590/4589 5486/4581/4580 4423/4611/4610
f 2512/4612/4611 2513/4615/4614 2518/4616/4615 2514/4617/4616
f 2514/4617/4616 2518/4616/4615 5271/4618/4617 5270/4619/4618
f 2513/4615/4614 4424/4607/4606 4425/4606/4605 2518/4616/4615
f 2518/4616/4615 4425/4606/4605 5658/4609/4608 5271/4618/4617
f 2512/4612/4611 2514/4617/4616 2519/4620/4619 2515/4621/4620
f 2515/4621/4620 2519/4620/4619 5076/4174/4173 5075/4171/4170
f 2514/4617/4616 5270/4619/4618 5269/4622/4621 2519/4620/4619
f 2519/4620/4619 5269/4622/4621 5691/2590/2589 5076/4174/4173
f 2512/4612/4611 2515/4621/4620 2520/4623/4622 2516/4613/4612
f 2516/4613/4612 2520/4623/4622 4428/4594/4593 4427/4591/4590
f 2515/4621/4620 5075/4171/4170 5074/4170/4169 2520/4623/4622
f 2520/4623/4622 5074/4170/4169 5609/4161/4160 4428/4594/4593
f 2521/4624/4623 2525/4625/4624 2526/4626/4625 2522/4627/4626
f 2522/4627/4626 2526/4626/4625 4465/4628/4627 4466/4629/4628
f 2525/4625/4624 4430/4630/4629 4429/4631/4630 2526/4626/4625
f 2526/4626/4625 4429/4631/4630 5487/4632/4631 4465/4628/4627
f 2521/4624/4623 2522/4627/4626 2527/4633/4632 2523/4634/4633
f 2523/4634/4633 2527/4633/4632 4438/4635/4634 4439/4636/4635
f 2522/4627/4626 4466/4629/4628 4467/4637/4636 2527/4633/4632
f 2527/4633/4632 4467/4637/4636 5490/4638/4637 4438/4635/4634
f 2521/4624/4623 2523/4634/4633 2528/4639/4638 2524/4640/4639
f 2524/4640/4639 2528/4639/4638 4437/4641/4640 4436/4642/4641
f 2523/4634/4633 4439/4636/4635 4440/4643/4642 2528/4639/4638
f 2528/4639/4638 4440/4643/4642 5491/4644/4643 4437/4641/4640
f 2521/4624/4623 2524/4640/4639 2529/4645/4644 2525/4625/4624
f 2525/4625/4624 2529/4645/4644 4431/4646/4645 4430/4630/4629
f 2524/4640/4639 4436/4642/4641 4435/4647/4646 2529/4645/4644
f 2529/4645/4644 4435/4647/4646 5488/4648/4647 4431/4646/4645
f 2530/4649/4648 2534/4650/4649 2535/4651/4650 2531/4652/4651
f 2531/4652/4651 2535/4651/4650 4435/4647/4646 4436/4642/4641
f 2534/4650/4649 4433/4653/4652 4432/4654/4653 2535/4651/4650
f 2535/4651/4650 4432/4654/4653 5488/4648/4647 4435/4647/4646
f 2530/4649/4648 2531/4652/4651 2536/4655/4654 2532/4656/4655
f 2532/4656/4655 2536/4655/4654 4444/4657/4656 4445/4658/4657
f 2531/4652/4651 4436/4642/4641 4437/4641/4640 2536/4655/4654
f 2536/4655/4654 4437/4641/4640 5491/4644/4643 4444/4657/4656
f 2530/4649/4648 2532/4656/4655 2537/4659/4658 2533/4660/4659
f 2533/4660/4659 2537/4659/4658 5248/4409/4408 5249/4404/4403
f 2532/4656/4655 4445/4658/4657 4446/4661/4660 2537/4659/4658
f 2537/4659/4658 4446/4661/4660 5652/4410/4409 5248/4409/4408
f 2530/4649/4648 2533/4660/4659 2538/4662/4661 2534/4650/4649
f 2534/4650/4649 2538/4662/4661 4434/4663/4662 4433/4653/4652
f 2533/4660/4659 5249/4404/4403 5250/4403/4402 2538/4662/4661
f 2538/4662/4661 5250/4403/4402 5653/4336/4335 4434/4663/4662
f 2539/4664/4663 2543/4665/4664 2544/4666/4665 2540/4667/4666
f 2540/4667/4666 2544/4666/4665 4468/4668/4667 4469/4669/4668
f 2543/4665/4664 4439/4636/4635 4438/4635/4634 2544/4666/4665
f 2544/4666/4665 4438/4635/4634 5490/4638/4637 4468/4668/4667
f 2539/4664/4663 2540/4667/4666 2545/4670/4669 2541/4671/4670
f 2541/4671/4670 2545/4670/4669 5106/2287/2286 5105/2282/2281
f 2540/4667/4666 4469/4669/4668 4470/4672/4671 2545/4670/4669
f 2545/4670/4669 4470/4672/4671 5617/2288/2287 5106/2287/2286
f 2539/4664/4663 2541/4671/4670 2546/4673/4672 2542/4674/4673
f 2542/4674/4673 2546/4673/4672 4443/4675/4674 4442/4676/4675
f 2541/4671/4670 5105/2282/2281 5104/2281/2280 2546/4673/4672
f 2546/4673/4672 5104/2281/2280 5616/2284/2283 4443/4675/4674
f 2539/4664/4663 2542/4674/4673 2547/4677/4676 2543/4665/4664
f 2543/4665/4664 2547/4677/4676 4440/4643/4642 4439/4636/4635
f 2542/4674/4673 4442/4676/4675 4441/4678/4677 2547/4677/4676
f 2547/4677/4676 4441/4678/4677 5491/4644/4643 4440/4643/4642
f 2548/4679/4678 2552/4680/4679 2553/4681/4680 2549/4682/4681
f 2549/4682/4681 2553/4681/4680 4441/4678/4677 4442/4676/4675
f 2552/4680/4679 4445/4658/4657 4444/4657/4656 2553/4681/4680
f 2553/4681/4680 4444/4657/4656 5491/4644/4643 4441/4678/4677
f 2548/4679/4678 2549/4682/4681 2554/4683/4682 2550/4684/4683
f 2550/4684/4683 2554/4683/4682 5103/2320/2319 5102/2316/2315
f 2549/4682/4681 4442/4676/4675 4443/4675/4674 2554/4683/4682
f 2554/4683/4682 4443/4675/4674 5616/2284/2283 5103/2320/2319
f 2548/4679/4678 2550/4684/4683 2555/4685/4684 2551/4686/4685
f 2551/4686/4685 2555/4685/4684 5245/4423/4422 5246/4420/4419
f 2550/4684/4683 5102/2316/2315 5101/2315/2314 2555/4685/4684
f 2555/4685/4684 5101/2315/2314 5695/2318/2317 5245/4423/4422
f 2548/4679/4678 2551/4686/4685 2556/4687/4686 2552/4680/4679
f 2552/4680/4679 2556/4687/4686 4446/4661/4660 4445/4658/4657
f 2551/4686/4685 5246/4420/4419 5247/4419/4418 2556/4687/4686
f 2556/4687/4686 5247/4419/4418 5652/4410/4409 4446/4661/4660
f 2557/4688/4687 2561/4689/4688 2562/4690/4689 2558/4691/4690
f 2558/4691/4690 2562/4690/4689 4429/4631/4630 4430/4630/4629
f 2561/4689/4688 4448/4692/4691 4447/4693/4692 2562/4690/4689
f 2562/4690/4689 4447/4693/4692 5487/4632/4631 4429/4631/4630
f 2557/4688/4687 2558/4691/4690 2563/4694/4693 2559/4695/4694
f 2559/4695/4694 2563/4694/4693 4456/4696/4695 4457/4697/4696
f 2558/4691/4690 4430/4630/4629 4431/4646/4645 2563/4694/4693
f 2563/4694/4693 4431/4646/4645 5488/4648/4647 4456/4696/4695
f 2557/4688/4687 2559/4695/4694 2564/4698/4697 2560/4699/4698
f 2560/4699/4698 2564/4698/4697 4455/4700/4699 4454/4701/4700
f 2559/4695/4694 4457/4697/4696 4458/4702/4701 2564/4698/4697
f 2564/4698/4697 4458/4702/4701 5492/4703/4702 4455/4700/4699
f 2557/4688/4687 2560/4699/4698 2565/4704/4703 2561/4689/4688
f 2561/4689/4688 2565/4704/4703 4449/4705/4704 4448/4692/4691
f 2560/4699/4698 4454/4701/4700 4453/4706/4705 2565/4704/4703
f 2565/4704/4703 4453/4706/4705 5489/4707/4706 4449/4705/4704
f 2566/4708/4707 2570/4709/4708 2571/4710/4709 2567/4711/4710
f 2567/4711/4710 2571/4710/4709 4453/4706/4705 4454/4701/4700
f 2570/4709/4708 4451/4712/4711 4450/4713/4712 2571/4710/4709
f 2571/4710/4709 4450/4713/4712 5489/4707/4706 4453/4706/4705
f 2566/4708/4707 2567/4711/4710 2572/4714/4713 2568/4715/4714
f 2568/4715/4714 2572/4714/4713 4462/4716/4715 4463/4717/4716
f 2567/4711/4710 4454/4701/4700 4455/4700/4699 2572/4714/4713
f 2572/4714/4713 4455/4700/4699 5492/4703/4702 4462/4716/4715
f 2566/4708/4707 2568/4715/4714 2573/4718/4717 2569/4719/4718
f 2569/4719/4718 2573/4718/4717 5301/4720/4719 5300/4721/4720
f 2568/4715/4714 4463/4717/4716 4464/4722/4721 2573/4718/4717
f 2573/4718/4717 4464/4722/4721 5666/4723/4722 5301/4720/4719
f 2566/4708/4707 2569/4719/4718 2574/4724/4723 2570/4709/4708
f 2570/4709/4708 2574/4724/4723 4452/4725/4724 4451/4712/4711
f 2569/4719/4718 5300/4721/4720 5299/4726/4725 2574/4724/4723
f 2574/4724/4723 5299/4726/4725 5665/4727/4726 4452/4725/4724
f 2575/4728/4727 2579/4729/4728 2580/4730/4729 2576/4731/4730
f 2576/4731/4730 2580/4730/4729 4432/4654/4653 4433/4653/4652
f 2579/4729/4728 4457/4697/4696 4456/4696/4695 2580/4730/4729
f 2580/4730/4729 4456/4696/4695 5488/4648/4647 4432/4654/4653
f 2575/4728/4727 2576/4731/4730 2581/4732/4731 2577/4733/4732
f 2577/4733/4732 2581/4732/4731 5251/4335/4334 5252/4330/4329
f 2576/4731/4730 4433/4653/4652 4434/4663/4662 2581/4732/4731
f 2581/4732/4731 4434/4663/4662 5653/4336/4335 5251/4335/4334
f 2575/4728/4727 2577/4733/4732 2582/4734/4733 2578/4735/4734
f 2578/4735/4734 2582/4734/4733 4461/4736/4735 4460/4737/4736
f 2577/4733/4732 5252/4330/4329 5253/4329/4328 2582/4734/4733
f 2582/4734/4733 5253/4329/4328 5654/4332/4331 4461/4736/4735
f 2575/4728/4727 2578/4735/4734 2583/4738/4737 2579/4729/4728
f 2579/4729/4728 2583/4738/4737 4458/4702/4701 4457/4697/4696
f 2578/4735/4734 4460/4737/4736 4459/4739/4738 2583/4738/4737
f 2583/4738/4737 4459/4739/4738 5492/4703/4702 4458/4702/4701
f 2584/4740/4739 2588/4741/4740 2589/4742/4741 2585/4743/4742
f 2585/4743/4742 2589/4742/4741 4459/4739/4738 4460/4737/4736
f 2588/4741/4740 4463/4717/4716 4462/4716/4715 2589/4742/4741
f 2589/4742/4741 4462/4716/4715 5492/4703/4702 4459/4739/4738
f 2584/4740/4739 2585/4743/4742 2590/4744/4743 2586/4745/4744
f 2586/4745/4744 2590/4744/4743 5254/4368/4367 5255/4364/4363
f 2585/4743/4742 4460/4737/4736 4461/4736/4735 2590/4744/4743
f 2590/4744/4743 4461/4736/4735 5654/4332/4331 5254/4368/4367
f 2584/4740/4739 2586/4745/4744 2591/4746/4745 2587/4747/4746
f 2587/4747/4746 2591/4746/4745 5304/4748/4747 5303/4749/4748
f 2586/4745/4744 5255/4364/4363 5256/4363/4362 2591/4746/4745
f 2591/4746/4745 5256/4363/4362 5697/4366/4365 5304/4748/4747
f 2584/4740/4739 2587/4747/4746 2592/4750/4749 2588/4741/4740
f 2588/4741/4740 2592/4750/4749 4464/4722/4721 4463/4717/4716
f 2587/4747/4746 5303/4749/4748 5302/4751/4750 2592/4750/4749
f 2592/4750/4749 5302/4751/4750 5666/4723/4722 4464/4722/4721
f 2593/4752/4751 2597/4753/4752 2598/4754/4753 2594/4755/4754
f 2594/4755/4754 2598/4754/4753 4447/4693/4692 4448/4692/4691
f 2597/4753/4752 4466/4629/4628 4465/4628/4627 2598/4754/4753
f 2598/4754/4753 4465/4628/4627 5487/4632/4631 4447/4693/4692
f 2593/4752/4751 2594/4755/4754 2599/4756/4755 2595/4757/4756
f 2595/4757/4756 2599/4756/4755 4474/4758/4757 4475/4759/4758
f 2594/4755/4754 4448/4692/4691 4449/4705/4704 2599/4756/4755
f 2599/4756/4755 4449/4705/4704 5489/4707/4706 4474/4758/4757
f 2593/4752/4751 2595/4757/4756 2600/4760/4759 2596/4761/4760
f 2596/4761/4760 2600/4760/4759 4473/4762/4761 4472/4763/4762
f 2595/4757/4756 4475/4759/4758 4476/4764/4763 2600/4760/4759
f 2600/4760/4759 4476/4764/4763 5493/4765/4764 4473/4762/4761
f 2593/4752/4751 2596/4761/4760 2601/4766/4765 2597/4753/4752
f 2597/4753/4752 2601/4766/4765 4467/4637/4636 4466/4629/4628
f 2596/4761/4760 4472/4763/4762 4471/4767/4766 2601/4766/4765
f 2601/4766/4765 4471/4767/4766 5490/4638/4637 4467/4637/4636
f 2602/4768/4767 2606/4769/4768 2607/4770/4769 2603/4771/4770
f 2603/4771/4770 2607/4770/4769 4471/4767/4766 4472/4763/4762
f 2606/4769/4768 4469/4669/4668 4468/4668/4667 2607/4770/4769
f 2607/4770/4769 4468/4668/4667 5490/4638/4637 4471/4767/4766
f 2602/4768/4767 2603/4771/4770 2608/4772/4771 2604/4773/4772
f 2604/4773/4772 2608/4772/4771 4480/4774/4773 4481/4775/4774
f 2603/4771/4770 4472/4763/4762 4473/4762/4761 2608/4772/4771
f 2608/4772/4771 4473/4762/4761 5493/4765/4764 4480/4774/4773
f 2602/4768/4767 2604/4773/4772 2609/4776/4775 2605/4777/4776
f 2605/4777/4776 2609/4776/4775 5109/2373/2372 5108/2368/2367
f 2604/4773/4772 4481/4775/4774 4482/4778/4777 2609/4776/4775
f 2609/4776/4775 4482/4778/4777 5618/2374/2373 5109/2373/2372
f 2602/4768/4767 2605/4777/4776 2610/4779/4778 2606/4769/4768
f 2606/4769/4768 2610/4779/4778 4470/4672/4671 4469/4669/4668
f 2605/4777/4776 5108/2368/2367 5107/2367/2366 2610/4779/4778
f 2610/4779/4778 5107/2367/2366 5617/2288/2287 4470/4672/4671
f 2611/4780/4779 2615/4781/4780 2616/4782/4781 2612/4783/4782
f 2612/4783/4782 2616/4782/4781 4450/4713/4712 4451/4712/4711
f 2615/4781/4780 4475/4759/4758 4474/4758/4757 2616/4782/4781
f 2616/4782/4781 4474/4758/4757 5489/4707/4706 4450/4713/4712
f 2611/4780/4779 2612/4783/4782 2617/4784/4783 2613/4785/4784
f 2613/4785/4784 2617/4784/4783 5298/4786/4785 5297/4787/4786
f 2612/4783/4782 4451/4712/4711 4452/4725/4724 2617/4784/4783
f 2617/4784/4783 4452/4725/4724 5665/4727/4726 5298/4786/4785
f 2611/4780/4779 2613/4785/4784 2618/4788/4787 2614/4789/4788
f 2614/4789/4788 2618/4788/4787 4479/4790/4789 4478/4791/4790
f 2613/4785/4784 5297/4787/4786 5296/4792/4791 2618/4788/4787
f 2618/4788/4787 5296/4792/4791 5664/4793/4792 4479/4790/4789
f 2611/4780/4779 2614/4789/4788 2619/4794/4793 2615/4781/4780
f 2615/4781/4780 2619/4794/4793 4476/4764/4763 4475/4759/4758
f 2614/4789/4788 4478/4791/4790 4477/4795/4794 2619/4794/4793
f 2619/4794/4793 4477/4795/4794 5493/4765/4764 4476/4764/4763
f 2620/4796/4795 2624/4797/4796 2625/4798/4797 2621/4799/4798
f 2621/4799/4798 2625/4798/4797 4477/4795/4794 4478/4791/4790
f 2624/4797/4796 4481/4775/4774 4480/4774/4773 2625/4798/4797
f 2625/4798/4797 4480/4774/4773 5493/4765/4764 4477/4795/4794
f 2620/4796/4795 2621/4799/4798 2626/4800/4799 2622/4801/4800
f 2622/4801/4800 2626/4800/4799 5295/4802/4801 5294/4803/4802
f 2621/4799/4798 4478/4791/4790 4479/4790/4789 2626/4800/4799
f 2626/4800/4799 4479/4790/4789 5664/4793/4792 5295/4802/4801
f 2620/4796/4795 2622/4801/4800 2627/4804/4803 2623/4805/4804
f 2623/4805/4804 2627/4804/4803 5112/2389/2388 5111/2384/2383
f 2622/4801/4800 5294/4803/4802 5293/4806/4805 2627/4804/4803
f 2627/4804/4803 5293/4806/4805 5694/2390/2389 5112/2389/2388
f 2620/4796/4795 2623/4805/4804 2628/4807/4806 2624/4797/4796
f 2624/4797/4796 2628/4807/4806 4482/4778/4777 4481/4775/4774
f 2623/4805/4804 5111/2384/2383 5110/2383/2382 2628/4807/4806
f 2628/4807/4806 5110/2383/2382 5618/2374/2373 4482/4778/4777
f 2629/4808/4807 2633/4809/4808 2634/4810/4809 2630/4811/4810
f 2630/4811/4810 2634/4810/4809 4519/4812/4811 4520/4813/4812
f 2633/4809/4808 4484/4814/4813 4483/4815/4814 2634/4810/4809
f 2634/4810/4809 4483/4815/4814 5494/4816/4815 4519/4812/4811
f 2629/4808/4807 2630/4811/4810 2635/4817/4816 2631/4818/4817
f 2631/4818/4817 2635/4817/4816 4492/4819/4818 4493/4820/4819
f 2630/4811/4810 4520/4813/4812 4521/4821/4820 2635/4817/4816
f 2635/4817/4816 4521/4821/4820 5497/4822/4821 4492/4819/4818
f 2629/4808/4807 2631/4818/4817 2636/4823/4822 2632/4824/4823
f 2632/4824/4823 2636/4823/4822 4491/4825/4824 4490/4826/4825
f 2631/4818/4817 4493/4820/4819 4494/4827/4826 2636/4823/4822
f 2636/4823/4822 4494/4827/4826 5498/4828/4827 4491/4825/4824
f 2629/4808/4807 2632/4824/4823 2637/4829/4828 2633/4809/4808
f 2633/4809/4808 2637/4829/4828 4485/4830/4829 4484/4814/4813
f 2632/4824/4823 4490/4826/4825 4489/4831/4830 2637/4829/4828
f 2637/4829/4828 4489/4831/4830 5495/4832/4831 4485/4830/4829
f 2638/4833/4832 2642/4834/4833 2643/4835/4834 2639/4836/4835
f 2639/4836/4835 2643/4835/4834 4489/4831/4830 4490/4826/4825
f 2642/4834/4833 4487/4837/4836 4486/4838/4837 2643/4835/4834
f 2643/4835/4834 4486/4838/4837 5495/4832/4831 4489/4831/4830
f 2638/4833/4832 2639/4836/4835 2644/4839/4838 2640/4840/4839
f 2640/4840/4839 2644/4839/4838 4498/4841/4840 4499/4842/4841
f 2639/4836/4835 4490/4826/4825 4491/4825/4824 2644/4839/4838
f 2644/4839/4838 4491/4825/4824 5498/4828/4827 4498/4841/4840
f 2638/4833/4832 2640/4840/4839 2645/4843/4842 2641/4844/4843
f 2641/4844/4843 2645/4843/4842 5272/4608/4607 5273/4603/4602
f 2640/4840/4839 4499/4842/4841 4500/4845/4844 2645/4843/4842
f 2645/4843/4842 4500/4845/4844 5658/4609/4608 5272/4608/4607
f 2638/4833/4832 2641/4844/4843 2646/4846/4845 2642/4834/4833
f 2642/4834/4833 2646/4846/4845 4488/4847/4846 4487/4837/4836
f 2641/4844/4843 5273/4603/4602 5274/4602/4601 2646/4846/4845
f 2646/4846/4845 5274/4602/4601 5659/4536/4535 4488/4847/4846
f 2647/4848/4847 2651/4849/4848 2652/4850/4849 2648/4851/4850
f 2648/4851/4850 2652/4850/4849 4522/4852/4851 4523/4853/4852
f 2651/4849/4848 4493/4820/4819 4492/4819/4818 2652/4850/4849
f 2652/4850/4849 4492/4819/4818 5497/4822/4821 4522/4852/4851
f 2647/4848/4847 2648/4851/4850 2653/4854/4853 2649/4855/4854
f 2649/4855/4854 2653/4854/4853 5058/2559/2558 5057/2554/2553
f 2648/4851/4850 4523/4853/4852 4524/4856/4855 2653/4854/4853
f 2653/4854/4853 4524/4856/4855 5605/2560/2559 5058/2559/2558
f 2647/4848/4847 2649/4855/4854 2654/4857/4856 2650/4858/4857
f 2650/4858/4857 2654/4857/4856 4497/4859/4858 4496/4860/4859
f 2649/4855/4854 5057/2554/2553 5056/2553/2552 2654/4857/4856
f 2654/4857/4856 5056/2553/2552 5604/2556/2555 4497/4859/4858
f 2647/4848/4847 2650/4858/4857 2655/4861/4860 2651/4849/4848
f 2651/4849/4848 2655/4861/4860 4494/4827/4826 4493/4820/4819
f 2650/4858/4857 4496/4860/4859 4495/4862/4861 2655/4861/4860
f 2655/4861/4860 4495/4862/4861 5498/4828/4827 4494/4827/4826
f 2656/4863/4862 2660/4864/4863 2661/4865/4864 2657/4866/4865
f 2657/4866/4865 2661/4865/4864 4495/4862/4861 4496/4860/4859
f 2660/4864/4863 4499/4842/4841 4498/4841/4840 2661/4865/4864
f 2661/4865/4864 4498/4841/4840 5498/4828/4827 4495/4862/4861
f 2656/4863/4862 2657/4866/4865 2662/4867/4866 2658/4868/4867
f 2658/4868/4867 2662/4867/4866 5055/2592/2591 5054/2588/2587
f 2657/4866/4865 4496/4860/4859 4497/4859/4858 2662/4867/4866
f 2662/4867/4866 4497/4859/4858 5604/2556/2555 5055/2592/2591
f 2656/4863/4862 2658/4868/4867 2663/4869/4868 2659/4870/4869
f 2659/4870/4869 2663/4869/4868 5269/4622/4621 5270/4619/4618
f 2658/4868/4867 5054/2588/2587 5053/2587/2586 2663/4869/4868
f 2663/4869/4868 5053/2587/2586 5691/2590/2589 5269/4622/4621
f 2656/4863/4862 2659/4870/4869 2664/4871/4870 2660/4864/4863
f 2660/4864/4863 2664/4871/4870 4500/4845/4844 4499/4842/4841
f 2659/4870/4869 5270/4619/4618 5271/4618/4617 2664/4871/4870
f 2664/4871/4870 5271/4618/4617 5658/4609/4608 4500/4845/4844
f 2665/4872/4871 2669/4873/4872 2670/4874/4873 2666/4875/4874
f 2666/4875/4874 2670/4874/4873 4483/4815/4814 4484/4814/4813
f 2669/4873/4872 4502/4876/4875 4501/4877/4876 2670/4874/4873
f 2670/4874/4873 4501/4877/4876 5494/4816/4815 4483/4815/4814
f 2665/4872/4871 2666/4875/4874 2671/4878/4877 2667/4879/4878
f 2667/4879/4878 2671/4878/4877 4510/4880/4879 4511/4881/4880
f 2666/4875/4874 4484/4814/4813 4485/4830/4829 2671/4878/4877
f 2671/4878/4877 4485/4830/4829 5495/4832/4831 4510/4880/4879
f 2665/4872/4871 2667/4879/4878 2672/4882/4881 2668/4883/4882
f 2668/4883/4882 2672/4882/4881 4509/4884/4883 4508/4885/4884
f 2667/4879/4878 4511/4881/4880 4512/4886/4885 2672/4882/4881
f 2672/4882/4881 4512/4886/4885 5499/4887/4886 4509/4884/4883
f 2665/4872/4871 2668/4883/4882 2673/4888/4887 2669/4873/4872
f 2669/4873/4872 2673/4888/4887 4503/4889/4888 4502/4876/4875
f 2668/4883/4882 4508/4885/4884 4507/4890/4889 2673/4888/4887
f 2673/4888/4887 4507/4890/4889 5496/4891/4890 4503/4889/4888
f 2674/4892/4891 2678/4893/4892 2679/4894/4893 2675/4895/4894
f 2675/4895/4894 2679/4894/4893 4507/4890/4889 4508/4885/4884
f 2678/4893/4892 4505/4896/4895 4504/4897/4896 2679/4894/4893
f 2679/4894/4893 4504/4897/4896 5496/4891/4890 4507/4890/4889
f 2674/4892/4891 2675/4895/4894 2680/4898/4897 2676/4899/4898
f 2676/4899/4898 2680/4898/4897 4516/4900/4899 4517/4901/4900
f 2675/4895/4894 4508/4885/4884 4509/4884/4883 2680/4898/4897
f 2680/4898/4897 4509/4884/4883 5499/4887/4886 4516/4900/4899
f 2674/4892/4891 2676/4899/4898 2681/4902/4901 2677/4903/4902
f 2677/4903/4902 2681/4902/4901 5241/4904/4903 5240/4905/4904
f 2676/4899/4898 4517/4901/4900 4518/4906/4905 2681/4902/4901
f 2681/4902/4901 4518/4906/4905 5651/4907/4906 5241/4904/4903
f 2674/4892/4891 2677/4903/4902 2682/4908/4907 2678/4893/4892
f 2678/4893/4892 2682/4908/4907 4506/4909/4908 4505/4896/4895
f 2677/4903/4902 5240/4905/4904 5239/4910/4909 2682/4908/4907
f 2682/4908/4907 5239/4910/4909 5650/4911/4910 4506/4909/4908
f 2683/4912/4911 2687/4913/4912 2688/4914/4913 2684/4915/4914
f 2684/4915/4914 2688/4914/4913 4486/4838/4837 4487/4837/4836
f 2687/4913/4912 4511/4881/4880 4510/4880/4879 2688/4914/4913
f 2688/4914/4913 4510/4880/4879 5495/4832/4831 4486/4838/4837
f 2683/4912/4911 2684/4915/4914 2689/4916/4915 2685/4917/4916
f 2685/4917/4916 2689/4916/4915 5275/4535/4534 5276/4530/4529
f 2684/4915/4914 4487/4837/4836 4488/4847/4846 2689/4916/4915
f 2689/4916/4915 4488/4847/4846 5659/4536/4535 5275/4535/4534
f 2683/4912/4911 2685/4917/4916 2690/4918/4917 2686/4919/4918
f 2686/4919/4918 2690/4918/4917 4515/4920/4919 4514/4921/4920
f 2685/4917/4916 5276/4530/4529 5277/4529/4528 2690/4918/4917
f 2690/4918/4917 5277/4529/4528 5660/4532/4531 4515/4920/4919
f 2683/4912/4911 2686/4919/4918 2691/4922/4921 2687/4913/4912
f 2687/4913/4912 2691/4922/4921 4512/4886/4885 4511/4881/4880
f 2686/4919/4918 4514/4921/4920 4513/4923/4922 2691/4922/4921
f 2691/4922/4921 4513/4923/4922 5499/4887/4886 4512/4886/4885
f 2692/4924/4923 2696/4925/4924 2697/4926/4925 2693/4927/4926
f 2693/4927/4926 2697/4926/4925 4513/4923/4922 4514/4921/4920
f 2696/4925/4924 4517/4901/4900 4516/4900/4899 2697/4926/4925
f 2697/4926/4925 4516/4900/4899 5499/4887/4886 4513/4923/4922
f 2692/4924/4923 2693/4927/4926 2698/4928/4927 2694/4929/4928
f 2694/4929/4928 2698/4928/4927 5278/4567/4566 5279/4564/4563
f 2693/4927/4926 4514/4921/4920 4515/4920/4919 2698/4928/4927
f 2698/4928/4927 4515/4920/4919 5660/4532/4531 5278/4567/4566
f 2692/4924/4923 2694/4929/4928 2699/4930/4929 2695/4931/4930
f 2695/4931/4930 2699/4930/4929 5244/4932/4931 5243/4933/4932
f 2694/4929/4928 5279/4564/4563 5280/4563/4562 2699/4930/4929
f 2699/4930/4929 5280/4563/4562 5697/4366/4365 5244/4932/4931
f 2692/4924/4923 2695/4931/4930 2700/4934/4933 2696/4925/4924
f 2696/4925/4924 2700/4934/4933 4518/4906/4905 4517/4901/4900
f 2695/4931/4930 5243/4933/4932 5242/4935/4934 2700/4934/4933
f 2700/4934/4933 5242/4935/4934 5651/4907/4906 4518/4906/4905
f 2701/4936/4935 2705/4937/4936 2706/4938/4937 2702/4939/4938
f 2702/4939/4938 2706/4938/4937 4501/4877/4876 4502/4876/4875
f 2705/4937/4936 4520/4813/4812 4519/4812/4811 2706/4938/4937
f 2706/4938/4937 4519/4812/4811 5494/4816/4815 4501/4877/4876
f 2701/4936/4935 2702/4939/4938 2707/4940/4939 2703/4941/4940
f 2703/4941/4940 2707/4940/4939 4528/4942/4941 4529/4943/4942
f 2702/4939/4938 4502/4876/4875 4503/4889/4888 2707/4940/4939
f 2707/4940/4939 4503/4889/4888 5496/4891/4890 4528/4942/4941
f 2701/4936/4935 2703/4941/4940 2708/4944/4943 2704/4945/4944
f 2704/4945/4944 2708/4944/4943 4527/4946/4945 4526/4947/4946
f 2703/4941/4940 4529/4943/4942 4530/4948/4947 2708/4944/4943
f 2708/4944/4943 4530/4948/4947 5500/4949/4948 4527/4946/4945
f 2701/4936/4935 2704/4945/4944 2709/4950/4949 2705/4937/4936
f 2705/4937/4936 2709/4950/4949 4521/4821/4820 4520/4813/4812
f 2704/4945/4944 4526/4947/4946 4525/4951/4950 2709/4950/4949
f 2709/4950/4949 4525/4951/4950 5497/4822/4821 4521/4821/4820
f 2710/4952/4951 2714/4953/4952 2715/4954/4953 2711/4955/4954
f 2711/4955/4954 2715/4954/4953 4525/4951/4950 4526/4947/4946
f 2714/4953/4952 4523/4853/4852 4522/4852/4851 2715/4954/4953
f 2715/4954/4953 4522/4852/4851 5497/4822/4821 4525/4951/4950
f 2710/4952/4951 2711/4955/4954 2716/4956/4955 2712/4957/4956
f 2712/4957/4956 2716/4956/4955 4534/4958/4957 4535/4959/4958
f 2711/4955/4954 4526/4947/4946 4527/4946/4945 2716/4956/4955
f 2716/4956/4955 4527/4946/4945 5500/4949/4948 4534/4958/4957
f 2710/4952/4951 2712/4957/4956 2717/4960/4959 2713/4961/4960
f 2713/4961/4960 2717/4960/4959 5061/2645/2644 5060/2640/2639
f 2712/4957/4956 4535/4959/4958 4536/4962/4961 2717/4960/4959
f 2717/4960/4959 4536/4962/4961 5606/2646/2645 5061/2645/2644
f 2710/4952/4951 2713/4961/4960 2718/4963/4962 2714/4953/4952
f 2714/4953/4952 2718/4963/4962 4524/4856/4855 4523/4853/4852
f 2713/4961/4960 5060/2640/2639 5059/2639/2638 2718/4963/4962
f 2718/4963/4962 5059/2639/2638 5605/2560/2559 4524/4856/4855
f 2719/4964/4963 2723/4965/4964 2724/4966/4965 2720/4967/4966
f 2720/4967/4966 2724/4966/4965 4504/4897/4896 4505/4896/4895
f 2723/4965/4964 4529/4943/4942 4528/4942/4941 2724/4966/4965
f 2724/4966/4965 4528/4942/4941 5496/4891/4890 4504/4897/4896
f 2719/4964/4963 2720/4967/4966 2725/4968/4967 2721/4969/4968
f 2721/4969/4968 2725/4968/4967 5238/4970/4969 5237/4971/4970
f 2720/4967/4966 4505/4896/4895 4506/4909/4908 2725/4968/4967
f 2725/4968/4967 4506/4909/4908 5650/4911/4910 5238/4970/4969
f 2719/4964/4963 2721/4969/4968 2726/4972/4971 2722/4973/4972
f 2722/4973/4972 2726/4972/4971 4533/4974/4973 4532/4975/4974
f 2721/4969/4968 5237/4971/4970 5236/4976/4975 2726/4972/4971
f 2726/4972/4971 5236/4976/4975 5649/4977/4976 4533/4974/4973
f 2719/4964/4963 2722/4973/4972 2727/4978/4977 2723/4965/4964
f 2723/4965/4964 2727/4978/4977 4530/4948/4947 4529/4943/4942
f 2722/4973/4972 4532/4975/4974 4531/4979/4978 2727/4978/4977
f 2727/4978/4977 4531/4979/4978 5500/4949/4948 4530/4948/4947
f 2728/4980/4979 2732/4981/4980 2733/4982/4981 2729/4983/4982
f 2729/4983/4982 2733/4982/4981 4531/4979/4978 4532/4975/4974
f 2732/4981/4980 4535/4959/4958 4534/4958/4957 2733/4982/4981
f 2733/4982/4981 4534/4958/4957 5500/4949/4948 4531/4979/4978
f 2728/4980/4979 2729/4983/4982 2734/4984/4983 2730/4985/4984
f 2730/4985/4984 2734/4984/4983 5235/4986/4985 5234/4987/4986
f 2729/4983/4982 4532/4975/4974 4533/4974/4973 2734/4984/4983
f 2734/4984/4983 4533/4974/4973 5649/4977/4976 5235/4986/4985
f 2728/4980/4979 2730/4985/4984 2735/4988/4987 2731/4989/4988
f 2731/4989/4988 2735/4988/4987 5064/2661/2660 5063/2656/2655
f 2730/4985/4984 5234/4987/4986 5233/4990/4989 2735/4988/4987
f 2735/4988/4987 5233/4990/4989 5690/2662/2661 5064/2661/2660
f 2728/4980/4979 2731/4989/4988 2736/4991/4990 2732/4981/4980
f 2732/4981/4980 2736/4991/4990 4536/4962/4961 4535/4959/4958
f 2731/4989/4988 5063/2656/2655 5062/2655/2654 2736/4991/4990
f 2736/4991/4990 5062/2655/2654 5606/2646/2645 4536/4962/4961
f 2737/4992/4991 2741/4993/4992 2742/4994/4993 2738/4995/4994
f 2738/4995/4994 2742/4994/4993 4573/4996/4995 4574/4997/4996
f 2741/4993/4992 4538/4998/4997 4537/4999/4998 2742/4994/4993
f 2742/4994/4993 4537/4999/4998 5501/5000/4999 4573/4996/4995
f 2737/4992/4991 2738/4995/4994 2743/5001/5000 2739/5002/5001
f 2739/5002/5001 2743/5001/5000 4546/5003/5002 4547/5004/5003
f 2738/4995/4994 4574/4997/4996 4575/5005/5004 2743/5001/5000
f 2743/5001/5000 4575/5005/5004 5504/5006/5005 4546/5003/5002
f 2737/4992/4991 2739/5002/5001 2744/5007/5006 2740/5008/5007
f 2740/5008/5007 2744/5007/5006 4545/5009/5008 4544/5010/5009
f 2739/5002/5001 4547/5004/5003 4548/5011/5010 2744/5007/5006
f 2744/5007/5006 4548/5011/5010 5505/5012/5011 4545/5009/5008
f 2737/4992/4991 2740/5008/5007 2745/5013/5012 2741/4993/4992
f 2741/4993/4992 2745/5013/5012 4539/5014/5013 4538/4998/4997
f 2740/5008/5007 4544/5010/5009 4543/5015/5014 2745/5013/5012
f 2745/5013/5012 4543/5015/5014 5502/5016/5015 4539/5014/5013
f 2746/5017/5016 2750/5018/5017 2751/5019/5018 2747/5020/5019
f 2747/5020/5019 2751/5019/5018 4543/5015/5014 4544/5010/5009
f 2750/5018/5017 4541/5021/5020 4540/5022/5021 2751/5019/5018
f 2751/5019/5018 4540/5022/5021 5502/5016/5015 4543/5015/5014
f 2746/5017/5016 2747/5020/5019 2752/5023/5022 2748/5024/5023
f 2748/5024/5023 2752/5023/5022 4552/5025/5024 4553/5026/5025
f 2747/5020/5019 4544/5010/5009 4545/5009/5008 2752/5023/5022
f 2752/5023/5022 4545/5009/5008 5505/5012/5011 4552/5025/5024
f 2746/5017/5016 2748/5024/5023 2753/5027/5026 2749/5028/5027
f 2749/5028/5027 2753/5027/5026 5296/4792/4791 5297/4787/4786
f 2748/5024/5023 4553/5026/5025 4554/5029/5028 2753/5027/5026
f 2753/5027/5026 4554/5029/5028 5664/4793/4792 5296/4792/4791
f 2746/5017/5016 2749/5028/5027 2754/5030/5029 2750/5018/5017
f 2750/5018/5017 2754/5030/5029 4542/5031/5030 4541/5021/5020
f 2749/5028/5027 5297/4787/4786 5298/4786/4785 2754/5030/5029
f 2754/5030/5029 5298/4786/4785 5665/4727/4726 4542/5031/5030
f 2755/5032/5031 2759/5033/5032 2760/5034/5033 2756/5035/5034
f 2756/5035/5034 2760/5034/5033 4576/5036/5035 4577/5037/5036
f 2759/5033/5032 4547/5004/5003 4546/5003/5002 2760/5034/5033
f 2760/5034/5033 4546/5003/5002 5504/5006/5005 4576/5036/5035
f 2755/5032/5031 2756/5035/5034 2761/5038/5037 2757/5039/5038
f 2757/5039/5038 2761/5038/5037 5094/2823/2822 5093/2818/2817
f 2756/5035/5034 4577/5037/5036 4578/5040/5039 2761/5038/5037
f 2761/5038/5037 4578/5040/5039 5614/2824/2823 5094/2823/2822
f 2755/5032/5031 2757/5039/5038 2762/5041/5040 2758/5042/5041
f 2758/5042/5041 2762/5041/5040 4551/5043/5042 4550/5044/5043
f 2757/5039/5038 5093/2818/2817 5092/2817/2816 2762/5041/5040
f 2762/5041/5040 5092/2817/2816 5613/2820/2819 4551/5043/5042
f 2755/5032/5031 2758/5042/5041 2763/5045/5044 2759/5033/5032
f 2759/5033/5032 2763/5045/5044 4548/5011/5010 4547/5004/5003
f 2758/5042/5041 4550/5044/5043 4549/5046/5045 2763/5045/5044
f 2763/5045/5044 4549/5046/5045 5505/5012/5011 4548/5011/5010
f 2764/5047/5046 2768/5048/5047 2769/5049/5048 2765/5050/5049
f 2765/5050/5049 2769/5049/5048 4549/5046/5045 4550/5044/5043
f 2768/5048/5047 4553/5026/5025 4552/5025/5024 2769/5049/5048
f 2769/5049/5048 4552/5025/5024 5505/5012/5011 4549/5046/5045
f 2764/5047/5046 2765/5050/5049 2770/5051/5050 2766/5052/5051
f 2766/5052/5051 2770/5051/5050 5091/2848/2847 5090/2846/2845
f 2765/5050/5049 4550/5044/5043 4551/5043/5042 2770/5051/5050
f 2770/5051/5050 4551/5043/5042 5613/2820/2819 5091/2848/2847
f 2764/5047/5046 2766/5052/5051 2771/5053/5052 2767/5054/5053
f 2767/5054/5053 2771/5053/5052 5293/4806/4805 5294/4803/4802
f 2766/5052/5051 5090/2846/2845 5089/2845/2844 2771/5053/5052
f 2771/5053/5052 5089/2845/2844 5694/2390/2389 5293/4806/4805
f 2764/5047/5046 2767/5054/5053 2772/5055/5054 2768/5048/5047
f 2768/5048/5047 2772/5055/5054 4554/5029/5028 4553/5026/5025
f 2767/5054/5053 5294/4803/4802 5295/4802/4801 2772/5055/5054
f 2772/5055/5054 5295/4802/4801 5664/4793/4792 4554/5029/5028
f 2773/5056/5055 2777/5057/5056 2778/5058/5057 2774/5059/5058
f 2774/5059/5058 2778/5058/5057 4537/4999/4998 4538/4998/4997
f 2777/5057/5056 4556/5060/5059 4555/5061/5060 2778/5058/5057
f 2778/5058/5057 4555/5061/5060 5501/5000/4999 4537/4999/4998
f 2773/5056/5055 2774/5059/5058 2779/5062/5061 2775/5063/5062
f 2775/5063/5062 2779/5062/5061 4564/5064/5063 4565/5065/5064
f 2774/5059/5058 4538/4998/4997 4539/5014/5013 2779/5062/5061
f 2779/5062/5061 4539/5014/5013 5502/5016/5015 4564/5064/5063
f 2773/5056/5055 2775/5063/5062 2780/5066/5065 2776/5067/5066
f 2776/5067/5066 2780/5066/5065 4563/5068/5067 4562/5069/5068
f 2775/5063/5062 4565/5065/5064 4566/5070/5069 2780/5066/5065
f 2780/5066/5065 4566/5070/5069 5506/5071/5070 4563/5068/5067
f 2773/5056/5055 2776/5067/5066 2781/5072/5071 2777/5057/5056
f 2777/5057/5056 2781/5072/5071 4557/5073/5072 4556/5060/5059
f 2776/5067/5066 4562/5069/5068 4561/5074/5073 2781/5072/5071
f 2781/5072/5071 4561/5074/5073 5503/5075/5074 4557/5073/5072
f 2782/5076/5075 2786/5077/5076 2787/5078/5077 2783/5079/5078
f 2783/5079/5078 2787/5078/5077 4561/5074/5073 4562/5069/5068
f 2786/5077/5076 4559/5080/5079 4558/5081/5080 2787/5078/5077
f 2787/5078/5077 4558/5081/5080 5503/5075/5074 4561/5074/5073
f 2782/5076/5075 2783/5079/5078 2788/5082/5081 2784/5083/5082
f 2784/5083/5082 2788/5082/5081 4570/5084/5083 4571/5085/5084
f 2783/5079/5078 4562/5069/5068 4563/5068/5067 2788/5082/5081
f 2788/5082/5081 4563/5068/5067 5506/5071/5070 4570/5084/5083
f 2782/5076/5075 2784/5083/5082 2789/5086/5085 2785/5087/5086
f 2785/5087/5086 2789/5086/5085 5313/5088/5087 5312/5089/5088
f 2784/5083/5082 4571/5085/5084 4572/5090/5089 2789/5086/5085
f 2789/5086/5085 4572/5090/5089 5669/5091/5090 5313/5088/5087
f 2782/5076/5075 2785/5087/5086 2790/5092/5091 2786/5077/5076
f 2786/5077/5076 2790/5092/5091 4560/5093/5092 4559/5080/5079
f 2785/5087/5086 5312/5089/5088 5311/5094/5093 2790/5092/5091
f 2790/5092/5091 5311/5094/5093 5668/5095/5094 4560/5093/5092
f 2791/5096/5095 2795/5097/5096 2796/5098/5097 2792/5099/5098
f 2792/5099/5098 2796/5098/5097 4540/5022/5021 4541/5021/5020
f 2795/5097/5096 4565/5065/5064 4564/5064/5063 2796/5098/5097
f 2796/5098/5097 4564/5064/5063 5502/5016/5015 4540/5022/5021
f 2791/5096/5095 2792/5099/5098 2797/5100/5099 2793/5101/5100
f 2793/5101/5100 2797/5100/5099 5299/4726/4725 5300/4721/4720
f 2792/5099/5098 4541/5021/5020 4542/5031/5030 2797/5100/5099
f 2797/5100/5099 4542/5031/5030 5665/4727/4726 5299/4726/4725
f 2791/5096/5095 2793/5101/5100 2798/5102/5101 2794/5103/5102
f 2794/5103/5102 2798/5102/5101 4569/5104/5103 4568/5105/5104
f 2793/5101/5100 5300/4721/4720 5301/4720/4719 2798/5102/5101
f 2798/5102/5101 5301/4720/4719 5666/4723/4722 4569/5104/5103
f 2791/5096/5095 2794/5103/5102 2799/5106/5105 2795/5097/5096
f 2795/5097/5096 2799/5106/5105 4566/5070/5069 4565/5065/5064
f 2794/5103/5102 4568/5105/5104 4567/5107/5106 2799/5106/5105
f 2799/5106/5105 4567/5107/5106 5506/5071/5070 4566/5070/5069
f 2800/5108/5107 2804/5109/5108 2805/5110/5109 2801/5111/5110
f 2801/5111/5110 2805/5110/5109 4567/5107/5106 4568/5105/5104
f 2804/5109/5108 4571/5085/5084 4570/5084/5083 2805/5110/5109
f 2805/5110/5109 4570/5084/5083 5506/5071/5070 4567/5107/5106
f 2800/5108/5107 2801/5111/5110 2806/5112/5111 2802/5113/5112
f 2802/5113/5112 2806/5112/5111 5302/4751/4750 5303/4749/4748
f 2801/5111/5110 4568/5105/5104 4569/5104/5103 2806/5112/5111
f 2806/5112/5111 4569/5104/5103 5666/4723/4722 5302/4751/4750
f 2800/5108/5107 2802/5113/5112 2807/5114/5113 2803/5115/5114
f 2803/5115/5114 2807/5114/5113 5316/5116/5115 5315/5117/5116
f 2802/5113/5112 5303/4749/4748 5304/4748/4747 2807/5114/5113
f 2807/5114/5113 5304/4748/4747 5697/4366/4365 5316/5116/5115
f 2800/5108/5107 2803/5115/5114 2808/5118/5117 2804/5109/5108
f 2804/5109/5108 2808/5118/5117 4572/5090/5089 4571/5085/5084
f 2803/5115/5114 5315/5117/5116 5314/5119/5118 2808/5118/5117
f 2808/5118/5117 5314/5119/5118 5669/5091/5090 4572/5090/5089
f 2809/5120/5119 2813/5121/5120 2814/5122/5121 2810/5123/5122
f 2810/5123/5122 2814/5122/5121 4555/5061/5060 4556/5060/5059
f 2813/5121/5120 4574/4997/4996 4573/4996/4995 2814/5122/5121
f 2814/5122/5121 4573/4996/4995 5501/5000/4999 4555/5061/5060
f 2809/5120/5119 2810/5123/5122 2815/5124/5123 2811/5125/5124
f 2811/5125/5124 2815/5124/5123 4582/5126/5125 4583/5127/5126
f 2810/5123/5122 4556/5060/5059 4557/5073/5072 2815/5124/5123
f 2815/5124/5123 4557/5073/5072 5503/5075/5074 4582/5126/5125
f 2809/5120/5119 2811/5125/5124 2816/5128/5127 2812/5129/5128
f 2812/5129/5128 2816/5128/5127 4581/5130/5129 4580/5131/5130
f 2811/5125/5124 4583/5127/5126 4584/5132/5131 2816/5128/5127
f 2816/5128/5127 4584/5132/5131 5507/5133/5132 4581/5130/5129
f 2809/5120/5119 2812/5129/5128 2817/5134/5133 2813/5121/5120
f 2813/5121/5120 2817/5134/5133 4575/5005/5004 4574/4997/4996
f 2812/5129/5128 4580/5131/5130 4579/5135/5134 2817/5134/5133
f 2817/5134/5133 4579/5135/5134 5504/5006/5005 4575/5005/5004
f 2818/5136/5135 2822/5137/5136 2823/5138/5137 2819/5139/5138
f 2819/5139/5138 2823/5138/5137 4579/5135/5134 4580/5131/5130
f 2822/5137/5136 4577/5037/5036 4576/5036/5035 2823/5138/5137
f 2823/5138/5137 4576/5036/5035 5504/5006/5005 4579/5135/5134
f 2818/5136/5135 2819/5139/5138 2824/5140/5139 2820/5141/5140
f 2820/5141/5140 2824/5140/5139 4588/5142/5141 4589/5143/5142
f 2819/5139/5138 4580/5131/5130 4581/5130/5129 2824/5140/5139
f 2824/5140/5139 4581/5130/5129 5507/5133/5132 4588/5142/5141
f 2818/5136/5135 2820/5141/5140 2825/5144/5143 2821/5145/5144
f 2821/5145/5144 2825/5144/5143 5097/2901/2900 5096/2896/2895
f 2820/5141/5140 4589/5143/5142 4590/5146/5145 2825/5144/5143
f 2825/5144/5143 4590/5146/5145 5615/2902/2901 5097/2901/2900
f 2818/5136/5135 2821/5145/5144 2826/5147/5146 2822/5137/5136
f 2822/5137/5136 2826/5147/5146 4578/5040/5039 4577/5037/5036
f 2821/5145/5144 5096/2896/2895 5095/2895/2894 2826/5147/5146
f 2826/5147/5146 5095/2895/2894 5614/2824/2823 4578/5040/5039
f 2827/5148/5147 2831/5149/5148 2832/5150/5149 2828/5151/5150
f 2828/5151/5150 2832/5150/5149 4558/5081/5080 4559/5080/5079
f 2831/5149/5148 4583/5127/5126 4582/5126/5125 2832/5150/5149
f 2832/5150/5149 4582/5126/5125 5503/5075/5074 4558/5081/5080
f 2827/5148/5147 2828/5151/5150 2833/5152/5151 2829/5153/5152
f 2829/5153/5152 2833/5152/5151 5310/5154/5153 5309/5155/5154
f 2828/5151/5150 4559/5080/5079 4560/5093/5092 2833/5152/5151
f 2833/5152/5151 4560/5093/5092 5668/5095/5094 5310/5154/5153
f 2827/5148/5147 2829/5153/5152 2834/5156/5155 2830/5157/5156
f 2830/5157/5156 2834/5156/5155 4587/5158/5157 4586/5159/5158
f 2829/5153/5152 5309/5155/5154 5308/5160/5159 2834/5156/5155
f 2834/5156/5155 5308/5160/5159 5667/5161/5160 4587/5158/5157
f 2827/5148/5147 2830/5157/5156 2835/5162/5161 2831/5149/5148
f 2831/5149/5148 2835/5162/5161 4584/5132/5131 4583/5127/5126
f 2830/5157/5156 4586/5159/5158 4585/5163/5162 2835/5162/5161
f 2835/5162/5161 4585/5163/5162 5507/5133/5132 4584/5132/5131
f 2836/5164/5163 2840/5165/5164 2841/5166/5165 2837/5167/5166
f 2837/5167/5166 2841/5166/5165 4585/5163/5162 4586/5159/5158
f 2840/5165/5164 4589/5143/5142 4588/5142/5141 2841/5166/5165
f 2841/5166/5165 4588/5142/5141 5507/5133/5132 4585/5163/5162
f 2836/5164/5163 2837/5167/5166 2842/5168/5167 2838/5169/5168
f 2838/5169/5168 2842/5168/5167 5307/5170/5169 5306/5171/5170
f 2837/5167/5166 4586/5159/5158 4587/5158/5157 2842/5168/5167
f 2842/5168/5167 4587/5158/5157 5667/5161/5160 5307/5170/5169
f 2836/5164/5163 2838/5169/5168 2843/5172/5171 2839/5173/5172
f 2839/5173/5172 2843/5172/5171 5100/2917/2916 5099/2912/2911
f 2838/5169/5168 5306/5171/5170 5305/5174/5173 2843/5172/5171
f 2843/5172/5171 5305/5174/5173 5693/2918/2917 5100/2917/2916
f 2836/5164/5163 2839/5173/5172 2844/5175/5174 2840/5165/5164
f 2840/5165/5164 2844/5175/5174 4590/5146/5145 4589/5143/5142
f 2839/5173/5172 5099/2912/2911 5098/2911/2910 2844/5175/5174
f 2844/5175/5174 5098/2911/2910 5615/2902/2901 4590/5146/5145
f 2845/5176/5175 2849/5177/5176 2850/5178/5177 2846/5179/5178
f 2846/5179/5178 2850/5178/5177 4627/5180/5179 4628/5181/5180
f 2849/5177/5176 4592/5182/5181 4591/5183/5182 2850/5178/5177
f 2850/5178/5177 4591/5183/5182 5508/5184/5183 4627/5180/5179
f 2845/5176/5175 2846/5179/5178 2851/5185/5184 2847/5186/5185
f 2847/5186/5185 2851/5185/5184 4600/5187/5186 4601/5188/5187
f 2846/5179/5178 4628/5181/5180 4629/5189/5188 2851/5185/5184
f 2851/5185/5184 4629/5189/5188 5511/5190/5189 4600/5187/5186
f 2845/5176/5175 2847/5186/5185 2852/5191/5190 2848/5192/5191
f 2848/5192/5191 2852/5191/5190 4599/5193/5192 4598/5194/5193
f 2847/5186/5185 4601/5188/5187 4602/5195/5194 2852/5191/5190
f 2852/5191/5190 4602/5195/5194 5512/5196/5195 4599/5193/5192
f 2845/5176/5175 2848/5192/5191 2853/5197/5196 2849/5177/5176
f 2849/5177/5176 2853/5197/5196 4593/5198/5197 4592/5182/5181
f 2848/5192/5191 4598/5194/5193 4597/5199/5198 2853/5197/5196
f 2853/5197/5196 4597/5199/5198 5509/5200/5199 4593/5198/5197
f 2854/5201/5200 2858/5202/5201 2859/5203/5202 2855/5204/5203
f 2855/5204/5203 2859/5203/5202 4597/5199/5198 4598/5194/5193
f 2858/5202/5201 4595/5205/5204 4594/5206/5205 2859/5203/5202
f 2859/5203/5202 4594/5206/5205 5509/5200/5199 4597/5199/5198
f 2854/5201/5200 2855/5204/5203 2860/5207/5206 2856/5208/5207
f 2856/5208/5207 2860/5207/5206 4606/5209/5208 4607/5210/5209
f 2855/5204/5203 4598/5194/5193 4599/5193/5192 2860/5207/5206
f 2860/5207/5206 4599/5193/5192 5512/5196/5195 4606/5209/5208
f 2854/5201/5200 2856/5208/5207 2861/5211/5210 2857/5212/5211
f 2857/5212/5211 2861/5211/5210 5325/5213/5212 5324/5214/5213
f 2856/5208/5207 4607/5210/5209 4608/5215/5214 2861/5211/5210
f 2861/5211/5210 4608/5215/5214 5672/5216/5215 5325/5213/5212
f 2854/5201/5200 2857/5212/5211 2862/5217/5216 2858/5202/5201
f 2858/5202/5201 2862/5217/5216 4596/5218/5217 4595/5205/5204
f 2857/5212/5211 5324/5214/5213 5323/5219/5218 2862/5217/5216
f 2862/5217/5216 5323/5219/5218 5671/5220/5219 4596/5218/5217
f 2863/5221/5220 2867/5222/5221 2868/5223/5222 2864/5224/5223
f 2864/5224/5223 2868/5223/5222 4630/5225/5224 4631/5226/5225
f 2867/5222/5221 4601/5188/5187 4600/5187/5186 2868/5223/5222
f 2868/5223/5222 4600/5187/5186 5511/5190/5189 4630/5225/5224
f 2863/5221/5220 2864/5224/5223 2869/5227/5226 2865/5228/5227
f 2865/5228/5227 2869/5227/5226 5130/3087/3086 5129/3082/3081
f 2864/5224/5223 4631/5226/5225 4632/5229/5228 2869/5227/5226
f 2869/5227/5226 4632/5229/5228 5623/3088/3087 5130/3087/3086
f 2863/5221/5220 2865/5228/5227 2870/5230/5229 2866/5231/5230
f 2866/5231/5230 2870/5230/5229 4605/5232/5231 4604/5233/5232
f 2865/5228/5227 5129/3082/3081 5128/3081/3080 2870/5230/5229
f 2870/5230/5229 5128/3081/3080 5622/3084/3083 4605/5232/5231
f 2863/5221/5220 2866/5231/5230 2871/5234/5233 2867/5222/5221
f 2867/5222/5221 2871/5234/5233 4602/5195/5194 4601/5188/5187
f 2866/5231/5230 4604/5233/5232 4603/5235/5234 2871/5234/5233
f 2871/5234/5233 4603/5235/5234 5512/5196/5195 4602/5195/5194
f 2872/5236/5235 2876/5237/5236 2877/5238/5237 2873/5239/5238
f 2873/5239/5238 2877/5238/5237 4603/5235/5234 4604/5233/5232
f 2876/5237/5236 4607/5210/5209 4606/5209/5208 2877/5238/5237
f 2877/5238/5237 4606/5209/5208 5512/5196/5195 4603/5235/5234
f 2872/5236/5235 2873/5239/5238 2878/5240/5239 2874/5241/5240
f 2874/5241/5240 2878/5240/5239 5127/3120/3119 5126/3116/3115
f 2873/5239/5238 4604/5233/5232 4605/5232/5231 2878/5240/5239
f 2878/5240/5239 4605/5232/5231 5622/3084/3083 5127/3120/3119
f 2872/5236/5235 2874/5241/5240 2879/5242/5241 2875/5243/5242
f 2875/5243/5242 2879/5242/5241 5328/5244/5243 5327/5245/5244
f 2874/5241/5240 5126/3116/3115 5125/3115/3114 2879/5242/5241
f 2879/5242/5241 5125/3115/3114 5689/3118/3117 5328/5244/5243
f 2872/5236/5235 2875/5243/5242 2880/5246/5245 2876/5237/5236
f 2876/5237/5236 2880/5246/5245 4608/5215/5214 4607/5210/5209
f 2875/5243/5242 5327/5245/5244 5326/5247/5246 2880/5246/5245
f 2880/5246/5245 5326/5247/5246 5672/5216/5215 4608/5215/5214
f 2881/5248/5247 2885/5249/5248 2886/5250/5249 2882/5251/5250
f 2882/5251/5250 2886/5250/5249 4591/5183/5182 4592/5182/5181
f 2885/5249/5248 4610/5252/5251 4609/5253/5252 2886/5250/5249
f 2886/5250/5249 4609/5253/5252 5508/5184/5183 4591/5183/5182
f 2881/5248/5247 2882/5251/5250 2887/5254/5253 2883/5255/5254
f 2883/5255/5254 2887/5254/5253 4618/5256/5255 4619/5257/5256
f 2882/5251/5250 4592/5182/5181 4593/5198/5197 2887/5254/5253
f 2887/5254/5253 4593/5198/5197 5509/5200/5199 4618/5256/5255
f 2881/5248/5247 2883/5255/5254 2888/5258/5257 2884/5259/5258
f 2884/5259/5258 2888/5258/5257 4617/5260/5259 4616/5261/5260
f 2883/5255/5254 4619/5257/5256 4620/5262/5261 2888/5258/5257
f 2888/5258/5257 4620/5262/5261 5513/5263/5262 4617/5260/5259
f 2881/5248/5247 2884/5259/5258 2889/5264/5263 2885/5249/5248
f 2885/5249/5248 2889/5264/5263 4611/5265/5264 4610/5252/5251
f 2884/5259/5258 4616/5261/5260 4615/5266/5265 2889/5264/5263
f 2889/5264/5263 4615/5266/5265 5510/5267/5266 4611/5265/5264
f 2890/5268/5267 2894/5269/5268 2895/5270/5269 2891/5271/5270
f 2891/5271/5270 2895/5270/5269 4615/5266/5265 4616/5261/5260
f 2894/5269/5268 4613/5272/5271 4612/5273/5272 2895/5270/5269
f 2895/5270/5269 4612/5273/5272 5510/5267/5266 4615/5266/5265
f 2890/5268/5267 2891/5271/5270 2896/5274/5273 2892/5275/5274
f 2892/5275/5274 2896/5274/5273 4624/5276/5275 4625/5277/5276
f 2891/5271/5270 4616/5261/5260 4617/5260/5259 2896/5274/5273
f 2896/5274/5273 4617/5260/5259 5513/5263/5262 4624/5276/5275
f 2890/5268/5267 2892/5275/5274 2897/5278/5277 2893/5279/5278
f 2893/5279/5278 2897/5278/5277 5260/4349/4348 5261/4344/4343
f 2892/5275/5274 4625/5277/5276 4626/5280/5279 2897/5278/5277
f 2897/5278/5277 4626/5280/5279 5655/4350/4349 5260/4349/4348
f 2890/5268/5267 2893/5279/5278 2898/5281/5280 2894/5269/5268
f 2894/5269/5268 2898/5281/5280 4614/5282/5281 4613/5272/5271
f 2893/5279/5278 5261/4344/4343 5262/4343/4342 2898/5281/5280
f 2898/5281/5280 5262/4343/4342 5656/4269/4268 4614/5282/5281
f 2899/5283/5282 2903/5284/5283 2904/5285/5284 2900/5286/5285
f 2900/5286/5285 2904/5285/5284 4594/5206/5205 4595/5205/5204
f 2903/5284/5283 4619/5257/5256 4618/5256/5255 2904/5285/5284
f 2904/5285/5284 4618/5256/5255 5509/5200/5199 4594/5206/5205
f 2899/5283/5282 2900/5286/5285 2905/5287/5286 2901/5288/5287
f 2901/5288/5287 2905/5287/5286 5322/5289/5288 5321/5290/5289
f 2900/5286/5285 4595/5205/5204 4596/5218/5217 2905/5287/5286
f 2905/5287/5286 4596/5218/5217 5671/5220/5219 5322/5289/5288
f 2899/5283/5282 2901/5288/5287 2906/5291/5290 2902/5292/5291
f 2902/5292/5291 2906/5291/5290 4623/5293/5292 4622/5294/5293
f 2901/5288/5287 5321/5290/5289 5320/5295/5294 2906/5291/5290
f 2906/5291/5290 5320/5295/5294 5670/5296/5295 4623/5293/5292
f 2899/5283/5282 2902/5292/5291 2907/5297/5296 2903/5284/5283
f 2903/5284/5283 2907/5297/5296 4620/5262/5261 4619/5257/5256
f 2902/5292/5291 4622/5294/5293 4621/5298/5297 2907/5297/5296
f 2907/5297/5296 4621/5298/5297 5513/5263/5262 4620/5262/5261
f 2908/5299/5298 2912/5300/5299 2913/5301/5300 2909/5302/5301
f 2909/5302/5301 2913/5301/5300 4621/5298/5297 4622/5294/5293
f 2912/5300/5299 4625/5277/5276 4624/5276/5275 2913/5301/5300
f 2913/5301/5300 4624/5276/5275 5513/5263/5262 4621/5298/5297
f 2908/5299/5298 2909/5302/5301 2914/5303/5302 2910/5304/5303
f 2910/5304/5303 2914/5303/5302 5319/5305/5304 5318/5306/5305
f 2909/5302/5301 4622/5294/5293 4623/5293/5292 2914/5303/5302
f 2914/5303/5302 4623/5293/5292 5670/5296/5295 5319/5305/5304
f 2908/5299/5298 2910/5304/5303 2915/5307/5306 2911/5308/5307
f 2911/5308/5307 2915/5307/5306 5257/4365/4364 5258/4360/4359
f 2910/5304/5303 5318/5306/5305 5317/5309/5308 2915/5307/5306
f 2915/5307/5306 5317/5309/5308 5697/4366/4365 5257/4365/4364
f 2908/5299/5298 2911/5308/5307 2916/5310/5309 2912/5300/5299
f 2912/5300/5299 2916/5310/5309 4626/5280/5279 4625/5277/5276
f 2911/5308/5307 5258/4360/4359 5259/4359/4358 2916/5310/5309
f 2916/5310/5309 5259/4359/4358 5655/4350/4349 4626/5280/5279
f 2917/5311/5310 2921/5312/5311 2922/5313/5312 2918/5314/5313
f 2918/5314/5313 2922/5313/5312 4609/5253/5252 4610/5252/5251
f 2921/5312/5311 4628/5181/5180 4627/5180/5179 2922/5313/5312
f 2922/5313/5312 4627/5180/5179 5508/5184/5183 4609/5253/5252
f 2917/5311/5310 2918/5314/5313 2923/5315/5314 2919/5316/5315
f 2919/5316/5315 2923/5315/5314 4636/5317/5316 4637/5318/5317
f 2918/5314/5313 4610/5252/5251 4611/5265/5264 2923/5315/5314
f 2923/5315/5314 4611/5265/5264 5510/5267/5266 4636/5317/5316
f 2917/5311/5310 2919/5316/5315 2924/5319/5318 2920/5320/5319
f 2920/5320/5319 2924/5319/5318 4635/5321/5320 4634/5322/5321
f 2919/5316/5315 4637/5318/5317 4638/5323/5322 2924/5319/5318
f 2924/5319/5318 4638/5323/5322 5514/5324/5323 4635/5321/5320
f 2917/5311/5310 2920/5320/5319 2925/5325/5324 2921/5312/5311
f 2921/5312/5311 2925/5325/5324 4629/5189/5188 4628/5181/5180
f 2920/5320/5319 4634/5322/5321 4633/5326/5325 2925/5325/5324
f 2925/5325/5324 4633/5326/5325 5511/5190/5189 4629/5189/5188
f 2926/5327/5326 2930/5328/5327 2931/5329/5328 2927/5330/5329
f 2927/5330/5329 2931/5329/5328 4633/5326/5325 4634/5322/5321
f 2930/5328/5327 4631/5226/5225 4630/5225/5224 2931/5329/5328
f 2931/5329/5328 4630/5225/5224 5511/5190/5189 4633/5326/5325
f 2926/5327/5326 2927/5330/5329 2932/5331/5330 2928/5332/5331
f 2928/5332/5331 2932/5331/5330 4642/5333/5332 4643/5334/5333
f 2927/5330/5329 4634/5322/5321 4635/5321/5320 2932/5331/5330
f 2932/5331/5330 4635/5321/5320 5514/5324/5323 4642/5333/5332
f 2926/5327/5326 2928/5332/5331 2933/5335/5334 2929/5336/5335
f 2929/5336/5335 2933/5335/5334 5133/3173/3172 5132/3168/3167
f 2928/5332/5331 4643/5334/5333 4644/5337/5336 2933/5335/5334
f 2933/5335/5334 4644/5337/5336 5624/3174/3173 5133/3173/3172
f 2926/5327/5326 2929/5336/5335 2934/5338/5337 2930/5328/5327
f 2930/5328/5327 2934/5338/5337 4632/5229/5228 4631/5226/5225
f 2929/5336/5335 5132/3168/3167 5131/3167/3166 2934/5338/5337
f 2934/5338/5337 5131/3167/3166 5623/3088/3087 4632/5229/5228
f 2935/5339/5338 2939/5340/5339 2940/5341/5340 2936/5342/5341
f 2936/5342/5341 2940/5341/5340 4612/5273/5272 4613/5272/5271
f 2939/5340/5339 4637/5318/5317 4636/5317/5316 2940/5341/5340
f 2940/5341/5340 4636/5317/5316 5510/5267/5266 4612/5273/5272
f 2935/5339/5338 2936/5342/5341 2941/5343/5342 2937/5344/5343
f 2937/5344/5343 2941/5343/5342 5263/4268/4267 5264/4263/4262
f 2936/5342/5341 4613/5272/5271 4614/5282/5281 2941/5343/5342
f 2941/5343/5342 4614/5282/5281 5656/4269/4268 5263/4268/4267
f 2935/5339/5338 2937/5344/5343 2942/5345/5344 2938/5346/5345
f 2938/5346/5345 2942/5345/5344 4641/5347/5346 4640/5348/5347
f 2937/5344/5343 5264/4263/4262 5265/4262/4261 2942/5345/5344
f 2942/5345/5344 5265/4262/4261 5657/4265/4264 4641/5347/5346
f 2935/5339/5338 2938/5346/5345 2943/5349/5348 2939/5340/5339
f 2939/5340/5339 2943/5349/5348 4638/5323/5322 4637/5318/5317
f 2938/5346/5345 4640/5348/5347 4639/5350/5349 2943/5349/5348
f 2943/5349/5348 4639/5350/5349 5514/5324/5323 4638/5323/5322
f 2944/5351/5350 2948/5352/5351 2949/5353/5352 2945/5354/5353
f 2945/5354/5353 2949/5353/5352 4639/5350/5349 4640/5348/5347
f 2948/5352/5351 4643/5334/5333 4642/5333/5332 2949/5353/5352
f 2949/5353/5352 4642/5333/5332 5514/5324/5323 4639/5350/5349
f 2944/5351/5350 2945/5354/5353 2950/5355/5354 2946/5356/5355
f 2946/5356/5355 2950/5355/5354 5266/4296/4295 5267/4294/4293
f 2945/5354/5353 4640/5348/5347 4641/5347/5346 2950/5355/5354
f 2950/5355/5354 4641/5347/5346 5657/4265/4264 5266/4296/4295
f 2944/5351/5350 2946/5356/5355 2951/5357/5356 2947/5358/5357
f 2947/5358/5357 2951/5357/5356 5136/3189/3188 5135/3184/3183
f 2946/5356/5355 5267/4294/4293 5268/4293/4292 2951/5357/5356
f 2951/5357/5356 5268/4293/4292 5696/3190/3189 5136/3189/3188
f 2944/5351/5350 2947/5358/5357 2952/5359/5358 2948/5352/5351
f 2948/5352/5351 2952/5359/5358 4644/5337/5336 4643/5334/5333
f 2947/5358/5357 5135/3184/3183 5134/3183/3182 2952/5359/5358
f 2952/5359/5358 5134/3183/3182 5624/3174/3173 4644/5337/5336
f 2953/5360/5359 2957/5361/5360 2958/5362/5361 2954/5363/5362
f 2954/5363/5362 2958/5362/5361 4681/5364/5363 4682/5365/5364
f 2957/5361/5360 4646/5366/5365 4645/5367/5366 2958/5362/5361
f 2958/5362/5361 4645/5367/5366 5515/5368/5367 4681/5364/5363
f 2953/5360/5359 2954/5363/5362 2959/5369/5368 2955/5370/5369
f 2955/5370/5369 2959/5369/5368 4654/5371/5370 4655/5372/5371
f 2954/5363/5362 4682/5365/5364 4683/5373/5372 2959/5369/5368
f 2959/5369/5368 4683/5373/5372 5518/5374/5373 4654/5371/5370
f 2953/5360/5359 2955/5370/5369 2960/5375/5374 2956/5376/5375
f 2956/5376/5375 2960/5375/5374 4653/5377/5376 4652/5378/5377
f 2955/5370/5369 4655/5372/5371 4656/5379/5378 2960/5375/5374
f 2960/5375/5374 4656/5379/5378 5519/5380/5379 4653/5377/5376
f 2953/5360/5359 2956/5376/5375 2961/5381/5380 2957/5361/5360
f 2957/5361/5360 2961/5381/5380 4647/5382/5381 4646/5366/5365
f 2956/5376/5375 4652/5378/5377 4651/5383/5382 2961/5381/5380
f 2961/5381/5380 4651/5383/5382 5516/5384/5383 4647/5382/5381
f 2962/5385/5384 2966/5386/5385 2967/5387/5386 2963/5388/5387
f 2963/5388/5387 2967/5387/5386 4651/5383/5382 4652/5378/5377
f 2966/5386/5385 4649/5389/5388 4648/5390/5389 2967/5387/5386
f 2967/5387/5386 4648/5390/5389 5516/5384/5383 4651/5383/5382
f 2962/5385/5384 2963/5388/5387 2968/5391/5390 2964/5392/5391
f 2964/5392/5391 2968/5391/5390 4660/5393/5392 4661/5394/5393
f 2963/5388/5387 4652/5378/5377 4653/5377/5376 2968/5391/5390
f 2968/5391/5390 4653/5377/5376 5519/5380/5379 4660/5393/5392
f 2962/5385/5384 2964/5392/5391 2969/5395/5394 2965/5396/5395
f 2965/5396/5395 2969/5395/5394 5236/4976/4975 5237/4971/4970
f 2964/5392/5391 4661/5394/5393 4662/5397/5396 2969/5395/5394
f 2969/5395/5394 4662/5397/5396 5649/4977/4976 5236/4976/4975
f 2962/5385/5384 2965/5396/5395 2970/5398/5397 2966/5386/5385
f 2966/5386/5385 2970/5398/5397 4650/5399/5398 4649/5389/5388
f 2965/5396/5395 5237/4971/4970 5238/4970/4969 2970/5398/5397
f 2970/5398/5397 5238/4970/4969 5650/4911/4910 4650/5399/5398
f 2971/5400/5399 2975/5401/5400 2976/5402/5401 2972/5403/5402
f 2972/5403/5402 2976/5402/5401 4684/5404/5403 4685/5405/5404
f 2975/5401/5400 4655/5372/5371 4654/5371/5370 2976/5402/5401
f 2976/5402/5401 4654/5371/5370 5518/5374/5373 4684/5404/5403
f 2971/5400/5399 2972/5403/5402 2977/5406/5405 2973/5407/5406
f 2973/5407/5406 2977/5406/5405 5046/3351/3350 5045/3346/3345
f 2972/5403/5402 4685/5405/5404 4686/5408/5407 2977/5406/5405
f 2977/5406/5405 4686/5408/5407 5602/3352/3351 5046/3351/3350
f 2971/5400/5399 2973/5407/5406 2978/5409/5408 2974/5410/5409
f 2974/5410/5409 2978/5409/5408 4659/5411/5410 4658/5412/5411
f 2973/5407/5406 5045/3346/3345 5044/3345/3344 2978/5409/5408
f 2978/5409/5408 5044/3345/3344 5601/3348/3347 4659/5411/5410
f 2971/5400/5399 2974/5410/5409 2979/5413/5412 2975/5401/5400
f 2975/5401/5400 2979/5413/5412 4656/5379/5378 4655/5372/5371
f 2974/5410/5409 4658/5412/5411 4657/5414/5413 2979/5413/5412
f 2979/5413/5412 4657/5414/5413 5519/5380/5379 4656/5379/5378
f 2980/5415/5414 2984/5416/5415 2985/5417/5416 2981/5418/5417
f 2981/5418/5417 2985/5417/5416 4657/5414/5413 4658/5412/5411
f 2984/5416/5415 4661/5394/5393 4660/5393/5392 2985/5417/5416
f 2985/5417/5416 4660/5393/5392 5519/5380/5379 4657/5414/5413
f 2980/5415/5414 2981/5418/5417 2986/5419/5418 2982/5420/5419
f 2982/5420/5419 2986/5419/5418 5043/3376/3375 5042/3374/3373
f 2981/5418/5417 4658/5412/5411 4659/5411/5410 2986/5419/5418
f 2986/5419/5418 4659/5411/5410 5601/3348/3347 5043/3376/3375
f 2980/5415/5414 2982/5420/5419 2987/5421/5420 2983/5422/5421
f 2983/5422/5421 2987/5421/5420 5233/4990/4989 5234/4987/4986
f 2982/5420/5419 5042/3374/3373 5041/3373/3372 2987/5421/5420
f 2987/5421/5420 5041/3373/3372 5690/2662/2661 5233/4990/4989
f 2980/5415/5414 2983/5422/5421 2988/5423/5422 2984/5416/5415
f 2984/5416/5415 2988/5423/5422 4662/5397/5396 4661/5394/5393
f 2983/5422/5421 5234/4987/4986 5235/4986/4985 2988/5423/5422
f 2988/5423/5422 5235/4986/4985 5649/4977/4976 4662/5397/5396
f 2989/5424/5423 2993/5425/5424 2994/5426/5425 2990/5427/5426
f 2990/5427/5426 2994/5426/5425 4645/5367/5366 4646/5366/5365
f 2993/5425/5424 4664/5428/5427 4663/5429/5428 2994/5426/5425
f 2994/5426/5425 4663/5429/5428 5515/5368/5367 4645/5367/5366
f 2989/5424/5423 2990/5427/5426 2995/5430/5429 2991/5431/5430
f 2991/5431/5430 2995/5430/5429 4672/5432/5431 4673/5433/5432
f 2990/5427/5426 4646/5366/5365 4647/5382/5381 2995/5430/5429
f 2995/5430/5429 4647/5382/5381 5516/5384/5383 4672/5432/5431
f 2989/5424/5423 2991/5431/5430 2996/5434/5433 2992/5435/5434
f 2992/5435/5434 2996/5434/5433 4671/5436/5435 4670/5437/5436
f 2991/5431/5430 4673/5433/5432 4674/5438/5437 2996/5434/5433
f 2996/5434/5433 4674/5438/5437 5520/5439/5438 4671/5436/5435
f 2989/5424/5423 2992/5435/5434 2997/5440/5439 2993/5425/5424
f 2993/5425/5424 2997/5440/5439 4665/5441/5440 4664/5428/5427
f 2992/5435/5434 4670/5437/5436 4669/5442/5441 2997/5440/5439
f 2997/5440/5439 4669/5442/5441 5517/5443/5442 4665/5441/5440
f 2998/5444/5443 3002/5445/5444 3003/5446/5445 2999/5447/5446
f 2999/5447/5446 3003/5446/5445 4669/5442/5441 4670/5437/5436
f 3002/5445/5444 4667/5448/5447 4666/5449/5448 3003/5446/5445
f 3003/5446/5445 4666/5449/5448 5517/5443/5442 4669/5442/5441
f 2998/5444/5443 2999/5447/5446 3004/5450/5449 3000/5451/5450
f 3000/5451/5450 3004/5450/5449 4678/5452/5451 4679/5453/5452
f 2999/5447/5446 4670/5437/5436 4671/5436/5435 3004/5450/5449
f 3004/5450/5449 4671/5436/5435 5520/5439/5438 4678/5452/5451
f 2998/5444/5443 3000/5451/5450 3005/5454/5453 3001/5455/5454
f 3001/5455/5454 3005/5454/5453 5320/5295/5294 5321/5290/5289
f 3000/5451/5450 4679/5453/5452 4680/5456/5455 3005/5454/5453
f 3005/5454/5453 4680/5456/5455 5670/5296/5295 5320/5295/5294
f 2998/5444/5443 3001/5455/5454 3006/5457/5456 3002/5445/5444
f 3002/5445/5444 3006/5457/5456 4668/5458/5457 4667/5448/5447
f 3001/5455/5454 5321/5290/5289 5322/5289/5288 3006/5457/5456
f 3006/5457/5456 5322/5289/5288 5671/5220/5219 4668/5458/5457
f 3007/5459/5458 3011/5460/5459 3012/5461/5460 3008/5462/5461
f 3008/5462/5461 3012/5461/5460 4648/5390/5389 4649/5389/5388
f 3011/5460/5459 4673/5433/5432 4672/5432/5431 3012/5461/5460
f 3012/5461/5460 4672/5432/5431 5516/5384/5383 4648/5390/5389
f 3007/5459/5458 3008/5462/5461 3013/5463/5462 3009/5464/5463
f 3009/5464/5463 3013/5463/5462 5239/4910/4909 5240/4905/4904
f 3008/5462/5461 4649/5389/5388 4650/5399/5398 3013/5463/5462
f 3013/5463/5462 4650/5399/5398 5650/4911/4910 5239/4910/4909
f 3007/5459/5458 3009/5464/5463 3014/5465/5464 3010/5466/5465
f 3010/5466/5465 3014/5465/5464 4677/5467/5466 4676/5468/5467
f 3009/5464/5463 5240/4905/4904 5241/4904/4903 3014/5465/5464
f 3014/5465/5464 5241/4904/4903 5651/4907/4906 4677/5467/5466
f 3007/5459/5458 3010/5466/5465 3015/5469/5468 3011/5460/5459
f 3011/5460/5459 3015/5469/5468 4674/5438/5437 4673/5433/5432
f 3010/5466/5465 4676/5468/5467 4675/5470/5469 3015/5469/5468
f 3015/5469/5468 4675/5470/5469 5520/5439/5438 4674/5438/5437
f 3016/5471/5470 3020/5472/5471 3021/5473/5472 3017/5474/5473
f 3017/5474/5473 3021/5473/5472 4675/5470/5469 4676/5468/5467
f 3020/5472/5471 4679/5453/5452 4678/5452/5451 3021/5473/5472
f 3021/5473/5472 4678/5452/5451 5520/5439/5438 4675/5470/5469
f 3016/5471/5470 3017/5474/5473 3022/5475/5474 3018/5476/5475
f 3018/5476/5475 3022/5475/5474 5242/4935/4934 5243/4933/4932
f 3017/5474/5473 4676/5468/5467 4677/5467/5466 3022/5475/5474
f 3022/5475/5474 4677/5467/5466 5651/4907/4906 5242/4935/4934
f 3016/5471/5470 3018/5476/5475 3023/5477/5476 3019/5478/5477
f 3019/5478/5477 3023/5477/5476 5317/5309/5308 5318/5306/5305
f 3018/5476/5475 5243/4933/4932 5244/4932/4931 3023/5477/5476
f 3023/5477/5476 5244/4932/4931 5697/4366/4365 5317/5309/5308
f 3016/5471/5470 3019/5478/5477 3024/5479/5478 3020/5472/5471
f 3020/5472/5471 3024/5479/5478 4680/5456/5455 4679/5453/5452
f 3019/5478/5477 5318/5306/5305 5319/5305/5304 3024/5479/5478
f 3024/5479/5478 5319/5305/5304 5670/5296/5295 4680/5456/5455
f 3025/5480/5479 3029/5481/5480 3030/5482/5481 3026/5483/5482
f 3026/5483/5482 3030/5482/5481 4663/5429/5428 4664/5428/5427
f 3029/5481/5480 4682/5365/5364 4681/5364/5363 3030/5482/5481
f 3030/5482/5481 4681/5364/5363 5515/5368/5367 4663/5429/5428
f 3025/5480/5479 3026/5483/5482 3031/5484/5483 3027/5485/5484
f 3027/5485/5484 3031/5484/5483 4690/5486/5485 4691/5487/5486
f 3026/5483/5482 4664/5428/5427 4665/5441/5440 3031/5484/5483
f 3031/5484/5483 4665/5441/5440 5517/5443/5442 4690/5486/5485
f 3025/5480/5479 3027/5485/5484 3032/5488/5487 3028/5489/5488
f 3028/5489/5488 3032/5488/5487 4689/5490/5489 4688/5491/5490
f 3027/5485/5484 4691/5487/5486 4692/5492/5491 3032/5488/5487
f 3032/5488/5487 4692/5492/5491 5521/5493/5492 4689/5490/5489
f 3025/5480/5479 3028/5489/5488 3033/5494/5493 3029/5481/5480
f 3029/5481/5480 3033/5494/5493 4683/5373/5372 4682/5365/5364
f 3028/5489/5488 4688/5491/5490 4687/5495/5494 3033/5494/5493
f 3033/5494/5493 4687/5495/5494 5518/5374/5373 4683/5373/5372
f 3034/5496/5495 3038/5497/5496 3039/5498/5497 3035/5499/5498
f 3035/5499/5498 3039/5498/5497 4687/5495/5494 4688/5491/5490
f 3038/5497/5496 4685/5405/5404 4684/5404/5403 3039/5498/5497
f 3039/5498/5497 4684/5404/5403 5518/5374/5373 4687/5495/5494
f 3034/5496/5495 3035/5499/5498 3040/5500/5499 3036/5501/5500
f 3036/5501/5500 3040/5500/5499 4696/5502/5501 4697/5503/5502
f 3035/5499/5498 4688/5491/5490 4689/5490/5489 3040/5500/5499
f 3040/5500/5499 4689/5490/5489 5521/5493/5492 4696/5502/5501
f 3034/5496/5495 3036/5501/5500 3041/5504/5503 3037/5505/5504
f 3037/5505/5504 3041/5504/5503 5049/3424/3423 5048/3419/3418
f 3036/5501/5500 4697/5503/5502 4698/5506/5505 3041/5504/5503
f 3041/5504/5503 4698/5506/5505 5603/3425/3424 5049/3424/3423
f 3034/5496/5495 3037/5505/5504 3042/5507/5506 3038/5497/5496
f 3038/5497/5496 3042/5507/5506 4686/5408/5407 4685/5405/5404
f 3037/5505/5504 5048/3419/3418 5047/3418/3417 3042/5507/5506
f 3042/5507/5506 5047/3418/3417 5602/3352/3351 4686/5408/5407
f 3043/5508/5507 3047/5509/5508 3048/5510/5509 3044/5511/5510
f 3044/5511/5510 3048/5510/5509 4666/5449/5448 4667/5448/5447
f 3047/5509/5508 4691/5487/5486 4690/5486/5485 3048/5510/5509
f 3048/5510/5509 4690/5486/5485 5517/5443/5442 4666/5449/5448
f 3043/5508/5507 3044/5511/5510 3049/5512/5511 3045/5513/5512
f 3045/5513/5512 3049/5512/5511 5323/5219/5218 5324/5214/5213
f 3044/5511/5510 4667/5448/5447 4668/5458/5457 3049/5512/5511
f 3049/5512/5511 4668/5458/5457 5671/5220/5219 5323/5219/5218
f 3043/5508/5507 3045/5513/5512 3050/5514/5513 3046/5515/5514
f 3046/5515/5514 3050/5514/5513 4695/5516/5515 4694/5517/5516
f 3045/5513/5512 5324/5214/5213 5325/5213/5212 3050/5514/5513
f 3050/5514/5513 5325/5213/5212 5672/5216/5215 4695/5516/5515
f 3043/5508/5507 3046/5515/5514 3051/5518/5517 3047/5509/5508
f 3047/5509/5508 3051/5518/5517 4692/5492/5491 4691/5487/5486
f 3046/5515/5514 4694/5517/5516 4693/5519/5518 3051/5518/5517
f 3051/5518/5517 4693/5519/5518 5521/5493/5492 4692/5492/5491
f 3052/5520/5519 3056/5521/5520 3057/5522/5521 3053/5523/5522
f 3053/5523/5522 3057/5522/5521 4693/5519/5518 4694/5517/5516
f 3056/5521/5520 4697/5503/5502 4696/5502/5501 3057/5522/5521
f 3057/5522/5521 4696/5502/5501 5521/5493/5492 4693/5519/5518
f 3052/5520/5519 3053/5523/5522 3058/5524/5523 3054/5525/5524
f 3054/5525/5524 3058/5524/5523 5326/5247/5246 5327/5245/5244
f 3053/5523/5522 4694/5517/5516 4695/5516/5515 3058/5524/5523
f 3058/5524/5523 4695/5516/5515 5672/5216/5215 5326/5247/5246
f 3052/5520/5519 3054/5525/5524 3059/5526/5525 3055/5527/5526
f 3055/5527/5526 3059/5526/5525 5052/3438/3437 5051/3435/3434
f 3054/5525/5524 5327/5245/5244 5328/5244/5243 3059/5526/5525
f 3059/5526/5525 5328/5244/5243 5689/3118/3117 5052/3438/3437
f 3052/5520/5519 3055/5527/5526 3060/5528/5527 3056/5521/5520
f 3056/5521/5520 3060/5528/5527 4698/5506/5505 4697/5503/5502
f 3055/5527/5526 5051/3435/3434 5050/3434/3433 3060/5528/5527
f 3060/5528/5527 5050/3434/3433 5603/3425/3424 4698/5506/5505
f 3061/5529/5528 3065/5530/5529 3066/5531/5530 3062/5532/5531
f 3062/5532/5531 3066/5531/5530 4735/5533/5532 4736/5534/5533
f 3065/5530/5529 4700/5535/5534 4699/5536/5535 3066/5531/5530
f 3066/5531/5530 4699/5536/5535 5522/5537/5536 4735/5533/5532
f 3061/5529/5528 3062/5532/5531 3067/5538/5537 3063/5539/5538
f 3063/5539/5538 3067/5538/5537 4708/5540/5539 4709/5541/5540
f 3062/5532/5531 4736/5534/5533 4737/5542/5541 3067/5538/5537
f 3067/5538/5537 4737/5542/5541 5525/5543/5542 4708/5540/5539
f 3061/5529/5528 3063/5539/5538 3068/5544/5543 3064/5545/5544
f 3064/5545/5544 3068/5544/5543 4707/5546/5545 4706/5547/5546
f 3063/5539/5538 4709/5541/5540 4710/5548/5547 3068/5544/5543
f 3068/5544/5543 4710/5548/5547 5526/5549/5548 4707/5546/5545
f 3061/5529/5528 3064/5545/5544 3069/5550/5549 3065/5530/5529
f 3065/5530/5529 3069/5550/5549 4701/5551/5550 4700/5535/5534
f 3064/5545/5544 4706/5547/5546 4705/5552/5551 3069/5550/5549
f 3069/5550/5549 4705/5552/5551 5523/5553/5552 4701/5551/5550
f 3070/5554/5553 3074/5555/5554 3075/5556/5555 3071/5557/5556
f 3071/5557/5556 3075/5556/5555 4705/5552/5551 4706/5547/5546
f 3074/5555/5554 4703/5558/5557 4702/5559/5558 3075/5556/5555
f 3075/5556/5555 4702/5559/5558 5523/5553/5552 4705/5552/5551
f 3070/5554/5553 3071/5557/5556 3076/5560/5559 3072/5561/5560
f 3072/5561/5560 3076/5560/5559 4714/5562/5561 4715/5563/5562
f 3071/5557/5556 4706/5547/5546 4707/5546/5545 3076/5560/5559
f 3076/5560/5559 4707/5546/5545 5526/5549/5548 4714/5562/5561
f 3070/5554/5553 3072/5561/5560 3077/5564/5563 3073/5565/5564
f 3073/5565/5564 3077/5564/5563 5308/5160/5159 5309/5155/5154
f 3072/5561/5560 4715/5563/5562 4716/5566/5565 3077/5564/5563
f 3077/5564/5563 4716/5566/5565 5667/5161/5160 5308/5160/5159
f 3070/5554/5553 3073/5565/5564 3078/5567/5566 3074/5555/5554
f 3074/5555/5554 3078/5567/5566 4704/5568/5567 4703/5558/5557
f 3073/5565/5564 5309/5155/5154 5310/5154/5153 3078/5567/5566
f 3078/5567/5566 5310/5154/5153 5668/5095/5094 4704/5568/5567
f 3079/5569/5568 3083/5570/5569 3084/5571/5570 3080/5572/5571
f 3080/5572/5571 3084/5571/5570 4738/5573/5572 4739/5574/5573
f 3083/5570/5569 4709/5541/5540 4708/5540/5539 3084/5571/5570
f 3084/5571/5570 4708/5540/5539 5525/5543/5542 4738/5573/5572
f 3079/5569/5568 3080/5572/5571 3085/5575/5574 3081/5576/5575
f 3081/5576/5575 3085/5575/5574 5082/3591/3590 5081/3586/3585
f 3080/5572/5571 4739/5574/5573 4740/5577/5576 3085/5575/5574
f 3085/5575/5574 4740/5577/5576 5611/3592/3591 5082/3591/3590
f 3079/5569/5568 3081/5576/5575 3086/5578/5577 3082/5579/5578
f 3082/5579/5578 3086/5578/5577 4713/5580/5579 4712/5581/5580
f 3081/5576/5575 5081/3586/3585 5080/3585/3584 3086/5578/5577
f 3086/5578/5577 5080/3585/3584 5610/3588/3587 4713/5580/5579
f 3079/5569/5568 3082/5579/5578 3087/5582/5581 3083/5570/5569
f 3083/5570/5569 3087/5582/5581 4710/5548/5547 4709/5541/5540
f 3082/5579/5578 4712/5581/5580 4711/5583/5582 3087/5582/5581
f 3087/5582/5581 4711/5583/5582 5526/5549/5548 4710/5548/5547
f 3088/5584/5583 3092/5585/5584 3093/5586/5585 3089/5587/5586
f 3089/5587/5586 3093/5586/5585 4711/5583/5582 4712/5581/5580
f 3092/5585/5584 4715/5563/5562 4714/5562/5561 3093/5586/5585
f 3093/5586/5585 4714/5562/5561 5526/5549/5548 4711/5583/5582
f 3088/5584/5583 3089/5587/5586 3094/5588/5587 3090/5589/5588
f 3090/5589/5588 3094/5588/5587 5079/3616/3615 5078/3614/3613
f 3089/5587/5586 4712/5581/5580 4713/5580/5579 3094/5588/5587
f 3094/5588/5587 4713/5580/5579 5610/3588/3587 5079/3616/3615
f 3088/5584/5583 3090/5589/5588 3095/5590/5589 3091/5591/5590
f 3091/5591/5590 3095/5590/5589 5305/5174/5173 5306/5171/5170
f 3090/5589/5588 5078/3614/3613 5077/3613/3612 3095/5590/5589
f 3095/5590/5589 5077/3613/3612 5693/2918/2917 5305/5174/5173
f 3088/5584/5583 3091/5591/5590 3096/5592/5591 3092/5585/5584
f 3092/5585/5584 3096/5592/5591 4716/5566/5565 4715/5563/5562
f 3091/5591/5590 5306/5171/5170 5307/5170/5169 3096/5592/5591
f 3096/5592/5591 5307/5170/5169 5667/5161/5160 4716/5566/5565
f 3097/5593/5592 3101/5594/5593 3102/5595/5594 3098/5596/5595
f 3098/5596/5595 3102/5595/5594 4699/5536/5535 4700/5535/5534
f 3101/5594/5593 4718/5597/5596 4717/5598/5597 3102/5595/5594
f 3102/5595/5594 4717/5598/5597 5522/5537/5536 4699/5536/5535
f 3097/5593/5592 3098/5596/5595 3103/5599/5598 3099/5600/5599
f 3099/5600/5599 3103/5599/5598 4726/5601/5600 4727/5602/5601
f 3098/5596/5595 4700/5535/5534 4701/5551/5550 3103/5599/5598
f 3103/5599/5598 4701/5551/5550 5523/5553/5552 4726/5601/5600
f 3097/5593/5592 3099/5600/5599 3104/5603/5602 3100/5604/5603
f 3100/5604/5603 3104/5603/5602 4725/5605/5604 4724/5606/5605
f 3099/5600/5599 4727/5602/5601 4728/5607/5606 3104/5603/5602
f 3104/5603/5602 4728/5607/5606 5527/5608/5607 4725/5605/5604
f 3097/5593/5592 3100/5604/5603 3105/5609/5608 3101/5594/5593
f 3101/5594/5593 3105/5609/5608 4719/5610/5609 4718/5597/5596
f 3100/5604/5603 4724/5606/5605 4723/5611/5610 3105/5609/5608
f 3105/5609/5608 4723/5611/5610 5524/5612/5611 4719/5610/5609
f 3106/5613/5612 3110/5614/5613 3111/5615/5614 3107/5616/5615
f 3107/5616/5615 3111/5615/5614 4723/5611/5610 4724/5606/5605
f 3110/5614/5613 4721/5617/5616 4720/5618/5617 3111/5615/5614
f 3111/5615/5614 4720/5618/5617 5524/5612/5611 4723/5611/5610
f 3106/5613/5612 3107/5616/5615 3112/5619/5618 3108/5620/5619
f 3108/5620/5619 3112/5619/5618 4732/5621/5620 4733/5622/5621
f 3107/5616/5615 4724/5606/5605 4725/5605/5604 3112/5619/5618
f 3112/5619/5618 4725/5605/5604 5527/5608/5607 4732/5621/5620
f 3106/5613/5612 3108/5620/5619 3113/5623/5622 3109/5624/5623
f 3109/5624/5623 3113/5623/5622 5284/4549/4548 5285/4544/4543
f 3108/5620/5619 4733/5622/5621 4734/5625/5624 3113/5623/5622
f 3113/5623/5622 4734/5625/5624 5661/4550/4549 5284/4549/4548
f 3106/5613/5612 3109/5624/5623 3114/5626/5625 3110/5614/5613
f 3110/5614/5613 3114/5626/5625 4722/5627/5626 4721/5617/5616
f 3109/5624/5623 5285/4544/4543 5286/4543/4542 3114/5626/5625
f 3114/5626/5625 5286/4543/4542 5662/4469/4468 4722/5627/5626
f 3115/5628/5627 3119/5629/5628 3120/5630/5629 3116/5631/5630
f 3116/5631/5630 3120/5630/5629 4702/5559/5558 4703/5558/5557
f 3119/5629/5628 4727/5602/5601 4726/5601/5600 3120/5630/5629
f 3120/5630/5629 4726/5601/5600 5523/5553/5552 4702/5559/5558
f 3115/5628/5627 3116/5631/5630 3121/5632/5631 3117/5633/5632
f 3117/5633/5632 3121/5632/5631 5311/5094/5093 5312/5089/5088
f 3116/5631/5630 4703/5558/5557 4704/5568/5567 3121/5632/5631
f 3121/5632/5631 4704/5568/5567 5668/5095/5094 5311/5094/5093
f 3115/5628/5627 3117/5633/5632 3122/5634/5633 3118/5635/5634
f 3118/5635/5634 3122/5634/5633 4731/5636/5635 4730/5637/5636
f 3117/5633/5632 5312/5089/5088 5313/5088/5087 3122/5634/5633
f 3122/5634/5633 5313/5088/5087 5669/5091/5090 4731/5636/5635
f 3115/5628/5627 3118/5635/5634 3123/5638/5637 3119/5629/5628
f 3119/5629/5628 3123/5638/5637 4728/5607/5606 4727/5602/5601
f 3118/5635/5634 4730/5637/5636 4729/5639/5638 3123/5638/5637
f 3123/5638/5637 4729/5639/5638 5527/5608/5607 4728/5607/5606
f 3124/5640/5639 3128/5641/5640 3129/5642/5641 3125/5643/5642
f 3125/5643/5642 3129/5642/5641 4729/5639/5638 4730/5637/5636
f 3128/5641/5640 4733/5622/5621 4732/5621/5620 3129/5642/5641
f 3129/5642/5641 4732/5621/5620 5527/5608/5607 4729/5639/5638
f 3124/5640/5639 3125/5643/5642 3130/5644/5643 3126/5645/5644
f 3126/5645/5644 3130/5644/5643 5314/5119/5118 5315/5117/5116
f 3125/5643/5642 4730/5637/5636 4731/5636/5635 3130/5644/5643
f 3130/5644/5643 4731/5636/5635 5669/5091/5090 5314/5119/5118
f 3124/5640/5639 3126/5645/5644 3131/5646/5645 3127/5647/5646
f 3127/5647/5646 3131/5646/5645 5281/4565/4564 5282/4560/4559
f 3126/5645/5644 5315/5117/5116 5316/5116/5115 3131/5646/5645
f 3131/5646/5645 5316/5116/5115 5697/4366/4365 5281/4565/4564
f 3124/5640/5639 3127/5647/5646 3132/5648/5647 3128/5641/5640
f 3128/5641/5640 3132/5648/5647 4734/5625/5624 4733/5622/5621
f 3127/5647/5646 5282/4560/4559 5283/4559/4558 3132/5648/5647
f 3132/5648/5647 5283/4559/4558 5661/4550/4549 4734/5625/5624
f 3133/5649/5648 3137/5650/5649 3138/5651/5650 3134/5652/5651
f 3134/5652/5651 3138/5651/5650 4717/5598/5597 4718/5597/5596
f 3137/5650/5649 4736/5534/5533 4735/5533/5532 3138/5651/5650
f 3138/5651/5650 4735/5533/5532 5522/5537/5536 4717/5598/5597
f 3133/5649/5648 3134/5652/5651 3139/5653/5652 3135/5654/5653
f 3135/5654/5653 3139/5653/5652 4744/5655/5654 4745/5656/5655
f 3134/5652/5651 4718/5597/5596 4719/5610/5609 3139/5653/5652
f 3139/5653/5652 4719/5610/5609 5524/5612/5611 4744/5655/5654
f 3133/5649/5648 3135/5654/5653 3140/5657/5656 3136/5658/5657
f 3136/5658/5657 3140/5657/5656 4743/5659/5658 4742/5660/5659
f 3135/5654/5653 4745/5656/5655 4746/5661/5660 3140/5657/5656
f 3140/5657/5656 4746/5661/5660 5528/5662/5661 4743/5659/5658
f 3133/5649/5648 3136/5658/5657 3141/5663/5662 3137/5650/5649
f 3137/5650/5649 3141/5663/5662 4737/5542/5541 4736/5534/5533
f 3136/5658/5657 4742/5660/5659 4741/5664/5663 3141/5663/5662
f 3141/5663/5662 4741/5664/5663 5525/5543/5542 4737/5542/5541
f 3142/5665/5664 3146/5666/5665 3147/5667/5666 3143/5668/5667
f 3143/5668/5667 3147/5667/5666 4741/5664/5663 4742/5660/5659
f 3146/5666/5665 4739/5574/5573 4738/5573/5572 3147/5667/5666
f 3147/5667/5666 4738/5573/5572 5525/5543/5542 4741/5664/5663
f 3142/5665/5664 3143/5668/5667 3148/5669/5668 3144/5670/5669
f 3144/5670/5669 3148/5669/5668 4750/5671/5670 4751/5672/5671
f 3143/5668/5667 4742/5660/5659 4743/5659/5658 3148/5669/5668
f 3148/5669/5668 4743/5659/5658 5528/5662/5661 4750/5671/5670
f 3142/5665/5664 3144/5670/5669 3149/5673/5672 3145/5674/5673
f 3145/5674/5673 3149/5673/5672 5085/3669/3668 5084/3664/3663
f 3144/5670/5669 4751/5672/5671 4752/5675/5674 3149/5673/5672
f 3149/5673/5672 4752/5675/5674 5612/3670/3669 5085/3669/3668
f 3142/5665/5664 3145/5674/5673 3150/5676/5675 3146/5666/5665
f 3146/5666/5665 3150/5676/5675 4740/5577/5576 4739/5574/5573
f 3145/5674/5673 5084/3664/3663 5083/3663/3662 3150/5676/5675
f 3150/5676/5675 5083/3663/3662 5611/3592/3591 4740/5577/5576
f 3151/5677/5676 3155/5678/5677 3156/5679/5678 3152/5680/5679
f 3152/5680/5679 3156/5679/5678 4720/5618/5617 4721/5617/5616
f 3155/5678/5677 4745/5656/5655 4744/5655/5654 3156/5679/5678
f 3156/5679/5678 4744/5655/5654 5524/5612/5611 4720/5618/5617
f 3151/5677/5676 3152/5680/5679 3157/5681/5680 3153/5682/5681
f 3153/5682/5681 3157/5681/5680 5287/4468/4467 5288/4463/4462
f 3152/5680/5679 4721/5617/5616 4722/5627/5626 3157/5681/5680
f 3157/5681/5680 4722/5627/5626 5662/4469/4468 5287/4468/4467
f 3151/5677/5676 3153/5682/5681 3158/5683/5682 3154/5684/5683
f 3154/5684/5683 3158/5683/5682 4749/5685/5684 4748/5686/5685
f 3153/5682/5681 5288/4463/4462 5289/4462/4461 3158/5683/5682
f 3158/5683/5682 5289/4462/4461 5663/4465/4464 4749/5685/5684
f 3151/5677/5676 3154/5684/5683 3159/5687/5686 3155/5678/5677
f 3155/5678/5677 3159/5687/5686 4746/5661/5660 4745/5656/5655
f 3154/5684/5683 4748/5686/5685 4747/5688/5687 3159/5687/5686
f 3159/5687/5686 4747/5688/5687 5528/5662/5661 4746/5661/5660
f 3160/5689/5688 3164/5690/5689 3165/5691/5690 3161/5692/5691
f 3161/5692/5691 3165/5691/5690 4747/5688/5687 4748/5686/5685
f 3164/5690/5689 4751/5672/5671 4750/5671/5670 3165/5691/5690
f 3165/5691/5690 4750/5671/5670 5528/5662/5661 4747/5688/5687
f 3160/5689/5688 3161/5692/5691 3166/5693/5692 3162/5694/5693
f 3162/5694/5693 3166/5693/5692 5290/4496/4495 5291/4494/4493
f 3161/5692/5691 4748/5686/5685 4749/5685/5684 3166/5693/5692
f 3166/5693/5692 4749/5685/5684 5663/4465/4464 5290/4496/4495
f 3160/5689/5688 3162/5694/5693 3167/5695/5694 3163/5696/5695
f 3163/5696/5695 3167/5695/5694 5088/3685/3684 5087/3680/3679
f 3162/5694/5693 5291/4494/4493 5292/4493/4492 3167/5695/5694
f 3167/5695/5694 5292/4493/4492 5692/3686/3685 5088/3685/3684
f 3160/5689/5688 3163/5696/5695 3168/5697/5696 3164/5690/5689
f 3164/5690/5689 3168/5697/5696 4752/5675/5674 4751/5672/5671
f 3163/5696/5695 5087/3680/3679 5086/3679/3678 3168/5697/5696
f 3168/5697/5696 5086/3679/3678 5612/3670/3669 4752/5675/5674
